{
  "generated": "2026-04-22",
  "purpose": "Tier-1 Gap 2 extension: Phase 1.5 re-run with T dimension activated",
  "stagger_cv": 0.5,
  "n_samples_per_regime": 1000,
  "per_regime": {
    "E1_c2": {
      "n": 1000,
      "T_stats": {
        "mean": 0.48080353200005993,
        "std": 0.09736800708561845,
        "p25": 0.4243159837669437,
        "p75": 0.5459722433808742
      },
      "R2": 0.8428927688353778,
      "coefficients": {
        "intercept": {
          "estimate": 4.302702055028478,
          "ci_lo": -16.386276449839386,
          "ci_hi": 26.024276040449585,
          "sign_stability": 0.68
        },
        "size": {
          "estimate": 22.300732473354813,
          "ci_lo": 16.341562288736434,
          "ci_hi": 27.077496589157754,
          "sign_stability": 1.0
        },
        "cross_floor": {
          "estimate": 18.35913596432097,
          "ci_lo": 12.773164796677703,
          "ci_hi": 23.841132831794752,
          "sign_stability": 1.0
        },
        "floor_distance": {
          "estimate": 0.23744184230601206,
          "ci_lo": -0.6722829009576082,
          "ci_hi": 1.050260919083228,
          "sign_stability": 0.688
        },
        "C": {
          "estimate": -6.453272930007091,
          "ci_lo": -21.762718142538365,
          "ci_hi": 8.415853626339382,
          "sign_stability": 0.812
        },
        "I": {
          "estimate": -2.88683394322189,
          "ci_lo": -8.824603710999424,
          "ci_hi": 3.1917389242450587,
          "sign_stability": 0.832
        },
        "T": {
          "estimate": 1.2088550639042763,
          "ci_lo": -17.790964531774044,
          "ci_hi": 20.02172993636742,
          "sign_stability": 0.528
        }
      }
    },
    "E2_c2": {
      "n": 1000,
      "T_stats": {
        "mean": 0.48523253434817587,
        "std": 0.09830634505779554,
        "p25": 0.42770219805071824,
        "p75": 0.5471284653737553
      },
      "R2": 0.6902235202492817,
      "coefficients": {
        "intercept": {
          "estimate": 18.907864895679232,
          "ci_lo": 0.9379162393024513,
          "ci_hi": 36.509639366950005,
          "sign_stability": 0.982
        },
        "size": {
          "estimate": 6.678840579297811,
          "ci_lo": 1.4708567118861255,
          "ci_hi": 11.602728249333289,
          "sign_stability": 0.988
        },
        "cross_floor": {
          "estimate": 16.570383624508267,
          "ci_lo": 11.498448501683688,
          "ci_hi": 21.843958578591486,
          "sign_stability": 1.0
        },
        "floor_distance": {
          "estimate": 0.3021298303281821,
          "ci_lo": -0.4561129303901341,
          "ci_hi": 1.003972822106415,
          "sign_stability": 0.748
        },
        "C": {
          "estimate": 4.961950800222881,
          "ci_lo": -9.105495353882164,
          "ci_hi": 18.553281005786864,
          "sign_stability": 0.746
        },
        "I": {
          "estimate": -12.588053452055034,
          "ci_lo": -19.09207488702912,
          "ci_hi": -6.327821822115644,
          "sign_stability": 1.0
        },
        "T": {
          "estimate": -1.5781014507481887,
          "ci_lo": -17.352216855624377,
          "ci_hi": 17.00629606888488,
          "sign_stability": 0.548
        }
      }
    },
    "E3_c2": {
      "n": 1000,
      "T_stats": {
        "mean": 0.48096021467972333,
        "std": 0.09774867195152308,
        "p25": 0.41711897050196234,
        "p75": 0.5461501499380282
      },
      "R2": 0.6346002021376796,
      "coefficients": {
        "intercept": {
          "estimate": 19.42969540597577,
          "ci_lo": 5.727297057151439,
          "ci_hi": 34.49615799475207,
          "sign_stability": 0.998
        },
        "size": {
          "estimate": 3.035297117383342,
          "ci_lo": -0.45506078248956305,
          "ci_hi": 6.745806323316968,
          "sign_stability": 0.946
        },
        "cross_floor": {
          "estimate": 12.874338495219561,
          "ci_lo": 8.759321244831794,
          "ci_hi": 16.60771078009199,
          "sign_stability": 1.0
        },
        "floor_distance": {
          "estimate": 0.1495595265909806,
          "ci_lo": -0.5233335921431492,
          "ci_hi": 0.7709404702468465,
          "sign_stability": 0.672
        },
        "C": {
          "estimate": 4.518803021420943,
          "ci_lo": -6.50983190411148,
          "ci_hi": 15.004860235120873,
          "sign_stability": 0.774
        },
        "I": {
          "estimate": -13.947357545529549,
          "ci_lo": -19.3710281029626,
          "ci_hi": -9.064523714288892,
          "sign_stability": 1.0
        },
        "T": {
          "estimate": 11.877123477075198,
          "ci_lo": -1.3666418610362052,
          "ci_hi": 25.01943254618091,
          "sign_stability": 0.956
        }
      }
    }
  },
  "summary": {
    "n_regimes_beta_T_significant": 0,
    "verdict": "T STILL WEAK \u2014 non-zero by construction but not significant at CV = 0.5; scope restriction remains"
  }
}