{
  "physical_units_betas": {
    "E1_c1": {
      "size": {
        "mean": 36.74648995068608,
        "ci_low": 34.777550364353566,
        "ci_high": 38.59084245837994
      },
      "floor_distance": {
        "mean": 3.0282489358621447,
        "ci_low": 2.3634330886733927,
        "ci_high": 3.6898437179096564
      },
      "C": {
        "mean": -22.913476324028817,
        "ci_low": -35.83759467927713,
        "ci_high": -10.082567849711744
      },
      "I": {
        "mean": -2.9800304165760925,
        "ci_low": -7.606697549250921,
        "ci_high": 1.9928204677590693
      }
    },
    "E2_c1": {
      "size": {
        "mean": 26.15937723595849,
        "ci_low": 24.097914175943185,
        "ci_high": 28.194386220735545
      },
      "floor_distance": {
        "mean": 1.1360201479404488,
        "ci_low": 0.47282307928702844,
        "ci_high": 1.8736910032408218
      },
      "C": {
        "mean": -23.077933038000193,
        "ci_low": -35.46584520406412,
        "ci_high": -10.086228979663414
      },
      "I": {
        "mean": -11.829214675289256,
        "ci_low": -18.46442636507168,
        "ci_high": -5.995846782870938
      }
    },
    "E3_c1": {
      "size": {
        "mean": 18.266369798882813,
        "ci_low": 16.53157302284876,
        "ci_high": 20.057083253302093
      },
      "floor_distance": {
        "mean": 1.095622821642783,
        "ci_low": 0.5183601229481871,
        "ci_high": 1.661906912051994
      },
      "C": {
        "mean": -9.832512974501297,
        "ci_low": -22.211549490781067,
        "ci_high": 1.0713958951612192
      },
      "I": {
        "mean": -13.069726081057604,
        "ci_low": -18.01075993101405,
        "ci_high": -8.066705750165935
      }
    },
    "E1_c2": {
      "size": {
        "mean": 26.298689840917724,
        "ci_low": 24.26264219961387,
        "ci_high": 28.330115585172084
      },
      "floor_distance": {
        "mean": 1.096652788566572,
        "ci_low": 0.4193339637231425,
        "ci_high": 1.7785874020929942
      },
      "C": {
        "mean": -24.104650388656474,
        "ci_low": -38.793049473093475,
        "ci_high": -10.936977491677565
      },
      "I": {
        "mean": -12.045568459397659,
        "ci_low": -18.190067995359076,
        "ci_high": -5.233105416057933
      }
    },
    "E2_c2": {
      "size": {
        "mean": 14.747848782569504,
        "ci_low": 13.440071567825493,
        "ci_high": 16.11281527095831
      },
      "floor_distance": {
        "mean": 0.5335519843390935,
        "ci_low": 0.0715252520434399,
        "ci_high": 1.0302538367240524
      },
      "C": {
        "mean": -6.1694779327355045,
        "ci_low": -15.198907179793627,
        "ci_high": 2.65601071555203
      },
      "I": {
        "mean": -11.982967781321516,
        "ci_low": -16.71239690262404,
        "ci_high": -7.7225065388410625
      }
    },
    "E3_c2": {
      "size": {
        "mean": 9.20624718377376,
        "ci_low": 8.204096360739685,
        "ci_high": 10.381083638903112
      },
      "floor_distance": {
        "mean": 0.45735853792105347,
        "ci_low": 0.09743118420442996,
        "ci_high": 0.8106096904434851
      },
      "C": {
        "mean": -7.545794647932962,
        "ci_low": -15.187686567881544,
        "ci_high": -1.0291362510487014
      },
      "I": {
        "mean": -9.16993744334873,
        "ci_low": -12.6823905565459,
        "ci_high": -5.799847923094837
      }
    }
  },
  "preregistered_tier1_prediction": {
    "rule": "|b(C)|/|b(size)| &gt;= 0.30 in &gt;= 4 of 6 regimes",
    "per_regime": [
      {
        "regime": "E1_c1",
        "ratio": 0.6235555111462014,
        "passes": true
      },
      {
        "regime": "E2_c1",
        "ratio": 0.8822049863739658,
        "passes": true
      },
      {
        "regime": "E3_c1",
        "ratio": 0.538285005874712,
        "passes": true
      },
      {
        "regime": "E1_c2",
        "ratio": 0.9165722906527618,
        "passes": true
      },
      {
        "regime": "E2_c2",
        "ratio": 0.41833070190055216,
        "passes": true
      },
      {
        "regime": "E3_c2",
        "ratio": 0.8196385016940033,
        "passes": true
      }
    ],
    "n_passing": 6,
    "verdict": "HELD"
  },
  "r2_increment_bootstrap_ci": {
    "E1_c1": {
      "mean": 0.001053452172279331,
      "ci_low": -0.00032536790009950466,
      "ci_high": 0.0027348454323806322
    },
    "E2_c1": {
      "mean": 0.004938350833344873,
      "ci_low": 0.0010444770393493094,
      "ci_high": 0.011071428521937111
    },
    "E3_c1": {
      "mean": 0.0068627050711130315,
      "ci_low": 0.0015903971580967236,
      "ci_high": 0.013225367019794832
    },
    "E1_c2": {
      "mean": 0.005307254872182029,
      "ci_low": 0.0007278981845596528,
      "ci_high": 0.012686828725007166
    },
    "E2_c2": {
      "mean": 0.008688437712049859,
      "ci_low": 0.0022884304791762765,
      "ci_high": 0.017145552958661638
    },
    "E3_c2": {
      "mean": 0.01184479758440823,
      "ci_low": 0.002703072386859409,
      "ci_high": 0.023830128254016324
    }
  },
  "controlled_subsample_fits": {
    "E1_c1": {
      "size_3_4": {
        "n": 337,
        "coefs": {
          "floor_distance": 7.211901308538858,
          "C": 11.47960388091808,
          "I": -8.165307809126784
        },
        "r2_in_sample": 0.37855157199594824
      },
      "size_5_6": {
        "n": 349,
        "coefs": {
          "floor_distance": 6.652920646171038,
          "C": 15.10475785744608,
          "I": -5.639019032622861
        },
        "r2_in_sample": 0.27833629369182555
      },
      "size_7_8": {
        "n": 314,
        "coefs": {
          "floor_distance": 5.006066202852258,
          "C": -5.7012339558021115,
          "I": -8.191429280787121
        },
        "r2_in_sample": 0.15963985098199907
      }
    },
    "E2_c1": {
      "size_3_4": {
        "n": 337,
        "coefs": {
          "floor_distance": 3.893100255640641,
          "C": -1.158083079459578,
          "I": -6.855450929623544
        },
        "r2_in_sample": 0.14677061218445298
      },
      "size_5_6": {
        "n": 349,
        "coefs": {
          "floor_distance": 3.777189601859914,
          "C": 2.2043873112268826,
          "I": -20.18599660247582
        },
        "r2_in_sample": 0.13784751752233548
      },
      "size_7_8": {
        "n": 314,
        "coefs": {
          "floor_distance": 2.3847550654023446,
          "C": -9.900266434033307,
          "I": -28.45180926498926
        },
        "r2_in_sample": 0.07455462359434617
      }
    },
    "E3_c1": {
      "size_3_4": {
        "n": 337,
        "coefs": {
          "floor_distance": 2.857679362576571,
          "C": 9.632235955052064,
          "I": -8.879727673150153
        },
        "r2_in_sample": 0.14940419362417912
      },
      "size_5_6": {
        "n": 349,
        "coefs": {
          "floor_distance": 2.7017154045798737,
          "C": 5.250759986577805,
          "I": -20.41422514322793
        },
        "r2_in_sample": 0.13567490520235814
      },
      "size_7_8": {
        "n": 314,
        "coefs": {
          "floor_distance": 2.162394852657184,
          "C": -14.391738504129918,
          "I": -23.564753494159405
        },
        "r2_in_sample": 0.09654675873896035
      }
    },
    "E1_c2": {
      "size_3_4": {
        "n": 337,
        "coefs": {
          "floor_distance": 3.893100255640641,
          "C": -1.158083079459578,
          "I": -6.855450929623544
        },
        "r2_in_sample": 0.14677061218445298
      },
      "size_5_6": {
        "n": 349,
        "coefs": {
          "floor_distance": 3.777189601859914,
          "C": 2.2043873112268826,
          "I": -20.18599660247582
        },
        "r2_in_sample": 0.13784751752233548
      },
      "size_7_8": {
        "n": 314,
        "coefs": {
          "floor_distance": 2.3847550654023446,
          "C": -9.900266434033307,