{
  "generated": "2026-04-22",
  "n_per_cell": 500,
  "per_cell": {
    "E1_c2|abstraction": {
      "UB_2x2_per_size": [
        0.0743801652892562,
        0.09497206703910614,
        0.1206896551724138
      ],
      "UB_3x3_per_size": [
        0.15702479338842976,
        0.1452513966480447,
        0.09698275862068965
      ],
      "UB_octant_per_size": [
        0.0743801652892562,
        0.09497206703910614,
        0.1206896551724138
      ],
      "n_bins_2x2_per_size": [
        4,
        4,
        4
      ],
      "n_bins_3x3_per_size": [
        9,
        9,
        9
      ],
      "n_bins_octant_per_size": [
        4,
        4,
        4
      ],
      "UB_2x2_mean": 0.09668062916692538,
      "UB_3x3_mean": 0.1330863162190547,
      "UB_octant_mean": 0.09668062916692538,
      "monotone_refinement": false
    },
    "E1_c2|batched": {
      "UB_2x2_per_size": [
        0.03164556962025317,
        0.08085106382978724,
        0.031545741324921134
      ],
      "UB_3x3_per_size": [
        0.10759493670886076,
        0.07234042553191489,
        0.06782334384858044
      ],
      "UB_octant_per_size": [
        0.03164556962025317,
        0.08085106382978724,
        0.031545741324921134
      ],
      "n_bins_2x2_per_size": [
        4,
        4,
        4
      ],
      "n_bins_3x3_per_size": [
        9,
        9,
        9
      ],
      "n_bins_octant_per_size": [
        4,
        4,
        4
      ],
      "UB_2x2_mean": 0.04801412492498718,
      "UB_3x3_mean": 0.0825862353631187,
      "UB_octant_mean": 0.04801412492498718,
      "monotone_refinement": false
    },
    "E2_c2|abstraction": {
      "UB_2x2_per_size": [
        0.08974358974358974,
        0.13513513513513514,
        0.10714285714285714
      ],
      "UB_3x3_per_size": [
        0.28205128205128205,
        0.21621621621621623,
        0.10714285714285714
      ],
      "UB_octant_per_size": [
        0.08974358974358974,
        0.13513513513513514,
        0.10714285714285714
      ],
      "n_bins_2x2_per_size": [
        4,
        4,
        4
      ],
      "n_bins_3x3_per_size": [
        9,
        9,
        9
      ],
      "n_bins_octant_per_size": [
        4,
        4,
        4
      ],
      "UB_2x2_mean": 0.11067386067386069,
      "UB_3x3_mean": 0.2018034518034518,
      "UB_octant_mean": 0.11067386067386069,
      "monotone_refinement": false
    },
    "E2_c2|batched": {
      "UB_2x2_per_size": [
        0.04954954954954955,
        0.13522012578616352,
        0.06097560975609756
      ],
      "UB_3x3_per_size": [
        0.26126126126126126,
        0.1540880503144654,
        0.11707317073170732
      ],
      "UB_octant_per_size": [
        0.04954954954954955,
        0.13522012578616352,
        0.06097560975609756
      ],
      "n_bins_2x2_per_size": [
        4,
        4,
        4
      ],
      "n_bins_3x3_per_size": [
        9,
        9,
        9
      ],
      "n_bins_octant_per_size": [
        4,
        4,
        4
      ],
      "UB_2x2_mean": 0.08191509503060354,
      "UB_3x3_mean": 0.17747416076914466,
      "UB_octant_mean": 0.08191509503060354,
      "monotone_refinement": false
    },
    "E3_c2|abstraction": {
      "UB_2x2_per_size": [
        0.15873015873015872,
        0.12195121951219512,
        0.1318181818181818
      ],
      "UB_3x3_per_size": [
        0.23809523809523808,
        0.24390243902439024,
        0.16363636363636364
      ],
      "UB_octant_per_size": [
        0.15873015873015872,
        0.12195121951219512,
        0.1318181818181818
      ],
      "n_bins_2x2_per_size": [
        4,
        4,
        4
      ],
      "n_bins_3x3_per_size": [
        9,
        9,
        9
      ],
      "n_bins_octant_per_size": [
        4,
        4,
        4
      ],
      "UB_2x2_mean": 0.1374998533535119,
      "UB_3x3_mean": 0.21521134691866398,
      "UB_octant_mean": 0.1374998533535119,
      "monotone_refinement": false
    },
    "E3_c2|batched": {
      "UB_2x2_per_size": [
        0.10465116279069768,
        0.08620689655172414,
        0.15
      ],
      "UB_3x3_per_size": [
        0.3313953488372093,
        0.12931034482758622,
        0.15
      ],
      "UB_octant_per_size": [
        0.10465116279069768,
        0.08620689655172414,
        0.15
      ],
      "n_bins_2x2_per_size": [
        4,
        4,
        4
      ],
      "n_bins_3x3_per_size": [
        9,
        9,
        9
      ],
      "n_bins_octant_per_size": [
        4,
        4,
        4
      ],
      "UB_2x2_mean": 0.11361935311414062,
      "UB_3x3_mean": 0.20356856455493186,
      "UB_octant_mean": 0.11361935311414062,
      "monotone_refinement": false
    }
  },
  "summary": {
    "n_cells_monotone": 0,
    "G1_verdict": "FAIL",
    "top3_intersection": 3,
    "G2_verdict": "PASS",
    "spearman_2x2_3x3": 0.942857142857143,
    "spearman_2x2_octant": 1.0,
    "spearman_3x3_octant": 0.942857142857143,
    "overall_R2_verdict": "PASS-with-caveats"
  }
}