{
  "by_cell": {
    "N3_F3": {
      "n_amrs": 3,
      "n_floors": 3,
      "n_over_f": 1.0,
      "betas": {
        "size": 6.322251815228742,
        "floor_distance": 4.139542640089219,
        "C": 3.573865816885005,
        "I": 5.4825845749499615
      },
      "r2_in_sample": 0.7585600708552873,
      "makespan_mean": 67.503,
      "makespan_std": 21.30036846387162
    },
    "N3_F5": {
      "n_amrs": 3,
      "n_floors": 5,
      "n_over_f": 0.6,
      "betas": {
        "size": 7.979210905783998,
        "floor_distance": 3.592027846298638,
        "C": 18.702003481373076,
        "I": -2.5888157456681666
      },
      "r2_in_sample": 0.7283599676394192,
      "makespan_mean": 94.404,
      "makespan_std": 31.45393670328301
    },
    "N3_F7": {
      "n_amrs": 3,
      "n_floors": 7,
      "n_over_f": 0.42857142857142855,
      "betas": {
        "size": 11.18264392451214,
        "floor_distance": 3.2813556290957706,
        "C": 7.546796061748664,
        "I": 6.065122288937031
      },
      "r2_in_sample": 0.7079852589916383,
      "makespan_mean": 134.338,
      "makespan_std": 41.7881323344799
    },
    "N3_F10": {
      "n_amrs": 3,
      "n_floors": 10,
      "n_over_f": 0.3,
      "betas": {
        "size": 17.383455332423477,
        "floor_distance": 1.9900954129697572,
        "C": 6.097863908030605,
        "I": -18.41320085344761
      },
      "r2_in_sample": 0.6559710038080638,
      "makespan_mean": 173.836,
      "makespan_std": 58.4557797158004
    },
    "N5_F3": {
      "n_amrs": 5,
      "n_floors": 3,
      "n_over_f": 1.6666666666666667,
      "betas": {
        "size": 2.561863322687531,
        "floor_distance": 4.771481087263762,
        "C": 11.576068605949446,
        "I": -0.19386874462646747
      },
      "r2_in_sample": 0.7074643853679297,
      "makespan_mean": 51.237,
      "makespan_std": 15.168286254811646
    },
    "N5_F5": {
      "n_amrs": 5,
      "n_floors": 5,
      "n_over_f": 1.0,
      "betas": {
        "size": 7.4326526557031425,
        "floor_distance": 2.1992325795808165,
        "C": 14.40132327873144,
        "I": -13.626799941818739
      },
      "r2_in_sample": 0.6896992132727138,
      "makespan_mean": 77.433,
      "makespan_std": 26.086893970671117
    },
    "N5_F7": {
      "n_amrs": 5,
      "n_floors": 7,
      "n_over_f": 0.7142857142857143,
      "betas": {
        "size": 11.365772256112873,
        "floor_distance": 2.943442237499388,
        "C": 19.52263551033357,
        "I": 13.469624348248805
      },
      "r2_in_sample": 0.6782437498793245,
      "makespan_mean": 137.788,
      "makespan_std": 42.147116573206226
    },
    "N5_F10": {
      "n_amrs": 5,
      "n_floors": 10,
      "n_over_f": 0.5,
      "betas": {
        "size": 16.627011355043734,
        "floor_distance": 2.034097205153515,
        "C": 2.2943611833885686,
        "I": -39.97260027624041
      },
      "r2_in_sample": 0.6496019152571217,
      "makespan_mean": 170.115,
      "makespan_std": 58.91059525444666
    },
    "N10_F3": {
      "n_amrs": 10,
      "n_floors": 3,
      "n_over_f": 3.3333333333333335,
      "betas": {
        "size": 5.061932270814342,
        "floor_distance": 5.121337790648051,
        "C": -8.179262684036088,
        "I": 5.645617510178715
      },
      "r2_in_sample": 0.8105261456512041,
      "makespan_mean": 68.083,
      "makespan_std": 19.49035620467171
    },
    "N10_F5": {
      "n_amrs": 10,
      "n_floors": 5,
      "n_over_f": 2.0,
      "betas": {
        "size": 9.068328469405056,
        "floor_distance": 3.1263202816001794,
        "C": -3.5407113660922134,
        "I": -11.403437500198402
      },
      "r2_in_sample": 0.7418331063853609,
      "makespan_mean": 101.997,
      "makespan_std": 32.48128730553986
    },
    "N10_F7": {
      "n_amrs": 10,
      "n_floors": 7,
      "n_over_f": 1.4285714285714286,
      "betas": {
        "size": 14.077144281536647,
        "floor_distance": 3.3945980872551065,
        "C": -8.954713251987602,
        "I": 5.074162886049473
      },
      "r2_in_sample": 0.7885813590960243,
      "makespan_mean": 142.69,
      "makespan_std": 43.3916897428383
    },
    "N10_F10": {
      "n_amrs": 10,
      "n_floors": 10,
      "n_over_f": 1.0,
      "betas": {
        "size": 20.90914489853778,
        "floor_distance": 1.9210247553291904,
        "C": 18.002990373444682,
        "I": -9.984541009837436
      },
      "r2_in_sample": 0.7228840275939481,
      "makespan_mean": 173.122,
      "makespan_std": 61.019640383343074
    },
    "N15_F3": {
      "n_amrs": 15,
      "n_floors": 3,
      "n_over_f": 5.0,
      "betas": {
        "size": 6.139135765795342,
        "floor_distance": 1.8094659052439015,
        "C": 1.9280386860165284,
        "I": -0.1451477169748846
      },
      "r2_in_sample": 0.6484664009533958,
      "makespan_mean": 61.609,
      "makespan_std": 18.386031794956878
    },
    "N15_F5": {
      "n_amrs": 15,
      "n_floors": 5,
      "n_over_f": 3.0,
      "betas": {
        "size": 11.680001541392413,
        "floor_distance": 3.2815284679660954,
        "C": -10.031759140848422,
        "I": 16.932729534330335
      },
      "r2_in_sample": 0.7595346782125827,
      "makespan_mean": 107.39,
      "makespan_std": 34.06664697965499
    },
    "N15_F7": {
      "n_amrs": 15,
      "n_floors": 7,
      "n_over_f": 2.142857142857143,
      "betas": {
        "size": 13.824692897767003,
        "floor_distance": 0.8599539676307861,
        "C": 24.01270088725566,
        "I": -21.230694509389117
      },
      "r2_in_sample": 0.6735789020358207,
      "makespan_mean": 115.31,
      "makespan_std": 39.37946981159907
    },
    "N15_F10": {
      "n_amrs": 15,
      "n_floors": 10,
      "n_over_f": 1.5,
      "betas": {
        "size": 16.70241689020351,
        "floor_distance": 3.551495151448083,
        "C": 20.667612609397867,
        "I": 20.997375087792715
      },
      "r2_in_sample": 0.7219597798187898,
      "makespan_mean": 194.035,
      "makespan_std": 66.26263284469998
    },
    "N20_F3": {
      "n_amrs": 20,
      "n_floors": 3,
      "n_over_f": 6.666666666666667,
      "betas": {
        "size": 5.177175772301038,
        "floor_distance": 2.037706026412411,
        "C": 14.79045855955085,
        "I": -6.632734533364456
      },
      "r2_in_sample": 0.6552536547993288,
      "makespan_mean": 57.051,
      "makespan_std": 16.434978171798935
    },
    "N20_F5": {
      "n_amrs": 20,
      "n_floors": 5,
      "n_over_f": 4.0,
      "betas": {
        "size": 7.793285109843714,
        "floor_distance": 3.9953397289530255,
        "C": 5.896075413235421,
        "I": 1.5469409406913486
      },
      "r2_in_sample": 0.7214301650175792,
      "makespan_mean": 79.001,
      "makespan_std": 25.852995501031916
    },
    "N20_F7": {
      "n_amrs": 20,
      "n_floors": 7,
      "n_over_f": 2.857142857142857,
      "betas": {
        "size": 10.101716380088472,
        "floor_distance": 3.714690533659032,
        "C": 10.437885881616845,
        "I": 9.14920347248318
      },
      "r2_in_sample": 0.7079657397517317,
      "makespan_mean": 127.467,
      "makespan_std": 41.71888512863661
    },
    "N20_F10": {
      "n_amrs": 20,
      "n_floors": 10,
      "n_over_f": 2.0,
      "betas": {
        "size": 17.40678004739158,
        "floor_distance": 4.0300756051899125,
        "C": -6.8833804180672296,
        "I": -15.868600590409438
      },
      "r2_in_sample": 0.724299865886002,
      "makespan_mean": 192.815,
      "makespan_std": 63.531480574782954
    }
  },
  "pre_reg_check": {
    "pearson_corr_NF_betaC": -0.15287159419397212,
    "pearson_corr_NF_betaI": 0.1654932103451881,
    "betaC_zero_crossing_R": 1.2862101093665073,
    "verdict": "MECHANISM_REJECTED",
    "verdict_text": "Pearson |corr| = 0.15 < 0.4. AMR-fleet-parallelism hypothesis NOT supported. b(C) sign-reversal in Phase 1 remains unexplained."
  },
  "config": {
    "n_elevators": 2,
    "capacity": 2,