{
  "generated": "2026-04-22",
  "purpose": "S4: \u03b2(C) per-corner stratified fit vs pooled",
  "n_per_arm": 200,
  "n_boot": 1000,
  "size": 6,
  "per_cell": [
    {
      "cell": "E1_c2|abstraction",
      "regime": "E1_c2",
      "model": "abstraction",
      "pooled_beta_C": {
        "estimate": -25.16455265885015,
        "ci_lo": -38.55309169197845,
        "ci_hi": -12.542721011413077,
        "sign_stability": 1.0
      },
      "pooled_beta_I": {
        "estimate": -17.655780586127353,
        "ci_lo": -25.168320074532758,
        "ci_hi": -9.386302704706605,
        "sign_stability": 1.0
      },
      "pooled_R2": 0.07620697211241667,
      "per_corner": {
        "HC_HI": {
          "N": 200,
          "R2": 0.07682979046545646,
          "beta_C": {
            "estimate": -8.399853359721895,
            "ci_lo": -142.95806916140788,
            "ci_hi": 133.79529402376747,
            "sign_stability": 0.542
          },
          "beta_I": {
            "estimate": -28.482221091188457,
            "ci_lo": -49.91630468968298,
            "ci_hi": -4.455499731912699,
            "sign_stability": 0.984
          }
        },
        "HC_LI": {
          "N": 200,
          "R2": 0.0006091670359339441,
          "beta_C": {
            "estimate": 19.602975753313412,
            "ci_lo": -85.98306673025908,
            "ci_hi": 113.29401450950753,
            "sign_stability": 0.652
          },
          "beta_I": {
            "estimate": 0.0,
            "ci_lo": 0.0,
            "ci_hi": 0.0,
            "sign_stability": 1.0
          }
        },
        "LC_HI": {
          "N": 200,
          "R2": 0.04933824146918364,
          "beta_C": {
            "estimate": -10.93664981982542,
            "ci_lo": -61.57830087372723,
            "ci_hi": 36.200033902515095,
            "sign_stability": 0.683
          },
          "beta_I": {
            "estimate": -23.185501097004813,
            "ci_lo": -46.008368602255885,
            "ci_hi": -0.7584911037934565,
            "sign_stability": 0.979
          }
        },
        "LC_LI": {
          "N": 200,
          "R2": 0.02841457925102675,
          "beta_C": {
            "estimate": -65.07454385534027,
            "ci_lo": -170.6397504514648,
            "ci_hi": -0.8163210541800765,
            "sign_stability": 0.976
          },
          "beta_I": {
            "estimate": 0.0,
            "ci_lo": 0.0,
            "ci_hi": 0.0,
            "sign_stability": 1.0
          }
        }
      },
      "mean_per_corner_beta_C_sign_stability": 0.7132499999999999,
      "mean_per_corner_beta_I_sign_stability": 0.99075,
      "delta_beta_C_stability": -0.28675000000000006,
      "delta_beta_I_stability": -0.00924999999999998
    },
    {
      "cell": "E1_c2|batched",
      "regime": "E1_c2",
      "model": "batched",
      "pooled_beta_C": {
        "estimate": 12.809787300276035,
        "ci_lo": -4.649756898683793,
        "ci_hi": 28.814375155883823,
        "sign_stability": 0.933
      },
      "pooled_beta_I": {
        "estimate": -8.202011938493092,
        "ci_lo": -17.540528695676855,
        "ci_hi": 1.1478440018837586,
        "sign_stability": 0.956
      },
      "pooled_R2": 0.047573202869376385,
      "per_corner": {
        "HC_HI": {
          "N": 200,
          "R2": 0.05732337561423051,
          "beta_C": {
            "estimate": 64.66365985532072,
            "ci_lo": -85.6614437749045,
            "ci_hi": 208.42128128133234,
            "sign_stability": 0.802
          },
          "beta_I": {
            "estimate": -8.952853825678186,
            "ci_lo": -38.40851484427765,
            "ci_hi": 14.692094545820472,
            "sign_stability": 0.76
          }
        },
        "HC_LI": {
          "N": 200,
          "R2": 0.005232854837109113,
          "beta_C": {
            "estimate": -69.58713709592942,
            "ci_lo": -195.67495333857747,
            "ci_hi": 64.46991260151003,
            "sign_stability": 0.856
          },
          "beta_I": {
            "estimate": 0.0,
            "ci_lo": 0.0,
            "ci_hi": 0.0,
            "sign_stability": 1.0
          }
        },
        "LC_HI": {
          "N": 200,
          "R2": 0.09588910473099199,
          "beta_C": {
            "estimate": 38.44502697128373,
            "ci_lo": -32.1239499512239,
            "ci_hi": 103.31978820324997,
            "sign_stability": 0.863
          },
          "beta_I": {
            "estimate": -19.0986816396164,
            "ci_lo": -48.3345505170545,
            "ci_hi": 9.870720749839526,
            "sign_stability": 0.899
          }
        },
        "LC_LI": {
          "N": 200,
          "R2": 0.027370351210076027,
          "beta_C": {
            "estimate": 69.2494110042517,
            "ci_lo": 20.055750012032743,
            "ci_hi": 120.05156289071809,
            "sign_stability": 0.993
          },
          "beta_I": {
            "estimate": 0.0,
            "ci_lo": 0.0,
            "ci_hi": 0.0,
            "sign_stability": 1.0
          }
        }
      },
      "mean_per_corner_beta_C_sign_stability": 0.8785,
      "mean_per_corner_beta_I_sign_stability": 0.91475,
      "delta_beta_C_stability": -0.054500000000000104,
      "delta_beta_I_stability": -0.04125000000000001
    },
    {
      "cell": "E2_c2|abstraction",
      "regime": "E2_c2",
      "model": "abstraction",
      "pooled_beta_C": {
        "estimate": -9.060492060074498,
        "ci_lo": -18.44027948126872,
        "ci_hi": 0.1036904147699553,
        "sign_stability": 0.971
      },
      "pooled_beta_I": {
        "estimate": -12.011181969096002,
        "ci_lo": -17.216386797951433,
        "ci_hi": -6.955199481323076,
        "sign_stability": 1.0
      },
      "pooled_R2": 0.07819816498093501,
      "per_corner": {
        "HC_HI": {
          "N": 200,
          "R2": 0.14683512598973836,
          "beta_C": {
            "estimate": -9.457449422357467,
            "ci_lo": -89.42668009775139,
            "ci_hi": 65.60424609058354,
            "sign_stability": 0.628
          },
          "beta_I": {
            "estimate": -5.982813787355193,
            "ci_lo": -23.67932121319846,
            "ci_hi": 11.969621323684615,
            "sign_stability": 0.757
          }
        },
        "HC_LI": {
          "N": 200,
          "R2": 0.0007956852548574034,
          "beta_C": {
            "estimate": -14.518360474000353,
            "ci_lo": -83.17143217094339,
            "ci_hi": 51.519885883150565,
            "sign_stability": 0.658
          },
          "beta_I": {
            "estimate": 0.0,
            "ci_lo": 0.0,
            "ci_hi": 0.0,
            "sign_stability": 1.0
          }
        },
        "LC_HI": {
          "N": 200,
          "R2": 0.1519234548503684,
          "beta_C": {
            "estimate": -48.29802081366383,
            "ci_lo": -82.04107641064786,
            "ci_hi": -13.443084182398568,
            "sign_stability": 0.998
          },
          "beta_I": {
            "estimate": -36.067661100953316,
            "ci_lo": -50.00842176518154,
            "ci_hi": -22.068581159265282,
            "sign_stability": 1.0
          }
        },
        "LC_LI": {
          "N": 200,
          "R2": 0.07617298352998625,
          "beta_C": {
            "estimate": -72.94946380288758,
            "ci_lo": -114.8220779391291,
            "ci_hi": -37.16074289217292,
            "sign_stability": 1.0
          },
          "beta_I": {
            "estimate": 0.0,
            "ci_lo": 0.0,
            "ci_hi": 0.0,
            "sign_stability": 1.0
          }
        }
      },
      "mean_per_corner_beta_C_sign_stability": 0.821,
      "mean_per_corner_beta_I_sign_stability": 0.93925,
      "delta_beta_C_stability": -0.15000000000000002,
      "delta_beta_I_stability": -0.06074999999999997
    },
    {
      "cell": "E2_c2|batched",
      "regime": "E2_c2",
      "model": "batched",