{
  "by_regime": {
    "E1_c1": {
      "r2_M1": 0.8858541269089685,
      "r2_M2": 0.8970771280197747,
      "r2_M2_cross": 0.893723904424674,
      "r2_M3": 0.8982770948951095,
      "r2_M3plus": 0.8979017852021094,
      "delta_M3_minus_M2": 0.001199966875334857,
      "delta_M3_minus_M2_cross": 0.004553190470435564,
      "delta_M3plus_minus_M3": -0.0003753096930001476,
      "coefs_M3": {
        "size": 36.75822011978412,
        "floor_distance": 3.0428150865031975,
        "C": -22.77088556253047,
        "I": -2.920560948610982
      },
      "n": 1000,
      "makespan_mean": 223.472,
      "makespan_std": 75.5652123487873
    },
    "E2_c1": {
      "r2_M1": 0.7425984604292327,
      "r2_M2": 0.7460989666224267,
      "r2_M2_cross": 0.7546145745065318,
      "r2_M3": 0.751162717057963,
      "r2_M3plus": 0.7554794002212857,
      "delta_M3_minus_M2": 0.005063750435536307,
      "delta_M3_minus_M2_cross": -0.003451857448568796,
      "delta_M3plus_minus_M3": 0.0043166831633226765,
      "coefs_M3": {
        "size": 26.243855274682005,
        "floor_distance": 1.1073396008052212,
        "C": -23.988723691359503,
        "I": -12.0389035746596
      },
      "n": 1000,
      "makespan_mean": 162.57,
      "makespan_std": 54.54350643380103
    },
    "E3_c1": {
      "r2_M1": 0.7115111215136675,
      "r2_M2": 0.7165402499387724,
      "r2_M2_cross": 0.735900701675137,
      "r2_M3": 0.7239054015261335,
      "r2_M3plus": 0.7291549595839244,
      "delta_M3_minus_M2": 0.007365151587361063,
      "delta_M3_minus_M2_cross": -0.011995300149003518,
      "delta_M3plus_minus_M3": 0.005249558057790926,
      "coefs_M3": {
        "size": 18.257209749736305,
        "floor_distance": 1.1079850428249236,
        "C": -9.76789043943333,
        "I": -13.018416941986334
      },
      "n": 1000,
      "makespan_mean": 123.08,
      "makespan_std": 41.18375531325066
    },
    "E1_c2": {
      "r2_M1": 0.7425984604292327,
      "r2_M2": 0.7460989666224267,
      "r2_M2_cross": 0.7546145745065318,
      "r2_M3": 0.751162717057963,
      "r2_M3plus": 0.7554794002212857,
      "delta_M3_minus_M2": 0.005063750435536307,
      "delta_M3_minus_M2_cross": -0.003451857448568796,
      "delta_M3plus_minus_M3": 0.0043166831633226765,
      "coefs_M3": {
        "size": 26.243855274682005,
        "floor_distance": 1.1073396008052212,
        "C": -23.988723691359503,
        "I": -12.0389035746596
      },
      "n": 1000,
      "makespan_mean": 162.57,
      "makespan_std": 54.54350643380103
    },
    "E2_c2": {
      "r2_M1": 0.6708067822343003,
      "r2_M2": 0.6727433323227746,
      "r2_M2_cross": 0.6925392828551264,
      "r2_M3": 0.6810088679873832,
      "r2_M3plus": 0.6854097477212893,
      "delta_M3_minus_M2": 0.008265535664608636,
      "delta_M3_minus_M2_cross": -0.0115304148677432,
      "delta_M3plus_minus_M3": 0.004400879733906016,
      "coefs_M3": {
        "size": 14.704985679763762,
        "floor_distance": 0.5406727877085844,
        "C": -5.782829004714839,
        "I": -11.808852263225024
      },
      "n": 1000,
      "makespan_mean": 102.377,
      "makespan_std": 32.92377326258104
    },
    "E3_c2": {
      "r2_M1": 0.5841224540494989,
      "r2_M2": 0.5876147845112422,
      "r2_M2_cross": 0.5977743097587443,
      "r2_M3": 0.5997611848284776,
      "r2_M3plus": 0.6132288479816064,
      "delta_M3_minus_M2": 0.012146400317235462,
      "delta_M3_minus_M2_cross": 0.0019868750697332738,
      "delta_M3plus_minus_M3": 0.01346766315312875,
      "coefs_M3": {
        "size": 9.171430121473676,
        "floor_distance": 0.4643560196839403,
        "C": -7.59987503739981,
        "I": -9.176858327877335
      },
      "n": 1000,
      "makespan_mean": 81.8,
      "makespan_std": 22.341601266407633
    }
  },
  "max_M3_minus_M2": 0.012146400317235462,
  "best_regime_M3_minus_M2": "E3_c2",
  "verdict": "REJECTED",
  "verdict_text": "H_v2.1 REJECTED: best gap = +0.0121 < 0.02 across all 6 regimes. Triggers Counterfactual Scenario A rescue (Phi as conceptual decomposition only). See novelty_analysis_and_contribution.md \u00a78.",
  "n_splits": 5,
  "random_state": 42
}