config_id,F,n_amrs,n_elevators,demand,variant,arm,wave_id,candidate_id,cand_seed,makespan_M1,makespan_M2
1,3,5,2,uniform,service_sigma_0.5,random,0,423,20387495,117.30196690414876,200.76062923515806
1,3,5,2,uniform,service_sigma_0.5,random,1,24,20387495,139.98745992839483,227.38681855695285
1,3,5,2,uniform,service_sigma_0.5,random,2,673,20387495,107.39273557997647,166.07074606886925
1,3,5,2,uniform,service_sigma_0.5,random,3,2387,20387495,115.63126831212536,204.05609220839642
1,3,5,2,uniform,service_sigma_0.5,random,4,1563,20387495,97.3986160798555,169.8938246122457
1,3,5,2,uniform,service_sigma_0.5,random,5,2,20387495,131.1061557322981,208.2389741645822
1,3,5,2,uniform,service_sigma_0.5,random,6,2064,20387495,126.11298643817246,201.12102158051601
1,3,5,2,uniform,service_sigma_0.5,random,7,974,20387495,143.68878651265123,229.56243090464466
1,3,5,2,uniform,service_sigma_0.5,random,8,2320,20387495,167.26706353020487,241.91655651769074
1,3,5,2,uniform,service_sigma_0.5,random,9,2324,20387495,132.59499042685457,167.97121595315076
1,3,5,2,uniform,service_sigma_0.5,random,10,2976,20387495,167.56843316709617,197.16306099357402
1,3,5,2,uniform,service_sigma_0.5,random,11,2877,20387495,96.95937239337242,129.92099996064542
1,3,5,2,uniform,service_sigma_0.5,random,12,1055,20387495,131.0261689460909,183.74287131262508
1,3,5,2,uniform,service_sigma_0.5,random,13,2905,20387495,135.48296492876128,183.53717156404153
1,3,5,2,uniform,service_sigma_0.5,random,14,1344,20387495,114.60739809959576,168.0562741678089
1,3,5,2,uniform,service_sigma_0.5,random,15,1844,20387495,147.6875648533516,227.34008339045567
1,3,5,2,uniform,service_sigma_0.5,random,16,2043,20387495,167.82398433013793,238.18165435144402
1,3,5,2,uniform,service_sigma_0.5,random,17,1241,20387495,142.37444053304338,231.78421382217178
1,3,5,2,uniform,service_sigma_0.5,random,18,2819,20387495,132.38571745600535,200.1974071437245
1,3,5,2,uniform,service_sigma_0.5,random,19,1291,20387495,162.63227912847069,205.60626981698127
1,3,5,2,uniform,service_sigma_0.5,random,20,304,20387495,112.47946200117252,226.94289927291933
1,3,5,2,uniform,service_sigma_0.5,random,21,2404,20387495,95.10959315627666,176.78876244012474
1,3,5,2,uniform,service_sigma_0.5,random,22,1995,20387495,131.8341907204779,199.43434494469346
1,3,5,2,uniform,service_sigma_0.5,random,23,2306,20387495,122.59480243867125,149.49028339994533
1,3,5,2,uniform,service_sigma_0.5,random,24,2501,20387495,138.60701834694598,197.73856191305364
1,3,5,2,uniform,service_sigma_0.5,random,25,1327,20387495,148.29617974637864,210.20138136500918
1,3,5,2,uniform,service_sigma_0.5,random,26,1638,20387495,116.74667616384755,192.2451852299734
1,3,5,2,uniform,service_sigma_0.5,random,27,2676,20387495,111.59589555755265,166.77612240223746
1,3,5,2,uniform,service_sigma_0.5,random,28,1265,20387495,134.13200855948716,221.73550447535595
1,3,5,2,uniform,service_sigma_0.5,random,29,41,20387495,129.32190937624435,195.5111063218575
1,3,5,2,uniform,service_sigma_0.5,random,30,1796,20387495,134.59136782354545,192.50794614588384
1,3,5,2,uniform,service_sigma_0.5,random,31,2071,20387495,97.18392286955722,146.18660764453017
1,3,5,2,uniform,service_sigma_0.5,random,32,2865,20387495,125.13946375129429,161.5913842269812
1,3,5,2,uniform,service_sigma_0.5,random,33,2474,20387495,135.3974406083273,160.33058662048376
1,3,5,2,uniform,service_sigma_0.5,random,34,819,20387495,129.0167441376783,205.76499545705423
1,3,5,2,uniform,service_sigma_0.5,random,35,524,20387495,175.25764758603867,218.49193971349436
1,3,5,2,uniform,service_sigma_0.5,random,36,1541,20387495,127.14790772995165,215.1372640777968
1,3,5,2,uniform,service_sigma_0.5,random,37,2612,20387495,158.62197044263525,210.51335701063644
1,3,5,2,uniform,service_sigma_0.5,random,38,263,20387495,117.04272350244428,156.94867519236232
1,3,5,2,uniform,service_sigma_0.5,random,39,1834,20387495,147.94763574470568,203.8027410715503
1,3,5,2,uniform,service_sigma_0.5,random,40,2088,20387495,119.96797680779902,254.31270551411822
1,3,5,2,uniform,service_sigma_0.5,random,41,965,20387495,135.5381710569721,177.57732382166117
1,3,5,2,uniform,service_sigma_0.5,random,42,2010,20387495,163.65445201519867,196.59222785407565
1,3,5,2,uniform,service_sigma_0.5,random,43,678,20387495,157.2970582158797,204.98864324961383
1,3,5,2,uniform,service_sigma_0.5,random,44,1962,20387495,140.6098018979472,194.99784921240877
1,3,5,2,uniform,service_sigma_0.5,random,45,2367,20387495,136.59889644068582,175.87573008223455
1,3,5,2,uniform,service_sigma_0.5,random,46,2710,20387495,138.06115976275635,220.40853791212945
1,3,5,2,uniform,service_sigma_0.5,random,47,1907,20387495,170.12518164946763,252.11806452831982
1,3,5,2,uniform,service_sigma_0.5,random,48,220,20387495,148.9883769198458,152.0157867218306
1,3,5,2,uniform,service_sigma_0.5,random,49,392,20387495,128.34587781844277,146.85101858686787
1,3,5,2,uniform,service_sigma_0.5,random,50,1150,20387495,150.272531409943,231.08151464779388
1,3,5,2,uniform,service_sigma_0.5,random,51,1051,20387495,137.36109987746607,224.21291275743963
1,3,5,2,uniform,service_sigma_0.5,random,52,2306,20387495,106.28421664904249,163.0327864864757
1,3,5,2,uniform,service_sigma_0.5,random,53,305,20387495,99.95256514538912,159.26221404984952
1,3,5,2,uniform,service_sigma_0.5,random,54,1980,20387495,165.14208799744975,242.5398845668834
1,3,5,2,uniform,service_sigma_0.5,random,55,36,20387495,155.5567594405045,159.6885174694894
1,3,5,2,uniform,service_sigma_0.5,random,56,389,20387495,136.90774661477585,212.85996611639433
1,3,5,2,uniform,service_sigma_0.5,random,57,204,20387495,135.7849175166419,222.52662436056383
1,3,5,2,uniform,service_sigma_0.5,random,58,600,20387495,152.15954552545352,183.42076723166963
1,3,5,2,uniform,service_sigma_0.5,random,59,361,20387495,143.78333464919697,182.32825376757665
1,3,5,2,uniform,service_sigma_0.5,random,60,474,20387495,124.49630368582878,156.05582789922482
1,3,5,2,uniform,service_sigma_0.5,random,61,150,20387495,141.9886988673054,130.40707140383614
1,3,5,2,uniform,service_sigma_0.5,random,62,1410,20387495,145.9051666128559,197.52219401527788
1,3,5,2,uniform,service_sigma_0.5,random,63,2615,20387495,108.03771107848596,116.08157729130869
1,3,5,2,uniform,service_sigma_0.5,random,64,2092,20387495,112.66650108860466,171.7378758726087
1,3,5,2,uniform,service_sigma_0.5,random,65,406,20387495,152.35112778238855,182.31714002722597
1,3,5,2,uniform,service_sigma_0.5,random,66,1427,20387495,139.85640666515724,167.30215683041084
1,3,5,2,uniform,service_sigma_0.5,random,67,285,20387495,124.52406040639994,185.83887423354207
1,3,5,2,uniform,service_sigma_0.5,random,68,1612,20387495,123.99897564003224,159.35661339980012
1,3,5,2,uniform,service_sigma_0.5,random,69,843,20387495,128.32756998345582,189.33499539201625
1,3,5,2,uniform,service_sigma_0.5,random,70,835,20387495,183.98156508033065,225.1533694120746
1,3,5,2,uniform,service_sigma_0.5,random,71,2696,20387495,155.6904368994715,257.0673610338825
1,3,5,2,uniform,service_sigma_0.5,random,72,615,20387495,109.42035350302638,145.0084959160706
1,3,5,2,uniform,service_sigma_0.5,random,73,144,20387495,131.58659268858653,166.05484138378125
1,3,5,2,uniform,service_sigma_0.5,random,74,203,20387495,135.5020756000144,189.01583742218847
1,3,5,2,uniform,service_sigma_0.5,random,75,778,20387495,109.07600996034711,171.4712927788913
1,3,5,2,uniform,service_sigma_0.5,random,76,1827,20387495,162.55668838977957,217.5387664645417
1,3,5,2,uniform,service_sigma_0.5,random,77,1252,20387495,105.48034419681055,149.78749912303851
1,3,5,2,uniform,service_sigma_0.5,random,78,1440,20387495,139.27107016459078,222.99488554852496
1,3,5,2,uniform,service_sigma_0.5,random,79,1217,20387495,120.33152359372384,228.92934767261008
1,3,5,2,uniform,service_sigma_0.5,random,80,2336,20387495,153.48363862226708,206.11950087720277
1,3,5,2,uniform,service_sigma_0.5,random,81,863,20387495,123.08810597358602,169.35768620710547
1,3,5,2,uniform,service_sigma_0.5,random,82,734,20387495,122.87744485648652,193.4364090318908
1,3,5,2,uniform,service_sigma_0.5,random,83,2333,20387495,135.6318809300883,175.90887780444743
1,3,5,2,uniform,service_sigma_0.5,random,84,29,20387495,157.12475403629443,204.1941876875739
1,3,5,2,uniform,service_sigma_0.5,random,85,1659,20387495,145.9313127603761,188.52718615423564
1,3,5,2,uniform,service_sigma_0.5,random,86,409,20387495,159.61257194954882,167.6345687976681
1,3,5,2,uniform,service_sigma_0.5,random,87,2767,20387495,135.2231667191321,190.18982186219333
1,3,5,2,uniform,service_sigma_0.5,random,88,1383,20387495,124.79042786529237,180.24471683672752
1,3,5,2,uniform,service_sigma_0.5,random,89,1426,20387495,147.1298789283371,245.23851306766517
1,3,5,2,uniform,service_sigma_0.5,random,90,83,20387495,109.58863211001574,174.8717456378594
1,3,5,2,uniform,service_sigma_0.5,random,91,9,20387495,164.18400629767442,223.8271050276405
1,3,5,2,uniform,service_sigma_0.5,random,92,1611,20387495,159.02992368106027,227.70707851380624
1,3,5,2,uniform,service_sigma_0.5,random,93,1028,20387495,161.67317971728036,170.9869853140671
1,3,5,2,uniform,service_sigma_0.5,random,94,2318,20387495,141.43359668214134,200.41380530156982
1,3,5,2,uniform,service_sigma_0.5,random,95,2121,20387495,126.74474373989014,211.61103165193796
1,3,5,2,uniform,service_sigma_0.5,random,96,1225,20387495,116.45267838048312,157.21270324585137
1,3,5,2,uniform,service_sigma_0.5,random,97,430,20387495,127.43569623341199,183.5695284573756
1,3,5,2,uniform,service_sigma_0.5,random,98,365,20387495,148.01503425536714,207.46650389639282
1,3,5,2,uniform,service_sigma_0.5,random,99,1025,20387495,137.88059767448811,173.18903679468724
1,3,5,2,uniform,service_sigma_0.5,random,100,531,20387495,122.03520829519675,188.2603000246853
1,3,5,2,uniform,service_sigma_0.5,random,101,2319,20387495,154.25394501990806,149.33778597655473
1,3,5,2,uniform,service_sigma_0.5,random,102,602,20387495,142.62795014669226,205.97367826509762
1,3,5,2,uniform,service_sigma_0.5,random,103,2124,20387495,133.48867008938214,249.8397662473525
1,3,5,2,uniform,service_sigma_0.5,random,104,2383,20387495,158.12002927376201,219.14468948805916
1,3,5,2,uniform,service_sigma_0.5,random,105,2607,20387495,144.55348420002574,191.0856061412941
1,3,5,2,uniform,service_sigma_0.5,random,106,2928,20387495,111.65279693471997,178.36419907211766
1,3,5,2,uniform,service_sigma_0.5,random,107,2413,20387495,115.60997709615486,167.3986879928777
1,3,5,2,uniform,service_sigma_0.5,random,108,2846,20387495,148.46992631644972,224.70633977024758
1,3,5,2,uniform,service_sigma_0.5,random,109,686,20387495,140.69840574383693,191.84676458816247
1,3,5,2,uniform,service_sigma_0.5,random,110,661,20387495,129.12577379721657,146.75009156461536
1,3,5,2,uniform,service_sigma_0.5,random,111,627,20387495,134.19802681160698,201.54320588647371
1,3,5,2,uniform,service_sigma_0.5,random,112,2640,20387495,149.46175246181477,225.75121759629508
1,3,5,2,uniform,service_sigma_0.5,random,113,280,20387495,122.51973591641672,161.77674604362332
1,3,5,2,uniform,service_sigma_0.5,random,114,922,20387495,145.1951816627933,200.070993994751
1,3,5,2,uniform,service_sigma_0.5,random,115,2972,20387495,142.7306688954365,176.80114397892527
1,3,5,2,uniform,service_sigma_0.5,random,116,227,20387495,138.09435518510531,202.69296691741593
1,3,5,2,uniform,service_sigma_0.5,random,117,2273,20387495,138.6014839351651,210.13579072081814
1,3,5,2,uniform,service_sigma_0.5,random,118,2968,20387495,121.95325761651384,154.07797848956508
1,3,5,2,uniform,service_sigma_0.5,random,119,1706,20387495,131.05995191297626,207.02768618606558
1,3,5,2,uniform,service_sigma_0.5,random,120,2832,20387495,143.72852012528526,162.99510011598832
1,3,5,2,uniform,service_sigma_0.5,random,121,2160,20387495,138.53159650269302,204.1734006208762
1,3,5,2,uniform,service_sigma_0.5,random,122,6,20387495,161.60957281826637,175.89260056772392
1,3,5,2,uniform,service_sigma_0.5,random,123,131,20387495,119.58001787238543,216.59853857052317
1,3,5,2,uniform,service_sigma_0.5,random,124,2170,20387495,117.66605283016285,197.74335037551438
1,3,5,2,uniform,service_sigma_0.5,random,125,2144,20387495,144.8864371120042,202.48067744563073
1,3,5,2,uniform,service_sigma_0.5,random,126,1644,20387495,139.0434577913631,212.28200323494406
1,3,5,2,uniform,service_sigma_0.5,random,127,2369,20387495,151.17821956812887,201.947091115011
1,3,5,2,uniform,service_sigma_0.5,random,128,102,20387495,141.96809437312862,174.4282941780113
1,3,5,2,uniform,service_sigma_0.5,random,129,2571,20387495,119.12190406305166,147.13687733652424
1,3,5,2,uniform,service_sigma_0.5,random,130,11,20387495,145.41567063236022,199.50009921342487
1,3,5,2,uniform,service_sigma_0.5,random,131,929,20387495,128.04031458916742,184.3213616315466
1,3,5,2,uniform,service_sigma_0.5,random,132,2136,20387495,165.24563530256222,242.15309291945016
1,3,5,2,uniform,service_sigma_0.5,random,133,2617,20387495,151.5473842821994,222.17827759981037
1,3,5,2,uniform,service_sigma_0.5,random,134,2790,20387495,99.51079989665152,167.7317733425607
1,3,5,2,uniform,service_sigma_0.5,random,135,1148,20387495,124.06301932527785,160.84252011956065
1,3,5,2,uniform,service_sigma_0.5,random,136,1165,20387495,164.70344725296516,252.62204684622222
1,3,5,2,uniform,service_sigma_0.5,random,137,837,20387495,140.3025879141925,253.81646641399047
1,3,5,2,uniform,service_sigma_0.5,random,138,552,20387495,153.0991660826,211.39334328909865
1,3,5,2,uniform,service_sigma_0.5,random,139,959,20387495,131.6878248714979,203.08916885385344
1,3,5,2,uniform,service_sigma_0.5,random,140,1842,20387495,138.97573263700727,153.57718093478624
1,3,5,2,uniform,service_sigma_0.5,random,141,1828,20387495,179.96343814983643,263.0865730048164
1,3,5,2,uniform,service_sigma_0.5,random,142,569,20387495,115.53566123008082,141.06583607557013
1,3,5,2,uniform,service_sigma_0.5,random,143,1730,20387495,123.38486276861633,198.05940262609852
1,3,5,2,uniform,service_sigma_0.5,random,144,2142,20387495,158.5246433835158,226.4596063068942
1,3,5,2,uniform,service_sigma_0.5,random,145,778,20387495,108.58637333343876,153.16137024016604
1,3,5,2,uniform,service_sigma_0.5,random,146,769,20387495,184.4731018353079,217.85625408823353
1,3,5,2,uniform,service_sigma_0.5,random,147,950,20387495,146.8387879067771,165.2032167264035
1,3,5,2,uniform,service_sigma_0.5,random,148,2036,20387495,144.04337524083851,204.70049411648728
1,3,5,2,uniform,service_sigma_0.5,random,149,1632,20387495,138.45629827746112,194.98998670092996
1,3,5,2,uniform,service_sigma_0.5,random,150,2467,20387495,136.39899884578455,175.24286825492516
1,3,5,2,uniform,service_sigma_0.5,random,151,2330,20387495,126.54702399723293,179.76093779884044
1,3,5,2,uniform,service_sigma_0.5,random,152,1181,20387495,152.0593733305078,177.3769870155003
1,3,5,2,uniform,service_sigma_0.5,random,153,1925,20387495,150.3172153633654,235.53655272979967
1,3,5,2,uniform,service_sigma_0.5,random,154,111,20387495,142.29836638033532,191.17222502114979
1,3,5,2,uniform,service_sigma_0.5,random,155,1988,20387495,133.23273960338358,236.35775358388076
1,3,5,2,uniform,service_sigma_0.5,random,156,1943,20387495,126.9757155547154,176.7861042846193
1,3,5,2,uniform,service_sigma_0.5,random,157,2319,20387495,114.06393317881943,146.36055007063212
1,3,5,2,uniform,service_sigma_0.5,random,158,456,20387495,127.84381182826169,233.71670923099984
1,3,5,2,uniform,service_sigma_0.5,random,159,361,20387495,164.06167346982215,175.62219411756317
1,3,5,2,uniform,service_sigma_0.5,random,160,1445,20387495,140.12467431534802,175.12049214457988
1,3,5,2,uniform,service_sigma_0.5,random,161,2034,20387495,138.85607167337503,224.30707459066303
1,3,5,2,uniform,service_sigma_0.5,random,162,2344,20387495,129.1720278298337,198.2835904678452
1,3,5,2,uniform,service_sigma_0.5,random,163,1945,20387495,127.97947199200982,136.71276459655508
1,3,5,2,uniform,service_sigma_0.5,random,164,724,20387495,122.8314734578021,110.40273916118292
1,3,5,2,uniform,service_sigma_0.5,random,165,5,20387495,131.3733624480406,212.69906392760444
1,3,5,2,uniform,service_sigma_0.5,random,166,945,20387495,189.73651252040648,212.13962184022574
1,3,5,2,uniform,service_sigma_0.5,random,167,2764,20387495,133.3025335150018,215.7314838503227
1,3,5,2,uniform,service_sigma_0.5,random,168,2262,20387495,142.18877477612858,188.1012427935176
1,3,5,2,uniform,service_sigma_0.5,random,169,1328,20387495,133.8217159982635,216.4627230860443
1,3,5,2,uniform,service_sigma_0.5,random,170,2885,20387495,119.67143554921145,148.61835305657422
1,3,5,2,uniform,service_sigma_0.5,random,171,1802,20387495,131.11780172360838,195.6649428263459
1,3,5,2,uniform,service_sigma_0.5,random,172,546,20387495,94.94156450506782,145.71920563588117
1,3,5,2,uniform,service_sigma_0.5,random,173,61,20387495,146.78940043212938,228.36071043969685
1,3,5,2,uniform,service_sigma_0.5,random,174,2196,20387495,160.75948067403965,237.56783372470923
1,3,5,2,uniform,service_sigma_0.5,random,175,832,20387495,128.7203373374061,200.42531540955284
1,3,5,2,uniform,service_sigma_0.5,random,176,1039,20387495,142.41580176936517,210.64664755677555
1,3,5,2,uniform,service_sigma_0.5,random,177,1757,20387495,166.75681143473128,224.03932455825355
1,3,5,2,uniform,service_sigma_0.5,random,178,2351,20387495,96.84615071952311,160.3225881039895
1,3,5,2,uniform,service_sigma_0.5,random,179,384,20387495,128.61239317965067,151.15488325697186
1,3,5,2,uniform,service_sigma_0.5,random,180,2221,20387495,113.8037971709676,173.95223049926034
1,3,5,2,uniform,service_sigma_0.5,random,181,116,20387495,146.7434077018877,224.4825073953968
1,3,5,2,uniform,service_sigma_0.5,random,182,730,20387495,202.64360297251793,238.23023284208
1,3,5,2,uniform,service_sigma_0.5,random,183,1650,20387495,122.4237427413014,195.5948012227349
1,3,5,2,uniform,service_sigma_0.5,random,184,2777,20387495,143.35388969492988,215.64656060455428
1,3,5,2,uniform,service_sigma_0.5,random,185,2975,20387495,165.268749693087,241.3583991816686
1,3,5,2,uniform,service_sigma_0.5,random,186,503,20387495,135.64903781276848,174.70638876880753
1,3,5,2,uniform,service_sigma_0.5,random,187,1133,20387495,152.44382084895202,200.45939771731068
1,3,5,2,uniform,service_sigma_0.5,random,188,879,20387495,114.0874484454997,138.61772112020975
1,3,5,2,uniform,service_sigma_0.5,random,189,976,20387495,125.23937868312669,136.0286822023304
1,3,5,2,uniform,service_sigma_0.5,random,190,2655,20387495,138.67505153531712,229.26753197004416
1,3,5,2,uniform,service_sigma_0.5,random,191,2081,20387495,113.51764452579347,127.84061013740421
1,3,5,2,uniform,service_sigma_0.5,random,192,1626,20387495,146.84261759788953,207.93721871712833
1,3,5,2,uniform,service_sigma_0.5,random,193,947,20387495,154.45078248651828,170.59495281109085
1,3,5,2,uniform,service_sigma_0.5,random,194,2422,20387495,152.7517382347475,222.32081295770578
1,3,5,2,uniform,service_sigma_0.5,random,195,330,20387495,136.3033723934732,200.0841718602744
1,3,5,2,uniform,service_sigma_0.5,random,196,2716,20387495,147.09623918146323,157.8145255450142
1,3,5,2,uniform,service_sigma_0.5,random,197,662,20387495,115.31993999281784,160.78929321764937
1,3,5,2,uniform,service_sigma_0.5,random,198,2616,20387495,151.02429506835182,239.95178001796913
1,3,5,2,uniform,service_sigma_0.5,random,199,2790,20387495,102.35598254609444,181.86510842086886
1,3,5,2,uniform,service_sigma_0.5,HC_HI,0,1765,20387495,133.6329881468088,146.02442775907065
1,3,5,2,uniform,service_sigma_0.5,HC_HI,1,1357,20387495,134.92552488137557,173.67840641978427
1,3,5,2,uniform,service_sigma_0.5,HC_HI,2,2259,20387495,142.2763400043897,188.60450712685673
1,3,5,2,uniform,service_sigma_0.5,HC_HI,3,1947,20387495,156.65113522207557,198.7126645985474
1,3,5,2,uniform,service_sigma_0.5,HC_HI,4,703,20387495,141.1515213864087,225.08886244150264
1,3,5,2,uniform,service_sigma_0.5,HC_HI,5,893,20387495,134.79369750586957,198.8020607880219
1,3,5,2,uniform,service_sigma_0.5,HC_HI,6,1379,20387495,135.20409236052217,188.88727928263705
1,3,5,2,uniform,service_sigma_0.5,HC_HI,7,2168,20387495,152.19118240562727,245.28898780843758
1,3,5,2,uniform,service_sigma_0.5,HC_HI,8,2704,20387495,154.50836932861404,209.88774849862273
1,3,5,2,uniform,service_sigma_0.5,HC_HI,9,231,20387495,132.47288446334636,189.48774224883695
1,3,5,2,uniform,service_sigma_0.5,HC_HI,10,796,20387495,130.90730001143817,194.03076482218893
1,3,5,2,uniform,service_sigma_0.5,HC_HI,11,631,20387495,169.73730701730443,239.040490450857
1,3,5,2,uniform,service_sigma_0.5,HC_HI,12,2416,20387495,176.74185604651896,253.56696006629147
1,3,5,2,uniform,service_sigma_0.5,HC_HI,13,1702,20387495,135.91927039559536,173.18814050568076
1,3,5,2,uniform,service_sigma_0.5,HC_HI,14,910,20387495,154.31723982542195,207.83620425805654
1,3,5,2,uniform,service_sigma_0.5,HC_HI,15,73,20387495,159.4769287770521,241.70768142559294
1,3,5,2,uniform,service_sigma_0.5,HC_HI,16,1379,20387495,135.06721174464928,170.9982274429696
1,3,5,2,uniform,service_sigma_0.5,HC_HI,17,1722,20387495,152.96636573471727,219.57856678214267
1,3,5,2,uniform,service_sigma_0.5,HC_HI,18,1171,20387495,164.54563563685193,236.94508184375803
1,3,5,2,uniform,service_sigma_0.5,HC_HI,19,463,20387495,158.3372992792857,172.40266053399674
1,3,5,2,uniform,service_sigma_0.5,HC_HI,20,29,20387495,153.92110690415024,209.82682217201588
1,3,5,2,uniform,service_sigma_0.5,HC_HI,21,252,20387495,116.57542657983396,226.89075399179694
1,3,5,2,uniform,service_sigma_0.5,HC_HI,22,1015,20387495,148.96103768416168,191.88540248487544
1,3,5,2,uniform,service_sigma_0.5,HC_HI,23,2335,20387495,141.0840446821123,183.55739617439383
1,3,5,2,uniform,service_sigma_0.5,HC_HI,24,523,20387495,120.22554739156186,146.2421013892134
1,3,5,2,uniform,service_sigma_0.5,HC_HI,25,252,20387495,137.6370053912618,199.4417616519417
1,3,5,2,uniform,service_sigma_0.5,HC_HI,26,1605,20387495,121.72930119482992,176.60308014653637
1,3,5,2,uniform,service_sigma_0.5,HC_HI,27,1486,20387495,151.6982325210095,199.00574405639674
1,3,5,2,uniform,service_sigma_0.5,HC_HI,28,415,20387495,148.91226577961987,236.63756404924183
1,3,5,2,uniform,service_sigma_0.5,HC_HI,29,1269,20387495,138.10301591663745,176.45884830409852
1,3,5,2,uniform,service_sigma_0.5,HC_HI,30,64,20387495,129.19950575033207,154.42394374222943
1,3,5,2,uniform,service_sigma_0.5,HC_HI,31,2087,20387495,159.82717039431301,226.6555035654723
1,3,5,2,uniform,service_sigma_0.5,HC_HI,32,31,20387495,110.60997925274756,165.09193554465125
1,3,5,2,uniform,service_sigma_0.5,HC_HI,33,2791,20387495,149.9937391521265,212.29392887381985
1,3,5,2,uniform,service_sigma_0.5,HC_HI,34,363,20387495,132.46745866778184,192.0400441528231
1,3,5,2,uniform,service_sigma_0.5,HC_HI,35,2341,20387495,122.46154703796249,205.3353550487913
1,3,5,2,uniform,service_sigma_0.5,HC_HI,36,298,20387495,144.2424607715471,269.7692904228706
1,3,5,2,uniform,service_sigma_0.5,HC_HI,37,2218,20387495,129.93771507888266,201.3171366169759
1,3,5,2,uniform,service_sigma_0.5,HC_HI,38,1702,20387495,138.2474990828784,201.8479984660716
1,3,5,2,uniform,service_sigma_0.5,HC_HI,39,2748,20387495,154.87059029966707,221.5319479587923
1,3,5,2,uniform,service_sigma_0.5,HC_HI,40,1000,20387495,177.16114996841665,201.91725424781714
1,3,5,2,uniform,service_sigma_0.5,HC_HI,41,1445,20387495,142.9091356262726,163.17073387993227
1,3,5,2,uniform,service_sigma_0.5,HC_HI,42,2341,20387495,147.99702121083564,163.23297513658378
1,3,5,2,uniform,service_sigma_0.5,HC_HI,43,2235,20387495,125.15641994209417,179.2426604854154
1,3,5,2,uniform,service_sigma_0.5,HC_HI,44,2749,20387495,161.37058513456464,235.9672776158908
1,3,5,2,uniform,service_sigma_0.5,HC_HI,45,1635,20387495,114.806463198558,174.14447438934187
1,3,5,2,uniform,service_sigma_0.5,HC_HI,46,2762,20387495,151.9622375993617,204.2115037033655
1,3,5,2,uniform,service_sigma_0.5,HC_HI,47,1630,20387495,162.34916581587052,209.89190461627544
1,3,5,2,uniform,service_sigma_0.5,HC_HI,48,2416,20387495,176.81658020307572,264.685094564251
1,3,5,2,uniform,service_sigma_0.5,HC_HI,49,2186,20387495,170.2441506439173,206.78507489427096
1,3,5,2,uniform,service_sigma_0.5,HC_HI,50,64,20387495,115.70471913094197,151.59437315055663
1,3,5,2,uniform,service_sigma_0.5,HC_HI,51,2092,20387495,137.54105436279337,210.9455376991969
1,3,5,2,uniform,service_sigma_0.5,HC_HI,52,368,20387495,151.37815391910405,237.47158400103453
1,3,5,2,uniform,service_sigma_0.5,HC_HI,53,1186,20387495,119.1472592106581,208.7342860969164
1,3,5,2,uniform,service_sigma_0.5,HC_HI,54,2225,20387495,127.22264024277808,170.15091120361618
1,3,5,2,uniform,service_sigma_0.5,HC_HI,55,1456,20387495,140.77649693758025,209.969417054919
1,3,5,2,uniform,service_sigma_0.5,HC_HI,56,2214,20387495,169.53811522898042,251.90256563284152
1,3,5,2,uniform,service_sigma_0.5,HC_HI,57,1989,20387495,136.46394669229693,222.0267965996237
1,3,5,2,uniform,service_sigma_0.5,HC_HI,58,631,20387495,145.8345455714934,199.95496183397623
1,3,5,2,uniform,service_sigma_0.5,HC_HI,59,626,20387495,149.62870929983063,216.29605683712475
1,3,5,2,uniform,service_sigma_0.5,HC_HI,60,1223,20387495,130.36695515966628,195.00562842197476
1,3,5,2,uniform,service_sigma_0.5,HC_HI,61,935,20387495,166.34579610124612,228.21990954301688
1,3,5,2,uniform,service_sigma_0.5,HC_HI,62,1581,20387495,137.557454168287,217.2335353492307
1,3,5,2,uniform,service_sigma_0.5,HC_HI,63,1269,20387495,151.52545526260488,175.48880055153768
1,3,5,2,uniform,service_sigma_0.5,HC_HI,64,935,20387495,141.62142182776037,219.17666034174565
1,3,5,2,uniform,service_sigma_0.5,HC_HI,65,2977,20387495,160.0605569278895,190.5028682900533
1,3,5,2,uniform,service_sigma_0.5,HC_HI,66,202,20387495,161.15830010424918,220.27766272819832
1,3,5,2,uniform,service_sigma_0.5,HC_HI,67,252,20387495,137.14101741352962,216.33125048652462
1,3,5,2,uniform,service_sigma_0.5,HC_HI,68,1901,20387495,137.8571773925142,207.94454780197455
1,3,5,2,uniform,service_sigma_0.5,HC_HI,69,104,20387495,162.32756998345585,232.57589871927146
1,3,5,2,uniform,service_sigma_0.5,HC_HI,70,291,20387495,144.2400970462818,204.60167774604196
1,3,5,2,uniform,service_sigma_0.5,HC_HI,71,1223,20387495,137.82743431073877,190.841903536592
1,3,5,2,uniform,service_sigma_0.5,HC_HI,72,1630,20387495,160.01554069598777,189.11251291453593
1,3,5,2,uniform,service_sigma_0.5,HC_HI,73,31,20387495,113.85658520796989,159.13719501268392
1,3,5,2,uniform,service_sigma_0.5,HC_HI,74,1134,20387495,134.1966295070426,152.63087575613014
1,3,5,2,uniform,service_sigma_0.5,HC_HI,75,1173,20387495,156.9639461277925,193.82491961631018
1,3,5,2,uniform,service_sigma_0.5,HC_HI,76,1635,20387495,128.620682686839,167.27991528638088
1,3,5,2,uniform,service_sigma_0.5,HC_HI,77,1758,20387495,156.25643142189278,226.52281726483497
1,3,5,2,uniform,service_sigma_0.5,HC_HI,78,1810,20387495,158.75621983408362,177.7604256486395
1,3,5,2,uniform,service_sigma_0.5,HC_HI,79,2850,20387495,153.14660357799386,238.29223045043554
1,3,5,2,uniform,service_sigma_0.5,HC_HI,80,489,20387495,121.55235929169093,184.6345576269968
1,3,5,2,uniform,service_sigma_0.5,HC_HI,81,2018,20387495,170.48934579507963,238.7824895489946
1,3,5,2,uniform,service_sigma_0.5,HC_HI,82,893,20387495,142.62865416751066,223.9351948075695
1,3,5,2,uniform,service_sigma_0.5,HC_HI,83,1860,20387495,156.45261019843184,211.795558077939
1,3,5,2,uniform,service_sigma_0.5,HC_HI,84,1860,20387495,172.63186460974308,208.39187241882203
1,3,5,2,uniform,service_sigma_0.5,HC_HI,85,1947,20387495,144.6143848345032,198.5427957127816
1,3,5,2,uniform,service_sigma_0.5,HC_HI,86,472,20387495,146.48484877796687,208.11477247620957
1,3,5,2,uniform,service_sigma_0.5,HC_HI,87,910,20387495,145.94703547026805,213.6979689598302
1,3,5,2,uniform,service_sigma_0.5,HC_HI,88,2087,20387495,147.45852110205843,201.966254527056
1,3,5,2,uniform,service_sigma_0.5,HC_HI,89,1722,20387495,144.5611266142967,217.89352556594488
1,3,5,2,uniform,service_sigma_0.5,HC_HI,90,1019,20387495,134.72648821002113,164.48426780518415
1,3,5,2,uniform,service_sigma_0.5,HC_HI,91,1206,20387495,140.35340735415798,185.5999991301276
1,3,5,2,uniform,service_sigma_0.5,HC_HI,92,458,20387495,122.2529584768279,215.82172567331037
1,3,5,2,uniform,service_sigma_0.5,HC_HI,93,1794,20387495,136.15312086540902,180.85090272240205
1,3,5,2,uniform,service_sigma_0.5,HC_HI,94,2079,20387495,136.495809202072,198.66601072426522
1,3,5,2,uniform,service_sigma_0.5,HC_HI,95,1860,20387495,154.24117875519357,205.09900549528612
1,3,5,2,uniform,service_sigma_0.5,HC_HI,96,2402,20387495,124.55701774363106,190.63717655496038
1,3,5,2,uniform,service_sigma_0.5,HC_HI,97,1206,20387495,140.02114746006723,214.42458101446704
1,3,5,2,uniform,service_sigma_0.5,HC_HI,98,2977,20387495,145.48483964031496,179.35088034521218
1,3,5,2,uniform,service_sigma_0.5,HC_HI,99,104,20387495,184.78083717834159,208.06337759572756
1,3,5,2,uniform,service_sigma_0.5,HC_HI,100,2114,20387495,159.69840958936337,220.14108376832024
1,3,5,2,uniform,service_sigma_0.5,HC_HI,101,324,20387495,148.1769677733176,205.39752738194144
1,3,5,2,uniform,service_sigma_0.5,HC_HI,102,2822,20387495,156.0895153735687,225.83779619803124
1,3,5,2,uniform,service_sigma_0.5,HC_HI,103,2924,20387495,132.34682899578445,210.13265253780293
1,3,5,2,uniform,service_sigma_0.5,HC_HI,104,887,20387495,133.370701043389,185.2903508261498
1,3,5,2,uniform,service_sigma_0.5,HC_HI,105,1398,20387495,148.44454103476835,218.7408727875538
1,3,5,2,uniform,service_sigma_0.5,HC_HI,106,930,20387495,120.95093028401737,201.62583761610568
1,3,5,2,uniform,service_sigma_0.5,HC_HI,107,2018,20387495,154.2863832195114,257.25247472032856
1,3,5,2,uniform,service_sigma_0.5,HC_HI,108,2018,20387495,146.7554057783993,269.83855519023274
1,3,5,2,uniform,service_sigma_0.5,HC_HI,109,1504,20387495,166.47541252622142,220.45738494034023
1,3,5,2,uniform,service_sigma_0.5,HC_HI,110,2124,20387495,123.89140613865008,238.88620348098382
1,3,5,2,uniform,service_sigma_0.5,HC_HI,111,1173,20387495,161.6660181183829,199.0360139634343
1,3,5,2,uniform,service_sigma_0.5,HC_HI,112,240,20387495,168.2916261937656,201.78748964812826
1,3,5,2,uniform,service_sigma_0.5,HC_HI,113,252,20387495,122.28620570809221,187.93238137774398
1,3,5,2,uniform,service_sigma_0.5,HC_HI,114,1134,20387495,146.08264287904728,170.87073567427143
1,3,5,2,uniform,service_sigma_0.5,HC_HI,115,604,20387495,155.04849189495698,174.6259362031207
1,3,5,2,uniform,service_sigma_0.5,HC_HI,116,1206,20387495,141.27460237032946,223.5025689100215
1,3,5,2,uniform,service_sigma_0.5,HC_HI,117,416,20387495,129.63583217834847,188.80733811503399
1,3,5,2,uniform,service_sigma_0.5,HC_HI,118,1366,20387495,116.52721882883937,222.8563808682055
1,3,5,2,uniform,service_sigma_0.5,HC_HI,119,2704,20387495,173.92703693693463,239.3380480463546
1,3,5,2,uniform,service_sigma_0.5,HC_HI,120,73,20387495,140.8997785197234,225.25558358401318
1,3,5,2,uniform,service_sigma_0.5,HC_HI,121,374,20387495,98.81427626367838,148.06827387643753
1,3,5,2,uniform,service_sigma_0.5,HC_HI,122,201,20387495,123.56723307823881,201.2652238770118
1,3,5,2,uniform,service_sigma_0.5,HC_HI,123,2114,20387495,133.09983085818467,188.1761430789482
1,3,5,2,uniform,service_sigma_0.5,HC_HI,124,104,20387495,181.7245738836943,216.0890267062269
1,3,5,2,uniform,service_sigma_0.5,HC_HI,125,2303,20387495,170.10999019484808,260.6475177061264
1,3,5,2,uniform,service_sigma_0.5,HC_HI,126,1223,20387495,132.71506221383567,182.66934835876341
1,3,5,2,uniform,service_sigma_0.5,HC_HI,127,228,20387495,167.11447868421422,209.21624056262468
1,3,5,2,uniform,service_sigma_0.5,HC_HI,128,2049,20387495,156.21485475347225,194.8350851377093
1,3,5,2,uniform,service_sigma_0.5,HC_HI,129,1172,20387495,114.28633194374756,185.64300560237461
1,3,5,2,uniform,service_sigma_0.5,HC_HI,130,1780,20387495,140.25227709596348,209.66525464135577
1,3,5,2,uniform,service_sigma_0.5,HC_HI,131,2087,20387495,164.16003361936797,231.44560775071804
1,3,5,2,uniform,service_sigma_0.5,HC_HI,132,2402,20387495,143.67008419783818,201.94510930363742
1,3,5,2,uniform,service_sigma_0.5,HC_HI,133,1605,20387495,130.62490275845406,161.07837646603286
1,3,5,2,uniform,service_sigma_0.5,HC_HI,134,857,20387495,158.77399918368636,210.10971228837676
1,3,5,2,uniform,service_sigma_0.5,HC_HI,135,2186,20387495,157.1423373175031,219.4878416832021
1,3,5,2,uniform,service_sigma_0.5,HC_HI,136,2704,20387495,153.7330525006823,233.25242892975143
1,3,5,2,uniform,service_sigma_0.5,HC_HI,137,1225,20387495,130.02575078315496,164.04571758742676
1,3,5,2,uniform,service_sigma_0.5,HC_HI,138,1134,20387495,124.79963330380296,152.85762733851485
1,3,5,2,uniform,service_sigma_0.5,HC_HI,139,2239,20387495,170.56337545035245,235.20716359815947
1,3,5,2,uniform,service_sigma_0.5,HC_HI,140,268,20387495,136.22423484863484,194.0754674529443
1,3,5,2,uniform,service_sigma_0.5,HC_HI,141,416,20387495,123.1176643440664,209.06545992261437
1,3,5,2,uniform,service_sigma_0.5,HC_HI,142,833,20387495,132.6041734300783,179.97831966768703
1,3,5,2,uniform,service_sigma_0.5,HC_HI,143,2714,20387495,131.2961782378369,196.5637915948083
1,3,5,2,uniform,service_sigma_0.5,HC_HI,144,2748,20387495,157.97310470794207,245.8323984913411
1,3,5,2,uniform,service_sigma_0.5,HC_HI,145,370,20387495,143.10860621129692,237.07899029442368
1,3,5,2,uniform,service_sigma_0.5,HC_HI,146,604,20387495,136.3876933525391,178.72409126660284
1,3,5,2,uniform,service_sigma_0.5,HC_HI,147,489,20387495,131.62746641958296,192.8493776337494
1,3,5,2,uniform,service_sigma_0.5,HC_HI,148,342,20387495,157.83548208063888,216.7419499119066
1,3,5,2,uniform,service_sigma_0.5,HC_HI,149,1147,20387495,162.74601171016164,180.0874480263093
1,3,5,2,uniform,service_sigma_0.5,HC_HI,150,2087,20387495,154.600569982436,222.4424143745256
1,3,5,2,uniform,service_sigma_0.5,HC_HI,151,324,20387495,150.9795554813347,225.66688484871415
1,3,5,2,uniform,service_sigma_0.5,HC_HI,152,268,20387495,137.96584754081852,180.1316873107148
1,3,5,2,uniform,service_sigma_0.5,HC_HI,153,2822,20387495,148.52082968375407,226.14120334724237
1,3,5,2,uniform,service_sigma_0.5,HC_HI,154,231,20387495,141.88602791552043,205.29950885792928
1,3,5,2,uniform,service_sigma_0.5,HC_HI,155,218,20387495,144.5603306595975,231.99823771618847
1,3,5,2,uniform,service_sigma_0.5,HC_HI,156,29,20387495,149.87654372383292,178.5318510005654
1,3,5,2,uniform,service_sigma_0.5,HC_HI,157,88,20387495,155.70890220757238,183.67566226951888
1,3,5,2,uniform,service_sigma_0.5,HC_HI,158,2402,20387495,149.4317722498652,224.03832045589164
1,3,5,2,uniform,service_sigma_0.5,HC_HI,159,604,20387495,132.1668700888891,174.33291175516314
1,3,5,2,uniform,service_sigma_0.5,HC_HI,160,1585,20387495,136.88436543914722,162.34613778270344
1,3,5,2,uniform,service_sigma_0.5,HC_HI,161,1630,20387495,164.91204723747768,197.1376073364104
1,3,5,2,uniform,service_sigma_0.5,HC_HI,162,321,20387495,137.22666417438808,181.03799615887388
1,3,5,2,uniform,service_sigma_0.5,HC_HI,163,496,20387495,141.65430247903774,213.04436137591009
1,3,5,2,uniform,service_sigma_0.5,HC_HI,164,228,20387495,176.20389596302334,204.3032025758698
1,3,5,2,uniform,service_sigma_0.5,HC_HI,165,240,20387495,128.69448146385275,189.69812737518637
1,3,5,2,uniform,service_sigma_0.5,HC_HI,166,730,20387495,200.89726584169028,254.53660956636165
1,3,5,2,uniform,service_sigma_0.5,HC_HI,167,1860,20387495,143.20020524883606,235.23328914382526
1,3,5,2,uniform,service_sigma_0.5,HC_HI,168,2591,20387495,106.53466407555139,173.43496939699767
1,3,5,2,uniform,service_sigma_0.5,HC_HI,169,1352,20387495,201.45365520694756,232.1134740793669
1,3,5,2,uniform,service_sigma_0.5,HC_HI,170,691,20387495,143.81466209573625,186.93386446590327
1,3,5,2,uniform,service_sigma_0.5,HC_HI,171,1780,20387495,120.58271638282433,189.6844349839986
1,3,5,2,uniform,service_sigma_0.5,HC_HI,172,930,20387495,107.57258328220875,171.70616519139892
1,3,5,2,uniform,service_sigma_0.5,HC_HI,173,1010,20387495,130.73038406756064,169.27046581378974
1,3,5,2,uniform,service_sigma_0.5,HC_HI,174,1919,20387495,147.69104491918407,242.9342719236909
1,3,5,2,uniform,service_sigma_0.5,HC_HI,175,1530,20387495,138.8644052771807,216.65029448462016
1,3,5,2,uniform,service_sigma_0.5,HC_HI,176,703,20387495,153.41955751413707,158.6036858845613
1,3,5,2,uniform,service_sigma_0.5,HC_HI,177,2335,20387495,119.17393956496932,192.53258104523067
1,3,5,2,uniform,service_sigma_0.5,HC_HI,178,268,20387495,148.33535040100685,182.60395054384043
1,3,5,2,uniform,service_sigma_0.5,HC_HI,179,342,20387495,135.4883910129182,246.11535100168228
1,3,5,2,uniform,service_sigma_0.5,HC_HI,180,2168,20387495,164.36858229619847,227.5866502101592
1,3,5,2,uniform,service_sigma_0.5,HC_HI,181,1794,20387495,107.49112408343221,207.73825212565063
1,3,5,2,uniform,service_sigma_0.5,HC_HI,182,1679,20387495,155.14810419520833,188.1642561587182
1,3,5,2,uniform,service_sigma_0.5,HC_HI,183,2225,20387495,140.83740469557196,207.7311482402787
1,3,5,2,uniform,service_sigma_0.5,HC_HI,184,887,20387495,134.90193313455916,225.21131921258257
1,3,5,2,uniform,service_sigma_0.5,HC_HI,185,2822,20387495,160.6797568955529,247.75834461569798
1,3,5,2,uniform,service_sigma_0.5,HC_HI,186,887,20387495,134.96397106797352,212.4116111302406
1,3,5,2,uniform,service_sigma_0.5,HC_HI,187,2240,20387495,135.4458199366808,186.0435390818898
1,3,5,2,uniform,service_sigma_0.5,HC_HI,188,1606,20387495,103.35555916921221,159.41488159279555
1,3,5,2,uniform,service_sigma_0.5,HC_HI,189,1649,20387495,129.19081926523845,194.61282209752616
1,3,5,2,uniform,service_sigma_0.5,HC_HI,190,1172,20387495,137.52715258686294,188.82023373419904
1,3,5,2,uniform,service_sigma_0.5,HC_HI,191,2347,20387495,153.76029749070972,233.27579840840394
1,3,5,2,uniform,service_sigma_0.5,HC_HI,192,1379,20387495,112.88699286243018,182.04833677904068
1,3,5,2,uniform,service_sigma_0.5,HC_HI,193,2791,20387495,143.31815466494857,222.87557879908138
1,3,5,2,uniform,service_sigma_0.5,HC_HI,194,1581,20387495,126.22499367669631,223.94943918019283
1,3,5,2,uniform,service_sigma_0.5,HC_HI,195,416,20387495,158.104618582014,164.69942897533033
1,3,5,2,uniform,service_sigma_0.5,HC_HI,196,1630,20387495,146.74175373449023,191.05684364132554
1,3,5,2,uniform,service_sigma_0.5,HC_HI,197,2875,20387495,149.78907174741826,213.69076048324163
1,3,5,2,uniform,service_sigma_0.5,HC_HI,198,2239,20387495,175.37430333738416,258.505550803228
1,3,5,2,uniform,service_sigma_0.5,HC_HI,199,2218,20387495,148.71019027054655,199.2972261372893
1,3,5,2,uniform,service_sigma_0.5,HC_LI,0,2384,20387495,133.84786351888505,170.80923483830676
1,3,5,2,uniform,service_sigma_0.5,HC_LI,1,558,20387495,138.2247357315201,194.52927327235133
1,3,5,2,uniform,service_sigma_0.5,HC_LI,2,2842,20387495,151.75467337767915,174.81612249541126
1,3,5,2,uniform,service_sigma_0.5,HC_LI,3,2974,20387495,140.72038867896092,196.0401230367534
1,3,5,2,uniform,service_sigma_0.5,HC_LI,4,1613,20387495,144.16327966333986,169.30693170433312
1,3,5,2,uniform,service_sigma_0.5,HC_LI,5,1350,20387495,113.58248094133337,179.71170007319427
1,3,5,2,uniform,service_sigma_0.5,HC_LI,6,148,20387495,151.3875483491871,174.3315937272329
1,3,5,2,uniform,service_sigma_0.5,HC_LI,7,1965,20387495,151.67758837057875,267.66969786625805
1,3,5,2,uniform,service_sigma_0.5,HC_LI,8,2698,20387495,173.8183256557247,235.46342501082032
1,3,5,2,uniform,service_sigma_0.5,HC_LI,9,1571,20387495,162.9860498140792,157.97856035721185
1,3,5,2,uniform,service_sigma_0.5,HC_LI,10,226,20387495,105.53436287362277,151.6058487097908
1,3,5,2,uniform,service_sigma_0.5,HC_LI,11,1567,20387495,135.9903279332449,201.33781489087542
1,3,5,2,uniform,service_sigma_0.5,HC_LI,12,1820,20387495,92.84347489341137,156.8222402316915
1,3,5,2,uniform,service_sigma_0.5,HC_LI,13,352,20387495,168.83778283642968,224.21635749943593
1,3,5,2,uniform,service_sigma_0.5,HC_LI,14,209,20387495,123.58983649380534,181.83809763434377
1,3,5,2,uniform,service_sigma_0.5,HC_LI,15,2676,20387495,116.60279124185872,167.2924085255927
1,3,5,2,uniform,service_sigma_0.5,HC_LI,16,337,20387495,175.6546306332371,241.3903557552601
1,3,5,2,uniform,service_sigma_0.5,HC_LI,17,821,20387495,147.31985880693733,197.67048200130972
1,3,5,2,uniform,service_sigma_0.5,HC_LI,18,1350,20387495,135.0806033423458,206.72055772382632
1,3,5,2,uniform,service_sigma_0.5,HC_LI,19,2442,20387495,132.94843036245408,199.1763415963509
1,3,5,2,uniform,service_sigma_0.5,HC_LI,20,2761,20387495,149.98682422830052,172.06290298347545
1,3,5,2,uniform,service_sigma_0.5,HC_LI,21,1539,20387495,105.35829637175756,198.66631636899984
1,3,5,2,uniform,service_sigma_0.5,HC_LI,22,1917,20387495,114.67401562109906,160.8053330301848
1,3,5,2,uniform,service_sigma_0.5,HC_LI,23,2504,20387495,131.6065493762017,213.3825097962352
1,3,5,2,uniform,service_sigma_0.5,HC_LI,24,1350,20387495,137.9167738622953,206.6438482994222
1,3,5,2,uniform,service_sigma_0.5,HC_LI,25,1571,20387495,124.69306352469448,178.96759550666525
1,3,5,2,uniform,service_sigma_0.5,HC_LI,26,209,20387495,136.24776004896498,148.18050919675292
1,3,5,2,uniform,service_sigma_0.5,HC_LI,27,484,20387495,153.90484628697143,206.19955655640283
1,3,5,2,uniform,service_sigma_0.5,HC_LI,28,2393,20387495,119.9900652431492,187.16957390746552
1,3,5,2,uniform,service_sigma_0.5,HC_LI,29,1567,20387495,150.95642031066265,243.64857519077972
1,3,5,2,uniform,service_sigma_0.5,HC_LI,30,2286,20387495,152.2469728079784,176.26456107306967
1,3,5,2,uniform,service_sigma_0.5,HC_LI,31,769,20387495,168.2073338198252,204.22346960123565
1,3,5,2,uniform,service_sigma_0.5,HC_LI,32,1246,20387495,137.0192590796956,157.4919929676818
1,3,5,2,uniform,service_sigma_0.5,HC_LI,33,943,20387495,160.80209529286066,198.06675760200912
1,3,5,2,uniform,service_sigma_0.5,HC_LI,34,77,20387495,150.6290297786084,168.2700767648706
1,3,5,2,uniform,service_sigma_0.5,HC_LI,35,2176,20387495,149.10277633530993,242.24312405012222
1,3,5,2,uniform,service_sigma_0.5,HC_LI,36,2750,20387495,143.81041788171453,206.17220273504765
1,3,5,2,uniform,service_sigma_0.5,HC_LI,37,2522,20387495,162.52499261656092,251.37005360820666
1,3,5,2,uniform,service_sigma_0.5,HC_LI,38,2012,20387495,158.21270683236028,225.03192169397295
1,3,5,2,uniform,service_sigma_0.5,HC_LI,39,1931,20387495,113.30282142122932,206.5773169546803
1,3,5,2,uniform,service_sigma_0.5,HC_LI,40,2777,20387495,129.73816669216964,141.91511387279294
1,3,5,2,uniform,service_sigma_0.5,HC_LI,41,2546,20387495,173.4169004878152,263.4583749950959
1,3,5,2,uniform,service_sigma_0.5,HC_LI,42,593,20387495,167.625181460512,252.1597789484044
1,3,5,2,uniform,service_sigma_0.5,HC_LI,43,1246,20387495,133.01565677834847,189.59101757242084
1,3,5,2,uniform,service_sigma_0.5,HC_LI,44,226,20387495,117.44494066753046,149.78574144109876
1,3,5,2,uniform,service_sigma_0.5,HC_LI,45,578,20387495,181.25233829044325,246.908433695024
1,3,5,2,uniform,service_sigma_0.5,HC_LI,46,800,20387495,136.207519003708,169.00494301231646
1,3,5,2,uniform,service_sigma_0.5,HC_LI,47,593,20387495,172.9537080907536,273.29973299356664
1,3,5,2,uniform,service_sigma_0.5,HC_LI,48,2687,20387495,151.08481872328156,241.53092841689647
1,3,5,2,uniform,service_sigma_0.5,HC_LI,49,823,20387495,152.3995776236959,163.4414582167874
1,3,5,2,uniform,service_sigma_0.5,HC_LI,50,2346,20387495,190.97750199802528,190.05145580886133
1,3,5,2,uniform,service_sigma_0.5,HC_LI,51,1739,20387495,143.796669797846,207.52920432124282
1,3,5,2,uniform,service_sigma_0.5,HC_LI,52,2712,20387495,142.0583709730501,195.31413972728666
1,3,5,2,uniform,service_sigma_0.5,HC_LI,53,1931,20387495,111.3410742357397,184.7826936823623
1,3,5,2,uniform,service_sigma_0.5,HC_LI,54,2,20387495,145.83374637589867,225.64880664269157
1,3,5,2,uniform,service_sigma_0.5,HC_LI,55,1343,20387495,127.87860927862188,171.41808853386084
1,3,5,2,uniform,service_sigma_0.5,HC_LI,56,1567,20387495,159.16256251402035,196.545502533216
1,3,5,2,uniform,service_sigma_0.5,HC_LI,57,1256,20387495,141.6268651771023,231.61357788711493
1,3,5,2,uniform,service_sigma_0.5,HC_LI,58,704,20387495,152.72209378685045,222.25752715879614
1,3,5,2,uniform,service_sigma_0.5,HC_LI,59,2891,20387495,156.51377063133592,221.99029754512063
1,3,5,2,uniform,service_sigma_0.5,HC_LI,60,2287,20387495,141.6640941932749,180.60191532252557
1,3,5,2,uniform,service_sigma_0.5,HC_LI,61,621,20387495,145.1295282785519,180.5775571511168
1,3,5,2,uniform,service_sigma_0.5,HC_LI,62,1822,20387495,121.10472593512391,206.3308548329682
1,3,5,2,uniform,service_sigma_0.5,HC_LI,63,2287,20387495,140.5718905590096,210.91547942919047
1,3,5,2,uniform,service_sigma_0.5,HC_LI,64,1822,20387495,121.52761233374297,198.10319184159772
1,3,5,2,uniform,service_sigma_0.5,HC_LI,65,1965,20387495,168.73825891616804,273.1690586058037
1,3,5,2,uniform,service_sigma_0.5,HC_LI,66,2940,20387495,163.75250526772192,241.86372533923262
1,3,5,2,uniform,service_sigma_0.5,HC_LI,67,2833,20387495,124.04770962379969,167.74621553551196
1,3,5,2,uniform,service_sigma_0.5,HC_LI,68,2034,20387495,129.88359111829567,198.37296875995054
1,3,5,2,uniform,service_sigma_0.5,HC_LI,69,2504,20387495,127.5676843204995,211.41834623253052
1,3,5,2,uniform,service_sigma_0.5,HC_LI,70,978,20387495,143.30198289861622,190.14531425027965
1,3,5,2,uniform,service_sigma_0.5,HC_LI,71,1274,20387495,126.54136406166259,192.65079540304046
1,3,5,2,uniform,service_sigma_0.5,HC_LI,72,2787,20387495,160.42898336473698,222.0294391333876
1,3,5,2,uniform,service_sigma_0.5,HC_LI,73,80,20387495,140.13719501268392,191.5386402192475
1,3,5,2,uniform,service_sigma_0.5,HC_LI,74,1535,20387495,121.0900524765656,146.59351370805504
1,3,5,2,uniform,service_sigma_0.5,HC_LI,75,1907,20387495,162.3281447440578,248.75438508473349
1,3,5,2,uniform,service_sigma_0.5,HC_LI,76,2833,20387495,131.74483220102817,190.49808916725215
1,3,5,2,uniform,service_sigma_0.5,HC_LI,77,77,20387495,138.02333857601695,173.16042472548892
1,3,5,2,uniform,service_sigma_0.5,HC_LI,78,1852,20387495,149.29270443649412,189.35004199363405
1,3,5,2,uniform,service_sigma_0.5,HC_LI,79,1179,20387495,166.46538282468003,268.81825707838715
1,3,5,2,uniform,service_sigma_0.5,HC_LI,80,2396,20387495,117.795740052312,156.89528589904904
1,3,5,2,uniform,service_sigma_0.5,HC_LI,81,753,20387495,146.31953162176325,155.66223038772864
1,3,5,2,uniform,service_sigma_0.5,HC_LI,82,1528,20387495,128.12480874172192,183.4021666879302
1,3,5,2,uniform,service_sigma_0.5,HC_LI,83,501,20387495,181.2093650678538,274.7611709412505
1,3,5,2,uniform,service_sigma_0.5,HC_LI,84,1401,20387495,120.13996049658643,215.70656037342002
1,3,5,2,uniform,service_sigma_0.5,HC_LI,85,2383,20387495,154.1160505470338,217.3951354261444
1,3,5,2,uniform,service_sigma_0.5,HC_LI,86,357,20387495,153.91199424947436,281.87540088858174
1,3,5,2,uniform,service_sigma_0.5,HC_LI,87,77,20387495,115.49291664632793,171.1456967675959
1,3,5,2,uniform,service_sigma_0.5,HC_LI,88,1636,20387495,167.5204771103869,213.27870694602072
1,3,5,2,uniform,service_sigma_0.5,HC_LI,89,614,20387495,139.57313509890972,192.18663312862708
1,3,5,2,uniform,service_sigma_0.5,HC_LI,90,500,20387495,146.04455071535256,218.44723577934795
1,3,5,2,uniform,service_sigma_0.5,HC_LI,91,2891,20387495,169.97793640026535,233.24434527745993
1,3,5,2,uniform,service_sigma_0.5,HC_LI,92,500,20387495,135.90352176409988,189.2658320049135
1,3,5,2,uniform,service_sigma_0.5,HC_LI,93,2985,20387495,150.29924964277737,223.62271091916568
1,3,5,2,uniform,service_sigma_0.5,HC_LI,94,1876,20387495,149.11078211319904,234.5966480631833
1,3,5,2,uniform,service_sigma_0.5,HC_LI,95,2761,20387495,141.4308173218778,149.8554791251155
1,3,5,2,uniform,service_sigma_0.5,HC_LI,96,2068,20387495,127.32231289650902,159.21794877531255
1,3,5,2,uniform,service_sigma_0.5,HC_LI,97,2489,20387495,142.98273934393686,181.66577015788445
1,3,5,2,uniform,service_sigma_0.5,HC_LI,98,2466,20387495,159.278473268847,267.9873439276639
1,3,5,2,uniform,service_sigma_0.5,HC_LI,99,1298,20387495,153.26828802601446,208.63247625170447
1,3,5,2,uniform,service_sigma_0.5,HC_LI,100,2184,20387495,180.42568983512658,265.7513522602243
1,3,5,2,uniform,service_sigma_0.5,HC_LI,101,614,20387495,134.57339961074945,189.75157913636963
1,3,5,2,uniform,service_sigma_0.5,HC_LI,102,1422,20387495,125.95621754786671,189.06069722222682
1,3,5,2,uniform,service_sigma_0.5,HC_LI,103,987,20387495,132.68263841619256,186.52404943317347
1,3,5,2,uniform,service_sigma_0.5,HC_LI,104,2985,20387495,133.05197441440086,203.79865536242087
1,3,5,2,uniform,service_sigma_0.5,HC_LI,105,578,20387495,181.2973760490463,221.75095867774058
1,3,5,2,uniform,service_sigma_0.5,HC_LI,106,2207,20387495,147.039850711033,173.71460568595987
1,3,5,2,uniform,service_sigma_0.5,HC_LI,107,2129,20387495,118.45066129932226,198.33131929603408
1,3,5,2,uniform,service_sigma_0.5,HC_LI,108,2788,20387495,137.8372208659549,234.16072281193877
1,3,5,2,uniform,service_sigma_0.5,HC_LI,109,1298,20387495,137.01016196028976,177.24252698891416
1,3,5,2,uniform,service_sigma_0.5,HC_LI,110,788,20387495,149.58560838676257,173.340797558604
1,3,5,2,uniform,service_sigma_0.5,HC_LI,111,480,20387495,170.14522876412664,234.61129037421273
1,3,5,2,uniform,service_sigma_0.5,HC_LI,112,2900,20387495,129.57642043743982,163.61300731379782
1,3,5,2,uniform,service_sigma_0.5,HC_LI,113,1188,20387495,144.78661963722092,199.4625004114591
1,3,5,2,uniform,service_sigma_0.5,HC_LI,114,558,20387495,116.66109107830393,167.2648007855756
1,3,5,2,uniform,service_sigma_0.5,HC_LI,115,593,20387495,178.69240897287582,239.5598854297942
1,3,5,2,uniform,service_sigma_0.5,HC_LI,116,844,20387495,166.49660262148748,189.85671034388633
1,3,5,2,uniform,service_sigma_0.5,HC_LI,117,844,20387495,161.28334237379204,210.18173260257961
1,3,5,2,uniform,service_sigma_0.5,HC_LI,118,2286,20387495,153.45734349595682,190.1042447124234
1,3,5,2,uniform,service_sigma_0.5,HC_LI,119,2068,20387495,133.12457456196262,187.19240851973788
1,3,5,2,uniform,service_sigma_0.5,HC_LI,120,2182,20387495,155.3650494646753,248.0611107995629
1,3,5,2,uniform,service_sigma_0.5,HC_LI,121,219,20387495,111.7957635789469,186.76427466106094
1,3,5,2,uniform,service_sigma_0.5,HC_LI,122,2676,20387495,138.78419414056302,177.03790614061845
1,3,5,2,uniform,service_sigma_0.5,HC_LI,123,2687,20387495,130.43447521186783,231.0879634562911
1,3,5,2,uniform,service_sigma_0.5,HC_LI,124,2473,20387495,156.11498567936897,200.71258157556807
1,3,5,2,uniform,service_sigma_0.5,HC_LI,125,2777,20387495,152.03565037400662,192.6298550605639
1,3,5,2,uniform,service_sigma_0.5,HC_LI,126,2176,20387495,158.6275473504857,250.3268993335406
1,3,5,2,uniform,service_sigma_0.5,HC_LI,127,1636,20387495,188.13419792552523,268.7087301129022
1,3,5,2,uniform,service_sigma_0.5,HC_LI,128,1350,20387495,118.73503673840263,174.29744365042458
1,3,5,2,uniform,service_sigma_0.5,HC_LI,129,464,20387495,119.22687718139184,210.01172522309153
1,3,5,2,uniform,service_sigma_0.5,HC_LI,130,2940,20387495,147.76605233529077,230.65559372002417
1,3,5,2,uniform,service_sigma_0.5,HC_LI,131,354,20387495,145.36002176065026,210.63830692220932
1,3,5,2,uniform,service_sigma_0.5,HC_LI,132,1203,20387495,134.80360692883835,211.79516244148786
1,3,5,2,uniform,service_sigma_0.5,HC_LI,133,708,20387495,177.20029136222487,208.89650127755525
1,3,5,2,uniform,service_sigma_0.5,HC_LI,134,1974,20387495,151.7357788398383,166.7124629361161
1,3,5,2,uniform,service_sigma_0.5,HC_LI,135,2207,20387495,129.66589265108067,166.72585399172542
1,3,5,2,uniform,service_sigma_0.5,HC_LI,136,943,20387495,98.51663820794553,168.9260550179014
1,3,5,2,uniform,service_sigma_0.5,HC_LI,137,829,20387495,156.99607626041248,264.2567938427483
1,3,5,2,uniform,service_sigma_0.5,HC_LI,138,896,20387495,142.53071360141234,237.63976983724018
1,3,5,2,uniform,service_sigma_0.5,HC_LI,139,2787,20387495,154.99430647458735,231.1300009274505
1,3,5,2,uniform,service_sigma_0.5,HC_LI,140,986,20387495,161.75762831412877,229.68553593337057
1,3,5,2,uniform,service_sigma_0.5,HC_LI,141,933,20387495,137.99491692681332,166.98166316617272
1,3,5,2,uniform,service_sigma_0.5,HC_LI,142,1933,20387495,176.87952792498555,178.9704999616423
1,3,5,2,uniform,service_sigma_0.5,HC_LI,143,94,20387495,158.87894671007822,243.02351056985432
1,3,5,2,uniform,service_sigma_0.5,HC_LI,144,788,20387495,133.38333361448494,180.21558963764696
1,3,5,2,uniform,service_sigma_0.5,HC_LI,145,2482,20387495,140.0602191816238,193.05339986760754
1,3,5,2,uniform,service_sigma_0.5,HC_LI,146,1528,20387495,148.96339344614535,236.16172183055033
1,3,5,2,uniform,service_sigma_0.5,HC_LI,147,844,20387495,155.51965071746133,199.21614746037918
1,3,5,2,uniform,service_sigma_0.5,HC_LI,148,2482,20387495,125.05109069513584,198.3442936070415
1,3,5,2,uniform,service_sigma_0.5,HC_LI,149,815,20387495,117.78968037933062,199.71299439305952
1,3,5,2,uniform,service_sigma_0.5,HC_LI,150,1422,20387495,157.67383563390885,182.96397112526725
1,3,5,2,uniform,service_sigma_0.5,HC_LI,151,558,20387495,142.59965285007573,206.7448941780006
1,3,5,2,uniform,service_sigma_0.5,HC_LI,152,1488,20387495,172.1545920708705,227.18720661501314
1,3,5,2,uniform,service_sigma_0.5,HC_LI,153,1226,20387495,131.23503190064952,182.44464661556904
1,3,5,2,uniform,service_sigma_0.5,HC_LI,154,2346,20387495,188.07380767952944,281.3615079157439
1,3,5,2,uniform,service_sigma_0.5,HC_LI,155,2640,20387495,156.83777443440115,209.18864600791636
1,3,5,2,uniform,service_sigma_0.5,HC_LI,156,2654,20387495,139.97199581406764,192.96977031102313
1,3,5,2,uniform,service_sigma_0.5,HC_LI,157,1877,20387495,143.51874465305585,216.7187391990498
1,3,5,2,uniform,service_sigma_0.5,HC_LI,158,978,20387495,169.31524254619694,239.35684052464038
1,3,5,2,uniform,service_sigma_0.5,HC_LI,159,708,20387495,157.64028915173833,270.6990767719149
1,3,5,2,uniform,service_sigma_0.5,HC_LI,160,815,20387495,113.57029326759789,165.4358087234811
1,3,5,2,uniform,service_sigma_0.5,HC_LI,161,2430,20387495,139.77369047339798,191.14207848789815
1,3,5,2,uniform,service_sigma_0.5,HC_LI,162,1405,20387495,171.2901937503007,176.31210860170304
1,3,5,2,uniform,service_sigma_0.5,HC_LI,163,2413,20387495,118.5802110417564,208.90518033669167
1,3,5,2,uniform,service_sigma_0.5,HC_LI,164,2346,20387495,132.01495513926946,221.60566704069544
1,3,5,2,uniform,service_sigma_0.5,HC_LI,165,1917,20387495,121.00422338825437,142.2029374323848
1,3,5,2,uniform,service_sigma_0.5,HC_LI,166,2588,20387495,139.97383712174488,226.82301589364275
1,3,5,2,uniform,service_sigma_0.5,HC_LI,167,1992,20387495,118.46064685349171,159.72987519778422
1,3,5,2,uniform,service_sigma_0.5,HC_LI,168,1023,20387495,176.26105682292007,214.54593318652385
1,3,5,2,uniform,service_sigma_0.5,HC_LI,169,1933,20387495,138.85567466315263,183.49411230550416
1,3,5,2,uniform,service_sigma_0.5,HC_LI,170,1203,20387495,151.07037841360614,206.54290607756226
1,3,5,2,uniform,service_sigma_0.5,HC_LI,171,464,20387495,144.42597212503745,210.4412063671283
1,3,5,2,uniform,service_sigma_0.5,HC_LI,172,2030,20387495,137.28322448825506,183.00755832752773
1,3,5,2,uniform,service_sigma_0.5,HC_LI,173,537,20387495,140.0174134844598,198.10700763356522
1,3,5,2,uniform,service_sigma_0.5,HC_LI,174,2182,20387495,163.5643936827545,248.4897281375334
1,3,5,2,uniform,service_sigma_0.5,HC_LI,175,2842,20387495,156.54436280665726,185.4624104924198
1,3,5,2,uniform,service_sigma_0.5,HC_LI,176,2155,20387495,119.3711494839424,180.59566135197625
1,3,5,2,uniform,service_sigma_0.5,HC_LI,177,2413,20387495,146.9909231050093,187.44132254732557
1,3,5,2,uniform,service_sigma_0.5,HC_LI,178,1079,20387495,136.8949266290593,175.82801007468612
1,3,5,2,uniform,service_sigma_0.5,HC_LI,179,1256,20387495,140.009083872523,218.04545358359496
1,3,5,2,uniform,service_sigma_0.5,HC_LI,180,2502,20387495,158.6043671264005,185.23837000421574
1,3,5,2,uniform,service_sigma_0.5,HC_LI,181,769,20387495,171.4767060796014,193.0118601284074
1,3,5,2,uniform,service_sigma_0.5,HC_LI,182,933,20387495,119.64236760391898,178.15763089462854
1,3,5,2,uniform,service_sigma_0.5,HC_LI,183,1362,20387495,143.5493421598425,201.8313780320685
1,3,5,2,uniform,service_sigma_0.5,HC_LI,184,1118,20387495,140.5664442073819,230.90914999686763
1,3,5,2,uniform,service_sigma_0.5,HC_LI,185,522,20387495,149.71609832126452,212.57338962336786
1,3,5,2,uniform,service_sigma_0.5,HC_LI,186,2654,20387495,163.25891627083956,209.7735336765571
1,3,5,2,uniform,service_sigma_0.5,HC_LI,187,1383,20387495,136.466598234765,173.56524572896325
1,3,5,2,uniform,service_sigma_0.5,HC_LI,188,1648,20387495,171.1838478243944,248.7282507890703
1,3,5,2,uniform,service_sigma_0.5,HC_LI,189,612,20387495,132.62736828589166,194.79332417062707
1,3,5,2,uniform,service_sigma_0.5,HC_LI,190,500,20387495,134.95437553384886,185.99362431112914
1,3,5,2,uniform,service_sigma_0.5,HC_LI,191,2074,20387495,147.63099642830807,202.77789451818603
1,3,5,2,uniform,service_sigma_0.5,HC_LI,192,209,20387495,140.68717616706033,165.61944132598083
1,3,5,2,uniform,service_sigma_0.5,HC_LI,193,1328,20387495,139.94090088660784,232.69095305227341
1,3,5,2,uniform,service_sigma_0.5,HC_LI,194,2012,20387495,191.84795722109206,231.82170717332417
1,3,5,2,uniform,service_sigma_0.5,HC_LI,195,2908,20387495,148.15003678932098,214.19654005498643
1,3,5,2,uniform,service_sigma_0.5,HC_LI,196,2625,20387495,108.13609539025492,193.87839116112823
1,3,5,2,uniform,service_sigma_0.5,HC_LI,197,2761,20387495,128.81358339205877,157.67535833285652
1,3,5,2,uniform,service_sigma_0.5,HC_LI,198,2413,20387495,121.8573374426522,173.30230696378757
1,3,5,2,uniform,service_sigma_0.5,HC_LI,199,148,20387495,170.67143324598067,188.51956775524317
1,3,5,2,uniform,service_sigma_0.5,LC_HI,0,1733,20387495,131.28382521813654,155.5910535794466
1,3,5,2,uniform,service_sigma_0.5,LC_HI,1,2508,20387495,122.55458442328255,201.33027845840414
1,3,5,2,uniform,service_sigma_0.5,LC_HI,2,1800,20387495,147.68464063361915,174.63666645760213
1,3,5,2,uniform,service_sigma_0.5,LC_HI,3,138,20387495,140.60650461193683,201.76854849885893
1,3,5,2,uniform,service_sigma_0.5,LC_HI,4,674,20387495,120.76063730682789,179.07057450310433
1,3,5,2,uniform,service_sigma_0.5,LC_HI,5,2717,20387495,130.0733482722774,144.14843755549057
1,3,5,2,uniform,service_sigma_0.5,LC_HI,6,1009,20387495,152.94390020389946,181.60686449312163
1,3,5,2,uniform,service_sigma_0.5,LC_HI,7,1254,20387495,116.56900699214093,204.72187183545458
1,3,5,2,uniform,service_sigma_0.5,LC_HI,8,2783,20387495,131.76953394503505,181.87283486008545
1,3,5,2,uniform,service_sigma_0.5,LC_HI,9,12,20387495,172.84413974286807,242.63848350867602
1,3,5,2,uniform,service_sigma_0.5,LC_HI,10,1960,20387495,94.42691217673077,114.7088490202838
1,3,5,2,uniform,service_sigma_0.5,LC_HI,11,1545,20387495,115.38181994484395,177.80326427719638
1,3,5,2,uniform,service_sigma_0.5,LC_HI,12,1923,20387495,95.58228337197713,121.14086247186715
1,3,5,2,uniform,service_sigma_0.5,LC_HI,13,2379,20387495,132.63792793694287,179.08198061013982
1,3,5,2,uniform,service_sigma_0.5,LC_HI,14,49,20387495,111.96585863637563,129.03170226334217
1,3,5,2,uniform,service_sigma_0.5,LC_HI,15,186,20387495,113.79213656277103,137.44142507590337
1,3,5,2,uniform,service_sigma_0.5,LC_HI,16,1562,20387495,116.8436387465902,193.56619279805798
1,3,5,2,uniform,service_sigma_0.5,LC_HI,17,1465,20387495,164.97169713628404,200.98101830796276
1,3,5,2,uniform,service_sigma_0.5,LC_HI,18,1510,20387495,117.9861582373588,150.1500394078749
1,3,5,2,uniform,service_sigma_0.5,LC_HI,19,1462,20387495,131.36062519418334,145.88286109674425
1,3,5,2,uniform,service_sigma_0.5,LC_HI,20,32,20387495,104.40808381614755,147.13528745831738
1,3,5,2,uniform,service_sigma_0.5,LC_HI,21,499,20387495,144.86941526728145,198.2523959266588
1,3,5,2,uniform,service_sigma_0.5,LC_HI,22,2367,20387495,111.76176085473952,168.8879342666053
1,3,5,2,uniform,service_sigma_0.5,LC_HI,23,2099,20387495,144.30568640511768,233.8831675555269
1,3,5,2,uniform,service_sigma_0.5,LC_HI,24,1316,20387495,135.96466313465746,194.23823927005293
1,3,5,2,uniform,service_sigma_0.5,LC_HI,25,413,20387495,115.54383496102085,180.45306024692331
1,3,5,2,uniform,service_sigma_0.5,LC_HI,26,2811,20387495,120.4620601875701,180.7223635509563
1,3,5,2,uniform,service_sigma_0.5,LC_HI,27,2091,20387495,96.22966052513628,180.89929719770177
1,3,5,2,uniform,service_sigma_0.5,LC_HI,28,836,20387495,113.22509039030587,146.91371947824524
1,3,5,2,uniform,service_sigma_0.5,LC_HI,29,1316,20387495,147.74477364749234,190.03953377422212
1,3,5,2,uniform,service_sigma_0.5,LC_HI,30,885,20387495,130.38472535781287,184.61512336068188
1,3,5,2,uniform,service_sigma_0.5,LC_HI,31,1084,20387495,132.89543213584145,162.66821053644753
1,3,5,2,uniform,service_sigma_0.5,LC_HI,32,503,20387495,135.83523285180846,155.22750315340627
1,3,5,2,uniform,service_sigma_0.5,LC_HI,33,2128,20387495,115.82703863552713,138.3983343702894
1,3,5,2,uniform,service_sigma_0.5,LC_HI,34,2605,20387495,110.70992303896973,172.7220566369361
1,3,5,2,uniform,service_sigma_0.5,LC_HI,35,377,20387495,105.52494687039906,187.80973547150995
1,3,5,2,uniform,service_sigma_0.5,LC_HI,36,551,20387495,112.1143244530668,174.25380894537432
1,3,5,2,uniform,service_sigma_0.5,LC_HI,37,238,20387495,150.1754299976459,203.39642886297108
1,3,5,2,uniform,service_sigma_0.5,LC_HI,38,1711,20387495,115.66823838930821,188.0578000367859
1,3,5,2,uniform,service_sigma_0.5,LC_HI,39,435,20387495,115.6947626639092,167.39090563482554
1,3,5,2,uniform,service_sigma_0.5,LC_HI,40,348,20387495,123.05214459035554,197.99223659941399
1,3,5,2,uniform,service_sigma_0.5,LC_HI,41,2367,20387495,130.684037534957,177.6765271164813
1,3,5,2,uniform,service_sigma_0.5,LC_HI,42,550,20387495,139.94615769120145,160.75057476539206
1,3,5,2,uniform,service_sigma_0.5,LC_HI,43,1711,20387495,125.88900391442904,178.88900391442903
1,3,5,2,uniform,service_sigma_0.5,LC_HI,44,1101,20387495,121.32787310120892,172.89778674574188
1,3,5,2,uniform,service_sigma_0.5,LC_HI,45,967,20387495,124.17200452051244,201.15454141180606
1,3,5,2,uniform,service_sigma_0.5,LC_HI,46,2538,20387495,125.10134670419896,134.32486727333617
1,3,5,2,uniform,service_sigma_0.5,LC_HI,47,1960,20387495,104.21052090702757,130.25049555359578
1,3,5,2,uniform,service_sigma_0.5,LC_HI,48,1545,20387495,137.57139838522383,185.59509905138225
1,3,5,2,uniform,service_sigma_0.5,LC_HI,49,1041,20387495,124.96961649830912,216.80373779281655
1,3,5,2,uniform,service_sigma_0.5,LC_HI,50,1682,20387495,152.79306400171836,213.74698707621735
1,3,5,2,uniform,service_sigma_0.5,LC_HI,51,1050,20387495,120.63396920333543,165.6965016158971
1,3,5,2,uniform,service_sigma_0.5,LC_HI,52,431,20387495,127.96551334043008,192.5836291627017
1,3,5,2,uniform,service_sigma_0.5,LC_HI,53,736,20387495,94.20855219274391,127.59405558018942
1,3,5,2,uniform,service_sigma_0.5,LC_HI,54,775,20387495,152.12325970660748,174.72434561409924
1,3,5,2,uniform,service_sigma_0.5,LC_HI,55,2323,20387495,134.3381259886972,204.91356050354375
1,3,5,2,uniform,service_sigma_0.5,LC_HI,56,1686,20387495,132.9231601630573,160.1536573561392
1,3,5,2,uniform,service_sigma_0.5,LC_HI,57,413,20387495,124.47376147030909,161.4792780730262
1,3,5,2,uniform,service_sigma_0.5,LC_HI,58,1248,20387495,120.88294319241133,168.6559664559586
1,3,5,2,uniform,service_sigma_0.5,LC_HI,59,865,20387495,168.16691465914727,227.94374122917134
1,3,5,2,uniform,service_sigma_0.5,LC_HI,60,1370,20387495,107.81068159835941,151.31881985812262
1,3,5,2,uniform,service_sigma_0.5,LC_HI,61,71,20387495,173.6162478563394,221.96404759167808
1,3,5,2,uniform,service_sigma_0.5,LC_HI,62,2717,20387495,129.1743508750998,164.73224871923122
1,3,5,2,uniform,service_sigma_0.5,LC_HI,63,998,20387495,114.50020062954927,125.71817984465481
1,3,5,2,uniform,service_sigma_0.5,LC_HI,64,1123,20387495,96.91309601568197,123.37989334458214
1,3,5,2,uniform,service_sigma_0.5,LC_HI,65,836,20387495,108.0486752734773,157.32569686756673
1,3,5,2,uniform,service_sigma_0.5,LC_HI,66,161,20387495,129.91875409618098,232.7738285566901
1,3,5,2,uniform,service_sigma_0.5,LC_HI,67,998,20387495,124.25795365826758,158.69344462890078
1,3,5,2,uniform,service_sigma_0.5,LC_HI,68,1316,20387495,137.65734417990905,184.2163476002474
1,3,5,2,uniform,service_sigma_0.5,LC_HI,69,1922,20387495,111.99164708929762,140.44249420593871
1,3,5,2,uniform,service_sigma_0.5,LC_HI,70,1517,20387495,110.40168617491648,143.30623983872232
1,3,5,2,uniform,service_sigma_0.5,LC_HI,71,953,20387495,120.84185165080862,141.66919660174923
1,3,5,2,uniform,service_sigma_0.5,LC_HI,72,2902,20387495,143.70720355987285,159.97835941291441
1,3,5,2,uniform,service_sigma_0.5,LC_HI,73,1021,20387495,143.11821627434273,150.92586600724715
1,3,5,2,uniform,service_sigma_0.5,LC_HI,74,2249,20387495,119.70169057711996,133.6827636817431
1,3,5,2,uniform,service_sigma_0.5,LC_HI,75,1370,20387495,113.96390348485224,153.2512385516352
1,3,5,2,uniform,service_sigma_0.5,LC_HI,76,1511,20387495,143.10929156254952,160.91374315933908
1,3,5,2,uniform,service_sigma_0.5,LC_HI,77,1049,20387495,114.73611602388942,160.1955074591619
1,3,5,2,uniform,service_sigma_0.5,LC_HI,78,1163,20387495,116.63855785459602,163.32813708595296
1,3,5,2,uniform,service_sigma_0.5,LC_HI,79,647,20387495,145.17846528738698,180.8931330883821
1,3,5,2,uniform,service_sigma_0.5,LC_HI,80,139,20387495,115.38234345865337,146.82351570167086
1,3,5,2,uniform,service_sigma_0.5,LC_HI,81,1875,20387495,178.67621571251823,201.804824241225
1,3,5,2,uniform,service_sigma_0.5,LC_HI,82,1517,20387495,113.6487123170583,139.60463769640785
1,3,5,2,uniform,service_sigma_0.5,LC_HI,83,843,20387495,137.73515307740988,193.75152331851214
1,3,5,2,uniform,service_sigma_0.5,LC_HI,84,2538,20387495,104.33941655067957,126.42410966150786
1,3,5,2,uniform,service_sigma_0.5,LC_HI,85,1297,20387495,104.88026226573031,154.7483897652991
1,3,5,2,uniform,service_sigma_0.5,LC_HI,86,487,20387495,137.89791840328033,158.535234074967
1,3,5,2,uniform,service_sigma_0.5,LC_HI,87,998,20387495,100.55364376546136,128.9694347118042
1,3,5,2,uniform,service_sigma_0.5,LC_HI,88,2409,20387495,115.60044794436884,185.43083381989672
1,3,5,2,uniform,service_sigma_0.5,LC_HI,89,2128,20387495,103.83363488757645,134.56174818282122
1,3,5,2,uniform,service_sigma_0.5,LC_HI,90,2249,20387495,131.71227464464255,160.73064811942803
1,3,5,2,uniform,service_sigma_0.5,LC_HI,91,1212,20387495,129.74494695691604,200.8867225731248
1,3,5,2,uniform,service_sigma_0.5,LC_HI,92,2602,20387495,104.57718258522925,128.1421953684734
1,3,5,2,uniform,service_sigma_0.5,LC_HI,93,2699,20387495,181.0801310714527,280.37411571248253
1,3,5,2,uniform,service_sigma_0.5,LC_HI,94,2177,20387495,120.48853575321881,190.22574905349217
1,3,5,2,uniform,service_sigma_0.5,LC_HI,95,2681,20387495,128.36820066863032,145.16960836933598
1,3,5,2,uniform,service_sigma_0.5,LC_HI,96,1510,20387495,115.13088883852623,131.53105822648556
1,3,5,2,uniform,service_sigma_0.5,LC_HI,97,1562,20387495,111.82390918268497,189.08457388200114
1,3,5,2,uniform,service_sigma_0.5,LC_HI,98,1973,20387495,106.87965277964041,156.25391834850194
1,3,5,2,uniform,service_sigma_0.5,LC_HI,99,919,20387495,152.72768634718994,197.6903942660596
1,3,5,2,uniform,service_sigma_0.5,LC_HI,100,757,20387495,147.2052040129587,190.41265541455533
1,3,5,2,uniform,service_sigma_0.5,LC_HI,101,2400,20387495,117.71054837911875,208.2700455805827
1,3,5,2,uniform,service_sigma_0.5,LC_HI,102,629,20387495,120.65723159563962,220.43423951859293
1,3,5,2,uniform,service_sigma_0.5,LC_HI,103,775,20387495,164.1928209418271,181.3767268689556
1,3,5,2,uniform,service_sigma_0.5,LC_HI,104,1009,20387495,179.22267832000028,198.01634375321123
1,3,5,2,uniform,service_sigma_0.5,LC_HI,105,2615,20387495,92.78160790721377,119.11238838702978
1,3,5,2,uniform,service_sigma_0.5,LC_HI,106,474,20387495,120.74079109248405,175.17426913488828
1,3,5,2,uniform,service_sigma_0.5,LC_HI,107,404,20387495,110.94048212380058,146.30370361514758
1,3,5,2,uniform,service_sigma_0.5,LC_HI,108,331,20387495,129.16864463466325,159.53028544724677
1,3,5,2,uniform,service_sigma_0.5,LC_HI,109,2249,20387495,142.35749708651423,171.27643486537713
1,3,5,2,uniform,service_sigma_0.5,LC_HI,110,280,20387495,109.50505336464161,155.68295710571525
1,3,5,2,uniform,service_sigma_0.5,LC_HI,111,2838,20387495,140.70586957562102,229.06671032670408
1,3,5,2,uniform,service_sigma_0.5,LC_HI,112,359,20387495,110.49525540419309,129.59573819158175
1,3,5,2,uniform,service_sigma_0.5,LC_HI,113,2605,20387495,121.30296895324993,169.20367818486832
1,3,5,2,uniform,service_sigma_0.5,LC_HI,114,1474,20387495,135.84439059084823,164.5727251176786
1,3,5,2,uniform,service_sigma_0.5,LC_HI,115,793,20387495,138.2745376793617,229.41732320251
1,3,5,2,uniform,service_sigma_0.5,LC_HI,116,2351,20387495,109.8550587593016,136.93227325169752
1,3,5,2,uniform,service_sigma_0.5,LC_HI,117,624,20387495,116.05071925132489,177.26781104269054
1,3,5,2,uniform,service_sigma_0.5,LC_HI,118,953,20387495,127.23090849404245,156.04579929755297
1,3,5,2,uniform,service_sigma_0.5,LC_HI,119,241,20387495,156.96109126283758,165.1859294137126
1,3,5,2,uniform,service_sigma_0.5,LC_HI,120,686,20387495,137.24824269369822,193.64298118718204
1,3,5,2,uniform,service_sigma_0.5,LC_HI,121,515,20387495,128.36943408157094,189.74363883379576
1,3,5,2,uniform,service_sigma_0.5,LC_HI,122,1923,20387495,109.27166732466893,111.35803939868677
1,3,5,2,uniform,service_sigma_0.5,LC_HI,123,1562,20387495,108.42515671316941,165.56171858366406
1,3,5,2,uniform,service_sigma_0.5,LC_HI,124,1682,20387495,136.27528831033462,193.1793118162731
1,3,5,2,uniform,service_sigma_0.5,LC_HI,125,872,20387495,112.8164350759745,162.73578169107083
1,3,5,2,uniform,service_sigma_0.5,LC_HI,126,1823,20387495,93.45680398018605,100.53636916711346
1,3,5,2,uniform,service_sigma_0.5,LC_HI,127,140,20387495,129.1771105326848,162.76194636184712
1,3,5,2,uniform,service_sigma_0.5,LC_HI,128,1904,20387495,130.47859280405328,164.87606866366903
1,3,5,2,uniform,service_sigma_0.5,LC_HI,129,1875,20387495,152.52781552195876,186.9676376575464
1,3,5,2,uniform,service_sigma_0.5,LC_HI,130,2838,20387495,145.46910044484017,233.8820280914606
1,3,5,2,uniform,service_sigma_0.5,LC_HI,131,359,20387495,120.01349804381874,159.12861292953943
1,3,5,2,uniform,service_sigma_0.5,LC_HI,132,1663,20387495,130.820558932349,208.130575312898
1,3,5,2,uniform,service_sigma_0.5,LC_HI,133,2073,20387495,136.61569855682873,202.24479648611216
1,3,5,2,uniform,service_sigma_0.5,LC_HI,134,1267,20387495,161.4972819689028,177.41541936782494
1,3,5,2,uniform,service_sigma_0.5,LC_HI,135,792,20387495,164.8784001188448,214.83601542638107
1,3,5,2,uniform,service_sigma_0.5,LC_HI,136,520,20387495,114.53809013736416,159.9055318202313
1,3,5,2,uniform,service_sigma_0.5,LC_HI,137,1475,20387495,132.90908893529303,186.4242043745419
1,3,5,2,uniform,service_sigma_0.5,LC_HI,138,1674,20387495,125.5650622280717,160.45503878452618
1,3,5,2,uniform,service_sigma_0.5,LC_HI,139,674,20387495,130.1840878019037,176.34477790349686
1,3,5,2,uniform,service_sigma_0.5,LC_HI,140,757,20387495,156.24472328140786,219.41128864662633
1,3,5,2,uniform,service_sigma_0.5,LC_HI,141,2031,20387495,104.0937882705978,94.66084417131755
1,3,5,2,uniform,service_sigma_0.5,LC_HI,142,2812,20387495,148.97042066283473,188.56406300299324
1,3,5,2,uniform,service_sigma_0.5,LC_HI,143,913,20387495,133.59746113766622,172.19910316698068
1,3,5,2,uniform,service_sigma_0.5,LC_HI,144,2699,20387495,178.30742372876952,232.2067392838897
1,3,5,2,uniform,service_sigma_0.5,LC_HI,145,2570,20387495,117.05085051737572,176.32957800669993
1,3,5,2,uniform,service_sigma_0.5,LC_HI,146,369,20387495,145.5985355465382,146.47823920768528
1,3,5,2,uniform,service_sigma_0.5,LC_HI,147,2555,20387495,118.4906240605504,155.26644850656163
1,3,5,2,uniform,service_sigma_0.5,LC_HI,148,2103,20387495,111.91483536517521,137.69459900773512
1,3,5,2,uniform,service_sigma_0.5,LC_HI,149,2888,20387495,164.52526554099168,231.4836989174047
1,3,5,2,uniform,service_sigma_0.5,LC_HI,150,436,20387495,134.16504376126485,174.9727312997734
1,3,5,2,uniform,service_sigma_0.5,LC_HI,151,2620,20387495,113.88806491156699,199.18843057468092
1,3,5,2,uniform,service_sigma_0.5,LC_HI,152,49,20387495,112.27230665362634,142.6051056599063
1,3,5,2,uniform,service_sigma_0.5,LC_HI,153,1009,20387495,165.44768899732503,184.8507451920196
1,3,5,2,uniform,service_sigma_0.5,LC_HI,154,1609,20387495,176.25528622631893,230.25112092877796
1,3,5,2,uniform,service_sigma_0.5,LC_HI,155,1489,20387495,113.94640988389226,160.58655725990505
1,3,5,2,uniform,service_sigma_0.5,LC_HI,156,653,20387495,123.85442177977268,210.1213613589125
1,3,5,2,uniform,service_sigma_0.5,LC_HI,157,435,20387495,115.41741721621187,163.75228967161198
1,3,5,2,uniform,service_sigma_0.5,LC_HI,158,462,20387495,89.63738473558186,111.05801023535867
1,3,5,2,uniform,service_sigma_0.5,LC_HI,159,1444,20387495,113.76910120332589,174.31942710420148
1,3,5,2,uniform,service_sigma_0.5,LC_HI,160,1627,20387495,143.42978276894905,179.18426820197104
1,3,5,2,uniform,service_sigma_0.5,LC_HI,161,404,20387495,111.49871213724052,139.41489534650827
1,3,5,2,uniform,service_sigma_0.5,LC_HI,162,1406,20387495,115.80558869351474,137.63037577731725
1,3,5,2,uniform,service_sigma_0.5,LC_HI,163,2929,20387495,118.76363171799511,130.83238850964173
1,3,5,2,uniform,service_sigma_0.5,LC_HI,164,757,20387495,124.28978525149087,271.7387428110302
1,3,5,2,uniform,service_sigma_0.5,LC_HI,165,1686,20387495,114.07914099285112,183.38672450487195
1,3,5,2,uniform,service_sigma_0.5,LC_HI,166,859,20387495,135.5950519321791,205.9361282821298
1,3,5,2,uniform,service_sigma_0.5,LC_HI,167,953,20387495,120.36911257768931,139.06263914235552
1,3,5,2,uniform,service_sigma_0.5,LC_HI,168,2153,20387495,132.7310188781917,165.89915470044846
1,3,5,2,uniform,service_sigma_0.5,LC_HI,169,2783,20387495,139.14949169569306,185.8967032002787
1,3,5,2,uniform,service_sigma_0.5,LC_HI,170,1895,20387495,136.51419770163207,225.68732720716218
1,3,5,2,uniform,service_sigma_0.5,LC_HI,171,793,20387495,132.24131295054863,211.62964609920843
1,3,5,2,uniform,service_sigma_0.5,LC_HI,172,1141,20387495,125.83558589051128,181.1091168547348
1,3,5,2,uniform,service_sigma_0.5,LC_HI,173,1475,20387495,108.07827027197986,179.58683337154804
1,3,5,2,uniform,service_sigma_0.5,LC_HI,174,2699,20387495,188.01127511360127,259.4715086240157
1,3,5,2,uniform,service_sigma_0.5,LC_HI,175,1009,20387495,170.4230784265276,161.96876334299063
1,3,5,2,uniform,service_sigma_0.5,LC_HI,176,793,20387495,134.51041567100947,214.03935973466446
1,3,5,2,uniform,service_sigma_0.5,LC_HI,177,1049,20387495,109.41277966283212,158.907307096328
1,3,5,2,uniform,service_sigma_0.5,LC_HI,178,1589,20387495,139.5294982415593,136.0533030266808
1,3,5,2,uniform,service_sigma_0.5,LC_HI,179,2909,20387495,119.54801368062023,196.58022895100373
1,3,5,2,uniform,service_sigma_0.5,LC_HI,180,164,20387495,162.32418524170166,212.3908541759842
1,3,5,2,uniform,service_sigma_0.5,LC_HI,181,859,20387495,123.78388635378809,193.6468027088068
1,3,5,2,uniform,service_sigma_0.5,LC_HI,182,2118,20387495,105.52861034229144,161.0199569894174
1,3,5,2,uniform,service_sigma_0.5,LC_HI,183,1875,20387495,134.65522258403212,232.16297419681604
1,3,5,2,uniform,service_sigma_0.5,LC_HI,184,1517,20387495,117.37068726883925,116.69220853322363
1,3,5,2,uniform,service_sigma_0.5,LC_HI,185,1040,20387495,135.6344417527518,179.17874759650695
1,3,5,2,uniform,service_sigma_0.5,LC_HI,186,1767,20387495,111.21482175442537,176.74852406226051
1,3,5,2,uniform,service_sigma_0.5,LC_HI,187,1212,20387495,147.17400795966665,181.8113072535382
1,3,5,2,uniform,service_sigma_0.5,LC_HI,188,2602,20387495,108.26670056301654,131.20515070839818
1,3,5,2,uniform,service_sigma_0.5,LC_HI,189,2327,20387495,129.83358480685177,247.38858906815994
1,3,5,2,uniform,service_sigma_0.5,LC_HI,190,1081,20387495,137.36439749697288,205.43794244291522
1,3,5,2,uniform,service_sigma_0.5,LC_HI,191,1315,20387495,142.57073891029933,151.79707423090628
1,3,5,2,uniform,service_sigma_0.5,LC_HI,192,32,20387495,100.65687078888813,129.1827156666721
1,3,5,2,uniform,service_sigma_0.5,LC_HI,193,2723,20387495,115.84804086280839,182.8335983419017
1,3,5,2,uniform,service_sigma_0.5,LC_HI,194,474,20387495,114.71486579661664,178.16301000784395
1,3,5,2,uniform,service_sigma_0.5,LC_HI,195,2605,20387495,135.79545962247394,169.15033291507214
1,3,5,2,uniform,service_sigma_0.5,LC_HI,196,1465,20387495,170.13671877386773,218.72185159468796
1,3,5,2,uniform,service_sigma_0.5,LC_HI,197,462,20387495,75.27599501820085,92.15949228865493
1,3,5,2,uniform,service_sigma_0.5,LC_HI,198,208,20387495,151.46528697751967,197.45677730364812
1,3,5,2,uniform,service_sigma_0.5,LC_HI,199,1297,20387495,113.231795270833,148.88944147331526
1,3,5,2,uniform,service_sigma_0.5,LC_LI,0,20,20387495,142.12321183634035,207.38213041152812
1,3,5,2,uniform,service_sigma_0.5,LC_LI,1,1503,20387495,116.0060665836831,185.661011898562
1,3,5,2,uniform,service_sigma_0.5,LC_LI,2,2734,20387495,133.1961331104656,151.4545785007785
1,3,5,2,uniform,service_sigma_0.5,LC_LI,3,144,20387495,121.43543119959341,181.19105278579943
1,3,5,2,uniform,service_sigma_0.5,LC_LI,4,20,20387495,135.2728822093273,174.08861860592162
1,3,5,2,uniform,service_sigma_0.5,LC_LI,5,711,20387495,134.6981830146032,165.6378979328892
1,3,5,2,uniform,service_sigma_0.5,LC_LI,6,2033,20387495,139.8059463046274,191.2435883134563
1,3,5,2,uniform,service_sigma_0.5,LC_LI,7,1066,20387495,121.4765835612933,174.6226198332145
1,3,5,2,uniform,service_sigma_0.5,LC_LI,8,1403,20387495,108.33014035314041,124.65653911717162
1,3,5,2,uniform,service_sigma_0.5,LC_LI,9,1033,20387495,135.92576784804672,189.3419997578306
1,3,5,2,uniform,service_sigma_0.5,LC_LI,10,1252,20387495,99.32942416790027,136.43120943822908
1,3,5,2,uniform,service_sigma_0.5,LC_LI,11,2006,20387495,131.07310485842547,245.04070965196837
1,3,5,2,uniform,service_sigma_0.5,LC_LI,12,215,20387495,152.52387750730193,195.98384840746496
1,3,5,2,uniform,service_sigma_0.5,LC_LI,13,215,20387495,150.23341559890986,226.14241699858766
1,3,5,2,uniform,service_sigma_0.5,LC_LI,14,965,20387495,125.27178569336783,201.1502570475453
1,3,5,2,uniform,service_sigma_0.5,LC_LI,15,733,20387495,170.54012766898188,195.6978991733126
1,3,5,2,uniform,service_sigma_0.5,LC_LI,16,2675,20387495,137.4869990168193,222.0206487561922
1,3,5,2,uniform,service_sigma_0.5,LC_LI,17,1967,20387495,118.09748551441162,178.92342869745627
1,3,5,2,uniform,service_sigma_0.5,LC_LI,18,970,20387495,161.70437837701272,205.99641496486944
1,3,5,2,uniform,service_sigma_0.5,LC_LI,19,2041,20387495,123.1332964017635,157.2805937080423
1,3,5,2,uniform,service_sigma_0.5,LC_LI,20,1157,20387495,135.24943612723402,161.93153070065568
1,3,5,2,uniform,service_sigma_0.5,LC_LI,21,1177,20387495,88.02440026325283,119.11443239593912
1,3,5,2,uniform,service_sigma_0.5,LC_LI,22,577,20387495,111.58806766470023,165.21832858187523
1,3,5,2,uniform,service_sigma_0.5,LC_LI,23,2014,20387495,121.97053619392332,154.0423052204787
1,3,5,2,uniform,service_sigma_0.5,LC_LI,24,1275,20387495,126.91407417114988,196.18202810466798
1,3,5,2,uniform,service_sigma_0.5,LC_LI,25,1773,20387495,144.06147401885,201.55746055006992
1,3,5,2,uniform,service_sigma_0.5,LC_LI,26,299,20387495,150.4519300212726,197.98507500976373
1,3,5,2,uniform,service_sigma_0.5,LC_LI,27,2428,20387495,103.75140220523764,174.64148318800542
1,3,5,2,uniform,service_sigma_0.5,LC_LI,28,615,20387495,83.7916638176698,124.97044405780098
1,3,5,2,uniform,service_sigma_0.5,LC_LI,29,1374,20387495,103.42021839671564,147.47902767808006
1,3,5,2,uniform,service_sigma_0.5,LC_LI,30,1764,20387495,139.74438779416465,217.486880408174
1,3,5,2,uniform,service_sigma_0.5,LC_LI,31,1029,20387495,110.88865921083531,164.5087690292671
1,3,5,2,uniform,service_sigma_0.5,LC_LI,32,1503,20387495,129.84710704622222,146.79211466469312
1,3,5,2,uniform,service_sigma_0.5,LC_LI,33,2802,20387495,105.02078431149944,117.79153675426589
1,3,5,2,uniform,service_sigma_0.5,LC_LI,34,1157,20387495,125.76943655544255,188.6332276392574
1,3,5,2,uniform,service_sigma_0.5,LC_LI,35,10,20387495,131.25149148829377,184.72751432955815
1,3,5,2,uniform,service_sigma_0.5,LC_LI,36,1789,20387495,127.81774664242238,179.82676591834195
1,3,5,2,uniform,service_sigma_0.5,LC_LI,37,2048,20387495,123.99522333693317,147.8484863519636
1,3,5,2,uniform,service_sigma_0.5,LC_LI,38,528,20387495,141.32365629269736,199.27937521832828
1,3,5,2,uniform,service_sigma_0.5,LC_LI,39,528,20387495,167.72338011157112,222.5948724453289
1,3,5,2,uniform,service_sigma_0.5,LC_LI,40,904,20387495,129.1069211963406,172.09477607002813
1,3,5,2,uniform,service_sigma_0.5,LC_LI,41,2010,20387495,143.65566691306026,183.44811189522008
1,3,5,2,uniform,service_sigma_0.5,LC_LI,42,777,20387495,125.98671176163809,164.81810268295126
1,3,5,2,uniform,service_sigma_0.5,LC_LI,43,1237,20387495,140.5305795791819,174.4150871554514
1,3,5,2,uniform,service_sigma_0.5,LC_LI,44,2527,20387495,117.52325991075932,164.71291611466805
1,3,5,2,uniform,service_sigma_0.5,LC_LI,45,646,20387495,133.47483464416882,210.83535911334968
1,3,5,2,uniform,service_sigma_0.5,LC_LI,46,904,20387495,144.99748890392013,173.02386434303997
1,3,5,2,uniform,service_sigma_0.5,LC_LI,47,66,20387495,121.31598937462364,187.34826904229115
1,3,5,2,uniform,service_sigma_0.5,LC_LI,48,639,20387495,113.30151488191206,159.7697493826611
1,3,5,2,uniform,service_sigma_0.5,LC_LI,49,475,20387495,105.65707288532305,120.86169777008026
1,3,5,2,uniform,service_sigma_0.5,LC_LI,50,639,20387495,120.6924353473056,158.44759891595658
1,3,5,2,uniform,service_sigma_0.5,LC_LI,51,2868,20387495,139.25397744918496,192.00930558255436
1,3,5,2,uniform,service_sigma_0.5,LC_LI,52,1991,20387495,144.32313224041482,142.35387378113322
1,3,5,2,uniform,service_sigma_0.5,LC_LI,53,389,20387495,148.44109413591232,184.78867132112708
1,3,5,2,uniform,service_sigma_0.5,LC_LI,54,1979,20387495,146.63880002990268,197.45378161929906
1,3,5,2,uniform,service_sigma_0.5,LC_LI,55,287,20387495,150.32194471579396,208.41379964026902
1,3,5,2,uniform,service_sigma_0.5,LC_LI,56,2593,20387495,120.89440799847011,185.71450823823693
1,3,5,2,uniform,service_sigma_0.5,LC_LI,57,1157,20387495,140.55977237619825,188.6141828282481
1,3,5,2,uniform,service_sigma_0.5,LC_LI,58,639,20387495,118.00446847230381,179.78474104083233
1,3,5,2,uniform,service_sigma_0.5,LC_LI,59,2854,20387495,142.00352590016624,222.02186978859072
1,3,5,2,uniform,service_sigma_0.5,LC_LI,60,1062,20387495,131.61853929624309,192.55592242962894
1,3,5,2,uniform,service_sigma_0.5,LC_LI,61,1243,20387495,107.23576544866323,129.3166500439674
1,3,5,2,uniform,service_sigma_0.5,LC_LI,62,1066,20387495,118.7320423604662,164.13762891871085
1,3,5,2,uniform,service_sigma_0.5,LC_LI,63,577,20387495,118.45253184231076,198.17533855433672
1,3,5,2,uniform,service_sigma_0.5,LC_LI,64,1619,20387495,143.87651376961935,220.24270634524095
1,3,5,2,uniform,service_sigma_0.5,LC_LI,65,403,20387495,119.42180638844339,191.39947653817552
1,3,5,2,uniform,service_sigma_0.5,LC_LI,66,2314,20387495,113.67239422102115,185.07150790151906
1,3,5,2,uniform,service_sigma_0.5,LC_LI,67,270,20387495,125.39257055399196,164.2100199842296
1,3,5,2,uniform,service_sigma_0.5,LC_LI,68,2236,20387495,93.91618332896583,160.51424982872922
1,3,5,2,uniform,service_sigma_0.5,LC_LI,69,2048,20387495,125.5705177110984,107.91732839343078
1,3,5,2,uniform,service_sigma_0.5,LC_LI,70,2045,20387495,115.81467239576506,180.2106800291829
1,3,5,2,uniform,service_sigma_0.5,LC_LI,71,1271,20387495,133.45566381658642,215.03366138043395
1,3,5,2,uniform,service_sigma_0.5,LC_LI,72,2956,20387495,149.63056302319552,196.99777531143894
1,3,5,2,uniform,service_sigma_0.5,LC_LI,73,2139,20387495,128.88542509774652,182.1328107842763
1,3,5,2,uniform,service_sigma_0.5,LC_LI,74,1579,20387495,100.98011951868601,164.32901682570568
1,3,5,2,uniform,service_sigma_0.5,LC_LI,75,2414,20387495,139.0367106990642,166.49560345445775
1,3,5,2,uniform,service_sigma_0.5,LC_LI,76,1982,20387495,142.29516943568996,186.34766570696885
1,3,5,2,uniform,service_sigma_0.5,LC_LI,77,1481,20387495,135.31392616917273,214.83871296281416
1,3,5,2,uniform,service_sigma_0.5,LC_LI,78,1675,20387495,125.18990260240052,202.0246310843023
1,3,5,2,uniform,service_sigma_0.5,LC_LI,79,1311,20387495,117.67413947767389,150.88096622914864
1,3,5,2,uniform,service_sigma_0.5,LC_LI,80,716,20387495,144.9045074466336,219.65669862300493
1,3,5,2,uniform,service_sigma_0.5,LC_LI,81,427,20387495,117.74890556810631,162.9031785420656
1,3,5,2,uniform,service_sigma_0.5,LC_LI,82,1243,20387495,92.70545269306349,122.39181591626495
1,3,5,2,uniform,service_sigma_0.5,LC_LI,83,66,20387495,99.93837532739295,183.7068263577652
1,3,5,2,uniform,service_sigma_0.5,LC_LI,84,151,20387495,117.1131090611245,201.50574629858804
1,3,5,2,uniform,service_sigma_0.5,LC_LI,85,1056,20387495,137.37391655985687,217.09742234330722
1,3,5,2,uniform,service_sigma_0.5,LC_LI,86,1275,20387495,129.57840847985474,152.37790440405533
1,3,5,2,uniform,service_sigma_0.5,LC_LI,87,2010,20387495,141.17865319563705,192.78814060184925
1,3,5,2,uniform,service_sigma_0.5,LC_LI,88,2397,20387495,123.3460771734002,148.12985157963155
1,3,5,2,uniform,service_sigma_0.5,LC_LI,89,1409,20387495,145.18625173064015,180.2650767980702
1,3,5,2,uniform,service_sigma_0.5,LC_LI,90,350,20387495,127.97212063298984,181.25893092110297
1,3,5,2,uniform,service_sigma_0.5,LC_LI,91,1355,20387495,111.84855610738848,168.44583461911085
1,3,5,2,uniform,service_sigma_0.5,LC_LI,92,1144,20387495,133.05182467500566,212.95101214003176
1,3,5,2,uniform,service_sigma_0.5,LC_LI,93,166,20387495,145.20721811087645,224.65171343312153
1,3,5,2,uniform,service_sigma_0.5,LC_LI,94,403,20387495,124.66603124279855,182.06087455440843
1,3,5,2,uniform,service_sigma_0.5,LC_LI,95,2314,20387495,114.53882687385745,179.91854872170043
1,3,5,2,uniform,service_sigma_0.5,LC_LI,96,779,20387495,122.77095671890903,162.78023150226957
1,3,5,2,uniform,service_sigma_0.5,LC_LI,97,2609,20387495,192.05782386148528,234.000625878691
1,3,5,2,uniform,service_sigma_0.5,LC_LI,98,2397,20387495,107.11835208311713,109.44591740841913
1,3,5,2,uniform,service_sigma_0.5,LC_LI,99,711,20387495,118.76497877929046,162.88897326946628
1,3,5,2,uniform,service_sigma_0.5,LC_LI,100,711,20387495,149.5981716215585,213.61601705075597
1,3,5,2,uniform,service_sigma_0.5,LC_LI,101,2314,20387495,120.84586492423523,172.42473775110784
1,3,5,2,uniform,service_sigma_0.5,LC_LI,102,733,20387495,145.79725616645348,205.7419462695994
1,3,5,2,uniform,service_sigma_0.5,LC_LI,103,1275,20387495,136.3422990564988,147.4085854513507
1,3,5,2,uniform,service_sigma_0.5,LC_LI,104,528,20387495,118.49214278158792,193.41576499856646
1,3,5,2,uniform,service_sigma_0.5,LC_LI,105,571,20387495,120.30227635768942,142.05765709119282
1,3,5,2,uniform,service_sigma_0.5,LC_LI,106,193,20387495,115.65533062168903,216.02514379627488
1,3,5,2,uniform,service_sigma_0.5,LC_LI,107,1689,20387495,118.97245147964627,169.93336163517068
1,3,5,2,uniform,service_sigma_0.5,LC_LI,108,389,20387495,133.43299293354312,185.12669341866192
1,3,5,2,uniform,service_sigma_0.5,LC_LI,109,1623,20387495,99.2952759725048,129.18844101419833
1,3,5,2,uniform,service_sigma_0.5,LC_LI,110,1789,20387495,128.90394298741663,198.49902914022024
1,3,5,2,uniform,service_sigma_0.5,LC_LI,111,1481,20387495,142.17235218419668,213.2790239578575
1,3,5,2,uniform,service_sigma_0.5,LC_LI,112,340,20387495,147.7519771878288,177.10738428686727
1,3,5,2,uniform,service_sigma_0.5,LC_LI,113,1838,20387495,150.6522664902854,186.7723887704849
1,3,5,2,uniform,service_sigma_0.5,LC_LI,114,528,20387495,132.9411687899655,206.72022709124076
1,3,5,2,uniform,service_sigma_0.5,LC_LI,115,2414,20387495,138.93689324984,176.67955505163212
1,3,5,2,uniform,service_sigma_0.5,LC_LI,116,828,20387495,114.88554355766618,153.54825215572518
1,3,5,2,uniform,service_sigma_0.5,LC_LI,117,20,20387495,147.08722311830647,221.10107087295412
1,3,5,2,uniform,service_sigma_0.5,LC_LI,118,543,20387495,130.9402545429345,196.81027353343734
1,3,5,2,uniform,service_sigma_0.5,LC_LI,119,1851,20387495,144.69068770344438,226.5917358663912
1,3,5,2,uniform,service_sigma_0.5,LC_LI,120,1046,20387495,123.79960687456968,204.09340308919346
1,3,5,2,uniform,service_sigma_0.5,LC_LI,121,952,20387495,119.48130607026364,144.35034833311747
1,3,5,2,uniform,service_sigma_0.5,LC_LI,122,1503,20387495,128.19478573544828,169.38095639662254
1,3,5,2,uniform,service_sigma_0.5,LC_LI,123,1195,20387495,143.5527535827237,172.36258962153647
1,3,5,2,uniform,service_sigma_0.5,LC_LI,124,2501,20387495,150.9490500520823,198.5235504225313
1,3,5,2,uniform,service_sigma_0.5,LC_LI,125,2770,20387495,139.76502414922422,190.3912090804781
1,3,5,2,uniform,service_sigma_0.5,LC_LI,126,267,20387495,126.96043627108548,196.52053563481704
1,3,5,2,uniform,service_sigma_0.5,LC_LI,127,540,20387495,136.60849397163065,191.17897749230272
1,3,5,2,uniform,service_sigma_0.5,LC_LI,128,267,20387495,121.76904694790686,194.09690971096538
1,3,5,2,uniform,service_sigma_0.5,LC_LI,129,2048,20387495,112.10237032462084,97.69395725433408
1,3,5,2,uniform,service_sigma_0.5,LC_LI,130,1443,20387495,133.95066894698078,210.36224552192274
1,3,5,2,uniform,service_sigma_0.5,LC_LI,131,403,20387495,118.5045124443555,181.63469482887228
1,3,5,2,uniform,service_sigma_0.5,LC_LI,132,2063,20387495,128.22476728580557,140.11831955251293
1,3,5,2,uniform,service_sigma_0.5,LC_LI,133,2734,20387495,126.88891545890652,137.35222699600615
1,3,5,2,uniform,service_sigma_0.5,LC_LI,134,262,20387495,136.40663973779186,179.6843327058333
1,3,5,2,uniform,service_sigma_0.5,LC_LI,135,1579,20387495,105.05295233846314,128.26618672013825
1,3,5,2,uniform,service_sigma_0.5,LC_LI,136,21,20387495,118.24793578943428,176.7330525006823
1,3,5,2,uniform,service_sigma_0.5,LC_LI,137,1851,20387495,164.4527955856119,215.03275405244932
1,3,5,2,uniform,service_sigma_0.5,LC_LI,138,1789,20387495,131.0595986698171,178.92475906174644
1,3,5,2,uniform,service_sigma_0.5,LC_LI,139,1100,20387495,102.17951724918255,153.09981498918978
1,3,5,2,uniform,service_sigma_0.5,LC_LI,140,1651,20387495,131.62984430269526,194.5868591375558
1,3,5,2,uniform,service_sigma_0.5,LC_LI,141,615,20387495,111.2776597399714,137.82705192933668
1,3,5,2,uniform,service_sigma_0.5,LC_LI,142,2236,20387495,107.83534790879648,139.7964982569554
1,3,5,2,uniform,service_sigma_0.5,LC_LI,143,895,20387495,162.61950085796653,207.50451119398204
1,3,5,2,uniform,service_sigma_0.5,LC_LI,144,1838,20387495,152.282431377104,169.91996238464878
1,3,5,2,uniform,service_sigma_0.5,LC_LI,145,2609,20387495,179.76184124489194,234.8904238003271
1,3,5,2,uniform,service_sigma_0.5,LC_LI,146,970,20387495,123.45397418071438,190.3881087269872
1,3,5,2,uniform,service_sigma_0.5,LC_LI,147,1579,20387495,109.15945991687475,141.53686114360468
1,3,5,2,uniform,service_sigma_0.5,LC_LI,148,423,20387495,144.5758212381928,189.40249065863978
1,3,5,2,uniform,service_sigma_0.5,LC_LI,149,2544,20387495,114.07577214874968,179.69711840282312
1,3,5,2,uniform,service_sigma_0.5,LC_LI,150,66,20387495,114.10767348503353,167.84693624292544
1,3,5,2,uniform,service_sigma_0.5,LC_LI,151,427,20387495,119.5316142080582,172.1591037497998
1,3,5,2,uniform,service_sigma_0.5,LC_LI,152,299,20387495,163.47362904694313,206.63307044762567
1,3,5,2,uniform,service_sigma_0.5,LC_LI,153,2802,20387495,97.46895656994641,139.50465363015354
1,3,5,2,uniform,service_sigma_0.5,LC_LI,154,2609,20387495,192.2790034199508,231.5827517267422
1,3,5,2,uniform,service_sigma_0.5,LC_LI,155,552,20387495,147.1846170747014,222.82385060045246
1,3,5,2,uniform,service_sigma_0.5,LC_LI,156,2397,20387495,122.74104777586241,122.16239914470007
1,3,5,2,uniform,service_sigma_0.5,LC_LI,157,427,20387495,118.5661975020177,169.11847241385342
1,3,5,2,uniform,service_sigma_0.5,LC_LI,158,2093,20387495,162.06900358877465,209.0294493065133
1,3,5,2,uniform,service_sigma_0.5,LC_LI,159,2770,20387495,148.02428268131223,183.4844897026437
1,3,5,2,uniform,service_sigma_0.5,LC_LI,160,1391,20387495,133.30009158464705,169.3929706000149
1,3,5,2,uniform,service_sigma_0.5,LC_LI,161,1982,20387495,141.99360299550415,158.69911790827288
1,3,5,2,uniform,service_sigma_0.5,LC_LI,162,2743,20387495,132.62763505520704,204.43305226078738
1,3,5,2,uniform,service_sigma_0.5,LC_LI,163,895,20387495,146.5278698627601,181.15398039394685
1,3,5,2,uniform,service_sigma_0.5,LC_LI,164,2680,20387495,132.38572493262393,161.2123432908938
1,3,5,2,uniform,service_sigma_0.5,LC_LI,165,2524,20387495,120.46383711120403,122.27047994592046
1,3,5,2,uniform,service_sigma_0.5,LC_LI,166,828,20387495,112.79765756353169,129.84752975900804
1,3,5,2,uniform,service_sigma_0.5,LC_LI,167,2527,20387495,109.17250162734904,154.17040977624433
1,3,5,2,uniform,service_sigma_0.5,LC_LI,168,577,20387495,121.29318372965238,191.81415653505425
1,3,5,2,uniform,service_sigma_0.5,LC_LI,169,2729,20387495,126.8656348633488,162.67600629220695
1,3,5,2,uniform,service_sigma_0.5,LC_LI,170,1046,20387495,175.26922426829566,195.23435578400037
1,3,5,2,uniform,service_sigma_0.5,LC_LI,171,1851,20387495,150.45637296109362,235.72567832019033
1,3,5,2,uniform,service_sigma_0.5,LC_LI,172,112,20387495,117.64164035247138,134.3737809917965
1,3,5,2,uniform,service_sigma_0.5,LC_LI,173,2772,20387495,139.081392486979,188.01065510249555
1,3,5,2,uniform,service_sigma_0.5,LC_LI,174,2056,20387495,111.1744153913689,175.94123549173526
1,3,5,2,uniform,service_sigma_0.5,LC_LI,175,2556,20387495,133.63271273511856,168.42488814764963
1,3,5,2,uniform,service_sigma_0.5,LC_LI,176,13,20387495,128.60869468229595,205.09254617877917
1,3,5,2,uniform,service_sigma_0.5,LC_LI,177,475,20387495,118.57639745078691,100.37931469412989
1,3,5,2,uniform,service_sigma_0.5,LC_LI,178,1252,20387495,99.48263649051579,146.7121676172902
1,3,5,2,uniform,service_sigma_0.5,LC_LI,179,267,20387495,117.29891920728703,170.72020781946108
1,3,5,2,uniform,service_sigma_0.5,LC_LI,180,10,20387495,129.0986270069796,163.63590116885592
1,3,5,2,uniform,service_sigma_0.5,LC_LI,181,193,20387495,163.1728457763407,223.2089295749619
1,3,5,2,uniform,service_sigma_0.5,LC_LI,182,262,20387495,142.77882275956225,179.9735418765554
1,3,5,2,uniform,service_sigma_0.5,LC_LI,183,2063,20387495,111.83923574516132,137.40168881680708
1,3,5,2,uniform,service_sigma_0.5,LC_LI,184,48,20387495,128.8352284057899,196.7968588835413
1,3,5,2,uniform,service_sigma_0.5,LC_LI,185,2479,20387495,135.64086831400815,186.608794752674
1,3,5,2,uniform,service_sigma_0.5,LC_LI,186,1387,20387495,139.28242418040455,210.78740537227347
1,3,5,2,uniform,service_sigma_0.5,LC_LI,187,2948,20387495,115.03198196506605,153.19802031747943
1,3,5,2,uniform,service_sigma_0.5,LC_LI,188,816,20387495,121.88521338973149,152.4097316528365
1,3,5,2,uniform,service_sigma_0.5,LC_LI,189,1046,20387495,143.58162667858144,234.14847889020245
1,3,5,2,uniform,service_sigma_0.5,LC_LI,190,475,20387495,107.59331088764917,140.99471652712552
1,3,5,2,uniform,service_sigma_0.5,LC_LI,191,1979,20387495,144.24725359451867,204.90043917648126
1,3,5,2,uniform,service_sigma_0.5,LC_LI,192,1773,20387495,130.94039321736741,187.60114155014273
1,3,5,2,uniform,service_sigma_0.5,LC_LI,193,2414,20387495,114.1066901423189,156.37414643497007
1,3,5,2,uniform,service_sigma_0.5,LC_LI,194,1689,20387495,132.77007545213328,171.14217456438925
1,3,5,2,uniform,service_sigma_0.5,LC_LI,195,2077,20387495,162.6173707097465,211.2640297270377
1,3,5,2,uniform,service_sigma_0.5,LC_LI,196,2675,20387495,147.09807537426354,183.0006396708243
1,3,5,2,uniform,service_sigma_0.5,LC_LI,197,2734,20387495,94.75528150134942,150.2841361766601
1,3,5,2,uniform,service_sigma_0.5,LC_LI,198,1580,20387495,102.93429358661895,150.22488934603552
1,3,5,2,uniform,service_sigma_0.5,LC_LI,199,1689,20387495,135.0358330299909,146.99927893913716
3,3,15,2,clustered,service_sigma_0.5,random,0,2174,20587501,131.3310068446384,173.3310068446384
3,3,15,2,clustered,service_sigma_0.5,random,1,1396,20587501,191.29617873035812,240.36087343065358
3,3,15,2,clustered,service_sigma_0.5,random,2,1765,20587501,193.57760175900574,244.16333957666012
3,3,15,2,clustered,service_sigma_0.5,random,3,2318,20587501,162.50579064234287,224.88954747155546
3,3,15,2,clustered,service_sigma_0.5,random,4,221,20587501,163.4648119468934,188.52199092181723
3,3,15,2,clustered,service_sigma_0.5,random,5,2295,20587501,139.09164018889686,186.10680542121779
3,3,15,2,clustered,service_sigma_0.5,random,6,789,20587501,128.84745418156803,132.84745418156803
3,3,15,2,clustered,service_sigma_0.5,random,7,243,20587501,103.37959662952457,136.85427020314822
3,3,15,2,clustered,service_sigma_0.5,random,8,35,20587501,110.87852997357447,171.52679114538088
3,3,15,2,clustered,service_sigma_0.5,random,9,1968,20587501,138.92968912045708,205.09352218371455
3,3,15,2,clustered,service_sigma_0.5,random,10,2149,20587501,160.82767050856538,167.50472701266173
3,3,15,2,clustered,service_sigma_0.5,random,11,2488,20587501,121.9116608860165,157.7382831820824
3,3,15,2,clustered,service_sigma_0.5,random,12,1205,20587501,138.70028981627226,175.7710849096591
3,3,15,2,clustered,service_sigma_0.5,random,13,1128,20587501,158.8280903777414,203.35752593490858
3,3,15,2,clustered,service_sigma_0.5,random,14,848,20587501,150.02783538378486,194.7800026577718
3,3,15,2,clustered,service_sigma_0.5,random,15,1848,20587501,191.32985680598,201.68481003042456
3,3,15,2,clustered,service_sigma_0.5,random,16,1756,20587501,140.87098937657743,172.04927707728964
3,3,15,2,clustered,service_sigma_0.5,random,17,916,20587501,159.58616467008437,261.37622092059604
3,3,15,2,clustered,service_sigma_0.5,random,18,1483,20587501,143.02398841674048,178.17795869660378
3,3,15,2,clustered,service_sigma_0.5,random,19,185,20587501,126.28942186468639,185.61407930848327
3,3,15,2,clustered,service_sigma_0.5,random,20,1065,20587501,174.9894200650229,245.97962631263877
3,3,15,2,clustered,service_sigma_0.5,random,21,2481,20587501,123.14384001218787,133.14384001218787
3,3,15,2,clustered,service_sigma_0.5,random,22,8,20587501,147.2776345687758,187.30327293146826
3,3,15,2,clustered,service_sigma_0.5,random,23,2652,20587501,139.066473801524,150.9630117565623
3,3,15,2,clustered,service_sigma_0.5,random,24,860,20587501,134.87113528911226,144.83479257354333
3,3,15,2,clustered,service_sigma_0.5,random,25,776,20587501,119.09177708447959,145.71431243792946
3,3,15,2,clustered,service_sigma_0.5,random,26,175,20587501,152.69101459393502,199.82893855388656
3,3,15,2,clustered,service_sigma_0.5,random,27,2517,20587501,158.67784880676294,200.14557336662205
3,3,15,2,clustered,service_sigma_0.5,random,28,238,20587501,188.82800118309913,230.63612378532352
3,3,15,2,clustered,service_sigma_0.5,random,29,2237,20587501,137.98245779662832,165.47144218765715
3,3,15,2,clustered,service_sigma_0.5,random,30,21,20587501,146.1254661753366,199.25135382635483
3,3,15,2,clustered,service_sigma_0.5,random,31,529,20587501,127.56097798282556,173.96636939820485
3,3,15,2,clustered,service_sigma_0.5,random,32,923,20587501,157.98740817980266,231.3307500446162
3,3,15,2,clustered,service_sigma_0.5,random,33,1932,20587501,123.25284316230606,155.61863007763426
3,3,15,2,clustered,service_sigma_0.5,random,34,1310,20587501,166.63774881101136,191.07048460859326
3,3,15,2,clustered,service_sigma_0.5,random,35,2347,20587501,151.92939151837493,217.68160807039612
3,3,15,2,clustered,service_sigma_0.5,random,36,291,20587501,170.60478277599395,223.6471433383118
3,3,15,2,clustered,service_sigma_0.5,random,37,1740,20587501,171.7661980229004,200.72342396774218
3,3,15,2,clustered,service_sigma_0.5,random,38,330,20587501,125.9460258038553,167.43324911164285
3,3,15,2,clustered,service_sigma_0.5,random,39,319,20587501,136.65819807135244,180.17070674359704
3,3,15,2,clustered,service_sigma_0.5,random,40,137,20587501,162.43578997035306,173.81717580892158
3,3,15,2,clustered,service_sigma_0.5,random,41,1625,20587501,118.84409744990994,186.7364277454386
3,3,15,2,clustered,service_sigma_0.5,random,42,1123,20587501,127.53842309638563,163.69599723464086
3,3,15,2,clustered,service_sigma_0.5,random,43,634,20587501,160.99704792159972,223.71675033405938
3,3,15,2,clustered,service_sigma_0.5,random,44,1386,20587501,165.85032384752418,190.76106756208807
3,3,15,2,clustered,service_sigma_0.5,random,45,1330,20587501,142.43138063190798,207.17255432562473
3,3,15,2,clustered,service_sigma_0.5,random,46,919,20587501,145.87520260700012,204.73330293103075
3,3,15,2,clustered,service_sigma_0.5,random,47,1825,20587501,115.69371340129096,171.6119737649825
3,3,15,2,clustered,service_sigma_0.5,random,48,1358,20587501,153.7226987349104,236.52463690235555
3,3,15,2,clustered,service_sigma_0.5,random,49,2546,20587501,167.4682342529579,214.1474397853678
3,3,15,2,clustered,service_sigma_0.5,random,50,1293,20587501,158.01070738907978,218.01522735116276
3,3,15,2,clustered,service_sigma_0.5,random,51,2666,20587501,156.25821466457873,212.12238483417275
3,3,15,2,clustered,service_sigma_0.5,random,52,2973,20587501,148.39963798519,235.79816848354932
3,3,15,2,clustered,service_sigma_0.5,random,53,948,20587501,132.4683925451557,202.2971742657323
3,3,15,2,clustered,service_sigma_0.5,random,54,2089,20587501,132.93922561689237,189.33138999295946
3,3,15,2,clustered,service_sigma_0.5,random,55,779,20587501,166.27734745881847,209.28326858606835
3,3,15,2,clustered,service_sigma_0.5,random,56,356,20587501,121.11601404112038,183.03224987797685
3,3,15,2,clustered,service_sigma_0.5,random,57,2554,20587501,136.98298434166236,159.78306898500583
3,3,15,2,clustered,service_sigma_0.5,random,58,2556,20587501,138.84946917549988,185.0329511458953
3,3,15,2,clustered,service_sigma_0.5,random,59,2283,20587501,134.0939315081565,127.29874481847469
3,3,15,2,clustered,service_sigma_0.5,random,60,2662,20587501,176.2481716466601,209.9841263090759
3,3,15,2,clustered,service_sigma_0.5,random,61,500,20587501,104.82711789141683,150.61466540859183
3,3,15,2,clustered,service_sigma_0.5,random,62,1520,20587501,141.2360942796649,179.31438179442105
3,3,15,2,clustered,service_sigma_0.5,random,63,1887,20587501,138.77171442069317,200.6647418080344
3,3,15,2,clustered,service_sigma_0.5,random,64,2047,20587501,114.71592751314644,129.7260175212018
3,3,15,2,clustered,service_sigma_0.5,random,65,990,20587501,134.26359613775793,165.3017902222357
3,3,15,2,clustered,service_sigma_0.5,random,66,2875,20587501,158.03044407783318,204.90854675642
3,3,15,2,clustered,service_sigma_0.5,random,67,2559,20587501,134.36415855851774,168.83148917368942
3,3,15,2,clustered,service_sigma_0.5,random,68,1209,20587501,147.84965429325914,201.33658276826628
3,3,15,2,clustered,service_sigma_0.5,random,69,2750,20587501,140.02354639929635,169.7184186275296
3,3,15,2,clustered,service_sigma_0.5,random,70,249,20587501,146.39066634941798,187.19365372566688
3,3,15,2,clustered,service_sigma_0.5,random,71,2196,20587501,129.89644522704143,175.56041300847042
3,3,15,2,clustered,service_sigma_0.5,random,72,1200,20587501,138.87909853022978,188.24402497020992
3,3,15,2,clustered,service_sigma_0.5,random,73,1441,20587501,150.77978090021747,213.98771617684693
3,3,15,2,clustered,service_sigma_0.5,random,74,127,20587501,146.37764972315188,179.7220168225131
3,3,15,2,clustered,service_sigma_0.5,random,75,2358,20587501,123.46102332911113,155.4746180452528
3,3,15,2,clustered,service_sigma_0.5,random,76,1147,20587501,93.10198749266202,140.92757271063047
3,3,15,2,clustered,service_sigma_0.5,random,77,1399,20587501,141.88055155286796,185.36893346031925
3,3,15,2,clustered,service_sigma_0.5,random,78,289,20587501,166.30335700216554,212.50901868057932
3,3,15,2,clustered,service_sigma_0.5,random,79,2438,20587501,141.18987275061812,212.4533731582689
3,3,15,2,clustered,service_sigma_0.5,random,80,2746,20587501,155.33354453328155,200.27777243794756
3,3,15,2,clustered,service_sigma_0.5,random,81,2438,20587501,153.28866226168248,220.3054104054559
3,3,15,2,clustered,service_sigma_0.5,random,82,1638,20587501,118.792292459332,174.57673514514877
3,3,15,2,clustered,service_sigma_0.5,random,83,929,20587501,156.87075381377602,161.27144110284078
3,3,15,2,clustered,service_sigma_0.5,random,84,1507,20587501,125.30980233651404,180.44377136560152
3,3,15,2,clustered,service_sigma_0.5,random,85,1956,20587501,154.41164200698825,206.51748786111628
3,3,15,2,clustered,service_sigma_0.5,random,86,1791,20587501,138.50353763219917,192.72315110900445
3,3,15,2,clustered,service_sigma_0.5,random,87,2217,20587501,162.86462444670872,229.05104286630404
3,3,15,2,clustered,service_sigma_0.5,random,88,465,20587501,139.68210402580763,202.19310733007976
3,3,15,2,clustered,service_sigma_0.5,random,89,1440,20587501,153.60001794420447,211.47753697424355
3,3,15,2,clustered,service_sigma_0.5,random,90,2237,20587501,150.0903368444467,169.05900380395258
3,3,15,2,clustered,service_sigma_0.5,random,91,1527,20587501,156.25948482599952,221.12049722200965
3,3,15,2,clustered,service_sigma_0.5,random,92,2090,20587501,158.97670928749335,205.88770780710925
3,3,15,2,clustered,service_sigma_0.5,random,93,669,20587501,162.8823868740643,225.13473942602533
3,3,15,2,clustered,service_sigma_0.5,random,94,905,20587501,150.7583585286699,210.2563742559678
3,3,15,2,clustered,service_sigma_0.5,random,95,2428,20587501,116.92710669265553,189.5481437770621
3,3,15,2,clustered,service_sigma_0.5,random,96,2745,20587501,157.27546042326915,178.17851291230326
3,3,15,2,clustered,service_sigma_0.5,random,97,138,20587501,122.61281689780228,173.96031034685973
3,3,15,2,clustered,service_sigma_0.5,random,98,2451,20587501,156.2161176418976,193.98327170631043
3,3,15,2,clustered,service_sigma_0.5,random,99,117,20587501,142.80686955683257,225.50294722332018
3,3,15,2,clustered,service_sigma_0.5,random,100,767,20587501,117.21005940748401,156.7689777979708
3,3,15,2,clustered,service_sigma_0.5,random,101,1099,20587501,154.70229723781097,219.23853539746202
3,3,15,2,clustered,service_sigma_0.5,random,102,364,20587501,165.70420883557858,199.89613641103495
3,3,15,2,clustered,service_sigma_0.5,random,103,2770,20587501,120.92359453830538,171.15864431050142
3,3,15,2,clustered,service_sigma_0.5,random,104,1747,20587501,164.0868286219183,189.07392028040726
3,3,15,2,clustered,service_sigma_0.5,random,105,79,20587501,115.44623162125659,150.50249836438596
3,3,15,2,clustered,service_sigma_0.5,random,106,841,20587501,143.08896633864381,189.41593486823837
3,3,15,2,clustered,service_sigma_0.5,random,107,2935,20587501,132.10460004437041,170.5977117356503
3,3,15,2,clustered,service_sigma_0.5,random,108,1745,20587501,134.20700882860388,176.20208276973452
3,3,15,2,clustered,service_sigma_0.5,random,109,201,20587501,150.1966677058351,233.96650051789186
3,3,15,2,clustered,service_sigma_0.5,random,110,930,20587501,153.2747069163826,212.5785225132557
3,3,15,2,clustered,service_sigma_0.5,random,111,108,20587501,168.53653311872588,232.52359488513667
3,3,15,2,clustered,service_sigma_0.5,random,112,669,20587501,176.4206091078311,224.3273148457402
3,3,15,2,clustered,service_sigma_0.5,random,113,2748,20587501,135.89254934658143,183.64837787582766
3,3,15,2,clustered,service_sigma_0.5,random,114,2198,20587501,130.7116447788047,211.76056837524285
3,3,15,2,clustered,service_sigma_0.5,random,115,990,20587501,131.37429910979046,163.67437891356647
3,3,15,2,clustered,service_sigma_0.5,random,116,910,20587501,125.28559035740533,175.14514706913107
3,3,15,2,clustered,service_sigma_0.5,random,117,1512,20587501,140.61849919023706,175.82237664631648
3,3,15,2,clustered,service_sigma_0.5,random,118,1718,20587501,149.37598023564445,210.87856660907502
3,3,15,2,clustered,service_sigma_0.5,random,119,952,20587501,139.4732151596522,209.02707443951704
3,3,15,2,clustered,service_sigma_0.5,random,120,520,20587501,146.99738710168128,204.66814155960424
3,3,15,2,clustered,service_sigma_0.5,random,121,1581,20587501,136.51739205295362,225.81646611211806
3,3,15,2,clustered,service_sigma_0.5,random,122,2433,20587501,140.16948096909417,176.26911456106407
3,3,15,2,clustered,service_sigma_0.5,random,123,2226,20587501,135.70879255037974,208.24635773506787
3,3,15,2,clustered,service_sigma_0.5,random,124,91,20587501,132.86372692118775,157.68666728623154
3,3,15,2,clustered,service_sigma_0.5,random,125,2959,20587501,128.3330439353822,176.2848564124074
3,3,15,2,clustered,service_sigma_0.5,random,126,2366,20587501,103.76247332166268,109.38957883389057
3,3,15,2,clustered,service_sigma_0.5,random,127,2840,20587501,146.48129217093037,163.2821830752211
3,3,15,2,clustered,service_sigma_0.5,random,128,1273,20587501,155.51072477334264,152.91301938310363
3,3,15,2,clustered,service_sigma_0.5,random,129,888,20587501,118.73073192336383,143.95764958155968
3,3,15,2,clustered,service_sigma_0.5,random,130,2204,20587501,175.88334891280107,226.39525126346905
3,3,15,2,clustered,service_sigma_0.5,random,131,266,20587501,111.97231875253219,161.74355281290875
3,3,15,2,clustered,service_sigma_0.5,random,132,473,20587501,176.9717237877589,248.01230697037553
3,3,15,2,clustered,service_sigma_0.5,random,133,191,20587501,117.69867845283939,158.6046455856298
3,3,15,2,clustered,service_sigma_0.5,random,134,609,20587501,125.45762095410386,181.9681336485168
3,3,15,2,clustered,service_sigma_0.5,random,135,1929,20587501,161.97850322887146,216.8380535731712
3,3,15,2,clustered,service_sigma_0.5,random,136,2340,20587501,118.76710844129722,157.1858743779191
3,3,15,2,clustered,service_sigma_0.5,random,137,892,20587501,142.44053406382628,203.09321814004275
3,3,15,2,clustered,service_sigma_0.5,random,138,1921,20587501,156.60200744814702,220.60704695086085
3,3,15,2,clustered,service_sigma_0.5,random,139,2152,20587501,98.31849393302737,124.11342147042792
3,3,15,2,clustered,service_sigma_0.5,random,140,949,20587501,148.098484451322,203.44386181392107
3,3,15,2,clustered,service_sigma_0.5,random,141,650,20587501,120.8586989424407,184.77594675933673
3,3,15,2,clustered,service_sigma_0.5,random,142,2630,20587501,99.96350017067309,120.52699273462542
3,3,15,2,clustered,service_sigma_0.5,random,143,1570,20587501,161.10413307859096,222.60417247341144
3,3,15,2,clustered,service_sigma_0.5,random,144,279,20587501,127.59122886862161,160.47244717736666
3,3,15,2,clustered,service_sigma_0.5,random,145,1781,20587501,166.22660270185222,214.94085075864442
3,3,15,2,clustered,service_sigma_0.5,random,146,2777,20587501,125.52259013412404,144.12965320684845
3,3,15,2,clustered,service_sigma_0.5,random,147,736,20587501,168.60828159291998,239.81886293712708
3,3,15,2,clustered,service_sigma_0.5,random,148,2354,20587501,104.09094957954603,132.97751208533145
3,3,15,2,clustered,service_sigma_0.5,random,149,1604,20587501,159.3568745775074,212.033754477791
3,3,15,2,clustered,service_sigma_0.5,random,150,2748,20587501,129.29946083695674,157.3610565057659
3,3,15,2,clustered,service_sigma_0.5,random,151,551,20587501,142.72910366157038,153.9230582545047
3,3,15,2,clustered,service_sigma_0.5,random,152,1086,20587501,111.50665542184451,140.18259088283307
3,3,15,2,clustered,service_sigma_0.5,random,153,40,20587501,132.6474283818343,164.8652360732713
3,3,15,2,clustered,service_sigma_0.5,random,154,2564,20587501,135.10870476850891,173.7146682064791
3,3,15,2,clustered,service_sigma_0.5,random,155,1678,20587501,131.43212169422196,174.23335830285995
3,3,15,2,clustered,service_sigma_0.5,random,156,308,20587501,178.49782396199538,224.270448946704
3,3,15,2,clustered,service_sigma_0.5,random,157,624,20587501,141.6738761924892,175.7221435981058
3,3,15,2,clustered,service_sigma_0.5,random,158,263,20587501,147.12327422140322,186.25086917001
3,3,15,2,clustered,service_sigma_0.5,random,159,2929,20587501,159.8789890247405,268.9350209320351
3,3,15,2,clustered,service_sigma_0.5,random,160,1988,20587501,155.90339453926,214.44835714830535
3,3,15,2,clustered,service_sigma_0.5,random,161,67,20587501,148.59932152625933,219.7444566954287
3,3,15,2,clustered,service_sigma_0.5,random,162,1262,20587501,153.42384876820194,212.66293410297897
3,3,15,2,clustered,service_sigma_0.5,random,163,2541,20587501,135.9055184997432,181.32355975249044
3,3,15,2,clustered,service_sigma_0.5,random,164,280,20587501,134.28025453073465,190.7464814094725
3,3,15,2,clustered,service_sigma_0.5,random,165,507,20587501,124.96665276982185,179.759411429111
3,3,15,2,clustered,service_sigma_0.5,random,166,1320,20587501,142.17156909963575,216.11092188948078
3,3,15,2,clustered,service_sigma_0.5,random,167,429,20587501,134.9322409887152,215.38905611866906
3,3,15,2,clustered,service_sigma_0.5,random,168,1085,20587501,155.25094285077827,245.25094285077827
3,3,15,2,clustered,service_sigma_0.5,random,169,1313,20587501,146.18677634778214,221.98040943950653
3,3,15,2,clustered,service_sigma_0.5,random,170,1488,20587501,131.60927002509635,178.935179608575
3,3,15,2,clustered,service_sigma_0.5,random,171,2622,20587501,149.53661547394327,186.44543055972377
3,3,15,2,clustered,service_sigma_0.5,random,172,667,20587501,180.70661336000387,204.04510254191678
3,3,15,2,clustered,service_sigma_0.5,random,173,1950,20587501,137.7287090996488,170.7287090996488
3,3,15,2,clustered,service_sigma_0.5,random,174,375,20587501,102.44089967306395,168.00273842080296
3,3,15,2,clustered,service_sigma_0.5,random,175,2660,20587501,132.56853717180576,198.87470570076272
3,3,15,2,clustered,service_sigma_0.5,random,176,1845,20587501,137.39371423449933,212.14517579755676
3,3,15,2,clustered,service_sigma_0.5,random,177,1908,20587501,123.75492913684168,187.00354149140972
3,3,15,2,clustered,service_sigma_0.5,random,178,2988,20587501,158.6738570938783,225.06724411745293
3,3,15,2,clustered,service_sigma_0.5,random,179,2,20587501,149.91832014729047,183.89170332523483
3,3,15,2,clustered,service_sigma_0.5,random,180,763,20587501,156.83418069176244,209.01088085222088
3,3,15,2,clustered,service_sigma_0.5,random,181,2821,20587501,126.72544207524109,146.28655141423582
3,3,15,2,clustered,service_sigma_0.5,random,182,2367,20587501,141.80786325571782,202.94321630633544
3,3,15,2,clustered,service_sigma_0.5,random,183,2393,20587501,120.25786870619322,163.41715214044822
3,3,15,2,clustered,service_sigma_0.5,random,184,1715,20587501,171.30696358387863,275.40659226899754
3,3,15,2,clustered,service_sigma_0.5,random,185,777,20587501,120.48193450589497,156.04852550045365
3,3,15,2,clustered,service_sigma_0.5,random,186,673,20587501,142.10406114790896,174.9038053537617
3,3,15,2,clustered,service_sigma_0.5,random,187,622,20587501,151.38860224154305,184.59642005518634
3,3,15,2,clustered,service_sigma_0.5,random,188,2855,20587501,153.8115739904931,250.86879637221844
3,3,15,2,clustered,service_sigma_0.5,random,189,2864,20587501,162.55738990163817,197.694112320357
3,3,15,2,clustered,service_sigma_0.5,random,190,2624,20587501,127.20387082363779,154.42249896256666
3,3,15,2,clustered,service_sigma_0.5,random,191,1007,20587501,106.06520749073323,144.93570377710546
3,3,15,2,clustered,service_sigma_0.5,random,192,1260,20587501,156.85301641304844,219.39904725313863
3,3,15,2,clustered,service_sigma_0.5,random,193,2355,20587501,120.59858822709461,163.51395326720723
3,3,15,2,clustered,service_sigma_0.5,random,194,2542,20587501,154.00985283145909,200.40175097647344
3,3,15,2,clustered,service_sigma_0.5,random,195,1543,20587501,135.27331292902247,180.35985639755347
3,3,15,2,clustered,service_sigma_0.5,random,196,3,20587501,134.6664397474588,174.92309217455983
3,3,15,2,clustered,service_sigma_0.5,random,197,1411,20587501,124.78185381805453,178.04088764718458
3,3,15,2,clustered,service_sigma_0.5,random,198,923,20587501,168.10501493746574,238.0285829903561
3,3,15,2,clustered,service_sigma_0.5,random,199,257,20587501,141.27876896009244,166.66862510933308
3,3,15,2,clustered,service_sigma_0.5,HC_HI,0,2770,20587501,120.88410801110622,171.82640804412256
3,3,15,2,clustered,service_sigma_0.5,HC_HI,1,375,20587501,101.74789256853813,165.30568694350842
3,3,15,2,clustered,service_sigma_0.5,HC_HI,2,163,20587501,159.5054646446122,214.8007832920284
3,3,15,2,clustered,service_sigma_0.5,HC_HI,3,301,20587501,184.7119737149553,208.03390741585628
3,3,15,2,clustered,service_sigma_0.5,HC_HI,4,1970,20587501,129.6417906385966,192.97916635678214
3,3,15,2,clustered,service_sigma_0.5,HC_HI,5,103,20587501,111.9588122422391,134.23830717248438
3,3,15,2,clustered,service_sigma_0.5,HC_HI,6,2843,20587501,135.94069339989224,183.6914129959317
3,3,15,2,clustered,service_sigma_0.5,HC_HI,7,2608,20587501,121.00295094196827,161.89101188767089
3,3,15,2,clustered,service_sigma_0.5,HC_HI,8,419,20587501,117.33987471680221,137.46573739533358
3,3,15,2,clustered,service_sigma_0.5,HC_HI,9,1510,20587501,111.42786186414335,158.07122650138413
3,3,15,2,clustered,service_sigma_0.5,HC_HI,10,1961,20587501,124.54484758189079,150.69865844275594
3,3,15,2,clustered,service_sigma_0.5,HC_HI,11,1123,20587501,134.48416466542102,162.57100759079222
3,3,15,2,clustered,service_sigma_0.5,HC_HI,12,2173,20587501,139.4893137987094,209.28777695919334
3,3,15,2,clustered,service_sigma_0.5,HC_HI,13,2935,20587501,136.82414889698342,176.58606267843334
3,3,15,2,clustered,service_sigma_0.5,HC_HI,14,1948,20587501,138.89282489922863,167.56309538322847
3,3,15,2,clustered,service_sigma_0.5,HC_HI,15,1511,20587501,170.65328044136936,268.47887819294306
3,3,15,2,clustered,service_sigma_0.5,HC_HI,16,1286,20587501,131.94075582843604,184.42564373361594
3,3,15,2,clustered,service_sigma_0.5,HC_HI,17,2567,20587501,139.97239882618632,172.95964434375614
3,3,15,2,clustered,service_sigma_0.5,HC_HI,18,2640,20587501,105.29199295458406,139.20393632365577
3,3,15,2,clustered,service_sigma_0.5,HC_HI,19,806,20587501,116.28942186468639,186.4948578661009
3,3,15,2,clustered,service_sigma_0.5,HC_HI,20,375,20587501,99.5508203671248,161.46122704491177
3,3,15,2,clustered,service_sigma_0.5,HC_HI,21,912,20587501,124.14896510073572,151.3690422868759
3,3,15,2,clustered,service_sigma_0.5,HC_HI,22,569,20587501,137.37073635278065,223.69607292493836
3,3,15,2,clustered,service_sigma_0.5,HC_HI,23,2799,20587501,135.14067896272533,175.7160631257524
3,3,15,2,clustered,service_sigma_0.5,HC_HI,24,768,20587501,104.36714767501398,150.23360227208934
3,3,15,2,clustered,service_sigma_0.5,HC_HI,25,1535,20587501,117.96083687789145,176.65142536955673
3,3,15,2,clustered,service_sigma_0.5,HC_HI,26,138,20587501,131.399577258249,171.61787059986156
3,3,15,2,clustered,service_sigma_0.5,HC_HI,27,661,20587501,143.47758296819546,190.91688231631534
3,3,15,2,clustered,service_sigma_0.5,HC_HI,28,1857,20587501,129.3705561257845,162.10624737172878
3,3,15,2,clustered,service_sigma_0.5,HC_HI,29,2082,20587501,130.6895059204275,201.74546381472655
3,3,15,2,clustered,service_sigma_0.5,HC_HI,30,2173,20587501,154.4962160069721,218.62271776225788
3,3,15,2,clustered,service_sigma_0.5,HC_HI,31,1328,20587501,123.51283895979655,194.37045535859636
3,3,15,2,clustered,service_sigma_0.5,HC_HI,32,2511,20587501,118.75026571472986,153.44018648660105
3,3,15,2,clustered,service_sigma_0.5,HC_HI,33,2597,20587501,130.09951337835153,184.8526514910843
3,3,15,2,clustered,service_sigma_0.5,HC_HI,34,1075,20587501,127.9494036422009,193.28285912112094
3,3,15,2,clustered,service_sigma_0.5,HC_HI,35,716,20587501,133.21700283417607,167.5265013394748
3,3,15,2,clustered,service_sigma_0.5,HC_HI,36,1677,20587501,127.48769858957769,173.2301721243088
3,3,15,2,clustered,service_sigma_0.5,HC_HI,37,1110,20587501,136.76090387889917,179.90513118312177
3,3,15,2,clustered,service_sigma_0.5,HC_HI,38,431,20587501,134.4395573346506,157.1989363206832
3,3,15,2,clustered,service_sigma_0.5,HC_HI,39,900,20587501,137.8625564202007,158.0268769629279
3,3,15,2,clustered,service_sigma_0.5,HC_HI,40,425,20587501,116.99145554805261,147.98770229653607
3,3,15,2,clustered,service_sigma_0.5,HC_HI,41,2766,20587501,135.05744764732745,178.86803080643136
3,3,15,2,clustered,service_sigma_0.5,HC_HI,42,794,20587501,137.96341304717797,163.5438445260083
3,3,15,2,clustered,service_sigma_0.5,HC_HI,43,1948,20587501,134.29479308152426,163.79142340998916
3,3,15,2,clustered,service_sigma_0.5,HC_HI,44,2766,20587501,131.26951181842645,182.42358238025574
3,3,15,2,clustered,service_sigma_0.5,HC_HI,45,2775,20587501,130.13796181872067,175.78869564444776
3,3,15,2,clustered,service_sigma_0.5,HC_HI,46,925,20587501,130.19538097777146,200.34518330535232
3,3,15,2,clustered,service_sigma_0.5,HC_HI,47,2813,20587501,109.62115103796918,105.37035436120098
3,3,15,2,clustered,service_sigma_0.5,HC_HI,48,1528,20587501,117.05247089685224,150.05247089685227
3,3,15,2,clustered,service_sigma_0.5,HC_HI,49,900,20587501,146.096151709693,164.7489515862118
3,3,15,2,clustered,service_sigma_0.5,HC_HI,50,1015,20587501,143.64445248589305,180.9090540887978
3,3,15,2,clustered,service_sigma_0.5,HC_HI,51,943,20587501,122.77632603781528,160.4926674041294
3,3,15,2,clustered,service_sigma_0.5,HC_HI,52,661,20587501,153.01994669654016,189.96750032096023
3,3,15,2,clustered,service_sigma_0.5,HC_HI,53,959,20587501,118.9066749885691,135.43761328488688
3,3,15,2,clustered,service_sigma_0.5,HC_HI,54,1394,20587501,140.22743222535067,209.24647998107062
3,3,15,2,clustered,service_sigma_0.5,HC_HI,55,2813,20587501,113.86715210083311,130.1272773536078
3,3,15,2,clustered,service_sigma_0.5,HC_HI,56,668,20587501,127.07285788718326,169.59991942419873
3,3,15,2,clustered,service_sigma_0.5,HC_HI,57,653,20587501,153.8028313133486,201.62883144510837
3,3,15,2,clustered,service_sigma_0.5,HC_HI,58,2100,20587501,145.6950582380964,181.33654701332614
3,3,15,2,clustered,service_sigma_0.5,HC_HI,59,514,20587501,135.94606061610713,163.7130790443913
3,3,15,2,clustered,service_sigma_0.5,HC_HI,60,2665,20587501,129.72215137623317,158.2322943127107
3,3,15,2,clustered,service_sigma_0.5,HC_HI,61,1079,20587501,135.10423252792353,164.5889135076337
3,3,15,2,clustered,service_sigma_0.5,HC_HI,62,419,20587501,126.14536579756717,134.04534516344327
3,3,15,2,clustered,service_sigma_0.5,HC_HI,63,9,20587501,120.91743579915962,170.3946915364819
3,3,15,2,clustered,service_sigma_0.5,HC_HI,64,2275,20587501,139.5382467607551,166.85158740200416
3,3,15,2,clustered,service_sigma_0.5,HC_HI,65,99,20587501,125.03904534655331,164.72190718801704
3,3,15,2,clustered,service_sigma_0.5,HC_HI,66,943,20587501,135.72381951066632,170.78375328998925
3,3,15,2,clustered,service_sigma_0.5,HC_HI,67,177,20587501,131.38544114589064,158.0875981657213
3,3,15,2,clustered,service_sigma_0.5,HC_HI,68,1977,20587501,136.0715287334572,188.4288737738217
3,3,15,2,clustered,service_sigma_0.5,HC_HI,69,1160,20587501,134.91521999447096,192.24076298814154
3,3,15,2,clustered,service_sigma_0.5,HC_HI,70,1528,20587501,116.65637383398618,148.58933799568317
3,3,15,2,clustered,service_sigma_0.5,HC_HI,71,1148,20587501,124.78200280520602,218.05590120153485
3,3,15,2,clustered,service_sigma_0.5,HC_HI,72,1,20587501,142.79159256138095,211.00743160557866
3,3,15,2,clustered,service_sigma_0.5,HC_HI,73,1932,20587501,122.65512670274887,150.71208556366983
3,3,15,2,clustered,service_sigma_0.5,HC_HI,74,697,20587501,140.27583961715146,156.28699490332323
3,3,15,2,clustered,service_sigma_0.5,HC_HI,75,514,20587501,127.27809911747991,157.66331211114107
3,3,15,2,clustered,service_sigma_0.5,HC_HI,76,2551,20587501,149.10434365690304,174.10051223563863
3,3,15,2,clustered,service_sigma_0.5,HC_HI,77,1336,20587501,114.13811727909956,132.13811727909953
3,3,15,2,clustered,service_sigma_0.5,HC_HI,78,919,20587501,139.1556164586645,202.03843101119588
3,3,15,2,clustered,service_sigma_0.5,HC_HI,79,2238,20587501,173.5509792437112,203.018899626472
3,3,15,2,clustered,service_sigma_0.5,HC_HI,80,716,20587501,133.82472266761144,204.10092880790947
3,3,15,2,clustered,service_sigma_0.5,HC_HI,81,425,20587501,120.98289669023937,138.50427477407897
3,3,15,2,clustered,service_sigma_0.5,HC_HI,82,1328,20587501,124.55098806295948,193.36091335865882
3,3,15,2,clustered,service_sigma_0.5,HC_HI,83,2551,20587501,148.4753640801109,164.0754470884154
3,3,15,2,clustered,service_sigma_0.5,HC_HI,84,177,20587501,128.33997385079203,159.33585312797922
3,3,15,2,clustered,service_sigma_0.5,HC_HI,85,351,20587501,147.8926273536233,177.90225858382564
3,3,15,2,clustered,service_sigma_0.5,HC_HI,86,2110,20587501,195.64289420895565,269.87824222523994
3,3,15,2,clustered,service_sigma_0.5,HC_HI,87,1336,20587501,110.68370204292498,126.87508786025025
3,3,15,2,clustered,service_sigma_0.5,HC_HI,88,375,20587501,101.26340430202313,166.41160234935106
3,3,15,2,clustered,service_sigma_0.5,HC_HI,89,993,20587501,115.95380297173048,145.9119752713219
3,3,15,2,clustered,service_sigma_0.5,HC_HI,90,2549,20587501,126.50727246753729,154.50819231730677
3,3,15,2,clustered,service_sigma_0.5,HC_HI,91,68,20587501,129.75664388998058,186.48827056476267
3,3,15,2,clustered,service_sigma_0.5,HC_HI,92,113,20587501,114.97670928749335,151.09595278298266
3,3,15,2,clustered,service_sigma_0.5,HC_HI,93,1079,20587501,116.7053721187964,168.04063251173565
3,3,15,2,clustered,service_sigma_0.5,HC_HI,94,2799,20587501,136.7583585286699,171.96813826997703
3,3,15,2,clustered,service_sigma_0.5,HC_HI,95,1164,20587501,111.27645659784415,149.28456221058488
3,3,15,2,clustered,service_sigma_0.5,HC_HI,96,1886,20587501,113.93460811818454,148.01976766798128
3,3,15,2,clustered,service_sigma_0.5,HC_HI,97,2585,20587501,131.17046492070696,180.8721793323229
3,3,15,2,clustered,service_sigma_0.5,HC_HI,98,299,20587501,141.30324089222964,191.5473255794627
3,3,15,2,clustered,service_sigma_0.5,HC_HI,99,1336,20587501,110.01622798670951,135.36473926384954
3,3,15,2,clustered,service_sigma_0.5,HC_HI,100,768,20587501,112.21005940748401,154.5318437281431
3,3,15,2,clustered,service_sigma_0.5,HC_HI,101,12,20587501,129.52325626659243,222.55527796241975
3,3,15,2,clustered,service_sigma_0.5,HC_HI,102,2299,20587501,159.21960445619948,202.21960445619948
3,3,15,2,clustered,service_sigma_0.5,HC_HI,103,99,20587501,107.8757394409102,149.54496306418787
3,3,15,2,clustered,service_sigma_0.5,HC_HI,104,1,20587501,139.66226872164535,213.31855940850755
3,3,15,2,clustered,service_sigma_0.5,HC_HI,105,2911,20587501,125.85754904081355,146.091134947935
3,3,15,2,clustered,service_sigma_0.5,HC_HI,106,1995,20587501,128.54089446873806,120.13014487967568
3,3,15,2,clustered,service_sigma_0.5,HC_HI,107,912,20587501,123.87857472685546,148.06960787875022
3,3,15,2,clustered,service_sigma_0.5,HC_HI,108,804,20587501,121.1249188025509,133.45940288357093
3,3,15,2,clustered,service_sigma_0.5,HC_HI,109,2781,20587501,142.3068669583304,136.24106605275293
3,3,15,2,clustered,service_sigma_0.5,HC_HI,110,2830,20587501,124.3135999767075,182.44326629637317
3,3,15,2,clustered,service_sigma_0.5,HC_HI,111,1717,20587501,143.7488286184432,183.3907293565365
3,3,15,2,clustered,service_sigma_0.5,HC_HI,112,1164,20587501,120.01127403251859,148.29348128249092
3,3,15,2,clustered,service_sigma_0.5,HC_HI,113,2951,20587501,147.17848637019884,185.93846168193548
3,3,15,2,clustered,service_sigma_0.5,HC_HI,114,442,20587501,128.14639614260324,179.34985632045957
3,3,15,2,clustered,service_sigma_0.5,HC_HI,115,113,20587501,122.86081227359938,153.98149539399978
3,3,15,2,clustered,service_sigma_0.5,HC_HI,116,1446,20587501,102.2334354442968,134.85572886509576
3,3,15,2,clustered,service_sigma_0.5,HC_HI,117,1380,20587501,130.2274148378691,129.63338664533367
3,3,15,2,clustered,service_sigma_0.5,HC_HI,118,889,20587501,138.29284172183122,187.31144091272992
3,3,15,2,clustered,service_sigma_0.5,HC_HI,119,1366,20587501,127.93183764301001,217.74003442780673
3,3,15,2,clustered,service_sigma_0.5,HC_HI,120,959,20587501,128.24630347083874,138.2336866051794
3,3,15,2,clustered,service_sigma_0.5,HC_HI,121,2425,20587501,111.44195619573837,141.00261158026632
3,3,15,2,clustered,service_sigma_0.5,HC_HI,122,605,20587501,131.61471793153243,153.00830265226696
3,3,15,2,clustered,service_sigma_0.5,HC_HI,123,375,20587501,104.39883407976835,160.04261092995162
3,3,15,2,clustered,service_sigma_0.5,HC_HI,124,1774,20587501,132.24559061226498,207.6059892401185
3,3,15,2,clustered,service_sigma_0.5,HC_HI,125,278,20587501,116.18840997729276,170.2508924992455
3,3,15,2,clustered,service_sigma_0.5,HC_HI,126,129,20587501,131.9430705377339,171.10402214065567
3,3,15,2,clustered,service_sigma_0.5,HC_HI,127,847,20587501,193.3066596219915,210.3748222455304
3,3,15,2,clustered,service_sigma_0.5,HC_HI,128,1528,20587501,111.61892786887904,146.18682599449755
3,3,15,2,clustered,service_sigma_0.5,HC_HI,129,1394,20587501,132.69211799966968,205.44036711050302
3,3,15,2,clustered,service_sigma_0.5,HC_HI,130,113,20587501,127.40791053324988,148.24322226674641
3,3,15,2,clustered,service_sigma_0.5,HC_HI,131,782,20587501,105.91293762082971,121.29884600201385
3,3,15,2,clustered,service_sigma_0.5,HC_HI,132,806,20587501,130.34920581800552,180.9704313468757
3,3,15,2,clustered,service_sigma_0.5,HC_HI,133,1328,20587501,129.63037470581583,163.06452958961722
3,3,15,2,clustered,service_sigma_0.5,HC_HI,134,1540,20587501,178.87788378770912,234.28448693718875
3,3,15,2,clustered,service_sigma_0.5,HC_HI,135,1913,20587501,154.25400947252405,185.1461716910156
3,3,15,2,clustered,service_sigma_0.5,HC_HI,136,2951,20587501,145.14174716172633,214.14853557625105
3,3,15,2,clustered,service_sigma_0.5,HC_HI,137,1328,20587501,120.67690342134046,187.29229411519194
3,3,15,2,clustered,service_sigma_0.5,HC_HI,138,150,20587501,132.35495030996918,177.74364798437526
3,3,15,2,clustered,service_sigma_0.5,HC_HI,139,1810,20587501,119.02539705046247,140.01681773487664
3,3,15,2,clustered,service_sigma_0.5,HC_HI,140,113,20587501,125.56425712272573,157.45117583975298
3,3,15,2,clustered,service_sigma_0.5,HC_HI,141,351,20587501,125.54600272466303,161.23685763903288
3,3,15,2,clustered,service_sigma_0.5,HC_HI,142,2275,20587501,146.68009700715726,163.81211782751208
3,3,15,2,clustered,service_sigma_0.5,HC_HI,143,1276,20587501,134.93200646694166,191.2895364821823
3,3,15,2,clustered,service_sigma_0.5,HC_HI,144,1243,20587501,142.8339426257706,200.6880964880051
3,3,15,2,clustered,service_sigma_0.5,HC_HI,145,1886,20587501,113.97048356201101,133.80904587528605
3,3,15,2,clustered,service_sigma_0.5,HC_HI,146,1446,20587501,105.74225357348463,162.38069666105486
3,3,15,2,clustered,service_sigma_0.5,HC_HI,147,2828,20587501,107.82513937416968,140.20696657354245
3,3,15,2,clustered,service_sigma_0.5,HC_HI,148,1243,20587501,139.17729742089418,202.40562247239916
3,3,15,2,clustered,service_sigma_0.5,HC_HI,149,1961,20587501,127.09441983375532,159.88191786143483
3,3,15,2,clustered,service_sigma_0.5,HC_HI,150,1627,20587501,127.8210774589835,211.69060366740234
3,3,15,2,clustered,service_sigma_0.5,HC_HI,151,2082,20587501,132.19103861359642,195.2525789716004
3,3,15,2,clustered,service_sigma_0.5,HC_HI,152,874,20587501,143.85638413538393,192.75732778136026
3,3,15,2,clustered,service_sigma_0.5,HC_HI,153,2813,20587501,117.01835330743512,126.67460523902142
3,3,15,2,clustered,service_sigma_0.5,HC_HI,154,1276,20587501,133.47577737339716,160.99105615515046
3,3,15,2,clustered,service_sigma_0.5,HC_HI,155,2413,20587501,126.55779641840027,190.49148976872993
3,3,15,2,clustered,service_sigma_0.5,HC_HI,156,177,20587501,141.16937432267173,169.11942715875674
3,3,15,2,clustered,service_sigma_0.5,HC_HI,157,2712,20587501,134.73495912322582,196.9109577003979
3,3,15,2,clustered,service_sigma_0.5,HC_HI,158,993,20587501,114.73328673501862,158.94759918437532
3,3,15,2,clustered,service_sigma_0.5,HC_HI,159,529,20587501,130.4166554185403,192.64497605946113
3,3,15,2,clustered,service_sigma_0.5,HC_HI,160,2597,20587501,133.55561622330492,186.15536371090087
3,3,15,2,clustered,service_sigma_0.5,HC_HI,161,103,20587501,118.15942875165611,142.18956919918523
3,3,15,2,clustered,service_sigma_0.5,HC_HI,162,2574,20587501,113.18322395907289,155.90256376058431
3,3,15,2,clustered,service_sigma_0.5,HC_HI,163,2775,20587501,112.15645886015972,170.53194345298573
3,3,15,2,clustered,service_sigma_0.5,HC_HI,164,150,20587501,136.38413735925488,188.56860061512015
3,3,15,2,clustered,service_sigma_0.5,HC_HI,165,587,20587501,115.34575812746468,146.99323971297008
3,3,15,2,clustered,service_sigma_0.5,HC_HI,166,1092,20587501,138.21619149038168,161.17156909963575
3,3,15,2,clustered,service_sigma_0.5,HC_HI,167,557,20587501,130.03594642063558,192.3619431122942
3,3,15,2,clustered,service_sigma_0.5,HC_HI,168,1528,20587501,119.97958672230646,137.68197486630712
3,3,15,2,clustered,service_sigma_0.5,HC_HI,169,810,20587501,123.33398346428999,171.89116299557395
3,3,15,2,clustered,service_sigma_0.5,HC_HI,170,668,20587501,123.96685613892946,168.18800342790263
3,3,15,2,clustered,service_sigma_0.5,HC_HI,171,138,20587501,118.40613366028313,168.49393839100483
3,3,15,2,clustered,service_sigma_0.5,HC_HI,172,2404,20587501,102.22049683940625,141.7000597989441
3,3,15,2,clustered,service_sigma_0.5,HC_HI,173,557,20587501,134.48912744307643,191.50649272505407
3,3,15,2,clustered,service_sigma_0.5,HC_HI,174,2549,20587501,115.5690342837922,144.88929233226781
3,3,15,2,clustered,service_sigma_0.5,HC_HI,175,163,20587501,151.87470570076272,208.35774274225406
3,3,15,2,clustered,service_sigma_0.5,HC_HI,176,1596,20587501,117.14517579755676,141.2553485861846
3,3,15,2,clustered,service_sigma_0.5,HC_HI,177,2375,20587501,128.15452735428562,169.82649492535944
3,3,15,2,clustered,service_sigma_0.5,HC_HI,178,1913,20587501,138.3669677833911,175.31782351048244
3,3,15,2,clustered,service_sigma_0.5,HC_HI,179,514,20587501,134.03494293821845,147.94806770826438
3,3,15,2,clustered,service_sigma_0.5,HC_HI,180,1774,20587501,137.55710959083942,177.70042094198334
3,3,15,2,clustered,service_sigma_0.5,HC_HI,181,1677,20587501,120.99170845165455,185.70365126379235
3,3,15,2,clustered,service_sigma_0.5,HC_HI,182,2712,20587501,133.21064117952838,190.88685175059229
3,3,15,2,clustered,service_sigma_0.5,HC_HI,183,1195,20587501,111.69196858767356,144.79103668011882
3,3,15,2,clustered,service_sigma_0.5,HC_HI,184,1540,20587501,172.03455945959948,238.59471945351274
3,3,15,2,clustered,service_sigma_0.5,HC_HI,185,2799,20587501,117.70428827415952,169.38218670475868
3,3,15,2,clustered,service_sigma_0.5,HC_HI,186,2920,20587501,116.85331027172148,165.94597552959812
3,3,15,2,clustered,service_sigma_0.5,HC_HI,187,1510,20587501,123.18946542245509,178.67348874471026
3,3,15,2,clustered,service_sigma_0.5,HC_HI,188,559,20587501,149.5918820616733,171.14126967051502
3,3,15,2,clustered,service_sigma_0.5,HC_HI,189,2110,20587501,186.19179753003394,273.40899221531504
3,3,15,2,clustered,service_sigma_0.5,HC_HI,190,804,20587501,122.44838015481554,136.7989145468891
3,3,15,2,clustered,service_sigma_0.5,HC_HI,191,912,20587501,116.68253642224859,147.3467528372988
3,3,15,2,clustered,service_sigma_0.5,HC_HI,192,1601,20587501,166.462590776532,202.79037997669727
3,3,15,2,clustered,service_sigma_0.5,HC_HI,193,1014,20587501,96.44500512282966,112.3363005881271
3,3,15,2,clustered,service_sigma_0.5,HC_HI,194,806,20587501,143.0711067484414,202.09447324969875
3,3,15,2,clustered,service_sigma_0.5,HC_HI,195,792,20587501,112.38971934060677,163.15792623125304
3,3,15,2,clustered,service_sigma_0.5,HC_HI,196,2766,20587501,139.67564173887422,185.5413866514594
3,3,15,2,clustered,service_sigma_0.5,HC_HI,197,2935,20587501,131.90385766805215,174.85129950570607
3,3,15,2,clustered,service_sigma_0.5,HC_HI,198,550,20587501,144.65935527380464,190.94398727569668
3,3,15,2,clustered,service_sigma_0.5,HC_HI,199,1075,20587501,120.52569483528767,192.3596991146205
3,3,15,2,clustered,service_sigma_0.5,HC_LI,0,1643,20587501,128.021864753514,194.02186475351402
3,3,15,2,clustered,service_sigma_0.5,HC_LI,1,601,20587501,156.5465494812681,250.13988082705322
3,3,15,2,clustered,service_sigma_0.5,HC_LI,2,2648,20587501,139.9200727943332,173.78283191366768
3,3,15,2,clustered,service_sigma_0.5,HC_LI,3,2815,20587501,156.62711166128804,205.33633245814744
3,3,15,2,clustered,service_sigma_0.5,HC_LI,4,1335,20587501,157.32377156512072,213.85124550442848
3,3,15,2,clustered,service_sigma_0.5,HC_LI,5,1675,20587501,133.75969140599315,193.93415840239723
3,3,15,2,clustered,service_sigma_0.5,HC_LI,6,495,20587501,135.68147673822506,184.83388615759029
3,3,15,2,clustered,service_sigma_0.5,HC_LI,7,1070,20587501,157.67341495361939,202.3211885969409
3,3,15,2,clustered,service_sigma_0.5,HC_LI,8,1939,20587501,144.526168874519,201.94132280276136
3,3,15,2,clustered,service_sigma_0.5,HC_LI,9,1660,20587501,163.40553524498898,219.30302917434506
3,3,15,2,clustered,service_sigma_0.5,HC_LI,10,2657,20587501,174.11640316857725,228.53902685030317
3,3,15,2,clustered,service_sigma_0.5,HC_LI,11,34,20587501,158.484164665421,239.41069506366972
3,3,15,2,clustered,service_sigma_0.5,HC_LI,12,834,20587501,120.43634132226327,183.62004485758644
3,3,15,2,clustered,service_sigma_0.5,HC_LI,13,580,20587501,161.7304372618868,213.15632852332067
3,3,15,2,clustered,service_sigma_0.5,HC_LI,14,2873,20587501,152.89282489922863,247.5307950452786
3,3,15,2,clustered,service_sigma_0.5,HC_LI,15,933,20587501,150.85158373756352,227.80349855375
3,3,15,2,clustered,service_sigma_0.5,HC_LI,16,2142,20587501,142.75721485070662,234.14073926986686
3,3,15,2,clustered,service_sigma_0.5,HC_LI,17,916,20587501,159.58616467008437,261.37622092059604
3,3,15,2,clustered,service_sigma_0.5,HC_LI,18,1828,20587501,166.02398841674048,172.2919929545841
3,3,15,2,clustered,service_sigma_0.5,HC_LI,19,38,20587501,162.46793049178356,184.0548290976905
3,3,15,2,clustered,service_sigma_0.5,HC_LI,20,2272,20587501,127.79571829113623,166.62636977391398
3,3,15,2,clustered,service_sigma_0.5,HC_LI,21,1333,20587501,152.36904228687587,172.65586410881173
3,3,15,2,clustered,service_sigma_0.5,HC_LI,22,2345,20587501,171.5260433738171,221.37085127970542
3,3,15,2,clustered,service_sigma_0.5,HC_LI,23,2364,20587501,129.5367328952654,157.4610304155141
3,3,15,2,clustered,service_sigma_0.5,HC_LI,24,1552,20587501,131.41066855108133,151.2909347097098
3,3,15,2,clustered,service_sigma_0.5,HC_LI,25,1909,20587501,139.57576792711322,164.04447488784186
3,3,15,2,clustered,service_sigma_0.5,HC_LI,26,2739,20587501,159.19049297698828,218.71591890706242
3,3,15,2,clustered,service_sigma_0.5,HC_LI,27,2236,20587501,128.24301302625298,244.5869171715607
3,3,15,2,clustered,service_sigma_0.5,HC_LI,28,1881,20587501,152.0747656768716,196.9842760736605
3,3,15,2,clustered,service_sigma_0.5,HC_LI,29,517,20587501,155.04450003751637,183.24612064533954
3,3,15,2,clustered,service_sigma_0.5,HC_LI,30,2987,20587501,137.15592428436267,220.38047984810984
3,3,15,2,clustered,service_sigma_0.5,HC_LI,31,260,20587501,163.88556502206234,240.79740058772933
3,3,15,2,clustered,service_sigma_0.5,HC_LI,32,2818,20587501,144.95004349881694,202.75315644261966
3,3,15,2,clustered,service_sigma_0.5,HC_LI,33,1958,20587501,158.32156474578716,170.97047858871778
3,3,15,2,clustered,service_sigma_0.5,HC_LI,34,1828,20587501,152.63774881101136,182.3007214579334
3,3,15,2,clustered,service_sigma_0.5,HC_LI,35,669,20587501,155.79638332906035,243.56601651012585
3,3,15,2,clustered,service_sigma_0.5,HC_LI,36,34,20587501,162.0604220323906,253.814941766769
3,3,15,2,clustered,service_sigma_0.5,HC_LI,37,25,20587501,149.96055530781103,212.86004294766676
3,3,15,2,clustered,service_sigma_0.5,HC_LI,38,841,20587501,152.20434771847195,185.34683117930987
3,3,15,2,clustered,service_sigma_0.5,HC_LI,39,1490,20587501,157.19238664355498,202.77019545461124
3,3,15,2,clustered,service_sigma_0.5,HC_LI,40,1725,20587501,154.3835848170195,185.78679082544065
3,3,15,2,clustered,service_sigma_0.5,HC_LI,41,2596,20587501,143.38490997453397,165.31076767948915
3,3,15,2,clustered,service_sigma_0.5,HC_LI,42,2067,20587501,155.43743016728797,196.9690192558056
3,3,15,2,clustered,service_sigma_0.5,HC_LI,43,2528,20587501,136.83565666689609,214.72666587411052
3,3,15,2,clustered,service_sigma_0.5,HC_LI,44,1047,20587501,139.25178046191732,195.0973319696668
3,3,15,2,clustered,service_sigma_0.5,HC_LI,45,2333,20587501,153.8810830718863,192.86285807109596
3,3,15,2,clustered,service_sigma_0.5,HC_LI,46,461,20587501,136.41437520126863,158.8709441195748
3,3,15,2,clustered,service_sigma_0.5,HC_LI,47,2771,20587501,132.50846553599206,167.86138959901402
3,3,15,2,clustered,service_sigma_0.5,HC_LI,48,884,20587501,150.30394114626293,224.28799383667447
3,3,15,2,clustered,service_sigma_0.5,HC_LI,49,2792,20587501,164.50325430173257,217.93986596309924
3,3,15,2,clustered,service_sigma_0.5,HC_LI,50,2151,20587501,172.41336287088876,239.7991243343517
3,3,15,2,clustered,service_sigma_0.5,HC_LI,51,905,20587501,148.2293592287794,220.2293592287794
3,3,15,2,clustered,service_sigma_0.5,HC_LI,52,2170,20587501,152.23380029535463,200.4213969716342
3,3,15,2,clustered,service_sigma_0.5,HC_LI,53,2986,20587501,143.09480463934165,162.7971091873951
3,3,15,2,clustered,service_sigma_0.5,HC_LI,54,2986,20587501,155.38867488747144,155.7759953970583
3,3,15,2,clustered,service_sigma_0.5,HC_LI,55,1836,20587501,152.08530287855987,181.3368347708925
3,3,15,2,clustered,service_sigma_0.5,HC_LI,56,2394,20587501,148.22393419934227,226.56019657050018
3,3,15,2,clustered,service_sigma_0.5,HC_LI,57,531,20587501,167.1880066642723,239.20804998582017
3,3,15,2,clustered,service_sigma_0.5,HC_LI,58,522,20587501,147.7646978077261,197.3013138325547
3,3,15,2,clustered,service_sigma_0.5,HC_LI,59,595,20587501,162.79950703939593,228.51707455919671
3,3,15,2,clustered,service_sigma_0.5,HC_LI,60,2089,20587501,136.8687216544779,178.5264067329339
3,3,15,2,clustered,service_sigma_0.5,HC_LI,61,2528,20587501,149.10423252792353,217.8516263697951
3,3,15,2,clustered,service_sigma_0.5,HC_LI,62,2345,20587501,148.5131246466635,223.58374722186954
3,3,15,2,clustered,service_sigma_0.5,HC_LI,63,2941,20587501,135.89465487542338,159.05284236791286
3,3,15,2,clustered,service_sigma_0.5,HC_LI,64,1906,20587501,143.7684580718192,182.7873268309781
3,3,15,2,clustered,service_sigma_0.5,HC_LI,65,1033,20587501,164.17699528959957,188.74024085214174
3,3,15,2,clustered,service_sigma_0.5,HC_LI,66,2089,20587501,134.43403339878506,198.52664437571187
3,3,15,2,clustered,service_sigma_0.5,HC_LI,67,2598,20587501,146.4703099155374,213.3964529414409
3,3,15,2,clustered,service_sigma_0.5,HC_LI,68,2099,20587501,134.8888404655109,159.9166383734128
3,3,15,2,clustered,service_sigma_0.5,HC_LI,69,2345,20587501,174.02354639929635,244.38113335397267
3,3,15,2,clustered,service_sigma_0.5,HC_LI,70,517,20587501,165.55754381536568,196.4380612831422
3,3,15,2,clustered,service_sigma_0.5,HC_LI,71,598,20587501,146.30715841020978,192.81381178302198
3,3,15,2,clustered,service_sigma_0.5,HC_LI,72,2277,20587501,158.40252760943525,192.73228719999827
3,3,15,2,clustered,service_sigma_0.5,HC_LI,73,1267,20587501,160.9269857330334,218.14407473722284
3,3,15,2,clustered,service_sigma_0.5,HC_LI,74,522,20587501,138.9358613085812,201.5993259797321
3,3,15,2,clustered,service_sigma_0.5,HC_LI,75,2598,20587501,147.74362574004027,222.30531064665152
3,3,15,2,clustered,service_sigma_0.5,HC_LI,76,2249,20587501,169.104343656903,187.71821663289825
3,3,15,2,clustered,service_sigma_0.5,HC_LI,77,527,20587501,158.01185116111898,199.5090269728588
3,3,15,2,clustered,service_sigma_0.5,HC_LI,78,942,20587501,159.7517369672286,183.7517369672286
3,3,15,2,clustered,service_sigma_0.5,HC_LI,79,2051,20587501,153.4650235421165,237.74865329470657
3,3,15,2,clustered,service_sigma_0.5,HC_LI,80,1388,20587501,140.45493989015404,203.43466537158878
3,3,15,2,clustered,service_sigma_0.5,HC_LI,81,2960,20587501,165.46351490352595,235.72854959868766
3,3,15,2,clustered,service_sigma_0.5,HC_LI,82,1994,20587501,154.71604947649823,160.6196763866931
3,3,15,2,clustered,service_sigma_0.5,HC_LI,83,1661,20587501,156.078039870721,198.3123500830406
3,3,15,2,clustered,service_sigma_0.5,HC_LI,84,1012,20587501,145.30980233651403,180.50057537922717
3,3,15,2,clustered,service_sigma_0.5,HC_LI,85,1801,20587501,154.4742105917978,201.4791753128417
3,3,15,2,clustered,service_sigma_0.5,HC_LI,86,107,20587501,169.19851593955173,248.58088308716998
3,3,15,2,clustered,service_sigma_0.5,HC_LI,87,957,20587501,152.2815735001818,178.61917364939796
3,3,15,2,clustered,service_sigma_0.5,HC_LI,88,595,20587501,155.6110042826818,223.73744915931684
3,3,15,2,clustered,service_sigma_0.5,HC_LI,89,2311,20587501,150.88322348814972,188.6303695205206
3,3,15,2,clustered,service_sigma_0.5,HC_LI,90,2139,20587501,157.09900252409005,203.21777173138318
3,3,15,2,clustered,service_sigma_0.5,HC_LI,91,1902,20587501,149.82988431825288,191.54395382009275
3,3,15,2,clustered,service_sigma_0.5,HC_LI,92,38,20587501,163.70159453299115,173.8998199446866
3,3,15,2,clustered,service_sigma_0.5,HC_LI,93,33,20587501,135.91625504600248,186.21203866907433
3,3,15,2,clustered,service_sigma_0.5,HC_LI,94,1198,20587501,151.23188416469904,208.54306663695365
3,3,15,2,clustered,service_sigma_0.5,HC_LI,95,253,20587501,185.17664333062152,215.32727543667028
3,3,15,2,clustered,service_sigma_0.5,HC_LI,96,1560,20587501,166.46267157716056,187.7851896139122
3,3,15,2,clustered,service_sigma_0.5,HC_LI,97,107,20587501,164.77063562024915,245.56473457476505
3,3,15,2,clustered,service_sigma_0.5,HC_LI,98,2272,20587501,134.78561284569355,174.03404737055442
3,3,15,2,clustered,service_sigma_0.5,HC_LI,99,2142,20587501,133.29024064491009,218.3331128454363
3,3,15,2,clustered,service_sigma_0.5,HC_LI,100,2528,20587501,149.1139700088651,221.4543212210015
3,3,15,2,clustered,service_sigma_0.5,HC_LI,101,220,20587501,140.35568223915166,209.5688556070277
3,3,15,2,clustered,service_sigma_0.5,HC_LI,102,2236,20587501,131.8474810516957,233.06091048326994
3,3,15,2,clustered,service_sigma_0.5,HC_LI,103,906,20587501,137.01020708134425,220.85038198689563
3,3,15,2,clustered,service_sigma_0.5,HC_LI,104,834,20587501,127.69636842963857,182.95306083010541
3,3,15,2,clustered,service_sigma_0.5,HC_LI,105,906,20587501,154.25086539811778,225.06310376999966
3,3,15,2,clustered,service_sigma_0.5,HC_LI,106,1033,20587501,154.41001525799194,200.8714213934453
3,3,15,2,clustered,service_sigma_0.5,HC_LI,107,2199,20587501,143.6586118800244,221.38074339014537
3,3,15,2,clustered,service_sigma_0.5,HC_LI,108,957,20587501,154.78533079332328,194.90644091291549
3,3,15,2,clustered,service_sigma_0.5,HC_LI,109,884,20587501,149.41248418112704,220.15662121956694
3,3,15,2,clustered,service_sigma_0.5,HC_LI,110,2941,20587501,135.67358209025943,161.33208504273603
3,3,15,2,clustered,service_sigma_0.5,HC_LI,111,2236,20587501,133.86499069345155,242.5884908768385
3,3,15,2,clustered,service_sigma_0.5,HC_LI,112,1660,20587501,164.22755929268837,240.85245562511724
3,3,15,2,clustered,service_sigma_0.5,HC_LI,113,2142,20587501,132.60240090087288,219.89009299609486
3,3,15,2,clustered,service_sigma_0.5,HC_LI,114,2004,20587501,152.72023296027834,182.02196663778352
3,3,15,2,clustered,service_sigma_0.5,HC_LI,115,1544,20587501,142.32667077547768,175.438162039971
3,3,15,2,clustered,service_sigma_0.5,HC_LI,116,911,20587501,138.55567864221294,209.31550135566653
3,3,15,2,clustered,service_sigma_0.5,HC_LI,117,1675,20587501,156.07061855969593,213.4534540446749
3,3,15,2,clustered,service_sigma_0.5,HC_LI,118,2114,20587501,135.1279764843138,195.62925528473644
3,3,15,2,clustered,service_sigma_0.5,HC_LI,119,2277,20587501,162.74786103510584,225.12247883863122
3,3,15,2,clustered,service_sigma_0.5,HC_LI,120,2196,20587501,125.4238424775001,176.45388524855338
3,3,15,2,clustered,service_sigma_0.5,HC_LI,121,1672,20587501,147.00261158026632,181.37798357300062
3,3,15,2,clustered,service_sigma_0.5,HC_LI,122,870,20587501,158.69734310353462,228.28158135546997
3,3,15,2,clustered,service_sigma_0.5,HC_LI,123,2823,20587501,145.87260321720197,206.1529557180576
3,3,15,2,clustered,service_sigma_0.5,HC_LI,124,2746,20587501,171.7163678265255,208.71752333067218
3,3,15,2,clustered,service_sigma_0.5,HC_LI,125,2434,20587501,148.97794160784935,202.1214112762234
3,3,15,2,clustered,service_sigma_0.5,HC_LI,126,1902,20587501,144.72320942669168,192.3108286687586
3,3,15,2,clustered,service_sigma_0.5,HC_LI,127,2815,20587501,161.83045439985023,208.10849607681808
3,3,15,2,clustered,service_sigma_0.5,HC_LI,128,1909,20587501,138.59140126787133,149.3865985787018
3,3,15,2,clustered,service_sigma_0.5,HC_LI,129,2345,20587501,151.9564493639509,266.8390709489826
3,3,15,2,clustered,service_sigma_0.5,HC_LI,130,1616,20587501,146.1699253371304,219.1901083156546
3,3,15,2,clustered,service_sigma_0.5,HC_LI,131,1070,20587501,165.97468938175695,210.4407809196998
3,3,15,2,clustered,service_sigma_0.5,HC_LI,132,1994,20587501,152.86483166578776,175.65078343060387
3,3,15,2,clustered,service_sigma_0.5,HC_LI,133,1939,20587501,154.94778911135722,218.52290808279102
3,3,15,2,clustered,service_sigma_0.5,HC_LI,134,1157,20587501,135.65799062997723,203.91466924677832
3,3,15,2,clustered,service_sigma_0.5,HC_LI,135,2271,20587501,162.60604179324056,197.9139392700064
3,3,15,2,clustered,service_sigma_0.5,HC_LI,136,1836,20587501,157.62778492556177,200.04959127497287
3,3,15,2,clustered,service_sigma_0.5,HC_LI,137,1897,20587501,150.40880088732436,190.06845774903292
3,3,15,2,clustered,service_sigma_0.5,HC_LI,138,1481,20587501,161.546332550991,189.54887157060472
3,3,15,2,clustered,service_sigma_0.5,HC_LI,139,2139,20587501,144.8122342467909,173.31874172343026
3,3,15,2,clustered,service_sigma_0.5,HC_LI,140,2139,20587501,160.90372730617833,211.97923535569248
3,3,15,2,clustered,service_sigma_0.5,HC_LI,141,107,20587501,174.87218744245703,230.90238771086592
3,3,15,2,clustered,service_sigma_0.5,HC_LI,142,1796,20587501,162.23244777583656,227.4953599615746
3,3,15,2,clustered,service_sigma_0.5,HC_LI,143,1070,20587501,176.58233751955106,220.00608409475302
3,3,15,2,clustered,service_sigma_0.5,HC_LI,144,2329,20587501,142.8339426257706,228.4835661926362
3,3,15,2,clustered,service_sigma_0.5,HC_LI,145,2792,20587501,163.84840541899234,220.84840541899234
3,3,15,2,clustered,service_sigma_0.5,HC_LI,146,1796,20587501,144.65775384211832,210.4661843968879
3,3,15,2,clustered,service_sigma_0.5,HC_LI,147,405,20587501,155.82446829096094,226.20892727099292
3,3,15,2,clustered,service_sigma_0.5,HC_LI,148,1070,20587501,171.57557000046847,209.46723729824018
3,3,15,2,clustered,service_sigma_0.5,HC_LI,149,1658,20587501,166.54288230397842,207.11873598431526
3,3,15,2,clustered,service_sigma_0.5,HC_LI,150,531,20587501,164.16042262165035,228.39700564439931
3,3,15,2,clustered,service_sigma_0.5,HC_LI,151,2760,20587501,140.53016033264183,202.96067233624578
3,3,15,2,clustered,service_sigma_0.5,HC_LI,152,2271,20587501,144.2718481811894,198.5124005883718
3,3,15,2,clustered,service_sigma_0.5,HC_LI,153,452,20587501,134.48287617669803,206.85728567324048
3,3,15,2,clustered,service_sigma_0.5,HC_LI,154,260,20587501,160.71248934722817,229.57098845463528
3,3,15,2,clustered,service_sigma_0.5,HC_LI,155,1613,20587501,158.24366802182348,186.63697581756875
3,3,15,2,clustered,service_sigma_0.5,HC_LI,156,617,20587501,151.89584491798763,195.55627923749026
3,3,15,2,clustered,service_sigma_0.5,HC_LI,157,2249,20587501,157.98202511262343,220.93016351713334
3,3,15,2,clustered,service_sigma_0.5,HC_LI,158,1613,20587501,151.14133717782306,179.55320470162758
3,3,15,2,clustered,service_sigma_0.5,HC_LI,159,1333,20587501,147.44634796560564,171.47770705688106
3,3,15,2,clustered,service_sigma_0.5,HC_LI,160,1939,20587501,151.82094180041102,217.49881754317255
3,3,15,2,clustered,service_sigma_0.5,HC_LI,161,314,20587501,152.29123513046864,204.441270487426
3,3,15,2,clustered,service_sigma_0.5,HC_LI,162,2907,20587501,182.50102763364183,215.7012982949967
3,3,15,2,clustered,service_sigma_0.5,HC_LI,163,1731,20587501,129.67247737207825,144.8715392816726
3,3,15,2,clustered,service_sigma_0.5,HC_LI,164,1544,20587501,150.96403201316707,195.37647738601098
3,3,15,2,clustered,service_sigma_0.5,HC_LI,165,33,20587501,126.08974086979514,175.00525573661318
3,3,15,2,clustered,service_sigma_0.5,HC_LI,166,1633,20587501,155.3960937468216,209.11926707837642
3,3,15,2,clustered,service_sigma_0.5,HC_LI,167,1801,20587501,141.87556999221886,191.29260014531926
3,3,15,2,clustered,service_sigma_0.5,HC_LI,168,2628,20587501,155.99240501245689,225.83852313818164
3,3,15,2,clustered,service_sigma_0.5,HC_LI,169,1313,20587501,146.18677634778214,221.98040943950653
3,3,15,2,clustered,service_sigma_0.5,HC_LI,170,2650,20587501,155.9044425440451,241.13952934803822
3,3,15,2,clustered,service_sigma_0.5,HC_LI,171,2329,20587501,142.662504579189,222.50669167709225
3,3,15,2,clustered,service_sigma_0.5,HC_LI,172,2502,20587501,164.8405471248741,194.85756163185442
3,3,15,2,clustered,service_sigma_0.5,HC_LI,173,1675,20587501,144.13785341784774,200.30924308534316
3,3,15,2,clustered,service_sigma_0.5,HC_LI,174,2941,20587501,123.92398961214016,173.6165898510826
3,3,15,2,clustered,service_sigma_0.5,HC_LI,175,1616,20587501,160.56853717180576,225.00177170732582
3,3,15,2,clustered,service_sigma_0.5,HC_LI,176,2873,20587501,158.06867701274103,203.52267497970132
3,3,15,2,clustered,service_sigma_0.5,HC_LI,177,1128,20587501,158.61290097183914,201.96375838394647
3,3,15,2,clustered,service_sigma_0.5,HC_LI,178,2367,20587501,140.18289614082994,206.4971300909055
3,3,15,2,clustered,service_sigma_0.5,HC_LI,179,2196,20587501,128.61721939883998,175.9685049100418
3,3,15,2,clustered,service_sigma_0.5,HC_LI,180,2434,20587501,170.32899489633638,212.24192683068253
3,3,15,2,clustered,service_sigma_0.5,HC_LI,181,2634,20587501,156.08992800237056,213.74524498984368
3,3,15,2,clustered,service_sigma_0.5,HC_LI,182,2104,20587501,155.30273794536905,221.96753672840953
3,3,15,2,clustered,service_sigma_0.5,HC_LI,183,531,20587501,164.92817779471642,239.92584601669586
3,3,15,2,clustered,service_sigma_0.5,HC_LI,184,851,20587501,181.15299770233582,223.41760791609795
3,3,15,2,clustered,service_sigma_0.5,HC_LI,185,2907,20587501,158.1474728541959,210.8803446313121
3,3,15,2,clustered,service_sigma_0.5,HC_LI,186,1590,20587501,149.06535721067462,183.51689896261098
3,3,15,2,clustered,service_sigma_0.5,HC_LI,187,34,20587501,164.76321764661998,234.46772651490323
3,3,15,2,clustered,service_sigma_0.5,HC_LI,188,2642,20587501,134.57891726056428,184.40351977839262
3,3,15,2,clustered,service_sigma_0.5,HC_LI,189,1611,20587501,152.93114002681054,189.36639042565028
3,3,15,2,clustered,service_sigma_0.5,HC_LI,190,1481,20587501,154.27850932298816,182.03794235755055
3,3,15,2,clustered,service_sigma_0.5,HC_LI,191,1611,20587501,143.8115555538988,177.82115154356057
3,3,15,2,clustered,service_sigma_0.5,HC_LI,192,737,20587501,163.77320915485086,201.7254802242938
3,3,15,2,clustered,service_sigma_0.5,HC_LI,193,2987,20587501,130.85449152284858,219.0005707836282
3,3,15,2,clustered,service_sigma_0.5,HC_LI,194,2144,20587501,160.80304629182092,251.8890821352179
3,3,15,2,clustered,service_sigma_0.5,HC_LI,195,1643,20587501,133.43829898868856,190.82235810207243
3,3,15,2,clustered,service_sigma_0.5,HC_LI,196,1250,20587501,174.9937212570498,200.503804885228
3,3,15,2,clustered,service_sigma_0.5,HC_LI,197,1777,20587501,142.60326549868321,189.60173699173083
3,3,15,2,clustered,service_sigma_0.5,HC_LI,198,2656,20587501,131.16175407370253,168.44609150547308
3,3,15,2,clustered,service_sigma_0.5,HC_LI,199,1085,20587501,143.94635646168155,239.8364995139877
3,3,15,2,clustered,service_sigma_0.5,LC_HI,0,2294,20587501,124.78686031941173,139.48276527003063
3,3,15,2,clustered,service_sigma_0.5,LC_HI,1,2138,20587501,121.16130026449412,184.51935595884046
3,3,15,2,clustered,service_sigma_0.5,LC_HI,2,1022,20587501,109.95517966439185,154.72936990105015
3,3,15,2,clustered,service_sigma_0.5,LC_HI,3,724,20587501,121.05127472975298,130.73597728605458
3,3,15,2,clustered,service_sigma_0.5,LC_HI,4,1680,20587501,139.7484819354186,173.3683550545917
3,3,15,2,clustered,service_sigma_0.5,LC_HI,5,2564,20587501,130.07912517713396,171.62455749123419
3,3,15,2,clustered,service_sigma_0.5,LC_HI,6,1800,20587501,129.2804631685571,190.01200808718391
3,3,15,2,clustered,service_sigma_0.5,LC_HI,7,282,20587501,123.31752699724122,187.2064965598267
3,3,15,2,clustered,service_sigma_0.5,LC_HI,8,2957,20587501,197.42293768404522,237.77556493764195
3,3,15,2,clustered,service_sigma_0.5,LC_HI,9,776,20587501,120.83836634576453,143.0551484542918
3,3,15,2,clustered,service_sigma_0.5,LC_HI,10,1183,20587501,111.21963557174186,147.76410763461814
3,3,15,2,clustered,service_sigma_0.5,LC_HI,11,1236,20587501,112.64553185172205,146.42371191489462
3,3,15,2,clustered,service_sigma_0.5,LC_HI,12,519,20587501,164.56665080674563,218.60438474628572
3,3,15,2,clustered,service_sigma_0.5,LC_HI,13,35,20587501,125.48287462710516,177.13848309774468
3,3,15,2,clustered,service_sigma_0.5,LC_HI,14,2471,20587501,117.38142937813757,139.81132202302823
3,3,15,2,clustered,service_sigma_0.5,LC_HI,15,1865,20587501,101.51529216188472,144.3558995845664
3,3,15,2,clustered,service_sigma_0.5,LC_HI,16,1651,20587501,188.94075582843604,252.46739117972146
3,3,15,2,clustered,service_sigma_0.5,LC_HI,17,460,20587501,110.74805710983213,142.00127327810486
3,3,15,2,clustered,service_sigma_0.5,LC_HI,18,1951,20587501,114.29199295458406,156.0574757272275
3,3,15,2,clustered,service_sigma_0.5,LC_HI,19,2710,20587501,129.32030331650233,195.32030331650233
3,3,15,2,clustered,service_sigma_0.5,LC_HI,20,148,20587501,174.32090992561348,249.85349902552304
3,3,15,2,clustered,service_sigma_0.5,LC_HI,21,2901,20587501,121.6496259571932,156.57147120268885
3,3,15,2,clustered,service_sigma_0.5,LC_HI,22,1186,20587501,140.35967773251375,164.22374153872775
3,3,15,2,clustered,service_sigma_0.5,LC_HI,23,877,20587501,116.39816608904992,168.13449806665213
3,3,15,2,clustered,service_sigma_0.5,LC_HI,24,2808,20587501,174.77229313774205,219.8860505608774
3,3,15,2,clustered,service_sigma_0.5,LC_HI,25,2037,20587501,160.7312034503151,219.51374668295713
3,3,15,2,clustered,service_sigma_0.5,LC_HI,26,556,20587501,169.61979169056073,223.7221941538998
3,3,15,2,clustered,service_sigma_0.5,LC_HI,27,1448,20587501,107.95317722618341,117.04209043034489
3,3,15,2,clustered,service_sigma_0.5,LC_HI,28,837,20587501,106.78657020541559,143.68918808070052
3,3,15,2,clustered,service_sigma_0.5,LC_HI,29,1356,20587501,165.37672856288808,209.5856029989811
3,3,15,2,clustered,service_sigma_0.5,LC_HI,30,650,20587501,121.030078064559,184.6719672497283
3,3,15,2,clustered,service_sigma_0.5,LC_HI,31,660,20587501,126.78432838318282,152.7238409648764
3,3,15,2,clustered,service_sigma_0.5,LC_HI,32,1854,20587501,183.3121435903252,219.5175401346354
3,3,15,2,clustered,service_sigma_0.5,LC_HI,33,51,20587501,153.25973572845393,211.67249649767274
3,3,15,2,clustered,service_sigma_0.5,LC_HI,34,2044,20587501,130.87656621512988,150.75879862921855
3,3,15,2,clustered,service_sigma_0.5,LC_HI,35,769,20587501,120.61989301307618,140.7320065564172
3,3,15,2,clustered,service_sigma_0.5,LC_HI,36,2331,20587501,132.0604220323906,153.374346341827
3,3,15,2,clustered,service_sigma_0.5,LC_HI,37,217,20587501,170.40790325055596,245.56721214857728
3,3,15,2,clustered,service_sigma_0.5,LC_HI,38,122,20587501,135.5466120289047,180.32119577148845
3,3,15,2,clustered,service_sigma_0.5,LC_HI,39,2313,20587501,110.45130389710283,148.87868787094214
3,3,15,2,clustered,service_sigma_0.5,LC_HI,40,223,20587501,123.41775365168373,157.81618156061796
3,3,15,2,clustered,service_sigma_0.5,LC_HI,41,1212,20587501,115.50661289996461,162.13394547303818
3,3,15,2,clustered,service_sigma_0.5,LC_HI,42,195,20587501,162.99906069469236,183.05687566607355
3,3,15,2,clustered,service_sigma_0.5,LC_HI,43,1577,20587501,127.387431320749,180.42592076301565
3,3,15,2,clustered,service_sigma_0.5,LC_HI,44,2428,20587501,122.21209433714564,193.6527299735466
3,3,15,2,clustered,service_sigma_0.5,LC_HI,45,338,20587501,133.99321038845662,183.00106960697704
3,3,15,2,clustered,service_sigma_0.5,LC_HI,46,967,20587501,117.3372806537408,144.99287734007547
3,3,15,2,clustered,service_sigma_0.5,LC_HI,47,0,20587501,116.19540657754513,146.65607500043376
3,3,15,2,clustered,service_sigma_0.5,LC_HI,48,243,20587501,106.39181647391,142.4146321663117
3,3,15,2,clustered,service_sigma_0.5,LC_HI,49,2694,20587501,122.00533199474442,170.92807497599742
3,3,15,2,clustered,service_sigma_0.5,LC_HI,50,276,20587501,130.70299993095105,155.35539593972882
3,3,15,2,clustered,service_sigma_0.5,LC_HI,51,1223,20587501,91.68522546172593,114.71484954688846
3,3,15,2,clustered,service_sigma_0.5,LC_HI,52,6,20587501,185.45696080805573,219.48764819719145
3,3,15,2,clustered,service_sigma_0.5,LC_HI,53,2355,20587501,121.49468126573164,166.16605987280386
3,3,15,2,clustered,service_sigma_0.5,LC_HI,54,2533,20587501,103.51099502360151,126.7388098144879
3,3,15,2,clustered,service_sigma_0.5,LC_HI,55,878,20587501,107.77589841637128,152.9439106048332
3,3,15,2,clustered,service_sigma_0.5,LC_HI,56,915,20587501,137.07725023318218,161.2104775752938
3,3,15,2,clustered,service_sigma_0.5,LC_HI,57,1215,20587501,102.32066934268076,168.5691273575374
3,3,15,2,clustered,service_sigma_0.5,LC_HI,58,1628,20587501,182.79475994706996,198.4351903440814
3,3,15,2,clustered,service_sigma_0.5,LC_HI,59,2169,20587501,125.22620444673956,178.09627361314074
3,3,15,2,clustered,service_sigma_0.5,LC_HI,60,1397,20587501,171.05630802323705,236.645407450425
3,3,15,2,clustered,service_sigma_0.5,LC_HI,61,1782,20587501,99.37378900711121,105.62639516523964
3,3,15,2,clustered,service_sigma_0.5,LC_HI,62,0,20587501,116.79004421784259,146.88110545380098
3,3,15,2,clustered,service_sigma_0.5,LC_HI,63,1700,20587501,123.74972606431672,178.23735515202796
3,3,15,2,clustered,service_sigma_0.5,LC_HI,64,35,20587501,112.2237016948695,174.2237016948695
3,3,15,2,clustered,service_sigma_0.5,LC_HI,65,2281,20587501,116.7266056919137,151.1064295804349
3,3,15,2,clustered,service_sigma_0.5,LC_HI,66,2259,20587501,130.91239207836065,200.03044407783318
3,3,15,2,clustered,service_sigma_0.5,LC_HI,67,2928,20587501,125.68728749949307,143.77068834093814
3,3,15,2,clustered,service_sigma_0.5,LC_HI,68,1349,20587501,117.77217460655592,170.39749991555033
3,3,15,2,clustered,service_sigma_0.5,LC_HI,69,776,20587501,128.1807443532995,156.89215805497125
3,3,15,2,clustered,service_sigma_0.5,LC_HI,70,426,20587501,118.62654875358481,159.75395113123582
3,3,15,2,clustered,service_sigma_0.5,LC_HI,71,760,20587501,128.96724172498702,184.43140962760347
3,3,15,2,clustered,service_sigma_0.5,LC_HI,72,1635,20587501,122.2492306396197,177.2300620669078
3,3,15,2,clustered,service_sigma_0.5,LC_HI,73,2016,20587501,102.45012227017654,132.3560557645643
3,3,15,2,clustered,service_sigma_0.5,LC_HI,74,2591,20587501,111.00390474620322,151.43937930965137
3,3,15,2,clustered,service_sigma_0.5,LC_HI,75,390,20587501,114.46102332911113,152.75684749839826
3,3,15,2,clustered,service_sigma_0.5,LC_HI,76,2503,20587501,154.26528197432927,195.04874764685178
3,3,15,2,clustered,service_sigma_0.5,LC_HI,77,1147,20587501,97.98281587497111,146.59923879627175
3,3,15,2,clustered,service_sigma_0.5,LC_HI,78,1405,20587501,111.09024408672775,110.1556164586645
3,3,15,2,clustered,service_sigma_0.5,LC_HI,79,846,20587501,132.29985734291952,157.95720663278442
3,3,15,2,clustered,service_sigma_0.5,LC_HI,80,356,20587501,112.6869932025144,168.47663204869565
3,3,15,2,clustered,service_sigma_0.5,LC_HI,81,776,20587501,126.26799648418715,150.26799648418717
3,3,15,2,clustered,service_sigma_0.5,LC_HI,82,398,20587501,138.51665204719583,175.51665204719583
3,3,15,2,clustered,service_sigma_0.5,LC_HI,83,774,20587501,125.44698952132002,182.34875510790198
3,3,15,2,clustered,service_sigma_0.5,LC_HI,84,460,20587501,116.89098444654587,140.53920291829738
3,3,15,2,clustered,service_sigma_0.5,LC_HI,85,1896,20587501,135.78389189025998,171.22464397912242
3,3,15,2,clustered,service_sigma_0.5,LC_HI,86,2910,20587501,89.30195424416502,121.59637189375329
3,3,15,2,clustered,service_sigma_0.5,LC_HI,87,2141,20587501,102.37329590442343,123.79512865545178
3,3,15,2,clustered,service_sigma_0.5,LC_HI,88,428,20587501,126.75299260586051,145.12687654844206
3,3,15,2,clustered,service_sigma_0.5,LC_HI,89,2479,20587501,143.5474074509207,207.90837506452925
3,3,15,2,clustered,service_sigma_0.5,LC_HI,90,2945,20587501,142.35786455924506,216.3101822494536
3,3,15,2,clustered,service_sigma_0.5,LC_HI,91,689,20587501,130.89785522188632,147.6849898334406
3,3,15,2,clustered,service_sigma_0.5,LC_HI,92,822,20587501,115.72043344338718,157.78314907479677
3,3,15,2,clustered,service_sigma_0.5,LC_HI,93,1936,20587501,130.34403628495664,137.80425489975178
3,3,15,2,clustered,service_sigma_0.5,LC_HI,94,1591,20587501,105.22027128567429,156.2329074678169
3,3,15,2,clustered,service_sigma_0.5,LC_HI,95,2694,20587501,114.94638215953258,156.4678183953299
3,3,15,2,clustered,service_sigma_0.5,LC_HI,96,1651,20587501,174.57680857672116,236.4717722269378
3,3,15,2,clustered,service_sigma_0.5,LC_HI,97,2046,20587501,101.46795308451982,115.20688741581795
3,3,15,2,clustered,service_sigma_0.5,LC_HI,98,2406,20587501,109.54732557946268,125.16318750572015
3,3,15,2,clustered,service_sigma_0.5,LC_HI,99,1345,20587501,118.10803804055337,169.49354713774645
3,3,15,2,clustered,service_sigma_0.5,LC_HI,100,2354,20587501,111.53184372814307,139.86970819534758
3,3,15,2,clustered,service_sigma_0.5,LC_HI,101,1284,20587501,120.06091331710947,177.8747361350069
3,3,15,2,clustered,service_sigma_0.5,LC_HI,102,123,20587501,170.97345963439344,219.63127982802172
3,3,15,2,clustered,service_sigma_0.5,LC_HI,103,1846,20587501,120.78715763294065,172.644772367927
3,3,15,2,clustered,service_sigma_0.5,LC_HI,104,920,20587501,77.69497834023025,117.32055537672274
3,3,15,2,clustered,service_sigma_0.5,LC_HI,105,1206,20587501,119.33650574614931,159.91196779401258
3,3,15,2,clustered,service_sigma_0.5,LC_HI,106,359,20587501,119.79717607016262,141.04812686819892
3,3,15,2,clustered,service_sigma_0.5,LC_HI,107,1574,20587501,104.20072972666144,135.95035495052048
3,3,15,2,clustered,service_sigma_0.5,LC_HI,108,2342,20587501,132.66413888215305,171.2367045354511
3,3,15,2,clustered,service_sigma_0.5,LC_HI,109,1529,20587501,121.30686695833042,162.9345669581751
3,3,15,2,clustered,service_sigma_0.5,LC_HI,110,1589,20587501,112.73954202302419,167.13548285906919
3,3,15,2,clustered,service_sigma_0.5,LC_HI,111,706,20587501,106.86363479954403,169.3362067021124
3,3,15,2,clustered,service_sigma_0.5,LC_HI,112,2316,20587501,124.13797860514939,152.57103864563524
3,3,15,2,clustered,service_sigma_0.5,LC_HI,113,1215,20587501,99.66940903265679,159.23180564661675
3,3,15,2,clustered,service_sigma_0.5,LC_HI,114,2878,20587501,179.36314518721002,242.59618398643394
3,3,15,2,clustered,service_sigma_0.5,LC_HI,115,2447,20587501,107.53546568880626,156.02607568354995
3,3,15,2,clustered,service_sigma_0.5,LC_HI,116,1224,20587501,123.77736429418368,140.69138618225026
3,3,15,2,clustered,service_sigma_0.5,LC_HI,117,809,20587501,125.84472393934261,216.48316176453986
3,3,15,2,clustered,service_sigma_0.5,LC_HI,118,1035,20587501,127.60409687040624,153.0286349219766
3,3,15,2,clustered,service_sigma_0.5,LC_HI,119,1803,20587501,118.69669868543639,180.2388466424813
3,3,15,2,clustered,service_sigma_0.5,LC_HI,120,1878,20587501,111.59851437490093,138.38985465000482
3,3,15,2,clustered,service_sigma_0.5,LC_HI,121,1303,20587501,137.57578983893427,192.67410511555534
3,3,15,2,clustered,service_sigma_0.5,LC_HI,122,392,20587501,99.48820557598967,143.09904966907743
3,3,15,2,clustered,service_sigma_0.5,LC_HI,123,165,20587501,110.92586205598941,139.7392634943024
3,3,15,2,clustered,service_sigma_0.5,LC_HI,124,2318,20587501,164.8262560900725,230.79307539176622
3,3,15,2,clustered,service_sigma_0.5,LC_HI,125,281,20587501,99.28858783371521,128.55208294313127
3,3,15,2,clustered,service_sigma_0.5,LC_HI,126,383,20587501,99.0960664214715,105.41709773644273
3,3,15,2,clustered,service_sigma_0.5,LC_HI,127,2112,20587501,118.2301181122374,176.45870526931355
3,3,15,2,clustered,service_sigma_0.5,LC_HI,128,472,20587501,107.77417528982664,169.31506625845356
3,3,15,2,clustered,service_sigma_0.5,LC_HI,129,688,20587501,121.2296850387803,136.684343509612
3,3,15,2,clustered,service_sigma_0.5,LC_HI,130,1175,20587501,115.4912029449054,176.98305579694943
3,3,15,2,clustered,service_sigma_0.5,LC_HI,131,811,20587501,134.2870720191158,159.16978560146092
3,3,15,2,clustered,service_sigma_0.5,LC_HI,132,139,20587501,135.17641574803244,194.34709835856978
3,3,15,2,clustered,service_sigma_0.5,LC_HI,133,1172,20587501,114.95295312188655,153.03886028525167
3,3,15,2,clustered,service_sigma_0.5,LC_HI,134,1736,20587501,175.88990537232192,196.1941848405808
3,3,15,2,clustered,service_sigma_0.5,LC_HI,135,2393,20587501,110.70577582630293,175.08423448294158
3,3,15,2,clustered,service_sigma_0.5,LC_HI,136,2373,20587501,117.08720774402974,139.1187294362757
3,3,15,2,clustered,service_sigma_0.5,LC_HI,137,888,20587501,123.09548049383152,174.09548049383153
3,3,15,2,clustered,service_sigma_0.5,LC_HI,138,1713,20587501,117.54887157060472,162.83899262294278
3,3,15,2,clustered,service_sigma_0.5,LC_HI,139,742,20587501,105.11342147042792,105.59226795042416
3,3,15,2,clustered,service_sigma_0.5,LC_HI,140,2785,20587501,112.17956542343134,120.01099062091222
3,3,15,2,clustered,service_sigma_0.5,LC_HI,141,2736,20587501,109.6101213064337,126.98964431378835
3,3,15,2,clustered,service_sigma_0.5,LC_HI,142,2171,20587501,127.30194421251248,219.04954233479035
3,3,15,2,clustered,service_sigma_0.5,LC_HI,143,378,20587501,148.89003271206286,202.79198372822498
3,3,15,2,clustered,service_sigma_0.5,LC_HI,144,428,20587501,125.43327204365632,143.99140544080336
3,3,15,2,clustered,service_sigma_0.5,LC_HI,145,1830,20587501,104.04114710631387,107.59797440512797
3,3,15,2,clustered,service_sigma_0.5,LC_HI,146,2591,20587501,114.2278215272427,150.42972595454253
3,3,15,2,clustered,service_sigma_0.5,LC_HI,147,2827,20587501,123.45107315325534,181.97737469563538
3,3,15,2,clustered,service_sigma_0.5,LC_HI,148,2045,20587501,113.84169300454865,187.75534516320047
3,3,15,2,clustered,service_sigma_0.5,LC_HI,149,398,20587501,136.5428823039784,179.24933844983636
3,3,15,2,clustered,service_sigma_0.5,LC_HI,150,230,20587501,101.57573746206366,123.12983845010831
3,3,15,2,clustered,service_sigma_0.5,LC_HI,151,2945,20587501,134.82620014438345,222.30347690153965
3,3,15,2,clustered,service_sigma_0.5,LC_HI,152,1589,20587501,120.44273224619059,188.04992470580967
3,3,15,2,clustered,service_sigma_0.5,LC_HI,153,2294,20587501,117.90631437120643,148.57881505724166
3,3,15,2,clustered,service_sigma_0.5,LC_HI,154,1776,20587501,117.99105615515045,136.3393404966209
3,3,15,2,clustered,service_sigma_0.5,LC_HI,155,849,20587501,161.96426142594044,265.5770907852762
3,3,15,2,clustered,service_sigma_0.5,LC_HI,156,878,20587501,107.03299340580746,162.58505686318512
3,3,15,2,clustered,service_sigma_0.5,LC_HI,157,1448,20587501,104.27519130704295,116.72573778797928
3,3,15,2,clustered,service_sigma_0.5,LC_HI,158,2491,20587501,130.5364881936678,187.61799566914223
3,3,15,2,clustered,service_sigma_0.5,LC_HI,159,479,20587501,184.2642204464726,258.99011146595717
3,3,15,2,clustered,service_sigma_0.5,LC_HI,160,377,20587501,130.16129083969253,153.37052115048894
3,3,15,2,clustered,service_sigma_0.5,LC_HI,161,303,20587501,139.65479155081923,158.3780720192185
3,3,15,2,clustered,service_sigma_0.5,LC_HI,162,100,20587501,115.26865802633995,158.0194764574428
3,3,15,2,clustered,service_sigma_0.5,LC_HI,163,2410,20587501,162.45225417977497,253.045343625085
3,3,15,2,clustered,service_sigma_0.5,LC_HI,164,2878,20587501,195.5556434590643,235.55192317054411
3,3,15,2,clustered,service_sigma_0.5,LC_HI,165,265,20587501,125.41245457578682,189.88421517868298
3,3,15,2,clustered,service_sigma_0.5,LC_HI,166,1022,20587501,108.17156909963575,148.30084719736672
3,3,15,2,clustered,service_sigma_0.5,LC_HI,167,1976,20587501,173.76036963592097,210.88845606492822
3,3,15,2,clustered,service_sigma_0.5,LC_HI,168,2259,20587501,113.93471860037677,168.98185475622745
3,3,15,2,clustered,service_sigma_0.5,LC_HI,169,100,20587501,111.65912636630671,159.9159998160121
3,3,15,2,clustered,service_sigma_0.5,LC_HI,170,2353,20587501,115.18800342790264,154.10245756971
3,3,15,2,clustered,service_sigma_0.5,LC_HI,171,473,20587501,165.17457799289556,245.0293471688718
3,3,15,2,clustered,service_sigma_0.5,LC_HI,172,659,20587501,103.27832532397541,142.11062201483452
3,3,15,2,clustered,service_sigma_0.5,LC_HI,173,390,20587501,108.57133764868675,149.84072961836503
3,3,15,2,clustered,service_sigma_0.5,LC_HI,174,2412,20587501,121.97917716951302,164.2049238583239
3,3,15,2,clustered,service_sigma_0.5,LC_HI,175,2572,20587501,101.5125197385373,136.62123472757227
3,3,15,2,clustered,service_sigma_0.5,LC_HI,176,2186,20587501,111.5870856493831,146.97750336550666
3,3,15,2,clustered,service_sigma_0.5,LC_HI,177,1936,20587501,128.72334604497962,140.79665624561147
3,3,15,2,clustered,service_sigma_0.5,LC_HI,178,1695,20587501,93.01500133836882,119.00929658193266
3,3,15,2,clustered,service_sigma_0.5,LC_HI,179,192,20587501,125.86725246576052,186.8835251425076
3,3,15,2,clustered,service_sigma_0.5,LC_HI,180,383,20587501,103.69713453623093,103.82142509881857
3,3,15,2,clustered,service_sigma_0.5,LC_HI,181,631,20587501,120.30004658670072,164.33494997437825
3,3,15,2,clustered,service_sigma_0.5,LC_HI,182,712,20587501,100.58965521300063,144.56140438193293
3,3,15,2,clustered,service_sigma_0.5,LC_HI,183,1390,20587501,134.57533598456936,141.47356940174268
3,3,15,2,clustered,service_sigma_0.5,LC_HI,184,1074,20587501,127.74595512359683,131.40992590049552
3,3,15,2,clustered,service_sigma_0.5,LC_HI,185,390,20587501,113.04852550045365,146.60600060707054
3,3,15,2,clustered,service_sigma_0.5,LC_HI,186,1397,20587501,166.31189135336865,235.33488601585043
3,3,15,2,clustered,service_sigma_0.5,LC_HI,187,1405,20587501,116.60037637128487,159.2239558577425
3,3,15,2,clustered,service_sigma_0.5,LC_HI,188,2289,20587501,118.47907444981762,170.3821692332749
3,3,15,2,clustered,service_sigma_0.5,LC_HI,189,2723,20587501,103.60868181526166,138.13637294297322
3,3,15,2,clustered,service_sigma_0.5,LC_HI,190,1022,20587501,110.27850932298816,143.10598772876912
3,3,15,2,clustered,service_sigma_0.5,LC_HI,191,2723,20587501,93.64006968184262,119.63149373650717
3,3,15,2,clustered,service_sigma_0.5,LC_HI,192,148,20587501,168.39995434018084,220.43633372360733
3,3,15,2,clustered,service_sigma_0.5,LC_HI,193,877,20587501,112.80611188676028,166.66281306083704
3,3,15,2,clustered,service_sigma_0.5,LC_HI,194,47,20587501,118.88488887338617,171.79168751329252
3,3,15,2,clustered,service_sigma_0.5,LC_HI,195,1442,20587501,164.75123222656208,204.74667161322455
3,3,15,2,clustered,service_sigma_0.5,LC_HI,196,2943,20587501,133.0773182156958,181.66643974745878
3,3,15,2,clustered,service_sigma_0.5,LC_HI,197,1882,20587501,136.83907697662212,163.60385473846978
3,3,15,2,clustered,service_sigma_0.5,LC_HI,198,143,20587501,133.62852713576058,165.62852713576058
3,3,15,2,clustered,service_sigma_0.5,LC_HI,199,1021,20587501,116.52569483528767,136.80122572466288
3,3,15,2,clustered,service_sigma_0.5,LC_LI,0,1264,20587501,161.09782559163716,216.45287308857013
3,3,15,2,clustered,service_sigma_0.5,LC_LI,1,1637,20587501,143.48045833990213,160.30115625132154
3,3,15,2,clustered,service_sigma_0.5,LC_LI,2,761,20587501,142.9200727943332,188.40924493797604
3,3,15,2,clustered,service_sigma_0.5,LC_LI,3,625,20587501,144.55841600835146,180.10223306094056
3,3,15,2,clustered,service_sigma_0.5,LC_LI,4,120,20587501,153.5336925861734,203.05240895137615
3,3,15,2,clustered,service_sigma_0.5,LC_LI,5,1992,20587501,123.39325969914282,216.08660700153254
3,3,15,2,clustered,service_sigma_0.5,LC_LI,6,302,20587501,137.84942470980005,156.85921306724677
3,3,15,2,clustered,service_sigma_0.5,LC_LI,7,331,20587501,144.00295094196827,195.64242584317066
3,3,15,2,clustered,service_sigma_0.5,LC_LI,8,1222,20587501,141.65677678496965,183.93173311545527
3,3,15,2,clustered,service_sigma_0.5,LC_LI,9,2215,20587501,153.627193993373,249.1163412003295
3,3,15,2,clustered,service_sigma_0.5,LC_LI,10,763,20587501,127.53151372297899,212.11640316857725
3,3,15,2,clustered,service_sigma_0.5,LC_LI,11,1752,20587501,175.64553185172204,251.5468642080438
3,3,15,2,clustered,service_sigma_0.5,LC_LI,12,2501,20587501,117.40925255596426,179.60586800749863
3,3,15,2,clustered,service_sigma_0.5,LC_LI,13,97,20587501,155.20643959023738,209.58482158712715
3,3,15,2,clustered,service_sigma_0.5,LC_LI,14,907,20587501,141.7511115041627,204.86226477849542
3,3,15,2,clustered,service_sigma_0.5,LC_LI,15,2718,20587501,125.68481003042457,188.55587651420333
3,3,15,2,clustered,service_sigma_0.5,LC_LI,16,27,20587501,141.7279806331712,210.14073926986686
3,3,15,2,clustered,service_sigma_0.5,LC_LI,17,1992,20587501,118.43108055206656,216.8580108014068
3,3,15,2,clustered,service_sigma_0.5,LC_LI,18,2446,20587501,135.80311852213356,204.30557759268993
3,3,15,2,clustered,service_sigma_0.5,LC_LI,19,994,20587501,133.25237154473234,169.34301027322005
3,3,15,2,clustered,service_sigma_0.5,LC_LI,20,1440,20587501,160.07642035176954,211.4495250444657
3,3,15,2,clustered,service_sigma_0.5,LC_LI,21,2383,20587501,148.34742353838286,190.21080533703184
3,3,15,2,clustered,service_sigma_0.5,LC_LI,22,1114,20587501,138.61254094409952,173.34146667331729
3,3,15,2,clustered,service_sigma_0.5,LC_LI,23,396,20587501,140.86236690905474,169.28155163035336
3,3,15,2,clustered,service_sigma_0.5,LC_LI,24,1752,20587501,168.33445558577716,233.60178355097398
3,3,15,2,clustered,service_sigma_0.5,LC_LI,25,696,20587501,142.13418845766031,192.67542098342528
3,3,15,2,clustered,service_sigma_0.5,LC_LI,26,2149,20587501,152.85979393580877,161.02340803470105
3,3,15,2,clustered,service_sigma_0.5,LC_LI,27,331,20587501,122.99261743106715,192.75356513885993
3,3,15,2,clustered,service_sigma_0.5,LC_LI,28,609,20587501,127.40355300974244,185.6507705349747
3,3,15,2,clustered,service_sigma_0.5,LC_LI,29,2718,20587501,129.01571013227021,191.03410069622186
3,3,15,2,clustered,service_sigma_0.5,LC_LI,30,225,20587501,141.64928427785307,219.00202456248718
3,3,15,2,clustered,service_sigma_0.5,LC_LI,31,1129,20587501,151.11524315035078,186.81635724485767
3,3,15,2,clustered,service_sigma_0.5,LC_LI,32,2555,20587501,136.60346459175932,197.22255735539235
3,3,15,2,clustered,service_sigma_0.5,LC_LI,33,646,20587501,149.78401720273087,209.6393192228819
3,3,15,2,clustered,service_sigma_0.5,LC_LI,34,181,20587501,157.49437256917463,190.68287468339287
3,3,15,2,clustered,service_sigma_0.5,LC_LI,35,2899,20587501,134.1348967353173,176.841243529078
3,3,15,2,clustered,service_sigma_0.5,LC_LI,36,331,20587501,139.2359294342565,193.80887571524474
3,3,15,2,clustered,service_sigma_0.5,LC_LI,37,2149,20587501,152.95881247233822,166.7775270164619
3,3,15,2,clustered,service_sigma_0.5,LC_LI,38,2206,20587501,156.3701506044612,200.65764001742457
3,3,15,2,clustered,service_sigma_0.5,LC_LI,39,1524,20587501,159.62748883945997,214.65869571372022
3,3,15,2,clustered,service_sigma_0.5,LC_LI,40,2376,20587501,133.7849182830787,235.2748529789988
3,3,15,2,clustered,service_sigma_0.5,LC_LI,41,1738,20587501,140.40746023025673,157.94969187598468
3,3,15,2,clustered,service_sigma_0.5,LC_LI,42,155,20587501,133.1766328017259,213.7484024775481
3,3,15,2,clustered,service_sigma_0.5,LC_LI,43,994,20587501,128.26009627969074,197.2822076307991
3,3,15,2,clustered,service_sigma_0.5,LC_LI,44,2851,20587501,135.26951181842645,185.12890076020122
3,3,15,2,clustered,service_sigma_0.5,LC_LI,45,2224,20587501,146.73633164162223,208.99321038845656
3,3,15,2,clustered,service_sigma_0.5,LC_LI,46,2680,20587501,129.25079795186792,180.9105061986265
3,3,15,2,clustered,service_sigma_0.5,LC_LI,47,1161,20587501,135.6686581020112,171.01433842500853
3,3,15,2,clustered,service_sigma_0.5,LC_LI,48,2983,20587501,140.30394114626293,162.53329447621115
3,3,15,2,clustered,service_sigma_0.5,LC_LI,49,1763,20587501,132.93986596309924,198.71594631881055
3,3,15,2,clustered,service_sigma_0.5,LC_LI,50,2001,20587501,131.67717972837053,270.75747878597656
3,3,15,2,clustered,service_sigma_0.5,LC_LI,51,951,20587501,121.52616621137531,166.26805435479685
3,3,15,2,clustered,service_sigma_0.5,LC_LI,52,2536,20587501,139.73519032624785,177.73519032624787
3,3,15,2,clustered,service_sigma_0.5,LC_LI,53,1283,20587501,138.19456481844642,183.3134722129823
3,3,15,2,clustered,service_sigma_0.5,LC_LI,54,2777,20587501,133.29420441038903,141.74363721726547
3,3,15,2,clustered,service_sigma_0.5,LC_LI,55,2718,20587501,120.2397972665643,191.36139667476328
3,3,15,2,clustered,service_sigma_0.5,LC_LI,56,1992,20587501,130.1787426090999,227.19904605781088
3,3,15,2,clustered,service_sigma_0.5,LC_LI,57,1584,20587501,124.1828613933532,143.01492574732524
3,3,15,2,clustered,service_sigma_0.5,LC_LI,58,141,20587501,140.95127345073902,255.0290001407066
3,3,15,2,clustered,service_sigma_0.5,LC_LI,59,509,20587501,132.71520879896082,218.144512617926
3,3,15,2,clustered,service_sigma_0.5,LC_LI,60,1208,20587501,124.45698438093531,193.43254223844625
3,3,15,2,clustered,service_sigma_0.5,LC_LI,61,270,20587501,141.80450069345264,161.57008253054997
3,3,15,2,clustered,service_sigma_0.5,LC_LI,62,1992,20587501,123.80845651768831,218.4102982554716
3,3,15,2,clustered,service_sigma_0.5,LC_LI,63,187,20587501,150.11190926319694,193.2204358633239
3,3,15,2,clustered,service_sigma_0.5,LC_LI,64,1099,20587501,144.7873268309781,239.44015760100103
3,3,15,2,clustered,service_sigma_0.5,LC_LI,65,536,20587501,169.25427195557654,172.03904534655334
3,3,15,2,clustered,service_sigma_0.5,LC_LI,66,1294,20587501,156.4085923762393,208.27167471396314
3,3,15,2,clustered,service_sigma_0.5,LC_LI,67,2805,20587501,126.3398558789582,192.38544114589064
3,3,15,2,clustered,service_sigma_0.5,LC_LI,68,1455,20587501,163.6465472211548,188.66430496800055
3,3,15,2,clustered,service_sigma_0.5,LC_LI,69,1320,20587501,144.02354639929635,242.09779918481232
3,3,15,2,clustered,service_sigma_0.5,LC_LI,70,1701,20587501,154.1332450468036,213.04816273832648
3,3,15,2,clustered,service_sigma_0.5,LC_LI,71,270,20587501,142.21694357333845,178.99245605239602
3,3,15,2,clustered,service_sigma_0.5,LC_LI,72,1038,20587501,133.32544781834574,199.39769286198322
3,3,15,2,clustered,service_sigma_0.5,LC_LI,73,1945,20587501,147.0431671403767,222.39376417358073
3,3,15,2,clustered,service_sigma_0.5,LC_LI,74,2680,20587501,127.05302531690039,185.4759125108257
3,3,15,2,clustered,service_sigma_0.5,LC_LI,75,1947,20587501,145.55184936446514,179.63457243159266
3,3,15,2,clustered,service_sigma_0.5,LC_LI,76,2522,20587501,133.817785919031,199.829134172541
3,3,15,2,clustered,service_sigma_0.5,LC_LI,77,971,20587501,143.811553193827,205.8308215843062
3,3,15,2,clustered,service_sigma_0.5,LC_LI,78,1316,20587501,137.80067139036592,175.61064692017885
3,3,15,2,clustered,service_sigma_0.5,LC_LI,79,1222,20587501,134.80137663529655,209.72149252043852
3,3,15,2,clustered,service_sigma_0.5,LC_LI,80,1747,20587501,160.21832068650158,185.19836068448444
3,3,15,2,clustered,service_sigma_0.5,LC_LI,81,625,20587501,153.6103051864904,177.52948463670137
3,3,15,2,clustered,service_sigma_0.5,LC_LI,82,2224,20587501,140.83984914185152,211.26604621785418
3,3,15,2,clustered,service_sigma_0.5,LC_LI,83,1594,20587501,156.81436291672918,160.8388191584915
3,3,15,2,clustered,service_sigma_0.5,LC_LI,84,761,20587501,141.7913514287274,182.5707656026997
3,3,15,2,clustered,service_sigma_0.5,LC_LI,85,1980,20587501,164.25148153846814,222.7778144449606
3,3,15,2,clustered,service_sigma_0.5,LC_LI,86,1364,20587501,158.10204100012834,223.2640362719255
3,3,15,2,clustered,service_sigma_0.5,LC_LI,87,1283,20587501,141.87508786025023,184.47167381359344
3,3,15,2,clustered,service_sigma_0.5,LC_LI,88,2522,20587501,149.37135264365148,217.01301966128293
3,3,15,2,clustered,service_sigma_0.5,LC_LI,89,70,20587501,160.5845392665747,210.30820954294785
3,3,15,2,clustered,service_sigma_0.5,LC_LI,90,1478,20587501,145.96328679954792,202.96328679954792
3,3,15,2,clustered,service_sigma_0.5,LC_LI,91,2654,20587501,148.86340521607394,208.5360081978285
3,3,15,2,clustered,service_sigma_0.5,LC_LI,92,763,20587501,141.4920722970329,202.05330762888582
3,3,15,2,clustered,service_sigma_0.5,LC_LI,93,2555,20587501,132.38226848473892,192.1275700737763
3,3,15,2,clustered,service_sigma_0.5,LC_LI,94,2462,20587501,156.23188416469904,214.83085547099355
3,3,15,2,clustered,service_sigma_0.5,LC_LI,95,1413,20587501,140.11465463765907,216.09701426558132
3,3,15,2,clustered,service_sigma_0.5,LC_LI,96,70,20587501,157.05289717134136,229.57914014277256
3,3,15,2,clustered,service_sigma_0.5,LC_LI,97,1208,20587501,133.29819929892494,197.1639297187955
3,3,15,2,clustered,service_sigma_0.5,LC_LI,98,1316,20587501,132.86186575632715,174.72756550009268
3,3,15,2,clustered,service_sigma_0.5,LC_LI,99,2851,20587501,123.08895425368972,184.38239916029562
3,3,15,2,clustered,service_sigma_0.5,LC_LI,100,509,20587501,138.99901491065333,211.1250976319237
3,3,15,2,clustered,service_sigma_0.5,LC_LI,101,2959,20587501,137.1880031487821,183.23218611847977
3,3,15,2,clustered,service_sigma_0.5,LC_LI,102,563,20587501,155.01995583028017,220.16748710658734
3,3,15,2,clustered,service_sigma_0.5,LC_LI,103,707,20587501,128.49873379730906,187.85674802290188
3,3,15,2,clustered,service_sigma_0.5,LC_LI,104,1208,20587501,128.0522123200369,196.80353324180143
3,3,15,2,clustered,service_sigma_0.5,LC_LI,105,1364,20587501,160.07647249192422,227.32328521356956
3,3,15,2,clustered,service_sigma_0.5,LC_LI,106,2224,20587501,138.85557437582327,202.78940338196853
3,3,15,2,clustered,service_sigma_0.5,LC_LI,107,2072,20587501,153.3469417598586,258.47021930299843
3,3,15,2,clustered,service_sigma_0.5,LC_LI,108,881,20587501,130.4871677900802,170.85337383544672
3,3,15,2,clustered,service_sigma_0.5,LC_LI,109,2009,20587501,128.97717735120295,201.03271854319692
3,3,15,2,clustered,service_sigma_0.5,LC_LI,110,1351,20587501,151.75890100036418,202.25772828991637
3,3,15,2,clustered,service_sigma_0.5,LC_LI,111,1890,20587501,150.24846832421676,180.22273747902827
3,3,15,2,clustered,service_sigma_0.5,LC_LI,112,798,20587501,141.62693953102712,199.71397157979024
3,3,15,2,clustered,service_sigma_0.5,LC_LI,113,1440,20587501,146.67492335694592,215.23808986557282
3,3,15,2,clustered,service_sigma_0.5,LC_LI,114,1926,20587501,151.4999955379296,213.41807442381946
3,3,15,2,clustered,service_sigma_0.5,LC_LI,115,1069,20587501,137.32667077547768,172.20369530380486
3,3,15,2,clustered,service_sigma_0.5,LC_LI,116,2718,20587501,129.36599172203225,178.73474771812562
3,3,15,2,clustered,service_sigma_0.5,LC_LI,117,2738,20587501,157.95040839119292,227.08832054820476
3,3,15,2,clustered,service_sigma_0.5,LC_LI,118,1794,20587501,146.8462054490554,201.29749971362824
3,3,15,2,clustered,service_sigma_0.5,LC_LI,119,302,20587501,133.56387026863402,144.04481089538876
3,3,15,2,clustered,service_sigma_0.5,LC_LI,120,2019,20587501,159.00683571404306,242.2253355988489
3,3,15,2,clustered,service_sigma_0.5,LC_LI,121,783,20587501,157.81594985250553,173.06052677316433
3,3,15,2,clustered,service_sigma_0.5,LC_LI,122,1838,20587501,135.7721476060952,151.51936525065574
3,3,15,2,clustered,service_sigma_0.5,LC_LI,123,1320,20587501,143.12871865289466,215.5757836792092
3,3,15,2,clustered,service_sigma_0.5,LC_LI,124,783,20587501,155.96854377977212,177.04023863772116
3,3,15,2,clustered,service_sigma_0.5,LC_LI,125,1411,20587501,133.11826065922403,192.683568706642
3,3,15,2,clustered,service_sigma_0.5,LC_LI,126,536,20587501,162.9707710018168,165.87459767020007
3,3,15,2,clustered,service_sigma_0.5,LC_LI,127,2680,20587501,131.3296272498459,183.50567065400307
3,3,15,2,clustered,service_sigma_0.5,LC_LI,128,2462,20587501,161.08058429259242,237.67305395562852
3,3,15,2,clustered,service_sigma_0.5,LC_LI,129,2881,20587501,134.49451001124226,181.49451001124226
3,3,15,2,clustered,service_sigma_0.5,LC_LI,130,491,20587501,110.71309889730715,158.61464478400825
3,3,15,2,clustered,service_sigma_0.5,LC_LI,131,971,20587501,149.2870720191158,198.22717800900872
3,3,15,2,clustered,service_sigma_0.5,LC_LI,132,1111,20587501,152.2294019923115,181.63439236183157
3,3,15,2,clustered,service_sigma_0.5,LC_LI,133,783,20587501,155.40094771790348,178.14807922214422
3,3,15,2,clustered,service_sigma_0.5,LC_LI,134,2681,20587501,143.61567735770365,178.81116947270687
3,3,15,2,clustered,service_sigma_0.5,LC_LI,135,1524,20587501,164.91978919238278,245.1577981933212
3,3,15,2,clustered,service_sigma_0.5,LC_LI,136,738,20587501,166.2067083923043,232.51389897838038
3,3,15,2,clustered,service_sigma_0.5,LC_LI,137,563,20587501,160.71437236993577,221.89736805489574
3,3,15,2,clustered,service_sigma_0.5,LC_LI,138,1637,20587501,142.93011336816383,161.2311998313143
3,3,15,2,clustered,service_sigma_0.5,LC_LI,139,761,20587501,139.11880174172768,167.85743395961072
3,3,15,2,clustered,service_sigma_0.5,LC_LI,140,2501,20587501,125.05396966677523,186.47473680110681
3,3,15,2,clustered,service_sigma_0.5,LC_LI,141,302,20587501,133.55371772457553,176.62813448356724
3,3,15,2,clustered,service_sigma_0.5,LC_LI,142,1594,20587501,155.27236789164215,179.0481481214724
3,3,15,2,clustered,service_sigma_0.5,LC_LI,143,761,20587501,148.9320064669417,192.5232826317025
3,3,15,2,clustered,service_sigma_0.5,LC_LI,144,1637,20587501,143.99700348312248,149.82223727032513
3,3,15,2,clustered,service_sigma_0.5,LC_LI,145,2939,20587501,143.70720869741203,180.97048356201103
3,3,15,2,clustered,service_sigma_0.5,LC_LI,146,2195,20587501,157.14443697870686,219.53924642202315
3,3,15,2,clustered,service_sigma_0.5,LC_LI,147,551,20587501,138.2817358105009,176.4660563983774
3,3,15,2,clustered,service_sigma_0.5,LC_LI,148,2554,20587501,131.2417839668183,160.24178396681828
3,3,15,2,clustered,service_sigma_0.5,LC_LI,149,551,20587501,143.28619517541088,168.58671664471484
3,3,15,2,clustered,service_sigma_0.5,LC_LI,150,1694,20587501,149.96390769939572,181.40933840032602
3,3,15,2,clustered,service_sigma_0.5,LC_LI,151,1787,20587501,170.09599751107112,228.2806399951801
3,3,15,2,clustered,service_sigma_0.5,LC_LI,152,2433,20587501,140.9056230918444,180.23806776735668
3,3,15,2,clustered,service_sigma_0.5,LC_LI,153,817,20587501,133.8819570935894,191.57244219337076
3,3,15,2,clustered,service_sigma_0.5,LC_LI,154,1763,20587501,127.06029874357675,175.99651826363194
3,3,15,2,clustered,service_sigma_0.5,LC_LI,155,2050,20587501,135.88928055668976,194.49912587110623
3,3,15,2,clustered,service_sigma_0.5,LC_LI,156,1294,20587501,156.36467463701953,212.47393964133857
3,3,15,2,clustered,service_sigma_0.5,LC_LI,157,1440,20587501,150.40016848113984,212.50008595101494
3,3,15,2,clustered,service_sigma_0.5,LC_LI,158,2692,20587501,134.65518373753784,167.57927554332264
3,3,15,2,clustered,service_sigma_0.5,LC_LI,159,1684,20587501,150.6257727913467,209.1410900736338
3,3,15,2,clustered,service_sigma_0.5,LC_LI,160,951,20587501,120.80239127256165,162.93897557663485
3,3,15,2,clustered,service_sigma_0.5,LC_LI,161,1411,20587501,135.81136883377107,192.46295509742717
3,3,15,2,clustered,service_sigma_0.5,LC_LI,162,1114,20587501,142.64746216187052,176.26865802633995
3,3,15,2,clustered,service_sigma_0.5,LC_LI,163,2433,20587501,139.7288651803042,178.65874300296238
3,3,15,2,clustered,service_sigma_0.5,LC_LI,164,2555,20587501,154.46493113239566,211.13695231722488
3,3,15,2,clustered,service_sigma_0.5,LC_LI,165,988,20587501,147.4599098803753,227.88421517868295
3,3,15,2,clustered,service_sigma_0.5,LC_LI,166,2172,20587501,127.00682355764056,178.30133768480792
3,3,15,2,clustered,service_sigma_0.5,LC_LI,167,1738,20587501,136.46210600309908,166.37236401256925
3,3,15,2,clustered,service_sigma_0.5,LC_LI,168,2035,20587501,145.67922234371736,212.98641205758025
3,3,15,2,clustered,service_sigma_0.5,LC_LI,169,141,20587501,146.7027411188168,258.1966677909714
3,3,15,2,clustered,service_sigma_0.5,LC_LI,170,225,20587501,145.89827134248088,218.03807311998546
3,3,15,2,clustered,service_sigma_0.5,LC_LI,171,609,20587501,124.61431385279258,197.1898810809309
3,3,15,2,clustered,service_sigma_0.5,LC_LI,172,2224,20587501,141.35981156697142,219.38694115924307
3,3,15,2,clustered,service_sigma_0.5,LC_LI,173,1684,20587501,149.04267205945604,204.09789568872282
3,3,15,2,clustered,service_sigma_0.5,LC_LI,174,1637,20587501,150.0254046107894,158.70145772854627
3,3,15,2,clustered,service_sigma_0.5,LC_LI,175,1584,20587501,126.38572153338038,144.09382825878137
3,3,15,2,clustered,service_sigma_0.5,LC_LI,176,971,20587501,143.43094175281448,192.19901290082916
3,3,15,2,clustered,service_sigma_0.5,LC_LI,177,2035,20587501,144.00354149140972,216.3036743927244
3,3,15,2,clustered,service_sigma_0.5,LC_LI,178,2959,20587501,135.7847124891109,184.75831662151208
3,3,15,2,clustered,service_sigma_0.5,LC_LI,179,302,20587501,132.23128091257846,151.45391516575532
3,3,15,2,clustered,service_sigma_0.5,LC_LI,180,2224,20587501,154.9207383901449,222.94626110310986
3,3,15,2,clustered,service_sigma_0.5,LC_LI,181,2851,20587501,143.31577353859558,178.69328728465368
3,3,15,2,clustered,service_sigma_0.5,LC_LI,182,1264,20587501,154.68468776476772,206.93636056787875
3,3,15,2,clustered,service_sigma_0.5,LC_LI,183,2899,20587501,139.2964035686413,181.57533598456934
3,3,15,2,clustered,service_sigma_0.5,LC_LI,184,27,20587501,150.74728738820625,235.4183776591923
3,3,15,2,clustered,service_sigma_0.5,LC_LI,185,2897,20587501,138.0757767034719,189.45255834869968
3,3,15,2,clustered,service_sigma_0.5,LC_LI,186,2320,20587501,147.189873064619,178.9038053537617
3,3,15,2,clustered,service_sigma_0.5,LC_LI,187,487,20587501,139.1236726916917,189.23859485080825
3,3,15,2,clustered,service_sigma_0.5,LC_LI,188,646,20587501,157.59395501179964,209.18659383767405
3,3,15,2,clustered,service_sigma_0.5,LC_LI,189,994,20587501,139.01795459581112,199.42326015278002
3,3,15,2,clustered,service_sigma_0.5,LC_LI,190,1794,20587501,139.62381516056908,205.1443550101621
3,3,15,2,clustered,service_sigma_0.5,LC_LI,191,1701,20587501,137.66276614150328,202.51661330675444
3,3,15,2,clustered,service_sigma_0.5,LC_LI,192,2881,20587501,138.504469364941,179.48729854309462
3,3,15,2,clustered,service_sigma_0.5,LC_LI,193,2718,20587501,129.22398659172663,191.66435786624294
3,3,15,2,clustered,service_sigma_0.5,LC_LI,194,1099,20587501,172.2538570820864,253.44799699448885
3,3,15,2,clustered,service_sigma_0.5,LC_LI,195,1320,20587501,134.27331292902247,220.2511206685614
3,3,15,2,clustered,service_sigma_0.5,LC_LI,196,2009,20587501,139.8379931293697,213.08510251627936
3,3,15,2,clustered,service_sigma_0.5,LC_LI,197,1264,20587501,155.0403142736998,207.62873045797357
3,3,15,2,clustered,service_sigma_0.5,LC_LI,198,2252,20587501,126.33511778486856,168.33511778486857
3,3,15,2,clustered,service_sigma_0.5,LC_LI,199,2555,20587501,135.00364345837815,188.2590463116545
5,3,30,2,diurnal,service_sigma_0.5,random,0,99,20787507,149.52020789995117,170.83730033047217
5,3,30,2,diurnal,service_sigma_0.5,random,1,1466,20787507,176.11099065657933,257.82991629732203
5,3,30,2,diurnal,service_sigma_0.5,random,2,49,20787507,177.06834108300296,255.44947787054852
5,3,30,2,diurnal,service_sigma_0.5,random,3,666,20787507,144.52275278682495,175.9747971464401
5,3,30,2,diurnal,service_sigma_0.5,random,4,1038,20787507,190.89906961085458,280.5019184247063
5,3,30,2,diurnal,service_sigma_0.5,random,5,683,20787507,164.98492159810138,245.76300512413002
5,3,30,2,diurnal,service_sigma_0.5,random,6,1796,20787507,138.38821041897953,169.45749594432237
5,3,30,2,diurnal,service_sigma_0.5,random,7,2007,20787507,165.33564826318226,215.5247672441371
5,3,30,2,diurnal,service_sigma_0.5,random,8,599,20787507,153.0604964046063,202.1245230472981
5,3,30,2,diurnal,service_sigma_0.5,random,9,1364,20787507,188.77393306921854,240.97830851002064
5,3,30,2,diurnal,service_sigma_0.5,random,10,168,20787507,168.759620938043,226.02631160790048
5,3,30,2,diurnal,service_sigma_0.5,random,11,2370,20787507,171.71334780468177,209.84619765371832
5,3,30,2,diurnal,service_sigma_0.5,random,12,693,20787507,153.74828363102853,209.9744072492555
5,3,30,2,diurnal,service_sigma_0.5,random,13,775,20787507,138.20330834023258,183.99739275192073
5,3,30,2,diurnal,service_sigma_0.5,random,14,1047,20787507,188.73924146086043,254.45612957420428
5,3,30,2,diurnal,service_sigma_0.5,random,15,2261,20787507,124.8678841762193,150.8808660018891
5,3,30,2,diurnal,service_sigma_0.5,random,16,744,20787507,199.13688698767456,273.4840595320078
5,3,30,2,diurnal,service_sigma_0.5,random,17,31,20787507,154.20207442633912,246.62761580236796
5,3,30,2,diurnal,service_sigma_0.5,random,18,2879,20787507,169.53706478068224,201.5309534330688
5,3,30,2,diurnal,service_sigma_0.5,random,19,1779,20787507,149.13870919766072,178.55673307729742
5,3,30,2,diurnal,service_sigma_0.5,random,20,2703,20787507,175.02903420229052,217.98318891017604
5,3,30,2,diurnal,service_sigma_0.5,random,21,1507,20787507,156.79442408683906,197.6473118479354
5,3,30,2,diurnal,service_sigma_0.5,random,22,1244,20787507,153.78647991541956,183.83870495130503
5,3,30,2,diurnal,service_sigma_0.5,random,23,821,20787507,153.76303997695186,195.68297832195577
5,3,30,2,diurnal,service_sigma_0.5,random,24,2468,20787507,152.5242926049974,191.30174054959957
5,3,30,2,diurnal,service_sigma_0.5,random,25,210,20787507,165.94051389725843,227.32261293042205
5,3,30,2,diurnal,service_sigma_0.5,random,26,256,20787507,151.8980505708837,214.62764221910732
5,3,30,2,diurnal,service_sigma_0.5,random,27,1577,20787507,169.9440377695762,228.9374507532586
5,3,30,2,diurnal,service_sigma_0.5,random,28,525,20787507,159.44937395718287,219.60029200160628
5,3,30,2,diurnal,service_sigma_0.5,random,29,1280,20787507,178.54098961738245,254.54872244452895
5,3,30,2,diurnal,service_sigma_0.5,random,30,2687,20787507,139.90381904785835,173.53068398952533
5,3,30,2,diurnal,service_sigma_0.5,random,31,1374,20787507,177.0128744541636,229.57923705073517
5,3,30,2,diurnal,service_sigma_0.5,random,32,2182,20787507,141.28387913477138,212.2661609489002
5,3,30,2,diurnal,service_sigma_0.5,random,33,813,20787507,158.90435983027874,183.99891139784538
5,3,30,2,diurnal,service_sigma_0.5,random,34,2551,20787507,197.19072417643315,259.9217702045778
5,3,30,2,diurnal,service_sigma_0.5,random,35,1059,20787507,159.84352738420282,211.85435608366708
5,3,30,2,diurnal,service_sigma_0.5,random,36,1278,20787507,180.41220644659694,239.3064751016441
5,3,30,2,diurnal,service_sigma_0.5,random,37,2749,20787507,133.38974225750846,196.24902386593516
5,3,30,2,diurnal,service_sigma_0.5,random,38,1995,20787507,166.21023713962313,235.7743125108117
5,3,30,2,diurnal,service_sigma_0.5,random,39,120,20787507,161.32109128196095,197.75358721323636
5,3,30,2,diurnal,service_sigma_0.5,random,40,366,20787507,180.82809854312632,255.90965143964948
5,3,30,2,diurnal,service_sigma_0.5,random,41,1597,20787507,166.20869844587037,224.07393946698997
5,3,30,2,diurnal,service_sigma_0.5,random,42,955,20787507,179.22791321995666,216.5917530850856
5,3,30,2,diurnal,service_sigma_0.5,random,43,2983,20787507,134.23125595584247,189.47037499618523
5,3,30,2,diurnal,service_sigma_0.5,random,44,972,20787507,163.04403234135762,211.87583249508847
5,3,30,2,diurnal,service_sigma_0.5,random,45,2138,20787507,180.70452727795058,276.356290939117
5,3,30,2,diurnal,service_sigma_0.5,random,46,573,20787507,167.15719371803954,197.38918525616083
5,3,30,2,diurnal,service_sigma_0.5,random,47,236,20787507,158.49455856944581,183.61302567109712
5,3,30,2,diurnal,service_sigma_0.5,random,48,1472,20787507,210.6895257236046,273.016478044174
5,3,30,2,diurnal,service_sigma_0.5,random,49,19,20787507,145.8859713558516,193.96460899693827
5,3,30,2,diurnal,service_sigma_0.5,random,50,2699,20787507,167.0309861852495,217.10120586624046
5,3,30,2,diurnal,service_sigma_0.5,random,51,640,20787507,134.4909623967479,158.35120797469077
5,3,30,2,diurnal,service_sigma_0.5,random,52,230,20787507,156.94844650606512,201.22033150781067
5,3,30,2,diurnal,service_sigma_0.5,random,53,2997,20787507,168.23282875995682,235.03428187175496
5,3,30,2,diurnal,service_sigma_0.5,random,54,2314,20787507,132.24486392472218,152.16434254397385
5,3,30,2,diurnal,service_sigma_0.5,random,55,2306,20787507,148.80187430155306,223.7038164690064
5,3,30,2,diurnal,service_sigma_0.5,random,56,1399,20787507,144.16273022838698,194.56190101614138
5,3,30,2,diurnal,service_sigma_0.5,random,57,471,20787507,153.26118310433526,179.181503074336
5,3,30,2,diurnal,service_sigma_0.5,random,58,578,20787507,165.8234751011001,232.5585476421378
5,3,30,2,diurnal,service_sigma_0.5,random,59,1794,20787507,170.53056047889572,213.96382664856088
5,3,30,2,diurnal,service_sigma_0.5,random,60,83,20787507,147.40404644908506,185.06205489352055
5,3,30,2,diurnal,service_sigma_0.5,random,61,1704,20787507,148.29258525461313,185.02943863409286
5,3,30,2,diurnal,service_sigma_0.5,random,62,667,20787507,132.4982621878468,183.83120994028033
5,3,30,2,diurnal,service_sigma_0.5,random,63,1395,20787507,160.35045107234654,239.4848587186648
5,3,30,2,diurnal,service_sigma_0.5,random,64,2437,20787507,160.56024646830946,212.0029528105048
5,3,30,2,diurnal,service_sigma_0.5,random,65,1346,20787507,153.76326555148512,197.69121608406792
5,3,30,2,diurnal,service_sigma_0.5,random,66,669,20787507,168.1533841034733,193.59031461659072
5,3,30,2,diurnal,service_sigma_0.5,random,67,763,20787507,166.28695840973006,211.24102399214556
5,3,30,2,diurnal,service_sigma_0.5,random,68,562,20787507,123.71091527673943,147.71091527673943
5,3,30,2,diurnal,service_sigma_0.5,random,69,2010,20787507,203.0858794842661,287.37810808301447
5,3,30,2,diurnal,service_sigma_0.5,random,70,566,20787507,142.21094854562844,192.79114656987375
5,3,30,2,diurnal,service_sigma_0.5,random,71,2833,20787507,165.64737698041958,192.67740755154728
5,3,30,2,diurnal,service_sigma_0.5,random,72,1789,20787507,171.24087095466675,202.53033881161252
5,3,30,2,diurnal,service_sigma_0.5,random,73,1676,20787507,154.74611393696782,150.46750122511025
5,3,30,2,diurnal,service_sigma_0.5,random,74,1457,20787507,131.0338698931126,189.1547813865895
5,3,30,2,diurnal,service_sigma_0.5,random,75,2326,20787507,157.6773634615597,196.50106298465266
5,3,30,2,diurnal,service_sigma_0.5,random,76,2967,20787507,194.189715906138,232.1275427003884
5,3,30,2,diurnal,service_sigma_0.5,random,77,2249,20787507,179.8791975315988,259.9267997828196
5,3,30,2,diurnal,service_sigma_0.5,random,78,2934,20787507,159.30675090461847,174.4679003331327
5,3,30,2,diurnal,service_sigma_0.5,random,79,1295,20787507,132.16707226352432,170.94513026508324
5,3,30,2,diurnal,service_sigma_0.5,random,80,787,20787507,187.80878109721215,238.24952254743638
5,3,30,2,diurnal,service_sigma_0.5,random,81,1150,20787507,153.7760654049663,212.5257076783874
5,3,30,2,diurnal,service_sigma_0.5,random,82,1126,20787507,158.09068566644515,220.77026706466276
5,3,30,2,diurnal,service_sigma_0.5,random,83,962,20787507,185.45681086893404,292.14613722378834
5,3,30,2,diurnal,service_sigma_0.5,random,84,2725,20787507,157.42826328476718,200.13901275815175
5,3,30,2,diurnal,service_sigma_0.5,random,85,2963,20787507,132.79348012810354,177.6332605418879
5,3,30,2,diurnal,service_sigma_0.5,random,86,2955,20787507,149.63291402944378,192.0052009985361
5,3,30,2,diurnal,service_sigma_0.5,random,87,2709,20787507,146.75552755287265,195.813227207795
5,3,30,2,diurnal,service_sigma_0.5,random,88,2210,20787507,197.02974571977603,246.4883786434286
5,3,30,2,diurnal,service_sigma_0.5,random,89,389,20787507,150.90403303266044,220.92185348653697
5,3,30,2,diurnal,service_sigma_0.5,random,90,287,20787507,166.61927235596625,197.47932063431014
5,3,30,2,diurnal,service_sigma_0.5,random,91,2127,20787507,166.9950625696875,197.27128676143317
5,3,30,2,diurnal,service_sigma_0.5,random,92,2281,20787507,175.59894625179706,200.6258092420196
5,3,30,2,diurnal,service_sigma_0.5,random,93,579,20787507,157.9081504303433,217.70111822574592
5,3,30,2,diurnal,service_sigma_0.5,random,94,1499,20787507,158.15539051826556,227.29931088817358
5,3,30,2,diurnal,service_sigma_0.5,random,95,2136,20787507,171.49920866999037,195.30477969739587
5,3,30,2,diurnal,service_sigma_0.5,random,96,2610,20787507,189.46391921727448,238.823267352515
5,3,30,2,diurnal,service_sigma_0.5,random,97,1516,20787507,167.43508893648666,224.96254386168766
5,3,30,2,diurnal,service_sigma_0.5,random,98,995,20787507,143.3751248624257,171.09975357524337
5,3,30,2,diurnal,service_sigma_0.5,random,99,2963,20787507,138.87304196927235,156.09295612688845
5,3,30,2,diurnal,service_sigma_0.5,random,100,371,20787507,167.5172852986081,251.48704731673325
5,3,30,2,diurnal,service_sigma_0.5,random,101,2030,20787507,165.67981592881128,261.49877940584304
5,3,30,2,diurnal,service_sigma_0.5,random,102,2144,20787507,148.09222252426073,201.48519338576108
5,3,30,2,diurnal,service_sigma_0.5,random,103,812,20787507,139.25241278836415,169.8724418578086
5,3,30,2,diurnal,service_sigma_0.5,random,104,2922,20787507,152.78246948516423,183.64423259298215
5,3,30,2,diurnal,service_sigma_0.5,random,105,1110,20787507,204.72212138051538,253.60575502886252
5,3,30,2,diurnal,service_sigma_0.5,random,106,55,20787507,139.56016177860823,152.6486226128741
5,3,30,2,diurnal,service_sigma_0.5,random,107,2959,20787507,161.1375431242763,194.8855322271942
5,3,30,2,diurnal,service_sigma_0.5,random,108,1132,20787507,186.112077340456,250.82988977115343
5,3,30,2,diurnal,service_sigma_0.5,random,109,2090,20787507,144.9504442770208,180.0182937480787
5,3,30,2,diurnal,service_sigma_0.5,random,110,1705,20787507,136.53138788706175,172.42545679825335
5,3,30,2,diurnal,service_sigma_0.5,random,111,1496,20787507,178.85232538071187,253.79043778777753
5,3,30,2,diurnal,service_sigma_0.5,random,112,2405,20787507,188.77939095114343,267.5233788127491
5,3,30,2,diurnal,service_sigma_0.5,random,113,1877,20787507,134.82316987395592,205.53734159437258
5,3,30,2,diurnal,service_sigma_0.5,random,114,900,20787507,163.37716991311564,220.5842533476312
5,3,30,2,diurnal,service_sigma_0.5,random,115,2323,20787507,154.3529590137828,205.79206877379312
5,3,30,2,diurnal,service_sigma_0.5,random,116,2661,20787507,144.48237242903207,204.05509766672688
5,3,30,2,diurnal,service_sigma_0.5,random,117,1218,20787507,149.53171200672395,192.08092309962527
5,3,30,2,diurnal,service_sigma_0.5,random,118,1541,20787507,170.29206103872906,248.28786842973568
5,3,30,2,diurnal,service_sigma_0.5,random,119,2143,20787507,146.27948226046556,181.53891697171068
5,3,30,2,diurnal,service_sigma_0.5,random,120,166,20787507,153.60832909615308,209.3652430015515
5,3,30,2,diurnal,service_sigma_0.5,random,121,896,20787507,174.4019047202971,228.6425072359975
5,3,30,2,diurnal,service_sigma_0.5,random,122,2500,20787507,158.0974479448752,186.5472343752834
5,3,30,2,diurnal,service_sigma_0.5,random,123,959,20787507,137.33804736420407,196.90415156120076
5,3,30,2,diurnal,service_sigma_0.5,random,124,933,20787507,156.59964996865227,188.72226071514726
5,3,30,2,diurnal,service_sigma_0.5,random,125,1663,20787507,183.73149284153138,244.1506505500448
5,3,30,2,diurnal,service_sigma_0.5,random,126,317,20787507,161.42618294086466,199.6045435773516
5,3,30,2,diurnal,service_sigma_0.5,random,127,2366,20787507,152.60847756022753,204.74857701315972
5,3,30,2,diurnal,service_sigma_0.5,random,128,2585,20787507,168.31651544675432,219.64363671648192
5,3,30,2,diurnal,service_sigma_0.5,random,129,861,20787507,144.51719585947754,174.18015335240744
5,3,30,2,diurnal,service_sigma_0.5,random,130,2940,20787507,154.34583485584218,213.8623574217671
5,3,30,2,diurnal,service_sigma_0.5,random,131,2903,20787507,167.2419433725972,191.95075929101603
5,3,30,2,diurnal,service_sigma_0.5,random,132,2759,20787507,161.2551938747043,234.31116346912316
5,3,30,2,diurnal,service_sigma_0.5,random,133,1806,20787507,158.008369459412,231.14509349774212
5,3,30,2,diurnal,service_sigma_0.5,random,134,2350,20787507,156.80353598055814,222.1942465288359
5,3,30,2,diurnal,service_sigma_0.5,random,135,86,20787507,145.2988582274671,168.6403262536823
5,3,30,2,diurnal,service_sigma_0.5,random,136,1308,20787507,144.30513512404033,208.70632880542175
5,3,30,2,diurnal,service_sigma_0.5,random,137,1051,20787507,131.05884827355774,205.48123392507324
5,3,30,2,diurnal,service_sigma_0.5,random,138,2829,20787507,165.51957153918767,242.94253215046808
5,3,30,2,diurnal,service_sigma_0.5,random,139,1720,20787507,139.20040143172452,195.3747269975006
5,3,30,2,diurnal,service_sigma_0.5,random,140,163,20787507,156.25743417109172,191.90046846363563
5,3,30,2,diurnal,service_sigma_0.5,random,141,1549,20787507,170.50897402598235,224.22196068691431
5,3,30,2,diurnal,service_sigma_0.5,random,142,2433,20787507,163.88257533285278,194.45338298299149
5,3,30,2,diurnal,service_sigma_0.5,random,143,317,20787507,156.25369908548726,202.39051111994914
5,3,30,2,diurnal,service_sigma_0.5,random,144,996,20787507,151.94350607151168,203.45349277161253
5,3,30,2,diurnal,service_sigma_0.5,random,145,606,20787507,151.04443588999578,166.93532926790843
5,3,30,2,diurnal,service_sigma_0.5,random,146,255,20787507,147.9468297903492,196.0255125090101
5,3,30,2,diurnal,service_sigma_0.5,random,147,676,20787507,162.10392581929784,233.06846821036734
5,3,30,2,diurnal,service_sigma_0.5,random,148,1118,20787507,185.51507597072268,220.37366752772172
5,3,30,2,diurnal,service_sigma_0.5,random,149,2779,20787507,185.7217136588112,256.1260261801211
5,3,30,2,diurnal,service_sigma_0.5,random,150,2138,20787507,169.8818753629702,255.93054065676034
5,3,30,2,diurnal,service_sigma_0.5,random,151,2780,20787507,155.09110492225582,174.54895406885376
5,3,30,2,diurnal,service_sigma_0.5,random,152,111,20787507,159.41519389103112,205.29576992602716
5,3,30,2,diurnal,service_sigma_0.5,random,153,858,20787507,151.8796943506064,196.417832742046
5,3,30,2,diurnal,service_sigma_0.5,random,154,1912,20787507,142.87697377375946,188.1775090939455
5,3,30,2,diurnal,service_sigma_0.5,random,155,1340,20787507,174.2427551301209,240.8478749364697
5,3,30,2,diurnal,service_sigma_0.5,random,156,1019,20787507,154.19439974173974,191.34878016593174
5,3,30,2,diurnal,service_sigma_0.5,random,157,549,20787507,168.10062797229727,228.53739924823412
5,3,30,2,diurnal,service_sigma_0.5,random,158,497,20787507,168.65407749187128,240.52280243379727
5,3,30,2,diurnal,service_sigma_0.5,random,159,418,20787507,149.0967326063217,205.26829638578548
5,3,30,2,diurnal,service_sigma_0.5,random,160,569,20787507,183.51124465973305,237.61920513875245
5,3,30,2,diurnal,service_sigma_0.5,random,161,2263,20787507,154.38057174137117,189.40387899654164
5,3,30,2,diurnal,service_sigma_0.5,random,162,246,20787507,159.84589021123574,212.09021069883636
5,3,30,2,diurnal,service_sigma_0.5,random,163,2365,20787507,154.79733925745475,227.70156072084472
5,3,30,2,diurnal,service_sigma_0.5,random,164,2237,20787507,145.48889209036986,188.93836649460138
5,3,30,2,diurnal,service_sigma_0.5,random,165,2974,20787507,158.64255698610106,199.9335020111184
5,3,30,2,diurnal,service_sigma_0.5,random,166,357,20787507,123.217643463365,159.15097323875912
5,3,30,2,diurnal,service_sigma_0.5,random,167,1853,20787507,149.4550689196433,165.95536932577735
5,3,30,2,diurnal,service_sigma_0.5,random,168,579,20787507,170.92743557425896,210.1659908268741
5,3,30,2,diurnal,service_sigma_0.5,random,169,1846,20787507,169.1457859751261,195.79602758260052
5,3,30,2,diurnal,service_sigma_0.5,random,170,2642,20787507,169.50882635271006,228.50640065464432
5,3,30,2,diurnal,service_sigma_0.5,random,171,162,20787507,146.84407586627657,193.6499672867953
5,3,30,2,diurnal,service_sigma_0.5,random,172,1967,20787507,184.11376151766743,233.18611862412104
5,3,30,2,diurnal,service_sigma_0.5,random,173,941,20787507,169.7052097424094,207.54607328556776
5,3,30,2,diurnal,service_sigma_0.5,random,174,743,20787507,149.57175132010644,178.83069345260108
5,3,30,2,diurnal,service_sigma_0.5,random,175,2881,20787507,176.3298757836775,197.17863898094797
5,3,30,2,diurnal,service_sigma_0.5,random,176,855,20787507,162.02159800123405,235.04432473844292
5,3,30,2,diurnal,service_sigma_0.5,random,177,2516,20787507,188.2580889245254,251.63670017357248
5,3,30,2,diurnal,service_sigma_0.5,random,178,287,20787507,163.46803777835785,195.29523028032796
5,3,30,2,diurnal,service_sigma_0.5,random,179,2678,20787507,158.98361177993678,189.9529987694762
5,3,30,2,diurnal,service_sigma_0.5,random,180,2094,20787507,167.82399011822085,242.5200159099461
5,3,30,2,diurnal,service_sigma_0.5,random,181,356,20787507,171.2869887327047,225.05975170184075
5,3,30,2,diurnal,service_sigma_0.5,random,182,484,20787507,154.6908703434746,209.54306108349127
5,3,30,2,diurnal,service_sigma_0.5,random,183,2713,20787507,183.98874612090685,243.593863668396
5,3,30,2,diurnal,service_sigma_0.5,random,184,1236,20787507,141.9274998872552,174.5903001326628
5,3,30,2,diurnal,service_sigma_0.5,random,185,86,20787507,144.2506031395065,177.46284307510243
5,3,30,2,diurnal,service_sigma_0.5,random,186,45,20787507,165.2000574320537,236.9970636973433
5,3,30,2,diurnal,service_sigma_0.5,random,187,1239,20787507,128.71054775277116,172.68335802346573
5,3,30,2,diurnal,service_sigma_0.5,random,188,1861,20787507,165.5158549517833,219.1663949291809
5,3,30,2,diurnal,service_sigma_0.5,random,189,2748,20787507,145.99947067617262,193.05592629380232
5,3,30,2,diurnal,service_sigma_0.5,random,190,71,20787507,174.21748021996964,232.66442984783262
5,3,30,2,diurnal,service_sigma_0.5,random,191,2733,20787507,148.28309146278275,159.05836609508773
5,3,30,2,diurnal,service_sigma_0.5,random,192,1298,20787507,185.049282826217,250.40551085549686
5,3,30,2,diurnal,service_sigma_0.5,random,193,1693,20787507,149.4640795975147,186.28162611979843
5,3,30,2,diurnal,service_sigma_0.5,random,194,1594,20787507,169.30174730133675,201.43947519156848
5,3,30,2,diurnal,service_sigma_0.5,random,195,1337,20787507,151.67017646455002,174.6708530306281
5,3,30,2,diurnal,service_sigma_0.5,random,196,1101,20787507,192.1923241644604,206.58583349991738
5,3,30,2,diurnal,service_sigma_0.5,random,197,2055,20787507,158.32305203990742,240.2426809892976
5,3,30,2,diurnal,service_sigma_0.5,random,198,374,20787507,162.14105093464443,214.1028585974496
5,3,30,2,diurnal,service_sigma_0.5,random,199,2495,20787507,145.2144392237685,186.6709118642662
5,3,30,2,diurnal,service_sigma_0.5,HC_HI,0,581,20787507,156.2756745298442,190.7015349363587
5,3,30,2,diurnal,service_sigma_0.5,HC_HI,1,1824,20787507,160.67405005027496,261.1393360855754
5,3,30,2,diurnal,service_sigma_0.5,HC_HI,2,1044,20787507,166.2764695044812,230.5224051134614
5,3,30,2,diurnal,service_sigma_0.5,HC_HI,3,97,20787507,128.7472811250531,176.9465682562161
5,3,30,2,diurnal,service_sigma_0.5,HC_HI,4,1841,20787507,175.6846742357051,258.33332590807896
5,3,30,2,diurnal,service_sigma_0.5,HC_HI,5,2462,20787507,183.7475758503061,230.69648972691314
5,3,30,2,diurnal,service_sigma_0.5,HC_HI,6,1210,20787507,197.12377005457586,258.64592922940767
5,3,30,2,diurnal,service_sigma_0.5,HC_HI,7,1045,20787507,131.99730151647586,184.2669445344166
5,3,30,2,diurnal,service_sigma_0.5,HC_HI,8,732,20787507,152.0224329500573,182.71517008514834
5,3,30,2,diurnal,service_sigma_0.5,HC_HI,9,419,20787507,129.88972938144147,160.9242993259687
5,3,30,2,diurnal,service_sigma_0.5,HC_HI,10,1052,20787507,148.61318212732297,172.12857933543393
5,3,30,2,diurnal,service_sigma_0.5,HC_HI,11,236,20787507,140.75418961921713,174.54878913835537
5,3,30,2,diurnal,service_sigma_0.5,HC_HI,12,2381,20787507,217.8515841054321,304.9044905805612
5,3,30,2,diurnal,service_sigma_0.5,HC_HI,13,110,20787507,150.00910324632065,217.28552499217332
5,3,30,2,diurnal,service_sigma_0.5,HC_HI,14,59,20787507,199.34226249650837,261.0565343138434
5,3,30,2,diurnal,service_sigma_0.5,HC_HI,15,2084,20787507,204.92452307655634,268.46331096483306
5,3,30,2,diurnal,service_sigma_0.5,HC_HI,16,1544,20787507,198.1113672056749,293.9101449498132
5,3,30,2,diurnal,service_sigma_0.5,HC_HI,17,1398,20787507,170.09582172660603,214.7919350754592
5,3,30,2,diurnal,service_sigma_0.5,HC_HI,18,1051,20787507,130.64589316068364,213.05920179394116
5,3,30,2,diurnal,service_sigma_0.5,HC_HI,19,307,20787507,143.02439999541278,189.00520805567936
5,3,30,2,diurnal,service_sigma_0.5,HC_HI,20,766,20787507,163.9680939811987,210.0022504074026
5,3,30,2,diurnal,service_sigma_0.5,HC_HI,21,2028,20787507,147.3351025590126,182.66964159741974
5,3,30,2,diurnal,service_sigma_0.5,HC_HI,22,1491,20787507,203.35558360570386,279.29946483241883
5,3,30,2,diurnal,service_sigma_0.5,HC_HI,23,2424,20787507,162.65514139169852,193.57962124808188
5,3,30,2,diurnal,service_sigma_0.5,HC_HI,24,2330,20787507,152.3909194750923,204.96487258738955
5,3,30,2,diurnal,service_sigma_0.5,HC_HI,25,1647,20787507,169.76980943422944,214.8113742184217
5,3,30,2,diurnal,service_sigma_0.5,HC_HI,26,2996,20787507,173.68317958065947,249.33359236529853
5,3,30,2,diurnal,service_sigma_0.5,HC_HI,27,2606,20787507,143.91047593473996,216.3868109712302
5,3,30,2,diurnal,service_sigma_0.5,HC_HI,28,1888,20787507,149.53863173333772,200.1660429866145
5,3,30,2,diurnal,service_sigma_0.5,HC_HI,29,903,20787507,213.57308968147186,235.6141106747646
5,3,30,2,diurnal,service_sigma_0.5,HC_HI,30,1304,20787507,185.81732556615574,260.89740879200605
5,3,30,2,diurnal,service_sigma_0.5,HC_HI,31,2656,20787507,169.10620829858843,216.77776461895792
5,3,30,2,diurnal,service_sigma_0.5,HC_HI,32,735,20787507,154.8202136755005,197.13401444877425
5,3,30,2,diurnal,service_sigma_0.5,HC_HI,33,497,20787507,176.37790842123098,229.84630759764957
5,3,30,2,diurnal,service_sigma_0.5,HC_HI,34,1260,20787507,159.22032714615978,231.4141000995216
5,3,30,2,diurnal,service_sigma_0.5,HC_HI,35,744,20787507,188.6629687045592,268.4356608462469
5,3,30,2,diurnal,service_sigma_0.5,HC_HI,36,2665,20787507,191.03340360009446,220.8225191300204
5,3,30,2,diurnal,service_sigma_0.5,HC_HI,37,56,20787507,151.21397604603428,178.2355328969671
5,3,30,2,diurnal,service_sigma_0.5,HC_HI,38,1533,20787507,189.7449853979909,222.17011677623321
5,3,30,2,diurnal,service_sigma_0.5,HC_HI,39,2036,20787507,148.78512006923552,181.5120163665088
5,3,30,2,diurnal,service_sigma_0.5,HC_HI,40,1206,20787507,150.9709654238251,201.6161824859417
5,3,30,2,diurnal,service_sigma_0.5,HC_HI,41,622,20787507,127.25177239277197,153.34287040963855
5,3,30,2,diurnal,service_sigma_0.5,HC_HI,42,1562,20787507,119.30658745570494,171.22701550166536
5,3,30,2,diurnal,service_sigma_0.5,HC_HI,43,1927,20787507,161.54804079303986,201.51173207797538
5,3,30,2,diurnal,service_sigma_0.5,HC_HI,44,1206,20787507,145.33444405523508,200.2365491128689
5,3,30,2,diurnal,service_sigma_0.5,HC_HI,45,1017,20787507,130.25857978003552,180.61919885758365
5,3,30,2,diurnal,service_sigma_0.5,HC_HI,46,1051,20787507,138.80576965533007,207.73531590352377
5,3,30,2,diurnal,service_sigma_0.5,HC_HI,47,123,20787507,160.46158394243568,193.94197609558654
5,3,30,2,diurnal,service_sigma_0.5,HC_HI,48,2448,20787507,139.6163645696393,178.19380971245124
5,3,30,2,diurnal,service_sigma_0.5,HC_HI,49,1612,20787507,140.68059430538128,194.0092863691771
5,3,30,2,diurnal,service_sigma_0.5,HC_HI,50,2378,20787507,173.11560040579153,300.857982505735
5,3,30,2,diurnal,service_sigma_0.5,HC_HI,51,1051,20787507,138.2417553978033,203.08225707642976
5,3,30,2,diurnal,service_sigma_0.5,HC_HI,52,1051,20787507,137.0058719966243,204.52428788986586
5,3,30,2,diurnal,service_sigma_0.5,HC_HI,53,2395,20787507,171.68937541152403,258.82917707041634
5,3,30,2,diurnal,service_sigma_0.5,HC_HI,54,663,20787507,145.89962053515575,257.44564340219966
5,3,30,2,diurnal,service_sigma_0.5,HC_HI,55,238,20787507,139.3798102540312,196.10564230234942
5,3,30,2,diurnal,service_sigma_0.5,HC_HI,56,2803,20787507,127.35304251379225,146.66098280461853
5,3,30,2,diurnal,service_sigma_0.5,HC_HI,57,607,20787507,152.5107930291639,178.64127688189254
5,3,30,2,diurnal,service_sigma_0.5,HC_HI,58,1759,20787507,154.9919079142348,219.36917196035827
5,3,30,2,diurnal,service_sigma_0.5,HC_HI,59,74,20787507,135.2823129199442,214.11868616198592
5,3,30,2,diurnal,service_sigma_0.5,HC_HI,60,419,20787507,130.24566618992267,152.24594090787951
5,3,30,2,diurnal,service_sigma_0.5,HC_HI,61,2803,20787507,130.3744362217728,142.10648627119576
5,3,30,2,diurnal,service_sigma_0.5,HC_HI,62,1594,20787507,171.7062200840413,192.43690486079996
5,3,30,2,diurnal,service_sigma_0.5,HC_HI,63,1796,20787507,141.29066119011844,174.94704766661553
5,3,30,2,diurnal,service_sigma_0.5,HC_HI,64,117,20787507,184.85470936931333,208.59203909744022
5,3,30,2,diurnal,service_sigma_0.5,HC_HI,65,2697,20787507,163.7298438178224,232.66087874118713
5,3,30,2,diurnal,service_sigma_0.5,HC_HI,66,2224,20787507,165.80115444724447,219.3427198010546
5,3,30,2,diurnal,service_sigma_0.5,HC_HI,67,361,20787507,177.42663538013622,183.8654859533634
5,3,30,2,diurnal,service_sigma_0.5,HC_HI,68,1219,20787507,163.93731151903106,176.8981329399946
5,3,30,2,diurnal,service_sigma_0.5,HC_HI,69,1195,20787507,141.7866265231632,157.95418851461773
5,3,30,2,diurnal,service_sigma_0.5,HC_HI,70,2121,20787507,193.36358831601547,251.81103688961568
5,3,30,2,diurnal,service_sigma_0.5,HC_HI,71,1401,20787507,173.05109803827747,245.9982792942977
5,3,30,2,diurnal,service_sigma_0.5,HC_HI,72,1450,20787507,129.68525647175795,159.77420095129574
5,3,30,2,diurnal,service_sigma_0.5,HC_HI,73,2036,20787507,145.27873393500604,187.2795663246859
5,3,30,2,diurnal,service_sigma_0.5,HC_HI,74,2871,20787507,168.85394977058715,235.668967708031
5,3,30,2,diurnal,service_sigma_0.5,HC_HI,75,1927,20787507,162.5762225097768,201.3153029315903
5,3,30,2,diurnal,service_sigma_0.5,HC_HI,76,2815,20787507,141.22265517644456,218.80329155927114
5,3,30,2,diurnal,service_sigma_0.5,HC_HI,77,307,20787507,139.59997477196075,177.10677941444348
5,3,30,2,diurnal,service_sigma_0.5,HC_HI,78,578,20787507,172.24101879542187,204.3772969646137
5,3,30,2,diurnal,service_sigma_0.5,HC_HI,79,2395,20787507,195.2813719797537,251.75391340928306
5,3,30,2,diurnal,service_sigma_0.5,HC_HI,80,2976,20787507,187.402194724725,268.82050614300664
5,3,30,2,diurnal,service_sigma_0.5,HC_HI,81,1810,20787507,187.52426275118714,230.77845806274584
5,3,30,2,diurnal,service_sigma_0.5,HC_HI,82,1544,20787507,196.6659955049792,282.57196383977777
5,3,30,2,diurnal,service_sigma_0.5,HC_HI,83,1927,20787507,177.5567642090785,206.63067853126338
5,3,30,2,diurnal,service_sigma_0.5,HC_HI,84,2165,20787507,167.81704501328844,266.91123561573704
5,3,30,2,diurnal,service_sigma_0.5,HC_HI,85,56,20787507,147.07058585562183,176.40366926993033
5,3,30,2,diurnal,service_sigma_0.5,HC_HI,86,2482,20787507,137.64835634806596,170.8782763462462
5,3,30,2,diurnal,service_sigma_0.5,HC_HI,87,2581,20787507,142.6082292253955,171.3550518735048
5,3,30,2,diurnal,service_sigma_0.5,HC_HI,88,732,20787507,153.20335653344824,181.07237203155285
5,3,30,2,diurnal,service_sigma_0.5,HC_HI,89,2877,20787507,185.45461804921683,217.10284020308484
5,3,30,2,diurnal,service_sigma_0.5,HC_HI,90,2172,20787507,185.03876717451757,237.98522530528865
5,3,30,2,diurnal,service_sigma_0.5,HC_HI,91,2563,20787507,115.02227787803318,125.02227787803318
5,3,30,2,diurnal,service_sigma_0.5,HC_HI,92,1626,20787507,132.47624894102404,158.09483778130974
5,3,30,2,diurnal,service_sigma_0.5,HC_HI,93,2764,20787507,166.06559808123654,208.85549811081864
5,3,30,2,diurnal,service_sigma_0.5,HC_HI,94,2526,20787507,195.12714087914085,238.48232902060363
5,3,30,2,diurnal,service_sigma_0.5,HC_HI,95,2395,20787507,183.6656484213264,269.486447579392
5,3,30,2,diurnal,service_sigma_0.5,HC_HI,96,1690,20787507,139.45680925329387,187.80880247047523
5,3,30,2,diurnal,service_sigma_0.5,HC_HI,97,903,20787507,191.4296601907901,253.46499948377087
5,3,30,2,diurnal,service_sigma_0.5,HC_HI,98,1026,20787507,144.11944362809265,206.10183105763974
5,3,30,2,diurnal,service_sigma_0.5,HC_HI,99,123,20787507,151.170063651904,184.33511988233124
5,3,30,2,diurnal,service_sigma_0.5,HC_HI,100,2697,20787507,154.31296864916,224.84721144643487
5,3,30,2,diurnal,service_sigma_0.5,HC_HI,101,1826,20787507,195.3180070577631,275.1184987694542
5,3,30,2,diurnal,service_sigma_0.5,HC_HI,102,1434,20787507,185.34502396698846,233.41582315783478
5,3,30,2,diurnal,service_sigma_0.5,HC_HI,103,1719,20787507,167.6988968273837,246.2886042967483
5,3,30,2,diurnal,service_sigma_0.5,HC_HI,104,183,20787507,191.39143319778196,233.472840633219
5,3,30,2,diurnal,service_sigma_0.5,HC_HI,105,2012,20787507,189.47873727109337,249.47335803694725
5,3,30,2,diurnal,service_sigma_0.5,HC_HI,106,41,20787507,159.11349514246038,192.8764848794514
5,3,30,2,diurnal,service_sigma_0.5,HC_HI,107,1676,20787507,150.7025697958509,164.70303135854658
5,3,30,2,diurnal,service_sigma_0.5,HC_HI,108,74,20787507,134.81833086274196,218.65013542044267
5,3,30,2,diurnal,service_sigma_0.5,HC_HI,109,2553,20787507,138.30294828486728,186.31363706754118
5,3,30,2,diurnal,service_sigma_0.5,HC_HI,110,2961,20787507,155.00438275062814,199.54975914320556
5,3,30,2,diurnal,service_sigma_0.5,HC_HI,111,56,20787507,140.88131124529764,171.58149381474882
5,3,30,2,diurnal,service_sigma_0.5,HC_HI,112,1882,20787507,124.67691000600149,164.75471142537873
5,3,30,2,diurnal,service_sigma_0.5,HC_HI,113,279,20787507,191.32153614725894,228.15120696924583
5,3,30,2,diurnal,service_sigma_0.5,HC_HI,114,2519,20787507,143.5823635508631,188.4411333665701
5,3,30,2,diurnal,service_sigma_0.5,HC_HI,115,1005,20787507,149.325604067787,196.02274114102497
5,3,30,2,diurnal,service_sigma_0.5,HC_HI,116,2768,20787507,143.61580531587774,162.4366474054147
5,3,30,2,diurnal,service_sigma_0.5,HC_HI,117,1494,20787507,149.1556367909599,203.93644494732064
5,3,30,2,diurnal,service_sigma_0.5,HC_HI,118,2330,20787507,157.133683045238,179.54317622478274
5,3,30,2,diurnal,service_sigma_0.5,HC_HI,119,2224,20787507,156.5938663785466,213.95179893915454
5,3,30,2,diurnal,service_sigma_0.5,HC_HI,120,2325,20787507,164.06610705067789,203.91321779033404
5,3,30,2,diurnal,service_sigma_0.5,HC_HI,121,1045,20787507,144.36449905459165,180.35179959289786
5,3,30,2,diurnal,service_sigma_0.5,HC_HI,122,2183,20787507,174.42839401057626,246.90910612930725
5,3,30,2,diurnal,service_sigma_0.5,HC_HI,123,1824,20787507,170.3636169872628,233.46477198606667
5,3,30,2,diurnal,service_sigma_0.5,HC_HI,124,2172,20787507,172.0613919494101,240.41928400572675
5,3,30,2,diurnal,service_sigma_0.5,HC_HI,125,2845,20787507,196.5545447670427,292.6981063560401
5,3,30,2,diurnal,service_sigma_0.5,HC_HI,126,1918,20787507,183.09005448421559,214.9090511823147
5,3,30,2,diurnal,service_sigma_0.5,HC_HI,127,604,20787507,187.1479723801282,226.1479723801282
5,3,30,2,diurnal,service_sigma_0.5,HC_HI,128,1198,20787507,147.8546402684725,163.24868428363953
5,3,30,2,diurnal,service_sigma_0.5,HC_HI,129,1927,20787507,170.60847284120877,203.99159313059005
5,3,30,2,diurnal,service_sigma_0.5,HC_HI,130,2378,20787507,181.20577189816441,289.49896097257334
5,3,30,2,diurnal,service_sigma_0.5,HC_HI,131,2510,20787507,195.6332596046324,250.1390589037278
5,3,30,2,diurnal,service_sigma_0.5,HC_HI,132,183,20787507,179.18372557947632,228.74263160929425
5,3,30,2,diurnal,service_sigma_0.5,HC_HI,133,421,20787507,135.43543945181347,173.4191841625916
5,3,30,2,diurnal,service_sigma_0.5,HC_HI,134,1928,20787507,135.51213079083598,168.8931926747926
5,3,30,2,diurnal,service_sigma_0.5,HC_HI,135,1464,20787507,202.6483760886017,263.84559342421943
5,3,30,2,diurnal,service_sigma_0.5,HC_HI,136,1755,20787507,129.79697722125454,166.76799998821593
5,3,30,2,diurnal,service_sigma_0.5,HC_HI,137,1919,20787507,160.19404534804238,200.63153240770885
5,3,30,2,diurnal,service_sigma_0.5,HC_HI,138,544,20787507,157.4558571740783,197.49875686453873
5,3,30,2,diurnal,service_sigma_0.5,HC_HI,139,1626,20787507,133.63328972403102,157.65773794808248
5,3,30,2,diurnal,service_sigma_0.5,HC_HI,140,1422,20787507,173.5599488582038,220.44781158959245
5,3,30,2,diurnal,service_sigma_0.5,HC_HI,141,56,20787507,151.67332739747008,182.79890576187864
5,3,30,2,diurnal,service_sigma_0.5,HC_HI,142,1219,20787507,166.64807765479415,181.07391884106607
5,3,30,2,diurnal,service_sigma_0.5,HC_HI,143,2613,20787507,160.81243798366518,218.2895771049276
5,3,30,2,diurnal,service_sigma_0.5,HC_HI,144,1824,20787507,167.8848337358887,238.2726798809934
5,3,30,2,diurnal,service_sigma_0.5,HC_HI,145,236,20787507,153.32865249199318,169.5010317852485
5,3,30,2,diurnal,service_sigma_0.5,HC_HI,146,841,20787507,195.03312802900246,215.9046632168001
5,3,30,2,diurnal,service_sigma_0.5,HC_HI,147,2803,20787507,129.42351088460035,164.16996195154124
5,3,30,2,diurnal,service_sigma_0.5,HC_HI,148,94,20787507,136.05685190399913,167.7066023351577
5,3,30,2,diurnal,service_sigma_0.5,HC_HI,149,2275,20787507,150.22192444859172,185.6262369699016
5,3,30,2,diurnal,service_sigma_0.5,HC_HI,150,2732,20787507,137.8978046309568,211.0423893482316
5,3,30,2,diurnal,service_sigma_0.5,HC_HI,151,1690,20787507,150.26348564248536,195.1633454467031
5,3,30,2,diurnal,service_sigma_0.5,HC_HI,152,57,20787507,180.09829651137355,215.14387288316297
5,3,30,2,diurnal,service_sigma_0.5,HC_HI,153,1965,20787507,155.98171388219913,233.34824288234532
5,3,30,2,diurnal,service_sigma_0.5,HC_HI,154,1052,20787507,126.96299267947678,161.53593741447042
5,3,30,2,diurnal,service_sigma_0.5,HC_HI,155,1605,20787507,180.4894016062935,242.40271355279657
5,3,30,2,diurnal,service_sigma_0.5,HC_HI,156,1045,20787507,141.7322861039915,175.19595690272897
5,3,30,2,diurnal,service_sigma_0.5,HC_HI,157,1544,20787507,193.41929657492526,280.26476842654375
5,3,30,2,diurnal,service_sigma_0.5,HC_HI,158,2973,20787507,151.49153650561757,185.64101171972348
5,3,30,2,diurnal,service_sigma_0.5,HC_HI,159,1026,20787507,156.57278130234192,202.62309409078003
5,3,30,2,diurnal,service_sigma_0.5,HC_HI,160,735,20787507,154.3388871411456,197.3388871411456
5,3,30,2,diurnal,service_sigma_0.5,HC_HI,161,2082,20787507,159.9270303983084,230.49960091255065
5,3,30,2,diurnal,service_sigma_0.5,HC_HI,162,982,20787507,163.45385112912885,207.26231752744508
5,3,30,2,diurnal,service_sigma_0.5,HC_HI,163,2462,20787507,190.59937606397753,245.9803605287264
5,3,30,2,diurnal,service_sigma_0.5,HC_HI,164,1735,20787507,149.90573388482926,184.23833424175703
5,3,30,2,diurnal,service_sigma_0.5,HC_HI,165,1154,20787507,161.3705261304978,164.133250391295
5,3,30,2,diurnal,service_sigma_0.5,HC_HI,166,607,20787507,140.7375457240295,176.07130400367836
5,3,30,2,diurnal,service_sigma_0.5,HC_HI,167,109,20787507,133.7557810432521,177.68427601062524
5,3,30,2,diurnal,service_sigma_0.5,HC_HI,168,74,20787507,145.61115903533755,200.15011208401754
5,3,30,2,diurnal,service_sigma_0.5,HC_HI,169,123,20787507,158.70272311033503,186.53444602235564
5,3,30,2,diurnal,service_sigma_0.5,HC_HI,170,49,20787507,188.06977091566503,252.84844333060357
5,3,30,2,diurnal,service_sigma_0.5,HC_HI,171,1154,20787507,149.9677617129152,168.76685709730322
5,3,30,2,diurnal,service_sigma_0.5,HC_HI,172,2397,20787507,129.60279017531903,164.8587763088446
5,3,30,2,diurnal,service_sigma_0.5,HC_HI,173,2172,20787507,184.30451765000743,243.57503045120188
5,3,30,2,diurnal,service_sigma_0.5,HC_HI,174,2768,20787507,148.7205680546945,164.89688281371815
5,3,30,2,diurnal,service_sigma_0.5,HC_HI,175,1207,20787507,139.46249918255813,179.92240383372663
5,3,30,2,diurnal,service_sigma_0.5,HC_HI,176,2845,20787507,187.26572341282605,288.405704254889
5,3,30,2,diurnal,service_sigma_0.5,HC_HI,177,1690,20787507,143.04515182795055,191.3971450451319
5,3,30,2,diurnal,service_sigma_0.5,HC_HI,178,578,20787507,173.72556191036628,235.50112336760694
5,3,30,2,diurnal,service_sigma_0.5,HC_HI,179,2378,20787507,177.56742008012964,275.45056716520685
5,3,30,2,diurnal,service_sigma_0.5,HC_HI,180,2794,20787507,181.85514824346885,227.00403188789466
5,3,30,2,diurnal,service_sigma_0.5,HC_HI,181,1034,20787507,155.65903595537267,232.95051995663047
5,3,30,2,diurnal,service_sigma_0.5,HC_HI,182,2877,20787507,180.42387729804403,204.97088761015368
5,3,30,2,diurnal,service_sigma_0.5,HC_HI,183,1735,20787507,160.79217370918536,175.9977649139155
5,3,30,2,diurnal,service_sigma_0.5,HC_HI,184,1723,20787507,142.60254377184285,180.61212524800538
5,3,30,2,diurnal,service_sigma_0.5,HC_HI,185,1005,20787507,142.45347032776922,193.32366251254982
5,3,30,2,diurnal,service_sigma_0.5,HC_HI,186,2606,20787507,134.09292903562906,212.77899761130936
5,3,30,2,diurnal,service_sigma_0.5,HC_HI,187,1755,20787507,140.66391872843712,178.487923050613
5,3,30,2,diurnal,service_sigma_0.5,HC_HI,188,2424,20787507,161.81450847018795,179.49029262674748
5,3,30,2,diurnal,service_sigma_0.5,HC_HI,189,607,20787507,158.951532537592,175.08201639032063
5,3,30,2,diurnal,service_sigma_0.5,HC_HI,190,1612,20787507,150.84754985623135,198.87817562804037
5,3,30,2,diurnal,service_sigma_0.5,HC_HI,191,2381,20787507,213.50846019357226,282.9698246791431
5,3,30,2,diurnal,service_sigma_0.5,HC_HI,192,2968,20787507,138.72701949864637,181.66107973191674
5,3,30,2,diurnal,service_sigma_0.5,HC_HI,193,1195,20787507,138.75516704230992,150.42289407054943
5,3,30,2,diurnal,service_sigma_0.5,HC_HI,194,262,20787507,144.09769740083615,177.6268285997407
5,3,30,2,diurnal,service_sigma_0.5,HC_HI,195,2768,20787507,149.5652465248038,185.7152742961782
5,3,30,2,diurnal,service_sigma_0.5,HC_HI,196,1215,20787507,168.48495228247103,211.27285263549547
5,3,30,2,diurnal,service_sigma_0.5,HC_HI,197,1198,20787507,143.1194790857881,151.50687149756172
5,3,30,2,diurnal,service_sigma_0.5,HC_HI,198,717,20787507,140.13889603134226,184.73168833850738
5,3,30,2,diurnal,service_sigma_0.5,HC_HI,199,1295,20787507,146.11058239795418,175.7761269606914
5,3,30,2,diurnal,service_sigma_0.5,HC_LI,0,2055,20787507,155.1437583678242,232.06774695180331
5,3,30,2,diurnal,service_sigma_0.5,HC_LI,1,1087,20787507,165.62499167464566,216.24006099481537
5,3,30,2,diurnal,service_sigma_0.5,HC_LI,2,2393,20787507,144.12304633244003,195.43535244674663
5,3,30,2,diurnal,service_sigma_0.5,HC_LI,3,2288,20787507,165.31250620003885,211.17297295085308
5,3,30,2,diurnal,service_sigma_0.5,HC_LI,4,2139,20787507,193.26445126295965,240.13916542217297
5,3,30,2,diurnal,service_sigma_0.5,HC_LI,5,164,20787507,159.2053027022504,181.4284965771867
5,3,30,2,diurnal,service_sigma_0.5,HC_LI,6,1777,20787507,144.9999048986617,193.10847019310046
5,3,30,2,diurnal,service_sigma_0.5,HC_LI,7,2461,20787507,180.40316523911898,247.94991688386636
5,3,30,2,diurnal,service_sigma_0.5,HC_LI,8,550,20787507,168.73769864401578,214.47983042407972
5,3,30,2,diurnal,service_sigma_0.5,HC_LI,9,1546,20787507,175.30878568755585,232.69162207156958
5,3,30,2,diurnal,service_sigma_0.5,HC_LI,10,2196,20787507,155.432335212471,200.9392592859716
5,3,30,2,diurnal,service_sigma_0.5,HC_LI,11,405,20787507,166.52071633428594,209.1380864560499
5,3,30,2,diurnal,service_sigma_0.5,HC_LI,12,806,20787507,187.5443370856025,230.75751828566496
5,3,30,2,diurnal,service_sigma_0.5,HC_LI,13,2138,20787507,167.77957622497215,237.07614736445186
5,3,30,2,diurnal,service_sigma_0.5,HC_LI,14,1188,20787507,158.04357996989535,151.43092251409624
5,3,30,2,diurnal,service_sigma_0.5,HC_LI,15,457,20787507,157.01794310799036,209.32360707587947
5,3,30,2,diurnal,service_sigma_0.5,HC_LI,16,2144,20787507,156.76745407073201,227.99089842063148
5,3,30,2,diurnal,service_sigma_0.5,HC_LI,17,1220,20787507,177.50649360465204,233.0739443717834
5,3,30,2,diurnal,service_sigma_0.5,HC_LI,18,1413,20787507,147.3313344823088,203.11348413785797
5,3,30,2,diurnal,service_sigma_0.5,HC_LI,19,2744,20787507,157.40618905892123,216.4193503362002
5,3,30,2,diurnal,service_sigma_0.5,HC_LI,20,540,20787507,147.95928028278013,226.12183134674666
5,3,30,2,diurnal,service_sigma_0.5,HC_LI,21,752,20787507,165.57086887396406,215.93505140620258
5,3,30,2,diurnal,service_sigma_0.5,HC_LI,22,1087,20787507,168.55732163184945,238.31116814591377
5,3,30,2,diurnal,service_sigma_0.5,HC_LI,23,104,20787507,164.26726802526883,210.11686919490282
5,3,30,2,diurnal,service_sigma_0.5,HC_LI,24,1473,20787507,154.35525419884866,227.2781133070178
5,3,30,2,diurnal,service_sigma_0.5,HC_LI,25,2894,20787507,155.77011585741778,219.0708008796723
5,3,30,2,diurnal,service_sigma_0.5,HC_LI,26,2055,20787507,151.67048536242302,210.6029715348033
5,3,30,2,diurnal,service_sigma_0.5,HC_LI,27,1962,20787507,179.53327351119617,207.90794036017803
5,3,30,2,diurnal,service_sigma_0.5,HC_LI,28,1416,20787507,147.95650396771362,212.28669309821322
5,3,30,2,diurnal,service_sigma_0.5,HC_LI,29,2512,20787507,185.90884282692537,252.05744910894214
5,3,30,2,diurnal,service_sigma_0.5,HC_LI,30,2045,20787507,163.49985936430576,199.756147510413
5,3,30,2,diurnal,service_sigma_0.5,HC_LI,31,1111,20787507,158.91035060528688,204.05785957200612
5,3,30,2,diurnal,service_sigma_0.5,HC_LI,32,1627,20787507,170.63346970957,222.52810592206313
5,3,30,2,diurnal,service_sigma_0.5,HC_LI,33,1261,20787507,158.47583935246539,233.6713350164648
5,3,30,2,diurnal,service_sigma_0.5,HC_LI,34,2345,20787507,160.45685796468578,180.50884864475813
5,3,30,2,diurnal,service_sigma_0.5,HC_LI,35,2425,20787507,164.38119871874835,217.35415971602546
5,3,30,2,diurnal,service_sigma_0.5,HC_LI,36,2582,20787507,189.38049442367875,253.8215449949519
5,3,30,2,diurnal,service_sigma_0.5,HC_LI,37,2861,20787507,165.34466602219612,206.2337794178498
5,3,30,2,diurnal,service_sigma_0.5,HC_LI,38,1502,20787507,144.4117839098502,167.35686277139618
5,3,30,2,diurnal,service_sigma_0.5,HC_LI,39,2232,20787507,160.45282897782107,237.03922810638326
5,3,30,2,diurnal,service_sigma_0.5,HC_LI,40,2599,20787507,140.84781853673948,181.56886904599173
5,3,30,2,diurnal,service_sigma_0.5,HC_LI,41,550,20787507,164.37133087158915,191.9493553048274
5,3,30,2,diurnal,service_sigma_0.5,HC_LI,42,1108,20787507,143.66915245436766,167.3407016541726
5,3,30,2,diurnal,service_sigma_0.5,HC_LI,43,1169,20787507,137.02456329555002,199.10709099419927
5,3,30,2,diurnal,service_sigma_0.5,HC_LI,44,115,20787507,184.05273335699968,196.83882664099949
5,3,30,2,diurnal,service_sigma_0.5,HC_LI,45,515,20787507,142.3817585473974,214.52421061267947
5,3,30,2,diurnal,service_sigma_0.5,HC_LI,46,1895,20787507,169.78493252210058,187.61780722603413
5,3,30,2,diurnal,service_sigma_0.5,HC_LI,47,126,20787507,181.07377259313444,262.7520059675777
5,3,30,2,diurnal,service_sigma_0.5,HC_LI,48,561,20787507,158.9547258302827,197.4682066415095
5,3,30,2,diurnal,service_sigma_0.5,HC_LI,49,2894,20787507,154.73045936347057,195.07977126737566
5,3,30,2,diurnal,service_sigma_0.5,HC_LI,50,1895,20787507,163.50540454986864,196.57708382787084
5,3,30,2,diurnal,service_sigma_0.5,HC_LI,51,970,20787507,191.99153347382583,196.36433561440214
5,3,30,2,diurnal,service_sigma_0.5,HC_LI,52,1089,20787507,164.9222186998985,173.46773903691908
5,3,30,2,diurnal,service_sigma_0.5,HC_LI,53,1578,20787507,177.31419708057354,242.48659698083864
5,3,30,2,diurnal,service_sigma_0.5,HC_LI,54,711,20787507,136.503774058974,185.81075843251557
5,3,30,2,diurnal,service_sigma_0.5,HC_LI,55,2589,20787507,167.9411231071686,203.80360669935573
5,3,30,2,diurnal,service_sigma_0.5,HC_LI,56,104,20787507,164.4181367170644,231.11734405932978
5,3,30,2,diurnal,service_sigma_0.5,HC_LI,57,2161,20787507,164.06071639347024,196.3854681592858
5,3,30,2,diurnal,service_sigma_0.5,HC_LI,58,1279,20787507,160.87655481384743,216.66597223939036
5,3,30,2,diurnal,service_sigma_0.5,HC_LI,59,2620,20787507,140.36859622455876,181.02981491347325
5,3,30,2,diurnal,service_sigma_0.5,HC_LI,60,2761,20787507,162.6856658690879,199.82097728465274
5,3,30,2,diurnal,service_sigma_0.5,HC_LI,61,248,20787507,154.01624586584413,207.42753446457286
5,3,30,2,diurnal,service_sigma_0.5,HC_LI,62,2761,20787507,159.02001155439953,192.93397755457994
5,3,30,2,diurnal,service_sigma_0.5,HC_LI,63,155,20787507,130.90495361329627,191.79766233421674
5,3,30,2,diurnal,service_sigma_0.5,HC_LI,64,2829,20787507,170.67169432345773,238.2346096221252
5,3,30,2,diurnal,service_sigma_0.5,HC_LI,65,2862,20787507,181.62907415916428,201.91397477869654
5,3,30,2,diurnal,service_sigma_0.5,HC_LI,66,2988,20787507,147.1174255576206,210.65278637976536
5,3,30,2,diurnal,service_sigma_0.5,HC_LI,67,2089,20787507,160.11849563815434,213.47312832868525
5,3,30,2,diurnal,service_sigma_0.5,HC_LI,68,1720,20787507,131.1285940807843,195.66666090923934
5,3,30,2,diurnal,service_sigma_0.5,HC_LI,69,1099,20787507,158.51576436582036,226.34524964053125
5,3,30,2,diurnal,service_sigma_0.5,HC_LI,70,687,20787507,156.94899804923784,243.6135138594631
5,3,30,2,diurnal,service_sigma_0.5,HC_LI,71,993,20787507,131.17031008866505,192.19651823510208
5,3,30,2,diurnal,service_sigma_0.5,HC_LI,72,2671,20787507,148.06803808576376,205.0601206658506
5,3,30,2,diurnal,service_sigma_0.5,HC_LI,73,2854,20787507,171.23477698081984,197.98317679908055
5,3,30,2,diurnal,service_sigma_0.5,HC_LI,74,405,20787507,141.60849101605078,202.58269348880586
5,3,30,2,diurnal,service_sigma_0.5,HC_LI,75,2328,20787507,154.13478374118228,210.1291984084163
5,3,30,2,diurnal,service_sigma_0.5,HC_LI,76,1103,20787507,174.5692101393344,216.04078559494786
5,3,30,2,diurnal,service_sigma_0.5,HC_LI,77,2861,20787507,159.301949305275,194.3868544952715
5,3,30,2,diurnal,service_sigma_0.5,HC_LI,78,904,20787507,165.42183216432954,215.86097153978196
5,3,30,2,diurnal,service_sigma_0.5,HC_LI,79,98,20787507,162.27047557964627,204.50954100955013
5,3,30,2,diurnal,service_sigma_0.5,HC_LI,80,1343,20787507,166.29847921318702,210.51296883603837
5,3,30,2,diurnal,service_sigma_0.5,HC_LI,81,2125,20787507,141.6764591672323,175.8317090350999
5,3,30,2,diurnal,service_sigma_0.5,HC_LI,82,970,20787507,188.89286957042887,195.54284484959604
5,3,30,2,diurnal,service_sigma_0.5,HC_LI,83,164,20787507,167.29817667152236,176.67510243266833
5,3,30,2,diurnal,service_sigma_0.5,HC_LI,84,2488,20787507,156.57803103654587,183.74683161246708
5,3,30,2,diurnal,service_sigma_0.5,HC_LI,85,1263,20787507,150.40170501060547,180.0150497235919
5,3,30,2,diurnal,service_sigma_0.5,HC_LI,86,1961,20787507,136.45635451867787,184.6976403645464
5,3,30,2,diurnal,service_sigma_0.5,HC_LI,87,1595,20787507,165.7031018598267,207.38906882630874
5,3,30,2,diurnal,service_sigma_0.5,HC_LI,88,310,20787507,152.0272647203347,207.75529285775355
5,3,30,2,diurnal,service_sigma_0.5,HC_LI,89,334,20787507,188.3327026918288,218.28945105404574
5,3,30,2,diurnal,service_sigma_0.5,HC_LI,90,2023,20787507,172.66945136973874,242.11113864747963
5,3,30,2,diurnal,service_sigma_0.5,HC_LI,91,987,20787507,135.11729580794457,178.99427653866988
5,3,30,2,diurnal,service_sigma_0.5,HC_LI,92,1089,20787507,160.2257227661686,170.98953040805276
5,3,30,2,diurnal,service_sigma_0.5,HC_LI,93,54,20787507,152.17568206174442,170.5945620173772
5,3,30,2,diurnal,service_sigma_0.5,HC_LI,94,827,20787507,172.9686593686915,214.5262276212681
5,3,30,2,diurnal,service_sigma_0.5,HC_LI,95,970,20787507,186.3276844438575,202.94830996512974
5,3,30,2,diurnal,service_sigma_0.5,HC_LI,96,993,20787507,131.34323380808746,185.37986637289032
5,3,30,2,diurnal,service_sigma_0.5,HC_LI,97,687,20787507,177.30060495910985,236.9538742393176
5,3,30,2,diurnal,service_sigma_0.5,HC_LI,98,195,20787507,159.3729799726077,241.96957805249374
5,3,30,2,diurnal,service_sigma_0.5,HC_LI,99,1060,20787507,183.2888815611773,273.36400630849823
5,3,30,2,diurnal,service_sigma_0.5,HC_LI,100,993,20787507,123.36568693794393,190.1321108104753
5,3,30,2,diurnal,service_sigma_0.5,HC_LI,101,1710,20787507,173.9458638484282,226.22627196685443
5,3,30,2,diurnal,service_sigma_0.5,HC_LI,102,711,20787507,145.42926364698084,188.42926364698084
5,3,30,2,diurnal,service_sigma_0.5,HC_LI,103,1132,20787507,200.21932706738463,224.47062259563657
5,3,30,2,diurnal,service_sigma_0.5,HC_LI,104,1283,20787507,169.78114604127276,213.49143119817637
5,3,30,2,diurnal,service_sigma_0.5,HC_LI,105,1199,20787507,163.9614593262511,217.0518214944586
5,3,30,2,diurnal,service_sigma_0.5,HC_LI,106,332,20787507,159.12805607472453,214.79919350753758
5,3,30,2,diurnal,service_sigma_0.5,HC_LI,107,786,20787507,141.3971579116818,228.96435787289107
5,3,30,2,diurnal,service_sigma_0.5,HC_LI,108,2178,20787507,162.44821347975156,195.40892133467258
5,3,30,2,diurnal,service_sigma_0.5,HC_LI,109,475,20787507,167.02214022745943,218.66702981490354
5,3,30,2,diurnal,service_sigma_0.5,HC_LI,110,1457,20787507,128.15943839584898,197.73120398247065
5,3,30,2,diurnal,service_sigma_0.5,HC_LI,111,2975,20787507,154.3952118859675,211.6788386433047
5,3,30,2,diurnal,service_sigma_0.5,HC_LI,112,2550,20787507,162.79753915641305,193.05079205882097
5,3,30,2,diurnal,service_sigma_0.5,HC_LI,113,1429,20787507,176.20691035048915,216.01235938526554
5,3,30,2,diurnal,service_sigma_0.5,HC_LI,114,2832,20787507,159.60047767163624,228.52754608962456
5,3,30,2,diurnal,service_sigma_0.5,HC_LI,115,873,20787507,166.15110685209788,223.6682548980096
5,3,30,2,diurnal,service_sigma_0.5,HC_LI,116,1661,20787507,145.8857144197656,190.6849675949513
5,3,30,2,diurnal,service_sigma_0.5,HC_LI,117,2161,20787507,177.78030233311966,216.27129084771127
5,3,30,2,diurnal,service_sigma_0.5,HC_LI,118,994,20787507,151.89538730842307,156.6552045112808
5,3,30,2,diurnal,service_sigma_0.5,HC_LI,119,711,20787507,143.70232013722017,186.67645762345364
5,3,30,2,diurnal,service_sigma_0.5,HC_LI,120,1132,20787507,195.48936284984066,257.7791985266602
5,3,30,2,diurnal,service_sigma_0.5,HC_LI,121,2988,20787507,148.30648573688424,201.06881848588236
5,3,30,2,diurnal,service_sigma_0.5,HC_LI,122,2789,20787507,139.8752269015871,203.795238804615
5,3,30,2,diurnal,service_sigma_0.5,HC_LI,123,2988,20787507,148.58999199569521,194.16114137106715
5,3,30,2,diurnal,service_sigma_0.5,HC_LI,124,2829,20787507,163.24460615110615,230.04144166070105
5,3,30,2,diurnal,service_sigma_0.5,HC_LI,125,2444,20787507,170.55348133923886,186.3758476013253
5,3,30,2,diurnal,service_sigma_0.5,HC_LI,126,1031,20787507,173.5579121911931,223.0110081709887
5,3,30,2,diurnal,service_sigma_0.5,HC_LI,127,2550,20787507,164.6252587157048,200.78144663022945
5,3,30,2,diurnal,service_sigma_0.5,HC_LI,128,2634,20787507,155.16996300727223,224.2293834818738
5,3,30,2,diurnal,service_sigma_0.5,HC_LI,129,1440,20787507,183.2924756688428,223.89589729811124
5,3,30,2,diurnal,service_sigma_0.5,HC_LI,130,2045,20787507,161.81854321330417,206.4912977076127
5,3,30,2,diurnal,service_sigma_0.5,HC_LI,131,457,20787507,139.5735519406237,208.56748434125313
5,3,30,2,diurnal,service_sigma_0.5,HC_LI,132,1413,20787507,140.90104036941565,206.6984247817985
5,3,30,2,diurnal,service_sigma_0.5,HC_LI,133,2730,20787507,149.96619674069748,192.96619674069748
5,3,30,2,diurnal,service_sigma_0.5,HC_LI,134,1101,20787507,197.62076190537206,232.97883835678817
5,3,30,2,diurnal,service_sigma_0.5,HC_LI,135,1662,20787507,175.53770835068872,266.70596450538443
5,3,30,2,diurnal,service_sigma_0.5,HC_LI,136,1532,20787507,123.82714681277338,196.71348661334864
5,3,30,2,diurnal,service_sigma_0.5,HC_LI,137,2881,20787507,159.37216856086292,185.4114877616973
5,3,30,2,diurnal,service_sigma_0.5,HC_LI,138,188,20787507,158.99540144823902,199.60072202958534
5,3,30,2,diurnal,service_sigma_0.5,HC_LI,139,2471,20787507,172.3027220314473,228.3163291126353
5,3,30,2,diurnal,service_sigma_0.5,HC_LI,140,1102,20787507,158.82901517335193,222.23350980840027
5,3,30,2,diurnal,service_sigma_0.5,HC_LI,141,2232,20787507,169.0701236428319,232.33708279046385
5,3,30,2,diurnal,service_sigma_0.5,HC_LI,142,1802,20787507,176.20587282628586,195.73862545754076
5,3,30,2,diurnal,service_sigma_0.5,HC_LI,143,515,20787507,143.07588686600295,205.5735718833086
5,3,30,2,diurnal,service_sigma_0.5,HC_LI,144,2425,20787507,178.9949498460376,213.05399231836412
5,3,30,2,diurnal,service_sigma_0.5,HC_LI,145,1487,20787507,139.64086771783437,200.49351940465888
5,3,30,2,diurnal,service_sigma_0.5,HC_LI,146,415,20787507,154.56455147338164,210.29155620202235
5,3,30,2,diurnal,service_sigma_0.5,HC_LI,147,586,20787507,151.81391818847328,182.15591498257908
5,3,30,2,diurnal,service_sigma_0.5,HC_LI,148,590,20787507,158.82120493232372,201.80140654438452
5,3,30,2,diurnal,service_sigma_0.5,HC_LI,149,90,20787507,156.35052604148413,213.84720526023594
5,3,30,2,diurnal,service_sigma_0.5,HC_LI,150,1765,20787507,154.14796845076376,219.4651466637411
5,3,30,2,diurnal,service_sigma_0.5,HC_LI,151,1416,20787507,157.37127922709635,206.761904253244
5,3,30,2,diurnal,service_sigma_0.5,HC_LI,152,2599,20787507,158.2385665775153,204.6934643668483
5,3,30,2,diurnal,service_sigma_0.5,HC_LI,153,873,20787507,147.16026350713616,215.84703813821272
5,3,30,2,diurnal,service_sigma_0.5,HC_LI,154,1102,20787507,142.48679511538273,188.725246709828
5,3,30,2,diurnal,service_sigma_0.5,HC_LI,155,1108,20787507,152.03195653021587,199.9296405492622
5,3,30,2,diurnal,service_sigma_0.5,HC_LI,156,2788,20787507,193.97977054294967,217.91339508888169
5,3,30,2,diurnal,service_sigma_0.5,HC_LI,157,1710,20787507,164.64443370167118,230.59506711728145
5,3,30,2,diurnal,service_sigma_0.5,HC_LI,158,970,20787507,191.0418646388357,195.30930207995203
5,3,30,2,diurnal,service_sigma_0.5,HC_LI,159,1188,20787507,151.4753294763133,175.25536428196443
5,3,30,2,diurnal,service_sigma_0.5,HC_LI,160,2769,20787507,166.08007185235766,235.05541678384262
5,3,30,2,diurnal,service_sigma_0.5,HC_LI,161,1962,20787507,169.8150849380559,180.80113066977566
5,3,30,2,diurnal,service_sigma_0.5,HC_LI,162,340,20787507,161.51105553162793,231.05571601840964
5,3,30,2,diurnal,service_sigma_0.5,HC_LI,163,846,20787507,140.88067150337224,187.04457836905866
5,3,30,2,diurnal,service_sigma_0.5,HC_LI,164,1802,20787507,169.41006488935264,210.86353403473953
5,3,30,2,diurnal,service_sigma_0.5,HC_LI,165,1857,20787507,146.5708305036067,198.9274559255441
5,3,30,2,diurnal,service_sigma_0.5,HC_LI,166,2089,20787507,165.2429891009848,217.81704881694458
5,3,30,2,diurnal,service_sigma_0.5,HC_LI,167,2620,20787507,147.1469037189498,193.36384815025366
5,3,30,2,diurnal,service_sigma_0.5,HC_LI,168,2599,20787507,157.1645501603886,227.9804513149154
5,3,30,2,diurnal,service_sigma_0.5,HC_LI,169,2575,20787507,154.92008242092578,205.2665461816911
5,3,30,2,diurnal,service_sigma_0.5,HC_LI,170,1263,20787507,158.131014617344,172.86483242337357
5,3,30,2,diurnal,service_sigma_0.5,HC_LI,171,2350,20787507,150.5733005017904,211.0407733335643
5,3,30,2,diurnal,service_sigma_0.5,HC_LI,172,195,20787507,154.18757668904905,226.26295124774828
5,3,30,2,diurnal,service_sigma_0.5,HC_LI,173,126,20787507,168.3306438615642,247.66880001787
5,3,30,2,diurnal,service_sigma_0.5,HC_LI,174,2777,20787507,179.8308847252615,218.1442869051105
5,3,30,2,diurnal,service_sigma_0.5,HC_LI,175,2192,20787507,159.69561467225003,195.03427913045317
5,3,30,2,diurnal,service_sigma_0.5,HC_LI,176,2829,20787507,173.22008244576935,260.89735333863945
5,3,30,2,diurnal,service_sigma_0.5,HC_LI,177,2357,20787507,169.75126199281524,239.1931687623258
5,3,30,2,diurnal,service_sigma_0.5,HC_LI,178,1777,20787507,146.87342552936622,188.18393534916626
5,3,30,2,diurnal,service_sigma_0.5,HC_LI,179,2192,20787507,163.58409289262949,170.25905737077142
5,3,30,2,diurnal,service_sigma_0.5,HC_LI,180,657,20787507,149.93444342133077,185.99236520857372
5,3,30,2,diurnal,service_sigma_0.5,HC_LI,181,2403,20787507,167.53048201431665,189.49591394963824
5,3,30,2,diurnal,service_sigma_0.5,HC_LI,182,2590,20787507,183.12198254944684,270.76424685298315
5,3,30,2,diurnal,service_sigma_0.5,HC_LI,183,1103,20787507,180.71692058574513,223.49011993300985
5,3,30,2,diurnal,service_sigma_0.5,HC_LI,184,2587,20787507,154.0728522748921,183.98549693413153
5,3,30,2,diurnal,service_sigma_0.5,HC_LI,185,2545,20787507,153.335292646043,222.05130783469517
5,3,30,2,diurnal,service_sigma_0.5,HC_LI,186,983,20787507,140.92641217224096,176.18262922514234
5,3,30,2,diurnal,service_sigma_0.5,HC_LI,187,248,20787507,166.05472646752855,233.29711038170075
5,3,30,2,diurnal,service_sigma_0.5,HC_LI,188,2933,20787507,168.3717247556013,224.53237087307215
5,3,30,2,diurnal,service_sigma_0.5,HC_LI,189,1693,20787507,146.14437277740393,175.78479563311524
5,3,30,2,diurnal,service_sigma_0.5,HC_LI,190,2589,20787507,170.38990213363923,215.80264762850538
5,3,30,2,diurnal,service_sigma_0.5,HC_LI,191,969,20787507,154.6024519358195,188.33683352282782
5,3,30,2,diurnal,service_sigma_0.5,HC_LI,192,590,20787507,162.33606008766168,225.88195737639973
5,3,30,2,diurnal,service_sigma_0.5,HC_LI,193,739,20787507,182.6776518858338,231.49747432085192
5,3,30,2,diurnal,service_sigma_0.5,HC_LI,194,2525,20787507,164.70160906534215,247.47922069069557
5,3,30,2,diurnal,service_sigma_0.5,HC_LI,195,2924,20787507,181.85033786727084,235.2360838125077
5,3,30,2,diurnal,service_sigma_0.5,HC_LI,196,405,20787507,143.38485884662273,201.65247854624639
5,3,30,2,diurnal,service_sigma_0.5,HC_LI,197,2589,20787507,172.17103219898698,223.14267041906584
5,3,30,2,diurnal,service_sigma_0.5,HC_LI,198,1595,20787507,180.01512541580675,216.81956213411533
5,3,30,2,diurnal,service_sigma_0.5,HC_LI,199,553,20787507,168.09465827990476,219.65869213481974
5,3,30,2,diurnal,service_sigma_0.5,LC_HI,0,2440,20787507,120.43822693236093,195.0795554454957
5,3,30,2,diurnal,service_sigma_0.5,LC_HI,1,289,20787507,157.70502290014986,189.75008532191993
5,3,30,2,diurnal,service_sigma_0.5,LC_HI,2,714,20787507,143.98174082775304,209.36477414165947
5,3,30,2,diurnal,service_sigma_0.5,LC_HI,3,2075,20787507,172.71634609759053,233.7110937858756
5,3,30,2,diurnal,service_sigma_0.5,LC_HI,4,445,20787507,124.5101197692993,194.30668726109255
5,3,30,2,diurnal,service_sigma_0.5,LC_HI,5,2562,20787507,154.60499441186923,202.1833946948739
5,3,30,2,diurnal,service_sigma_0.5,LC_HI,6,2305,20787507,169.26886074834968,218.27392541459287
5,3,30,2,diurnal,service_sigma_0.5,LC_HI,7,980,20787507,146.3959845302754,174.36864148911692
5,3,30,2,diurnal,service_sigma_0.5,LC_HI,8,2321,20787507,149.29691009425503,182.30818678243574
5,3,30,2,diurnal,service_sigma_0.5,LC_HI,9,336,20787507,135.7823558122782,195.88033972681282
5,3,30,2,diurnal,service_sigma_0.5,LC_HI,10,2684,20787507,186.06841689975056,220.97461249896375
5,3,30,2,diurnal,service_sigma_0.5,LC_HI,11,1518,20787507,163.48058576033213,242.7518674276901
5,3,30,2,diurnal,service_sigma_0.5,LC_HI,12,2081,20787507,172.79256226114367,224.01947861295508
5,3,30,2,diurnal,service_sigma_0.5,LC_HI,13,1328,20787507,158.8310155566494,202.46556969135986
5,3,30,2,diurnal,service_sigma_0.5,LC_HI,14,1228,20787507,154.8050292843899,201.40898590684787
5,3,30,2,diurnal,service_sigma_0.5,LC_HI,15,1703,20787507,178.21930690869524,230.56687433867165
5,3,30,2,diurnal,service_sigma_0.5,LC_HI,16,2890,20787507,144.10195164268575,215.4189285385168
5,3,30,2,diurnal,service_sigma_0.5,LC_HI,17,2392,20787507,159.70158603324396,211.92437400144757
5,3,30,2,diurnal,service_sigma_0.5,LC_HI,18,1411,20787507,141.5955753464231,178.20152218476656
5,3,30,2,diurnal,service_sigma_0.5,LC_HI,19,2666,20787507,170.78489222885764,219.5500241635114
5,3,30,2,diurnal,service_sigma_0.5,LC_HI,20,1321,20787507,173.9090011508606,193.6390941290316
5,3,30,2,diurnal,service_sigma_0.5,LC_HI,21,709,20787507,155.69110893187232,168.72951769563144
5,3,30,2,diurnal,service_sigma_0.5,LC_HI,22,2541,20787507,158.20329796732284,197.67189032333084
5,3,30,2,diurnal,service_sigma_0.5,LC_HI,23,2238,20787507,179.82787523713665,221.34932266822733
5,3,30,2,diurnal,service_sigma_0.5,LC_HI,24,296,20787507,132.83896658381497,161.50345765537156
5,3,30,2,diurnal,service_sigma_0.5,LC_HI,25,1127,20787507,186.85859563240152,244.45819833950924
5,3,30,2,diurnal,service_sigma_0.5,LC_HI,26,1639,20787507,163.7203006968478,238.16467924279044
5,3,30,2,diurnal,service_sigma_0.5,LC_HI,27,2262,20787507,161.63485045638055,203.64466935122715
5,3,30,2,diurnal,service_sigma_0.5,LC_HI,28,2047,20787507,172.42314785540486,211.82549234667556
5,3,30,2,diurnal,service_sigma_0.5,LC_HI,29,691,20787507,127.71657974827865,140.00208994748183
5,3,30,2,diurnal,service_sigma_0.5,LC_HI,30,136,20787507,148.05799574411063,220.5575149170143
5,3,30,2,diurnal,service_sigma_0.5,LC_HI,31,1845,20787507,167.12667068740316,243.99879089047147
5,3,30,2,diurnal,service_sigma_0.5,LC_HI,32,819,20787507,149.82033607351255,194.30384490117532
5,3,30,2,diurnal,service_sigma_0.5,LC_HI,33,925,20787507,167.37543173288321,243.20402585141468
5,3,30,2,diurnal,service_sigma_0.5,LC_HI,34,274,20787507,146.6580223826626,192.22553015277077
5,3,30,2,diurnal,service_sigma_0.5,LC_HI,35,598,20787507,153.74428670870577,152.88455271790554
5,3,30,2,diurnal,service_sigma_0.5,LC_HI,36,1319,20787507,146.39118370282327,184.81304650800308
5,3,30,2,diurnal,service_sigma_0.5,LC_HI,37,734,20787507,174.80343831681796,221.7352870803943
5,3,30,2,diurnal,service_sigma_0.5,LC_HI,38,289,20787507,157.5915336258517,204.1590130813596
5,3,30,2,diurnal,service_sigma_0.5,LC_HI,39,142,20787507,179.4460733089119,247.47099573413973
5,3,30,2,diurnal,service_sigma_0.5,LC_HI,40,216,20787507,164.22662618450929,224.30966241638745
5,3,30,2,diurnal,service_sigma_0.5,LC_HI,41,2875,20787507,162.6362997032329,214.74429874755043
5,3,30,2,diurnal,service_sigma_0.5,LC_HI,42,1011,20787507,151.8712814743141,203.95648507506112
5,3,30,2,diurnal,service_sigma_0.5,LC_HI,43,2786,20787507,163.7118033816402,202.91479255678723
5,3,30,2,diurnal,service_sigma_0.5,LC_HI,44,2770,20787507,193.41995865599017,238.86030432702546
5,3,30,2,diurnal,service_sigma_0.5,LC_HI,45,2321,20787507,149.95417294386007,183.1902427242815
5,3,30,2,diurnal,service_sigma_0.5,LC_HI,46,807,20787507,144.3331939960287,175.8275330445946
5,3,30,2,diurnal,service_sigma_0.5,LC_HI,47,1622,20787507,129.78636662057548,189.80750529219515
5,3,30,2,diurnal,service_sigma_0.5,LC_HI,48,1582,20787507,172.04227878054556,225.4336206273785
5,3,30,2,diurnal,service_sigma_0.5,LC_HI,49,2407,20787507,155.95880730282153,209.26635750748238
5,3,30,2,diurnal,service_sigma_0.5,LC_HI,50,372,20787507,170.11958094708666,214.8093273426462
5,3,30,2,diurnal,service_sigma_0.5,LC_HI,51,2315,20787507,147.2584224515311,199.4746793828282
5,3,30,2,diurnal,service_sigma_0.5,LC_HI,52,1975,20787507,175.08782635505824,213.41528138548438
5,3,30,2,diurnal,service_sigma_0.5,LC_HI,53,455,20787507,186.02197754910418,268.4280122041441
5,3,30,2,diurnal,service_sigma_0.5,LC_HI,54,2073,20787507,172.42249903211294,224.91424302043404
5,3,30,2,diurnal,service_sigma_0.5,LC_HI,55,2528,20787507,135.95252408951043,178.73919735626356
5,3,30,2,diurnal,service_sigma_0.5,LC_HI,56,1573,20787507,150.49099086280538,196.0618451965603
5,3,30,2,diurnal,service_sigma_0.5,LC_HI,57,1718,20787507,165.42286113412806,223.8385937174625
5,3,30,2,diurnal,service_sigma_0.5,LC_HI,58,768,20787507,176.8714577002,261.6085338104704
5,3,30,2,diurnal,service_sigma_0.5,LC_HI,59,2986,20787507,149.13957210364023,214.0712857163544
5,3,30,2,diurnal,service_sigma_0.5,LC_HI,60,734,20787507,167.61422515988437,213.01236473025224
5,3,30,2,diurnal,service_sigma_0.5,LC_HI,61,554,20787507,172.0083442022624,243.64550882839947
5,3,30,2,diurnal,service_sigma_0.5,LC_HI,62,2774,20787507,173.55136849122752,233.7937209235699
5,3,30,2,diurnal,service_sigma_0.5,LC_HI,63,1324,20787507,159.37841102279972,201.49380291588537
5,3,30,2,diurnal,service_sigma_0.5,LC_HI,64,2875,20787507,154.61516487325017,216.86185402523418
5,3,30,2,diurnal,service_sigma_0.5,LC_HI,65,1658,20787507,167.46986841090558,223.8424375594951
5,3,30,2,diurnal,service_sigma_0.5,LC_HI,66,2106,20787507,141.5290660679493,206.1862690845194
5,3,30,2,diurnal,service_sigma_0.5,LC_HI,67,403,20787507,181.48154654002954,270.36650932737007
5,3,30,2,diurnal,service_sigma_0.5,LC_HI,68,2541,20787507,155.56762039494564,194.74909039187713
5,3,30,2,diurnal,service_sigma_0.5,LC_HI,69,1664,20787507,154.57912713582664,248.12409862571286
5,3,30,2,diurnal,service_sigma_0.5,LC_HI,70,229,20787507,166.24241279009192,174.12562778543864
5,3,30,2,diurnal,service_sigma_0.5,LC_HI,71,2905,20787507,153.53856256505304,176.19438457660914
5,3,30,2,diurnal,service_sigma_0.5,LC_HI,72,2440,20787507,121.56694344815563,197.56694344815563
5,3,30,2,diurnal,service_sigma_0.5,LC_HI,73,216,20787507,164.27220983626017,216.4116337395118
5,3,30,2,diurnal,service_sigma_0.5,LC_HI,74,2094,20787507,164.35467194415014,230.0092193410859
5,3,30,2,diurnal,service_sigma_0.5,LC_HI,75,2890,20787507,144.8995916732979,211.63439151417055
5,3,30,2,diurnal,service_sigma_0.5,LC_HI,76,436,20787507,177.5606038927796,238.98222098359852
5,3,30,2,diurnal,service_sigma_0.5,LC_HI,77,2262,20787507,158.21573024992205,184.15876503233034
5,3,30,2,diurnal,service_sigma_0.5,LC_HI,78,1540,20787507,150.46235499568735,187.69985953349905
5,3,30,2,diurnal,service_sigma_0.5,LC_HI,79,615,20787507,151.15552820569238,193.5091128032778
5,3,30,2,diurnal,service_sigma_0.5,LC_HI,80,136,20787507,154.27228815979004,225.12886168319008
5,3,30,2,diurnal,service_sigma_0.5,LC_HI,81,271,20787507,179.89773301656334,210.6021927909371
5,3,30,2,diurnal,service_sigma_0.5,LC_HI,82,1529,20787507,126.15541678185166,151.0916722830593
5,3,30,2,diurnal,service_sigma_0.5,LC_HI,83,768,20787507,170.56588253315948,236.89268017142783
5,3,30,2,diurnal,service_sigma_0.5,LC_HI,84,1955,20787507,143.13349537128508,200.71690533598357
5,3,30,2,diurnal,service_sigma_0.5,LC_HI,85,2307,20787507,146.7861360727487,226.00971720697666
5,3,30,2,diurnal,service_sigma_0.5,LC_HI,86,38,20787507,177.6007567621821,224.85578702799287
5,3,30,2,diurnal,service_sigma_0.5,LC_HI,87,356,20787507,164.66716293813704,191.42907819369316
5,3,30,2,diurnal,service_sigma_0.5,LC_HI,88,1681,20787507,219.83223603649827,274.00055215969394
5,3,30,2,diurnal,service_sigma_0.5,LC_HI,89,1811,20787507,143.51681676295468,174.9306396183413
5,3,30,2,diurnal,service_sigma_0.5,LC_HI,90,1552,20787507,193.9749115809027,237.59307420277122
5,3,30,2,diurnal,service_sigma_0.5,LC_HI,91,1582,20787507,167.99755832874754,203.46360914130395
5,3,30,2,diurnal,service_sigma_0.5,LC_HI,92,430,20787507,121.71871960163378,162.54923750041687
5,3,30,2,diurnal,service_sigma_0.5,LC_HI,93,206,20787507,158.57780949980497,217.82890236408667
5,3,30,2,diurnal,service_sigma_0.5,LC_HI,94,2441,20787507,134.99925483734268,162.99925483734265
5,3,30,2,diurnal,service_sigma_0.5,LC_HI,95,2024,20787507,129.97716125015805,185.9517627116847
5,3,30,2,diurnal,service_sigma_0.5,LC_HI,96,2899,20787507,155.83914283739128,196.16971986132555
5,3,30,2,diurnal,service_sigma_0.5,LC_HI,97,432,20787507,178.84114757456615,206.16663437002273
5,3,30,2,diurnal,service_sigma_0.5,LC_HI,98,2749,20787507,129.89075369735036,183.56808356777532
5,3,30,2,diurnal,service_sigma_0.5,LC_HI,99,1482,20787507,154.6498549064741,245.90799549182955
5,3,30,2,diurnal,service_sigma_0.5,LC_HI,100,403,20787507,172.96853135799552,244.41489600454224
5,3,30,2,diurnal,service_sigma_0.5,LC_HI,101,795,20787507,211.1818242040256,329.81438189984783
5,3,30,2,diurnal,service_sigma_0.5,LC_HI,102,2075,20787507,164.81726482128903,218.35863590283395
5,3,30,2,diurnal,service_sigma_0.5,LC_HI,103,1127,20787507,185.68929915773117,226.1394197966474
5,3,30,2,diurnal,service_sigma_0.5,LC_HI,104,2503,20787507,205.68008824549526,276.42979457324975
5,3,30,2,diurnal,service_sigma_0.5,LC_HI,105,631,20787507,173.8250278697085,200.4581689343303
5,3,30,2,diurnal,service_sigma_0.5,LC_HI,106,2094,20787507,165.46563316656528,231.28142868231296
5,3,30,2,diurnal,service_sigma_0.5,LC_HI,107,1474,20787507,139.45507825872502,181.99400566663292
5,3,30,2,diurnal,service_sigma_0.5,LC_HI,108,2392,20787507,177.6724595837147,220.214001259035
5,3,30,2,diurnal,service_sigma_0.5,LC_HI,109,2565,20787507,130.0707392480082,146.1290765103311
5,3,30,2,diurnal,service_sigma_0.5,LC_HI,110,917,20787507,154.75166208428948,199.48039834265256
5,3,30,2,diurnal,service_sigma_0.5,LC_HI,111,1571,20787507,154.06140169646767,210.47992204639385
5,3,30,2,diurnal,service_sigma_0.5,LC_HI,112,445,20787507,123.83337712781932,192.10373577623528
5,3,30,2,diurnal,service_sigma_0.5,LC_HI,113,647,20787507,161.88940563709374,214.76390660016196
5,3,30,2,diurnal,service_sigma_0.5,LC_HI,114,709,20787507,154.54161367225947,167.6017318903376
5,3,30,2,diurnal,service_sigma_0.5,LC_HI,115,1878,20787507,208.52830276099618,284.8891164299598
5,3,30,2,diurnal,service_sigma_0.5,LC_HI,116,874,20787507,178.89518891093357,255.50491455583838
5,3,30,2,diurnal,service_sigma_0.5,LC_HI,117,255,20787507,147.5765201546607,189.65219308289127
5,3,30,2,diurnal,service_sigma_0.5,LC_HI,118,323,20787507,166.16271466144423,239.86908569234632
5,3,30,2,diurnal,service_sigma_0.5,LC_HI,119,2441,20787507,138.46719050434606,159.37909785656456
5,3,30,2,diurnal,service_sigma_0.5,LC_HI,120,2309,20787507,128.79958867329358,149.25642059505898
5,3,30,2,diurnal,service_sigma_0.5,LC_HI,121,1829,20787507,156.34576874682358,195.69369914376702
5,3,30,2,diurnal,service_sigma_0.5,LC_HI,122,255,20787507,145.71804556241668,186.83018867667698
5,3,30,2,diurnal,service_sigma_0.5,LC_HI,123,1982,20787507,229.17516234962028,274.63775632530445
5,3,30,2,diurnal,service_sigma_0.5,LC_HI,124,1811,20787507,147.5063547106911,178.5848626675066
5,3,30,2,diurnal,service_sigma_0.5,LC_HI,125,51,20787507,171.87946122964362,223.707846916832
5,3,30,2,diurnal,service_sigma_0.5,LC_HI,126,619,20787507,151.41613155747302,198.48980404544386
5,3,30,2,diurnal,service_sigma_0.5,LC_HI,127,2409,20787507,151.1465838907805,216.9178654617157
5,3,30,2,diurnal,service_sigma_0.5,LC_HI,128,1326,20787507,164.16219069580185,189.5800775674715
5,3,30,2,diurnal,service_sigma_0.5,LC_HI,129,2770,20787507,187.72886528864043,236.2292727129095
5,3,30,2,diurnal,service_sigma_0.5,LC_HI,130,647,20787507,173.63190031747837,220.673891569253
5,3,30,2,diurnal,service_sigma_0.5,LC_HI,131,2244,20787507,150.49277075926713,213.13109470620367
5,3,30,2,diurnal,service_sigma_0.5,LC_HI,132,51,20787507,157.89176929427515,230.4489770014691
5,3,30,2,diurnal,service_sigma_0.5,LC_HI,133,1739,20787507,155.2574418311887,208.59612136941965
5,3,30,2,diurnal,service_sigma_0.5,LC_HI,134,2597,20787507,153.45234424855505,191.59223688779286
5,3,30,2,diurnal,service_sigma_0.5,LC_HI,135,2909,20787507,163.90337405688925,228.34277904983466
5,3,30,2,diurnal,service_sigma_0.5,LC_HI,136,807,20787507,133.49692212803075,164.73280411225048
5,3,30,2,diurnal,service_sigma_0.5,LC_HI,137,255,20787507,147.7539526431579,174.48494775619582
5,3,30,2,diurnal,service_sigma_0.5,LC_HI,138,473,20787507,166.1198888029647,237.38186898890078
5,3,30,2,diurnal,service_sigma_0.5,LC_HI,139,2887,20787507,181.14959710133115,275.429574372396
5,3,30,2,diurnal,service_sigma_0.5,LC_HI,140,2503,20787507,211.81088173499705,272.1911333864088
5,3,30,2,diurnal,service_sigma_0.5,LC_HI,141,2684,20787507,178.8257880495528,212.902007079624
5,3,30,2,diurnal,service_sigma_0.5,LC_HI,142,455,20787507,174.68854019956493,251.72181738234542
5,3,30,2,diurnal,service_sigma_0.5,LC_HI,143,2442,20787507,184.29357625065614,239.76355345302144
5,3,30,2,diurnal,service_sigma_0.5,LC_HI,144,2597,20787507,160.2922327523651,215.2686737026699
5,3,30,2,diurnal,service_sigma_0.5,LC_HI,145,2986,20787507,151.2496032837774,220.2067565688919
5,3,30,2,diurnal,service_sigma_0.5,LC_HI,146,1540,20787507,142.578840699424,189.34226782511678
5,3,30,2,diurnal,service_sigma_0.5,LC_HI,147,1599,20787507,164.05347300515842,201.26033808281898
5,3,30,2,diurnal,service_sigma_0.5,LC_HI,148,958,20787507,169.19247293678154,196.64841068440018
5,3,30,2,diurnal,service_sigma_0.5,LC_HI,149,585,20787507,133.99215773525827,194.72476180967595
5,3,30,2,diurnal,service_sigma_0.5,LC_HI,150,2913,20787507,139.0204845594708,176.92083921240058
5,3,30,2,diurnal,service_sigma_0.5,LC_HI,151,1664,20787507,161.81024752998,257.92910050058686
5,3,30,2,diurnal,service_sigma_0.5,LC_HI,152,1426,20787507,140.04370062247926,174.80225354735333
5,3,30,2,diurnal,service_sigma_0.5,LC_HI,153,496,20787507,166.14472817465543,199.31996399109158
5,3,30,2,diurnal,service_sigma_0.5,LC_HI,154,2460,20787507,123.37216267196261,134.64244752920536
5,3,30,2,diurnal,service_sigma_0.5,LC_HI,155,654,20787507,168.7744318907011,203.58639857998818
5,3,30,2,diurnal,service_sigma_0.5,LC_HI,156,456,20787507,181.89175217651655,256.29644630875424
5,3,30,2,diurnal,service_sigma_0.5,LC_HI,157,2044,20787507,168.96752373628019,252.4535630628279
5,3,30,2,diurnal,service_sigma_0.5,LC_HI,158,2262,20787507,170.0077414775991,196.91059919057875
5,3,30,2,diurnal,service_sigma_0.5,LC_HI,159,44,20787507,137.9153340637571,159.24970862663045
5,3,30,2,diurnal,service_sigma_0.5,LC_HI,160,445,20787507,124.68015623392694,195.51342448147994
5,3,30,2,diurnal,service_sigma_0.5,LC_HI,161,2653,20787507,143.16440921180163,177.19706026941958
5,3,30,2,diurnal,service_sigma_0.5,LC_HI,162,898,20787507,158.27726989562626,218.13293837516707
5,3,30,2,diurnal,service_sigma_0.5,LC_HI,163,2238,20787507,163.26098949209052,202.21124804565665
5,3,30,2,diurnal,service_sigma_0.5,LC_HI,164,1681,20787507,218.75713125914,273.6014802156314
5,3,30,2,diurnal,service_sigma_0.5,LC_HI,165,1426,20787507,129.95214338829754,164.90008879323284
5,3,30,2,diurnal,service_sigma_0.5,LC_HI,166,311,20787507,146.27098774046212,199.83330252616204
5,3,30,2,diurnal,service_sigma_0.5,LC_HI,167,2013,20787507,170.785431403842,234.66114133518244
5,3,30,2,diurnal,service_sigma_0.5,LC_HI,168,1228,20787507,155.6040597119215,208.9149931985776
5,3,30,2,diurnal,service_sigma_0.5,LC_HI,169,709,20787507,155.99284203955958,177.15819617152155
5,3,30,2,diurnal,service_sigma_0.5,LC_HI,170,2106,20787507,133.72405398300464,195.9869093119695
5,3,30,2,diurnal,service_sigma_0.5,LC_HI,171,1120,20787507,148.98125334406285,177.5872715268358
5,3,30,2,diurnal,service_sigma_0.5,LC_HI,172,917,20787507,162.79830477169628,205.88456020878579
5,3,30,2,diurnal,service_sigma_0.5,LC_HI,173,489,20787507,127.98173016194797,156.3416417512976
5,3,30,2,diurnal,service_sigma_0.5,LC_HI,174,898,20787507,156.15850278242752,193.42881774682252
5,3,30,2,diurnal,service_sigma_0.5,LC_HI,175,2061,20787507,216.94210260939664,252.3151358459759
5,3,30,2,diurnal,service_sigma_0.5,LC_HI,176,496,20787507,174.01124581928923,213.35557983646308
5,3,30,2,diurnal,service_sigma_0.5,LC_HI,177,826,20787507,160.23554325985307,186.51761452195578
5,3,30,2,diurnal,service_sigma_0.5,LC_HI,178,2305,20787507,165.43282261967886,233.18858684683164
5,3,30,2,diurnal,service_sigma_0.5,LC_HI,179,1925,20787507,143.46309922587847,186.96727820999652
5,3,30,2,diurnal,service_sigma_0.5,LC_HI,180,191,20787507,143.79685273952103,238.28830947203812
5,3,30,2,diurnal,service_sigma_0.5,LC_HI,181,1492,20787507,137.825536873832,171.01238362526715
5,3,30,2,diurnal,service_sigma_0.5,LC_HI,182,2158,20787507,136.43045433197955,176.69234444248343
5,3,30,2,diurnal,service_sigma_0.5,LC_HI,183,2950,20787507,178.09358508058148,235.4960369612802
5,3,30,2,diurnal,service_sigma_0.5,LC_HI,184,1540,20787507,136.41515390007456,187.08345918350133
5,3,30,2,diurnal,service_sigma_0.5,LC_HI,185,2770,20787507,191.18474552953927,235.3074024353253
5,3,30,2,diurnal,service_sigma_0.5,LC_HI,186,2562,20787507,147.59039733764396,172.32884822887576
5,3,30,2,diurnal,service_sigma_0.5,LC_HI,187,1639,20787507,161.2614413580947,238.57444863573232
5,3,30,2,diurnal,service_sigma_0.5,LC_HI,188,2781,20787507,177.0182523693248,248.6866077962363
5,3,30,2,diurnal,service_sigma_0.5,LC_HI,189,805,20787507,153.28321227426144,209.44163540661418
5,3,30,2,diurnal,service_sigma_0.5,LC_HI,190,508,20787507,154.75043596746661,180.59734430305934
5,3,30,2,diurnal,service_sigma_0.5,LC_HI,191,1618,20787507,129.15487076585333,192.6196770362638
5,3,30,2,diurnal,service_sigma_0.5,LC_HI,192,2392,20787507,172.13270514729504,213.84711277875863
5,3,30,2,diurnal,service_sigma_0.5,LC_HI,193,2266,20787507,154.64944216096941,185.84272869187538
5,3,30,2,diurnal,service_sigma_0.5,LC_HI,194,809,20787507,179.1079087517845,252.33473691781677
5,3,30,2,diurnal,service_sigma_0.5,LC_HI,195,2321,20787507,144.31882298174833,170.16273385938803
5,3,30,2,diurnal,service_sigma_0.5,LC_HI,196,2887,20787507,179.9554837079873,253.87983556475115
5,3,30,2,diurnal,service_sigma_0.5,LC_HI,197,2749,20787507,139.7988762076092,187.57693290601088
5,3,30,2,diurnal,service_sigma_0.5,LC_HI,198,2258,20787507,141.52234637427284,170.52234637427284
5,3,30,2,diurnal,service_sigma_0.5,LC_HI,199,2984,20787507,134.01561575381203,166.88026145516682
5,3,30,2,diurnal,service_sigma_0.5,LC_LI,0,1019,20787507,160.76954684634353,196.4108753594783
5,3,30,2,diurnal,service_sigma_0.5,LC_LI,1,2263,20787507,158.51000772326935,186.64044605767876
5,3,30,2,diurnal,service_sigma_0.5,LC_LI,2,907,20787507,119.39591925267649,150.29316576607013
5,3,30,2,diurnal,service_sigma_0.5,LC_LI,3,2071,20787507,172.1973517806063,256.1035582487305
5,3,30,2,diurnal,service_sigma_0.5,LC_LI,4,1596,20787507,171.73866486411563,244.62574866035996
5,3,30,2,diurnal,service_sigma_0.5,LC_LI,5,349,20787507,180.70192921329453,232.5062168732087
5,3,30,2,diurnal,service_sigma_0.5,LC_LI,6,1165,20787507,171.51135116818412,242.78708479731185
5,3,30,2,diurnal,service_sigma_0.5,LC_LI,7,1665,20787507,183.6714927906453,243.92371330118303
5,3,30,2,diurnal,service_sigma_0.5,LC_LI,8,2896,20787507,126.76282094075691,151.82473148950356
5,3,30,2,diurnal,service_sigma_0.5,LC_LI,9,2308,20787507,165.16635546174447,232.47947517826452
5,3,30,2,diurnal,service_sigma_0.5,LC_LI,10,1165,20787507,184.9944937919621,245.76208562887587
5,3,30,2,diurnal,service_sigma_0.5,LC_LI,11,694,20787507,153.83323233595786,199.07424466995025
5,3,30,2,diurnal,service_sigma_0.5,LC_LI,12,1932,20787507,206.92259178590152,260.1251785793014
5,3,30,2,diurnal,service_sigma_0.5,LC_LI,13,558,20787507,145.1088476912125,191.86121288906196
5,3,30,2,diurnal,service_sigma_0.5,LC_LI,14,2191,20787507,164.02203250855945,240.22027128358457
5,3,30,2,diurnal,service_sigma_0.5,LC_LI,15,1150,20787507,145.7121950598559,210.06701694744854
5,3,30,2,diurnal,service_sigma_0.5,LC_LI,16,1764,20787507,146.25179381433713,161.26457274864256
5,3,30,2,diurnal,service_sigma_0.5,LC_LI,17,45,20787507,176.87578493882484,229.1781153694026
5,3,30,2,diurnal,service_sigma_0.5,LC_LI,18,373,20787507,152.63173127765916,162.27555812707905
5,3,30,2,diurnal,service_sigma_0.5,LC_LI,19,2231,20787507,183.3032270793783,257.6685589299304
5,3,30,2,diurnal,service_sigma_0.5,LC_LI,20,1055,20787507,195.74619798462007,303.8471332010956
5,3,30,2,diurnal,service_sigma_0.5,LC_LI,21,907,20787507,117.72620479691166,154.62383915383066
5,3,30,2,diurnal,service_sigma_0.5,LC_LI,22,2852,20787507,165.3267055750941,198.7384584651602
5,3,30,2,diurnal,service_sigma_0.5,LC_LI,23,1447,20787507,200.37212446578536,228.41180882267156
5,3,30,2,diurnal,service_sigma_0.5,LC_LI,24,2118,20787507,177.49942674827082,255.67830925744477
5,3,30,2,diurnal,service_sigma_0.5,LC_LI,25,831,20787507,181.94983743881443,200.29821373564738
5,3,30,2,diurnal,service_sigma_0.5,LC_LI,26,2209,20787507,146.97672135307087,196.39641575261157
5,3,30,2,diurnal,service_sigma_0.5,LC_LI,27,2026,20787507,181.22090187095347,222.34460609542577
5,3,30,2,diurnal,service_sigma_0.5,LC_LI,28,2109,20787507,159.94277766198388,178.16975944617454
5,3,30,2,diurnal,service_sigma_0.5,LC_LI,29,610,20787507,168.6940968905855,199.36118376164643
5,3,30,2,diurnal,service_sigma_0.5,LC_LI,30,1081,20787507,170.6395710432288,202.68635145290617
5,3,30,2,diurnal,service_sigma_0.5,LC_LI,31,610,20787507,190.77758252449874,201.3760354702574
5,3,30,2,diurnal,service_sigma_0.5,LC_LI,32,1721,20787507,189.9880039115893,280.55403095874357
5,3,30,2,diurnal,service_sigma_0.5,LC_LI,33,118,20787507,165.2363406308883,197.6989715130102
5,3,30,2,diurnal,service_sigma_0.5,LC_LI,34,2994,20787507,156.20362313291542,195.06809536029002
5,3,30,2,diurnal,service_sigma_0.5,LC_LI,35,290,20787507,146.6520511711738,186.89325013149067
5,3,30,2,diurnal,service_sigma_0.5,LC_LI,36,1869,20787507,179.38442447043397,241.73442917012216
5,3,30,2,diurnal,service_sigma_0.5,LC_LI,37,2593,20787507,167.16001256341946,200.726228627694
5,3,30,2,diurnal,service_sigma_0.5,LC_LI,38,1682,20787507,168.18831331670347,229.43729383350055
5,3,30,2,diurnal,service_sigma_0.5,LC_LI,39,708,20787507,145.10318765888655,215.82769514893639
5,3,30,2,diurnal,service_sigma_0.5,LC_LI,40,1985,20787507,174.71764579049196,247.76308396452646
5,3,30,2,diurnal,service_sigma_0.5,LC_LI,41,1519,20787507,169.7915314730072,230.9703577343213
5,3,30,2,diurnal,service_sigma_0.5,LC_LI,42,1183,20787507,128.82078101875354,162.811759243578
5,3,30,2,diurnal,service_sigma_0.5,LC_LI,43,697,20787507,169.77882573462,218.23115183155832
5,3,30,2,diurnal,service_sigma_0.5,LC_LI,44,124,20787507,152.29916225902738,210.8171772802435
5,3,30,2,diurnal,service_sigma_0.5,LC_LI,45,1554,20787507,172.31114338763544,243.08565291010822
5,3,30,2,diurnal,service_sigma_0.5,LC_LI,46,1390,20787507,167.47800963190974,247.56967561166508
5,3,30,2,diurnal,service_sigma_0.5,LC_LI,47,2711,20787507,143.05040584199875,184.20576472264648
5,3,30,2,diurnal,service_sigma_0.5,LC_LI,48,46,20787507,159.22765368716117,236.9222915305339
5,3,30,2,diurnal,service_sigma_0.5,LC_LI,49,1339,20787507,165.7064592741839,209.31032723521128
5,3,30,2,diurnal,service_sigma_0.5,LC_LI,50,306,20787507,144.89918981404932,199.4502076320783
5,3,30,2,diurnal,service_sigma_0.5,LC_LI,51,704,20787507,176.12986110135012,192.12023727809154
5,3,30,2,diurnal,service_sigma_0.5,LC_LI,52,1081,20787507,178.59231741646414,196.79653188815456
5,3,30,2,diurnal,service_sigma_0.5,LC_LI,53,2895,20787507,183.31474369202644,226.50390530587416
5,3,30,2,diurnal,service_sigma_0.5,LC_LI,54,349,20787507,180.81317754082272,232.20731865490674
5,3,30,2,diurnal,service_sigma_0.5,LC_LI,55,599,20787507,143.54628457145648,211.35899651748468
5,3,30,2,diurnal,service_sigma_0.5,LC_LI,56,364,20787507,168.50589376349123,214.3022402816123
5,3,30,2,diurnal,service_sigma_0.5,LC_LI,57,537,20787507,187.84933064421605,228.63165064380297
5,3,30,2,diurnal,service_sigma_0.5,LC_LI,58,2711,20787507,134.16941286704036,159.64802865776767
5,3,30,2,diurnal,service_sigma_0.5,LC_LI,59,1150,20787507,141.18239519732455,201.85022964437144
5,3,30,2,diurnal,service_sigma_0.5,LC_LI,60,2351,20787507,184.45050538851825,260.26356096934904
5,3,30,2,diurnal,service_sigma_0.5,LC_LI,61,2691,20787507,166.88248852105625,248.18078395261037
5,3,30,2,diurnal,service_sigma_0.5,LC_LI,62,713,20787507,150.22596054614198,195.2631220178844
5,3,30,2,diurnal,service_sigma_0.5,LC_LI,63,2420,20787507,167.2679676521555,202.7394406302718
5,3,30,2,diurnal,service_sigma_0.5,LC_LI,64,306,20787507,150.35134102446403,196.60185932135266
5,3,30,2,diurnal,service_sigma_0.5,LC_LI,65,907,20787507,120.54711374936906,156.44436026276273
5,3,30,2,diurnal,service_sigma_0.5,LC_LI,66,1916,20787507,184.76587269010088,231.53063734991161
5,3,30,2,diurnal,service_sigma_0.5,LC_LI,67,2308,20787507,164.9440691271508,199.66453310586354
5,3,30,2,diurnal,service_sigma_0.5,LC_LI,68,1764,20787507,150.28389893684735,164.67184740500875
5,3,30,2,diurnal,service_sigma_0.5,LC_LI,69,822,20787507,162.0780701606481,210.3995189896707
5,3,30,2,diurnal,service_sigma_0.5,LC_LI,70,2361,20787507,172.34835514982925,240.24329039659688
5,3,30,2,diurnal,service_sigma_0.5,LC_LI,71,2361,20787507,193.8105389551772,282.2778431513322
5,3,30,2,diurnal,service_sigma_0.5,LC_LI,72,254,20787507,162.6137130853665,225.20688791156078
5,3,30,2,diurnal,service_sigma_0.5,LC_LI,73,2717,20787507,177.62556112573364,231.11910208572863
5,3,30,2,diurnal,service_sigma_0.5,LC_LI,74,392,20787507,168.08335550979862,259.50443349966434
5,3,30,2,diurnal,service_sigma_0.5,LC_LI,75,1834,20787507,160.433503850492,187.47186668958219
5,3,30,2,diurnal,service_sigma_0.5,LC_LI,76,2677,20787507,164.6886859615411,229.07454142150226
5,3,30,2,diurnal,service_sigma_0.5,LC_LI,77,308,20787507,166.7325780829781,253.11350113251893
5,3,30,2,diurnal,service_sigma_0.5,LC_LI,78,2577,20787507,176.4692106584401,226.35419759854
5,3,30,2,diurnal,service_sigma_0.5,LC_LI,79,2287,20787507,157.41411053461752,214.45398445426926
5,3,30,2,diurnal,service_sigma_0.5,LC_LI,80,118,20787507,168.35599597864748,204.90307999935814
5,3,30,2,diurnal,service_sigma_0.5,LC_LI,81,467,20787507,167.2418006781824,186.23684950122052
5,3,30,2,diurnal,service_sigma_0.5,LC_LI,82,2263,20787507,162.1782138158476,176.71541624562525
5,3,30,2,diurnal,service_sigma_0.5,LC_LI,83,2586,20787507,160.7028501463736,220.6420936224084
5,3,30,2,diurnal,service_sigma_0.5,LC_LI,84,138,20787507,151.01686283575174,188.2346655299661
5,3,30,2,diurnal,service_sigma_0.5,LC_LI,85,2031,20787507,158.39251252641102,213.57395855225687
5,3,30,2,diurnal,service_sigma_0.5,LC_LI,86,2109,20787507,156.54251470657886,182.80987814097807
5,3,30,2,diurnal,service_sigma_0.5,LC_LI,87,922,20787507,171.0189528866103,217.00255954596167
5,3,30,2,diurnal,service_sigma_0.5,LC_LI,88,2420,20787507,163.7177475094519,193.34839209160984
5,3,30,2,diurnal,service_sigma_0.5,LC_LI,89,2316,20787507,188.72428119178178,225.08115410901914
5,3,30,2,diurnal,service_sigma_0.5,LC_LI,90,175,20787507,173.58038658906924,227.0317079231391
5,3,30,2,diurnal,service_sigma_0.5,LC_LI,91,321,20787507,205.11860070457945,251.62451757443068
5,3,30,2,diurnal,service_sigma_0.5,LC_LI,92,2282,20787507,160.8916996372676,187.78585800782648
5,3,30,2,diurnal,service_sigma_0.5,LC_LI,93,1554,20787507,164.85237944113067,189.6904771675721
5,3,30,2,diurnal,service_sigma_0.5,LC_LI,94,2586,20787507,162.78865838796295,215.79080260358532
5,3,30,2,diurnal,service_sigma_0.5,LC_LI,95,2098,20787507,173.61997310058746,203.7472788721143
5,3,30,2,diurnal,service_sigma_0.5,LC_LI,96,995,20787507,147.69785996158387,199.81523515044762
5,3,30,2,diurnal,service_sigma_0.5,LC_LI,97,254,20787507,176.6269902587889,230.7974885599353
5,3,30,2,diurnal,service_sigma_0.5,LC_LI,98,2231,20787507,180.6178155305557,238.0806004902735
5,3,30,2,diurnal,service_sigma_0.5,LC_LI,99,2962,20787507,166.3925462232208,216.50639001288823
5,3,30,2,diurnal,service_sigma_0.5,LC_LI,100,2586,20787507,146.80102264113268,198.94371265522506
5,3,30,2,diurnal,service_sigma_0.5,LC_LI,101,2347,20787507,181.28686088396847,257.32946914750903
5,3,30,2,diurnal,service_sigma_0.5,LC_LI,102,713,20787507,145.83873698640863,202.35274029038422
5,3,30,2,diurnal,service_sigma_0.5,LC_LI,103,2087,20787507,165.04800678506214,211.10074559637823
5,3,30,2,diurnal,service_sigma_0.5,LC_LI,104,1381,20787507,126.3676614744817,151.42195603659806
5,3,30,2,diurnal,service_sigma_0.5,LC_LI,105,264,20787507,173.97545964971732,194.13390896534818
5,3,30,2,diurnal,service_sigma_0.5,LC_LI,106,1317,20787507,136.63956050353306,166.20587059835677
5,3,30,2,diurnal,service_sigma_0.5,LC_LI,107,1699,20787507,166.94311719736015,186.57011653467484
5,3,30,2,diurnal,service_sigma_0.5,LC_LI,108,610,20787507,174.94634213125843,192.61813042261295
5,3,30,2,diurnal,service_sigma_0.5,LC_LI,109,1057,20787507,194.80773116876847,242.11596016333118
5,3,30,2,diurnal,service_sigma_0.5,LC_LI,110,2191,20787507,175.87843188645076,230.68804846561756
5,3,30,2,diurnal,service_sigma_0.5,LC_LI,111,1067,20787507,186.60508104334488,242.13219708499963
5,3,30,2,diurnal,service_sigma_0.5,LC_LI,112,1554,20787507,172.3495729800628,187.21550764236832
5,3,30,2,diurnal,service_sigma_0.5,LC_LI,113,2351,20787507,185.8325396038568,246.8856652813927
5,3,30,2,diurnal,service_sigma_0.5,LC_LI,114,1374,20787507,170.91208484953438,228.74137345247635
5,3,30,2,diurnal,service_sigma_0.5,LC_LI,115,2098,20787507,151.31560539911018,209.1425641878347
5,3,30,2,diurnal,service_sigma_0.5,LC_LI,116,2677,20787507,156.6278287083482,217.37624731341407
5,3,30,2,diurnal,service_sigma_0.5,LC_LI,117,1150,20787507,150.09829319343785,204.29733193555515
5,3,30,2,diurnal,service_sigma_0.5,LC_LI,118,831,20787507,187.10203907727532,240.51370688800677
5,3,30,2,diurnal,service_sigma_0.5,LC_LI,119,2308,20787507,168.92121004272758,198.5131658773529
5,3,30,2,diurnal,service_sigma_0.5,LC_LI,120,905,20787507,176.59947432162065,214.00725617583552
5,3,30,2,diurnal,service_sigma_0.5,LC_LI,121,2347,20787507,182.73024207960063,266.0097346233539
5,3,30,2,diurnal,service_sigma_0.5,LC_LI,122,999,20787507,154.54917354417748,181.4292617981771
5,3,30,2,diurnal,service_sigma_0.5,LC_LI,123,2059,20787507,170.84415329400815,210.69884524845654
5,3,30,2,diurnal,service_sigma_0.5,LC_LI,124,2098,20787507,151.6519741308068,216.19026249155218
5,3,30,2,diurnal,service_sigma_0.5,LC_LI,125,48,20787507,173.82117554583547,219.46503618918817
5,3,30,2,diurnal,service_sigma_0.5,LC_LI,126,2019,20787507,154.62352204168116,214.40278899341146
5,3,30,2,diurnal,service_sigma_0.5,LC_LI,127,1205,20787507,176.96161663377873,238.13759263160125
5,3,30,2,diurnal,service_sigma_0.5,LC_LI,128,913,20787507,153.04755470163212,204.28422769726714
5,3,30,2,diurnal,service_sigma_0.5,LC_LI,129,208,20787507,172.9525071652252,269.1737567998443
5,3,30,2,diurnal,service_sigma_0.5,LC_LI,130,2209,20787507,153.51036161992408,207.70593120231496
5,3,30,2,diurnal,service_sigma_0.5,LC_LI,131,237,20787507,185.81258906346335,275.0601739088962
5,3,30,2,diurnal,service_sigma_0.5,LC_LI,132,1046,20787507,182.40186652675166,225.7611791467536
5,3,30,2,diurnal,service_sigma_0.5,LC_LI,133,791,20787507,151.59324524115922,180.95309535055392
5,3,30,2,diurnal,service_sigma_0.5,LC_LI,134,1390,20787507,164.3449699138221,243.5296660891907
5,3,30,2,diurnal,service_sigma_0.5,LC_LI,135,1475,20787507,157.74246003459064,222.97910137090065
5,3,30,2,diurnal,service_sigma_0.5,LC_LI,136,2147,20787507,181.97319012610484,265.68959667544317
5,3,30,2,diurnal,service_sigma_0.5,LC_LI,137,1554,20787507,167.52907700694556,233.20429401897212
5,3,30,2,diurnal,service_sigma_0.5,LC_LI,138,46,20787507,152.1402504843583,216.10634391106953
5,3,30,2,diurnal,service_sigma_0.5,LC_LI,139,2577,20787507,179.62630029188028,210.1510828580818
5,3,30,2,diurnal,service_sigma_0.5,LC_LI,140,524,20787507,136.23256355685172,157.8547001495273
5,3,30,2,diurnal,service_sigma_0.5,LC_LI,141,152,20787507,160.14930868580922,225.34157626701455
5,3,30,2,diurnal,service_sigma_0.5,LC_LI,142,1554,20787507,174.48967159838216,196.92372198641831
5,3,30,2,diurnal,service_sigma_0.5,LC_LI,143,998,20787507,131.3585640431498,172.7163830416534
5,3,30,2,diurnal,service_sigma_0.5,LC_LI,144,1519,20787507,165.8642060607221,233.11819554218374
5,3,30,2,diurnal,service_sigma_0.5,LC_LI,145,2263,20787507,152.73580741215173,187.40148279255587
5,3,30,2,diurnal,service_sigma_0.5,LC_LI,146,2757,20787507,168.3703133394873,231.93726608965957
5,3,30,2,diurnal,service_sigma_0.5,LC_LI,147,2236,20787507,165.64489553918355,181.2449603945872
5,3,30,2,diurnal,service_sigma_0.5,LC_LI,148,364,20787507,156.8789321993154,194.73871360850768
5,3,30,2,diurnal,service_sigma_0.5,LC_LI,149,2361,20787507,191.1355535384677,290.1102406720904
5,3,30,2,diurnal,service_sigma_0.5,LC_LI,150,999,20787507,167.7345428621457,188.09395981719362
5,3,30,2,diurnal,service_sigma_0.5,LC_LI,151,1587,20787507,168.7875828745626,235.9955948132805
5,3,30,2,diurnal,service_sigma_0.5,LC_LI,152,308,20787507,175.8858660036764,238.75733469332403
5,3,30,2,diurnal,service_sigma_0.5,LC_LI,153,2711,20787507,145.20836275126564,161.2953262719372
5,3,30,2,diurnal,service_sigma_0.5,LC_LI,154,2031,20787507,169.07777989716308,218.06112036421854
5,3,30,2,diurnal,service_sigma_0.5,LC_LI,155,825,20787507,171.88599622065803,226.52825012175762
5,3,30,2,diurnal,service_sigma_0.5,LC_LI,156,1764,20787507,142.8455202051686,171.48006801751143
5,3,30,2,diurnal,service_sigma_0.5,LC_LI,157,546,20787507,171.38489689323734,212.56058343884368
5,3,30,2,diurnal,service_sigma_0.5,LC_LI,158,956,20787507,169.2906702045945,208.61074161825005
5,3,30,2,diurnal,service_sigma_0.5,LC_LI,159,1381,20787507,128.97670096466015,154.7767708905173
5,3,30,2,diurnal,service_sigma_0.5,LC_LI,160,2287,20787507,160.63778247095917,209.46348423876063
5,3,30,2,diurnal,service_sigma_0.5,LC_LI,161,2026,20787507,170.78612226573372,220.28917475235107
5,3,30,2,diurnal,service_sigma_0.5,LC_LI,162,1665,20787507,182.47572828557603,224.92334204663885
5,3,30,2,diurnal,service_sigma_0.5,LC_LI,163,2019,20787507,158.60312309748346,234.32848548648983
5,3,30,2,diurnal,service_sigma_0.5,LC_LI,164,2568,20787507,143.73843878989103,180.7170185804492
5,3,30,2,diurnal,service_sigma_0.5,LC_LI,165,1708,20787507,142.6383022923023,193.98393903351607
5,3,30,2,diurnal,service_sigma_0.5,LC_LI,166,243,20787507,179.68444675907583,250.0947309347363
5,3,30,2,diurnal,service_sigma_0.5,LC_LI,167,1046,20787507,183.61887330754175,223.27881133981566
5,3,30,2,diurnal,service_sigma_0.5,LC_LI,168,859,20787507,168.5337839285975,225.7301010017076
5,3,30,2,diurnal,service_sigma_0.5,LC_LI,169,308,20787507,172.03755397464477,246.76283349165294
5,3,30,2,diurnal,service_sigma_0.5,LC_LI,170,1985,20787507,178.52504293468397,237.79557418797953
5,3,30,2,diurnal,service_sigma_0.5,LC_LI,171,956,20787507,171.0823376705643,219.9894953407626
5,3,30,2,diurnal,service_sigma_0.5,LC_LI,172,2994,20787507,164.89914293129678,209.44047893430775
5,3,30,2,diurnal,service_sigma_0.5,LC_LI,173,1682,20787507,179.72266016409557,243.27706213193352
5,3,30,2,diurnal,service_sigma_0.5,LC_LI,174,913,20787507,168.20450452060126,242.93390987766918
5,3,30,2,diurnal,service_sigma_0.5,LC_LI,175,373,20787507,148.18492247001313,174.86328524489795
5,3,30,2,diurnal,service_sigma_0.5,LC_LI,176,2757,20787507,167.3051566454266,219.0759089928319
5,3,30,2,diurnal,service_sigma_0.5,LC_LI,177,1171,20787507,163.941544210806,213.1522455171762
5,3,30,2,diurnal,service_sigma_0.5,LC_LI,178,2071,20787507,162.93161780048177,253.11805520436386
5,3,30,2,diurnal,service_sigma_0.5,LC_LI,179,392,20787507,176.86510933155407,246.7916969935361
5,3,30,2,diurnal,service_sigma_0.5,LC_LI,180,2179,20787507,190.46221204736906,257.8670999999389
5,3,30,2,diurnal,service_sigma_0.5,LC_LI,181,2354,20787507,182.7017318483696,239.9053253369311
5,3,30,2,diurnal,service_sigma_0.5,LC_LI,182,1001,20787507,144.72448509261304,171.32104107293742
5,3,30,2,diurnal,service_sigma_0.5,LC_LI,183,2132,20787507,178.9979155055176,272.99723845691636
5,3,30,2,diurnal,service_sigma_0.5,LC_LI,184,290,20787507,146.89367698251968,170.03028221566458
5,3,30,2,diurnal,service_sigma_0.5,LC_LI,185,599,20787507,138.28454064335816,205.0604862811417
5,3,30,2,diurnal,service_sigma_0.5,LC_LI,186,2420,20787507,167.16851367917687,203.41663783879014
5,3,30,2,diurnal,service_sigma_0.5,LC_LI,187,1733,20787507,172.28021958201208,212.13700043589625
5,3,30,2,diurnal,service_sigma_0.5,LC_LI,188,2691,20787507,167.1094370800355,243.25477514056834
5,3,30,2,diurnal,service_sigma_0.5,LC_LI,189,1057,20787507,187.21993564581908,232.22267355754386
5,3,30,2,diurnal,service_sigma_0.5,LC_LI,190,1985,20787507,186.19626781880712,254.66183502600896
5,3,30,2,diurnal,service_sigma_0.5,LC_LI,191,599,20787507,137.6798393318168,200.06792307100113
5,3,30,2,diurnal,service_sigma_0.5,LC_LI,192,2852,20787507,161.42861736755336,185.8001601683582
5,3,30,2,diurnal,service_sigma_0.5,LC_LI,193,118,20787507,171.7481148260924,209.6040427743283
5,3,30,2,diurnal,service_sigma_0.5,LC_LI,194,610,20787507,177.20101660297337,195.62609408621967
5,3,30,2,diurnal,service_sigma_0.5,LC_LI,195,2308,20787507,172.19869365031812,194.365026163435
5,3,30,2,diurnal,service_sigma_0.5,LC_LI,196,558,20787507,168.249756401852,176.8062240962472
5,3,30,2,diurnal,service_sigma_0.5,LC_LI,197,1067,20787507,188.96806334954232,270.79532494513165
5,3,30,2,diurnal,service_sigma_0.5,LC_LI,198,212,20787507,188.36222124647756,239.78822063875432
5,3,30,2,diurnal,service_sigma_0.5,LC_LI,199,2287,20787507,156.01164665164885,209.9641706493761
7,5,5,2,clustered,service_sigma_0.5,random,0,442,20987513,193.5778141821335,248.7941520106746
7,5,5,2,clustered,service_sigma_0.5,random,1,363,20987513,203.08004094780625,383.8596086795147
7,5,5,2,clustered,service_sigma_0.5,random,2,1477,20987513,166.04733852859187,267.853597241954
7,5,5,2,clustered,service_sigma_0.5,random,3,995,20987513,191.2304444155954,308.4220101812283
7,5,5,2,clustered,service_sigma_0.5,random,4,2773,20987513,195.3313105200016,319.2010767009293
7,5,5,2,clustered,service_sigma_0.5,random,5,1482,20987513,168.67853540201952,271.24795748709386
7,5,5,2,clustered,service_sigma_0.5,random,6,2578,20987513,208.19922546362938,313.1489628421533
7,5,5,2,clustered,service_sigma_0.5,random,7,760,20987513,168.31678078101208,262.5152033885992
7,5,5,2,clustered,service_sigma_0.5,random,8,2445,20987513,154.71340653942227,238.42800234768532
7,5,5,2,clustered,service_sigma_0.5,random,9,2097,20987513,163.70163785444578,228.55416908872476
7,5,5,2,clustered,service_sigma_0.5,random,10,1954,20987513,189.8274341524111,321.99688102552807
7,5,5,2,clustered,service_sigma_0.5,random,11,1480,20987513,172.86600182326944,169.69904166731834
7,5,5,2,clustered,service_sigma_0.5,random,12,2964,20987513,261.2625388290575,410.8634011257654
7,5,5,2,clustered,service_sigma_0.5,random,13,2387,20987513,189.5802786276098,284.4481905820183
7,5,5,2,clustered,service_sigma_0.5,random,14,1755,20987513,195.29140557125302,286.3115109033171
7,5,5,2,clustered,service_sigma_0.5,random,15,2298,20987513,141.3776974569475,263.811238924797
7,5,5,2,clustered,service_sigma_0.5,random,16,1750,20987513,168.1907125396034,255.73411152328964
7,5,5,2,clustered,service_sigma_0.5,random,17,2669,20987513,238.98970008636852,415.2561554087538
7,5,5,2,clustered,service_sigma_0.5,random,18,803,20987513,213.76212196632403,322.69982205525
7,5,5,2,clustered,service_sigma_0.5,random,19,559,20987513,144.89502727044882,224.62054546411917
7,5,5,2,clustered,service_sigma_0.5,random,20,2321,20987513,197.46340370280302,321.0116726976691
7,5,5,2,clustered,service_sigma_0.5,random,21,2183,20987513,231.62316924172003,321.7370115211979
7,5,5,2,clustered,service_sigma_0.5,random,22,2409,20987513,171.67137055778434,278.42761190691726
7,5,5,2,clustered,service_sigma_0.5,random,23,1425,20987513,171.24456874187857,259.0357353643967
7,5,5,2,clustered,service_sigma_0.5,random,24,1685,20987513,183.0777354153642,314.3258860359033
7,5,5,2,clustered,service_sigma_0.5,random,25,556,20987513,233.784815352628,349.79839443509644
7,5,5,2,clustered,service_sigma_0.5,random,26,332,20987513,245.74040800899036,322.63510545061047
7,5,5,2,clustered,service_sigma_0.5,random,27,602,20987513,190.05363112982664,331.458637510612
7,5,5,2,clustered,service_sigma_0.5,random,28,1659,20987513,190.37517772941936,263.2827754464689
7,5,5,2,clustered,service_sigma_0.5,random,29,545,20987513,193.5616419047776,253.50130010264897
7,5,5,2,clustered,service_sigma_0.5,random,30,2598,20987513,197.37399935631856,261.6646620065005
7,5,5,2,clustered,service_sigma_0.5,random,31,1981,20987513,208.29840747163297,351.2069505507282
7,5,5,2,clustered,service_sigma_0.5,random,32,1623,20987513,233.37744846586074,340.4421085348368
7,5,5,2,clustered,service_sigma_0.5,random,33,1763,20987513,164.26826855048765,301.2554903628457
7,5,5,2,clustered,service_sigma_0.5,random,34,2077,20987513,208.4488678109737,373.4886184751252
7,5,5,2,clustered,service_sigma_0.5,random,35,1207,20987513,210.03647959909117,339.7216812531476
7,5,5,2,clustered,service_sigma_0.5,random,36,2048,20987513,204.19661953905052,286.52393929237786
7,5,5,2,clustered,service_sigma_0.5,random,37,746,20987513,202.14161655506186,355.0285356168205
7,5,5,2,clustered,service_sigma_0.5,random,38,1208,20987513,182.09803529662892,222.75960584877623
7,5,5,2,clustered,service_sigma_0.5,random,39,2642,20987513,215.8449043831873,328.70677781772446
7,5,5,2,clustered,service_sigma_0.5,random,40,1701,20987513,193.6419123019582,296.21725135230713
7,5,5,2,clustered,service_sigma_0.5,random,41,1364,20987513,156.53659779737504,222.82620640733984
7,5,5,2,clustered,service_sigma_0.5,random,42,1417,20987513,179.58582320878065,321.34724085718034
7,5,5,2,clustered,service_sigma_0.5,random,43,1333,20987513,143.1443258091188,231.54761465667397
7,5,5,2,clustered,service_sigma_0.5,random,44,356,20987513,163.81724195854906,238.9457835118355
7,5,5,2,clustered,service_sigma_0.5,random,45,2702,20987513,154.23412545094615,267.59031521352046
7,5,5,2,clustered,service_sigma_0.5,random,46,1451,20987513,198.28927139169087,334.62788645435415
7,5,5,2,clustered,service_sigma_0.5,random,47,2481,20987513,155.18516258903253,300.82212894931274
7,5,5,2,clustered,service_sigma_0.5,random,48,2579,20987513,175.02368953456946,273.83567777737414
7,5,5,2,clustered,service_sigma_0.5,random,49,1882,20987513,195.12621088125914,246.88179552074772
7,5,5,2,clustered,service_sigma_0.5,random,50,368,20987513,209.35079264589044,254.84706500903783
7,5,5,2,clustered,service_sigma_0.5,random,51,644,20987513,172.9322521779935,235.3663162478243
7,5,5,2,clustered,service_sigma_0.5,random,52,2881,20987513,179.90904755797322,275.76924871665415
7,5,5,2,clustered,service_sigma_0.5,random,53,2473,20987513,208.26729980520398,282.992998720476
7,5,5,2,clustered,service_sigma_0.5,random,54,541,20987513,206.1986647666045,310.44557622750875
7,5,5,2,clustered,service_sigma_0.5,random,55,1542,20987513,172.95192595181058,315.8776663141313
7,5,5,2,clustered,service_sigma_0.5,random,56,1157,20987513,202.96060156183506,279.6151113992356
7,5,5,2,clustered,service_sigma_0.5,random,57,1887,20987513,223.21416936123143,336.05969099446065
7,5,5,2,clustered,service_sigma_0.5,random,58,2099,20987513,192.03205981057525,353.52552514084897
7,5,5,2,clustered,service_sigma_0.5,random,59,2660,20987513,261.39466062585217,363.09251508445874
7,5,5,2,clustered,service_sigma_0.5,random,60,1123,20987513,173.15478621626426,226.03735467249564
7,5,5,2,clustered,service_sigma_0.5,random,61,523,20987513,191.4593109520061,324.19603714600004
7,5,5,2,clustered,service_sigma_0.5,random,62,1107,20987513,190.33230669285396,276.7788651633301
7,5,5,2,clustered,service_sigma_0.5,random,63,1439,20987513,202.74890625653862,260.2804876757468
7,5,5,2,clustered,service_sigma_0.5,random,64,1325,20987513,158.6011124710659,277.36211571949616
7,5,5,2,clustered,service_sigma_0.5,random,65,786,20987513,171.6936019436722,282.6741795540507
7,5,5,2,clustered,service_sigma_0.5,random,66,2292,20987513,239.36241581970967,306.81566458433565
7,5,5,2,clustered,service_sigma_0.5,random,67,2610,20987513,206.59537667915916,317.68851813362954
7,5,5,2,clustered,service_sigma_0.5,random,68,2511,20987513,202.28840666052685,340.97299803775894
7,5,5,2,clustered,service_sigma_0.5,random,69,1799,20987513,203.86394321365825,220.69854853819302
7,5,5,2,clustered,service_sigma_0.5,random,70,2381,20987513,212.8973747156902,305.4391673114079
7,5,5,2,clustered,service_sigma_0.5,random,71,2835,20987513,210.77545771621908,355.7607189671381
7,5,5,2,clustered,service_sigma_0.5,random,72,1982,20987513,209.7796102748887,229.15179013703926
7,5,5,2,clustered,service_sigma_0.5,random,73,1822,20987513,204.5126101599407,317.46552772435217
7,5,5,2,clustered,service_sigma_0.5,random,74,132,20987513,165.33521331374504,210.87332232040328
7,5,5,2,clustered,service_sigma_0.5,random,75,1168,20987513,166.97389577484685,224.51510313130956
7,5,5,2,clustered,service_sigma_0.5,random,76,1506,20987513,181.91930935272052,321.1226517153499
7,5,5,2,clustered,service_sigma_0.5,random,77,2976,20987513,169.1823726800032,267.2996225071338
7,5,5,2,clustered,service_sigma_0.5,random,78,1798,20987513,194.93280340318762,263.6775154358356
7,5,5,2,clustered,service_sigma_0.5,random,79,319,20987513,158.0763424597837,212.07443805927915
7,5,5,2,clustered,service_sigma_0.5,random,80,2654,20987513,193.85393534725117,280.705967042701
7,5,5,2,clustered,service_sigma_0.5,random,81,2846,20987513,184.2397384079006,276.75657793100436
7,5,5,2,clustered,service_sigma_0.5,random,82,2072,20987513,155.69306234673022,227.9902321214677
7,5,5,2,clustered,service_sigma_0.5,random,83,2008,20987513,135.9257341431134,305.55146669723746
7,5,5,2,clustered,service_sigma_0.5,random,84,967,20987513,170.07508879225358,242.67724431099458
7,5,5,2,clustered,service_sigma_0.5,random,85,1894,20987513,174.8551086496084,266.18633900137166
7,5,5,2,clustered,service_sigma_0.5,random,86,135,20987513,258.345510608539,333.27782919776496
7,5,5,2,clustered,service_sigma_0.5,random,87,1659,20987513,186.14200147837127,296.58035625414504
7,5,5,2,clustered,service_sigma_0.5,random,88,1380,20987513,174.905253744643,271.49096476835734
7,5,5,2,clustered,service_sigma_0.5,random,89,1994,20987513,201.32374540443217,338.78643156514636
7,5,5,2,clustered,service_sigma_0.5,random,90,141,20987513,133.41023744735733,245.07528048001276
7,5,5,2,clustered,service_sigma_0.5,random,91,1011,20987513,181.4381459086782,278.7320955291531
7,5,5,2,clustered,service_sigma_0.5,random,92,2187,20987513,190.13539776067205,315.93868867223006
7,5,5,2,clustered,service_sigma_0.5,random,93,1746,20987513,170.67116641783414,359.4266150424687
7,5,5,2,clustered,service_sigma_0.5,random,94,1427,20987513,214.95457422764616,284.89910327226454
7,5,5,2,clustered,service_sigma_0.5,random,95,1915,20987513,128.37220875901983,231.0647016047316
7,5,5,2,clustered,service_sigma_0.5,random,96,2380,20987513,139.25034159884524,207.9372369945381
7,5,5,2,clustered,service_sigma_0.5,random,97,1756,20987513,239.94462856700454,270.8301661351079
7,5,5,2,clustered,service_sigma_0.5,random,98,2282,20987513,169.38073065850756,221.6003566707795
7,5,5,2,clustered,service_sigma_0.5,random,99,717,20987513,195.69953231284555,331.93707907640504
7,5,5,2,clustered,service_sigma_0.5,random,100,517,20987513,179.80739167724025,265.2156304702032
7,5,5,2,clustered,service_sigma_0.5,random,101,992,20987513,247.70795492693372,363.1588650941099
7,5,5,2,clustered,service_sigma_0.5,random,102,151,20987513,173.89777957021244,257.15648282890504
7,5,5,2,clustered,service_sigma_0.5,random,103,2251,20987513,212.15815528141195,329.4182592395651
7,5,5,2,clustered,service_sigma_0.5,random,104,646,20987513,195.6007943012881,298.7930826882105
7,5,5,2,clustered,service_sigma_0.5,random,105,773,20987513,204.53382586136385,286.88721490102006
7,5,5,2,clustered,service_sigma_0.5,random,106,1809,20987513,150.7848694738367,252.34888148996234
7,5,5,2,clustered,service_sigma_0.5,random,107,1410,20987513,162.73531597410678,241.0455911116819
7,5,5,2,clustered,service_sigma_0.5,random,108,288,20987513,181.49092877883834,296.7242860336397
7,5,5,2,clustered,service_sigma_0.5,random,109,2113,20987513,174.01629685339412,230.47346177262853
7,5,5,2,clustered,service_sigma_0.5,random,110,765,20987513,241.0669127444332,400.309858561387
7,5,5,2,clustered,service_sigma_0.5,random,111,1839,20987513,172.65722015350352,260.89244898332026
7,5,5,2,clustered,service_sigma_0.5,random,112,2766,20987513,166.25775031067099,226.65270401989105
7,5,5,2,clustered,service_sigma_0.5,random,113,1348,20987513,178.8378895205301,255.31965670368805
7,5,5,2,clustered,service_sigma_0.5,random,114,2051,20987513,186.2489663002444,301.62540014938827
7,5,5,2,clustered,service_sigma_0.5,random,115,49,20987513,239.03737189606,316.52230500597693
7,5,5,2,clustered,service_sigma_0.5,random,116,2628,20987513,189.8937236569388,272.0433288093641
7,5,5,2,clustered,service_sigma_0.5,random,117,186,20987513,191.21489323209946,320.9230633618429
7,5,5,2,clustered,service_sigma_0.5,random,118,6,20987513,174.44677175022335,343.1276354623698
7,5,5,2,clustered,service_sigma_0.5,random,119,2753,20987513,213.94325919340605,295.16795976108807
7,5,5,2,clustered,service_sigma_0.5,random,120,830,20987513,158.80037238366697,148.5623381056144
7,5,5,2,clustered,service_sigma_0.5,random,121,2352,20987513,188.62307393829633,324.25208794839693
7,5,5,2,clustered,service_sigma_0.5,random,122,301,20987513,176.98508837614543,275.09972428078447
7,5,5,2,clustered,service_sigma_0.5,random,123,994,20987513,170.22124419740828,272.6401670761887
7,5,5,2,clustered,service_sigma_0.5,random,124,1204,20987513,191.18210316671076,230.85273668611515
7,5,5,2,clustered,service_sigma_0.5,random,125,2437,20987513,173.5665079077838,262.40726813557455
7,5,5,2,clustered,service_sigma_0.5,random,126,1518,20987513,144.8728924995273,224.13471287353929
7,5,5,2,clustered,service_sigma_0.5,random,127,2682,20987513,129.49646282078731,192.88433734732257
7,5,5,2,clustered,service_sigma_0.5,random,128,47,20987513,225.8426402604448,366.7828147938978
7,5,5,2,clustered,service_sigma_0.5,random,129,1854,20987513,183.7705022926686,263.26822121233835
7,5,5,2,clustered,service_sigma_0.5,random,130,1058,20987513,177.36829935459602,280.52676946600695
7,5,5,2,clustered,service_sigma_0.5,random,131,2437,20987513,162.04538616292686,267.7225490786555
7,5,5,2,clustered,service_sigma_0.5,random,132,305,20987513,132.45755406460742,200.1640449669075
7,5,5,2,clustered,service_sigma_0.5,random,133,2502,20987513,213.36227094926127,363.62814818406036
7,5,5,2,clustered,service_sigma_0.5,random,134,713,20987513,144.8165435751043,162.09499407967274
7,5,5,2,clustered,service_sigma_0.5,random,135,546,20987513,162.27222581356116,227.8645188446475
7,5,5,2,clustered,service_sigma_0.5,random,136,1453,20987513,157.3161483396355,285.5797567719762
7,5,5,2,clustered,service_sigma_0.5,random,137,2372,20987513,216.29543216795173,311.06783336062375
7,5,5,2,clustered,service_sigma_0.5,random,138,1750,20987513,179.2980958560588,252.9786685351207
7,5,5,2,clustered,service_sigma_0.5,random,139,2415,20987513,163.43729754911908,309.672557635193
7,5,5,2,clustered,service_sigma_0.5,random,140,1540,20987513,155.4539001899506,265.96878189675886
7,5,5,2,clustered,service_sigma_0.5,random,141,1053,20987513,174.88080057579936,222.30112198937096
7,5,5,2,clustered,service_sigma_0.5,random,142,51,20987513,178.21133299236251,296.8048388607747
7,5,5,2,clustered,service_sigma_0.5,random,143,2702,20987513,148.094065684125,248.45934187902247
7,5,5,2,clustered,service_sigma_0.5,random,144,117,20987513,160.83140796424746,205.55780462853988
7,5,5,2,clustered,service_sigma_0.5,random,145,2714,20987513,208.95521499761955,238.79140996613918
7,5,5,2,clustered,service_sigma_0.5,random,146,1409,20987513,198.99539609612398,276.293846632605
7,5,5,2,clustered,service_sigma_0.5,random,147,707,20987513,191.14230032620165,289.1127420807037
7,5,5,2,clustered,service_sigma_0.5,random,148,798,20987513,185.1159459161607,272.6714016269948
7,5,5,2,clustered,service_sigma_0.5,random,149,2835,20987513,206.57255375073618,352.369649049092
7,5,5,2,clustered,service_sigma_0.5,random,150,643,20987513,183.8605403671573,282.6465255211709
7,5,5,2,clustered,service_sigma_0.5,random,151,1115,20987513,151.6382905356169,229.7917816260485
7,5,5,2,clustered,service_sigma_0.5,random,152,1283,20987513,182.54334836131022,265.5665706169719
7,5,5,2,clustered,service_sigma_0.5,random,153,293,20987513,168.7747333634733,317.6782714329097
7,5,5,2,clustered,service_sigma_0.5,random,154,786,20987513,204.29310578123383,282.9017773401408
7,5,5,2,clustered,service_sigma_0.5,random,155,2779,20987513,165.87195528033416,163.0175938748464
7,5,5,2,clustered,service_sigma_0.5,random,156,1653,20987513,186.40791560828436,230.90243712740772
7,5,5,2,clustered,service_sigma_0.5,random,157,1368,20987513,150.73000489696628,208.3897449266996
7,5,5,2,clustered,service_sigma_0.5,random,158,817,20987513,188.73560350412532,263.3348504072005
7,5,5,2,clustered,service_sigma_0.5,random,159,1157,20987513,182.01287066324605,277.6758511630542
7,5,5,2,clustered,service_sigma_0.5,random,160,1482,20987513,176.6024485640001,273.040601315436
7,5,5,2,clustered,service_sigma_0.5,random,161,1411,20987513,168.7747338931741,222.50044088330256
7,5,5,2,clustered,service_sigma_0.5,random,162,1764,20987513,170.57947984642146,227.6230414485446
7,5,5,2,clustered,service_sigma_0.5,random,163,1955,20987513,228.81069039882865,396.76416394280363
7,5,5,2,clustered,service_sigma_0.5,random,164,2183,20987513,226.3865168575104,303.1200010292825
7,5,5,2,clustered,service_sigma_0.5,random,165,1764,20987513,162.62656509402305,182.39369539081108
7,5,5,2,clustered,service_sigma_0.5,random,166,1190,20987513,196.50131782585171,311.0913445197545
7,5,5,2,clustered,service_sigma_0.5,random,167,1501,20987513,205.87628583016678,320.5045303910996
7,5,5,2,clustered,service_sigma_0.5,random,168,2695,20987513,185.08431797956717,300.27951532656647
7,5,5,2,clustered,service_sigma_0.5,random,169,1882,20987513,192.43936638321776,245.48613087166072
7,5,5,2,clustered,service_sigma_0.5,random,170,1717,20987513,200.23303467662518,278.7557368444952
7,5,5,2,clustered,service_sigma_0.5,random,171,107,20987513,238.00073755781452,346.2575789866262
7,5,5,2,clustered,service_sigma_0.5,random,172,1753,20987513,220.6665782010087,313.4348048058426
7,5,5,2,clustered,service_sigma_0.5,random,173,2318,20987513,154.82554044688985,221.80922112393844
7,5,5,2,clustered,service_sigma_0.5,random,174,876,20987513,143.22519055173575,267.79384151888354
7,5,5,2,clustered,service_sigma_0.5,random,175,402,20987513,181.7640699272872,313.7668900174995
7,5,5,2,clustered,service_sigma_0.5,random,176,2230,20987513,160.2949728829966,250.00475449145722
7,5,5,2,clustered,service_sigma_0.5,random,177,274,20987513,171.67038706382374,301.42547348215925
7,5,5,2,clustered,service_sigma_0.5,random,178,1957,20987513,222.86537645798117,289.6033739329872
7,5,5,2,clustered,service_sigma_0.5,random,179,2816,20987513,211.84340760418826,333.58674446072
7,5,5,2,clustered,service_sigma_0.5,random,180,2198,20987513,209.27581340202926,295.8443041284317
7,5,5,2,clustered,service_sigma_0.5,random,181,526,20987513,173.96137682926317,228.00909613589872
7,5,5,2,clustered,service_sigma_0.5,random,182,1509,20987513,181.43722218167892,261.0433345684407
7,5,5,2,clustered,service_sigma_0.5,random,183,1764,20987513,149.36436618680565,231.9217825120863
7,5,5,2,clustered,service_sigma_0.5,random,184,868,20987513,154.17953795197894,212.70226619267626
7,5,5,2,clustered,service_sigma_0.5,random,185,976,20987513,209.69776474711523,341.7907667090597
7,5,5,2,clustered,service_sigma_0.5,random,186,2421,20987513,191.62324569038344,222.69221520831695
7,5,5,2,clustered,service_sigma_0.5,random,187,1863,20987513,135.13227974414707,267.10211920257854
7,5,5,2,clustered,service_sigma_0.5,random,188,2352,20987513,186.10663730753538,290.3185874417425
7,5,5,2,clustered,service_sigma_0.5,random,189,660,20987513,124.53548662773917,182.46229208319096
7,5,5,2,clustered,service_sigma_0.5,random,190,1786,20987513,154.36635903851337,248.43111364608842
7,5,5,2,clustered,service_sigma_0.5,random,191,1220,20987513,217.71191183820628,372.20995375354613
7,5,5,2,clustered,service_sigma_0.5,random,192,2272,20987513,234.31572448750404,325.30123224748183
7,5,5,2,clustered,service_sigma_0.5,random,193,2833,20987513,200.94561169608792,268.5300415740143
7,5,5,2,clustered,service_sigma_0.5,random,194,349,20987513,164.64022173386394,311.97817703838433
7,5,5,2,clustered,service_sigma_0.5,random,195,1234,20987513,200.37165380412142,331.0683627235053
7,5,5,2,clustered,service_sigma_0.5,random,196,2394,20987513,203.98848126041975,306.6734035531811
7,5,5,2,clustered,service_sigma_0.5,random,197,795,20987513,155.23361709632442,253.47262136239203
7,5,5,2,clustered,service_sigma_0.5,random,198,139,20987513,207.92689112483515,308.29020415789086
7,5,5,2,clustered,service_sigma_0.5,random,199,882,20987513,218.14835100093424,323.47291855604635
7,5,5,2,clustered,service_sigma_0.5,HC_HI,0,1587,20987513,196.94832606303106,304.80511641434265
7,5,5,2,clustered,service_sigma_0.5,HC_HI,1,2580,20987513,185.4946476901089,308.1685773685682
7,5,5,2,clustered,service_sigma_0.5,HC_HI,2,1805,20987513,246.62718622758078,314.6271862275808
7,5,5,2,clustered,service_sigma_0.5,HC_HI,3,2605,20987513,181.26980316908444,296.2782540673035
7,5,5,2,clustered,service_sigma_0.5,HC_HI,4,2266,20987513,174.9821781240482,288.2831923489879
7,5,5,2,clustered,service_sigma_0.5,HC_HI,5,1537,20987513,255.66705385640188,308.4211121694629
7,5,5,2,clustered,service_sigma_0.5,HC_HI,6,577,20987513,192.89155991052516,304.9309159567647
7,5,5,2,clustered,service_sigma_0.5,HC_HI,7,2891,20987513,169.2152808537874,277.2144158804399
7,5,5,2,clustered,service_sigma_0.5,HC_HI,8,219,20987513,231.9848122886283,310.043129105246
7,5,5,2,clustered,service_sigma_0.5,HC_HI,9,558,20987513,246.60794780318443,375.60027597210296
7,5,5,2,clustered,service_sigma_0.5,HC_HI,10,248,20987513,257.36060806485574,373.02699236300714
7,5,5,2,clustered,service_sigma_0.5,HC_HI,11,2568,20987513,206.56394650336824,307.3218569942807
7,5,5,2,clustered,service_sigma_0.5,HC_HI,12,960,20987513,212.9362115219672,345.30356435704226
7,5,5,2,clustered,service_sigma_0.5,HC_HI,13,558,20987513,244.3188289686075,373.292675826554
7,5,5,2,clustered,service_sigma_0.5,HC_HI,14,218,20987513,179.5222050087921,238.58488828087516
7,5,5,2,clustered,service_sigma_0.5,HC_HI,15,553,20987513,175.02354051555716,242.33326820447496
7,5,5,2,clustered,service_sigma_0.5,HC_HI,16,627,20987513,187.15431994388007,224.36145019899246
7,5,5,2,clustered,service_sigma_0.5,HC_HI,17,1278,20987513,228.49555363270002,366.7908639647254
7,5,5,2,clustered,service_sigma_0.5,HC_HI,18,1,20987513,198.94082906802902,292.18164282426375
7,5,5,2,clustered,service_sigma_0.5,HC_HI,19,831,20987513,256.88516892169486,379.7807969172699
7,5,5,2,clustered,service_sigma_0.5,HC_HI,20,1414,20987513,193.77786172596743,283.4433000249693
7,5,5,2,clustered,service_sigma_0.5,HC_HI,21,807,20987513,217.2458554596054,355.14847411866407
7,5,5,2,clustered,service_sigma_0.5,HC_HI,22,650,20987513,178.77223653460246,298.77850786806977
7,5,5,2,clustered,service_sigma_0.5,HC_HI,23,1035,20987513,188.4658495139606,289.225460895042
7,5,5,2,clustered,service_sigma_0.5,HC_HI,24,576,20987513,185.90172676588304,295.9094876391178
7,5,5,2,clustered,service_sigma_0.5,HC_HI,25,736,20987513,161.77736550242258,301.53434002148646
7,5,5,2,clustered,service_sigma_0.5,HC_HI,26,2954,20987513,205.75976967749625,276.13025758220977
7,5,5,2,clustered,service_sigma_0.5,HC_HI,27,2353,20987513,154.70058844316762,254.2943666788143
7,5,5,2,clustered,service_sigma_0.5,HC_HI,28,2871,20987513,188.09649743929253,334.1759401418847
7,5,5,2,clustered,service_sigma_0.5,HC_HI,29,1414,20987513,192.04497756256646,292.6370331230464
7,5,5,2,clustered,service_sigma_0.5,HC_HI,30,124,20987513,221.41570326824456,386.1579494849451
7,5,5,2,clustered,service_sigma_0.5,HC_HI,31,1634,20987513,182.5373781960951,309.389035929071
7,5,5,2,clustered,service_sigma_0.5,HC_HI,32,1754,20987513,250.0957769789695,363.7441753248491
7,5,5,2,clustered,service_sigma_0.5,HC_HI,33,424,20987513,193.19494678854142,332.430935794505
7,5,5,2,clustered,service_sigma_0.5,HC_HI,34,1369,20987513,197.85507909527738,269.6717787815202
7,5,5,2,clustered,service_sigma_0.5,HC_HI,35,1756,20987513,216.32641625623933,272.9637072275441
7,5,5,2,clustered,service_sigma_0.5,HC_HI,36,173,20987513,177.8070929037876,286.19134374780765
7,5,5,2,clustered,service_sigma_0.5,HC_HI,37,2075,20987513,256.0086545547748,402.26718598247123
7,5,5,2,clustered,service_sigma_0.5,HC_HI,38,219,20987513,219.8081581388979,319.35057330824793
7,5,5,2,clustered,service_sigma_0.5,HC_HI,39,2536,20987513,202.4836847561974,328.73711965539957
7,5,5,2,clustered,service_sigma_0.5,HC_HI,40,1552,20987513,216.6023336738604,356.96526158889156
7,5,5,2,clustered,service_sigma_0.5,HC_HI,41,1431,20987513,183.59873340772543,289.89175930683865
7,5,5,2,clustered,service_sigma_0.5,HC_HI,42,218,20987513,175.59129726413602,289.0284989355336
7,5,5,2,clustered,service_sigma_0.5,HC_HI,43,1086,20987513,202.67440403402833,309.4551333828927
7,5,5,2,clustered,service_sigma_0.5,HC_HI,44,1911,20987513,222.6226646457846,373.6576904973554
7,5,5,2,clustered,service_sigma_0.5,HC_HI,45,877,20987513,218.77467801266195,282.8806871698056
7,5,5,2,clustered,service_sigma_0.5,HC_HI,46,2975,20987513,172.96385658326,250.55026585329097
7,5,5,2,clustered,service_sigma_0.5,HC_HI,47,1555,20987513,174.9478283214859,352.8602422129934
7,5,5,2,clustered,service_sigma_0.5,HC_HI,48,2176,20987513,210.8174133989137,290.6281739139885
7,5,5,2,clustered,service_sigma_0.5,HC_HI,49,1661,20987513,209.6581092670833,313.7088599805306
7,5,5,2,clustered,service_sigma_0.5,HC_HI,50,1278,20987513,215.92913792977097,333.5189501811797
7,5,5,2,clustered,service_sigma_0.5,HC_HI,51,1455,20987513,217.3725393956756,312.01947662311625
7,5,5,2,clustered,service_sigma_0.5,HC_HI,52,711,20987513,187.23041048360028,269.8184666061378
7,5,5,2,clustered,service_sigma_0.5,HC_HI,53,1661,20987513,221.06563516124749,313.2905857308324
7,5,5,2,clustered,service_sigma_0.5,HC_HI,54,1527,20987513,217.6329549070919,322.5535737943531
7,5,5,2,clustered,service_sigma_0.5,HC_HI,55,994,20987513,174.81669304605464,277.8162591967381
7,5,5,2,clustered,service_sigma_0.5,HC_HI,56,692,20987513,206.23783224878213,327.6326141852858
7,5,5,2,clustered,service_sigma_0.5,HC_HI,57,2340,20987513,184.85344187268976,306.9543085235727
7,5,5,2,clustered,service_sigma_0.5,HC_HI,58,2580,20987513,180.79979780637632,324.36531121990896
7,5,5,2,clustered,service_sigma_0.5,HC_HI,59,1159,20987513,172.73446948978912,272.94725198181374
7,5,5,2,clustered,service_sigma_0.5,HC_HI,60,882,20987513,195.97976565089593,331.168415911506
7,5,5,2,clustered,service_sigma_0.5,HC_HI,61,577,20987513,192.426894309384,304.40699873603904
7,5,5,2,clustered,service_sigma_0.5,HC_HI,62,1101,20987513,186.4105560772652,289.67679883513574
7,5,5,2,clustered,service_sigma_0.5,HC_HI,63,1672,20987513,201.53740258581135,334.49313451449416
7,5,5,2,clustered,service_sigma_0.5,HC_HI,64,1587,20987513,166.73428294877868,302.6166549022705
7,5,5,2,clustered,service_sigma_0.5,HC_HI,65,2321,20987513,221.43177762859284,296.9993327929997
7,5,5,2,clustered,service_sigma_0.5,HC_HI,66,593,20987513,217.74697895518332,294.30081269079744
7,5,5,2,clustered,service_sigma_0.5,HC_HI,67,877,20987513,191.53452630797733,283.0067151795122
7,5,5,2,clustered,service_sigma_0.5,HC_HI,68,1674,20987513,225.72684814622818,329.4145092751212
7,5,5,2,clustered,service_sigma_0.5,HC_HI,69,302,20987513,174.9644063422226,321.11691190088317
7,5,5,2,clustered,service_sigma_0.5,HC_HI,70,2024,20987513,224.88320395967386,321.4120517462262
7,5,5,2,clustered,service_sigma_0.5,HC_HI,71,2353,20987513,180.57473815460116,271.692747241038
7,5,5,2,clustered,service_sigma_0.5,HC_HI,72,2085,20987513,211.68564883042697,331.7378656518537
7,5,5,2,clustered,service_sigma_0.5,HC_HI,73,385,20987513,236.75117565321597,301.75117565321597
7,5,5,2,clustered,service_sigma_0.5,HC_HI,74,576,20987513,171.6432509726612,288.6272740024727
7,5,5,2,clustered,service_sigma_0.5,HC_HI,75,2266,20987513,186.6411427574147,273.7950234400984
7,5,5,2,clustered,service_sigma_0.5,HC_HI,76,436,20987513,219.7552542168392,291.57702287310906
7,5,5,2,clustered,service_sigma_0.5,HC_HI,77,807,20987513,200.02122304431856,326.79106278696014
7,5,5,2,clustered,service_sigma_0.5,HC_HI,78,1634,20987513,194.15639593610584,256.1199797690032
7,5,5,2,clustered,service_sigma_0.5,HC_HI,79,1854,20987513,220.8864655602835,294.3873450408331
7,5,5,2,clustered,service_sigma_0.5,HC_HI,80,82,20987513,190.31989570988148,330.16955142759076
7,5,5,2,clustered,service_sigma_0.5,HC_HI,81,1587,20987513,205.35444595667065,306.79504399894745
7,5,5,2,clustered,service_sigma_0.5,HC_HI,82,2292,20987513,233.0442455986589,322.2093723695266
7,5,5,2,clustered,service_sigma_0.5,HC_HI,83,56,20987513,185.76337962604313,352.55033504959374
7,5,5,2,clustered,service_sigma_0.5,HC_HI,84,2422,20987513,182.30678648779107,229.1675642542788
7,5,5,2,clustered,service_sigma_0.5,HC_HI,85,669,20987513,174.30004258595295,308.1599503738909
7,5,5,2,clustered,service_sigma_0.5,HC_HI,86,1571,20987513,228.48125170485835,299.1172924129601
7,5,5,2,clustered,service_sigma_0.5,HC_HI,87,2659,20987513,208.76827633429656,289.8482393965734
7,5,5,2,clustered,service_sigma_0.5,HC_HI,88,1754,20987513,255.67906430354114,366.32393354446555
7,5,5,2,clustered,service_sigma_0.5,HC_HI,89,2536,20987513,200.64745612317023,337.5530701105747
7,5,5,2,clustered,service_sigma_0.5,HC_HI,90,995,20987513,203.81038872073557,304.9215766634429
7,5,5,2,clustered,service_sigma_0.5,HC_HI,91,2954,20987513,197.5229900175345,279.59218980791815
7,5,5,2,clustered,service_sigma_0.5,HC_HI,92,2360,20987513,210.30715952684807,306.42875353007736
7,5,5,2,clustered,service_sigma_0.5,HC_HI,93,1717,20987513,229.51006677567403,332.33289845299123
7,5,5,2,clustered,service_sigma_0.5,HC_HI,94,1431,20987513,196.44359647825536,308.41741056871024
7,5,5,2,clustered,service_sigma_0.5,HC_HI,95,553,20987513,195.80823417464777,276.36454968506166
7,5,5,2,clustered,service_sigma_0.5,HC_HI,96,2206,20987513,181.93264524010047,290.25894414210984
7,5,5,2,clustered,service_sigma_0.5,HC_HI,97,1537,20987513,263.4632380621017,375.087876374473
7,5,5,2,clustered,service_sigma_0.5,HC_HI,98,784,20987513,242.04955168854488,326.0822488556482
7,5,5,2,clustered,service_sigma_0.5,HC_HI,99,1744,20987513,209.1739824642774,314.41476805168776
7,5,5,2,clustered,service_sigma_0.5,HC_HI,100,2660,20987513,243.37685097616335,394.7990324980029
7,5,5,2,clustered,service_sigma_0.5,HC_HI,101,2483,20987513,257.4559538379844,366.80641029041476
7,5,5,2,clustered,service_sigma_0.5,HC_HI,102,2939,20987513,254.88518320993333,358.2316859892904
7,5,5,2,clustered,service_sigma_0.5,HC_HI,103,2274,20987513,212.59115961576262,321.13680803512017
7,5,5,2,clustered,service_sigma_0.5,HC_HI,104,656,20987513,203.01917557322182,297.84551713094817
7,5,5,2,clustered,service_sigma_0.5,HC_HI,105,1674,20987513,223.3836607581626,340.26956717546557
7,5,5,2,clustered,service_sigma_0.5,HC_HI,106,1278,20987513,233.96623467851384,341.8032994803628
7,5,5,2,clustered,service_sigma_0.5,HC_HI,107,2939,20987513,251.88107366895935,378.4610306745947
7,5,5,2,clustered,service_sigma_0.5,HC_HI,108,2613,20987513,180.79461437158344,362.15461123626756
7,5,5,2,clustered,service_sigma_0.5,HC_HI,109,56,20987513,181.57464744476346,351.0334581410887
7,5,5,2,clustered,service_sigma_0.5,HC_HI,110,248,20987513,202.08140984580598,357.4280898829188
7,5,5,2,clustered,service_sigma_0.5,HC_HI,111,124,20987513,205.54995515479914,340.0777649794635
7,5,5,2,clustered,service_sigma_0.5,HC_HI,112,1634,20987513,181.34507085988602,350.61019912188885
7,5,5,2,clustered,service_sigma_0.5,HC_HI,113,2536,20987513,212.8979393892031,335.40156272435314
7,5,5,2,clustered,service_sigma_0.5,HC_HI,114,408,20987513,204.57724258436926,336.37892388614097
7,5,5,2,clustered,service_sigma_0.5,HC_HI,115,793,20987513,158.8597319270762,255.40290516654224
7,5,5,2,clustered,service_sigma_0.5,HC_HI,116,2057,20987513,167.44142865027248,285.5176931429105
7,5,5,2,clustered,service_sigma_0.5,HC_HI,117,310,20987513,152.22263407322436,294.1894955283921
7,5,5,2,clustered,service_sigma_0.5,HC_HI,118,2731,20987513,179.0951409649696,306.4491734984644
7,5,5,2,clustered,service_sigma_0.5,HC_HI,119,2292,20987513,242.3586400558599,324.8604825035757
7,5,5,2,clustered,service_sigma_0.5,HC_HI,120,1571,20987513,227.16882184445097,286.1963636905508
7,5,5,2,clustered,service_sigma_0.5,HC_HI,121,682,20987513,217.37637658484013,362.4277815411153
7,5,5,2,clustered,service_sigma_0.5,HC_HI,122,2019,20987513,156.9887352289941,207.0404780730284
7,5,5,2,clustered,service_sigma_0.5,HC_HI,123,2453,20987513,194.41544083863272,280.89984471865034
7,5,5,2,clustered,service_sigma_0.5,HC_HI,124,2340,20987513,199.02418936575813,323.17591744084075
7,5,5,2,clustered,service_sigma_0.5,HC_HI,125,882,20987513,188.63563703203238,324.1259838428661
7,5,5,2,clustered,service_sigma_0.5,HC_HI,126,1278,20987513,210.5711320213599,359.9601293467444
7,5,5,2,clustered,service_sigma_0.5,HC_HI,127,2075,20987513,252.23510999535884,353.34415707699515
7,5,5,2,clustered,service_sigma_0.5,HC_HI,128,1744,20987513,210.1572750910993,305.4509413781938
7,5,5,2,clustered,service_sigma_0.5,HC_HI,129,1674,20987513,218.85401361908384,331.26822121233835
7,5,5,2,clustered,service_sigma_0.5,HC_HI,130,1975,20987513,208.212608657106,325.7256380276268
7,5,5,2,clustered,service_sigma_0.5,HC_HI,131,1278,20987513,226.75671406278732,369.7625588846929
7,5,5,2,clustered,service_sigma_0.5,HC_HI,132,1805,20987513,239.45178545128587,306.4637453024516
7,5,5,2,clustered,service_sigma_0.5,HC_HI,133,1159,20987513,153.56000679760075,240.44514191230456
7,5,5,2,clustered,service_sigma_0.5,HC_HI,134,2057,20987513,177.10607782709982,261.70375616182264
7,5,5,2,clustered,service_sigma_0.5,HC_HI,135,2580,20987513,194.2473298033729,301.364486877776
7,5,5,2,clustered,service_sigma_0.5,HC_HI,136,310,20987513,168.73476568918775,283.928693280382
7,5,5,2,clustered,service_sigma_0.5,HC_HI,137,56,20987513,195.2761908433938,358.81934994291277
7,5,5,2,clustered,service_sigma_0.5,HC_HI,138,1187,20987513,196.83561803527522,303.6997180899795
7,5,5,2,clustered,service_sigma_0.5,HC_HI,139,56,20987513,185.02473923268957,357.18424406926323
7,5,5,2,clustered,service_sigma_0.5,HC_HI,140,807,20987513,223.7397252876966,340.66953046660706
7,5,5,2,clustered,service_sigma_0.5,HC_HI,141,1859,20987513,225.6388987401746,309.7784828388935
7,5,5,2,clustered,service_sigma_0.5,HC_HI,142,2176,20987513,214.43834444134717,308.9167410950076
7,5,5,2,clustered,service_sigma_0.5,HC_HI,143,648,20987513,200.10979007262512,288.1802690031495
7,5,5,2,clustered,service_sigma_0.5,HC_HI,144,1305,20987513,233.61453187299963,376.97244477472054
7,5,5,2,clustered,service_sigma_0.5,HC_HI,145,1834,20987513,211.70062286033135,307.1651990228325
7,5,5,2,clustered,service_sigma_0.5,HC_HI,146,1,20987513,191.16809746851916,273.38909350874195
7,5,5,2,clustered,service_sigma_0.5,HC_HI,147,1348,20987513,188.89180831278824,300.06568526081327
7,5,5,2,clustered,service_sigma_0.5,HC_HI,148,650,20987513,184.1379513305238,290.45342219381297
7,5,5,2,clustered,service_sigma_0.5,HC_HI,149,1521,20987513,228.77991643585517,370.7898566503327
7,5,5,2,clustered,service_sigma_0.5,HC_HI,150,1640,20987513,238.61595367093105,326.35408987307034
7,5,5,2,clustered,service_sigma_0.5,HC_HI,151,2928,20987513,211.42096641347348,281.98200870408766
7,5,5,2,clustered,service_sigma_0.5,HC_HI,152,1263,20987513,205.2941114522655,382.96624289744204
7,5,5,2,clustered,service_sigma_0.5,HC_HI,153,711,20987513,210.8345131593369,273.6291225301658
7,5,5,2,clustered,service_sigma_0.5,HC_HI,154,1717,20987513,231.0488384516036,346.0833078719088
7,5,5,2,clustered,service_sigma_0.5,HC_HI,155,1708,20987513,224.2372728313754,338.2129737478767
7,5,5,2,clustered,service_sigma_0.5,HC_HI,156,1861,20987513,189.12565626724015,317.53375059196884
7,5,5,2,clustered,service_sigma_0.5,HC_HI,157,1599,20987513,188.35938431873143,323.3274645518978
7,5,5,2,clustered,service_sigma_0.5,HC_HI,158,391,20987513,222.86373205849836,326.23705809609027
7,5,5,2,clustered,service_sigma_0.5,HC_HI,159,2453,20987513,191.7953956040992,331.50135154842883
7,5,5,2,clustered,service_sigma_0.5,HC_HI,160,2019,20987513,197.9695444874073,248.77807360818707
7,5,5,2,clustered,service_sigma_0.5,HC_HI,161,711,20987513,200.10025651024816,272.7320026496592
7,5,5,2,clustered,service_sigma_0.5,HC_HI,162,1978,20987513,187.03687688162506,325.09615604013595
7,5,5,2,clustered,service_sigma_0.5,HC_HI,163,793,20987513,205.0466313503155,238.08134637921992
7,5,5,2,clustered,service_sigma_0.5,HC_HI,164,2176,20987513,206.429630738312,314.0466678265543
7,5,5,2,clustered,service_sigma_0.5,HC_HI,165,1674,20987513,201.17664305965235,330.9204150229989
7,5,5,2,clustered,service_sigma_0.5,HC_HI,166,1754,20987513,230.09120926124655,354.42848481684314
7,5,5,2,clustered,service_sigma_0.5,HC_HI,167,332,20987513,211.10033741612426,339.66660556836746
7,5,5,2,clustered,service_sigma_0.5,HC_HI,168,1828,20987513,149.2569206680831,212.16752401586888
7,5,5,2,clustered,service_sigma_0.5,HC_HI,169,711,20987513,207.08068357758998,342.3577245638344
7,5,5,2,clustered,service_sigma_0.5,HC_HI,170,1035,20987513,182.70786850676515,297.6903220876544
7,5,5,2,clustered,service_sigma_0.5,HC_HI,171,2835,20987513,192.25130568763112,379.78378511843437
7,5,5,2,clustered,service_sigma_0.5,HC_HI,172,2483,20987513,247.5460715601861,381.36729525468246
7,5,5,2,clustered,service_sigma_0.5,HC_HI,173,669,20987513,195.9572239871924,315.30841757677683
7,5,5,2,clustered,service_sigma_0.5,HC_HI,174,558,20987513,253.35316664371948,364.20113991290043
7,5,5,2,clustered,service_sigma_0.5,HC_HI,175,2536,20987513,202.275750219478,332.61508535939697
7,5,5,2,clustered,service_sigma_0.5,HC_HI,176,1756,20987513,205.57948867463642,287.9766122203286
7,5,5,2,clustered,service_sigma_0.5,HC_HI,177,218,20987513,161.61540741586072,259.30778308476755
7,5,5,2,clustered,service_sigma_0.5,HC_HI,178,124,20987513,173.15347783385346,339.84742733067566
7,5,5,2,clustered,service_sigma_0.5,HC_HI,179,2176,20987513,201.0281236153651,318.50473024013627
7,5,5,2,clustered,service_sigma_0.5,HC_HI,180,1521,20987513,233.20677458402355,347.1859436418778
7,5,5,2,clustered,service_sigma_0.5,HC_HI,181,1674,20987513,216.27048805162534,342.42369643318017
7,5,5,2,clustered,service_sigma_0.5,HC_HI,182,1,20987513,192.63984105539885,283.92806939273606
7,5,5,2,clustered,service_sigma_0.5,HC_HI,183,2928,20987513,197.10708456412297,288.51909334221796
7,5,5,2,clustered,service_sigma_0.5,HC_HI,184,1047,20987513,212.05729607489008,307.4610152480805
7,5,5,2,clustered,service_sigma_0.5,HC_HI,185,1187,20987513,198.96053609129737,307.35510226326863
7,5,5,2,clustered,service_sigma_0.5,HC_HI,186,2816,20987513,219.97663620446107,325.86376133964586
7,5,5,2,clustered,service_sigma_0.5,HC_HI,187,831,20987513,240.19042774685778,381.50312861332156
7,5,5,2,clustered,service_sigma_0.5,HC_HI,188,1887,20987513,208.0748214918835,322.453030178265
7,5,5,2,clustered,service_sigma_0.5,HC_HI,189,2321,20987513,215.12084794275242,308.05415037714766
7,5,5,2,clustered,service_sigma_0.5,HC_HI,190,2826,20987513,159.88584554584733,231.99417445351452
7,5,5,2,clustered,service_sigma_0.5,HC_HI,191,1204,20987513,196.0746663801895,249.1310049857515
7,5,5,2,clustered,service_sigma_0.5,HC_HI,192,1120,20987513,229.97115618155877,277.2451329880976
7,5,5,2,clustered,service_sigma_0.5,HC_HI,193,1086,20987513,222.29889910355118,336.54808150576224
7,5,5,2,clustered,service_sigma_0.5,HC_HI,194,872,20987513,182.21527143841178,309.1661028141321
7,5,5,2,clustered,service_sigma_0.5,HC_HI,195,681,20987513,201.28812366087982,328.2451533492966
7,5,5,2,clustered,service_sigma_0.5,HC_HI,196,1978,20987513,210.26881806723884,316.04210661367665
7,5,5,2,clustered,service_sigma_0.5,HC_HI,197,1640,20987513,228.7204371255128,321.81097069496343
7,5,5,2,clustered,service_sigma_0.5,HC_HI,198,1505,20987513,194.62401346447163,260.5772211173487
7,5,5,2,clustered,service_sigma_0.5,HC_HI,199,2364,20987513,196.09502343326238,311.5981685561713
7,5,5,2,clustered,service_sigma_0.5,HC_LI,0,1097,20987513,167.79624968424554,273.57211578833727
7,5,5,2,clustered,service_sigma_0.5,HC_LI,1,1969,20987513,210.59368405444596,339.75674290791204
7,5,5,2,clustered,service_sigma_0.5,HC_LI,2,1016,20987513,183.9267595074975,341.7091709913606
7,5,5,2,clustered,service_sigma_0.5,HC_LI,3,1700,20987513,186.19091549245746,287.45961947119656
7,5,5,2,clustered,service_sigma_0.5,HC_LI,4,2131,20987513,231.45432108995286,340.86174056222274
7,5,5,2,clustered,service_sigma_0.5,HC_LI,5,29,20987513,207.4454859359711,284.10288014478954
7,5,5,2,clustered,service_sigma_0.5,HC_LI,6,1191,20987513,141.15899453311076,273.97356139947385
7,5,5,2,clustered,service_sigma_0.5,HC_LI,7,383,20987513,175.2552105588412,284.6195568625917
7,5,5,2,clustered,service_sigma_0.5,HC_LI,8,198,20987513,227.1643650015115,317.25299018679436
7,5,5,2,clustered,service_sigma_0.5,HC_LI,9,1969,20987513,207.58255226823215,330.4133610404395
7,5,5,2,clustered,service_sigma_0.5,HC_LI,10,1412,20987513,219.71503369326078,273.72682147236645
7,5,5,2,clustered,service_sigma_0.5,HC_LI,11,1588,20987513,206.17000711433857,309.45253454084803
7,5,5,2,clustered,service_sigma_0.5,HC_LI,12,2190,20987513,208.07861453315746,303.53417649182336
7,5,5,2,clustered,service_sigma_0.5,HC_LI,13,2066,20987513,201.74813917649013,316.4422129153055
7,5,5,2,clustered,service_sigma_0.5,HC_LI,14,29,20987513,208.11971723358877,275.1258253482021
7,5,5,2,clustered,service_sigma_0.5,HC_LI,15,134,20987513,161.5238731823073,310.3519786088106
7,5,5,2,clustered,service_sigma_0.5,HC_LI,16,686,20987513,242.62185382073753,408.62214953649953
7,5,5,2,clustered,service_sigma_0.5,HC_LI,17,1040,20987513,222.515962859135,307.35831809649824
7,5,5,2,clustered,service_sigma_0.5,HC_LI,18,1354,20987513,181.35424180374696,282.63663164641264
7,5,5,2,clustered,service_sigma_0.5,HC_LI,19,2810,20987513,160.3771488027752,277.6474333961076
7,5,5,2,clustered,service_sigma_0.5,HC_LI,20,1337,20987513,267.33841388317546,379.6948299951516
7,5,5,2,clustered,service_sigma_0.5,HC_LI,21,262,20987513,191.3567615524149,303.3100575579321
7,5,5,2,clustered,service_sigma_0.5,HC_LI,22,272,20987513,192.76982026341264,299.36595724104274
7,5,5,2,clustered,service_sigma_0.5,HC_LI,23,1538,20987513,212.68437096614414,254.34715860832608
7,5,5,2,clustered,service_sigma_0.5,HC_LI,24,866,20987513,224.7615837419528,339.7925459535808
7,5,5,2,clustered,service_sigma_0.5,HC_LI,25,1192,20987513,182.67878646407786,350.72953061712514
7,5,5,2,clustered,service_sigma_0.5,HC_LI,26,2544,20987513,243.47145822483995,351.0457495095406
7,5,5,2,clustered,service_sigma_0.5,HC_LI,27,1957,20987513,227.47050318739022,288.63726823647755
7,5,5,2,clustered,service_sigma_0.5,HC_LI,28,1924,20987513,214.20519484666576,321.5727664405724
7,5,5,2,clustered,service_sigma_0.5,HC_LI,29,2476,20987513,225.6266644636298,370.5724304155416
7,5,5,2,clustered,service_sigma_0.5,HC_LI,30,1935,20987513,223.60589639008543,336.36021773344305
7,5,5,2,clustered,service_sigma_0.5,HC_LI,31,1500,20987513,150.11494835600587,337.99963272484223
7,5,5,2,clustered,service_sigma_0.5,HC_LI,32,2877,20987513,173.08913889824166,262.3003509556715
7,5,5,2,clustered,service_sigma_0.5,HC_LI,33,1474,20987513,186.2591074676799,303.2245547685803
7,5,5,2,clustered,service_sigma_0.5,HC_LI,34,673,20987513,200.75615503362826,332.42805703279544
7,5,5,2,clustered,service_sigma_0.5,HC_LI,35,1924,20987513,191.3587461279576,319.16038277902334
7,5,5,2,clustered,service_sigma_0.5,HC_LI,36,1040,20987513,218.38488607609563,295.5849125460668
7,5,5,2,clustered,service_sigma_0.5,HC_LI,37,1560,20987513,205.49660677472733,387.13101254838676
7,5,5,2,clustered,service_sigma_0.5,HC_LI,38,704,20987513,192.9256527746484,294.30657737436184
7,5,5,2,clustered,service_sigma_0.5,HC_LI,39,102,20987513,217.50645713616007,327.76499848796664
7,5,5,2,clustered,service_sigma_0.5,HC_LI,40,914,20987513,164.4575163926635,288.62113465832334
7,5,5,2,clustered,service_sigma_0.5,HC_LI,41,2496,20987513,213.74165624664488,357.0616338773594
7,5,5,2,clustered,service_sigma_0.5,HC_LI,42,674,20987513,217.49230412546515,347.14077830533785
7,5,5,2,clustered,service_sigma_0.5,HC_LI,43,1499,20987513,146.95725339802405,288.3745088678049
7,5,5,2,clustered,service_sigma_0.5,HC_LI,44,2180,20987513,193.14243759140405,295.95801080636096
7,5,5,2,clustered,service_sigma_0.5,HC_LI,45,1658,20987513,199.8966366819748,301.36992746597645
7,5,5,2,clustered,service_sigma_0.5,HC_LI,46,2749,20987513,212.14763503266167,383.764543374195
7,5,5,2,clustered,service_sigma_0.5,HC_LI,47,306,20987513,224.28877455250372,418.8028727273798
7,5,5,2,clustered,service_sigma_0.5,HC_LI,48,113,20987513,224.87545754486794,320.1112802520494
7,5,5,2,clustered,service_sigma_0.5,HC_LI,49,2502,20987513,193.23903599681785,317.40097767216463
7,5,5,2,clustered,service_sigma_0.5,HC_LI,50,674,20987513,209.1492544713985,343.2110884259101
7,5,5,2,clustered,service_sigma_0.5,HC_LI,51,2796,20987513,211.06538755281483,405.9757808788983
7,5,5,2,clustered,service_sigma_0.5,HC_LI,52,2916,20987513,231.98302466238917,368.15942485043905
7,5,5,2,clustered,service_sigma_0.5,HC_LI,53,798,20987513,191.5250800251118,278.4518715841432
7,5,5,2,clustered,service_sigma_0.5,HC_LI,54,2775,20987513,274.58929844577733,448.6409875658486
7,5,5,2,clustered,service_sigma_0.5,HC_LI,55,1040,20987513,197.73527225291224,327.76425484223824
7,5,5,2,clustered,service_sigma_0.5,HC_LI,56,272,20987513,198.32025251228833,294.4221110544728
7,5,5,2,clustered,service_sigma_0.5,HC_LI,57,503,20987513,225.2927440952852,382.7491515890592
7,5,5,2,clustered,service_sigma_0.5,HC_LI,58,2952,20987513,201.72283408886966,324.34101849968596
7,5,5,2,clustered,service_sigma_0.5,HC_LI,59,1902,20987513,171.81788744456853,282.47920085119983
7,5,5,2,clustered,service_sigma_0.5,HC_LI,60,1863,20987513,136.891002870613,260.8490766377322
7,5,5,2,clustered,service_sigma_0.5,HC_LI,61,1560,20987513,235.1064081115303,304.27133824207573
7,5,5,2,clustered,service_sigma_0.5,HC_LI,62,502,20987513,153.55926188117746,231.22642250835608
7,5,5,2,clustered,service_sigma_0.5,HC_LI,63,2145,20987513,149.18497429871724,225.47291541799268
7,5,5,2,clustered,service_sigma_0.5,HC_LI,64,674,20987513,202.6559662899694,358.20514379832906
7,5,5,2,clustered,service_sigma_0.5,HC_LI,65,2626,20987513,189.60539482764722,262.02089274035603
7,5,5,2,clustered,service_sigma_0.5,HC_LI,66,69,20987513,184.08935171823458,315.6889127783503
7,5,5,2,clustered,service_sigma_0.5,HC_LI,67,2564,20987513,265.42211701510473,435.8429105121899
7,5,5,2,clustered,service_sigma_0.5,HC_LI,68,855,20987513,177.07542325681823,285.6924499671091
7,5,5,2,clustered,service_sigma_0.5,HC_LI,69,2190,20987513,207.68026231766044,313.8303953891881
7,5,5,2,clustered,service_sigma_0.5,HC_LI,70,780,20987513,213.63371162789653,314.29575054750023
7,5,5,2,clustered,service_sigma_0.5,HC_LI,71,855,20987513,201.0970158340608,276.4110930348284
7,5,5,2,clustered,service_sigma_0.5,HC_LI,72,1693,20987513,188.0732477266671,292.1745037654514
7,5,5,2,clustered,service_sigma_0.5,HC_LI,73,855,20987513,187.90659961500924,296.50666342201447
7,5,5,2,clustered,service_sigma_0.5,HC_LI,74,2814,20987513,208.20680191016933,324.5318702808829
7,5,5,2,clustered,service_sigma_0.5,HC_LI,75,429,20987513,208.70864862927064,245.073386347799
7,5,5,2,clustered,service_sigma_0.5,HC_LI,76,1353,20987513,206.380552894416,274.48791396217695
7,5,5,2,clustered,service_sigma_0.5,HC_LI,77,2243,20987513,224.99385346391114,351.69711906327393
7,5,5,2,clustered,service_sigma_0.5,HC_LI,78,2269,20987513,196.985775151701,230.48326936986084
7,5,5,2,clustered,service_sigma_0.5,HC_LI,79,1072,20987513,215.8990300825589,301.7073530694329
7,5,5,2,clustered,service_sigma_0.5,HC_LI,80,255,20987513,222.31558317680765,280.9341460789976
7,5,5,2,clustered,service_sigma_0.5,HC_LI,81,313,20987513,160.30650018112775,276.6592894156605
7,5,5,2,clustered,service_sigma_0.5,HC_LI,82,2039,20987513,208.57998115758522,324.3948593253028
7,5,5,2,clustered,service_sigma_0.5,HC_LI,83,2658,20987513,207.607337116926,359.8049541407308
7,5,5,2,clustered,service_sigma_0.5,HC_LI,84,71,20987513,180.9056333222039,311.38639044753984
7,5,5,2,clustered,service_sigma_0.5,HC_LI,85,62,20987513,245.60285978084582,423.3007297586533
7,5,5,2,clustered,service_sigma_0.5,HC_LI,86,503,20987513,209.31191450722363,370.90190526585684
7,5,5,2,clustered,service_sigma_0.5,HC_LI,87,2692,20987513,230.48388376277933,407.00256402298857
7,5,5,2,clustered,service_sigma_0.5,HC_LI,88,257,20987513,199.00498433548412,354.22069720061364
7,5,5,2,clustered,service_sigma_0.5,HC_LI,89,1700,20987513,185.69434250895677,296.27269602726824
7,5,5,2,clustered,service_sigma_0.5,HC_LI,90,1191,20987513,183.30081815820307,277.7327520180969
7,5,5,2,clustered,service_sigma_0.5,HC_LI,91,2952,20987513,206.75219709938412,325.06391366524963
7,5,5,2,clustered,service_sigma_0.5,HC_LI,92,855,20987513,184.88715016461714,276.68944879101423
7,5,5,2,clustered,service_sigma_0.5,HC_LI,93,100,20987513,188.8974194891468,282.2856649162059
7,5,5,2,clustered,service_sigma_0.5,HC_LI,94,567,20987513,164.1152975926479,237.23233201591054
7,5,5,2,clustered,service_sigma_0.5,HC_LI,95,2775,20987513,257.3053075396278,394.40003969692515
7,5,5,2,clustered,service_sigma_0.5,HC_LI,96,1542,20987513,182.91961501977627,320.71607210639326
7,5,5,2,clustered,service_sigma_0.5,HC_LI,97,1353,20987513,196.03081405912837,297.1778702226161
7,5,5,2,clustered,service_sigma_0.5,HC_LI,98,798,20987513,189.46873429518757,320.0300643148835
7,5,5,2,clustered,service_sigma_0.5,HC_LI,99,2337,20987513,193.6027133494333,281.59465477482905
7,5,5,2,clustered,service_sigma_0.5,HC_LI,100,2625,20987513,210.65356368618018,366.8526813872364
7,5,5,2,clustered,service_sigma_0.5,HC_LI,101,2160,20987513,192.41599935478382,320.33572272088367
7,5,5,2,clustered,service_sigma_0.5,HC_LI,102,1184,20987513,223.91569585708928,369.4415259244605
7,5,5,2,clustered,service_sigma_0.5,HC_LI,103,1767,20987513,221.6061233240709,341.4554401991087
7,5,5,2,clustered,service_sigma_0.5,HC_LI,104,914,20987513,192.58637552684036,291.8413716287758
7,5,5,2,clustered,service_sigma_0.5,HC_LI,105,1498,20987513,203.06810061126043,289.914781224318
7,5,5,2,clustered,service_sigma_0.5,HC_LI,106,2658,20987513,185.1785330354263,364.3985705501597
7,5,5,2,clustered,service_sigma_0.5,HC_LI,107,313,20987513,219.63155762900084,265.1149450530353
7,5,5,2,clustered,service_sigma_0.5,HC_LI,108,780,20987513,207.71946254667168,280.21757936126323
7,5,5,2,clustered,service_sigma_0.5,HC_LI,109,1699,20987513,207.3264437250702,308.16804088985987
7,5,5,2,clustered,service_sigma_0.5,HC_LI,110,2749,20987513,180.67874502805617,354.6924154445622
7,5,5,2,clustered,service_sigma_0.5,HC_LI,111,2370,20987513,232.78480144983538,354.0887589765712
7,5,5,2,clustered,service_sigma_0.5,HC_LI,112,23,20987513,214.0078224930511,331.4654338464033
7,5,5,2,clustered,service_sigma_0.5,HC_LI,113,1016,20987513,183.72238055920107,359.3878207833564
7,5,5,2,clustered,service_sigma_0.5,HC_LI,114,2238,20987513,154.15418466364775,263.851401940663
7,5,5,2,clustered,service_sigma_0.5,HC_LI,115,1500,20987513,155.7150077130621,291.5743531836364
7,5,5,2,clustered,service_sigma_0.5,HC_LI,116,231,20987513,182.74895924512322,305.68986360608574
7,5,5,2,clustered,service_sigma_0.5,HC_LI,117,272,20987513,169.77440242624755,283.43694840477445
7,5,5,2,clustered,service_sigma_0.5,HC_LI,118,71,20987513,190.38317625382751,298.42105915896457
7,5,5,2,clustered,service_sigma_0.5,HC_LI,119,1538,20987513,194.3438304896889,249.98492292261827
7,5,5,2,clustered,service_sigma_0.5,HC_LI,120,1437,20987513,207.99327476686688,272.26164045403
7,5,5,2,clustered,service_sigma_0.5,HC_LI,121,1958,20987513,217.09976684113843,305.6487238640369
7,5,5,2,clustered,service_sigma_0.5,HC_LI,122,1175,20987513,190.86160808200282,316.3646282362444
7,5,5,2,clustered,service_sigma_0.5,HC_LI,123,108,20987513,207.45672818278834,334.05665494905276
7,5,5,2,clustered,service_sigma_0.5,HC_LI,124,1077,20987513,183.99709294361742,306.61794314359554
7,5,5,2,clustered,service_sigma_0.5,HC_LI,125,858,20987513,184.94948994563214,336.3752057079092
7,5,5,2,clustered,service_sigma_0.5,HC_LI,126,1843,20987513,208.65140710480836,257.3726078428103
7,5,5,2,clustered,service_sigma_0.5,HC_LI,127,1437,20987513,218.1462487711076,305.7763813218061
7,5,5,2,clustered,service_sigma_0.5,HC_LI,128,2448,20987513,289.15026088867404,472.90455977128823
7,5,5,2,clustered,service_sigma_0.5,HC_LI,129,2982,20987513,207.1937045068027,283.60380516991694
7,5,5,2,clustered,service_sigma_0.5,HC_LI,130,464,20987513,173.87140383656563,307.6062708153308
7,5,5,2,clustered,service_sigma_0.5,HC_LI,131,1630,20987513,215.51646820706603,309.32944603107245
7,5,5,2,clustered,service_sigma_0.5,HC_LI,132,1232,20987513,177.0193872804325,318.70491484701887
7,5,5,2,clustered,service_sigma_0.5,HC_LI,133,10,20987513,185.15147153940794,311.10630802303206
7,5,5,2,clustered,service_sigma_0.5,HC_LI,134,1560,20987513,234.543287871504,360.82703222889404
7,5,5,2,clustered,service_sigma_0.5,HC_LI,135,2508,20987513,204.43169869782795,334.1491000415387
7,5,5,2,clustered,service_sigma_0.5,HC_LI,136,2867,20987513,195.35035909938986,303.27011064572497
7,5,5,2,clustered,service_sigma_0.5,HC_LI,137,418,20987513,219.88969504087078,351.6759204675559
7,5,5,2,clustered,service_sigma_0.5,HC_LI,138,2961,20987513,248.05102737124355,326.1434311071507
7,5,5,2,clustered,service_sigma_0.5,HC_LI,139,131,20987513,199.8696240086185,296.08845766335077
7,5,5,2,clustered,service_sigma_0.5,HC_LI,140,1935,20987513,173.885426583717,302.960629823972
7,5,5,2,clustered,service_sigma_0.5,HC_LI,141,735,20987513,229.1757512252875,418.0583684534521
7,5,5,2,clustered,service_sigma_0.5,HC_LI,142,2145,20987513,137.30789289063142,255.5597900398591
7,5,5,2,clustered,service_sigma_0.5,HC_LI,143,2064,20987513,184.71840457005644,295.9801820216649
7,5,5,2,clustered,service_sigma_0.5,HC_LI,144,2784,20987513,183.2600073648844,240.6342539265699
7,5,5,2,clustered,service_sigma_0.5,HC_LI,145,735,20987513,217.98887020408347,377.66644309152025
7,5,5,2,clustered,service_sigma_0.5,HC_LI,146,858,20987513,177.61556172021218,316.1468833367077
7,5,5,2,clustered,service_sigma_0.5,HC_LI,147,257,20987513,205.2696061995753,312.5373886436975
7,5,5,2,clustered,service_sigma_0.5,HC_LI,148,2449,20987513,170.23427862146596,268.1821769798833
7,5,5,2,clustered,service_sigma_0.5,HC_LI,149,1412,20987513,186.4400050502952,315.28528889126886
7,5,5,2,clustered,service_sigma_0.5,HC_LI,150,1192,20987513,206.10079565928203,374.1648330041083
7,5,5,2,clustered,service_sigma_0.5,HC_LI,151,23,20987513,207.87284719603042,351.86878910013945
7,5,5,2,clustered,service_sigma_0.5,HC_LI,152,1211,20987513,202.38407254068417,337.7191345989511
7,5,5,2,clustered,service_sigma_0.5,HC_LI,153,2175,20987513,197.15504100834974,321.7257207584331
7,5,5,2,clustered,service_sigma_0.5,HC_LI,154,2394,20987513,209.6190078291951,328.80177451625553
7,5,5,2,clustered,service_sigma_0.5,HC_LI,155,858,20987513,188.993074875888,322.7209774681132
7,5,5,2,clustered,service_sigma_0.5,HC_LI,156,2749,20987513,204.21883117698596,363.0643381783708
7,5,5,2,clustered,service_sigma_0.5,HC_LI,157,1699,20987513,181.94171476249093,246.4348682834259
7,5,5,2,clustered,service_sigma_0.5,HC_LI,158,1924,20987513,183.83408499307777,304.8970944077894
7,5,5,2,clustered,service_sigma_0.5,HC_LI,159,1658,20987513,206.1252037627068,285.2066764549335
7,5,5,2,clustered,service_sigma_0.5,HC_LI,160,2636,20987513,201.31301004472604,284.3796431043288
7,5,5,2,clustered,service_sigma_0.5,HC_LI,161,2636,20987513,193.62409416245015,283.5258221619403
7,5,5,2,clustered,service_sigma_0.5,HC_LI,162,2190,20987513,208.2081928797605,331.6739392364599
7,5,5,2,clustered,service_sigma_0.5,HC_LI,163,2055,20987513,221.7641639428037,291.9728882180133
7,5,5,2,clustered,service_sigma_0.5,HC_LI,164,1958,20987513,208.6491846926129,315.85672122513375
7,5,5,2,clustered,service_sigma_0.5,HC_LI,165,206,20987513,227.80158387993464,352.7429174136082
7,5,5,2,clustered,service_sigma_0.5,HC_LI,166,914,20987513,154.96830694558437,292.7140700343211
7,5,5,2,clustered,service_sigma_0.5,HC_LI,167,2369,20987513,229.9557620909774,330.5773286117261
7,5,5,2,clustered,service_sigma_0.5,HC_LI,168,2862,20987513,168.56510943988133,297.6033541497649
7,5,5,2,clustered,service_sigma_0.5,HC_LI,169,113,20987513,216.01554155327122,338.29435407313076
7,5,5,2,clustered,service_sigma_0.5,HC_LI,170,636,20987513,192.17008103636357,293.2457610226666
7,5,5,2,clustered,service_sigma_0.5,HC_LI,171,1957,20987513,200.69529714626648,317.2807362139382
7,5,5,2,clustered,service_sigma_0.5,HC_LI,172,1498,20987513,202.50421376008228,330.72778219778644
7,5,5,2,clustered,service_sigma_0.5,HC_LI,173,2079,20987513,211.09127835541625,332.83797401310403
7,5,5,2,clustered,service_sigma_0.5,HC_LI,174,1517,20987513,194.25791400778172,287.04985981796017
7,5,5,2,clustered,service_sigma_0.5,HC_LI,175,1658,20987513,206.4294157526496,268.24598881706055
7,5,5,2,clustered,service_sigma_0.5,HC_LI,176,74,20987513,190.27166513134378,330.33246204745825
7,5,5,2,clustered,service_sigma_0.5,HC_LI,177,1315,20987513,228.41693057151613,348.45209616010555
7,5,5,2,clustered,service_sigma_0.5,HC_LI,178,1232,20987513,184.11635300290823,325.7581233835923
7,5,5,2,clustered,service_sigma_0.5,HC_LI,179,2145,20987513,123.3107584757202,228.6718461100663
7,5,5,2,clustered,service_sigma_0.5,HC_LI,180,1958,20987513,220.86391192195893,314.66267110312964
7,5,5,2,clustered,service_sigma_0.5,HC_LI,181,2269,20987513,189.43481924818698,230.80204178747385
7,5,5,2,clustered,service_sigma_0.5,HC_LI,182,1958,20987513,208.2839216968288,312.51546291133184
7,5,5,2,clustered,service_sigma_0.5,HC_LI,183,2119,20987513,214.31017129852137,358.6105917415141
7,5,5,2,clustered,service_sigma_0.5,HC_LI,184,1072,20987513,217.81971981549398,277.89763773942997
7,5,5,2,clustered,service_sigma_0.5,HC_LI,185,1678,20987513,151.71559644729936,255.09832135505764
7,5,5,2,clustered,service_sigma_0.5,HC_LI,186,2502,20987513,192.59341453356654,325.45053006184156
7,5,5,2,clustered,service_sigma_0.5,HC_LI,187,704,20987513,210.58189798540442,311.5792729893775
7,5,5,2,clustered,service_sigma_0.5,HC_LI,188,724,20987513,220.2055406365136,309.0057565449994
7,5,5,2,clustered,service_sigma_0.5,HC_LI,189,2794,20987513,198.0774634150519,262.7548830131455
7,5,5,2,clustered,service_sigma_0.5,HC_LI,190,1085,20987513,202.9017233957005,320.1904586853599
7,5,5,2,clustered,service_sigma_0.5,HC_LI,191,1700,20987513,176.5827104645811,289.7727064231977
7,5,5,2,clustered,service_sigma_0.5,HC_LI,192,2916,20987513,255.97472824599177,396.12532580576726
7,5,5,2,clustered,service_sigma_0.5,HC_LI,193,770,20987513,220.344236198246,360.4535245935574
7,5,5,2,clustered,service_sigma_0.5,HC_LI,194,1279,20987513,174.8376508925736,314.88286436638737
7,5,5,2,clustered,service_sigma_0.5,HC_LI,195,674,20987513,198.35035837598065,352.383273759249
7,5,5,2,clustered,service_sigma_0.5,HC_LI,196,2066,20987513,198.00155429156783,304.25087404515733
7,5,5,2,clustered,service_sigma_0.5,HC_LI,197,2531,20987513,175.61432756088138,311.2587198904549
7,5,5,2,clustered,service_sigma_0.5,HC_LI,198,1864,20987513,199.91802625388243,278.8706605476077
7,5,5,2,clustered,service_sigma_0.5,HC_LI,199,509,20987513,189.71401524841346,359.2084570177577
7,5,5,2,clustered,service_sigma_0.5,LC_HI,0,1885,20987513,148.29630831455793,242.8282134501605
7,5,5,2,clustered,service_sigma_0.5,LC_HI,1,1736,20987513,156.14208014380677,240.1784868591953
7,5,5,2,clustered,service_sigma_0.5,LC_HI,2,1992,20987513,195.08214537197034,195.37488985632797
7,5,5,2,clustered,service_sigma_0.5,LC_HI,3,2844,20987513,186.2791001198199,180.48531904827186
7,5,5,2,clustered,service_sigma_0.5,LC_HI,4,2721,20987513,169.23483419865568,201.475762927187
7,5,5,2,clustered,service_sigma_0.5,LC_HI,5,304,20987513,156.31515622182934,269.5469649928913
7,5,5,2,clustered,service_sigma_0.5,LC_HI,6,2812,20987513,191.22506786498894,264.7117703985367
7,5,5,2,clustered,service_sigma_0.5,LC_HI,7,204,20987513,149.80213188941403,227.02421495629267
7,5,5,2,clustered,service_sigma_0.5,LC_HI,8,2713,20987513,176.42618674429247,213.7603658606449
7,5,5,2,clustered,service_sigma_0.5,LC_HI,9,407,20987513,142.48085942797167,229.01529245128242
7,5,5,2,clustered,service_sigma_0.5,LC_HI,10,616,20987513,160.3824514687635,246.43012862182894
7,5,5,2,clustered,service_sigma_0.5,LC_HI,11,282,20987513,127.18400432360778,187.85197628760764
7,5,5,2,clustered,service_sigma_0.5,LC_HI,12,1033,20987513,202.57334941973903,214.1980714774159
7,5,5,2,clustered,service_sigma_0.5,LC_HI,13,2128,20987513,139.99767034198322,230.67163900121238
7,5,5,2,clustered,service_sigma_0.5,LC_HI,14,2222,20987513,190.17634140216614,228.23671472429933
7,5,5,2,clustered,service_sigma_0.5,LC_HI,15,2069,20987513,202.18988032281356,379.3224318991088
7,5,5,2,clustered,service_sigma_0.5,LC_HI,16,2779,20987513,162.02249756312102,191.78693682635122
7,5,5,2,clustered,service_sigma_0.5,LC_HI,17,1242,20987513,204.95535006069204,243.47569739948395
7,5,5,2,clustered,service_sigma_0.5,LC_HI,18,2244,20987513,170.98018116854266,266.5088576695124
7,5,5,2,clustered,service_sigma_0.5,LC_HI,19,2494,20987513,151.81537315309177,213.28361251065513
7,5,5,2,clustered,service_sigma_0.5,LC_HI,20,1933,20987513,155.79348199978278,210.5229778025569
7,5,5,2,clustered,service_sigma_0.5,LC_HI,21,842,20987513,187.7337166085527,249.50560298414243
7,5,5,2,clustered,service_sigma_0.5,LC_HI,22,1218,20987513,173.22902503838569,206.6438599931845
7,5,5,2,clustered,service_sigma_0.5,LC_HI,23,690,20987513,115.4196812629479,217.75573487975598
7,5,5,2,clustered,service_sigma_0.5,LC_HI,24,2776,20987513,127.07773541536419,216.90412614036785
7,5,5,2,clustered,service_sigma_0.5,LC_HI,25,2202,20987513,122.84031055468807,222.68762309839792
7,5,5,2,clustered,service_sigma_0.5,LC_HI,26,2219,20987513,175.01639215262065,311.4753294151254
7,5,5,2,clustered,service_sigma_0.5,LC_HI,27,2464,20987513,200.65634427737956,251.33216851884416
7,5,5,2,clustered,service_sigma_0.5,LC_HI,28,1966,20987513,159.52175979749026,263.4924661408371
7,5,5,2,clustered,service_sigma_0.5,LC_HI,29,2464,20987513,193.71824095986895,238.19387723567965
7,5,5,2,clustered,service_sigma_0.5,LC_HI,30,1322,20987513,189.7960906011188,272.99880709557397
7,5,5,2,clustered,service_sigma_0.5,LC_HI,31,2299,20987513,170.8251208937107,266.53007959309235
7,5,5,2,clustered,service_sigma_0.5,LC_HI,32,2464,20987513,186.84704713313278,229.3881276202475
7,5,5,2,clustered,service_sigma_0.5,LC_HI,33,2641,20987513,175.55701717084716,325.005356588976
7,5,5,2,clustered,service_sigma_0.5,LC_HI,34,1513,20987513,180.510757289212,253.36522535018318
7,5,5,2,clustered,service_sigma_0.5,LC_HI,35,294,20987513,161.18890388813116,183.7122144551384
7,5,5,2,clustered,service_sigma_0.5,LC_HI,36,1218,20987513,160.5849125460668,202.4772507147016
7,5,5,2,clustered,service_sigma_0.5,LC_HI,37,1352,20987513,138.39560400929878,226.54890164198156
7,5,5,2,clustered,service_sigma_0.5,LC_HI,38,2488,20987513,169.16056466349607,208.7768929802544
7,5,5,2,clustered,service_sigma_0.5,LC_HI,39,2744,20987513,195.73615489821188,293.3622738820169
7,5,5,2,clustered,service_sigma_0.5,LC_HI,40,472,20987513,171.40659222392847,295.06886589520104
7,5,5,2,clustered,service_sigma_0.5,LC_HI,41,1322,20987513,191.59086129726924,275.1294357156327
7,5,5,2,clustered,service_sigma_0.5,LC_HI,42,2031,20987513,126.53379426296044,194.346015195969
7,5,5,2,clustered,service_sigma_0.5,LC_HI,43,207,20987513,159.0778569398633,242.77265434460986
7,5,5,2,clustered,service_sigma_0.5,LC_HI,44,2880,20987513,190.08726587699397,278.11679984060953
7,5,5,2,clustered,service_sigma_0.5,LC_HI,45,2841,20987513,146.45994751725513,254.55911861102774
7,5,5,2,clustered,service_sigma_0.5,LC_HI,46,2474,20987513,187.0782174653225,226.6186612049901
7,5,5,2,clustered,service_sigma_0.5,LC_HI,47,174,20987513,161.10903107341528,209.56434485073746
7,5,5,2,clustered,service_sigma_0.5,LC_HI,48,1472,20987513,175.16728451767293,204.19881155814312
7,5,5,2,clustered,service_sigma_0.5,LC_HI,49,98,20987513,156.97238648900426,244.75820422485998
7,5,5,2,clustered,service_sigma_0.5,LC_HI,50,1459,20987513,158.28916428171638,245.48382647058042
7,5,5,2,clustered,service_sigma_0.5,LC_HI,51,2990,20987513,163.40124305596783,244.8831786904461
7,5,5,2,clustered,service_sigma_0.5,LC_HI,52,112,20987513,157.8417824905717,242.31436480645763
7,5,5,2,clustered,service_sigma_0.5,LC_HI,53,2562,20987513,169.34466233767608,245.7191831004292
7,5,5,2,clustered,service_sigma_0.5,LC_HI,54,1218,20987513,162.0929031135662,214.12432815077412
7,5,5,2,clustered,service_sigma_0.5,LC_HI,55,1567,20987513,153.2498241928298,194.9377419714677
7,5,5,2,clustered,service_sigma_0.5,LC_HI,56,1908,20987513,146.0498723537494,217.05188806223256
7,5,5,2,clustered,service_sigma_0.5,LC_HI,57,2464,20987513,191.1678709441071,214.09415847007276
7,5,5,2,clustered,service_sigma_0.5,LC_HI,58,2836,20987513,145.60735199134243,204.28231414523742
7,5,5,2,clustered,service_sigma_0.5,LC_HI,59,843,20987513,161.98925182309497,227.48730998774334
7,5,5,2,clustered,service_sigma_0.5,LC_HI,60,2997,20987513,203.43710579666183,253.54418518585115
7,5,5,2,clustered,service_sigma_0.5,LC_HI,61,1365,20987513,193.42866897277617,234.6002884297403
7,5,5,2,clustered,service_sigma_0.5,LC_HI,62,2043,20987513,206.1898592637379,281.63579309363314
7,5,5,2,clustered,service_sigma_0.5,LC_HI,63,2297,20987513,142.24831654878682,258.4398997590797
7,5,5,2,clustered,service_sigma_0.5,LC_HI,64,2958,20987513,191.7274985676161,243.61040512473377
7,5,5,2,clustered,service_sigma_0.5,LC_HI,65,59,20987513,108.9976425663955,165.4838670956461
7,5,5,2,clustered,service_sigma_0.5,LC_HI,66,1876,20987513,178.96351303339392,291.4982574396577
7,5,5,2,clustered,service_sigma_0.5,LC_HI,67,151,20987513,179.30937661903997,293.0772478576161
7,5,5,2,clustered,service_sigma_0.5,LC_HI,68,162,20987513,198.04190482777352,249.0035089112501
7,5,5,2,clustered,service_sigma_0.5,LC_HI,69,2562,20987513,198.00968996989738,270.691267503923
7,5,5,2,clustered,service_sigma_0.5,LC_HI,70,2562,20987513,184.4910204166383,265.1049592261565
7,5,5,2,clustered,service_sigma_0.5,LC_HI,71,513,20987513,129.06385755088183,217.78097455102375
7,5,5,2,clustered,service_sigma_0.5,LC_HI,72,304,20987513,183.4567641252614,262.6593275977344
7,5,5,2,clustered,service_sigma_0.5,LC_HI,73,1850,20987513,173.24439011272176,252.07390864197777
7,5,5,2,clustered,service_sigma_0.5,LC_HI,74,1777,20987513,139.5227827584396,194.15295984668057
7,5,5,2,clustered,service_sigma_0.5,LC_HI,75,2279,20987513,161.11492827051345,265.54892860755547
7,5,5,2,clustered,service_sigma_0.5,LC_HI,76,1567,20987513,156.96483575380714,192.56430246125922
7,5,5,2,clustered,service_sigma_0.5,LC_HI,77,2494,20987513,168.4747908053369,212.30384076665325
7,5,5,2,clustered,service_sigma_0.5,LC_HI,78,749,20987513,139.70559745902128,227.28043901031745
7,5,5,2,clustered,service_sigma_0.5,LC_HI,79,475,20987513,139.9236709688805,234.378132484067
7,5,5,2,clustered,service_sigma_0.5,LC_HI,80,2443,20987513,164.93980378456223,290.00738445189523
7,5,5,2,clustered,service_sigma_0.5,LC_HI,81,1815,20987513,163.76478713132823,229.7949167202151
7,5,5,2,clustered,service_sigma_0.5,LC_HI,82,1668,20987513,176.55796997915348,261.2973216750848
7,5,5,2,clustered,service_sigma_0.5,LC_HI,83,1908,20987513,154.96306915600852,242.75575118193728
7,5,5,2,clustered,service_sigma_0.5,LC_HI,84,842,20987513,172.62213638236548,266.4957867410545
7,5,5,2,clustered,service_sigma_0.5,LC_HI,85,2880,20987513,200.20239344117064,259.22713360126653
7,5,5,2,clustered,service_sigma_0.5,LC_HI,86,1472,20987513,178.8040989795013,194.5426180651069
7,5,5,2,clustered,service_sigma_0.5,LC_HI,87,2464,20987513,187.8220876327639,293.4388817382465
7,5,5,2,clustered,service_sigma_0.5,LC_HI,88,1242,20987513,169.36292401286,224.0997998152168
7,5,5,2,clustered,service_sigma_0.5,LC_HI,89,566,20987513,155.90205562205915,206.12781245242235
7,5,5,2,clustered,service_sigma_0.5,LC_HI,90,1504,20987513,174.02175536071294,268.6927223145626
7,5,5,2,clustered,service_sigma_0.5,LC_HI,91,2142,20987513,177.71457629935347,287.1014807243455
7,5,5,2,clustered,service_sigma_0.5,LC_HI,92,842,20987513,176.63505780153002,240.70939824565636
7,5,5,2,clustered,service_sigma_0.5,LC_HI,93,415,20987513,121.32685779511607,208.58688068171094
7,5,5,2,clustered,service_sigma_0.5,LC_HI,94,2524,20987513,189.67882982280756,261.18938436695663
7,5,5,2,clustered,service_sigma_0.5,LC_HI,95,2620,20987513,156.09123638010004,255.43933100565425
7,5,5,2,clustered,service_sigma_0.5,LC_HI,96,1945,20987513,116.0033863039215,190.38352776482108
7,5,5,2,clustered,service_sigma_0.5,LC_HI,97,2427,20987513,162.28180299535907,221.53962982099029
7,5,5,2,clustered,service_sigma_0.5,LC_HI,98,1668,20987513,179.8425710819726,226.92443735454012
7,5,5,2,clustered,service_sigma_0.5,LC_HI,99,2069,20987513,206.82654279576371,382.28186926482635
7,5,5,2,clustered,service_sigma_0.5,LC_HI,100,2779,20987513,152.2233382773304,181.32454257706686
7,5,5,2,clustered,service_sigma_0.5,LC_HI,101,1791,20987513,222.17471379817815,286.41093318658636
7,5,5,2,clustered,service_sigma_0.5,LC_HI,102,2222,20987513,199.28059221534312,199.98921765874152
7,5,5,2,clustered,service_sigma_0.5,LC_HI,103,1229,20987513,164.47221301405457,216.20399589009554
7,5,5,2,clustered,service_sigma_0.5,LC_HI,104,1751,20987513,135.69722645508307,222.2191695878322
7,5,5,2,clustered,service_sigma_0.5,LC_HI,105,808,20987513,173.37364999170273,215.6872060410779
7,5,5,2,clustered,service_sigma_0.5,LC_HI,106,2776,20987513,145.1742341692924,183.1688496680912
7,5,5,2,clustered,service_sigma_0.5,LC_HI,107,926,20987513,175.63344541807385,268.00499915088386
7,5,5,2,clustered,service_sigma_0.5,LC_HI,108,304,20987513,181.65506971876167,224.24207815710028
7,5,5,2,clustered,service_sigma_0.5,LC_HI,109,2714,20987513,207.3258851374729,244.27285565086729
7,5,5,2,clustered,service_sigma_0.5,LC_HI,110,680,20987513,166.89229370988437,256.38220914859824
7,5,5,2,clustered,service_sigma_0.5,LC_HI,111,579,20987513,155.34085939395067,223.97439556317778
7,5,5,2,clustered,service_sigma_0.5,LC_HI,112,1899,20987513,176.48820216276644,258.8700725150801
7,5,5,2,clustered,service_sigma_0.5,LC_HI,113,2198,20987513,206.06937629939088,294.5380093996782
7,5,5,2,clustered,service_sigma_0.5,LC_HI,114,1718,20987513,159.8199672044084,272.2489663002444
7,5,5,2,clustered,service_sigma_0.5,LC_HI,115,68,20987513,134.7561650919017,211.7030529516797
7,5,5,2,clustered,service_sigma_0.5,LC_HI,116,1429,20987513,138.74684712790017,163.30978623730732
7,5,5,2,clustered,service_sigma_0.5,LC_HI,117,1862,20987513,201.09242528245983,302.6794641809796
7,5,5,2,clustered,service_sigma_0.5,LC_HI,118,112,20987513,168.2529940988619,265.7884712724994
7,5,5,2,clustered,service_sigma_0.5,LC_HI,119,1025,20987513,173.22576531369995,225.32619211834893
7,5,5,2,clustered,service_sigma_0.5,LC_HI,120,2611,20987513,155.50167471400195,213.7841446418122
7,5,5,2,clustered,service_sigma_0.5,LC_HI,121,1668,20987513,177.45347362170665,305.1830247008619
7,5,5,2,clustered,service_sigma_0.5,LC_HI,122,1567,20987513,155.903685241242,192.2999996737947
7,5,5,2,clustered,service_sigma_0.5,LC_HI,123,1614,20987513,156.53286987155894,231.78721009522982
7,5,5,2,clustered,service_sigma_0.5,LC_HI,124,2417,20987513,145.30306020002004,223.66280966235516
7,5,5,2,clustered,service_sigma_0.5,LC_HI,125,843,20987513,159.3339527358178,222.01717399007208
7,5,5,2,clustered,service_sigma_0.5,LC_HI,126,1253,20987513,169.2510551300657,234.60657687443435
7,5,5,2,clustered,service_sigma_0.5,LC_HI,127,1218,20987513,170.72921614083637,190.94617926134123
7,5,5,2,clustered,service_sigma_0.5,LC_HI,128,1293,20987513,167.34096123804557,277.7572210339246
7,5,5,2,clustered,service_sigma_0.5,LC_HI,129,1229,20987513,164.22391835681026,227.0886273617893
7,5,5,2,clustered,service_sigma_0.5,LC_HI,130,2524,20987513,197.7868870370358,264.63126487182745
7,5,5,2,clustered,service_sigma_0.5,LC_HI,131,2586,20987513,141.32673410514298,216.90604326504604
7,5,5,2,clustered,service_sigma_0.5,LC_HI,132,1810,20987513,179.4711409445701,276.12515106961257
7,5,5,2,clustered,service_sigma_0.5,LC_HI,133,1441,20987513,168.60461001310114,232.96707054755692
7,5,5,2,clustered,service_sigma_0.5,LC_HI,134,871,20987513,139.6754879144651,260.8541268862838
7,5,5,2,clustered,service_sigma_0.5,LC_HI,135,1810,20987513,186.22912585420596,265.7477671487498
7,5,5,2,clustered,service_sigma_0.5,LC_HI,136,2597,20987513,179.80962252379663,289.8509469356753
7,5,5,2,clustered,service_sigma_0.5,LC_HI,137,2713,20987513,173.29474190640775,186.90962271675974
7,5,5,2,clustered,service_sigma_0.5,LC_HI,138,1256,20987513,165.99154099416475,230.6599074744203
7,5,5,2,clustered,service_sigma_0.5,LC_HI,139,68,20987513,140.22411545961688,180.43275466097796
7,5,5,2,clustered,service_sigma_0.5,LC_HI,140,572,20987513,182.6418046410574,201.25165194716035
7,5,5,2,clustered,service_sigma_0.5,LC_HI,141,1025,20987513,176.8290377353795,189.68289877952344
7,5,5,2,clustered,service_sigma_0.5,LC_HI,142,790,20987513,173.442436790597,263.6647269918931
7,5,5,2,clustered,service_sigma_0.5,LC_HI,143,652,20987513,159.36055099063876,295.9575350513237
7,5,5,2,clustered,service_sigma_0.5,LC_HI,144,1399,20987513,169.06636047144227,234.01608323317927
7,5,5,2,clustered,service_sigma_0.5,LC_HI,145,446,20987513,186.9781941036186,195.6455616513101
7,5,5,2,clustered,service_sigma_0.5,LC_HI,146,1992,20987513,173.36511677376794,192.89699274196508
7,5,5,2,clustered,service_sigma_0.5,LC_HI,147,1225,20987513,190.47034061811183,276.29839496104734
7,5,5,2,clustered,service_sigma_0.5,LC_HI,148,1459,20987513,117.99203521028224,240.1822578466931
7,5,5,2,clustered,service_sigma_0.5,LC_HI,149,1293,20987513,157.65768347776677,257.78502490726777
7,5,5,2,clustered,service_sigma_0.5,LC_HI,150,2769,20987513,183.20579330612713,268.4324179406896
7,5,5,2,clustered,service_sigma_0.5,LC_HI,151,2443,20987513,185.55741882866607,293.2821562287545
7,5,5,2,clustered,service_sigma_0.5,LC_HI,152,1872,20987513,199.67269650985662,245.57755302586594
7,5,5,2,clustered,service_sigma_0.5,LC_HI,153,1459,20987513,153.4691303570285,260.5592135577727
7,5,5,2,clustered,service_sigma_0.5,LC_HI,154,2556,20987513,184.88465563623564,176.24902444268292
7,5,5,2,clustered,service_sigma_0.5,LC_HI,155,2965,20987513,198.08166246500394,335.5284162807139
7,5,5,2,clustered,service_sigma_0.5,LC_HI,156,539,20987513,173.17462336722468,209.3811262495055
7,5,5,2,clustered,service_sigma_0.5,LC_HI,157,2812,20987513,196.67158257768966,283.77628497369767
7,5,5,2,clustered,service_sigma_0.5,LC_HI,158,926,20987513,149.44779250974568,231.54921052291104
7,5,5,2,clustered,service_sigma_0.5,LC_HI,159,514,20987513,187.30980763253226,270.8689163482976
7,5,5,2,clustered,service_sigma_0.5,LC_HI,160,2494,20987513,145.64320946644162,209.4611424277802
7,5,5,2,clustered,service_sigma_0.5,LC_HI,161,2908,20987513,188.2489201676569,257.8272823587468
7,5,5,2,clustered,service_sigma_0.5,LC_HI,162,2861,20987513,201.7232334607953,258.27150415431635
7,5,5,2,clustered,service_sigma_0.5,LC_HI,163,2279,20987513,158.9814809642988,215.96152846246844
7,5,5,2,clustered,service_sigma_0.5,LC_HI,164,572,20987513,203.36732754911608,251.64540653747844
7,5,5,2,clustered,service_sigma_0.5,LC_HI,165,1899,20987513,192.78494244333547,247.6902437581334
7,5,5,2,clustered,service_sigma_0.5,LC_HI,166,1410,20987513,162.94880454797223,218.3434381445237
7,5,5,2,clustered,service_sigma_0.5,LC_HI,167,2362,20987513,171.43893652960574,245.67032397894226
7,5,5,2,clustered,service_sigma_0.5,LC_HI,168,166,20987513,230.49774996799516,268.1757358284609
7,5,5,2,clustered,service_sigma_0.5,LC_HI,169,1579,20987513,224.42158893994366,265.0074073194022
7,5,5,2,clustered,service_sigma_0.5,LC_HI,170,2417,20987513,177.69032208765444,245.2582107677252
7,5,5,2,clustered,service_sigma_0.5,LC_HI,171,1878,20987513,141.94152563231037,158.4794809199579
7,5,5,2,clustered,service_sigma_0.5,LC_HI,172,2098,20987513,208.27802156523302,277.84222403014974
7,5,5,2,clustered,service_sigma_0.5,LC_HI,173,415,20987513,131.11425416900164,215.63738734534323
7,5,5,2,clustered,service_sigma_0.5,LC_HI,174,1684,20987513,158.42247150336127,221.8351725656547
7,5,5,2,clustered,service_sigma_0.5,LC_HI,175,2297,20987513,132.60563156084967,251.61848666701323
7,5,5,2,clustered,service_sigma_0.5,LC_HI,176,0,20987513,168.59784114024055,257.1113244907689
7,5,5,2,clustered,service_sigma_0.5,LC_HI,177,52,20987513,159.5191224254565,214.78140353814405
7,5,5,2,clustered,service_sigma_0.5,LC_HI,178,1736,20987513,151.65840637859804,228.36206857502305
7,5,5,2,clustered,service_sigma_0.5,LC_HI,179,2455,20987513,175.1471131944561,245.8442698858331
7,5,5,2,clustered,service_sigma_0.5,LC_HI,180,1992,20987513,175.21332418603123,202.2184468033205
7,5,5,2,clustered,service_sigma_0.5,LC_HI,181,151,20987513,193.9683026830835,272.0556088227861
7,5,5,2,clustered,service_sigma_0.5,LC_HI,182,444,20987513,214.07811288354185,308.29309506728254
7,5,5,2,clustered,service_sigma_0.5,LC_HI,183,2098,20987513,206.12930255251177,254.12930255251177
7,5,5,2,clustered,service_sigma_0.5,LC_HI,184,559,20987513,155.7730119376582,191.31658515434486
7,5,5,2,clustered,service_sigma_0.5,LC_HI,185,2097,20987513,174.41632785364646,222.7723729132078
7,5,5,2,clustered,service_sigma_0.5,LC_HI,186,495,20987513,200.93066850992872,258.16714077084504
7,5,5,2,clustered,service_sigma_0.5,LC_HI,187,1885,20987513,113.66327479507996,245.2169874844935
7,5,5,2,clustered,service_sigma_0.5,LC_HI,188,1218,20987513,141.14323998385734,161.96365958554483
7,5,5,2,clustered,service_sigma_0.5,LC_HI,189,926,20987513,169.36940015917958,250.46493979769693
7,5,5,2,clustered,service_sigma_0.5,LC_HI,190,1945,20987513,124.96916987184315,188.98117572546093
7,5,5,2,clustered,service_sigma_0.5,LC_HI,191,2870,20987513,185.7589804914955,267.34511204052313
7,5,5,2,clustered,service_sigma_0.5,LC_HI,192,2812,20987513,197.41614946429783,282.3933039371804
7,5,5,2,clustered,service_sigma_0.5,LC_HI,193,2362,20987513,154.45046281469416,249.9344976943687
7,5,5,2,clustered,service_sigma_0.5,LC_HI,194,162,20987513,162.46107941611058,243.6934672037081
7,5,5,2,clustered,service_sigma_0.5,LC_HI,195,1791,20987513,206.86098854827108,262.42513715186783
7,5,5,2,clustered,service_sigma_0.5,LC_HI,196,1105,20987513,146.81600218461625,160.25386732190373
7,5,5,2,clustered,service_sigma_0.5,LC_HI,197,2494,20987513,154.99453360364265,181.95803432503186
7,5,5,2,clustered,service_sigma_0.5,LC_HI,198,191,20987513,211.4287505771951,275.804282289452
7,5,5,2,clustered,service_sigma_0.5,LC_HI,199,446,20987513,148.01126507044256,246.36360719618708
7,5,5,2,clustered,service_sigma_0.5,LC_LI,0,795,20987513,156.97918773363233,243.28414381897244
7,5,5,2,clustered,service_sigma_0.5,LC_LI,1,654,20987513,158.81659355111518,275.9578094447408
7,5,5,2,clustered,service_sigma_0.5,LC_LI,2,336,20987513,188.0256317722116,289.53864897021316
7,5,5,2,clustered,service_sigma_0.5,LC_LI,3,722,20987513,168.008161888503,286.99585874480744
7,5,5,2,clustered,service_sigma_0.5,LC_LI,4,2117,20987513,184.40075122653786,308.58712359073223
7,5,5,2,clustered,service_sigma_0.5,LC_LI,5,1685,20987513,178.77362937125224,323.89128156862176
7,5,5,2,clustered,service_sigma_0.5,LC_LI,6,2300,20987513,154.12256608333928,211.08847003903728
7,5,5,2,clustered,service_sigma_0.5,LC_LI,7,1825,20987513,180.4223059965242,299.82180350160206
7,5,5,2,clustered,service_sigma_0.5,LC_LI,8,605,20987513,162.8891656345293,263.9337798793344
7,5,5,2,clustered,service_sigma_0.5,LC_LI,9,1511,20987513,173.77964667122438,265.43269232803965
7,5,5,2,clustered,service_sigma_0.5,LC_LI,10,476,20987513,171.4898652978337,195.2788606827444
7,5,5,2,clustered,service_sigma_0.5,LC_LI,11,2801,20987513,167.1400675954124,241.09128027843374
7,5,5,2,clustered,service_sigma_0.5,LC_LI,12,1510,20987513,205.08010294272287,269.9837613442189
7,5,5,2,clustered,service_sigma_0.5,LC_LI,13,786,20987513,173.86129618915442,241.6423814152898
7,5,5,2,clustered,service_sigma_0.5,LC_LI,14,177,20987513,142.0818001578145,229.4012491135322
7,5,5,2,clustered,service_sigma_0.5,LC_LI,15,799,20987513,168.43108191950796,247.43336172311695
7,5,5,2,clustered,service_sigma_0.5,LC_LI,16,1271,20987513,168.96227220497732,254.47025974112074
7,5,5,2,clustered,service_sigma_0.5,LC_LI,17,2215,20987513,164.35644014796333,228.21251447730614
7,5,5,2,clustered,service_sigma_0.5,LC_LI,18,1788,20987513,228.3261982230511,318.67855700350566
7,5,5,2,clustered,service_sigma_0.5,LC_LI,19,449,20987513,156.39260240103255,201.18248778411316
7,5,5,2,clustered,service_sigma_0.5,LC_LI,20,722,20987513,172.7133298893792,292.93869596183674
7,5,5,2,clustered,service_sigma_0.5,LC_LI,21,2117,20987513,173.0529366814512,242.53342200404026
7,5,5,2,clustered,service_sigma_0.5,LC_LI,22,1524,20987513,207.29593274595064,293.73240001602994
7,5,5,2,clustered,service_sigma_0.5,LC_LI,23,1460,20987513,127.1061198278773,231.3483968973459
7,5,5,2,clustered,service_sigma_0.5,LC_LI,24,2303,20987513,156.47385717174637,239.3739916575089
7,5,5,2,clustered,service_sigma_0.5,LC_LI,25,2678,20987513,146.69224326679122,213.22522060838548
7,5,5,2,clustered,service_sigma_0.5,LC_LI,26,2608,20987513,171.72801437651813,306.8446391392326
7,5,5,2,clustered,service_sigma_0.5,LC_LI,27,449,20987513,169.59899941978412,202.310963159297
7,5,5,2,clustered,service_sigma_0.5,LC_LI,28,2682,20987513,126.98387164219626,184.5627147883281
7,5,5,2,clustered,service_sigma_0.5,LC_LI,29,1773,20987513,171.21330036520098,232.26322213283802
7,5,5,2,clustered,service_sigma_0.5,LC_LI,30,630,20987513,152.27030545104859,251.4227231432927
7,5,5,2,clustered,service_sigma_0.5,LC_LI,31,796,20987513,151.33763985479817,208.58401718418278
7,5,5,2,clustered,service_sigma_0.5,LC_LI,32,1172,20987513,185.32680141536082,349.2750524386824
7,5,5,2,clustered,service_sigma_0.5,LC_LI,33,2925,20987513,179.60461404625786,276.361541893308
7,5,5,2,clustered,service_sigma_0.5,LC_LI,34,1801,20987513,199.63362272149206,250.83801013315224
7,5,5,2,clustered,service_sigma_0.5,LC_LI,35,854,20987513,201.36622487285223,240.43479750266079
7,5,5,2,clustered,service_sigma_0.5,LC_LI,36,1271,20987513,176.26704600764828,261.118846525117
7,5,5,2,clustered,service_sigma_0.5,LC_LI,37,2581,20987513,186.76987192241296,217.48378666605086
7,5,5,2,clustered,service_sigma_0.5,LC_LI,38,285,20987513,175.9252319580693,227.65317031977415
7,5,5,2,clustered,service_sigma_0.5,LC_LI,39,2711,20987513,152.38960913681285,188.75671944020914
7,5,5,2,clustered,service_sigma_0.5,LC_LI,40,2316,20987513,143.77084050784896,222.29455507504088
7,5,5,2,clustered,service_sigma_0.5,LC_LI,41,1518,20987513,189.85195935617782,264.761657858338
7,5,5,2,clustered,service_sigma_0.5,LC_LI,42,644,20987513,190.4956014910925,287.9343882357037
7,5,5,2,clustered,service_sigma_0.5,LC_LI,43,661,20987513,216.61338933791546,381.5025905138865
7,5,5,2,clustered,service_sigma_0.5,LC_LI,44,1685,20987513,219.45341459889352,322.38286395017667
7,5,5,2,clustered,service_sigma_0.5,LC_LI,45,2682,20987513,125.32545871736659,178.82887861051478
7,5,5,2,clustered,service_sigma_0.5,LC_LI,46,939,20987513,172.01427045586064,301.66022516566443
7,5,5,2,clustered,service_sigma_0.5,LC_LI,47,985,20987513,203.89651087627314,244.39307490519252
7,5,5,2,clustered,service_sigma_0.5,LC_LI,48,2825,20987513,179.16206292490514,257.66577103669954
7,5,5,2,clustered,service_sigma_0.5,LC_LI,49,869,20987513,154.91637096327182,227.8848606775796
7,5,5,2,clustered,service_sigma_0.5,LC_LI,50,2809,20987513,158.74261493563577,234.82628035595374
7,5,5,2,clustered,service_sigma_0.5,LC_LI,51,200,20987513,190.21384147132872,306.89818651203785
7,5,5,2,clustered,service_sigma_0.5,LC_LI,52,1819,20987513,190.20829986610667,265.678717310015
7,5,5,2,clustered,service_sigma_0.5,LC_LI,53,1001,20987513,208.79129308499645,272.59362040976913
7,5,5,2,clustered,service_sigma_0.5,LC_LI,54,2782,20987513,179.07838431015895,346.48759661017687
7,5,5,2,clustered,service_sigma_0.5,LC_LI,55,2288,20987513,190.8162591967381,253.0348433761057
7,5,5,2,clustered,service_sigma_0.5,LC_LI,56,2514,20987513,159.6937194740917,299.8201662259654
7,5,5,2,clustered,service_sigma_0.5,LC_LI,57,617,20987513,160.62624776273256,197.50285077179095
7,5,5,2,clustered,service_sigma_0.5,LC_LI,58,2824,20987513,145.32539673946272,205.56292627935667
7,5,5,2,clustered,service_sigma_0.5,LC_LI,59,1467,20987513,172.283209449565,317.6824388951623
7,5,5,2,clustered,service_sigma_0.5,LC_LI,60,2319,20987513,162.05407808854807,224.6556449927677
7,5,5,2,clustered,service_sigma_0.5,LC_LI,61,776,20987513,157.27193927474497,188.66136241755362
7,5,5,2,clustered,service_sigma_0.5,LC_LI,62,2316,20987513,169.77011043077152,244.72467186283527
7,5,5,2,clustered,service_sigma_0.5,LC_LI,63,2801,20987513,142.6770224724512,217.5369990834678
7,5,5,2,clustered,service_sigma_0.5,LC_LI,64,411,20987513,172.398194160693,206.7839049079774
7,5,5,2,clustered,service_sigma_0.5,LC_LI,65,2062,20987513,215.67261158890295,294.78450821428265
7,5,5,2,clustered,service_sigma_0.5,LC_LI,66,701,20987513,207.56857580703667,280.7580299369487
7,5,5,2,clustered,service_sigma_0.5,LC_LI,67,336,20987513,168.94385540401274,254.9159182117999
7,5,5,2,clustered,service_sigma_0.5,LC_LI,68,1142,20987513,165.1121668100425,271.58831621854813
7,5,5,2,clustered,service_sigma_0.5,LC_LI,69,2824,20987513,160.9695451486237,214.25347145176127
7,5,5,2,clustered,service_sigma_0.5,LC_LI,70,1173,20987513,144.5196711161019,274.4996639366082
7,5,5,2,clustered,service_sigma_0.5,LC_LI,71,1928,20987513,192.83494060696802,203.4825485570435
7,5,5,2,clustered,service_sigma_0.5,LC_LI,72,925,20987513,162.1871908957693,264.47700554383715
7,5,5,2,clustered,service_sigma_0.5,LC_LI,73,1271,20987513,148.0308999632152,223.74757204961355
7,5,5,2,clustered,service_sigma_0.5,LC_LI,74,1801,20987513,206.85393048056497,275.8981550304531
7,5,5,2,clustered,service_sigma_0.5,LC_LI,75,2917,20987513,165.39561611557073,271.5114567267256
7,5,5,2,clustered,service_sigma_0.5,LC_LI,76,1748,20987513,159.76124673353416,255.96081566191228
7,5,5,2,clustered,service_sigma_0.5,LC_LI,77,1962,20987513,168.1996385730879,222.7205109159549
7,5,5,2,clustered,service_sigma_0.5,LC_LI,78,1467,20987513,206.93851676135756,303.56333448212257
7,5,5,2,clustered,service_sigma_0.5,LC_LI,79,723,20987513,189.56995506295618,258.6176645252919
7,5,5,2,clustered,service_sigma_0.5,LC_LI,80,1515,20987513,150.72058770114114,250.26745962668133
7,5,5,2,clustered,service_sigma_0.5,LC_LI,81,2416,20987513,164.38644112059677,274.85665385884437
7,5,5,2,clustered,service_sigma_0.5,LC_LI,82,1286,20987513,196.83030172935642,226.52739431164835
7,5,5,2,clustered,service_sigma_0.5,LC_LI,83,520,20987513,158.37898852654914,270.9718395587361
7,5,5,2,clustered,service_sigma_0.5,LC_LI,84,2923,20987513,186.30342325630176,256.60766386964514
7,5,5,2,clustered,service_sigma_0.5,LC_LI,85,177,20987513,144.65239970882575,190.14365929573088
7,5,5,2,clustered,service_sigma_0.5,LC_LI,86,2551,20987513,188.1286603110254,264.3552223322904
7,5,5,2,clustered,service_sigma_0.5,LC_LI,87,550,20987513,159.13570100821198,280.85582181385996
7,5,5,2,clustered,service_sigma_0.5,LC_LI,88,2215,20987513,147.32992806266353,209.86828699332523
7,5,5,2,clustered,service_sigma_0.5,LC_LI,89,2141,20987513,173.92664042761405,233.11769479719086
7,5,5,2,clustered,service_sigma_0.5,LC_LI,90,2645,20987513,186.37688319535906,349.7775947285097
7,5,5,2,clustered,service_sigma_0.5,LC_LI,91,1286,20987513,188.32862125799647,223.63460564485385
7,5,5,2,clustered,service_sigma_0.5,LC_LI,92,776,20987513,141.52104914590953,190.1611849196812
7,5,5,2,clustered,service_sigma_0.5,LC_LI,93,2300,20987513,128.14192537837397,250.22917802860653
7,5,5,2,clustered,service_sigma_0.5,LC_LI,94,661,20987513,174.71728742767252,359.3169439945032
7,5,5,2,clustered,service_sigma_0.5,LC_LI,95,2724,20987513,179.0941063966416,252.46760843588575
7,5,5,2,clustered,service_sigma_0.5,LC_LI,96,404,20987513,170.32027469606405,227.93560428201732
7,5,5,2,clustered,service_sigma_0.5,LC_LI,97,722,20987513,178.6627762346156,301.4915497339192
7,5,5,2,clustered,service_sigma_0.5,LC_LI,98,1176,20987513,175.35236435148363,238.947914207248
7,5,5,2,clustered,service_sigma_0.5,LC_LI,99,1788,20987513,193.7929255834248,309.59653473474395
7,5,5,2,clustered,service_sigma_0.5,LC_LI,100,1928,20987513,191.40434859245983,235.72018247101641
7,5,5,2,clustered,service_sigma_0.5,LC_LI,101,2686,20987513,146.4903009208321,219.9236296435561
7,5,5,2,clustered,service_sigma_0.5,LC_LI,102,371,20987513,214.28059221534312,298.89782178428163
7,5,5,2,clustered,service_sigma_0.5,LC_LI,103,2682,20987513,150.4303738668899,180.88931400776966
7,5,5,2,clustered,service_sigma_0.5,LC_LI,104,1918,20987513,146.75933202528256,250.4157392602223
7,5,5,2,clustered,service_sigma_0.5,LC_LI,105,939,20987513,194.31433662672023,296.5106989240785
7,5,5,2,clustered,service_sigma_0.5,LC_LI,106,776,20987513,156.9228778494258,210.82326305299335
7,5,5,2,clustered,service_sigma_0.5,LC_LI,107,1335,20987513,167.75067196945508,226.49532224423135
7,5,5,2,clustered,service_sigma_0.5,LC_LI,108,1288,20987513,123.6611898044946,180.4389688929118
7,5,5,2,clustered,service_sigma_0.5,LC_LI,109,605,20987513,195.69513381106668,273.04370069812956
7,5,5,2,clustered,service_sigma_0.5,LC_LI,110,48,20987513,179.45157561755667,201.41363639290358
7,5,5,2,clustered,service_sigma_0.5,LC_LI,111,1299,20987513,187.4345501593449,232.19134555661208
7,5,5,2,clustered,service_sigma_0.5,LC_LI,112,2824,20987513,135.28189959551963,191.74960241849368
7,5,5,2,clustered,service_sigma_0.5,LC_LI,113,510,20987513,138.441035456654,254.88205142317693
7,5,5,2,clustered,service_sigma_0.5,LC_LI,114,2809,20987513,144.89336915692832,218.7965519762272
7,5,5,2,clustered,service_sigma_0.5,LC_LI,115,720,20987513,173.2680027964929,269.01285287496984
7,5,5,2,clustered,service_sigma_0.5,LC_LI,116,1825,20987513,166.0796725719463,317.4071108117944
7,5,5,2,clustered,service_sigma_0.5,LC_LI,117,336,20987513,154.706747607523,252.85151729424356
7,5,5,2,clustered,service_sigma_0.5,LC_LI,118,1001,20987513,189.3247284530988,320.4737881541069
7,5,5,2,clustered,service_sigma_0.5,LC_LI,119,2505,20987513,162.81411002416831,221.89856551203326
7,5,5,2,clustered,service_sigma_0.5,LC_LI,120,2809,20987513,180.1764584217242,236.1299570674093
7,5,5,2,clustered,service_sigma_0.5,LC_LI,121,1515,20987513,155.93692432070006,233.73755903926224
7,5,5,2,clustered,service_sigma_0.5,LC_LI,122,241,20987513,173.32975154831524,154.05034184998573
7,5,5,2,clustered,service_sigma_0.5,LC_LI,123,754,20987513,188.7144118474041,247.28330613320418
7,5,5,2,clustered,service_sigma_0.5,LC_LI,124,2782,20987513,205.67899601425998,302.221918295626
7,5,5,2,clustered,service_sigma_0.5,LC_LI,125,1142,20987513,171.11082380487653,302.54308835496283
7,5,5,2,clustered,service_sigma_0.5,LC_LI,126,2498,20987513,139.1664623237147,249.18722753404268
7,5,5,2,clustered,service_sigma_0.5,LC_LI,127,1515,20987513,178.7748939410318,275.59397445372866
7,5,5,2,clustered,service_sigma_0.5,LC_LI,128,723,20987513,194.28219304015838,284.788142732238
7,5,5,2,clustered,service_sigma_0.5,LC_LI,129,2682,20987513,123.45461097963828,175.25584790155852
7,5,5,2,clustered,service_sigma_0.5,LC_LI,130,2686,20987513,138.18005208000977,207.08741796491648
7,5,5,2,clustered,service_sigma_0.5,LC_LI,131,605,20987513,173.4264168893144,290.8791520047167
7,5,5,2,clustered,service_sigma_0.5,LC_LI,132,1519,20987513,169.39533839951116,254.80739806883497
7,5,5,2,clustered,service_sigma_0.5,LC_LI,133,676,20987513,173.5734408073473,285.29420414733363
7,5,5,2,clustered,service_sigma_0.5,LC_LI,134,1622,20987513,151.4326522637029,249.41079488847114
7,5,5,2,clustered,service_sigma_0.5,LC_LI,135,1142,20987513,164.2949163335478,263.07589011856464
7,5,5,2,clustered,service_sigma_0.5,LC_LI,136,2515,20987513,184.2740266051175,254.6366474477754
7,5,5,2,clustered,service_sigma_0.5,LC_LI,137,2917,20987513,203.6996801552304,281.99468859334553
7,5,5,2,clustered,service_sigma_0.5,LC_LI,138,1244,20987513,200.74991411210505,235.55452858767848
7,5,5,2,clustered,service_sigma_0.5,LC_LI,139,2968,20987513,142.17067372726154,243.548492525743
7,5,5,2,clustered,service_sigma_0.5,LC_LI,140,2711,20987513,143.56768352161376,174.2279184852919
7,5,5,2,clustered,service_sigma_0.5,LC_LI,141,2527,20987513,157.99860450253425,212.8649463844624
7,5,5,2,clustered,service_sigma_0.5,LC_LI,142,545,20987513,175.82733489289586,262.3826399408861
7,5,5,2,clustered,service_sigma_0.5,LC_LI,143,671,20987513,218.8105044442311,276.71454299172973
7,5,5,2,clustered,service_sigma_0.5,LC_LI,144,510,20987513,182.49870414597473,259.10073437746485
7,5,5,2,clustered,service_sigma_0.5,LC_LI,145,411,20987513,165.12982194565805,230.57645265525002
7,5,5,2,clustered,service_sigma_0.5,LC_LI,146,786,20987513,177.44978555042604,270.61869781583795
7,5,5,2,clustered,service_sigma_0.5,LC_LI,147,48,20987513,185.5614399459096,178.12884957478613
7,5,5,2,clustered,service_sigma_0.5,LC_LI,148,2319,20987513,195.81784165842282,216.02325222380244
7,5,5,2,clustered,service_sigma_0.5,LC_LI,149,2421,20987513,156.98815531763321,295.7129123421724
7,5,5,2,clustered,service_sigma_0.5,LC_LI,150,1259,20987513,207.89065498683954,235.47489424370661
7,5,5,2,clustered,service_sigma_0.5,LC_LI,151,2926,20987513,151.02239026313353,254.91191030308175
7,5,5,2,clustered,service_sigma_0.5,LC_LI,152,1440,20987513,129.57553091789885,197.87479032244815
7,5,5,2,clustered,service_sigma_0.5,LC_LI,153,2373,20987513,200.22930915260156,256.9754232956581
7,5,5,2,clustered,service_sigma_0.5,LC_LI,154,1515,20987513,153.1986606747647,240.75519783623704
7,5,5,2,clustered,service_sigma_0.5,LC_LI,155,1847,20987513,190.3704023548815,272.4578036800825
7,5,5,2,clustered,service_sigma_0.5,LC_LI,156,230,20987513,170.06433817837083,228.78179779429792
7,5,5,2,clustered,service_sigma_0.5,LC_LI,157,630,20987513,142.9935712461351,243.4226093747931
7,5,5,2,clustered,service_sigma_0.5,LC_LI,158,2551,20987513,196.64270401438367,272.88913577503695
7,5,5,2,clustered,service_sigma_0.5,LC_LI,159,2062,20987513,192.31065027072754,290.40786096450347
7,5,5,2,clustered,service_sigma_0.5,LC_LI,160,2711,20987513,139.2411449086195,201.21633281996827
7,5,5,2,clustered,service_sigma_0.5,LC_LI,161,2559,20987513,187.55527968190228,242.65643767444135
7,5,5,2,clustered,service_sigma_0.5,LC_LI,162,365,20987513,136.61690658260497,283.6533781563382
7,5,5,2,clustered,service_sigma_0.5,LC_LI,163,776,20987513,149.94860198579477,203.98120627429643
7,5,5,2,clustered,service_sigma_0.5,LC_LI,164,2319,20987513,182.58032766046782,233.86466306102233
7,5,5,2,clustered,service_sigma_0.5,LC_LI,165,2782,20987513,185.97438974953542,301.38670328262475
7,5,5,2,clustered,service_sigma_0.5,LC_LI,166,500,20987513,162.34494910279975,212.16933132599758
7,5,5,2,clustered,service_sigma_0.5,LC_LI,167,1259,20987513,198.4568183412264,227.9962639844105
7,5,5,2,clustered,service_sigma_0.5,LC_LI,168,2477,20987513,188.31431361583682,281.8362993168212
7,5,5,2,clustered,service_sigma_0.5,LC_LI,169,2782,20987513,161.97064217839264,318.9346566869988
7,5,5,2,clustered,service_sigma_0.5,LC_LI,170,720,20987513,151.92465175780148,258.5677186009306
7,5,5,2,clustered,service_sigma_0.5,LC_LI,171,2514,20987513,188.6375166472199,322.2191020777625
7,5,5,2,clustered,service_sigma_0.5,LC_LI,172,500,20987513,167.83142916582503,214.4125083774913
7,5,5,2,clustered,service_sigma_0.5,LC_LI,173,1541,20987513,194.12585595854225,280.836006212528
7,5,5,2,clustered,service_sigma_0.5,LC_LI,174,545,20987513,208.65374956270648,279.82965064322724
7,5,5,2,clustered,service_sigma_0.5,LC_LI,175,2316,20987513,165.34177488131826,216.72162459641726
7,5,5,2,clustered,service_sigma_0.5,LC_LI,176,1001,20987513,206.75591898612345,308.7882855379808
7,5,5,2,clustered,service_sigma_0.5,LC_LI,177,820,20987513,222.59318973836696,298.4144836832321
7,5,5,2,clustered,service_sigma_0.5,LC_LI,178,230,20987513,165.18997277589602,228.56611643727734
7,5,5,2,clustered,service_sigma_0.5,LC_LI,179,241,20987513,194.70507378688418,167.48273654034082
7,5,5,2,clustered,service_sigma_0.5,LC_LI,180,510,20987513,161.71249747423298,262.7191179759926
7,5,5,2,clustered,service_sigma_0.5,LC_LI,181,2391,20987513,168.63710203349785,314.2120024176721
7,5,5,2,clustered,service_sigma_0.5,LC_LI,182,295,20987513,180.85165600970217,284.35106709330057
7,5,5,2,clustered,service_sigma_0.5,LC_LI,183,2134,20987513,152.29059735381816,219.63478163747146
7,5,5,2,clustered,service_sigma_0.5,LC_LI,184,2288,20987513,188.0120774245638,249.8613194184857
7,5,5,2,clustered,service_sigma_0.5,LC_LI,185,1286,20987513,225.5812528340133,255.51405861081128
7,5,5,2,clustered,service_sigma_0.5,LC_LI,186,2608,20987513,186.7390002599635,300.0537169107843
7,5,5,2,clustered,service_sigma_0.5,LC_LI,187,796,20987513,134.12249157343715,215.2934493121576
7,5,5,2,clustered,service_sigma_0.5,LC_LI,188,411,20987513,173.79430670411492,199.3410234378099
7,5,5,2,clustered,service_sigma_0.5,LC_LI,189,1299,20987513,172.00408784409103,246.78547264108605
7,5,5,2,clustered,service_sigma_0.5,LC_LI,190,1001,20987513,209.49457843601112,272.1791335780838
7,5,5,2,clustered,service_sigma_0.5,LC_LI,191,2724,20987513,137.7365379570402,231.04914864396073
7,5,5,2,clustered,service_sigma_0.5,LC_LI,192,1847,20987513,159.9667926576153,269.33686043402736
7,5,5,2,clustered,service_sigma_0.5,LC_LI,193,2581,20987513,155.71036670601302,255.92147106713065
7,5,5,2,clustered,service_sigma_0.5,LC_LI,194,1244,20987513,164.83674961181234,234.2792721893946
7,5,5,2,clustered,service_sigma_0.5,LC_LI,195,776,20987513,171.7049389771604,211.23437626995107
7,5,5,2,clustered,service_sigma_0.5,LC_LI,196,241,20987513,169.08736893840666,212.50586642374307
7,5,5,2,clustered,service_sigma_0.5,LC_LI,197,1519,20987513,155.7000939758001,262.48049481445844
7,5,5,2,clustered,service_sigma_0.5,LC_LI,198,2237,20987513,143.40166263607355,242.3426947323329
7,5,5,2,clustered,service_sigma_0.5,LC_LI,199,925,20987513,178.46535954859482,261.6337639562854
9,5,15,2,diurnal,service_sigma_0.5,random,0,1283,21187519,277.2392177323638,382.5711685891786
9,5,15,2,diurnal,service_sigma_0.5,random,1,349,21187519,293.5142664098384,388.60700579878846
9,5,15,2,diurnal,service_sigma_0.5,random,2,2618,21187519,221.30970796744512,299.33758335225707
9,5,15,2,diurnal,service_sigma_0.5,random,3,1572,21187519,277.448025286573,400.85906696765085
9,5,15,2,diurnal,service_sigma_0.5,random,4,799,21187519,224.0050935641974,276.26364973130455
9,5,15,2,diurnal,service_sigma_0.5,random,5,635,21187519,280.9994358980418,410.5831543496834
9,5,15,2,diurnal,service_sigma_0.5,random,6,2177,21187519,223.9453590672121,342.85891961477154
9,5,15,2,diurnal,service_sigma_0.5,random,7,2289,21187519,236.14232908723315,307.75044446661707
9,5,15,2,diurnal,service_sigma_0.5,random,8,1406,21187519,258.9431975309586,354.4214873308859
9,5,15,2,diurnal,service_sigma_0.5,random,9,209,21187519,203.8684577989045,354.97608241944135
9,5,15,2,diurnal,service_sigma_0.5,random,10,49,21187519,258.0441979866091,399.8512399855903
9,5,15,2,diurnal,service_sigma_0.5,random,11,2298,21187519,269.5327188228232,427.3721703650634
9,5,15,2,diurnal,service_sigma_0.5,random,12,506,21187519,247.76150636735488,390.76633070431717
9,5,15,2,diurnal,service_sigma_0.5,random,13,62,21187519,331.28212492074147,446.42852666466314
9,5,15,2,diurnal,service_sigma_0.5,random,14,372,21187519,226.47763063852193,333.69940355188015
9,5,15,2,diurnal,service_sigma_0.5,random,15,2766,21187519,282.57875664589614,330.4200701281484
9,5,15,2,diurnal,service_sigma_0.5,random,16,1546,21187519,316.7843687092055,413.0604201009833
9,5,15,2,diurnal,service_sigma_0.5,random,17,2834,21187519,234.42605733315423,364.46355173791426
9,5,15,2,diurnal,service_sigma_0.5,random,18,2935,21187519,228.53555577968524,323.4132156514761
9,5,15,2,diurnal,service_sigma_0.5,random,19,1477,21187519,263.48225733162656,452.21212631035905
9,5,15,2,diurnal,service_sigma_0.5,random,20,185,21187519,285.58319564129494,449.7511215352144
9,5,15,2,diurnal,service_sigma_0.5,random,21,880,21187519,214.09568191544753,260.6971302256772
9,5,15,2,diurnal,service_sigma_0.5,random,22,704,21187519,363.1940833579584,472.692604914147
9,5,15,2,diurnal,service_sigma_0.5,random,23,2380,21187519,220.4847107340396,343.3708953872117
9,5,15,2,diurnal,service_sigma_0.5,random,24,2286,21187519,210.81693262420956,313.76104453954747
9,5,15,2,diurnal,service_sigma_0.5,random,25,1791,21187519,267.77904004415,378.3251253493833
9,5,15,2,diurnal,service_sigma_0.5,random,26,1078,21187519,226.1180248213622,368.80813262779566
9,5,15,2,diurnal,service_sigma_0.5,random,27,1219,21187519,250.35207018619215,355.7268232884689
9,5,15,2,diurnal,service_sigma_0.5,random,28,735,21187519,255.82218156508574,384.15136344972746
9,5,15,2,diurnal,service_sigma_0.5,random,29,556,21187519,261.17345643115266,419.7654199074865
9,5,15,2,diurnal,service_sigma_0.5,random,30,1785,21187519,271.23713148816944,368.6849771286053
9,5,15,2,diurnal,service_sigma_0.5,random,31,2862,21187519,264.2283458409878,393.18653876721794
9,5,15,2,diurnal,service_sigma_0.5,random,32,1635,21187519,283.4104489594486,443.8782752981997
9,5,15,2,diurnal,service_sigma_0.5,random,33,608,21187519,255.2339519583497,424.3159852185141
9,5,15,2,diurnal,service_sigma_0.5,random,34,1666,21187519,294.0844924689231,371.89022864991904
9,5,15,2,diurnal,service_sigma_0.5,random,35,1116,21187519,267.78257571090825,334.36276910486623
9,5,15,2,diurnal,service_sigma_0.5,random,36,1005,21187519,309.7199933457358,446.7279600578038
9,5,15,2,diurnal,service_sigma_0.5,random,37,367,21187519,265.4729451212963,344.57089472726057
9,5,15,2,diurnal,service_sigma_0.5,random,38,2101,21187519,252.31736307135506,397.47324807848935
9,5,15,2,diurnal,service_sigma_0.5,random,39,2464,21187519,243.3320606386332,424.84363891307083
9,5,15,2,diurnal,service_sigma_0.5,random,40,718,21187519,279.7076817452747,438.2512382177926
9,5,15,2,diurnal,service_sigma_0.5,random,41,2203,21187519,289.4310511355906,431.3065345795643
9,5,15,2,diurnal,service_sigma_0.5,random,42,1563,21187519,295.3576772680464,442.4200123093928
9,5,15,2,diurnal,service_sigma_0.5,random,43,1983,21187519,271.2769403841162,461.28769728838586
9,5,15,2,diurnal,service_sigma_0.5,random,44,573,21187519,281.33433013491265,393.0159071898038
9,5,15,2,diurnal,service_sigma_0.5,random,45,2128,21187519,227.70408007783664,379.3528875662032
9,5,15,2,diurnal,service_sigma_0.5,random,46,1231,21187519,249.69292938522474,356.6651858916047
9,5,15,2,diurnal,service_sigma_0.5,random,47,1250,21187519,261.48114474299246,380.60103509733455
9,5,15,2,diurnal,service_sigma_0.5,random,48,2500,21187519,288.90105043380385,477.85735958734693
9,5,15,2,diurnal,service_sigma_0.5,random,49,883,21187519,230.07714176689817,386.8268544288556
9,5,15,2,diurnal,service_sigma_0.5,random,50,2350,21187519,241.15462769412778,383.62611675670854
9,5,15,2,diurnal,service_sigma_0.5,random,51,2760,21187519,238.62239382307447,390.23302813098286
9,5,15,2,diurnal,service_sigma_0.5,random,52,2453,21187519,257.4293221060159,421.9680921679369
9,5,15,2,diurnal,service_sigma_0.5,random,53,58,21187519,231.10605158792225,313.4648534980711
9,5,15,2,diurnal,service_sigma_0.5,random,54,1264,21187519,296.8705995057477,448.7650996116687
9,5,15,2,diurnal,service_sigma_0.5,random,55,684,21187519,297.29416478985655,473.50142669395825
9,5,15,2,diurnal,service_sigma_0.5,random,56,2043,21187519,274.37010915643805,347.19289281614243
9,5,15,2,diurnal,service_sigma_0.5,random,57,2414,21187519,230.3981561118183,375.32668130644765
9,5,15,2,diurnal,service_sigma_0.5,random,58,1427,21187519,322.31123744314004,439.3028936735583
9,5,15,2,diurnal,service_sigma_0.5,random,59,911,21187519,236.04186827831566,375.37673840071454
9,5,15,2,diurnal,service_sigma_0.5,random,60,330,21187519,303.6697879964423,460.41086093630514
9,5,15,2,diurnal,service_sigma_0.5,random,61,1916,21187519,257.50923776611916,364.81176742167764
9,5,15,2,diurnal,service_sigma_0.5,random,62,2127,21187519,257.3228772470033,351.6455508246445
9,5,15,2,diurnal,service_sigma_0.5,random,63,1539,21187519,259.30501453903975,439.36965470632697
9,5,15,2,diurnal,service_sigma_0.5,random,64,1911,21187519,218.0480258620848,326.01867761701993
9,5,15,2,diurnal,service_sigma_0.5,random,65,2006,21187519,255.01248199403136,373.4526768206721
9,5,15,2,diurnal,service_sigma_0.5,random,66,1869,21187519,283.9832398259372,409.8647887722394
9,5,15,2,diurnal,service_sigma_0.5,random,67,2246,21187519,251.36918260401396,367.2130974274108
9,5,15,2,diurnal,service_sigma_0.5,random,68,453,21187519,262.77383553180846,353.44806553719627
9,5,15,2,diurnal,service_sigma_0.5,random,69,341,21187519,199.0326324925664,253.51710235768604
9,5,15,2,diurnal,service_sigma_0.5,random,70,1163,21187519,265.8203020554177,427.9162286507212
9,5,15,2,diurnal,service_sigma_0.5,random,71,819,21187519,245.83632272967992,414.06793496881534
9,5,15,2,diurnal,service_sigma_0.5,random,72,2054,21187519,214.78398386695923,264.35630832515886
9,5,15,2,diurnal,service_sigma_0.5,random,73,2117,21187519,232.2762223577214,367.7599755260478
9,5,15,2,diurnal,service_sigma_0.5,random,74,2060,21187519,278.51906782173984,388.9462496475997
9,5,15,2,diurnal,service_sigma_0.5,random,75,369,21187519,222.77846624186412,351.0715682928418
9,5,15,2,diurnal,service_sigma_0.5,random,76,2715,21187519,250.96366405512097,379.98940369357825
9,5,15,2,diurnal,service_sigma_0.5,random,77,2422,21187519,267.2072485750983,341.9205882413117
9,5,15,2,diurnal,service_sigma_0.5,random,78,1022,21187519,230.68412968387605,375.38944079956434
9,5,15,2,diurnal,service_sigma_0.5,random,79,296,21187519,236.26333204409192,358.30184949320653
9,5,15,2,diurnal,service_sigma_0.5,random,80,857,21187519,234.87976447734053,388.3755078007555
9,5,15,2,diurnal,service_sigma_0.5,random,81,1694,21187519,278.60219872142767,426.20251437838624
9,5,15,2,diurnal,service_sigma_0.5,random,82,1206,21187519,254.1224216049329,386.4078642794676
9,5,15,2,diurnal,service_sigma_0.5,random,83,1578,21187519,211.58086823758796,376.7899743268436
9,5,15,2,diurnal,service_sigma_0.5,random,84,1691,21187519,263.8483284846868,376.8147551668787
9,5,15,2,diurnal,service_sigma_0.5,random,85,1363,21187519,222.10641358181257,318.7887171558463
9,5,15,2,diurnal,service_sigma_0.5,random,86,170,21187519,241.4817204249607,358.0121409999729
9,5,15,2,diurnal,service_sigma_0.5,random,87,1330,21187519,256.8224201208184,355.35314877628315
9,5,15,2,diurnal,service_sigma_0.5,random,88,2019,21187519,233.08338672456105,400.27608834635413
9,5,15,2,diurnal,service_sigma_0.5,random,89,344,21187519,252.08207120420226,341.22031499006977
9,5,15,2,diurnal,service_sigma_0.5,random,90,931,21187519,283.15548753423695,354.14613009326393
9,5,15,2,diurnal,service_sigma_0.5,random,91,2975,21187519,199.4354974539552,347.9958746985362
9,5,15,2,diurnal,service_sigma_0.5,random,92,1451,21187519,277.9297279221954,413.0403152294576
9,5,15,2,diurnal,service_sigma_0.5,random,93,177,21187519,252.3934168176049,395.5446603212931
9,5,15,2,diurnal,service_sigma_0.5,random,94,2166,21187519,251.8155593709977,334.99576234678165
9,5,15,2,diurnal,service_sigma_0.5,random,95,2255,21187519,313.48300512245044,413.7940891989732
9,5,15,2,diurnal,service_sigma_0.5,random,96,2625,21187519,238.99085968241766,370.25556913102474
9,5,15,2,diurnal,service_sigma_0.5,random,97,1455,21187519,223.6985958825765,397.08282194883157
9,5,15,2,diurnal,service_sigma_0.5,random,98,1636,21187519,299.3245972565036,443.76634758990144
9,5,15,2,diurnal,service_sigma_0.5,random,99,1735,21187519,259.6737336088418,326.78434029190527
9,5,15,2,diurnal,service_sigma_0.5,random,100,340,21187519,278.92958094892526,427.81052569513986
9,5,15,2,diurnal,service_sigma_0.5,random,101,951,21187519,309.63463141763657,447.23240211165665
9,5,15,2,diurnal,service_sigma_0.5,random,102,443,21187519,245.85297413011276,291.15549109876554
9,5,15,2,diurnal,service_sigma_0.5,random,103,1333,21187519,255.5660255975615,320.8150250582389
9,5,15,2,diurnal,service_sigma_0.5,random,104,2277,21187519,303.48156912411116,452.3552664308749
9,5,15,2,diurnal,service_sigma_0.5,random,105,1998,21187519,243.269529601415,322.65403133413315
9,5,15,2,diurnal,service_sigma_0.5,random,106,2837,21187519,255.77306051044968,399.8936701923486
9,5,15,2,diurnal,service_sigma_0.5,random,107,776,21187519,253.53146645120873,333.04794980721636
9,5,15,2,diurnal,service_sigma_0.5,random,108,2046,21187519,225.29683229351727,370.4358221732397
9,5,15,2,diurnal,service_sigma_0.5,random,109,2345,21187519,221.7314807050095,352.145053631819
9,5,15,2,diurnal,service_sigma_0.5,random,110,157,21187519,300.21738657749097,480.8806302916967
9,5,15,2,diurnal,service_sigma_0.5,random,111,2672,21187519,239.3461253809756,370.18696839504776
9,5,15,2,diurnal,service_sigma_0.5,random,112,2648,21187519,237.70908913896602,315.66109988647645
9,5,15,2,diurnal,service_sigma_0.5,random,113,2585,21187519,206.9821875022709,316.6438481737485
9,5,15,2,diurnal,service_sigma_0.5,random,114,674,21187519,255.52424263160708,364.2611700226979
9,5,15,2,diurnal,service_sigma_0.5,random,115,803,21187519,256.5133021141533,397.9547056145455
9,5,15,2,diurnal,service_sigma_0.5,random,116,2196,21187519,258.0919272328019,405.1213279167078
9,5,15,2,diurnal,service_sigma_0.5,random,117,1455,21187519,213.57674377897578,386.0550432011558
9,5,15,2,diurnal,service_sigma_0.5,random,118,1946,21187519,322.9173131478258,415.8511997537308
9,5,15,2,diurnal,service_sigma_0.5,random,119,1900,21187519,249.14516611803438,315.555110909521
9,5,15,2,diurnal,service_sigma_0.5,random,120,109,21187519,247.08528999318452,350.2538752577334
9,5,15,2,diurnal,service_sigma_0.5,random,121,1128,21187519,228.25082489821182,276.8498730047666
9,5,15,2,diurnal,service_sigma_0.5,random,122,631,21187519,291.0284765242634,434.7911980214112
9,5,15,2,diurnal,service_sigma_0.5,random,123,1003,21187519,296.1566821620997,418.8356605903395
9,5,15,2,diurnal,service_sigma_0.5,random,124,1152,21187519,288.2599633931951,446.85445768011846
9,5,15,2,diurnal,service_sigma_0.5,random,125,577,21187519,285.1922029951044,389.21532293085176
9,5,15,2,diurnal,service_sigma_0.5,random,126,556,21187519,241.594440264053,403.2182196631775
9,5,15,2,diurnal,service_sigma_0.5,random,127,1349,21187519,266.3925156399042,401.2907213583653
9,5,15,2,diurnal,service_sigma_0.5,random,128,475,21187519,217.24502302902425,327.74130703536434
9,5,15,2,diurnal,service_sigma_0.5,random,129,2250,21187519,258.0657189140924,415.14846290176064
9,5,15,2,diurnal,service_sigma_0.5,random,130,2652,21187519,260.589238879531,372.10743300443465
9,5,15,2,diurnal,service_sigma_0.5,random,131,1292,21187519,250.81407786525207,377.2362957779427
9,5,15,2,diurnal,service_sigma_0.5,random,132,2070,21187519,268.7907765195798,403.12057155164894
9,5,15,2,diurnal,service_sigma_0.5,random,133,1446,21187519,186.01979309055648,267.4870199147231
9,5,15,2,diurnal,service_sigma_0.5,random,134,2214,21187519,219.79616563041301,367.20190199481357
9,5,15,2,diurnal,service_sigma_0.5,random,135,687,21187519,250.21273290170896,378.3160925795016
9,5,15,2,diurnal,service_sigma_0.5,random,136,95,21187519,244.22579584112458,333.7947038995598
9,5,15,2,diurnal,service_sigma_0.5,random,137,1697,21187519,221.57239715146295,348.6602248551723
9,5,15,2,diurnal,service_sigma_0.5,random,138,1685,21187519,281.16361767365385,391.4381743078734
9,5,15,2,diurnal,service_sigma_0.5,random,139,1826,21187519,293.1594073479182,381.09575790907985
9,5,15,2,diurnal,service_sigma_0.5,random,140,1566,21187519,260.24966766966855,373.54167689986934
9,5,15,2,diurnal,service_sigma_0.5,random,141,2483,21187519,206.59129454803787,313.8064844773909
9,5,15,2,diurnal,service_sigma_0.5,random,142,1889,21187519,270.92716981899025,418.9330723855897
9,5,15,2,diurnal,service_sigma_0.5,random,143,2263,21187519,249.4199406845568,419.71470955093804
9,5,15,2,diurnal,service_sigma_0.5,random,144,1924,21187519,217.0425758455573,308.71600370711946
9,5,15,2,diurnal,service_sigma_0.5,random,145,1412,21187519,277.4189985706016,383.9833397021098
9,5,15,2,diurnal,service_sigma_0.5,random,146,2247,21187519,307.75722109197017,493.85147529942725
9,5,15,2,diurnal,service_sigma_0.5,random,147,727,21187519,248.135363392843,361.746395980748
9,5,15,2,diurnal,service_sigma_0.5,random,148,728,21187519,250.95451018818946,382.09588122284333
9,5,15,2,diurnal,service_sigma_0.5,random,149,927,21187519,291.7507793605679,374.48727387322896
9,5,15,2,diurnal,service_sigma_0.5,random,150,269,21187519,254.49299276389485,423.5763515962527
9,5,15,2,diurnal,service_sigma_0.5,random,151,2800,21187519,240.02186584145838,305.01939966136024
9,5,15,2,diurnal,service_sigma_0.5,random,152,785,21187519,254.99380218315994,399.24594793054797
9,5,15,2,diurnal,service_sigma_0.5,random,153,2481,21187519,218.8223483327714,349.28863712853376
9,5,15,2,diurnal,service_sigma_0.5,random,154,559,21187519,260.6513195672362,377.03323667742956
9,5,15,2,diurnal,service_sigma_0.5,random,155,2015,21187519,293.1359004522927,432.8366519032277
9,5,15,2,diurnal,service_sigma_0.5,random,156,1633,21187519,244.4487296899763,340.3802875357119
9,5,15,2,diurnal,service_sigma_0.5,random,157,1053,21187519,256.22319856352635,332.763746430364
9,5,15,2,diurnal,service_sigma_0.5,random,158,2754,21187519,251.9436438084336,310.8787395408597
9,5,15,2,diurnal,service_sigma_0.5,random,159,2831,21187519,247.1465482711304,319.87717243022064
9,5,15,2,diurnal,service_sigma_0.5,random,160,84,21187519,219.902979601638,372.4963466221454
9,5,15,2,diurnal,service_sigma_0.5,random,161,2199,21187519,211.97061516196715,269.40554944295764
9,5,15,2,diurnal,service_sigma_0.5,random,162,539,21187519,293.2723526790704,495.61896081274125
9,5,15,2,diurnal,service_sigma_0.5,random,163,140,21187519,248.6187384039066,409.36407063443204
9,5,15,2,diurnal,service_sigma_0.5,random,164,908,21187519,284.93570309976093,423.37373121034796
9,5,15,2,diurnal,service_sigma_0.5,random,165,130,21187519,250.56999170222812,380.4679371605972
9,5,15,2,diurnal,service_sigma_0.5,random,166,1579,21187519,256.1207789243779,336.9770035423354
9,5,15,2,diurnal,service_sigma_0.5,random,167,2502,21187519,284.425428235923,366.99719516091034
9,5,15,2,diurnal,service_sigma_0.5,random,168,2169,21187519,275.76470420166595,354.0413486617446
9,5,15,2,diurnal,service_sigma_0.5,random,169,452,21187519,248.46803189889502,400.02005039810604
9,5,15,2,diurnal,service_sigma_0.5,random,170,2021,21187519,249.02946233715528,307.4660592806887
9,5,15,2,diurnal,service_sigma_0.5,random,171,1255,21187519,274.16082375324993,365.8494853067769
9,5,15,2,diurnal,service_sigma_0.5,random,172,2126,21187519,270.7322206842076,392.4859961257817
9,5,15,2,diurnal,service_sigma_0.5,random,173,802,21187519,266.9487613882568,400.8862288599985
9,5,15,2,diurnal,service_sigma_0.5,random,174,355,21187519,277.77171866215167,402.1912481245426
9,5,15,2,diurnal,service_sigma_0.5,random,175,852,21187519,271.472289452209,392.3807000226842
9,5,15,2,diurnal,service_sigma_0.5,random,176,1759,21187519,277.2888182466613,363.9467430712403
9,5,15,2,diurnal,service_sigma_0.5,random,177,79,21187519,202.36220327685038,292.7289365627157
9,5,15,2,diurnal,service_sigma_0.5,random,178,2410,21187519,214.6881229904093,347.8627604390139
9,5,15,2,diurnal,service_sigma_0.5,random,179,814,21187519,244.2490589789678,341.74590440912567
9,5,15,2,diurnal,service_sigma_0.5,random,180,1331,21187519,262.49328118186406,353.8946987218982
9,5,15,2,diurnal,service_sigma_0.5,random,181,1214,21187519,306.0380616384403,400.2163691340543
9,5,15,2,diurnal,service_sigma_0.5,random,182,827,21187519,298.3614475934302,446.35473850441855
9,5,15,2,diurnal,service_sigma_0.5,random,183,380,21187519,282.5742987912152,414.79055550701383
9,5,15,2,diurnal,service_sigma_0.5,random,184,1894,21187519,216.06096809252648,336.8554122000496
9,5,15,2,diurnal,service_sigma_0.5,random,185,1957,21187519,273.90114196016566,415.2004045125137
9,5,15,2,diurnal,service_sigma_0.5,random,186,1995,21187519,252.7423238606323,320.7172040381563
9,5,15,2,diurnal,service_sigma_0.5,random,187,1483,21187519,237.36558508738327,434.08789691894594
9,5,15,2,diurnal,service_sigma_0.5,random,188,2685,21187519,294.3962818334339,491.64262949866674
9,5,15,2,diurnal,service_sigma_0.5,random,189,676,21187519,259.9029231711922,384.2602306079699
9,5,15,2,diurnal,service_sigma_0.5,random,190,816,21187519,244.4303632849449,365.6286725967176
9,5,15,2,diurnal,service_sigma_0.5,random,191,1160,21187519,263.3913755883772,371.1417731839517
9,5,15,2,diurnal,service_sigma_0.5,random,192,1391,21187519,235.6650546181339,405.0916867741057
9,5,15,2,diurnal,service_sigma_0.5,random,193,2858,21187519,299.9236109475754,406.8052788184306
9,5,15,2,diurnal,service_sigma_0.5,random,194,198,21187519,254.13098754790704,336.75052590179865
9,5,15,2,diurnal,service_sigma_0.5,random,195,616,21187519,235.08343074440907,364.7552481133062
9,5,15,2,diurnal,service_sigma_0.5,random,196,2124,21187519,180.09876673809555,222.50961572106988
9,5,15,2,diurnal,service_sigma_0.5,random,197,1797,21187519,284.8028025903839,405.9817127699348
9,5,15,2,diurnal,service_sigma_0.5,random,198,2445,21187519,228.68131850035218,299.8139131604756
9,5,15,2,diurnal,service_sigma_0.5,random,199,1443,21187519,241.30278133023975,389.2482806677097
9,5,15,2,diurnal,service_sigma_0.5,HC_HI,0,1765,21187519,178.01183907105366,266.22282658049807
9,5,15,2,diurnal,service_sigma_0.5,HC_HI,1,1162,21187519,224.4175391763975,338.46037070200913
9,5,15,2,diurnal,service_sigma_0.5,HC_HI,2,2053,21187519,206.80153705125622,351.0993566538388
9,5,15,2,diurnal,service_sigma_0.5,HC_HI,3,1940,21187519,266.0976355677919,415.59091525129685
9,5,15,2,diurnal,service_sigma_0.5,HC_HI,4,520,21187519,223.63056061772056,292.9831043098206
9,5,15,2,diurnal,service_sigma_0.5,HC_HI,5,1765,21187519,180.77605509401192,268.4563839024577
9,5,15,2,diurnal,service_sigma_0.5,HC_HI,6,460,21187519,243.28303526461258,370.34812624916617
9,5,15,2,diurnal,service_sigma_0.5,HC_HI,7,162,21187519,202.0296785964827,333.8498916837549
9,5,15,2,diurnal,service_sigma_0.5,HC_HI,8,1210,21187519,209.16667367707518,311.81002802979566
9,5,15,2,diurnal,service_sigma_0.5,HC_HI,9,1404,21187519,290.65641244344783,389.43841229051304
9,5,15,2,diurnal,service_sigma_0.5,HC_HI,10,1178,21187519,279.927342689274,398.4808553585711
9,5,15,2,diurnal,service_sigma_0.5,HC_HI,11,2674,21187519,214.06388102443077,377.17448952988104
9,5,15,2,diurnal,service_sigma_0.5,HC_HI,12,1086,21187519,270.9401594403511,371.69384527454474
9,5,15,2,diurnal,service_sigma_0.5,HC_HI,13,2824,21187519,170.92224723277045,298.8455417021516
9,5,15,2,diurnal,service_sigma_0.5,HC_HI,14,1206,21187519,239.0880208454793,374.69786873892485
9,5,15,2,diurnal,service_sigma_0.5,HC_HI,15,1408,21187519,245.0949624906647,382.1310050529187
9,5,15,2,diurnal,service_sigma_0.5,HC_HI,16,1155,21187519,210.3272936607844,304.3406388311105
9,5,15,2,diurnal,service_sigma_0.5,HC_HI,17,505,21187519,225.23165941568814,348.5358120874721
9,5,15,2,diurnal,service_sigma_0.5,HC_HI,18,186,21187519,248.71322637553072,380.0276211195812
9,5,15,2,diurnal,service_sigma_0.5,HC_HI,19,1883,21187519,318.62201919994004,489.11337399849583
9,5,15,2,diurnal,service_sigma_0.5,HC_HI,20,2824,21187519,180.61572429916163,299.59244709098044
9,5,15,2,diurnal,service_sigma_0.5,HC_HI,21,2162,21187519,235.00214437427798,329.1705072273377
9,5,15,2,diurnal,service_sigma_0.5,HC_HI,22,2414,21187519,222.11586903832216,356.65589887473317
9,5,15,2,diurnal,service_sigma_0.5,HC_HI,23,2056,21187519,239.2816308132685,323.0774851505468
9,5,15,2,diurnal,service_sigma_0.5,HC_HI,24,344,21187519,247.00959430638576,330.138521665894
9,5,15,2,diurnal,service_sigma_0.5,HC_HI,25,179,21187519,221.43800562775382,319.40236099109717
9,5,15,2,diurnal,service_sigma_0.5,HC_HI,26,2674,21187519,224.83466854291444,364.4037320769722
9,5,15,2,diurnal,service_sigma_0.5,HC_HI,27,4,21187519,247.02666079615528,373.85081143602
9,5,15,2,diurnal,service_sigma_0.5,HC_HI,28,1883,21187519,284.27051089417694,477.17070892516216
9,5,15,2,diurnal,service_sigma_0.5,HC_HI,29,2231,21187519,204.16345227679125,305.14110406561434
9,5,15,2,diurnal,service_sigma_0.5,HC_HI,30,1383,21187519,321.4086264980614,429.4986621647954
9,5,15,2,diurnal,service_sigma_0.5,HC_HI,31,1622,21187519,219.83320408444237,333.56684519724524
9,5,15,2,diurnal,service_sigma_0.5,HC_HI,32,2498,21187519,272.70558169249034,386.9900019906026
9,5,15,2,diurnal,service_sigma_0.5,HC_HI,33,1398,21187519,254.57794229957258,369.90626649278033
9,5,15,2,diurnal,service_sigma_0.5,HC_HI,34,1178,21187519,281.69367710891464,426.4067960912123
9,5,15,2,diurnal,service_sigma_0.5,HC_HI,35,1210,21187519,215.73659434848145,314.56792784303076
9,5,15,2,diurnal,service_sigma_0.5,HC_HI,36,377,21187519,276.99200561556586,398.3188769833147
9,5,15,2,diurnal,service_sigma_0.5,HC_HI,37,2964,21187519,262.3003159397524,422.27616354092004
9,5,15,2,diurnal,service_sigma_0.5,HC_HI,38,2696,21187519,271.0630033384334,426.6390283469973
9,5,15,2,diurnal,service_sigma_0.5,HC_HI,39,2431,21187519,259.6539452570376,392.9857413221923
9,5,15,2,diurnal,service_sigma_0.5,HC_HI,40,924,21187519,256.0272396764294,406.4573357348092
9,5,15,2,diurnal,service_sigma_0.5,HC_HI,41,1029,21187519,238.59439331261862,331.95571257710264
9,5,15,2,diurnal,service_sigma_0.5,HC_HI,42,1191,21187519,216.3454539999491,360.43483235739416
9,5,15,2,diurnal,service_sigma_0.5,HC_HI,43,2206,21187519,251.0136242233091,351.68052767812617
9,5,15,2,diurnal,service_sigma_0.5,HC_HI,44,1477,21187519,262.45591146014783,449.630094749765
9,5,15,2,diurnal,service_sigma_0.5,HC_HI,45,1888,21187519,214.95103759248843,295.2073908104139
9,5,15,2,diurnal,service_sigma_0.5,HC_HI,46,393,21187519,207.2087801297411,343.8654930927402
9,5,15,2,diurnal,service_sigma_0.5,HC_HI,47,261,21187519,261.0451042246924,378.731780948822
9,5,15,2,diurnal,service_sigma_0.5,HC_HI,48,2672,21187519,234.18708388959124,382.37881054405557
9,5,15,2,diurnal,service_sigma_0.5,HC_HI,49,351,21187519,247.49254283116372,363.55148508192303
9,5,15,2,diurnal,service_sigma_0.5,HC_HI,50,1162,21187519,225.05556986194196,334.7029578136266
9,5,15,2,diurnal,service_sigma_0.5,HC_HI,51,1608,21187519,227.3128362980475,362.24413491075546
9,5,15,2,diurnal,service_sigma_0.5,HC_HI,52,2252,21187519,256.80301430965994,436.83435718433964
9,5,15,2,diurnal,service_sigma_0.5,HC_HI,53,843,21187519,234.6087479353355,404.44011357354543
9,5,15,2,diurnal,service_sigma_0.5,HC_HI,54,2668,21187519,307.0516974926783,354.16296003553674
9,5,15,2,diurnal,service_sigma_0.5,HC_HI,55,1739,21187519,250.75544979503266,349.89355403727757
9,5,15,2,diurnal,service_sigma_0.5,HC_HI,56,828,21187519,243.53429976820047,404.4635211175756
9,5,15,2,diurnal,service_sigma_0.5,HC_HI,57,1167,21187519,310.8637029696805,467.2906815727995
9,5,15,2,diurnal,service_sigma_0.5,HC_HI,58,309,21187519,226.36394192209485,395.19257938116857
9,5,15,2,diurnal,service_sigma_0.5,HC_HI,59,261,21187519,237.21459889302582,369.69135910549306
9,5,15,2,diurnal,service_sigma_0.5,HC_HI,60,2449,21187519,215.33244578323644,290.3691468125589
9,5,15,2,diurnal,service_sigma_0.5,HC_HI,61,1263,21187519,280.78921936068923,444.95723365957963
9,5,15,2,diurnal,service_sigma_0.5,HC_HI,62,1174,21187519,221.8336025682906,354.7355780860693
9,5,15,2,diurnal,service_sigma_0.5,HC_HI,63,539,21187519,291.5451736620248,439.42896438790643
9,5,15,2,diurnal,service_sigma_0.5,HC_HI,64,537,21187519,196.3007909488908,291.83253165515396
9,5,15,2,diurnal,service_sigma_0.5,HC_HI,65,2696,21187519,256.84504599464907,457.2372537168825
9,5,15,2,diurnal,service_sigma_0.5,HC_HI,66,1137,21187519,244.0082919269821,352.33727184808936
9,5,15,2,diurnal,service_sigma_0.5,HC_HI,67,2757,21187519,212.41639218818375,274.6691045162341
9,5,15,2,diurnal,service_sigma_0.5,HC_HI,68,314,21187519,255.18076703377807,382.7257945938265
9,5,15,2,diurnal,service_sigma_0.5,HC_HI,69,843,21187519,239.5291805160562,361.24701524241027
9,5,15,2,diurnal,service_sigma_0.5,HC_HI,70,1005,21187519,332.2791289003446,449.9865002252486
9,5,15,2,diurnal,service_sigma_0.5,HC_HI,71,2456,21187519,220.48328501091936,355.53253430445
9,5,15,2,diurnal,service_sigma_0.5,HC_HI,72,1886,21187519,217.01353546320914,298.0178271773085
9,5,15,2,diurnal,service_sigma_0.5,HC_HI,73,206,21187519,253.0852476713315,325.2404542990148
9,5,15,2,diurnal,service_sigma_0.5,HC_HI,74,1398,21187519,273.84703553937646,384.23708661088153
9,5,15,2,diurnal,service_sigma_0.5,HC_HI,75,2281,21187519,223.3921036008683,389.57518064715504
9,5,15,2,diurnal,service_sigma_0.5,HC_HI,76,1604,21187519,308.82116295818213,495.03567070220123
9,5,15,2,diurnal,service_sigma_0.5,HC_HI,77,2126,21187519,284.9678062945325,396.99090225389665
9,5,15,2,diurnal,service_sigma_0.5,HC_HI,78,521,21187519,263.488965161297,418.9111477655055
9,5,15,2,diurnal,service_sigma_0.5,HC_HI,79,2402,21187519,237.25691256268271,328.50092943132887
9,5,15,2,diurnal,service_sigma_0.5,HC_HI,80,179,21187519,231.9831694242149,337.9704675605706
9,5,15,2,diurnal,service_sigma_0.5,HC_HI,81,1390,21187519,248.21165378927262,314.9882305498322
9,5,15,2,diurnal,service_sigma_0.5,HC_HI,82,2343,21187519,250.03067487547898,441.0884926528784
9,5,15,2,diurnal,service_sigma_0.5,HC_HI,83,1529,21187519,213.64645728533472,374.86969920354096
9,5,15,2,diurnal,service_sigma_0.5,HC_HI,84,964,21187519,255.62540437306163,396.0725011139364
9,5,15,2,diurnal,service_sigma_0.5,HC_HI,85,2498,21187519,291.8231191349668,400.3445890803965
9,5,15,2,diurnal,service_sigma_0.5,HC_HI,86,1801,21187519,228.17185273584198,321.99494437069836
9,5,15,2,diurnal,service_sigma_0.5,HC_HI,87,4,21187519,238.95129447624987,361.46460573784907
9,5,15,2,diurnal,service_sigma_0.5,HC_HI,88,2471,21187519,277.4507133582801,368.1493566212741
9,5,15,2,diurnal,service_sigma_0.5,HC_HI,89,990,21187519,255.17270019448947,423.1585717889324
9,5,15,2,diurnal,service_sigma_0.5,HC_HI,90,314,21187519,261.7470069099493,368.58761336135245
9,5,15,2,diurnal,service_sigma_0.5,HC_HI,91,1801,21187519,210.80694238793976,312.41255303568687
9,5,15,2,diurnal,service_sigma_0.5,HC_HI,92,607,21187519,244.1796557046777,435.2808968310847
9,5,15,2,diurnal,service_sigma_0.5,HC_HI,93,1155,21187519,217.14638255839762,313.9569668867996
9,5,15,2,diurnal,service_sigma_0.5,HC_HI,94,236,21187519,280.35028208003655,409.24170543956416
9,5,15,2,diurnal,service_sigma_0.5,HC_HI,95,2938,21187519,226.77405091139147,334.199225539228
9,5,15,2,diurnal,service_sigma_0.5,HC_HI,96,1714,21187519,246.96330757874736,327.1186655880323
9,5,15,2,diurnal,service_sigma_0.5,HC_HI,97,2560,21187519,230.33011037826276,356.78887422449407
9,5,15,2,diurnal,service_sigma_0.5,HC_HI,98,1398,21187519,267.18309211104963,383.2872003347752
9,5,15,2,diurnal,service_sigma_0.5,HC_HI,99,162,21187519,198.03766421870432,319.4927114427551
9,5,15,2,diurnal,service_sigma_0.5,HC_HI,100,843,21187519,248.73990465288986,408.92053658675036
9,5,15,2,diurnal,service_sigma_0.5,HC_HI,101,556,21187519,233.93702688674736,414.36344633507383
9,5,15,2,diurnal,service_sigma_0.5,HC_HI,102,1025,21187519,222.9769403252086,350.44457376653247
9,5,15,2,diurnal,service_sigma_0.5,HC_HI,103,186,21187519,246.41521403652825,376.3123711652831
9,5,15,2,diurnal,service_sigma_0.5,HC_HI,104,2252,21187519,252.89581471212344,431.7655037775341
9,5,15,2,diurnal,service_sigma_0.5,HC_HI,105,817,21187519,266.14479953670303,355.750492607242
9,5,15,2,diurnal,service_sigma_0.5,HC_HI,106,1886,21187519,213.15301878548817,299.28707790064965
9,5,15,2,diurnal,service_sigma_0.5,HC_HI,107,337,21187519,219.5675791449168,233.50919286066193
9,5,15,2,diurnal,service_sigma_0.5,HC_HI,108,2402,21187519,261.32053771471044,345.3589963467455
9,5,15,2,diurnal,service_sigma_0.5,HC_HI,109,2865,21187519,272.84922922306265,368.9943736772172
9,5,15,2,diurnal,service_sigma_0.5,HC_HI,110,537,21187519,196.03161325063897,311.88942505928065
9,5,15,2,diurnal,service_sigma_0.5,HC_HI,111,2375,21187519,235.71931592595087,375.22173142061365
9,5,15,2,diurnal,service_sigma_0.5,HC_HI,112,2231,21187519,204.6169505747564,356.5223970827726
9,5,15,2,diurnal,service_sigma_0.5,HC_HI,113,2716,21187519,226.53386394138116,347.9242624953545
9,5,15,2,diurnal,service_sigma_0.5,HC_HI,114,1739,21187519,248.34677217444508,348.04303258489665
9,5,15,2,diurnal,service_sigma_0.5,HC_HI,115,2402,21187519,250.8480607814395,335.7712102046431
9,5,15,2,diurnal,service_sigma_0.5,HC_HI,116,1634,21187519,221.1071899788467,304.19960418534373
9,5,15,2,diurnal,service_sigma_0.5,HC_HI,117,645,21187519,278.29972193230907,425.92681461369955
9,5,15,2,diurnal,service_sigma_0.5,HC_HI,118,2380,21187519,210.6430665573447,321.51915486816887
9,5,15,2,diurnal,service_sigma_0.5,HC_HI,119,817,21187519,241.70124949515656,346.37772018993917
9,5,15,2,diurnal,service_sigma_0.5,HC_HI,120,1160,21187519,236.84619327598853,369.06366010704846
9,5,15,2,diurnal,service_sigma_0.5,HC_HI,121,543,21187519,266.99593478143123,418.70212884120656
9,5,15,2,diurnal,service_sigma_0.5,HC_HI,122,843,21187519,247.7002160873917,372.1235199018014
9,5,15,2,diurnal,service_sigma_0.5,HC_HI,123,556,21187519,258.5479962062311,415.5624176437446
9,5,15,2,diurnal,service_sigma_0.5,HC_HI,124,1477,21187519,288.91923655005917,451.7305432927778
9,5,15,2,diurnal,service_sigma_0.5,HC_HI,125,60,21187519,240.137140214571,306.2328116273921
9,5,15,2,diurnal,service_sigma_0.5,HC_HI,126,2716,21187519,230.77538949103004,316.7599540327102
9,5,15,2,diurnal,service_sigma_0.5,HC_HI,127,1178,21187519,298.42420138241505,435.05590843411426
9,5,15,2,diurnal,service_sigma_0.5,HC_HI,128,1512,21187519,229.97446410513092,305.9626663483336
9,5,15,2,diurnal,service_sigma_0.5,HC_HI,129,337,21187519,214.440471854779,209.97414306710027
9,5,15,2,diurnal,service_sigma_0.5,HC_HI,130,2402,21187519,245.18267508602324,337.19464076250097
9,5,15,2,diurnal,service_sigma_0.5,HC_HI,131,1005,21187519,318.42352775728955,454.95642090732946
9,5,15,2,diurnal,service_sigma_0.5,HC_HI,132,2696,21187519,250.14835539889995,424.43550216248104
9,5,15,2,diurnal,service_sigma_0.5,HC_HI,133,2757,21187519,220.06773392687862,279.7088723261169
9,5,15,2,diurnal,service_sigma_0.5,HC_HI,134,1112,21187519,229.22223650938983,391.7929744070095
9,5,15,2,diurnal,service_sigma_0.5,HC_HI,135,2964,21187519,266.9710741059847,389.24802017612257
9,5,15,2,diurnal,service_sigma_0.5,HC_HI,136,2853,21187519,280.2651199129945,405.70040155976415
9,5,15,2,diurnal,service_sigma_0.5,HC_HI,137,1797,21187519,258.4892839464713,404.10717804868835
9,5,15,2,diurnal,service_sigma_0.5,HC_HI,138,2824,21187519,189.84561225498535,313.5348852229912
9,5,15,2,diurnal,service_sigma_0.5,HC_HI,139,377,21187519,273.122042388047,419.6050115102159
9,5,15,2,diurnal,service_sigma_0.5,HC_HI,140,2616,21187519,218.79921945262194,352.93416448974733
9,5,15,2,diurnal,service_sigma_0.5,HC_HI,141,410,21187519,272.5804378020097,367.8393279608887
9,5,15,2,diurnal,service_sigma_0.5,HC_HI,142,750,21187519,296.9595713140577,358.6036575498232
9,5,15,2,diurnal,service_sigma_0.5,HC_HI,143,2720,21187519,284.8164454077989,400.4365249500434
9,5,15,2,diurnal,service_sigma_0.5,HC_HI,144,1232,21187519,244.2635673024772,352.2875400904509
9,5,15,2,diurnal,service_sigma_0.5,HC_HI,145,1801,21187519,210.79906587710371,307.2762021038363
9,5,15,2,diurnal,service_sigma_0.5,HC_HI,146,2560,21187519,226.5677606839231,350.9651212232728
9,5,15,2,diurnal,service_sigma_0.5,HC_HI,147,24,21187519,253.60923050003478,334.9927689100362
9,5,15,2,diurnal,service_sigma_0.5,HC_HI,148,1804,21187519,303.14962870541046,444.95763906627656
9,5,15,2,diurnal,service_sigma_0.5,HC_HI,149,2598,21187519,240.9916784324247,383.1015489771664
9,5,15,2,diurnal,service_sigma_0.5,HC_HI,150,1604,21187519,325.1020018491727,462.82456989442574
9,5,15,2,diurnal,service_sigma_0.5,HC_HI,151,1606,21187519,322.36416304575715,479.89894383783405
9,5,15,2,diurnal,service_sigma_0.5,HC_HI,152,64,21187519,263.5258160688416,402.6172255670958
9,5,15,2,diurnal,service_sigma_0.5,HC_HI,153,2162,21187519,253.44423389063755,340.48537109019645
9,5,15,2,diurnal,service_sigma_0.5,HC_HI,154,2053,21187519,214.027919577546,368.14526510341057
9,5,15,2,diurnal,service_sigma_0.5,HC_HI,155,1529,21187519,210.18561227615788,359.90056795540363
9,5,15,2,diurnal,service_sigma_0.5,HC_HI,156,2515,21187519,198.23495588304277,346.32997989849275
9,5,15,2,diurnal,service_sigma_0.5,HC_HI,157,2658,21187519,285.5353356037139,383.9903513593384
9,5,15,2,diurnal,service_sigma_0.5,HC_HI,158,2666,21187519,262.27739361399375,401.3716722799498
9,5,15,2,diurnal,service_sigma_0.5,HC_HI,159,2672,21187519,233.39335506408418,386.5860006572631
9,5,15,2,diurnal,service_sigma_0.5,HC_HI,160,2956,21187519,219.5988236491037,328.7903692744986
9,5,15,2,diurnal,service_sigma_0.5,HC_HI,161,1178,21187519,284.4261101703076,426.18064429525555
9,5,15,2,diurnal,service_sigma_0.5,HC_HI,162,28,21187519,276.14695445142434,354.58718320785556
9,5,15,2,diurnal,service_sigma_0.5,HC_HI,163,1175,21187519,249.01768761682166,320.4500659940848
9,5,15,2,diurnal,service_sigma_0.5,HC_HI,164,1404,21187519,307.2337165310555,390.0846469873263
9,5,15,2,diurnal,service_sigma_0.5,HC_HI,165,505,21187519,233.44047587436958,323.08635647022936
9,5,15,2,diurnal,service_sigma_0.5,HC_HI,166,389,21187519,246.4824291125158,373.6720363749959
9,5,15,2,diurnal,service_sigma_0.5,HC_HI,167,2535,21187519,263.9971818910082,373.6516431039688
9,5,15,2,diurnal,service_sigma_0.5,HC_HI,168,314,21187519,249.0024960422189,386.56071155197117
9,5,15,2,diurnal,service_sigma_0.5,HC_HI,169,2380,21187519,218.7818901406039,337.8554537868182
9,5,15,2,diurnal,service_sigma_0.5,HC_HI,170,2674,21187519,231.7293779261255,372.79809192736684
9,5,15,2,diurnal,service_sigma_0.5,HC_HI,171,340,21187519,276.7138121683648,413.16024453192495
9,5,15,2,diurnal,service_sigma_0.5,HC_HI,172,1267,21187519,245.93370959729396,324.72313275423943
9,5,15,2,diurnal,service_sigma_0.5,HC_HI,173,2515,21187519,193.05469511731027,323.53319193923835
9,5,15,2,diurnal,service_sigma_0.5,HC_HI,174,1206,21187519,242.0030860863278,376.53147510661984
9,5,15,2,diurnal,service_sigma_0.5,HC_HI,175,1043,21187519,316.89313314488373,523.4129594623006
9,5,15,2,diurnal,service_sigma_0.5,HC_HI,176,522,21187519,242.8531144751091,314.1069459804106
9,5,15,2,diurnal,service_sigma_0.5,HC_HI,177,1174,21187519,208.2064803527798,362.2414879584294
9,5,15,2,diurnal,service_sigma_0.5,HC_HI,178,236,21187519,294.2866717106567,413.76803863369634
9,5,15,2,diurnal,service_sigma_0.5,HC_HI,179,1604,21187519,320.7415955917016,513.5238755746074
9,5,15,2,diurnal,service_sigma_0.5,HC_HI,180,1508,21187519,241.88228091968583,407.8692946815431
9,5,15,2,diurnal,service_sigma_0.5,HC_HI,181,2375,21187519,253.97043710612,360.89904520822654
9,5,15,2,diurnal,service_sigma_0.5,HC_HI,182,448,21187519,291.0540507016994,484.3864471347119
9,5,15,2,diurnal,service_sigma_0.5,HC_HI,183,2866,21187519,291.7150823920059,421.30864947999646
9,5,15,2,diurnal,service_sigma_0.5,HC_HI,184,2333,21187519,279.318372293137,394.15015668786714
9,5,15,2,diurnal,service_sigma_0.5,HC_HI,185,460,21187519,277.36406909492126,372.588918861955
9,5,15,2,diurnal,service_sigma_0.5,HC_HI,186,1481,21187519,215.28366635689574,365.02157034326353
9,5,15,2,diurnal,service_sigma_0.5,HC_HI,187,2231,21187519,190.89944570351767,346.84982430453505
9,5,15,2,diurnal,service_sigma_0.5,HC_HI,188,2162,21187519,259.0005547520715,349.00160602749963
9,5,15,2,diurnal,service_sigma_0.5,HC_HI,189,1529,21187519,219.1435954616816,385.33122468489404
9,5,15,2,diurnal,service_sigma_0.5,HC_HI,190,910,21187519,287.90265581653256,445.32919910892326
9,5,15,2,diurnal,service_sigma_0.5,HC_HI,191,1634,21187519,211.92742078149635,297.594770419733
9,5,15,2,diurnal,service_sigma_0.5,HC_HI,192,816,21187519,226.8274687778763,388.7647644097761
9,5,15,2,diurnal,service_sigma_0.5,HC_HI,193,1207,21187519,249.47459787752865,402.88379730650735
9,5,15,2,diurnal,service_sigma_0.5,HC_HI,194,2498,21187519,277.25556978732016,406.7013049188089
9,5,15,2,diurnal,service_sigma_0.5,HC_HI,195,2964,21187519,209.40447385864908,397.0263472391999
9,5,15,2,diurnal,service_sigma_0.5,HC_HI,196,1481,21187519,221.56491529499877,347.4793456813915
9,5,15,2,diurnal,service_sigma_0.5,HC_HI,197,1968,21187519,272.31784574968447,400.2203316142685
9,5,15,2,diurnal,service_sigma_0.5,HC_HI,198,281,21187519,304.0033139256786,437.77833764220844
9,5,15,2,diurnal,service_sigma_0.5,HC_HI,199,1043,21187519,330.89526147249325,538.2304059647953
9,5,15,2,diurnal,service_sigma_0.5,HC_LI,0,2491,21187519,231.44239142241278,314.3268087307469
9,5,15,2,diurnal,service_sigma_0.5,HC_LI,1,1452,21187519,270.4830377905659,410.73128664940157
9,5,15,2,diurnal,service_sigma_0.5,HC_LI,2,2592,21187519,263.2128875833429,424.57246942994027
9,5,15,2,diurnal,service_sigma_0.5,HC_LI,3,1158,21187519,239.2354682540087,350.80275194442015
9,5,15,2,diurnal,service_sigma_0.5,HC_LI,4,2632,21187519,251.67505739822627,377.065471837295
9,5,15,2,diurnal,service_sigma_0.5,HC_LI,5,1256,21187519,283.02169427884,461.4226680554452
9,5,15,2,diurnal,service_sigma_0.5,HC_LI,6,900,21187519,271.32625377286575,479.5523931665438
9,5,15,2,diurnal,service_sigma_0.5,HC_LI,7,367,21187519,270.54471549116073,390.4210628909453
9,5,15,2,diurnal,service_sigma_0.5,HC_LI,8,839,21187519,284.40368258921495,390.9075872321219
9,5,15,2,diurnal,service_sigma_0.5,HC_LI,9,2275,21187519,256.104058845257,360.87551350959916
9,5,15,2,diurnal,service_sigma_0.5,HC_LI,10,1342,21187519,236.74572603194665,299.1757360332206
9,5,15,2,diurnal,service_sigma_0.5,HC_LI,11,1845,21187519,256.4918610915197,429.60181812712807
9,5,15,2,diurnal,service_sigma_0.5,HC_LI,12,1158,21187519,241.55303254531444,340.70102840397186
9,5,15,2,diurnal,service_sigma_0.5,HC_LI,13,2941,21187519,281.9278258985948,400.17676663438897
9,5,15,2,diurnal,service_sigma_0.5,HC_LI,14,869,21187519,238.97371868889613,322.1164950258005
9,5,15,2,diurnal,service_sigma_0.5,HC_LI,15,819,21187519,246.54176244271014,376.5870154522247
9,5,15,2,diurnal,service_sigma_0.5,HC_LI,16,2495,21187519,259.77915405333295,402.9962981327351
9,5,15,2,diurnal,service_sigma_0.5,HC_LI,17,495,21187519,263.7077615988919,361.47142228878783
9,5,15,2,diurnal,service_sigma_0.5,HC_LI,18,274,21187519,258.11488852977044,371.42200454425364
9,5,15,2,diurnal,service_sigma_0.5,HC_LI,19,627,21187519,274.0099630333559,429.3046035121462
9,5,15,2,diurnal,service_sigma_0.5,HC_LI,20,2093,21187519,246.40883522689916,370.3120171353389
9,5,15,2,diurnal,service_sigma_0.5,HC_LI,21,844,21187519,308.2900360291381,445.5315639918288
9,5,15,2,diurnal,service_sigma_0.5,HC_LI,22,2679,21187519,235.4517804237467,340.34183874179723
9,5,15,2,diurnal,service_sigma_0.5,HC_LI,23,2030,21187519,269.47975072083494,452.1078827673552
9,5,15,2,diurnal,service_sigma_0.5,HC_LI,24,2971,21187519,282.00634617061945,384.1401005363106
9,5,15,2,diurnal,service_sigma_0.5,HC_LI,25,1954,21187519,288.68582010142484,390.6867293086253
9,5,15,2,diurnal,service_sigma_0.5,HC_LI,26,2030,21187519,259.8652104498045,428.4730265153225
9,5,15,2,diurnal,service_sigma_0.5,HC_LI,27,598,21187519,263.81528380611724,393.2621641225946
9,5,15,2,diurnal,service_sigma_0.5,HC_LI,28,1832,21187519,283.4374981368229,389.6659065652014
9,5,15,2,diurnal,service_sigma_0.5,HC_LI,29,1841,21187519,277.62804097058387,377.378018271148
9,5,15,2,diurnal,service_sigma_0.5,HC_LI,30,546,21187519,259.24923526274773,356.5567104019449
9,5,15,2,diurnal,service_sigma_0.5,HC_LI,31,2906,21187519,247.2759112477698,344.2371387418982
9,5,15,2,diurnal,service_sigma_0.5,HC_LI,32,1993,21187519,232.83180021238616,328.6167347430945
9,5,15,2,diurnal,service_sigma_0.5,HC_LI,33,2495,21187519,258.41458050573164,402.6436295862088
9,5,15,2,diurnal,service_sigma_0.5,HC_LI,34,514,21187519,296.45394342897555,346.0501546056552
9,5,15,2,diurnal,service_sigma_0.5,HC_LI,35,948,21187519,257.5040449564726,322.4182661366881
9,5,15,2,diurnal,service_sigma_0.5,HC_LI,36,1844,21187519,272.0251920501233,377.3416837402347
9,5,15,2,diurnal,service_sigma_0.5,HC_LI,37,367,21187519,265.4729451212963,344.57089472726057
9,5,15,2,diurnal,service_sigma_0.5,HC_LI,38,2319,21187519,221.08389372536743,301.7008264921434
9,5,15,2,diurnal,service_sigma_0.5,HC_LI,39,902,21187519,252.48044971115604,428.28311182133706
9,5,15,2,diurnal,service_sigma_0.5,HC_LI,40,2798,21187519,290.91337593967665,417.00952080584085
9,5,15,2,diurnal,service_sigma_0.5,HC_LI,41,2935,21187519,235.46926294996962,339.97802805811693
9,5,15,2,diurnal,service_sigma_0.5,HC_LI,42,1080,21187519,246.38910369068273,353.9093545509407
9,5,15,2,diurnal,service_sigma_0.5,HC_LI,43,2579,21187519,188.27239514433984,256.2280025387619
9,5,15,2,diurnal,service_sigma_0.5,HC_LI,44,118,21187519,226.93459336429848,374.4917199517789
9,5,15,2,diurnal,service_sigma_0.5,HC_LI,45,2921,21187519,261.06526140089323,341.3720412544732
9,5,15,2,diurnal,service_sigma_0.5,HC_LI,46,936,21187519,251.33220151180126,370.689234627321
9,5,15,2,diurnal,service_sigma_0.5,HC_LI,47,1432,21187519,253.219620094871,403.5630559034773
9,5,15,2,diurnal,service_sigma_0.5,HC_LI,48,1021,21187519,276.4333640345658,484.58880097867046
9,5,15,2,diurnal,service_sigma_0.5,HC_LI,49,2798,21187519,278.26311465530205,411.25269318033713
9,5,15,2,diurnal,service_sigma_0.5,HC_LI,50,2935,21187519,225.78441583264947,323.70969484622225
9,5,15,2,diurnal,service_sigma_0.5,HC_LI,51,1049,21187519,299.58438219345305,386.6380857776364
9,5,15,2,diurnal,service_sigma_0.5,HC_LI,52,1845,21187519,252.74929041483892,413.82947079816086
9,5,15,2,diurnal,service_sigma_0.5,HC_LI,53,1483,21187519,260.4002996538777,367.72148795965705
9,5,15,2,diurnal,service_sigma_0.5,HC_LI,54,1764,21187519,272.7990520379494,460.0139913559336
9,5,15,2,diurnal,service_sigma_0.5,HC_LI,55,2800,21187519,250.32499056151292,315.34279570622937
9,5,15,2,diurnal,service_sigma_0.5,HC_LI,56,1080,21187519,247.20188789424236,353.20035029915624
9,5,15,2,diurnal,service_sigma_0.5,HC_LI,57,2679,21187519,219.53715165246405,339.059152158154
9,5,15,2,diurnal,service_sigma_0.5,HC_LI,58,1483,21187519,242.92146053369572,412.4273559015404
9,5,15,2,diurnal,service_sigma_0.5,HC_LI,59,2574,21187519,270.45699504902103,353.2088341959621
9,5,15,2,diurnal,service_sigma_0.5,HC_LI,60,2935,21187519,232.92878752165993,337.7252630653833
9,5,15,2,diurnal,service_sigma_0.5,HC_LI,61,728,21187519,243.99450242811997,351.3662584987083
9,5,15,2,diurnal,service_sigma_0.5,HC_LI,62,465,21187519,276.6041107535526,340.9691634639666
9,5,15,2,diurnal,service_sigma_0.5,HC_LI,63,2243,21187519,269.16833396004773,385.0037123659985
9,5,15,2,diurnal,service_sigma_0.5,HC_LI,64,1914,21187519,248.87120300222279,402.8417541484491
9,5,15,2,diurnal,service_sigma_0.5,HC_LI,65,2870,21187519,266.01476006191655,329.85275330125154
9,5,15,2,diurnal,service_sigma_0.5,HC_LI,66,576,21187519,262.9063177501211,402.50025636535725
9,5,15,2,diurnal,service_sigma_0.5,HC_LI,67,1768,21187519,253.87290141121403,329.25475636501056
9,5,15,2,diurnal,service_sigma_0.5,HC_LI,68,2974,21187519,273.1701228450006,364.03033107339945
9,5,15,2,diurnal,service_sigma_0.5,HC_LI,69,1832,21187519,278.41414062124596,374.78447339961275
9,5,15,2,diurnal,service_sigma_0.5,HC_LI,70,1730,21187519,248.16672255005167,406.4469976714058
9,5,15,2,diurnal,service_sigma_0.5,HC_LI,71,274,21187519,281.6919998115324,378.6901809808838
9,5,15,2,diurnal,service_sigma_0.5,HC_LI,72,2352,21187519,253.84058871010942,380.4115127254726
9,5,15,2,diurnal,service_sigma_0.5,HC_LI,73,34,21187519,245.38410935386395,381.44831058901923
9,5,15,2,diurnal,service_sigma_0.5,HC_LI,74,1080,21187519,266.86724317370283,338.8762779087634
9,5,15,2,diurnal,service_sigma_0.5,HC_LI,75,1806,21187519,248.28653012834437,315.25299166268235
9,5,15,2,diurnal,service_sigma_0.5,HC_LI,76,2623,21187519,267.18127143200525,434.96924680447074
9,5,15,2,diurnal,service_sigma_0.5,HC_LI,77,541,21187519,284.9041411432954,380.3333465744363
9,5,15,2,diurnal,service_sigma_0.5,HC_LI,78,1547,21187519,253.6951521393289,393.00490216241803
9,5,15,2,diurnal,service_sigma_0.5,HC_LI,79,2352,21187519,242.30476976103355,381.11427954718715
9,5,15,2,diurnal,service_sigma_0.5,HC_LI,80,895,21187519,252.23076433737938,355.1528599333602
9,5,15,2,diurnal,service_sigma_0.5,HC_LI,81,844,21187519,325.3567649406186,503.22033616554285
9,5,15,2,diurnal,service_sigma_0.5,HC_LI,82,1213,21187519,281.06189017565936,410.66508218954624
9,5,15,2,diurnal,service_sigma_0.5,HC_LI,83,1695,21187519,238.22996457369513,427.7712219681937
9,5,15,2,diurnal,service_sigma_0.5,HC_LI,84,1327,21187519,235.23878447153973,390.7980123769001
9,5,15,2,diurnal,service_sigma_0.5,HC_LI,85,2875,21187519,253.45624856247608,369.36292327209753
9,5,15,2,diurnal,service_sigma_0.5,HC_LI,86,2495,21187519,278.67872294779323,393.56165278854223
9,5,15,2,diurnal,service_sigma_0.5,HC_LI,87,2830,21187519,244.09966974849652,333.608288108695
9,5,15,2,diurnal,service_sigma_0.5,HC_LI,88,1048,21187519,262.20361749503996,335.1172855094207
9,5,15,2,diurnal,service_sigma_0.5,HC_LI,89,1128,21187519,226.83979648198743,339.7617098001262
9,5,15,2,diurnal,service_sigma_0.5,HC_LI,90,1494,21187519,270.89836511852127,396.2139039226858
9,5,15,2,diurnal,service_sigma_0.5,HC_LI,91,2291,21187519,236.076905848183,365.28626483956026
9,5,15,2,diurnal,service_sigma_0.5,HC_LI,92,839,21187519,273.9303059695364,408.57169781239935
9,5,15,2,diurnal,service_sigma_0.5,HC_LI,93,1350,21187519,279.825745978859,453.33423468815215
9,5,15,2,diurnal,service_sigma_0.5,HC_LI,94,1176,21187519,223.88530530441383,328.89162331105314
9,5,15,2,diurnal,service_sigma_0.5,HC_LI,95,2906,21187519,234.7684365626076,376.34668100358397
9,5,15,2,diurnal,service_sigma_0.5,HC_LI,96,10,21187519,262.54189532915393,374.0519742489377
9,5,15,2,diurnal,service_sigma_0.5,HC_LI,97,1676,21187519,291.91000395607057,388.97164162338953
9,5,15,2,diurnal,service_sigma_0.5,HC_LI,98,465,21187519,271.9046653282576,337.16067766762797
9,5,15,2,diurnal,service_sigma_0.5,HC_LI,99,41,21187519,256.8829675482173,375.5169208873179
9,5,15,2,diurnal,service_sigma_0.5,HC_LI,100,352,21187519,277.15823990990714,369.37167832520714
9,5,15,2,diurnal,service_sigma_0.5,HC_LI,101,878,21187519,242.6870867718989,380.7504681280801
9,5,15,2,diurnal,service_sigma_0.5,HC_LI,102,2742,21187519,257.33804113529527,380.9475530574936
9,5,15,2,diurnal,service_sigma_0.5,HC_LI,103,598,21187519,233.15170942819663,390.6829648946011
9,5,15,2,diurnal,service_sigma_0.5,HC_LI,104,2948,21187519,231.1324505488865,389.2641976707897
9,5,15,2,diurnal,service_sigma_0.5,HC_LI,105,2083,21187519,240.2067795063048,451.4100415094837
9,5,15,2,diurnal,service_sigma_0.5,HC_LI,106,1049,21187519,265.9823428932543,380.32677506638686
9,5,15,2,diurnal,service_sigma_0.5,HC_LI,107,1589,21187519,235.0505073384899,352.0730442424045
9,5,15,2,diurnal,service_sigma_0.5,HC_LI,108,1521,21187519,257.67099957906214,420.27314758653256
9,5,15,2,diurnal,service_sigma_0.5,HC_LI,109,2767,21187519,291.8717208506709,377.35713481388456
9,5,15,2,diurnal,service_sigma_0.5,HC_LI,110,878,21187519,265.19989274699077,376.1695203162509
9,5,15,2,diurnal,service_sigma_0.5,HC_LI,111,1066,21187519,292.09386422803556,432.32547268447547
9,5,15,2,diurnal,service_sigma_0.5,HC_LI,112,728,21187519,237.254658101317,382.58943409127437
9,5,15,2,diurnal,service_sigma_0.5,HC_LI,113,2795,21187519,238.7912490416361,381.9084812803799
9,5,15,2,diurnal,service_sigma_0.5,HC_LI,114,1386,21187519,234.091243009633,398.03887253076687
9,5,15,2,diurnal,service_sigma_0.5,HC_LI,115,375,21187519,274.18563736313234,403.8027251417453
9,5,15,2,diurnal,service_sigma_0.5,HC_LI,116,2723,21187519,268.9017928977685,398.3206497416259
9,5,15,2,diurnal,service_sigma_0.5,HC_LI,117,656,21187519,270.5378290037323,436.8862020273167
9,5,15,2,diurnal,service_sigma_0.5,HC_LI,118,367,21187519,270.7089522576655,413.22606669771824
9,5,15,2,diurnal,service_sigma_0.5,HC_LI,119,701,21187519,225.1998908436151,352.1059404308691
9,5,15,2,diurnal,service_sigma_0.5,HC_LI,120,1295,21187519,267.4883405070127,386.40321559330323
9,5,15,2,diurnal,service_sigma_0.5,HC_LI,121,18,21187519,271.0792814943816,406.12504428705427
9,5,15,2,diurnal,service_sigma_0.5,HC_LI,122,1814,21187519,269.3581513408254,356.47757886354117
9,5,15,2,diurnal,service_sigma_0.5,HC_LI,123,2631,21187519,251.51267871444156,424.5319127063105
9,5,15,2,diurnal,service_sigma_0.5,HC_LI,124,1158,21187519,234.94245954835122,340.3612236349497
9,5,15,2,diurnal,service_sigma_0.5,HC_LI,125,627,21187519,264.61255325724983,403.03741369706205
9,5,15,2,diurnal,service_sigma_0.5,HC_LI,126,1295,21187519,260.47265948382943,363.5973795392138
9,5,15,2,diurnal,service_sigma_0.5,HC_LI,127,2818,21187519,226.25428153915664,418.90279350514834
9,5,15,2,diurnal,service_sigma_0.5,HC_LI,128,2291,21187519,247.93936530832025,366.19102036662497
9,5,15,2,diurnal,service_sigma_0.5,HC_LI,129,2010,21187519,239.79748815337481,346.04563841381747
9,5,15,2,diurnal,service_sigma_0.5,HC_LI,130,1771,21187519,265.9867401471294,369.8298932079639
9,5,15,2,diurnal,service_sigma_0.5,HC_LI,131,2030,21187519,257.7375259000892,426.4170277861148
9,5,15,2,diurnal,service_sigma_0.5,HC_LI,132,1021,21187519,255.36576926001015,440.95434677229815
9,5,15,2,diurnal,service_sigma_0.5,HC_LI,133,606,21187519,232.58861240297858,346.71228567437794
9,5,15,2,diurnal,service_sigma_0.5,HC_LI,134,273,21187519,265.51531395295376,455.70912182609106
9,5,15,2,diurnal,service_sigma_0.5,HC_LI,135,401,21187519,235.53275466487622,378.5853147583161
9,5,15,2,diurnal,service_sigma_0.5,HC_LI,136,1159,21187519,226.61880518860832,310.1331503730469
9,5,15,2,diurnal,service_sigma_0.5,HC_LI,137,2772,21187519,278.7550095872426,509.9326003919793
9,5,15,2,diurnal,service_sigma_0.5,HC_LI,138,1124,21187519,227.2534606638351,350.1565057212587
9,5,15,2,diurnal,service_sigma_0.5,HC_LI,139,754,21187519,234.71196225859202,360.72478951468656
9,5,15,2,diurnal,service_sigma_0.5,HC_LI,140,1732,21187519,270.25933955776014,414.75219703036083
9,5,15,2,diurnal,service_sigma_0.5,HC_LI,141,2615,21187519,266.0381816988527,397.42634340159304
9,5,15,2,diurnal,service_sigma_0.5,HC_LI,142,2818,21187519,214.08657736351913,418.1693573055801
9,5,15,2,diurnal,service_sigma_0.5,HC_LI,143,457,21187519,328.67425587347725,551.6245017262544
9,5,15,2,diurnal,service_sigma_0.5,HC_LI,144,2491,21187519,227.40047644626927,302.12102865335464
9,5,15,2,diurnal,service_sigma_0.5,HC_LI,145,2336,21187519,243.24210810703605,414.81292382718664
9,5,15,2,diurnal,service_sigma_0.5,HC_LI,146,1432,21187519,231.86658779767978,350.0597350753011
9,5,15,2,diurnal,service_sigma_0.5,HC_LI,147,1704,21187519,254.2176421585578,378.412115671085
9,5,15,2,diurnal,service_sigma_0.5,HC_LI,148,2065,21187519,249.4996351887554,374.42730543091557
9,5,15,2,diurnal,service_sigma_0.5,HC_LI,149,576,21187519,265.36216962311806,404.8135308882326
9,5,15,2,diurnal,service_sigma_0.5,HC_LI,150,401,21187519,237.90017693484086,369.1242408268572
9,5,15,2,diurnal,service_sigma_0.5,HC_LI,151,2765,21187519,251.70983942954942,368.70983942954945
9,5,15,2,diurnal,service_sigma_0.5,HC_LI,152,638,21187519,285.714458528881,434.31971159327037
9,5,15,2,diurnal,service_sigma_0.5,HC_LI,153,2276,21187519,269.1807693412797,453.47454518804375
9,5,15,2,diurnal,service_sigma_0.5,HC_LI,154,902,21187519,259.68744910188866,386.86318337030826
9,5,15,2,diurnal,service_sigma_0.5,HC_LI,155,2971,21187519,253.10003520654985,400.1932382598906
9,5,15,2,diurnal,service_sigma_0.5,HC_LI,156,1432,21187519,254.79188874470017,430.64358350487413
9,5,15,2,diurnal,service_sigma_0.5,HC_LI,157,1764,21187519,283.1460214583888,457.4937131665754
9,5,15,2,diurnal,service_sigma_0.5,HC_LI,158,2687,21187519,326.04279851693,464.87588941565076
9,5,15,2,diurnal,service_sigma_0.5,HC_LI,159,2276,21187519,276.7408448423079,480.47901824570573
9,5,15,2,diurnal,service_sigma_0.5,HC_LI,160,2989,21187519,268.0534944021207,409.6778274615196
9,5,15,2,diurnal,service_sigma_0.5,HC_LI,161,2276,21187519,283.24741954132816,477.2554901211646
9,5,15,2,diurnal,service_sigma_0.5,HC_LI,162,1984,21187519,263.49177785147145,421.39268917186325
9,5,15,2,diurnal,service_sigma_0.5,HC_LI,163,844,21187519,300.1644300977215,481.47379477398636
9,5,15,2,diurnal,service_sigma_0.5,HC_LI,164,2083,21187519,231.39510246386578,444.39821207729494
9,5,15,2,diurnal,service_sigma_0.5,HC_LI,165,900,21187519,276.787810610313,483.9515132912738
9,5,15,2,diurnal,service_sigma_0.5,HC_LI,166,598,21187519,253.02675351598631,431.32174621706616
9,5,15,2,diurnal,service_sigma_0.5,HC_LI,167,2167,21187519,258.0405104507457,375.65629595733344
9,5,15,2,diurnal,service_sigma_0.5,HC_LI,168,2921,21187519,254.69909871674736,409.28261258940444
9,5,15,2,diurnal,service_sigma_0.5,HC_LI,169,2795,21187519,237.0771783651842,385.20660584624216
9,5,15,2,diurnal,service_sigma_0.5,HC_LI,170,1327,21187519,236.8267744108859,389.2208739706936
9,5,15,2,diurnal,service_sigma_0.5,HC_LI,171,2167,21187519,260.3219133898098,366.67162408017725
9,5,15,2,diurnal,service_sigma_0.5,HC_LI,172,2536,21187519,243.30106021544205,321.27382685717765
9,5,15,2,diurnal,service_sigma_0.5,HC_LI,173,2818,21187519,220.0121665217136,416.9905849656371
9,5,15,2,diurnal,service_sigma_0.5,HC_LI,174,2989,21187519,271.5924276144447,415.28602940696476
9,5,15,2,diurnal,service_sigma_0.5,HC_LI,175,2921,21187519,267.30151489015043,377.01309501693703
9,5,15,2,diurnal,service_sigma_0.5,HC_LI,176,18,21187519,267.1935323750246,455.73179176099364
9,5,15,2,diurnal,service_sigma_0.5,HC_LI,177,156,21187519,300.7328598617425,488.4960903850623
9,5,15,2,diurnal,service_sigma_0.5,HC_LI,178,1828,21187519,243.8299797942666,344.47940121663055
9,5,15,2,diurnal,service_sigma_0.5,HC_LI,179,2336,21187519,241.45521256377418,406.0442624269694
9,5,15,2,diurnal,service_sigma_0.5,HC_LI,180,2690,21187519,244.27080262314678,398.927463655291
9,5,15,2,diurnal,service_sigma_0.5,HC_LI,181,2167,21187519,257.13548641879845,360.26806525947126
9,5,15,2,diurnal,service_sigma_0.5,HC_LI,182,2275,21187519,242.57636204617197,365.6715607395669
9,5,15,2,diurnal,service_sigma_0.5,HC_LI,183,2698,21187519,216.4203003847587,337.73983978268535
9,5,15,2,diurnal,service_sigma_0.5,HC_LI,184,869,21187519,238.66795886869113,332.8194934994064
9,5,15,2,diurnal,service_sigma_0.5,HC_LI,185,1159,21187519,226.53463593951702,371.1274900302398
9,5,15,2,diurnal,service_sigma_0.5,HC_LI,186,2732,21187519,253.8811713176012,436.59920335170375
9,5,15,2,diurnal,service_sigma_0.5,HC_LI,187,2875,21187519,259.6743562802357,373.9439110457045
9,5,15,2,diurnal,service_sigma_0.5,HC_LI,188,2929,21187519,319.60133388872305,503.8136744051222
9,5,15,2,diurnal,service_sigma_0.5,HC_LI,189,754,21187519,250.67792762375535,373.7831648826454
9,5,15,2,diurnal,service_sigma_0.5,HC_LI,190,465,21187519,267.4775213989652,335.86097036483557
9,5,15,2,diurnal,service_sigma_0.5,HC_LI,191,576,21187519,265.5219113190742,398.8751248755872
9,5,15,2,diurnal,service_sigma_0.5,HC_LI,192,514,21187519,267.30936846719,322.4406925814736
9,5,15,2,diurnal,service_sigma_0.5,HC_LI,193,2166,21187519,241.72957986460725,333.09788559613907
9,5,15,2,diurnal,service_sigma_0.5,HC_LI,194,1483,21187519,245.27509480982704,367.13399578539224
9,5,15,2,diurnal,service_sigma_0.5,HC_LI,195,465,21187519,262.9513602950404,338.62196200934136
9,5,15,2,diurnal,service_sigma_0.5,HC_LI,196,1037,21187519,251.56473556343047,352.57913618177673
9,5,15,2,diurnal,service_sigma_0.5,HC_LI,197,837,21187519,223.1997908277532,353.79292137384425
9,5,15,2,diurnal,service_sigma_0.5,HC_LI,198,844,21187519,301.93780504204767,484.2027588557102
9,5,15,2,diurnal,service_sigma_0.5,HC_LI,199,541,21187519,285.76454704650166,380.1272680459418
9,5,15,2,diurnal,service_sigma_0.5,LC_HI,0,1837,21187519,260.35299775277105,393.6524256221215
9,5,15,2,diurnal,service_sigma_0.5,LC_HI,1,149,21187519,256.79501888277457,408.4798035844387
9,5,15,2,diurnal,service_sigma_0.5,LC_HI,2,1418,21187519,284.8599621478396,384.4508613147454
9,5,15,2,diurnal,service_sigma_0.5,LC_HI,3,275,21187519,306.36319703388466,479.62725660072095
9,5,15,2,diurnal,service_sigma_0.5,LC_HI,4,605,21187519,260.02031158266897,365.65590597793033
9,5,15,2,diurnal,service_sigma_0.5,LC_HI,5,439,21187519,302.154911649617,473.2892421304126
9,5,15,2,diurnal,service_sigma_0.5,LC_HI,6,1168,21187519,314.66287438541224,424.6698466402126
9,5,15,2,diurnal,service_sigma_0.5,LC_HI,7,2137,21187519,314.8077124964583,461.72925772152394
9,5,15,2,diurnal,service_sigma_0.5,LC_HI,8,2914,21187519,232.67441519143478,366.2943656431209
9,5,15,2,diurnal,service_sigma_0.5,LC_HI,9,339,21187519,287.8861420052453,402.374955507397
9,5,15,2,diurnal,service_sigma_0.5,LC_HI,10,2914,21187519,235.82480150826885,387.5628931549024
9,5,15,2,diurnal,service_sigma_0.5,LC_HI,11,434,21187519,205.6565908296954,279.70381057498145
9,5,15,2,diurnal,service_sigma_0.5,LC_HI,12,875,21187519,248.96175594656614,360.56972722959193
9,5,15,2,diurnal,service_sigma_0.5,LC_HI,13,27,21187519,252.7932961950172,422.89779766348994
9,5,15,2,diurnal,service_sigma_0.5,LC_HI,14,82,21187519,243.92625476991,412.9907287958114
9,5,15,2,diurnal,service_sigma_0.5,LC_HI,15,751,21187519,283.74249350488503,478.47538867626065
9,5,15,2,diurnal,service_sigma_0.5,LC_HI,16,1583,21187519,232.6748496674998,359.70385936329524
9,5,15,2,diurnal,service_sigma_0.5,LC_HI,17,2590,21187519,297.2223489223652,358.50525968514006
9,5,15,2,diurnal,service_sigma_0.5,LC_HI,18,492,21187519,225.79190426016652,317.7485016057411
9,5,15,2,diurnal,service_sigma_0.5,LC_HI,19,1283,21187519,287.1293220776238,395.13013498502374
9,5,15,2,diurnal,service_sigma_0.5,LC_HI,20,217,21187519,232.45266266382433,328.1646817845709
9,5,15,2,diurnal,service_sigma_0.5,LC_HI,21,2179,21187519,259.7985326416461,335.1707192509458
9,5,15,2,diurnal,service_sigma_0.5,LC_HI,22,1837,21187519,269.085406400742,407.6943675740922
9,5,15,2,diurnal,service_sigma_0.5,LC_HI,23,2907,21187519,300.0025361029167,427.8676161324322
9,5,15,2,diurnal,service_sigma_0.5,LC_HI,24,1064,21187519,242.13826622430835,378.49141894753086
9,5,15,2,diurnal,service_sigma_0.5,LC_HI,25,2663,21187519,295.45504320250956,484.4267297520983
9,5,15,2,diurnal,service_sigma_0.5,LC_HI,26,310,21187519,274.80517727625335,401.93369328668206
9,5,15,2,diurnal,service_sigma_0.5,LC_HI,27,492,21187519,225.15148216223113,312.92949348936867
9,5,15,2,diurnal,service_sigma_0.5,LC_HI,28,1728,21187519,219.43808304616456,320.0006626621945
9,5,15,2,diurnal,service_sigma_0.5,LC_HI,29,310,21187519,281.0065101620192,406.25735202094955
9,5,15,2,diurnal,service_sigma_0.5,LC_HI,30,1245,21187519,240.02363497274516,324.75699671602837
9,5,15,2,diurnal,service_sigma_0.5,LC_HI,31,1058,21187519,299.72541568280064,477.737562763437
9,5,15,2,diurnal,service_sigma_0.5,LC_HI,32,616,21187519,227.57526843974125,356.81887269939074
9,5,15,2,diurnal,service_sigma_0.5,LC_HI,33,217,21187519,226.40999114865124,355.08194139310933
9,5,15,2,diurnal,service_sigma_0.5,LC_HI,34,1592,21187519,261.1892372864349,402.37074075727
9,5,15,2,diurnal,service_sigma_0.5,LC_HI,35,1284,21187519,268.57429359362715,340.9015572777041
9,5,15,2,diurnal,service_sigma_0.5,LC_HI,36,27,21187519,246.72876626662165,411.55789402415326
9,5,15,2,diurnal,service_sigma_0.5,LC_HI,37,374,21187519,217.17535708926349,304.4045375783207
9,5,15,2,diurnal,service_sigma_0.5,LC_HI,38,2240,21187519,246.41707024748902,350.0868024168945
9,5,15,2,diurnal,service_sigma_0.5,LC_HI,39,439,21187519,308.44568385400095,476.18172753961863
9,5,15,2,diurnal,service_sigma_0.5,LC_HI,40,275,21187519,335.1297264321132,528.0474386306068
9,5,15,2,diurnal,service_sigma_0.5,LC_HI,41,2823,21187519,252.58952426897025,336.9929695576131
9,5,15,2,diurnal,service_sigma_0.5,LC_HI,42,1449,21187519,313.6409677543094,526.4969553549996
9,5,15,2,diurnal,service_sigma_0.5,LC_HI,43,2179,21187519,258.9217303983462,337.5823705602801
9,5,15,2,diurnal,service_sigma_0.5,LC_HI,44,1101,21187519,213.2995957517551,293.6953297458275
9,5,15,2,diurnal,service_sigma_0.5,LC_HI,45,519,21187519,254.84967023834662,333.89825032988966
9,5,15,2,diurnal,service_sigma_0.5,LC_HI,46,2140,21187519,275.71564013310507,472.29142712186876
9,5,15,2,diurnal,service_sigma_0.5,LC_HI,47,751,21187519,292.7359719371627,508.6946240447579
9,5,15,2,diurnal,service_sigma_0.5,LC_HI,48,2902,21187519,263.82588900628195,368.85313799790885
9,5,15,2,diurnal,service_sigma_0.5,LC_HI,49,616,21187519,233.56578218763377,360.7914474282736
9,5,15,2,diurnal,service_sigma_0.5,LC_HI,50,44,21187519,265.63084950238516,427.77226103075697
9,5,15,2,diurnal,service_sigma_0.5,LC_HI,51,1591,21187519,296.64045748346257,360.59634112037634
9,5,15,2,diurnal,service_sigma_0.5,LC_HI,52,567,21187519,203.6499050056009,254.6635249978255
9,5,15,2,diurnal,service_sigma_0.5,LC_HI,53,1982,21187519,285.36397693779816,414.14561532746205
9,5,15,2,diurnal,service_sigma_0.5,LC_HI,54,745,21187519,286.0586039910005,455.0573140583102
9,5,15,2,diurnal,service_sigma_0.5,LC_HI,55,1004,21187519,324.104010922371,415.2989156623369
9,5,15,2,diurnal,service_sigma_0.5,LC_HI,56,519,21187519,253.49762450941,336.0697401205786
9,5,15,2,diurnal,service_sigma_0.5,LC_HI,57,2882,21187519,213.30011434371886,346.65028272163875
9,5,15,2,diurnal,service_sigma_0.5,LC_HI,58,1374,21187519,227.31882020975763,312.5255463810151
9,5,15,2,diurnal,service_sigma_0.5,LC_HI,59,586,21187519,257.97320693946426,374.1163966236798
9,5,15,2,diurnal,service_sigma_0.5,LC_HI,60,1127,21187519,190.29403204006377,256.7965857323321
9,5,15,2,diurnal,service_sigma_0.5,LC_HI,61,2140,21187519,275.08542779145967,475.0094307482305
9,5,15,2,diurnal,service_sigma_0.5,LC_HI,62,1150,21187519,215.49171641720923,285.2060384061173
9,5,15,2,diurnal,service_sigma_0.5,LC_HI,63,1485,21187519,233.84786532423385,382.4767179877078
9,5,15,2,diurnal,service_sigma_0.5,LC_HI,64,1297,21187519,191.51887922106184,321.2647626887616
9,5,15,2,diurnal,service_sigma_0.5,LC_HI,65,1961,21187519,207.45542887091935,366.57424891858943
9,5,15,2,diurnal,service_sigma_0.5,LC_HI,66,2027,21187519,247.79720262771622,347.6666342851857
9,5,15,2,diurnal,service_sigma_0.5,LC_HI,67,2138,21187519,284.4436917245114,386.66442447430694
9,5,15,2,diurnal,service_sigma_0.5,LC_HI,68,498,21187519,260.81193984359413,402.5380552308373
9,5,15,2,diurnal,service_sigma_0.5,LC_HI,69,2488,21187519,252.44613068400366,368.49692132114893
9,5,15,2,diurnal,service_sigma_0.5,LC_HI,70,1660,21187519,243.532302028903,387.8842914891215
9,5,15,2,diurnal,service_sigma_0.5,LC_HI,71,2190,21187519,271.6925292433789,391.2583997181367
9,5,15,2,diurnal,service_sigma_0.5,LC_HI,72,1469,21187519,319.98250652907944,434.7781717840395
9,5,15,2,diurnal,service_sigma_0.5,LC_HI,73,426,21187519,294.506697450432,446.55039300504546
9,5,15,2,diurnal,service_sigma_0.5,LC_HI,74,1004,21187519,319.54531217502165,414.0933325256193
9,5,15,2,diurnal,service_sigma_0.5,LC_HI,75,1202,21187519,226.72763565573027,355.5628441612211
9,5,15,2,diurnal,service_sigma_0.5,LC_HI,76,2058,21187519,189.44318272198615,296.7383526365732
9,5,15,2,diurnal,service_sigma_0.5,LC_HI,77,1594,21187519,281.5321897824132,435.0713436772288
9,5,15,2,diurnal,service_sigma_0.5,LC_HI,78,2370,21187519,184.31762767986828,313.28135936591764
9,5,15,2,diurnal,service_sigma_0.5,LC_HI,79,2081,21187519,216.3034708359407,316.36687546136307
9,5,15,2,diurnal,service_sigma_0.5,LC_HI,80,2570,21187519,271.25573517255447,376.6124576968653
9,5,15,2,diurnal,service_sigma_0.5,LC_HI,81,2982,21187519,273.54549301191884,395.62964522551465
9,5,15,2,diurnal,service_sigma_0.5,LC_HI,82,310,21187519,274.9416353332456,408.08660979655815
9,5,15,2,diurnal,service_sigma_0.5,LC_HI,83,52,21187519,250.58640589344813,336.7483469706445
9,5,15,2,diurnal,service_sigma_0.5,LC_HI,84,1317,21187519,225.43065628116685,313.4515019164787
9,5,15,2,diurnal,service_sigma_0.5,LC_HI,85,1591,21187519,295.1540127464083,352.9894239813685
9,5,15,2,diurnal,service_sigma_0.5,LC_HI,86,1079,21187519,236.56494601236912,344.3772923706098
9,5,15,2,diurnal,service_sigma_0.5,LC_HI,87,2268,21187519,290.05479650327106,421.99709829736344
9,5,15,2,diurnal,service_sigma_0.5,LC_HI,88,1826,21187519,283.08157513019495,383.08447719433565
9,5,15,2,diurnal,service_sigma_0.5,LC_HI,89,2274,21187519,195.50501719569567,298.2689364348052
9,5,15,2,diurnal,service_sigma_0.5,LC_HI,90,1595,21187519,254.62215471425108,392.85827573334007
9,5,15,2,diurnal,service_sigma_0.5,LC_HI,91,1272,21187519,232.80228753352682,322.58355362474356
9,5,15,2,diurnal,service_sigma_0.5,LC_HI,92,1079,21187519,210.93548737512816,308.2488085927607
9,5,15,2,diurnal,service_sigma_0.5,LC_HI,93,534,21187519,222.9598931699485,326.12082781826814
9,5,15,2,diurnal,service_sigma_0.5,LC_HI,94,557,21187519,255.66716197311476,336.8222236869678
9,5,15,2,diurnal,service_sigma_0.5,LC_HI,95,550,21187519,230.02903857765972,322.65056530682295
9,5,15,2,diurnal,service_sigma_0.5,LC_HI,96,2326,21187519,231.3661476983114,372.95409759413656
9,5,15,2,diurnal,service_sigma_0.5,LC_HI,97,590,21187519,272.88592844468604,440.4355104271807
9,5,15,2,diurnal,service_sigma_0.5,LC_HI,98,1317,21187519,204.72151373816808,325.49279617817666
9,5,15,2,diurnal,service_sigma_0.5,LC_HI,99,52,21187519,236.88053528938866,332.42220053162913
9,5,15,2,diurnal,service_sigma_0.5,LC_HI,100,550,21187519,235.66613173881427,328.3317191087286
9,5,15,2,diurnal,service_sigma_0.5,LC_HI,101,378,21187519,267.4185605930327,373.4185605930328
9,5,15,2,diurnal,service_sigma_0.5,LC_HI,102,870,21187519,263.0341640937046,357.2171484798235
9,5,15,2,diurnal,service_sigma_0.5,LC_HI,103,513,21187519,286.30514977274726,426.5465331948908
9,5,15,2,diurnal,service_sigma_0.5,LC_HI,104,1284,21187519,273.0797081171729,344.5145397614635
9,5,15,2,diurnal,service_sigma_0.5,LC_HI,105,2958,21187519,298.27604632427466,403.3346213195379
9,5,15,2,diurnal,service_sigma_0.5,LC_HI,106,1982,21187519,258.89658951450434,437.30598317940263
9,5,15,2,diurnal,service_sigma_0.5,LC_HI,107,2265,21187519,236.70237882789135,408.58162224097134
9,5,15,2,diurnal,service_sigma_0.5,LC_HI,108,359,21187519,243.43651559558512,393.9255070020642
9,5,15,2,diurnal,service_sigma_0.5,LC_HI,109,616,21187519,242.32728713277473,371.2528371403861
9,5,15,2,diurnal,service_sigma_0.5,LC_HI,110,534,21187519,239.56387190207033,330.83750416558445
9,5,15,2,diurnal,service_sigma_0.5,LC_HI,111,605,21187519,261.0951991371886,329.28010579174475
9,5,15,2,diurnal,service_sigma_0.5,LC_HI,112,255,21187519,226.44517347480217,267.07891726878233
9,5,15,2,diurnal,service_sigma_0.5,LC_HI,113,1058,21187519,295.82706498036583,437.8572546085607
9,5,15,2,diurnal,service_sigma_0.5,LC_HI,114,2722,21187519,300.55546408721796,401.7151966261883
9,5,15,2,diurnal,service_sigma_0.5,LC_HI,115,928,21187519,265.3382339635195,379.2936976419578
9,5,15,2,diurnal,service_sigma_0.5,LC_HI,116,2851,21187519,279.6777780427146,405.36680502769633
9,5,15,2,diurnal,service_sigma_0.5,LC_HI,117,2914,21187519,255.07161247916014,377.94544013976076
9,5,15,2,diurnal,service_sigma_0.5,LC_HI,118,1439,21187519,310.73023421687645,449.3857959223465
9,5,15,2,diurnal,service_sigma_0.5,LC_HI,119,1064,21187519,228.27436908660326,379.58213863991864
9,5,15,2,diurnal,service_sigma_0.5,LC_HI,120,2453,21187519,243.3415256189034,419.36017096499876
9,5,15,2,diurnal,service_sigma_0.5,LC_HI,121,1459,21187519,187.34771352460723,326.24876114702386
9,5,15,2,diurnal,service_sigma_0.5,LC_HI,122,1863,21187519,198.2719287407961,233.71953536280543
9,5,15,2,diurnal,service_sigma_0.5,LC_HI,123,2419,21187519,304.468445144906,399.9850366682114
9,5,15,2,diurnal,service_sigma_0.5,LC_HI,124,2241,21187519,201.58108289543452,332.52435938774556
9,5,15,2,diurnal,service_sigma_0.5,LC_HI,125,2027,21187519,251.82133638464123,304.37946264683336
9,5,15,2,diurnal,service_sigma_0.5,LC_HI,126,616,21187519,231.2324184933355,361.9387092988943
9,5,15,2,diurnal,service_sigma_0.5,LC_HI,127,374,21187519,218.71116418905285,306.4877170236064
9,5,15,2,diurnal,service_sigma_0.5,LC_HI,128,590,21187519,248.70847907331853,415.8617676936316
9,5,15,2,diurnal,service_sigma_0.5,LC_HI,129,492,21187519,231.44028462945946,338.68138981251593
9,5,15,2,diurnal,service_sigma_0.5,LC_HI,130,2966,21187519,265.9462990228628,400.27033696347206
9,5,15,2,diurnal,service_sigma_0.5,LC_HI,131,1592,21187519,285.06442636334106,396.4113377974087
9,5,15,2,diurnal,service_sigma_0.5,LC_HI,132,1583,21187519,234.00400208325473,354.55083159993285
9,5,15,2,diurnal,service_sigma_0.5,LC_HI,133,751,21187519,282.04975801796047,488.37665808720425
9,5,15,2,diurnal,service_sigma_0.5,LC_HI,134,1499,21187519,259.22018132800457,370.4030047588473
9,5,15,2,diurnal,service_sigma_0.5,LC_HI,135,513,21187519,297.3694129063712,436.11519911884596
9,5,15,2,diurnal,service_sigma_0.5,LC_HI,136,2722,21187519,287.9609895588654,399.48191942741556
9,5,15,2,diurnal,service_sigma_0.5,LC_HI,137,875,21187519,244.6073487096058,344.837594303585
9,5,15,2,diurnal,service_sigma_0.5,LC_HI,138,2915,21187519,251.89567193089593,369.33410770938156
9,5,15,2,diurnal,service_sigma_0.5,LC_HI,139,1485,21187519,255.42438353926778,365.01923656913306
9,5,15,2,diurnal,service_sigma_0.5,LC_HI,140,2902,21187519,215.59618640294664,316.76672790959174
9,5,15,2,diurnal,service_sigma_0.5,LC_HI,141,2138,21187519,284.81751954457826,392.3561103108839
9,5,15,2,diurnal,service_sigma_0.5,LC_HI,142,2102,21187519,230.56239309667018,328.14377537639353
9,5,15,2,diurnal,service_sigma_0.5,LC_HI,143,590,21187519,268.007340950149,423.2336171878413
9,5,15,2,diurnal,service_sigma_0.5,LC_HI,144,2810,21187519,279.12383725159094,387.01192208552015
9,5,15,2,diurnal,service_sigma_0.5,LC_HI,145,1058,21187519,282.58966672205867,442.23025339351904
9,5,15,2,diurnal,service_sigma_0.5,LC_HI,146,781,21187519,231.84062384099002,318.24801417263586
9,5,15,2,diurnal,service_sigma_0.5,LC_HI,147,1253,21187519,262.76775512706035,368.2664457319732
9,5,15,2,diurnal,service_sigma_0.5,LC_HI,148,1471,21187519,296.1781338355648,388.5382410819675
9,5,15,2,diurnal,service_sigma_0.5,LC_HI,149,2138,21187519,297.7116619107624,385.73888585362295
9,5,15,2,diurnal,service_sigma_0.5,LC_HI,150,1721,21187519,253.82449926189446,338.9521442075995
9,5,15,2,diurnal,service_sigma_0.5,LC_HI,151,1969,21187519,253.04125087693708,411.8883891422318
9,5,15,2,diurnal,service_sigma_0.5,LC_HI,152,605,21187519,259.2366995406496,334.18321277281956
9,5,15,2,diurnal,service_sigma_0.5,LC_HI,153,693,21187519,278.8629080990256,424.3577789483023
9,5,15,2,diurnal,service_sigma_0.5,LC_HI,154,2693,21187519,291.2027433320381,368.4689346872258
9,5,15,2,diurnal,service_sigma_0.5,LC_HI,155,2058,21187519,195.3535754171622,296.6505892766304
9,5,15,2,diurnal,service_sigma_0.5,LC_HI,156,2120,21187519,184.33620946317484,314.22436516700327
9,5,15,2,diurnal,service_sigma_0.5,LC_HI,157,2232,21187519,249.71793655903758,408.73244652761485
9,5,15,2,diurnal,service_sigma_0.5,LC_HI,158,693,21187519,276.07221375370324,434.24248008430703
9,5,15,2,diurnal,service_sigma_0.5,LC_HI,159,2370,21187519,187.5617497428828,300.3607868882998
9,5,15,2,diurnal,service_sigma_0.5,LC_HI,160,1696,21187519,262.3478630319885,372.98011601893427
9,5,15,2,diurnal,service_sigma_0.5,LC_HI,161,2137,21187519,286.0751057320917,463.8124144199525
9,5,15,2,diurnal,service_sigma_0.5,LC_HI,162,498,21187519,274.16389575715664,399.6279380904994
9,5,15,2,diurnal,service_sigma_0.5,LC_HI,163,529,21187519,302.98408373550524,447.13530007488964
9,5,15,2,diurnal,service_sigma_0.5,LC_HI,164,1728,21187519,217.71470553176607,307.2308767605161
9,5,15,2,diurnal,service_sigma_0.5,LC_HI,165,1994,21187519,293.5634322679025,392.4926656955396
9,5,15,2,diurnal,service_sigma_0.5,LC_HI,166,1205,21187519,257.49152216844595,385.0978267638067
9,5,15,2,diurnal,service_sigma_0.5,LC_HI,167,781,21187519,220.47720265091021,309.53853620142183
9,5,15,2,diurnal,service_sigma_0.5,LC_HI,168,834,21187519,237.5354040868458,378.0752219425691
9,5,15,2,diurnal,service_sigma_0.5,LC_HI,169,1568,21187519,177.9469432970409,267.8651749725396
9,5,15,2,diurnal,service_sigma_0.5,LC_HI,170,2429,21187519,300.1201800041638,424.17043385507424
9,5,15,2,diurnal,service_sigma_0.5,LC_HI,171,1439,21187519,296.016445583219,442.0694156677568
9,5,15,2,diurnal,service_sigma_0.5,LC_HI,172,498,21187519,256.67459827292737,396.5919106095008
9,5,15,2,diurnal,service_sigma_0.5,LC_HI,173,1738,21187519,236.5040639353449,357.07276487084346
9,5,15,2,diurnal,service_sigma_0.5,LC_HI,174,1092,21187519,270.92914748282175,447.4794859002242
9,5,15,2,diurnal,service_sigma_0.5,LC_HI,175,1150,21187519,210.58778947362057,288.7376073799951
9,5,15,2,diurnal,service_sigma_0.5,LC_HI,176,2069,21187519,268.58472230970546,394.14669150826757
9,5,15,2,diurnal,service_sigma_0.5,LC_HI,177,1738,21187519,255.5210242003463,364.44583638560187
9,5,15,2,diurnal,service_sigma_0.5,LC_HI,178,1382,21187519,243.2674610385012,352.50073900033107
9,5,15,2,diurnal,service_sigma_0.5,LC_HI,179,1728,21187519,224.56566140386235,310.07316161862
9,5,15,2,diurnal,service_sigma_0.5,LC_HI,180,1469,21187519,298.11623434733343,410.0181600277672
9,5,15,2,diurnal,service_sigma_0.5,LC_HI,181,2370,21187519,216.523195615804,309.8244618893792
9,5,15,2,diurnal,service_sigma_0.5,LC_HI,182,545,21187519,291.8013980298742,426.5082926356568
9,5,15,2,diurnal,service_sigma_0.5,LC_HI,183,605,21187519,252.8897076868198,327.7837103798883
9,5,15,2,diurnal,service_sigma_0.5,LC_HI,184,2676,21187519,226.43866491950564,378.37004583919867
9,5,15,2,diurnal,service_sigma_0.5,LC_HI,185,341,21187519,207.1774450554591,274.32761110500115
9,5,15,2,diurnal,service_sigma_0.5,LC_HI,186,519,21187519,255.50705152050548,335.3025870008078
9,5,15,2,diurnal,service_sigma_0.5,LC_HI,187,2950,21187519,226.86029386083413,327.7105602796042
9,5,15,2,diurnal,service_sigma_0.5,LC_HI,188,1616,21187519,318.2156002269053,469.9892172994115
9,5,15,2,diurnal,service_sigma_0.5,LC_HI,189,745,21187519,267.83305222503236,456.17811852057787
9,5,15,2,diurnal,service_sigma_0.5,LC_HI,190,2511,21187519,206.63756881814578,256.9883893511549
9,5,15,2,diurnal,service_sigma_0.5,LC_HI,191,2137,21187519,292.5398293553676,460.76584148454106
9,5,15,2,diurnal,service_sigma_0.5,LC_HI,192,2161,21187519,172.38176078052834,211.30882497150085
9,5,15,2,diurnal,service_sigma_0.5,LC_HI,193,1779,21187519,221.60373473893608,257.40373074942204
9,5,15,2,diurnal,service_sigma_0.5,LC_HI,194,1817,21187519,324.70296876167197,563.2385212113518
9,5,15,2,diurnal,service_sigma_0.5,LC_HI,195,1721,21187519,262.59114872287614,351.66708757549907
9,5,15,2,diurnal,service_sigma_0.5,LC_HI,196,1526,21187519,247.3036405282531,372.57706076058787
9,5,15,2,diurnal,service_sigma_0.5,LC_HI,197,823,21187519,239.25113452121107,341.0202954527453
9,5,15,2,diurnal,service_sigma_0.5,LC_HI,198,2527,21187519,263.96327098237936,410.1386569268477
9,5,15,2,diurnal,service_sigma_0.5,LC_HI,199,1994,21187519,283.93645808607045,390.09806510212104
9,5,15,2,diurnal,service_sigma_0.5,LC_LI,0,938,21187519,288.97191091387145,420.2251834747588
9,5,15,2,diurnal,service_sigma_0.5,LC_LI,1,2518,21187519,274.57752843879365,446.61136403893624
9,5,15,2,diurnal,service_sigma_0.5,LC_LI,2,1307,21187519,226.78876836579238,323.1072827787228
9,5,15,2,diurnal,service_sigma_0.5,LC_LI,3,2130,21187519,226.64616929281792,384.2545717264591
9,5,15,2,diurnal,service_sigma_0.5,LC_LI,4,2733,21187519,308.1634716676275,439.8764837365405
9,5,15,2,diurnal,service_sigma_0.5,LC_LI,5,20,21187519,232.05219113281282,332.2023673665249
9,5,15,2,diurnal,service_sigma_0.5,LC_LI,6,2378,21187519,259.0610071967311,435.49028042156596
9,5,15,2,diurnal,service_sigma_0.5,LC_LI,7,589,21187519,235.57612861471256,365.96626274350695
9,5,15,2,diurnal,service_sigma_0.5,LC_LI,8,527,21187519,272.6093952956483,373.0116820423498
9,5,15,2,diurnal,service_sigma_0.5,LC_LI,9,850,21187519,270.6861116716872,444.2530402512442
9,5,15,2,diurnal,service_sigma_0.5,LC_LI,10,1427,21187519,321.3328329743617,443.1680857262266
9,5,15,2,diurnal,service_sigma_0.5,LC_LI,11,1641,21187519,241.73794536289452,364.730304953403
9,5,15,2,diurnal,service_sigma_0.5,LC_LI,12,2603,21187519,300.34870309403317,392.05380417709483
9,5,15,2,diurnal,service_sigma_0.5,LC_LI,13,2472,21187519,280.669422327377,377.55764424766255
9,5,15,2,diurnal,service_sigma_0.5,LC_LI,14,2358,21187519,281.4743777284508,443.80340445364675
9,5,15,2,diurnal,service_sigma_0.5,LC_LI,15,2860,21187519,235.53111955715968,403.5364640077072
9,5,15,2,diurnal,service_sigma_0.5,LC_LI,16,560,21187519,189.94759954154384,274.6568472168835
9,5,15,2,diurnal,service_sigma_0.5,LC_LI,17,1427,21187519,317.8137541770319,423.4233690536461
9,5,15,2,diurnal,service_sigma_0.5,LC_LI,18,1647,21187519,275.47497115080637,392.1444901569994
9,5,15,2,diurnal,service_sigma_0.5,LC_LI,19,1495,21187519,258.211195938871,384.55540579054343
9,5,15,2,diurnal,service_sigma_0.5,LC_LI,20,2968,21187519,306.064217727384,417.82094511388425
9,5,15,2,diurnal,service_sigma_0.5,LC_LI,21,1118,21187519,265.6444464838615,377.0043117971797
9,5,15,2,diurnal,service_sigma_0.5,LC_LI,22,561,21187519,257.94434073641156,397.57740803292216
9,5,15,2,diurnal,service_sigma_0.5,LC_LI,23,830,21187519,257.21220948567446,391.06016093021884
9,5,15,2,diurnal,service_sigma_0.5,LC_LI,24,1800,21187519,257.1433477539513,427.07006191783296
9,5,15,2,diurnal,service_sigma_0.5,LC_LI,25,612,21187519,261.6709201510252,394.8466571312905
9,5,15,2,diurnal,service_sigma_0.5,LC_LI,26,2968,21187519,305.00926826548744,438.9112509583495
9,5,15,2,diurnal,service_sigma_0.5,LC_LI,27,2884,21187519,307.9288142585161,440.03763751031096
9,5,15,2,diurnal,service_sigma_0.5,LC_LI,28,72,21187519,247.62975774458857,361.0606315930743
9,5,15,2,diurnal,service_sigma_0.5,LC_LI,29,2694,21187519,274.67225631000974,396.6879023450052
9,5,15,2,diurnal,service_sigma_0.5,LC_LI,30,363,21187519,236.04248447102594,384.47368116699363
9,5,15,2,diurnal,service_sigma_0.5,LC_LI,31,976,21187519,249.7706961173635,349.4659098016533
9,5,15,2,diurnal,service_sigma_0.5,LC_LI,32,1336,21187519,222.92848260182907,301.50254450573044
9,5,15,2,diurnal,service_sigma_0.5,LC_LI,33,2595,21187519,284.64903543451646,477.9457248149766
9,5,15,2,diurnal,service_sigma_0.5,LC_LI,34,830,21187519,247.06494065734077,376.9593276858725
9,5,15,2,diurnal,service_sigma_0.5,LC_LI,35,1633,21187519,262.171854576981,365.16375659124503
9,5,15,2,diurnal,service_sigma_0.5,LC_LI,36,2829,21187519,271.82028830905324,370.2646699328131
9,5,15,2,diurnal,service_sigma_0.5,LC_LI,37,336,21187519,251.25301033382547,335.569523667784
9,5,15,2,diurnal,service_sigma_0.5,LC_LI,38,2762,21187519,219.44422327385158,297.90390692139334
9,5,15,2,diurnal,service_sigma_0.5,LC_LI,39,1890,21187519,205.37746489491997,303.3786003685331
9,5,15,2,diurnal,service_sigma_0.5,LC_LI,40,2184,21187519,291.3473048896626,366.80875612763265
9,5,15,2,diurnal,service_sigma_0.5,LC_LI,41,2267,21187519,242.89338654667486,349.3810462955789
9,5,15,2,diurnal,service_sigma_0.5,LC_LI,42,1081,21187519,245.24318682937533,360.463181953345
9,5,15,2,diurnal,service_sigma_0.5,LC_LI,43,1171,21187519,285.7362022478395,388.458146327313
9,5,15,2,diurnal,service_sigma_0.5,LC_LI,44,20,21187519,236.01674593276445,359.98622900347914
9,5,15,2,diurnal,service_sigma_0.5,LC_LI,45,2762,21187519,232.56619281117221,300.6924206984688
9,5,15,2,diurnal,service_sigma_0.5,LC_LI,46,1340,21187519,279.23532471227554,391.82369593627266
9,5,15,2,diurnal,service_sigma_0.5,LC_LI,47,2176,21187519,301.2498488213452,425.96939488458975
9,5,15,2,diurnal,service_sigma_0.5,LC_LI,48,140,21187519,239.9183525629474,412.06087958233803
9,5,15,2,diurnal,service_sigma_0.5,LC_LI,49,20,21187519,221.2474192642138,359.16854678274507
9,5,15,2,diurnal,service_sigma_0.5,LC_LI,50,1625,21187519,280.6900172344266,386.6899474868442
9,5,15,2,diurnal,service_sigma_0.5,LC_LI,51,1920,21187519,241.77578251576392,373.77235084011426
9,5,15,2,diurnal,service_sigma_0.5,LC_LI,52,1911,21187519,222.56976839805722,349.5195915718068
9,5,15,2,diurnal,service_sigma_0.5,LC_LI,53,1091,21187519,253.27699632932556,336.9095102472713
9,5,15,2,diurnal,service_sigma_0.5,LC_LI,54,2331,21187519,296.59124533785723,356.913218886858
9,5,15,2,diurnal,service_sigma_0.5,LC_LI,55,2155,21187519,278.6662927444757,445.3670357820802
9,5,15,2,diurnal,service_sigma_0.5,LC_LI,56,1898,21187519,293.741460884279,345.05282541054686
9,5,15,2,diurnal,service_sigma_0.5,LC_LI,57,527,21187519,284.1094875474633,375.31000535030427
9,5,15,2,diurnal,service_sigma_0.5,LC_LI,58,42,21187519,273.695000185369,428.9596888921147
9,5,15,2,diurnal,service_sigma_0.5,LC_LI,59,2267,21187519,226.99700891464616,340.44231864462824
9,5,15,2,diurnal,service_sigma_0.5,LC_LI,60,1759,21187519,290.6447883709116,352.61245394578253
9,5,15,2,diurnal,service_sigma_0.5,LC_LI,61,2733,21187519,286.69688555560776,394.3314929160386
9,5,15,2,diurnal,service_sigma_0.5,LC_LI,62,136,21187519,238.53361365376966,329.28891813897917
9,5,15,2,diurnal,service_sigma_0.5,LC_LI,63,935,21187519,306.94978510934783,392.5624593892754
9,5,15,2,diurnal,service_sigma_0.5,LC_LI,64,1368,21187519,266.45371111266957,393.781918185758
9,5,15,2,diurnal,service_sigma_0.5,LC_LI,65,488,21187519,219.91864013762756,314.2326714012237
9,5,15,2,diurnal,service_sigma_0.5,LC_LI,66,62,21187519,292.57330630056725,434.2196713070772
9,5,15,2,diurnal,service_sigma_0.5,LC_LI,67,336,21187519,246.18255395222545,378.0857667132896
9,5,15,2,diurnal,service_sigma_0.5,LC_LI,68,2728,21187519,288.935894522498,400.7285023863854
9,5,15,2,diurnal,service_sigma_0.5,LC_LI,69,865,21187519,286.63720771290394,441.09265598948815
9,5,15,2,diurnal,service_sigma_0.5,LC_LI,70,1242,21187519,270.4377125233566,407.74519174848115
9,5,15,2,diurnal,service_sigma_0.5,LC_LI,71,977,21187519,257.7455185790913,350.64147169710265
9,5,15,2,diurnal,service_sigma_0.5,LC_LI,72,11,21187519,302.15218317397745,427.149197291629
9,5,15,2,diurnal,service_sigma_0.5,LC_LI,73,554,21187519,238.90644850330128,314.66887949291134
9,5,15,2,diurnal,service_sigma_0.5,LC_LI,74,1171,21187519,255.63952077047784,378.4636768788859
9,5,15,2,diurnal,service_sigma_0.5,LC_LI,75,2198,21187519,276.25516158591364,424.3892253770525
9,5,15,2,diurnal,service_sigma_0.5,LC_LI,76,1506,21187519,257.37521526239817,324.3963003713499
9,5,15,2,diurnal,service_sigma_0.5,LC_LI,77,2518,21187519,270.36650855745324,449.82112202255024
9,5,15,2,diurnal,service_sigma_0.5,LC_LI,78,346,21187519,239.39524556508604,365.09314612230577
9,5,15,2,diurnal,service_sigma_0.5,LC_LI,79,111,21187519,276.6479900642082,417.02598242090545
9,5,15,2,diurnal,service_sigma_0.5,LC_LI,80,1316,21187519,240.563946680512,403.6206035945587
9,5,15,2,diurnal,service_sigma_0.5,LC_LI,81,1546,21187519,340.646733691791,423.6636126853339
9,5,15,2,diurnal,service_sigma_0.5,LC_LI,82,2831,21187519,244.6190916029934,292.6781423058188
9,5,15,2,diurnal,service_sigma_0.5,LC_LI,83,1668,21187519,296.4593375680598,419.19241581020145
9,5,15,2,diurnal,service_sigma_0.5,LC_LI,84,488,21187519,228.71735740601443,330.55721722839513
9,5,15,2,diurnal,service_sigma_0.5,LC_LI,85,2520,21187519,212.39129007282713,361.3653096820943
9,5,15,2,diurnal,service_sigma_0.5,LC_LI,86,2603,21187519,290.6766689411124,400.2699691170087
9,5,15,2,diurnal,service_sigma_0.5,LC_LI,87,938,21187519,301.57751879486887,424.936638645819
9,5,15,2,diurnal,service_sigma_0.5,LC_LI,88,1365,21187519,289.9050390768076,441.46398969634987
9,5,15,2,diurnal,service_sigma_0.5,LC_LI,89,1091,21187519,262.0870514042616,341.5239624242102
9,5,15,2,diurnal,service_sigma_0.5,LC_LI,90,583,21187519,254.2978591377337,400.58974123881865
9,5,15,2,diurnal,service_sigma_0.5,LC_LI,91,31,21187519,274.0128511699953,399.1522153239225
9,5,15,2,diurnal,service_sigma_0.5,LC_LI,92,2037,21187519,208.24099203341518,331.3399086796621
9,5,15,2,diurnal,service_sigma_0.5,LC_LI,93,865,21187519,298.9065695138635,433.4545659275267
9,5,15,2,diurnal,service_sigma_0.5,LC_LI,94,2130,21187519,273.6924166642709,381.8989368130411
9,5,15,2,diurnal,service_sigma_0.5,LC_LI,95,1152,21187519,288.9289654381905,443.5781605514105
9,5,15,2,diurnal,service_sigma_0.5,LC_LI,96,2860,21187519,239.19850317718019,409.0013533462003
9,5,15,2,diurnal,service_sigma_0.5,LC_LI,97,583,21187519,282.8213705160899,377.2116346496103
9,5,15,2,diurnal,service_sigma_0.5,LC_LI,98,1071,21187519,261.2850742034343,378.47715632592775
9,5,15,2,diurnal,service_sigma_0.5,LC_LI,99,1365,21187519,269.8920580150139,437.5225859326946
9,5,15,2,diurnal,service_sigma_0.5,LC_LI,100,1463,21187519,263.34124633736667,407.06955510987
9,5,15,2,diurnal,service_sigma_0.5,LC_LI,101,266,21187519,252.86511312193878,370.20996745007824
9,5,15,2,diurnal,service_sigma_0.5,LC_LI,102,1365,21187519,269.8876167005082,451.70013438380767
9,5,15,2,diurnal,service_sigma_0.5,LC_LI,103,1051,21187519,313.1331443233854,361.4206690117243
9,5,15,2,diurnal,service_sigma_0.5,LC_LI,104,1668,21187519,284.46654789667036,449.8135693822137
9,5,15,2,diurnal,service_sigma_0.5,LC_LI,105,2945,21187519,307.6592733218703,446.38281402715427
9,5,15,2,diurnal,service_sigma_0.5,LC_LI,106,2008,21187519,257.76575562462637,448.85200559350477
9,5,15,2,diurnal,service_sigma_0.5,LC_LI,107,2920,21187519,270.95474791846704,339.7886222843531
9,5,15,2,diurnal,service_sigma_0.5,LC_LI,108,71,21187519,259.42010443296135,401.1156548608705
9,5,15,2,diurnal,service_sigma_0.5,LC_LI,109,2296,21187519,240.40872310095054,388.8441728948154
9,5,15,2,diurnal,service_sigma_0.5,LC_LI,110,1276,21187519,243.40546184374222,340.0482129026031
9,5,15,2,diurnal,service_sigma_0.5,LC_LI,111,1118,21187519,273.7573368088619,392.1487802885113
9,5,15,2,diurnal,service_sigma_0.5,LC_LI,112,2829,21187519,279.7614862956386,347.3311059041704
9,5,15,2,diurnal,service_sigma_0.5,LC_LI,113,2396,21187519,258.6030754455258,333.2386960045479
9,5,15,2,diurnal,service_sigma_0.5,LC_LI,114,111,21187519,273.18545475310395,413.96946004554326
9,5,15,2,diurnal,service_sigma_0.5,LC_LI,115,2694,21187519,279.6703622621327,377.8146125967772
9,5,15,2,diurnal,service_sigma_0.5,LC_LI,116,72,21187519,263.9574642660923,365.1470379965978
9,5,15,2,diurnal,service_sigma_0.5,LC_LI,117,1747,21187519,264.08094106830345,368.9479799215718
9,5,15,2,diurnal,service_sigma_0.5,LC_LI,118,612,21187519,268.04287104868524,390.6276668230619
9,5,15,2,diurnal,service_sigma_0.5,LC_LI,119,776,21187519,254.85257019612143,320.1526980818072
9,5,15,2,diurnal,service_sigma_0.5,LC_LI,120,125,21187519,293.25093577847525,424.07528550597385
9,5,15,2,diurnal,service_sigma_0.5,LC_LI,121,1495,21187519,268.4059911869184,386.1215708008395
9,5,15,2,diurnal,service_sigma_0.5,LC_LI,122,2320,21187519,211.56804751542154,333.3114451136497
9,5,15,2,diurnal,service_sigma_0.5,LC_LI,123,2467,21187519,232.3687729460895,384.26855671630216
9,5,15,2,diurnal,service_sigma_0.5,LC_LI,124,71,21187519,229.15850942781367,406.37723698013696
9,5,15,2,diurnal,service_sigma_0.5,LC_LI,125,1091,21187519,270.297053150202,346.8029677565009
9,5,15,2,diurnal,service_sigma_0.5,LC_LI,126,239,21187519,336.04009304764855,469.44237699748146
9,5,15,2,diurnal,service_sigma_0.5,LC_LI,127,976,21187519,245.86658024314275,359.72548429788753
9,5,15,2,diurnal,service_sigma_0.5,LC_LI,128,431,21187519,217.9743409705047,317.6524033114818
9,5,15,2,diurnal,service_sigma_0.5,LC_LI,129,72,21187519,249.2749873061575,378.75952058997353
9,5,15,2,diurnal,service_sigma_0.5,LC_LI,130,547,21187519,266.3584456617928,307.6830469788493
9,5,15,2,diurnal,service_sigma_0.5,LC_LI,131,830,21187519,247.77856135971297,371.9243975967239
9,5,15,2,diurnal,service_sigma_0.5,LC_LI,132,2920,21187519,262.57261677669004,335.4878872083609
9,5,15,2,diurnal,service_sigma_0.5,LC_LI,133,1347,21187519,218.56290367752797,325.0972844822957
9,5,15,2,diurnal,service_sigma_0.5,LC_LI,134,2001,21187519,288.4801645771339,404.25148582188933
9,5,15,2,diurnal,service_sigma_0.5,LC_LI,135,1254,21187519,251.4867579250083,357.17000170273616
9,5,15,2,diurnal,service_sigma_0.5,LC_LI,136,145,21187519,288.057792005625,397.75663260628704
9,5,15,2,diurnal,service_sigma_0.5,LC_LI,137,136,21187519,223.00326850738767,323.0970010729565
9,5,15,2,diurnal,service_sigma_0.5,LC_LI,138,1997,21187519,272.6466163137077,390.1996482408483
9,5,15,2,diurnal,service_sigma_0.5,LC_LI,139,2199,21187519,211.29943150356837,268.8901252247138
9,5,15,2,diurnal,service_sigma_0.5,LC_LI,140,1878,21187519,240.95561553040287,377.62266267361144
9,5,15,2,diurnal,service_sigma_0.5,LC_LI,141,1276,21187519,231.21112223525742,338.47863405752986
9,5,15,2,diurnal,service_sigma_0.5,LC_LI,142,547,21187519,237.37208176762198,275.70105406771523
9,5,15,2,diurnal,service_sigma_0.5,LC_LI,143,614,21187519,233.52899354297176,343.5842465707781
9,5,15,2,diurnal,service_sigma_0.5,LC_LI,144,2497,21187519,229.37107320929258,357.56624506706925
9,5,15,2,diurnal,service_sigma_0.5,LC_LI,145,1276,21187519,233.22542158303241,352.59717528905503
9,5,15,2,diurnal,service_sigma_0.5,LC_LI,146,66,21187519,225.38924738196792,335.4608986692821
9,5,15,2,diurnal,service_sigma_0.5,LC_LI,147,2760,21187519,238.56112420216795,397.11347594781506
9,5,15,2,diurnal,service_sigma_0.5,LC_LI,148,935,21187519,321.54927033286367,450.4162503469948
9,5,15,2,diurnal,service_sigma_0.5,LC_LI,149,145,21187519,310.2976311896988,401.5894613794639
9,5,15,2,diurnal,service_sigma_0.5,LC_LI,150,824,21187519,307.57548896803934,400.9290247918659
9,5,15,2,diurnal,service_sigma_0.5,LC_LI,151,1051,21187519,306.38130872468935,376.3548187969258
9,5,15,2,diurnal,service_sigma_0.5,LC_LI,152,547,21187519,238.26160838690876,267.5771263693946
9,5,15,2,diurnal,service_sigma_0.5,LC_LI,153,1304,21187519,294.74477699907277,397.9986464036833
9,5,15,2,diurnal,service_sigma_0.5,LC_LI,154,560,21187519,185.58972300346582,262.4302049880653
9,5,15,2,diurnal,service_sigma_0.5,LC_LI,155,2518,21187519,269.9785428642358,440.6957463101408
9,5,15,2,diurnal,service_sigma_0.5,LC_LI,156,15,21187519,303.1938910218291,424.88620255959444
9,5,15,2,diurnal,service_sigma_0.5,LC_LI,157,2728,21187519,273.5510139252394,390.69419982108144
9,5,15,2,diurnal,service_sigma_0.5,LC_LI,158,1094,21187519,290.60470185281275,418.7286637776246
9,5,15,2,diurnal,service_sigma_0.5,LC_LI,159,1117,21187519,293.83743966413715,403.07766031080104
9,5,15,2,diurnal,service_sigma_0.5,LC_LI,160,141,21187519,247.4148326726923,345.11829636849563
9,5,15,2,diurnal,service_sigma_0.5,LC_LI,161,1104,21187519,237.31859563568574,367.5748588282951
9,5,15,2,diurnal,service_sigma_0.5,LC_LI,162,1118,21187519,268.68720666624824,402.277305971432
9,5,15,2,diurnal,service_sigma_0.5,LC_LI,163,392,21187519,204.58080640605306,289.24394768115934
9,5,15,2,diurnal,service_sigma_0.5,LC_LI,164,1463,21187519,255.86086033146069,409.29542562105865
9,5,15,2,diurnal,service_sigma_0.5,LC_LI,165,776,21187519,258.77482442019084,335.1775518045315
9,5,15,2,diurnal,service_sigma_0.5,LC_LI,166,2378,21187519,259.0626210739339,465.58139073617923
9,5,15,2,diurnal,service_sigma_0.5,LC_LI,167,324,21187519,222.06293709346164,364.6999954440557
9,5,15,2,diurnal,service_sigma_0.5,LC_LI,168,1579,21187519,239.5451208105123,312.94205383902903
9,5,15,2,diurnal,service_sigma_0.5,LC_LI,169,2603,21187519,290.0900451368083,386.0064807124718
9,5,15,2,diurnal,service_sigma_0.5,LC_LI,170,1890,21187519,213.66744513571945,304.06138860914007
9,5,15,2,diurnal,service_sigma_0.5,LC_LI,171,2829,21187519,279.6506593522945,373.13492165348384
9,5,15,2,diurnal,service_sigma_0.5,LC_LI,172,707,21187519,244.18171300973935,411.87062322013793
9,5,15,2,diurnal,service_sigma_0.5,LC_LI,173,1770,21187519,210.7984123156746,246.5760168305102
9,5,15,2,diurnal,service_sigma_0.5,LC_LI,174,2843,21187519,242.81175503966227,336.85587261003275
9,5,15,2,diurnal,service_sigma_0.5,LC_LI,175,2518,21187519,276.40345789026185,454.48152818207825
9,5,15,2,diurnal,service_sigma_0.5,LC_LI,176,1974,21187519,258.9799069218127,331.14574003371075
9,5,15,2,diurnal,service_sigma_0.5,LC_LI,177,2159,21187519,291.5838533167473,362.49090822423096
9,5,15,2,diurnal,service_sigma_0.5,LC_LI,178,2395,21187519,225.2004747139328,344.59421720262264
9,5,15,2,diurnal,service_sigma_0.5,LC_LI,179,1242,21187519,264.98519943535695,406.7889632371396
9,5,15,2,diurnal,service_sigma_0.5,LC_LI,180,125,21187519,297.73188741228415,405.10609855943375
9,5,15,2,diurnal,service_sigma_0.5,LC_LI,181,1574,21187519,268.18214838235576,357.4607872998518
9,5,15,2,diurnal,service_sigma_0.5,LC_LI,182,1974,21187519,261.60951091639,335.644713589479
9,5,15,2,diurnal,service_sigma_0.5,LC_LI,183,1668,21187519,278.8917271521943,443.42865484734676
9,5,15,2,diurnal,service_sigma_0.5,LC_LI,184,1991,21187519,254.43785162064788,399.3302044314052
9,5,15,2,diurnal,service_sigma_0.5,LC_LI,185,140,21187519,234.17017655604346,411.95902919245634
9,5,15,2,diurnal,service_sigma_0.5,LC_LI,186,830,21187519,248.84474811864672,360.34917422661084
9,5,15,2,diurnal,service_sigma_0.5,LC_LI,187,452,21187519,249.27285340953293,397.86927282523965
9,5,15,2,diurnal,service_sigma_0.5,LC_LI,188,1974,21187519,267.65557648146506,340.9485132743492
9,5,15,2,diurnal,service_sigma_0.5,LC_LI,189,446,21187519,320.562127205239,457.6272840194556
9,5,15,2,diurnal,service_sigma_0.5,LC_LI,190,547,21187519,259.64198937418826,320.66685669904894
9,5,15,2,diurnal,service_sigma_0.5,LC_LI,191,2233,21187519,228.7502614994911,362.5544610493347
9,5,15,2,diurnal,service_sigma_0.5,LC_LI,192,527,21187519,252.54359949163756,393.9677199672395
9,5,15,2,diurnal,service_sigma_0.5,LC_LI,193,1318,21187519,177.5035557790034,234.40571932520797
9,5,15,2,diurnal,service_sigma_0.5,LC_LI,194,977,21187519,264.2215703913993,368.81682172533834
9,5,15,2,diurnal,service_sigma_0.5,LC_LI,195,336,21187519,251.88902664685875,396.04135919113173
9,5,15,2,diurnal,service_sigma_0.5,LC_LI,196,980,21187519,254.1593968932173,357.22588768542687
9,5,15,2,diurnal,service_sigma_0.5,LC_LI,197,446,21187519,311.4540606814374,454.30170444611
9,5,15,2,diurnal,service_sigma_0.5,LC_LI,198,2835,21187519,289.118700819076,381.69226567839416
9,5,15,2,diurnal,service_sigma_0.5,LC_LI,199,2728,21187519,279.2093422811729,387.65098337275276
11,5,30,2,uniform,service_sigma_0.5,random,0,235,21387525,250.1458567831866,370.67463988430404
11,5,30,2,uniform,service_sigma_0.5,random,1,301,21387525,242.5388271121528,365.38487883209785
11,5,30,2,uniform,service_sigma_0.5,random,2,2222,21387525,260.1328458700062,403.995205481435
11,5,30,2,uniform,service_sigma_0.5,random,3,216,21387525,272.36627120739047,324.13823205231466
11,5,30,2,uniform,service_sigma_0.5,random,4,1597,21387525,249.8707146422157,398.98720819541575
11,5,30,2,uniform,service_sigma_0.5,random,5,121,21387525,260.74257237820933,376.222360059865
11,5,30,2,uniform,service_sigma_0.5,random,6,2618,21387525,221.33245010379977,374.1083541930112
11,5,30,2,uniform,service_sigma_0.5,random,7,2468,21387525,250.68157025791402,320.9925068629857
11,5,30,2,uniform,service_sigma_0.5,random,8,2783,21387525,222.04704491461783,310.637939867008
11,5,30,2,uniform,service_sigma_0.5,random,9,2757,21387525,220.06104918806867,297.13843857989826
11,5,30,2,uniform,service_sigma_0.5,random,10,1436,21387525,261.0376788856645,420.923526837371
11,5,30,2,uniform,service_sigma_0.5,random,11,2445,21387525,224.3674973127981,358.6545834152942
11,5,30,2,uniform,service_sigma_0.5,random,12,2614,21387525,262.56889266206286,417.64009055063906
11,5,30,2,uniform,service_sigma_0.5,random,13,1260,21387525,237.93557556441854,325.85193709981206
11,5,30,2,uniform,service_sigma_0.5,random,14,2762,21387525,268.5885226484244,382.5876439374914
11,5,30,2,uniform,service_sigma_0.5,random,15,1927,21387525,211.32283391227324,304.31418356430817
11,5,30,2,uniform,service_sigma_0.5,random,16,1224,21387525,285.7548492543062,379.6763034107877
11,5,30,2,uniform,service_sigma_0.5,random,17,2350,21387525,239.7843929388542,306.96776113824905
11,5,30,2,uniform,service_sigma_0.5,random,18,867,21387525,242.6562914601098,310.0399336638379
11,5,30,2,uniform,service_sigma_0.5,random,19,908,21387525,264.114530978512,368.3069687028495
11,5,30,2,uniform,service_sigma_0.5,random,20,2198,21387525,290.38571529073226,409.8050766837804
11,5,30,2,uniform,service_sigma_0.5,random,21,826,21387525,284.0691824544256,410.5856996103098
11,5,30,2,uniform,service_sigma_0.5,random,22,2436,21387525,212.81729920078004,343.8093864984057
11,5,30,2,uniform,service_sigma_0.5,random,23,2671,21387525,218.6696404278398,330.3780227872106
11,5,30,2,uniform,service_sigma_0.5,random,24,196,21387525,244.5696736106632,412.9366756128424
11,5,30,2,uniform,service_sigma_0.5,random,25,640,21387525,252.87707962135397,339.64659327451324
11,5,30,2,uniform,service_sigma_0.5,random,26,1515,21387525,281.1378948826347,405.35652451978734
11,5,30,2,uniform,service_sigma_0.5,random,27,1072,21387525,223.13788945964927,299.8691011651742
11,5,30,2,uniform,service_sigma_0.5,random,28,2457,21387525,241.03762215427818,462.69592111015294
11,5,30,2,uniform,service_sigma_0.5,random,29,2001,21387525,235.25422897741464,377.18327034059143
11,5,30,2,uniform,service_sigma_0.5,random,30,2690,21387525,219.9540787409164,387.48268389986504
11,5,30,2,uniform,service_sigma_0.5,random,31,298,21387525,224.1970056744225,334.61765154906857
11,5,30,2,uniform,service_sigma_0.5,random,32,931,21387525,261.46379503872475,380.16867543048915
11,5,30,2,uniform,service_sigma_0.5,random,33,2654,21387525,261.9216920609989,376.16618437107377
11,5,30,2,uniform,service_sigma_0.5,random,34,2520,21387525,315.1275757923314,412.39137987857714
11,5,30,2,uniform,service_sigma_0.5,random,35,2723,21387525,314.5646173051586,450.26455184155714
11,5,30,2,uniform,service_sigma_0.5,random,36,2521,21387525,209.68864819062705,346.6532950116594
11,5,30,2,uniform,service_sigma_0.5,random,37,2544,21387525,242.89276818434269,374.4612697065015
11,5,30,2,uniform,service_sigma_0.5,random,38,1025,21387525,266.0237095279998,430.6830145620933
11,5,30,2,uniform,service_sigma_0.5,random,39,2869,21387525,246.55056383860355,379.105797894725
11,5,30,2,uniform,service_sigma_0.5,random,40,135,21387525,243.46449143797616,387.9618881754295
11,5,30,2,uniform,service_sigma_0.5,random,41,2410,21387525,262.4233196483623,435.4368171957878
11,5,30,2,uniform,service_sigma_0.5,random,42,2566,21387525,285.6765110047443,403.9161967668628
11,5,30,2,uniform,service_sigma_0.5,random,43,1199,21387525,177.4865823132426,229.00918501315772
11,5,30,2,uniform,service_sigma_0.5,random,44,500,21387525,191.1797696587213,300.0537710258203
11,5,30,2,uniform,service_sigma_0.5,random,45,382,21387525,267.4749714940794,419.979888547083
11,5,30,2,uniform,service_sigma_0.5,random,46,2532,21387525,232.69283272711428,327.19185870638825
11,5,30,2,uniform,service_sigma_0.5,random,47,1835,21387525,251.1056937260627,405.98102232433865
11,5,30,2,uniform,service_sigma_0.5,random,48,816,21387525,238.96682636657002,372.4604571133843
11,5,30,2,uniform,service_sigma_0.5,random,49,978,21387525,220.7110168332207,305.24483499278625
11,5,30,2,uniform,service_sigma_0.5,random,50,1468,21387525,293.59654825738784,400.3465423180572
11,5,30,2,uniform,service_sigma_0.5,random,51,1224,21387525,282.9649524920563,390.0943706849704
11,5,30,2,uniform,service_sigma_0.5,random,52,971,21387525,233.9584759898901,333.02650823018246
11,5,30,2,uniform,service_sigma_0.5,random,53,950,21387525,282.1396842052516,478.1657306846585
11,5,30,2,uniform,service_sigma_0.5,random,54,1774,21387525,242.0776800877005,397.15852537869813
11,5,30,2,uniform,service_sigma_0.5,random,55,2275,21387525,281.55803364937606,501.9458602147033
11,5,30,2,uniform,service_sigma_0.5,random,56,1713,21387525,274.4929967625913,409.5016233816323
11,5,30,2,uniform,service_sigma_0.5,random,57,1344,21387525,270.2914059156212,394.3641581793141
11,5,30,2,uniform,service_sigma_0.5,random,58,1691,21387525,242.02521368222392,337.7765608225824
11,5,30,2,uniform,service_sigma_0.5,random,59,912,21387525,259.39678587795225,389.650937257023
11,5,30,2,uniform,service_sigma_0.5,random,60,25,21387525,233.20613496012754,352.8299994998986
11,5,30,2,uniform,service_sigma_0.5,random,61,1343,21387525,268.0127149112673,426.06767627420845
11,5,30,2,uniform,service_sigma_0.5,random,62,2158,21387525,274.7937415420254,376.3460577554758
11,5,30,2,uniform,service_sigma_0.5,random,63,1533,21387525,279.22976692940955,465.9657519286188
11,5,30,2,uniform,service_sigma_0.5,random,64,1630,21387525,259.0146528886193,423.2078704659092
11,5,30,2,uniform,service_sigma_0.5,random,65,1969,21387525,243.7078750228891,419.8716472190121
11,5,30,2,uniform,service_sigma_0.5,random,66,2313,21387525,267.9424047394334,391.80734454712695
11,5,30,2,uniform,service_sigma_0.5,random,67,906,21387525,260.12660666389706,334.7145252928909
11,5,30,2,uniform,service_sigma_0.5,random,68,2865,21387525,220.29399975279517,310.53707804998487
11,5,30,2,uniform,service_sigma_0.5,random,69,692,21387525,255.1584873936301,347.30694423922586
11,5,30,2,uniform,service_sigma_0.5,random,70,2890,21387525,255.62271057645677,369.1482266003856
11,5,30,2,uniform,service_sigma_0.5,random,71,1595,21387525,273.7990246714054,386.0479269018149
11,5,30,2,uniform,service_sigma_0.5,random,72,932,21387525,270.4855259032685,387.25610760561267
11,5,30,2,uniform,service_sigma_0.5,random,73,540,21387525,247.3340469331345,434.33411835450494
11,5,30,2,uniform,service_sigma_0.5,random,74,2468,21387525,248.90724689086326,335.15379240487476
11,5,30,2,uniform,service_sigma_0.5,random,75,690,21387525,244.47188215980916,402.25977692870714
11,5,30,2,uniform,service_sigma_0.5,random,76,19,21387525,235.07468469317558,371.69521832380417
11,5,30,2,uniform,service_sigma_0.5,random,77,1677,21387525,233.0862026312203,395.1828453109006
11,5,30,2,uniform,service_sigma_0.5,random,78,5,21387525,231.24409590173622,358.614488806307
11,5,30,2,uniform,service_sigma_0.5,random,79,2284,21387525,231.1697192257434,319.0971172510854
11,5,30,2,uniform,service_sigma_0.5,random,80,1474,21387525,276.29756092028606,529.1007189700503
11,5,30,2,uniform,service_sigma_0.5,random,81,1705,21387525,295.6614372179017,401.2148938693332
11,5,30,2,uniform,service_sigma_0.5,random,82,17,21387525,248.23718029032693,437.89286955593326
11,5,30,2,uniform,service_sigma_0.5,random,83,939,21387525,241.6399532886549,300.23179462878045
11,5,30,2,uniform,service_sigma_0.5,random,84,756,21387525,261.66144004445005,390.18550883311474
11,5,30,2,uniform,service_sigma_0.5,random,85,184,21387525,252.78802129446117,373.5429261910687
11,5,30,2,uniform,service_sigma_0.5,random,86,1129,21387525,241.30619150551962,310.9297781722837
11,5,30,2,uniform,service_sigma_0.5,random,87,186,21387525,274.4796929404869,432.73800781235326
11,5,30,2,uniform,service_sigma_0.5,random,88,2844,21387525,248.4109135859784,395.76907168651024
11,5,30,2,uniform,service_sigma_0.5,random,89,2368,21387525,223.40410183392788,318.6904395885097
11,5,30,2,uniform,service_sigma_0.5,random,90,1814,21387525,199.02104713325687,304.99214183839354
11,5,30,2,uniform,service_sigma_0.5,random,91,2262,21387525,226.31634040157576,311.72800793867503
11,5,30,2,uniform,service_sigma_0.5,random,92,2400,21387525,216.53972137146488,327.2851539679401
11,5,30,2,uniform,service_sigma_0.5,random,93,229,21387525,265.22150539847297,372.09696423293315
11,5,30,2,uniform,service_sigma_0.5,random,94,163,21387525,231.96122396877692,342.53613637564837
11,5,30,2,uniform,service_sigma_0.5,random,95,32,21387525,249.7608688236054,410.0420541388887
11,5,30,2,uniform,service_sigma_0.5,random,96,101,21387525,287.5687050131949,437.97666910636974
11,5,30,2,uniform,service_sigma_0.5,random,97,746,21387525,263.26046133533544,420.9739106302162
11,5,30,2,uniform,service_sigma_0.5,random,98,2926,21387525,269.0240692387094,482.69257248497615
11,5,30,2,uniform,service_sigma_0.5,random,99,1580,21387525,223.4881277719512,340.25503710559667
11,5,30,2,uniform,service_sigma_0.5,random,100,508,21387525,222.94107728956186,360.45316639769976
11,5,30,2,uniform,service_sigma_0.5,random,101,632,21387525,275.18978999319893,326.05249309069814
11,5,30,2,uniform,service_sigma_0.5,random,102,1735,21387525,232.71347779229413,345.61355331931435
11,5,30,2,uniform,service_sigma_0.5,random,103,366,21387525,243.1856005264247,391.9708750731367
11,5,30,2,uniform,service_sigma_0.5,random,104,852,21387525,276.9818158648925,426.8903067387915
11,5,30,2,uniform,service_sigma_0.5,random,105,2376,21387525,259.4965401028781,353.09641757066
11,5,30,2,uniform,service_sigma_0.5,random,106,1893,21387525,340.6150377601674,531.6213412140103
11,5,30,2,uniform,service_sigma_0.5,random,107,1501,21387525,252.82099578716551,345.11094832760296
11,5,30,2,uniform,service_sigma_0.5,random,108,1018,21387525,266.42295932429397,420.24905034220035
11,5,30,2,uniform,service_sigma_0.5,random,109,1823,21387525,256.8217132367792,323.7434445286203
11,5,30,2,uniform,service_sigma_0.5,random,110,2260,21387525,216.3818989826598,330.15325671091
11,5,30,2,uniform,service_sigma_0.5,random,111,1836,21387525,271.5212981208321,439.00022588907893
11,5,30,2,uniform,service_sigma_0.5,random,112,2606,21387525,268.89232282433153,426.85203730336286
11,5,30,2,uniform,service_sigma_0.5,random,113,1766,21387525,263.9369840725982,409.63563411966936
11,5,30,2,uniform,service_sigma_0.5,random,114,2775,21387525,255.22310479118434,404.48602765153197
11,5,30,2,uniform,service_sigma_0.5,random,115,2151,21387525,177.76072114836862,270.8028539501432
11,5,30,2,uniform,service_sigma_0.5,random,116,2774,21387525,266.60352468455596,313.4958606835718
11,5,30,2,uniform,service_sigma_0.5,random,117,785,21387525,249.6817077033294,356.0339681476638
11,5,30,2,uniform,service_sigma_0.5,random,118,727,21387525,216.1706870991266,323.51495285668125
11,5,30,2,uniform,service_sigma_0.5,random,119,375,21387525,219.60280196741994,306.53796843324506
11,5,30,2,uniform,service_sigma_0.5,random,120,1037,21387525,226.5303386679216,290.03626568469696
11,5,30,2,uniform,service_sigma_0.5,random,121,2032,21387525,215.4077089258801,328.2619728067629
11,5,30,2,uniform,service_sigma_0.5,random,122,1423,21387525,247.48240925178806,337.4779462985359
11,5,30,2,uniform,service_sigma_0.5,random,123,1252,21387525,280.792217928098,416.62509999342404
11,5,30,2,uniform,service_sigma_0.5,random,124,2912,21387525,257.045994602834,379.365686356679
11,5,30,2,uniform,service_sigma_0.5,random,125,1009,21387525,214.68948976583405,278.4281727950032
11,5,30,2,uniform,service_sigma_0.5,random,126,1161,21387525,208.91211353612962,320.12089029021433
11,5,30,2,uniform,service_sigma_0.5,random,127,1958,21387525,275.3306291605428,471.1392540845632
11,5,30,2,uniform,service_sigma_0.5,random,128,2228,21387525,286.2023915263591,391.8415886684969
11,5,30,2,uniform,service_sigma_0.5,random,129,2497,21387525,248.60055974302378,383.138824102138
11,5,30,2,uniform,service_sigma_0.5,random,130,114,21387525,209.51723593765996,345.5557021353439
11,5,30,2,uniform,service_sigma_0.5,random,131,1987,21387525,272.9274351450048,409.7165828671612
11,5,30,2,uniform,service_sigma_0.5,random,132,1323,21387525,241.78714915201286,397.9867943262597
11,5,30,2,uniform,service_sigma_0.5,random,133,1967,21387525,267.34019122861264,389.24941031673984
11,5,30,2,uniform,service_sigma_0.5,random,134,1248,21387525,261.19216689248134,370.75151722272943
11,5,30,2,uniform,service_sigma_0.5,random,135,2630,21387525,279.8915216025203,395.1594758846815
11,5,30,2,uniform,service_sigma_0.5,random,136,1338,21387525,269.9506946320409,459.20047030021226
11,5,30,2,uniform,service_sigma_0.5,random,137,2960,21387525,243.39568038554347,386.45400635795147
11,5,30,2,uniform,service_sigma_0.5,random,138,2150,21387525,264.44822792392057,422.0358516794582
11,5,30,2,uniform,service_sigma_0.5,random,139,1680,21387525,202.2592083277139,297.0513319088419
11,5,30,2,uniform,service_sigma_0.5,random,140,2552,21387525,246.53540246874516,356.82675766002154
11,5,30,2,uniform,service_sigma_0.5,random,141,2870,21387525,261.1178224820702,399.5819531918695
11,5,30,2,uniform,service_sigma_0.5,random,142,770,21387525,236.53244050582916,402.99524794775857
11,5,30,2,uniform,service_sigma_0.5,random,143,2243,21387525,204.2099573071023,356.09604254069376
11,5,30,2,uniform,service_sigma_0.5,random,144,2623,21387525,274.38238990284214,443.90324841903526
11,5,30,2,uniform,service_sigma_0.5,random,145,2327,21387525,229.36814814355589,298.4000818113019
11,5,30,2,uniform,service_sigma_0.5,random,146,1978,21387525,249.13676567275223,388.93025348789513
11,5,30,2,uniform,service_sigma_0.5,random,147,705,21387525,265.4591675566753,382.4811264528849
11,5,30,2,uniform,service_sigma_0.5,random,148,1227,21387525,282.7234228795309,381.14301361754013
11,5,30,2,uniform,service_sigma_0.5,random,149,1428,21387525,261.40911589644804,399.11540929287816
11,5,30,2,uniform,service_sigma_0.5,random,150,1254,21387525,248.7724937457365,329.01692850476206
11,5,30,2,uniform,service_sigma_0.5,random,151,545,21387525,248.33197267187066,349.806884420179
11,5,30,2,uniform,service_sigma_0.5,random,152,577,21387525,246.12576229504975,329.8361448355804
11,5,30,2,uniform,service_sigma_0.5,random,153,2627,21387525,294.1465042863464,473.3271600106855
11,5,30,2,uniform,service_sigma_0.5,random,154,2680,21387525,222.202100250091,368.0894200217824
11,5,30,2,uniform,service_sigma_0.5,random,155,947,21387525,281.452846762828,419.75514543490954
11,5,30,2,uniform,service_sigma_0.5,random,156,2211,21387525,230.22756103206027,332.6889566233284
11,5,30,2,uniform,service_sigma_0.5,random,157,1254,21387525,246.28190829390638,351.60312749878693
11,5,30,2,uniform,service_sigma_0.5,random,158,614,21387525,294.9558150493159,405.97214447296926
11,5,30,2,uniform,service_sigma_0.5,random,159,2298,21387525,247.9774772349093,425.120894155156
11,5,30,2,uniform,service_sigma_0.5,random,160,259,21387525,270.424394851202,393.1773079000038
11,5,30,2,uniform,service_sigma_0.5,random,161,2120,21387525,223.5481186807294,265.48184064497593
11,5,30,2,uniform,service_sigma_0.5,random,162,1995,21387525,277.160881337794,410.91684399877136
11,5,30,2,uniform,service_sigma_0.5,random,163,88,21387525,295.89819307243806,443.9853486654793
11,5,30,2,uniform,service_sigma_0.5,random,164,1030,21387525,248.65185994808783,458.84581126253056
11,5,30,2,uniform,service_sigma_0.5,random,165,530,21387525,228.20221971183705,411.2028385700939
11,5,30,2,uniform,service_sigma_0.5,random,166,799,21387525,284.0356986009187,439.055161561609
11,5,30,2,uniform,service_sigma_0.5,random,167,379,21387525,274.7688771739846,365.5397216107548
11,5,30,2,uniform,service_sigma_0.5,random,168,2811,21387525,208.1292663433997,394.6804717232147
11,5,30,2,uniform,service_sigma_0.5,random,169,2672,21387525,276.89639892801614,390.57322097563986
11,5,30,2,uniform,service_sigma_0.5,random,170,2722,21387525,270.8504875868345,334.5307307946168
11,5,30,2,uniform,service_sigma_0.5,random,171,2617,21387525,250.36948888163738,343.3531044788717
11,5,30,2,uniform,service_sigma_0.5,random,172,253,21387525,261.40860996088037,470.32955182012904
11,5,30,2,uniform,service_sigma_0.5,random,173,1957,21387525,284.6207789611285,395.83741137563726
11,5,30,2,uniform,service_sigma_0.5,random,174,2004,21387525,249.62312844919464,373.90303139302586
11,5,30,2,uniform,service_sigma_0.5,random,175,21,21387525,250.98053310172256,331.5235931325674
11,5,30,2,uniform,service_sigma_0.5,random,176,731,21387525,295.289572886721,407.3456154205094
11,5,30,2,uniform,service_sigma_0.5,random,177,955,21387525,211.18779956034368,389.1688374511172
11,5,30,2,uniform,service_sigma_0.5,random,178,2334,21387525,213.21069699794083,302.7867776748039
11,5,30,2,uniform,service_sigma_0.5,random,179,1012,21387525,252.3911744334818,364.79118845985454
11,5,30,2,uniform,service_sigma_0.5,random,180,1604,21387525,239.12170184019277,322.290093383614
11,5,30,2,uniform,service_sigma_0.5,random,181,258,21387525,218.21782692266495,347.94855220592723
11,5,30,2,uniform,service_sigma_0.5,random,182,1976,21387525,258.51654185156815,358.97050230533927
11,5,30,2,uniform,service_sigma_0.5,random,183,1538,21387525,290.2292080814157,462.04761360935095
11,5,30,2,uniform,service_sigma_0.5,random,184,1542,21387525,280.61406629200854,339.3789372448494
11,5,30,2,uniform,service_sigma_0.5,random,185,600,21387525,259.1353227801218,422.22915870389176
11,5,30,2,uniform,service_sigma_0.5,random,186,1912,21387525,224.4051182406282,332.7381688435373
11,5,30,2,uniform,service_sigma_0.5,random,187,2049,21387525,254.12867767916808,426.7966106951487
11,5,30,2,uniform,service_sigma_0.5,random,188,531,21387525,254.21752249996914,384.85049120195987
11,5,30,2,uniform,service_sigma_0.5,random,189,58,21387525,267.9329067541404,445.94735754586276
11,5,30,2,uniform,service_sigma_0.5,random,190,771,21387525,273.8344463058941,353.2435542292598
11,5,30,2,uniform,service_sigma_0.5,random,191,395,21387525,260.6336105887764,324.68182629312724
11,5,30,2,uniform,service_sigma_0.5,random,192,2205,21387525,330.2688504431786,462.9364577374891
11,5,30,2,uniform,service_sigma_0.5,random,193,861,21387525,229.94133604421054,399.144474349231
11,5,30,2,uniform,service_sigma_0.5,random,194,1821,21387525,265.29405430473554,355.4746752056679
11,5,30,2,uniform,service_sigma_0.5,random,195,2227,21387525,298.4605105150056,442.51599814871275
11,5,30,2,uniform,service_sigma_0.5,random,196,2415,21387525,264.31176064808926,375.3224472017661
11,5,30,2,uniform,service_sigma_0.5,random,197,1255,21387525,230.8137184742365,357.4795025706949
11,5,30,2,uniform,service_sigma_0.5,random,198,1398,21387525,231.7924436741065,414.3327199043429
11,5,30,2,uniform,service_sigma_0.5,random,199,1883,21387525,240.11433517506248,330.5069785853881
11,5,30,2,uniform,service_sigma_0.5,HC_HI,0,909,21387525,263.7799886723006,413.7768730532461
11,5,30,2,uniform,service_sigma_0.5,HC_HI,1,2303,21387525,237.90810326032786,317.0517808612329
11,5,30,2,uniform,service_sigma_0.5,HC_HI,2,484,21387525,251.17137874901653,371.49401295302556
11,5,30,2,uniform,service_sigma_0.5,HC_HI,3,2292,21387525,254.45937520586085,374.33614451648816
11,5,30,2,uniform,service_sigma_0.5,HC_HI,4,602,21387525,261.7480669647498,401.85525517142037
11,5,30,2,uniform,service_sigma_0.5,HC_HI,5,592,21387525,206.10270474842216,379.9434256206914
11,5,30,2,uniform,service_sigma_0.5,HC_HI,6,1867,21387525,295.57850112245086,428.8893290660843
11,5,30,2,uniform,service_sigma_0.5,HC_HI,7,1162,21387525,302.45010088875887,412.01907579936505
11,5,30,2,uniform,service_sigma_0.5,HC_HI,8,118,21387525,276.7430928727575,430.99985422601895
11,5,30,2,uniform,service_sigma_0.5,HC_HI,9,630,21387525,287.75416774252875,410.80670374100174
11,5,30,2,uniform,service_sigma_0.5,HC_HI,10,2846,21387525,243.79041043815707,460.3180623249261
11,5,30,2,uniform,service_sigma_0.5,HC_HI,11,212,21387525,276.5990554738873,445.9040176547073
11,5,30,2,uniform,service_sigma_0.5,HC_HI,12,839,21387525,270.74972003323774,440.9734527314977
11,5,30,2,uniform,service_sigma_0.5,HC_HI,13,2507,21387525,266.0076716592801,435.06991465540875
11,5,30,2,uniform,service_sigma_0.5,HC_HI,14,875,21387525,238.4959802616847,400.4609263736479
11,5,30,2,uniform,service_sigma_0.5,HC_HI,15,2224,21387525,262.83745195767386,356.2520582731061
11,5,30,2,uniform,service_sigma_0.5,HC_HI,16,2034,21387525,238.7930395782807,384.7955491590429
11,5,30,2,uniform,service_sigma_0.5,HC_HI,17,845,21387525,195.67767717879005,314.41371099439283
11,5,30,2,uniform,service_sigma_0.5,HC_HI,18,1552,21387525,226.30371348745481,350.485269183108
11,5,30,2,uniform,service_sigma_0.5,HC_HI,19,55,21387525,292.4111136790229,463.69398360895815
11,5,30,2,uniform,service_sigma_0.5,HC_HI,20,2618,21387525,218.6049029430392,356.479076114477
11,5,30,2,uniform,service_sigma_0.5,HC_HI,21,2456,21387525,303.31199326890703,434.2615707197669
11,5,30,2,uniform,service_sigma_0.5,HC_HI,22,1425,21387525,231.2123727419987,361.1158970209254
11,5,30,2,uniform,service_sigma_0.5,HC_HI,23,1475,21387525,211.51496306450156,380.1092524407222
11,5,30,2,uniform,service_sigma_0.5,HC_HI,24,1898,21387525,207.1272451092259,323.82361483858824
11,5,30,2,uniform,service_sigma_0.5,HC_HI,25,592,21387525,209.67468978508055,389.9098329736893
11,5,30,2,uniform,service_sigma_0.5,HC_HI,26,285,21387525,229.71846821299957,333.12800993926567
11,5,30,2,uniform,service_sigma_0.5,HC_HI,27,123,21387525,219.6994029806283,390.09213670869366
11,5,30,2,uniform,service_sigma_0.5,HC_HI,28,11,21387525,255.84845051007665,361.0445775665227
11,5,30,2,uniform,service_sigma_0.5,HC_HI,29,1412,21387525,228.8082280945991,346.70475501902297
11,5,30,2,uniform,service_sigma_0.5,HC_HI,30,461,21387525,254.86416149942414,401.1913292160258
11,5,30,2,uniform,service_sigma_0.5,HC_HI,31,1147,21387525,249.73957039728427,348.8993126266734
11,5,30,2,uniform,service_sigma_0.5,HC_HI,32,2867,21387525,323.12416308838505,475.2903542757596
11,5,30,2,uniform,service_sigma_0.5,HC_HI,33,1763,21387525,264.0347177395196,436.53083253160924
11,5,30,2,uniform,service_sigma_0.5,HC_HI,34,2212,21387525,293.4269697834271,454.242918423632
11,5,30,2,uniform,service_sigma_0.5,HC_HI,35,589,21387525,199.8995816435865,333.8502848503191
11,5,30,2,uniform,service_sigma_0.5,HC_HI,36,573,21387525,261.7838765567449,425.7063703351774
11,5,30,2,uniform,service_sigma_0.5,HC_HI,37,123,21387525,221.71975457473414,382.2095000449263
11,5,30,2,uniform,service_sigma_0.5,HC_HI,38,1048,21387525,285.2433966070458,457.66872267939
11,5,30,2,uniform,service_sigma_0.5,HC_HI,39,573,21387525,258.33323122237283,421.4477821355636
11,5,30,2,uniform,service_sigma_0.5,HC_HI,40,179,21387525,262.39278225987755,408.6008414628147
11,5,30,2,uniform,service_sigma_0.5,HC_HI,41,1714,21387525,313.10097252430825,522.1943150465391
11,5,30,2,uniform,service_sigma_0.5,HC_HI,42,1756,21387525,280.5913725474717,472.4797208864846
11,5,30,2,uniform,service_sigma_0.5,HC_HI,43,2487,21387525,278.6343636059248,365.90859020789776
11,5,30,2,uniform,service_sigma_0.5,HC_HI,44,1699,21387525,203.61844782333867,330.780202029013
11,5,30,2,uniform,service_sigma_0.5,HC_HI,45,915,21387525,269.9996133061462,360.5592728444018
11,5,30,2,uniform,service_sigma_0.5,HC_HI,46,2781,21387525,246.99228590509227,359.7284975511161
11,5,30,2,uniform,service_sigma_0.5,HC_HI,47,610,21387525,241.00335619298718,286.67790171800743
11,5,30,2,uniform,service_sigma_0.5,HC_HI,48,97,21387525,276.25018301794563,361.71974555407485
11,5,30,2,uniform,service_sigma_0.5,HC_HI,49,2507,21387525,266.04204593166793,419.55830249094765
11,5,30,2,uniform,service_sigma_0.5,HC_HI,50,914,21387525,257.4503015288229,370.41238531605376
11,5,30,2,uniform,service_sigma_0.5,HC_HI,51,852,21387525,294.4511735338466,424.19277591086427
11,5,30,2,uniform,service_sigma_0.5,HC_HI,52,2475,21387525,288.90023346786256,381.5199657069586
11,5,30,2,uniform,service_sigma_0.5,HC_HI,53,764,21387525,243.71049697085192,374.5409160598428
11,5,30,2,uniform,service_sigma_0.5,HC_HI,54,1568,21387525,229.92966068322363,381.4063667737802
11,5,30,2,uniform,service_sigma_0.5,HC_HI,55,2015,21387525,235.49773440003614,345.2827763046587
11,5,30,2,uniform,service_sigma_0.5,HC_HI,56,118,21387525,263.75960146661373,432.4836324132866
11,5,30,2,uniform,service_sigma_0.5,HC_HI,57,2846,21387525,247.23885292925172,440.5514160461529
11,5,30,2,uniform,service_sigma_0.5,HC_HI,58,862,21387525,294.4821102647593,402.40601685113273
11,5,30,2,uniform,service_sigma_0.5,HC_HI,59,2456,21387525,295.20814414316175,414.2679452643852
11,5,30,2,uniform,service_sigma_0.5,HC_HI,60,2911,21387525,220.26600299971437,405.67538658845285
11,5,30,2,uniform,service_sigma_0.5,HC_HI,61,265,21387525,197.23359427985736,299.7368447362287
11,5,30,2,uniform,service_sigma_0.5,HC_HI,62,1773,21387525,304.2289116472867,378.65040104814216
11,5,30,2,uniform,service_sigma_0.5,HC_HI,63,1088,21387525,251.67463161886053,390.7956788984597
11,5,30,2,uniform,service_sigma_0.5,HC_HI,64,589,21387525,201.69324586258824,342.1562247705606
11,5,30,2,uniform,service_sigma_0.5,HC_HI,65,915,21387525,274.94299427604795,353.41789608964774
11,5,30,2,uniform,service_sigma_0.5,HC_HI,66,2447,21387525,165.15036627603826,291.03939511445606
11,5,30,2,uniform,service_sigma_0.5,HC_HI,67,271,21387525,277.31418583465995,432.01103878008377
11,5,30,2,uniform,service_sigma_0.5,HC_HI,68,839,21387525,264.4269704145099,451.82416990221714
11,5,30,2,uniform,service_sigma_0.5,HC_HI,69,11,21387525,257.40460125647286,351.6987515944815
11,5,30,2,uniform,service_sigma_0.5,HC_HI,70,1750,21387525,294.2960079017772,445.842741763387
11,5,30,2,uniform,service_sigma_0.5,HC_HI,71,820,21387525,308.8076201791527,419.2816613567918
11,5,30,2,uniform,service_sigma_0.5,HC_HI,72,602,21387525,250.36578828379658,386.11921644652233
11,5,30,2,uniform,service_sigma_0.5,HC_HI,73,2487,21387525,269.5850458099282,380.7672043649398
11,5,30,2,uniform,service_sigma_0.5,HC_HI,74,914,21387525,247.0933678012125,357.90970028267367
11,5,30,2,uniform,service_sigma_0.5,HC_HI,75,2212,21387525,290.80486363750543,464.03753506209836
11,5,30,2,uniform,service_sigma_0.5,HC_HI,76,799,21387525,273.97271247727264,428.4561331950937
11,5,30,2,uniform,service_sigma_0.5,HC_HI,77,2911,21387525,243.36870582903487,408.4422744532551
11,5,30,2,uniform,service_sigma_0.5,HC_HI,78,2775,21387525,235.71452097667634,394.0074029477892
11,5,30,2,uniform,service_sigma_0.5,HC_HI,79,2618,21387525,230.65757287914178,368.9925029833838
11,5,30,2,uniform,service_sigma_0.5,HC_HI,80,118,21387525,272.6818210999913,438.752934335762
11,5,30,2,uniform,service_sigma_0.5,HC_HI,81,2883,21387525,240.5595363603314,347.01160176315284
11,5,30,2,uniform,service_sigma_0.5,HC_HI,82,1282,21387525,210.2378880816299,326.83063859301376
11,5,30,2,uniform,service_sigma_0.5,HC_HI,83,1907,21387525,291.1860934989886,417.040551478749
11,5,30,2,uniform,service_sigma_0.5,HC_HI,84,964,21387525,272.96405929175927,422.1473217600672
11,5,30,2,uniform,service_sigma_0.5,HC_HI,85,606,21387525,280.16479183054554,424.54777099012966
11,5,30,2,uniform,service_sigma_0.5,HC_HI,86,1756,21387525,292.859607658606,467.3465919293879
11,5,30,2,uniform,service_sigma_0.5,HC_HI,87,2729,21387525,325.90386960620896,443.6269459511583
11,5,30,2,uniform,service_sigma_0.5,HC_HI,88,1019,21387525,286.0732670353531,388.68825097368546
11,5,30,2,uniform,service_sigma_0.5,HC_HI,89,1652,21387525,315.4154711448129,482.15708364511573
11,5,30,2,uniform,service_sigma_0.5,HC_HI,90,463,21387525,281.16666315356724,404.7596601322494
11,5,30,2,uniform,service_sigma_0.5,HC_HI,91,2706,21387525,259.31634040157576,366.4429380329899
11,5,30,2,uniform,service_sigma_0.5,HC_HI,92,431,21387525,257.2200394395444,364.29724169188216
11,5,30,2,uniform,service_sigma_0.5,HC_HI,93,1898,21387525,211.89756329668393,319.18870565879934
11,5,30,2,uniform,service_sigma_0.5,HC_HI,94,265,21387525,202.41957846465854,291.3674202033607
11,5,30,2,uniform,service_sigma_0.5,HC_HI,95,1778,21387525,288.8155249217864,418.8406062135396
11,5,30,2,uniform,service_sigma_0.5,HC_HI,96,2487,21387525,261.6240384163015,376.99744762052916
11,5,30,2,uniform,service_sigma_0.5,HC_HI,97,845,21387525,198.2539193780629,305.30427301675616
11,5,30,2,uniform,service_sigma_0.5,HC_HI,98,1568,21387525,232.5360377654023,361.28605195111777
11,5,30,2,uniform,service_sigma_0.5,HC_HI,99,1177,21387525,255.43592993461783,400.6724044378178
11,5,30,2,uniform,service_sigma_0.5,HC_HI,100,1119,21387525,278.81742677213674,475.09568341755846
11,5,30,2,uniform,service_sigma_0.5,HC_HI,101,380,21387525,230.29382032930238,378.691602232702
11,5,30,2,uniform,service_sigma_0.5,HC_HI,102,2894,21387525,233.29372069585816,366.4367375097857
11,5,30,2,uniform,service_sigma_0.5,HC_HI,103,1226,21387525,287.0015818020422,414.02514873363197
11,5,30,2,uniform,service_sigma_0.5,HC_HI,104,1867,21387525,271.8732076284633,416.7656009291669
11,5,30,2,uniform,service_sigma_0.5,HC_HI,105,1600,21387525,273.5894465445488,391.23090072140644
11,5,30,2,uniform,service_sigma_0.5,HC_HI,106,735,21387525,295.83538927483755,437.39223101636003
11,5,30,2,uniform,service_sigma_0.5,HC_HI,107,380,21387525,236.85608986759115,393.3323479777149
11,5,30,2,uniform,service_sigma_0.5,HC_HI,108,622,21387525,224.84641248422864,400.75260150507876
11,5,30,2,uniform,service_sigma_0.5,HC_HI,109,1278,21387525,212.18374950783965,376.580244653987
11,5,30,2,uniform,service_sigma_0.5,HC_HI,110,657,21387525,235.3818989826598,330.0650720036361
11,5,30,2,uniform,service_sigma_0.5,HC_HI,111,815,21387525,305.63820933539733,442.4732967880823
11,5,30,2,uniform,service_sigma_0.5,HC_HI,112,2906,21387525,301.8131844387117,432.83404559227654
11,5,30,2,uniform,service_sigma_0.5,HC_HI,113,2846,21387525,244.87649645317046,439.50625331837625
11,5,30,2,uniform,service_sigma_0.5,HC_HI,114,902,21387525,192.34997505579298,247.59891014173658
11,5,30,2,uniform,service_sigma_0.5,HC_HI,115,1697,21387525,219.23057679555419,340.9755674802459
11,5,30,2,uniform,service_sigma_0.5,HC_HI,116,630,21387525,293.58370302376653,431.19644383329296
11,5,30,2,uniform,service_sigma_0.5,HC_HI,117,2456,21387525,283.4128719881338,417.4170559683639
11,5,30,2,uniform,service_sigma_0.5,HC_HI,118,885,21387525,241.26980479944254,339.3727647750145
11,5,30,2,uniform,service_sigma_0.5,HC_HI,119,2527,21387525,230.58824812688687,385.7220208225207
11,5,30,2,uniform,service_sigma_0.5,HC_HI,120,2038,21387525,238.28415978763053,418.84229719505976
11,5,30,2,uniform,service_sigma_0.5,HC_HI,121,2207,21387525,269.8628622680759,367.77225633575705
11,5,30,2,uniform,service_sigma_0.5,HC_HI,122,1147,21387525,255.12926430475113,358.41227837584546
11,5,30,2,uniform,service_sigma_0.5,HC_HI,123,166,21387525,262.1843896812108,373.40759441151346
11,5,30,2,uniform,service_sigma_0.5,HC_HI,124,1893,21387525,301.9497217330672,466.97263396430156
11,5,30,2,uniform,service_sigma_0.5,HC_HI,125,2303,21387525,214.3129818033817,304.28049674854253
11,5,30,2,uniform,service_sigma_0.5,HC_HI,126,2689,21387525,241.8611509426101,321.23408019768686
11,5,30,2,uniform,service_sigma_0.5,HC_HI,127,2601,21387525,224.03875713756062,359.89854488040066
11,5,30,2,uniform,service_sigma_0.5,HC_HI,128,2207,21387525,258.84722743835067,378.8724936692333
11,5,30,2,uniform,service_sigma_0.5,HC_HI,129,259,21387525,285.9320376796156,401.3226267289777
11,5,30,2,uniform,service_sigma_0.5,HC_HI,130,2303,21387525,212.5827112917689,330.70318417392167
11,5,30,2,uniform,service_sigma_0.5,HC_HI,131,1639,21387525,322.1425692966656,457.797953698638
11,5,30,2,uniform,service_sigma_0.5,HC_HI,132,592,21387525,217.22758983057489,388.8632332759669
11,5,30,2,uniform,service_sigma_0.5,HC_HI,133,1773,21387525,288.4522436227245,357.85550452340766
11,5,30,2,uniform,service_sigma_0.5,HC_HI,134,2739,21387525,253.8420177562935,323.305051259129
11,5,30,2,uniform,service_sigma_0.5,HC_HI,135,2403,21387525,265.0738024072088,358.89152160252036
11,5,30,2,uniform,service_sigma_0.5,HC_HI,136,998,21387525,288.7942523466403,450.3987828807052
11,5,30,2,uniform,service_sigma_0.5,HC_HI,137,1680,21387525,201.20587195433393,300.3794495009789
11,5,30,2,uniform,service_sigma_0.5,HC_HI,138,297,21387525,292.1863182190204,442.15637548995136
11,5,30,2,uniform,service_sigma_0.5,HC_HI,139,2689,21387525,233.51062922864156,338.30737605887003
11,5,30,2,uniform,service_sigma_0.5,HC_HI,140,1741,21387525,189.20424200329583,323.3035928627612
11,5,30,2,uniform,service_sigma_0.5,HC_HI,141,2449,21387525,226.0173048075865,370.88193694680473
11,5,30,2,uniform,service_sigma_0.5,HC_HI,142,2762,21387525,269.21053706796596,411.06835254925477
11,5,30,2,uniform,service_sigma_0.5,HC_HI,143,2033,21387525,227.67276832734703,354.744145111347
11,5,30,2,uniform,service_sigma_0.5,HC_HI,144,236,21387525,244.23409223691402,358.3129191964155
11,5,30,2,uniform,service_sigma_0.5,HC_HI,145,2224,21387525,247.89483214761543,318.5282541335205
11,5,30,2,uniform,service_sigma_0.5,HC_HI,146,622,21387525,227.5974115775673,402.9095865254987
11,5,30,2,uniform,service_sigma_0.5,HC_HI,147,123,21387525,211.73371674558803,374.53179035438797
11,5,30,2,uniform,service_sigma_0.5,HC_HI,148,2456,21387525,281.64147192412526,418.4788980370589
11,5,30,2,uniform,service_sigma_0.5,HC_HI,149,596,21387525,235.7990161152142,327.502532447086
11,5,30,2,uniform,service_sigma_0.5,HC_HI,150,1177,21387525,291.41777029502396,385.40176755195466
11,5,30,2,uniform,service_sigma_0.5,HC_HI,151,1475,21387525,222.23221894911106,393.350545329194
11,5,30,2,uniform,service_sigma_0.5,HC_HI,152,1867,21387525,269.6859038423844,427.08864081267063
11,5,30,2,uniform,service_sigma_0.5,HC_HI,153,2307,21387525,269.25618633206955,450.12232490714126
11,5,30,2,uniform,service_sigma_0.5,HC_HI,154,1088,21387525,247.5620556393174,366.3043756066629
11,5,30,2,uniform,service_sigma_0.5,HC_HI,155,1697,21387525,228.2784554177821,346.7996717538993
11,5,30,2,uniform,service_sigma_0.5,HC_HI,156,2555,21387525,174.34227414333216,292.16833011991076
11,5,30,2,uniform,service_sigma_0.5,HC_HI,157,2618,21387525,231.83597297193927,377.0668014334731
11,5,30,2,uniform,service_sigma_0.5,HC_HI,158,1743,21387525,228.72879961417343,282.8869554204813
11,5,30,2,uniform,service_sigma_0.5,HC_HI,159,1756,21387525,294.9084053404318,486.9978479924934
11,5,30,2,uniform,service_sigma_0.5,HC_HI,160,1231,21387525,261.7250836072126,411.14514442951986
11,5,30,2,uniform,service_sigma_0.5,HC_HI,161,2212,21387525,286.99487972097677,455.8424243546302
11,5,30,2,uniform,service_sigma_0.5,HC_HI,162,399,21387525,225.4171966136907,319.7255924406886
11,5,30,2,uniform,service_sigma_0.5,HC_HI,163,265,21387525,184.66213021417542,287.0253974985825
11,5,30,2,uniform,service_sigma_0.5,HC_HI,164,596,21387525,220.6590303502173,275.4597464689983
11,5,30,2,uniform,service_sigma_0.5,HC_HI,165,1639,21387525,325.4917531672365,458.368939893633
11,5,30,2,uniform,service_sigma_0.5,HC_HI,166,1425,21387525,233.8857832758712,337.3116489592038
11,5,30,2,uniform,service_sigma_0.5,HC_HI,167,29,21387525,283.8373120203472,432.51710012140285
11,5,30,2,uniform,service_sigma_0.5,HC_HI,168,2170,21387525,272.49974705276827,380.3197560439533
11,5,30,2,uniform,service_sigma_0.5,HC_HI,169,265,21387525,196.69943774477164,303.24276785313583
11,5,30,2,uniform,service_sigma_0.5,HC_HI,170,52,21387525,326.5962356121741,469.03501005389467
11,5,30,2,uniform,service_sigma_0.5,HC_HI,171,2764,21387525,228.58105800636554,339.92598298876885
11,5,30,2,uniform,service_sigma_0.5,HC_HI,172,735,21387525,290.80985334786516,454.421637246029
11,5,30,2,uniform,service_sigma_0.5,HC_HI,173,2693,21387525,197.40124750201014,334.7126389474539
11,5,30,2,uniform,service_sigma_0.5,HC_HI,174,285,21387525,224.85943773910705,324.88535261911454
11,5,30,2,uniform,service_sigma_0.5,HC_HI,175,1741,21387525,191.34822499263325,323.23991673602796
11,5,30,2,uniform,service_sigma_0.5,HC_HI,176,1773,21387525,274.0843537532065,348.3881829531065
11,5,30,2,uniform,service_sigma_0.5,HC_HI,177,2690,21387525,215.893875484244,377.4023298427858
11,5,30,2,uniform,service_sigma_0.5,HC_HI,178,1898,21387525,215.81358305324324,303.90464330764036
11,5,30,2,uniform,service_sigma_0.5,HC_HI,179,2015,21387525,249.590605616043,378.27095654606285
11,5,30,2,uniform,service_sigma_0.5,HC_HI,180,867,21387525,243.5551190969819,344.0601455428062
11,5,30,2,uniform,service_sigma_0.5,HC_HI,181,2601,21387525,225.77942114943056,377.80838391446935
11,5,30,2,uniform,service_sigma_0.5,HC_HI,182,1819,21387525,291.4217743942978,482.5779959503158
11,5,30,2,uniform,service_sigma_0.5,HC_HI,183,2618,21387525,224.8545097699913,358.37853155072685
11,5,30,2,uniform,service_sigma_0.5,HC_HI,184,1389,21387525,261.95964925327587,363.1131991619843
11,5,30,2,uniform,service_sigma_0.5,HC_HI,185,1568,21387525,229.49193153517385,366.0934473386139
11,5,30,2,uniform,service_sigma_0.5,HC_HI,186,1907,21387525,293.9816927326466,407.98995460882713
11,5,30,2,uniform,service_sigma_0.5,HC_HI,187,1426,21387525,214.29744910052915,334.4246658458787
11,5,30,2,uniform,service_sigma_0.5,HC_HI,188,1713,21387525,283.25155448761717,436.23857044128914
11,5,30,2,uniform,service_sigma_0.5,HC_HI,189,2918,21387525,250.71149319156507,362.419569376265
11,5,30,2,uniform,service_sigma_0.5,HC_HI,190,2894,21387525,238.84469673623974,374.09931426213416
11,5,30,2,uniform,service_sigma_0.5,HC_HI,191,799,21387525,270.2703212264494,412.1207835595969
11,5,30,2,uniform,service_sigma_0.5,HC_HI,192,1425,21387525,226.09372589564305,348.7627817821372
11,5,30,2,uniform,service_sigma_0.5,HC_HI,193,1743,21387525,234.62633568947737,312.1741323712043
11,5,30,2,uniform,service_sigma_0.5,HC_HI,194,2690,21387525,209.94560702602985,387.16903366652616
11,5,30,2,uniform,service_sigma_0.5,HC_HI,195,1278,21387525,219.0275689162099,357.91671249431715
11,5,30,2,uniform,service_sigma_0.5,HC_HI,196,845,21387525,197.67924620471402,299.23794250023093
11,5,30,2,uniform,service_sigma_0.5,HC_HI,197,2375,21387525,239.05404220463964,407.22816606180777
11,5,30,2,uniform,service_sigma_0.5,HC_HI,198,2252,21387525,236.40812093105401,443.8884197391681
11,5,30,2,uniform,service_sigma_0.5,HC_HI,199,1425,21387525,227.38919115384752,345.1538970565381
11,5,30,2,uniform,service_sigma_0.5,HC_LI,0,2247,21387525,259.13970977608756,373.32444811961403
11,5,30,2,uniform,service_sigma_0.5,HC_LI,1,130,21387525,249.99536759491312,408.52424890335465
11,5,30,2,uniform,service_sigma_0.5,HC_LI,2,2056,21387525,247.13536128229202,387.31585461705146
11,5,30,2,uniform,service_sigma_0.5,HC_LI,3,769,21387525,256.39980995263795,403.9908048882855
11,5,30,2,uniform,service_sigma_0.5,HC_LI,4,180,21387525,178.35674628164844,291.8963019773602
11,5,30,2,uniform,service_sigma_0.5,HC_LI,5,639,21387525,264.55019924801934,385.54959672429493
11,5,30,2,uniform,service_sigma_0.5,HC_LI,6,2184,21387525,248.03466500036868,365.5131303671941
11,5,30,2,uniform,service_sigma_0.5,HC_LI,7,2310,21387525,269.6159663556601,408.9010396394058
11,5,30,2,uniform,service_sigma_0.5,HC_LI,8,713,21387525,252.22446920569578,337.0953032956921
11,5,30,2,uniform,service_sigma_0.5,HC_LI,9,2557,21387525,281.6094366487537,455.3245310291045
11,5,30,2,uniform,service_sigma_0.5,HC_LI,10,449,21387525,221.16409559291708,370.253800652345
11,5,30,2,uniform,service_sigma_0.5,HC_LI,11,1616,21387525,225.78946068420717,307.6640507924437
11,5,30,2,uniform,service_sigma_0.5,HC_LI,12,1616,21387525,208.53476465127147,295.65538807184384
11,5,30,2,uniform,service_sigma_0.5,HC_LI,13,222,21387525,230.90625091506797,350.58574480701344
11,5,30,2,uniform,service_sigma_0.5,HC_LI,14,760,21387525,232.5877606722194,346.83485336939765
11,5,30,2,uniform,service_sigma_0.5,HC_LI,15,2645,21387525,269.6095994493043,338.51513956906075
11,5,30,2,uniform,service_sigma_0.5,HC_LI,16,574,21387525,284.6610362912763,451.9727646327617
11,5,30,2,uniform,service_sigma_0.5,HC_LI,17,2238,21387525,207.30845670136785,334.23570403404443
11,5,30,2,uniform,service_sigma_0.5,HC_LI,18,2103,21387525,228.32500673892235,415.66325869769935
11,5,30,2,uniform,service_sigma_0.5,HC_LI,19,1154,21387525,246.50551035753577,334.38138786596727
11,5,30,2,uniform,service_sigma_0.5,HC_LI,20,816,21387525,248.56890555143957,353.6047529803626
11,5,30,2,uniform,service_sigma_0.5,HC_LI,21,1310,21387525,281.04881505984605,417.7866680157408
11,5,30,2,uniform,service_sigma_0.5,HC_LI,22,65,21387525,240.88821337153516,393.3241023002714
11,5,30,2,uniform,service_sigma_0.5,HC_LI,23,768,21387525,266.27122762572486,347.1116678843629
11,5,30,2,uniform,service_sigma_0.5,HC_LI,24,1884,21387525,272.7550727036631,351.1783520338527
11,5,30,2,uniform,service_sigma_0.5,HC_LI,25,2702,21387525,248.89181693248904,376.97718046264134
11,5,30,2,uniform,service_sigma_0.5,HC_LI,26,1616,21387525,230.2985561777617,321.6210245136828
11,5,30,2,uniform,service_sigma_0.5,HC_LI,27,1377,21387525,244.33596731791525,402.5537319907673
11,5,30,2,uniform,service_sigma_0.5,HC_LI,28,1456,21387525,240.85458690897104,413.5616235594938
11,5,30,2,uniform,service_sigma_0.5,HC_LI,29,1376,21387525,262.0729228461754,379.80520843930424
11,5,30,2,uniform,service_sigma_0.5,HC_LI,30,789,21387525,214.98671089428777,344.7729222656187
11,5,30,2,uniform,service_sigma_0.5,HC_LI,31,1790,21387525,257.9974441571807,380.97780681296797
11,5,30,2,uniform,service_sigma_0.5,HC_LI,32,913,21387525,233.0630708796928,383.66742754413525
11,5,30,2,uniform,service_sigma_0.5,HC_LI,33,410,21387525,278.73093281721145,355.745086964549
11,5,30,2,uniform,service_sigma_0.5,HC_LI,34,2002,21387525,250.1492520974957,362.639764316988
11,5,30,2,uniform,service_sigma_0.5,HC_LI,35,508,21387525,236.3273088929714,354.8034858136649
11,5,30,2,uniform,service_sigma_0.5,HC_LI,36,2389,21387525,243.64222686246998,335.4427974852178
11,5,30,2,uniform,service_sigma_0.5,HC_LI,37,840,21387525,270.0695471455048,421.48700688543903
11,5,30,2,uniform,service_sigma_0.5,HC_LI,38,913,21387525,253.57231329098622,367.9235727624737
11,5,30,2,uniform,service_sigma_0.5,HC_LI,39,2002,21387525,256.9956495826956,375.1351845979624
11,5,30,2,uniform,service_sigma_0.5,HC_LI,40,1966,21387525,236.2695980207689,408.2295645525634
11,5,30,2,uniform,service_sigma_0.5,HC_LI,41,2274,21387525,246.9066249200586,335.81976798204437
11,5,30,2,uniform,service_sigma_0.5,HC_LI,42,2817,21387525,250.81032055534925,461.618923996309
11,5,30,2,uniform,service_sigma_0.5,HC_LI,43,2129,21387525,225.87807327869098,389.27633052259216
11,5,30,2,uniform,service_sigma_0.5,HC_LI,44,1492,21387525,292.6333030610006,378.44483878300434
11,5,30,2,uniform,service_sigma_0.5,HC_LI,45,2247,21387525,255.17472989271928,377.63198999110074
11,5,30,2,uniform,service_sigma_0.5,HC_LI,46,1700,21387525,223.10265147742848,454.8057371337045
11,5,30,2,uniform,service_sigma_0.5,HC_LI,47,1320,21387525,247.66286616712765,380.94044043509456
11,5,30,2,uniform,service_sigma_0.5,HC_LI,48,1032,21387525,271.2775053162669,403.2076734053303
11,5,30,2,uniform,service_sigma_0.5,HC_LI,49,1392,21387525,254.92728666031502,376.1212294848498
11,5,30,2,uniform,service_sigma_0.5,HC_LI,50,613,21387525,246.06472788002552,386.91581273557614
11,5,30,2,uniform,service_sigma_0.5,HC_LI,51,644,21387525,215.94216043476112,316.9733785362995
11,5,30,2,uniform,service_sigma_0.5,HC_LI,52,1765,21387525,263.08067740050933,341.24114552919923
11,5,30,2,uniform,service_sigma_0.5,HC_LI,53,2755,21387525,197.8806504780986,265.81776295617584
11,5,30,2,uniform,service_sigma_0.5,HC_LI,54,2144,21387525,224.32761726530873,300.7103273626206
11,5,30,2,uniform,service_sigma_0.5,HC_LI,55,2898,21387525,250.89057738277268,391.11174845927474
11,5,30,2,uniform,service_sigma_0.5,HC_LI,56,597,21387525,272.65832578822034,411.376312352417
11,5,30,2,uniform,service_sigma_0.5,HC_LI,57,672,21387525,222.7532421604494,348.65516694898207
11,5,30,2,uniform,service_sigma_0.5,HC_LI,58,1067,21387525,260.4339108183543,377.2906195749675
11,5,30,2,uniform,service_sigma_0.5,HC_LI,59,2184,21387525,254.68226504151184,362.34457812814395
11,5,30,2,uniform,service_sigma_0.5,HC_LI,60,2238,21387525,211.81071890194897,333.78558283788135
11,5,30,2,uniform,service_sigma_0.5,HC_LI,61,2002,21387525,247.18558626065578,349.57162748541555
11,5,30,2,uniform,service_sigma_0.5,HC_LI,62,2559,21387525,249.5709062681121,330.61475921535794
11,5,30,2,uniform,service_sigma_0.5,HC_LI,63,1920,21387525,239.7399475379518,357.2606911218489
11,5,30,2,uniform,service_sigma_0.5,HC_LI,64,571,21387525,238.23417049835467,356.52260488781616
11,5,30,2,uniform,service_sigma_0.5,HC_LI,65,2755,21387525,199.96939277933322,264.2138302581961
11,5,30,2,uniform,service_sigma_0.5,HC_LI,66,2274,21387525,247.62403235130677,334.6347854667569
11,5,30,2,uniform,service_sigma_0.5,HC_LI,67,1178,21387525,230.50690099824902,344.38041869459727
11,5,30,2,uniform,service_sigma_0.5,HC_LI,68,135,21387525,263.6870532703856,375.02437159058115
11,5,30,2,uniform,service_sigma_0.5,HC_LI,69,2755,21387525,198.8772445645218,268.8114001754752
11,5,30,2,uniform,service_sigma_0.5,HC_LI,70,2992,21387525,292.3649180773912,377.2692925799673
11,5,30,2,uniform,service_sigma_0.5,HC_LI,71,2645,21387525,266.6721982128691,337.36418528905716
11,5,30,2,uniform,service_sigma_0.5,HC_LI,72,291,21387525,235.48552590326852,373.8077410229306
11,5,30,2,uniform,service_sigma_0.5,HC_LI,73,1028,21387525,222.8656373432237,357.9516724816314
11,5,30,2,uniform,service_sigma_0.5,HC_LI,74,644,21387525,216.74437363995142,300.00301451259713
11,5,30,2,uniform,service_sigma_0.5,HC_LI,75,2019,21387525,257.7994897206281,362.7460890272186
11,5,30,2,uniform,service_sigma_0.5,HC_LI,76,2651,21387525,226.19736063267243,337.0883265724956
11,5,30,2,uniform,service_sigma_0.5,HC_LI,77,1295,21387525,285.281286157826,469.58677460857444
11,5,30,2,uniform,service_sigma_0.5,HC_LI,78,2019,21387525,243.88202677064845,350.2121125682599
11,5,30,2,uniform,service_sigma_0.5,HC_LI,79,2103,21387525,224.08036314596293,419.7076085471558
11,5,30,2,uniform,service_sigma_0.5,HC_LI,80,913,21387525,221.6243755641652,362.98325689138386
11,5,30,2,uniform,service_sigma_0.5,HC_LI,81,205,21387525,231.10459357662813,331.41478734417655
11,5,30,2,uniform,service_sigma_0.5,HC_LI,82,1195,21387525,229.52494088899294,333.9662629930716
11,5,30,2,uniform,service_sigma_0.5,HC_LI,83,859,21387525,255.96496966489386,413.3507671678144
11,5,30,2,uniform,service_sigma_0.5,HC_LI,84,1761,21387525,238.74163698501076,375.8809174270642
11,5,30,2,uniform,service_sigma_0.5,HC_LI,85,644,21387525,227.075011524676,336.59674516937304
11,5,30,2,uniform,service_sigma_0.5,HC_LI,86,334,21387525,262.6387972222023,436.3480335547566
11,5,30,2,uniform,service_sigma_0.5,HC_LI,87,2274,21387525,248.9796451512352,336.1277182110681
11,5,30,2,uniform,service_sigma_0.5,HC_LI,88,2110,21387525,279.4518074449289,389.6739775093805
11,5,30,2,uniform,service_sigma_0.5,HC_LI,89,1761,21387525,242.81773951996277,370.8505269979317
11,5,30,2,uniform,service_sigma_0.5,HC_LI,90,2461,21387525,251.87269538516236,401.96989480861953
11,5,30,2,uniform,service_sigma_0.5,HC_LI,91,1062,21387525,236.86861587740185,364.50626001931397
11,5,30,2,uniform,service_sigma_0.5,HC_LI,92,2498,21387525,263.70539764218796,339.2200394395444
11,5,30,2,uniform,service_sigma_0.5,HC_LI,93,2079,21387525,200.71077356114546,356.71012707621014
11,5,30,2,uniform,service_sigma_0.5,HC_LI,94,2166,21387525,208.36985793583122,321.1750689908958
11,5,30,2,uniform,service_sigma_0.5,HC_LI,95,611,21387525,236.51840960455866,370.44050403173435
11,5,30,2,uniform,service_sigma_0.5,HC_LI,96,2347,21387525,234.09781991996036,405.27068632970884
11,5,30,2,uniform,service_sigma_0.5,HC_LI,97,135,21387525,275.21585027310414,395.42095885983736
11,5,30,2,uniform,service_sigma_0.5,HC_LI,98,1067,21387525,247.19498758273966,361.6150826701712
11,5,30,2,uniform,service_sigma_0.5,HC_LI,99,1497,21387525,274.1742907482852,437.61080605941316
11,5,30,2,uniform,service_sigma_0.5,HC_LI,100,2103,21387525,216.12853133537573,419.7208858547133
11,5,30,2,uniform,service_sigma_0.5,HC_LI,101,574,21387525,266.01431578397523,436.15237032869163
11,5,30,2,uniform,service_sigma_0.5,HC_LI,102,2794,21387525,290.2937488067602,445.87076517820844
11,5,30,2,uniform,service_sigma_0.5,HC_LI,103,2600,21387525,242.31120667988608,441.8372909291554
11,5,30,2,uniform,service_sigma_0.5,HC_LI,104,1295,21387525,288.532429608049,487.6818458367915
11,5,30,2,uniform,service_sigma_0.5,HC_LI,105,2394,21387525,224.17620324195332,357.9069456783794
11,5,30,2,uniform,service_sigma_0.5,HC_LI,106,2274,21387525,259.3535516416296,333.5259453206743
11,5,30,2,uniform,service_sigma_0.5,HC_LI,107,2166,21387525,206.12581441332932,328.97504069785003
11,5,30,2,uniform,service_sigma_0.5,HC_LI,108,1265,21387525,219.84641248422864,329.31367298066556
11,5,30,2,uniform,service_sigma_0.5,HC_LI,109,191,21387525,268.3798445281452,434.3438254555098
11,5,30,2,uniform,service_sigma_0.5,HC_LI,110,667,21387525,243.24859100009255,393.0539217166752
11,5,30,2,uniform,service_sigma_0.5,HC_LI,111,1053,21387525,277.163604106028,338.3909479777325
11,5,30,2,uniform,service_sigma_0.5,HC_LI,112,1354,21387525,261.27613070973104,418.13437683359973
11,5,30,2,uniform,service_sigma_0.5,HC_LI,113,1966,21387525,238.00960838395275,414.5745779615307
11,5,30,2,uniform,service_sigma_0.5,HC_LI,114,2383,21387525,226.05785833055447,336.2947840899572
11,5,30,2,uniform,service_sigma_0.5,HC_LI,115,58,21387525,258.11353966849254,418.246078868726
11,5,30,2,uniform,service_sigma_0.5,HC_LI,116,2963,21387525,217.38677960909212,328.2532226768965
11,5,30,2,uniform,service_sigma_0.5,HC_LI,117,620,21387525,278.59986913596254,401.08208592844323
11,5,30,2,uniform,service_sigma_0.5,HC_LI,118,2605,21387525,260.0433035242821,381.2570882370096
11,5,30,2,uniform,service_sigma_0.5,HC_LI,119,1722,21387525,243.0150477092606,293.1045013274564
11,5,30,2,uniform,service_sigma_0.5,HC_LI,120,672,21387525,223.7067572656978,341.3290379059954
11,5,30,2,uniform,service_sigma_0.5,HC_LI,121,515,21387525,283.6756254238107,345.7162590403401
11,5,30,2,uniform,service_sigma_0.5,HC_LI,122,993,21387525,249.13697549669783,428.55883048426995
11,5,30,2,uniform,service_sigma_0.5,HC_LI,123,2001,21387525,247.9268257958067,354.8167740143451
11,5,30,2,uniform,service_sigma_0.5,HC_LI,124,2175,21387525,221.16087771717426,375.31975004042783
11,5,30,2,uniform,service_sigma_0.5,HC_LI,125,291,21387525,251.02206092919442,339.7760758603928
11,5,30,2,uniform,service_sigma_0.5,HC_LI,126,2236,21387525,276.32071458335037,370.53184510494646
11,5,30,2,uniform,service_sigma_0.5,HC_LI,127,1505,21387525,264.4669724657589,392.6786634540939
11,5,30,2,uniform,service_sigma_0.5,HC_LI,128,1966,21387525,234.63905724079484,402.8109785141861
11,5,30,2,uniform,service_sigma_0.5,HC_LI,129,183,21387525,241.97298689588013,322.866918842528
11,5,30,2,uniform,service_sigma_0.5,HC_LI,130,253,21387525,272.5374327299482,467.2317840739314
11,5,30,2,uniform,service_sigma_0.5,HC_LI,131,2704,21387525,232.3517976245098,272.81492292629264
11,5,30,2,uniform,service_sigma_0.5,HC_LI,132,1507,21387525,309.16434473227747,509.51932940535147
11,5,30,2,uniform,service_sigma_0.5,HC_LI,133,515,21387525,282.6580140734683,312.60511672741586
11,5,30,2,uniform,service_sigma_0.5,HC_LI,134,2306,21387525,243.44690341111803,361.02113506484255
11,5,30,2,uniform,service_sigma_0.5,HC_LI,135,2195,21387525,251.26412405708263,397.7728012098767
11,5,30,2,uniform,service_sigma_0.5,HC_LI,136,1178,21387525,241.0347219478215,360.39950979609193
11,5,30,2,uniform,service_sigma_0.5,HC_LI,137,1336,21387525,263.37391922261287,339.13360102402635
11,5,30,2,uniform,service_sigma_0.5,HC_LI,138,789,21387525,221.98507889885389,328.04135007092236
11,5,30,2,uniform,service_sigma_0.5,HC_LI,139,85,21387525,228.26657756629365,372.29890083701616
11,5,30,2,uniform,service_sigma_0.5,HC_LI,140,1295,21387525,275.30359286276115,469.3035928627612
11,5,30,2,uniform,service_sigma_0.5,HC_LI,141,2184,21387525,256.95144040704713,358.41300465203074
11,5,30,2,uniform,service_sigma_0.5,HC_LI,142,515,21387525,281.086470377336,317.90649542336615
11,5,30,2,uniform,service_sigma_0.5,HC_LI,143,351,21387525,213.71050671668786,302.888700495289
11,5,30,2,uniform,service_sigma_0.5,HC_LI,144,2461,21387525,255.20308536455633,402.3165246804951
11,5,30,2,uniform,service_sigma_0.5,HC_LI,145,859,21387525,242.0514970502587,403.9811955778247
11,5,30,2,uniform,service_sigma_0.5,HC_LI,146,135,21387525,232.35646732654152,395.4477691112131
11,5,30,2,uniform,service_sigma_0.5,HC_LI,147,2596,21387525,213.48136446162175,345.32368490249104
11,5,30,2,uniform,service_sigma_0.5,HC_LI,148,2765,21387525,229.4913390086576,354.22309046416166
11,5,30,2,uniform,service_sigma_0.5,HC_LI,149,2168,21387525,246.5329734584702,350.8119519729077
11,5,30,2,uniform,service_sigma_0.5,HC_LI,150,1708,21387525,271.06080527639733,409.6365272334649
11,5,30,2,uniform,service_sigma_0.5,HC_LI,151,2347,21387525,223.26377985351058,362.0219777336414
11,5,30,2,uniform,service_sigma_0.5,HC_LI,152,355,21387525,262.87196968904806,402.1158437864118
11,5,30,2,uniform,service_sigma_0.5,HC_LI,153,837,21387525,233.15070663258098,338.20097894345116
11,5,30,2,uniform,service_sigma_0.5,HC_LI,154,2238,21387525,215.92275921602385,342.83632063918685
11,5,30,2,uniform,service_sigma_0.5,HC_LI,155,571,21387525,217.04718387095383,375.03726821178105
11,5,30,2,uniform,service_sigma_0.5,HC_LI,156,1178,21387525,228.7187004196053,344.5684424519822
11,5,30,2,uniform,service_sigma_0.5,HC_LI,157,2223,21387525,230.34635830592458,346.521547643487
11,5,30,2,uniform,service_sigma_0.5,HC_LI,158,1207,21387525,249.03937664305704,329.69208480816394
11,5,30,2,uniform,service_sigma_0.5,HC_LI,159,1166,21387525,234.43494148029728,374.62223676657146
11,5,30,2,uniform,service_sigma_0.5,HC_LI,160,1497,21387525,284.9241936326604,459.7200363312804
11,5,30,2,uniform,service_sigma_0.5,HC_LI,161,779,21387525,251.94782656756354,394.2344171224131
11,5,30,2,uniform,service_sigma_0.5,HC_LI,162,1761,21387525,258.1309514802867,379.39834687795127
11,5,30,2,uniform,service_sigma_0.5,HC_LI,163,2184,21387525,246.96420330753642,392.44393292663193
11,5,30,2,uniform,service_sigma_0.5,HC_LI,164,253,21387525,242.49808251416184,464.02988107454996
11,5,30,2,uniform,service_sigma_0.5,HC_LI,165,913,21387525,245.96506241285985,365.55862941903086
11,5,30,2,uniform,service_sigma_0.5,HC_LI,166,1914,21387525,234.18532082428584,356.53125684977846
11,5,30,2,uniform,service_sigma_0.5,HC_LI,167,2816,21387525,238.2680281811174,347.7136475708131
11,5,30,2,uniform,service_sigma_0.5,HC_LI,168,2746,21387525,235.32443747185988,379.98257574764125
11,5,30,2,uniform,service_sigma_0.5,HC_LI,169,2765,21387525,233.81092814198348,363.9175763490862
11,5,30,2,uniform,service_sigma_0.5,HC_LI,170,4,21387525,226.72046244959606,298.25707797565383
11,5,30,2,uniform,service_sigma_0.5,HC_LI,171,962,21387525,259.5946057417699,385.2288280245903
11,5,30,2,uniform,service_sigma_0.5,HC_LI,172,2274,21387525,246.8098533478652,331.96037944709866
11,5,30,2,uniform,service_sigma_0.5,HC_LI,173,2120,21387525,218.07987287457414,253.29747224596497
11,5,30,2,uniform,service_sigma_0.5,HC_LI,174,1154,21387525,233.57015500549502,349.63720301431994
11,5,30,2,uniform,service_sigma_0.5,HC_LI,175,2761,21387525,273.51454950915434,402.3577479028901
11,5,30,2,uniform,service_sigma_0.5,HC_LI,176,769,21387525,257.0462797578008,404.9489075258991
11,5,30,2,uniform,service_sigma_0.5,HC_LI,177,840,21387525,258.9048741404957,400.618558539544
11,5,30,2,uniform,service_sigma_0.5,HC_LI,178,1812,21387525,288.5411526148372,429.91471185368357
11,5,30,2,uniform,service_sigma_0.5,HC_LI,179,2309,21387525,219.02320431251567,385.963316210318
11,5,30,2,uniform,service_sigma_0.5,HC_LI,180,837,21387525,246.04421680917093,355.14822068487433
11,5,30,2,uniform,service_sigma_0.5,HC_LI,181,992,21387525,305.76004701335376,461.94061771487446
11,5,30,2,uniform,service_sigma_0.5,HC_LI,182,639,21387525,252.2031126445782,383.4325962438546
11,5,30,2,uniform,service_sigma_0.5,HC_LI,183,57,21387525,308.5443094191449,476.21890084088983
11,5,30,2,uniform,service_sigma_0.5,HC_LI,184,6,21387525,223.06841498756282,308.7595241187313
11,5,30,2,uniform,service_sigma_0.5,HC_LI,185,2557,21387525,282.5346565435865,423.71487852226016
11,5,30,2,uniform,service_sigma_0.5,HC_LI,186,2309,21387525,223.8692766375784,386.70332712504717
11,5,30,2,uniform,service_sigma_0.5,HC_LI,187,1295,21387525,252.53402518863007,468.68362697050077
11,5,30,2,uniform,service_sigma_0.5,HC_LI,188,2120,21387525,206.41716357805527,271.7074184425411
11,5,30,2,uniform,service_sigma_0.5,HC_LI,189,2900,21387525,210.51143479367857,280.59426803716894
11,5,30,2,uniform,service_sigma_0.5,HC_LI,190,508,21387525,223.30476353951835,358.4234923089952
11,5,30,2,uniform,service_sigma_0.5,HC_LI,191,2238,21387525,208.19913161731986,314.3699686786774
11,5,30,2,uniform,service_sigma_0.5,HC_LI,192,2904,21387525,279.8593037110714,455.32196494142073
11,5,30,2,uniform,service_sigma_0.5,HC_LI,193,2746,21387525,234.95732115773083,370.1749218065104
11,5,30,2,uniform,service_sigma_0.5,HC_LI,194,3,21387525,246.55484244138273,430.5023431430299
11,5,30,2,uniform,service_sigma_0.5,HC_LI,195,713,21387525,232.9310783398623,324.0456215178509
11,5,30,2,uniform,service_sigma_0.5,HC_LI,196,993,21387525,256.2634768130093,426.7642168706193
11,5,30,2,uniform,service_sigma_0.5,HC_LI,197,1966,21387525,232.51275617641022,401.2701515555589
11,5,30,2,uniform,service_sigma_0.5,HC_LI,198,1336,21387525,256.5093543986501,331.8758894963269
11,5,30,2,uniform,service_sigma_0.5,HC_LI,199,993,21387525,243.41029889383205,441.1166497599019
11,5,30,2,uniform,service_sigma_0.5,LC_HI,0,2111,21387525,293.0094067219691,395.18425337360486
11,5,30,2,uniform,service_sigma_0.5,LC_HI,1,1796,21387525,205.37125178464427,273.14793058534354
11,5,30,2,uniform,service_sigma_0.5,LC_HI,2,1499,21387525,296.4586470691577,490.8177626005514
11,5,30,2,uniform,service_sigma_0.5,LC_HI,3,1553,21387525,196.20011319525017,365.10926392793203
11,5,30,2,uniform,service_sigma_0.5,LC_HI,4,2832,21387525,254.66680744741208,355.3196093259147
11,5,30,2,uniform,service_sigma_0.5,LC_HI,5,599,21387525,230.93372966942562,320.9331271457011
11,5,30,2,uniform,service_sigma_0.5,LC_HI,6,1553,21387525,183.40519523847493,348.40519523847496
11,5,30,2,uniform,service_sigma_0.5,LC_HI,7,1212,21387525,262.45414390775875,374.9805068753223
11,5,30,2,uniform,service_sigma_0.5,LC_HI,8,445,21387525,235.8328273870267,355.7860776869039
11,5,30,2,uniform,service_sigma_0.5,LC_HI,9,2466,21387525,269.1341931222518,370.3214168150912
11,5,30,2,uniform,service_sigma_0.5,LC_HI,10,388,21387525,267.6257865778284,429.9205372339431
11,5,30,2,uniform,service_sigma_0.5,LC_HI,11,91,21387525,267.48022028632056,401.183576873174
11,5,30,2,uniform,service_sigma_0.5,LC_HI,12,1529,21387525,223.62469661851347,333.0424460759939
11,5,30,2,uniform,service_sigma_0.5,LC_HI,13,794,21387525,259.7138086871948,368.064404465615
11,5,30,2,uniform,service_sigma_0.5,LC_HI,14,2774,21387525,266.6464728570854,348.45446857388987
11,5,30,2,uniform,service_sigma_0.5,LC_HI,15,1013,21387525,233.64111312401081,345.9701892053895
11,5,30,2,uniform,service_sigma_0.5,LC_HI,16,2227,21387525,291.6541383309454,487.8858328857264
11,5,30,2,uniform,service_sigma_0.5,LC_HI,17,1793,21387525,258.9367746864093,312.4491296108743
11,5,30,2,uniform,service_sigma_0.5,LC_HI,18,1434,21387525,341.64664462995705,489.0892455548059
11,5,30,2,uniform,service_sigma_0.5,LC_HI,19,1366,21387525,240.64118904647773,385.97473391464564
11,5,30,2,uniform,service_sigma_0.5,LC_HI,20,2830,21387525,284.4775715183735,403.6833772023453
11,5,30,2,uniform,service_sigma_0.5,LC_HI,21,935,21387525,228.58145638889093,356.6594974053801
11,5,30,2,uniform,service_sigma_0.5,LC_HI,22,1911,21387525,264.8259988715939,418.06884482813064
11,5,30,2,uniform,service_sigma_0.5,LC_HI,23,2466,21387525,257.75112752404175,363.8028070192617
11,5,30,2,uniform,service_sigma_0.5,LC_HI,24,423,21387525,259.0223051886024,383.71213760068497
11,5,30,2,uniform,service_sigma_0.5,LC_HI,25,758,21387525,292.75746776631274,399.0738076745977
11,5,30,2,uniform,service_sigma_0.5,LC_HI,26,2245,21387525,287.0981126138801,468.06186597822153
11,5,30,2,uniform,service_sigma_0.5,LC_HI,27,2985,21387525,240.904267522465,333.62818497050563
11,5,30,2,uniform,service_sigma_0.5,LC_HI,28,444,21387525,252.17607493338693,403.2771413815149
11,5,30,2,uniform,service_sigma_0.5,LC_HI,29,2470,21387525,266.23239693330163,387.94131059382164
11,5,30,2,uniform,service_sigma_0.5,LC_HI,30,1084,21387525,216.99215398419875,320.5038647785208
11,5,30,2,uniform,service_sigma_0.5,LC_HI,31,884,21387525,287.3722001269961,422.9523500382709
11,5,30,2,uniform,service_sigma_0.5,LC_HI,32,2913,21387525,272.61718809374344,417.22192508061073
11,5,30,2,uniform,service_sigma_0.5,LC_HI,33,1739,21387525,239.40923150416003,302.80130284664426
11,5,30,2,uniform,service_sigma_0.5,LC_HI,34,507,21387525,294.73133494116826,415.43502166289466
11,5,30,2,uniform,service_sigma_0.5,LC_HI,35,935,21387525,229.80920328139547,354.4780378994915
11,5,30,2,uniform,service_sigma_0.5,LC_HI,36,459,21387525,183.843277759331,269.54124725850903
11,5,30,2,uniform,service_sigma_0.5,LC_HI,37,1146,21387525,230.50968765139288,299.6345311864678
11,5,30,2,uniform,service_sigma_0.5,LC_HI,38,2586,21387525,253.6101293116069,420.51919053530673
11,5,30,2,uniform,service_sigma_0.5,LC_HI,39,1553,21387525,187.36439849320158,352.3643984932016
11,5,30,2,uniform,service_sigma_0.5,LC_HI,40,2008,21387525,275.34363004887723,407.3992140586601
11,5,30,2,uniform,service_sigma_0.5,LC_HI,41,1499,21387525,288.16909730773875,498.375113497992
11,5,30,2,uniform,service_sigma_0.5,LC_HI,42,2819,21387525,225.56372845183512,408.24824638260156
11,5,30,2,uniform,service_sigma_0.5,LC_HI,43,2913,21387525,292.92847200031343,409.57597446749674
11,5,30,2,uniform,service_sigma_0.5,LC_HI,44,232,21387525,259.5496264477283,402.54546457802587
11,5,30,2,uniform,service_sigma_0.5,LC_HI,45,126,21387525,242.69289802544387,374.0911078552359
11,5,30,2,uniform,service_sigma_0.5,LC_HI,46,638,21387525,327.3496982676911,450.27458098441394
11,5,30,2,uniform,service_sigma_0.5,LC_HI,47,1823,21387525,233.15433609116735,329.30893744893194
11,5,30,2,uniform,service_sigma_0.5,LC_HI,48,2929,21387525,242.201672736864,360.17102303759077
11,5,30,2,uniform,service_sigma_0.5,LC_HI,49,2357,21387525,214.51809113774252,315.94016235025475
11,5,30,2,uniform,service_sigma_0.5,LC_HI,50,1559,21387525,278.49524674032676,378.6785831880077
11,5,30,2,uniform,service_sigma_0.5,LC_HI,51,1988,21387525,266.94445541551045,353.8692631809782
11,5,30,2,uniform,service_sigma_0.5,LC_HI,52,2513,21387525,314.69942861540926,442.5002894678328
11,5,30,2,uniform,service_sigma_0.5,LC_HI,53,1468,21387525,271.4564447383336,386.03675143724433
11,5,30,2,uniform,service_sigma_0.5,LC_HI,54,1051,21387525,261.90344797861223,351.795008266261
11,5,30,2,uniform,service_sigma_0.5,LC_HI,55,2569,21387525,281.7394128197087,446.2519324551043
11,5,30,2,uniform,service_sigma_0.5,LC_HI,56,1468,21387525,293.4164809337089,388.66377515845255
11,5,30,2,uniform,service_sigma_0.5,LC_HI,57,1963,21387525,277.2388529292517,367.96750763122543
11,5,30,2,uniform,service_sigma_0.5,LC_HI,58,2858,21387525,253.4461209970897,346.89376345376417
11,5,30,2,uniform,service_sigma_0.5,LC_HI,59,2083,21387525,276.83734796157916,455.13553259382473
11,5,30,2,uniform,service_sigma_0.5,LC_HI,60,884,21387525,286.5808778078364,413.4132342762561
11,5,30,2,uniform,service_sigma_0.5,LC_HI,61,841,21387525,244.63673767559567,351.9839083413554
11,5,30,2,uniform,service_sigma_0.5,LC_HI,62,2231,21387525,342.7260221387468,446.4079545139262
11,5,30,2,uniform,service_sigma_0.5,LC_HI,63,372,21387525,242.4546708583597,320.1569330844847
11,5,30,2,uniform,service_sigma_0.5,LC_HI,64,2072,21387525,259.1377777823409,404.5575527328165
11,5,30,2,uniform,service_sigma_0.5,LC_HI,65,2364,21387525,318.0893035930769,440.8029036009424
11,5,30,2,uniform,service_sigma_0.5,LC_HI,66,1366,21387525,242.7823767350689,370.4112958937461
11,5,30,2,uniform,service_sigma_0.5,LC_HI,67,1115,21387525,246.26349673269235,333.7433796980374
11,5,30,2,uniform,service_sigma_0.5,LC_HI,68,864,21387525,297.6655437904884,431.95423877348736
11,5,30,2,uniform,service_sigma_0.5,LC_HI,69,2959,21387525,241.75643236955267,346.4706032902957
11,5,30,2,uniform,service_sigma_0.5,LC_HI,70,2062,21387525,292.06629818001016,386.7601180080669
11,5,30,2,uniform,service_sigma_0.5,LC_HI,71,1840,21387525,243.58115046545316,338.8898760422848
11,5,30,2,uniform,service_sigma_0.5,LC_HI,72,2929,21387525,246.27762538086336,365.87855249517526
11,5,30,2,uniform,service_sigma_0.5,LC_HI,73,92,21387525,246.90504076182856,332.53843338570886
11,5,30,2,uniform,service_sigma_0.5,LC_HI,74,626,21387525,267.762539476791,381.3541590786386
11,5,30,2,uniform,service_sigma_0.5,LC_HI,75,167,21387525,225.38281734545566,390.33860446703454
11,5,30,2,uniform,service_sigma_0.5,LC_HI,76,2231,21387525,331.3336987980435,428.54425957216716
11,5,30,2,uniform,service_sigma_0.5,LC_HI,77,1021,21387525,254.0581406442085,401.7803916079722
11,5,30,2,uniform,service_sigma_0.5,LC_HI,78,792,21387525,211.71890078601132,360.64653860973476
11,5,30,2,uniform,service_sigma_0.5,LC_HI,79,1527,21387525,217.90697770346435,302.5054565364736
11,5,30,2,uniform,service_sigma_0.5,LC_HI,80,2985,21387525,225.10462409010304,345.3560841976323
11,5,30,2,uniform,service_sigma_0.5,LC_HI,81,1582,21387525,289.86001045177073,451.1649144182756
11,5,30,2,uniform,service_sigma_0.5,LC_HI,82,2959,21387525,245.3003537979781,346.7272900001066
11,5,30,2,uniform,service_sigma_0.5,LC_HI,83,1434,21387525,340.88511574427696,455.55620718958005
11,5,30,2,uniform,service_sigma_0.5,LC_HI,84,593,21387525,293.4813689765043,471.87743057163283
11,5,30,2,uniform,service_sigma_0.5,LC_HI,85,1239,21387525,227.73490412258263,294.5677383883169
11,5,30,2,uniform,service_sigma_0.5,LC_HI,86,466,21387525,251.65270759524722,401.2777077298518
11,5,30,2,uniform,service_sigma_0.5,LC_HI,87,162,21387525,279.29449685580585,430.3983656438278
11,5,30,2,uniform,service_sigma_0.5,LC_HI,88,2881,21387525,255.69850850696795,385.4377078768772
11,5,30,2,uniform,service_sigma_0.5,LC_HI,89,71,21387525,321.13138083220406,476.942569322216
11,5,30,2,uniform,service_sigma_0.5,LC_HI,90,1315,21387525,281.48792872407483,417.7197000065966
11,5,30,2,uniform,service_sigma_0.5,LC_HI,91,1559,21387525,268.8697654688987,376.2155356450909
11,5,30,2,uniform,service_sigma_0.5,LC_HI,92,1315,21387525,294.7174053595845,411.1845595044655
11,5,30,2,uniform,service_sigma_0.5,LC_HI,93,1366,21387525,237.9834966117471,374.251734285666
11,5,30,2,uniform,service_sigma_0.5,LC_HI,94,1406,21387525,221.4055652780351,338.4055652780351
11,5,30,2,uniform,service_sigma_0.5,LC_HI,95,787,21387525,232.28156138462126,331.67115377491047
11,5,30,2,uniform,service_sigma_0.5,LC_HI,96,935,21387525,232.8844915765706,347.3159217752567
11,5,30,2,uniform,service_sigma_0.5,LC_HI,97,535,21387525,289.3120593469704,384.64195315090984
11,5,30,2,uniform,service_sigma_0.5,LC_HI,98,167,21387525,216.14777195934957,401.7278779190263
11,5,30,2,uniform,service_sigma_0.5,LC_HI,99,2858,21387525,253.8847630070992,361.26236441218794
11,5,30,2,uniform,service_sigma_0.5,LC_HI,100,388,21387525,269.09724256148644,426.1615244820423
11,5,30,2,uniform,service_sigma_0.5,LC_HI,101,1794,21387525,212.42248473804642,296.7131852853962
11,5,30,2,uniform,service_sigma_0.5,LC_HI,102,518,21387525,193.7574414404493,270.32040732694827
11,5,30,2,uniform,service_sigma_0.5,LC_HI,103,1629,21387525,244.42083900068593,370.05731068215294
11,5,30,2,uniform,service_sigma_0.5,LC_HI,104,1355,21387525,241.46398886910728,358.4623158435552
11,5,30,2,uniform,service_sigma_0.5,LC_HI,105,1069,21387525,269.8726850304544,429.1739152554594
11,5,30,2,uniform,service_sigma_0.5,LC_HI,106,1559,21387525,282.38909078523034,390.7583437765371
11,5,30,2,uniform,service_sigma_0.5,LC_HI,107,2420,21387525,248.67293498130184,370.0393753535756
11,5,30,2,uniform,service_sigma_0.5,LC_HI,108,1725,21387525,267.8210865455319,377.8002335000259
11,5,30,2,uniform,service_sigma_0.5,LC_HI,109,1329,21387525,240.43911465210647,391.2882504156722
11,5,30,2,uniform,service_sigma_0.5,LC_HI,110,493,21387525,208.33530879752814,360.2745348833467
11,5,30,2,uniform,service_sigma_0.5,LC_HI,111,2450,21387525,187.87894755039514,376.41816699697114
11,5,30,2,uniform,service_sigma_0.5,LC_HI,112,2680,21387525,225.23921770954735,369.36194607187394
11,5,30,2,uniform,service_sigma_0.5,LC_HI,113,1883,21387525,249.99884375617006,326.4296551353938
11,5,30,2,uniform,service_sigma_0.5,LC_HI,114,1924,21387525,233.8041453125695,323.8480945338258
11,5,30,2,uniform,service_sigma_0.5,LC_HI,115,182,21387525,262.4514099364553,408.87039249027697
11,5,30,2,uniform,service_sigma_0.5,LC_HI,116,1405,21387525,219.1486063032278,322.4070653946625
11,5,30,2,uniform,service_sigma_0.5,LC_HI,117,758,21387525,322.41850793924874,389.93765515779876
11,5,30,2,uniform,service_sigma_0.5,LC_HI,118,2190,21387525,210.73947752516142,350.1825561374723
11,5,30,2,uniform,service_sigma_0.5,LC_HI,119,2920,21387525,257.9629187543973,379.97319698670407
11,5,30,2,uniform,service_sigma_0.5,LC_HI,120,378,21387525,270.7541323216761,342.9102866777826
11,5,30,2,uniform,service_sigma_0.5,LC_HI,121,1794,21387525,231.93461988812174,286.5768940501577
11,5,30,2,uniform,service_sigma_0.5,LC_HI,122,1629,21387525,263.79665696594105,398.7351166545989
11,5,30,2,uniform,service_sigma_0.5,LC_HI,123,1629,21387525,234.31219768396838,346.60496906685825
11,5,30,2,uniform,service_sigma_0.5,LC_HI,124,2699,21387525,238.98762120634905,378.27567599406314
11,5,30,2,uniform,service_sigma_0.5,LC_HI,125,1952,21387525,261.29854293973494,385.83341319112634
11,5,30,2,uniform,service_sigma_0.5,LC_HI,126,148,21387525,313.40757553879047,486.05451168500775
11,5,30,2,uniform,service_sigma_0.5,LC_HI,127,794,21387525,246.10249594346902,313.10249594346897
11,5,30,2,uniform,service_sigma_0.5,LC_HI,128,2978,21387525,258.29548424331233,414.3618379230907
11,5,30,2,uniform,service_sigma_0.5,LC_HI,129,2130,21387525,227.61006392093515,345.54373468707075
11,5,30,2,uniform,service_sigma_0.5,LC_HI,130,2920,21387525,252.33606062087497,390.4373108633265
11,5,30,2,uniform,service_sigma_0.5,LC_HI,131,946,21387525,243.60672662806732,371.43338853338133
11,5,30,2,uniform,service_sigma_0.5,LC_HI,132,203,21387525,264.39393605223563,415.5064980347438
11,5,30,2,uniform,service_sigma_0.5,LC_HI,133,507,21387525,272.04034075358794,445.61638572037407
11,5,30,2,uniform,service_sigma_0.5,LC_HI,134,518,21387525,189.42901740876223,245.4215063898468
11,5,30,2,uniform,service_sigma_0.5,LC_HI,135,2802,21387525,271.6022151544041,459.0521007477952
11,5,30,2,uniform,service_sigma_0.5,LC_HI,136,2830,21387525,263.89277352918265,396.14478269285104
11,5,30,2,uniform,service_sigma_0.5,LC_HI,137,1823,21387525,257.55464077301014,347.6630213611976
11,5,30,2,uniform,service_sigma_0.5,LC_HI,138,2402,21387525,232.39874794693642,391.90994480583265
11,5,30,2,uniform,service_sigma_0.5,LC_HI,139,2083,21387525,284.04228069300706,447.00920045129925
11,5,30,2,uniform,service_sigma_0.5,LC_HI,140,1419,21387525,239.68099561955088,389.1782295514107
11,5,30,2,uniform,service_sigma_0.5,LC_HI,141,2031,21387525,270.301891192981,451.9841375923347
11,5,30,2,uniform,service_sigma_0.5,LC_HI,142,1304,21387525,211.22806406414162,333.79717409030894
11,5,30,2,uniform,service_sigma_0.5,LC_HI,143,2319,21387525,273.7248017474614,373.3863253920873
11,5,30,2,uniform,service_sigma_0.5,LC_HI,144,162,21387525,290.2122043356693,435.45064580262743
11,5,30,2,uniform,service_sigma_0.5,LC_HI,145,1759,21387525,204.47569179128615,302.5127428772775
11,5,30,2,uniform,service_sigma_0.5,LC_HI,146,178,21387525,193.33044282078419,235.92974115750846
11,5,30,2,uniform,service_sigma_0.5,LC_HI,147,2319,21387525,256.52115131316793,353.4804531505057
11,5,30,2,uniform,service_sigma_0.5,LC_HI,148,2569,21387525,295.52622443372553,422.6767421571498
11,5,30,2,uniform,service_sigma_0.5,LC_HI,149,758,21387525,320.84075905285346,393.5348805799455
11,5,30,2,uniform,service_sigma_0.5,LC_HI,150,1050,21387525,229.72436453225345,345.53276653502235
11,5,30,2,uniform,service_sigma_0.5,LC_HI,151,1911,21387525,261.0984871818377,433.04569063290916
11,5,30,2,uniform,service_sigma_0.5,LC_HI,152,1881,21387525,258.59729937854104,452.63092153380916
11,5,30,2,uniform,service_sigma_0.5,LC_HI,153,1051,21387525,245.2152750756564,350.13755264184033
11,5,30,2,uniform,service_sigma_0.5,LC_HI,154,1679,21387525,262.3451612769871,331.69533603628975
11,5,30,2,uniform,service_sigma_0.5,LC_HI,155,2130,21387525,234.68839288702026,353.2454330201545
11,5,30,2,uniform,service_sigma_0.5,LC_HI,156,208,21387525,260.79798908247176,358.8085079227226
11,5,30,2,uniform,service_sigma_0.5,LC_HI,157,2190,21387525,196.04757343873288,341.9562952710458
11,5,30,2,uniform,service_sigma_0.5,LC_HI,158,727,21387525,214.02881943275426,314.94202417364573
11,5,30,2,uniform,service_sigma_0.5,LC_HI,159,2245,21387525,285.34774726593156,447.77585867941286
11,5,30,2,uniform,service_sigma_0.5,LC_HI,160,126,21387525,245.79334618869686,395.99321264823584
11,5,30,2,uniform,service_sigma_0.5,LC_HI,161,2724,21387525,244.03452524355322,394.6777589425239
11,5,30,2,uniform,service_sigma_0.5,LC_HI,162,2130,21387525,227.79241235088637,351.229801417118
11,5,30,2,uniform,service_sigma_0.5,LC_HI,163,1739,21387525,245.67334410564658,289.4841871923406
11,5,30,2,uniform,service_sigma_0.5,LC_HI,164,1239,21387525,195.6590303502173,306.5256233212063
11,5,30,2,uniform,service_sigma_0.5,LC_HI,165,148,21387525,306.44711468333986,489.87672623597723
11,5,30,2,uniform,service_sigma_0.5,LC_HI,166,559,21387525,186.58286758208834,289.0173542139669
11,5,30,2,uniform,service_sigma_0.5,LC_HI,167,917,21387525,313.09176278229705,473.21811400033255
11,5,30,2,uniform,service_sigma_0.5,LC_HI,168,2602,21387525,227.95717108371855,336.275531448739
11,5,30,2,uniform,service_sigma_0.5,LC_HI,169,2978,21387525,271.40929848474406,422.296757273667
11,5,30,2,uniform,service_sigma_0.5,LC_HI,170,1780,21387525,185.09711756091136,281.8584937975983
11,5,30,2,uniform,service_sigma_0.5,LC_HI,171,2420,21387525,265.6035224211948,347.91772947517165
11,5,30,2,uniform,service_sigma_0.5,LC_HI,172,1539,21387525,260.44431362421176,424.5422553128487
11,5,30,2,uniform,service_sigma_0.5,LC_HI,173,1526,21387525,230.57263560650688,391.0239575724594
11,5,30,2,uniform,service_sigma_0.5,LC_HI,174,898,21387525,258.90384324826255,424.1805304370816
11,5,30,2,uniform,service_sigma_0.5,LC_HI,175,866,21387525,264.33558757634546,425.0040865297473
11,5,30,2,uniform,service_sigma_0.5,LC_HI,176,2420,21387525,238.13846417103738,362.6186105661075
11,5,30,2,uniform,service_sigma_0.5,LC_HI,177,325,21387525,272.99111697067923,388.94656405422097
11,5,30,2,uniform,service_sigma_0.5,LC_HI,178,917,21387525,325.6653622439598,468.42070680284803
11,5,30,2,uniform,service_sigma_0.5,LC_HI,179,560,21387525,251.20797687711251,336.7255284208489
11,5,30,2,uniform,service_sigma_0.5,LC_HI,180,1284,21387525,256.4413898613223,409.66488588127925
11,5,30,2,uniform,service_sigma_0.5,LC_HI,181,1069,21387525,260.8325467148487,415.7554658685969
11,5,30,2,uniform,service_sigma_0.5,LC_HI,182,2858,21387525,239.27937571794388,336.97765950897804
11,5,30,2,uniform,service_sigma_0.5,LC_HI,183,126,21387525,257.0930167052678,405.2677003456679
11,5,30,2,uniform,service_sigma_0.5,LC_HI,184,958,21387525,228.51454818814554,310.62739733177017
11,5,30,2,uniform,service_sigma_0.5,LC_HI,185,2151,21387525,175.63161103364743,300.8323298355339
11,5,30,2,uniform,service_sigma_0.5,LC_HI,186,2114,21387525,242.4101932424457,341.3549585143707
11,5,30,2,uniform,service_sigma_0.5,LC_HI,187,559,21387525,180.8584551110832,276.67381373849645
11,5,30,2,uniform,service_sigma_0.5,LC_HI,188,1988,21387525,259.6888027387714,384.7459434657871
11,5,30,2,uniform,service_sigma_0.5,LC_HI,189,586,21387525,243.84480782824647,396.55941886906834
11,5,30,2,uniform,service_sigma_0.5,LC_HI,190,1780,21387525,176.88481292043284,270.7830721857174
11,5,30,2,uniform,service_sigma_0.5,LC_HI,191,105,21387525,262.82569451455726,353.9094393326655
11,5,30,2,uniform,service_sigma_0.5,LC_HI,192,1693,21387525,236.26729693578994,403.93575278583984
11,5,30,2,uniform,service_sigma_0.5,LC_HI,193,2470,21387525,260.02503046054784,415.64537518871754
11,5,30,2,uniform,service_sigma_0.5,LC_HI,194,450,21387525,237.0860950566933,353.6796863899502
11,5,30,2,uniform,service_sigma_0.5,LC_HI,195,1796,21387525,187.1351496209513,289.64428757289585
11,5,30,2,uniform,service_sigma_0.5,LC_HI,196,559,21387525,186.77914878775442,278.10590851559084
11,5,30,2,uniform,service_sigma_0.5,LC_HI,197,450,21387525,234.703092364494,318.257741962442
11,5,30,2,uniform,service_sigma_0.5,LC_HI,198,493,21387525,210.35859855213383,362.94397698399007
11,5,30,2,uniform,service_sigma_0.5,LC_HI,199,1051,21387525,258.3731528787953,347.9119811554279
11,5,30,2,uniform,service_sigma_0.5,LC_LI,0,1033,21387525,204.62252922440945,274.20439741491214
11,5,30,2,uniform,service_sigma_0.5,LC_LI,1,226,21387525,304.40782405605586,453.20507667702253
11,5,30,2,uniform,service_sigma_0.5,LC_LI,2,846,21387525,259.948626728793,397.67795810307604
11,5,30,2,uniform,service_sigma_0.5,LC_LI,3,1825,21387525,248.04246283412473,377.3649220579509
11,5,30,2,uniform,service_sigma_0.5,LC_LI,4,968,21387525,250.00118490699018,393.2938889253395
11,5,30,2,uniform,service_sigma_0.5,LC_LI,5,637,21387525,267.3664016601764,398.09341376276143
11,5,30,2,uniform,service_sigma_0.5,LC_LI,6,1116,21387525,270.1562441652638,383.43046225636704
11,5,30,2,uniform,service_sigma_0.5,LC_LI,7,1836,21387525,263.67800632260304,424.17278581211673
11,5,30,2,uniform,service_sigma_0.5,LC_LI,8,1520,21387525,293.90341472550824,397.7597403849624
11,5,30,2,uniform,service_sigma_0.5,LC_LI,9,2279,21387525,259.2012441965158,355.72089765035037
11,5,30,2,uniform,service_sigma_0.5,LC_LI,10,772,21387525,251.328966153253,367.05426518478623
11,5,30,2,uniform,service_sigma_0.5,LC_LI,11,159,21387525,272.50131717540194,351.2771737742264
11,5,30,2,uniform,service_sigma_0.5,LC_LI,12,2235,21387525,235.69137319476374,421.09088140306625
11,5,30,2,uniform,service_sigma_0.5,LC_LI,13,2299,21387525,262.2131935052474,358.0331422277892
11,5,30,2,uniform,service_sigma_0.5,LC_LI,14,968,21387525,243.101661866427,373.7592226435294
11,5,30,2,uniform,service_sigma_0.5,LC_LI,15,784,21387525,212.0576784759895,334.57820036002033
11,5,30,2,uniform,service_sigma_0.5,LC_LI,16,1583,21387525,246.36309356196017,334.3789386084025
11,5,30,2,uniform,service_sigma_0.5,LC_LI,17,514,21387525,207.08198552916448,186.52698775375436
11,5,30,2,uniform,service_sigma_0.5,LC_LI,18,2189,21387525,255.23542081578182,435.8126749894299
11,5,30,2,uniform,service_sigma_0.5,LC_LI,19,1843,21387525,256.2204150097717,371.6480583455779
11,5,30,2,uniform,service_sigma_0.5,LC_LI,20,1958,21387525,267.812670145523,460.29850229072434
11,5,30,2,uniform,service_sigma_0.5,LC_LI,21,348,21387525,225.24022925397585,365.07687153344125
11,5,30,2,uniform,service_sigma_0.5,LC_LI,22,2126,21387525,251.7367989048222,351.2429279739952
11,5,30,2,uniform,service_sigma_0.5,LC_LI,23,1131,21387525,236.28720457776578,388.10794366794033
11,5,30,2,uniform,service_sigma_0.5,LC_LI,24,1142,21387525,277.4033414066093,358.4431460565899
11,5,30,2,uniform,service_sigma_0.5,LC_LI,25,2010,21387525,263.65014682696466,415.48619739541425
11,5,30,2,uniform,service_sigma_0.5,LC_LI,26,1384,21387525,320.375172544891,437.2622738657851
11,5,30,2,uniform,service_sigma_0.5,LC_LI,27,796,21387525,305.61384094632126,483.7807481744112
11,5,30,2,uniform,service_sigma_0.5,LC_LI,28,2,21387525,295.16502159650486,378.182253216901
11,5,30,2,uniform,service_sigma_0.5,LC_LI,29,1173,21387525,257.96766325647644,375.17311797767803
11,5,30,2,uniform,service_sigma_0.5,LC_LI,30,809,21387525,247.21342285567394,355.6239247756536
11,5,30,2,uniform,service_sigma_0.5,LC_LI,31,1292,21387525,220.93061354320213,338.9663789902005
11,5,30,2,uniform,service_sigma_0.5,LC_LI,32,2134,21387525,287.59639378671073,370.8803633067931
11,5,30,2,uniform,service_sigma_0.5,LC_LI,33,99,21387525,315.04637325526437,488.6909964855494
11,5,30,2,uniform,service_sigma_0.5,LC_LI,34,1583,21387525,260.0281948758382,350.66571323662345
11,5,30,2,uniform,service_sigma_0.5,LC_LI,35,1501,21387525,225.0436040260801,350.3202477243495
11,5,30,2,uniform,service_sigma_0.5,LC_LI,36,99,21387525,315.7590449261316,466.2813124172024
11,5,30,2,uniform,service_sigma_0.5,LC_LI,37,2322,21387525,283.56835886522146,414.0035568717167
11,5,30,2,uniform,service_sigma_0.5,LC_LI,38,1058,21387525,262.66731601166146,383.0696531502509
11,5,30,2,uniform,service_sigma_0.5,LC_LI,39,177,21387525,241.0632819823545,331.655956152037
11,5,30,2,uniform,service_sigma_0.5,LC_LI,40,2935,21387525,246.15510970343797,382.4193681048187
11,5,30,2,uniform,service_sigma_0.5,LC_LI,41,2169,21387525,209.6149170640916,289.5953451839055
11,5,30,2,uniform,service_sigma_0.5,LC_LI,42,2595,21387525,209.08744104895135,337.24908993876016
11,5,30,2,uniform,service_sigma_0.5,LC_LI,43,1958,21387525,269.78618284890734,463.95592048556864
11,5,30,2,uniform,service_sigma_0.5,LC_LI,44,1666,21387525,224.15793119775492,369.2623376279959
11,5,30,2,uniform,service_sigma_0.5,LC_LI,45,2952,21387525,236.1588358405096,355.24601324047245
11,5,30,2,uniform,service_sigma_0.5,LC_LI,46,645,21387525,268.0370014947131,395.8543790520266
11,5,30,2,uniform,service_sigma_0.5,LC_LI,47,99,21387525,307.5271542597774,473.8044605407607
11,5,30,2,uniform,service_sigma_0.5,LC_LI,48,1825,21387525,241.46197334366929,359.90012388956814
11,5,30,2,uniform,service_sigma_0.5,LC_LI,49,303,21387525,285.51417461723935,485.51840797331914
11,5,30,2,uniform,service_sigma_0.5,LC_LI,50,2235,21387525,261.2290488683728,445.108826411519
11,5,30,2,uniform,service_sigma_0.5,LC_LI,51,637,21387525,268.9080047151152,403.04847472408744
11,5,30,2,uniform,service_sigma_0.5,LC_LI,52,2842,21387525,263.1478717712796,379.3709690528282
11,5,30,2,uniform,service_sigma_0.5,LC_LI,53,149,21387525,217.14343040183087,329.55551675172427
11,5,30,2,uniform,service_sigma_0.5,LC_LI,54,250,21387525,222.46697284114208,320.2261250750648
11,5,30,2,uniform,service_sigma_0.5,LC_LI,55,2868,21387525,219.55033181408842,373.33572646996737
11,5,30,2,uniform,service_sigma_0.5,LC_LI,56,2935,21387525,242.10488052516854,372.9897199086647
11,5,30,2,uniform,service_sigma_0.5,LC_LI,57,1971,21387525,275.44244377511257,385.67502667784646
11,5,30,2,uniform,service_sigma_0.5,LC_LI,58,235,21387525,261.549503929217,386.7569219380064
11,5,30,2,uniform,service_sigma_0.5,LC_LI,59,1176,21387525,240.1088053513527,320.3662561393114
11,5,30,2,uniform,service_sigma_0.5,LC_LI,60,1486,21387525,258.52293767116817,421.27811647571826
11,5,30,2,uniform,service_sigma_0.5,LC_LI,61,397,21387525,275.98483151698565,359.1969708976428
11,5,30,2,uniform,service_sigma_0.5,LC_LI,62,2295,21387525,211.72546343768892,322.2251708016704
11,5,30,2,uniform,service_sigma_0.5,LC_LI,63,349,21387525,289.2804729094885,418.1721382855468
11,5,30,2,uniform,service_sigma_0.5,LC_LI,64,2009,21387525,226.8849270225779,306.8507250831204
11,5,30,2,uniform,service_sigma_0.5,LC_LI,65,2010,21387525,244.61601472227522,425.4192124879431
11,5,30,2,uniform,service_sigma_0.5,LC_LI,66,1709,21387525,204.6890675152493,335.96133573810687
11,5,30,2,uniform,service_sigma_0.5,LC_LI,67,796,21387525,307.258641775898,472.67287933398046
11,5,30,2,uniform,service_sigma_0.5,LC_LI,68,428,21387525,252.67833885596087,385.41053012930297
11,5,30,2,uniform,service_sigma_0.5,LC_LI,69,1709,21387525,216.47712703111665,331.93837995703564
11,5,30,2,uniform,service_sigma_0.5,LC_LI,70,920,21387525,235.31296314692833,322.66960078063744
11,5,30,2,uniform,service_sigma_0.5,LC_LI,71,848,21387525,251.19586654668734,326.17120064826713
11,5,30,2,uniform,service_sigma_0.5,LC_LI,72,2335,21387525,273.2031507685348,425.23530825827675
11,5,30,2,uniform,service_sigma_0.5,LC_LI,73,1129,21387525,237.0147791429992,315.1047528944489
11,5,30,2,uniform,service_sigma_0.5,LC_LI,74,2524,21387525,221.74437363995142,314.0528899966615
11,5,30,2,uniform,service_sigma_0.5,LC_LI,75,1129,21387525,253.26195701432076,309.98507476214155
11,5,30,2,uniform,service_sigma_0.5,LC_LI,76,1589,21387525,223.96760966961693,316.3384428259434
11,5,30,2,uniform,service_sigma_0.5,LC_LI,77,1858,21387525,301.0778621251677,404.54938408179214
11,5,30,2,uniform,service_sigma_0.5,LC_LI,78,486,21387525,248.7249687466047,402.20088278477516
11,5,30,2,uniform,service_sigma_0.5,LC_LI,79,2266,21387525,267.98537438538904,370.81787102240486
11,5,30,2,uniform,service_sigma_0.5,LC_LI,80,1002,21387525,236.90307248983558,364.0975884161393
11,5,30,2,uniform,service_sigma_0.5,LC_LI,81,2974,21387525,219.03270746509995,293.9644028175542
11,5,30,2,uniform,service_sigma_0.5,LC_LI,82,556,21387525,264.4668582514188,419.11982696428026
11,5,30,2,uniform,service_sigma_0.5,LC_LI,83,133,21387525,288.43073011854204,472.36762529562276
11,5,30,2,uniform,service_sigma_0.5,LC_LI,84,1685,21387525,250.77083497594026,318.843089265925
11,5,30,2,uniform,service_sigma_0.5,LC_LI,85,1543,21387525,200.20550617703765,289.57736583287067
11,5,30,2,uniform,service_sigma_0.5,LC_LI,86,2687,21387525,251.65270759524722,367.87873322221617
11,5,30,2,uniform,service_sigma_0.5,LC_LI,87,2868,21387525,242.77618016448582,366.4917504773841
11,5,30,2,uniform,service_sigma_0.5,LC_LI,88,811,21387525,219.98756656042363,345.6071084578064
11,5,30,2,uniform,service_sigma_0.5,LC_LI,89,1066,21387525,252.15214988483373,391.20103989133054
11,5,30,2,uniform,service_sigma_0.5,LC_LI,90,968,21387525,252.21469988256618,374.88592883390237
11,5,30,2,uniform,service_sigma_0.5,LC_LI,91,1002,21387525,227.42022918391484,346.52586616605066
11,5,30,2,uniform,service_sigma_0.5,LC_LI,92,1230,21387525,207.28515396794012,337.1190443018953
11,5,30,2,uniform,service_sigma_0.5,LC_LI,93,1002,21387525,222.07259144767573,348.8272953028586
11,5,30,2,uniform,service_sigma_0.5,LC_LI,94,903,21387525,254.17668151474507,302.2540118253899
11,5,30,2,uniform,service_sigma_0.5,LC_LI,95,349,21387525,279.45070606381717,411.27621030554263
11,5,30,2,uniform,service_sigma_0.5,LC_LI,96,1058,21387525,262.481012393768,376.27048026383045
11,5,30,2,uniform,service_sigma_0.5,LC_LI,97,2551,21387525,272.70837437021197,399.21479368857484
11,5,30,2,uniform,service_sigma_0.5,LC_LI,98,2285,21387525,273.89895530757366,419.21702921959826
11,5,30,2,uniform,service_sigma_0.5,LC_LI,99,2524,21387525,233.8670489178504,350.61182939712313
11,5,30,2,uniform,service_sigma_0.5,LC_LI,100,1543,21387525,195.45001885271736,285.7125470481143
11,5,30,2,uniform,service_sigma_0.5,LC_LI,101,532,21387525,273.62182284466235,354.3666001158337
11,5,30,2,uniform,service_sigma_0.5,LC_LI,102,556,21387525,292.82109262843045,381.2609490125655
11,5,30,2,uniform,service_sigma_0.5,LC_LI,103,1602,21387525,285.70735942945635,368.24567882911106
11,5,30,2,uniform,service_sigma_0.5,LC_LI,104,2014,21387525,253.67805478421423,440.32263815554296
11,5,30,2,uniform,service_sigma_0.5,LC_LI,105,303,21387525,288.2098482701519,474.16726750823227
11,5,30,2,uniform,service_sigma_0.5,LC_LI,106,226,21387525,285.4758636927253,432.87310000806804
11,5,30,2,uniform,service_sigma_0.5,LC_LI,107,2059,21387525,228.5364289935202,360.65348872646524
11,5,30,2,uniform,service_sigma_0.5,LC_LI,108,2479,21387525,195.32970622058247,290.9146499970404
11,5,30,2,uniform,service_sigma_0.5,LC_LI,109,1589,21387525,226.83168443819523,316.2749217798776
11,5,30,2,uniform,service_sigma_0.5,LC_LI,110,2299,21387525,260.6579032966833,372.0580553665718
11,5,30,2,uniform,service_sigma_0.5,LC_LI,111,556,21387525,303.0455108932668,431.97656547614105
11,5,30,2,uniform,service_sigma_0.5,LC_LI,112,226,21387525,279.9002434579618,441.2970728364298
11,5,30,2,uniform,service_sigma_0.5,LC_LI,113,968,21387525,256.87426862768467,369.9226588174326
11,5,30,2,uniform,service_sigma_0.5,LC_LI,114,2672,21387525,263.380601073299,385.8623561085848
11,5,30,2,uniform,service_sigma_0.5,LC_LI,115,433,21387525,281.6633537564721,418.81101759911354
11,5,30,2,uniform,service_sigma_0.5,LC_LI,116,2941,21387525,232.45952593874065,345.52802549246
11,5,30,2,uniform,service_sigma_0.5,LC_LI,117,774,21387525,204.0971028748805,306.99569364441146
11,5,30,2,uniform,service_sigma_0.5,LC_LI,118,1870,21387525,252.11868057341528,391.4276399245292
11,5,30,2,uniform,service_sigma_0.5,LC_LI,119,1923,21387525,240.15151031918637,319.80503338559834
11,5,30,2,uniform,service_sigma_0.5,LC_LI,120,1230,21387525,216.5030277235999,319.90902906811846
11,5,30,2,uniform,service_sigma_0.5,LC_LI,121,1685,21387525,251.20402203664045,338.5926001045313
11,5,30,2,uniform,service_sigma_0.5,LC_LI,122,920,21387525,218.57223253866619,309.19726881006386
11,5,30,2,uniform,service_sigma_0.5,LC_LI,123,2322,21387525,249.14931374360233,401.2238965568789
11,5,30,2,uniform,service_sigma_0.5,LC_LI,124,1709,21387525,214.91641317563162,334.22791336596845
11,5,30,2,uniform,service_sigma_0.5,LC_LI,125,1104,21387525,265.40571478858243,379.04232231237387
11,5,30,2,uniform,service_sigma_0.5,LC_LI,126,1122,21387525,235.2681658168854,366.1041155735355
11,5,30,2,uniform,service_sigma_0.5,LC_LI,127,1870,21387525,246.78683782402587,403.07279930955934
11,5,30,2,uniform,service_sigma_0.5,LC_LI,128,2300,21387525,242.1343303359485,304.7912334793062
11,5,30,2,uniform,service_sigma_0.5,LC_LI,129,846,21387525,231.50565213802824,354.4391059613554
11,5,30,2,uniform,service_sigma_0.5,LC_LI,130,177,21387525,233.6183365133489,327.6112704928448
11,5,30,2,uniform,service_sigma_0.5,LC_LI,131,1255,21387525,229.43947378675668,356.64722979514715
11,5,30,2,uniform,service_sigma_0.5,LC_LI,132,2266,21387525,257.78827911183987,409.83599123720364
11,5,30,2,uniform,service_sigma_0.5,LC_LI,133,513,21387525,277.15535615183273,420.80625181444515
11,5,30,2,uniform,service_sigma_0.5,LC_LI,134,2322,21387525,260.9463746397354,406.9136208248579
11,5,30,2,uniform,service_sigma_0.5,LC_LI,135,177,21387525,235.41247829231938,326.9506262218786
11,5,30,2,uniform,service_sigma_0.5,LC_LI,136,551,21387525,260.74175495327717,383.3097894871511
11,5,30,2,uniform,service_sigma_0.5,LC_LI,137,772,21387525,259.6015811194497,371.4825168084491
11,5,30,2,uniform,service_sigma_0.5,LC_LI,138,2070,21387525,220.70226809056544,335.61483438390985
11,5,30,2,uniform,service_sigma_0.5,LC_LI,139,2928,21387525,245.03094989578545,390.979368922513
11,5,30,2,uniform,service_sigma_0.5,LC_LI,140,2989,21387525,226.1688151140941,387.02297769001757
11,5,30,2,uniform,service_sigma_0.5,LC_LI,141,1694,21387525,274.36811513948345,482.01739699008607
11,5,30,2,uniform,service_sigma_0.5,LC_LI,142,2863,21387525,272.6788788698174,378.1696100711008
11,5,30,2,uniform,service_sigma_0.5,LC_LI,143,250,21387525,198.3077428368658,312.26421900641776
11,5,30,2,uniform,service_sigma_0.5,LC_LI,144,194,21387525,288.208730286581,428.9937317179755
11,5,30,2,uniform,service_sigma_0.5,LC_LI,145,2974,21387525,212.67380265723781,292.71542834645436
11,5,30,2,uniform,service_sigma_0.5,LC_LI,146,1494,21387525,253.76772608207716,381.7407608657963
11,5,30,2,uniform,service_sigma_0.5,LC_LI,147,116,21387525,288.27729531515,420.7550023394184
11,5,30,2,uniform,service_sigma_0.5,LC_LI,148,2757,21387525,221.74140398772767,301.77276983154064
11,5,30,2,uniform,service_sigma_0.5,LC_LI,149,1900,21387525,213.08546784198393,334.66381619312995
11,5,30,2,uniform,service_sigma_0.5,LC_LI,150,2285,21387525,272.56111496427854,437.85762005997
11,5,30,2,uniform,service_sigma_0.5,LC_LI,151,1653,21387525,221.22283912323536,349.37491556111024
11,5,30,2,uniform,service_sigma_0.5,LC_LI,152,1900,21387525,233.25382274250438,334.25382274250444
11,5,30,2,uniform,service_sigma_0.5,LC_LI,153,116,21387525,279.9697326680547,423.6118744218333
11,5,30,2,uniform,service_sigma_0.5,LC_LI,154,2928,21387525,255.49671251656363,391.2263016199924
11,5,30,2,uniform,service_sigma_0.5,LC_LI,155,556,21387525,285.92465112468733,418.4874220950161
11,5,30,2,uniform,service_sigma_0.5,LC_LI,156,1871,21387525,226.584036410998,349.45459633474104
11,5,30,2,uniform,service_sigma_0.5,LC_LI,157,753,21387525,230.1870523878237,334.62624506124445
11,5,30,2,uniform,service_sigma_0.5,LC_LI,158,1543,21387525,187.28740609124455,281.2182241529381
11,5,30,2,uniform,service_sigma_0.5,LC_LI,159,1685,21387525,250.24800562734956,321.75621524627115
11,5,30,2,uniform,service_sigma_0.5,LC_LI,160,2479,21387525,185.25582829309587,287.9210178460665
11,5,30,2,uniform,service_sigma_0.5,LC_LI,161,1512,21387525,245.8920262194546,380.32216319109
11,5,30,2,uniform,service_sigma_0.5,LC_LI,162,903,21387525,270.4650253766034,306.0415809352654
11,5,30,2,uniform,service_sigma_0.5,LC_LI,163,2138,21387525,279.3307503791673,393.9587526497091
11,5,30,2,uniform,service_sigma_0.5,LC_LI,164,1666,21387525,230.48302262452322,347.3312368341904
11,5,30,2,uniform,service_sigma_0.5,LC_LI,165,1064,21387525,233.45219084059443,325.6931446599836
11,5,30,2,uniform,service_sigma_0.5,LC_LI,166,1033,21387525,200.02779452159007,249.23655877269564
11,5,30,2,uniform,service_sigma_0.5,LC_LI,167,102,21387525,219.29221096835093,326.03310745798484
11,5,30,2,uniform,service_sigma_0.5,LC_LI,168,1681,21387525,223.17413758049648,326.11273055508127
11,5,30,2,uniform,service_sigma_0.5,LC_LI,169,376,21387525,243.90361553116648,385.49378603340807
11,5,30,2,uniform,service_sigma_0.5,LC_LI,170,774,21387525,222.4561324294831,340.615890101208
11,5,30,2,uniform,service_sigma_0.5,LC_LI,171,514,21387525,185.40087304081592,219.70711352260358
11,5,30,2,uniform,service_sigma_0.5,LC_LI,172,1836,21387525,269.75336644352853,442.4237481094792
11,5,30,2,uniform,service_sigma_0.5,LC_LI,173,2577,21387525,277.0347489195827,393.722702866621
11,5,30,2,uniform,service_sigma_0.5,LC_LI,174,920,21387525,221.46113206646754,302.9623395005728
11,5,30,2,uniform,service_sigma_0.5,LC_LI,175,1666,21387525,227.01400509050254,378.912808935031
11,5,30,2,uniform,service_sigma_0.5,LC_LI,176,2235,21387525,252.27756452276043,386.7475329499472
11,5,30,2,uniform,service_sigma_0.5,LC_LI,177,645,21387525,256.42479237322897,388.1037780858815
11,5,30,2,uniform,service_sigma_0.5,LC_LI,178,2928,21387525,243.51872036029695,382.34385427293284
11,5,30,2,uniform,service_sigma_0.5,LC_LI,179,1520,21387525,294.4871912082897,384.84066831569805
11,5,30,2,uniform,service_sigma_0.5,LC_LI,180,1635,21387525,269.53205426170655,409.9597954605901
11,5,30,2,uniform,service_sigma_0.5,LC_LI,181,1858,21387525,287.9542351407015,402.2139316375481
11,5,30,2,uniform,service_sigma_0.5,LC_LI,182,192,21387525,320.3968296908469,401.2607005065059
11,5,30,2,uniform,service_sigma_0.5,LC_LI,183,2672,21387525,265.50681711119853,381.58781354651677
11,5,30,2,uniform,service_sigma_0.5,LC_LI,184,633,21387525,260.76867131230455,366.51477690547
11,5,30,2,uniform,service_sigma_0.5,LC_LI,185,2335,21387525,250.69741942755877,396.0189122065499
11,5,30,2,uniform,service_sigma_0.5,LC_LI,186,1002,21387525,230.33295736741675,346.5568610470008
11,5,30,2,uniform,service_sigma_0.5,LC_LI,187,2266,21387525,258.83613287558643,370.83613287558643
11,5,30,2,uniform,service_sigma_0.5,LC_LI,188,1870,21387525,254.8051871497014,401.0049543555622
11,5,30,2,uniform,service_sigma_0.5,LC_LI,189,2863,21387525,265.09628720061335,383.07661396862915
11,5,30,2,uniform,service_sigma_0.5,LC_LI,190,661,21387525,286.5889958067065,447.7157086147573
11,5,30,2,uniform,service_sigma_0.5,LC_LI,191,868,21387525,215.15318689879172,280.47288114461065
11,5,30,2,uniform,service_sigma_0.5,LC_LI,192,1502,21387525,255.15615674273337,378.30988388661706
11,5,30,2,uniform,service_sigma_0.5,LC_LI,193,774,21387525,196.55731302407693,316.6680293493336
11,5,30,2,uniform,service_sigma_0.5,LC_LI,194,1255,21387525,216.5986849919581,364.2983942401607
11,5,30,2,uniform,service_sigma_0.5,LC_LI,195,803,21387525,259.31437329650447,354.6633911501257
11,5,30,2,uniform,service_sigma_0.5,LC_LI,196,1486,21387525,256.91136749115805,402.2239424097184
11,5,30,2,uniform,service_sigma_0.5,LC_LI,197,2530,21387525,219.71399661924804,299.79573774832187
11,5,30,2,uniform,service_sigma_0.5,LC_LI,198,1666,21387525,240.1883140608859,341.8288159106451
11,5,30,2,uniform,service_sigma_0.5,LC_LI,199,1486,21387525,261.7962513994976,376.5663331792886
