config_id,F,n_amrs,n_elevators,demand,size,arm,wave_id,makespan_M1,makespan_M2,makespan_M3_s20
1,3,5,2,uniform,16,random,0,146.0,184.0,197.0735430265287
1,3,5,2,uniform,16,random,1,162.0,223.0,255.14139654527085
1,3,5,2,uniform,16,random,2,95.0,163.0,174.60634585479426
1,3,5,2,uniform,16,random,3,110.0,204.0,196.04802883621525
1,3,5,2,uniform,16,random,4,96.0,131.0,136.1976161040214
1,3,5,2,uniform,16,random,5,134.0,222.0,210.9576856713255
1,3,5,2,uniform,16,random,6,139.0,180.0,193.8594352088016
1,3,5,2,uniform,16,random,7,128.0,194.0,195.91718614485347
1,3,5,2,uniform,16,random,8,176.0,240.0,252.8813771977281
1,3,5,2,uniform,16,random,9,147.0,217.0,198.48992478043368
1,3,5,2,uniform,16,random,10,171.0,223.0,180.8497914171625
1,3,5,2,uniform,16,random,11,128.0,175.0,191.9626658271011
1,3,5,2,uniform,16,random,12,143.0,180.0,203.3996350056031
1,3,5,2,uniform,16,random,13,127.0,175.0,171.00247481294832
1,3,5,2,uniform,16,random,14,124.0,174.0,170.63456018691429
1,3,5,2,uniform,16,random,15,166.0,222.0,225.05403255650597
1,3,5,2,uniform,16,random,16,155.0,218.0,257.8457084628053
1,3,5,2,uniform,16,random,17,142.0,222.0,233.90831574109853
1,3,5,2,uniform,16,random,18,142.0,161.0,170.39094647065497
1,3,5,2,uniform,16,random,19,162.0,178.0,169.3069938794225
1,3,5,2,uniform,16,random,20,115.0,166.0,164.35177198203937
1,3,5,2,uniform,16,random,21,101.0,174.0,171.89532154487628
1,3,5,2,uniform,16,random,22,156.0,194.0,194.9533466944929
1,3,5,2,uniform,16,random,23,104.0,160.0,145.26810150535638
1,3,5,2,uniform,16,random,24,128.0,203.0,193.629252658471
1,3,5,2,uniform,16,random,25,132.0,203.0,231.31119226374315
1,3,5,2,uniform,16,random,26,133.0,209.0,199.8492236061325
1,3,5,2,uniform,16,random,27,133.0,142.0,144.08126215435308
1,3,5,2,uniform,16,random,28,131.0,232.0,213.8985980184173
1,3,5,2,uniform,16,random,29,128.0,190.0,190.39414508179476
1,3,5,2,uniform,16,random,30,151.0,199.0,194.03449629976902
1,3,5,2,uniform,16,random,31,94.0,123.0,121.26275823486608
1,3,5,2,uniform,16,random,32,126.0,170.0,153.08489004883853
1,3,5,2,uniform,16,random,33,123.0,163.0,184.87022440143446
1,3,5,2,uniform,16,random,34,132.0,165.0,149.8507811303434
1,3,5,2,uniform,16,random,35,162.0,257.0,257.4561640176558
1,3,5,2,uniform,16,random,36,141.0,217.0,217.18867492799984
1,3,5,2,uniform,16,random,37,132.0,175.0,194.40080559701104
1,3,5,2,uniform,16,random,38,124.0,180.0,160.2329126390105
1,3,5,2,uniform,16,random,39,134.0,160.0,170.71203066723132
1,3,5,2,uniform,16,random,40,156.0,203.0,226.98239749451554
1,3,5,2,uniform,16,random,41,138.0,200.0,194.4960565214682
1,3,5,2,uniform,16,random,42,137.0,194.0,168.3023809715282
1,3,5,2,uniform,16,random,43,157.0,195.0,199.3561851395961
1,3,5,2,uniform,16,random,44,133.0,215.0,217.48415643421092
1,3,5,2,uniform,16,random,45,124.0,184.0,182.85219150079243
1,3,5,2,uniform,16,random,46,152.0,218.0,215.87819903476287
1,3,5,2,uniform,16,random,47,181.0,171.0,243.42810168297103
1,3,5,2,uniform,16,random,48,128.0,160.0,181.80557466861137
1,3,5,2,uniform,16,random,49,124.0,183.0,134.2461839326645
1,3,5,2,uniform,16,random,50,158.0,203.0,220.748010376053
1,3,5,2,uniform,16,random,51,133.0,195.0,215.2228139120262
1,3,5,2,uniform,16,random,52,104.0,160.0,163.09423264832844
1,3,5,2,uniform,16,random,53,109.0,151.0,144.52604519507202
1,3,5,2,uniform,16,random,54,179.0,237.0,221.97893489093855
1,3,5,2,uniform,16,random,55,147.0,170.0,220.25226247054806
1,3,5,2,uniform,16,random,56,138.0,214.0,201.56099504178286
1,3,5,2,uniform,16,random,57,152.0,193.0,193.49584640644852
1,3,5,2,uniform,16,random,58,137.0,214.0,211.78296499779395
1,3,5,2,uniform,16,random,59,142.0,166.0,205.5586969938567
1,3,5,2,uniform,16,random,60,118.0,142.0,142.6144950496981
1,3,5,2,uniform,16,random,61,118.0,190.0,195.25142108148455
1,3,5,2,uniform,16,random,62,133.0,189.0,180.22769041776743
1,3,5,2,uniform,16,random,63,123.0,124.0,125.83116318123821
1,3,5,2,uniform,16,random,64,133.0,176.0,154.20516564442877
1,3,5,2,uniform,16,random,65,148.0,173.0,194.79285908910344
1,3,5,2,uniform,16,random,66,117.0,147.0,184.08955950940555
1,3,5,2,uniform,16,random,67,142.0,195.0,206.6551710109722
1,3,5,2,uniform,16,random,68,128.0,156.0,149.6482762338919
1,3,5,2,uniform,16,random,69,148.0,238.0,202.86607061319336
1,3,5,2,uniform,16,random,70,181.0,213.0,212.38956379567054
1,3,5,2,uniform,16,random,71,144.0,239.0,248.80481198244314
1,3,5,2,uniform,16,random,72,95.0,118.0,125.53527484321995
1,3,5,2,uniform,16,random,73,132.0,193.0,196.67246709274838
1,3,5,2,uniform,16,random,74,122.0,209.0,220.0809110161161
1,3,5,2,uniform,16,random,75,109.0,146.0,147.34889629692398
1,3,5,2,uniform,16,random,76,164.0,203.0,229.6455465296439
1,3,5,2,uniform,16,random,77,113.0,152.0,161.70201957646864
1,3,5,2,uniform,16,random,78,124.0,204.0,232.1725446990698
1,3,5,2,uniform,16,random,79,118.0,189.0,178.16426470193844
1,3,5,2,uniform,16,random,80,147.0,204.0,178.46076240105646
1,3,5,2,uniform,16,random,81,147.0,203.0,196.31826097298577
1,3,5,2,uniform,16,random,82,119.0,184.0,191.41740641183753
1,3,5,2,uniform,16,random,83,147.0,179.0,189.3412559624844
1,3,5,2,uniform,16,random,84,148.0,237.0,234.92753014287675
1,3,5,2,uniform,16,random,85,115.0,186.0,185.18045305273438
1,3,5,2,uniform,16,random,86,147.0,204.0,231.29332649587465
1,3,5,2,uniform,16,random,87,114.0,181.0,182.45691920562854
1,3,5,2,uniform,16,random,88,131.0,208.0,198.18193519414996
1,3,5,2,uniform,16,random,89,138.0,248.0,239.3843912851101
1,3,5,2,uniform,16,random,90,100.0,179.0,186.22559993810893
1,3,5,2,uniform,16,random,91,167.0,213.0,232.51549289763992
1,3,5,2,uniform,16,random,92,152.0,246.0,257.24096255534084
1,3,5,2,uniform,16,random,93,143.0,198.0,191.33721689955914
1,3,5,2,uniform,16,random,94,148.0,161.0,165.01164819474863
1,3,5,2,uniform,16,random,95,151.0,218.0,218.1565376609193
1,3,5,2,uniform,16,random,96,119.0,171.0,159.18352160045035
1,3,5,2,uniform,16,random,97,123.0,184.0,180.7845369019583
1,3,5,2,uniform,16,random,98,161.0,189.0,182.87975065176613
1,3,5,2,uniform,16,random,99,133.0,186.0,138.78864853657151
1,3,5,2,uniform,16,random,100,117.0,194.0,216.2421677737711
1,3,5,2,uniform,16,random,101,147.0,179.0,209.54014375758842
1,3,5,2,uniform,16,random,102,142.0,200.0,225.96883480146388
1,3,5,2,uniform,16,random,103,129.0,240.0,228.38597387836361
1,3,5,2,uniform,16,random,104,152.0,232.0,200.52284019121294
1,3,5,2,uniform,16,random,105,156.0,203.0,199.98110302563396
1,3,5,2,uniform,16,random,106,121.0,180.0,173.10462096564208
1,3,5,2,uniform,16,random,107,142.0,180.0,193.833188072108
1,3,5,2,uniform,16,random,108,156.0,222.0,231.21692401510848
1,3,5,2,uniform,16,random,109,143.0,194.0,184.32163778036764
1,3,5,2,uniform,16,random,110,119.0,160.0,142.91757391570232
1,3,5,2,uniform,16,random,111,128.0,194.0,198.02244759908154
1,3,5,2,uniform,16,random,112,161.0,223.0,213.03854066883025
1,3,5,2,uniform,16,random,113,110.0,151.0,147.4805424958614
1,3,5,2,uniform,16,random,114,170.0,193.0,229.32251430066913
1,3,5,2,uniform,16,random,115,142.0,184.0,183.88702347643795
1,3,5,2,uniform,16,random,116,134.0,177.0,181.4583723024797
1,3,5,2,uniform,16,random,117,156.0,209.0,214.1544740361294
1,3,5,2,uniform,16,random,118,132.0,186.0,218.09554505467761
1,3,5,2,uniform,16,random,119,123.0,207.0,204.5979642709587
1,3,5,2,uniform,16,random,120,153.0,160.0,190.48232503917657
1,3,5,2,uniform,16,random,121,147.0,213.0,166.05169453830638
1,3,5,2,uniform,16,random,122,146.0,193.0,200.2927934556919
1,3,5,2,uniform,16,random,123,128.0,212.0,202.6094536528656
1,3,5,2,uniform,16,random,124,129.0,199.0,205.09840484533456
1,3,5,2,uniform,16,random,125,153.0,202.0,196.0166510209759
1,3,5,2,uniform,16,random,126,143.0,204.0,192.95946344793978
1,3,5,2,uniform,16,random,127,128.0,184.0,190.63510904022232
1,3,5,2,uniform,16,random,128,134.0,184.0,175.28230211610105
1,3,5,2,uniform,16,random,129,127.0,147.0,146.0374323531204
1,3,5,2,uniform,16,random,130,127.0,208.0,197.80303766420917
1,3,5,2,uniform,16,random,131,114.0,171.0,174.9177779151393
1,3,5,2,uniform,16,random,132,161.0,219.0,246.6453717479959
1,3,5,2,uniform,16,random,133,170.0,260.0,259.8499233594845
1,3,5,2,uniform,16,random,134,124.0,173.0,174.87952139389552
1,3,5,2,uniform,16,random,135,111.0,160.0,157.70393308928374
1,3,5,2,uniform,16,random,136,170.0,241.0,250.70024617482323
1,3,5,2,uniform,16,random,137,138.0,218.0,202.15695940417746
1,3,5,2,uniform,16,random,138,147.0,227.0,239.27587056258753
1,3,5,2,uniform,16,random,139,138.0,209.0,198.6952217297673
1,3,5,2,uniform,16,random,140,156.0,165.0,152.87856223573664
1,3,5,2,uniform,16,random,141,181.0,265.0,257.4667972096315
1,3,5,2,uniform,16,random,142,110.0,136.0,159.78095179141908
1,3,5,2,uniform,16,random,143,133.0,198.0,149.33251165745202
1,3,5,2,uniform,16,random,144,137.0,203.0,177.1669176149597
1,3,5,2,uniform,16,random,145,109.0,146.0,153.83501536810007
1,3,5,2,uniform,16,random,146,170.0,227.0,198.80873356456513
1,3,5,2,uniform,16,random,147,120.0,156.0,156.6864773920675
1,3,5,2,uniform,16,random,148,129.0,209.0,183.5017628590283
1,3,5,2,uniform,16,random,149,157.0,185.0,171.460483431915
1,3,5,2,uniform,16,random,150,144.0,175.0,207.16829231341617
1,3,5,2,uniform,16,random,151,128.0,128.0,157.14968164915624
1,3,5,2,uniform,16,random,152,151.0,184.0,187.04936877294347
1,3,5,2,uniform,16,random,153,166.0,207.0,196.4976990062328
1,3,5,2,uniform,16,random,154,152.0,180.0,191.26103700825823
1,3,5,2,uniform,16,random,155,138.0,247.0,215.3055459234066
1,3,5,2,uniform,16,random,156,123.0,180.0,184.93172038392598
1,3,5,2,uniform,16,random,157,147.0,179.0,166.64192054845535
1,3,5,2,uniform,16,random,158,118.0,176.0,171.80980991285435
1,3,5,2,uniform,16,random,159,142.0,166.0,198.26912411017588
1,3,5,2,uniform,16,random,160,162.0,233.0,172.11631486787218
1,3,5,2,uniform,16,random,161,137.0,228.0,202.4001441148218
1,3,5,2,uniform,16,random,162,139.0,193.0,166.8344211288493
1,3,5,2,uniform,16,random,163,123.0,142.0,147.22035727926217
1,3,5,2,uniform,16,random,164,109.0,156.0,148.50994549588233
1,3,5,2,uniform,16,random,165,143.0,171.0,190.7040405686102
1,3,5,2,uniform,16,random,166,153.0,208.0,196.538175608798
1,3,5,2,uniform,16,random,167,142.0,238.0,240.78701967930942
1,3,5,2,uniform,16,random,168,148.0,198.0,177.90861005003794
1,3,5,2,uniform,16,random,169,143.0,232.0,225.2136383786448
1,3,5,2,uniform,16,random,170,124.0,151.0,170.9593032910872
1,3,5,2,uniform,16,random,171,146.0,161.0,163.7725728504692
1,3,5,2,uniform,16,random,172,90.0,119.0,118.75549381582528
1,3,5,2,uniform,16,random,173,148.0,179.0,180.0221187559118
1,3,5,2,uniform,16,random,174,162.0,241.0,216.1498763673941
1,3,5,2,uniform,16,random,175,147.0,198.0,194.94182846800663
1,3,5,2,uniform,16,random,176,134.0,189.0,179.9997996318491
1,3,5,2,uniform,16,random,177,161.0,218.0,220.93014925343905
1,3,5,2,uniform,16,random,178,109.0,156.0,168.5586917794706
1,3,5,2,uniform,16,random,179,114.0,132.0,154.2839100834842
1,3,5,2,uniform,16,random,180,118.0,170.0,175.07844234599426
1,3,5,2,uniform,16,random,181,156.0,194.0,202.68247097461614
1,3,5,2,uniform,16,random,182,203.0,237.0,233.13397746183617
1,3,5,2,uniform,16,random,183,133.0,184.0,177.3146985663703
1,3,5,2,uniform,16,random,184,141.0,186.0,172.52180649222663
1,3,5,2,uniform,16,random,185,165.0,260.0,266.66366010712466
1,3,5,2,uniform,16,random,186,114.0,165.0,172.00068615124238
1,3,5,2,uniform,16,random,187,167.0,184.0,186.76774681729682
1,3,5,2,uniform,16,random,188,108.0,137.0,152.840355916526
1,3,5,2,uniform,16,random,189,123.0,156.0,138.2367447413273
1,3,5,2,uniform,16,random,190,139.0,208.0,222.40119968961133
1,3,5,2,uniform,16,random,191,115.0,145.0,144.7446151645244
1,3,5,2,uniform,16,random,192,148.0,209.0,216.67702404603443
1,3,5,2,uniform,16,random,193,143.0,165.0,208.88338150862572
1,3,5,2,uniform,16,random,194,142.0,231.0,223.00979089761407
1,3,5,2,uniform,16,random,195,138.0,208.0,196.82466902976347
1,3,5,2,uniform,16,random,196,125.0,157.0,162.453342105367
1,3,5,2,uniform,16,random,197,119.0,199.0,168.00893180506668
1,3,5,2,uniform,16,random,198,156.0,251.0,245.5403315823398
1,3,5,2,uniform,16,random,199,124.0,173.0,193.78127706412556
1,3,5,2,uniform,16,HC_HI,0,133.0,146.0,136.81950503381805
1,3,5,2,uniform,16,HC_HI,1,138.0,184.0,186.54313137051497
1,3,5,2,uniform,16,HC_HI,2,152.0,188.0,230.44998183640317
1,3,5,2,uniform,16,HC_HI,3,132.0,204.0,217.42066747314757
1,3,5,2,uniform,16,HC_HI,4,142.0,184.0,192.6984222041578
1,3,5,2,uniform,16,HC_HI,5,142.0,227.0,225.97240270976513
1,3,5,2,uniform,16,HC_HI,6,137.0,164.0,172.71370503588923
1,3,5,2,uniform,16,HC_HI,7,146.0,242.0,228.02360258716266
1,3,5,2,uniform,16,HC_HI,8,156.0,193.0,209.70108413185497
1,3,5,2,uniform,16,HC_HI,9,138.0,195.0,178.81478373629633
1,3,5,2,uniform,16,HC_HI,10,128.0,198.0,189.15710869274926
1,3,5,2,uniform,16,HC_HI,11,166.0,217.0,237.52058455507506
1,3,5,2,uniform,16,HC_HI,12,170.0,221.0,237.8211496591418
1,3,5,2,uniform,16,HC_HI,13,137.0,189.0,185.33373915751676
1,3,5,2,uniform,16,HC_HI,14,151.0,207.0,194.76793134308687
1,3,5,2,uniform,16,HC_HI,15,148.0,217.0,229.47524954655773
1,3,5,2,uniform,16,HC_HI,16,137.0,164.0,170.49551631294196
1,3,5,2,uniform,16,HC_HI,17,153.0,218.0,219.37504784838796
1,3,5,2,uniform,16,HC_HI,18,146.0,212.0,256.3053987389162
1,3,5,2,uniform,16,HC_HI,19,141.0,174.0,148.87717552375605
1,3,5,2,uniform,16,HC_HI,20,148.0,237.0,197.86627460978872
1,3,5,2,uniform,16,HC_HI,21,118.0,199.0,198.959425718174
1,3,5,2,uniform,16,HC_HI,22,152.0,246.0,235.30706705602066
1,3,5,2,uniform,16,HC_HI,23,128.0,184.0,185.4112584625913
1,3,5,2,uniform,16,HC_HI,24,119.0,166.0,160.9187325014049
1,3,5,2,uniform,16,HC_HI,25,118.0,199.0,196.12281523618813
1,3,5,2,uniform,16,HC_HI,26,147.0,175.0,173.44529177894532
1,3,5,2,uniform,16,HC_HI,27,152.0,203.0,195.4610050291898
1,3,5,2,uniform,16,HC_HI,28,137.0,247.0,222.68801556773602
1,3,5,2,uniform,16,HC_HI,29,133.0,175.0,171.60885889713268
1,3,5,2,uniform,16,HC_HI,30,123.0,165.0,174.49341204085596
1,3,5,2,uniform,16,HC_HI,31,156.0,218.0,217.63054313568148
1,3,5,2,uniform,16,HC_HI,32,115.0,151.0,179.9004600425667
1,3,5,2,uniform,16,HC_HI,33,146.0,223.0,255.31173487273713
1,3,5,2,uniform,16,HC_HI,34,124.0,142.0,174.74397044793002
1,3,5,2,uniform,16,HC_HI,35,128.0,199.0,164.40145447870603
1,3,5,2,uniform,16,HC_HI,36,170.0,270.0,260.5129120213426
1,3,5,2,uniform,16,HC_HI,37,138.0,212.0,208.8591782064642
1,3,5,2,uniform,16,HC_HI,38,137.0,189.0,195.16042416611043
1,3,5,2,uniform,16,HC_HI,39,143.0,218.0,202.79288436959754
1,3,5,2,uniform,16,HC_HI,40,191.0,231.0,220.07693394081699
1,3,5,2,uniform,16,HC_HI,41,162.0,233.0,163.67462087299114
1,3,5,2,uniform,16,HC_HI,42,128.0,199.0,177.74322760377356
1,3,5,2,uniform,16,HC_HI,43,123.0,170.0,152.2567911666733
1,3,5,2,uniform,16,HC_HI,44,167.0,231.0,232.197808619502
1,3,5,2,uniform,16,HC_HI,45,119.0,175.0,211.1183800997652
1,3,5,2,uniform,16,HC_HI,46,162.0,181.0,172.7982232482344
1,3,5,2,uniform,16,HC_HI,47,160.0,184.0,194.063234282425
1,3,5,2,uniform,16,HC_HI,48,170.0,221.0,237.64875381175852
1,3,5,2,uniform,16,HC_HI,49,162.0,227.0,217.0179672016177
1,3,5,2,uniform,16,HC_HI,50,123.0,165.0,188.76917495397547
1,3,5,2,uniform,16,HC_HI,51,133.0,176.0,180.02639247601425
1,3,5,2,uniform,16,HC_HI,52,167.0,228.0,199.96454848958973
1,3,5,2,uniform,16,HC_HI,53,125.0,214.0,211.4425397482023
1,3,5,2,uniform,16,HC_HI,54,127.0,209.0,186.42088593920866
1,3,5,2,uniform,16,HC_HI,55,156.0,201.0,202.63525929061197
1,3,5,2,uniform,16,HC_HI,56,156.0,227.0,224.252484938046
1,3,5,2,uniform,16,HC_HI,57,127.0,213.0,180.12615125519787
1,3,5,2,uniform,16,HC_HI,58,166.0,217.0,227.40355556665216
1,3,5,2,uniform,16,HC_HI,59,157.0,199.0,220.4705515225024
1,3,5,2,uniform,16,HC_HI,60,128.0,175.0,172.58702054493605
1,3,5,2,uniform,16,HC_HI,61,175.0,217.0,225.01878352093752
1,3,5,2,uniform,16,HC_HI,62,129.0,205.0,223.87846247809432
1,3,5,2,uniform,16,HC_HI,63,133.0,175.0,199.93012729562685
1,3,5,2,uniform,16,HC_HI,64,175.0,217.0,189.17198543127236
1,3,5,2,uniform,16,HC_HI,65,124.0,180.0,187.0255459705903
1,3,5,2,uniform,16,HC_HI,66,160.0,223.0,205.16819494414105
1,3,5,2,uniform,16,HC_HI,67,118.0,199.0,183.92299388282936
1,3,5,2,uniform,16,HC_HI,68,139.0,198.0,204.36218850158247
1,3,5,2,uniform,16,HC_HI,69,173.0,194.0,223.7026448291217
1,3,5,2,uniform,16,HC_HI,70,146.0,222.0,228.206472901128
1,3,5,2,uniform,16,HC_HI,71,128.0,175.0,175.03582010564645
1,3,5,2,uniform,16,HC_HI,72,160.0,184.0,175.80289603126374
1,3,5,2,uniform,16,HC_HI,73,115.0,151.0,167.05475153149422
1,3,5,2,uniform,16,HC_HI,74,162.0,156.0,163.52244304078633
1,3,5,2,uniform,16,HC_HI,75,157.0,203.0,211.404303800404
1,3,5,2,uniform,16,HC_HI,76,119.0,175.0,194.857551076552
1,3,5,2,uniform,16,HC_HI,77,171.0,221.0,238.26298025679324
1,3,5,2,uniform,16,HC_HI,78,151.0,227.0,232.61777185756506
1,3,5,2,uniform,16,HC_HI,79,153.0,247.0,239.58336793806816
1,3,5,2,uniform,16,HC_HI,80,146.0,165.0,163.2243150966339
1,3,5,2,uniform,16,HC_HI,81,175.0,265.0,239.90822151421222
1,3,5,2,uniform,16,HC_HI,82,142.0,227.0,206.09253872017072
1,3,5,2,uniform,16,HC_HI,83,151.0,214.0,209.59536705053267
1,3,5,2,uniform,16,HC_HI,84,151.0,214.0,201.55600301011043
1,3,5,2,uniform,16,HC_HI,85,132.0,204.0,216.28743147336914
1,3,5,2,uniform,16,HC_HI,86,139.0,213.0,202.7932679557383
1,3,5,2,uniform,16,HC_HI,87,151.0,207.0,204.32132607860603
1,3,5,2,uniform,16,HC_HI,88,156.0,218.0,215.9860001008644
1,3,5,2,uniform,16,HC_HI,89,153.0,218.0,225.1591683465937
1,3,5,2,uniform,16,HC_HI,90,122.0,178.0,161.82814892166965
1,3,5,2,uniform,16,HC_HI,91,148.0,222.0,194.26306797347883
1,3,5,2,uniform,16,HC_HI,92,142.0,208.0,200.3047646100101
1,3,5,2,uniform,16,HC_HI,93,124.0,143.0,140.97697585859885
1,3,5,2,uniform,16,HC_HI,94,109.0,195.0,204.13887667503653
1,3,5,2,uniform,16,HC_HI,95,151.0,214.0,210.43329602332074
1,3,5,2,uniform,16,HC_HI,96,143.0,174.0,192.91798198719647
1,3,5,2,uniform,16,HC_HI,97,148.0,222.0,207.29349002172867
1,3,5,2,uniform,16,HC_HI,98,124.0,180.0,171.15182051112842
1,3,5,2,uniform,16,HC_HI,99,173.0,194.0,197.39321230372724
1,3,5,2,uniform,16,HC_HI,100,148.0,213.0,213.3902776212993
1,3,5,2,uniform,16,HC_HI,101,131.0,208.0,232.98830482964743
1,3,5,2,uniform,16,HC_HI,102,176.0,189.0,222.86395785766788
1,3,5,2,uniform,16,HC_HI,103,138.0,219.0,235.91234360592148
1,3,5,2,uniform,16,HC_HI,104,137.0,185.0,183.62575230835972
1,3,5,2,uniform,16,HC_HI,105,137.0,213.0,218.05039767923657
1,3,5,2,uniform,16,HC_HI,106,110.0,195.0,171.27305140700835
1,3,5,2,uniform,16,HC_HI,107,175.0,265.0,258.7992166484275
1,3,5,2,uniform,16,HC_HI,108,175.0,265.0,256.7567637534403
1,3,5,2,uniform,16,HC_HI,109,167.0,227.0,220.61050247941495
1,3,5,2,uniform,16,HC_HI,110,129.0,240.0,179.04299845663493
1,3,5,2,uniform,16,HC_HI,111,157.0,203.0,194.26573767850186
1,3,5,2,uniform,16,HC_HI,112,152.0,208.0,238.42927159237198
1,3,5,2,uniform,16,HC_HI,113,118.0,199.0,201.83956478884375
1,3,5,2,uniform,16,HC_HI,114,162.0,156.0,153.9132494068178
1,3,5,2,uniform,16,HC_HI,115,142.0,184.0,179.52869040587044
1,3,5,2,uniform,16,HC_HI,116,148.0,222.0,215.81135519373177
1,3,5,2,uniform,16,HC_HI,117,142.0,166.0,176.40783617690954
1,3,5,2,uniform,16,HC_HI,118,147.0,194.0,204.3503164677563
1,3,5,2,uniform,16,HC_HI,119,156.0,193.0,203.30415355663578
1,3,5,2,uniform,16,HC_HI,120,148.0,217.0,241.98527756297068
1,3,5,2,uniform,16,HC_HI,121,109.0,146.0,146.3274445867656
1,3,5,2,uniform,16,HC_HI,122,123.0,180.0,174.52445572973303
1,3,5,2,uniform,16,HC_HI,123,148.0,213.0,191.87403627500265
1,3,5,2,uniform,16,HC_HI,124,173.0,194.0,227.6468690795145
1,3,5,2,uniform,16,HC_HI,125,180.0,276.0,282.0943498400859
1,3,5,2,uniform,16,HC_HI,126,128.0,175.0,187.81108037912298
1,3,5,2,uniform,16,HC_HI,127,171.0,217.0,206.89428435314358
1,3,5,2,uniform,16,HC_HI,128,138.0,225.0,209.37822998749596
1,3,5,2,uniform,16,HC_HI,129,114.0,185.0,179.80256229916318
1,3,5,2,uniform,16,HC_HI,130,119.0,170.0,168.61227630790637
1,3,5,2,uniform,16,HC_HI,131,156.0,218.0,209.14260305842183
1,3,5,2,uniform,16,HC_HI,132,143.0,174.0,164.75453832843954
1,3,5,2,uniform,16,HC_HI,133,147.0,175.0,174.83725969682718
1,3,5,2,uniform,16,HC_HI,134,153.0,247.0,250.78593173877533
1,3,5,2,uniform,16,HC_HI,135,162.0,227.0,264.2875149584888
1,3,5,2,uniform,16,HC_HI,136,156.0,193.0,218.95829569688965
1,3,5,2,uniform,16,HC_HI,137,119.0,171.0,153.35574568970412
1,3,5,2,uniform,16,HC_HI,138,162.0,156.0,161.02156282482628
1,3,5,2,uniform,16,HC_HI,139,147.0,261.0,171.60921658809823
1,3,5,2,uniform,16,HC_HI,140,137.0,175.0,177.59518344278098
1,3,5,2,uniform,16,HC_HI,141,142.0,166.0,183.181419489694
1,3,5,2,uniform,16,HC_HI,142,141.0,170.0,174.78489164757627
1,3,5,2,uniform,16,HC_HI,143,137.0,156.0,179.62905215907978
1,3,5,2,uniform,16,HC_HI,144,143.0,218.0,220.60969003587581
1,3,5,2,uniform,16,HC_HI,145,142.0,238.0,234.03344232793938
1,3,5,2,uniform,16,HC_HI,146,142.0,184.0,171.51252075788383
1,3,5,2,uniform,16,HC_HI,147,146.0,165.0,176.0459175470975
1,3,5,2,uniform,16,HC_HI,148,157.0,222.0,223.16061818635254
1,3,5,2,uniform,16,HC_HI,149,143.0,180.0,189.42058082071574
1,3,5,2,uniform,16,HC_HI,150,156.0,218.0,213.05903473291653
1,3,5,2,uniform,16,HC_HI,151,131.0,208.0,231.40741308918544
1,3,5,2,uniform,16,HC_HI,152,137.0,175.0,187.45768347060715
1,3,5,2,uniform,16,HC_HI,153,176.0,189.0,193.19721418119508
1,3,5,2,uniform,16,HC_HI,154,138.0,195.0,189.08728793518287
1,3,5,2,uniform,16,HC_HI,155,147.0,222.0,220.92192750304298
1,3,5,2,uniform,16,HC_HI,156,148.0,237.0,193.25815546850956
1,3,5,2,uniform,16,HC_HI,157,151.0,208.0,214.5823856953435
1,3,5,2,uniform,16,HC_HI,158,143.0,174.0,162.83673192112684
1,3,5,2,uniform,16,HC_HI,159,142.0,184.0,184.59912567007126
1,3,5,2,uniform,16,HC_HI,160,119.0,184.0,171.53532372121958
1,3,5,2,uniform,16,HC_HI,161,160.0,184.0,184.28532265466185
1,3,5,2,uniform,16,HC_HI,162,138.0,178.0,202.9329551134261
1,3,5,2,uniform,16,HC_HI,163,132.0,240.0,223.46449392433868
1,3,5,2,uniform,16,HC_HI,164,171.0,217.0,208.83550263164273
1,3,5,2,uniform,16,HC_HI,165,152.0,208.0,177.74220535590274
1,3,5,2,uniform,16,HC_HI,166,203.0,237.0,255.33845794767595
1,3,5,2,uniform,16,HC_HI,167,151.0,214.0,213.0492619404589
1,3,5,2,uniform,16,HC_HI,168,114.0,197.0,193.43949565989232
1,3,5,2,uniform,16,HC_HI,169,157.0,261.0,250.26487461949958
1,3,5,2,uniform,16,HC_HI,170,151.0,195.0,191.97731271259022
1,3,5,2,uniform,16,HC_HI,171,119.0,170.0,154.74312028837346
1,3,5,2,uniform,16,HC_HI,172,110.0,195.0,205.92322273775778
1,3,5,2,uniform,16,HC_HI,173,133.0,142.0,172.12866079862832
1,3,5,2,uniform,16,HC_HI,174,147.0,227.0,250.44237769031935
1,3,5,2,uniform,16,HC_HI,175,134.0,203.0,205.40347883686567
1,3,5,2,uniform,16,HC_HI,176,142.0,184.0,210.71616412034638
1,3,5,2,uniform,16,HC_HI,177,128.0,184.0,188.81103541699085
1,3,5,2,uniform,16,HC_HI,178,137.0,175.0,171.2285048426255
1,3,5,2,uniform,16,HC_HI,179,157.0,222.0,247.16173619235775
1,3,5,2,uniform,16,HC_HI,180,146.0,242.0,223.53728703007334
1,3,5,2,uniform,16,HC_HI,181,124.0,143.0,143.78817313273984
1,3,5,2,uniform,16,HC_HI,182,171.0,181.0,187.20647299765469
1,3,5,2,uniform,16,HC_HI,183,127.0,209.0,173.83644113668794
1,3,5,2,uniform,16,HC_HI,184,137.0,185.0,203.73179658789164
1,3,5,2,uniform,16,HC_HI,185,176.0,189.0,221.71942035781646
1,3,5,2,uniform,16,HC_HI,186,137.0,185.0,172.61204676591035
1,3,5,2,uniform,16,HC_HI,187,129.0,179.0,177.93702084279968
1,3,5,2,uniform,16,HC_HI,188,113.0,137.0,147.89624054427128
1,3,5,2,uniform,16,HC_HI,189,124.0,222.0,151.46897298720955
1,3,5,2,uniform,16,HC_HI,190,114.0,185.0,178.81239424322303
1,3,5,2,uniform,16,HC_HI,191,162.0,192.0,196.03850320169275
1,3,5,2,uniform,16,HC_HI,192,137.0,169.0,164.8557674868599
1,3,5,2,uniform,16,HC_HI,193,146.0,223.0,218.89030175146968
1,3,5,2,uniform,16,HC_HI,194,129.0,205.0,228.80572240545416
1,3,5,2,uniform,16,HC_HI,195,142.0,166.0,195.09777280286863
1,3,5,2,uniform,16,HC_HI,196,160.0,184.0,185.51331693419118
1,3,5,2,uniform,16,HC_HI,197,151.0,246.0,270.10272260371534
1,3,5,2,uniform,16,HC_HI,198,147.0,261.0,263.7497737061503
1,3,5,2,uniform,16,HC_HI,199,138.0,212.0,180.5692639187922
1,3,5,2,uniform,16,HC_LI,0,133.0,223.0,220.97488157388906
1,3,5,2,uniform,16,HC_LI,1,129.0,176.0,178.49234293032615
1,3,5,2,uniform,16,HC_LI,2,152.0,179.0,189.73548077900531
1,3,5,2,uniform,16,HC_LI,3,143.0,179.0,193.32730681421043
1,3,5,2,uniform,16,HC_LI,4,133.0,241.0,178.5094670116692
1,3,5,2,uniform,16,HC_LI,5,109.0,189.0,173.52442977052505
1,3,5,2,uniform,16,HC_LI,6,151.0,203.0,202.62581899607738
1,3,5,2,uniform,16,HC_LI,7,170.0,280.0,288.5705795059661
1,3,5,2,uniform,16,HC_LI,8,180.0,241.0,233.59171129923223
1,3,5,2,uniform,16,HC_LI,9,162.0,167.0,163.88224778821765
1,3,5,2,uniform,16,HC_LI,10,105.0,141.0,130.2016195586769
1,3,5,2,uniform,16,HC_LI,11,147.0,254.0,255.89423942348256
1,3,5,2,uniform,16,HC_LI,12,110.0,152.0,162.87345431014853
1,3,5,2,uniform,16,HC_LI,13,162.0,209.0,224.22181876647093
1,3,5,2,uniform,16,HC_LI,14,142.0,154.0,160.74359032894267
1,3,5,2,uniform,16,HC_LI,15,133.0,142.0,166.73668060523696
1,3,5,2,uniform,16,HC_LI,16,147.0,209.0,217.11863562595764
1,3,5,2,uniform,16,HC_LI,17,133.0,190.0,191.60854129943573
1,3,5,2,uniform,16,HC_LI,18,109.0,189.0,170.71111204057308
1,3,5,2,uniform,16,HC_LI,19,160.0,265.0,179.48070503140244
1,3,5,2,uniform,16,HC_LI,20,152.0,165.0,177.8671220571543
1,3,5,2,uniform,16,HC_LI,21,133.0,193.0,192.44986147682022
1,3,5,2,uniform,16,HC_LI,22,129.0,161.0,176.55306533926333
1,3,5,2,uniform,16,HC_LI,23,132.0,212.0,213.40692695116556
1,3,5,2,uniform,16,HC_LI,24,109.0,189.0,145.53798173845826
1,3,5,2,uniform,16,HC_LI,25,162.0,167.0,161.076573984784
1,3,5,2,uniform,16,HC_LI,26,142.0,154.0,179.05884780252754
1,3,5,2,uniform,16,HC_LI,27,151.0,212.0,217.46591504751652
1,3,5,2,uniform,16,HC_LI,28,114.0,185.0,165.71027524634238
1,3,5,2,uniform,16,HC_LI,29,147.0,254.0,216.04653747243256
1,3,5,2,uniform,16,HC_LI,30,128.0,180.0,180.39157050865725
1,3,5,2,uniform,16,HC_LI,31,170.0,227.0,219.29203648292787
1,3,5,2,uniform,16,HC_LI,32,113.0,169.0,165.45545641121825
1,3,5,2,uniform,16,HC_LI,33,153.0,180.0,173.5348777896996
1,3,5,2,uniform,16,HC_LI,34,119.0,165.0,161.9846013019065
1,3,5,2,uniform,16,HC_LI,35,176.0,223.0,213.83855526667404
1,3,5,2,uniform,16,HC_LI,36,118.0,205.0,180.6620894920849
1,3,5,2,uniform,16,HC_LI,37,152.0,204.0,232.739354719745
1,3,5,2,uniform,16,HC_LI,38,185.0,232.0,224.38865536557267
1,3,5,2,uniform,16,HC_LI,39,113.0,213.0,212.36869014334778
1,3,5,2,uniform,16,HC_LI,40,141.0,186.0,206.9368353278789
1,3,5,2,uniform,16,HC_LI,41,152.0,280.0,270.77976967200595
1,3,5,2,uniform,16,HC_LI,42,129.0,262.0,192.5439518974746
1,3,5,2,uniform,16,HC_LI,43,113.0,169.0,169.28954155702056
1,3,5,2,uniform,16,HC_LI,44,105.0,141.0,145.69728479455725
1,3,5,2,uniform,16,HC_LI,45,175.0,241.0,240.09309598460328
1,3,5,2,uniform,16,HC_LI,46,118.0,171.0,177.5718524409719
1,3,5,2,uniform,16,HC_LI,47,129.0,262.0,263.9749917626975
1,3,5,2,uniform,16,HC_LI,48,151.0,236.0,245.69888897382617
1,3,5,2,uniform,16,HC_LI,49,143.0,232.0,223.9496792166579
1,3,5,2,uniform,16,HC_LI,50,166.0,254.0,199.0561334131128
1,3,5,2,uniform,16,HC_LI,51,119.0,189.0,182.67211847160877
1,3,5,2,uniform,16,HC_LI,52,153.0,199.0,186.97601021146968
1,3,5,2,uniform,16,HC_LI,53,113.0,213.0,205.37448165540917
1,3,5,2,uniform,16,HC_LI,54,134.0,222.0,258.78390313672253
1,3,5,2,uniform,16,HC_LI,55,119.0,157.0,163.83227615382916
1,3,5,2,uniform,16,HC_LI,56,147.0,254.0,239.95449385675292
1,3,5,2,uniform,16,HC_LI,57,152.0,212.0,207.4469341839349
1,3,5,2,uniform,16,HC_LI,58,152.0,227.0,224.10171209135186
1,3,5,2,uniform,16,HC_LI,59,186.0,214.0,246.26477578795922
1,3,5,2,uniform,16,HC_LI,60,156.0,189.0,193.9160523349626
1,3,5,2,uniform,16,HC_LI,61,137.0,214.0,223.78810698134882
1,3,5,2,uniform,16,HC_LI,62,133.0,204.0,209.71650234024432
1,3,5,2,uniform,16,HC_LI,63,156.0,189.0,184.72066136641607
1,3,5,2,uniform,16,HC_LI,64,133.0,204.0,184.76291684681345
1,3,5,2,uniform,16,HC_LI,65,170.0,280.0,283.93329450209154
1,3,5,2,uniform,16,HC_LI,66,137.0,245.0,230.2595436687442
1,3,5,2,uniform,16,HC_LI,67,123.0,175.0,167.04788539011705
1,3,5,2,uniform,16,HC_LI,68,137.0,228.0,221.86185287962076
1,3,5,2,uniform,16,HC_LI,69,132.0,212.0,216.81914166914163
1,3,5,2,uniform,16,HC_LI,70,142.0,188.0,192.896759179604
1,3,5,2,uniform,16,HC_LI,71,133.0,194.0,210.64490941221374
1,3,5,2,uniform,16,HC_LI,72,152.0,219.0,202.12620652128746
1,3,5,2,uniform,16,HC_LI,73,136.0,166.0,162.3414679977505
1,3,5,2,uniform,16,HC_LI,74,133.0,165.0,158.05943613918072
1,3,5,2,uniform,16,HC_LI,75,181.0,171.0,232.53608029052788
1,3,5,2,uniform,16,HC_LI,76,123.0,175.0,172.55619137030686
1,3,5,2,uniform,16,HC_LI,77,119.0,165.0,167.06645545614356
1,3,5,2,uniform,16,HC_LI,78,129.0,228.0,213.7075587300896
1,3,5,2,uniform,16,HC_LI,79,162.0,260.0,257.3607914711283
1,3,5,2,uniform,16,HC_LI,80,105.0,147.0,141.339110379817
1,3,5,2,uniform,16,HC_LI,81,143.0,184.0,157.51728818962377
1,3,5,2,uniform,16,HC_LI,82,156.0,213.0,216.2345704848137
1,3,5,2,uniform,16,HC_LI,83,190.0,260.0,245.46094537285651
1,3,5,2,uniform,16,HC_LI,84,134.0,199.0,228.70669438680494
1,3,5,2,uniform,16,HC_LI,85,152.0,232.0,233.582248294344
1,3,5,2,uniform,16,HC_LI,86,170.0,232.0,275.59274858030795
1,3,5,2,uniform,16,HC_LI,87,119.0,165.0,163.57525252945968
1,3,5,2,uniform,16,HC_LI,88,179.0,242.0,258.6096203611228
1,3,5,2,uniform,16,HC_LI,89,139.0,189.0,186.2623342831049
1,3,5,2,uniform,16,HC_LI,90,118.0,194.0,172.5812040808267
1,3,5,2,uniform,16,HC_LI,91,186.0,214.0,218.2966438605044
1,3,5,2,uniform,16,HC_LI,92,118.0,194.0,194.65200175363475
1,3,5,2,uniform,16,HC_LI,93,133.0,212.0,207.10707228852985
1,3,5,2,uniform,16,HC_LI,94,151.0,203.0,189.58917583309992
1,3,5,2,uniform,16,HC_LI,95,152.0,165.0,155.53105403677776
1,3,5,2,uniform,16,HC_LI,96,119.0,161.0,164.91295804182423
1,3,5,2,uniform,16,HC_LI,97,161.0,202.0,222.25221798516097
1,3,5,2,uniform,16,HC_LI,98,171.0,246.0,253.97348177261352
1,3,5,2,uniform,16,HC_LI,99,147.0,195.0,190.89288809394284
1,3,5,2,uniform,16,HC_LI,100,181.0,222.0,249.89919155281308
1,3,5,2,uniform,16,HC_LI,101,139.0,189.0,192.1121661939697
1,3,5,2,uniform,16,HC_LI,102,157.0,190.0,207.6625399448976
1,3,5,2,uniform,16,HC_LI,103,138.0,184.0,201.20645059769024
1,3,5,2,uniform,16,HC_LI,104,133.0,212.0,203.7199737713455
1,3,5,2,uniform,16,HC_LI,105,175.0,241.0,225.50610970671684
1,3,5,2,uniform,16,HC_LI,106,132.0,168.0,173.6591518378789
1,3,5,2,uniform,16,HC_LI,107,113.0,179.0,191.00711548073883
1,3,5,2,uniform,16,HC_LI,108,176.0,232.0,239.86602009651116
1,3,5,2,uniform,16,HC_LI,109,147.0,195.0,190.5097654828402
1,3,5,2,uniform,16,HC_LI,110,148.0,180.0,174.20645890250353
1,3,5,2,uniform,16,HC_LI,111,147.0,237.0,245.24852299799028
1,3,5,2,uniform,16,HC_LI,112,109.0,170.0,164.5868853462748
1,3,5,2,uniform,16,HC_LI,113,138.0,195.0,192.8262356326892
1,3,5,2,uniform,16,HC_LI,114,129.0,176.0,176.86858468247115
1,3,5,2,uniform,16,HC_LI,115,129.0,262.0,202.44373005556614
1,3,5,2,uniform,16,HC_LI,116,170.0,185.0,207.51268529685288
1,3,5,2,uniform,16,HC_LI,117,170.0,185.0,203.55179856063953
1,3,5,2,uniform,16,HC_LI,118,128.0,180.0,231.97789130511103
1,3,5,2,uniform,16,HC_LI,119,119.0,161.0,157.19880783291808
1,3,5,2,uniform,16,HC_LI,120,146.0,250.0,242.22379117952354
1,3,5,2,uniform,16,HC_LI,121,117.0,170.0,141.69473150623838
1,3,5,2,uniform,16,HC_LI,122,133.0,142.0,157.59553921338966
1,3,5,2,uniform,16,HC_LI,123,151.0,236.0,229.673159118404
1,3,5,2,uniform,16,HC_LI,124,156.0,238.0,224.3912515137082
1,3,5,2,uniform,16,HC_LI,125,141.0,186.0,198.22207744333596
1,3,5,2,uniform,16,HC_LI,126,176.0,223.0,224.36774203423622
1,3,5,2,uniform,16,HC_LI,127,179.0,242.0,234.66985423979554
1,3,5,2,uniform,16,HC_LI,128,109.0,189.0,139.33831954999513
1,3,5,2,uniform,16,HC_LI,129,133.0,203.0,189.16564865628115
1,3,5,2,uniform,16,HC_LI,130,137.0,245.0,227.29682644443855
1,3,5,2,uniform,16,HC_LI,131,151.0,203.0,200.44653844157327
1,3,5,2,uniform,16,HC_LI,132,132.0,213.0,208.73161935797233
1,3,5,2,uniform,16,HC_LI,133,167.0,261.0,276.42942081088114
1,3,5,2,uniform,16,HC_LI,134,146.0,173.0,182.19928249637582
1,3,5,2,uniform,16,HC_LI,135,132.0,168.0,167.4316557351623
1,3,5,2,uniform,16,HC_LI,136,153.0,180.0,177.5485937743338
1,3,5,2,uniform,16,HC_LI,137,138.0,180.0,275.7836948261221
1,3,5,2,uniform,16,HC_LI,138,158.0,223.0,287.684271576435
1,3,5,2,uniform,16,HC_LI,139,152.0,219.0,237.9287197643669
1,3,5,2,uniform,16,HC_LI,140,142.0,218.0,242.03816866993384
1,3,5,2,uniform,16,HC_LI,141,124.0,152.0,188.42235738164138
1,3,5,2,uniform,16,HC_LI,142,128.0,233.0,221.61362764601327
1,3,5,2,uniform,16,HC_LI,143,165.0,260.0,233.73506163260774
1,3,5,2,uniform,16,HC_LI,144,148.0,180.0,207.8950306551466
1,3,5,2,uniform,16,HC_LI,145,132.0,208.0,214.55213012705323
1,3,5,2,uniform,16,HC_LI,146,156.0,213.0,197.00819442566777
1,3,5,2,uniform,16,HC_LI,147,170.0,185.0,220.44300335236076
1,3,5,2,uniform,16,HC_LI,148,132.0,208.0,199.95837362210412
1,3,5,2,uniform,16,HC_LI,149,114.0,208.0,166.2205888872041
1,3,5,2,uniform,16,HC_LI,150,157.0,190.0,182.34257564407346
1,3,5,2,uniform,16,HC_LI,151,129.0,176.0,166.49121978682302
1,3,5,2,uniform,16,HC_LI,152,162.0,218.0,226.32244251838662
1,3,5,2,uniform,16,HC_LI,153,137.0,189.0,225.2847296298579
1,3,5,2,uniform,16,HC_LI,154,166.0,254.0,245.93859187850387
1,3,5,2,uniform,16,HC_LI,155,161.0,223.0,217.43151480723913
1,3,5,2,uniform,16,HC_LI,156,132.0,175.0,197.40483741288622
1,3,5,2,uniform,16,HC_LI,157,114.0,171.0,183.434261218154
1,3,5,2,uniform,16,HC_LI,158,142.0,188.0,151.69168366675754
1,3,5,2,uniform,16,HC_LI,159,167.0,261.0,181.47943007580164
1,3,5,2,uniform,16,HC_LI,160,114.0,208.0,209.89848212078735
1,3,5,2,uniform,16,HC_LI,161,124.0,171.0,192.69130460341404
1,3,5,2,uniform,16,HC_LI,162,163.0,207.0,216.59033362388948
1,3,5,2,uniform,16,HC_LI,163,142.0,180.0,198.2453706949702
1,3,5,2,uniform,16,HC_LI,164,166.0,254.0,201.83451973560702
1,3,5,2,uniform,16,HC_LI,165,129.0,161.0,169.360623106816
1,3,5,2,uniform,16,HC_LI,166,147.0,232.0,249.58398801348554
1,3,5,2,uniform,16,HC_LI,167,129.0,171.0,163.26719019380045
1,3,5,2,uniform,16,HC_LI,168,167.0,233.0,238.56486746201486
1,3,5,2,uniform,16,HC_LI,169,128.0,233.0,219.08432880797116
1,3,5,2,uniform,16,HC_LI,170,132.0,213.0,219.00302425044964
1,3,5,2,uniform,16,HC_LI,171,133.0,203.0,191.0439702698526
1,3,5,2,uniform,16,HC_LI,172,123.0,165.0,175.25265549510658
1,3,5,2,uniform,16,HC_LI,173,144.0,195.0,189.6926868282012
1,3,5,2,uniform,16,HC_LI,174,146.0,250.0,263.09596059735867
1,3,5,2,uniform,16,HC_LI,175,152.0,179.0,144.36228193617774
1,3,5,2,uniform,16,HC_LI,176,100.0,169.0,186.3097643591816
1,3,5,2,uniform,16,HC_LI,177,142.0,180.0,184.86278305513449
1,3,5,2,uniform,16,HC_LI,178,138.0,181.0,178.17128871780338
1,3,5,2,uniform,16,HC_LI,179,152.0,212.0,206.01286255012369
1,3,5,2,uniform,16,HC_LI,180,166.0,180.0,173.33268192949217
1,3,5,2,uniform,16,HC_LI,181,170.0,227.0,215.8479271892778
1,3,5,2,uniform,16,HC_LI,182,124.0,152.0,181.73797303288808
1,3,5,2,uniform,16,HC_LI,183,129.0,181.0,202.72683571116156
1,3,5,2,uniform,16,HC_LI,184,156.0,209.0,220.67680802462337
1,3,5,2,uniform,16,HC_LI,185,133.0,212.0,212.40103159976545
1,3,5,2,uniform,16,HC_LI,186,132.0,175.0,191.19782084913706
1,3,5,2,uniform,16,HC_LI,187,131.0,208.0,221.84711119124498
1,3,5,2,uniform,16,HC_LI,188,147.0,246.0,239.55982127130196
1,3,5,2,uniform,16,HC_LI,189,114.0,194.0,156.11413775468827
1,3,5,2,uniform,16,HC_LI,190,118.0,194.0,181.16006895844492
1,3,5,2,uniform,16,HC_LI,191,143.0,213.0,233.57171771533052
1,3,5,2,uniform,16,HC_LI,192,142.0,154.0,160.51369860120533
1,3,5,2,uniform,16,HC_LI,193,143.0,232.0,235.06386131018033
1,3,5,2,uniform,16,HC_LI,194,185.0,232.0,234.5878468100711
1,3,5,2,uniform,16,HC_LI,195,146.0,246.0,240.01311954606183
1,3,5,2,uniform,16,HC_LI,196,128.0,189.0,173.57305467013242
1,3,5,2,uniform,16,HC_LI,197,152.0,165.0,168.19133525751263
1,3,5,2,uniform,16,HC_LI,198,142.0,180.0,219.23566437659105
1,3,5,2,uniform,16,HC_LI,199,151.0,203.0,212.24297356364315
1,3,5,2,uniform,16,LC_HI,0,114.0,156.0,151.41746967677793
1,3,5,2,uniform,16,LC_HI,1,123.0,176.0,184.9294381249495
1,3,5,2,uniform,16,LC_HI,2,137.0,170.0,194.54295261099477
1,3,5,2,uniform,16,LC_HI,3,123.0,209.0,209.5770549185346
1,3,5,2,uniform,16,LC_HI,4,132.0,210.0,191.63592375024552
1,3,5,2,uniform,16,LC_HI,5,123.0,160.0,175.8216453944574
1,3,5,2,uniform,16,LC_HI,6,157.0,190.0,169.74236409454352
1,3,5,2,uniform,16,LC_HI,7,124.0,157.0,155.38766818836476
1,3,5,2,uniform,16,LC_HI,8,109.0,133.0,124.1628824127041
1,3,5,2,uniform,16,LC_HI,9,169.0,256.0,238.4280478967732
1,3,5,2,uniform,16,LC_HI,10,95.0,122.0,114.23365896096709
1,3,5,2,uniform,16,LC_HI,11,113.0,179.0,184.67262462133368
1,3,5,2,uniform,16,LC_HI,12,110.0,143.0,119.76586277012983
1,3,5,2,uniform,16,LC_HI,13,124.0,176.0,168.43049756504865
1,3,5,2,uniform,16,LC_HI,14,114.0,127.0,139.3438075992071
1,3,5,2,uniform,16,LC_HI,15,109.0,125.0,131.85479073165124
1,3,5,2,uniform,16,LC_HI,16,118.0,199.0,191.47998453497365
1,3,5,2,uniform,16,LC_HI,17,162.0,229.0,224.56326529955908
1,3,5,2,uniform,16,LC_HI,18,118.0,135.0,161.838628290673
1,3,5,2,uniform,16,LC_HI,19,133.0,131.0,136.46126588873767
1,3,5,2,uniform,16,LC_HI,20,113.0,127.0,131.37336665259795
1,3,5,2,uniform,16,LC_HI,21,138.0,199.0,198.68828926604448
1,3,5,2,uniform,16,LC_HI,22,124.0,184.0,187.5551567945972
1,3,5,2,uniform,16,LC_HI,23,151.0,232.0,235.76335359673578
1,3,5,2,uniform,16,LC_HI,24,141.0,190.0,198.21895379557287
1,3,5,2,uniform,16,LC_HI,25,119.0,179.0,173.53331777015316
1,3,5,2,uniform,16,LC_HI,26,123.0,198.0,193.71073331062652
1,3,5,2,uniform,16,LC_HI,27,100.0,175.0,183.15267752417108
1,3,5,2,uniform,16,LC_HI,28,127.0,156.0,139.40741976076973
1,3,5,2,uniform,16,LC_HI,29,141.0,190.0,209.6978262134046
1,3,5,2,uniform,16,LC_HI,30,147.0,178.0,182.9369637420438
1,3,5,2,uniform,16,LC_HI,31,148.0,142.0,167.62955721572715
1,3,5,2,uniform,16,LC_HI,32,114.0,165.0,178.50082021790283
1,3,5,2,uniform,16,LC_HI,33,113.0,151.0,150.76226427559763
1,3,5,2,uniform,16,LC_HI,34,138.0,176.0,168.86947857509702
1,3,5,2,uniform,16,LC_HI,35,114.0,160.0,173.32622579453513
1,3,5,2,uniform,16,LC_HI,36,113.0,179.0,175.52764040915858
1,3,5,2,uniform,16,LC_HI,37,134.0,189.0,192.54458178520304
1,3,5,2,uniform,16,LC_HI,38,133.0,181.0,179.78702168404058
1,3,5,2,uniform,16,LC_HI,39,109.0,171.0,166.53987333194888
1,3,5,2,uniform,16,LC_HI,40,127.0,165.0,156.70774437126204
1,3,5,2,uniform,16,LC_HI,41,124.0,184.0,187.92682598361284
1,3,5,2,uniform,16,LC_HI,42,133.0,150.0,128.61409653475988
1,3,5,2,uniform,16,LC_HI,43,133.0,181.0,180.17245050847944
1,3,5,2,uniform,16,LC_HI,44,114.0,180.0,205.29706819577143
1,3,5,2,uniform,16,LC_HI,45,123.0,198.0,218.66551665866461
1,3,5,2,uniform,16,LC_HI,46,90.0,122.0,121.4426420999956
1,3,5,2,uniform,16,LC_HI,47,95.0,122.0,114.70948571786909
1,3,5,2,uniform,16,LC_HI,48,113.0,179.0,180.2901434314412
1,3,5,2,uniform,16,LC_HI,49,124.0,203.0,195.09327378085038
1,3,5,2,uniform,16,LC_HI,50,156.0,202.0,212.23700394479812
1,3,5,2,uniform,16,LC_HI,51,119.0,175.0,172.58105664583053
1,3,5,2,uniform,16,LC_HI,52,138.0,188.0,186.5433843909418
1,3,5,2,uniform,16,LC_HI,53,105.0,142.0,155.4585354765928
1,3,5,2,uniform,16,LC_HI,54,137.0,177.0,192.23072313830724
1,3,5,2,uniform,16,LC_HI,55,137.0,208.0,196.2096009964357
1,3,5,2,uniform,16,LC_HI,56,132.0,137.0,151.94819177405137
1,3,5,2,uniform,16,LC_HI,57,119.0,179.0,177.88471387797114
1,3,5,2,uniform,16,LC_HI,58,118.0,184.0,184.52002023360822
1,3,5,2,uniform,16,LC_HI,59,152.0,195.0,223.29310502657833
1,3,5,2,uniform,16,LC_HI,60,118.0,151.0,142.97431903367942
1,3,5,2,uniform,16,LC_HI,61,143.0,180.0,178.8815185953794
1,3,5,2,uniform,16,LC_HI,62,123.0,160.0,174.19127389331862
1,3,5,2,uniform,16,LC_HI,63,124.0,127.0,134.891793344126
1,3,5,2,uniform,16,LC_HI,64,105.0,127.0,123.02733894406985
1,3,5,2,uniform,16,LC_HI,65,127.0,156.0,158.54631710389305
1,3,5,2,uniform,16,LC_HI,66,127.0,217.0,228.6085730176564
1,3,5,2,uniform,16,LC_HI,67,124.0,127.0,136.5458309251222
1,3,5,2,uniform,16,LC_HI,68,141.0,218.0,187.61276061903257
1,3,5,2,uniform,16,LC_HI,69,119.0,146.0,154.17851919802305
1,3,5,2,uniform,16,LC_HI,70,99.0,136.0,135.46828284041027
1,3,5,2,uniform,16,LC_HI,71,123.0,147.0,152.19508252237156
1,3,5,2,uniform,16,LC_HI,72,129.0,136.0,136.77257065050352
1,3,5,2,uniform,16,LC_HI,73,139.0,170.0,167.70985497052902
1,3,5,2,uniform,16,LC_HI,74,108.0,135.0,181.58329439149895
1,3,5,2,uniform,16,LC_HI,75,118.0,151.0,154.15823556698612
1,3,5,2,uniform,16,LC_HI,76,123.0,175.0,167.85122796050263
1,3,5,2,uniform,16,LC_HI,77,110.0,175.0,181.05354458491342
1,3,5,2,uniform,16,LC_HI,78,110.0,156.0,155.97215313385936
1,3,5,2,uniform,16,LC_HI,79,138.0,184.0,185.3402389297795
1,3,5,2,uniform,16,LC_HI,80,109.0,175.0,164.9696476357891
1,3,5,2,uniform,16,LC_HI,81,129.0,194.0,188.95600875823672
1,3,5,2,uniform,16,LC_HI,82,99.0,136.0,145.68025725408376
1,3,5,2,uniform,16,LC_HI,83,148.0,238.0,191.99606103543886
1,3,5,2,uniform,16,LC_HI,84,90.0,122.0,122.19253603205061
1,3,5,2,uniform,16,LC_HI,85,118.0,170.0,149.5494966826241
1,3,5,2,uniform,16,LC_HI,86,129.0,162.0,161.2028879830328
1,3,5,2,uniform,16,LC_HI,87,124.0,127.0,167.8545208965191
1,3,5,2,uniform,16,LC_HI,88,128.0,184.0,200.90673428240683
1,3,5,2,uniform,16,LC_HI,89,113.0,151.0,153.02548146401443
1,3,5,2,uniform,16,LC_HI,90,108.0,135.0,143.13879756383926
1,3,5,2,uniform,16,LC_HI,91,133.0,203.0,191.89807588609784
1,3,5,2,uniform,16,LC_HI,92,106.0,128.0,137.89471551783714
1,3,5,2,uniform,16,LC_HI,93,181.0,281.0,228.35404299376137
1,3,5,2,uniform,16,LC_HI,94,105.0,199.0,190.20433736618202
1,3,5,2,uniform,16,LC_HI,95,119.0,165.0,159.651710435483
1,3,5,2,uniform,16,LC_HI,96,118.0,135.0,154.5243197903129
1,3,5,2,uniform,16,LC_HI,97,118.0,199.0,188.2533931725939
1,3,5,2,uniform,16,LC_HI,98,105.0,117.0,126.64147383884733
1,3,5,2,uniform,16,LC_HI,99,156.0,204.0,207.07124681331072
1,3,5,2,uniform,16,LC_HI,100,157.0,209.0,176.3907146286429
1,3,5,2,uniform,16,LC_HI,101,123.0,188.0,198.75577013462535
1,3,5,2,uniform,16,LC_HI,102,127.0,184.0,184.1726788378451
1,3,5,2,uniform,16,LC_HI,103,137.0,177.0,188.44319513754837
1,3,5,2,uniform,16,LC_HI,104,157.0,190.0,182.7933939252729
1,3,5,2,uniform,16,LC_HI,105,123.0,124.0,133.60159130549022
1,3,5,2,uniform,16,LC_HI,106,118.0,142.0,149.60689982805889
1,3,5,2,uniform,16,LC_HI,107,113.0,137.0,132.4167429196772
1,3,5,2,uniform,16,LC_HI,108,151.0,165.0,173.06987420549623
1,3,5,2,uniform,16,LC_HI,109,108.0,135.0,141.63822011361881
1,3,5,2,uniform,16,LC_HI,110,110.0,151.0,152.6600742533663
1,3,5,2,uniform,16,LC_HI,111,134.0,228.0,215.77103967450685
1,3,5,2,uniform,16,LC_HI,112,104.0,161.0,137.7341433475582
1,3,5,2,uniform,16,LC_HI,113,138.0,176.0,175.34558797488936
1,3,5,2,uniform,16,LC_HI,114,147.0,165.0,175.69218494330968
1,3,5,2,uniform,16,LC_HI,115,132.0,207.0,211.20530480420467
1,3,5,2,uniform,16,LC_HI,116,109.0,156.0,155.2987432396336
1,3,5,2,uniform,16,LC_HI,117,131.0,202.0,205.79023668547583
1,3,5,2,uniform,16,LC_HI,118,123.0,147.0,143.4081699764638
1,3,5,2,uniform,16,LC_HI,119,134.0,160.0,156.21367928874406
1,3,5,2,uniform,16,LC_HI,120,143.0,194.0,211.51491235028263
1,3,5,2,uniform,16,LC_HI,121,122.0,164.0,158.8073542747579
1,3,5,2,uniform,16,LC_HI,122,110.0,143.0,132.7504135617928
1,3,5,2,uniform,16,LC_HI,123,118.0,199.0,172.19329632982465
1,3,5,2,uniform,16,LC_HI,124,156.0,202.0,204.0014411842485
1,3,5,2,uniform,16,LC_HI,125,132.0,162.0,153.9091814785984
1,3,5,2,uniform,16,LC_HI,126,91.0,103.0,100.00536053617446
1,3,5,2,uniform,16,LC_HI,127,141.0,187.0,194.32863592886073
1,3,5,2,uniform,16,LC_HI,128,119.0,184.0,193.9455588740638
1,3,5,2,uniform,16,LC_HI,129,129.0,194.0,210.44195337956577
1,3,5,2,uniform,16,LC_HI,130,134.0,228.0,220.1248531009936
1,3,5,2,uniform,16,LC_HI,131,104.0,161.0,158.45813493681803
1,3,5,2,uniform,16,LC_HI,132,128.0,204.0,201.0336147202766
1,3,5,2,uniform,16,LC_HI,133,127.0,175.0,193.93732746503602
1,3,5,2,uniform,16,LC_HI,134,123.0,205.0,226.41696760410332
1,3,5,2,uniform,16,LC_HI,135,151.0,229.0,222.30703212543864
1,3,5,2,uniform,16,LC_HI,136,128.0,146.0,177.0271796413003
1,3,5,2,uniform,16,LC_HI,137,143.0,175.0,176.36757155788754
1,3,5,2,uniform,16,LC_HI,138,119.0,175.0,180.44549839179223
1,3,5,2,uniform,16,LC_HI,139,132.0,213.0,213.52530439614617
1,3,5,2,uniform,16,LC_HI,140,157.0,209.0,224.69778127950784
1,3,5,2,uniform,16,LC_HI,141,95.0,104.0,98.99083026343764
1,3,5,2,uniform,16,LC_HI,142,137.0,194.0,213.09585432636388
1,3,5,2,uniform,16,LC_HI,143,133.0,189.0,168.86741508004795
1,3,5,2,uniform,16,LC_HI,144,181.0,281.0,341.1031055852248
1,3,5,2,uniform,16,LC_HI,145,122.0,185.0,188.79596213020997
1,3,5,2,uniform,16,LC_HI,146,134.0,141.0,151.74688073757642
1,3,5,2,uniform,16,LC_HI,147,119.0,131.0,136.7177634776395
1,3,5,2,uniform,16,LC_HI,148,118.0,157.0,158.2220434020663
1,3,5,2,uniform,16,LC_HI,149,161.0,227.0,206.35584586089675
1,3,5,2,uniform,16,LC_HI,150,132.0,173.0,185.37411678706997
1,3,5,2,uniform,16,LC_HI,151,114.0,146.0,187.01241487861316
1,3,5,2,uniform,16,LC_HI,152,114.0,127.0,135.5226269376495
1,3,5,2,uniform,16,LC_HI,153,157.0,190.0,184.45158450267306
1,3,5,2,uniform,16,LC_HI,154,176.0,194.0,198.17847212411732
1,3,5,2,uniform,16,LC_HI,155,109.0,175.0,171.55952847448992
1,3,5,2,uniform,16,LC_HI,156,142.0,218.0,213.09426008599172
1,3,5,2,uniform,16,LC_HI,157,109.0,171.0,170.51545355489745
1,3,5,2,uniform,16,LC_HI,158,77.0,104.0,104.9077831752829
1,3,5,2,uniform,16,LC_HI,159,122.0,171.0,179.06902147774787
1,3,5,2,uniform,16,LC_HI,160,133.0,193.0,189.55123078885865
1,3,5,2,uniform,16,LC_HI,161,113.0,137.0,137.66930409928128
1,3,5,2,uniform,16,LC_HI,162,124.0,157.0,168.5404563615365
1,3,5,2,uniform,16,LC_HI,163,109.0,137.0,137.89508291564638
1,3,5,2,uniform,16,LC_HI,164,157.0,209.0,210.35542733614946
1,3,5,2,uniform,16,LC_HI,165,132.0,137.0,134.55019186320678
1,3,5,2,uniform,16,LC_HI,166,142.0,203.0,191.9516748266857
1,3,5,2,uniform,16,LC_HI,167,123.0,147.0,146.32614119883397
1,3,5,2,uniform,16,LC_HI,168,131.0,208.0,207.13406520836926
1,3,5,2,uniform,16,LC_HI,169,109.0,133.0,128.1061223252492
1,3,5,2,uniform,16,LC_HI,170,152.0,230.0,227.80928364912162
1,3,5,2,uniform,16,LC_HI,171,132.0,207.0,215.15393808002995
1,3,5,2,uniform,16,LC_HI,172,123.0,180.0,200.58465717500755
1,3,5,2,uniform,16,LC_HI,173,143.0,175.0,173.67417315451536
1,3,5,2,uniform,16,LC_HI,174,181.0,281.0,288.9808632494188
1,3,5,2,uniform,16,LC_HI,175,157.0,190.0,260.2891827692107
1,3,5,2,uniform,16,LC_HI,176,132.0,207.0,205.45513601907396
1,3,5,2,uniform,16,LC_HI,177,110.0,175.0,157.573206612323
1,3,5,2,uniform,16,LC_HI,178,136.0,147.0,151.1765753953842
1,3,5,2,uniform,16,LC_HI,179,124.0,185.0,195.79915846331585
1,3,5,2,uniform,16,LC_HI,180,153.0,208.0,189.23288546623868
1,3,5,2,uniform,16,LC_HI,181,142.0,203.0,203.8724355417453
1,3,5,2,uniform,16,LC_HI,182,113.0,160.0,170.78374207682933
1,3,5,2,uniform,16,LC_HI,183,129.0,194.0,226.87110340351654
1,3,5,2,uniform,16,LC_HI,184,99.0,136.0,140.1701863784731
1,3,5,2,uniform,16,LC_HI,185,142.0,180.0,185.78937146260307
1,3,5,2,uniform,16,LC_HI,186,109.0,174.0,167.9852996351227
1,3,5,2,uniform,16,LC_HI,187,133.0,203.0,201.47945098611774
1,3,5,2,uniform,16,LC_HI,188,106.0,128.0,131.29328744970684
1,3,5,2,uniform,16,LC_HI,189,119.0,219.0,234.99169886255697
1,3,5,2,uniform,16,LC_HI,190,156.0,146.0,152.46025549592267
1,3,5,2,uniform,16,LC_HI,191,128.0,185.0,191.78458766057983
1,3,5,2,uniform,16,LC_HI,192,113.0,127.0,129.5065012856827
1,3,5,2,uniform,16,LC_HI,193,119.0,171.0,175.812089621419
1,3,5,2,uniform,16,LC_HI,194,118.0,142.0,170.1188050210647
1,3,5,2,uniform,16,LC_HI,195,138.0,176.0,175.48505365358292
1,3,5,2,uniform,16,LC_HI,196,162.0,229.0,207.79104127707666
1,3,5,2,uniform,16,LC_HI,197,77.0,104.0,108.41700319446093
1,3,5,2,uniform,16,LC_HI,198,147.0,195.0,202.2938131438385
1,3,5,2,uniform,16,LC_HI,199,118.0,170.0,136.08301119484534
1,3,5,2,uniform,16,LC_LI,0,133.0,221.0,215.71485587884797
1,3,5,2,uniform,16,LC_LI,1,128.0,170.0,143.47690713680672
1,3,5,2,uniform,16,LC_LI,2,109.0,161.0,154.69742326329714
1,3,5,2,uniform,16,LC_LI,3,132.0,193.0,167.5604041498725
1,3,5,2,uniform,16,LC_LI,4,133.0,221.0,215.12665676119647
1,3,5,2,uniform,16,LC_LI,5,131.0,165.0,158.2822257531094
1,3,5,2,uniform,16,LC_LI,6,152.0,193.0,175.7421952554114
1,3,5,2,uniform,16,LC_LI,7,119.0,155.0,154.63233029633363
1,3,5,2,uniform,16,LC_LI,8,133.0,127.0,131.50858809642202
1,3,5,2,uniform,16,LC_LI,9,143.0,181.0,154.13723338107445
1,3,5,2,uniform,16,LC_LI,10,113.0,152.0,150.85632088558174
1,3,5,2,uniform,16,LC_LI,11,133.0,184.0,243.43221030560804
1,3,5,2,uniform,16,LC_LI,12,157.0,201.0,199.58525919429246
1,3,5,2,uniform,16,LC_LI,13,157.0,201.0,208.4392926632037
1,3,5,2,uniform,16,LC_LI,14,138.0,200.0,196.6638897163856
1,3,5,2,uniform,16,LC_LI,15,142.0,209.0,200.50282442655194
1,3,5,2,uniform,16,LC_LI,16,136.0,209.0,186.32005940216982
1,3,5,2,uniform,16,LC_LI,17,127.0,156.0,173.16104384093495
1,3,5,2,uniform,16,LC_LI,18,128.0,194.0,204.66443356419074
1,3,5,2,uniform,16,LC_LI,19,115.0,155.0,172.49387747101156
1,3,5,2,uniform,16,LC_LI,20,129.0,179.0,178.64644130052588
1,3,5,2,uniform,16,LC_LI,21,115.0,137.0,135.55142727641726
1,3,5,2,uniform,16,LC_LI,22,122.0,189.0,186.363767460834
1,3,5,2,uniform,16,LC_LI,23,132.0,151.0,155.89809016078704
1,3,5,2,uniform,16,LC_LI,24,133.0,146.0,148.5043282980102
1,3,5,2,uniform,16,LC_LI,25,138.0,189.0,186.63560835858843
1,3,5,2,uniform,16,LC_LI,26,148.0,198.0,193.38819686187858
1,3,5,2,uniform,16,LC_LI,27,137.0,186.0,187.86829369993453
1,3,5,2,uniform,16,LC_LI,28,95.0,118.0,124.5736431919138
1,3,5,2,uniform,16,LC_LI,29,100.0,155.0,168.58234244636543
1,3,5,2,uniform,16,LC_LI,30,128.0,190.0,162.89654885257283
1,3,5,2,uniform,16,LC_LI,31,147.0,178.0,160.36803659990622
1,3,5,2,uniform,16,LC_LI,32,128.0,170.0,176.16998343642382
1,3,5,2,uniform,16,LC_LI,33,96.0,146.0,148.2698315274786
1,3,5,2,uniform,16,LC_LI,34,129.0,179.0,195.478720422494
1,3,5,2,uniform,16,LC_LI,35,137.0,165.0,182.09935537380787
1,3,5,2,uniform,16,LC_LI,36,125.0,156.0,183.14745101016007
1,3,5,2,uniform,16,LC_LI,37,110.0,119.0,142.5198127469835
1,3,5,2,uniform,16,LC_LI,38,137.0,213.0,210.29686790047782
1,3,5,2,uniform,16,LC_LI,39,137.0,213.0,215.63615071987073
1,3,5,2,uniform,16,LC_LI,40,138.0,169.0,167.52691350425596
1,3,5,2,uniform,16,LC_LI,41,137.0,194.0,206.13872948356786
1,3,5,2,uniform,16,LC_LI,42,143.0,180.0,180.6161998480832
1,3,5,2,uniform,16,LC_LI,43,148.0,176.0,171.86324183791484
1,3,5,2,uniform,16,LC_LI,44,119.0,104.0,150.57197111805706
1,3,5,2,uniform,16,LC_LI,45,168.0,223.0,201.21395489779027
1,3,5,2,uniform,16,LC_LI,46,138.0,169.0,173.39321498445352
1,3,5,2,uniform,16,LC_LI,47,104.0,165.0,184.29807980013516
1,3,5,2,uniform,16,LC_LI,48,138.0,152.0,160.39339088152863
1,3,5,2,uniform,16,LC_LI,49,105.0,157.0,139.6064170993909
1,3,5,2,uniform,16,LC_LI,50,138.0,152.0,183.96175302704953
1,3,5,2,uniform,16,LC_LI,51,137.0,194.0,194.28229430213185
1,3,5,2,uniform,16,LC_LI,52,120.0,118.0,119.4425810120491
1,3,5,2,uniform,16,LC_LI,53,138.0,214.0,200.0586800166248
1,3,5,2,uniform,16,LC_LI,54,137.0,175.0,210.94001531863054
1,3,5,2,uniform,16,LC_LI,55,161.0,179.0,194.95246056659167
1,3,5,2,uniform,16,LC_LI,56,127.0,203.0,214.58677103485573
1,3,5,2,uniform,16,LC_LI,57,129.0,179.0,168.78675089050415
1,3,5,2,uniform,16,LC_LI,58,138.0,152.0,152.80830692671404
1,3,5,2,uniform,16,LC_LI,59,152.0,224.0,197.72607656523152
1,3,5,2,uniform,16,LC_LI,60,142.0,198.0,197.12291686169854
1,3,5,2,uniform,16,LC_LI,61,110.0,123.0,126.65504651003386
1,3,5,2,uniform,16,LC_LI,62,119.0,155.0,161.37829303707034
1,3,5,2,uniform,16,LC_LI,63,122.0,189.0,173.78905981729466
1,3,5,2,uniform,16,LC_LI,64,147.0,189.0,183.4180882592013
1,3,5,2,uniform,16,LC_LI,65,123.0,184.0,190.1301115993123
1,3,5,2,uniform,16,LC_LI,66,123.0,150.0,159.66962735924412
1,3,5,2,uniform,16,LC_LI,67,129.0,166.0,162.08471754573608
1,3,5,2,uniform,16,LC_LI,68,109.0,155.0,139.41289164287718
1,3,5,2,uniform,16,LC_LI,69,110.0,119.0,140.64745700663903
1,3,5,2,uniform,16,LC_LI,70,105.0,181.0,161.72794342564166
1,3,5,2,uniform,16,LC_LI,71,153.0,194.0,183.6027103303466
1,3,5,2,uniform,16,LC_LI,72,151.0,221.0,199.72333833172596
1,3,5,2,uniform,16,LC_LI,73,133.0,197.0,196.03389289460569
1,3,5,2,uniform,16,LC_LI,74,90.0,157.0,155.2869816524779
1,3,5,2,uniform,16,LC_LI,75,132.0,185.0,182.88257238114667
1,3,5,2,uniform,16,LC_LI,76,151.0,185.0,170.82624831675858
1,3,5,2,uniform,16,LC_LI,77,147.0,179.0,186.6026569807994
1,3,5,2,uniform,16,LC_LI,78,137.0,208.0,217.7194037367521
1,3,5,2,uniform,16,LC_LI,79,109.0,151.0,146.4791133356083
1,3,5,2,uniform,16,LC_LI,80,147.0,231.0,185.68903269631417
1,3,5,2,uniform,16,LC_LI,81,113.0,180.0,165.59473550978666
1,3,5,2,uniform,16,LC_LI,82,110.0,123.0,132.4011439233302
1,3,5,2,uniform,16,LC_LI,83,104.0,165.0,173.17723486506756
1,3,5,2,uniform,16,LC_LI,84,152.0,184.0,199.0065842672237
1,3,5,2,uniform,16,LC_LI,85,137.0,190.0,195.10846624497242
1,3,5,2,uniform,16,LC_LI,86,133.0,146.0,149.07974584133223
1,3,5,2,uniform,16,LC_LI,87,137.0,194.0,181.41284172622352
1,3,5,2,uniform,16,LC_LI,88,126.0,122.0,133.6770043470408
1,3,5,2,uniform,16,LC_LI,89,152.0,199.0,204.95419541200948
1,3,5,2,uniform,16,LC_LI,90,114.0,165.0,162.39185255730004
1,3,5,2,uniform,16,LC_LI,91,115.0,181.0,165.31845541526513
1,3,5,2,uniform,16,LC_LI,92,136.0,213.0,200.98670883087667
1,3,5,2,uniform,16,LC_LI,93,144.0,184.0,203.37466672275292
1,3,5,2,uniform,16,LC_LI,94,123.0,184.0,186.69525614341308
1,3,5,2,uniform,16,LC_LI,95,123.0,150.0,152.19187722651725
1,3,5,2,uniform,16,LC_LI,96,138.0,188.0,158.1077390961813
1,3,5,2,uniform,16,LC_LI,97,186.0,228.0,230.74407706850636
1,3,5,2,uniform,16,LC_LI,98,126.0,122.0,159.25426443593076
1,3,5,2,uniform,16,LC_LI,99,131.0,165.0,181.7340795522533
1,3,5,2,uniform,16,LC_LI,100,131.0,165.0,161.82380769351025
1,3,5,2,uniform,16,LC_LI,101,123.0,150.0,156.95213117732615
1,3,5,2,uniform,16,LC_LI,102,142.0,209.0,198.26633897324615
1,3,5,2,uniform,16,LC_LI,103,133.0,146.0,148.23691549618556
1,3,5,2,uniform,16,LC_LI,104,137.0,213.0,203.34831656414283
1,3,5,2,uniform,16,LC_LI,105,110.0,143.0,144.79302098501893
1,3,5,2,uniform,16,LC_LI,106,142.0,179.0,188.33577650487504
1,3,5,2,uniform,16,LC_LI,107,133.0,155.0,157.37271432868505
1,3,5,2,uniform,16,LC_LI,108,138.0,214.0,207.19125311983132
1,3,5,2,uniform,16,LC_LI,109,100.0,141.0,128.6093762367426
1,3,5,2,uniform,16,LC_LI,110,125.0,156.0,176.34109103655217
1,3,5,2,uniform,16,LC_LI,111,147.0,179.0,170.08732145800877
1,3,5,2,uniform,16,LC_LI,112,138.0,170.0,212.6869588379613
1,3,5,2,uniform,16,LC_LI,113,136.0,164.0,150.87979399789793
1,3,5,2,uniform,16,LC_LI,114,137.0,213.0,205.69962552879426
1,3,5,2,uniform,16,LC_LI,115,132.0,185.0,161.01265176564706
1,3,5,2,uniform,16,LC_LI,116,127.0,154.0,156.62443822697125
1,3,5,2,uniform,16,LC_LI,117,133.0,221.0,219.56262393994024
1,3,5,2,uniform,16,LC_LI,118,148.0,185.0,189.74342140012533
1,3,5,2,uniform,16,LC_LI,119,156.0,238.0,194.78899395137026
1,3,5,2,uniform,16,LC_LI,120,144.0,193.0,231.61428082707403
1,3,5,2,uniform,16,LC_LI,121,122.0,113.0,139.58970864775924
1,3,5,2,uniform,16,LC_LI,122,128.0,170.0,186.95884544571715
1,3,5,2,uniform,16,LC_LI,123,146.0,170.0,158.97498209334475
1,3,5,2,uniform,16,LC_LI,124,128.0,203.0,169.36224841792833
1,3,5,2,uniform,16,LC_LI,125,147.0,194.0,221.50559466028557
1,3,5,2,uniform,16,LC_LI,126,137.0,179.0,195.02926393934712
1,3,5,2,uniform,16,LC_LI,127,138.0,233.0,189.40661791339238
1,3,5,2,uniform,16,LC_LI,128,137.0,179.0,190.65055330041207
1,3,5,2,uniform,16,LC_LI,129,110.0,119.0,147.4845546350668
1,3,5,2,uniform,16,LC_LI,130,127.0,203.0,209.52027514158755
1,3,5,2,uniform,16,LC_LI,131,123.0,184.0,180.80743494107182
1,3,5,2,uniform,16,LC_LI,132,95.0,150.0,152.17282352969897
1,3,5,2,uniform,16,LC_LI,133,109.0,137.0,145.6663457418838
1,3,5,2,uniform,16,LC_LI,134,124.0,189.0,189.07340002125267
1,3,5,2,uniform,16,LC_LI,135,90.0,157.0,143.44403669667875
1,3,5,2,uniform,16,LC_LI,136,124.0,166.0,173.7592143010462
1,3,5,2,uniform,16,LC_LI,137,156.0,238.0,203.7525377152977
1,3,5,2,uniform,16,LC_LI,138,125.0,156.0,163.63450664455857
1,3,5,2,uniform,16,LC_LI,139,113.0,179.0,167.37741232450514
1,3,5,2,uniform,16,LC_LI,140,123.0,186.0,208.01671083388294
1,3,5,2,uniform,16,LC_LI,141,95.0,118.0,123.31420244044726
1,3,5,2,uniform,16,LC_LI,142,109.0,155.0,161.22025308902278
1,3,5,2,uniform,16,LC_LI,143,141.0,208.0,183.6705131233483
1,3,5,2,uniform,16,LC_LI,144,136.0,164.0,179.09339900204301
1,3,5,2,uniform,16,LC_LI,145,186.0,228.0,222.54411913454453
1,3,5,2,uniform,16,LC_LI,146,128.0,194.0,200.8386793533884
1,3,5,2,uniform,16,LC_LI,147,90.0,157.0,159.10275778079935
1,3,5,2,uniform,16,LC_LI,148,146.0,184.0,202.66936803483492
1,3,5,2,uniform,16,LC_LI,149,128.0,151.0,222.08493717123503
1,3,5,2,uniform,16,LC_LI,150,104.0,165.0,184.32869932306937
1,3,5,2,uniform,16,LC_LI,151,113.0,180.0,175.54951310807306
1,3,5,2,uniform,16,LC_LI,152,148.0,198.0,216.43691848251257
1,3,5,2,uniform,16,LC_LI,153,96.0,146.0,144.6905640364008
1,3,5,2,uniform,16,LC_LI,154,186.0,228.0,218.81907092728267
1,3,5,2,uniform,16,LC_LI,155,147.0,236.0,208.24600697350974
1,3,5,2,uniform,16,LC_LI,156,126.0,122.0,122.44958220561061
1,3,5,2,uniform,16,LC_LI,157,113.0,180.0,185.20481264707175
1,3,5,2,uniform,16,LC_LI,158,153.0,165.0,146.9576783512421
1,3,5,2,uniform,16,LC_LI,159,147.0,194.0,194.96070915973195
1,3,5,2,uniform,16,LC_LI,160,139.0,171.0,165.76409214078046
1,3,5,2,uniform,16,LC_LI,161,151.0,185.0,175.17298066750337
1,3,5,2,uniform,16,LC_LI,162,138.0,213.0,211.43459647676042
1,3,5,2,uniform,16,LC_LI,163,141.0,208.0,192.20654960802977
1,3,5,2,uniform,16,LC_LI,164,128.0,150.0,146.4390945133409
1,3,5,2,uniform,16,LC_LI,165,105.0,139.0,133.09785168974426
1,3,5,2,uniform,16,LC_LI,166,127.0,154.0,162.46876401298994
1,3,5,2,uniform,16,LC_LI,167,119.0,104.0,126.55253504126
1,3,5,2,uniform,16,LC_LI,168,122.0,189.0,194.74797335619243
1,3,5,2,uniform,16,LC_LI,169,133.0,170.0,167.44003779279134
1,3,5,2,uniform,16,LC_LI,170,144.0,193.0,224.1399821828001
1,3,5,2,uniform,16,LC_LI,171,156.0,238.0,227.70546360653736
1,3,5,2,uniform,16,LC_LI,172,114.0,114.0,133.74546666280406
1,3,5,2,uniform,16,LC_LI,173,123.0,185.0,181.70328082837815
1,3,5,2,uniform,16,LC_LI,174,109.0,185.0,195.891474620368
1,3,5,2,uniform,16,LC_LI,175,124.0,164.0,173.44530481118318
1,3,5,2,uniform,16,LC_LI,176,127.0,200.0,196.57691860589205
1,3,5,2,uniform,16,LC_LI,177,105.0,157.0,139.44010458733672
1,3,5,2,uniform,16,LC_LI,178,113.0,152.0,147.3071831924564
1,3,5,2,uniform,16,LC_LI,179,137.0,179.0,180.5427806203645
1,3,5,2,uniform,16,LC_LI,180,137.0,165.0,160.01545430146413
1,3,5,2,uniform,16,LC_LI,181,142.0,179.0,170.08947446642435
1,3,5,2,uniform,16,LC_LI,182,124.0,189.0,177.5790397540922
1,3,5,2,uniform,16,LC_LI,183,95.0,150.0,161.03020770285718
1,3,5,2,uniform,16,LC_LI,184,122.0,160.0,168.36897819480706
1,3,5,2,uniform,16,LC_LI,185,147.0,185.0,187.5437341839961
1,3,5,2,uniform,16,LC_LI,186,153.0,214.0,205.94266996975682
1,3,5,2,uniform,16,LC_LI,187,129.0,170.0,151.87034587355475
1,3,5,2,uniform,16,LC_LI,188,119.0,133.0,145.68268017547155
1,3,5,2,uniform,16,LC_LI,189,144.0,193.0,182.72982755786578
1,3,5,2,uniform,16,LC_LI,190,105.0,134.0,141.4038510445502
1,3,5,2,uniform,16,LC_LI,191,137.0,175.0,186.6380297413773
1,3,5,2,uniform,16,LC_LI,192,138.0,189.0,196.37551373896315
1,3,5,2,uniform,16,LC_LI,193,132.0,185.0,185.25565652497033
1,3,5,2,uniform,16,LC_LI,194,133.0,155.0,162.1667309417445
1,3,5,2,uniform,16,LC_LI,195,147.0,213.0,204.12298938030838
1,3,5,2,uniform,16,LC_LI,196,136.0,209.0,211.6913651397279
1,3,5,2,uniform,16,LC_LI,197,109.0,137.0,166.8518229949111
1,3,5,2,uniform,16,LC_LI,198,91.0,161.0,152.26349623400662
1,3,5,2,uniform,16,LC_LI,199,133.0,155.0,173.09362562840812
3,3,15,2,clustered,16,random,0,132.0,170.0,181.6730244413929
3,3,15,2,clustered,16,random,1,186.0,237.0,208.36862479357168
3,3,15,2,clustered,16,random,2,185.0,237.0,248.26078253324914
3,3,15,2,clustered,16,random,3,171.0,233.0,225.09521634811992
3,3,15,2,clustered,16,random,4,157.0,194.0,198.21237947390387
3,3,15,2,clustered,16,random,5,142.0,180.0,184.43001169255143
3,3,15,2,clustered,16,random,6,123.0,137.0,137.3787006292744
3,3,15,2,clustered,16,random,7,108.0,142.0,143.7545450645964
3,3,15,2,clustered,16,random,8,113.0,175.0,172.55269689540552
3,3,15,2,clustered,16,random,9,142.0,227.0,203.3322233561518
3,3,15,2,clustered,16,random,10,161.0,166.0,170.11155454476312
3,3,15,2,clustered,16,random,11,118.0,152.0,154.65913805127283
3,3,15,2,clustered,16,random,12,143.0,180.0,170.4703185696137
3,3,15,2,clustered,16,random,13,162.0,204.0,206.23275746248947
3,3,15,2,clustered,16,random,14,146.0,189.0,202.66758144875942
3,3,15,2,clustered,16,random,15,181.0,204.0,195.12009403806155
3,3,15,2,clustered,16,random,16,128.0,170.0,167.12984470829906
3,3,15,2,clustered,16,random,17,166.0,276.0,268.5385959189871
3,3,15,2,clustered,16,random,18,136.0,175.0,179.59939397656936
3,3,15,2,clustered,16,random,19,128.0,194.0,199.58924166362357
3,3,15,2,clustered,16,random,20,170.0,218.0,217.66581529533417
3,3,15,2,clustered,16,random,21,118.0,138.0,141.7680779369431
3,3,15,2,clustered,16,random,22,146.0,194.0,199.01481942071595
3,3,15,2,clustered,16,random,23,137.0,147.0,149.09637740511494
3,3,15,2,clustered,16,random,24,138.0,142.0,173.26335012544786
3,3,15,2,clustered,16,random,25,119.0,147.0,155.47428201892498
3,3,15,2,clustered,16,random,26,166.0,204.0,201.98821390012057
3,3,15,2,clustered,16,random,27,157.0,200.0,195.11618108424835
3,3,15,2,clustered,16,random,28,190.0,237.0,234.43661734384995
3,3,15,2,clustered,16,random,29,151.0,170.0,168.66970844608815
3,3,15,2,clustered,16,random,30,147.0,199.0,197.5803129158084
3,3,15,2,clustered,16,random,31,142.0,179.0,167.44908532442804
3,3,15,2,clustered,16,random,32,156.0,237.0,240.44968114925626
3,3,15,2,clustered,16,random,33,128.0,147.0,148.68087625368796
3,3,15,2,clustered,16,random,34,176.0,199.0,207.5151526888887
3,3,15,2,clustered,16,random,35,166.0,223.0,218.06407841797602
3,3,15,2,clustered,16,random,36,161.0,228.0,211.74678851636145
3,3,15,2,clustered,16,random,37,171.0,200.0,187.33842445130531
3,3,15,2,clustered,16,random,38,132.0,161.0,157.80116542527804
3,3,15,2,clustered,16,random,39,137.0,184.0,182.98815109806685
3,3,15,2,clustered,16,random,40,161.0,175.0,173.91997615722434
3,3,15,2,clustered,16,random,41,118.0,190.0,198.33191303822423
3,3,15,2,clustered,16,random,42,137.0,165.0,176.36582557511852
3,3,15,2,clustered,16,random,43,162.0,233.0,227.25204079844366
3,3,15,2,clustered,16,random,44,161.0,199.0,194.37948325869368
3,3,15,2,clustered,16,random,45,137.0,204.0,210.93915903357814
3,3,15,2,clustered,16,random,46,137.0,208.0,204.05673497859036
3,3,15,2,clustered,16,random,47,123.0,176.0,177.1516319244915
3,3,15,2,clustered,16,random,48,156.0,233.0,229.30561150015907
3,3,15,2,clustered,16,random,49,161.0,223.0,219.77579954402728
3,3,15,2,clustered,16,random,50,157.0,223.0,218.0284715041779
3,3,15,2,clustered,16,random,51,156.0,223.0,206.43150355805858
3,3,15,2,clustered,16,random,52,148.0,242.0,230.5915187129916
3,3,15,2,clustered,16,random,53,147.0,208.0,210.78244253956802
3,3,15,2,clustered,16,random,54,138.0,184.0,211.54476719083718
3,3,15,2,clustered,16,random,55,161.0,213.0,196.2653965757829
3,3,15,2,clustered,16,random,56,129.0,180.0,164.52446081467593
3,3,15,2,clustered,16,random,57,137.0,161.0,159.04430339263237
3,3,15,2,clustered,16,random,58,142.0,189.0,189.16392715562245
3,3,15,2,clustered,16,random,59,123.0,128.0,150.00914143234598
3,3,15,2,clustered,16,random,60,171.0,208.0,204.66018777269014
3,3,15,2,clustered,16,random,61,103.0,147.0,157.82186751732283
3,3,15,2,clustered,16,random,62,142.0,176.0,180.89645452802273
3,3,15,2,clustered,16,random,63,137.0,199.0,199.2626528544197
3,3,15,2,clustered,16,random,64,118.0,161.0,144.28266842469858
3,3,15,2,clustered,16,random,65,132.0,166.0,161.77776989077907
3,3,15,2,clustered,16,random,66,151.0,204.0,218.59544416818537
3,3,15,2,clustered,16,random,67,143.0,165.0,168.55497606395755
3,3,15,2,clustered,16,random,68,156.0,204.0,213.75896025755296
3,3,15,2,clustered,16,random,69,132.0,175.0,156.78430619534987
3,3,15,2,clustered,16,random,70,137.0,179.0,209.20303889306882
3,3,15,2,clustered,16,random,71,128.0,180.0,178.23774339477228
3,3,15,2,clustered,16,random,72,141.0,171.0,166.97071981118742
3,3,15,2,clustered,16,random,73,157.0,223.0,206.6118794853656
3,3,15,2,clustered,16,random,74,156.0,199.0,195.77120836294574
3,3,15,2,clustered,16,random,75,128.0,161.0,171.9240599643268
3,3,15,2,clustered,16,random,76,94.0,146.0,127.75119998331057
3,3,15,2,clustered,16,random,77,142.0,199.0,187.29676875319717
3,3,15,2,clustered,16,random,78,177.0,214.0,210.46188803265514
3,3,15,2,clustered,16,random,79,142.0,223.0,221.08071238661904
3,3,15,2,clustered,16,random,80,171.0,208.0,196.20657077008383
3,3,15,2,clustered,16,random,81,142.0,223.0,219.36911199867117
3,3,15,2,clustered,16,random,82,123.0,170.0,181.26547603293147
3,3,15,2,clustered,16,random,83,151.0,166.0,157.63114363054746
3,3,15,2,clustered,16,random,84,118.0,174.0,194.94881421405395
3,3,15,2,clustered,16,random,85,167.0,209.0,207.2773362723061
3,3,15,2,clustered,16,random,86,147.0,180.0,184.06775297313905
3,3,15,2,clustered,16,random,87,161.0,261.0,245.62534448639352
3,3,15,2,clustered,16,random,88,147.0,199.0,181.3419907449237
3,3,15,2,clustered,16,random,89,161.0,214.0,197.84212253173467
3,3,15,2,clustered,16,random,90,151.0,170.0,172.82818653298034
3,3,15,2,clustered,16,random,91,152.0,229.0,227.39962235229902
3,3,15,2,clustered,16,random,92,161.0,199.0,191.91629972693104
3,3,15,2,clustered,16,random,93,166.0,208.0,244.3847852609265
3,3,15,2,clustered,16,random,94,157.0,209.0,210.61744372549614
3,3,15,2,clustered,16,random,95,118.0,194.0,192.13621286997244
3,3,15,2,clustered,16,random,96,147.0,179.0,198.4624138981081
3,3,15,2,clustered,16,random,97,127.0,176.0,170.7249504102095
3,3,15,2,clustered,16,random,98,151.0,185.0,194.91331076439738
3,3,15,2,clustered,16,random,99,151.0,232.0,236.61021768914438
3,3,15,2,clustered,16,random,100,113.0,141.0,146.25130640818065
3,3,15,2,clustered,16,random,101,156.0,242.0,240.68103343060355
3,3,15,2,clustered,16,random,102,171.0,209.0,202.10980070016666
3,3,15,2,clustered,16,random,103,113.0,175.0,180.47564279038235
3,3,15,2,clustered,16,random,104,171.0,190.0,196.39543946562773
3,3,15,2,clustered,16,random,105,119.0,152.0,164.05677175428752
3,3,15,2,clustered,16,random,106,156.0,190.0,195.46020163569133
3,3,15,2,clustered,16,random,107,132.0,175.0,167.2682979137648
3,3,15,2,clustered,16,random,108,137.0,180.0,179.56199851717537
3,3,15,2,clustered,16,random,109,152.0,237.0,231.5056490092702
3,3,15,2,clustered,16,random,110,152.0,227.0,203.48222721211965
3,3,15,2,clustered,16,random,111,152.0,228.0,226.69715752297344
3,3,15,2,clustered,16,random,112,166.0,208.0,233.74404366243004
3,3,15,2,clustered,16,random,113,132.0,161.0,164.0426646110904
3,3,15,2,clustered,16,random,114,146.0,218.0,212.09979636310052
3,3,15,2,clustered,16,random,115,132.0,166.0,168.04430266950976
3,3,15,2,clustered,16,random,116,121.0,189.0,176.22032774823512
3,3,15,2,clustered,16,random,117,142.0,170.0,175.5347944068365
3,3,15,2,clustered,16,random,118,157.0,209.0,194.11303559862236
3,3,15,2,clustered,16,random,119,157.0,218.0,202.6422052382387
3,3,15,2,clustered,16,random,120,138.0,204.0,196.6072237796505
3,3,15,2,clustered,16,random,121,142.0,228.0,241.05451787120188
3,3,15,2,clustered,16,random,122,137.0,180.0,175.89462826016168
3,3,15,2,clustered,16,random,123,147.0,213.0,202.53301882122284
3,3,15,2,clustered,16,random,124,132.0,156.0,156.66766101647886
3,3,15,2,clustered,16,random,125,118.0,189.0,178.90641714783428
3,3,15,2,clustered,16,random,126,109.0,108.0,133.6632939455105
3,3,15,2,clustered,16,random,127,138.0,166.0,168.3345972807438
3,3,15,2,clustered,16,random,128,157.0,180.0,164.62704034214582
3,3,15,2,clustered,16,random,129,122.0,146.0,147.04694414038008
3,3,15,2,clustered,16,random,130,180.0,227.0,221.44086851111211
3,3,15,2,clustered,16,random,131,114.0,165.0,160.73780714827524
3,3,15,2,clustered,16,random,132,176.0,257.0,240.8143970465708
3,3,15,2,clustered,16,random,133,122.0,156.0,164.10851350495227
3,3,15,2,clustered,16,random,134,128.0,208.0,216.08388179315872
3,3,15,2,clustered,16,random,135,156.0,218.0,221.12230197657286
3,3,15,2,clustered,16,random,136,123.0,175.0,168.29694181560228
3,3,15,2,clustered,16,random,137,157.0,194.0,189.49122886916615
3,3,15,2,clustered,16,random,138,147.0,205.0,206.18394091937765
3,3,15,2,clustered,16,random,139,104.0,118.0,128.4572238212267
3,3,15,2,clustered,16,random,140,152.0,176.0,196.66121690414758
3,3,15,2,clustered,16,random,141,123.0,189.0,175.53418635459857
3,3,15,2,clustered,16,random,142,99.0,127.0,109.96480595662278
3,3,15,2,clustered,16,random,143,146.0,209.0,216.346598306332
3,3,15,2,clustered,16,random,144,124.0,161.0,168.0243503271205
3,3,15,2,clustered,16,random,145,166.0,204.0,202.41858047687018
3,3,15,2,clustered,16,random,146,128.0,146.0,130.75543641867426
3,3,15,2,clustered,16,random,147,171.0,237.0,235.81968973321045
3,3,15,2,clustered,16,random,148,108.0,137.0,133.31753104625201
3,3,15,2,clustered,16,random,149,156.0,213.0,213.7112501153877
3,3,15,2,clustered,16,random,150,132.0,161.0,173.85553731230948
3,3,15,2,clustered,16,random,151,142.0,166.0,157.00087310253826
3,3,15,2,clustered,16,random,152,118.0,137.0,153.38604848423785
3,3,15,2,clustered,16,random,153,132.0,170.0,198.87304037026612
3,3,15,2,clustered,16,random,154,129.0,180.0,192.588029398912
3,3,15,2,clustered,16,random,155,138.0,171.0,183.35197501554939
3,3,15,2,clustered,16,random,156,156.0,217.0,214.188027870566
3,3,15,2,clustered,16,random,157,142.0,180.0,185.89243883749415
3,3,15,2,clustered,16,random,158,133.0,189.0,194.60636843550503
3,3,15,2,clustered,16,random,159,156.0,274.0,258.2314200820133
3,3,15,2,clustered,16,random,160,156.0,219.0,216.70173549978
3,3,15,2,clustered,16,random,161,147.0,228.0,238.15330893298713
3,3,15,2,clustered,16,random,162,157.0,214.0,222.1343284214849
3,3,15,2,clustered,16,random,163,138.0,186.0,185.31427287399953
3,3,15,2,clustered,16,random,164,123.0,175.0,160.0499195806212
3,3,15,2,clustered,16,random,165,128.0,161.0,181.2523567249174
3,3,15,2,clustered,16,random,166,147.0,223.0,224.31793354855614
3,3,15,2,clustered,16,random,167,142.0,213.0,228.1241114263153
3,3,15,2,clustered,16,random,168,152.0,247.0,241.7883935543375
3,3,15,2,clustered,16,random,169,143.0,223.0,215.5377364983328
3,3,15,2,clustered,16,random,170,123.0,179.0,199.9359180673954
3,3,15,2,clustered,16,random,171,147.0,161.0,159.66101602430209
3,3,15,2,clustered,16,random,172,176.0,185.0,198.13928873936078
3,3,15,2,clustered,16,random,173,142.0,169.0,163.71676902334522
3,3,15,2,clustered,16,random,174,104.0,161.0,158.09390728219563
3,3,15,2,clustered,16,random,175,132.0,199.0,197.8204481651365
3,3,15,2,clustered,16,random,176,147.0,213.0,217.73033812765934
3,3,15,2,clustered,16,random,177,118.0,185.0,188.032592279868
3,3,15,2,clustered,16,random,178,152.0,219.0,201.63158661855542
3,3,15,2,clustered,16,random,179,156.0,195.0,196.6602035024231
3,3,15,2,clustered,16,random,180,137.0,208.0,199.86543091637841
3,3,15,2,clustered,16,random,181,128.0,156.0,147.5607252210354
3,3,15,2,clustered,16,random,182,142.0,214.0,210.08397671353677
3,3,15,2,clustered,16,random,183,113.0,156.0,136.37768733521972
3,3,15,2,clustered,16,random,184,180.0,266.0,274.07356002054
3,3,15,2,clustered,16,random,185,118.0,160.0,166.07199388945077
3,3,15,2,clustered,16,random,186,137.0,180.0,179.08053291645135
3,3,15,2,clustered,16,random,187,146.0,180.0,187.968774561815
3,3,15,2,clustered,16,random,188,156.0,237.0,248.8822653183206
3,3,15,2,clustered,16,random,189,157.0,189.0,181.91873421228456
3,3,15,2,clustered,16,random,190,118.0,161.0,162.20766529013162
3,3,15,2,clustered,16,random,191,117.0,151.0,161.632359152389
3,3,15,2,clustered,16,random,192,150.0,223.0,214.86029398816368
3,3,15,2,clustered,16,random,193,123.0,170.0,166.82853693498484
3,3,15,2,clustered,16,random,194,157.0,189.0,187.02197679978778
3,3,15,2,clustered,16,random,195,133.0,175.0,168.5042519924749
3,3,15,2,clustered,16,random,196,118.0,161.0,160.5707479515177
3,3,15,2,clustered,16,random,197,132.0,199.0,185.1736426083134
3,3,15,2,clustered,16,random,198,156.0,237.0,225.7210579692318
3,3,15,2,clustered,16,random,199,142.0,170.0,173.48280232927775
3,3,15,2,clustered,16,HC_HI,0,113.0,175.0,167.52312113727163
3,3,15,2,clustered,16,HC_HI,1,104.0,161.0,170.6034527904324
3,3,15,2,clustered,16,HC_HI,2,157.0,194.0,200.49187999447622
3,3,15,2,clustered,16,HC_HI,3,185.0,213.0,229.21800390016665
3,3,15,2,clustered,16,HC_HI,4,128.0,199.0,196.48897121617668
3,3,15,2,clustered,16,HC_HI,5,118.0,132.0,162.85808193783637
3,3,15,2,clustered,16,HC_HI,6,132.0,170.0,180.4543034685381
3,3,15,2,clustered,16,HC_HI,7,113.0,151.0,167.36554412420597
3,3,15,2,clustered,16,HC_HI,8,119.0,137.0,154.7714389561863
3,3,15,2,clustered,16,HC_HI,9,113.0,166.0,158.52228916695205
3,3,15,2,clustered,16,HC_HI,10,128.0,147.0,156.05236056611224
3,3,15,2,clustered,16,HC_HI,11,137.0,165.0,175.43763079133217
3,3,15,2,clustered,16,HC_HI,12,142.0,185.0,217.38611640961975
3,3,15,2,clustered,16,HC_HI,13,132.0,175.0,179.40291906646803
3,3,15,2,clustered,16,HC_HI,14,133.0,161.0,167.21681583273937
3,3,15,2,clustered,16,HC_HI,15,171.0,276.0,258.29833540922823
3,3,15,2,clustered,16,HC_HI,16,118.0,176.0,182.3871820336322
3,3,15,2,clustered,16,HC_HI,17,147.0,179.0,187.32275383995096
3,3,15,2,clustered,16,HC_HI,18,99.0,137.0,143.21495479022119
3,3,15,2,clustered,16,HC_HI,19,123.0,189.0,176.3859390885375
3,3,15,2,clustered,16,HC_HI,20,104.0,161.0,161.417804920471
3,3,15,2,clustered,16,HC_HI,21,124.0,146.0,156.7929098471115
3,3,15,2,clustered,16,HC_HI,22,128.0,204.0,201.0844741525273
3,3,15,2,clustered,16,HC_HI,23,128.0,175.0,183.7190959167664
3,3,15,2,clustered,16,HC_HI,24,108.0,151.0,152.11844585252078
3,3,15,2,clustered,16,HC_HI,25,117.0,166.0,197.1805125634348
3,3,15,2,clustered,16,HC_HI,26,127.0,176.0,162.46222724801638
3,3,15,2,clustered,16,HC_HI,27,141.0,194.0,200.53841658066375
3,3,15,2,clustered,16,HC_HI,28,127.0,180.0,171.99624108635723
3,3,15,2,clustered,16,HC_HI,29,122.0,200.0,182.99741611578924
3,3,15,2,clustered,16,HC_HI,30,142.0,185.0,216.1045826303197
3,3,15,2,clustered,16,HC_HI,31,132.0,189.0,155.48841475932875
3,3,15,2,clustered,16,HC_HI,32,118.0,151.0,152.25854259991831
3,3,15,2,clustered,16,HC_HI,33,132.0,189.0,173.17642070419706
3,3,15,2,clustered,16,HC_HI,34,128.0,194.0,189.16755687539532
3,3,15,2,clustered,16,HC_HI,35,128.0,179.0,187.93900535566573
3,3,15,2,clustered,16,HC_HI,36,114.0,175.0,165.48827183080465
3,3,15,2,clustered,16,HC_HI,37,137.0,180.0,180.96812456681505
3,3,15,2,clustered,16,HC_HI,38,133.0,152.0,142.21461363032043
3,3,15,2,clustered,16,HC_HI,39,142.0,161.0,156.04661599121553
3,3,15,2,clustered,16,HC_HI,40,123.0,142.0,139.17356441378647
3,3,15,2,clustered,16,HC_HI,41,128.0,176.0,179.53541999775854
3,3,15,2,clustered,16,HC_HI,42,142.0,166.0,175.93503151922386
3,3,15,2,clustered,16,HC_HI,43,133.0,161.0,149.494791684819
3,3,15,2,clustered,16,HC_HI,44,128.0,176.0,183.65846757583193
3,3,15,2,clustered,16,HC_HI,45,123.0,170.0,189.5558983553546
3,3,15,2,clustered,16,HC_HI,46,137.0,189.0,209.3654283804625
3,3,15,2,clustered,16,HC_HI,47,119.0,113.0,132.42901424934135
3,3,15,2,clustered,16,HC_HI,48,114.0,147.0,148.4597877639545
3,3,15,2,clustered,16,HC_HI,49,142.0,161.0,168.0581862857733
3,3,15,2,clustered,16,HC_HI,50,138.0,186.0,180.05779141085782
3,3,15,2,clustered,16,HC_HI,51,128.0,156.0,150.1740397392604
3,3,15,2,clustered,16,HC_HI,52,141.0,194.0,182.38476320795726
3,3,15,2,clustered,16,HC_HI,53,123.0,137.0,142.20544270694415
3,3,15,2,clustered,16,HC_HI,54,132.0,204.0,200.23841411309027
3,3,15,2,clustered,16,HC_HI,55,119.0,113.0,134.50222477743995
3,3,15,2,clustered,16,HC_HI,56,123.0,166.0,160.43808617173968
3,3,15,2,clustered,16,HC_HI,57,146.0,194.0,192.4885697429512
3,3,15,2,clustered,16,HC_HI,58,147.0,180.0,185.90504316407052
3,3,15,2,clustered,16,HC_HI,59,123.0,171.0,146.93707885001652
3,3,15,2,clustered,16,HC_HI,60,123.0,161.0,150.50769236402252
3,3,15,2,clustered,16,HC_HI,61,128.0,171.0,180.90904390438308
3,3,15,2,clustered,16,HC_HI,62,119.0,137.0,141.38030885094292
3,3,15,2,clustered,16,HC_HI,63,123.0,151.0,161.585628534745
3,3,15,2,clustered,16,HC_HI,64,143.0,171.0,159.09868717329826
3,3,15,2,clustered,16,HC_HI,65,119.0,161.0,149.79796123233936
3,3,15,2,clustered,16,HC_HI,66,128.0,156.0,173.73436737689548
3,3,15,2,clustered,16,HC_HI,67,138.0,166.0,160.9281956429226
3,3,15,2,clustered,16,HC_HI,68,128.0,194.0,189.54064950286102
3,3,15,2,clustered,16,HC_HI,69,128.0,184.0,188.04568342377615
3,3,15,2,clustered,16,HC_HI,70,114.0,147.0,150.8403470670672
3,3,15,2,clustered,16,HC_HI,71,128.0,213.0,217.5180434574446
3,3,15,2,clustered,16,HC_HI,72,133.0,213.0,209.58264478740267
3,3,15,2,clustered,16,HC_HI,73,128.0,147.0,161.2957474012415
3,3,15,2,clustered,16,HC_HI,74,133.0,165.0,163.48637593028573
3,3,15,2,clustered,16,HC_HI,75,123.0,171.0,173.7818257512154
3,3,15,2,clustered,16,HC_HI,76,146.0,166.0,165.6930472609447
3,3,15,2,clustered,16,HC_HI,77,113.0,137.0,130.13494157646537
3,3,15,2,clustered,16,HC_HI,78,137.0,208.0,201.99096763967773
3,3,15,2,clustered,16,HC_HI,79,157.0,204.0,214.31698965264994
3,3,15,2,clustered,16,HC_HI,80,128.0,179.0,200.0795285021456
3,3,15,2,clustered,16,HC_HI,81,123.0,142.0,134.4339798993854
3,3,15,2,clustered,16,HC_HI,82,132.0,189.0,166.14938372779446
3,3,15,2,clustered,16,HC_HI,83,146.0,166.0,156.47596292223653
3,3,15,2,clustered,16,HC_HI,84,138.0,166.0,166.59287588394076
3,3,15,2,clustered,16,HC_HI,85,123.0,162.0,171.86499405371524
3,3,15,2,clustered,16,HC_HI,86,190.0,260.0,273.40147277992116
3,3,15,2,clustered,16,HC_HI,87,113.0,137.0,142.18299122808418
3,3,15,2,clustered,16,HC_HI,88,104.0,161.0,162.0633709902336
3,3,15,2,clustered,16,HC_HI,89,119.0,166.0,147.91385732049446
3,3,15,2,clustered,16,HC_HI,90,114.0,143.0,134.83074523379636
3,3,15,2,clustered,16,HC_HI,91,128.0,199.0,194.56182323799516
3,3,15,2,clustered,16,HC_HI,92,123.0,156.0,160.98164420617505
3,3,15,2,clustered,16,HC_HI,93,128.0,171.0,168.51805189808627
3,3,15,2,clustered,16,HC_HI,94,128.0,175.0,172.96212207775503
3,3,15,2,clustered,16,HC_HI,95,114.0,151.0,153.91200565705995
3,3,15,2,clustered,16,HC_HI,96,113.0,137.0,148.11974184477927
3,3,15,2,clustered,16,HC_HI,97,142.0,185.0,185.74670137103666
3,3,15,2,clustered,16,HC_HI,98,138.0,189.0,200.93776078317381
3,3,15,2,clustered,16,HC_HI,99,113.0,137.0,148.6093405827291
3,3,15,2,clustered,16,HC_HI,100,108.0,151.0,151.3104316311234
3,3,15,2,clustered,16,HC_HI,101,133.0,218.0,220.1130869859443
3,3,15,2,clustered,16,HC_HI,102,157.0,228.0,208.54235626074313
3,3,15,2,clustered,16,HC_HI,103,119.0,161.0,161.10022100538498
3,3,15,2,clustered,16,HC_HI,104,133.0,213.0,218.45932846694737
3,3,15,2,clustered,16,HC_HI,105,123.0,152.0,159.2100409999279
3,3,15,2,clustered,16,HC_HI,106,122.0,122.0,131.94526334038608
3,3,15,2,clustered,16,HC_HI,107,124.0,146.0,150.27705886866036
3,3,15,2,clustered,16,HC_HI,108,123.0,137.0,155.24984837941045
3,3,15,2,clustered,16,HC_HI,109,143.0,137.0,160.4880973323117
3,3,15,2,clustered,16,HC_HI,110,133.0,189.0,183.04688556725227
3,3,15,2,clustered,16,HC_HI,111,142.0,180.0,185.29843715426972
3,3,15,2,clustered,16,HC_HI,112,114.0,151.0,169.9947314428993
3,3,15,2,clustered,16,HC_HI,113,151.0,169.0,171.69406848844284
3,3,15,2,clustered,16,HC_HI,114,129.0,176.0,176.34668438031522
3,3,15,2,clustered,16,HC_HI,115,123.0,156.0,158.46299025505851
3,3,15,2,clustered,16,HC_HI,116,109.0,161.0,169.95084437144797
3,3,15,2,clustered,16,HC_HI,117,127.0,127.0,135.68260845027194
3,3,15,2,clustered,16,HC_HI,118,138.0,156.0,189.14425179034478
3,3,15,2,clustered,16,HC_HI,119,133.0,227.0,222.47357806989416
3,3,15,2,clustered,16,HC_HI,120,123.0,137.0,127.18158992189491
3,3,15,2,clustered,16,HC_HI,121,113.0,166.0,164.343586661925
3,3,15,2,clustered,16,HC_HI,122,133.0,162.0,162.9621265529446
3,3,15,2,clustered,16,HC_HI,123,104.0,161.0,157.04187538057468
3,3,15,2,clustered,16,HC_HI,124,137.0,190.0,179.47292388407072
3,3,15,2,clustered,16,HC_HI,125,127.0,180.0,180.13627640656156
3,3,15,2,clustered,16,HC_HI,126,123.0,166.0,154.6284384735827
3,3,15,2,clustered,16,HC_HI,127,195.0,214.0,219.71294112336233
3,3,15,2,clustered,16,HC_HI,128,114.0,147.0,154.46359844863082
3,3,15,2,clustered,16,HC_HI,129,132.0,204.0,202.18110826902029
3,3,15,2,clustered,16,HC_HI,130,123.0,156.0,145.4642798874622
3,3,15,2,clustered,16,HC_HI,131,110.0,123.0,115.88502171144805
3,3,15,2,clustered,16,HC_HI,132,123.0,189.0,196.07181676846392
3,3,15,2,clustered,16,HC_HI,133,132.0,189.0,197.8259929367818
3,3,15,2,clustered,16,HC_HI,134,181.0,257.0,252.9577709785693
3,3,15,2,clustered,16,HC_HI,135,142.0,170.0,190.57981301650534
3,3,15,2,clustered,16,HC_HI,136,151.0,169.0,161.03085962497977
3,3,15,2,clustered,16,HC_HI,137,132.0,189.0,167.7273272152154
3,3,15,2,clustered,16,HC_HI,138,123.0,171.0,171.55901783772157
3,3,15,2,clustered,16,HC_HI,139,124.0,142.0,139.945714238942
3,3,15,2,clustered,16,HC_HI,140,123.0,156.0,158.49480974149324
3,3,15,2,clustered,16,HC_HI,141,123.0,162.0,157.08527299732154
3,3,15,2,clustered,16,HC_HI,142,143.0,171.0,152.0447842939772
3,3,15,2,clustered,16,HC_HI,143,137.0,161.0,166.2648581974836
3,3,15,2,clustered,16,HC_HI,144,142.0,204.0,209.98667727870003
3,3,15,2,clustered,16,HC_HI,145,113.0,137.0,134.00727953566948
3,3,15,2,clustered,16,HC_HI,146,109.0,161.0,156.85490083671917
3,3,15,2,clustered,16,HC_HI,147,104.0,138.0,139.69519916926313
3,3,15,2,clustered,16,HC_HI,148,142.0,204.0,198.5354183261803
3,3,15,2,clustered,16,HC_HI,149,128.0,147.0,147.4746607615685
3,3,15,2,clustered,16,HC_HI,150,147.0,219.0,219.68169700698974
3,3,15,2,clustered,16,HC_HI,151,122.0,200.0,191.8435282333734
3,3,15,2,clustered,16,HC_HI,152,142.0,185.0,198.68011068729825
3,3,15,2,clustered,16,HC_HI,153,119.0,113.0,113.99188795986352
3,3,15,2,clustered,16,HC_HI,154,137.0,161.0,173.29748031142418
3,3,15,2,clustered,16,HC_HI,155,114.0,175.0,184.23102890771955
3,3,15,2,clustered,16,HC_HI,156,138.0,166.0,159.355631938598
3,3,15,2,clustered,16,HC_HI,157,133.0,195.0,188.8671390438255
3,3,15,2,clustered,16,HC_HI,158,119.0,166.0,164.19580212447528
3,3,15,2,clustered,16,HC_HI,159,142.0,179.0,167.39525855571324
3,3,15,2,clustered,16,HC_HI,160,132.0,189.0,178.02154546476513
3,3,15,2,clustered,16,HC_HI,161,118.0,132.0,175.75015541533895
3,3,15,2,clustered,16,HC_HI,162,114.0,147.0,156.23161445284703
3,3,15,2,clustered,16,HC_HI,163,123.0,170.0,164.11920687786406
3,3,15,2,clustered,16,HC_HI,164,123.0,171.0,169.68765229834963
3,3,15,2,clustered,16,HC_HI,165,123.0,141.0,154.74645319708722
3,3,15,2,clustered,16,HC_HI,166,142.0,185.0,164.02966964590723
3,3,15,2,clustered,16,HC_HI,167,129.0,199.0,197.04215399097941
3,3,15,2,clustered,16,HC_HI,168,114.0,147.0,151.23499388530345
3,3,15,2,clustered,16,HC_HI,169,124.0,175.0,175.27940655152534
3,3,15,2,clustered,16,HC_HI,170,123.0,166.0,172.20143541998203
3,3,15,2,clustered,16,HC_HI,171,127.0,176.0,165.76310460691863
3,3,15,2,clustered,16,HC_HI,172,99.0,142.0,155.14267044491092
3,3,15,2,clustered,16,HC_HI,173,129.0,199.0,188.75721918610515
3,3,15,2,clustered,16,HC_HI,174,114.0,143.0,145.3957436101335
3,3,15,2,clustered,16,HC_HI,175,157.0,194.0,195.78845845639822
3,3,15,2,clustered,16,HC_HI,176,118.0,146.0,147.06386198685473
3,3,15,2,clustered,16,HC_HI,177,128.0,170.0,172.95142993281723
3,3,15,2,clustered,16,HC_HI,178,142.0,170.0,173.6493661183837
3,3,15,2,clustered,16,HC_HI,179,123.0,171.0,157.6062755915853
3,3,15,2,clustered,16,HC_HI,180,137.0,190.0,192.23598963445386
3,3,15,2,clustered,16,HC_HI,181,114.0,175.0,177.17034855680126
3,3,15,2,clustered,16,HC_HI,182,133.0,195.0,187.74106341806575
3,3,15,2,clustered,16,HC_HI,183,108.0,146.0,128.09625266292574
3,3,15,2,clustered,16,HC_HI,184,181.0,257.0,224.29979558386796
3,3,15,2,clustered,16,HC_HI,185,128.0,175.0,194.43825899579613
3,3,15,2,clustered,16,HC_HI,186,118.0,171.0,164.15362685117103
3,3,15,2,clustered,16,HC_HI,187,113.0,166.0,166.97519915317173
3,3,15,2,clustered,16,HC_HI,188,147.0,165.0,148.75570032946422
3,3,15,2,clustered,16,HC_HI,189,190.0,260.0,268.47114130991116
3,3,15,2,clustered,16,HC_HI,190,123.0,137.0,155.65566179898954
3,3,15,2,clustered,16,HC_HI,191,124.0,146.0,151.2192351011871
3,3,15,2,clustered,16,HC_HI,192,167.0,204.0,204.21721251200736
3,3,15,2,clustered,16,HC_HI,193,95.0,119.0,125.04305499520835
3,3,15,2,clustered,16,HC_HI,194,123.0,189.0,182.3787137066571
3,3,15,2,clustered,16,HC_HI,195,109.0,152.0,143.9230627935258
3,3,15,2,clustered,16,HC_HI,196,128.0,176.0,174.25151414120322
3,3,15,2,clustered,16,HC_HI,197,132.0,175.0,169.2386027521018
3,3,15,2,clustered,16,HC_HI,198,147.0,199.0,180.38507939048225
3,3,15,2,clustered,16,HC_HI,199,128.0,194.0,203.39599792845192
3,3,15,2,clustered,16,HC_LI,0,133.0,199.0,190.5312491234164
3,3,15,2,clustered,16,HC_LI,1,147.0,256.0,245.88326232976462
3,3,15,2,clustered,16,HC_LI,2,143.0,171.0,172.0520591953194
3,3,15,2,clustered,16,HC_LI,3,166.0,228.0,194.79976577359614
3,3,15,2,clustered,16,HC_LI,4,148.0,213.0,222.13579341559432
3,3,15,2,clustered,16,HC_LI,5,152.0,204.0,208.9104954722808
3,3,15,2,clustered,16,HC_LI,6,143.0,189.0,177.78478312266483
3,3,15,2,clustered,16,HC_LI,7,166.0,209.0,207.84232318813687
3,3,15,2,clustered,16,HC_LI,8,146.0,205.0,199.96757738853137
3,3,15,2,clustered,16,HC_LI,9,147.0,227.0,215.9488241673799
3,3,15,2,clustered,16,HC_LI,10,171.0,247.0,248.56304332338922
3,3,15,2,clustered,16,HC_LI,11,161.0,227.0,240.29517847697375
3,3,15,2,clustered,16,HC_LI,12,117.0,189.0,191.26013664466697
3,3,15,2,clustered,16,HC_LI,13,156.0,213.0,213.59334147673826
3,3,15,2,clustered,16,HC_LI,14,147.0,226.0,223.77043955746078
3,3,15,2,clustered,16,HC_LI,15,161.0,237.0,241.23840046160294
3,3,15,2,clustered,16,HC_LI,16,137.0,218.0,225.33688772970802
3,3,15,2,clustered,16,HC_LI,17,166.0,276.0,268.5385959189871
3,3,15,2,clustered,16,HC_LI,18,161.0,185.0,172.63024330875032
3,3,15,2,clustered,16,HC_LI,19,156.0,176.0,167.30457841822763
3,3,15,2,clustered,16,HC_LI,20,133.0,161.0,156.8073320970959
3,3,15,2,clustered,16,HC_LI,21,148.0,160.0,183.17674829167342
3,3,15,2,clustered,16,HC_LI,22,142.0,252.0,254.10731901050414
3,3,15,2,clustered,16,HC_LI,23,138.0,162.0,165.76183206403667
3,3,15,2,clustered,16,HC_LI,24,133.0,152.0,146.0198572737079
3,3,15,2,clustered,16,HC_LI,25,142.0,161.0,153.8373513888612
3,3,15,2,clustered,16,HC_LI,26,165.0,223.0,223.68786545470726
3,3,15,2,clustered,16,HC_LI,27,133.0,247.0,243.34388524060168
3,3,15,2,clustered,16,HC_LI,28,147.0,194.0,211.4395518823014
3,3,15,2,clustered,16,HC_LI,29,150.0,185.0,176.8147222982371
3,3,15,2,clustered,16,HC_LI,30,139.0,219.0,223.64042426729006
3,3,15,2,clustered,16,HC_LI,31,161.0,237.0,223.74420118505208
3,3,15,2,clustered,16,HC_LI,32,146.0,204.0,204.08962234656104
3,3,15,2,clustered,16,HC_LI,33,152.0,194.0,167.50160857278115
3,3,15,2,clustered,16,HC_LI,34,161.0,185.0,176.39238285361364
3,3,15,2,clustered,16,HC_LI,35,166.0,208.0,220.3023323248627
3,3,15,2,clustered,16,HC_LI,36,161.0,227.0,215.4523824945587
3,3,15,2,clustered,16,HC_LI,37,152.0,213.0,223.89347548205538
3,3,15,2,clustered,16,HC_LI,38,156.0,190.0,186.799234064507
3,3,15,2,clustered,16,HC_LI,39,147.0,203.0,207.1030530926607
3,3,15,2,clustered,16,HC_LI,40,156.0,185.0,189.57221172476304
3,3,15,2,clustered,16,HC_LI,41,137.0,185.0,200.9280155871989
3,3,15,2,clustered,16,HC_LI,42,146.0,190.0,182.36313373319078
3,3,15,2,clustered,16,HC_LI,43,147.0,218.0,212.4378085722559
3,3,15,2,clustered,16,HC_LI,44,142.0,195.0,195.47085840695462
3,3,15,2,clustered,16,HC_LI,45,167.0,180.0,204.74774375704965
3,3,15,2,clustered,16,HC_LI,46,137.0,171.0,177.597244546911
3,3,15,2,clustered,16,HC_LI,47,137.0,175.0,197.38600066891337
3,3,15,2,clustered,16,HC_LI,48,152.0,223.0,223.35739054277465
3,3,15,2,clustered,16,HC_LI,49,166.0,218.0,220.11362833544698
3,3,15,2,clustered,16,HC_LI,50,171.0,223.0,226.68226760729513
3,3,15,2,clustered,16,HC_LI,51,157.0,209.0,184.89612089392065
3,3,15,2,clustered,16,HC_LI,52,147.0,185.0,169.11833062425512
3,3,15,2,clustered,16,HC_LI,53,147.0,166.0,168.21492043166398
3,3,15,2,clustered,16,HC_LI,54,147.0,166.0,165.148164770184
3,3,15,2,clustered,16,HC_LI,55,157.0,190.0,190.03291983806858
3,3,15,2,clustered,16,HC_LI,56,148.0,223.0,212.94332501648378
3,3,15,2,clustered,16,HC_LI,57,167.0,228.0,218.76513367251997
3,3,15,2,clustered,16,HC_LI,58,128.0,199.0,189.37352978981107
3,3,15,2,clustered,16,HC_LI,59,162.0,224.0,187.17903531603056
3,3,15,2,clustered,16,HC_LI,60,138.0,184.0,185.13982291952573
3,3,15,2,clustered,16,HC_LI,61,147.0,218.0,223.22042864401195
3,3,15,2,clustered,16,HC_LI,62,142.0,252.0,271.1900349325792
3,3,15,2,clustered,16,HC_LI,63,137.0,166.0,170.08128691737716
3,3,15,2,clustered,16,HC_LI,64,147.0,180.0,191.66959410032376
3,3,15,2,clustered,16,HC_LI,65,152.0,180.0,170.60222439355783
3,3,15,2,clustered,16,HC_LI,66,138.0,184.0,178.77589172967402
3,3,15,2,clustered,16,HC_LI,67,147.0,223.0,224.7752976791601
3,3,15,2,clustered,16,HC_LI,68,138.0,157.0,158.8122683531214
3,3,15,2,clustered,16,HC_LI,69,142.0,252.0,236.64850364265368
3,3,15,2,clustered,16,HC_LI,70,150.0,185.0,192.96742280783803
3,3,15,2,clustered,16,HC_LI,71,148.0,194.0,195.99982781144902
3,3,15,2,clustered,16,HC_LI,72,161.0,203.0,211.71627225149817
3,3,15,2,clustered,16,HC_LI,73,162.0,227.0,234.91264350668786
3,3,15,2,clustered,16,HC_LI,74,128.0,199.0,195.17344033029156
3,3,15,2,clustered,16,HC_LI,75,147.0,223.0,238.51490777066059
3,3,15,2,clustered,16,HC_LI,76,157.0,238.0,236.97389342628443
3,3,15,2,clustered,16,HC_LI,77,157.0,208.0,206.99878647693933
3,3,15,2,clustered,16,HC_LI,78,157.0,175.0,190.09577209393862
3,3,15,2,clustered,16,HC_LI,79,142.0,242.0,235.3628403470605
3,3,15,2,clustered,16,HC_LI,80,147.0,208.0,209.8001039029869
3,3,15,2,clustered,16,HC_LI,81,151.0,213.0,222.51670573909465
3,3,15,2,clustered,16,HC_LI,82,153.0,190.0,190.60243232527148
3,3,15,2,clustered,16,HC_LI,83,142.0,209.0,200.26648182805434
3,3,15,2,clustered,16,HC_LI,84,138.0,189.0,197.7009677220594
3,3,15,2,clustered,16,HC_LI,85,152.0,194.0,195.8734494434618
3,3,15,2,clustered,16,HC_LI,86,166.0,231.0,226.7164830416128
3,3,15,2,clustered,16,HC_LI,87,157.0,199.0,195.7684866946378
3,3,15,2,clustered,16,HC_LI,88,162.0,224.0,224.79490387531163
3,3,15,2,clustered,16,HC_LI,89,147.0,223.0,195.53651050483916
3,3,15,2,clustered,16,HC_LI,90,147.0,180.0,199.18313246821077
3,3,15,2,clustered,16,HC_LI,91,147.0,199.0,201.87993172949243
3,3,15,2,clustered,16,HC_LI,92,156.0,176.0,176.4317471048283
3,3,15,2,clustered,16,HC_LI,93,133.0,185.0,194.37297286126062
3,3,15,2,clustered,16,HC_LI,94,147.0,223.0,221.44464592201845
3,3,15,2,clustered,16,HC_LI,95,185.0,218.0,217.70218102530245
3,3,15,2,clustered,16,HC_LI,96,157.0,199.0,190.91283938164943
3,3,15,2,clustered,16,HC_LI,97,166.0,231.0,234.98055321373243
3,3,15,2,clustered,16,HC_LI,98,133.0,161.0,170.57969094003278
3,3,15,2,clustered,16,HC_LI,99,137.0,218.0,225.1808247506904
3,3,15,2,clustered,16,HC_LI,100,147.0,218.0,201.71589177828645
3,3,15,2,clustered,16,HC_LI,101,156.0,214.0,210.5563288024253
3,3,15,2,clustered,16,HC_LI,102,133.0,247.0,238.19033023959867
3,3,15,2,clustered,16,HC_LI,103,157.0,232.0,241.35389454405265
3,3,15,2,clustered,16,HC_LI,104,117.0,189.0,191.84290843418154
3,3,15,2,clustered,16,HC_LI,105,157.0,232.0,243.43145910218078
3,3,15,2,clustered,16,HC_LI,106,152.0,180.0,180.51549333503814
3,3,15,2,clustered,16,HC_LI,107,152.0,228.0,229.30591420749187
3,3,15,2,clustered,16,HC_LI,108,157.0,199.0,175.41138807545707
3,3,15,2,clustered,16,HC_LI,109,152.0,223.0,226.841541952687
3,3,15,2,clustered,16,HC_LI,110,137.0,166.0,169.30792758135271
3,3,15,2,clustered,16,HC_LI,111,133.0,247.0,244.15770371068774
3,3,15,2,clustered,16,HC_LI,112,147.0,227.0,205.18572296996015
3,3,15,2,clustered,16,HC_LI,113,137.0,218.0,218.02486049037498
3,3,15,2,clustered,16,HC_LI,114,167.0,189.0,182.0864896408336
3,3,15,2,clustered,16,HC_LI,115,152.0,175.0,181.38186209514677
3,3,15,2,clustered,16,HC_LI,116,148.0,204.0,204.16069760283742
3,3,15,2,clustered,16,HC_LI,117,152.0,204.0,194.20672099930434
3,3,15,2,clustered,16,HC_LI,118,137.0,194.0,195.92116864523808
3,3,15,2,clustered,16,HC_LI,119,161.0,203.0,191.85930853711122
3,3,15,2,clustered,16,HC_LI,120,128.0,180.0,167.54123135988152
3,3,15,2,clustered,16,HC_LI,121,142.0,180.0,170.00289914649224
3,3,15,2,clustered,16,HC_LI,122,161.0,214.0,243.9463356548149
3,3,15,2,clustered,16,HC_LI,123,148.0,213.0,226.90685047691568
3,3,15,2,clustered,16,HC_LI,124,171.0,208.0,220.4344616267111
3,3,15,2,clustered,16,HC_LI,125,153.0,199.0,194.80730465891483
3,3,15,2,clustered,16,HC_LI,126,147.0,199.0,189.54336664576297
3,3,15,2,clustered,16,HC_LI,127,166.0,228.0,186.71452240301866
3,3,15,2,clustered,16,HC_LI,128,142.0,161.0,165.87830895424142
3,3,15,2,clustered,16,HC_LI,129,142.0,252.0,234.77380723015096
3,3,15,2,clustered,16,HC_LI,130,161.0,223.0,206.57476811117976
3,3,15,2,clustered,16,HC_LI,131,166.0,209.0,209.9885529951443
3,3,15,2,clustered,16,HC_LI,132,153.0,190.0,169.94941468059756
3,3,15,2,clustered,16,HC_LI,133,146.0,205.0,222.0257265833546
3,3,15,2,clustered,16,HC_LI,134,142.0,209.0,225.46711069182697
3,3,15,2,clustered,16,HC_LI,135,151.0,180.0,183.50047737044883
3,3,15,2,clustered,16,HC_LI,136,157.0,190.0,181.450025900096
3,3,15,2,clustered,16,HC_LI,137,147.0,190.0,188.20504544047344
3,3,15,2,clustered,16,HC_LI,138,151.0,185.0,183.89094785790618
3,3,15,2,clustered,16,HC_LI,139,147.0,180.0,212.7947928244131
3,3,15,2,clustered,16,HC_LI,140,147.0,180.0,206.83684456678677
3,3,15,2,clustered,16,HC_LI,141,166.0,231.0,245.85527212870937
3,3,15,2,clustered,16,HC_LI,142,148.0,213.0,209.0333931660041
3,3,15,2,clustered,16,HC_LI,143,166.0,209.0,217.72632504192532
3,3,15,2,clustered,16,HC_LI,144,142.0,227.0,222.09010771418647
3,3,15,2,clustered,16,HC_LI,145,166.0,218.0,214.73492774102704
3,3,15,2,clustered,16,HC_LI,146,148.0,213.0,202.5935278669832
3,3,15,2,clustered,16,HC_LI,147,157.0,223.0,222.70058554423593
3,3,15,2,clustered,16,HC_LI,148,166.0,209.0,204.3523489904652
3,3,15,2,clustered,16,HC_LI,149,162.0,181.0,178.94733349894227
3,3,15,2,clustered,16,HC_LI,150,167.0,228.0,216.27559005284746
3,3,15,2,clustered,16,HC_LI,151,147.0,218.0,210.59935972041404
3,3,15,2,clustered,16,HC_LI,152,151.0,180.0,192.46906720653843
3,3,15,2,clustered,16,HC_LI,153,152.0,218.0,214.55878353737913
3,3,15,2,clustered,16,HC_LI,154,161.0,237.0,252.97366420745695
3,3,15,2,clustered,16,HC_LI,155,152.0,185.0,196.39635717492294
3,3,15,2,clustered,16,HC_LI,156,132.0,180.0,197.53249430363806
3,3,15,2,clustered,16,HC_LI,157,157.0,238.0,228.0593357540631
3,3,15,2,clustered,16,HC_LI,158,152.0,185.0,187.003577635626
3,3,15,2,clustered,16,HC_LI,159,148.0,160.0,175.6575292445206
3,3,15,2,clustered,16,HC_LI,160,146.0,205.0,197.652767860388
3,3,15,2,clustered,16,HC_LI,161,142.0,176.0,182.5042106475637
3,3,15,2,clustered,16,HC_LI,162,171.0,218.0,186.8139840027029
3,3,15,2,clustered,16,HC_LI,163,123.0,156.0,154.7657250484651
3,3,15,2,clustered,16,HC_LI,164,152.0,175.0,169.4411486979144
3,3,15,2,clustered,16,HC_LI,165,133.0,185.0,189.2696903537291
3,3,15,2,clustered,16,HC_LI,166,141.0,217.0,217.06034361032556
3,3,15,2,clustered,16,HC_LI,167,152.0,194.0,200.5666699366332
3,3,15,2,clustered,16,HC_LI,168,157.0,223.0,222.85919235193666
3,3,15,2,clustered,16,HC_LI,169,143.0,223.0,215.5377364983328
3,3,15,2,clustered,16,HC_LI,170,162.0,242.0,243.6935968148681
3,3,15,2,clustered,16,HC_LI,171,142.0,227.0,222.30500676498883
3,3,15,2,clustered,16,HC_LI,172,161.0,190.0,202.4587805260453
3,3,15,2,clustered,16,HC_LI,173,152.0,204.0,203.1234335382779
3,3,15,2,clustered,16,HC_LI,174,137.0,166.0,162.29417013798562
3,3,15,2,clustered,16,HC_LI,175,161.0,223.0,177.62418648333266
3,3,15,2,clustered,16,HC_LI,176,147.0,226.0,217.4983023932899
3,3,15,2,clustered,16,HC_LI,177,162.0,204.0,213.6397741357333
3,3,15,2,clustered,16,HC_LI,178,142.0,214.0,210.79631933845275
3,3,15,2,clustered,16,HC_LI,179,128.0,180.0,178.96053166422573
3,3,15,2,clustered,16,HC_LI,180,153.0,199.0,204.62982396913097
3,3,15,2,clustered,16,HC_LI,181,156.0,199.0,211.09753405360124
3,3,15,2,clustered,16,HC_LI,182,161.0,228.0,213.05046424143706
3,3,15,2,clustered,16,HC_LI,183,167.0,228.0,212.6932514421309
3,3,15,2,clustered,16,HC_LI,184,177.0,252.0,249.11788921069393
3,3,15,2,clustered,16,HC_LI,185,171.0,218.0,217.12078866481542
3,3,15,2,clustered,16,HC_LI,186,152.0,185.0,180.99813570986328
3,3,15,2,clustered,16,HC_LI,187,161.0,227.0,226.32229905895198
3,3,15,2,clustered,16,HC_LI,188,138.0,185.0,190.4489317051604
3,3,15,2,clustered,16,HC_LI,189,148.0,190.0,177.10969636115897
3,3,15,2,clustered,16,HC_LI,190,151.0,185.0,162.51865218022203
3,3,15,2,clustered,16,HC_LI,191,148.0,190.0,196.57862306856688
3,3,15,2,clustered,16,HC_LI,192,162.0,204.0,201.89285457606493
3,3,15,2,clustered,16,HC_LI,193,139.0,219.0,221.3780003344494
3,3,15,2,clustered,16,HC_LI,194,143.0,247.0,249.67916373741448
3,3,15,2,clustered,16,HC_LI,195,133.0,199.0,209.31062876887594
3,3,15,2,clustered,16,HC_LI,196,166.0,190.0,199.5399713893462
3,3,15,2,clustered,16,HC_LI,197,138.0,214.0,203.15696801969693
3,3,15,2,clustered,16,HC_LI,198,141.0,170.0,165.9976953986567
3,3,15,2,clustered,16,HC_LI,199,152.0,247.0,253.2588838818581
3,3,15,2,clustered,16,LC_HI,0,118.0,137.0,150.98187561022573
3,3,15,2,clustered,16,LC_HI,1,123.0,179.0,190.42081557293957
3,3,15,2,clustered,16,LC_HI,2,108.0,141.0,151.08008480528702
3,3,15,2,clustered,16,LC_HI,3,123.0,127.0,124.81883193995299
3,3,15,2,clustered,16,LC_HI,4,142.0,180.0,187.989925127136
3,3,15,2,clustered,16,LC_HI,5,129.0,180.0,191.35242162821413
3,3,15,2,clustered,16,LC_HI,6,129.0,170.0,165.80721563118763
3,3,15,2,clustered,16,LC_HI,7,123.0,194.0,193.66192778480394
3,3,15,2,clustered,16,LC_HI,8,190.0,242.0,241.85303098703844
3,3,15,2,clustered,16,LC_HI,9,119.0,147.0,143.85813474846879
3,3,15,2,clustered,16,LC_HI,10,104.0,146.0,154.62142315600715
3,3,15,2,clustered,16,LC_HI,11,108.0,141.0,140.25397408494374
3,3,15,2,clustered,16,LC_HI,12,165.0,228.0,249.46212297743193
3,3,15,2,clustered,16,LC_HI,13,113.0,175.0,174.82452475892816
3,3,15,2,clustered,16,LC_HI,14,123.0,142.0,143.8329929244071
3,3,15,2,clustered,16,LC_HI,15,108.0,137.0,132.54054751080164
3,3,15,2,clustered,16,LC_HI,16,171.0,228.0,230.7885061951501
3,3,15,2,clustered,16,LC_HI,17,114.0,146.0,157.3306414578233
3,3,15,2,clustered,16,LC_HI,18,119.0,156.0,143.16401585637857
3,3,15,2,clustered,16,LC_HI,19,137.0,199.0,198.5292310293121
3,3,15,2,clustered,16,LC_HI,20,162.0,228.0,229.2790989875785
3,3,15,2,clustered,16,LC_HI,21,123.0,156.0,153.8772753943876
3,3,15,2,clustered,16,LC_HI,22,132.0,184.0,174.39243476233725
3,3,15,2,clustered,16,LC_HI,23,108.0,171.0,173.16425213652738
3,3,15,2,clustered,16,LC_HI,24,180.0,218.0,222.18048668169885
3,3,15,2,clustered,16,LC_HI,25,171.0,223.0,236.0578805951569
3,3,15,2,clustered,16,LC_HI,26,175.0,228.0,231.37998684820033
3,3,15,2,clustered,16,LC_HI,27,103.0,108.0,117.79649342216032
3,3,15,2,clustered,16,LC_HI,28,104.0,151.0,148.2110144921821
3,3,15,2,clustered,16,LC_HI,29,166.0,214.0,214.7048844890779
3,3,15,2,clustered,16,LC_HI,30,123.0,189.0,181.67317095054676
3,3,15,2,clustered,16,LC_HI,31,123.0,151.0,140.0581272655085
3,3,15,2,clustered,16,LC_HI,32,186.0,223.0,214.71855948983682
3,3,15,2,clustered,16,LC_HI,33,161.0,204.0,198.8277768192306
3,3,15,2,clustered,16,LC_HI,34,123.0,156.0,162.1523646699674
3,3,15,2,clustered,16,LC_HI,35,118.0,141.0,143.1153758798858
3,3,15,2,clustered,16,LC_HI,36,122.0,151.0,148.12011861917972
3,3,15,2,clustered,16,LC_HI,37,167.0,247.0,220.79401858852898
3,3,15,2,clustered,16,LC_HI,38,127.0,180.0,176.75717076965543
3,3,15,2,clustered,16,LC_HI,39,109.0,151.0,136.9550088428181
3,3,15,2,clustered,16,LC_HI,40,122.0,189.0,164.30061786656773
3,3,15,2,clustered,16,LC_HI,41,132.0,142.0,144.8468988777573
3,3,15,2,clustered,16,LC_HI,42,161.0,181.0,190.8685813289096
3,3,15,2,clustered,16,LC_HI,43,146.0,184.0,202.20138794583394
3,3,15,2,clustered,16,LC_HI,44,118.0,194.0,180.52107513804424
3,3,15,2,clustered,16,LC_HI,45,123.0,180.0,192.1782669040198
3,3,15,2,clustered,16,LC_HI,46,118.0,151.0,157.8490242780164
3,3,15,2,clustered,16,LC_HI,47,122.0,151.0,151.82151925665443
3,3,15,2,clustered,16,LC_HI,48,108.0,142.0,145.46891300214781
3,3,15,2,clustered,16,LC_HI,49,119.0,165.0,163.51446330033264
3,3,15,2,clustered,16,LC_HI,50,132.0,170.0,155.47213814054896
3,3,15,2,clustered,16,LC_HI,51,99.0,122.0,110.81484141720306
3,3,15,2,clustered,16,LC_HI,52,195.0,219.0,209.16749345436463
3,3,15,2,clustered,16,LC_HI,53,123.0,170.0,172.29327898583963
3,3,15,2,clustered,16,LC_HI,54,99.0,122.0,127.98401893591925
3,3,15,2,clustered,16,LC_HI,55,109.0,156.0,155.0683733139544
3,3,15,2,clustered,16,LC_HI,56,132.0,161.0,157.0987419977789
3,3,15,2,clustered,16,LC_HI,57,94.0,166.0,141.39811119627785
3,3,15,2,clustered,16,LC_HI,58,181.0,204.0,202.57724974065133
3,3,15,2,clustered,16,LC_HI,59,123.0,180.0,165.14163889388485
3,3,15,2,clustered,16,LC_HI,60,171.0,238.0,235.55899733433327
3,3,15,2,clustered,16,LC_HI,61,94.0,103.0,108.45748099904746
3,3,15,2,clustered,16,LC_HI,62,122.0,151.0,155.82081681830687
3,3,15,2,clustered,16,LC_HI,63,128.0,165.0,184.99252345890005
3,3,15,2,clustered,16,LC_HI,64,113.0,175.0,169.45966885443886
3,3,15,2,clustered,16,LC_HI,65,107.0,165.0,143.45114458359183
3,3,15,2,clustered,16,LC_HI,66,119.0,175.0,182.12241506140427
3,3,15,2,clustered,16,LC_HI,67,127.0,151.0,177.0802649233218
3,3,15,2,clustered,16,LC_HI,68,123.0,166.0,164.1878099470084
3,3,15,2,clustered,16,LC_HI,69,119.0,147.0,149.29423960641736
3,3,15,2,clustered,16,LC_HI,70,113.0,156.0,143.30596647642915
3,3,15,2,clustered,16,LC_HI,71,128.0,189.0,186.17825023337537
3,3,15,2,clustered,16,LC_HI,72,108.0,171.0,170.31055815331305
3,3,15,2,clustered,16,LC_HI,73,108.0,122.0,125.73686416789893
3,3,15,2,clustered,16,LC_HI,74,113.0,156.0,154.38262474739105
3,3,15,2,clustered,16,LC_HI,75,113.0,151.0,163.5340322989187
3,3,15,2,clustered,16,LC_HI,76,152.0,190.0,180.17006377704493
3,3,15,2,clustered,16,LC_HI,77,94.0,146.0,149.5481750855976
3,3,15,2,clustered,16,LC_HI,78,117.0,103.0,119.58320229167921
3,3,15,2,clustered,16,LC_HI,79,128.0,156.0,158.19219149909185
3,3,15,2,clustered,16,LC_HI,80,129.0,180.0,179.0342458751793
3,3,15,2,clustered,16,LC_HI,81,119.0,147.0,142.11510113794623
3,3,15,2,clustered,16,LC_HI,82,137.0,175.0,161.11267556258684
3,3,15,2,clustered,16,LC_HI,83,118.0,180.0,180.33007132879595
3,3,15,2,clustered,16,LC_HI,84,114.0,146.0,144.87867718658634
3,3,15,2,clustered,16,LC_HI,85,128.0,170.0,167.36543350867706
3,3,15,2,clustered,16,LC_HI,86,85.0,123.0,119.18970426099303
3,3,15,2,clustered,16,LC_HI,87,105.0,128.0,120.5028505141538
3,3,15,2,clustered,16,LC_HI,88,124.0,142.0,144.87435131871834
3,3,15,2,clustered,16,LC_HI,89,142.0,208.0,199.72137743487207
3,3,15,2,clustered,16,LC_HI,90,142.0,228.0,209.60777042468004
3,3,15,2,clustered,16,LC_HI,91,127.0,146.0,155.25403606004045
3,3,15,2,clustered,16,LC_HI,92,108.0,161.0,156.3835270849892
3,3,15,2,clustered,16,LC_HI,93,123.0,142.0,149.58377410622478
3,3,15,2,clustered,16,LC_HI,94,108.0,157.0,153.41974967268416
3,3,15,2,clustered,16,LC_HI,95,119.0,165.0,165.4477222196299
3,3,15,2,clustered,16,LC_HI,96,171.0,228.0,243.1092693533775
3,3,15,2,clustered,16,LC_HI,97,99.0,118.0,114.65165003242686
3,3,15,2,clustered,16,LC_HI,98,112.0,131.0,149.92757339212835
3,3,15,2,clustered,16,LC_HI,99,123.0,171.0,173.03832180515246
3,3,15,2,clustered,16,LC_HI,100,108.0,137.0,134.56745338032565
3,3,15,2,clustered,16,LC_HI,101,137.0,179.0,186.24342205605984
3,3,15,2,clustered,16,LC_HI,102,161.0,223.0,224.12370494513914
3,3,15,2,clustered,16,LC_HI,103,123.0,170.0,170.50191260540595
3,3,15,2,clustered,16,LC_HI,104,80.0,112.0,125.46231993654278
3,3,15,2,clustered,16,LC_HI,105,122.0,161.0,176.5244345092324
3,3,15,2,clustered,16,LC_HI,106,123.0,151.0,150.13127391807575
3,3,15,2,clustered,16,LC_HI,107,109.0,142.0,150.330976243164
3,3,15,2,clustered,16,LC_HI,108,136.0,175.0,175.13302559377823
3,3,15,2,clustered,16,LC_HI,109,118.0,160.0,167.15154689809327
3,3,15,2,clustered,16,LC_HI,110,122.0,170.0,177.43606533214376
3,3,15,2,clustered,16,LC_HI,111,109.0,175.0,160.58717072280763
3,3,15,2,clustered,16,LC_HI,112,122.0,151.0,138.4185964458943
3,3,15,2,clustered,16,LC_HI,113,94.0,166.0,166.10788380527399
3,3,15,2,clustered,16,LC_HI,114,165.0,256.0,242.27800001839677
3,3,15,2,clustered,16,LC_HI,115,109.0,156.0,159.55409825970438
3,3,15,2,clustered,16,LC_HI,116,132.0,146.0,166.35762934853472
3,3,15,2,clustered,16,LC_HI,117,122.0,213.0,209.29471232876202
3,3,15,2,clustered,16,LC_HI,118,122.0,151.0,150.21592746125094
3,3,15,2,clustered,16,LC_HI,119,118.0,185.0,187.83242779534834
3,3,15,2,clustered,16,LC_HI,120,122.0,156.0,139.51499951232202
3,3,15,2,clustered,16,LC_HI,121,137.0,194.0,177.56028320445023
3,3,15,2,clustered,16,LC_HI,122,103.0,142.0,144.40157061096986
3,3,15,2,clustered,16,LC_HI,123,108.0,146.0,131.32721662776913
3,3,15,2,clustered,16,LC_HI,124,171.0,233.0,223.826243205541
3,3,15,2,clustered,16,LC_HI,125,98.0,132.0,134.23808817573808
3,3,15,2,clustered,16,LC_HI,126,99.0,99.0,112.77152705255473
3,3,15,2,clustered,16,LC_HI,127,123.0,180.0,184.2419050962822
3,3,15,2,clustered,16,LC_HI,128,109.0,170.0,176.55854602312604
3,3,15,2,clustered,16,LC_HI,129,123.0,137.0,135.5647683287646
3,3,15,2,clustered,16,LC_HI,130,124.0,175.0,163.1101694702108
3,3,15,2,clustered,16,LC_HI,131,127.0,160.0,161.95877968820912
3,3,15,2,clustered,16,LC_HI,132,137.0,194.0,175.28367982992407
3,3,15,2,clustered,16,LC_HI,133,113.0,156.0,164.51406495106713
3,3,15,2,clustered,16,LC_HI,134,185.0,200.0,198.34478308824532
3,3,15,2,clustered,16,LC_HI,135,113.0,156.0,153.2752882959535
3,3,15,2,clustered,16,LC_HI,136,113.0,122.0,117.19396596520723
3,3,15,2,clustered,16,LC_HI,137,122.0,146.0,159.88315464548654
3,3,15,2,clustered,16,LC_HI,138,113.0,161.0,157.5442477665634
3,3,15,2,clustered,16,LC_HI,139,113.0,122.0,128.4324680141072
3,3,15,2,clustered,16,LC_HI,140,108.0,118.0,118.99850039511733
3,3,15,2,clustered,16,LC_HI,141,113.0,128.0,121.3393595253626
3,3,15,2,clustered,16,LC_HI,142,127.0,223.0,190.96418140852944
3,3,15,2,clustered,16,LC_HI,143,147.0,175.0,177.58336409013845
3,3,15,2,clustered,16,LC_HI,144,124.0,142.0,150.84799652607654
3,3,15,2,clustered,16,LC_HI,145,104.0,108.0,113.7355738767956
3,3,15,2,clustered,16,LC_HI,146,113.0,156.0,158.41023861610148
3,3,15,2,clustered,16,LC_HI,147,113.0,185.0,189.14779820187982
3,3,15,2,clustered,16,LC_HI,148,113.0,189.0,182.82609070288873
3,3,15,2,clustered,16,LC_HI,149,137.0,175.0,176.95356397864953
3,3,15,2,clustered,16,LC_HI,150,99.0,128.0,124.37195913564699
3,3,15,2,clustered,16,LC_HI,151,142.0,228.0,221.7638268412226
3,3,15,2,clustered,16,LC_HI,152,122.0,170.0,174.58690390459194
3,3,15,2,clustered,16,LC_HI,153,118.0,137.0,143.76727976617005
3,3,15,2,clustered,16,LC_HI,154,118.0,118.0,122.41238994817374
3,3,15,2,clustered,16,LC_HI,155,171.0,232.0,238.81194860580197
3,3,15,2,clustered,16,LC_HI,156,109.0,156.0,155.82413853157877
3,3,15,2,clustered,16,LC_HI,157,103.0,108.0,121.39201094198098
3,3,15,2,clustered,16,LC_HI,158,137.0,180.0,188.9198455726148
3,3,15,2,clustered,16,LC_HI,159,195.0,242.0,262.65054293822686
3,3,15,2,clustered,16,LC_HI,160,127.0,151.0,146.0415323277078
3,3,15,2,clustered,16,LC_HI,161,137.0,166.0,173.3782929664568
3,3,15,2,clustered,16,LC_HI,162,108.0,156.0,154.44548228514847
3,3,15,2,clustered,16,LC_HI,163,157.0,232.0,221.12332714288817
3,3,15,2,clustered,16,LC_HI,164,165.0,256.0,228.01359733405658
3,3,15,2,clustered,16,LC_HI,165,128.0,199.0,191.88343925006282
3,3,15,2,clustered,16,LC_HI,166,108.0,141.0,156.08797054633698
3,3,15,2,clustered,16,LC_HI,167,171.0,199.0,224.11297508786686
3,3,15,2,clustered,16,LC_HI,168,119.0,175.0,171.30202319315987
3,3,15,2,clustered,16,LC_HI,169,108.0,156.0,157.896241722735
3,3,15,2,clustered,16,LC_HI,170,118.0,152.0,155.86275076286213
3,3,15,2,clustered,16,LC_HI,171,176.0,257.0,255.76380525822927
3,3,15,2,clustered,16,LC_HI,172,94.0,137.0,140.97288079047962
3,3,15,2,clustered,16,LC_HI,173,113.0,151.0,142.7480887820986
3,3,15,2,clustered,16,LC_HI,174,123.0,179.0,153.88803535584543
3,3,15,2,clustered,16,LC_HI,175,104.0,132.0,129.80897818603967
3,3,15,2,clustered,16,LC_HI,176,109.0,161.0,146.878149993686
3,3,15,2,clustered,16,LC_HI,177,123.0,142.0,141.96890921036257
3,3,15,2,clustered,16,LC_HI,178,99.0,123.0,121.70802778718173
3,3,15,2,clustered,16,LC_HI,179,123.0,194.0,192.34771605017144
3,3,15,2,clustered,16,LC_HI,180,99.0,99.0,117.71944355652414
3,3,15,2,clustered,16,LC_HI,181,109.0,160.0,164.91062494800852
3,3,15,2,clustered,16,LC_HI,182,104.0,147.0,141.93132701659766
3,3,15,2,clustered,16,LC_HI,183,133.0,142.0,152.12400469566396
3,3,15,2,clustered,16,LC_HI,184,123.0,132.0,140.45056280825898
3,3,15,2,clustered,16,LC_HI,185,113.0,151.0,168.80974271009322
3,3,15,2,clustered,16,LC_HI,186,171.0,238.0,231.90886092634307
3,3,15,2,clustered,16,LC_HI,187,117.0,103.0,105.1004251093851
3,3,15,2,clustered,16,LC_HI,188,118.0,161.0,166.0999222138604
3,3,15,2,clustered,16,LC_HI,189,103.0,136.0,134.6626035354379
3,3,15,2,clustered,16,LC_HI,190,108.0,141.0,144.7865533359003
3,3,15,2,clustered,16,LC_HI,191,103.0,136.0,145.53014964411264
3,3,15,2,clustered,16,LC_HI,192,162.0,228.0,221.45789049785583
3,3,15,2,clustered,16,LC_HI,193,108.0,171.0,169.91488018982747
3,3,15,2,clustered,16,LC_HI,194,108.0,151.0,132.89750680128458
3,3,15,2,clustered,16,LC_HI,195,176.0,209.0,207.63715864244168
3,3,15,2,clustered,16,LC_HI,196,122.0,170.0,174.6589265754245
3,3,15,2,clustered,16,LC_HI,197,138.0,175.0,161.01293329417294
3,3,15,2,clustered,16,LC_HI,198,127.0,170.0,163.70363600471865
3,3,15,2,clustered,16,LC_HI,199,132.0,142.0,136.19364407494325
3,3,15,2,clustered,16,LC_LI,0,161.0,213.0,205.64289914400896
3,3,15,2,clustered,16,LC_LI,1,147.0,142.0,161.66474667774563
3,3,15,2,clustered,16,LC_LI,2,142.0,179.0,172.99578387167008
3,3,15,2,clustered,16,LC_LI,3,147.0,184.0,189.6061511716736
3,3,15,2,clustered,16,LC_LI,4,146.0,213.0,211.78082362036884
3,3,15,2,clustered,16,LC_LI,5,123.0,223.0,223.95379324974516
3,3,15,2,clustered,16,LC_LI,6,137.0,156.0,165.26839588038396
3,3,15,2,clustered,16,LC_LI,7,142.0,185.0,186.10061016243338
3,3,15,2,clustered,16,LC_LI,8,147.0,209.0,189.18574490160134
3,3,15,2,clustered,16,LC_LI,9,157.0,247.0,238.47182590371384
3,3,15,2,clustered,16,LC_LI,10,137.0,208.0,215.29990641198506
3,3,15,2,clustered,16,LC_LI,11,171.0,218.0,240.4667308377671
3,3,15,2,clustered,16,LC_LI,12,127.0,183.0,158.33454362916652
3,3,15,2,clustered,16,LC_LI,13,152.0,204.0,214.36795333255236
3,3,15,2,clustered,16,LC_LI,14,131.0,198.0,190.36057409535385
3,3,15,2,clustered,16,LC_LI,15,127.0,194.0,190.68325665932127
3,3,15,2,clustered,16,LC_LI,16,152.0,218.0,213.12739289971
3,3,15,2,clustered,16,LC_LI,17,123.0,223.0,240.11422532538484
3,3,15,2,clustered,16,LC_LI,18,138.0,195.0,211.0443951175136
3,3,15,2,clustered,16,LC_LI,19,131.0,194.0,186.75881439369059
3,3,15,2,clustered,16,LC_LI,20,161.0,214.0,213.78989662029292
3,3,15,2,clustered,16,LC_LI,21,143.0,190.0,188.54226203858474
3,3,15,2,clustered,16,LC_LI,22,137.0,175.0,167.60542092701667
3,3,15,2,clustered,16,LC_LI,23,142.0,166.0,171.87699478782915
3,3,15,2,clustered,16,LC_LI,24,171.0,218.0,248.1502094023693
3,3,15,2,clustered,16,LC_LI,25,141.0,204.0,208.92835471923144
3,3,15,2,clustered,16,LC_LI,26,161.0,166.0,163.28072367752915
3,3,15,2,clustered,16,LC_LI,27,142.0,185.0,192.9693250027498
3,3,15,2,clustered,16,LC_LI,28,128.0,208.0,203.3092418875778
3,3,15,2,clustered,16,LC_LI,29,127.0,194.0,190.93516002721924
3,3,15,2,clustered,16,LC_LI,30,152.0,222.0,215.2182793668167
3,3,15,2,clustered,16,LC_LI,31,152.0,222.0,186.11873444989362
3,3,15,2,clustered,16,LC_LI,32,142.0,199.0,201.20626665765948
3,3,15,2,clustered,16,LC_LI,33,151.0,208.0,205.80938576381874
3,3,15,2,clustered,16,LC_LI,34,166.0,199.0,183.41359838721155
3,3,15,2,clustered,16,LC_LI,35,137.0,180.0,183.16304834289377
3,3,15,2,clustered,16,LC_LI,36,142.0,185.0,184.71903545349352
3,3,15,2,clustered,16,LC_LI,37,161.0,166.0,186.1054748335675
3,3,15,2,clustered,16,LC_LI,38,151.0,185.0,185.72277297554527
3,3,15,2,clustered,16,LC_LI,39,171.0,228.0,232.47565380369994
3,3,15,2,clustered,16,LC_LI,40,137.0,256.0,253.2745773705174
3,3,15,2,clustered,16,LC_LI,41,141.0,160.0,165.60950933646117
3,3,15,2,clustered,16,LC_LI,42,127.0,194.0,204.42631654328716
3,3,15,2,clustered,16,LC_LI,43,131.0,194.0,204.69345053369952
3,3,15,2,clustered,16,LC_LI,44,127.0,180.0,170.17175276370193
3,3,15,2,clustered,16,LC_LI,45,137.0,213.0,209.64721026504776
3,3,15,2,clustered,16,LC_LI,46,132.0,185.0,181.27802748027864
3,3,15,2,clustered,16,LC_LI,47,143.0,175.0,175.8194635714633
3,3,15,2,clustered,16,LC_LI,48,147.0,161.0,164.86196883478593
3,3,15,2,clustered,16,LC_LI,49,128.0,174.0,183.5821318924672
3,3,15,2,clustered,16,LC_LI,50,141.0,275.0,259.8503907417794
3,3,15,2,clustered,16,LC_LI,51,133.0,170.0,173.6340745431413
3,3,15,2,clustered,16,LC_LI,52,151.0,184.0,187.01702837062345
3,3,15,2,clustered,16,LC_LI,53,138.0,189.0,196.72407251496776
3,3,15,2,clustered,16,LC_LI,54,128.0,146.0,139.55930562975675
3,3,15,2,clustered,16,LC_LI,55,127.0,194.0,192.1742913978088
3,3,15,2,clustered,16,LC_LI,56,123.0,223.0,211.13764765808685
3,3,15,2,clustered,16,LC_LI,57,128.0,147.0,139.98769308075063
3,3,15,2,clustered,16,LC_LI,58,147.0,261.0,255.25245806160788
3,3,15,2,clustered,16,LC_LI,59,140.0,219.0,217.25345952272562
3,3,15,2,clustered,16,LC_LI,60,128.0,199.0,206.51365111980192
3,3,15,2,clustered,16,LC_LI,61,142.0,171.0,165.98295049740327
3,3,15,2,clustered,16,LC_LI,62,123.0,223.0,230.7729569832321
3,3,15,2,clustered,16,LC_LI,63,146.0,199.0,190.82158928817768
3,3,15,2,clustered,16,LC_LI,64,156.0,242.0,218.5993845195463
3,3,15,2,clustered,16,LC_LI,65,166.0,166.0,156.31675142782998
3,3,15,2,clustered,16,LC_LI,66,152.0,204.0,211.65333381389115
3,3,15,2,clustered,16,LC_LI,67,136.0,199.0,199.05781657167586
3,3,15,2,clustered,16,LC_LI,68,161.0,185.0,190.36959316879174
3,3,15,2,clustered,16,LC_LI,69,147.0,223.0,214.5024233793268
3,3,15,2,clustered,16,LC_LI,70,142.0,213.0,206.957232498794
3,3,15,2,clustered,16,LC_LI,71,142.0,171.0,182.26658575436014
3,3,15,2,clustered,16,LC_LI,72,123.0,190.0,191.7033199472177
3,3,15,2,clustered,16,LC_LI,73,157.0,232.0,230.94664584308737
3,3,15,2,clustered,16,LC_LI,74,132.0,185.0,186.21803206628448
3,3,15,2,clustered,16,LC_LI,75,142.0,189.0,204.84641668142692
3,3,15,2,clustered,16,LC_LI,76,136.0,213.0,209.60668087683334
3,3,15,2,clustered,16,LC_LI,77,147.0,194.0,218.1321193910246
3,3,15,2,clustered,16,LC_LI,78,137.0,180.0,196.76970637508367
3,3,15,2,clustered,16,LC_LI,79,147.0,209.0,207.90074347753662
3,3,15,2,clustered,16,LC_LI,80,171.0,190.0,193.66323467718212
3,3,15,2,clustered,16,LC_LI,81,147.0,184.0,190.30253393491466
3,3,15,2,clustered,16,LC_LI,82,137.0,213.0,206.24323976081928
3,3,15,2,clustered,16,LC_LI,83,161.0,156.0,149.3546396964533
3,3,15,2,clustered,16,LC_LI,84,142.0,179.0,170.01991205430463
3,3,15,2,clustered,16,LC_LI,85,172.0,223.0,215.79954519260644
3,3,15,2,clustered,16,LC_LI,86,175.0,222.0,233.7632650455321
3,3,15,2,clustered,16,LC_LI,87,138.0,189.0,182.74354693677637
3,3,15,2,clustered,16,LC_LI,88,136.0,213.0,204.58734188031494
3,3,15,2,clustered,16,LC_LI,89,156.0,213.0,211.1019625099435
3,3,15,2,clustered,16,LC_LI,90,132.0,199.0,197.9194987896384
3,3,15,2,clustered,16,LC_LI,91,138.0,204.0,211.77570973812942
3,3,15,2,clustered,16,LC_LI,92,137.0,208.0,216.20924976810986
3,3,15,2,clustered,16,LC_LI,93,142.0,199.0,198.78393330378194
3,3,15,2,clustered,16,LC_LI,94,165.0,194.0,211.05482859147003
3,3,15,2,clustered,16,LC_LI,95,142.0,213.0,218.78808768601303
3,3,15,2,clustered,16,LC_LI,96,156.0,213.0,224.9944472447612
3,3,15,2,clustered,16,LC_LI,97,128.0,199.0,198.35347252171593
3,3,15,2,clustered,16,LC_LI,98,137.0,180.0,187.68858242117557
3,3,15,2,clustered,16,LC_LI,99,127.0,180.0,187.01475743978023
3,3,15,2,clustered,16,LC_LI,100,140.0,219.0,209.9404986392286
3,3,15,2,clustered,16,LC_LI,101,118.0,189.0,188.25250728840075
3,3,15,2,clustered,16,LC_LI,102,161.0,223.0,206.43891441766723
3,3,15,2,clustered,16,LC_LI,103,133.0,194.0,202.44640798234332
3,3,15,2,clustered,16,LC_LI,104,128.0,199.0,205.23987493702106
3,3,15,2,clustered,16,LC_LI,105,175.0,222.0,232.095440260634
3,3,15,2,clustered,16,LC_LI,106,137.0,213.0,219.54839038033322
3,3,15,2,clustered,16,LC_LI,107,156.0,265.0,250.27913292236363
3,3,15,2,clustered,16,LC_LI,108,147.0,176.0,162.06302212802854
3,3,15,2,clustered,16,LC_LI,109,132.0,204.0,211.16759538526944
3,3,15,2,clustered,16,LC_LI,110,156.0,209.0,204.43170723383503
3,3,15,2,clustered,16,LC_LI,111,138.0,175.0,168.65378796311694
3,3,15,2,clustered,16,LC_LI,112,142.0,194.0,191.02942785125865
3,3,15,2,clustered,16,LC_LI,113,161.0,214.0,210.24340970797616
3,3,15,2,clustered,16,LC_LI,114,151.0,198.0,206.10743603055292
3,3,15,2,clustered,16,LC_LI,115,137.0,176.0,166.96390294867723
3,3,15,2,clustered,16,LC_LI,116,127.0,194.0,199.75917784811702
3,3,15,2,clustered,16,LC_LI,117,152.0,218.0,209.21930803210697
3,3,15,2,clustered,16,LC_LI,118,147.0,208.0,211.8766559786962
3,3,15,2,clustered,16,LC_LI,119,137.0,156.0,153.19597189420773
3,3,15,2,clustered,16,LC_LI,120,165.0,223.0,237.8071419301686
3,3,15,2,clustered,16,LC_LI,121,156.0,204.0,202.2156123809419
3,3,15,2,clustered,16,LC_LI,122,151.0,175.0,164.88094807729067
3,3,15,2,clustered,16,LC_LI,123,147.0,223.0,214.3067448791951
3,3,15,2,clustered,16,LC_LI,124,156.0,204.0,209.54652811866814
3,3,15,2,clustered,16,LC_LI,125,132.0,199.0,170.9617838995818
3,3,15,2,clustered,16,LC_LI,126,166.0,166.0,167.22205955878755
3,3,15,2,clustered,16,LC_LI,127,132.0,185.0,189.55470287584575
3,3,15,2,clustered,16,LC_LI,128,165.0,194.0,236.09515218772893
3,3,15,2,clustered,16,LC_LI,129,137.0,179.0,170.43790589499142
3,3,15,2,clustered,16,LC_LI,130,128.0,141.0,157.15054407578933
3,3,15,2,clustered,16,LC_LI,131,147.0,194.0,194.20676220029432
3,3,15,2,clustered,16,LC_LI,132,146.0,156.0,159.68676457916644
3,3,15,2,clustered,16,LC_LI,133,156.0,204.0,219.55445736623778
3,3,15,2,clustered,16,LC_LI,134,137.0,194.0,191.78222929290823
3,3,15,2,clustered,16,LC_LI,135,171.0,228.0,225.31833558797805
3,3,15,2,clustered,16,LC_LI,136,162.0,232.0,218.26328597658215
3,3,15,2,clustered,16,LC_LI,137,161.0,223.0,227.87380858463786
3,3,15,2,clustered,16,LC_LI,138,147.0,142.0,144.68168492460728
3,3,15,2,clustered,16,LC_LI,139,142.0,179.0,182.3287042221584
3,3,15,2,clustered,16,LC_LI,140,127.0,183.0,197.77396450751993
3,3,15,2,clustered,16,LC_LI,141,137.0,156.0,149.71241668209447
3,3,15,2,clustered,16,LC_LI,142,161.0,156.0,151.1761278754692
3,3,15,2,clustered,16,LC_LI,143,142.0,179.0,181.6021196774937
3,3,15,2,clustered,16,LC_LI,144,147.0,142.0,162.68305490353433
3,3,15,2,clustered,16,LC_LI,145,146.0,180.0,184.14169919201052
3,3,15,2,clustered,16,LC_LI,146,152.0,222.0,212.19167298430463
3,3,15,2,clustered,16,LC_LI,147,142.0,166.0,163.40797528091616
3,3,15,2,clustered,16,LC_LI,148,137.0,161.0,162.21351541137037
3,3,15,2,clustered,16,LC_LI,149,142.0,166.0,163.2082188573948
3,3,15,2,clustered,16,LC_LI,150,157.0,185.0,182.28868582001155
3,3,15,2,clustered,16,LC_LI,151,166.0,214.0,244.99530468075807
3,3,15,2,clustered,16,LC_LI,152,137.0,180.0,184.57468146128073
3,3,15,2,clustered,16,LC_LI,153,132.0,195.0,186.16219762933932
3,3,15,2,clustered,16,LC_LI,154,128.0,174.0,202.8514907262977
3,3,15,2,clustered,16,LC_LI,155,126.0,165.0,169.81760345869128
3,3,15,2,clustered,16,LC_LI,156,152.0,204.0,221.97999914507145
3,3,15,2,clustered,16,LC_LI,157,161.0,214.0,200.1067290894039
3,3,15,2,clustered,16,LC_LI,158,133.0,166.0,173.4986039660511
3,3,15,2,clustered,16,LC_LI,159,152.0,213.0,221.7066733422007
3,3,15,2,clustered,16,LC_LI,160,133.0,170.0,188.08064768950624
3,3,15,2,clustered,16,LC_LI,161,132.0,199.0,187.81095024088216
3,3,15,2,clustered,16,LC_LI,162,137.0,175.0,168.9337361691213
3,3,15,2,clustered,16,LC_LI,163,137.0,180.0,176.05973645887008
3,3,15,2,clustered,16,LC_LI,164,142.0,199.0,203.5564162481262
3,3,15,2,clustered,16,LC_LI,165,137.0,232.0,230.96557529774364
3,3,15,2,clustered,16,LC_LI,166,137.0,189.0,184.41888215275867
3,3,15,2,clustered,16,LC_LI,167,141.0,160.0,159.32558856437987
3,3,15,2,clustered,16,LC_LI,168,142.0,190.0,197.24538575186156
3,3,15,2,clustered,16,LC_LI,169,147.0,261.0,257.09203406544833
3,3,15,2,clustered,16,LC_LI,170,152.0,222.0,226.90698285964874
3,3,15,2,clustered,16,LC_LI,171,128.0,208.0,203.9647950175761
3,3,15,2,clustered,16,LC_LI,172,137.0,213.0,221.95864806311573
3,3,15,2,clustered,16,LC_LI,173,152.0,213.0,200.33601647292605
3,3,15,2,clustered,16,LC_LI,174,147.0,142.0,139.93447605612855
3,3,15,2,clustered,16,LC_LI,175,128.0,147.0,123.9853533868857
3,3,15,2,clustered,16,LC_LI,176,147.0,194.0,208.1288768239881
3,3,15,2,clustered,16,LC_LI,177,142.0,190.0,193.16114167881895
3,3,15,2,clustered,16,LC_LI,178,118.0,189.0,178.84846845051632
3,3,15,2,clustered,16,LC_LI,179,137.0,156.0,162.07625019534152
3,3,15,2,clustered,16,LC_LI,180,137.0,213.0,211.13763042013474
3,3,15,2,clustered,16,LC_LI,181,127.0,180.0,192.27301921807327
3,3,15,2,clustered,16,LC_LI,182,161.0,213.0,203.01890712064332
3,3,15,2,clustered,16,LC_LI,183,137.0,180.0,168.87275228273546
3,3,15,2,clustered,16,LC_LI,184,152.0,218.0,215.09065246959193
3,3,15,2,clustered,16,LC_LI,185,147.0,194.0,215.7532399800769
3,3,15,2,clustered,16,LC_LI,186,146.0,184.0,181.4219313689511
3,3,15,2,clustered,16,LC_LI,187,128.0,184.0,182.22627324521858
3,3,15,2,clustered,16,LC_LI,188,151.0,208.0,205.8182932050599
3,3,15,2,clustered,16,LC_LI,189,131.0,194.0,180.18671013657897
3,3,15,2,clustered,16,LC_LI,190,147.0,208.0,203.806746071144
3,3,15,2,clustered,16,LC_LI,191,142.0,213.0,220.69231581128642
3,3,15,2,clustered,16,LC_LI,192,137.0,179.0,181.174580587607
3,3,15,2,clustered,16,LC_LI,193,127.0,194.0,193.73042814218294
3,3,15,2,clustered,16,LC_LI,194,156.0,242.0,218.91835788386248
3,3,15,2,clustered,16,LC_LI,195,147.0,223.0,218.6617019043013
3,3,15,2,clustered,16,LC_LI,196,132.0,204.0,213.0856731423741
3,3,15,2,clustered,16,LC_LI,197,161.0,213.0,219.4050351566831
3,3,15,2,clustered,16,LC_LI,198,132.0,175.0,181.42314443023497
3,3,15,2,clustered,16,LC_LI,199,142.0,199.0,201.05227166836147
5,3,30,2,diurnal,16,random,0,134.96871697999308,163.96871697999308,163.85910799378857
5,3,30,2,diurnal,16,random,1,181.68292581286335,245.53463025245622,248.0719488014978
5,3,30,2,diurnal,16,random,2,186.68292581286335,255.1198535755591,238.77880434803188
5,3,30,2,diurnal,16,random,3,138.48696158000914,180.33976665281185,174.7530371000531
5,3,30,2,diurnal,16,random,4,189.8353080500307,284.8353080500307,262.81055592829813
5,3,30,2,diurnal,16,random,5,159.70190448954102,231.70190448954102,218.39967995663682
5,3,30,2,diurnal,16,random,6,146.06348260346016,175.85613179383344,157.9978839724219
5,3,30,2,diurnal,16,random,7,159.06715875841957,196.06715875841957,208.8849996010407
5,3,30,2,diurnal,16,random,8,148.86054052211819,197.01391275230577,186.57304270357693
5,3,30,2,diurnal,16,random,9,190.02353724616893,252.57047073080702,269.2002162254632
5,3,30,2,diurnal,16,random,10,167.64941892916923,222.41523727478096,223.03801381255994
5,3,30,2,diurnal,16,random,11,167.97742308104898,196.76388909465837,212.1252244135132
5,3,30,2,diurnal,16,random,12,153.50566181277316,209.29552104668667,211.26267232631247
5,3,30,2,diurnal,16,random,13,144.7240319425747,207.7240319425747,192.60719335715382
5,3,30,2,diurnal,16,random,14,174.45396991425727,248.96871697999308,267.25917189295757
5,3,30,2,diurnal,16,random,15,128.13973302478297,151.06752593979706,152.0400063989625
5,3,30,2,diurnal,16,random,16,182.01327197979603,273.01327197979606,248.00517971324433
5,3,30,2,diurnal,16,random,17,160.53463025245622,256.5346302524562,241.13679882986045
5,3,30,2,diurnal,16,random,18,181.99681387930525,204.99681387930525,228.7392317006081
5,3,30,2,diurnal,16,random,19,146.83862561590507,183.83862561590507,182.84692394569515
5,3,30,2,diurnal,16,random,20,170.81303451542558,191.45131328362595,202.45308223074588
5,3,30,2,diurnal,16,random,21,160.52738124842955,202.04544963461512,209.84588951827638
5,3,30,2,diurnal,16,random,22,151.90805072921373,183.90805072921373,187.31427553046404
5,3,30,2,diurnal,16,random,23,151.2791302546587,197.31561496219902,189.45659612690872
5,3,30,2,diurnal,16,random,24,167.10721044693503,190.8846583915372,234.77119545640647
5,3,30,2,diurnal,16,random,25,149.7200495389807,222.7200495389807,230.5633528482504
5,3,30,2,diurnal,16,random,26,155.27018911914988,217.27018911914988,217.00934100890393
5,3,30,2,diurnal,16,random,27,161.79969433070335,215.9844761112993,215.76406356369574
5,3,30,2,diurnal,16,random,28,160.20268398043754,215.23952173820726,200.30867598482672
5,3,30,2,diurnal,16,random,29,168.7120442742313,239.7120442742313,258.1514805546245
5,3,30,2,diurnal,16,random,30,141.48825503576268,183.48825503576268,179.29910819487696
5,3,30,2,diurnal,16,random,31,160.16553193553483,209.96893370973518,224.61246377805804
5,3,30,2,diurnal,16,random,32,142.73796303582088,213.73796303582088,211.40123490057587
5,3,30,2,diurnal,16,random,33,153.80767927920505,192.06276272607187,177.788414073326
5,3,30,2,diurnal,16,random,34,185.8355666084073,240.18612143382776,230.04427622331812
5,3,30,2,diurnal,16,random,35,160.2073230287969,187.1219812499084,188.09793153722123
5,3,30,2,diurnal,16,random,36,174.0575331596135,230.73752820288297,235.1002237895638
5,3,30,2,diurnal,16,random,37,129.24320980548154,191.12841174012135,188.47249414219223
5,3,30,2,diurnal,16,random,38,171.64553008821787,232.72746620790957,239.5879746993906
5,3,30,2,diurnal,16,random,39,163.68130902308292,201.54463629856372,243.4429638343608
5,3,30,2,diurnal,16,random,40,186.869015625388,256.93132672905176,263.8447225777961
5,3,30,2,diurnal,16,random,41,168.5447065418893,210.5447065418893,230.41127190883896
5,3,30,2,diurnal,16,random,42,187.96871697999308,215.4923286622709,223.85344898334677
5,3,30,2,diurnal,16,random,43,141.72932357401197,181.17705177937344,169.75069604122535
5,3,30,2,diurnal,16,random,44,162.87254166413126,216.53928688313266,213.20480077527355
5,3,30,2,diurnal,16,random,45,168.12830475323233,241.50814669825314,256.02212700857444
5,3,30,2,diurnal,16,random,46,161.795611969957,207.69320964940974,200.4360316559363
5,3,30,2,diurnal,16,random,47,155.69320964940974,170.25672778542446,179.7553793694186
5,3,30,2,diurnal,16,random,48,203.35008726915942,259.3500872691594,269.0293318972139
5,3,30,2,diurnal,16,random,49,149.07072163195812,190.89941383423422,197.93645734862278
5,3,30,2,diurnal,16,random,50,172.45131328362595,200.53169883226212,217.78148979846094
5,3,30,2,diurnal,16,random,51,136.01327197979603,158.71550868849204,150.28102845132932
5,3,30,2,diurnal,16,random,52,139.75599661541688,211.75599661541688,206.5640869698353
5,3,30,2,diurnal,16,random,53,174.59855033456873,265.7078496522754,229.1148775991274
5,3,30,2,diurnal,16,random,54,126.27018911914988,153.84718875712147,159.86314010593216
5,3,30,2,diurnal,16,random,55,151.67853115288588,222.67853115288588,217.28983941298833
5,3,30,2,diurnal,16,random,56,139.37472410426827,207.70893480545433,193.65266600793197
5,3,30,2,diurnal,16,random,57,148.05232858347955,199.50814669825314,194.91598962531967
5,3,30,2,diurnal,16,random,58,160.8406924740076,233.8406924740076,236.30259063402943
5,3,30,2,diurnal,16,random,59,171.0329494312971,214.0329494312971,210.88594138169884
5,3,30,2,diurnal,16,random,60,145.2155215473903,177.65325640450908,188.0293429814066
5,3,30,2,diurnal,16,random,61,156.07296519823984,194.07296519823984,220.67969908440057
5,3,30,2,diurnal,16,random,62,131.6600265336167,183.6600265336167,161.84414132642758
5,3,30,2,diurnal,16,random,63,166.48209332817686,237.48209332817686,234.1431283267774
5,3,30,2,diurnal,16,random,64,175.2245974040544,210.45065810903574,198.00716576714981
5,3,30,2,diurnal,16,random,65,149.5447065418893,179.97769353038262,178.99811311622173
5,3,30,2,diurnal,16,random,66,159.89288355088053,187.89288355088053,207.52894053207703
5,3,30,2,diurnal,16,random,67,166.13274399771268,180.58925641551275,178.36685599624647
5,3,30,2,diurnal,16,random,68,124.4587589270157,148.4587589270157,130.85257520780013
5,3,30,2,diurnal,16,random,69,200.23971700062674,282.73752820288297,304.85829256223906
5,3,30,2,diurnal,16,random,70,150.34125069429112,183.89926172312778,171.30520566875757
5,3,30,2,diurnal,16,random,71,161.21501767996244,192.6600265336167,203.08551249770645
5,3,30,2,diurnal,16,random,72,173.7120442742313,206.7120442742313,205.28909267564012
5,3,30,2,diurnal,16,random,73,150.12841370647482,164.12841370647482,176.2205960847083
5,3,30,2,diurnal,16,random,74,132.58272862398377,211.07663058129384,211.05144864871883
5,3,30,2,diurnal,16,random,75,159.71777959580515,205.89862651065715,202.52755959610755
5,3,30,2,diurnal,16,random,76,193.53928688313266,239.63344071505978,236.59626823204962
5,3,30,2,diurnal,16,random,77,177.90781032371194,262.90781032371194,267.3346232532354
5,3,30,2,diurnal,16,random,78,156.72932357401197,178.72932357401197,177.40298424120505
5,3,30,2,diurnal,16,random,79,142.28568264634873,177.34125069429112,174.60940537675435
5,3,30,2,diurnal,16,random,80,175.72746620790957,233.72746620790957,242.072563765382
5,3,30,2,diurnal,16,random,81,147.96893370973518,199.96893370973518,206.13519721540342
5,3,30,2,diurnal,16,random,82,165.65941689619518,221.2155215473903,225.7372956914654
5,3,30,2,diurnal,16,random,83,176.0329494312971,280.0329494312971,296.2952428678031
5,3,30,2,diurnal,16,random,84,158.31938212413417,202.96913810001809,199.24706113646596
5,3,30,2,diurnal,16,random,85,142.0561814245958,165.29552104668667,191.42733285647068
5,3,30,2,diurnal,16,random,86,149.07663058129384,202.07663058129384,196.22817604874012
5,3,30,2,diurnal,16,random,87,148.11728869569168,199.50111405789596,203.70695572621236
5,3,30,2,diurnal,16,random,88,201.1409954588285,248.1409954588285,260.0156178876209
5,3,30,2,diurnal,16,random,89,159.51623947113436,225.3443014130899,217.32934491911936
5,3,30,2,diurnal,16,random,90,162.10620326459593,200.02928794755042,203.84322618259796
5,3,30,2,diurnal,16,random,91,170.57446499457802,233.45233252884702,203.8401394804213
5,3,30,2,diurnal,16,random,92,181.3501773366782,205.62396846810742,217.6109067874713
5,3,30,2,diurnal,16,random,93,160.6552085145335,231.6552085145335,224.8992547525246
5,3,30,2,diurnal,16,random,94,152.15040464030375,204.15040464030375,203.60884568521135
5,3,30,2,diurnal,16,random,95,166.42272159573855,189.42272159573855,186.53025454475213
5,3,30,2,diurnal,16,random,96,189.580762770513,280.580762770513,288.7035832447956
5,3,30,2,diurnal,16,random,97,157.57047073080702,214.57047073080702,215.6435338381665
5,3,30,2,diurnal,16,random,98,149.83337273389603,192.83337273389603,196.9952850007848
5,3,30,2,diurnal,16,random,99,142.0561814245958,165.29552104668667,167.23544691088222
5,3,30,2,diurnal,16,random,100,165.45335259778267,256.45335259778267,251.36489311577526
5,3,30,2,diurnal,16,random,101,174.3195872482732,265.1247753963455,257.9802869101874
5,3,30,2,diurnal,16,random,102,154.34937788205644,204.3762247521834,211.29251770002574
5,3,30,2,diurnal,16,random,103,142.38288673905475,171.70200067557417,166.97220210581062
5,3,30,2,diurnal,16,random,104,141.55168351946313,178.55168351946313,186.19172964274017
5,3,30,2,diurnal,16,random,105,207.80344477789674,253.60498630139853,249.69234322070676
5,3,30,2,diurnal,16,random,106,143.23971700062674,157.23971700062674,155.0255776372964
5,3,30,2,diurnal,16,random,107,156.23971700062674,206.62771987886677,215.5496016160797
5,3,30,2,diurnal,16,random,108,195.80087060312388,242.80087060312388,242.40107132240956
5,3,30,2,diurnal,16,random,109,141.7434704971464,173.59855033456873,172.42680249336425
5,3,30,2,diurnal,16,random,110,127.52738124842953,170.52738124842955,174.59574991012605
5,3,30,2,diurnal,16,random,111,187.49051428491808,240.470244355671,230.69511921500197
5,3,30,2,diurnal,16,random,112,199.54463629856372,274.5446362985637,266.79971591742395
5,3,30,2,diurnal,16,random,113,141.57446499457802,206.37024684898682,186.5196911156077
5,3,30,2,diurnal,16,random,114,170.67853115288588,211.7048337207139,211.2845653743387
5,3,30,2,diurnal,16,random,115,159.3195872482732,189.85209713022223,192.38437926769092
5,3,30,2,diurnal,16,random,116,155.08361775888386,182.20662009349712,209.43514387392042
5,3,30,2,diurnal,16,random,117,153.854730424271,177.38342066305384,181.8218642975451
5,3,30,2,diurnal,16,random,118,170.08854653087653,260.08854653087656,231.54007547300657
5,3,30,2,diurnal,16,random,119,148.33976665281185,187.33976665281185,185.94209231535834
5,3,30,2,diurnal,16,random,120,153.6848204921124,214.6848204921124,216.4408884191209
5,3,30,2,diurnal,16,random,121,182.2464559325237,225.2464559325237,224.5152036978517
5,3,30,2,diurnal,16,random,122,155.70190448954102,190.00306914412772,192.3488466632397
5,3,30,2,diurnal,16,random,123,140.14510288590955,205.14510288590955,198.81934475504795
5,3,30,2,diurnal,16,random,124,144.42629136029046,196.719878972474,179.22197411628937
5,3,30,2,diurnal,16,random,125,178.05232858347955,237.06276272607187,235.1690211380014
5,3,30,2,diurnal,16,random,126,155.01327197979603,201.01327197979603,210.33677940211092
5,3,30,2,diurnal,16,random,127,159.30225625672722,211.30225625672722,198.99229302061718
5,3,30,2,diurnal,16,random,128,165.86057605285214,217.86057605285214,196.17702942722244
5,3,30,2,diurnal,16,random,129,144.97192319333925,166.00934886126856,158.982153128411
5,3,30,2,diurnal,16,random,130,160.70031899443006,215.42629136029046,223.51852503595913
5,3,30,2,diurnal,16,random,131,170.18157353028158,189.11728869569168,206.5540117062288
5,3,30,2,diurnal,16,random,132,167.89611646660987,242.89611646660987,214.1417701494813
5,3,30,2,diurnal,16,random,133,153.31561496219902,220.11786265001746,220.33801779366584
5,3,30,2,diurnal,16,random,134,152.28568264634873,226.4528916796011,201.5683172120486
5,3,30,2,diurnal,16,random,135,150.35434837203266,169.35434837203266,174.00580472629375
5,3,30,2,diurnal,16,random,136,158.97487389910026,209.97487389910026,222.03291224037923
5,3,30,2,diurnal,16,random,137,134.4607305756404,214.4607305756404,206.8121262180595
5,3,30,2,diurnal,16,random,138,157.8406924740076,222.5364594438111,233.09610443364855
5,3,30,2,diurnal,16,random,139,136.09241620287895,189.854730424271,200.64956073095817
5,3,30,2,diurnal,16,random,140,155.02625158845805,195.97525475037912,208.94651840198458
5,3,30,2,diurnal,16,random,141,178.01391275230577,211.01391275230577,202.55938008726565
5,3,30,2,diurnal,16,random,142,155.54463629856372,188.54463629856372,183.91603081682172
5,3,30,2,diurnal,16,random,143,155.01327197979603,201.01327197979603,198.305172363262
5,3,30,2,diurnal,16,random,144,152.2095080940685,201.97205653707636,200.08646584550974
5,3,30,2,diurnal,16,random,145,151.73296465218726,196.12841174012135,186.21431840658497
5,3,30,2,diurnal,16,random,146,156.50032393279685,185.50032393279685,168.83344514944903
5,3,30,2,diurnal,16,random,147,163.50566181277316,223.8072475243184,213.11726220512935
5,3,30,2,diurnal,16,random,148,200.2100053799575,218.2100053799575,218.8701676308899
5,3,30,2,diurnal,16,random,149,171.41523727478096,230.34125069429112,234.7564220738088
5,3,30,2,diurnal,16,random,150,168.12830475323233,241.50814669825314,256.5923443148476
5,3,30,2,diurnal,16,random,151,145.57883444779304,194.0234115064277,183.98664666168776
5,3,30,2,diurnal,16,random,152,149.37472410426827,194.05541229740118,201.57086067225126
5,3,30,2,diurnal,16,random,153,156.3277810424329,202.74068211971627,209.07308144385647
5,3,30,2,diurnal,16,random,154,144.00813580521378,191.96893370973518,173.4465733046915
5,3,30,2,diurnal,16,random,155,162.11857772712926,247.11857772712926,240.07551075495232
5,3,30,2,diurnal,16,random,156,156.94962460866026,192.86780228891996,193.75422212353686
5,3,30,2,diurnal,16,random,157,168.53295801674392,234.53295801674392,228.00243492507914
5,3,30,2,diurnal,16,random,158,165.56066558523656,230.22907033210055,216.49636987752555
5,3,30,2,diurnal,16,random,159,139.74667467255526,207.3612013794997,205.387482362566
5,3,30,2,diurnal,16,random,160,185.60498630139853,233.60498630139853,229.26319718235285
5,3,30,2,diurnal,16,random,161,152.97619508125356,184.97619508125356,183.98135619885917
5,3,30,2,diurnal,16,random,162,150.42629136029046,197.7078496522754,197.65768508572975
5,3,30,2,diurnal,16,random,163,152.0326689284517,214.0326689284517,219.30575061555157
5,3,30,2,diurnal,16,random,164,151.01036185449735,205.9755135756309,197.60807322429767
5,3,30,2,diurnal,16,random,165,163.3929189262734,200.3929189262734,230.00134556856887
5,3,30,2,diurnal,16,random,166,124.38272005947285,160.86935786495908,164.39655536025026
5,3,30,2,diurnal,16,random,167,151.6313135486263,205.947222829958,191.48905073673512
5,3,30,2,diurnal,16,random,168,160.6552085145335,231.6552085145335,230.4192217606135
5,3,30,2,diurnal,16,random,169,172.7722218032132,195.19841590422686,191.49470190051423
5,3,30,2,diurnal,16,random,170,173.1219812499084,242.8291193106097,238.3024209388006
5,3,30,2,diurnal,16,random,171,150.34937788205644,197.34937788205644,199.4621738467874
5,3,30,2,diurnal,16,random,172,182.8307456531504,219.86780228891996,245.35980970648333
5,3,30,2,diurnal,16,random,173,171.71402361337005,213.97742308104898,214.98823736553953
5,3,30,2,diurnal,16,random,174,179.67668548751774,170.25016845903855,199.87210582541962
5,3,30,2,diurnal,16,random,175,161.12477539634554,206.39257005661094,196.81832946136808
5,3,30,2,diurnal,16,random,176,149.37024684898682,220.93038389730089,224.9873209326518
5,3,30,2,diurnal,16,random,177,180.29552104668667,219.71651008517753,235.44825857321015
5,3,30,2,diurnal,16,random,178,162.10620326459593,200.02928794755042,200.60797129638658
5,3,30,2,diurnal,16,random,179,150.34937788205644,186.97487389910026,185.0731593939961
5,3,30,2,diurnal,16,random,180,178.62771987886677,226.40432745053903,231.2494877536495
5,3,30,2,diurnal,16,random,181,160.85209713022223,198.96893370973518,205.64694254051003
5,3,30,2,diurnal,16,random,182,156.4376410157019,211.90781032371194,205.73142978530956
5,3,30,2,diurnal,16,random,183,176.8295404720929,232.0326689284517,239.47479525991633
5,3,30,2,diurnal,16,random,184,145.07663058129384,167.63344071505978,185.71910663678204
5,3,30,2,diurnal,16,random,185,150.35434837203266,169.35434837203266,193.53307322990673
5,3,30,2,diurnal,16,random,186,155.23304193049077,238.33976665281185,239.0041055160709
5,3,30,2,diurnal,16,random,187,121.53295801674393,155.7434704971464,145.55830657582842
5,3,30,2,diurnal,16,random,188,161.99588631285377,214.74214057615288,205.2205935222605
5,3,30,2,diurnal,16,random,189,148.8295404720929,218.8295404720929,215.7764333464981
5,3,30,2,diurnal,16,random,190,169.2155215473903,212.2155215473903,210.75917074777297
5,3,30,2,diurnal,16,random,191,145.62396846810742,178.62396846810742,166.96617867036412
5,3,30,2,diurnal,16,random,192,190.27576958342678,247.27576958342678,227.59317436121296
5,3,30,2,diurnal,16,random,193,149.98429609026587,186.98429609026587,187.02033592750357
5,3,30,2,diurnal,16,random,194,160.8072475243184,203.15040464030375,184.05353535084
5,3,30,2,diurnal,16,random,195,149.45233252884702,191.45233252884702,187.0035008536735
5,3,30,2,diurnal,16,random,196,190.89862651065715,199.89862651065715,201.3927084698156
5,3,30,2,diurnal,16,random,197,163.09211660349055,234.5447065418893,206.26977474578663
5,3,30,2,diurnal,16,random,198,165.27009206612857,190.25016845903855,187.9459517041658
5,3,30,2,diurnal,16,random,199,148.60498630139853,205.4160922682836,248.41753554668094
5,3,30,2,diurnal,16,HC_HI,0,150.63382848410671,169.63382848410671,159.47625634468596
5,3,30,2,diurnal,16,HC_HI,1,160.15401035782736,253.1409954588285,248.51384709706434
5,3,30,2,diurnal,16,HC_HI,2,160.90805072921373,231.90805072921373,232.35486070825726
5,3,30,2,diurnal,16,HC_HI,3,124.09211660349055,177.80767927920505,184.02197632842834
5,3,30,2,diurnal,16,HC_HI,4,178.06715875841957,248.06715875841957,280.40866950150405
5,3,30,2,diurnal,16,HC_HI,5,187.470244355671,245.470244355671,231.86157227554622
5,3,30,2,diurnal,16,HC_HI,6,194.0326689284517,261.0326689284517,247.5291845111664
5,3,30,2,diurnal,16,HC_HI,7,126.02189976014765,179.02189976014765,178.4606563871943
5,3,30,2,diurnal,16,HC_HI,8,161.60836238595917,181.64941892916923,182.55093484993105
5,3,30,2,diurnal,16,HC_HI,9,122.74124329952811,166.10818456895737,165.1692027302352
5,3,30,2,diurnal,16,HC_HI,10,134.89862651065715,161.7896656833528,170.22324728984074
5,3,30,2,diurnal,16,HC_HI,11,155.69320964940974,170.25672778542446,189.9122868463099
5,3,30,2,diurnal,16,HC_HI,12,209.97742308104898,300.977423081049,281.9348673751905
5,3,30,2,diurnal,16,HC_HI,13,147.81512962258384,219.84652224593503,213.14700089163088
5,3,30,2,diurnal,16,HC_HI,14,178.10006175150482,274.1000617515048,248.4695626847617
5,3,30,2,diurnal,16,HC_HI,15,210.26607226009241,252.26607226009241,268.052176897315
5,3,30,2,diurnal,16,HC_HI,16,195.38272005947283,292.5250117108162,291.87720378918226
5,3,30,2,diurnal,16,HC_HI,17,165.26754255628828,213.07250170205458,229.0765895569933
5,3,30,2,diurnal,16,HC_HI,18,134.4607305756404,214.4607305756404,208.98013200290424
5,3,30,2,diurnal,16,HC_HI,19,138.8355666084073,170.48209332817686,169.67540191284888
5,3,30,2,diurnal,16,HC_HI,20,161.2100053799575,218.2100053799575,220.04752038826763
5,3,30,2,diurnal,16,HC_HI,21,147.56234173042856,199.56234173042856,203.4429966601277
5,3,30,2,diurnal,16,HC_HI,22,199.84138205074484,278.89660432214896,296.3517831917223
5,3,30,2,diurnal,16,HC_HI,23,157.64377044103622,185.64377044103622,189.22276540806976
5,3,30,2,diurnal,16,HC_HI,24,153.74214057615288,190.74214057615288,192.8745916986384
5,3,30,2,diurnal,16,HC_HI,25,170.8406924740076,234.53295801674392,223.13038404597137
5,3,30,2,diurnal,16,HC_HI,26,181.81512962258384,225.22180906430154,225.50991923270905
5,3,30,2,diurnal,16,HC_HI,27,143.92217836358444,219.92217836358444,219.0352705635373
5,3,30,2,diurnal,16,HC_HI,28,152.8863237144937,200.15857198646904,196.07842064323182
5,3,30,2,diurnal,16,HC_HI,29,209.2986165974238,232.8353080500307,245.77787277752847
5,3,30,2,diurnal,16,HC_HI,30,184.1198535755591,259.1198535755591,232.05412803006627
5,3,30,2,diurnal,16,HC_HI,31,168.74666422830393,225.11786265001746,225.04620848954474
5,3,30,2,diurnal,16,HC_HI,32,156.68090578108186,199.68090578108186,196.5017060731188
5,3,30,2,diurnal,16,HC_HI,33,165.56066558523656,230.22907033210055,235.36376705087994
5,3,30,2,diurnal,16,HC_HI,34,169.92062404666223,199.74666422830393,211.6281100479949
5,3,30,2,diurnal,16,HC_HI,35,182.01327197979603,273.01327197979606,280.53061129806423
5,3,30,2,diurnal,16,HC_HI,36,190.48474853663595,218.24030256722875,212.3313575556644
5,3,30,2,diurnal,16,HC_HI,37,144.18869507106876,177.64864443045846,182.27859475324095
5,3,30,2,diurnal,16,HC_HI,38,191.09211660349055,219.09211660349055,261.4003323081382
5,3,30,2,diurnal,16,HC_HI,39,152.91447793982218,166.91447793982218,182.18611294923608
5,3,30,2,diurnal,16,HC_HI,40,153.48252149524595,206.48252149524595,203.83680770660243
5,3,30,2,diurnal,16,HC_HI,41,130.01822901164377,172.45065810903574,183.07036193349828
5,3,30,2,diurnal,16,HC_HI,42,122.47109088403865,177.01822901164377,141.938315731254
5,3,30,2,diurnal,16,HC_HI,43,158.26859216813455,205.26859216813455,212.54799821456322
5,3,30,2,diurnal,16,HC_HI,44,153.48252149524595,206.48252149524595,201.19702458735588
5,3,30,2,diurnal,16,HC_HI,45,126.52824363395656,167.19446857309728,164.16550180797793
5,3,30,2,diurnal,16,HC_HI,46,134.4607305756404,214.4607305756404,217.2613060384267
5,3,30,2,diurnal,16,HC_HI,47,151.27576958342678,184.56234173042856,186.17362677036854
5,3,30,2,diurnal,16,HC_HI,48,132.25889559284997,166.68077973743624,189.6408736690196
5,3,30,2,diurnal,16,HC_HI,49,148.96893370973518,201.74666422830393,207.80501760143315
5,3,30,2,diurnal,16,HC_HI,50,176.01019051115676,283.7078496522754,293.084479369067
5,3,30,2,diurnal,16,HC_HI,51,134.4607305756404,214.4607305756404,204.13052043726185
5,3,30,2,diurnal,16,HC_HI,52,134.4607305756404,214.4607305756404,207.6416936447147
5,3,30,2,diurnal,16,HC_HI,53,197.97487389910026,271.41516880718893,262.45811935895733
5,3,30,2,diurnal,16,HC_HI,54,149.06715875841957,257.8863237144937,237.21634312384555
5,3,30,2,diurnal,16,HC_HI,55,133.284987348318,186.3929189262734,185.24884246800903
5,3,30,2,diurnal,16,HC_HI,56,128.0326689284517,146.71777959580515,166.38766213193406
5,3,30,2,diurnal,16,HC_HI,57,149.12841174012135,175.25889559284997,169.599887653865
5,3,30,2,diurnal,16,HC_HI,58,157.76700229756625,215.74666422830393,212.3303901713531
5,3,30,2,diurnal,16,HC_HI,59,142.71826271501797,213.71826271501797,199.95360296705027
5,3,30,2,diurnal,16,HC_HI,60,122.74124329952811,166.10818456895737,165.32325335415848
5,3,30,2,diurnal,16,HC_HI,61,128.0326689284517,146.71777959580515,158.29489389746993
5,3,30,2,diurnal,16,HC_HI,62,160.8072475243184,203.15040464030375,203.4237580936102
5,3,30,2,diurnal,16,HC_HI,63,146.06348260346016,175.85613179383344,177.50683574736766
5,3,30,2,diurnal,16,HC_HI,64,184.87998689073726,222.580762770513,232.5143558151842
5,3,30,2,diurnal,16,HC_HI,65,159.18612143382776,232.2100053799575,190.27150712899186
5,3,30,2,diurnal,16,HC_HI,66,153.93824801851662,210.93824801851662,226.05650807100486
5,3,30,2,diurnal,16,HC_HI,67,168.45131328362595,182.30405507309652,170.73381524713514
5,3,30,2,diurnal,16,HC_HI,68,159.89393232918692,192.89393232918692,181.48305383170032
5,3,30,2,diurnal,16,HC_HI,69,141.23304193049077,148.27100659268564,148.08668169152995
5,3,30,2,diurnal,16,HC_HI,70,192.71808091947497,236.2100053799575,242.83212467959095
5,3,30,2,diurnal,16,HC_HI,71,170.68090578108186,245.68090578108186,246.80601072577016
5,3,30,2,diurnal,16,HC_HI,72,124.64941892916923,158.64941892916923,150.46962102494828
5,3,30,2,diurnal,16,HC_HI,73,152.91447793982218,166.91447793982218,198.89845816099722
5,3,30,2,diurnal,16,HC_HI,74,169.25164927296868,225.01136123429393,243.74734586825747
5,3,30,2,diurnal,16,HC_HI,75,158.26859216813455,205.26859216813455,210.9329211701834
5,3,30,2,diurnal,16,HC_HI,76,146.11581689476458,218.05541229740118,188.02826275815687
5,3,30,2,diurnal,16,HC_HI,77,138.8355666084073,170.48209332817686,188.60299026492294
5,3,30,2,diurnal,16,HC_HI,78,160.8406924740076,233.8406924740076,241.55198548929792
5,3,30,2,diurnal,16,HC_HI,79,197.97487389910026,271.41516880718893,273.05518493919743
5,3,30,2,diurnal,16,HC_HI,80,200.7895238790752,261.570470730807,279.931998461669
5,3,30,2,diurnal,16,HC_HI,81,179.24098544003607,229.23168084926306,226.92488706765897
5,3,30,2,diurnal,16,HC_HI,82,195.38272005947283,292.5250117108162,313.3869264044769
5,3,30,2,diurnal,16,HC_HI,83,158.26859216813455,205.26859216813455,214.39616650967594
5,3,30,2,diurnal,16,HC_HI,84,172.8435149900679,269.1914726206945,261.13770054070534
5,3,30,2,diurnal,16,HC_HI,85,144.18869507106876,177.64864443045846,186.60913844195994
5,3,30,2,diurnal,16,HC_HI,86,133.53169883226212,178.51942670862692,160.891296283206
5,3,30,2,diurnal,16,HC_HI,87,144.93038389730089,172.93038389730089,169.04651089071822
5,3,30,2,diurnal,16,HC_HI,88,161.60836238595917,181.64941892916923,183.38775702913543
5,3,30,2,diurnal,16,HC_HI,89,191.54613786036236,216.37472410426827,230.38615866196884
5,3,30,2,diurnal,16,HC_HI,90,185.42272159573855,243.42272159573855,225.803318509936
5,3,30,2,diurnal,16,HC_HI,91,119.27367569778968,119.41016697116737,119.09584852455906
5,3,30,2,diurnal,16,HC_HI,92,127.49607374417799,160.23722924068232,159.4949234453476
5,3,30,2,diurnal,16,HC_HI,93,166.13307811340752,208.76700229756625,208.52510976244793
5,3,30,2,diurnal,16,HC_HI,94,174.48209332817686,230.96913810001809,243.34754768409124
5,3,30,2,diurnal,16,HC_HI,95,197.97487389910026,271.41516880718893,258.6441634183723
5,3,30,2,diurnal,16,HC_HI,96,150.144626803012,198.49662002019335,197.41136907390668
5,3,30,2,diurnal,16,HC_HI,97,209.2986165974238,232.8353080500307,246.83063763420242
5,3,30,2,diurnal,16,HC_HI,98,142.61954859864554,195.48795961858508,170.65384798107493
5,3,30,2,diurnal,16,HC_HI,99,151.27576958342678,184.56234173042856,176.2245254526494
5,3,30,2,diurnal,16,HC_HI,100,159.18612143382776,232.2100053799575,241.11759416891795
5,3,30,2,diurnal,16,HC_HI,101,195.63815009661943,287.85129145767723,281.31047981651403
5,3,30,2,diurnal,16,HC_HI,102,173.48825503576268,249.48825503576268,230.06349063207034
5,3,30,2,diurnal,16,HC_HI,103,162.99998655361742,228.2532584817488,234.85531478085008
5,3,30,2,diurnal,16,HC_HI,104,185.68090578108186,230.88887654450326,242.34886807465924
5,3,30,2,diurnal,16,HC_HI,105,186.64563153072854,235.14510288590955,235.59080390485067
5,3,30,2,diurnal,16,HC_HI,106,146.4150979266721,191.73752820288297,182.0543910173057
5,3,30,2,diurnal,16,HC_HI,107,150.12841370647482,164.12841370647482,156.57325630612522
5,3,30,2,diurnal,16,HC_HI,108,142.71826271501797,213.71826271501797,213.58234416095692
5,3,30,2,diurnal,16,HC_HI,109,139.39257005661094,187.39257005661094,207.89590317757356
5,3,30,2,diurnal,16,HC_HI,110,157.97525475037912,202.46244698783357,194.55115107060604
5,3,30,2,diurnal,16,HC_HI,111,144.18869507106876,187.64864443045846,188.45645278729398
5,3,30,2,diurnal,16,HC_HI,112,122.97619508125356,177.60040654469682,166.24348467583158
5,3,30,2,diurnal,16,HC_HI,113,189.41523727478096,237.41523727478096,231.0601474598149
5,3,30,2,diurnal,16,HC_HI,114,131.51623947113436,187.4923286622709,175.90703257140714
5,3,30,2,diurnal,16,HC_HI,115,141.65941689619518,198.65941689619518,210.70154535342812
5,3,30,2,diurnal,16,HC_HI,116,147.41477986224243,171.7262725376442,172.0383568222777
5,3,30,2,diurnal,16,HC_HI,117,148.8846583915372,204.41413609079518,210.3321076970001
5,3,30,2,diurnal,16,HC_HI,118,153.74214057615288,190.74214057615288,184.7727320299173
5,3,30,2,diurnal,16,HC_HI,119,153.93824801851662,210.93824801851662,212.8014458411602
5,3,30,2,diurnal,16,HC_HI,120,167.24030256722875,194.32966556207447,206.53497377474852
5,3,30,2,diurnal,16,HC_HI,121,126.02189976014765,179.02189976014765,162.09750628314893
5,3,30,2,diurnal,16,HC_HI,122,190.5102810390443,237.09211660349055,252.24784606967697
5,3,30,2,diurnal,16,HC_HI,123,160.15401035782736,253.1409954588285,250.97606308294522
5,3,30,2,diurnal,16,HC_HI,124,185.42272159573855,243.42272159573855,244.4477699333167
5,3,30,2,diurnal,16,HC_HI,125,197.63681111932908,286.07296519823984,266.4678314944709
5,3,30,2,diurnal,16,HC_HI,126,197.1219812499084,228.80087060312388,236.73863713841007
5,3,30,2,diurnal,16,HC_HI,127,174.53928688313266,231.53928688313266,223.00522883005243
5,3,30,2,diurnal,16,HC_HI,128,149.97543635826298,193.0061982961031,147.47649900824942
5,3,30,2,diurnal,16,HC_HI,129,158.26859216813455,205.26859216813455,211.0159485450782
5,3,30,2,diurnal,16,HC_HI,130,176.01019051115676,283.7078496522754,299.60112918534986
5,3,30,2,diurnal,16,HC_HI,131,184.24098544003607,246.18612143382776,235.06477233193164
5,3,30,2,diurnal,16,HC_HI,132,185.68090578108186,230.88887654450326,230.08683609027477
5,3,30,2,diurnal,16,HC_HI,133,135.11786265001746,172.11786265001746,169.44219851596182
5,3,30,2,diurnal,16,HC_HI,134,130.61027589977243,169.26382611852682,161.31426919765696
5,3,30,2,diurnal,16,HC_HI,135,193.51623947113436,271.19841590422686,243.6878169645769
5,3,30,2,diurnal,16,HC_HI,136,128.97619508125356,168.57495234186717,174.2150870703251
5,3,30,2,diurnal,16,HC_HI,137,156.31871568407757,201.97487389910026,203.53582821190275
5,3,30,2,diurnal,16,HC_HI,138,149.64941892916923,177.64941892916923,176.02876241578048
5,3,30,2,diurnal,16,HC_HI,139,127.49607374417799,160.23722924068232,169.04680780594416
5,3,30,2,diurnal,16,HC_HI,140,151.71942934939239,206.470244355671,204.28933673915512
5,3,30,2,diurnal,16,HC_HI,141,144.18869507106876,187.64864443045846,178.46639771123597
5,3,30,2,diurnal,16,HC_HI,142,159.89393232918692,192.89393232918692,184.173881339515
5,3,30,2,diurnal,16,HC_HI,143,163.0477342378639,218.81303451542558,212.46565766367655
5,3,30,2,diurnal,16,HC_HI,144,160.15401035782736,253.1409954588285,233.5867123398768
5,3,30,2,diurnal,16,HC_HI,145,155.69320964940974,170.25672778542446,174.84672709509377
5,3,30,2,diurnal,16,HC_HI,146,196.23971700062674,231.23971700062674,249.54152916590104
5,3,30,2,diurnal,16,HC_HI,147,128.0326689284517,146.71777959580515,139.1512280950556
5,3,30,2,diurnal,16,HC_HI,148,142.24067725406866,171.87254166413126,175.15171677993715
5,3,30,2,diurnal,16,HC_HI,149,138.63344071505978,177.7544687265097,192.55802836204302
5,3,30,2,diurnal,16,HC_HI,150,130.52824363395655,181.09476030182537,180.90644079747733
5,3,30,2,diurnal,16,HC_HI,151,150.144626803012,198.49662002019335,193.55690415282814
5,3,30,2,diurnal,16,HC_HI,152,168.22180906430154,192.22180906430154,189.76041183095302
5,3,30,2,diurnal,16,HC_HI,153,157.81757216554126,233.81757216554126,223.79412812834994
5,3,30,2,diurnal,16,HC_HI,154,134.89862651065715,161.7896656833528,152.00435962758777
5,3,30,2,diurnal,16,HC_HI,155,163.5435287392245,235.87301639159733,247.2751541861812
5,3,30,2,diurnal,16,HC_HI,156,126.02189976014765,179.02189976014765,181.46808711152948
5,3,30,2,diurnal,16,HC_HI,157,195.38272005947283,292.5250117108162,289.201903357671
5,3,30,2,diurnal,16,HC_HI,158,156.84098341701196,198.88887654450326,194.2228472861306
5,3,30,2,diurnal,16,HC_HI,159,142.61954859864554,195.48795961858508,210.73758273979902
5,3,30,2,diurnal,16,HC_HI,160,156.68090578108186,199.68090578108186,200.9184923965395
5,3,30,2,diurnal,16,HC_HI,161,159.56687130483903,197.7228703864029,181.08494262883767
5,3,30,2,diurnal,16,HC_HI,162,158.87729365551434,202.41413609079518,208.4336736498624
5,3,30,2,diurnal,16,HC_HI,163,187.470244355671,245.470244355671,231.3849790476455
5,3,30,2,diurnal,16,HC_HI,164,151.896604322149,180.86858733002038,176.69876744991097
5,3,30,2,diurnal,16,HC_HI,165,156.71402361337005,166.74020690601702,165.95166730508188
5,3,30,2,diurnal,16,HC_HI,166,149.12841174012135,175.25889559284997,166.96663408899983
5,3,30,2,diurnal,16,HC_HI,167,127.55648552772729,169.5564855277273,188.41926873245703
5,3,30,2,diurnal,16,HC_HI,168,142.71826271501797,213.71826271501797,210.43709191491433
5,3,30,2,diurnal,16,HC_HI,169,151.27576958342678,184.56234173042856,190.84022928725972
5,3,30,2,diurnal,16,HC_HI,170,186.68292581286335,255.1198535755591,232.1082101725771
5,3,30,2,diurnal,16,HC_HI,171,156.71402361337005,166.74020690601702,159.76222370107524
5,3,30,2,diurnal,16,HC_HI,172,136.08854653087653,179.719878972474,181.85551006647003
5,3,30,2,diurnal,16,HC_HI,173,185.42272159573855,243.42272159573855,237.57671786158107
5,3,30,2,diurnal,16,HC_HI,174,147.41477986224243,171.7262725376442,178.9538769104889
5,3,30,2,diurnal,16,HC_HI,175,130.470244355671,167.0477342378639,166.21244198849325
5,3,30,2,diurnal,16,HC_HI,176,197.63681111932908,286.07296519823984,287.7281757967003
5,3,30,2,diurnal,16,HC_HI,177,150.144626803012,198.49662002019335,217.01160754742824
5,3,30,2,diurnal,16,HC_HI,178,160.8406924740076,233.8406924740076,231.64786337708065
5,3,30,2,diurnal,16,HC_HI,179,176.01019051115676,283.7078496522754,292.94756653151984
5,3,30,2,diurnal,16,HC_HI,180,178.12830475323233,192.435485575787,203.22844724109274
5,3,30,2,diurnal,16,HC_HI,181,157.2340980599254,240.70893480545433,250.95588762324977
5,3,30,2,diurnal,16,HC_HI,182,191.54613786036236,216.37472410426827,200.77075053695648
5,3,30,2,diurnal,16,HC_HI,183,151.896604322149,180.86858733002038,186.55254501815642
5,3,30,2,diurnal,16,HC_HI,184,143.30405507309652,172.30405507309652,175.14454120985994
5,3,30,2,diurnal,16,HC_HI,185,141.65941689619518,198.65941689619518,221.03023979288423
5,3,30,2,diurnal,16,HC_HI,186,143.92217836358444,219.92217836358444,211.01663866185066
5,3,30,2,diurnal,16,HC_HI,187,128.97619508125356,168.57495234186717,175.00550645333604
5,3,30,2,diurnal,16,HC_HI,188,157.64377044103622,185.64377044103622,200.1317132963594
5,3,30,2,diurnal,16,HC_HI,189,149.12841174012135,175.25889559284997,165.6287702537233
5,3,30,2,diurnal,16,HC_HI,190,148.96893370973518,201.74666422830393,190.51513561577633
5,3,30,2,diurnal,16,HC_HI,191,209.97742308104898,300.977423081049,283.53427330803794
5,3,30,2,diurnal,16,HC_HI,192,142.2565042883038,187.6600265336167,185.46656910104105
5,3,30,2,diurnal,16,HC_HI,193,141.23304193049077,148.27100659268564,142.59832487564464
5,3,30,2,diurnal,16,HC_HI,194,145.01327197979603,188.89327723375342,184.34773731408086
5,3,30,2,diurnal,16,HC_HI,195,147.41477986224243,171.7262725376442,177.3355058615435
5,3,30,2,diurnal,16,HC_HI,196,158.62452459196467,215.62452459196467,214.4084702263548
5,3,30,2,diurnal,16,HC_HI,197,149.97543635826298,193.0061982961031,162.21366064392248
5,3,30,2,diurnal,16,HC_HI,198,133.71826271501797,173.2155215473903,172.7857158710177
5,3,30,2,diurnal,16,HC_HI,199,142.28568264634873,177.34125069429112,177.71515365192857
5,3,30,2,diurnal,16,HC_LI,0,163.09211660349055,234.5447065418893,206.4281293320141
5,3,30,2,diurnal,16,HC_LI,1,169.7487611063204,234.22180906430154,208.10620120241947
5,3,30,2,diurnal,16,HC_LI,2,144.74667467255526,209.45131328362595,185.4824305695007
5,3,30,2,diurnal,16,HC_LI,3,169.63681111932908,195.8509970524648,210.34893848404627
5,3,30,2,diurnal,16,HC_LI,4,180.60836238595917,252.23971700062674,250.63708408704167
5,3,30,2,diurnal,16,HC_LI,5,163.98429609026587,190.98429609026587,167.47435062269435
5,3,30,2,diurnal,16,HC_LI,6,148.09476030182537,191.97487389910026,197.98629661187024
5,3,30,2,diurnal,16,HC_LI,7,158.86054052211819,240.87998689073726,257.1086852496423
5,3,30,2,diurnal,16,HC_LI,8,162.24030256722875,201.3240919074144,215.95017210586138
5,3,30,2,diurnal,16,HC_LI,9,184.79280149884357,236.79280149884357,236.3874664984923
5,3,30,2,diurnal,16,HC_LI,10,149.6600265336167,191.53881219859107,208.43379657678264
5,3,30,2,diurnal,16,HC_LI,11,144.22180906430154,192.22180906430154,197.974111759577
5,3,30,2,diurnal,16,HC_LI,12,185.4320136605661,241.24495686024628,248.22469207394357
5,3,30,2,diurnal,16,HC_LI,13,168.12830475323233,241.50814669825314,250.66561872975953
5,3,30,2,diurnal,16,HC_LI,14,146.13886690279793,183.04544963461512,158.9196710591382
5,3,30,2,diurnal,16,HC_LI,15,150.23722924068232,181.00813580521378,180.8877585045433
5,3,30,2,diurnal,16,HC_LI,16,154.34937788205644,204.3762247521834,210.06944297466586
5,3,30,2,diurnal,16,HC_LI,17,170.81303451542558,226.13886690279793,221.39428935956124
5,3,30,2,diurnal,16,HC_LI,18,145.32566901074523,201.32566901074523,198.6387571510276
5,3,30,2,diurnal,16,HC_LI,19,157.8291193106097,219.8291193106097,197.45324513404265
5,3,30,2,diurnal,16,HC_LI,20,153.5762762753937,220.68130902308292,232.4053786021161
5,3,30,2,diurnal,16,HC_LI,21,163.40410859737338,209.40410859737338,233.7778651382145
5,3,30,2,diurnal,16,HC_LI,22,169.7487611063204,234.22180906430154,226.763701451378
5,3,30,2,diurnal,16,HC_LI,23,167.41666378185934,201.37472410426827,191.95372261369857
5,3,30,2,diurnal,16,HC_LI,24,165.57446499457802,188.57446499457802,231.28271322751266
5,3,30,2,diurnal,16,HC_LI,25,159.4151688071889,216.4151688071889,219.45702287651625
5,3,30,2,diurnal,16,HC_LI,26,163.09211660349055,234.5447065418893,217.0506998299183
5,3,30,2,diurnal,16,HC_LI,27,172.10818456895737,192.0047012057483,188.1830976650887
5,3,30,2,diurnal,16,HC_LI,28,154.83337273389603,221.57495234186717,204.67828942042485
5,3,30,2,diurnal,16,HC_LI,29,186.26607226009241,239.13007196766642,233.13836351720536
5,3,30,2,diurnal,16,HC_LI,30,173.719878972474,192.719878972474,175.6567538543819
5,3,30,2,diurnal,16,HC_LI,31,179.275841549336,197.12830475323233,205.1423770567644
5,3,30,2,diurnal,16,HC_LI,32,172.4941618151514,238.4941618151514,237.7428711567625
5,3,30,2,diurnal,16,HC_LI,33,154.20662009349712,230.20662009349712,237.38432020588286
5,3,30,2,diurnal,16,HC_LI,34,152.2791302546587,179.2791302546587,207.1610734549659
5,3,30,2,diurnal,16,HC_LI,35,180.3612013794997,221.3612013794997,222.31380875385074
5,3,30,2,diurnal,16,HC_LI,36,165.71826271501797,246.71826271501797,246.68568351852667
5,3,30,2,diurnal,16,HC_LI,37,161.50814669825314,200.23722924068232,217.98563702093213
5,3,30,2,diurnal,16,HC_LI,38,140.048292557127,183.048292557127,187.43622803374882
5,3,30,2,diurnal,16,HC_LI,39,169.08361775888386,229.08361775888386,249.88614402895396
5,3,30,2,diurnal,16,HC_LI,40,146.9315822407843,191.9315822407843,194.7760044975219
5,3,30,2,diurnal,16,HC_LI,41,162.24030256722875,201.3240919074144,214.25556159164998
5,3,30,2,diurnal,16,HC_LI,42,142.9798220826812,208.0626984584695,189.0734657774249
5,3,30,2,diurnal,16,HC_LI,43,146.16553193553483,205.9755135756309,190.2904346142686
5,3,30,2,diurnal,16,HC_LI,44,187.45538281318056,204.71826271501797,201.76575916755775
5,3,30,2,diurnal,16,HC_LI,45,143.74214057615288,200.74214057615288,210.35071532488897
5,3,30,2,diurnal,16,HC_LI,46,162.38272005947283,175.38272005947283,181.8337671550558
5,3,30,2,diurnal,16,HC_LI,47,176.19446857309728,247.19446857309728,239.76503407730013
5,3,30,2,diurnal,16,HC_LI,48,154.4151688071889,181.7895238790752,194.29014447687584
5,3,30,2,diurnal,16,HC_LI,49,159.4151688071889,216.4151688071889,214.19117955681983
5,3,30,2,diurnal,16,HC_LI,50,162.38272005947283,175.38272005947283,199.58642743635352
5,3,30,2,diurnal,16,HC_LI,51,170.11581689476458,201.73752820288297,200.8353889393868
5,3,30,2,diurnal,16,HC_LI,52,149.98184101572247,160.00934886126856,166.43975428326104
5,3,30,2,diurnal,16,HC_LI,53,176.42642298252917,242.42642298252917,241.66274383585116
5,3,30,2,diurnal,16,HC_LI,54,142.05748590487997,185.3660320001112,181.1838185299151
5,3,30,2,diurnal,16,HC_LI,55,169.34937788205644,205.11786265001746,212.71697907420838
5,3,30,2,diurnal,16,HC_LI,56,167.41666378185934,201.37472410426827,201.2306788646971
5,3,30,2,diurnal,16,HC_LI,57,169.87729365551434,206.87729365551434,195.35670950380603
5,3,30,2,diurnal,16,HC_LI,58,160.06276272607187,202.55784952986892,205.89908839575907
5,3,30,2,diurnal,16,HC_LI,59,134.78200962700666,181.78200962700666,185.104032424321
5,3,30,2,diurnal,16,HC_LI,60,178.7240319425747,199.55168351946313,192.6844841537302
5,3,30,2,diurnal,16,HC_LI,61,161.6192734201246,215.37472410426827,196.47145615861288
5,3,30,2,diurnal,16,HC_LI,62,178.7240319425747,199.55168351946313,218.21049509030303
5,3,30,2,diurnal,16,HC_LI,63,125.84351499006787,188.94962460866026,217.42873783444617
5,3,30,2,diurnal,16,HC_LI,64,157.8406924740076,222.5364594438111,256.29196189942843
5,3,30,2,diurnal,16,HC_LI,65,184.0234115064277,203.23971700062674,218.00067400916305
5,3,30,2,diurnal,16,HC_LI,66,151.49662002019335,193.49662002019335,220.97562017637446
5,3,30,2,diurnal,16,HC_LI,67,166.83914172230087,195.61885756644944,198.03282999276075
5,3,30,2,diurnal,16,HC_LI,68,136.09241620287895,189.854730424271,191.3334591203227
5,3,30,2,diurnal,16,HC_LI,69,166.07296519823984,222.37141382287865,231.71509558467446
5,3,30,2,diurnal,16,HC_LI,70,164.12830475323233,222.15401035782736,233.70728656534814
5,3,30,2,diurnal,16,HC_LI,71,125.35487283207313,181.3548728320731,180.1752474270753
5,3,30,2,diurnal,16,HC_LI,72,144.32566901074523,207.0626984584695,205.09084202999875
5,3,30,2,diurnal,16,HC_LI,73,174.22556652416722,218.9488366232627,220.83075062859072
5,3,30,2,diurnal,16,HC_LI,74,144.22180906430154,192.22180906430154,195.75047329750853
5,3,30,2,diurnal,16,HC_LI,75,149.3612013794997,207.3612013794997,214.57031828665276
5,3,30,2,diurnal,16,HC_LI,76,172.2986165974238,218.2986165974238,221.753106140295
5,3,30,2,diurnal,16,HC_LI,77,161.50814669825314,200.23722924068232,185.63911180460286
5,3,30,2,diurnal,16,HC_LI,78,157.60498630139853,199.60498630139853,210.23704918544615
5,3,30,2,diurnal,16,HC_LI,79,169.9315822407843,208.9313267290518,198.81935922143956
5,3,30,2,diurnal,16,HC_LI,80,174.13631150321095,251.13631150321095,245.55361314197765
5,3,30,2,diurnal,16,HC_LI,81,137.80781943929622,168.83222946277044,166.71635553940163
5,3,30,2,diurnal,16,HC_LI,82,170.11581689476458,201.73752820288297,205.03482699436418
5,3,30,2,diurnal,16,HC_LI,83,163.98429609026587,190.98429609026587,174.3067238261332
5,3,30,2,diurnal,16,HC_LI,84,163.275841549336,207.275841549336,193.42668557012155
5,3,30,2,diurnal,16,HC_LI,85,162.50111405789596,161.50111405789596,177.92824324700376
5,3,30,2,diurnal,16,HC_LI,86,128.56989137933175,181.72380788429714,179.41227681819834
5,3,30,2,diurnal,16,HC_LI,87,178.1219812499084,216.43427450544158,217.52621228430021
5,3,30,2,diurnal,16,HC_LI,88,170.48825503576268,206.0245988940874,214.25626630245236
5,3,30,2,diurnal,16,HC_LI,89,169.08854653087653,249.7544687265097,244.46666799144936
5,3,30,2,diurnal,16,HC_LI,90,185.08854653087653,245.48825503576268,238.62639019659696
5,3,30,2,diurnal,16,HC_LI,91,141.39087767433375,168.39087767433375,174.14019739345747
5,3,30,2,diurnal,16,HC_LI,92,149.98184101572247,170.23971700062674,166.18041695153198
5,3,30,2,diurnal,16,HC_LI,93,155.06348260346016,201.2573987952262,182.0101689545333
5,3,30,2,diurnal,16,HC_LI,94,167.9798220826812,196.89327723375342,192.0828773013508
5,3,30,2,diurnal,16,HC_LI,95,170.11581689476458,201.73752820288297,204.25359300581854
5,3,30,2,diurnal,16,HC_LI,96,125.35487283207313,181.3548728320731,198.84178008105297
5,3,30,2,diurnal,16,HC_LI,97,164.12830475323233,222.15401035782736,248.55991465637396
5,3,30,2,diurnal,16,HC_LI,98,151.63681111932908,232.63681111932908,234.86972457244056
5,3,30,2,diurnal,16,HC_LI,99,183.19794703069482,256.21000537995747,251.4601724785243
5,3,30,2,diurnal,16,HC_LI,100,125.35487283207313,181.3548728320731,191.89178140598574
5,3,30,2,diurnal,16,HC_LI,101,181.50565992407303,229.96871697999308,226.37163559451267
5,3,30,2,diurnal,16,HC_LI,102,142.05748590487997,185.3660320001112,184.66734010588138
5,3,30,2,diurnal,16,HC_LI,103,195.80087060312388,242.80087060312388,242.3997340321019
5,3,30,2,diurnal,16,HC_LI,104,172.6848204921124,220.75599661541688,234.13919434857326
5,3,30,2,diurnal,16,HC_LI,105,163.37119386825677,221.34991150343734,220.69185926988698
5,3,30,2,diurnal,16,HC_LI,106,152.6848204921124,211.53928688313266,204.30184413161007
5,3,30,2,diurnal,16,HC_LI,107,146.83862561590507,241.83862561590507,246.05790039976023
5,3,30,2,diurnal,16,HC_LI,108,149.9981829164999,192.09118079062335,189.12842223097687
5,3,30,2,diurnal,16,HC_LI,109,161.64377044103622,216.83222946277044,228.33096740570156
5,3,30,2,diurnal,16,HC_LI,110,132.58272862398377,211.07663058129384,206.12313455427048
5,3,30,2,diurnal,16,HC_LI,111,141.19263132863176,204.74068211971627,217.06711245532105
5,3,30,2,diurnal,16,HC_LI,112,160.11786265001746,198.72746620790957,225.62957935714806
5,3,30,2,diurnal,16,HC_LI,113,175.88887654450326,227.88887654450326,199.82884843886143
5,3,30,2,diurnal,16,HC_LI,114,158.74666422830393,214.74666422830393,225.87648783010977
5,3,30,2,diurnal,16,HC_LI,115,159.01327197979603,216.10006175150482,210.21824625688572
5,3,30,2,diurnal,16,HC_LI,116,156.84138205074484,201.32566901074523,214.2445838387832
5,3,30,2,diurnal,16,HC_LI,117,169.87729365551434,206.87729365551434,225.27613646397603
5,3,30,2,diurnal,16,HC_LI,118,139.3929189262734,168.44919953904747,158.2874242264099
5,3,30,2,diurnal,16,HC_LI,119,142.05748590487997,185.3660320001112,184.96541654552004
5,3,30,2,diurnal,16,HC_LI,120,195.80087060312388,242.80087060312388,264.83863526929616
5,3,30,2,diurnal,16,HC_LI,121,151.49662002019335,193.49662002019335,196.36157285467942
5,3,30,2,diurnal,16,HC_LI,122,144.70383533334848,202.896604322149,197.41080707331332
5,3,30,2,diurnal,16,HC_LI,123,151.49662002019335,193.49662002019335,188.90342650488637
5,3,30,2,diurnal,16,HC_LI,124,157.8406924740076,222.5364594438111,235.78016470257566
5,3,30,2,diurnal,16,HC_LI,125,162.56066558523656,179.56066558523656,177.81802888635073
5,3,30,2,diurnal,16,HC_LI,126,174.62584587281648,220.62584587281648,203.05287078941885
5,3,30,2,diurnal,16,HC_LI,127,160.11786265001746,198.72746620790957,190.34218197722288
5,3,30,2,diurnal,16,HC_LI,128,162.71402361337005,223.71402361337005,210.98586891541038
5,3,30,2,diurnal,16,HC_LI,129,163.10006175150482,235.82217914816854,238.33535468344039
5,3,30,2,diurnal,16,HC_LI,130,173.719878972474,192.719878972474,181.75352558880434
5,3,30,2,diurnal,16,HC_LI,131,150.23722924068232,181.00813580521378,189.12094405967667
5,3,30,2,diurnal,16,HC_LI,132,145.32566901074523,201.32566901074523,204.44029223580662
5,3,30,2,diurnal,16,HC_LI,133,159.45346741198682,183.45346741198682,187.9004741866774
5,3,30,2,diurnal,16,HC_LI,134,190.89862651065715,199.89862651065715,215.13359301365955
5,3,30,2,diurnal,16,HC_LI,135,174.19263132863176,279.19263132863176,270.24640186367037
5,3,30,2,diurnal,16,HC_LI,136,125.25164927296869,187.25164927296868,178.61739872321547
5,3,30,2,diurnal,16,HC_LI,137,161.12477539634554,206.39257005661094,194.29363082957695
5,3,30,2,diurnal,16,HC_LI,138,159.64614502734523,201.64614502734523,201.1452932595323
5,3,30,2,diurnal,16,HC_LI,139,159.4150979266721,206.62552517483786,236.37144759134515
5,3,30,2,diurnal,16,HC_LI,140,161.8846583915372,185.8846583915372,200.8542259773597
5,3,30,2,diurnal,16,HC_LI,141,169.08361775888386,229.08361775888386,209.61650257851662
5,3,30,2,diurnal,16,HC_LI,142,168.7722218032132,201.3195872482732,200.06265206479065
5,3,30,2,diurnal,16,HC_LI,143,143.74214057615288,200.74214057615288,202.6920437430394
5,3,30,2,diurnal,16,HC_LI,144,180.3612013794997,221.3612013794997,226.20513069943246
5,3,30,2,diurnal,16,HC_LI,145,144.32566901074523,192.32566901074523,191.82317984433837
5,3,30,2,diurnal,16,HC_LI,146,172.9067211322852,208.48474853663595,217.55850591498125
5,3,30,2,diurnal,16,HC_LI,147,149.96871697999308,174.85209713022223,210.92632256860244
5,3,30,2,diurnal,16,HC_LI,148,163.4151688071889,198.52501171081622,237.81057668498445
5,3,30,2,diurnal,16,HC_LI,149,160.45335259778267,206.80767927920505,207.56485154057805
5,3,30,2,diurnal,16,HC_LI,150,148.81517905332413,199.9067211322852,188.60288216934472
5,3,30,2,diurnal,16,HC_LI,151,154.83337273389603,221.57495234186717,226.61729914176564
5,3,30,2,diurnal,16,HC_LI,152,146.9315822407843,191.9315822407843,187.48703366060562
5,3,30,2,diurnal,16,HC_LI,153,159.01327197979603,216.10006175150482,232.52525625249868
5,3,30,2,diurnal,16,HC_LI,154,161.8846583915372,185.8846583915372,201.37797395515642
5,3,30,2,diurnal,16,HC_LI,155,142.9798220826812,208.0626984584695,207.91577820874696
5,3,30,2,diurnal,16,HC_LI,156,178.71942934939239,231.63344071505978,233.38632062589994
5,3,30,2,diurnal,16,HC_LI,157,181.50565992407303,229.96871697999308,239.38827463450443
5,3,30,2,diurnal,16,HC_LI,158,170.11581689476458,201.73752820288297,229.81610473386786
5,3,30,2,diurnal,16,HC_LI,159,146.13886690279793,183.04544963461512,153.04486853707616
5,3,30,2,diurnal,16,HC_LI,160,164.0245988940874,233.6562872848651,233.9016313465749
5,3,30,2,diurnal,16,HC_LI,161,172.10818456895737,192.0047012057483,194.54462157660083
5,3,30,2,diurnal,16,HC_LI,162,160.8672228183484,230.33976665281185,236.29197941516642
5,3,30,2,diurnal,16,HC_LI,163,156.84098341701196,190.19841590422686,184.76837926651322
5,3,30,2,diurnal,16,HC_LI,164,168.7722218032132,201.3195872482732,180.72279883394125
5,3,30,2,diurnal,16,HC_LI,165,154.2073230287969,188.71942934939239,211.27869292028862
5,3,30,2,diurnal,16,HC_LI,166,166.83914172230087,195.61885756644944,224.89140576348055
5,3,30,2,diurnal,16,HC_LI,167,134.78200962700666,181.78200962700666,171.1198022373432
5,3,30,2,diurnal,16,HC_LI,168,146.9315822407843,191.9315822407843,192.2940156925682
5,3,30,2,diurnal,16,HC_LI,169,159.08361775888386,226.08361775888386,225.36691813402868
5,3,30,2,diurnal,16,HC_LI,170,162.50111405789596,161.50111405789596,181.17973691442674
5,3,30,2,diurnal,16,HC_LI,171,152.28568264634873,226.4528916796011,207.3099999213906
5,3,30,2,diurnal,16,HC_LI,172,151.63681111932908,232.63681111932908,256.96602106128864
5,3,30,2,diurnal,16,HC_LI,173,176.19446857309728,247.19446857309728,246.59017497789904
5,3,30,2,diurnal,16,HC_LI,174,167.60836238595917,198.60836238595917,225.8454730012081
5,3,30,2,diurnal,16,HC_LI,175,154.49051428491808,170.40760002677575,182.204197459881
5,3,30,2,diurnal,16,HC_LI,176,157.8406924740076,222.5364594438111,231.0735914034273
5,3,30,2,diurnal,16,HC_LI,177,173.71777959580515,236.02353724616893,222.3432261415832
5,3,30,2,diurnal,16,HC_LI,178,148.09476030182537,191.97487389910026,216.36128067940845
5,3,30,2,diurnal,16,HC_LI,179,154.49051428491808,170.40760002677575,173.21297346152332
5,3,30,2,diurnal,16,HC_LI,180,143.4193535509614,191.4193535509614,186.38286090059017
5,3,30,2,diurnal,16,HC_LI,181,170.24495686024628,205.7120442742313,225.72945096033976
5,3,30,2,diurnal,16,HC_LI,182,186.96871697999308,247.96871697999308,254.585598690384
5,3,30,2,diurnal,16,HC_LI,183,172.2986165974238,218.2986165974238,224.69386378578193
5,3,30,2,diurnal,16,HC_LI,184,169.39257005661094,182.39257005661094,191.50008069043957
5,3,30,2,diurnal,16,HC_LI,185,149.02189976014765,232.30070520331685,239.59574020254047
5,3,30,2,diurnal,16,HC_LI,186,153.3540758358941,153.7434704971464,156.2438176585289
5,3,30,2,diurnal,16,HC_LI,187,161.6192734201246,215.37472410426827,208.23808504653616
5,3,30,2,diurnal,16,HC_LI,188,157.05924488673034,252.62452459196467,245.12513553196837
5,3,30,2,diurnal,16,HC_LI,189,149.98429609026587,186.98429609026587,195.3042396839555
5,3,30,2,diurnal,16,HC_LI,190,169.34937788205644,205.11786265001746,199.7371028948242
5,3,30,2,diurnal,16,HC_LI,191,142.33981646744863,177.275841549336,186.44118184139222
5,3,30,2,diurnal,16,HC_LI,192,163.4151688071889,198.52501171081622,231.27740685184094
5,3,30,2,diurnal,16,HC_LI,193,187.84718875712147,224.84718875712147,229.22383815139142
5,3,30,2,diurnal,16,HC_LI,194,163.7487611063204,247.55745011102806,221.06545118220828
5,3,30,2,diurnal,16,HC_LI,195,192.03412358955683,243.7722218032132,224.55567587894106
5,3,30,2,diurnal,16,HC_LI,196,144.22180906430154,192.22180906430154,182.20647845285504
5,3,30,2,diurnal,16,HC_LI,197,169.34937788205644,205.11786265001746,209.54878195381661
5,3,30,2,diurnal,16,HC_LI,198,178.1219812499084,216.43427450544158,208.9038353186035
5,3,30,2,diurnal,16,HC_LI,199,167.27367569778968,213.83914172230087,224.87361223682262
5,3,30,2,diurnal,16,LC_HI,0,119.1653290235748,199.37964636989793,182.54778110439185
5,3,30,2,diurnal,16,LC_HI,1,165.73296465218726,179.73296465218726,217.39111843742683
5,3,30,2,diurnal,16,LC_HI,2,150.6174564918159,208.81512962258384,213.21528003546774
5,3,30,2,diurnal,16,LC_HI,3,176.78200962700666,220.71651008517753,220.28780452876083
5,3,30,2,diurnal,16,LC_HI,4,126.10006175150481,202.10006175150482,213.00710579478005
5,3,30,2,diurnal,16,LC_HI,5,147.9019506731378,202.4528916796011,196.23400981536915
5,3,30,2,diurnal,16,LC_HI,6,166.89862651065715,240.2073230287969,231.54052333348335
5,3,30,2,diurnal,16,LC_HI,7,143.4607305756404,173.3437655132119,175.40655388058227
5,3,30,2,diurnal,16,LC_HI,8,144.09407933667825,173.09407933667825,171.80379660794975
5,3,30,2,diurnal,16,LC_HI,9,134.87729365551434,210.98936263636787,207.16445524547277
5,3,30,2,diurnal,16,LC_HI,10,178.71651008517753,211.71651008517753,223.7284975151957
5,3,30,2,diurnal,16,LC_HI,11,148.42272159573855,251.23722924068232,251.53285082781184
5,3,30,2,diurnal,16,LC_HI,12,168.51982637221118,220.51982637221118,222.2433372658814
5,3,30,2,diurnal,16,LC_HI,13,158.51942670862692,202.63382848410671,229.4361472067672
5,3,30,2,diurnal,16,LC_HI,14,143.2565042883038,204.89993722605783,202.02461540410266
5,3,30,2,diurnal,16,LC_HI,15,173.048292557127,235.37024684898682,222.57275352567257
5,3,30,2,diurnal,16,LC_HI,16,145.7544687265097,210.97742308104898,212.22871655644292
5,3,30,2,diurnal,16,LC_HI,17,171.35910443961328,216.54463629856372,211.09129642056493
5,3,30,2,diurnal,16,LC_HI,18,136.49466876885984,178.3437655132119,178.86350467470686
5,3,30,2,diurnal,16,LC_HI,19,165.01223834504697,218.01223834504697,223.25099863549448
5,3,30,2,diurnal,16,LC_HI,20,177.2573987952262,189.97742308104898,218.02290950677877
5,3,30,2,diurnal,16,LC_HI,21,158.4587589270157,171.4587589270157,176.7542258023899
5,3,30,2,diurnal,16,LC_HI,22,161.93336062710762,201.33976665281185,205.66631332308592
5,3,30,2,diurnal,16,LC_HI,23,157.7022774521403,213.19147262069455,209.57979781433994
5,3,30,2,diurnal,16,LC_HI,24,133.97742308104898,160.85613179383344,164.7125702740764
5,3,30,2,diurnal,16,LC_HI,25,188.62396846810742,234.62396846810742,239.60904306312776
5,3,30,2,diurnal,16,LC_HI,26,160.13631150321095,243.54315908563441,248.1600922852869
5,3,30,2,diurnal,16,LC_HI,27,162.12890529983645,182.97453193857052,183.31384887973124
5,3,30,2,diurnal,16,LC_HI,28,177.18869507106876,201.41450678559647,194.37008383118484
5,3,30,2,diurnal,16,LC_HI,29,124.82217914816854,166.09360289495825,171.13088891232601
5,3,30,2,diurnal,16,LC_HI,30,148.74214057615288,218.6035377487143,208.05911868793243
5,3,30,2,diurnal,16,LC_HI,31,171.53463025245622,252.96893370973518,216.30491161693428
5,3,30,2,diurnal,16,LC_HI,32,153.0329494312971,200.8863237144937,190.70829531706582
5,3,30,2,diurnal,16,LC_HI,33,177.15857198646904,241.25016845903855,251.69677315557928
5,3,30,2,diurnal,16,LC_HI,34,146.27018911914988,193.27018911914988,197.10394421654385
5,3,30,2,diurnal,16,LC_HI,35,146.1219812499084,155.02740583313533,157.77959136079622
5,3,30,2,diurnal,16,LC_HI,36,135.67668548751774,178.67668548751774,179.49780398624432
5,3,30,2,diurnal,16,LC_HI,37,165.8866454756413,209.73296465218726,211.08796743432467
5,3,30,2,diurnal,16,LC_HI,38,165.73296465218726,179.73296465218726,188.37015284920224
5,3,30,2,diurnal,16,LC_HI,39,183.00306914412772,261.0329494312971,256.0048946268305
5,3,30,2,diurnal,16,LC_HI,40,171.7262725376442,232.34991150343734,222.1315722151348
5,3,30,2,diurnal,16,LC_HI,41,153.54613786036236,228.8406924740076,217.80775061551512
5,3,30,2,diurnal,16,LC_HI,42,151.18195110262764,203.18195110262764,187.79723027478155
5,3,30,2,diurnal,16,LC_HI,43,164.70031899443006,198.14657144987558,197.7985762914732
5,3,30,2,diurnal,16,LC_HI,44,196.74020690601702,236.63681111932908,234.0503085200042
5,3,30,2,diurnal,16,LC_HI,45,144.09407933667825,173.09407933667825,183.51996341245032
5,3,30,2,diurnal,16,LC_HI,46,136.30070520331685,169.38288673905475,159.723422124643
5,3,30,2,diurnal,16,LC_HI,47,137.8258713351051,198.8258713351051,192.10596187964177
5,3,30,2,diurnal,16,LC_HI,48,166.68090578108186,208.68090578108186,202.81045939643283
5,3,30,2,diurnal,16,LC_HI,49,156.8672228183484,199.25016845903855,214.28935180810953
5,3,30,2,diurnal,16,LC_HI,50,166.72746620790957,213.8258713351051,231.94664235345053
5,3,30,2,diurnal,16,LC_HI,51,170.21918671326299,199.21918671326299,206.1190051587402
5,3,30,2,diurnal,16,LC_HI,52,169.35598270645173,220.73752820288297,230.4937087625954
5,3,30,2,diurnal,16,LC_HI,53,187.2573987952262,263.2573987952262,259.86485055683556
5,3,30,2,diurnal,16,LC_HI,54,172.92055875105405,220.10818456895737,209.0215526059469
5,3,30,2,diurnal,16,LC_HI,55,142.284987348318,181.45131328362595,181.06721779723253
5,3,30,2,diurnal,16,LC_HI,56,145.46244698783357,201.46244698783357,202.93288639977038
5,3,30,2,diurnal,16,LC_HI,57,174.0575331596135,216.0575331596135,187.7273708659802
5,3,30,2,diurnal,16,LC_HI,58,173.1409954588285,246.61954859864554,237.29343151433702
5,3,30,2,diurnal,16,LC_HI,59,158.45131328362595,223.60836238595917,215.40775356124868
5,3,30,2,diurnal,16,LC_HI,60,165.8866454756413,209.73296465218726,221.63914707258695
5,3,30,2,diurnal,16,LC_HI,61,178.11786265001746,226.30225625672722,270.9647718525586
5,3,30,2,diurnal,16,LC_HI,62,168.4151688071889,215.00813580521378,221.09569406191525
5,3,30,2,diurnal,16,LC_HI,63,160.4320136605661,191.23168084926306,200.95909368477976
5,3,30,2,diurnal,16,LC_HI,64,153.54613786036236,228.8406924740076,222.8785546382414
5,3,30,2,diurnal,16,LC_HI,65,178.05232858347955,251.24098544003607,261.969763678173
5,3,30,2,diurnal,16,LC_HI,66,136.19263132863176,198.19263132863176,212.24197414699748
5,3,30,2,diurnal,16,LC_HI,67,185.7022774521403,245.97619508125356,247.48724477801994
5,3,30,2,diurnal,16,LC_HI,68,161.93336062710762,201.33976665281185,196.17376134434002
5,3,30,2,diurnal,16,LC_HI,69,151.73296465218726,242.39317797352209,256.17328715294593
5,3,30,2,diurnal,16,LC_HI,70,164.94962460866026,212.94962460866026,220.2748224250255
5,3,30,2,diurnal,16,LC_HI,71,151.35147275555923,217.42629136029046,206.3036241440902
5,3,30,2,diurnal,16,LC_HI,72,119.1653290235748,199.37964636989793,192.29385459062888
5,3,30,2,diurnal,16,LC_HI,73,171.7262725376442,232.34991150343734,248.83981650627155
5,3,30,2,diurnal,16,LC_HI,74,178.62771987886677,226.40432745053903,229.06827229095495
5,3,30,2,diurnal,16,LC_HI,75,145.7544687265097,210.97742308104898,179.15522850467053
5,3,30,2,diurnal,16,LC_HI,76,175.61954859864554,227.19147262069455,232.7681445217044
5,3,30,2,diurnal,16,LC_HI,77,162.12890529983645,182.97453193857052,200.6663149550446
5,3,30,2,diurnal,16,LC_HI,78,141.06752593979706,190.25016845903855,191.101464145173
5,3,30,2,diurnal,16,LC_HI,79,155.88887654450326,198.88887654450326,191.48430327680438
5,3,30,2,diurnal,16,LC_HI,80,148.74214057615288,218.6035377487143,219.46319938227418
5,3,30,2,diurnal,16,LC_HI,81,173.1219812499084,216.1219812499084,207.30715908649586
5,3,30,2,diurnal,16,LC_HI,82,124.38342066305384,155.35434837203266,162.7967842339962
5,3,30,2,diurnal,16,LC_HI,83,173.1409954588285,246.61954859864554,223.98037737640402
5,3,30,2,diurnal,16,LC_HI,84,148.85281002528023,205.85281002528023,200.64661949559598
5,3,30,2,diurnal,16,LC_HI,85,152.78542967104832,226.43143484722918,241.63250890168646
5,3,30,2,diurnal,16,LC_HI,86,174.7078496522754,220.42122744459974,209.4093583824575
5,3,30,2,diurnal,16,LC_HI,87,160.85209713022223,198.96893370973518,210.91609465392165
5,3,30,2,diurnal,16,LC_HI,88,219.48252149524595,272.4825214952459,271.2512561573081
5,3,30,2,diurnal,16,LC_HI,89,146.51623947113436,198.61027589977243,195.40405253349758
5,3,30,2,diurnal,16,LC_HI,90,194.02353724616893,231.89327723375342,245.77665390748513
5,3,30,2,diurnal,16,LC_HI,91,166.68090578108186,208.68090578108186,206.53138502196433
5,3,30,2,diurnal,16,LC_HI,92,117.6594168961952,150.65941689619518,168.76137638622095
5,3,30,2,diurnal,16,LC_HI,93,157.803249271308,217.803249271308,223.05024663746948
5,3,30,2,diurnal,16,LC_HI,94,134.97487389910026,162.97487389910026,170.86539422354113
5,3,30,2,diurnal,16,LC_HI,95,133.284987348318,189.4587589270157,190.89212685031745
5,3,30,2,diurnal,16,LC_HI,96,150.35147275555923,188.35147275555923,186.17245911079172
5,3,30,2,diurnal,16,LC_HI,97,182.57929744396705,213.50111405789596,197.1557890010365
5,3,30,2,diurnal,16,LC_HI,98,129.24320980548154,191.12841174012135,196.49579733497677
5,3,30,2,diurnal,16,LC_HI,99,166.73228796375673,237.8291193106097,245.64315171441532
5,3,30,2,diurnal,16,LC_HI,100,185.7022774521403,245.97619508125356,268.3063570355176
5,3,30,2,diurnal,16,LC_HI,101,205.60498630139853,296.6049863013985,295.0747239079907
5,3,30,2,diurnal,16,LC_HI,102,176.78200962700666,220.71651008517753,227.96929774768287
5,3,30,2,diurnal,16,LC_HI,103,188.62396846810742,234.62396846810742,222.15293056793416
5,3,30,2,diurnal,16,LC_HI,104,197.57883444779304,281.8961164666099,285.47264852196054
5,3,30,2,diurnal,16,LC_HI,105,177.6646827820284,226.6646827820284,201.7181421869603
5,3,30,2,diurnal,16,LC_HI,106,178.62771987886677,226.40432745053903,234.5608765414093
5,3,30,2,diurnal,16,LC_HI,107,131.89993722605783,184.89993722605783,197.7893729017692
5,3,30,2,diurnal,16,LC_HI,108,171.35910443961328,216.54463629856372,215.31824768042407
5,3,30,2,diurnal,16,LC_HI,109,134.52314547631084,151.85613179383344,145.62263009694792
5,3,30,2,diurnal,16,LC_HI,110,156.144626803012,193.144626803012,206.23721843419298
5,3,30,2,diurnal,16,LC_HI,111,144.7240319425747,205.48795961858508,222.9697338897936
5,3,30,2,diurnal,16,LC_HI,112,126.10006175150481,202.10006175150482,198.84210507789868
5,3,30,2,diurnal,16,LC_HI,113,165.68653822046247,208.68653822046247,196.24267822715808
5,3,30,2,diurnal,16,LC_HI,114,158.4587589270157,171.4587589270157,167.5702310068513
5,3,30,2,diurnal,16,LC_HI,115,199.00306914412772,261.4825214952459,282.3307797010482
5,3,30,2,diurnal,16,LC_HI,116,196.74427752040265,254.74427752040265,264.0333338512924
5,3,30,2,diurnal,16,LC_HI,117,156.50032393279685,185.50032393279685,186.3624609681521
5,3,30,2,diurnal,16,LC_HI,118,165.88887654450326,234.42642298252917,214.3807847352889
5,3,30,2,diurnal,16,LC_HI,119,134.97487389910026,162.97487389910026,176.37613698500607
5,3,30,2,diurnal,16,LC_HI,120,127.08854653087653,147.39317797352209,167.70224615850873
5,3,30,2,diurnal,16,LC_HI,121,159.2155215473903,193.10006175150482,180.62537343158934
5,3,30,2,diurnal,16,LC_HI,122,156.50032393279685,185.50032393279685,188.4472032335126
5,3,30,2,diurnal,16,LC_HI,123,231.26607226009241,260.80344477789674,271.61164875597046
5,3,30,2,diurnal,16,LC_HI,124,146.51623947113436,198.61027589977243,203.638487574024
5,3,30,2,diurnal,16,LC_HI,125,159.8866454756413,211.8866454756413,233.11296843921028
5,3,30,2,diurnal,16,LC_HI,126,152.8846583915372,205.05924488673034,205.63172514724127
5,3,30,2,diurnal,16,LC_HI,127,146.96893370973518,212.96893370973518,200.3287841861536
5,3,30,2,diurnal,16,LC_HI,128,168.44467679132038,190.44467679132038,185.4404090586037
5,3,30,2,diurnal,16,LC_HI,129,196.74020690601702,236.63681111932908,239.31468107772864
5,3,30,2,diurnal,16,LC_HI,130,165.68653822046247,208.68653822046247,206.98000568004878
5,3,30,2,diurnal,16,LC_HI,131,151.79969433070335,200.68292581286335,195.33499326186848
5,3,30,2,diurnal,16,LC_HI,132,159.8866454756413,211.8866454756413,217.4142222481854
5,3,30,2,diurnal,16,LC_HI,133,159.80344477789674,209.13659712702744,212.58383452047067
5,3,30,2,diurnal,16,LC_HI,134,161.07250170205458,194.07250170205458,212.5744097307106
5,3,30,2,diurnal,16,LC_HI,135,166.8846583915372,233.4923286622709,236.26917972068782
5,3,30,2,diurnal,16,LC_HI,136,136.30070520331685,169.38288673905475,167.7607196228727
5,3,30,2,diurnal,16,LC_HI,137,156.50032393279685,185.50032393279685,184.85400699607925
5,3,30,2,diurnal,16,LC_HI,138,163.06715875841957,219.01003528033405,207.89963535724962
5,3,30,2,diurnal,16,LC_HI,139,180.70200067557417,250.7544687265097,233.23677328143853
5,3,30,2,diurnal,16,LC_HI,140,197.57883444779304,281.8961164666099,275.5977588704688
5,3,30,2,diurnal,16,LC_HI,141,178.71651008517753,211.71651008517753,209.9974489721997
5,3,30,2,diurnal,16,LC_HI,142,187.2573987952262,263.2573987952262,270.41911954095747
5,3,30,2,diurnal,16,LC_HI,143,180.56989137933175,251.11581689476458,272.12416630690717
5,3,30,2,diurnal,16,LC_HI,144,161.07250170205458,194.07250170205458,186.54843238229478
5,3,30,2,diurnal,16,LC_HI,145,158.45131328362595,223.60836238595917,225.77102003808824
5,3,30,2,diurnal,16,LC_HI,146,141.06752593979706,190.25016845903855,189.06872533191404
5,3,30,2,diurnal,16,LC_HI,147,168.22556652416722,198.03194742229124,202.39532680908545
5,3,30,2,diurnal,16,LC_HI,148,169.1309890968005,199.48474853663595,210.5304349863845
5,3,30,2,diurnal,16,LC_HI,149,134.70746069376128,193.49466876885984,207.84906101134555
5,3,30,2,diurnal,16,LC_HI,150,140.3195872482732,173.3195872482732,178.09051739097586
5,3,30,2,diurnal,16,LC_HI,151,151.73296465218726,242.39317797352209,257.37010395652766
5,3,30,2,diurnal,16,LC_HI,152,126.86217552432265,163.3668976796102,141.86405900120593
5,3,30,2,diurnal,16,LC_HI,153,170.9313267290518,202.1219812499084,228.8489256087121
5,3,30,2,diurnal,16,LC_HI,154,124.75849594163799,137.580762770513,136.68167539862444
5,3,30,2,diurnal,16,LC_HI,155,159.31740111793906,195.79695570595777,195.2211153643844
5,3,30,2,diurnal,16,LC_HI,156,176.0700304374395,214.0700304374395,214.9965688452924
5,3,30,2,diurnal,16,LC_HI,157,158.62396846810742,248.60498630139853,232.19425336314038
5,3,30,2,diurnal,16,LC_HI,158,162.12890529983645,182.97453193857052,186.27551738200856
5,3,30,2,diurnal,16,LC_HI,159,142.39317797352209,171.61907102837367,174.97159170473498
5,3,30,2,diurnal,16,LC_HI,160,126.10006175150481,202.10006175150482,189.12065040768505
5,3,30,2,diurnal,16,LC_HI,161,147.86935786495908,182.07072163195812,185.52057164732028
5,3,30,2,diurnal,16,LC_HI,162,155.470244355671,210.51982637221118,206.65026013357692
5,3,30,2,diurnal,16,LC_HI,163,157.7022774521403,213.19147262069455,209.75395008553187
5,3,30,2,diurnal,16,LC_HI,164,219.48252149524595,272.4825214952459,261.2838613469925
5,3,30,2,diurnal,16,LC_HI,165,126.86217552432265,163.3668976796102,148.44931213060494
5,3,30,2,diurnal,16,LC_HI,166,142.580762770513,196.53160126361502,210.03827653282008
5,3,30,2,diurnal,16,LC_HI,167,169.49662002019335,235.49662002019335,238.08658362451223
5,3,30,2,diurnal,16,LC_HI,168,143.2565042883038,204.89993722605783,203.46896804474267
5,3,30,2,diurnal,16,LC_HI,169,158.4587589270157,171.4587589270157,171.76527570677817
5,3,30,2,diurnal,16,LC_HI,170,136.19263132863176,198.19263132863176,187.5278051995957
5,3,30,2,diurnal,16,LC_HI,171,145.35598270645173,176.734878198514,178.1647704467544
5,3,30,2,diurnal,16,LC_HI,172,156.144626803012,193.144626803012,188.23588537148245
5,3,30,2,diurnal,16,LC_HI,173,127.86899199328269,152.19446857309728,156.66788586226284
5,3,30,2,diurnal,16,LC_HI,174,155.470244355671,210.51982637221118,211.23376177767273
5,3,30,2,diurnal,16,LC_HI,175,210.97458257842615,247.97458257842615,258.71796128541587
5,3,30,2,diurnal,16,LC_HI,176,170.9313267290518,202.1219812499084,194.4155488590761
5,3,30,2,diurnal,16,LC_HI,177,163.3548728320731,159.3548728320731,172.1946785427827
5,3,30,2,diurnal,16,LC_HI,178,166.89862651065715,240.2073230287969,226.42573913137406
5,3,30,2,diurnal,16,LC_HI,179,139.80781943929622,186.39257005661094,189.47098872853283
5,3,30,2,diurnal,16,LC_HI,180,151.79280149884357,251.79280149884357,245.55303101548103
5,3,30,2,diurnal,16,LC_HI,181,142.35910443961328,175.32966556207447,157.65051614991413
5,3,30,2,diurnal,16,LC_HI,182,129.92217836358444,177.92217836358444,157.09087188078834
5,3,30,2,diurnal,16,LC_HI,183,172.20662009349712,224.20662009349712,208.63846219253418
5,3,30,2,diurnal,16,LC_HI,184,141.06752593979706,190.25016845903855,185.52607286341967
5,3,30,2,diurnal,16,LC_HI,185,196.74020690601702,236.63681111932908,267.7695580389133
5,3,30,2,diurnal,16,LC_HI,186,147.9019506731378,202.4528916796011,174.48927707882424
5,3,30,2,diurnal,16,LC_HI,187,160.13631150321095,243.54315908563441,232.9244147086088
5,3,30,2,diurnal,16,LC_HI,188,172.7120442742313,236.53169883226212,240.77859739682643
5,3,30,2,diurnal,16,LC_HI,189,154.33976665281185,201.33976665281185,204.92040691706646
5,3,30,2,diurnal,16,LC_HI,190,137.7412432995281,181.68292581286335,179.74316504556947
5,3,30,2,diurnal,16,LC_HI,191,129.89611646660987,198.40760002677575,179.15417173148617
5,3,30,2,diurnal,16,LC_HI,192,171.35910443961328,216.54463629856372,218.33714750138878
5,3,30,2,diurnal,16,LC_HI,193,154.38342066305384,188.2464559325237,203.41413696412872
5,3,30,2,diurnal,16,LC_HI,194,185.8355666084073,261.8355666084073,269.8958603383811
5,3,30,2,diurnal,16,LC_HI,195,144.09407933667825,173.09407933667825,175.2904736194487
5,3,30,2,diurnal,16,LC_HI,196,180.70200067557417,250.7544687265097,250.5289384129222
5,3,30,2,diurnal,16,LC_HI,197,129.24320980548154,191.12841174012135,189.4376421611235
5,3,30,2,diurnal,16,LC_HI,198,132.09360289495825,161.09360289495825,187.47090359478037
5,3,30,2,diurnal,16,LC_HI,199,136.45336216229146,171.87254166413126,170.44200700378653
5,3,30,2,diurnal,16,LC_LI,0,156.94962460866026,192.86780228891996,182.22688914852876
5,3,30,2,diurnal,16,LC_LI,1,152.97619508125356,184.97619508125356,190.69557805232301
5,3,30,2,diurnal,16,LC_LI,2,117.14462680301199,142.7485379710709,155.88138550573962
5,3,30,2,diurnal,16,LC_LI,3,169.20721738334393,254.20721738334393,261.92759886830606
5,3,30,2,diurnal,16,LC_LI,4,168.22180906430154,227.02189976014765,252.9546410449588
5,3,30,2,diurnal,16,LC_LI,5,173.9147694661665,229.87254166413126,206.35681885074277
5,3,30,2,diurnal,16,LC_LI,6,174.01210570557294,241.896604322149,241.506919118684
5,3,30,2,diurnal,16,LC_LI,7,173.53160126361502,236.51623947113436,240.76711239653943
5,3,30,2,diurnal,16,LC_LI,8,118.48474853663595,146.48474853663595,149.9418889753221
5,3,30,2,diurnal,16,LC_LI,9,169.72746620790957,204.96871697999308,195.99616263922243
5,3,30,2,diurnal,16,LC_LI,10,174.01210570557294,241.896604322149,227.58879517978096
5,3,30,2,diurnal,16,LC_LI,11,153.62452459196467,191.45538281318056,222.82202487095816
5,3,30,2,diurnal,16,LC_LI,12,199.13274399771268,257.1327439977127,258.27262373831473
5,3,30,2,diurnal,16,LC_LI,13,142.18869507106876,197.41450678559647,192.27246891847068
5,3,30,2,diurnal,16,LC_LI,14,173.45233252884702,216.11786265001746,235.34292063261478
5,3,30,2,diurnal,16,LC_LI,15,147.96893370973518,199.96893370973518,208.9412812843787
5,3,30,2,diurnal,16,LC_LI,16,144.01003528033405,165.84214595388497,155.6175510848982
5,3,30,2,diurnal,16,LC_LI,17,155.23304193049077,238.33976665281185,244.35501177025972
5,3,30,2,diurnal,16,LC_LI,18,146.9798220826812,195.9798220826812,187.22968272335305
5,3,30,2,diurnal,16,LC_LI,19,174.48474853663595,232.56989137933175,218.57342500917693
5,3,30,2,diurnal,16,LC_LI,20,195.0329494312971,295.0329494312971,300.2526426409986
5,3,30,2,diurnal,16,LC_LI,21,117.14462680301199,142.7485379710709,154.07632275181498
5,3,30,2,diurnal,16,LC_LI,22,163.97192319333925,189.19147262069455,199.63687414887357
5,3,30,2,diurnal,16,LC_LI,23,182.5074497325587,224.20662009349712,230.95483608785023
5,3,30,2,diurnal,16,LC_LI,24,169.6646827820284,233.42721331995034,256.178500301276
5,3,30,2,diurnal,16,LC_LI,25,182.93824801851662,188.85967452101258,204.24200581893285
5,3,30,2,diurnal,16,LC_LI,26,143.83204899053078,199.734878198514,206.21957151781888
5,3,30,2,diurnal,16,LC_LI,27,171.48252149524595,219.48252149524595,218.80132023460578
5,3,30,2,diurnal,16,LC_LI,28,160.70190448954102,179.70190448954102,207.42187446861604
5,3,30,2,diurnal,16,LC_LI,29,167.35434837203266,198.63344071505978,189.91939956003057
5,3,30,2,diurnal,16,LC_LI,30,179.3240919074144,179.27009206612857,171.1521311621314
5,3,30,2,diurnal,16,LC_LI,31,167.35434837203266,198.63344071505978,201.36084171593583
5,3,30,2,diurnal,16,LC_LI,32,190.69126734051798,263.8689919932827,274.68203978394524
5,3,30,2,diurnal,16,LC_LI,33,171.48209332817686,217.48209332817686,235.17717675290675
5,3,30,2,diurnal,16,LC_LI,34,158.3208395213117,202.86217552432265,198.33233777239818
5,3,30,2,diurnal,16,LC_LI,35,148.7894278684753,172.7894278684753,203.89046021822637
5,3,30,2,diurnal,16,LC_LI,36,172.97525475037912,230.13007196766642,232.95221988044338
5,3,30,2,diurnal,16,LC_LI,37,164.84718875712147,202.84718875712147,207.2404411265318
5,3,30,2,diurnal,16,LC_LI,38,175.71942934939239,227.71942934939239,222.2210950395643
5,3,30,2,diurnal,16,LC_LI,39,149.9981829164999,215.97543635826298,205.55994955367748
5,3,30,2,diurnal,16,LC_LI,40,174.12890529983645,245.07663058129384,228.42391118952736
5,3,30,2,diurnal,16,LC_LI,41,170.3650749149673,235.470244355671,229.57271762341975
5,3,30,2,diurnal,16,LC_LI,42,128.2986165974238,161.93029265590582,153.5370301315132
5,3,30,2,diurnal,16,LC_LI,43,175.85967452101258,222.85967452101258,225.37917577581146
5,3,30,2,diurnal,16,LC_LI,44,150.22556652416722,201.22180906430154,192.0144546782964
5,3,30,2,diurnal,16,LC_LI,45,170.2791302546587,236.2791302546587,235.07233619554088
5,3,30,2,diurnal,16,LC_LI,46,165.22907033210055,231.49214489719606,250.05613115199205
5,3,30,2,diurnal,16,LC_LI,47,135.26907322616273,163.08361775888386,164.35519586835954
5,3,30,2,diurnal,16,LC_LI,48,156.12089230985413,218.30814037152584,212.86148311887914
5,3,30,2,diurnal,16,LC_LI,49,173.47109088403863,220.97453193857052,224.36483925951134
5,3,30,2,diurnal,16,LC_LI,50,152.64941892916923,188.89993722605783,191.84752704294613
5,3,30,2,diurnal,16,LC_LI,51,171.4941618151514,199.4941618151514,193.17436798327986
5,3,30,2,diurnal,16,LC_LI,52,179.3240919074144,179.27009206612857,186.07250018543297
5,3,30,2,diurnal,16,LC_LI,53,181.92217836358444,234.92217836358444,228.05834382136473
5,3,30,2,diurnal,16,LC_LI,54,173.9147694661665,229.87254166413126,194.25311100743588
5,3,30,2,diurnal,16,LC_LI,55,148.86054052211819,197.01391275230577,211.04830499814494
5,3,30,2,diurnal,16,LC_LI,56,165.435485575787,191.97487389910026,200.78796803700047
5,3,30,2,diurnal,16,LC_LI,57,182.92217836358444,246.20268398043754,222.66099828538117
5,3,30,2,diurnal,16,LC_LI,58,135.26907322616273,163.08361775888386,158.76480948902812
5,3,30,2,diurnal,16,LC_LI,59,147.96893370973518,199.96893370973518,195.32997707636483
5,3,30,2,diurnal,16,LC_LI,60,177.71651008517753,253.71651008517753,242.71881547579727
5,3,30,2,diurnal,16,LC_LI,61,171.55745011102806,242.10818456895737,257.53489021899907
5,3,30,2,diurnal,16,LC_LI,62,147.05541229740118,193.35598270645173,190.30899273289506
5,3,30,2,diurnal,16,LC_LI,63,163.17705177937344,195.15040464030375,199.71538538765694
5,3,30,2,diurnal,16,LC_LI,64,152.64941892916923,188.89993722605783,210.18325099279096
5,3,30,2,diurnal,16,LC_LI,65,117.14462680301199,142.7485379710709,157.76519643960387
5,3,30,2,diurnal,16,LC_LI,66,197.64614502734523,226.64614502734523,239.33461044903694
5,3,30,2,diurnal,16,LC_LI,67,169.72746620790957,204.96871697999308,208.5310581985229
5,3,30,2,diurnal,16,LC_LI,68,144.01003528033405,165.84214595388497,172.4666659665283
5,3,30,2,diurnal,16,LC_LI,69,170.719878972474,210.68090578108186,227.8555387538356
5,3,30,2,diurnal,16,LC_LI,70,181.3501773366782,282.3501773366782,248.50657168748933
5,3,30,2,diurnal,16,LC_LI,71,181.3501773366782,282.3501773366782,266.24562665281803
5,3,30,2,diurnal,16,LC_LI,72,169.81126845153167,224.20136192994934,219.87100042499338
5,3,30,2,diurnal,16,LC_LI,73,179.8689919932827,229.45131328362595,229.99834994185224
5,3,30,2,diurnal,16,LC_LI,74,178.53881219859107,254.53881219859107,269.34016372750267
5,3,30,2,diurnal,16,LC_LI,75,165.57446499457802,189.63815009661943,192.19331668232624
5,3,30,2,diurnal,16,LC_LI,76,166.2986165974238,211.63681111932908,207.99100683621126
5,3,30,2,diurnal,16,LC_LI,77,174.45051013593326,230.45051013593326,240.68936420615432
5,3,30,2,diurnal,16,LC_LI,78,180.72746620790957,212.67853115288588,259.3010134924491
5,3,30,2,diurnal,16,LC_LI,79,147.9798220826812,213.61954859864554,214.6782816082559
5,3,30,2,diurnal,16,LC_LI,80,171.48209332817686,217.48209332817686,197.49004977064482
5,3,30,2,diurnal,16,LC_LI,81,158.40410859737338,182.40410859737338,186.55839771193394
5,3,30,2,diurnal,16,LC_LI,82,152.97619508125356,184.97619508125356,186.68002618938536
5,3,30,2,diurnal,16,LC_LI,83,149.04544963461512,207.04544963461512,203.40972727903616
5,3,30,2,diurnal,16,LC_LI,84,143.9798220826812,181.23168084926306,176.94587982425557
5,3,30,2,diurnal,16,LC_LI,85,164.02740583313533,207.29709674108886,216.5609816744505
5,3,30,2,diurnal,16,LC_LI,86,160.70190448954102,179.70190448954102,187.41403794132475
5,3,30,2,diurnal,16,LC_LI,87,169.71320971448807,218.79280149884357,230.45498961145762
5,3,30,2,diurnal,16,LC_LI,88,163.17705177937344,195.15040464030375,193.75884430923858
5,3,30,2,diurnal,16,LC_LI,89,191.92217836358444,224.92217836358444,249.18734010797004
5,3,30,2,diurnal,16,LC_LI,90,172.80781943929622,232.79280149884357,242.43579629166732
5,3,30,2,diurnal,16,LC_LI,91,204.8863237144937,256.40410859737335,258.39693530511
5,3,30,2,diurnal,16,LC_LI,92,144.00187903304592,192.2573987952262,182.92067074121547
5,3,30,2,diurnal,16,LC_LI,93,170.2791302546587,236.2791302546587,200.04510014237627
5,3,30,2,diurnal,16,LC_LI,94,149.04544963461512,207.04544963461512,214.7620092569685
5,3,30,2,diurnal,16,LC_LI,95,153.82217914816854,215.82217914816854,192.81032853886703
5,3,30,2,diurnal,16,LC_LI,96,149.83337273389603,192.83337273389603,192.0778087864203
5,3,30,2,diurnal,16,LC_LI,97,169.81126845153167,224.20136192994934,231.64980647991305
5,3,30,2,diurnal,16,LC_LI,98,174.48474853663595,232.56989137933175,242.38982394126646
5,3,30,2,diurnal,16,LC_LI,99,173.7048337207139,213.5364594438111,207.53900069875704
5,3,30,2,diurnal,16,LC_LI,100,149.04544963461512,207.04544963461512,227.55849188863118
5,3,30,2,diurnal,16,LC_LI,101,190.48474853663595,261.7107901254425,259.81938927530734
5,3,30,2,diurnal,16,LC_LI,102,147.05541229740118,193.35598270645173,193.29149622566771
5,3,30,2,diurnal,16,LC_LI,103,163.11786265001746,244.11786265001746,241.07785572681678
5,3,30,2,diurnal,16,LC_LI,104,123.18661147072982,139.18811717204863,141.51563922836465
5,3,30,2,diurnal,16,LC_LI,105,164.84138205074484,203.97458257842615,200.89500136105573
5,3,30,2,diurnal,16,LC_LI,106,152.21501767996244,166.19060520173105,164.67721286545154
5,3,30,2,diurnal,16,LC_LI,107,152.02928794755042,186.6562872848651,196.55406991224942
5,3,30,2,diurnal,16,LC_LI,108,167.35434837203266,198.63344071505978,201.1250551104412
5,3,30,2,diurnal,16,LC_LI,109,193.69835385842185,233.8291193106097,268.2749836372289
5,3,30,2,diurnal,16,LC_LI,110,173.45233252884702,216.11786265001746,231.864303878326
5,3,30,2,diurnal,16,LC_LI,111,186.74427752040265,262.1327439977127,258.66304013559363
5,3,30,2,diurnal,16,LC_LI,112,170.2791302546587,236.2791302546587,196.48093105720525
5,3,30,2,diurnal,16,LC_LI,113,177.71651008517753,253.71651008517753,215.97250918061084
5,3,30,2,diurnal,16,LC_LI,114,160.16553193553483,209.96893370973518,200.74633127858758
5,3,30,2,diurnal,16,LC_LI,115,153.82217914816854,215.82217914816854,191.5265378291037
5,3,30,2,diurnal,16,LC_LI,116,166.2986165974238,211.63681111932908,231.02593771769745
5,3,30,2,diurnal,16,LC_LI,117,147.96893370973518,199.96893370973518,210.46561272307625
5,3,30,2,diurnal,16,LC_LI,118,182.93824801851662,188.85967452101258,195.20004341578954
5,3,30,2,diurnal,16,LC_LI,119,169.72746620790957,204.96871697999308,204.3163028248218
5,3,30,2,diurnal,16,LC_LI,120,170.75711810124534,213.75711810124534,240.0230638761083
5,3,30,2,diurnal,16,LC_LI,121,190.48474853663595,261.7107901254425,260.89754661860127
5,3,30,2,diurnal,16,LC_LI,122,162.44467679132038,164.20721738334393,180.61875173668227
5,3,30,2,diurnal,16,LC_LI,123,163.37119386825677,222.49466876885984,222.3290460381999
5,3,30,2,diurnal,16,LC_LI,124,153.82217914816854,215.82217914816854,190.84141159970497
5,3,30,2,diurnal,16,LC_LI,125,175.61785939638722,222.68090578108186,211.91302878343723
5,3,30,2,diurnal,16,LC_LI,126,156.56234173042856,222.56234173042856,230.70588539346042
5,3,30,2,diurnal,16,LC_LI,127,174.01136123429393,229.13777594442672,202.2464831307811
5,3,30,2,diurnal,16,LC_LI,128,165.19147262069455,218.19147262069455,194.04082548561635
5,3,30,2,diurnal,16,LC_LI,129,178.37472410426827,238.96893370973518,261.29414795317143
5,3,30,2,diurnal,16,LC_LI,130,143.83204899053078,199.734878198514,199.4744433807029
5,3,30,2,diurnal,16,LC_LI,131,201.75599661541688,276.9303838973009,285.1643908242129
5,3,30,2,diurnal,16,LC_LI,132,191.48252149524595,228.48252149524595,226.7461638864575
5,3,30,2,diurnal,16,LC_LI,133,142.05924488673034,169.97619508125356,200.2899008827479
5,3,30,2,diurnal,16,LC_LI,134,165.22907033210055,231.49214489719606,236.8174427850356
5,3,30,2,diurnal,16,LC_LI,135,164.02740583313533,229.7120442742313,222.2230273074562
5,3,30,2,diurnal,16,LC_LI,136,185.2464559325237,267.9303838973009,261.1313925400515
5,3,30,2,diurnal,16,LC_LI,137,170.2791302546587,236.2791302546587,191.05692403631468
5,3,30,2,diurnal,16,LC_LI,138,156.12089230985413,218.30814037152584,201.8590575601327
5,3,30,2,diurnal,16,LC_LI,139,180.72746620790957,212.67853115288588,204.04702771038882
5,3,30,2,diurnal,16,LC_LI,140,123.33182747768188,149.60718187174513,158.43542609192951
5,3,30,2,diurnal,16,LC_LI,141,156.55784952986892,207.55784952986892,202.38636889003357
5,3,30,2,diurnal,16,LC_LI,142,170.2791302546587,236.2791302546587,217.49702946281943
5,3,30,2,diurnal,16,LC_LI,143,130.7894278684753,167.7894278684753,178.78754811167917
5,3,30,2,diurnal,16,LC_LI,144,170.3650749149673,235.470244355671,217.98330516034142
5,3,30,2,diurnal,16,LC_LI,145,152.97619508125356,184.97619508125356,187.86938924466267
5,3,30,2,diurnal,16,LC_LI,146,165.49662002019335,228.49662002019335,225.14735295994848
5,3,30,2,diurnal,16,LC_LI,147,161.78333407194316,214.78333407194316,195.4335649341699
5,3,30,2,diurnal,16,LC_LI,148,165.435485575787,191.97487389910026,186.77739369993543
5,3,30,2,diurnal,16,LC_LI,149,181.3501773366782,282.3501773366782,285.64528589239876
5,3,30,2,diurnal,16,LC_LI,150,162.44467679132038,164.20721738334393,161.57046079900766
5,3,30,2,diurnal,16,LC_LI,151,174.61785939638722,222.8258713351051,228.47467149832505
5,3,30,2,diurnal,16,LC_LI,152,174.45051013593326,230.45051013593326,224.9050473562363
5,3,30,2,diurnal,16,LC_LI,153,135.26907322616273,163.08361775888386,187.957198546227
5,3,30,2,diurnal,16,LC_LI,154,164.02740583313533,207.29709674108886,224.9296855279678
5,3,30,2,diurnal,16,LC_LI,155,157.48252149524595,227.12477539634554,217.32839699437514
5,3,30,2,diurnal,16,LC_LI,156,144.01003528033405,165.84214595388497,164.59969947286453
5,3,30,2,diurnal,16,LC_LI,157,172.23971700062674,215.23971700062674,214.54447510715076
5,3,30,2,diurnal,16,LC_LI,158,177.8509970524648,220.8509970524648,222.76599583576697
5,3,30,2,diurnal,16,LC_LI,159,123.18661147072982,139.18811717204863,138.83559688731657
5,3,30,2,diurnal,16,LC_LI,160,147.9798220826812,213.61954859864554,211.75098741496654
5,3,30,2,diurnal,16,LC_LI,161,171.48252149524595,219.48252149524595,225.58851719070472
5,3,30,2,diurnal,16,LC_LI,162,173.53160126361502,236.51623947113436,256.6679665102042
5,3,30,2,diurnal,16,LC_LI,163,156.56234173042856,222.56234173042856,218.06792260529198
5,3,30,2,diurnal,16,LC_LI,164,138.81757216554126,172.92055875105405,171.49813715356836
5,3,30,2,diurnal,16,LC_LI,165,150.18811717204863,192.18811717204863,224.0664472929939
5,3,30,2,diurnal,16,LC_LI,166,182.73983532435528,251.803249271308,259.232800157733
5,3,30,2,diurnal,16,LC_LI,167,191.48252149524595,228.48252149524595,234.5910902114094
5,3,30,2,diurnal,16,LC_LI,168,161.44919953904747,205.10620326459593,182.42923515884064
5,3,30,2,diurnal,16,LC_LI,169,174.45051013593326,230.45051013593326,232.88646424337
5,3,30,2,diurnal,16,LC_LI,170,174.12890529983645,245.07663058129384,231.7266593459919
5,3,30,2,diurnal,16,LC_LI,171,177.8509970524648,220.8509970524648,226.9115981182795
5,3,30,2,diurnal,16,LC_LI,172,158.3208395213117,202.86217552432265,203.35356893040583
5,3,30,2,diurnal,16,LC_LI,173,175.71942934939239,227.71942934939239,236.14680191240225
5,3,30,2,diurnal,16,LC_LI,174,165.19147262069455,218.19147262069455,199.75544790879198
5,3,30,2,diurnal,16,LC_LI,175,146.9798220826812,195.9798220826812,188.3067865417383
5,3,30,2,diurnal,16,LC_LI,176,165.49662002019335,228.49662002019335,249.0267327041911
5,3,30,2,diurnal,16,LC_LI,177,152.01223834504697,208.30225625672722,209.46635241419622
5,3,30,2,diurnal,16,LC_LI,178,169.20721738334393,254.20721738334393,252.80647019955367
5,3,30,2,diurnal,16,LC_LI,179,178.53881219859107,254.53881219859107,263.13534506435263
5,3,30,2,diurnal,16,LC_LI,180,188.435485575787,221.435485575787,238.894916544348
5,3,30,2,diurnal,16,LC_LI,181,172.89862651065715,243.89862651065715,254.14421077058844
5,3,30,2,diurnal,16,LC_LI,182,148.97192319333925,191.97192319333925,193.9974130179098
5,3,30,2,diurnal,16,LC_LI,183,168.71320971448807,232.59654440502263,235.45779068974576
5,3,30,2,diurnal,16,LC_LI,184,148.7894278684753,172.7894278684753,188.2531502268429
5,3,30,2,diurnal,16,LC_LI,185,148.86054052211819,197.01391275230577,203.31010089956843
5,3,30,2,diurnal,16,LC_LI,186,163.17705177937344,195.15040464030375,195.5103451387382
5,3,30,2,diurnal,16,LC_LI,187,168.45346741198682,188.36274002179252,205.3446591171739
5,3,30,2,diurnal,16,LC_LI,188,171.55745011102806,242.10818456895737,246.51494116902225
5,3,30,2,diurnal,16,LC_LI,189,193.69835385842185,233.8291193106097,226.65037174426993
5,3,30,2,diurnal,16,LC_LI,190,174.12890529983645,245.07663058129384,241.5651179611705
5,3,30,2,diurnal,16,LC_LI,191,148.86054052211819,197.01391275230577,203.74877021923785
5,3,30,2,diurnal,16,LC_LI,192,163.97192319333925,189.19147262069455,183.1969140716009
5,3,30,2,diurnal,16,LC_LI,193,171.48209332817686,217.48209332817686,198.44775988326342
5,3,30,2,diurnal,16,LC_LI,194,167.35434837203266,198.63344071505978,197.2159762983258
5,3,30,2,diurnal,16,LC_LI,195,169.72746620790957,204.96871697999308,202.61367165205954
5,3,30,2,diurnal,16,LC_LI,196,142.18869507106876,197.41450678559647,198.5689691733044
5,3,30,2,diurnal,16,LC_LI,197,186.74427752040265,262.1327439977127,268.83475218331176
5,3,30,2,diurnal,16,LC_LI,198,185.14657144987558,218.81512962258384,207.5759617481356
5,3,30,2,diurnal,16,LC_LI,199,147.9798220826812,213.61954859864554,229.30780485110478
7,5,5,2,clustered,16,random,0,191.0,268.0,278.5949237595992
7,5,5,2,clustered,16,random,1,187.0,382.0,396.6187675713488
7,5,5,2,clustered,16,random,2,143.0,277.0,271.6037682624684
7,5,5,2,clustered,16,random,3,195.0,305.0,305.8771013031202
7,5,5,2,clustered,16,random,4,202.0,296.0,285.695457595014
7,5,5,2,clustered,16,random,5,177.0,274.0,270.9781809293622
7,5,5,2,clustered,16,random,6,225.0,321.0,330.65465400751077
7,5,5,2,clustered,16,random,7,177.0,243.0,243.76695569164286
7,5,5,2,clustered,16,random,8,200.0,263.0,260.12681151630636
7,5,5,2,clustered,16,random,9,158.0,233.0,232.04920476927316
7,5,5,2,clustered,16,random,10,179.0,293.0,311.90089032868076
7,5,5,2,clustered,16,random,11,202.0,262.0,264.7259421937204
7,5,5,2,clustered,16,random,12,255.0,395.0,375.46967382574167
7,5,5,2,clustered,16,random,13,166.0,302.0,296.9697438312165
7,5,5,2,clustered,16,random,14,177.0,288.0,282.9006117627343
7,5,5,2,clustered,16,random,15,158.0,248.0,219.19023549616563
7,5,5,2,clustered,16,random,16,182.0,245.0,244.30455577256316
7,5,5,2,clustered,16,random,17,245.0,395.0,401.0856374096859
7,5,5,2,clustered,16,random,18,230.0,325.0,332.0637614946115
7,5,5,2,clustered,16,random,19,144.0,192.0,196.6133373056371
7,5,5,2,clustered,16,random,20,197.0,317.0,297.8906027260757
7,5,5,2,clustered,16,random,21,185.0,320.0,299.3582485089636
7,5,5,2,clustered,16,random,22,180.0,300.0,290.56368904880657
7,5,5,2,clustered,16,random,23,168.0,248.0,275.6137976198907
7,5,5,2,clustered,16,random,24,188.0,331.0,332.3917682846544
7,5,5,2,clustered,16,random,25,235.0,344.0,346.82704318940137
7,5,5,2,clustered,16,random,26,226.0,327.0,338.3561875704488
7,5,5,2,clustered,16,random,27,153.0,326.0,327.769480588863
7,5,5,2,clustered,16,random,28,171.0,282.0,270.2101351418844
7,5,5,2,clustered,16,random,29,186.0,268.0,255.71400692149405
7,5,5,2,clustered,16,random,30,186.0,244.0,252.68633659002697
7,5,5,2,clustered,16,random,31,231.0,351.0,356.5081248291782
7,5,5,2,clustered,16,random,32,229.0,344.0,322.4955010765112
7,5,5,2,clustered,16,random,33,173.0,286.0,298.7805676944315
7,5,5,2,clustered,16,random,34,235.0,360.0,380.10709019577945
7,5,5,2,clustered,16,random,35,219.0,310.0,310.06169315373165
7,5,5,2,clustered,16,random,36,221.0,255.0,242.83963449356588
7,5,5,2,clustered,16,random,37,221.0,283.0,315.711980964006
7,5,5,2,clustered,16,random,38,162.0,230.0,228.06772021523543
7,5,5,2,clustered,16,random,39,235.0,316.0,293.43242068296547
7,5,5,2,clustered,16,random,40,200.0,305.0,289.29189668981167
7,5,5,2,clustered,16,random,41,142.0,225.0,236.75145889738695
7,5,5,2,clustered,16,random,42,181.0,336.0,327.9741372428404
7,5,5,2,clustered,16,random,43,149.0,230.0,243.0236964500329
7,5,5,2,clustered,16,random,44,167.0,255.0,228.08271572001294
7,5,5,2,clustered,16,random,45,146.0,258.0,265.30055346408153
7,5,5,2,clustered,16,random,46,198.0,311.0,306.391863497805
7,5,5,2,clustered,16,random,47,162.0,270.0,284.33275875894594
7,5,5,2,clustered,16,random,48,202.0,247.0,234.98680825000895
7,5,5,2,clustered,16,random,49,180.0,262.0,252.40948609063327
7,5,5,2,clustered,16,random,50,231.0,254.0,287.91455838708254
7,5,5,2,clustered,16,random,51,181.0,252.0,228.9130174311438
7,5,5,2,clustered,16,random,52,178.0,262.0,270.39192281745204
7,5,5,2,clustered,16,random,53,211.0,298.0,278.32974249402855
7,5,5,2,clustered,16,random,54,181.0,307.0,285.19567132813575
7,5,5,2,clustered,16,random,55,167.0,310.0,333.02965300785496
7,5,5,2,clustered,16,random,56,186.0,273.0,271.65664458923845
7,5,5,2,clustered,16,random,57,205.0,315.0,349.55561891914607
7,5,5,2,clustered,16,random,58,210.0,296.0,314.473926782295
7,5,5,2,clustered,16,random,59,249.0,361.0,369.2761669280461
7,5,5,2,clustered,16,random,60,186.0,223.0,213.03106537188182
7,5,5,2,clustered,16,random,61,205.0,329.0,315.5677807319086
7,5,5,2,clustered,16,random,62,231.0,296.0,261.165419002903
7,5,5,2,clustered,16,random,63,178.0,256.0,247.954636151775
7,5,5,2,clustered,16,random,64,162.0,293.0,316.4295676864705
7,5,5,2,clustered,16,random,65,201.0,288.0,265.5453340612599
7,5,5,2,clustered,16,random,66,245.0,313.0,279.65923115745943
7,5,5,2,clustered,16,random,67,196.0,341.0,323.5125946922049
7,5,5,2,clustered,16,random,68,199.0,346.0,341.00720277836774
7,5,5,2,clustered,16,random,69,199.0,257.0,285.678789064607
7,5,5,2,clustered,16,random,70,206.0,322.0,312.24646862761114
7,5,5,2,clustered,16,random,71,207.0,339.0,331.3011071312085
7,5,5,2,clustered,16,random,72,207.0,272.0,223.68633004942032
7,5,5,2,clustered,16,random,73,197.0,317.0,348.59964434945505
7,5,5,2,clustered,16,random,74,173.0,225.0,229.63700422126965
7,5,5,2,clustered,16,random,75,180.0,262.0,274.4118361466332
7,5,5,2,clustered,16,random,76,197.0,278.0,290.47859095614484
7,5,5,2,clustered,16,random,77,181.0,253.0,280.2311876503095
7,5,5,2,clustered,16,random,78,186.0,263.0,258.48038020723953
7,5,5,2,clustered,16,random,79,151.0,213.0,219.22584760760975
7,5,5,2,clustered,16,random,80,212.0,277.0,274.4389893266784
7,5,5,2,clustered,16,random,81,168.0,293.0,289.4395679290079
7,5,5,2,clustered,16,random,82,154.0,202.0,201.35560174018545
7,5,5,2,clustered,16,random,83,171.0,282.0,302.90850966525494
7,5,5,2,clustered,16,random,84,172.0,236.0,311.98725463833534
7,5,5,2,clustered,16,random,85,167.0,255.0,288.84534141540917
7,5,5,2,clustered,16,random,86,259.0,310.0,348.3653461107056
7,5,5,2,clustered,16,random,87,171.0,282.0,278.2869025077891
7,5,5,2,clustered,16,random,88,199.0,297.0,285.3287506095206
7,5,5,2,clustered,16,random,89,254.0,343.0,337.66820832035245
7,5,5,2,clustered,16,random,90,158.0,252.0,248.43111212209416
7,5,5,2,clustered,16,random,91,177.0,262.0,259.899974642135
7,5,5,2,clustered,16,random,92,202.0,360.0,290.7026584907535
7,5,5,2,clustered,16,random,93,193.0,332.0,349.2308703827592
7,5,5,2,clustered,16,random,94,192.0,282.0,283.0895917388129
7,5,5,2,clustered,16,random,95,139.0,209.0,201.45225155312107
7,5,5,2,clustered,16,random,96,133.0,209.0,161.59093071718485
7,5,5,2,clustered,16,random,97,233.0,264.0,307.0115384650918
7,5,5,2,clustered,16,random,98,164.0,201.0,217.2533015508098
7,5,5,2,clustered,16,random,99,187.0,326.0,307.7862011421906
7,5,5,2,clustered,16,random,100,178.0,249.0,245.0605179639985
7,5,5,2,clustered,16,random,101,234.0,364.0,357.35496112730686
7,5,5,2,clustered,16,random,102,182.0,292.0,290.32436978440984
7,5,5,2,clustered,16,random,103,192.0,296.0,315.31862964213076
7,5,5,2,clustered,16,random,104,175.0,295.0,293.51042966337894
7,5,5,2,clustered,16,random,105,190.0,302.0,307.2224419231978
7,5,5,2,clustered,16,random,106,162.0,247.0,217.5541974417145
7,5,5,2,clustered,16,random,107,173.0,226.0,259.55297900229795
7,5,5,2,clustered,16,random,108,167.0,282.0,300.7929648629329
7,5,5,2,clustered,16,random,109,174.0,221.0,229.7926177351758
7,5,5,2,clustered,16,random,110,240.0,331.0,340.3507161635303
7,5,5,2,clustered,16,random,111,177.0,259.0,248.56852714726568
7,5,5,2,clustered,16,random,112,178.0,234.0,255.79826615571963
7,5,5,2,clustered,16,random,113,177.0,297.0,269.9641307613155
7,5,5,2,clustered,16,random,114,197.0,346.0,321.5339059922617
7,5,5,2,clustered,16,random,115,239.0,326.0,321.06425506701
7,5,5,2,clustered,16,random,116,181.0,287.0,243.73115786603995
7,5,5,2,clustered,16,random,117,217.0,360.0,353.48109900352887
7,5,5,2,clustered,16,random,118,197.0,342.0,312.4114286866907
7,5,5,2,clustered,16,random,119,226.0,293.0,328.46040227290706
7,5,5,2,clustered,16,random,120,172.0,229.0,189.58325227170477
7,5,5,2,clustered,16,random,121,177.0,335.0,298.22971983283213
7,5,5,2,clustered,16,random,122,162.0,268.0,260.02436110777023
7,5,5,2,clustered,16,random,123,154.0,288.0,258.55614823613683
7,5,5,2,clustered,16,random,124,211.0,242.0,261.41834848073347
7,5,5,2,clustered,16,random,125,161.0,250.0,271.5630260540473
7,5,5,2,clustered,16,random,126,129.0,257.0,244.5354726448982
7,5,5,2,clustered,16,random,127,148.0,189.0,182.31510196778558
7,5,5,2,clustered,16,random,128,235.0,380.0,388.96207827759775
7,5,5,2,clustered,16,random,129,195.0,248.0,306.15541101792434
7,5,5,2,clustered,16,random,130,203.0,258.0,274.1147297093385
7,5,5,2,clustered,16,random,131,161.0,250.0,264.28346265251787
7,5,5,2,clustered,16,random,132,158.0,215.0,206.31748448749974
7,5,5,2,clustered,16,random,133,196.0,324.0,356.7585894142848
7,5,5,2,clustered,16,random,134,157.0,195.0,202.665290082341
7,5,5,2,clustered,16,random,135,177.0,225.0,240.686933891655
7,5,5,2,clustered,16,random,136,186.0,297.0,283.34046171467696
7,5,5,2,clustered,16,random,137,200.0,269.0,257.7452545775036
7,5,5,2,clustered,16,random,138,182.0,245.0,233.06164304793083
7,5,5,2,clustered,16,random,139,148.0,297.0,257.94243226697904
7,5,5,2,clustered,16,random,140,149.0,250.0,236.15217506068845
7,5,5,2,clustered,16,random,141,172.0,224.0,270.8668831728431
7,5,5,2,clustered,16,random,142,177.0,263.0,305.5421456070341
7,5,5,2,clustered,16,random,143,146.0,258.0,237.4432724398648
7,5,5,2,clustered,16,random,144,163.0,190.0,276.9326399282297
7,5,5,2,clustered,16,random,145,204.0,293.0,281.573428809084
7,5,5,2,clustered,16,random,146,209.0,292.0,322.627281076698
7,5,5,2,clustered,16,random,147,192.0,291.0,287.3597267179937
7,5,5,2,clustered,16,random,148,187.0,283.0,296.1075258393868
7,5,5,2,clustered,16,random,149,207.0,339.0,341.6364017689415
7,5,5,2,clustered,16,random,150,177.0,286.0,277.17887507340754
7,5,5,2,clustered,16,random,151,152.0,214.0,193.08522412740726
7,5,5,2,clustered,16,random,152,186.0,227.0,251.6445941833869
7,5,5,2,clustered,16,random,153,182.0,300.0,369.486094280508
7,5,5,2,clustered,16,random,154,201.0,288.0,266.9767867140493
7,5,5,2,clustered,16,random,155,152.0,175.0,196.3286190631388
7,5,5,2,clustered,16,random,156,185.0,233.0,247.29046625440574
7,5,5,2,clustered,16,random,157,153.0,224.0,230.82762485525274
7,5,5,2,clustered,16,random,158,192.0,308.0,322.2081066601688
7,5,5,2,clustered,16,random,159,186.0,273.0,277.91730073061484
7,5,5,2,clustered,16,random,160,177.0,274.0,225.25586911207722
7,5,5,2,clustered,16,random,161,177.0,244.0,250.62845888227838
7,5,5,2,clustered,16,random,162,167.0,210.0,202.39519510637427
7,5,5,2,clustered,16,random,163,253.0,391.0,392.72102621514176
7,5,5,2,clustered,16,random,164,185.0,320.0,317.50162010002236
7,5,5,2,clustered,16,random,165,167.0,210.0,185.7012053056046
7,5,5,2,clustered,16,random,166,212.0,312.0,298.44032775037573
7,5,5,2,clustered,16,random,167,210.0,336.0,334.9386179456223
7,5,5,2,clustered,16,random,168,152.0,257.0,234.21703685915423
7,5,5,2,clustered,16,random,169,180.0,262.0,259.36449367136674
7,5,5,2,clustered,16,random,170,220.0,355.0,351.05710580010435
7,5,5,2,clustered,16,random,171,239.0,353.0,321.01007424504166
7,5,5,2,clustered,16,random,172,177.0,311.0,243.71646156583535
7,5,5,2,clustered,16,random,173,171.0,208.0,215.13134262782387
7,5,5,2,clustered,16,random,174,143.0,260.0,254.90126621158777
7,5,5,2,clustered,16,random,175,190.0,299.0,299.9430766138572
7,5,5,2,clustered,16,random,176,139.0,245.0,239.43614716978743
7,5,5,2,clustered,16,random,177,168.0,302.0,309.2246655696596
7,5,5,2,clustered,16,random,178,239.0,286.0,315.62911246610406
7,5,5,2,clustered,16,random,179,206.0,335.0,369.05116692060886
7,5,5,2,clustered,16,random,180,200.0,294.0,306.00184855233005
7,5,5,2,clustered,16,random,181,163.0,239.0,201.07683959643353
7,5,5,2,clustered,16,random,182,182.0,214.0,222.14382634598377
7,5,5,2,clustered,16,random,183,167.0,210.0,230.40112059943306
7,5,5,2,clustered,16,random,184,154.0,222.0,223.94688257110758
7,5,5,2,clustered,16,random,185,200.0,342.0,284.79753471722034
7,5,5,2,clustered,16,random,186,168.0,247.0,266.10501111013923
7,5,5,2,clustered,16,random,187,149.0,264.0,266.69694550846117
7,5,5,2,clustered,16,random,188,177.0,335.0,259.08878721378903
7,5,5,2,clustered,16,random,189,132.0,167.0,165.551233574216
7,5,5,2,clustered,16,random,190,190.0,325.0,292.6299525803892
7,5,5,2,clustered,16,random,191,192.0,319.0,318.41060965828365
7,5,5,2,clustered,16,random,192,193.0,296.0,339.2895517608103
7,5,5,2,clustered,16,random,193,162.0,297.0,264.90095411809114
7,5,5,2,clustered,16,random,194,171.0,296.0,325.27162530375193
7,5,5,2,clustered,16,random,195,166.0,311.0,304.61496106494445
7,5,5,2,clustered,16,random,196,210.0,297.0,309.53705167437187
7,5,5,2,clustered,16,random,197,158.0,254.0,233.67484838966493
7,5,5,2,clustered,16,random,198,215.0,326.0,293.1847748243889
7,5,5,2,clustered,16,random,199,202.0,384.0,350.52824045085697
7,5,5,2,clustered,16,HC_HI,0,183.0,305.0,322.91665952018576
7,5,5,2,clustered,16,HC_HI,1,186.0,320.0,308.3617359271355
7,5,5,2,clustered,16,HC_HI,2,247.0,356.0,377.6287510519878
7,5,5,2,clustered,16,HC_HI,3,195.0,301.0,306.87333047000493
7,5,5,2,clustered,16,HC_HI,4,191.0,273.0,283.77450708133716
7,5,5,2,clustered,16,HC_HI,5,233.0,345.0,353.7091395427048
7,5,5,2,clustered,16,HC_HI,6,197.0,301.0,325.89396344900143
7,5,5,2,clustered,16,HC_HI,7,167.0,282.0,304.94062788814756
7,5,5,2,clustered,16,HC_HI,8,236.0,322.0,312.3001788903709
7,5,5,2,clustered,16,HC_HI,9,240.0,365.0,357.215786167901
7,5,5,2,clustered,16,HC_HI,10,240.0,360.0,386.1364608098012
7,5,5,2,clustered,16,HC_HI,11,230.0,321.0,306.0883776377023
7,5,5,2,clustered,16,HC_HI,12,216.0,336.0,310.5955201613316
7,5,5,2,clustered,16,HC_HI,13,240.0,365.0,379.86665580745654
7,5,5,2,clustered,16,HC_HI,14,177.0,288.0,262.33195954044925
7,5,5,2,clustered,16,HC_HI,15,191.0,258.0,221.69612402951302
7,5,5,2,clustered,16,HC_HI,16,186.0,233.0,258.2912606826974
7,5,5,2,clustered,16,HC_HI,17,213.0,350.0,356.14348243717416
7,5,5,2,clustered,16,HC_HI,18,201.0,293.0,248.1951265867311
7,5,5,2,clustered,16,HC_HI,19,242.0,375.0,374.6481321980546
7,5,5,2,clustered,16,HC_HI,20,216.0,283.0,275.72918524651766
7,5,5,2,clustered,16,HC_HI,21,220.0,312.0,347.11767040544555
7,5,5,2,clustered,16,HC_HI,22,186.0,297.0,295.2965516736034
7,5,5,2,clustered,16,HC_HI,23,178.0,321.0,332.76300220819024
7,5,5,2,clustered,16,HC_HI,24,183.0,289.0,302.5117495241585
7,5,5,2,clustered,16,HC_HI,25,167.0,310.0,281.0909893992477
7,5,5,2,clustered,16,HC_HI,26,234.0,296.0,262.87105060366423
7,5,5,2,clustered,16,HC_HI,27,168.0,233.0,273.071929898643
7,5,5,2,clustered,16,HC_HI,28,187.0,301.0,301.0487914896702
7,5,5,2,clustered,16,HC_HI,29,216.0,283.0,279.6941165089554
7,5,5,2,clustered,16,HC_HI,30,186.0,354.0,365.70461576190525
7,5,5,2,clustered,16,HC_HI,31,192.0,328.0,351.21351639896034
7,5,5,2,clustered,16,HC_HI,32,251.0,364.0,341.7715904562869
7,5,5,2,clustered,16,HC_HI,33,197.0,342.0,353.5130847619877
7,5,5,2,clustered,16,HC_HI,34,187.0,272.0,265.04983165739884
7,5,5,2,clustered,16,HC_HI,35,233.0,264.0,269.356436992843
7,5,5,2,clustered,16,HC_HI,36,173.0,311.0,282.029727503379
7,5,5,2,clustered,16,HC_HI,37,265.0,345.0,347.99979401724335
7,5,5,2,clustered,16,HC_HI,38,236.0,322.0,333.525516964698
7,5,5,2,clustered,16,HC_HI,39,201.0,326.0,334.7485256498932
7,5,5,2,clustered,16,HC_HI,40,240.0,384.0,366.85462798823585
7,5,5,2,clustered,16,HC_HI,41,226.0,293.0,291.80534283478795
7,5,5,2,clustered,16,HC_HI,42,177.0,288.0,270.04819749028724
7,5,5,2,clustered,16,HC_HI,43,211.0,310.0,312.95907102076336
7,5,5,2,clustered,16,HC_HI,44,185.0,357.0,368.97951793859664
7,5,5,2,clustered,16,HC_HI,45,201.0,267.0,282.19042127503656
7,5,5,2,clustered,16,HC_HI,46,172.0,249.0,239.58578907417657
7,5,5,2,clustered,16,HC_HI,47,181.0,296.0,270.22182392517965
7,5,5,2,clustered,16,HC_HI,48,202.0,302.0,267.6759331344911
7,5,5,2,clustered,16,HC_HI,49,209.0,314.0,331.92686906667313
7,5,5,2,clustered,16,HC_HI,50,213.0,350.0,353.27870985582337
7,5,5,2,clustered,16,HC_HI,51,196.0,297.0,292.103888022665
7,5,5,2,clustered,16,HC_HI,52,172.0,278.0,273.04961880331774
7,5,5,2,clustered,16,HC_HI,53,209.0,314.0,304.3437465275498
7,5,5,2,clustered,16,HC_HI,54,196.0,313.0,336.03050131729066
7,5,5,2,clustered,16,HC_HI,55,154.0,288.0,311.1090221088573
7,5,5,2,clustered,16,HC_HI,56,211.0,345.0,318.90201103598605
7,5,5,2,clustered,16,HC_HI,57,181.0,312.0,309.99509607731636
7,5,5,2,clustered,16,HC_HI,58,186.0,320.0,330.82405574984324
7,5,5,2,clustered,16,HC_HI,59,181.0,243.0,252.1641166542701
7,5,5,2,clustered,16,HC_HI,60,202.0,384.0,375.06191608251675
7,5,5,2,clustered,16,HC_HI,61,197.0,301.0,295.4976523852838
7,5,5,2,clustered,16,HC_HI,62,198.0,287.0,298.5193893126547
7,5,5,2,clustered,16,HC_HI,63,197.0,358.0,332.45036846120854
7,5,5,2,clustered,16,HC_HI,64,183.0,305.0,361.2642395235069
7,5,5,2,clustered,16,HC_HI,65,197.0,317.0,317.96395826556824
7,5,5,2,clustered,16,HC_HI,66,225.0,330.0,304.1192355145203
7,5,5,2,clustered,16,HC_HI,67,201.0,267.0,299.5258783316559
7,5,5,2,clustered,16,HC_HI,68,216.0,317.0,328.1596552049005
7,5,5,2,clustered,16,HC_HI,69,230.0,280.0,274.15118665008976
7,5,5,2,clustered,16,HC_HI,70,205.0,321.0,317.23411484665496
7,5,5,2,clustered,16,HC_HI,71,168.0,233.0,245.82770192486265
7,5,5,2,clustered,16,HC_HI,72,197.0,366.0,317.96120015948424
7,5,5,2,clustered,16,HC_HI,73,230.0,326.0,286.5827706102351
7,5,5,2,clustered,16,HC_HI,74,183.0,289.0,302.65644936525973
7,5,5,2,clustered,16,HC_HI,75,191.0,273.0,244.3901000021252
7,5,5,2,clustered,16,HC_HI,76,207.0,288.0,334.9405705034426
7,5,5,2,clustered,16,HC_HI,77,220.0,312.0,340.3177831254699
7,5,5,2,clustered,16,HC_HI,78,192.0,328.0,318.6173721301949
7,5,5,2,clustered,16,HC_HI,79,195.0,248.0,276.4372324428863
7,5,5,2,clustered,16,HC_HI,80,196.0,326.0,309.0019915743549
7,5,5,2,clustered,16,HC_HI,81,183.0,305.0,321.16356188765087
7,5,5,2,clustered,16,HC_HI,82,245.0,313.0,345.44027596105826
7,5,5,2,clustered,16,HC_HI,83,187.0,354.0,356.12019933071963
7,5,5,2,clustered,16,HC_HI,84,187.0,248.0,258.192074230309
7,5,5,2,clustered,16,HC_HI,85,186.0,319.0,314.84354729716273
7,5,5,2,clustered,16,HC_HI,86,221.0,298.0,295.4304845611415
7,5,5,2,clustered,16,HC_HI,87,206.0,272.0,327.4811909714419
7,5,5,2,clustered,16,HC_HI,88,251.0,364.0,360.13799580407465
7,5,5,2,clustered,16,HC_HI,89,201.0,326.0,332.64563423317986
7,5,5,2,clustered,16,HC_HI,90,195.0,305.0,314.18852539021157
7,5,5,2,clustered,16,HC_HI,91,234.0,296.0,271.54118610317363
7,5,5,2,clustered,16,HC_HI,92,214.0,310.0,331.97449614727225
7,5,5,2,clustered,16,HC_HI,93,220.0,355.0,327.8380745949968
7,5,5,2,clustered,16,HC_HI,94,226.0,293.0,309.6844536372321
7,5,5,2,clustered,16,HC_HI,95,191.0,258.0,247.34379030093143
7,5,5,2,clustered,16,HC_HI,96,177.0,291.0,294.5618430592202
7,5,5,2,clustered,16,HC_HI,97,233.0,345.0,376.2183426057935
7,5,5,2,clustered,16,HC_HI,98,234.0,349.0,357.8192321358787
7,5,5,2,clustered,16,HC_HI,99,220.0,274.0,298.03316476471747
7,5,5,2,clustered,16,HC_HI,100,249.0,361.0,342.74711791659337
7,5,5,2,clustered,16,HC_HI,101,255.0,367.0,389.6566840425142
7,5,5,2,clustered,16,HC_HI,102,270.0,345.0,349.02678482757017
7,5,5,2,clustered,16,HC_HI,103,156.0,327.0,326.9710761510608
7,5,5,2,clustered,16,HC_HI,104,222.0,307.0,292.7811061672026
7,5,5,2,clustered,16,HC_HI,105,216.0,317.0,330.25727503685476
7,5,5,2,clustered,16,HC_HI,106,213.0,350.0,362.11517500613377
7,5,5,2,clustered,16,HC_HI,107,270.0,345.0,334.50984099888336
7,5,5,2,clustered,16,HC_HI,108,185.0,355.0,353.93016279651863
7,5,5,2,clustered,16,HC_HI,109,187.0,354.0,260.6242374421583
7,5,5,2,clustered,16,HC_HI,110,240.0,360.0,323.2489905658596
7,5,5,2,clustered,16,HC_HI,111,186.0,354.0,358.71512276416144
7,5,5,2,clustered,16,HC_HI,112,192.0,328.0,265.12765252307577
7,5,5,2,clustered,16,HC_HI,113,201.0,326.0,327.7857632617476
7,5,5,2,clustered,16,HC_HI,114,205.0,269.0,262.8376473305709
7,5,5,2,clustered,16,HC_HI,115,207.0,234.0,234.13743016985748
7,5,5,2,clustered,16,HC_HI,116,164.0,308.0,235.4640663796644
7,5,5,2,clustered,16,HC_HI,117,192.0,283.0,280.4442303318981
7,5,5,2,clustered,16,HC_HI,118,177.0,329.0,295.9042383266204
7,5,5,2,clustered,16,HC_HI,119,245.0,313.0,313.71584864152186
7,5,5,2,clustered,16,HC_HI,120,221.0,298.0,302.3611084507724
7,5,5,2,clustered,16,HC_HI,121,226.0,321.0,387.2487828071572
7,5,5,2,clustered,16,HC_HI,122,172.0,220.0,215.3712710208945
7,5,5,2,clustered,16,HC_HI,123,202.0,278.0,336.35903509066145
7,5,5,2,clustered,16,HC_HI,124,181.0,312.0,302.45721177391295
7,5,5,2,clustered,16,HC_HI,125,202.0,384.0,345.5708362034732
7,5,5,2,clustered,16,HC_HI,126,213.0,350.0,293.72648455368426
7,5,5,2,clustered,16,HC_HI,127,265.0,345.0,367.3562208245914
7,5,5,2,clustered,16,HC_HI,128,220.0,274.0,307.86553692592474
7,5,5,2,clustered,16,HC_HI,129,216.0,317.0,339.1102373800751
7,5,5,2,clustered,16,HC_HI,130,181.0,320.0,348.99179222244834
7,5,5,2,clustered,16,HC_HI,131,213.0,350.0,387.05182655912944
7,5,5,2,clustered,16,HC_HI,132,247.0,356.0,381.9260085109089
7,5,5,2,clustered,16,HC_HI,133,181.0,243.0,279.00979060043596
7,5,5,2,clustered,16,HC_HI,134,164.0,308.0,280.92868484563877
7,5,5,2,clustered,16,HC_HI,135,186.0,320.0,303.56841533764884
7,5,5,2,clustered,16,HC_HI,136,192.0,283.0,304.67977241898564
7,5,5,2,clustered,16,HC_HI,137,187.0,354.0,347.71515445478906
7,5,5,2,clustered,16,HC_HI,138,211.0,316.0,300.5654626394253
7,5,5,2,clustered,16,HC_HI,139,187.0,354.0,354.41364793214007
7,5,5,2,clustered,16,HC_HI,140,220.0,312.0,285.754320938942
7,5,5,2,clustered,16,HC_HI,141,213.0,357.0,344.06691262780777
7,5,5,2,clustered,16,HC_HI,142,202.0,302.0,276.19333230729353
7,5,5,2,clustered,16,HC_HI,143,206.0,289.0,281.76525105121635
7,5,5,2,clustered,16,HC_HI,144,230.0,375.0,384.23991912088076
7,5,5,2,clustered,16,HC_HI,145,201.0,296.0,316.9732950910429
7,5,5,2,clustered,16,HC_HI,146,201.0,293.0,293.5342998980563
7,5,5,2,clustered,16,HC_HI,147,177.0,297.0,278.18325296924934
7,5,5,2,clustered,16,HC_HI,148,186.0,297.0,279.8712223970325
7,5,5,2,clustered,16,HC_HI,149,231.0,351.0,346.15427047760704
7,5,5,2,clustered,16,HC_HI,150,228.0,317.0,295.9873788578928
7,5,5,2,clustered,16,HC_HI,151,212.0,287.0,283.733689563089
7,5,5,2,clustered,16,HC_HI,152,234.0,387.0,367.6308503212779
7,5,5,2,clustered,16,HC_HI,153,172.0,278.0,289.8410098711227
7,5,5,2,clustered,16,HC_HI,154,220.0,355.0,289.44073375460135
7,5,5,2,clustered,16,HC_HI,155,234.0,356.0,351.23063944001376
7,5,5,2,clustered,16,HC_HI,156,196.0,316.0,312.078041301088
7,5,5,2,clustered,16,HC_HI,157,206.0,315.0,311.53134346206673
7,5,5,2,clustered,16,HC_HI,158,188.0,366.0,344.9397639284387
7,5,5,2,clustered,16,HC_HI,159,202.0,278.0,300.04465140276216
7,5,5,2,clustered,16,HC_HI,160,172.0,220.0,229.78939982046995
7,5,5,2,clustered,16,HC_HI,161,172.0,278.0,284.74477518910646
7,5,5,2,clustered,16,HC_HI,162,210.0,331.0,304.5831909808616
7,5,5,2,clustered,16,HC_HI,163,207.0,234.0,269.33145506576835
7,5,5,2,clustered,16,HC_HI,164,202.0,302.0,292.74467373369254
7,5,5,2,clustered,16,HC_HI,165,216.0,317.0,395.00332049407893
7,5,5,2,clustered,16,HC_HI,166,251.0,364.0,369.6085167306948
7,5,5,2,clustered,16,HC_HI,167,226.0,327.0,342.00524981078485
7,5,5,2,clustered,16,HC_HI,168,148.0,220.0,243.95229529069036
7,5,5,2,clustered,16,HC_HI,169,172.0,278.0,283.78074043288603
7,5,5,2,clustered,16,HC_HI,170,178.0,321.0,293.2759262583316
7,5,5,2,clustered,16,HC_HI,171,207.0,339.0,336.06624836623445
7,5,5,2,clustered,16,HC_HI,172,255.0,367.0,371.5746074883776
7,5,5,2,clustered,16,HC_HI,173,186.0,319.0,324.3726344819293
7,5,5,2,clustered,16,HC_HI,174,240.0,365.0,366.6481645350862
7,5,5,2,clustered,16,HC_HI,175,201.0,326.0,342.2777740058367
7,5,5,2,clustered,16,HC_HI,176,233.0,264.0,269.4280189561323
7,5,5,2,clustered,16,HC_HI,177,177.0,288.0,273.6237532603753
7,5,5,2,clustered,16,HC_HI,178,186.0,354.0,322.25499328593355
7,5,5,2,clustered,16,HC_HI,179,202.0,302.0,293.02187564002975
7,5,5,2,clustered,16,HC_HI,180,231.0,351.0,365.6847422711623
7,5,5,2,clustered,16,HC_HI,181,216.0,317.0,337.6249370600323
7,5,5,2,clustered,16,HC_HI,182,201.0,293.0,284.074425578496
7,5,5,2,clustered,16,HC_HI,183,212.0,287.0,290.3457510663339
7,5,5,2,clustered,16,HC_HI,184,222.0,310.0,322.3444839092592
7,5,5,2,clustered,16,HC_HI,185,211.0,316.0,307.37510197154666
7,5,5,2,clustered,16,HC_HI,186,206.0,335.0,370.8358926304635
7,5,5,2,clustered,16,HC_HI,187,242.0,375.0,357.47553623916644
7,5,5,2,clustered,16,HC_HI,188,205.0,315.0,337.3592314649338
7,5,5,2,clustered,16,HC_HI,189,197.0,317.0,333.65956044231655
7,5,5,2,clustered,16,HC_HI,190,163.0,205.0,198.3952166676556
7,5,5,2,clustered,16,HC_HI,191,211.0,242.0,260.23422992674955
7,5,5,2,clustered,16,HC_HI,192,217.0,307.0,274.1598322640913
7,5,5,2,clustered,16,HC_HI,193,211.0,310.0,308.8808795436575
7,5,5,2,clustered,16,HC_HI,194,190.0,321.0,325.76784858859315
7,5,5,2,clustered,16,HC_HI,195,235.0,322.0,338.56816169069344
7,5,5,2,clustered,16,HC_HI,196,210.0,331.0,322.6248100007148
7,5,5,2,clustered,16,HC_HI,197,228.0,317.0,373.8076830326821
7,5,5,2,clustered,16,HC_HI,198,216.0,268.0,262.34904883765654
7,5,5,2,clustered,16,HC_HI,199,196.0,314.0,316.9321672288662
7,5,5,2,clustered,16,HC_LI,0,186.0,258.0,274.1797549888476
7,5,5,2,clustered,16,HC_LI,1,206.0,334.0,340.3722198727881
7,5,5,2,clustered,16,HC_LI,2,192.0,320.0,353.00129981676656
7,5,5,2,clustered,16,HC_LI,3,181.0,287.0,280.59042980351586
7,5,5,2,clustered,16,HC_LI,4,211.0,336.0,336.3946754732362
7,5,5,2,clustered,16,HC_LI,5,188.0,297.0,309.23557407332964
7,5,5,2,clustered,16,HC_LI,6,146.0,288.0,291.61319820199435
7,5,5,2,clustered,16,HC_LI,7,162.0,268.0,248.76646306613478
7,5,5,2,clustered,16,HC_LI,8,211.0,345.0,340.51742842464523
7,5,5,2,clustered,16,HC_LI,9,206.0,334.0,319.7715673214493
7,5,5,2,clustered,16,HC_LI,10,191.0,258.0,290.5661599718321
7,5,5,2,clustered,16,HC_LI,11,205.0,321.0,339.7742444141744
7,5,5,2,clustered,16,HC_LI,12,192.0,302.0,285.46928871691256
7,5,5,2,clustered,16,HC_LI,13,206.0,321.0,318.2909976373638
7,5,5,2,clustered,16,HC_LI,14,188.0,297.0,305.26165507979704
7,5,5,2,clustered,16,HC_LI,15,172.0,282.0,265.02333867637657
7,5,5,2,clustered,16,HC_LI,16,240.0,368.0,371.19694013174825
7,5,5,2,clustered,16,HC_LI,17,215.0,336.0,328.3366178995884
7,5,5,2,clustered,16,HC_LI,18,177.0,287.0,292.6354797088788
7,5,5,2,clustered,16,HC_LI,19,158.0,253.0,285.4064553414878
7,5,5,2,clustered,16,HC_LI,20,260.0,373.0,357.20176946380997
7,5,5,2,clustered,16,HC_LI,21,187.0,304.0,294.15176395390375
7,5,5,2,clustered,16,HC_LI,22,167.0,296.0,293.62489454592753
7,5,5,2,clustered,16,HC_LI,23,206.0,272.0,271.9371669849088
7,5,5,2,clustered,16,HC_LI,24,255.0,315.0,306.13486984303074
7,5,5,2,clustered,16,HC_LI,25,185.0,364.0,345.9855970650414
7,5,5,2,clustered,16,HC_LI,26,241.0,372.0,384.6236558301827
7,5,5,2,clustered,16,HC_LI,27,239.0,286.0,319.2457430915055
7,5,5,2,clustered,16,HC_LI,28,207.0,306.0,322.3367438855286
7,5,5,2,clustered,16,HC_LI,29,251.0,371.0,388.5725587234454
7,5,5,2,clustered,16,HC_LI,30,206.0,312.0,316.41200158461453
7,5,5,2,clustered,16,HC_LI,31,181.0,297.0,320.0565800484488
7,5,5,2,clustered,16,HC_LI,32,176.0,256.0,245.9538743611521
7,5,5,2,clustered,16,HC_LI,33,214.0,291.0,316.36961836010215
7,5,5,2,clustered,16,HC_LI,34,173.0,336.0,316.5102776387747
7,5,5,2,clustered,16,HC_LI,35,207.0,306.0,293.6086961671336
7,5,5,2,clustered,16,HC_LI,36,215.0,336.0,286.34429607307845
7,5,5,2,clustered,16,HC_LI,37,231.0,302.0,329.1066857993349
7,5,5,2,clustered,16,HC_LI,38,195.0,307.0,319.2960453771507
7,5,5,2,clustered,16,HC_LI,39,201.0,328.0,309.8428171511313
7,5,5,2,clustered,16,HC_LI,40,197.0,300.0,299.0228572925993
7,5,5,2,clustered,16,HC_LI,41,211.0,355.0,316.89897101535564
7,5,5,2,clustered,16,HC_LI,42,206.0,346.0,338.68498877471006
7,5,5,2,clustered,16,HC_LI,43,134.0,287.0,283.58896880660217
7,5,5,2,clustered,16,HC_LI,44,187.0,287.0,300.86365342900785
7,5,5,2,clustered,16,HC_LI,45,201.0,278.0,320.3592165595881
7,5,5,2,clustered,16,HC_LI,46,205.0,355.0,367.8290281426798
7,5,5,2,clustered,16,HC_LI,47,225.0,415.0,393.750117689048
7,5,5,2,clustered,16,HC_LI,48,190.0,320.0,352.643389704822
7,5,5,2,clustered,16,HC_LI,49,196.0,324.0,372.1138105077143
7,5,5,2,clustered,16,HC_LI,50,206.0,346.0,359.01702882101637
7,5,5,2,clustered,16,HC_LI,51,220.0,400.0,333.21678556587744
7,5,5,2,clustered,16,HC_LI,52,255.0,336.0,368.9839837117951
7,5,5,2,clustered,16,HC_LI,53,187.0,283.0,329.41916022553556
7,5,5,2,clustered,16,HC_LI,54,265.0,429.0,442.2502749378427
7,5,5,2,clustered,16,HC_LI,55,215.0,336.0,315.89717435461887
7,5,5,2,clustered,16,HC_LI,56,167.0,296.0,302.7528711408672
7,5,5,2,clustered,16,HC_LI,57,207.0,359.0,324.23656073474984
7,5,5,2,clustered,16,HC_LI,58,207.0,331.0,315.45171252692563
7,5,5,2,clustered,16,HC_LI,59,181.0,282.0,291.7508380856911
7,5,5,2,clustered,16,HC_LI,60,149.0,264.0,233.36866750709044
7,5,5,2,clustered,16,HC_LI,61,231.0,302.0,308.4900339070926
7,5,5,2,clustered,16,HC_LI,62,172.0,237.0,228.5736877424212
7,5,5,2,clustered,16,HC_LI,63,130.0,226.0,226.5980825538262
7,5,5,2,clustered,16,HC_LI,64,206.0,346.0,362.85512480329464
7,5,5,2,clustered,16,HC_LI,65,178.0,331.0,355.0661134567509
7,5,5,2,clustered,16,HC_LI,66,236.0,322.0,321.8451322981412
7,5,5,2,clustered,16,HC_LI,67,259.0,409.0,417.84052603062463
7,5,5,2,clustered,16,HC_LI,68,198.0,283.0,272.34065099093266
7,5,5,2,clustered,16,HC_LI,69,192.0,302.0,298.0928897948145
7,5,5,2,clustered,16,HC_LI,70,197.0,311.0,259.5847244509159
7,5,5,2,clustered,16,HC_LI,71,198.0,283.0,273.2023544345622
7,5,5,2,clustered,16,HC_LI,72,186.0,325.0,292.4404308462096
7,5,5,2,clustered,16,HC_LI,73,198.0,283.0,254.0676193442999
7,5,5,2,clustered,16,HC_LI,74,200.0,312.0,315.2300866812315
7,5,5,2,clustered,16,HC_LI,75,192.0,243.0,306.98212598022207
7,5,5,2,clustered,16,HC_LI,76,178.0,299.0,292.04745363044265
7,5,5,2,clustered,16,HC_LI,77,231.0,350.0,358.65424374133806
7,5,5,2,clustered,16,HC_LI,78,200.0,206.0,203.30315578128713
7,5,5,2,clustered,16,HC_LI,79,199.0,292.0,334.3746386231028
7,5,5,2,clustered,16,HC_LI,80,221.0,355.0,373.81379601579937
7,5,5,2,clustered,16,HC_LI,81,201.0,292.0,286.4904751914706
7,5,5,2,clustered,16,HC_LI,82,225.0,339.0,334.24356543398585
7,5,5,2,clustered,16,HC_LI,83,206.0,326.0,343.58894601797886
7,5,5,2,clustered,16,HC_LI,84,187.0,307.0,306.2779345235817
7,5,5,2,clustered,16,HC_LI,85,245.0,350.0,434.258315846051
7,5,5,2,clustered,16,HC_LI,86,207.0,359.0,352.44089522616486
7,5,5,2,clustered,16,HC_LI,87,268.0,433.0,442.25786953350956
7,5,5,2,clustered,16,HC_LI,88,216.0,334.0,348.50459406184376
7,5,5,2,clustered,16,HC_LI,89,181.0,287.0,300.1181197711001
7,5,5,2,clustered,16,HC_LI,90,146.0,288.0,276.3671938447043
7,5,5,2,clustered,16,HC_LI,91,207.0,331.0,326.7878393835409
7,5,5,2,clustered,16,HC_LI,92,198.0,283.0,281.53437216161603
7,5,5,2,clustered,16,HC_LI,93,196.0,275.0,282.05411057838137
7,5,5,2,clustered,16,HC_LI,94,187.0,239.0,235.2308085718275
7,5,5,2,clustered,16,HC_LI,95,265.0,429.0,433.0099306527108
7,5,5,2,clustered,16,HC_LI,96,167.0,310.0,303.9472772051424
7,5,5,2,clustered,16,HC_LI,97,178.0,299.0,317.4957929544336
7,5,5,2,clustered,16,HC_LI,98,187.0,283.0,325.3651549978353
7,5,5,2,clustered,16,HC_LI,99,181.0,322.0,285.7154929914688
7,5,5,2,clustered,16,HC_LI,100,225.0,357.0,349.57534106461685
7,5,5,2,clustered,16,HC_LI,101,199.0,298.0,291.6642276982077
7,5,5,2,clustered,16,HC_LI,102,251.0,376.0,373.22006374635475
7,5,5,2,clustered,16,HC_LI,103,215.0,380.0,348.0721354164996
7,5,5,2,clustered,16,HC_LI,104,197.0,300.0,297.97295909737124
7,5,5,2,clustered,16,HC_LI,105,196.0,302.0,298.3656149261946
7,5,5,2,clustered,16,HC_LI,106,206.0,326.0,271.6392814815299
7,5,5,2,clustered,16,HC_LI,107,201.0,292.0,272.1866600863784
7,5,5,2,clustered,16,HC_LI,108,197.0,311.0,324.21890894091337
7,5,5,2,clustered,16,HC_LI,109,181.0,317.0,311.88864890958627
7,5,5,2,clustered,16,HC_LI,110,205.0,355.0,359.01454008133135
7,5,5,2,clustered,16,HC_LI,111,210.0,394.0,412.5548691355556
7,5,5,2,clustered,16,HC_LI,112,211.0,360.0,349.8441180361138
7,5,5,2,clustered,16,HC_LI,113,192.0,320.0,325.45789457266665
7,5,5,2,clustered,16,HC_LI,114,158.0,301.0,246.53419919626816
7,5,5,2,clustered,16,HC_LI,115,181.0,297.0,280.1726371800986
7,5,5,2,clustered,16,HC_LI,116,182.0,255.0,283.2742951679383
7,5,5,2,clustered,16,HC_LI,117,167.0,296.0,268.24059466244995
7,5,5,2,clustered,16,HC_LI,118,187.0,307.0,304.98552037814113
7,5,5,2,clustered,16,HC_LI,119,206.0,272.0,264.120465776201
7,5,5,2,clustered,16,HC_LI,120,205.0,280.0,299.376795508584
7,5,5,2,clustered,16,HC_LI,121,206.0,308.0,328.74946055803537
7,5,5,2,clustered,16,HC_LI,122,190.0,320.0,289.5302570399955
7,5,5,2,clustered,16,HC_LI,123,200.0,349.0,341.8951485301807
7,5,5,2,clustered,16,HC_LI,124,207.0,346.0,340.5635842571224
7,5,5,2,clustered,16,HC_LI,125,196.0,322.0,334.2745778087104
7,5,5,2,clustered,16,HC_LI,126,176.0,297.0,240.17119769063396
7,5,5,2,clustered,16,HC_LI,127,205.0,280.0,299.835114281986
7,5,5,2,clustered,16,HC_LI,128,269.0,409.0,412.47609149641113
7,5,5,2,clustered,16,HC_LI,129,202.0,316.0,322.2350695776243
7,5,5,2,clustered,16,HC_LI,130,197.0,316.0,318.31968953117746
7,5,5,2,clustered,16,HC_LI,131,192.0,305.0,296.010684772957
7,5,5,2,clustered,16,HC_LI,132,191.0,340.0,362.726290707654
7,5,5,2,clustered,16,HC_LI,133,199.0,287.0,304.3247404758568
7,5,5,2,clustered,16,HC_LI,134,231.0,302.0,333.83188443062534
7,5,5,2,clustered,16,HC_LI,135,221.0,321.0,342.7272581250335
7,5,5,2,clustered,16,HC_LI,136,214.0,273.0,318.5440723937731
7,5,5,2,clustered,16,HC_LI,137,220.0,345.0,325.08061227268104
7,5,5,2,clustered,16,HC_LI,138,217.0,320.0,313.59758918634975
7,5,5,2,clustered,16,HC_LI,139,193.0,301.0,283.0222537040406
7,5,5,2,clustered,16,HC_LI,140,206.0,312.0,297.64995120430837
7,5,5,2,clustered,16,HC_LI,141,230.0,388.0,386.1770845295275
7,5,5,2,clustered,16,HC_LI,142,130.0,226.0,241.54162851489272
7,5,5,2,clustered,16,HC_LI,143,191.0,300.0,301.3954797897705
7,5,5,2,clustered,16,HC_LI,144,201.0,239.0,238.75451283087725
7,5,5,2,clustered,16,HC_LI,145,230.0,388.0,397.0504055232021
7,5,5,2,clustered,16,HC_LI,146,196.0,322.0,343.2618033332685
7,5,5,2,clustered,16,HC_LI,147,216.0,334.0,329.1291348197516
7,5,5,2,clustered,16,HC_LI,148,177.0,281.0,289.79548492082324
7,5,5,2,clustered,16,HC_LI,149,191.0,258.0,312.7010329466068
7,5,5,2,clustered,16,HC_LI,150,185.0,364.0,346.86755792426
7,5,5,2,clustered,16,HC_LI,151,211.0,360.0,329.75239850359975
7,5,5,2,clustered,16,HC_LI,152,187.0,356.0,336.598745939008
7,5,5,2,clustered,16,HC_LI,153,181.0,317.0,331.1330371059443
7,5,5,2,clustered,16,HC_LI,154,210.0,297.0,287.59367570997523
7,5,5,2,clustered,16,HC_LI,155,196.0,322.0,315.64367031434836
7,5,5,2,clustered,16,HC_LI,156,205.0,355.0,359.74020037795816
7,5,5,2,clustered,16,HC_LI,157,181.0,317.0,302.2399789743683
7,5,5,2,clustered,16,HC_LI,158,207.0,306.0,278.51140557718946
7,5,5,2,clustered,16,HC_LI,159,201.0,278.0,286.23215258988006
7,5,5,2,clustered,16,HC_LI,160,191.0,256.0,214.5351378205957
7,5,5,2,clustered,16,HC_LI,161,191.0,256.0,257.47748223720953
7,5,5,2,clustered,16,HC_LI,162,192.0,302.0,266.8465389546817
7,5,5,2,clustered,16,HC_LI,163,216.0,290.0,274.12887787461807
7,5,5,2,clustered,16,HC_LI,164,206.0,308.0,314.4890398726945
7,5,5,2,clustered,16,HC_LI,165,229.0,359.0,377.6863682603477
7,5,5,2,clustered,16,HC_LI,166,197.0,300.0,300.26510759803006
7,5,5,2,clustered,16,HC_LI,167,229.0,308.0,333.07859387250073
7,5,5,2,clustered,16,HC_LI,168,162.0,293.0,360.9717848653109
7,5,5,2,clustered,16,HC_LI,169,190.0,320.0,315.7227681512681
7,5,5,2,clustered,16,HC_LI,170,205.0,320.0,299.7627316557054
7,5,5,2,clustered,16,HC_LI,171,239.0,286.0,327.00142753129353
7,5,5,2,clustered,16,HC_LI,172,196.0,302.0,292.538774011539
7,5,5,2,clustered,16,HC_LI,173,211.0,332.0,325.6742099971036
7,5,5,2,clustered,16,HC_LI,174,182.0,285.0,320.54670502483305
7,5,5,2,clustered,16,HC_LI,175,201.0,278.0,278.1473999308613
7,5,5,2,clustered,16,HC_LI,176,210.0,321.0,315.80815093790125
7,5,5,2,clustered,16,HC_LI,177,210.0,326.0,309.87945418495735
7,5,5,2,clustered,16,HC_LI,178,191.0,340.0,319.1984205213061
7,5,5,2,clustered,16,HC_LI,179,130.0,226.0,240.0575068636057
7,5,5,2,clustered,16,HC_LI,180,206.0,308.0,335.78981118506755
7,5,5,2,clustered,16,HC_LI,181,200.0,206.0,251.9650465241676
7,5,5,2,clustered,16,HC_LI,182,206.0,308.0,316.2611943050544
7,5,5,2,clustered,16,HC_LI,183,212.0,365.0,366.82451426316163
7,5,5,2,clustered,16,HC_LI,184,199.0,292.0,314.2526294823889
7,5,5,2,clustered,16,HC_LI,185,169.0,237.0,227.79399452571727
7,5,5,2,clustered,16,HC_LI,186,196.0,324.0,353.4491067418177
7,5,5,2,clustered,16,HC_LI,187,195.0,307.0,296.2207870971587
7,5,5,2,clustered,16,HC_LI,188,244.0,375.0,350.5694396563007
7,5,5,2,clustered,16,HC_LI,189,187.0,312.0,303.76979650762706
7,5,5,2,clustered,16,HC_LI,190,201.0,320.0,326.67225280950606
7,5,5,2,clustered,16,HC_LI,191,181.0,287.0,282.8119361832303
7,5,5,2,clustered,16,HC_LI,192,255.0,336.0,381.1459773604045
7,5,5,2,clustered,16,HC_LI,193,229.0,365.0,318.27164521239115
7,5,5,2,clustered,16,HC_LI,194,216.0,281.0,323.7519781794637
7,5,5,2,clustered,16,HC_LI,195,206.0,346.0,338.7729460762524
7,5,5,2,clustered,16,HC_LI,196,206.0,321.0,310.61107674017205
7,5,5,2,clustered,16,HC_LI,197,187.0,278.0,309.15949490164184
7,5,5,2,clustered,16,HC_LI,198,205.0,289.0,319.52622846899675
7,5,5,2,clustered,16,HC_LI,199,177.0,352.0,339.4104548156729
7,5,5,2,clustered,16,LC_HI,0,133.0,257.0,268.4945203387941
7,5,5,2,clustered,16,LC_HI,1,158.0,229.0,224.14711250177712
7,5,5,2,clustered,16,LC_HI,2,178.0,205.0,217.24817462207258
7,5,5,2,clustered,16,LC_HI,3,167.0,249.0,250.56133679960763
7,5,5,2,clustered,16,LC_HI,4,170.0,236.0,253.5125687256071
7,5,5,2,clustered,16,LC_HI,5,167.0,282.0,240.79898154182956
7,5,5,2,clustered,16,LC_HI,6,185.0,262.0,286.5277383980291
7,5,5,2,clustered,16,LC_HI,7,152.0,219.0,207.75909819131147
7,5,5,2,clustered,16,LC_HI,8,162.0,205.0,213.6221128896585
7,5,5,2,clustered,16,LC_HI,9,154.0,220.0,235.3880905677281
7,5,5,2,clustered,16,LC_HI,10,162.0,251.0,261.393986083616
7,5,5,2,clustered,16,LC_HI,11,125.0,200.0,214.76163252175954
7,5,5,2,clustered,16,LC_HI,12,182.0,262.0,236.01698117941334
7,5,5,2,clustered,16,LC_HI,13,147.0,189.0,197.91617568184708
7,5,5,2,clustered,16,LC_HI,14,226.0,225.0,226.49342327248547
7,5,5,2,clustered,16,LC_HI,15,219.0,385.0,370.97344145283125
7,5,5,2,clustered,16,LC_HI,16,152.0,175.0,169.2152377134635
7,5,5,2,clustered,16,LC_HI,17,158.0,226.0,209.27504806665192
7,5,5,2,clustered,16,LC_HI,18,193.0,259.0,248.0103156886502
7,5,5,2,clustered,16,LC_HI,19,138.0,215.0,197.72761608286493
7,5,5,2,clustered,16,LC_HI,20,157.0,200.0,218.00959644637487
7,5,5,2,clustered,16,LC_HI,21,183.0,253.0,260.2518107165157
7,5,5,2,clustered,16,LC_HI,22,172.0,210.0,196.67876988724444
7,5,5,2,clustered,16,LC_HI,23,115.0,201.0,227.90521482662655
7,5,5,2,clustered,16,LC_HI,24,128.0,211.0,235.05026182464965
7,5,5,2,clustered,16,LC_HI,25,144.0,241.0,235.16988567596056
7,5,5,2,clustered,16,LC_HI,26,157.0,243.0,257.7655883261901
7,5,5,2,clustered,16,LC_HI,27,190.0,266.0,252.38264944724295
7,5,5,2,clustered,16,LC_HI,28,162.0,257.0,218.28029143097052
7,5,5,2,clustered,16,LC_HI,29,190.0,266.0,249.8993010097696
7,5,5,2,clustered,16,LC_HI,30,183.0,258.0,257.13838655973825
7,5,5,2,clustered,16,LC_HI,31,177.0,274.0,255.41570337569556
7,5,5,2,clustered,16,LC_HI,32,190.0,266.0,228.9819389648289
7,5,5,2,clustered,16,LC_HI,33,216.0,316.0,314.9620103460243
7,5,5,2,clustered,16,LC_HI,34,197.0,214.0,226.03600978286894
7,5,5,2,clustered,16,LC_HI,35,143.0,210.0,254.65264869328345
7,5,5,2,clustered,16,LC_HI,36,172.0,210.0,187.29785197212064
7,5,5,2,clustered,16,LC_HI,37,133.0,195.0,203.02879442806648
7,5,5,2,clustered,16,LC_HI,38,169.0,214.0,182.3759778785087
7,5,5,2,clustered,16,LC_HI,39,177.0,191.0,232.24071847932126
7,5,5,2,clustered,16,LC_HI,40,191.0,297.0,277.1087068107532
7,5,5,2,clustered,16,LC_HI,41,183.0,258.0,260.4242487888288
7,5,5,2,clustered,16,LC_HI,42,129.0,204.0,192.25333364330342
7,5,5,2,clustered,16,LC_HI,43,167.0,247.0,263.75859307224846
7,5,5,2,clustered,16,LC_HI,44,181.0,257.0,264.93929839930536
7,5,5,2,clustered,16,LC_HI,45,157.0,239.0,263.3367637531796
7,5,5,2,clustered,16,LC_HI,46,157.0,210.0,243.9148379125948
7,5,5,2,clustered,16,LC_HI,47,157.0,208.0,205.0001236831607
7,5,5,2,clustered,16,LC_HI,48,173.0,223.0,224.28509812263928
7,5,5,2,clustered,16,LC_HI,49,152.0,229.0,242.42753869926185
7,5,5,2,clustered,16,LC_HI,50,119.0,260.0,260.7096117719634
7,5,5,2,clustered,16,LC_HI,51,148.0,280.0,241.22044918457095
7,5,5,2,clustered,16,LC_HI,52,149.0,249.0,243.93577175165237
7,5,5,2,clustered,16,LC_HI,53,171.0,218.0,259.64950021947914
7,5,5,2,clustered,16,LC_HI,54,172.0,210.0,192.94746569910578
7,5,5,2,clustered,16,LC_HI,55,148.0,220.0,212.50918370750236
7,5,5,2,clustered,16,LC_HI,56,145.0,235.0,241.9820940978985
7,5,5,2,clustered,16,LC_HI,57,190.0,266.0,251.66656004783113
7,5,5,2,clustered,16,LC_HI,58,161.0,209.0,209.84450615875838
7,5,5,2,clustered,16,LC_HI,59,133.0,191.0,215.75892693854507
7,5,5,2,clustered,16,LC_HI,60,201.0,248.0,248.69267071598807
7,5,5,2,clustered,16,LC_HI,61,177.0,265.0,210.9145522388641
7,5,5,2,clustered,16,LC_HI,62,171.0,254.0,270.32717987862503
7,5,5,2,clustered,16,LC_HI,63,135.0,254.0,228.3156932850818
7,5,5,2,clustered,16,LC_HI,64,186.0,258.0,289.03120472901657
7,5,5,2,clustered,16,LC_HI,65,116.0,158.0,139.5988895998041
7,5,5,2,clustered,16,LC_HI,66,178.0,295.0,281.7021351997465
7,5,5,2,clustered,16,LC_HI,67,182.0,292.0,266.4645435886163
7,5,5,2,clustered,16,LC_HI,68,185.0,259.0,269.1645931330433
7,5,5,2,clustered,16,LC_HI,69,171.0,218.0,244.90265272304876
7,5,5,2,clustered,16,LC_HI,70,171.0,218.0,243.91669943133147
7,5,5,2,clustered,16,LC_HI,71,138.0,225.0,211.3180914299207
7,5,5,2,clustered,16,LC_HI,72,167.0,282.0,225.86203772716647
7,5,5,2,clustered,16,LC_HI,73,152.0,257.0,221.96740322794378
7,5,5,2,clustered,16,LC_HI,74,143.0,180.0,179.76082116610175
7,5,5,2,clustered,16,LC_HI,75,147.0,215.0,271.1604075080206
7,5,5,2,clustered,16,LC_HI,76,148.0,220.0,196.6887888788382
7,5,5,2,clustered,16,LC_HI,77,138.0,215.0,207.54225663816422
7,5,5,2,clustered,16,LC_HI,78,138.0,250.0,259.769743270386
7,5,5,2,clustered,16,LC_HI,79,143.0,198.0,189.15311815615715
7,5,5,2,clustered,16,LC_HI,80,181.0,278.0,281.6215180495038
7,5,5,2,clustered,16,LC_HI,81,167.0,266.0,232.88015129220744
7,5,5,2,clustered,16,LC_HI,82,199.0,300.0,234.15803644471904
7,5,5,2,clustered,16,LC_HI,83,145.0,235.0,218.69989217085197
7,5,5,2,clustered,16,LC_HI,84,183.0,253.0,242.2144802167302
7,5,5,2,clustered,16,LC_HI,85,181.0,257.0,250.08104128445956
7,5,5,2,clustered,16,LC_HI,86,173.0,223.0,222.81753823576494
7,5,5,2,clustered,16,LC_HI,87,190.0,266.0,257.0034073876968
7,5,5,2,clustered,16,LC_HI,88,158.0,226.0,258.8047607791447
7,5,5,2,clustered,16,LC_HI,89,153.0,198.0,219.98220187126142
7,5,5,2,clustered,16,LC_HI,90,166.0,287.0,274.4069462287621
7,5,5,2,clustered,16,LC_HI,91,182.0,273.0,279.6068285784841
7,5,5,2,clustered,16,LC_HI,92,183.0,253.0,252.9729526720418
7,5,5,2,clustered,16,LC_HI,93,119.0,182.0,177.69749287452336
7,5,5,2,clustered,16,LC_HI,94,192.0,314.0,345.2081929087298
7,5,5,2,clustered,16,LC_HI,95,148.0,214.0,223.27968640875758
7,5,5,2,clustered,16,LC_HI,96,139.0,182.0,176.01802879880987
7,5,5,2,clustered,16,LC_HI,97,157.0,210.0,225.07951683513505
7,5,5,2,clustered,16,LC_HI,98,199.0,291.0,253.79403047472815
7,5,5,2,clustered,16,LC_HI,99,219.0,385.0,356.9528341958914
7,5,5,2,clustered,16,LC_HI,100,152.0,175.0,224.36185671807425
7,5,5,2,clustered,16,LC_HI,101,191.0,286.0,298.8597448193216
7,5,5,2,clustered,16,LC_HI,102,226.0,225.0,224.86571574807877
7,5,5,2,clustered,16,LC_HI,103,148.0,238.0,245.26303485457555
7,5,5,2,clustered,16,LC_HI,104,181.0,218.0,217.14028296403083
7,5,5,2,clustered,16,LC_HI,105,138.0,219.0,192.37908151754561
7,5,5,2,clustered,16,LC_HI,106,128.0,211.0,216.85238829896147
7,5,5,2,clustered,16,LC_HI,107,161.0,239.0,231.57092380713243
7,5,5,2,clustered,16,LC_HI,108,167.0,282.0,252.31005852511865
7,5,5,2,clustered,16,LC_HI,109,204.0,293.0,274.1327340590415
7,5,5,2,clustered,16,LC_HI,110,153.0,263.0,261.20842760302565
7,5,5,2,clustered,16,LC_HI,111,172.0,272.0,220.73785509777042
7,5,5,2,clustered,16,LC_HI,112,186.0,258.0,272.9668277226528
7,5,5,2,clustered,16,LC_HI,113,200.0,294.0,292.30519155689655
7,5,5,2,clustered,16,LC_HI,114,163.0,283.0,262.41254321235095
7,5,5,2,clustered,16,LC_HI,115,133.0,223.0,202.74442981602795
7,5,5,2,clustered,16,LC_HI,116,125.0,171.0,163.81382329655372
7,5,5,2,clustered,16,LC_HI,117,191.0,295.0,291.66987473622925
7,5,5,2,clustered,16,LC_HI,118,149.0,249.0,223.31427408166482
7,5,5,2,clustered,16,LC_HI,119,176.0,238.0,259.95858595175844
7,5,5,2,clustered,16,LC_HI,120,138.0,228.0,236.1195762112114
7,5,5,2,clustered,16,LC_HI,121,199.0,300.0,293.09672013745467
7,5,5,2,clustered,16,LC_HI,122,148.0,220.0,203.22914894898184
7,5,5,2,clustered,16,LC_HI,123,152.0,228.0,282.3852481508871
7,5,5,2,clustered,16,LC_HI,124,177.0,244.0,248.37616080183952
7,5,5,2,clustered,16,LC_HI,125,133.0,191.0,225.1278834103566
7,5,5,2,clustered,16,LC_HI,126,185.0,232.0,236.4068427203416
7,5,5,2,clustered,16,LC_HI,127,172.0,210.0,219.52618629598345
7,5,5,2,clustered,16,LC_HI,128,163.0,267.0,255.53516126780957
7,5,5,2,clustered,16,LC_HI,129,148.0,238.0,240.08451355214524
7,5,5,2,clustered,16,LC_HI,130,192.0,314.0,281.34798972772177
7,5,5,2,clustered,16,LC_HI,131,134.0,196.0,197.19055630652147
7,5,5,2,clustered,16,LC_HI,132,210.0,263.0,286.7054065983998
7,5,5,2,clustered,16,LC_HI,133,162.0,253.0,255.48860887955252
7,5,5,2,clustered,16,LC_HI,134,120.0,230.0,221.3223920851282
7,5,5,2,clustered,16,LC_HI,135,210.0,263.0,280.83706883588536
7,5,5,2,clustered,16,LC_HI,136,168.0,288.0,299.0124528137544
7,5,5,2,clustered,16,LC_HI,137,162.0,205.0,186.06987305145648
7,5,5,2,clustered,16,LC_HI,138,157.0,220.0,205.35121943390266
7,5,5,2,clustered,16,LC_HI,139,133.0,223.0,203.14323530550033
7,5,5,2,clustered,16,LC_HI,140,196.0,199.0,193.65720781462147
7,5,5,2,clustered,16,LC_HI,141,176.0,238.0,271.6710576597618
7,5,5,2,clustered,16,LC_HI,142,159.0,278.0,276.5445664806599
7,5,5,2,clustered,16,LC_HI,143,162.0,283.0,270.35626177909637
7,5,5,2,clustered,16,LC_HI,144,147.0,230.0,234.64955234944256
7,5,5,2,clustered,16,LC_HI,145,166.0,214.0,208.69672719453104
7,5,5,2,clustered,16,LC_HI,146,178.0,205.0,203.29856457896852
7,5,5,2,clustered,16,LC_HI,147,181.0,267.0,278.14161264039933
7,5,5,2,clustered,16,LC_HI,148,119.0,260.0,249.09462071305316
7,5,5,2,clustered,16,LC_HI,149,163.0,267.0,264.4283403304164
7,5,5,2,clustered,16,LC_HI,150,171.0,214.0,229.4578307051426
7,5,5,2,clustered,16,LC_HI,151,181.0,278.0,286.19250551788366
7,5,5,2,clustered,16,LC_HI,152,207.0,301.0,243.63169519113805
7,5,5,2,clustered,16,LC_HI,153,119.0,260.0,270.06602167408727
7,5,5,2,clustered,16,LC_HI,154,143.0,229.0,230.30241700552807
7,5,5,2,clustered,16,LC_HI,155,199.0,298.0,339.39540629015113
7,5,5,2,clustered,16,LC_HI,156,190.0,250.0,269.19550976493593
7,5,5,2,clustered,16,LC_HI,157,185.0,262.0,242.98589829466155
7,5,5,2,clustered,16,LC_HI,158,161.0,239.0,242.90023885870127
7,5,5,2,clustered,16,LC_HI,159,175.0,289.0,239.7167668569442
7,5,5,2,clustered,16,LC_HI,160,138.0,215.0,205.6991272385822
7,5,5,2,clustered,16,LC_HI,161,172.0,266.0,299.39402373697845
7,5,5,2,clustered,16,LC_HI,162,192.0,285.0,288.44901244096087
7,5,5,2,clustered,16,LC_HI,163,147.0,215.0,228.03376890568688
7,5,5,2,clustered,16,LC_HI,164,196.0,199.0,195.33377334869272
7,5,5,2,clustered,16,LC_HI,165,186.0,258.0,253.31862642195324
7,5,5,2,clustered,16,LC_HI,166,173.0,226.0,227.9167640629079
7,5,5,2,clustered,16,LC_HI,167,120.0,239.0,248.3180674870592
7,5,5,2,clustered,16,LC_HI,168,220.0,267.0,284.732129768798
7,5,5,2,clustered,16,LC_HI,169,200.0,263.0,262.54983467164476
7,5,5,2,clustered,16,LC_HI,170,177.0,244.0,212.08625806133426
7,5,5,2,clustered,16,LC_HI,171,119.0,176.0,167.10695100291025
7,5,5,2,clustered,16,LC_HI,172,192.0,273.0,258.0346752547571
7,5,5,2,clustered,16,LC_HI,173,119.0,182.0,163.1341817827025
7,5,5,2,clustered,16,LC_HI,174,180.0,223.0,250.24958485499275
7,5,5,2,clustered,16,LC_HI,175,135.0,254.0,248.4768183211507
7,5,5,2,clustered,16,LC_HI,176,186.0,240.0,290.14175733525707
7,5,5,2,clustered,16,LC_HI,177,147.0,263.0,244.36130354452123
7,5,5,2,clustered,16,LC_HI,178,158.0,229.0,225.3232881100032
7,5,5,2,clustered,16,LC_HI,179,187.0,246.0,266.4427639655109
7,5,5,2,clustered,16,LC_HI,180,178.0,205.0,218.41649480649892
7,5,5,2,clustered,16,LC_HI,181,182.0,292.0,262.3304632885685
7,5,5,2,clustered,16,LC_HI,182,211.0,311.0,289.804380282005
7,5,5,2,clustered,16,LC_HI,183,192.0,273.0,263.47413247461304
7,5,5,2,clustered,16,LC_HI,184,144.0,192.0,194.9001014317408
7,5,5,2,clustered,16,LC_HI,185,158.0,233.0,231.6683307341749
7,5,5,2,clustered,16,LC_HI,186,192.0,297.0,271.8276098528566
7,5,5,2,clustered,16,LC_HI,187,133.0,257.0,236.7898901182312
7,5,5,2,clustered,16,LC_HI,188,172.0,210.0,178.6766280294985
7,5,5,2,clustered,16,LC_HI,189,161.0,239.0,213.31131353299727
7,5,5,2,clustered,16,LC_HI,190,139.0,182.0,180.457673656362
7,5,5,2,clustered,16,LC_HI,191,165.0,277.0,259.30284529607155
7,5,5,2,clustered,16,LC_HI,192,185.0,262.0,244.82526741888088
7,5,5,2,clustered,16,LC_HI,193,120.0,239.0,230.99981753709355
7,5,5,2,clustered,16,LC_HI,194,185.0,259.0,246.6912060671425
7,5,5,2,clustered,16,LC_HI,195,191.0,286.0,264.41567052100174
7,5,5,2,clustered,16,LC_HI,196,143.0,162.0,174.21641559871173
7,5,5,2,clustered,16,LC_HI,197,138.0,215.0,212.73601535560996
7,5,5,2,clustered,16,LC_HI,198,195.0,272.0,290.6985251916659
7,5,5,2,clustered,16,LC_HI,199,166.0,214.0,173.82356820777008
7,5,5,2,clustered,16,LC_LI,0,158.0,254.0,222.91705818551586
7,5,5,2,clustered,16,LC_LI,1,154.0,277.0,216.42442726604872
7,5,5,2,clustered,16,LC_LI,2,167.0,268.0,258.25392015578325
7,5,5,2,clustered,16,LC_LI,3,195.0,286.0,278.90256216155973
7,5,5,2,clustered,16,LC_LI,4,176.0,231.0,256.80514545333335
7,5,5,2,clustered,16,LC_LI,5,188.0,331.0,309.8834393429828
7,5,5,2,clustered,16,LC_LI,6,156.0,233.0,264.9484589178561
7,5,5,2,clustered,16,LC_LI,7,171.0,312.0,306.4845497503382
7,5,5,2,clustered,16,LC_LI,8,156.0,282.0,275.3373703515727
7,5,5,2,clustered,16,LC_LI,9,147.0,266.0,253.26962481960985
7,5,5,2,clustered,16,LC_LI,10,147.0,180.0,194.19761040509266
7,5,5,2,clustered,16,LC_LI,11,157.0,219.0,211.97071098809727
7,5,5,2,clustered,16,LC_LI,12,202.0,312.0,274.51723297460813
7,5,5,2,clustered,16,LC_LI,13,201.0,288.0,252.99684903407558
7,5,5,2,clustered,16,LC_LI,14,138.0,220.0,185.9675011126547
7,5,5,2,clustered,16,LC_LI,15,138.0,185.0,219.71104571744746
7,5,5,2,clustered,16,LC_LI,16,167.0,219.0,199.02921839194332
7,5,5,2,clustered,16,LC_LI,17,168.0,235.0,216.24679403592043
7,5,5,2,clustered,16,LC_LI,18,207.0,316.0,320.0783755644622
7,5,5,2,clustered,16,LC_LI,19,153.0,196.0,182.86159800923565
7,5,5,2,clustered,16,LC_LI,20,195.0,286.0,277.88487460221984
7,5,5,2,clustered,16,LC_LI,21,176.0,231.0,266.7193300020751
7,5,5,2,clustered,16,LC_LI,22,214.0,345.0,340.3247177352307
7,5,5,2,clustered,16,LC_LI,23,138.0,242.0,241.87767485534584
7,5,5,2,clustered,16,LC_LI,24,201.0,238.0,258.74250893230396
7,5,5,2,clustered,16,LC_LI,25,152.0,232.0,222.10807573393458
7,5,5,2,clustered,16,LC_LI,26,196.0,318.0,313.28196656058736
7,5,5,2,clustered,16,LC_LI,27,153.0,196.0,189.6485752355612
7,5,5,2,clustered,16,LC_LI,28,148.0,189.0,196.94146079480964
7,5,5,2,clustered,16,LC_LI,29,186.0,234.0,250.6163877672497
7,5,5,2,clustered,16,LC_LI,30,143.0,223.0,234.49971574604396
7,5,5,2,clustered,16,LC_LI,31,148.0,190.0,191.64773817771737
7,5,5,2,clustered,16,LC_LI,32,196.0,306.0,305.80596030969843
7,5,5,2,clustered,16,LC_LI,33,166.0,228.0,273.8932663200962
7,5,5,2,clustered,16,LC_LI,34,196.0,256.0,254.07730816929393
7,5,5,2,clustered,16,LC_LI,35,177.0,211.0,273.3590985354225
7,5,5,2,clustered,16,LC_LI,36,167.0,219.0,246.05990439221847
7,5,5,2,clustered,16,LC_LI,37,157.0,239.0,232.45155031935053
7,5,5,2,clustered,16,LC_LI,38,158.0,234.0,240.2068050685006
7,5,5,2,clustered,16,LC_LI,39,139.0,181.0,173.23218868111343
7,5,5,2,clustered,16,LC_LI,40,149.0,214.0,235.89523157032173
7,5,5,2,clustered,16,LC_LI,41,129.0,257.0,247.33526933273924
7,5,5,2,clustered,16,LC_LI,42,181.0,252.0,218.33548481642995
7,5,5,2,clustered,16,LC_LI,43,226.0,351.0,333.72225726747905
7,5,5,2,clustered,16,LC_LI,44,188.0,331.0,320.1997942636598
7,5,5,2,clustered,16,LC_LI,45,148.0,189.0,177.75095479761313
7,5,5,2,clustered,16,LC_LI,46,219.0,300.0,317.4460480899035
7,5,5,2,clustered,16,LC_LI,47,187.0,244.0,233.60435860382904
7,5,5,2,clustered,16,LC_LI,48,167.0,248.0,264.0256866672623
7,5,5,2,clustered,16,LC_LI,49,150.0,224.0,228.7136379644752
7,5,5,2,clustered,16,LC_LI,50,162.0,252.0,240.71925272767365
7,5,5,2,clustered,16,LC_LI,51,196.0,320.0,315.02446556630997
7,5,5,2,clustered,16,LC_LI,52,191.0,269.0,284.787218152686
7,5,5,2,clustered,16,LC_LI,53,203.0,317.0,293.5413398005573
7,5,5,2,clustered,16,LC_LI,54,191.0,326.0,274.2565486774878
7,5,5,2,clustered,16,LC_LI,55,201.0,233.0,244.16517041834683
7,5,5,2,clustered,16,LC_LI,56,141.0,325.0,321.3420484091239
7,5,5,2,clustered,16,LC_LI,57,158.0,196.0,262.5939955471291
7,5,5,2,clustered,16,LC_LI,58,151.0,194.0,214.40731401671277
7,5,5,2,clustered,16,LC_LI,59,184.0,303.0,305.7770319328269
7,5,5,2,clustered,16,LC_LI,60,186.0,181.0,204.7233780255757
7,5,5,2,clustered,16,LC_LI,61,152.0,206.0,180.79463436702932
7,5,5,2,clustered,16,LC_LI,62,149.0,214.0,213.89812342317992
7,5,5,2,clustered,16,LC_LI,63,157.0,219.0,211.73470100964542
7,5,5,2,clustered,16,LC_LI,64,173.0,206.0,220.65852666938244
7,5,5,2,clustered,16,LC_LI,65,187.0,272.0,276.30967849202085
7,5,5,2,clustered,16,LC_LI,66,202.0,263.0,255.99653914154962
7,5,5,2,clustered,16,LC_LI,67,167.0,268.0,270.5977810031225
7,5,5,2,clustered,16,LC_LI,68,148.0,258.0,237.49871762375096
7,5,5,2,clustered,16,LC_LI,69,151.0,194.0,210.3354039327517
7,5,5,2,clustered,16,LC_LI,70,166.0,252.0,262.10895969435325
7,5,5,2,clustered,16,LC_LI,71,190.0,229.0,236.35984101669126
7,5,5,2,clustered,16,LC_LI,72,153.0,258.0,231.59600047430732
7,5,5,2,clustered,16,LC_LI,73,167.0,219.0,194.35913618707087
7,5,5,2,clustered,16,LC_LI,74,196.0,256.0,271.12367646693394
7,5,5,2,clustered,16,LC_LI,75,186.0,272.0,279.71178584388093
7,5,5,2,clustered,16,LC_LI,76,168.0,259.0,286.4498415850811
7,5,5,2,clustered,16,LC_LI,77,172.0,239.0,229.380085892658
7,5,5,2,clustered,16,LC_LI,78,184.0,303.0,264.6382810702077
7,5,5,2,clustered,16,LC_LI,79,178.0,286.0,267.212662097517
7,5,5,2,clustered,16,LC_LI,80,154.0,220.0,244.69060333685061
7,5,5,2,clustered,16,LC_LI,81,168.0,273.0,243.80114630003615
7,5,5,2,clustered,16,LC_LI,82,196.0,229.0,235.18905021523196
7,5,5,2,clustered,16,LC_LI,83,183.0,269.0,259.930738880583
7,5,5,2,clustered,16,LC_LI,84,181.0,223.0,263.3683146845924
7,5,5,2,clustered,16,LC_LI,85,138.0,220.0,221.7613001493658
7,5,5,2,clustered,16,LC_LI,86,197.0,226.0,253.30082461372663
7,5,5,2,clustered,16,LC_LI,87,161.0,283.0,262.0112937573488
7,5,5,2,clustered,16,LC_LI,88,168.0,235.0,238.44610338094063
7,5,5,2,clustered,16,LC_LI,89,134.0,200.0,246.72045892517178
7,5,5,2,clustered,16,LC_LI,90,211.0,282.0,272.76422741544616
7,5,5,2,clustered,16,LC_LI,91,196.0,229.0,227.40430504793815
7,5,5,2,clustered,16,LC_LI,92,152.0,206.0,197.6116944324689
7,5,5,2,clustered,16,LC_LI,93,156.0,233.0,215.43091025556444
7,5,5,2,clustered,16,LC_LI,94,226.0,351.0,320.69204275136707
7,5,5,2,clustered,16,LC_LI,95,182.0,248.0,233.07306146675842
7,5,5,2,clustered,16,LC_LI,96,172.0,268.0,208.06895340427593
7,5,5,2,clustered,16,LC_LI,97,195.0,286.0,281.5896589945533
7,5,5,2,clustered,16,LC_LI,98,171.0,238.0,234.81642028097286
7,5,5,2,clustered,16,LC_LI,99,207.0,316.0,302.65851689676
7,5,5,2,clustered,16,LC_LI,100,190.0,229.0,218.1675303485986
7,5,5,2,clustered,16,LC_LI,101,148.0,209.0,229.7743789429063
7,5,5,2,clustered,16,LC_LI,102,196.0,273.0,270.24481312298514
7,5,5,2,clustered,16,LC_LI,103,148.0,189.0,176.16552625820253
7,5,5,2,clustered,16,LC_LI,104,167.0,218.0,269.66537865960885
7,5,5,2,clustered,16,LC_LI,105,219.0,300.0,288.67442304052406
7,5,5,2,clustered,16,LC_LI,106,152.0,206.0,191.03491973374778
7,5,5,2,clustered,16,LC_LI,107,168.0,214.0,216.74983472438345
7,5,5,2,clustered,16,LC_LI,108,125.0,176.0,186.13604398809778
7,5,5,2,clustered,16,LC_LI,109,156.0,282.0,280.5378514492848
7,5,5,2,clustered,16,LC_LI,110,181.0,179.0,194.28771596665513
7,5,5,2,clustered,16,LC_LI,111,201.0,220.0,245.2719240848562
7,5,5,2,clustered,16,LC_LI,112,151.0,194.0,192.71247410830765
7,5,5,2,clustered,16,LC_LI,113,169.0,283.0,257.583774272174
7,5,5,2,clustered,16,LC_LI,114,162.0,252.0,199.75754315111692
7,5,5,2,clustered,16,LC_LI,115,172.0,247.0,273.32134222804814
7,5,5,2,clustered,16,LC_LI,116,171.0,312.0,300.70887828687285
7,5,5,2,clustered,16,LC_LI,117,167.0,268.0,255.84565596339846
7,5,5,2,clustered,16,LC_LI,118,203.0,317.0,296.0815547885013
7,5,5,2,clustered,16,LC_LI,119,177.0,224.0,238.00686256939093
7,5,5,2,clustered,16,LC_LI,120,162.0,252.0,275.0258257994076
7,5,5,2,clustered,16,LC_LI,121,154.0,220.0,232.11266223861182
7,5,5,2,clustered,16,LC_LI,122,163.0,171.0,188.65714548348984
7,5,5,2,clustered,16,LC_LI,123,182.0,215.0,222.74580652629544
7,5,5,2,clustered,16,LC_LI,124,191.0,326.0,259.00836762032077
7,5,5,2,clustered,16,LC_LI,125,148.0,258.0,274.67952085663705
7,5,5,2,clustered,16,LC_LI,126,139.0,223.0,200.85719287334595
7,5,5,2,clustered,16,LC_LI,127,154.0,220.0,249.9646539609105
7,5,5,2,clustered,16,LC_LI,128,178.0,286.0,278.089432837546
7,5,5,2,clustered,16,LC_LI,129,148.0,189.0,188.7157570125708
7,5,5,2,clustered,16,LC_LI,130,148.0,209.0,223.04257780291053
7,5,5,2,clustered,16,LC_LI,131,156.0,282.0,258.8930411881196
7,5,5,2,clustered,16,LC_LI,132,167.0,267.0,284.3716303022265
7,5,5,2,clustered,16,LC_LI,133,177.0,262.0,251.19023639837067
7,5,5,2,clustered,16,LC_LI,134,147.0,262.0,269.3488831190444
7,5,5,2,clustered,16,LC_LI,135,148.0,258.0,224.9579639360304
7,5,5,2,clustered,16,LC_LI,136,222.0,254.0,265.4917701995114
7,5,5,2,clustered,16,LC_LI,137,186.0,272.0,273.3968112124973
7,5,5,2,clustered,16,LC_LI,138,177.0,260.0,276.0536783373501
7,5,5,2,clustered,16,LC_LI,139,144.0,242.0,239.81864771697553
7,5,5,2,clustered,16,LC_LI,140,139.0,181.0,191.10388626258504
7,5,5,2,clustered,16,LC_LI,141,177.0,200.0,227.69968638558382
7,5,5,2,clustered,16,LC_LI,142,186.0,268.0,272.66758487298233
7,5,5,2,clustered,16,LC_LI,143,219.0,277.0,297.2148333861502
7,5,5,2,clustered,16,LC_LI,144,169.0,283.0,268.4211263833449
7,5,5,2,clustered,16,LC_LI,145,173.0,206.0,210.04900177685963
7,5,5,2,clustered,16,LC_LI,146,201.0,288.0,289.1073471251051
7,5,5,2,clustered,16,LC_LI,147,181.0,179.0,196.8540942630173
7,5,5,2,clustered,16,LC_LI,148,186.0,224.0,223.32148203091663
7,5,5,2,clustered,16,LC_LI,149,168.0,247.0,280.0961902930298
7,5,5,2,clustered,16,LC_LI,150,201.0,237.0,243.20756155300813
7,5,5,2,clustered,16,LC_LI,151,148.0,258.0,245.61878737617164
7,5,5,2,clustered,16,LC_LI,152,129.0,210.0,211.148928127222
7,5,5,2,clustered,16,LC_LI,153,187.0,244.0,225.40532115593163
7,5,5,2,clustered,16,LC_LI,154,154.0,220.0,205.5676741694888
7,5,5,2,clustered,16,LC_LI,155,162.0,276.0,256.6765723536242
7,5,5,2,clustered,16,LC_LI,156,149.0,209.0,214.93017676578944
7,5,5,2,clustered,16,LC_LI,157,143.0,223.0,228.13940814067124
7,5,5,2,clustered,16,LC_LI,158,197.0,226.0,229.97363934197637
7,5,5,2,clustered,16,LC_LI,159,187.0,272.0,268.6009377042741
7,5,5,2,clustered,16,LC_LI,160,139.0,181.0,176.51382718138314
7,5,5,2,clustered,16,LC_LI,161,171.0,278.0,274.43123383289316
7,5,5,2,clustered,16,LC_LI,162,151.0,272.0,249.68071123884735
7,5,5,2,clustered,16,LC_LI,163,152.0,206.0,185.68580514197936
7,5,5,2,clustered,16,LC_LI,164,186.0,181.0,227.37204301566643
7,5,5,2,clustered,16,LC_LI,165,191.0,326.0,276.9514343732764
7,5,5,2,clustered,16,LC_LI,166,143.0,234.0,224.0471769310283
7,5,5,2,clustered,16,LC_LI,167,201.0,237.0,226.6353046530338
7,5,5,2,clustered,16,LC_LI,168,173.0,305.0,336.7793360110001
7,5,5,2,clustered,16,LC_LI,169,191.0,326.0,315.23155367818265
7,5,5,2,clustered,16,LC_LI,170,172.0,247.0,251.76225903351335
7,5,5,2,clustered,16,LC_LI,171,141.0,325.0,317.3194690814555
7,5,5,2,clustered,16,LC_LI,172,143.0,234.0,227.068572770328
7,5,5,2,clustered,16,LC_LI,173,154.0,236.0,282.33110345199174
7,5,5,2,clustered,16,LC_LI,174,186.0,268.0,279.0164191736015
7,5,5,2,clustered,16,LC_LI,175,149.0,214.0,208.29167711448727
7,5,5,2,clustered,16,LC_LI,176,203.0,317.0,297.5517569667422
7,5,5,2,clustered,16,LC_LI,177,206.0,302.0,288.6804222604167
7,5,5,2,clustered,16,LC_LI,178,149.0,209.0,199.28420157088667
7,5,5,2,clustered,16,LC_LI,179,163.0,171.0,173.85066655789154
7,5,5,2,clustered,16,LC_LI,180,169.0,283.0,286.28477590695996
7,5,5,2,clustered,16,LC_LI,181,207.0,273.0,258.1218524137098
7,5,5,2,clustered,16,LC_LI,182,187.0,238.0,232.40955188785537
7,5,5,2,clustered,16,LC_LI,183,148.0,215.0,254.851139264289
7,5,5,2,clustered,16,LC_LI,184,201.0,233.0,249.5899683244137
7,5,5,2,clustered,16,LC_LI,185,196.0,229.0,237.1644671286926
7,5,5,2,clustered,16,LC_LI,186,196.0,318.0,337.32113667311273
7,5,5,2,clustered,16,LC_LI,187,148.0,190.0,220.6490257364926
7,5,5,2,clustered,16,LC_LI,188,173.0,206.0,193.3198615878834
7,5,5,2,clustered,16,LC_LI,189,201.0,220.0,261.818021062755
7,5,5,2,clustered,16,LC_LI,190,203.0,317.0,336.3702170719745
7,5,5,2,clustered,16,LC_LI,191,182.0,248.0,195.0122023912545
7,5,5,2,clustered,16,LC_LI,192,162.0,276.0,281.0377513550294
7,5,5,2,clustered,16,LC_LI,193,157.0,239.0,217.39515364945166
7,5,5,2,clustered,16,LC_LI,194,177.0,260.0,302.86490312273565
7,5,5,2,clustered,16,LC_LI,195,152.0,206.0,176.65904917575
7,5,5,2,clustered,16,LC_LI,196,163.0,171.0,169.93028560173357
7,5,5,2,clustered,16,LC_LI,197,167.0,267.0,276.5130952048272
7,5,5,2,clustered,16,LC_LI,198,178.0,223.0,233.75327112259131
7,5,5,2,clustered,16,LC_LI,199,153.0,258.0,236.82623693110642
9,5,15,2,diurnal,16,random,0,285.97654197989084,398.98753776326055,391.84491006118645
9,5,15,2,diurnal,16,random,1,288.6440321732408,373.76506341219516,385.76751684722
9,5,15,2,diurnal,16,random,2,220.933944907014,290.933944907014,318.8253390546886
9,5,15,2,diurnal,16,random,3,267.9405514389359,406.97883142494146,387.02578569623836
9,5,15,2,diurnal,16,random,4,228.56194302611777,276.1908394016761,254.17825654074903
9,5,15,2,diurnal,16,random,5,305.7775908304677,415.7775908304677,434.179026182609
9,5,15,2,diurnal,16,random,6,220.41158254882356,347.1039301907566,331.0802157993975
9,5,15,2,diurnal,16,random,7,207.8591650935473,299.8591650935473,297.3791910841319
9,5,15,2,diurnal,16,random,8,251.70304245317158,353.7030424531716,376.9197926003648
9,5,15,2,diurnal,16,random,9,213.1963846791116,322.1963846791116,329.1238559583968
9,5,15,2,diurnal,16,random,10,268.88422267640465,408.05783416449265,389.1804432280935
9,5,15,2,diurnal,16,random,11,282.0604786433836,437.0604786433836,434.91396363861077
9,5,15,2,diurnal,16,random,12,250.46908372957836,386.02217763592216,412.71439167153613
9,5,15,2,diurnal,16,random,13,297.56708844148505,432.73308361371244,457.1045857148317
9,5,15,2,diurnal,16,random,14,248.01341642224196,346.9325418419646,354.7909773430921
9,5,15,2,diurnal,16,random,15,275.20652639072864,352.20652639072864,350.8648152289704
9,5,15,2,diurnal,16,random,16,334.34385839451227,418.61155063318245,429.7263328042788
9,5,15,2,diurnal,16,random,17,242.933944907014,365.2658058146534,356.8247249152488
9,5,15,2,diurnal,16,random,18,233.43867409528832,319.2958664309718,323.61341042076674
9,5,15,2,diurnal,16,random,19,274.6528418198838,450.7288527396521,432.25820018888095
9,5,15,2,diurnal,16,random,20,278.59060873147575,441.38755249610244,427.43699564088695
9,5,15,2,diurnal,16,random,21,210.6373687753154,260.19708117874177,265.56016657524947
9,5,15,2,diurnal,16,random,22,336.225087570321,508.4871766376774,451.6916086405554
9,5,15,2,diurnal,16,random,23,229.83657316044972,331.6276249465162,339.5064926235281
9,5,15,2,diurnal,16,random,24,212.8980710805301,284.75800732328,285.37902283135975
9,5,15,2,diurnal,16,random,25,278.20352212267835,364.20352212267835,372.2159823806602
9,5,15,2,diurnal,16,random,26,230.79030798246572,415.3086729682184,352.63236766899735
9,5,15,2,diurnal,16,random,27,265.51386966626706,356.51386966626706,382.827579157778
9,5,15,2,diurnal,16,random,28,251.36764903264472,378.13579280599765,390.2029790230788
9,5,15,2,diurnal,16,random,29,239.69996331672303,425.69996331672303,389.4716783415683
9,5,15,2,diurnal,16,random,30,277.520464341996,377.520464341996,387.4533203470803
9,5,15,2,diurnal,16,random,31,272.2949477449582,390.44615944024076,389.1082922986159
9,5,15,2,diurnal,16,random,32,268.77217043224675,428.77217043224675,463.78035038219446
9,5,15,2,diurnal,16,random,33,257.8216155668024,440.63391531744116,411.55420187464875
9,5,15,2,diurnal,16,random,34,274.29646351599274,367.2497620172369,383.9533010983835
9,5,15,2,diurnal,16,random,35,268.3155733336235,320.4593926086308,367.0659121441911
9,5,15,2,diurnal,16,random,36,316.3619639498604,450.3619639498604,444.00534844339984
9,5,15,2,diurnal,16,random,37,271.89962133601034,382.6159194171548,363.3628373273594
9,5,15,2,diurnal,16,random,38,257.16484323049156,399.3785963437489,385.7495469772143
9,5,15,2,diurnal,16,random,39,238.7078463921078,402.57359681663087,413.9213115787437
9,5,15,2,diurnal,16,random,40,283.130399209395,438.643671427208,448.46584638243394
9,5,15,2,diurnal,16,random,41,280.8918681168399,430.5006603248782,433.6380737571309
9,5,15,2,diurnal,16,random,42,287.91163437598937,461.91163437598937,451.92593332338174
9,5,15,2,diurnal,16,random,43,266.3826844972563,418.3839912373335,434.10432661428024
9,5,15,2,diurnal,16,random,44,272.37207394579855,397.37207394579855,388.22420195079343
9,5,15,2,diurnal,16,random,45,220.87464534537605,369.94892422501687,369.8173222649434
9,5,15,2,diurnal,16,random,46,260.01341642224196,355.3839912373335,374.8670974772993
9,5,15,2,diurnal,16,random,47,259.8216155668024,380.8216155668024,392.3403676448259
9,5,15,2,diurnal,16,random,48,295.40585145955066,396.40585145955066,425.0267259148195
9,5,15,2,diurnal,16,random,49,242.0811280566988,387.0604786433836,365.1715475362866
9,5,15,2,diurnal,16,random,50,243.10992678478982,389.1099267847898,382.9959231253707
9,5,15,2,diurnal,16,random,51,244.30904311545902,399.3036409051897,395.18049740365905
9,5,15,2,diurnal,16,random,52,257.3142537588791,406.3142537588791,394.59313134633175
9,5,15,2,diurnal,16,random,53,234.95249924973024,309.3898420101782,331.43077431122833
9,5,15,2,diurnal,16,random,54,299.3701438510465,439.17456866169607,418.8357522928135
9,5,15,2,diurnal,16,random,55,275.90310057947704,426.5940337666378,408.78003787741994
9,5,15,2,diurnal,16,random,56,268.08538469532664,389.08538469532664,414.0044227485363
9,5,15,2,diurnal,16,random,57,210.82476369047382,336.8247636904738,360.2486972969306
9,5,15,2,diurnal,16,random,58,306.9194076523404,433.68602098238637,422.85911147714796
9,5,15,2,diurnal,16,random,59,244.28491607994192,388.1790816373745,383.16841711228216
9,5,15,2,diurnal,16,random,60,303.8424033584613,437.8424033584613,472.70972130500274
9,5,15,2,diurnal,16,random,61,253.85976113904013,370.85976113904013,355.9990876688061
9,5,15,2,diurnal,16,random,62,262.21712583696825,383.21712583696825,388.9396751463443
9,5,15,2,diurnal,16,random,63,257.4086064199498,421.4086064199498,421.32017454479467
9,5,15,2,diurnal,16,random,64,222.53942874323255,333.6841842454969,350.09503187427833
9,5,15,2,diurnal,16,random,65,256.3701438510465,370.8737328799912,362.0691753236998
9,5,15,2,diurnal,16,random,66,290.95940817896894,410.95940817896894,406.75215955928667
9,5,15,2,diurnal,16,random,67,261.0326009549121,402.6134493343248,399.22634955417334
9,5,15,2,diurnal,16,random,68,261.6139435902638,357.8918681168399,361.4575242134381
9,5,15,2,diurnal,16,random,69,202.26152598633618,269.94529747835765,259.2601171457205
9,5,15,2,diurnal,16,random,70,264.6528418198838,428.53121243315456,452.2568814339974
9,5,15,2,diurnal,16,random,71,248.29217662571017,408.29217662571017,381.7173634992706
9,5,15,2,diurnal,16,random,72,207.61394359026377,261.4655382267317,276.3178328439597
9,5,15,2,diurnal,16,random,73,223.05174092527068,367.0517409252707,346.76148413943946
9,5,15,2,diurnal,16,random,74,286.54872168962726,392.54872168962726,387.17121763853055
9,5,15,2,diurnal,16,random,75,225.64188364673322,357.7155475872065,337.5151625221061
9,5,15,2,diurnal,16,random,76,247.57359681663087,381.01630257782324,381.6135792108199
9,5,15,2,diurnal,16,random,77,265.6901901313317,358.9769094339031,324.40804344925243
9,5,15,2,diurnal,16,random,78,236.51301542085048,376.5130154208505,371.409842555344
9,5,15,2,diurnal,16,random,79,238.6768086805939,379.54842715072084,365.52482692119185
9,5,15,2,diurnal,16,random,80,257.3683293494202,385.3773266759555,396.9380080607735
9,5,15,2,diurnal,16,random,81,277.50386407340443,437.50386407340443,426.97572132527426
9,5,15,2,diurnal,16,random,82,251.93735243706703,381.0222603692316,373.6991352183315
9,5,15,2,diurnal,16,random,83,240.37082564470094,377.800818666989,368.4962146233165
9,5,15,2,diurnal,16,random,84,276.99993930107905,366.99993930107905,383.7979589118974
9,5,15,2,diurnal,16,random,85,225.34730050908746,320.520464341996,307.2685254743295
9,5,15,2,diurnal,16,random,86,242.05783416449265,352.3532294749326,350.36531540281965
9,5,15,2,diurnal,16,random,87,246.50881568590447,350.50881568590444,347.88060206638977
9,5,15,2,diurnal,16,random,88,240.62762494651622,400.84809970443507,362.27686824436535
9,5,15,2,diurnal,16,random,89,247.27914736044897,353.279147360449,342.4595208540783
9,5,15,2,diurnal,16,random,90,281.6595123131533,387.6595123131533,328.27023563843017
9,5,15,2,diurnal,16,random,91,213.0811280566988,338.5791344051967,348.9805995333479
9,5,15,2,diurnal,16,random,92,318.7467542109578,422.7467542109578,423.9696005064959
9,5,15,2,diurnal,16,random,93,239.54136500614248,376.1748082316899,354.33327639676673
9,5,15,2,diurnal,16,random,94,253.9405514389359,314.9405514389359,318.83596589945745
9,5,15,2,diurnal,16,random,95,316.219718847294,412.219718847294,391.1879947728073
9,5,15,2,diurnal,16,random,96,243.14025323175622,372.56447593042606,390.2448090411572
9,5,15,2,diurnal,16,random,97,218.21712583696825,394.370825644701,382.9500213371677
9,5,15,2,diurnal,16,random,98,297.56422566242077,455.56422566242077,463.6450197246014
9,5,15,2,diurnal,16,random,99,257.9405514389359,347.94529747835765,353.24543777458626
9,5,15,2,diurnal,16,random,100,271.78567733742705,401.54842715072084,424.4995204730921
9,5,15,2,diurnal,16,random,101,316.56422566242077,421.56422566242077,427.6792951720742
9,5,15,2,diurnal,16,random,102,243.8994788806593,285.89947888065933,272.67437529803874
9,5,15,2,diurnal,16,random,103,227.54136500614248,328.1031674614255,325.0110836567594
9,5,15,2,diurnal,16,random,104,304.34385839451227,449.57673680675725,411.18036137600154
9,5,15,2,diurnal,16,random,105,209.92087910798355,319.9208791079835,330.34682524165197
9,5,15,2,diurnal,16,random,106,247.79430627426592,359.57673680675725,379.277655487404
9,5,15,2,diurnal,16,random,107,247.72084590779141,321.7208459077914,361.73591483811924
9,5,15,2,diurnal,16,random,108,235.2651970892049,390.2651970892049,402.3618450504189
9,5,15,2,diurnal,16,random,109,224.21712583696825,345.21712583696825,369.0708354206391
9,5,15,2,diurnal,16,random,110,292.25662193549476,481.25662193549476,479.2390766058139
9,5,15,2,diurnal,16,random,111,230.76636278725692,384.37501432323313,382.97923510843384
9,5,15,2,diurnal,16,random,112,219.1156393566826,323.9916843729875,324.61105309073986
9,5,15,2,diurnal,16,random,113,201.43081539499224,321.36764903264475,318.272000018197
9,5,15,2,diurnal,16,random,114,245.41158254882356,404.7950577200644,391.5729267712385
9,5,15,2,diurnal,16,random,115,259.41158254882356,411.1402532317562,389.51143590625486
9,5,15,2,diurnal,16,random,116,254.94326430105474,399.61105026596863,401.0813111024994
9,5,15,2,diurnal,16,random,117,218.21712583696825,394.370825644701,409.6292854602291
9,5,15,2,diurnal,16,random,118,297.2658058146534,425.6453131447775,421.8191517531881
9,5,15,2,diurnal,16,random,119,252.37414322251314,326.1039301907566,346.88368372460354
9,5,15,2,diurnal,16,random,120,252.24498694090917,347.24498694090914,383.8647046083641
9,5,15,2,diurnal,16,random,121,230.34370576279406,325.34370576279406,317.28893583328426
9,5,15,2,diurnal,16,random,122,293.7489363141721,449.3036409051897,446.0789391369682
9,5,15,2,diurnal,16,random,123,279.9309666903007,408.17016857385374,426.2186313182257
9,5,15,2,diurnal,16,random,124,290.60802431074706,447.466709660636,436.18706366495155
9,5,15,2,diurnal,16,random,125,281.35436679814205,372.8647646495182,386.6789658906086
9,5,15,2,diurnal,16,random,126,239.69996331672303,425.69996331672303,436.6401881822017
9,5,15,2,diurnal,16,random,127,269.3532294749326,367.7467542109578,376.51795949391897
9,5,15,2,diurnal,16,random,128,213.87638991524045,338.2877757680403,358.7216949532039
9,5,15,2,diurnal,16,random,129,275.33213433503363,373.370825644701,421.11683777961287
9,5,15,2,diurnal,16,random,130,263.7467542109578,389.2331079252323,310.5360808438833
9,5,15,2,diurnal,16,random,131,260.04309192332715,386.72495930653304,364.1324877908402
9,5,15,2,diurnal,16,random,132,269.98232862752167,406.71092517002927,443.1673809681336
9,5,15,2,diurnal,16,random,133,198.57054224703717,273.25996814702603,308.0831905966306
9,5,15,2,diurnal,16,random,134,215.5983424972771,364.5983424972771,372.97674485449085
9,5,15,2,diurnal,16,random,135,225.7999910381796,357.4015883431707,349.6392603606718
9,5,15,2,diurnal,16,random,136,245.3231844339901,356.3231844339901,335.1509970823354
9,5,15,2,diurnal,16,random,137,237.30867296821836,362.3086729682184,359.98249558558064
9,5,15,2,diurnal,16,random,138,285.73308361371244,396.73308361371244,414.78196029377233
9,5,15,2,diurnal,16,random,139,282.9923270371154,383.9923270371154,416.8208390324491
9,5,15,2,diurnal,16,random,140,270.5641237341416,402.50154294568813,384.49386302139953
9,5,15,2,diurnal,16,random,141,225.15459903797887,321.15459903797887,298.0913010567335
9,5,15,2,diurnal,16,random,142,273.2793905917583,405.97654197989084,425.8066007317253
9,5,15,2,diurnal,16,random,143,251.35322947493262,413.08918338872763,395.46874568213326
9,5,15,2,diurnal,16,random,144,211.83657316044972,304.34376262675124,300.0020715780034
9,5,15,2,diurnal,16,random,145,265.67232280214296,375.67232280214296,390.99366911728487
9,5,15,2,diurnal,16,random,146,300.2497620172369,474.2497620172369,466.27886788973467
9,5,15,2,diurnal,16,random,147,233.59403376663778,367.5940337666378,349.6016086889142
9,5,15,2,diurnal,16,random,148,252.31425375887906,372.3142537588791,362.8836452764734
9,5,15,2,diurnal,16,random,149,278.2192667118594,374.34376262675124,388.6045364877763
9,5,15,2,diurnal,16,random,150,242.62770899316178,397.6277089931618,380.01869219571057
9,5,15,2,diurnal,16,random,151,231.5221177129638,298.5221177129638,336.7047118029715
9,5,15,2,diurnal,16,random,152,255.02217763592216,388.4282475156594,394.98086834904825
9,5,15,2,diurnal,16,random,153,213.63148796559918,357.63148796559915,379.4239960916343
9,5,15,2,diurnal,16,random,154,284.02532257047824,378.65144079321897,388.2969746748312
9,5,15,2,diurnal,16,random,155,299.5143676119037,434.5143676119037,434.7535398755865
9,5,15,2,diurnal,16,random,156,258.68213429127115,330.68213429127115,310.7904520857398
9,5,15,2,diurnal,16,random,157,255.73676516974484,380.4023898974376,380.38335278004445
9,5,15,2,diurnal,16,random,158,265.1315237240345,309.50154294568813,324.7218586550492
9,5,15,2,diurnal,16,random,159,240.81265500646745,299.81470631326476,311.43513251090326
9,5,15,2,diurnal,16,random,160,225.97796811063864,381.3299763242063,371.2356895979443
9,5,15,2,diurnal,16,random,161,212.38360192424614,289.38360192424614,292.04939576133313
9,5,15,2,diurnal,16,random,162,295.6867878888069,514.686787888807,454.4951338319867
9,5,15,2,diurnal,16,random,163,238.08740337688835,420.1000399471452,353.89146331642013
9,5,15,2,diurnal,16,random,164,284.5372333965081,430.5372333965081,425.1025905425103
9,5,15,2,diurnal,16,random,165,237.32997632420629,378.89962133601034,412.0133224299892
9,5,15,2,diurnal,16,random,166,228.83000447466253,309.25662193549476,354.50316271184676
9,5,15,2,diurnal,16,random,167,289.3708520670881,353.1978037285686,361.3681533101638
9,5,15,2,diurnal,16,random,168,258.2651970892049,370.2651970892049,387.48689419372397
9,5,15,2,diurnal,16,random,169,253.28038215299253,393.2803821529925,391.9486225244541
9,5,15,2,diurnal,16,random,170,250.95249924973024,306.95249924973024,295.85924280483226
9,5,15,2,diurnal,16,random,171,282.89962133601034,393.1031674614255,410.2340534244904
9,5,15,2,diurnal,16,random,172,288.9060949822686,393.8163276848876,426.1145581751924
9,5,15,2,diurnal,16,random,173,284.17016857385374,405.8918681168399,400.67389407390186
9,5,15,2,diurnal,16,random,174,257.57673680675725,408.1156393566826,429.44080537832497
9,5,15,2,diurnal,16,random,175,265.8744032893078,410.1000399471452,446.10497654909904
9,5,15,2,diurnal,16,random,176,285.99993930107905,374.20352212267835,332.93500534292684
9,5,15,2,diurnal,16,random,177,219.80000157100488,297.8335021715407,301.00153626040185
9,5,15,2,diurnal,16,random,178,217.01518416696746,313.5619430261178,317.7743908487126
9,5,15,2,diurnal,16,random,179,246.5428231865003,339.54872168962726,337.59681751360176
9,5,15,2,diurnal,16,random,180,257.3683293494202,353.3683293494202,332.3358509178527
9,5,15,2,diurnal,16,random,181,308.17352331876805,408.17352331876805,405.9286957835761
9,5,15,2,diurnal,16,random,182,282.9803537718174,427.9803537718174,439.7693210355902
9,5,15,2,diurnal,16,random,183,287.1315237240345,423.5416209157831,449.5561716383895
9,5,15,2,diurnal,16,random,184,225.01341642224196,328.01341642224196,361.30717044635173
9,5,15,2,diurnal,16,random,185,268.6159194171548,412.6159194171548,423.8383203648895
9,5,15,2,diurnal,16,random,186,238.56422566242077,329.56422566242077,301.01049622621713
9,5,15,2,diurnal,16,random,187,261.59639091816825,376.9916843729875,434.07469669086623
9,5,15,2,diurnal,16,random,188,324.38630820100434,476.219718847294,443.0468061229448
9,5,15,2,diurnal,16,random,189,249.64922631148306,375.64922631148306,382.23873208857464
9,5,15,2,diurnal,16,random,190,248.5038640734044,368.889559001302,392.479665195662
9,5,15,2,diurnal,16,random,191,231.23048195457363,366.23048195457363,412.5422027929104
9,5,15,2,diurnal,16,random,192,243.68859543214393,418.09843044128576,413.8205711962195
9,5,15,2,diurnal,16,random,193,290.46908372957836,447.8744032893078,451.2220328105882
9,5,15,2,diurnal,16,random,194,257.800818666989,328.800818666989,351.7739774797965
9,5,15,2,diurnal,16,random,195,264.09396470451077,364.83280196704413,348.0928830247574
9,5,15,2,diurnal,16,random,196,184.70759586926295,226.88558431584426,265.3165050671646
9,5,15,2,diurnal,16,random,197,263.4772717365537,404.4772717365537,424.64627338480585
9,5,15,2,diurnal,16,random,198,216.83657316044972,282.8365731604497,268.9165384577297
9,5,15,2,diurnal,16,random,199,234.97211563905657,398.9721156390566,384.15255887237396
9,5,15,2,diurnal,16,HC_HI,0,179.38310039918503,272.279147360449,294.0493448472647
9,5,15,2,diurnal,16,HC_HI,1,219.31214545392103,336.31214545392106,316.47979831990347
9,5,15,2,diurnal,16,HC_HI,2,211.57673680675725,370.4703673000752,383.72400509964166
9,5,15,2,diurnal,16,HC_HI,3,236.79430627426592,386.87638991524045,403.27288831938347
9,5,15,2,diurnal,16,HC_HI,4,235.95308395396302,289.953083953963,308.3930049748233
9,5,15,2,diurnal,16,HC_HI,5,179.38310039918503,272.279147360449,287.9064376191847
9,5,15,2,diurnal,16,HC_HI,6,244.08918338872763,373.424376400443,341.3691193802267
9,5,15,2,diurnal,16,HC_HI,7,197.2192667118594,322.2192667118594,340.04073953167256
9,5,15,2,diurnal,16,HC_HI,8,215.36925856720214,311.67232280214296,335.2900965582858
9,5,15,2,diurnal,16,HC_HI,9,315.38360192424614,395.2651970892049,381.03477575050795
9,5,15,2,diurnal,16,HC_HI,10,284.40910194391165,428.17352331876805,400.49288663761627
9,5,15,2,diurnal,16,HC_HI,11,231.17480823168992,369.5983424972771,376.76297752536
9,5,15,2,diurnal,16,HC_HI,12,267.5416209157831,370.9060949822686,339.44047410044743
9,5,15,2,diurnal,16,HC_HI,13,173.37949752764072,324.59060873147575,304.11537452378155
9,5,15,2,diurnal,16,HC_HI,14,251.93735243706703,381.0222603692316,357.5385080078348
9,5,15,2,diurnal,16,HC_HI,15,255.41158254882356,384.8582064054369,377.6271872727374
9,5,15,2,diurnal,16,HC_HI,16,212.2192667118594,326.2192667118594,267.0875449759458
9,5,15,2,diurnal,16,HC_HI,17,231.39792547592094,337.3231844339901,310.8439424044872
9,5,15,2,diurnal,16,HC_HI,18,250.2651416726133,379.2754467807474,381.45864056295693
9,5,15,2,diurnal,16,HC_HI,19,307.94326430105474,481.2497620172369,462.3700674928815
9,5,15,2,diurnal,16,HC_HI,20,173.37949752764072,324.59060873147575,289.3329788843268
9,5,15,2,diurnal,16,HC_HI,21,236.4837022591156,348.4837022591156,348.08768626663016
9,5,15,2,diurnal,16,HC_HI,22,210.82476369047382,336.8247636904738,301.7795498627415
9,5,15,2,diurnal,16,HC_HI,23,229.3619639498604,289.4185084467132,335.216982672867
9,5,15,2,diurnal,16,HC_HI,24,247.27914736044897,353.279147360449,348.37226347311133
9,5,15,2,diurnal,16,HC_HI,25,233.44919480925694,349.021332702712,315.89800166860357
9,5,15,2,diurnal,16,HC_HI,26,231.17480823168992,369.5983424972771,339.7451539374053
9,5,15,2,diurnal,16,HC_HI,27,253.33131666177837,358.3313166617784,359.63468721724394
9,5,15,2,diurnal,16,HC_HI,28,307.94326430105474,481.2497620172369,482.1994851667782
9,5,15,2,diurnal,16,HC_HI,29,206.99186862298927,348.835233429157,339.36317438545046
9,5,15,2,diurnal,16,HC_HI,30,295.73308361371244,447.73308361371244,461.2434901143131
9,5,15,2,diurnal,16,HC_HI,31,238.77942447101896,324.77942447101896,326.9362219979235
9,5,15,2,diurnal,16,HC_HI,32,289.13579280599765,394.13579280599765,411.49885138281525
9,5,15,2,diurnal,16,HC_HI,33,266.8699024665175,384.9137371236566,397.61123431786467
9,5,15,2,diurnal,16,HC_HI,34,284.40910194391165,428.17352331876805,410.4739332109672
9,5,15,2,diurnal,16,HC_HI,35,215.36925856720214,311.67232280214296,310.5695121409865
9,5,15,2,diurnal,16,HC_HI,36,271.7402390453311,410.7402390453311,396.8565722459804
9,5,15,2,diurnal,16,HC_HI,37,217.07388307550576,391.4822781224061,384.0976437837521
9,5,15,2,diurnal,16,HC_HI,38,255.35502037345742,465.7467542109578,435.17184473403285
9,5,15,2,diurnal,16,HC_HI,39,242.87356120404968,400.8735612040497,398.1039253321825
9,5,15,2,diurnal,16,HC_HI,40,257.3987833685728,397.9645438853522,404.5612978761642
9,5,15,2,diurnal,16,HC_HI,41,253.81702768154685,354.3336202173432,311.12960166394714
9,5,15,2,diurnal,16,HC_HI,42,216.96927735113962,389.09396470451077,372.9755790240447
9,5,15,2,diurnal,16,HC_HI,43,241.95940817896897,352.95940817896894,362.31034675853533
9,5,15,2,diurnal,16,HC_HI,44,274.6528418198838,450.7288527396521,453.68426751102714
9,5,15,2,diurnal,16,HC_HI,45,212.57054224703717,288.57054224703717,296.54485573017087
9,5,15,2,diurnal,16,HC_HI,46,215.7183887963924,359.7183887963924,329.9441455650638
9,5,15,2,diurnal,16,HC_HI,47,247.4028348546332,382.40283485463317,391.82165577294035
9,5,15,2,diurnal,16,HC_HI,48,230.76636278725692,384.37501432323313,379.6852558357971
9,5,15,2,diurnal,16,HC_HI,49,248.61105026596863,364.61105026596863,366.5556244952049
9,5,15,2,diurnal,16,HC_HI,50,219.31214545392103,336.31214545392106,345.3201339994325
9,5,15,2,diurnal,16,HC_HI,51,233.6676653776965,370.20652639072864,374.9712356989755
9,5,15,2,diurnal,16,HC_HI,52,248.40732821906084,434.0380557058759,376.2959682168218
9,5,15,2,diurnal,16,HC_HI,53,249.57353862622932,371.5735386262293,430.2253469374865
9,5,15,2,diurnal,16,HC_HI,54,261.5217419801713,352.5217419801713,426.4272662150221
9,5,15,2,diurnal,16,HC_HI,55,251.2764736967303,334.71694747244265,378.80860362125503
9,5,15,2,diurnal,16,HC_HI,56,247.38399123733345,381.15459903797887,362.18815759055417
9,5,15,2,diurnal,16,HC_HI,57,310.9618295766885,461.1908394016761,458.32402652530965
9,5,15,2,diurnal,16,HC_HI,58,238.6728112257551,396.67281122575514,370.6003619678113
9,5,15,2,diurnal,16,HC_HI,59,247.4028348546332,382.40283485463317,332.5313309254396
9,5,15,2,diurnal,16,HC_HI,60,203.4852743723278,291.9103596779898,304.93515224045444
9,5,15,2,diurnal,16,HC_HI,61,274.7775908304677,447.8784507670962,459.16869791276014
9,5,15,2,diurnal,16,HC_HI,62,218.10867301525673,385.1086730152567,353.98738424308925
9,5,15,2,diurnal,16,HC_HI,63,295.6867878888069,514.686787888807,456.54306944224356
9,5,15,2,diurnal,16,HC_HI,64,195.424376400443,308.4053556306178,306.2572206682489
9,5,15,2,diurnal,16,HC_HI,65,255.35502037345742,465.7467542109578,441.03614944175274
9,5,15,2,diurnal,16,HC_HI,66,223.63391531744116,340.55803138138845,334.7225044885429
9,5,15,2,diurnal,16,HC_HI,67,218.21971884729402,278.31214545392106,265.6297569362712
9,5,15,2,diurnal,16,HC_HI,68,264.43081539499224,369.53720046008465,385.90898153819927
9,5,15,2,diurnal,16,HC_HI,69,249.57353862622932,371.5735386262293,406.0747113248971
9,5,15,2,diurnal,16,HC_HI,70,316.3619639498604,450.3619639498604,463.2758530814129
9,5,15,2,diurnal,16,HC_HI,71,220.08925699658232,352.98232862752167,338.0235673175035
9,5,15,2,diurnal,16,HC_HI,72,211.3231844339901,297.3231844339901,302.20797247471745
9,5,15,2,diurnal,16,HC_HI,73,254.96742588683384,323.4023898974376,301.77827645462196
9,5,15,2,diurnal,16,HC_HI,74,266.8699024665175,384.9137371236566,377.51357648217964
9,5,15,2,diurnal,16,HC_HI,75,225.83183977590016,424.4593926086308,384.57463708353197
9,5,15,2,diurnal,16,HC_HI,76,314.53213964094726,478.53213964094726,503.2972598782144
9,5,15,2,diurnal,16,HC_HI,77,288.9060949822686,393.8163276848876,368.40014503330264
9,5,15,2,diurnal,16,HC_HI,78,247.03805570587585,423.0380557058759,417.2582641921591
9,5,15,2,diurnal,16,HC_HI,79,241.19259597828474,338.19259597828477,373.0799316762992
9,5,15,2,diurnal,16,HC_HI,80,233.44919480925694,349.021332702712,312.05741548306884
9,5,15,2,diurnal,16,HC_HI,81,260.16606328620094,320.0626452654975,301.277785853755
9,5,15,2,diurnal,16,HC_HI,82,254.90263037355396,429.7155475872065,412.9434569595155
9,5,15,2,diurnal,16,HC_HI,83,225.10003994714518,372.6276249465162,386.6322817878972
9,5,15,2,diurnal,16,HC_HI,84,260.41088003231744,390.41088003231744,390.10646726654943
9,5,15,2,diurnal,16,HC_HI,85,289.13579280599765,394.13579280599765,361.6064661531326
9,5,15,2,diurnal,16,HC_HI,86,218.46908372957836,311.5536399429468,317.01559255840124
9,5,15,2,diurnal,16,HC_HI,87,253.33131666177837,358.3313166617784,361.59009102637265
9,5,15,2,diurnal,16,HC_HI,88,285.01630257782324,355.4235425696321,359.06370686014503
9,5,15,2,diurnal,16,HC_HI,89,257.83183977590016,445.5130154208505,472.7828904551986
9,5,15,2,diurnal,16,HC_HI,90,264.43081539499224,369.53720046008465,392.1439457576735
9,5,15,2,diurnal,16,HC_HI,91,218.46908372957836,311.5536399429468,333.24579217743377
9,5,15,2,diurnal,16,HC_HI,92,256.9802337530841,429.1402532317562,424.1151142712555
9,5,15,2,diurnal,16,HC_HI,93,212.2192667118594,326.2192667118594,322.26099959441376
9,5,15,2,diurnal,16,HC_HI,94,279.3400372395921,410.3400372395921,409.41677421054874
9,5,15,2,diurnal,16,HC_HI,95,222.23691915466395,336.23691915466395,357.29997790718835
9,5,15,2,diurnal,16,HC_HI,96,249.08571595578206,323.48181950581096,334.86003587519656
9,5,15,2,diurnal,16,HC_HI,97,229.80000157100488,346.34730050908746,354.04122994129636
9,5,15,2,diurnal,16,HC_HI,98,266.8699024665175,384.9137371236566,378.8777051169632
9,5,15,2,diurnal,16,HC_HI,99,197.2192667118594,322.2192667118594,324.70035436535045
9,5,15,2,diurnal,16,HC_HI,100,249.57353862622932,371.5735386262293,395.6354028729824
9,5,15,2,diurnal,16,HC_HI,101,239.69996331672303,425.69996331672303,435.3981772618707
9,5,15,2,diurnal,16,HC_HI,102,212.3400372395921,361.3400372395921,327.7469412328737
9,5,15,2,diurnal,16,HC_HI,103,250.2651416726133,379.2754467807474,360.979251034296
9,5,15,2,diurnal,16,HC_HI,104,248.40732821906084,434.0380557058759,438.9996566855966
9,5,15,2,diurnal,16,HC_HI,105,264.2803821529925,363.9191975979837,373.3709712505621
9,5,15,2,diurnal,16,HC_HI,106,211.3231844339901,297.3231844339901,294.73178717867063
9,5,15,2,diurnal,16,HC_HI,107,213.96454388535224,216.96454388535224,209.1068753483221
9,5,15,2,diurnal,16,HC_HI,108,241.19259597828474,338.19259597828477,359.08813446204
9,5,15,2,diurnal,16,HC_HI,109,263.4655382267317,387.4655382267317,400.12534494316236
9,5,15,2,diurnal,16,HC_HI,110,195.424376400443,308.4053556306178,311.8891358844716
9,5,15,2,diurnal,16,HC_HI,111,255.41699658661616,376.77065345109247,382.18852194121365
9,5,15,2,diurnal,16,HC_HI,112,206.99186862298927,348.835233429157,322.2037109058218
9,5,15,2,diurnal,16,HC_HI,113,225.94892422501684,309.1834690934507,319.35542203698725
9,5,15,2,diurnal,16,HC_HI,114,251.2764736967303,334.71694747244265,348.22634487851144
9,5,15,2,diurnal,16,HC_HI,115,241.19259597828474,338.19259597828477,334.2533074417697
9,5,15,2,diurnal,16,HC_HI,116,210.2651416726133,291.9103596779898,300.8466482025143
9,5,15,2,diurnal,16,HC_HI,117,272.2754467807474,411.2754467807474,428.6073629414697
9,5,15,2,diurnal,16,HC_HI,118,229.83657316044972,331.6276249465162,325.74132009182836
9,5,15,2,diurnal,16,HC_HI,119,264.2803821529925,363.9191975979837,382.6078190723682
9,5,15,2,diurnal,16,HC_HI,120,231.23048195457363,366.23048195457363,350.5515569135372
9,5,15,2,diurnal,16,HC_HI,121,271.47196741701725,421.47196741701725,438.57350373579334
9,5,15,2,diurnal,16,HC_HI,122,249.57353862622932,371.5735386262293,372.2963003969633
9,5,15,2,diurnal,16,HC_HI,123,239.69996331672303,425.69996331672303,436.4797473407445
9,5,15,2,diurnal,16,HC_HI,124,274.6528418198838,450.7288527396521,437.6723981238037
9,5,15,2,diurnal,16,HC_HI,125,230.9765419798908,302.97654197989084,295.51721697104944
9,5,15,2,diurnal,16,HC_HI,126,225.94892422501684,309.1834690934507,333.603160381171
9,5,15,2,diurnal,16,HC_HI,127,284.40910194391165,428.17352331876805,435.3716268177863
9,5,15,2,diurnal,16,HC_HI,128,251.19259597828474,308.19259597828477,308.3872010163418
9,5,15,2,diurnal,16,HC_HI,129,213.96454388535224,216.96454388535224,236.4934148597533
9,5,15,2,diurnal,16,HC_HI,130,241.19259597828474,338.19259597828477,344.58885336358156
9,5,15,2,diurnal,16,HC_HI,131,316.3619639498604,450.3619639498604,429.63863728383467
9,5,15,2,diurnal,16,HC_HI,132,255.35502037345742,465.7467542109578,453.7349533878003
9,5,15,2,diurnal,16,HC_HI,133,218.21971884729402,278.31214545392106,249.7726249475611
9,5,15,2,diurnal,16,HC_HI,134,237.40910194391162,374.6134493343248,347.73398053491235
9,5,15,2,diurnal,16,HC_HI,135,217.07388307550576,391.4822781224061,383.4707411361638
9,5,15,2,diurnal,16,HC_HI,136,274.2768439591622,405.2768439591622,433.3047684375055
9,5,15,2,diurnal,16,HC_HI,137,263.4772717365537,404.4772717365537,408.9422767340979
9,5,15,2,diurnal,16,HC_HI,138,173.37949752764072,324.59060873147575,323.48783283983704
9,5,15,2,diurnal,16,HC_HI,139,271.7402390453311,410.7402390453311,415.202545842483
9,5,15,2,diurnal,16,HC_HI,140,221.40910194391162,353.81702768154685,339.4495464572169
9,5,15,2,diurnal,16,HC_HI,141,264.0380557058759,376.02217763592216,391.745659695855
9,5,15,2,diurnal,16,HC_HI,142,293.7775908304677,383.1834690934507,376.23953762419103
9,5,15,2,diurnal,16,HC_HI,143,261.5148111114777,402.5148111114777,397.26589646690655
9,5,15,2,diurnal,16,HC_HI,144,240.26998488419545,357.2699848841954,346.1871205395982
9,5,15,2,diurnal,16,HC_HI,145,218.46908372957836,311.5536399429468,314.0935338452694
9,5,15,2,diurnal,16,HC_HI,146,229.80000157100488,346.34730050908746,343.99227482027163
9,5,15,2,diurnal,16,HC_HI,147,253.53720046008465,370.37501432323313,356.0858293538968
9,5,15,2,diurnal,16,HC_HI,148,307.3842462297925,441.6867878888069,466.14316516043937
9,5,15,2,diurnal,16,HC_HI,149,233.40585145955066,420.3231844339901,443.29454764978516
9,5,15,2,diurnal,16,HC_HI,150,314.53213964094726,478.53213964094726,454.9067769775069
9,5,15,2,diurnal,16,HC_HI,151,303.1790816373745,448.1790816373745,466.24420287344344
9,5,15,2,diurnal,16,HC_HI,152,295.57673680675725,386.02217763592216,343.90059956827815
9,5,15,2,diurnal,16,HC_HI,153,236.4837022591156,348.4837022591156,345.1301863979369
9,5,15,2,diurnal,16,HC_HI,154,211.57673680675725,370.4703673000752,363.83347712873586
9,5,15,2,diurnal,16,HC_HI,155,225.10003994714518,372.6276249465162,358.3993542562847
9,5,15,2,diurnal,16,HC_HI,156,205.69996331672303,350.69996331672303,328.42496891585455
9,5,15,2,diurnal,16,HC_HI,157,280.5217419801713,377.5217419801713,374.2730207953932
9,5,15,2,diurnal,16,HC_HI,158,245.50881568590447,410.50881568590444,378.1232617461691
9,5,15,2,diurnal,16,HC_HI,159,230.76636278725692,384.37501432323313,399.4542645468018
9,5,15,2,diurnal,16,HC_HI,160,235.97211563905657,339.6595123131533,324.6801577478597
9,5,15,2,diurnal,16,HC_HI,161,284.40910194391165,428.17352331876805,397.4109455133401
9,5,15,2,diurnal,16,HC_HI,162,273.7663627872569,360.1790816373745,382.3289201646876
9,5,15,2,diurnal,16,HC_HI,163,251.93048826595214,336.9309666903007,329.99356707503176
9,5,15,2,diurnal,16,HC_HI,164,315.38360192424614,395.2651970892049,369.76249905201473
9,5,15,2,diurnal,16,HC_HI,165,231.39792547592094,337.3231844339901,337.3804147172918
9,5,15,2,diurnal,16,HC_HI,166,228.65035635826348,340.0892569965823,348.96189068173953
9,5,15,2,diurnal,16,HC_HI,167,230.2651970892049,364.2651970892049,362.92707313661583
9,5,15,2,diurnal,16,HC_HI,168,264.43081539499224,369.53720046008465,384.646508676897
9,5,15,2,diurnal,16,HC_HI,169,229.83657316044972,331.6276249465162,326.14992973555167
9,5,15,2,diurnal,16,HC_HI,170,231.17480823168992,369.5983424972771,363.40159532305375
9,5,15,2,diurnal,16,HC_HI,171,271.78567733742705,401.54842715072084,394.4646428774596
9,5,15,2,diurnal,16,HC_HI,172,248.45220156376405,325.45220156376405,317.7261903342633
9,5,15,2,diurnal,16,HC_HI,173,205.69996331672303,350.69996331672303,317.89988440340124
9,5,15,2,diurnal,16,HC_HI,174,251.93735243706703,381.0222603692316,363.91646025815464
9,5,15,2,diurnal,16,HC_HI,175,322.8216155668024,547.3036409051897,534.3253817017566
9,5,15,2,diurnal,16,HC_HI,176,223.56422566242077,332.39792547592094,310.56612468300165
9,5,15,2,diurnal,16,HC_HI,177,218.10867301525673,385.1086730152567,397.09884160867716
9,5,15,2,diurnal,16,HC_HI,178,279.3400372395921,410.3400372395921,415.7272575410407
9,5,15,2,diurnal,16,HC_HI,179,314.53213964094726,478.53213964094726,473.6962051698991
9,5,15,2,diurnal,16,HC_HI,180,254.3619639498604,411.94074145572864,385.4756626468103
9,5,15,2,diurnal,16,HC_HI,181,255.41699658661616,376.77065345109247,351.2756209941308
9,5,15,2,diurnal,16,HC_HI,182,296.71694747244265,389.7509442544543,359.28981270268133
9,5,15,2,diurnal,16,HC_HI,183,294.20652639072864,404.20652639072864,410.96244455422885
9,5,15,2,diurnal,16,HC_HI,184,288.9060949822686,414.5006603248782,394.7495190282658
9,5,15,2,diurnal,16,HC_HI,185,244.08918338872763,373.424376400443,350.4665870437117
9,5,15,2,diurnal,16,HC_HI,186,223.37847983355232,346.01341642224196,329.2072550057519
9,5,15,2,diurnal,16,HC_HI,187,206.99186862298927,348.835233429157,331.4774774528192
9,5,15,2,diurnal,16,HC_HI,188,236.4837022591156,348.4837022591156,333.23183674214647
9,5,15,2,diurnal,16,HC_HI,189,225.10003994714518,372.6276249465162,352.3964053074163
9,5,15,2,diurnal,16,HC_HI,190,259.93991488046356,448.130399209395,416.4426125018717
9,5,15,2,diurnal,16,HC_HI,191,210.2651416726133,291.9103596779898,287.6898005642138
9,5,15,2,diurnal,16,HC_HI,192,248.5038640734044,368.889559001302,339.05432721836627
9,5,15,2,diurnal,16,HC_HI,193,243.77217043224675,447.4386740952883,429.0907458857939
9,5,15,2,diurnal,16,HC_HI,194,289.13579280599765,394.13579280599765,440.5694422058368
9,5,15,2,diurnal,16,HC_HI,195,217.07388307550576,391.4822781224061,427.26303902190995
9,5,15,2,diurnal,16,HC_HI,196,223.37847983355232,346.01341642224196,361.71254891918176
9,5,15,2,diurnal,16,HC_HI,197,290.54872168962726,358.5148111114777,348.6700985139325
9,5,15,2,diurnal,16,HC_HI,198,268.5608748039664,448.40910194391165,427.97936790977315
9,5,15,2,diurnal,16,HC_HI,199,322.8216155668024,547.3036409051897,489.34113235967675
9,5,15,2,diurnal,16,HC_LI,0,226.94529747835765,321.2615259863362,345.58202883710044
9,5,15,2,diurnal,16,HC_LI,1,271.5322326587602,408.3619639498604,413.761752517778
9,5,15,2,diurnal,16,HC_LI,2,265.72495930653304,424.20652639072864,413.3198848509504
9,5,15,2,diurnal,16,HC_LI,3,241.94423398293742,342.3313166617784,342.02099573318094
9,5,15,2,diurnal,16,HC_LI,4,243.51029652200015,345.57054224703717,346.84765778505147
9,5,15,2,diurnal,16,HC_LI,5,276.93048826595214,459.93048826595214,459.71472969788846
9,5,15,2,diurnal,16,HC_LI,6,271.08229525764034,483.13229973232774,390.91723632728264
9,5,15,2,diurnal,16,HC_LI,7,271.89962133601034,382.6159194171548,382.6297418855821
9,5,15,2,diurnal,16,HC_LI,8,267.36691242555077,388.36691242555077,367.96324865789666
9,5,15,2,diurnal,16,HC_LI,9,245.99186862298927,356.17930864162673,330.87560805740355
9,5,15,2,diurnal,16,HC_LI,10,215.97216028140878,358.370825644701,363.5805051579581
9,5,15,2,diurnal,16,HC_LI,11,256.13229973232774,429.13229973232774,420.63866448634354
9,5,15,2,diurnal,16,HC_LI,12,241.94423398293742,342.3313166617784,320.282638813903
9,5,15,2,diurnal,16,HC_LI,13,291.12678968666864,428.12678968666864,401.52814037909036
9,5,15,2,diurnal,16,HC_LI,14,239.6373687753154,331.6373687753154,314.36027961277125
9,5,15,2,diurnal,16,HC_LI,15,248.29217662571017,408.29217662571017,393.91958422158245
9,5,15,2,diurnal,16,HC_LI,16,274.5413650061425,396.51029652200015,414.7633590788922
9,5,15,2,diurnal,16,HC_LI,17,240.25382732722966,361.25382732722966,364.66578675061265
9,5,15,2,diurnal,16,HC_LI,18,264.5143676119037,371.2803821529925,351.86017413672266
9,5,15,2,diurnal,16,HC_LI,19,286.66685777646603,398.68194037982335,452.17063225709734
9,5,15,2,diurnal,16,HC_LI,20,217.36493595490825,350.3649359549082,333.8785782933286
9,5,15,2,diurnal,16,HC_LI,21,333.225087570321,496.225087570321,508.67940636926966
9,5,15,2,diurnal,16,HC_LI,22,220.11967885160408,343.5130154208505,330.25653301282995
9,5,15,2,diurnal,16,HC_LI,23,263.1159013016569,441.1159013016569,419.4569992416332
9,5,15,2,diurnal,16,HC_LI,24,259.5322326587602,395.59639091816825,398.4301576030742
9,5,15,2,diurnal,16,HC_LI,25,292.95382732593674,386.8735612040497,406.568916338886
9,5,15,2,diurnal,16,HC_LI,26,263.1159013016569,441.1159013016569,440.51313138053496
9,5,15,2,diurnal,16,HC_LI,27,227.87356120404968,395.15459903797887,398.1902837329909
9,5,15,2,diurnal,16,HC_LI,28,282.9305621259248,366.7775908304677,385.63491593733363
9,5,15,2,diurnal,16,HC_LI,29,277.2331079252323,418.2331079252323,410.5978785591539
9,5,15,2,diurnal,16,HC_LI,30,262.021332702712,368.021332702712,415.1670223380709
9,5,15,2,diurnal,16,HC_LI,31,246.59639091816823,400.5167438217153,354.0563912602961
9,5,15,2,diurnal,16,HC_LI,32,235.32617634953064,354.2658058146534,376.75793234117924
9,5,15,2,diurnal,16,HC_LI,33,274.5413650061425,396.51029652200015,414.3196177445554
9,5,15,2,diurnal,16,HC_LI,34,289.0348433018983,335.0348433018983,377.0613003518634
9,5,15,2,diurnal,16,HC_LI,35,277.5416209157831,359.7467542109578,330.6312848981023
9,5,15,2,diurnal,16,HC_LI,36,278.8166788858006,408.9311218784006,411.5390578513168
9,5,15,2,diurnal,16,HC_LI,37,271.89962133601034,382.6159194171548,363.3628373273594
9,5,15,2,diurnal,16,HC_LI,38,221.50881568590447,286.1800643165026,270.75897663619776
9,5,15,2,diurnal,16,HC_LI,39,265.44926582593007,418.6431948721453,430.73883028043895
9,5,15,2,diurnal,16,HC_LI,40,281.219718847294,394.9803537718174,398.7332708672975
9,5,15,2,diurnal,16,HC_LI,41,233.43867409528832,319.2958664309718,338.5191692787961
9,5,15,2,diurnal,16,HC_LI,42,250.46026703596692,355.4602670359669,328.4236041558182
9,5,15,2,diurnal,16,HC_LI,43,180.95664030379177,270.08948861910596,254.78148593752732
9,5,15,2,diurnal,16,HC_LI,44,233.79430627426592,389.7943062742659,329.4129544954975
9,5,15,2,diurnal,16,HC_LI,45,259.6418836467332,383.225087570321,421.81566345755743
9,5,15,2,diurnal,16,HC_LI,46,241.97321743788353,426.4001639633498,421.76379498620116
9,5,15,2,diurnal,16,HC_LI,47,237.98753776326055,445.59639091816825,355.39000101101027
9,5,15,2,diurnal,16,HC_LI,48,257.3299763242063,459.47658071765477,434.95852076333694
9,5,15,2,diurnal,16,HC_LI,49,281.219718847294,394.9803537718174,395.5339883727055
9,5,15,2,diurnal,16,HC_LI,50,233.43867409528832,319.2958664309718,323.3689340046041
9,5,15,2,diurnal,16,HC_LI,51,270.41158254882356,385.41158254882356,366.13014008662117
9,5,15,2,diurnal,16,HC_LI,52,256.13229973232774,429.13229973232774,358.7528862148152
9,5,15,2,diurnal,16,HC_LI,53,261.59639091816825,376.9916843729875,464.90213204292394
9,5,15,2,diurnal,16,HC_LI,54,266.95382732593674,454.3036409051897,481.2622398194259
9,5,15,2,diurnal,16,HC_LI,55,231.5221177129638,298.5221177129638,291.2013144333224
9,5,15,2,diurnal,16,HC_LI,56,250.46026703596692,355.4602670359669,368.79340840268105
9,5,15,2,diurnal,16,HC_LI,57,220.11967885160408,343.5130154208505,332.28012038382127
9,5,15,2,diurnal,16,HC_LI,58,261.59639091816825,376.9916843729875,378.4207820904771
9,5,15,2,diurnal,16,HC_LI,59,280.08472515379674,355.97654197989084,352.74484160525463
9,5,15,2,diurnal,16,HC_LI,60,233.43867409528832,319.2958664309718,312.7320994480434
9,5,15,2,diurnal,16,HC_LI,61,252.31425375887906,372.3142537588791,353.89386220726345
9,5,15,2,diurnal,16,HC_LI,62,268.53720046008465,340.9137371236566,354.6743557722856
9,5,15,2,diurnal,16,HC_LI,63,279.5006603248782,370.38755249610244,379.46941615454494
9,5,15,2,diurnal,16,HC_LI,64,251.1963846791116,354.46123205070415,421.7240016452475
9,5,15,2,diurnal,16,HC_LI,65,249.26580581465336,336.3991440925231,340.72696572012933
9,5,15,2,diurnal,16,HC_LI,66,257.9501223438664,446.2192667118594,410.35677283047556
9,5,15,2,diurnal,16,HC_LI,67,265.4184904560461,330.12678968666864,316.019466130973
9,5,15,2,diurnal,16,HC_LI,68,257.3683293494202,369.3683293494202,389.0211789860048
9,5,15,2,diurnal,16,HC_LI,69,282.9305621259248,366.7775908304677,378.07518376128775
9,5,15,2,diurnal,16,HC_LI,70,255.51674382171532,385.57054224703717,399.509581465259
9,5,15,2,diurnal,16,HC_LI,71,264.5143676119037,371.2803821529925,353.8149728978216
9,5,15,2,diurnal,16,HC_LI,72,260.9721602814088,369.2803821529925,379.88266177632977
9,5,15,2,diurnal,16,HC_LI,73,255.15459903797887,402.7625803541939,376.95130320130727
9,5,15,2,diurnal,16,HC_LI,74,250.46026703596692,355.4602670359669,349.04656557380923
9,5,15,2,diurnal,16,HC_LI,75,262.9208791079835,315.4507372691137,334.027947630268
9,5,15,2,diurnal,16,HC_LI,76,266.1159013016569,435.1159013016569,437.17594608413344
9,5,15,2,diurnal,16,HC_LI,77,290.1000399471452,383.8737328799912,388.7890608934801
9,5,15,2,diurnal,16,HC_LI,78,261.47196741701725,391.47196741701725,395.5143638639445
9,5,15,2,diurnal,16,HC_LI,79,260.9721602814088,369.2803821529925,395.8232570901672
9,5,15,2,diurnal,16,HC_LI,80,241.87464534537605,326.3550203734574,350.15301287966116
9,5,15,2,diurnal,16,HC_LI,81,333.225087570321,496.225087570321,466.7732258751742
9,5,15,2,diurnal,16,HC_LI,82,275.60859898232434,422.466709660636,436.43382165101826
9,5,15,2,diurnal,16,HC_LI,83,243.20352212267838,422.20352212267835,437.69513282209584
9,5,15,2,diurnal,16,HC_LI,84,240.23310792523225,387.4589488575175,395.47823291654123
9,5,15,2,diurnal,16,HC_LI,85,255.44615944024076,363.3550203734574,334.54224902224377
9,5,15,2,diurnal,16,HC_LI,86,274.5413650061425,396.51029652200015,384.3796737957964
9,5,15,2,diurnal,16,HC_LI,87,234.54162091578308,330.94326430105474,330.0681655545819
9,5,15,2,diurnal,16,HC_LI,88,248.98171418200096,340.9817141820009,341.3880910715131
9,5,15,2,diurnal,16,HC_LI,89,230.34370576279406,325.34370576279406,268.94385643631455
9,5,15,2,diurnal,16,HC_LI,90,244.40238989743762,384.00992118312104,349.4059960814972
9,5,15,2,diurnal,16,HC_LI,91,247.40158834317072,375.933944907014,368.5002365715364
9,5,15,2,diurnal,16,HC_LI,92,267.36691242555077,388.36691242555077,393.993598800822
9,5,15,2,diurnal,16,HC_LI,93,298.9137371236566,477.9137371236566,477.44635566223656
9,5,15,2,diurnal,16,HC_LI,94,241.9060949822686,337.4934207926574,358.2251367677045
9,5,15,2,diurnal,16,HC_LI,95,246.59639091816823,400.5167438217153,392.00177857373785
9,5,15,2,diurnal,16,HC_LI,96,263.29217662571017,379.29217662571017,441.0197377776049
9,5,15,2,diurnal,16,HC_LI,97,288.8001607295263,416.8001607295263,393.90408070782263
9,5,15,2,diurnal,16,HC_LI,98,268.53720046008465,340.9137371236566,344.52663324590935
9,5,15,2,diurnal,16,HC_LI,99,259.4708947041855,375.4708947041855,400.8943248886979
9,5,15,2,diurnal,16,HC_LI,100,258.62790097709046,365.53121243315456,357.17036484981236
9,5,15,2,diurnal,16,HC_LI,101,254.30904311545902,378.6841842454969,394.11798376481204
9,5,15,2,diurnal,16,HC_LI,102,260.13229973232774,374.35546660801157,364.04856946398064
9,5,15,2,diurnal,16,HC_LI,103,227.87356120404968,395.15459903797887,386.89914600598223
9,5,15,2,diurnal,16,HC_LI,104,232.59639091816823,391.59639091816825,402.28719347216156
9,5,15,2,diurnal,16,HC_LI,105,227.24498694090917,450.24498694090914,433.83098754441227
9,5,15,2,diurnal,16,HC_LI,106,270.41158254882356,385.41158254882356,407.97392697074423
9,5,15,2,diurnal,16,HC_LI,107,253.85747426330065,359.8574742633007,367.80994373539914
9,5,15,2,diurnal,16,HC_LI,108,251.37666768278547,430.37666768278547,432.1907705425668
9,5,15,2,diurnal,16,HC_LI,109,274.69294835889383,375.38360192424614,387.93227709086204
9,5,15,2,diurnal,16,HC_LI,110,254.30904311545902,378.6841842454969,383.95914806660676
9,5,15,2,diurnal,16,HC_LI,111,295.8784507670962,430.73792519191136,456.7462326821355
9,5,15,2,diurnal,16,HC_LI,112,252.31425375887906,372.3142537588791,392.15182523354827
9,5,15,2,diurnal,16,HC_LI,113,229.98023375308415,383.9802337530841,381.32591328277346
9,5,15,2,diurnal,16,HC_LI,114,264.6186846952391,398.3638509361016,453.27783180983374
9,5,15,2,diurnal,16,HC_LI,115,273.8491800046232,403.4589488575175,370.5046327998116
9,5,15,2,diurnal,16,HC_LI,116,253.57353862622932,384.51693155192794,400.2762401148199
9,5,15,2,diurnal,16,HC_LI,117,276.7208459077914,460.63391531744116,431.41217843668295
9,5,15,2,diurnal,16,HC_LI,118,271.89962133601034,382.6159194171548,372.0010054187132
9,5,15,2,diurnal,16,HC_LI,119,226.97090937810032,372.0242016984233,356.9385039454961
9,5,15,2,diurnal,16,HC_LI,120,260.90310057947704,382.90310057947704,390.6188907383724
9,5,15,2,diurnal,16,HC_LI,121,269.4986588210053,405.94892422501687,374.40687504949074
9,5,15,2,diurnal,16,HC_LI,122,265.1633029140834,370.51025744774597,351.4503385211806
9,5,15,2,diurnal,16,HC_LI,123,245.77065345109247,414.3036409051897,435.1618447804059
9,5,15,2,diurnal,16,HC_LI,124,241.94423398293742,342.3313166617784,346.52777770114443
9,5,15,2,diurnal,16,HC_LI,125,286.66685777646603,398.68194037982335,448.5201578209206
9,5,15,2,diurnal,16,HC_LI,126,260.90310057947704,382.90310057947704,377.4914247463551
9,5,15,2,diurnal,16,HC_LI,127,228.17558992160812,420.3238304978871,442.9042396805492
9,5,15,2,diurnal,16,HC_LI,128,247.40158834317072,375.933944907014,367.2387990834291
9,5,15,2,diurnal,16,HC_LI,129,236.8980710805301,358.8980710805301,354.1980812513356
9,5,15,2,diurnal,16,HC_LI,130,250.72885273965207,340.7288527396521,366.1218223697945
9,5,15,2,diurnal,16,HC_LI,131,263.1159013016569,441.1159013016569,398.601267462287
9,5,15,2,diurnal,16,HC_LI,132,257.3299763242063,459.47658071765477,458.19214929146864
9,5,15,2,diurnal,16,HC_LI,133,228.81702768154685,386.2497620172369,415.2129060723173
9,5,15,2,diurnal,16,HC_LI,134,266.19259597828477,460.02217763592216,451.8751141797487
9,5,15,2,diurnal,16,HC_LI,135,228.72495930653307,382.0811280566988,363.22860747044035
9,5,15,2,diurnal,16,HC_LI,136,226.4390189188579,375.67232280214296,352.2921398617199
9,5,15,2,diurnal,16,HC_LI,137,270.8699024665175,512.3108505261569,516.8686927908213
9,5,15,2,diurnal,16,HC_LI,138,231.32721905053094,336.32721905053097,302.57110833608425
9,5,15,2,diurnal,16,HC_LI,139,242.6134493343248,366.6134493343248,375.43183469283196
9,5,15,2,diurnal,16,HC_LI,140,288.29646351599274,375.2768439591622,385.1022097211676
9,5,15,2,diurnal,16,HC_LI,141,268.2651970892049,366.97698760214314,378.71505859174084
9,5,15,2,diurnal,16,HC_LI,142,228.17558992160812,420.3238304978871,411.791032189261
9,5,15,2,diurnal,16,HC_LI,143,291.3619639498604,568.3619639498604,548.6230025546583
9,5,15,2,diurnal,16,HC_LI,144,226.94529747835765,321.2615259863362,326.318712114789
9,5,15,2,diurnal,16,HC_LI,145,251.56447593042608,407.83516689325256,425.87163296999614
9,5,15,2,diurnal,16,HC_LI,146,237.98753776326055,445.59639091816825,374.6787392405829
9,5,15,2,diurnal,16,HC_LI,147,245.56412373414162,388.89947888065933,348.7694078736784
9,5,15,2,diurnal,16,HC_LI,148,253.61591941715483,372.41088003231744,366.1779517388178
9,5,15,2,diurnal,16,HC_LI,149,257.9501223438664,446.2192667118594,471.76567247367797
9,5,15,2,diurnal,16,HC_LI,150,228.72495930653307,382.0811280566988,355.95215963677396
9,5,15,2,diurnal,16,HC_LI,151,256.3224543640596,349.3224543640596,370.3610336308576
9,5,15,2,diurnal,16,HC_LI,152,289.2651970892049,443.57673680675725,433.04563628007014
9,5,15,2,diurnal,16,HC_LI,153,287.51029652200015,461.51029652200015,495.1451050316703
9,5,15,2,diurnal,16,HC_LI,154,265.44926582593007,418.6431948721453,436.6651054703895
9,5,15,2,diurnal,16,HC_LI,155,259.5322326587602,395.59639091816825,411.0896883668237
9,5,15,2,diurnal,16,HC_LI,156,237.98753776326055,445.59639091816825,336.35183302700284
9,5,15,2,diurnal,16,HC_LI,157,266.95382732593674,454.3036409051897,479.9632506158994
9,5,15,2,diurnal,16,HC_LI,158,323.8735612040497,466.65252258946293,442.491142793918
9,5,15,2,diurnal,16,HC_LI,159,287.51029652200015,461.51029652200015,460.6422309811457
9,5,15,2,diurnal,16,HC_LI,160,254.64403217324084,416.6440321732408,393.1881537864416
9,5,15,2,diurnal,16,HC_LI,161,287.51029652200015,461.51029652200015,466.12303437741457
9,5,15,2,diurnal,16,HC_LI,162,260.38755249610244,420.38755249610244,437.0148307230544
9,5,15,2,diurnal,16,HC_LI,163,333.225087570321,496.225087570321,489.7229950776743
9,5,15,2,diurnal,16,HC_LI,164,227.24498694090917,450.24498694090914,456.0946456911958
9,5,15,2,diurnal,16,HC_LI,165,271.08229525764034,483.13229973232774,467.61782961048925
9,5,15,2,diurnal,16,HC_LI,166,227.87356120404968,395.15459903797887,387.6305613362496
9,5,15,2,diurnal,16,HC_LI,167,259.6885954321439,369.8424033584613,349.0546681078371
9,5,15,2,diurnal,16,HC_LI,168,259.6418836467332,383.225087570321,381.9354842152613
9,5,15,2,diurnal,16,HC_LI,169,229.98023375308415,383.9802337530841,366.8918255124848
9,5,15,2,diurnal,16,HC_LI,170,240.23310792523225,387.4589488575175,377.905694933898
9,5,15,2,diurnal,16,HC_LI,171,259.6885954321439,369.8424033584613,378.5387857231796
9,5,15,2,diurnal,16,HC_LI,172,244.37085206708807,332.3692585672021,333.52995832035344
9,5,15,2,diurnal,16,HC_LI,173,228.17558992160812,420.3238304978871,395.0263001111522
9,5,15,2,diurnal,16,HC_LI,174,254.64403217324084,416.6440321732408,413.14732212213386
9,5,15,2,diurnal,16,HC_LI,175,259.6418836467332,383.225087570321,379.081677847284
9,5,15,2,diurnal,16,HC_LI,176,269.4986588210053,405.94892422501687,413.4828693886437
9,5,15,2,diurnal,16,HC_LI,177,312.1000399471452,486.1000399471452,491.1757623429286
9,5,15,2,diurnal,16,HC_LI,178,249.6901901313317,346.5095658399486,309.3210619710391
9,5,15,2,diurnal,16,HC_LI,179,251.56447593042608,407.83516689325256,392.4343815904484
9,5,15,2,diurnal,16,HC_LI,180,256.20352212267835,404.2898007554017,380.58227785142685
9,5,15,2,diurnal,16,HC_LI,181,259.6885954321439,369.8424033584613,345.48626190008525
9,5,15,2,diurnal,16,HC_LI,182,245.99186862298927,356.17930864162673,343.20530914683854
9,5,15,2,diurnal,16,HC_LI,183,215.03418304145828,343.94074145572864,356.7128459045105
9,5,15,2,diurnal,16,HC_LI,184,239.6373687753154,331.6373687753154,320.7154781756336
9,5,15,2,diurnal,16,HC_LI,185,226.4390189188579,375.67232280214296,354.96956336749935
9,5,15,2,diurnal,16,HC_LI,186,242.4837022591156,425.4837022591156,399.7856273649111
9,5,15,2,diurnal,16,HC_LI,187,255.44615944024076,363.3550203734574,358.27607864817054
9,5,15,2,diurnal,16,HC_LI,188,322.77217043224675,504.78567733742705,528.3710893758062
9,5,15,2,diurnal,16,HC_LI,189,242.6134493343248,366.6134493343248,374.1482510081339
9,5,15,2,diurnal,16,HC_LI,190,268.53720046008465,340.9137371236566,342.02437238493974
9,5,15,2,diurnal,16,HC_LI,191,257.9501223438664,446.2192667118594,391.8511610847101
9,5,15,2,diurnal,16,HC_LI,192,289.0348433018983,335.0348433018983,331.2172735109309
9,5,15,2,diurnal,16,HC_LI,193,253.9405514389359,314.9405514389359,322.58204711542174
9,5,15,2,diurnal,16,HC_LI,194,261.59639091816825,376.9916843729875,383.18286161884106
9,5,15,2,diurnal,16,HC_LI,195,268.53720046008465,340.9137371236566,362.55408211963925
9,5,15,2,diurnal,16,HC_LI,196,254.6270679511915,358.9721156390566,333.51620960722227
9,5,15,2,diurnal,16,HC_LI,197,215.30867296821836,349.65144079321897,389.6688726468706
9,5,15,2,diurnal,16,HC_LI,198,333.225087570321,496.225087570321,479.29086830980725
9,5,15,2,diurnal,16,HC_LI,199,290.1000399471452,383.8737328799912,395.96646303802453
9,5,15,2,diurnal,16,LC_HI,0,269.8918681168399,395.2497620172369,400.0768577799031
9,5,15,2,diurnal,16,LC_HI,1,259.5735386262293,405.34385839451227,403.335968524717
9,5,15,2,diurnal,16,LC_HI,2,308.93991488046356,385.93991488046356,392.41845269279105
9,5,15,2,diurnal,16,LC_HI,3,323.23691915466395,499.23691915466395,493.2675098596083
9,5,15,2,diurnal,16,LC_HI,4,245.16580664447415,328.3224543640596,341.58839123165154
9,5,15,2,diurnal,16,LC_HI,5,300.35436679814205,480.35436679814205,509.62036343897887
9,5,15,2,diurnal,16,LC_HI,6,302.0281201720419,394.1661557499323,411.3052237693798
9,5,15,2,diurnal,16,LC_HI,7,309.34376262675124,458.34376262675124,488.6569440589562
9,5,15,2,diurnal,16,LC_HI,8,249.18006431650258,368.1800643165026,365.96458998904524
9,5,15,2,diurnal,16,LC_HI,9,281.51029652200015,418.5095658399486,400.35374024889745
9,5,15,2,diurnal,16,LC_HI,10,249.18006431650258,368.1800643165026,383.8199524738664
9,5,15,2,diurnal,16,LC_HI,11,203.34835972035913,286.3532294749326,273.1137914292996
9,5,15,2,diurnal,16,LC_HI,12,250.53213964094726,348.2331079252323,338.39590191276295
9,5,15,2,diurnal,16,LC_HI,13,253.9060949822686,418.9060949822686,406.710288759095
9,5,15,2,diurnal,16,LC_HI,14,255.34770510698448,403.93694511201153,395.1868194480512
9,5,15,2,diurnal,16,LC_HI,15,279.96742588683384,501.96742588683384,473.7446927447284
9,5,15,2,diurnal,16,LC_HI,16,234.3263119817952,363.0743344314742,355.9856583516062
9,5,15,2,diurnal,16,LC_HI,17,282.29231057483565,374.29231057483565,363.638765298801
9,5,15,2,diurnal,16,LC_HI,18,224.98023375308415,321.9802337530841,296.2251620405538
9,5,15,2,diurnal,16,LC_HI,19,285.97654197989084,398.98753776326055,398.5136881852749
9,5,15,2,diurnal,16,LC_HI,20,244.75025733278025,386.5217419801713,376.61975280597153
9,5,15,2,diurnal,16,LC_HI,21,247.1156393566826,339.1156393566826,342.88542079250703
9,5,15,2,diurnal,16,LC_HI,22,269.8918681168399,395.2497620172369,391.37714857794464
9,5,15,2,diurnal,16,LC_HI,23,295.0242016984233,414.51386966626706,411.54471118153253
9,5,15,2,diurnal,16,LC_HI,24,234.09396470451074,377.65252258946293,363.0630000794075
9,5,15,2,diurnal,16,LC_HI,25,290.4837022591156,469.49369542254993,461.06285675950704
9,5,15,2,diurnal,16,LC_HI,26,276.40732821906084,407.21712583696825,380.2072136898125
9,5,15,2,diurnal,16,LC_HI,27,224.98023375308415,321.9802337530841,327.3314506960638
9,5,15,2,diurnal,16,LC_HI,28,221.86231703739162,312.8623170373916,307.24333108448144
9,5,15,2,diurnal,16,LC_HI,29,276.40732821906084,407.21712583696825,429.3779240996486
9,5,15,2,diurnal,16,LC_HI,30,239.88422267640465,323.1790816373745,315.26848924787845
9,5,15,2,diurnal,16,LC_HI,31,290.54872168962726,420.3898420101782,401.8577224140503
9,5,15,2,diurnal,16,LC_HI,32,264.09396470451077,364.83280196704413,372.28561527685116
9,5,15,2,diurnal,16,LC_HI,33,244.75025733278025,386.5217419801713,386.8860385838121
9,5,15,2,diurnal,16,LC_HI,34,258.1658066444742,393.41699658661616,402.30646067067255
9,5,15,2,diurnal,16,LC_HI,35,283.7574593853116,344.60802431074706,356.0124720911909
9,5,15,2,diurnal,16,LC_HI,36,253.9060949822686,418.9060949822686,422.1584212546649
9,5,15,2,diurnal,16,LC_HI,37,214.94892422501684,319.78467063703744,282.8710958773769
9,5,15,2,diurnal,16,LC_HI,38,246.73792519191133,347.73792519191136,332.74819369956003
9,5,15,2,diurnal,16,LC_HI,39,300.35436679814205,480.35436679814205,461.8359493979381
9,5,15,2,diurnal,16,LC_HI,40,323.23691915466395,499.23691915466395,483.61884308861363
9,5,15,2,diurnal,16,LC_HI,41,236.53723339650807,330.3336202173432,323.689940950148
9,5,15,2,diurnal,16,LC_HI,42,294.38630820100434,494.38630820100434,496.09786470760207
9,5,15,2,diurnal,16,LC_HI,43,247.1156393566826,339.1156393566826,337.396344703622
9,5,15,2,diurnal,16,LC_HI,44,203.60859898232437,299.60859898232434,302.58004589277914
9,5,15,2,diurnal,16,LC_HI,45,256.90310057947704,337.90310057947704,352.0652486928507
9,5,15,2,diurnal,16,LC_HI,46,296.6970924833902,477.6970924833902,489.4203037697852
9,5,15,2,diurnal,16,LC_HI,47,279.96742588683384,501.96742588683384,525.6955080673828
9,5,15,2,diurnal,16,LC_HI,48,216.80320535463744,350.5536399429468,344.832516852919
9,5,15,2,diurnal,16,LC_HI,49,264.09396470451077,364.83280196704413,375.0086093940892
9,5,15,2,diurnal,16,LC_HI,50,271.1159013016569,413.1039301907566,412.96463394151834
9,5,15,2,diurnal,16,LC_HI,51,288.73676516974484,360.46908372957836,373.9494892844743
9,5,15,2,diurnal,16,LC_HI,52,192.37949752764072,244.11967885160408,235.6752078751609
9,5,15,2,diurnal,16,LC_HI,53,261.93735243706703,413.3638509361016,450.8412412374776
9,5,15,2,diurnal,16,LC_HI,54,277.00992118312104,452.00992118312104,453.81136479386254
9,5,15,2,diurnal,16,LC_HI,55,314.51386966626706,405.51386966626706,378.9360493844011
9,5,15,2,diurnal,16,LC_HI,56,256.90310057947704,337.90310057947704,347.1284732094159
9,5,15,2,diurnal,16,LC_HI,57,218.03418304145828,339.0341830414583,333.8748212475789
9,5,15,2,diurnal,16,LC_HI,58,229.8591650935473,321.8591650935473,304.69414607564124
9,5,15,2,diurnal,16,LC_HI,59,262.7722697872928,365.44615944024076,355.33821518620414
9,5,15,2,diurnal,16,LC_HI,60,165.83280196704416,252.83280196704416,256.23408382055436
9,5,15,2,diurnal,16,LC_HI,61,296.6970924833902,477.6970924833902,491.97517462090167
9,5,15,2,diurnal,16,LC_HI,62,212.51386966626703,281.6423081947933,285.68977143901037
9,5,15,2,diurnal,16,LC_HI,63,249.58037438871702,389.580374388717,393.6034967931438
9,5,15,2,diurnal,16,LC_HI,64,205.7692383186121,326.4235425696321,345.2571971280107
9,5,15,2,diurnal,16,LC_HI,65,205.66934778055264,364.1908394016761,369.6792782450186
9,5,15,2,diurnal,16,LC_HI,66,240.1382064726272,346.1382064726272,307.10417228324764
9,5,15,2,diurnal,16,LC_HI,67,285.25662193549476,392.8238824919649,386.61975049417526
9,5,15,2,diurnal,16,LC_HI,68,260.46123205070415,423.46123205070415,417.92203739989696
9,5,15,2,diurnal,16,LC_HI,69,256.7916532721334,387.7916532721334,384.28173189864265
9,5,15,2,diurnal,16,LC_HI,70,245.2898007554017,389.8216155668024,402.30862549492906
9,5,15,2,diurnal,16,LC_HI,71,271.4185084467132,365.4053556306178,362.7265178225763
9,5,15,2,diurnal,16,LC_HI,72,281.6134493343248,412.6134493343248,417.1343737703961
9,5,15,2,diurnal,16,LC_HI,73,291.6373687753154,448.3619639498604,472.3847490975985
9,5,15,2,diurnal,16,LC_HI,74,314.51386966626706,405.51386966626706,468.95486024787033
9,5,15,2,diurnal,16,LC_HI,75,235.7155475872065,358.9618295766885,340.42430567280115
9,5,15,2,diurnal,16,LC_HI,76,192.6186846952391,290.6186846952391,275.4270674241131
9,5,15,2,diurnal,16,LC_HI,77,279.2395658152685,416.98186738702435,395.51852930764977
9,5,15,2,diurnal,16,LC_HI,78,188.2224002106446,307.37501432323313,299.9247157684027
9,5,15,2,diurnal,16,LC_HI,79,228.71694747244265,321.73139356392664,318.8081928463779
9,5,15,2,diurnal,16,LC_HI,80,260.48181950581096,344.7749471443223,350.5362047290969
9,5,15,2,diurnal,16,LC_HI,81,264.33213433503363,417.33213433503363,331.9078452650671
9,5,15,2,diurnal,16,LC_HI,82,276.40732821906084,407.21712583696825,396.1684255682993
9,5,15,2,diurnal,16,LC_HI,83,249.58037438871702,331.4053556306178,347.59016529805837
9,5,15,2,diurnal,16,LC_HI,84,229.12106304809396,323.28703009117226,318.561635985722
9,5,15,2,diurnal,16,LC_HI,85,288.73676516974484,360.46908372957836,343.5724666156693
9,5,15,2,diurnal,16,LC_HI,86,213.06622097383715,313.839441234286,314.204330263072
9,5,15,2,diurnal,16,LC_HI,87,286.40585145955066,442.5095658399486,408.10319245265094
9,5,15,2,diurnal,16,LC_HI,88,282.9923270371154,383.9923270371154,420.69698434539924
9,5,15,2,diurnal,16,LC_HI,89,201.17092859370732,280.6885954321439,296.5204701904761
9,5,15,2,diurnal,16,LC_HI,90,258.1196788516041,404.53121243315456,379.96135641104036
9,5,15,2,diurnal,16,LC_HI,91,218.29231057483565,311.21364012081597,289.793892748983
9,5,15,2,diurnal,16,LC_HI,92,213.06622097383715,313.839441234286,301.5193974770791
9,5,15,2,diurnal,16,LC_HI,93,222.89186811683987,317.8918681168399,294.56706907811065
9,5,15,2,diurnal,16,LC_HI,94,245.5980404419634,338.8226855274707,351.41352229238214
9,5,15,2,diurnal,16,LC_HI,95,229.55363994294683,323.13579280599765,314.32230234807344
9,5,15,2,diurnal,16,LC_HI,96,222.80565355902485,381.80565355902485,395.2930994404398
9,5,15,2,diurnal,16,LC_HI,97,268.12678968666864,423.12678968666864,423.43901100200094
9,5,15,2,diurnal,16,LC_HI,98,229.12106304809396,323.28703009117226,321.77931161980644
9,5,15,2,diurnal,16,LC_HI,99,249.58037438871702,331.4053556306178,358.92748345771
9,5,15,2,diurnal,16,LC_HI,100,229.55363994294683,323.13579280599765,320.93019739258386
9,5,15,2,diurnal,16,LC_HI,101,268.9191975979837,368.9191975979837,364.01125726446224
9,5,15,2,diurnal,16,LC_HI,102,266.87464534537605,350.3263119817952,357.781492535095
9,5,15,2,diurnal,16,LC_HI,103,304.9208791079835,431.6595123131533,461.4999945921932
9,5,15,2,diurnal,16,LC_HI,104,283.7574593853116,344.60802431074706,326.74267233105553
9,5,15,2,diurnal,16,LC_HI,105,285.4822781224061,400.3142537588791,404.5035635210468
9,5,15,2,diurnal,16,LC_HI,106,261.93735243706703,413.3638509361016,408.8235970394966
9,5,15,2,diurnal,16,LC_HI,107,238.28038215299253,403.2468289478468,417.8975446543232
9,5,15,2,diurnal,16,LC_HI,108,244.49369542254993,380.49369542254993,380.0981094074809
9,5,15,2,diurnal,16,LC_HI,109,264.09396470451077,364.83280196704413,372.1544926301877
9,5,15,2,diurnal,16,LC_HI,110,222.89186811683987,317.8918681168399,329.8031473356584
9,5,15,2,diurnal,16,LC_HI,111,245.16580664447415,328.3224543640596,359.45972841529056
9,5,15,2,diurnal,16,LC_HI,112,230.66453454463704,311.66453454463704,294.9150390663973
9,5,15,2,diurnal,16,LC_HI,113,290.54872168962726,420.3898420101782,404.8044672425983
9,5,15,2,diurnal,16,LC_HI,114,272.5619430261178,403.5619430261178,349.04139163234464
9,5,15,2,diurnal,16,LC_HI,115,250.27684395916216,376.86868788964966,369.2856243313769
9,5,15,2,diurnal,16,LC_HI,116,276.57359681663087,399.73792519191136,412.7799781542151
9,5,15,2,diurnal,16,LC_HI,117,249.18006431650258,368.1800643165026,386.32987778685913
9,5,15,2,diurnal,16,LC_HI,118,298.6885954321439,425.38360192424614,452.19093527601586
9,5,15,2,diurnal,16,LC_HI,119,234.09396470451074,377.65252258946293,387.6695166563132
9,5,15,2,diurnal,16,LC_HI,120,257.3142537588791,406.3142537588791,423.9247632962712
9,5,15,2,diurnal,16,LC_HI,121,190.1382064726272,331.51386966626706,323.6179898117186
9,5,15,2,diurnal,16,LC_HI,122,202.41849045604607,237.41849045604607,248.1881778035753
9,5,15,2,diurnal,16,LC_HI,123,284.9854836104961,378.40283485463317,414.5552481268257
9,5,15,2,diurnal,16,LC_HI,124,202.66908954894484,336.34370576279406,329.1895992530372
9,5,15,2,diurnal,16,LC_HI,125,240.1382064726272,346.1382064726272,359.421010085371
9,5,15,2,diurnal,16,LC_HI,126,264.09396470451077,364.83280196704413,366.5289919850757
9,5,15,2,diurnal,16,LC_HI,127,214.94892422501684,319.78467063703744,317.43500246077053
9,5,15,2,diurnal,16,LC_HI,128,268.12678968666864,423.12678968666864,440.1352965577769
9,5,15,2,diurnal,16,LC_HI,129,224.98023375308415,321.9802337530841,319.28794878338715
9,5,15,2,diurnal,16,LC_HI,130,270.92662767656793,410.92662767656793,356.2375605148494
9,5,15,2,diurnal,16,LC_HI,131,258.1658066444742,393.41699658661616,383.49306725579174
9,5,15,2,diurnal,16,LC_HI,132,234.3263119817952,363.0743344314742,376.2251749618557
9,5,15,2,diurnal,16,LC_HI,133,279.96742588683384,501.96742588683384,502.3849098615445
9,5,15,2,diurnal,16,LC_HI,134,272.2942226644152,356.3708520670881,342.1529842063668
9,5,15,2,diurnal,16,LC_HI,135,304.9208791079835,431.6595123131533,428.2167612696568
9,5,15,2,diurnal,16,LC_HI,136,272.5619430261178,403.5619430261178,391.12052443064783
9,5,15,2,diurnal,16,LC_HI,137,250.53213964094726,348.2331079252323,354.2743868745756
9,5,15,2,diurnal,16,LC_HI,138,257.0517409252707,389.0517409252707,376.0494154636179
9,5,15,2,diurnal,16,LC_HI,139,249.58037438871702,389.580374388717,397.1783405601276
9,5,15,2,diurnal,16,LC_HI,140,216.80320535463744,350.5536399429468,327.8243921399862
9,5,15,2,diurnal,16,LC_HI,141,285.25662193549476,392.8238824919649,404.17924466697264
9,5,15,2,diurnal,16,LC_HI,142,231.00817588545289,318.0081758854529,331.47791014099835
9,5,15,2,diurnal,16,LC_HI,143,268.12678968666864,423.12678968666864,420.38988880144234
9,5,15,2,diurnal,16,LC_HI,144,244.40016396334983,371.4001639633498,373.09010184678203
9,5,15,2,diurnal,16,LC_HI,145,290.54872168962726,420.3898420101782,438.531978751132
9,5,15,2,diurnal,16,LC_HI,146,211.37666768278547,312.37666768278547,293.0425113104749
9,5,15,2,diurnal,16,LC_HI,147,266.51693155192794,377.51693155192794,370.1508459301002
9,5,15,2,diurnal,16,LC_HI,148,308.53720046008465,394.8388953938691,408.15006587463034
9,5,15,2,diurnal,16,LC_HI,149,285.25662193549476,392.8238824919649,413.22169235858456
9,5,15,2,diurnal,16,LC_HI,150,251.6525225894629,344.65252258946293,345.7615913814728
9,5,15,2,diurnal,16,LC_HI,151,249.933944907014,390.933944907014,386.8259334283954
9,5,15,2,diurnal,16,LC_HI,152,245.16580664447415,328.3224543640596,353.6306172270887
9,5,15,2,diurnal,16,LC_HI,153,285.6860256407017,441.00992118312104,443.2421483876729
9,5,15,2,diurnal,16,LC_HI,154,295.32253573543596,373.32253573543596,381.9817879882437
9,5,15,2,diurnal,16,LC_HI,155,192.6186846952391,290.6186846952391,287.00630217627264
9,5,15,2,diurnal,16,LC_HI,156,191.97321743788353,313.97321743788353,316.8149279648081
9,5,15,2,diurnal,16,LC_HI,157,251.7448475855483,405.9916843729875,422.1261208727691
9,5,15,2,diurnal,16,LC_HI,158,285.6860256407017,441.00992118312104,446.0934407088839
9,5,15,2,diurnal,16,LC_HI,159,188.2224002106446,307.37501432323313,306.2752887567614
9,5,15,2,diurnal,16,LC_HI,160,285.54872168962726,377.54872168962726,387.3073675574563
9,5,15,2,diurnal,16,LC_HI,161,309.34376262675124,458.34376262675124,478.7819211039103
9,5,15,2,diurnal,16,LC_HI,162,260.46123205070415,423.46123205070415,389.58557765619673
9,5,15,2,diurnal,16,LC_HI,163,301.78567733742705,448.25437379386636,434.2234136265002
9,5,15,2,diurnal,16,LC_HI,164,221.86231703739162,312.8623170373916,343.3119969434407
9,5,15,2,diurnal,16,LC_HI,165,288.7489363141721,394.67232280214296,383.7749986831709
9,5,15,2,diurnal,16,LC_HI,166,227.71694747244265,353.80565355902485,355.8152253450434
9,5,15,2,diurnal,16,LC_HI,167,211.37666768278547,312.37666768278547,307.42141734205507
9,5,15,2,diurnal,16,LC_HI,168,231.71730320934856,383.6768086805939,357.2699295925891
9,5,15,2,diurnal,16,LC_HI,169,183.51481111147766,271.4934207926574,277.34181344346797
9,5,15,2,diurnal,16,LC_HI,170,305.6186846952391,421.6186846952391,429.1713393686107
9,5,15,2,diurnal,16,LC_HI,171,298.6885954321439,425.38360192424614,436.02414390306285
9,5,15,2,diurnal,16,LC_HI,172,260.46123205070415,423.46123205070415,371.5501664463075
9,5,15,2,diurnal,16,LC_HI,173,252.71092517002927,359.71092517002927,341.46440238872185
9,5,15,2,diurnal,16,LC_HI,174,277.87638991524045,405.8692744893799,471.3498118953586
9,5,15,2,diurnal,16,LC_HI,175,212.51386966626703,281.6423081947933,303.39989763443293
9,5,15,2,diurnal,16,LC_HI,176,254.66908954894484,380.66908954894484,382.33689724094046
9,5,15,2,diurnal,16,LC_HI,177,252.71092517002927,359.71092517002927,361.6966555601695
9,5,15,2,diurnal,16,LC_HI,178,244.1382064726272,347.1382064726272,330.2878926995925
9,5,15,2,diurnal,16,LC_HI,179,221.86231703739162,312.8623170373916,346.7447559876678
9,5,15,2,diurnal,16,LC_HI,180,281.6134493343248,412.6134493343248,376.14870438278746
9,5,15,2,diurnal,16,LC_HI,181,188.2224002106446,307.37501432323313,298.80667971437094
9,5,15,2,diurnal,16,LC_HI,182,344.9769094339031,424.48181950581096,418.874826026315
9,5,15,2,diurnal,16,LC_HI,183,245.16580664447415,328.3224543640596,384.0011009518898
9,5,15,2,diurnal,16,LC_HI,184,226.72495930653307,371.72495930653304,376.4261095393888
9,5,15,2,diurnal,16,LC_HI,185,202.26152598633618,269.94529747835765,268.9014183599759
9,5,15,2,diurnal,16,LC_HI,186,256.90310057947704,337.90310057947704,336.1532310872207
9,5,15,2,diurnal,16,LC_HI,187,229.86231703739162,358.8623170373916,291.3083766112858
9,5,15,2,diurnal,16,LC_HI,188,304.73559292877746,448.7448475855483,457.69593564171026
9,5,15,2,diurnal,16,LC_HI,189,277.00992118312104,452.00992118312104,467.85729717790383
9,5,15,2,diurnal,16,LC_HI,190,207.6500603472332,256.6500603472332,264.0180695284197
9,5,15,2,diurnal,16,LC_HI,191,309.34376262675124,458.34376262675124,486.3428210394598
9,5,15,2,diurnal,16,LC_HI,192,180.34770510698448,206.87464534537605,232.4218167567855
9,5,15,2,diurnal,16,LC_HI,193,223.81470631326474,256.85918632741465,252.0190780989226
9,5,15,2,diurnal,16,LC_HI,194,337.9803537718174,521.5102965220001,591.9667116603536
9,5,15,2,diurnal,16,LC_HI,195,251.6525225894629,344.65252258946293,344.0045469801586
9,5,15,2,diurnal,16,LC_HI,196,255.30905066147574,369.6347239997599,366.7468093445404
9,5,15,2,diurnal,16,LC_HI,197,241.73792519191133,342.51386966626706,358.97859576196714
9,5,15,2,diurnal,16,LC_HI,198,306.80565355902485,407.80565355902485,409.1480674173825
9,5,15,2,diurnal,16,LC_HI,199,288.7489363141721,394.67232280214296,399.1506488005411
9,5,15,2,diurnal,16,LC_LI,0,288.3051062339002,422.9137371236566,419.9992036164621
9,5,15,2,diurnal,16,LC_LI,1,276.50386407340443,453.8335021715407,442.9794095830917
9,5,15,2,diurnal,16,LC_LI,2,226.37501432323313,320.90263037355396,327.29796350843
9,5,15,2,diurnal,16,LC_LI,3,264.68602098238637,389.68602098238637,403.4259431788404
9,5,15,2,diurnal,16,LC_LI,4,290.9208791079835,390.47658071765477,429.7133460365528
9,5,15,2,diurnal,16,LC_LI,5,239.79030798246572,344.7903079824657,262.4117462283326
9,5,15,2,diurnal,16,LC_LI,6,256.835233429157,439.5148111114777,430.4994879823408
9,5,15,2,diurnal,16,LC_LI,7,241.16330291408337,386.9618295766885,402.99140080709543
9,5,15,2,diurnal,16,LC_LI,8,276.1661557499323,372.1661557499323,417.65850811518237
9,5,15,2,diurnal,16,LC_LI,9,268.20352212267835,408.9916843729875,402.7785676722246
9,5,15,2,diurnal,16,LC_LI,10,306.9194076523404,433.68602098238637,424.5082972294287
9,5,15,2,diurnal,16,LC_LI,11,240.98232862752167,358.49369542254993,392.10025705306145
9,5,15,2,diurnal,16,LC_LI,12,291.01341642224196,386.01341642224196,393.82086332139846
9,5,15,2,diurnal,16,LC_LI,13,273.34730050908746,389.8166788858006,360.4056813060998
9,5,15,2,diurnal,16,LC_LI,14,305.3674588445285,440.38630820100434,416.39904717225477
9,5,15,2,diurnal,16,LC_LI,15,239.93991488046356,435.6768086805939,431.4285487593689
9,5,15,2,diurnal,16,LC_LI,16,194.5221177129638,260.383100399185,261.60775542089993
9,5,15,2,diurnal,16,LC_LI,17,306.9194076523404,433.68602098238637,478.3940098637457
9,5,15,2,diurnal,16,LC_LI,18,287.36691242555077,399.36691242555077,377.9850827067191
9,5,15,2,diurnal,16,LC_LI,19,260.2395658152685,380.03820284126465,399.3485899435128
9,5,15,2,diurnal,16,LC_LI,20,305.4602670359669,415.68602098238637,408.45404946648324
9,5,15,2,diurnal,16,LC_LI,21,253.40238989743762,388.4023898974376,417.6660383244934
9,5,15,2,diurnal,16,LC_LI,22,257.6453131447775,412.6453131447775,426.05814418568934
9,5,15,2,diurnal,16,LC_LI,23,249.36691242555077,355.36691242555077,372.5244493229302
9,5,15,2,diurnal,16,LC_LI,24,279.2651970892049,416.4679861621481,428.94043965462413
9,5,15,2,diurnal,16,LC_LI,25,279.3708520670881,399.41158254882356,391.29918031530696
9,5,15,2,diurnal,16,LC_LI,26,305.4602670359669,415.68602098238637,429.6676823269277
9,5,15,2,diurnal,16,LC_LI,27,258.3299763242063,453.3299763242063,436.0685890322236
9,5,15,2,diurnal,16,LC_LI,28,269.7509442544543,364.7509442544543,379.7494196348965
9,5,15,2,diurnal,16,LC_LI,29,272.1156393566826,398.1156393566826,385.24730943655464
9,5,15,2,diurnal,16,LC_LI,30,237.79430627426592,369.7625803541939,386.1891918258054
9,5,15,2,diurnal,16,LC_LI,31,253.85747426330065,361.94326430105474,360.6009434420259
9,5,15,2,diurnal,16,LC_LI,32,229.61591941715483,299.66685777646603,297.6118914398738
9,5,15,2,diurnal,16,LC_LI,33,308.56708844148505,477.5006603248782,465.99110361553323
9,5,15,2,diurnal,16,LC_LI,34,249.36691242555077,355.36691242555077,394.0594061746652
9,5,15,2,diurnal,16,LC_LI,35,258.68213429127115,330.68213429127115,354.04330257281595
9,5,15,2,diurnal,16,LC_LI,36,263.0235432495771,371.71059897095125,400.22494203539844
9,5,15,2,diurnal,16,LC_LI,37,256.2949477449582,380.31085052615686,328.2442316353918
9,5,15,2,diurnal,16,LC_LI,38,222.03260095491208,296.3638509361016,296.2174324198003
9,5,15,2,diurnal,16,LC_LI,39,216.73860974025595,303.7386097402559,286.84469061730556
9,5,15,2,diurnal,16,LC_LI,40,273.05678699233323,362.1086730152567,352.48933499715946
9,5,15,2,diurnal,16,LC_LI,41,229.4235425696321,357.21523816394483,362.1080637570342
9,5,15,2,diurnal,16,LC_LI,42,245.73676516974484,351.73676516974484,335.1278431943858
9,5,15,2,diurnal,16,LC_LI,43,281.08948861910596,383.839441234286,380.729965964264
9,5,15,2,diurnal,16,LC_LI,44,239.79030798246572,344.7903079824657,356.65225541080207
9,5,15,2,diurnal,16,LC_LI,45,222.03260095491208,296.3638509361016,316.99830099553395
9,5,15,2,diurnal,16,LC_LI,46,289.17016857385374,400.17016857385374,389.2179301878301
9,5,15,2,diurnal,16,LC_LI,47,281.2898007554017,425.2898007554017,411.97218067438286
9,5,15,2,diurnal,16,LC_LI,48,238.08740337688835,420.1000399471452,363.8139387301564
9,5,15,2,diurnal,16,LC_LI,49,239.79030798246572,344.7903079824657,364.9588888970341
9,5,15,2,diurnal,16,LC_LI,50,282.3741432225131,392.24498694090914,380.2132579512189
9,5,15,2,diurnal,16,LC_LI,51,255.81439656395682,386.81439656395685,399.2207707752214
9,5,15,2,diurnal,16,LC_LI,52,222.53942874323255,333.6841842454969,347.2093969109902
9,5,15,2,diurnal,16,LC_LI,53,273.9305621259248,339.50386407340443,367.0551646577595
9,5,15,2,diurnal,16,LC_LI,54,291.81439656395685,353.0994844268739,363.55355844003026
9,5,15,2,diurnal,16,LC_LI,55,265.68602098238637,443.0235432495771,434.20528676582967
9,5,15,2,diurnal,16,LC_LI,56,282.40585145955066,354.40585145955066,352.3506746837781
9,5,15,2,diurnal,16,LC_LI,57,276.1661557499323,372.1661557499323,384.6907230812086
9,5,15,2,diurnal,16,LC_LI,58,299.3142537588791,425.21523816394483,469.53041326280714
9,5,15,2,diurnal,16,LC_LI,59,229.4235425696321,357.21523816394483,351.60997168005366
9,5,15,2,diurnal,16,LC_LI,60,285.99993930107905,374.20352212267835,384.37481246296903
9,5,15,2,diurnal,16,LC_LI,61,290.9208791079835,390.47658071765477,348.79996689743655
9,5,15,2,diurnal,16,LC_LI,62,237.61155063318247,308.61155063318245,341.03635316281014
9,5,15,2,diurnal,16,LC_LI,63,314.90310057947704,395.90310057947704,392.01942623817376
9,5,15,2,diurnal,16,LC_LI,64,256.2803821529925,398.2803821529925,401.2071426567008
9,5,15,2,diurnal,16,LC_LI,65,219.28777576804032,336.3086729682184,331.4183821058813
9,5,15,2,diurnal,16,LC_LI,66,297.56708844148505,432.73308361371244,448.85671986077466
9,5,15,2,diurnal,16,LC_LI,67,256.2949477449582,380.31085052615686,334.199927477652
9,5,15,2,diurnal,16,LC_LI,68,304.05678699233323,399.26985588404096,391.1965463333235
9,5,15,2,diurnal,16,LC_LI,69,289.6841842454969,434.1790816373745,464.4937309792229
9,5,15,2,diurnal,16,LC_LI,70,247.7355929287775,405.73676516974484,416.8341623803418
9,5,15,2,diurnal,16,LC_LI,71,265.2849160799419,344.2849160799419,366.5442335145397
9,5,15,2,diurnal,16,LC_LI,72,296.520464341996,407.520464341996,411.00741775990815
9,5,15,2,diurnal,16,LC_LI,73,244.29586643097178,314.72475775170847,300.3411391815092
9,5,15,2,diurnal,16,LC_LI,74,281.08948861910596,383.839441234286,390.07024871609474
9,5,15,2,diurnal,16,LC_LI,75,278.42988592635726,424.42988592635726,420.62657906659643
9,5,15,2,diurnal,16,LC_LI,76,258.51029652200015,325.51029652200015,322.2843016067124
9,5,15,2,diurnal,16,LC_LI,77,276.50386407340443,453.8335021715407,418.72499360988337
9,5,15,2,diurnal,16,LC_LI,78,241.5006603248782,363.392317141842,350.8933566024121
9,5,15,2,diurnal,16,LC_LI,79,283.9721602814088,412.9721602814088,428.99730678775506
9,5,15,2,diurnal,16,LC_LI,80,251.24498694090917,402.73308361371244,404.7400251167466
9,5,15,2,diurnal,16,LC_LI,81,334.34385839451227,418.61155063318245,444.56989811855135
9,5,15,2,diurnal,16,LC_LI,82,240.81265500646745,299.81470631326476,310.67238895098836
9,5,15,2,diurnal,16,LC_LI,83,285.93048826595214,445.93048826595214,397.11914155665545
9,5,15,2,diurnal,16,LC_LI,84,219.28777576804032,336.3086729682184,347.79166372396986
9,5,15,2,diurnal,16,LC_LI,85,215.0803961277365,366.25662193549476,386.94265934039237
9,5,15,2,diurnal,16,LC_LI,86,291.01341642224196,386.01341642224196,371.28472723831317
9,5,15,2,diurnal,16,LC_LI,87,288.3051062339002,422.9137371236566,407.18543401248445
9,5,15,2,diurnal,16,LC_LI,88,294.08571595578206,443.8126550064675,424.2758327251
9,5,15,2,diurnal,16,LC_LI,89,273.9305621259248,339.50386407340443,323.4467345785927
9,5,15,2,diurnal,16,LC_LI,90,251.33213433503363,387.33213433503363,387.87680057251896
9,5,15,2,diurnal,16,LC_LI,91,265.0662209738372,381.0348433018983,389.78832648618373
9,5,15,2,diurnal,16,LC_LI,92,212.51481111147766,327.5148111114777,326.67206785688745
9,5,15,2,diurnal,16,LC_LI,93,289.6841842454969,434.1790816373745,441.09255022532125
9,5,15,2,diurnal,16,LC_LI,94,264.68602098238637,389.68602098238637,396.92368022885125
9,5,15,2,diurnal,16,LC_LI,95,290.60802431074706,447.466709660636,445.7813686852855
9,5,15,2,diurnal,16,LC_LI,96,239.93991488046356,435.6768086805939,415.2297655068878
9,5,15,2,diurnal,16,LC_LI,97,251.33213433503363,387.33213433503363,378.93026436274494
9,5,15,2,diurnal,16,LC_LI,98,290.3785963437489,381.1315237240345,363.4553381416721
9,5,15,2,diurnal,16,LC_LI,99,294.08571595578206,443.8126550064675,455.5484789095722
9,5,15,2,diurnal,16,LC_LI,100,258.2395658152685,403.309043115459,408.5732272930317
9,5,15,2,diurnal,16,LC_LI,101,247.68213429127115,370.68194037982335,380.14733297758806
9,5,15,2,diurnal,16,LC_LI,102,294.08571595578206,443.8126550064675,434.70584599094354
9,5,15,2,diurnal,16,LC_LI,103,300.53213964094726,377.1570812355969,365.15289646384895
9,5,15,2,diurnal,16,LC_LI,104,285.93048826595214,445.93048826595214,406.63454725083744
9,5,15,2,diurnal,16,LC_LI,105,334.2395658152685,434.3334922593845,415.14813608707686
9,5,15,2,diurnal,16,LC_LI,106,253.69996331672303,452.7749471443223,437.0633787293801
9,5,15,2,diurnal,16,LC_LI,107,269.2468289478468,338.23691915466395,329.3139753116102
9,5,15,2,diurnal,16,LC_LI,108,254.7489363141721,392.3006594871883,385.4218043581194
9,5,15,2,diurnal,16,LC_LI,109,250.70304245317158,385.7030424531716,415.5966855443881
9,5,15,2,diurnal,16,LC_LI,110,207.76534740963848,337.2754467807474,333.925760455582
9,5,15,2,diurnal,16,LC_LI,111,253.40238989743762,388.4023898974376,425.6087620462398
9,5,15,2,diurnal,16,LC_LI,112,263.0235432495771,371.71059897095125,413.55138781682786
9,5,15,2,diurnal,16,LC_LI,113,254.72084590779141,333.34770510698445,324.26633221879024
9,5,15,2,diurnal,16,LC_LI,114,283.9721602814088,412.9721602814088,420.11646105631615
9,5,15,2,diurnal,16,LC_LI,115,272.1156393566826,398.1156393566826,395.74636600924606
9,5,15,2,diurnal,16,LC_LI,116,269.7509442544543,364.7509442544543,397.33561984128994
9,5,15,2,diurnal,16,LC_LI,117,247.84154175080977,373.84154175080977,377.20575213606446
9,5,15,2,diurnal,16,LC_LI,118,279.3708520670881,399.41158254882356,430.8239194188698
9,5,15,2,diurnal,16,LC_LI,119,247.72084590779141,321.7208459077914,326.7378306319666
9,5,15,2,diurnal,16,LC_LI,120,290.7030424531716,405.7160193689532,409.0805255599375
9,5,15,2,diurnal,16,LC_LI,121,260.2395658152685,380.03820284126465,388.6858596369705
9,5,15,2,diurnal,16,LC_LI,122,215.3400372395921,343.1159013016569,342.0568917335714
9,5,15,2,diurnal,16,LC_LI,123,240.87440328930782,382.4593926086308,381.2075848946312
9,5,15,2,diurnal,16,LC_LI,124,254.7489363141721,392.3006594871883,370.11591958381746
9,5,15,2,diurnal,16,LC_LI,125,273.9305621259248,339.50386407340443,365.5111691537667
9,5,15,2,diurnal,16,LC_LI,126,321.9534161166904,415.5722340395805,443.30767424648
9,5,15,2,diurnal,16,LC_LI,127,253.85747426330065,361.94326430105474,372.0584445561437
9,5,15,2,diurnal,16,LC_LI,128,237.68418424549688,320.6841842454969,299.59571231320245
9,5,15,2,diurnal,16,LC_LI,129,269.7509442544543,364.7509442544543,385.14303767348633
9,5,15,2,diurnal,16,LC_LI,130,268.3550203734574,325.0380557058759,263.4661516572601
9,5,15,2,diurnal,16,LC_LI,131,249.36691242555077,355.36691242555077,342.97739758371057
9,5,15,2,diurnal,16,LC_LI,132,269.2468289478468,338.23691915466395,352.39018247298543
9,5,15,2,diurnal,16,LC_LI,133,211.99232703711542,321.9923270371154,331.41744592033234
9,5,15,2,diurnal,16,LC_LI,134,297.73308361371244,422.7335716395574,392.20926857609714
9,5,15,2,diurnal,16,LC_LI,135,250.05678699233323,405.0217217868138,350.7133760818571
9,5,15,2,diurnal,16,LC_LI,136,292.0380557058759,403.93991488046356,408.4919580818727
9,5,15,2,diurnal,16,LC_LI,137,237.61155063318247,308.61155063318245,350.307823416408
9,5,15,2,diurnal,16,LC_LI,138,259.78851413586426,390.8388953938691,386.66500690141527
9,5,15,2,diurnal,16,LC_LI,139,212.38360192424614,289.38360192424614,293.7325310716967
9,5,15,2,diurnal,16,LC_LI,140,236.96927735113962,374.4898914821157,376.408248005362
9,5,15,2,diurnal,16,LC_LI,141,207.76534740963848,337.2754467807474,354.69160690545635
9,5,15,2,diurnal,16,LC_LI,142,268.3550203734574,325.0380557058759,282.0448533267472
9,5,15,2,diurnal,16,LC_LI,143,245.98548361049606,343.65144079321897,381.6677585129713
9,5,15,2,diurnal,16,LC_LI,144,238.33638808925804,350.8335021715407,331.63695265858547
9,5,15,2,diurnal,16,LC_LI,145,207.76534740963848,337.2754467807474,337.7556647589444
9,5,15,2,diurnal,16,LC_LI,146,238.5428231865003,355.7155475872065,345.7910017237477
9,5,15,2,diurnal,16,LC_LI,147,244.30904311545902,399.3036409051897,407.257789347002
9,5,15,2,diurnal,16,LC_LI,148,314.90310057947704,395.90310057947704,402.53212915551507
9,5,15,2,diurnal,16,LC_LI,149,292.0380557058759,403.93991488046356,419.63759095866686
9,5,15,2,diurnal,16,LC_LI,150,315.58465818387276,400.3313166617784,407.0759406970209
9,5,15,2,diurnal,16,LC_LI,151,300.53213964094726,377.1570812355969,371.83154511576583
9,5,15,2,diurnal,16,LC_LI,152,268.3550203734574,325.0380557058759,317.6940673759862
9,5,15,2,diurnal,16,LC_LI,153,279.3133763314871,403.56422566242077,401.9695951748269
9,5,15,2,diurnal,16,LC_LI,154,194.5221177129638,260.383100399185,324.38068243106665
9,5,15,2,diurnal,16,LC_LI,155,276.50386407340443,453.8335021715407,474.1841228183751
9,5,15,2,diurnal,16,LC_LI,156,294.8735612040497,414.8735612040497,430.73265154891254
9,5,15,2,diurnal,16,LC_LI,157,304.05678699233323,399.26985588404096,423.38576071442856
9,5,15,2,diurnal,16,LC_LI,158,294.73792519191136,402.37666768278547,396.7501047320864
9,5,15,2,diurnal,16,LC_LI,159,281.0242016984233,386.0242016984233,407.1703181839501
9,5,15,2,diurnal,16,LC_LI,160,268.08538469532664,355.42988592635726,343.71481676815074
9,5,15,2,diurnal,16,LC_LI,161,224.36688303736548,329.3668830373655,368.7030314048489
9,5,15,2,diurnal,16,LC_LI,162,253.40238989743762,388.4023898974376,378.2564500244749
9,5,15,2,diurnal,16,LC_LI,163,216.57385803956177,293.9566403037918,303.75528410140384
9,5,15,2,diurnal,16,LC_LI,164,258.2395658152685,403.309043115459,403.0409207275427
9,5,15,2,diurnal,16,LC_LI,165,247.72084590779141,321.7208459077914,363.44171974633275
9,5,15,2,diurnal,16,LC_LI,166,256.835233429157,439.5148111114777,437.81304951648775
9,5,15,2,diurnal,16,LC_LI,167,215.17456866169607,350.74919216189676,353.98705920972395
9,5,15,2,diurnal,16,LC_LI,168,228.83000447466253,309.25662193549476,324.5903039409789
9,5,15,2,diurnal,16,LC_LI,169,291.01341642224196,386.01341642224196,374.5132276385935
9,5,15,2,diurnal,16,LC_LI,170,216.73860974025595,303.7386097402559,312.54355298056265
9,5,15,2,diurnal,16,LC_LI,171,263.0235432495771,371.71059897095125,357.5519639683952
9,5,15,2,diurnal,16,LC_LI,172,242.424376400443,412.424376400443,431.1822660163603
9,5,15,2,diurnal,16,LC_LI,173,215.1790816373745,250.5484271507208,242.87320791053995
9,5,15,2,diurnal,16,LC_LI,174,245.88558431584426,333.88558431584426,387.01581022117114
9,5,15,2,diurnal,16,LC_LI,175,276.50386407340443,453.8335021715407,470.91161549858214
9,5,15,2,diurnal,16,LC_LI,176,258.12678968666864,355.7078463921078,366.69541273877405
9,5,15,2,diurnal,16,LC_LI,177,293.2803821529925,362.46432852906094,378.67749073371436
9,5,15,2,diurnal,16,LC_LI,178,244.59060873147578,367.3907648515278,325.05889319753953
9,5,15,2,diurnal,16,LC_LI,179,247.7355929287775,405.73676516974484,383.7911650169462
9,5,15,2,diurnal,16,LC_LI,180,290.7030424531716,405.7160193689532,414.7786080951951
9,5,15,2,diurnal,16,LC_LI,181,270.5413650061425,361.8582064054369,350.1096190527066
9,5,15,2,diurnal,16,LC_LI,182,258.12678968666864,355.7078463921078,346.4412314479445
9,5,15,2,diurnal,16,LC_LI,183,285.93048826595214,445.93048826595214,409.22151672255507
9,5,15,2,diurnal,16,LC_LI,184,258.40957659099047,398.81493207422983,390.88459659953634
9,5,15,2,diurnal,16,LC_LI,185,238.08740337688835,420.1000399471452,391.8991633978917
9,5,15,2,diurnal,16,LC_LI,186,249.36691242555077,355.36691242555077,357.2737608741019
9,5,15,2,diurnal,16,LC_LI,187,253.28038215299253,393.2803821529925,398.55522213363207
9,5,15,2,diurnal,16,LC_LI,188,258.12678968666864,355.7078463921078,328.71650939936194
9,5,15,2,diurnal,16,LC_LI,189,303.6503563582635,451.6503563582635,459.75460584042605
9,5,15,2,diurnal,16,LC_LI,190,268.3550203734574,325.0380557058759,317.5367616549156
9,5,15,2,diurnal,16,LC_LI,191,208.59639091816823,380.59639091816825,362.2611128948069
9,5,15,2,diurnal,16,LC_LI,192,276.1661557499323,372.1661557499323,363.98895997968793
9,5,15,2,diurnal,16,LC_LI,193,169.85820640543687,236.85820640543687,226.6726817786929
9,5,15,2,diurnal,16,LC_LI,194,265.2849160799419,344.2849160799419,413.1148244334036
9,5,15,2,diurnal,16,LC_LI,195,256.2949477449582,380.31085052615686,378.97979483157235
9,5,15,2,diurnal,16,LC_LI,196,259.3619639498604,340.26602426347284,336.0099714519291
9,5,15,2,diurnal,16,LC_LI,197,303.6503563582635,451.6503563582635,453.732240232128
9,5,15,2,diurnal,16,LC_LI,198,289.42988592635726,405.3299763242063,409.82090762313214
9,5,15,2,diurnal,16,LC_LI,199,304.05678699233323,399.26985588404096,408.80935900332656
11,5,30,2,uniform,16,random,0,252.0,377.0,379.6923207020616
11,5,30,2,uniform,16,random,1,259.0,355.0,365.006071971135
11,5,30,2,uniform,16,random,2,255.0,365.0,406.6428263113703
11,5,30,2,uniform,16,random,3,270.0,337.0,329.8287772731073
11,5,30,2,uniform,16,random,4,249.0,385.0,367.52390441958283
11,5,30,2,uniform,16,random,5,255.0,384.0,344.2720307657162
11,5,30,2,uniform,16,random,6,221.0,370.0,359.64213534658984
11,5,30,2,uniform,16,random,7,236.0,342.0,366.550285468735
11,5,30,2,uniform,16,random,8,208.0,314.0,344.64080775160795
11,5,30,2,uniform,16,random,9,238.0,303.0,355.7020760616123
11,5,30,2,uniform,16,random,10,247.0,405.0,410.7983849193992
11,5,30,2,uniform,16,random,11,221.0,362.0,379.489904347032
11,5,30,2,uniform,16,random,12,266.0,430.0,427.97130824715106
11,5,30,2,uniform,16,random,13,232.0,329.0,336.7324449155831
11,5,30,2,uniform,16,random,14,255.0,405.0,431.8125236626876
11,5,30,2,uniform,16,random,15,208.0,309.0,292.0733509841549
11,5,30,2,uniform,16,random,16,299.0,387.0,368.3247775463935
11,5,30,2,uniform,16,random,17,231.0,338.0,366.92740634129467
11,5,30,2,uniform,16,random,18,240.0,337.0,333.513330429835
11,5,30,2,uniform,16,random,19,290.0,371.0,376.1294357920282
11,5,30,2,uniform,16,random,20,289.0,410.0,442.18166822375633
11,5,30,2,uniform,16,random,21,275.0,405.0,435.66337796694205
11,5,30,2,uniform,16,random,22,227.0,357.0,373.28311970842833
11,5,30,2,uniform,16,random,23,225.0,317.0,313.9508362233962
11,5,30,2,uniform,16,random,24,257.0,416.0,425.75011454750336
11,5,30,2,uniform,16,random,25,256.0,343.0,350.870028400361
11,5,30,2,uniform,16,random,26,265.0,384.0,415.16490946156125
11,5,30,2,uniform,16,random,27,222.0,297.0,321.16528086058366
11,5,30,2,uniform,16,random,28,251.0,424.0,480.98332314062037
11,5,30,2,uniform,16,random,29,241.0,365.0,360.80211964135333
11,5,30,2,uniform,16,random,30,213.0,382.0,394.5694144111954
11,5,30,2,uniform,16,random,31,225.0,338.0,362.37059542230503
11,5,30,2,uniform,16,random,32,265.0,371.0,363.47816507010975
11,5,30,2,uniform,16,random,33,260.0,396.0,378.8827795534505
11,5,30,2,uniform,16,random,34,298.0,410.0,400.2744222596765
11,5,30,2,uniform,16,random,35,283.0,455.0,407.9611181761194
11,5,30,2,uniform,16,random,36,207.0,346.0,332.14035848443115
11,5,30,2,uniform,16,random,37,236.0,367.0,341.1005761623544
11,5,30,2,uniform,16,random,38,279.0,434.0,446.8214266750944
11,5,30,2,uniform,16,random,39,246.0,371.0,372.35951707678527
11,5,30,2,uniform,16,random,40,305.0,399.0,378.2529445479155
11,5,30,2,uniform,16,random,41,261.0,436.0,452.9319752616622
11,5,30,2,uniform,16,random,42,281.0,395.0,390.87183915055334
11,5,30,2,uniform,16,random,43,178.0,235.0,230.98957642274698
11,5,30,2,uniform,16,random,44,193.0,297.0,315.87744826474807
11,5,30,2,uniform,16,random,45,264.0,439.0,425.11435094258405
11,5,30,2,uniform,16,random,46,237.0,319.0,313.3708721346221
11,5,30,2,uniform,16,random,47,251.0,402.0,412.41814534921036
11,5,30,2,uniform,16,random,48,245.0,355.0,389.3165733202865
11,5,30,2,uniform,16,random,49,221.0,312.0,336.8440262046583
11,5,30,2,uniform,16,random,50,291.0,395.0,455.7525315010095
11,5,30,2,uniform,16,random,51,299.0,387.0,428.53696727637885
11,5,30,2,uniform,16,random,52,220.0,341.0,324.3316225764256
11,5,30,2,uniform,16,random,53,295.0,493.0,474.98208021422755
11,5,30,2,uniform,16,random,54,246.0,402.0,421.9161521054446
11,5,30,2,uniform,16,random,55,266.0,534.0,509.8567510609482
11,5,30,2,uniform,16,random,56,278.0,431.0,449.69578379997927
11,5,30,2,uniform,16,random,57,266.0,362.0,375.8320663313674
11,5,30,2,uniform,16,random,58,226.0,366.0,384.1631475821046
11,5,30,2,uniform,16,random,59,262.0,392.0,378.55482721093523
11,5,30,2,uniform,16,random,60,226.0,358.0,359.358652165181
11,5,30,2,uniform,16,random,61,270.0,428.0,420.2736074272808
11,5,30,2,uniform,16,random,62,275.0,361.0,378.4907313662574
11,5,30,2,uniform,16,random,63,280.0,469.0,476.67837207005925
11,5,30,2,uniform,16,random,64,249.0,458.0,438.11187844810706
11,5,30,2,uniform,16,random,65,256.0,410.0,424.0692396738914
11,5,30,2,uniform,16,random,66,266.0,396.0,394.43767281957895
11,5,30,2,uniform,16,random,67,260.0,342.0,332.2693310551722
11,5,30,2,uniform,16,random,68,208.0,305.0,307.2564829027579
11,5,30,2,uniform,16,random,69,234.0,389.0,416.8577822702522
11,5,30,2,uniform,16,random,70,240.0,361.0,378.12242779173044
11,5,30,2,uniform,16,random,71,271.0,382.0,359.8666434272318
11,5,30,2,uniform,16,random,72,265.0,382.0,396.2825870537129
11,5,30,2,uniform,16,random,73,266.0,455.0,430.9992241176607
11,5,30,2,uniform,16,random,74,236.0,342.0,348.64011227957815
11,5,30,2,uniform,16,random,75,251.0,400.0,408.56448134650304
11,5,30,2,uniform,16,random,76,249.0,380.0,355.62398373442085
11,5,30,2,uniform,16,random,77,245.0,381.0,404.580826874031
11,5,30,2,uniform,16,random,78,225.0,365.0,372.84611771811257
11,5,30,2,uniform,16,random,79,237.0,308.0,290.10196771998244
11,5,30,2,uniform,16,random,80,245.0,524.0,535.6892220174487
11,5,30,2,uniform,16,random,81,296.0,396.0,401.6430234833308
11,5,30,2,uniform,16,random,82,246.0,412.0,465.41694423065957
11,5,30,2,uniform,16,random,83,245.0,288.0,315.54886314680607
11,5,30,2,uniform,16,random,84,252.0,386.0,374.2830202028245
11,5,30,2,uniform,16,random,85,249.0,370.0,376.4503937164544
11,5,30,2,uniform,16,random,86,255.0,311.0,359.2542921391808
11,5,30,2,uniform,16,random,87,285.0,414.0,392.99669091579364
11,5,30,2,uniform,16,random,88,254.0,382.0,396.44066630706084
11,5,30,2,uniform,16,random,89,256.0,303.0,332.1205527335498
11,5,30,2,uniform,16,random,90,228.0,314.0,312.65327473291717
11,5,30,2,uniform,16,random,91,232.0,311.0,300.9883285973859
11,5,30,2,uniform,16,random,92,201.0,326.0,302.0526886523823
11,5,30,2,uniform,16,random,93,270.0,377.0,346.4498407864163
11,5,30,2,uniform,16,random,94,221.0,358.0,333.6068136593124
11,5,30,2,uniform,16,random,95,256.0,461.0,417.041369380176
11,5,30,2,uniform,16,random,96,274.0,439.0,480.5832808348386
11,5,30,2,uniform,16,random,97,284.0,420.0,432.8278715711192
11,5,30,2,uniform,16,random,98,280.0,489.0,484.8421591693746
11,5,30,2,uniform,16,random,99,237.0,339.0,339.6718125422149
11,5,30,2,uniform,16,random,100,225.0,360.0,359.5076865237365
11,5,30,2,uniform,16,random,101,285.0,324.0,329.0382200143923
11,5,30,2,uniform,16,random,102,221.0,336.0,342.44463525539845
11,5,30,2,uniform,16,random,103,246.0,416.0,385.2496637276651
11,5,30,2,uniform,16,random,104,288.0,449.0,457.91039889497085
11,5,30,2,uniform,16,random,105,261.0,352.0,339.98235733254955
11,5,30,2,uniform,16,random,106,315.0,488.0,496.31343280957236
11,5,30,2,uniform,16,random,107,221.0,323.0,332.2590588564757
11,5,30,2,uniform,16,random,108,240.0,421.0,427.34818570578665
11,5,30,2,uniform,16,random,109,266.0,322.0,366.2803202263926
11,5,30,2,uniform,16,random,110,203.0,337.0,353.6141188729276
11,5,30,2,uniform,16,random,111,271.0,440.0,442.0927094850254
11,5,30,2,uniform,16,random,112,260.0,414.0,424.5356629112265
11,5,30,2,uniform,16,random,113,261.0,410.0,417.94443228357466
11,5,30,2,uniform,16,random,114,241.0,401.0,414.63529710782734
11,5,30,2,uniform,16,random,115,172.0,302.0,310.0766784667445
11,5,30,2,uniform,16,random,116,270.0,318.0,301.8163705453749
11,5,30,2,uniform,16,random,117,250.0,360.0,360.40581354249787
11,5,30,2,uniform,16,random,118,212.0,313.0,300.1195846618558
11,5,30,2,uniform,16,random,119,236.0,264.0,276.17293012244255
11,5,30,2,uniform,16,random,120,226.0,304.0,289.2407855165469
11,5,30,2,uniform,16,random,121,217.0,327.0,349.8686680079612
11,5,30,2,uniform,16,random,122,231.0,335.0,328.8016913552048
11,5,30,2,uniform,16,random,123,283.0,399.0,384.9032775088319
11,5,30,2,uniform,16,random,124,255.0,386.0,386.03172058982676
11,5,30,2,uniform,16,random,125,217.0,285.0,263.04669048782574
11,5,30,2,uniform,16,random,126,206.0,332.0,345.3162216467458
11,5,30,2,uniform,16,random,127,269.0,465.0,449.0132133594133
11,5,30,2,uniform,16,random,128,280.0,391.0,381.26735003981406
11,5,30,2,uniform,16,random,129,241.0,386.0,368.64131219910706
11,5,30,2,uniform,16,random,130,191.0,365.0,365.2826290821962
11,5,30,2,uniform,16,random,131,274.0,404.0,390.72633016640975
11,5,30,2,uniform,16,random,132,236.0,385.0,431.07945466019305
11,5,30,2,uniform,16,random,133,260.0,380.0,365.3959854499541
11,5,30,2,uniform,16,random,134,226.0,376.0,336.0983598746163
11,5,30,2,uniform,16,random,135,269.0,402.0,396.5525066600533
11,5,30,2,uniform,16,random,136,240.0,469.0,453.7621068040473
11,5,30,2,uniform,16,random,137,251.0,357.0,333.77945876121873
11,5,30,2,uniform,16,random,138,256.0,430.0,451.61112170086295
11,5,30,2,uniform,16,random,139,201.0,294.0,291.0444635083313
11,5,30,2,uniform,16,random,140,236.0,344.0,345.35983400592926
11,5,30,2,uniform,16,random,141,255.0,399.0,376.1933112389949
11,5,30,2,uniform,16,random,142,241.0,406.0,396.0326885975917
11,5,30,2,uniform,16,random,143,218.0,346.0,369.94746927557827
11,5,30,2,uniform,16,random,144,274.0,444.0,419.1254140862489
11,5,30,2,uniform,16,random,145,230.0,327.0,298.454207159058
11,5,30,2,uniform,16,random,146,245.0,395.0,418.9120449308369
11,5,30,2,uniform,16,random,147,247.0,385.0,379.55689863325483
11,5,30,2,uniform,16,random,148,280.0,382.0,408.81199027811186
11,5,30,2,uniform,16,random,149,260.0,375.0,367.6415327165188
11,5,30,2,uniform,16,random,150,251.0,331.0,357.0083546302618
11,5,30,2,uniform,16,random,151,247.0,348.0,339.72210693180875
11,5,30,2,uniform,16,random,152,245.0,327.0,357.6239070946185
11,5,30,2,uniform,16,random,153,300.0,469.0,423.95963829609155
11,5,30,2,uniform,16,random,154,231.0,372.0,354.7108039128537
11,5,30,2,uniform,16,random,155,271.0,435.0,423.373987717909
11,5,30,2,uniform,16,random,156,221.0,331.0,352.4781661761251
11,5,30,2,uniform,16,random,157,251.0,331.0,320.3029163363272
11,5,30,2,uniform,16,random,158,280.0,411.0,363.9031777381679
11,5,30,2,uniform,16,random,159,250.0,416.0,422.9344949516512
11,5,30,2,uniform,16,random,160,285.0,401.0,419.5182140348147
11,5,30,2,uniform,16,random,161,208.0,269.0,270.09147759826675
11,5,30,2,uniform,16,random,162,276.0,422.0,392.75463673682845
11,5,30,2,uniform,16,random,163,295.0,465.0,487.75021933343896
11,5,30,2,uniform,16,random,164,255.0,450.0,422.1753050496097
11,5,30,2,uniform,16,random,165,226.0,411.0,378.2196529917648
11,5,30,2,uniform,16,random,166,280.0,431.0,427.71546824574574
11,5,30,2,uniform,16,random,167,266.0,366.0,383.99534815705556
11,5,30,2,uniform,16,random,168,216.0,384.0,387.42238061074954
11,5,30,2,uniform,16,random,169,266.0,373.0,360.9991658523345
11,5,30,2,uniform,16,random,170,275.0,342.0,335.2669161936831
11,5,30,2,uniform,16,random,171,242.0,383.0,400.9389203258764
11,5,30,2,uniform,16,random,172,265.0,469.0,467.66828608019784
11,5,30,2,uniform,16,random,173,284.0,380.0,376.31345951568056
11,5,30,2,uniform,16,random,174,251.0,386.0,382.756087515395
11,5,30,2,uniform,16,random,175,275.0,330.0,330.3797766788281
11,5,30,2,uniform,16,random,176,314.0,405.0,424.9813283132218
11,5,30,2,uniform,16,random,177,222.0,395.0,363.07326328517394
11,5,30,2,uniform,16,random,178,221.0,298.0,330.06203574391185
11,5,30,2,uniform,16,random,179,257.0,376.0,387.47012588697385
11,5,30,2,uniform,16,random,180,227.0,319.0,317.721337334838
11,5,30,2,uniform,16,random,181,211.0,309.0,326.4048935203956
11,5,30,2,uniform,16,random,182,251.0,357.0,377.6621266670256
11,5,30,2,uniform,16,random,183,313.0,504.0,435.64546113537625
11,5,30,2,uniform,16,random,184,264.0,334.0,353.17847179086374
11,5,30,2,uniform,16,random,185,295.0,426.0,411.8286699436545
11,5,30,2,uniform,16,random,186,227.0,327.0,319.843741519975
11,5,30,2,uniform,16,random,187,260.0,431.0,457.26048335821037
11,5,30,2,uniform,16,random,188,255.0,381.0,377.7065718555191
11,5,30,2,uniform,16,random,189,250.0,449.0,409.08791810806
11,5,30,2,uniform,16,random,190,275.0,351.0,366.5041937795585
11,5,30,2,uniform,16,random,191,255.0,337.0,350.89270517251293
11,5,30,2,uniform,16,random,192,329.0,464.0,502.19427092038933
11,5,30,2,uniform,16,random,193,250.0,395.0,412.03041720836296
11,5,30,2,uniform,16,random,194,261.0,367.0,386.9468368668775
11,5,30,2,uniform,16,random,195,279.0,445.0,454.9656649835839
11,5,30,2,uniform,16,random,196,285.0,385.0,392.02662655392413
11,5,30,2,uniform,16,random,197,231.0,361.0,338.6032613078128
11,5,30,2,uniform,16,random,198,246.0,424.0,408.89253393274424
11,5,30,2,uniform,16,random,199,256.0,326.0,337.68239764996974
11,5,30,2,uniform,16,HC_HI,0,261.0,415.0,403.31820217715654
11,5,30,2,uniform,16,HC_HI,1,217.0,307.0,326.1271484575896
11,5,30,2,uniform,16,HC_HI,2,251.0,387.0,363.3145722030371
11,5,30,2,uniform,16,HC_HI,3,250.0,372.0,383.6257876521846
11,5,30,2,uniform,16,HC_HI,4,250.0,400.0,431.12345374977866
11,5,30,2,uniform,16,HC_HI,5,209.0,386.0,385.13798877087214
11,5,30,2,uniform,16,HC_HI,6,300.0,441.0,440.9542096536404
11,5,30,2,uniform,16,HC_HI,7,295.0,428.0,424.26717197797586
11,5,30,2,uniform,16,HC_HI,8,270.0,436.0,473.8623431793767
11,5,30,2,uniform,16,HC_HI,9,308.0,416.0,427.5987948835752
11,5,30,2,uniform,16,HC_HI,10,245.0,435.0,447.20114790428624
11,5,30,2,uniform,16,HC_HI,11,305.0,451.0,425.73728816599026
11,5,30,2,uniform,16,HC_HI,12,279.0,436.0,411.8761103380334
11,5,30,2,uniform,16,HC_HI,13,267.0,416.0,415.85770237282986
11,5,30,2,uniform,16,HC_HI,14,240.0,395.0,422.4614456139025
11,5,30,2,uniform,16,HC_HI,15,240.0,350.0,359.6971481083161
11,5,30,2,uniform,16,HC_HI,16,255.0,395.0,351.32622653323364
11,5,30,2,uniform,16,HC_HI,17,198.0,314.0,314.20534088882863
11,5,30,2,uniform,16,HC_HI,18,217.0,343.0,356.1323670616293
11,5,30,2,uniform,16,HC_HI,19,294.0,463.0,447.42687262234574
11,5,30,2,uniform,16,HC_HI,20,221.0,370.0,360.5956084313657
11,5,30,2,uniform,16,HC_HI,21,291.0,431.0,440.245588409643
11,5,30,2,uniform,16,HC_HI,22,236.0,356.0,340.07380726935736
11,5,30,2,uniform,16,HC_HI,23,222.0,387.0,375.97226405375767
11,5,30,2,uniform,16,HC_HI,24,212.0,308.0,275.38560853165444
11,5,30,2,uniform,16,HC_HI,25,209.0,386.0,396.9609758200125
11,5,30,2,uniform,16,HC_HI,26,227.0,326.0,321.61461566526987
11,5,30,2,uniform,16,HC_HI,27,227.0,400.0,397.64438119888746
11,5,30,2,uniform,16,HC_HI,28,250.0,361.0,379.768291083479
11,5,30,2,uniform,16,HC_HI,29,231.0,319.0,394.2737658603896
11,5,30,2,uniform,16,HC_HI,30,259.0,420.0,452.78987001914163
11,5,30,2,uniform,16,HC_HI,31,227.0,356.0,396.23740075487234
11,5,30,2,uniform,16,HC_HI,32,291.0,460.0,430.40807621159104
11,5,30,2,uniform,16,HC_HI,33,253.0,458.0,446.05951767895255
11,5,30,2,uniform,16,HC_HI,34,284.0,460.0,462.0108194662763
11,5,30,2,uniform,16,HC_HI,35,203.0,332.0,325.8383538502801
11,5,30,2,uniform,16,HC_HI,36,246.0,415.0,425.46581246112277
11,5,30,2,uniform,16,HC_HI,37,227.0,400.0,429.5260808384168
11,5,30,2,uniform,16,HC_HI,38,281.0,396.0,429.26815869961735
11,5,30,2,uniform,16,HC_HI,39,246.0,415.0,425.8559885786648
11,5,30,2,uniform,16,HC_HI,40,264.0,411.0,430.13773720636584
11,5,30,2,uniform,16,HC_HI,41,340.0,518.0,531.1495358831122
11,5,30,2,uniform,16,HC_HI,42,284.0,459.0,475.37739887601964
11,5,30,2,uniform,16,HC_HI,43,266.0,375.0,374.0479488941929
11,5,30,2,uniform,16,HC_HI,44,203.0,357.0,322.03847335010425
11,5,30,2,uniform,16,HC_HI,45,264.0,358.0,356.69679432337887
11,5,30,2,uniform,16,HC_HI,46,237.0,364.0,363.0889921890374
11,5,30,2,uniform,16,HC_HI,47,212.0,294.0,329.1772591827922
11,5,30,2,uniform,16,HC_HI,48,287.0,371.0,394.57777382161254
11,5,30,2,uniform,16,HC_HI,49,267.0,416.0,398.9628294161333
11,5,30,2,uniform,16,HC_HI,50,271.0,357.0,387.0554346964062
11,5,30,2,uniform,16,HC_HI,51,288.0,449.0,470.426570156555
11,5,30,2,uniform,16,HC_HI,52,278.0,379.0,406.2121390224251
11,5,30,2,uniform,16,HC_HI,53,272.0,380.0,402.5962283920555
11,5,30,2,uniform,16,HC_HI,54,242.0,384.0,351.3187597536527
11,5,30,2,uniform,16,HC_HI,55,243.0,371.0,373.3569655518046
11,5,30,2,uniform,16,HC_HI,56,270.0,436.0,455.72248087506
11,5,30,2,uniform,16,HC_HI,57,245.0,435.0,415.62753063277853
11,5,30,2,uniform,16,HC_HI,58,282.0,391.0,397.59857683811975
11,5,30,2,uniform,16,HC_HI,59,291.0,431.0,419.43196580608895
11,5,30,2,uniform,16,HC_HI,60,237.0,405.0,404.4575275369407
11,5,30,2,uniform,16,HC_HI,61,193.0,293.0,286.57309701174046
11,5,30,2,uniform,16,HC_HI,62,295.0,361.0,369.62865043146985
11,5,30,2,uniform,16,HC_HI,63,251.0,367.0,381.9122941684006
11,5,30,2,uniform,16,HC_HI,64,203.0,332.0,348.32470932145327
11,5,30,2,uniform,16,HC_HI,65,264.0,358.0,361.4072179780601
11,5,30,2,uniform,16,HC_HI,66,177.0,292.0,295.7130693411828
11,5,30,2,uniform,16,HC_HI,67,271.0,420.0,387.6392090829651
11,5,30,2,uniform,16,HC_HI,68,279.0,436.0,450.28537961773094
11,5,30,2,uniform,16,HC_HI,69,250.0,361.0,381.464880567476
11,5,30,2,uniform,16,HC_HI,70,305.0,435.0,475.8263636052554
11,5,30,2,uniform,16,HC_HI,71,303.0,421.0,413.10777076385597
11,5,30,2,uniform,16,HC_HI,72,250.0,400.0,394.87231412658747
11,5,30,2,uniform,16,HC_HI,73,266.0,375.0,419.55064224614256
11,5,30,2,uniform,16,HC_HI,74,271.0,357.0,367.00348934720796
11,5,30,2,uniform,16,HC_HI,75,284.0,460.0,494.06565202028446
11,5,30,2,uniform,16,HC_HI,76,280.0,431.0,430.39251799356003
11,5,30,2,uniform,16,HC_HI,77,237.0,405.0,379.73798544517217
11,5,30,2,uniform,16,HC_HI,78,241.0,401.0,411.7929556732995
11,5,30,2,uniform,16,HC_HI,79,221.0,370.0,355.9458426531876
11,5,30,2,uniform,16,HC_HI,80,270.0,436.0,443.2642229332719
11,5,30,2,uniform,16,HC_HI,81,237.0,366.0,345.99779412927035
11,5,30,2,uniform,16,HC_HI,82,202.0,323.0,313.94953093491813
11,5,30,2,uniform,16,HC_HI,83,318.0,414.0,398.68957853134026
11,5,30,2,uniform,16,HC_HI,84,270.0,385.0,410.724240043031
11,5,30,2,uniform,16,HC_HI,85,270.0,434.0,422.2645692959435
11,5,30,2,uniform,16,HC_HI,86,284.0,459.0,500.3154456027381
11,5,30,2,uniform,16,HC_HI,87,309.0,420.0,401.76706863773495
11,5,30,2,uniform,16,HC_HI,88,270.0,343.0,412.88206628176493
11,5,30,2,uniform,16,HC_HI,89,315.0,470.0,460.98450621381
11,5,30,2,uniform,16,HC_HI,90,287.0,401.0,399.20539642559567
11,5,30,2,uniform,16,HC_HI,91,264.0,361.0,361.2621015104508
11,5,30,2,uniform,16,HC_HI,92,256.0,362.0,372.3839858914902
11,5,30,2,uniform,16,HC_HI,93,212.0,308.0,305.891108135621
11,5,30,2,uniform,16,HC_HI,94,193.0,293.0,295.8731186360504
11,5,30,2,uniform,16,HC_HI,95,281.0,434.0,438.1822838373791
11,5,30,2,uniform,16,HC_HI,96,266.0,375.0,384.033325739476
11,5,30,2,uniform,16,HC_HI,97,198.0,314.0,305.9475229887952
11,5,30,2,uniform,16,HC_HI,98,242.0,384.0,382.2984706185286
11,5,30,2,uniform,16,HC_HI,99,276.0,400.0,400.99184102252894
11,5,30,2,uniform,16,HC_HI,100,276.0,475.0,441.0718174149983
11,5,30,2,uniform,16,HC_HI,101,232.0,377.0,363.249786703529
11,5,30,2,uniform,16,HC_HI,102,227.0,363.0,371.80491608626454
11,5,30,2,uniform,16,HC_HI,103,260.0,410.0,390.7108361528256
11,5,30,2,uniform,16,HC_HI,104,300.0,441.0,427.9510282340271
11,5,30,2,uniform,16,HC_HI,105,301.0,382.0,422.9076064691193
11,5,30,2,uniform,16,HC_HI,106,286.0,446.0,478.6830220462489
11,5,30,2,uniform,16,HC_HI,107,232.0,377.0,376.5852165123752
11,5,30,2,uniform,16,HC_HI,108,242.0,415.0,429.8121842476981
11,5,30,2,uniform,16,HC_HI,109,220.0,369.0,401.5427581576675
11,5,30,2,uniform,16,HC_HI,110,225.0,337.0,365.13430234769805
11,5,30,2,uniform,16,HC_HI,111,300.0,446.0,464.74489593020763
11,5,30,2,uniform,16,HC_HI,112,280.0,450.0,446.982807786479
11,5,30,2,uniform,16,HC_HI,113,245.0,435.0,463.548637750689
11,5,30,2,uniform,16,HC_HI,114,192.0,249.0,253.60937823791056
11,5,30,2,uniform,16,HC_HI,115,211.0,341.0,362.6329314760289
11,5,30,2,uniform,16,HC_HI,116,308.0,416.0,386.2068441510648
11,5,30,2,uniform,16,HC_HI,117,291.0,431.0,432.3585880957373
11,5,30,2,uniform,16,HC_HI,118,246.0,346.0,357.51131656213363
11,5,30,2,uniform,16,HC_HI,119,236.0,401.0,378.6530433841128
11,5,30,2,uniform,16,HC_HI,120,251.0,434.0,448.62397277736295
11,5,30,2,uniform,16,HC_HI,121,256.0,399.0,398.17841320284145
11,5,30,2,uniform,16,HC_HI,122,227.0,356.0,371.4006737418883
11,5,30,2,uniform,16,HC_HI,123,259.0,361.0,384.0838220448403
11,5,30,2,uniform,16,HC_HI,124,315.0,488.0,506.92360203416786
11,5,30,2,uniform,16,HC_HI,125,217.0,307.0,325.0956578230537
11,5,30,2,uniform,16,HC_HI,126,223.0,327.0,332.2310873141833
11,5,30,2,uniform,16,HC_HI,127,211.0,361.0,347.4962102286232
11,5,30,2,uniform,16,HC_HI,128,256.0,399.0,407.34593772782125
11,5,30,2,uniform,16,HC_HI,129,285.0,401.0,405.1998462654055
11,5,30,2,uniform,16,HC_HI,130,217.0,307.0,322.15141742987873
11,5,30,2,uniform,16,HC_HI,131,323.0,482.0,478.0834027530917
11,5,30,2,uniform,16,HC_HI,132,209.0,386.0,409.30133354821623
11,5,30,2,uniform,16,HC_HI,133,295.0,361.0,359.7284754197441
11,5,30,2,uniform,16,HC_HI,134,260.0,323.0,323.64931043853596
11,5,30,2,uniform,16,HC_HI,135,261.0,344.0,348.84096192516876
11,5,30,2,uniform,16,HC_HI,136,284.0,455.0,462.685218172831
11,5,30,2,uniform,16,HC_HI,137,201.0,294.0,293.30195946192055
11,5,30,2,uniform,16,HC_HI,138,279.0,454.0,449.29164789919537
11,5,30,2,uniform,16,HC_HI,139,223.0,327.0,323.7266668895377
11,5,30,2,uniform,16,HC_HI,140,192.0,318.0,313.6983564537419
11,5,30,2,uniform,16,HC_HI,141,252.0,361.0,347.4605023520475
11,5,30,2,uniform,16,HC_HI,142,255.0,405.0,412.41535079307846
11,5,30,2,uniform,16,HC_HI,143,227.0,377.0,392.0165000928571
11,5,30,2,uniform,16,HC_HI,144,241.0,362.0,360.51306231127256
11,5,30,2,uniform,16,HC_HI,145,240.0,350.0,335.13481123054487
11,5,30,2,uniform,16,HC_HI,146,242.0,415.0,432.9722460709479
11,5,30,2,uniform,16,HC_HI,147,227.0,400.0,380.20851724059185
11,5,30,2,uniform,16,HC_HI,148,291.0,431.0,435.03145140915905
11,5,30,2,uniform,16,HC_HI,149,226.0,289.0,293.16155650185345
11,5,30,2,uniform,16,HC_HI,150,276.0,400.0,381.5147515509902
11,5,30,2,uniform,16,HC_HI,151,222.0,387.0,371.73856525136944
11,5,30,2,uniform,16,HC_HI,152,300.0,441.0,423.7949279760794
11,5,30,2,uniform,16,HC_HI,153,269.0,450.0,404.0296636877214
11,5,30,2,uniform,16,HC_HI,154,251.0,367.0,350.7427375548852
11,5,30,2,uniform,16,HC_HI,155,211.0,341.0,312.8383304359239
11,5,30,2,uniform,16,HC_HI,156,187.0,266.0,270.1335536169712
11,5,30,2,uniform,16,HC_HI,157,221.0,370.0,373.2360918862238
11,5,30,2,uniform,16,HC_HI,158,236.0,289.0,295.4023528929348
11,5,30,2,uniform,16,HC_HI,159,284.0,459.0,497.5284051299078
11,5,30,2,uniform,16,HC_HI,160,260.0,416.0,409.0271083336928
11,5,30,2,uniform,16,HC_HI,161,284.0,460.0,457.5633998219051
11,5,30,2,uniform,16,HC_HI,162,220.0,341.0,345.7543298479396
11,5,30,2,uniform,16,HC_HI,163,193.0,293.0,292.8769902305153
11,5,30,2,uniform,16,HC_HI,164,226.0,289.0,299.22964680842983
11,5,30,2,uniform,16,HC_HI,165,323.0,482.0,471.3426523410063
11,5,30,2,uniform,16,HC_HI,166,236.0,356.0,362.9097314363787
11,5,30,2,uniform,16,HC_HI,167,280.0,405.0,417.5767262482281
11,5,30,2,uniform,16,HC_HI,168,267.0,387.0,391.51074810887906
11,5,30,2,uniform,16,HC_HI,169,193.0,293.0,303.7144760354111
11,5,30,2,uniform,16,HC_HI,170,274.0,474.0,469.13357575668624
11,5,30,2,uniform,16,HC_HI,171,232.0,346.0,320.67158256451546
11,5,30,2,uniform,16,HC_HI,172,286.0,446.0,424.84743888327654
11,5,30,2,uniform,16,HC_HI,173,202.0,342.0,305.51231537488457
11,5,30,2,uniform,16,HC_HI,174,227.0,326.0,329.3179960890731
11,5,30,2,uniform,16,HC_HI,175,192.0,318.0,331.34564480846825
11,5,30,2,uniform,16,HC_HI,176,295.0,361.0,382.9277824734873
11,5,30,2,uniform,16,HC_HI,177,213.0,382.0,372.269342761247
11,5,30,2,uniform,16,HC_HI,178,212.0,308.0,280.63654970784273
11,5,30,2,uniform,16,HC_HI,179,243.0,371.0,362.35481465229196
11,5,30,2,uniform,16,HC_HI,180,240.0,337.0,320.3143067948746
11,5,30,2,uniform,16,HC_HI,181,211.0,361.0,385.1085661229622
11,5,30,2,uniform,16,HC_HI,182,325.0,498.0,491.3257856991522
11,5,30,2,uniform,16,HC_HI,183,221.0,370.0,368.4251938201834
11,5,30,2,uniform,16,HC_HI,184,265.0,351.0,344.5635666797599
11,5,30,2,uniform,16,HC_HI,185,242.0,384.0,370.62885700268913
11,5,30,2,uniform,16,HC_HI,186,318.0,414.0,412.24364659725677
11,5,30,2,uniform,16,HC_HI,187,220.0,341.0,347.67556904832213
11,5,30,2,uniform,16,HC_HI,188,278.0,431.0,410.34338803196226
11,5,30,2,uniform,16,HC_HI,189,266.0,371.0,363.03920318314914
11,5,30,2,uniform,16,HC_HI,190,227.0,363.0,329.49661089035686
11,5,30,2,uniform,16,HC_HI,191,280.0,431.0,429.8428479754872
11,5,30,2,uniform,16,HC_HI,192,236.0,356.0,404.0262660139331
11,5,30,2,uniform,16,HC_HI,193,236.0,289.0,354.5589027883244
11,5,30,2,uniform,16,HC_HI,194,213.0,382.0,404.80472613928913
11,5,30,2,uniform,16,HC_HI,195,220.0,369.0,374.44018182723823
11,5,30,2,uniform,16,HC_HI,196,198.0,314.0,303.6198147842338
11,5,30,2,uniform,16,HC_HI,197,235.0,401.0,411.89788320580215
11,5,30,2,uniform,16,HC_HI,198,251.0,445.0,436.82731161110337
11,5,30,2,uniform,16,HC_HI,199,236.0,356.0,373.0567970234243
11,5,30,2,uniform,16,HC_LI,0,256.0,373.0,352.50460306412936
11,5,30,2,uniform,16,HC_LI,1,251.0,390.0,384.3164628122517
11,5,30,2,uniform,16,HC_LI,2,208.0,381.0,370.44057216556706
11,5,30,2,uniform,16,HC_LI,3,255.0,386.0,385.89180161980994
11,5,30,2,uniform,16,HC_LI,4,192.0,313.0,305.41458050098936
11,5,30,2,uniform,16,HC_LI,5,275.0,389.0,386.44726052776866
11,5,30,2,uniform,16,HC_LI,6,250.0,370.0,382.24953331234667
11,5,30,2,uniform,16,HC_LI,7,250.0,425.0,454.14806608926716
11,5,30,2,uniform,16,HC_LI,8,259.0,330.0,368.84581452764047
11,5,30,2,uniform,16,HC_LI,9,289.0,345.0,422.4164388895437
11,5,30,2,uniform,16,HC_LI,10,218.0,375.0,381.40585000580035
11,5,30,2,uniform,16,HC_LI,11,217.0,304.0,331.5819720020939
11,5,30,2,uniform,16,HC_LI,12,217.0,304.0,293.2424751732472
11,5,30,2,uniform,16,HC_LI,13,227.0,327.0,320.24655809364185
11,5,30,2,uniform,16,HC_LI,14,241.0,314.0,308.80177314181674
11,5,30,2,uniform,16,HC_LI,15,266.0,337.0,341.280422160862
11,5,30,2,uniform,16,HC_LI,16,274.0,444.0,433.42304037658795
11,5,30,2,uniform,16,HC_LI,17,217.0,324.0,340.2980536571676
11,5,30,2,uniform,16,HC_LI,18,221.0,355.0,351.50918000980823
11,5,30,2,uniform,16,HC_LI,19,231.0,338.0,357.6984421534453
11,5,30,2,uniform,16,HC_LI,20,245.0,355.0,382.20337809286
11,5,30,2,uniform,16,HC_LI,21,270.0,396.0,419.2618028522851
11,5,30,2,uniform,16,HC_LI,22,245.0,398.0,350.19448807668266
11,5,30,2,uniform,16,HC_LI,23,265.0,356.0,361.0396349858339
11,5,30,2,uniform,16,HC_LI,24,250.0,322.0,364.5314366233187
11,5,30,2,uniform,16,HC_LI,25,245.0,380.0,371.98100480559276
11,5,30,2,uniform,16,HC_LI,26,217.0,304.0,315.6056701780361
11,5,30,2,uniform,16,HC_LI,27,240.0,390.0,405.6168857318194
11,5,30,2,uniform,16,HC_LI,28,227.0,395.0,437.3768630858274
11,5,30,2,uniform,16,HC_LI,29,256.0,390.0,416.04454183587035
11,5,30,2,uniform,16,HC_LI,30,231.0,343.0,313.1853296354716
11,5,30,2,uniform,16,HC_LI,31,251.0,376.0,403.25569743822916
11,5,30,2,uniform,16,HC_LI,32,230.0,371.0,369.7214481745298
11,5,30,2,uniform,16,HC_LI,33,281.0,361.0,373.0450311110819
11,5,30,2,uniform,16,HC_LI,34,261.0,369.0,345.9438258688801
11,5,30,2,uniform,16,HC_LI,35,225.0,360.0,357.64438043078417
11,5,30,2,uniform,16,HC_LI,36,245.0,357.0,373.61619454202497
11,5,30,2,uniform,16,HC_LI,37,238.0,412.0,461.296171893287
11,5,30,2,uniform,16,HC_LI,38,230.0,371.0,379.60952901193747
11,5,30,2,uniform,16,HC_LI,39,261.0,369.0,375.7483296508203
11,5,30,2,uniform,16,HC_LI,40,236.0,406.0,407.47281202608514
11,5,30,2,uniform,16,HC_LI,41,245.0,333.0,330.68475593022174
11,5,30,2,uniform,16,HC_LI,42,256.0,459.0,465.8258602203108
11,5,30,2,uniform,16,HC_LI,43,226.0,378.0,360.09781462781575
11,5,30,2,uniform,16,HC_LI,44,295.0,385.0,389.8256125893393
11,5,30,2,uniform,16,HC_LI,45,256.0,373.0,400.50094607854606
11,5,30,2,uniform,16,HC_LI,46,225.0,424.0,433.12735850023756
11,5,30,2,uniform,16,HC_LI,47,247.0,387.0,405.82648302540883
11,5,30,2,uniform,16,HC_LI,48,269.0,406.0,392.7198301999822
11,5,30,2,uniform,16,HC_LI,49,264.0,376.0,376.49105496714037
11,5,30,2,uniform,16,HC_LI,50,261.0,385.0,398.34059032899853
11,5,30,2,uniform,16,HC_LI,51,221.0,333.0,332.172437440565
11,5,30,2,uniform,16,HC_LI,52,249.0,335.0,346.23168820710185
11,5,30,2,uniform,16,HC_LI,53,192.0,265.0,272.78519823964353
11,5,30,2,uniform,16,HC_LI,54,241.0,308.0,292.4698059187772
11,5,30,2,uniform,16,HC_LI,55,255.0,380.0,371.08603868182985
11,5,30,2,uniform,16,HC_LI,56,271.0,410.0,451.18498771075866
11,5,30,2,uniform,16,HC_LI,57,226.0,336.0,328.2870532299507
11,5,30,2,uniform,16,HC_LI,58,258.0,371.0,386.81143732671865
11,5,30,2,uniform,16,HC_LI,59,250.0,370.0,334.4066407264653
11,5,30,2,uniform,16,HC_LI,60,217.0,324.0,331.8689764940285
11,5,30,2,uniform,16,HC_LI,61,261.0,369.0,367.4312755155234
11,5,30,2,uniform,16,HC_LI,62,251.0,327.0,338.08834722206603
11,5,30,2,uniform,16,HC_LI,63,241.0,352.0,358.5469496464428
11,5,30,2,uniform,16,HC_LI,64,232.0,342.0,390.94518847834775
11,5,30,2,uniform,16,HC_LI,65,192.0,265.0,264.916143798808
11,5,30,2,uniform,16,HC_LI,66,245.0,333.0,321.7553421819181
11,5,30,2,uniform,16,HC_LI,67,226.0,343.0,343.9614294938604
11,5,30,2,uniform,16,HC_LI,68,305.0,399.0,392.44866374534445
11,5,30,2,uniform,16,HC_LI,69,192.0,265.0,277.6767797390456
11,5,30,2,uniform,16,HC_LI,70,269.0,371.0,389.12173821673275
11,5,30,2,uniform,16,HC_LI,71,266.0,337.0,377.96941936280166
11,5,30,2,uniform,16,HC_LI,72,246.0,336.0,342.25361592132083
11,5,30,2,uniform,16,HC_LI,73,235.0,341.0,354.8930795320156
11,5,30,2,uniform,16,HC_LI,74,221.0,333.0,330.03061812992536
11,5,30,2,uniform,16,HC_LI,75,240.0,352.0,356.3461930242121
11,5,30,2,uniform,16,HC_LI,76,227.0,332.0,349.62798818774314
11,5,30,2,uniform,16,HC_LI,77,280.0,475.0,483.2949333363285
11,5,30,2,uniform,16,HC_LI,78,240.0,352.0,374.82117395479764
11,5,30,2,uniform,16,HC_LI,79,221.0,355.0,355.96588158608415
11,5,30,2,uniform,16,HC_LI,80,230.0,371.0,376.007374490825
11,5,30,2,uniform,16,HC_LI,81,221.0,330.0,325.1667660994808
11,5,30,2,uniform,16,HC_LI,82,215.0,307.0,281.26433924242434
11,5,30,2,uniform,16,HC_LI,83,237.0,420.0,395.11779707761923
11,5,30,2,uniform,16,HC_LI,84,242.0,366.0,385.1696327413797
11,5,30,2,uniform,16,HC_LI,85,221.0,333.0,320.8639764529334
11,5,30,2,uniform,16,HC_LI,86,264.0,434.0,460.74235244925086
11,5,30,2,uniform,16,HC_LI,87,245.0,333.0,311.09462600431834
11,5,30,2,uniform,16,HC_LI,88,279.0,380.0,414.9665984828359
11,5,30,2,uniform,16,HC_LI,89,242.0,366.0,352.40979006731527
11,5,30,2,uniform,16,HC_LI,90,254.0,414.0,446.7615946022503
11,5,30,2,uniform,16,HC_LI,91,240.0,366.0,348.69088909433503
11,5,30,2,uniform,16,HC_LI,92,285.0,333.0,340.2638842603696
11,5,30,2,uniform,16,HC_LI,93,207.0,366.0,388.64161770454547
11,5,30,2,uniform,16,HC_LI,94,201.0,321.0,302.60784567708464
11,5,30,2,uniform,16,HC_LI,95,242.0,372.0,353.88204166825346
11,5,30,2,uniform,16,HC_LI,96,251.0,410.0,385.8665759841927
11,5,30,2,uniform,16,HC_LI,97,305.0,399.0,422.36931360703153
11,5,30,2,uniform,16,HC_LI,98,258.0,371.0,383.2232294795367
11,5,30,2,uniform,16,HC_LI,99,289.0,454.0,428.40349924138553
11,5,30,2,uniform,16,HC_LI,100,221.0,355.0,400.15761561344374
11,5,30,2,uniform,16,HC_LI,101,274.0,444.0,438.78417664788896
11,5,30,2,uniform,16,HC_LI,102,288.0,428.0,424.78823453603735
11,5,30,2,uniform,16,HC_LI,103,259.0,429.0,416.5814226296982
11,5,30,2,uniform,16,HC_LI,104,280.0,475.0,452.2153696571201
11,5,30,2,uniform,16,HC_LI,105,236.0,347.0,352.0119822165266
11,5,30,2,uniform,16,HC_LI,106,245.0,333.0,335.8537764179666
11,5,30,2,uniform,16,HC_LI,107,201.0,321.0,296.35889398915054
11,5,30,2,uniform,16,HC_LI,108,240.0,341.0,329.2928154179248
11,5,30,2,uniform,16,HC_LI,109,271.0,434.0,458.7935518089532
11,5,30,2,uniform,16,HC_LI,110,246.0,377.0,400.12990964759456
11,5,30,2,uniform,16,HC_LI,111,290.0,346.0,357.04130379148603
11,5,30,2,uniform,16,HC_LI,112,261.0,419.0,424.2300845861123
11,5,30,2,uniform,16,HC_LI,113,236.0,406.0,431.3836946839145
11,5,30,2,uniform,16,HC_LI,114,213.0,336.0,337.72696243490844
11,5,30,2,uniform,16,HC_LI,115,250.0,449.0,467.3339220383021
11,5,30,2,uniform,16,HC_LI,116,221.0,328.0,336.845012953058
11,5,30,2,uniform,16,HC_LI,117,277.0,400.0,391.6336133608992
11,5,30,2,uniform,16,HC_LI,118,252.0,381.0,396.24068527779747
11,5,30,2,uniform,16,HC_LI,119,233.0,299.0,293.53809079884013
11,5,30,2,uniform,16,HC_LI,120,226.0,336.0,352.2642254244659
11,5,30,2,uniform,16,HC_LI,121,281.0,326.0,345.03857024665183
11,5,30,2,uniform,16,HC_LI,122,249.0,423.0,420.29998388698715
11,5,30,2,uniform,16,HC_LI,123,241.0,365.0,376.2567958176812
11,5,30,2,uniform,16,HC_LI,124,227.0,366.0,344.61073027888335
11,5,30,2,uniform,16,HC_LI,125,246.0,336.0,307.13857530816307
11,5,30,2,uniform,16,HC_LI,126,270.0,362.0,330.3189265933974
11,5,30,2,uniform,16,HC_LI,127,260.0,380.0,346.67098667586265
11,5,30,2,uniform,16,HC_LI,128,236.0,406.0,395.079127641742
11,5,30,2,uniform,16,HC_LI,129,279.0,327.0,305.6379655359959
11,5,30,2,uniform,16,HC_LI,130,265.0,469.0,473.7754810209798
11,5,30,2,uniform,16,HC_LI,131,237.0,269.0,245.08398531538987
11,5,30,2,uniform,16,HC_LI,132,324.0,498.0,489.4051489101859
11,5,30,2,uniform,16,HC_LI,133,281.0,326.0,337.75104806952976
11,5,30,2,uniform,16,HC_LI,134,255.0,375.0,361.5601519711869
11,5,30,2,uniform,16,HC_LI,135,257.0,421.0,393.7050269628636
11,5,30,2,uniform,16,HC_LI,136,226.0,343.0,359.26179355123725
11,5,30,2,uniform,16,HC_LI,137,259.0,337.0,332.602331299198
11,5,30,2,uniform,16,HC_LI,138,231.0,343.0,313.98343002597693
11,5,30,2,uniform,16,HC_LI,139,251.0,367.0,382.39261058670814
11,5,30,2,uniform,16,HC_LI,140,280.0,475.0,461.2093789414325
11,5,30,2,uniform,16,HC_LI,141,250.0,370.0,387.5836628906669
11,5,30,2,uniform,16,HC_LI,142,281.0,326.0,353.7580903315756
11,5,30,2,uniform,16,HC_LI,143,221.0,316.0,326.25224451954557
11,5,30,2,uniform,16,HC_LI,144,254.0,414.0,411.0916421963752
11,5,30,2,uniform,16,HC_LI,145,237.0,420.0,398.30794625203293
11,5,30,2,uniform,16,HC_LI,146,305.0,399.0,402.4638684073544
11,5,30,2,uniform,16,HC_LI,147,216.0,338.0,336.2741540126417
11,5,30,2,uniform,16,HC_LI,148,236.0,356.0,374.5915292134204
11,5,30,2,uniform,16,HC_LI,149,226.0,366.0,371.55090800274354
11,5,30,2,uniform,16,HC_LI,150,260.0,391.0,412.4928806158397
11,5,30,2,uniform,16,HC_LI,151,251.0,410.0,371.1800234614185
11,5,30,2,uniform,16,HC_LI,152,285.0,390.0,404.7770592187496
11,5,30,2,uniform,16,HC_LI,153,231.0,338.0,357.9157058909314
11,5,30,2,uniform,16,HC_LI,154,217.0,324.0,314.8948770657857
11,5,30,2,uniform,16,HC_LI,155,232.0,342.0,372.9424731515625
11,5,30,2,uniform,16,HC_LI,156,226.0,343.0,358.5132976364307
11,5,30,2,uniform,16,HC_LI,157,232.0,347.0,339.7687623202411
11,5,30,2,uniform,16,HC_LI,158,256.0,337.0,334.6982094860069
11,5,30,2,uniform,16,HC_LI,159,240.0,377.0,377.201388729443
11,5,30,2,uniform,16,HC_LI,160,289.0,454.0,475.09976785178924
11,5,30,2,uniform,16,HC_LI,161,264.0,406.0,409.81878240366785
11,5,30,2,uniform,16,HC_LI,162,242.0,366.0,374.8533803604551
11,5,30,2,uniform,16,HC_LI,163,250.0,370.0,379.0840147131902
11,5,30,2,uniform,16,HC_LI,164,265.0,469.0,443.183677344428
11,5,30,2,uniform,16,HC_LI,165,230.0,371.0,368.0692713892775
11,5,30,2,uniform,16,HC_LI,166,232.0,355.0,364.106519004455
11,5,30,2,uniform,16,HC_LI,167,231.0,351.0,360.7724437893105
11,5,30,2,uniform,16,HC_LI,168,226.0,375.0,372.9661930540931
11,5,30,2,uniform,16,HC_LI,169,236.0,356.0,363.4700259955254
11,5,30,2,uniform,16,HC_LI,170,215.0,326.0,319.66468302252946
11,5,30,2,uniform,16,HC_LI,171,256.0,376.0,374.1383708012914
11,5,30,2,uniform,16,HC_LI,172,245.0,333.0,323.02411623479577
11,5,30,2,uniform,16,HC_LI,173,208.0,269.0,276.0235364679275
11,5,30,2,uniform,16,HC_LI,174,231.0,338.0,339.6500857931202
11,5,30,2,uniform,16,HC_LI,175,292.0,400.0,392.71779934603313
11,5,30,2,uniform,16,HC_LI,176,255.0,386.0,432.0799726971185
11,5,30,2,uniform,16,HC_LI,177,238.0,412.0,396.2540302696143
11,5,30,2,uniform,16,HC_LI,178,300.0,445.0,426.8277908798634
11,5,30,2,uniform,16,HC_LI,179,211.0,384.0,393.9970700830334
11,5,30,2,uniform,16,HC_LI,180,231.0,338.0,335.8150735434999
11,5,30,2,uniform,16,HC_LI,181,319.0,448.0,464.1773664934692
11,5,30,2,uniform,16,HC_LI,182,275.0,389.0,373.0083210312399
11,5,30,2,uniform,16,HC_LI,183,309.0,464.0,477.90217805970536
11,5,30,2,uniform,16,HC_LI,184,227.0,318.0,316.707330692164
11,5,30,2,uniform,16,HC_LI,185,289.0,345.0,377.07377541379014
11,5,30,2,uniform,16,HC_LI,186,211.0,384.0,373.25772031849533
11,5,30,2,uniform,16,HC_LI,187,280.0,475.0,375.3580985526959
11,5,30,2,uniform,16,HC_LI,188,208.0,269.0,266.4176218132998
11,5,30,2,uniform,16,HC_LI,189,213.0,270.0,270.38263722184314
11,5,30,2,uniform,16,HC_LI,190,225.0,360.0,365.58475806026536
11,5,30,2,uniform,16,HC_LI,191,217.0,324.0,314.4664336039583
11,5,30,2,uniform,16,HC_LI,192,290.0,469.0,474.9047745298058
11,5,30,2,uniform,16,HC_LI,193,226.0,375.0,386.9351739130348
11,5,30,2,uniform,16,HC_LI,194,246.0,425.0,436.19674879150955
11,5,30,2,uniform,16,HC_LI,195,259.0,330.0,349.41610653865996
11,5,30,2,uniform,16,HC_LI,196,249.0,423.0,422.4108249526552
11,5,30,2,uniform,16,HC_LI,197,236.0,406.0,392.4943968307318
11,5,30,2,uniform,16,HC_LI,198,259.0,337.0,355.9881400852782
11,5,30,2,uniform,16,HC_LI,199,249.0,423.0,445.27807423920797
11,5,30,2,uniform,16,LC_HI,0,295.0,430.0,432.5268217128603
11,5,30,2,uniform,16,LC_HI,1,187.0,278.0,271.73558460942496
11,5,30,2,uniform,16,LC_HI,2,290.0,495.0,510.63879289881464
11,5,30,2,uniform,16,LC_HI,3,188.0,357.0,346.40648477522075
11,5,30,2,uniform,16,LC_HI,4,251.0,353.0,365.3768294622375
11,5,30,2,uniform,16,LC_HI,5,235.0,336.0,320.9301691808768
11,5,30,2,uniform,16,LC_HI,6,188.0,357.0,328.8446596741974
11,5,30,2,uniform,16,LC_HI,7,265.0,381.0,387.82304132059136
11,5,30,2,uniform,16,LC_HI,8,239.0,332.0,341.0022212229142
11,5,30,2,uniform,16,LC_HI,9,261.0,357.0,365.16063337309834
11,5,30,2,uniform,16,LC_HI,10,274.0,439.0,441.728733998107
11,5,30,2,uniform,16,LC_HI,11,255.0,400.0,455.1493570236081
11,5,30,2,uniform,16,LC_HI,12,210.0,327.0,317.8737708294744
11,5,30,2,uniform,16,LC_HI,13,242.0,335.0,305.2177009706101
11,5,30,2,uniform,16,LC_HI,14,270.0,318.0,345.69950465105944
11,5,30,2,uniform,16,LC_HI,15,241.0,341.0,341.306110721138
11,5,30,2,uniform,16,LC_HI,16,279.0,445.0,461.00469360113453
11,5,30,2,uniform,16,LC_HI,17,241.0,337.0,342.1902897927796
11,5,30,2,uniform,16,LC_HI,18,338.0,454.0,383.3775112713829
11,5,30,2,uniform,16,LC_HI,19,241.0,386.0,385.35441005265744
11,5,30,2,uniform,16,LC_HI,20,261.0,401.0,414.747402735273
11,5,30,2,uniform,16,LC_HI,21,227.0,348.0,370.0934439562953
11,5,30,2,uniform,16,LC_HI,22,270.0,425.0,423.4179999233368
11,5,30,2,uniform,16,LC_HI,23,261.0,357.0,341.4994445298177
11,5,30,2,uniform,16,LC_HI,24,256.0,392.0,372.9935894887108
11,5,30,2,uniform,16,LC_HI,25,305.0,387.0,371.0176689513223
11,5,30,2,uniform,16,LC_HI,26,254.0,445.0,421.1186353192819
11,5,30,2,uniform,16,LC_HI,27,232.0,343.0,324.5773923600141
11,5,30,2,uniform,16,LC_HI,28,271.0,393.0,425.556663166987
11,5,30,2,uniform,16,LC_HI,29,265.0,402.0,403.0504791821773
11,5,30,2,uniform,16,LC_HI,30,216.0,308.0,296.86521250973436
11,5,30,2,uniform,16,LC_HI,31,295.0,430.0,464.90269533417063
11,5,30,2,uniform,16,LC_HI,32,305.0,392.0,372.5690636492074
11,5,30,2,uniform,16,LC_HI,33,242.0,303.0,359.5078124222603
11,5,30,2,uniform,16,LC_HI,34,281.0,401.0,432.52379304187906
11,5,30,2,uniform,16,LC_HI,35,227.0,348.0,338.7212404559478
11,5,30,2,uniform,16,LC_HI,36,186.0,277.0,281.9013762700796
11,5,30,2,uniform,16,LC_HI,37,234.0,292.0,332.1081610307083
11,5,30,2,uniform,16,LC_HI,38,247.0,426.0,441.30768090970497
11,5,30,2,uniform,16,LC_HI,39,188.0,357.0,335.1629469058742
11,5,30,2,uniform,16,LC_HI,40,260.0,404.0,403.8323848714326
11,5,30,2,uniform,16,LC_HI,41,290.0,495.0,502.77105702135907
11,5,30,2,uniform,16,LC_HI,42,221.0,416.0,399.478785807676
11,5,30,2,uniform,16,LC_HI,43,305.0,392.0,420.1129597837761
11,5,30,2,uniform,16,LC_HI,44,267.0,406.0,422.8698745704935
11,5,30,2,uniform,16,LC_HI,45,254.0,389.0,373.7368027923704
11,5,30,2,uniform,16,LC_HI,46,291.0,425.0,435.3638890161547
11,5,30,2,uniform,16,LC_HI,47,266.0,322.0,345.4544296091222
11,5,30,2,uniform,16,LC_HI,48,258.0,365.0,370.373245506156
11,5,30,2,uniform,16,LC_HI,49,216.0,318.0,293.99578457627234
11,5,30,2,uniform,16,LC_HI,50,271.0,377.0,414.45316912185984
11,5,30,2,uniform,16,LC_HI,51,260.0,377.0,379.251651465896
11,5,30,2,uniform,16,LC_HI,52,320.0,435.0,445.49892204979557
11,5,30,2,uniform,16,LC_HI,53,291.0,395.0,404.75025776114825
11,5,30,2,uniform,16,LC_HI,54,269.0,350.0,359.4774660587336
11,5,30,2,uniform,16,LC_HI,55,319.0,434.0,412.5400515006473
11,5,30,2,uniform,16,LC_HI,56,291.0,395.0,445.92255447797197
11,5,30,2,uniform,16,LC_HI,57,271.0,367.0,363.62613403783115
11,5,30,2,uniform,16,LC_HI,58,243.0,342.0,345.39559675905355
11,5,30,2,uniform,16,LC_HI,59,296.0,439.0,475.1015581637976
11,5,30,2,uniform,16,LC_HI,60,295.0,430.0,412.04547069537836
11,5,30,2,uniform,16,LC_HI,61,241.0,351.0,329.15142630625246
11,5,30,2,uniform,16,LC_HI,62,330.0,430.0,427.1805664652759
11,5,30,2,uniform,16,LC_HI,63,245.0,330.0,331.7098371514331
11,5,30,2,uniform,16,LC_HI,64,261.0,411.0,447.555687399375
11,5,30,2,uniform,16,LC_HI,65,319.0,426.0,451.9765581265737
11,5,30,2,uniform,16,LC_HI,66,241.0,386.0,367.7928565683655
11,5,30,2,uniform,16,LC_HI,67,245.0,334.0,305.1819608951555
11,5,30,2,uniform,16,LC_HI,68,290.0,415.0,431.66743599150357
11,5,30,2,uniform,16,LC_HI,69,246.0,352.0,330.62197007651025
11,5,30,2,uniform,16,LC_HI,70,276.0,382.0,454.4214818365632
11,5,30,2,uniform,16,LC_HI,71,242.0,338.0,325.3851211758872
11,5,30,2,uniform,16,LC_HI,72,258.0,365.0,392.73816093199827
11,5,30,2,uniform,16,LC_HI,73,265.0,332.0,332.12814770577455
11,5,30,2,uniform,16,LC_HI,74,260.0,382.0,371.9086817408144
11,5,30,2,uniform,16,LC_HI,75,217.0,401.0,399.94032230239793
11,5,30,2,uniform,16,LC_HI,76,330.0,430.0,439.6651348357499
11,5,30,2,uniform,16,LC_HI,77,252.0,409.0,414.9426387990047
11,5,30,2,uniform,16,LC_HI,78,208.0,366.0,382.11957167150166
11,5,30,2,uniform,16,LC_HI,79,212.0,283.0,292.01419547126557
11,5,30,2,uniform,16,LC_HI,80,232.0,343.0,357.5291755466872
11,5,30,2,uniform,16,LC_HI,81,260.0,438.0,464.9851715018561
11,5,30,2,uniform,16,LC_HI,82,246.0,352.0,343.7166651969744
11,5,30,2,uniform,16,LC_HI,83,338.0,454.0,466.27701310972463
11,5,30,2,uniform,16,LC_HI,84,279.0,470.0,465.4067294297622
11,5,30,2,uniform,16,LC_HI,85,212.0,293.0,301.7757011709511
11,5,30,2,uniform,16,LC_HI,86,236.0,411.0,404.7677969106055
11,5,30,2,uniform,16,LC_HI,87,285.0,430.0,451.7677246781785
11,5,30,2,uniform,16,LC_HI,88,256.0,360.0,317.707427808578
11,5,30,2,uniform,16,LC_HI,89,308.0,464.0,450.6092432070479
11,5,30,2,uniform,16,LC_HI,90,305.0,397.0,425.00858604764164
11,5,30,2,uniform,16,LC_HI,91,271.0,377.0,366.2306345506627
11,5,30,2,uniform,16,LC_HI,92,305.0,397.0,415.7522950767456
11,5,30,2,uniform,16,LC_HI,93,241.0,386.0,380.3483782015961
11,5,30,2,uniform,16,LC_HI,94,222.0,339.0,335.9232937012966
11,5,30,2,uniform,16,LC_HI,95,232.0,308.0,341.5519681649398
11,5,30,2,uniform,16,LC_HI,96,227.0,348.0,339.7265340276252
11,5,30,2,uniform,16,LC_HI,97,296.0,377.0,377.8736989020563
11,5,30,2,uniform,16,LC_HI,98,217.0,401.0,400.1901606578835
11,5,30,2,uniform,16,LC_HI,99,243.0,342.0,340.8725043215517
11,5,30,2,uniform,16,LC_HI,100,274.0,439.0,448.48741997683624
11,5,30,2,uniform,16,LC_HI,101,226.0,282.0,275.4932876079224
11,5,30,2,uniform,16,LC_HI,102,192.0,250.0,275.73956631865076
11,5,30,2,uniform,16,LC_HI,103,237.0,391.0,368.74917987763564
11,5,30,2,uniform,16,LC_HI,104,241.0,389.0,382.20063261437633
11,5,30,2,uniform,16,LC_HI,105,270.0,420.0,427.6317978817532
11,5,30,2,uniform,16,LC_HI,106,271.0,377.0,399.5015001865259
11,5,30,2,uniform,16,LC_HI,107,221.0,357.0,342.78295728427906
11,5,30,2,uniform,16,LC_HI,108,270.0,382.0,384.83604123096694
11,5,30,2,uniform,16,LC_HI,109,250.0,400.0,390.8059176809319
11,5,30,2,uniform,16,LC_HI,110,216.0,371.0,386.6442976509471
11,5,30,2,uniform,16,LC_HI,111,196.0,370.0,375.02838646954694
11,5,30,2,uniform,16,LC_HI,112,231.0,372.0,384.71557766416595
11,5,30,2,uniform,16,LC_HI,113,256.0,326.0,319.7592645294526
11,5,30,2,uniform,16,LC_HI,114,227.0,334.0,324.9606694745258
11,5,30,2,uniform,16,LC_HI,115,269.0,410.0,418.41174160543574
11,5,30,2,uniform,16,LC_HI,116,217.0,308.0,313.50222519453087
11,5,30,2,uniform,16,LC_HI,117,305.0,387.0,378.0583100779921
11,5,30,2,uniform,16,LC_HI,118,221.0,341.0,339.52700979037115
11,5,30,2,uniform,16,LC_HI,119,247.0,377.0,389.4038611900023
11,5,30,2,uniform,16,LC_HI,120,276.0,344.0,342.65010751482436
11,5,30,2,uniform,16,LC_HI,121,226.0,282.0,282.553076234114
11,5,30,2,uniform,16,LC_HI,122,237.0,391.0,381.68634529457194
11,5,30,2,uniform,16,LC_HI,123,237.0,391.0,363.71276853943203
11,5,30,2,uniform,16,LC_HI,124,239.0,374.0,359.46900950465186
11,5,30,2,uniform,16,LC_HI,125,265.0,391.0,384.6508405368639
11,5,30,2,uniform,16,LC_HI,126,314.0,464.0,496.2797862608113
11,5,30,2,uniform,16,LC_HI,127,242.0,335.0,311.11037681307135
11,5,30,2,uniform,16,LC_HI,128,252.0,416.0,424.6744820686175
11,5,30,2,uniform,16,LC_HI,129,227.0,343.0,360.41525694400497
11,5,30,2,uniform,16,LC_HI,130,247.0,377.0,374.5481476220896
11,5,30,2,uniform,16,LC_HI,131,247.0,367.0,375.5177456855864
11,5,30,2,uniform,16,LC_HI,132,270.0,411.0,414.7157982172419
11,5,30,2,uniform,16,LC_HI,133,281.0,401.0,390.76625340291275
11,5,30,2,uniform,16,LC_HI,134,192.0,250.0,256.5398754222914
11,5,30,2,uniform,16,LC_HI,135,276.0,469.0,493.7130328487191
11,5,30,2,uniform,16,LC_HI,136,261.0,401.0,411.0832263477673
11,5,30,2,uniform,16,LC_HI,137,266.0,322.0,323.46028215092036
11,5,30,2,uniform,16,LC_HI,138,222.0,386.0,400.1751736991013
11,5,30,2,uniform,16,LC_HI,139,296.0,439.0,459.6214272180702
11,5,30,2,uniform,16,LC_HI,140,242.0,382.0,370.8429364775988
11,5,30,2,uniform,16,LC_HI,141,266.0,455.0,418.9285643887596
11,5,30,2,uniform,16,LC_HI,142,208.0,337.0,325.5337373813021
11,5,30,2,uniform,16,LC_HI,143,260.0,362.0,354.5195402183676
11,5,30,2,uniform,16,LC_HI,144,285.0,430.0,426.361425697527
11,5,30,2,uniform,16,LC_HI,145,216.0,307.0,322.0839880536523
11,5,30,2,uniform,16,LC_HI,146,198.0,240.0,245.97979532415798
11,5,30,2,uniform,16,LC_HI,147,260.0,362.0,347.900262944609
11,5,30,2,uniform,16,LC_HI,148,319.0,434.0,413.35785387364103
11,5,30,2,uniform,16,LC_HI,149,305.0,387.0,402.41927056528067
11,5,30,2,uniform,16,LC_HI,150,212.0,352.0,353.68430749133466
11,5,30,2,uniform,16,LC_HI,151,270.0,425.0,405.6150013253577
11,5,30,2,uniform,16,LC_HI,152,261.0,460.0,482.94072867610896
11,5,30,2,uniform,16,LC_HI,153,269.0,350.0,346.960070215314
11,5,30,2,uniform,16,LC_HI,154,266.0,358.0,310.8333500074309
11,5,30,2,uniform,16,LC_HI,155,227.0,343.0,340.13285336336946
11,5,30,2,uniform,16,LC_HI,156,269.0,347.0,348.41127493320306
11,5,30,2,uniform,16,LC_HI,157,221.0,341.0,366.831251358898
11,5,30,2,uniform,16,LC_HI,158,212.0,313.0,315.0145015040153
11,5,30,2,uniform,16,LC_HI,159,254.0,445.0,475.5149905201463
11,5,30,2,uniform,16,LC_HI,160,254.0,389.0,406.849811498985
11,5,30,2,uniform,16,LC_HI,161,235.0,401.0,420.30335371297105
11,5,30,2,uniform,16,LC_HI,162,227.0,343.0,355.38975502500546
11,5,30,2,uniform,16,LC_HI,163,242.0,303.0,315.118485828509
11,5,30,2,uniform,16,LC_HI,164,212.0,293.0,301.43798473963767
11,5,30,2,uniform,16,LC_HI,165,314.0,464.0,477.3488018989068
11,5,30,2,uniform,16,LC_HI,166,193.0,282.0,282.7437382099021
11,5,30,2,uniform,16,LC_HI,167,321.0,474.0,501.10042604295523
11,5,30,2,uniform,16,LC_HI,168,227.0,342.0,343.68730234779827
11,5,30,2,uniform,16,LC_HI,169,252.0,416.0,448.52395779530286
11,5,30,2,uniform,16,LC_HI,170,177.0,274.0,279.9117425988031
11,5,30,2,uniform,16,LC_HI,171,221.0,357.0,367.4649769380497
11,5,30,2,uniform,16,LC_HI,172,263.0,430.0,429.75090685206845
11,5,30,2,uniform,16,LC_HI,173,251.0,397.0,383.973068927762
11,5,30,2,uniform,16,LC_HI,174,256.0,431.0,423.83657284646563
11,5,30,2,uniform,16,LC_HI,175,271.0,426.0,414.7223423656028
11,5,30,2,uniform,16,LC_HI,176,221.0,357.0,393.5474882103592
11,5,30,2,uniform,16,LC_HI,177,272.0,388.0,373.84774809208255
11,5,30,2,uniform,16,LC_HI,178,321.0,474.0,505.97105353621635
11,5,30,2,uniform,16,LC_HI,179,251.0,333.0,324.5531915766223
11,5,30,2,uniform,16,LC_HI,180,260.0,401.0,373.26914769709464
11,5,30,2,uniform,16,LC_HI,181,270.0,420.0,410.46467067009104
11,5,30,2,uniform,16,LC_HI,182,243.0,342.0,342.9582811288703
11,5,30,2,uniform,16,LC_HI,183,254.0,389.0,349.3479822993509
11,5,30,2,uniform,16,LC_HI,184,222.0,299.0,302.2646518954691
11,5,30,2,uniform,16,LC_HI,185,172.0,302.0,274.87678548616753
11,5,30,2,uniform,16,LC_HI,186,222.0,279.0,325.0692006188003
11,5,30,2,uniform,16,LC_HI,187,193.0,282.0,298.5597210592333
11,5,30,2,uniform,16,LC_HI,188,260.0,377.0,405.9657676772282
11,5,30,2,uniform,16,LC_HI,189,247.0,397.0,387.2614436136918
11,5,30,2,uniform,16,LC_HI,190,177.0,274.0,254.34837317081937
11,5,30,2,uniform,16,LC_HI,191,276.0,367.0,373.1588545088234
11,5,30,2,uniform,16,LC_HI,192,246.0,405.0,425.509966127734
11,5,30,2,uniform,16,LC_HI,193,265.0,402.0,365.7174143703101
11,5,30,2,uniform,16,LC_HI,194,212.0,316.0,317.17908797157645
11,5,30,2,uniform,16,LC_HI,195,187.0,278.0,296.53353337539914
11,5,30,2,uniform,16,LC_HI,196,193.0,282.0,281.3894600699304
11,5,30,2,uniform,16,LC_HI,197,212.0,316.0,325.93003888458657
11,5,30,2,uniform,16,LC_HI,198,216.0,371.0,353.52691229109837
11,5,30,2,uniform,16,LC_HI,199,269.0,350.0,347.8311030412637
11,5,30,2,uniform,16,LC_LI,0,197.0,257.0,270.2921508711059
11,5,30,2,uniform,16,LC_LI,1,280.0,439.0,455.1625569058954
11,5,30,2,uniform,16,LC_LI,2,244.0,356.0,355.8141454285316
11,5,30,2,uniform,16,LC_LI,3,236.0,367.0,404.9799711814083
11,5,30,2,uniform,16,LC_LI,4,256.0,384.0,402.4579199167419
11,5,30,2,uniform,16,LC_LI,5,286.0,402.0,431.13278142558414
11,5,30,2,uniform,16,LC_LI,6,276.0,383.0,383.0712458524376
11,5,30,2,uniform,16,LC_LI,7,271.0,440.0,410.3253737355174
11,5,30,2,uniform,16,LC_LI,8,300.0,371.0,358.88347223846637
11,5,30,2,uniform,16,LC_LI,9,260.0,342.0,385.0126746167812
11,5,30,2,uniform,16,LC_LI,10,241.0,371.0,379.6343100789673
11,5,30,2,uniform,16,LC_LI,11,280.0,361.0,354.98080631791845
11,5,30,2,uniform,16,LC_LI,12,260.0,435.0,387.0213604411276
11,5,30,2,uniform,16,LC_LI,13,244.0,355.0,355.5834607699469
11,5,30,2,uniform,16,LC_LI,14,256.0,384.0,409.02905154216575
11,5,30,2,uniform,16,LC_LI,15,198.0,303.0,316.26440951262697
11,5,30,2,uniform,16,LC_LI,16,224.0,341.0,326.80908364817515
11,5,30,2,uniform,16,LC_LI,17,183.0,210.0,213.7655378422228
11,5,30,2,uniform,16,LC_LI,18,251.0,420.0,386.2705287039056
11,5,30,2,uniform,16,LC_LI,19,270.0,356.0,382.6861314546193
11,5,30,2,uniform,16,LC_LI,20,269.0,465.0,444.33187077384764
11,5,30,2,uniform,16,LC_LI,21,213.0,377.0,399.89224330147715
11,5,30,2,uniform,16,LC_LI,22,250.0,366.0,397.4160335315639
11,5,30,2,uniform,16,LC_LI,23,250.0,391.0,378.6264621719182
11,5,30,2,uniform,16,LC_LI,24,285.0,357.0,374.40691108509907
11,5,30,2,uniform,16,LC_LI,25,270.0,410.0,407.76378132883235
11,5,30,2,uniform,16,LC_LI,26,284.0,434.0,447.6289829237799
11,5,30,2,uniform,16,LC_LI,27,306.0,479.0,487.5693360067827
11,5,30,2,uniform,16,LC_LI,28,305.0,376.0,420.4147103818217
11,5,30,2,uniform,16,LC_LI,29,250.0,367.0,347.6621383151251
11,5,30,2,uniform,16,LC_LI,30,250.0,352.0,383.4377307957255
11,5,30,2,uniform,16,LC_LI,31,215.0,332.0,358.4627722836741
11,5,30,2,uniform,16,LC_LI,32,280.0,362.0,354.31160557883607
11,5,30,2,uniform,16,LC_LI,33,308.0,463.0,485.98440940108657
11,5,30,2,uniform,16,LC_LI,34,224.0,341.0,318.5543096902567
11,5,30,2,uniform,16,LC_LI,35,221.0,323.0,350.18364577409835
11,5,30,2,uniform,16,LC_LI,36,308.0,463.0,480.54634650532785
11,5,30,2,uniform,16,LC_LI,37,265.0,410.0,420.7512889834142
11,5,30,2,uniform,16,LC_LI,38,259.0,366.0,376.48480427695927
11,5,30,2,uniform,16,LC_LI,39,240.0,323.0,321.2655972176029
11,5,30,2,uniform,16,LC_LI,40,261.0,376.0,395.37079595560647
11,5,30,2,uniform,16,LC_LI,41,211.0,279.0,290.74255204216223
11,5,30,2,uniform,16,LC_LI,42,208.0,324.0,296.34489571793
11,5,30,2,uniform,16,LC_LI,43,269.0,465.0,448.03213236094064
11,5,30,2,uniform,16,LC_LI,44,240.0,347.0,373.660742428025
11,5,30,2,uniform,16,LC_LI,45,241.0,353.0,342.08541737462724
11,5,30,2,uniform,16,LC_LI,46,255.0,386.0,385.27749253847344
11,5,30,2,uniform,16,LC_LI,47,308.0,463.0,527.1801773205256
11,5,30,2,uniform,16,LC_LI,48,236.0,367.0,373.7950450466481
11,5,30,2,uniform,16,LC_LI,49,270.0,493.0,509.2956542628257
11,5,30,2,uniform,16,LC_LI,50,260.0,435.0,407.175259862171
11,5,30,2,uniform,16,LC_LI,51,286.0,402.0,395.06627067340673
11,5,30,2,uniform,16,LC_LI,52,271.0,337.0,375.5984796764491
11,5,30,2,uniform,16,LC_LI,53,192.0,320.0,329.4851422049596
11,5,30,2,uniform,16,LC_LI,54,200.0,322.0,316.41050674182816
11,5,30,2,uniform,16,LC_LI,55,225.0,347.0,329.35551427117196
11,5,30,2,uniform,16,LC_LI,56,261.0,376.0,400.51433147123413
11,5,30,2,uniform,16,LC_LI,57,271.0,383.0,379.38938276573674
11,5,30,2,uniform,16,LC_LI,58,252.0,377.0,382.660562046268
11,5,30,2,uniform,16,LC_LI,59,235.0,327.0,337.16165503718145
11,5,30,2,uniform,16,LC_LI,60,275.0,425.0,422.8549050072198
11,5,30,2,uniform,16,LC_LI,61,260.0,366.0,341.76644263937436
11,5,30,2,uniform,16,LC_LI,62,207.0,331.0,320.4562302208803
11,5,30,2,uniform,16,LC_LI,63,280.0,406.0,419.26873679225895
11,5,30,2,uniform,16,LC_LI,64,216.0,298.0,307.30676245978185
11,5,30,2,uniform,16,LC_LI,65,270.0,410.0,456.3190184327423
11,5,30,2,uniform,16,LC_LI,66,206.0,336.0,308.9014470493631
11,5,30,2,uniform,16,LC_LI,67,306.0,479.0,441.0615670564326
11,5,30,2,uniform,16,LC_LI,68,237.0,387.0,376.96250501298397
11,5,30,2,uniform,16,LC_LI,69,206.0,336.0,319.00233071164547
11,5,30,2,uniform,16,LC_LI,70,221.0,312.0,315.43120719810497
11,5,30,2,uniform,16,LC_LI,71,237.0,306.0,324.6426761871122
11,5,30,2,uniform,16,LC_LI,72,256.0,421.0,435.6888966111071
11,5,30,2,uniform,16,LC_LI,73,255.0,311.0,306.2657830099214
11,5,30,2,uniform,16,LC_LI,74,226.0,340.0,340.50207945070366
11,5,30,2,uniform,16,LC_LI,75,255.0,311.0,334.59142808399747
11,5,30,2,uniform,16,LC_LI,76,237.0,323.0,303.65862065502466
11,5,30,2,uniform,16,LC_LI,77,295.0,400.0,406.08049701393793
11,5,30,2,uniform,16,LC_LI,78,265.0,410.0,426.00175920175536
11,5,30,2,uniform,16,LC_LI,79,266.0,377.0,401.8492558180699
11,5,30,2,uniform,16,LC_LI,80,232.0,348.0,374.3713193204284
11,5,30,2,uniform,16,LC_LI,81,226.0,283.0,293.83315217951
11,5,30,2,uniform,16,LC_LI,82,289.0,386.0,394.06617723334796
11,5,30,2,uniform,16,LC_LI,83,279.0,469.0,469.2585943367974
11,5,30,2,uniform,16,LC_LI,84,255.0,342.0,320.534495979842
11,5,30,2,uniform,16,LC_LI,85,197.0,284.0,301.31846772238623
11,5,30,2,uniform,16,LC_LI,86,251.0,377.0,387.93645189140983
11,5,30,2,uniform,16,LC_LI,87,225.0,347.0,366.902718606322
11,5,30,2,uniform,16,LC_LI,88,227.0,342.0,327.37640667404867
11,5,30,2,uniform,16,LC_LI,89,257.0,402.0,394.7162573431704
11,5,30,2,uniform,16,LC_LI,90,256.0,384.0,348.1317581897624
11,5,30,2,uniform,16,LC_LI,91,232.0,348.0,344.6702524464922
11,5,30,2,uniform,16,LC_LI,92,197.0,327.0,325.90298087111574
11,5,30,2,uniform,16,LC_LI,93,232.0,348.0,358.39252014214566
11,5,30,2,uniform,16,LC_LI,94,270.0,333.0,324.71759128103344
11,5,30,2,uniform,16,LC_LI,95,280.0,406.0,439.2991019054789
11,5,30,2,uniform,16,LC_LI,96,259.0,366.0,359.58666696943396
11,5,30,2,uniform,16,LC_LI,97,289.0,434.0,429.50136022234364
11,5,30,2,uniform,16,LC_LI,98,291.0,426.0,393.0769447166351
11,5,30,2,uniform,16,LC_LI,99,226.0,340.0,328.5528547656379
11,5,30,2,uniform,16,LC_LI,100,197.0,284.0,281.60855122051765
11,5,30,2,uniform,16,LC_LI,101,260.0,351.0,371.0555993995505
11,5,30,2,uniform,16,LC_LI,102,289.0,386.0,407.7326877982053
11,5,30,2,uniform,16,LC_LI,103,290.0,366.0,357.63160344952996
11,5,30,2,uniform,16,LC_LI,104,256.0,413.0,412.32306433108096
11,5,30,2,uniform,16,LC_LI,105,270.0,493.0,478.4022555376311
11,5,30,2,uniform,16,LC_LI,106,280.0,439.0,464.30763415200636
11,5,30,2,uniform,16,LC_LI,107,221.0,370.0,343.9779152981437
11,5,30,2,uniform,16,LC_LI,108,198.0,293.0,289.52596078374813
11,5,30,2,uniform,16,LC_LI,109,237.0,323.0,351.11368325690194
11,5,30,2,uniform,16,LC_LI,110,244.0,355.0,394.01375737108623
11,5,30,2,uniform,16,LC_LI,111,289.0,386.0,426.417264755518
11,5,30,2,uniform,16,LC_LI,112,280.0,439.0,434.10924822572434
11,5,30,2,uniform,16,LC_LI,113,256.0,384.0,423.71467066319565
11,5,30,2,uniform,16,LC_LI,114,266.0,373.0,354.0581721410093
11,5,30,2,uniform,16,LC_LI,115,286.0,421.0,434.1426911384004
11,5,30,2,uniform,16,LC_LI,116,209.0,355.0,364.0022452451444
11,5,30,2,uniform,16,LC_LI,117,202.0,313.0,311.5605235502365
11,5,30,2,uniform,16,LC_LI,118,246.0,401.0,393.9489643049561
11,5,30,2,uniform,16,LC_LI,119,217.0,318.0,262.6749494582677
11,5,30,2,uniform,16,LC_LI,120,197.0,327.0,315.98023531195145
11,5,30,2,uniform,16,LC_LI,121,255.0,342.0,322.7731028127753
11,5,30,2,uniform,16,LC_LI,122,221.0,312.0,303.61439261760603
11,5,30,2,uniform,16,LC_LI,123,265.0,410.0,398.0076519869529
11,5,30,2,uniform,16,LC_LI,124,206.0,336.0,301.41957206703876
11,5,30,2,uniform,16,LC_LI,125,255.0,372.0,366.326365171155
11,5,30,2,uniform,16,LC_LI,126,217.0,372.0,400.42241069387615
11,5,30,2,uniform,16,LC_LI,127,246.0,401.0,386.8702600071832
11,5,30,2,uniform,16,LC_LI,128,241.0,332.0,312.540578044094
11,5,30,2,uniform,16,LC_LI,129,244.0,356.0,333.5742296349109
11,5,30,2,uniform,16,LC_LI,130,240.0,323.0,364.0814533253247
11,5,30,2,uniform,16,LC_LI,131,231.0,361.0,354.9566367709174
11,5,30,2,uniform,16,LC_LI,132,266.0,377.0,369.9898508906359
11,5,30,2,uniform,16,LC_LI,133,286.0,435.0,448.90549449672875
11,5,30,2,uniform,16,LC_LI,134,265.0,410.0,383.10579258579077
11,5,30,2,uniform,16,LC_LI,135,240.0,323.0,323.80823177937316
11,5,30,2,uniform,16,LC_LI,136,251.0,373.0,405.51573123971633
11,5,30,2,uniform,16,LC_LI,137,241.0,371.0,352.4593875514018
11,5,30,2,uniform,16,LC_LI,138,221.0,323.0,337.0087387388735
11,5,30,2,uniform,16,LC_LI,139,255.0,391.0,378.6800231278657
11,5,30,2,uniform,16,LC_LI,140,255.0,380.0,375.41890085759184
11,5,30,2,uniform,16,LC_LI,141,280.0,481.0,504.3692755686149
11,5,30,2,uniform,16,LC_LI,142,259.0,356.0,379.5522765965363
11,5,30,2,uniform,16,LC_LI,143,200.0,322.0,310.96228005568383
11,5,30,2,uniform,16,LC_LI,144,280.0,440.0,409.2935972928773
11,5,30,2,uniform,16,LC_LI,145,226.0,283.0,294.51882334440114
11,5,30,2,uniform,16,LC_LI,146,255.0,376.0,408.2323432336959
11,5,30,2,uniform,16,LC_LI,147,284.0,415.0,427.92509374440647
11,5,30,2,uniform,16,LC_LI,148,238.0,303.0,315.24957465071776
11,5,30,2,uniform,16,LC_LI,149,218.0,338.0,372.55675757626784
11,5,30,2,uniform,16,LC_LI,150,291.0,426.0,457.6926672278384
11,5,30,2,uniform,16,LC_LI,151,220.0,365.0,340.3298418675292
11,5,30,2,uniform,16,LC_LI,152,218.0,338.0,352.49584271346714
11,5,30,2,uniform,16,LC_LI,153,284.0,415.0,419.34334257217444
11,5,30,2,uniform,16,LC_LI,154,255.0,391.0,384.32593059865286
11,5,30,2,uniform,16,LC_LI,155,289.0,386.0,390.6802052177537
11,5,30,2,uniform,16,LC_LI,156,225.0,362.0,378.8852046675702
11,5,30,2,uniform,16,LC_LI,157,228.0,304.0,291.052700061985
11,5,30,2,uniform,16,LC_LI,158,197.0,284.0,261.7436697294726
11,5,30,2,uniform,16,LC_LI,159,255.0,342.0,312.8886891074538
11,5,30,2,uniform,16,LC_LI,160,198.0,293.0,290.2809401413237
11,5,30,2,uniform,16,LC_LI,161,251.0,386.0,406.9398844452606
11,5,30,2,uniform,16,LC_LI,162,270.0,333.0,340.4125361959668
11,5,30,2,uniform,16,LC_LI,163,265.0,411.0,414.31799019760865
11,5,30,2,uniform,16,LC_LI,164,240.0,347.0,360.05878723607856
11,5,30,2,uniform,16,LC_LI,165,221.0,362.0,355.66366246621766
11,5,30,2,uniform,16,LC_LI,166,197.0,257.0,264.42709307404374
11,5,30,2,uniform,16,LC_LI,167,211.0,326.0,315.29423293001844
11,5,30,2,uniform,16,LC_LI,168,252.0,339.0,337.00811505885326
11,5,30,2,uniform,16,LC_LI,169,256.0,356.0,420.70101923274007
11,5,30,2,uniform,16,LC_LI,170,202.0,313.0,337.35646597105085
11,5,30,2,uniform,16,LC_LI,171,183.0,210.0,224.19297252540366
11,5,30,2,uniform,16,LC_LI,172,271.0,440.0,457.0707171398698
11,5,30,2,uniform,16,LC_LI,173,241.0,395.0,347.8738581499718
11,5,30,2,uniform,16,LC_LI,174,221.0,312.0,308.63710641949945
11,5,30,2,uniform,16,LC_LI,175,240.0,347.0,355.5502596352752
11,5,30,2,uniform,16,LC_LI,176,260.0,435.0,435.3938241334706
11,5,30,2,uniform,16,LC_LI,177,255.0,386.0,384.1539598695741
11,5,30,2,uniform,16,LC_LI,178,255.0,391.0,383.96183231539334
11,5,30,2,uniform,16,LC_LI,179,300.0,371.0,374.0675359239143
11,5,30,2,uniform,16,LC_LI,180,276.0,399.0,413.0356012472028
11,5,30,2,uniform,16,LC_LI,181,295.0,400.0,419.58360579102646
11,5,30,2,uniform,16,LC_LI,182,324.0,398.0,414.3100384036783
11,5,30,2,uniform,16,LC_LI,183,266.0,373.0,376.177623165034
11,5,30,2,uniform,16,LC_LI,184,250.0,362.0,376.7890377752867
11,5,30,2,uniform,16,LC_LI,185,256.0,421.0,366.203144911824
11,5,30,2,uniform,16,LC_LI,186,232.0,348.0,343.3464843942689
11,5,30,2,uniform,16,LC_LI,187,266.0,377.0,410.0160020441767
11,5,30,2,uniform,16,LC_LI,188,246.0,401.0,396.58019218025515
11,5,30,2,uniform,16,LC_LI,189,259.0,356.0,376.1405188674049
11,5,30,2,uniform,16,LC_LI,190,301.0,450.0,425.2988672989388
11,5,30,2,uniform,16,LC_LI,191,227.0,286.0,269.7407034587298
11,5,30,2,uniform,16,LC_LI,192,255.0,376.0,370.51136790878473
11,5,30,2,uniform,16,LC_LI,193,202.0,313.0,303.92004671778636
11,5,30,2,uniform,16,LC_LI,194,231.0,361.0,359.42975489418944
11,5,30,2,uniform,16,LC_LI,195,262.0,359.0,363.18093768093036
11,5,30,2,uniform,16,LC_LI,196,275.0,425.0,380.83384772431504
11,5,30,2,uniform,16,LC_LI,197,216.0,333.0,326.136041472948
11,5,30,2,uniform,16,LC_LI,198,240.0,347.0,330.91771705348583
11,5,30,2,uniform,16,LC_LI,199,275.0,425.0,412.2000353042139
