config_id,F,n_amrs,n_elevators,demand,variant,arm,wave_id,candidate_id,cand_seed,makespan_M1,makespan_M2
1,3,5,2,uniform,service_sigma_0.2,random,0,423,20387495,141.02774733067704,202.93154151842876
1,3,5,2,uniform,service_sigma_0.2,random,1,24,20387495,160.20721264086993,226.04067529217662
1,3,5,2,uniform,service_sigma_0.2,random,2,673,20387495,102.14319104015445,160.8184726474383
1,3,5,2,uniform,service_sigma_0.2,random,3,2387,20387495,108.80981034619977,203.73043388689462
1,3,5,2,uniform,service_sigma_0.2,random,4,1563,20387495,100.28104999668555,166.02538335805255
1,3,5,2,uniform,service_sigma_0.2,random,5,2,20387495,132.97290349684175,209.72569996528748
1,3,5,2,uniform,service_sigma_0.2,random,6,2064,20387495,121.34071854230884,199.12737637629272
1,3,5,2,uniform,service_sigma_0.2,random,7,974,20387495,138.21310216150053,209.35197477196064
1,3,5,2,uniform,service_sigma_0.2,random,8,2320,20387495,172.61036441595493,241.41360848089644
1,3,5,2,uniform,service_sigma_0.2,random,9,2324,20387495,144.54757260258052,168.86349375439866
1,3,5,2,uniform,service_sigma_0.2,random,10,2976,20387495,176.61263194604678,198.51284534785006
1,3,5,2,uniform,service_sigma_0.2,random,11,2877,20387495,103.58898146372042,171.70462016088035
1,3,5,2,uniform,service_sigma_0.2,random,12,1055,20387495,137.5304531890123,181.72285914961424
1,3,5,2,uniform,service_sigma_0.2,random,13,2905,20387495,127.26787848799438,177.48674303292378
1,3,5,2,uniform,service_sigma_0.2,random,14,1344,20387495,130.13145362480495,165.90676823788982
1,3,5,2,uniform,service_sigma_0.2,random,15,1844,20387495,158.06636599802366,223.69690853063287
1,3,5,2,uniform,service_sigma_0.2,random,16,2043,20387495,163.68680283420875,211.09476124977857
1,3,5,2,uniform,service_sigma_0.2,random,17,1241,20387495,146.05985634311983,224.6216183785083
1,3,5,2,uniform,service_sigma_0.2,random,18,2819,20387495,141.0318346861578,153.10610703734565
1,3,5,2,uniform,service_sigma_0.2,random,19,1291,20387495,146.58523795973105,181.42986407922285
1,3,5,2,uniform,service_sigma_0.2,random,20,304,20387495,120.84177899830945,230.13244975217776
1,3,5,2,uniform,service_sigma_0.2,random,21,2404,20387495,108.44026671059686,175.09910315616358
1,3,5,2,uniform,service_sigma_0.2,random,22,1995,20387495,129.07084407817237,202.9115022575353
1,3,5,2,uniform,service_sigma_0.2,random,23,2306,20387495,106.94191703858736,152.9464943198358
1,3,5,2,uniform,service_sigma_0.2,random,24,2501,20387495,130.7943284553363,201.2406708852411
1,3,5,2,uniform,service_sigma_0.2,random,25,1327,20387495,136.7975139154477,235.24881220352333
1,3,5,2,uniform,service_sigma_0.2,random,26,1638,20387495,127.17520073633786,198.85800188721382
1,3,5,2,uniform,service_sigma_0.2,random,27,2676,20387495,127.28914465689617,158.9094220037405
1,3,5,2,uniform,service_sigma_0.2,random,28,1265,20387495,136.97300338323214,222.6246854656274
1,3,5,2,uniform,service_sigma_0.2,random,29,41,20387495,131.0960916000726,162.28729962749563
1,3,5,2,uniform,service_sigma_0.2,random,30,1796,20387495,140.54686631654232,201.37875176231714
1,3,5,2,uniform,service_sigma_0.2,random,31,2071,20387495,98.68526930509401,140.59534310527576
1,3,5,2,uniform,service_sigma_0.2,random,32,2865,20387495,120.16515477394526,171.322951572902
1,3,5,2,uniform,service_sigma_0.2,random,33,2474,20387495,136.90164039516904,162.52771103502877
1,3,5,2,uniform,service_sigma_0.2,random,34,819,20387495,137.57699362117083,162.97584347828354
1,3,5,2,uniform,service_sigma_0.2,random,35,524,20387495,158.82936933793403,260.7797493921891
1,3,5,2,uniform,service_sigma_0.2,random,36,1541,20387495,129.93680477368852,216.58508767089148
1,3,5,2,uniform,service_sigma_0.2,random,37,2612,20387495,156.78978689869874,203.0481446612172
1,3,5,2,uniform,service_sigma_0.2,random,38,263,20387495,112.62363823691355,161.96885694994592
1,3,5,2,uniform,service_sigma_0.2,random,39,1834,20387495,135.6547963627952,161.11692235948829
1,3,5,2,uniform,service_sigma_0.2,random,40,2088,20387495,122.21079765923186,251.52673064620757
1,3,5,2,uniform,service_sigma_0.2,random,41,965,20387495,133.61178025593324,193.5075784480426
1,3,5,2,uniform,service_sigma_0.2,random,42,2010,20387495,152.30236677192931,179.98434145773544
1,3,5,2,uniform,service_sigma_0.2,random,43,678,20387495,146.09432300431814,195.27524105538433
1,3,5,2,uniform,service_sigma_0.2,random,44,1962,20387495,131.85383604681078,210.3501418322686
1,3,5,2,uniform,service_sigma_0.2,random,45,2367,20387495,137.9739137691671,184.7024156936918
1,3,5,2,uniform,service_sigma_0.2,random,46,2710,20387495,156.87241533156222,219.27899111869598
1,3,5,2,uniform,service_sigma_0.2,random,47,1907,20387495,180.142423732879,247.7950145844581
1,3,5,2,uniform,service_sigma_0.2,random,48,220,20387495,128.97288479772297,164.44753334904573
1,3,5,2,uniform,service_sigma_0.2,random,49,392,20387495,111.97330643207084,152.11116132069375
1,3,5,2,uniform,service_sigma_0.2,random,50,1150,20387495,149.58771888920242,220.1679372993912
1,3,5,2,uniform,service_sigma_0.2,random,51,1051,20387495,135.33666772523188,214.51248720417814
1,3,5,2,uniform,service_sigma_0.2,random,52,2306,20387495,108.0183600749903,167.64952012372515
1,3,5,2,uniform,service_sigma_0.2,random,53,305,20387495,105.80912466736422,160.5582339429769
1,3,5,2,uniform,service_sigma_0.2,random,54,1980,20387495,178.76949503381752,229.5652168385236
1,3,5,2,uniform,service_sigma_0.2,random,55,36,20387495,158.87461027275876,166.03131636792244
1,3,5,2,uniform,service_sigma_0.2,random,56,389,20387495,133.92924229469818,204.81995467791475
1,3,5,2,uniform,service_sigma_0.2,random,57,204,20387495,123.51325929364796,213.32496882203398
1,3,5,2,uniform,service_sigma_0.2,random,58,600,20387495,151.06326892602317,210.04697498038612
1,3,5,2,uniform,service_sigma_0.2,random,59,361,20387495,143.70331956213283,168.08990076315246
1,3,5,2,uniform,service_sigma_0.2,random,60,474,20387495,108.68888291500039,140.8104547691237
1,3,5,2,uniform,service_sigma_0.2,random,61,150,20387495,123.73254818734776,187.92670637799773
1,3,5,2,uniform,service_sigma_0.2,random,62,1410,20387495,143.1087681380751,184.79082027795656
1,3,5,2,uniform,service_sigma_0.2,random,63,2615,20387495,95.08251477929741,124.64911917359967
1,3,5,2,uniform,service_sigma_0.2,random,64,2092,20387495,112.57630720052154,174.11273188237809
1,3,5,2,uniform,service_sigma_0.2,random,65,406,20387495,165.04946326408717,182.95832207895245
1,3,5,2,uniform,service_sigma_0.2,random,66,1427,20387495,136.2064765038584,149.20994522100656
1,3,5,2,uniform,service_sigma_0.2,random,67,285,20387495,119.62019111442626,172.43009341658458
1,3,5,2,uniform,service_sigma_0.2,random,68,1612,20387495,119.12129439301037,156.1690567171471
1,3,5,2,uniform,service_sigma_0.2,random,69,843,20387495,150.97392649423327,223.73108902251627
1,3,5,2,uniform,service_sigma_0.2,random,70,835,20387495,189.27025187669005,210.6571667653968
1,3,5,2,uniform,service_sigma_0.2,random,71,2696,20387495,157.09410483359628,258.4650167859945
1,3,5,2,uniform,service_sigma_0.2,random,72,615,20387495,92.59742847950984,121.59559653983558
1,3,5,2,uniform,service_sigma_0.2,random,73,144,20387495,161.34729000139794,161.96227670661034
1,3,5,2,uniform,service_sigma_0.2,random,74,203,20387495,138.85221816280543,208.9401389634097
1,3,5,2,uniform,service_sigma_0.2,random,75,778,20387495,111.13306035944252,168.80796063617382
1,3,5,2,uniform,service_sigma_0.2,random,76,1827,20387495,168.50002284947132,219.14659757765142
1,3,5,2,uniform,service_sigma_0.2,random,77,1252,20387495,107.56785665468038,145.08410764621223
1,3,5,2,uniform,service_sigma_0.2,random,78,1440,20387495,141.217606208213,221.77775701694543
1,3,5,2,uniform,service_sigma_0.2,random,79,1217,20387495,115.3008590771407,218.69196857013446
1,3,5,2,uniform,service_sigma_0.2,random,80,2336,20387495,145.52403018311375,203.02218494192638
1,3,5,2,uniform,service_sigma_0.2,random,81,863,20387495,146.7927880997474,184.77840746811873
1,3,5,2,uniform,service_sigma_0.2,random,82,734,20387495,131.20236509530721,197.05047863288738
1,3,5,2,uniform,service_sigma_0.2,random,83,2333,20387495,146.21956195290323,180.3827824431203
1,3,5,2,uniform,service_sigma_0.2,random,84,29,20387495,144.12667815473307,215.00280494211165
1,3,5,2,uniform,service_sigma_0.2,random,85,1659,20387495,115.07223756378428,182.66736741795853
1,3,5,2,uniform,service_sigma_0.2,random,86,409,20387495,155.7935014037021,218.85972191393003
1,3,5,2,uniform,service_sigma_0.2,random,87,2767,20387495,113.30249564779358,190.45147853245302
1,3,5,2,uniform,service_sigma_0.2,random,88,1383,20387495,137.66352079791457,187.431199799893
1,3,5,2,uniform,service_sigma_0.2,random,89,1426,20387495,146.6906811262089,247.11632130196375
1,3,5,2,uniform,service_sigma_0.2,random,90,83,20387495,106.89191180115819,177.2071871781222
1,3,5,2,uniform,service_sigma_0.2,random,91,9,20387495,163.661193104584,226.31650111633923
1,3,5,2,uniform,service_sigma_0.2,random,92,1611,20387495,154.91941951183023,248.1514441277123
1,3,5,2,uniform,service_sigma_0.2,random,93,1028,20387495,150.70765824728795,191.7229615991829
1,3,5,2,uniform,service_sigma_0.2,random,94,2318,20387495,138.60846721595243,159.9758982151776
1,3,5,2,uniform,service_sigma_0.2,random,95,2121,20387495,146.6213848085642,203.12711712397802
1,3,5,2,uniform,service_sigma_0.2,random,96,1225,20387495,99.01616037905403,169.25714259689136
1,3,5,2,uniform,service_sigma_0.2,random,97,430,20387495,123.15821018905069,161.68998569924625
1,3,5,2,uniform,service_sigma_0.2,random,98,365,20387495,159.41595408946722,192.08359135965793
1,3,5,2,uniform,service_sigma_0.2,random,99,1025,20387495,136.06671486674128,182.1823207146553
1,3,5,2,uniform,service_sigma_0.2,random,100,531,20387495,119.3410403525384,184.0855758548955
1,3,5,2,uniform,service_sigma_0.2,random,101,2319,20387495,142.69069331070585,169.84898337728114
1,3,5,2,uniform,service_sigma_0.2,random,102,602,20387495,133.6493226923433,205.43788302226577
1,3,5,2,uniform,service_sigma_0.2,random,103,2124,20387495,141.53261995529178,235.4910170092149
1,3,5,2,uniform,service_sigma_0.2,random,104,2383,20387495,139.59304005840468,203.62336975864966
1,3,5,2,uniform,service_sigma_0.2,random,105,2607,20387495,146.15082465105138,202.14203297548966
1,3,5,2,uniform,service_sigma_0.2,random,106,2928,20387495,113.45674711739217,179.30241361171417
1,3,5,2,uniform,service_sigma_0.2,random,107,2413,20387495,128.23663863870362,179.23676289756935
1,3,5,2,uniform,service_sigma_0.2,random,108,2846,20387495,147.4940311044151,224.0388242326844
1,3,5,2,uniform,service_sigma_0.2,random,109,686,20387495,135.04601235848432,193.46030550196596
1,3,5,2,uniform,service_sigma_0.2,random,110,661,20387495,116.19849529076573,160.4431886052058
1,3,5,2,uniform,service_sigma_0.2,random,111,627,20387495,133.4651978028339,198.14521528585192
1,3,5,2,uniform,service_sigma_0.2,random,112,2640,20387495,145.14118074377762,231.87124089072168
1,3,5,2,uniform,service_sigma_0.2,random,113,280,20387495,116.67813222532189,158.34152074262352
1,3,5,2,uniform,service_sigma_0.2,random,114,922,20387495,148.4169265135394,201.6729659857913
1,3,5,2,uniform,service_sigma_0.2,random,115,2972,20387495,139.0424398299741,148.9728698113942
1,3,5,2,uniform,service_sigma_0.2,random,116,227,20387495,132.94687274653054,178.04897391976144
1,3,5,2,uniform,service_sigma_0.2,random,117,2273,20387495,151.5003786971758,179.5747250184833
1,3,5,2,uniform,service_sigma_0.2,random,118,2968,20387495,130.50027391188257,134.92670730519427
1,3,5,2,uniform,service_sigma_0.2,random,119,1706,20387495,128.5061266808249,194.6738300945882
1,3,5,2,uniform,service_sigma_0.2,random,120,2832,20387495,151.49461405001756,167.3749392184603
1,3,5,2,uniform,service_sigma_0.2,random,121,2160,20387495,138.6457361252878,207.4855859758207
1,3,5,2,uniform,service_sigma_0.2,random,122,6,20387495,145.22410792163166,194.3715997928319
1,3,5,2,uniform,service_sigma_0.2,random,123,131,20387495,121.73001262032412,216.8349064922439
1,3,5,2,uniform,service_sigma_0.2,random,124,2170,20387495,116.66876428612974,197.25476614775866
1,3,5,2,uniform,service_sigma_0.2,random,125,2144,20387495,149.63466917217664,198.3929656707765
1,3,5,2,uniform,service_sigma_0.2,random,126,1644,20387495,138.27149981602355,205.56445392413707
1,3,5,2,uniform,service_sigma_0.2,random,127,2369,20387495,126.85532933941272,185.04110252624287
1,3,5,2,uniform,service_sigma_0.2,random,128,102,20387495,126.3982269491942,179.4298762591067
1,3,5,2,uniform,service_sigma_0.2,random,129,2571,20387495,121.00410501524154,145.22339015696775
1,3,5,2,uniform,service_sigma_0.2,random,130,11,20387495,144.92546626960225,220.2775230088632
1,3,5,2,uniform,service_sigma_0.2,random,131,929,20387495,119.62313348929783,170.5671642386543
1,3,5,2,uniform,service_sigma_0.2,random,132,2136,20387495,165.93773199019728,244.82149617179005
1,3,5,2,uniform,service_sigma_0.2,random,133,2617,20387495,170.69244776049308,259.4224701908086
1,3,5,2,uniform,service_sigma_0.2,random,134,2790,20387495,126.7141073220514,179.2002457410743
1,3,5,2,uniform,service_sigma_0.2,random,135,1148,20387495,111.85154889162081,156.73968994129137
1,3,5,2,uniform,service_sigma_0.2,random,136,1165,20387495,166.15051769062498,232.92999640749795
1,3,5,2,uniform,service_sigma_0.2,random,137,837,20387495,152.92393314788856,220.89059122403117
1,3,5,2,uniform,service_sigma_0.2,random,138,552,20387495,155.7533123040676,217.92840949989088
1,3,5,2,uniform,service_sigma_0.2,random,139,959,20387495,126.88459050296497,221.08909371942318
1,3,5,2,uniform,service_sigma_0.2,random,140,1842,20387495,139.3989949661881,207.66472175606765
1,3,5,2,uniform,service_sigma_0.2,random,141,1828,20387495,180.10800300855297,265.4240095533664
1,3,5,2,uniform,service_sigma_0.2,random,142,569,20387495,114.15032205754618,144.25557875841295
1,3,5,2,uniform,service_sigma_0.2,random,143,1730,20387495,134.40794134693903,198.2841171371775
1,3,5,2,uniform,service_sigma_0.2,random,144,2142,20387495,157.47732056737735,204.86805117703904
1,3,5,2,uniform,service_sigma_0.2,random,145,778,20387495,121.53901213595212,151.10205586437874
1,3,5,2,uniform,service_sigma_0.2,random,146,769,20387495,155.56669373859097,210.84229163852575
1,3,5,2,uniform,service_sigma_0.2,random,147,950,20387495,150.12457966701032,204.14046977709054
1,3,5,2,uniform,service_sigma_0.2,random,148,2036,20387495,146.26746826353803,207.6200861751668
1,3,5,2,uniform,service_sigma_0.2,random,149,1632,20387495,158.55873193231747,207.40730816584482
1,3,5,2,uniform,service_sigma_0.2,random,150,2467,20387495,135.33091633393192,172.0872212563529
1,3,5,2,uniform,service_sigma_0.2,random,151,2330,20387495,129.66671693369878,172.03296645329692
1,3,5,2,uniform,service_sigma_0.2,random,152,1181,20387495,129.31463623162406,184.23691908245218
1,3,5,2,uniform,service_sigma_0.2,random,153,1925,20387495,175.53035030722245,220.5932288430799
1,3,5,2,uniform,service_sigma_0.2,random,154,111,20387495,148.0431611428302,197.49392517934385
1,3,5,2,uniform,service_sigma_0.2,random,155,1988,20387495,134.1729882338638,235.5489160961194
1,3,5,2,uniform,service_sigma_0.2,random,156,1943,20387495,105.09055142174505,183.10355009775665
1,3,5,2,uniform,service_sigma_0.2,random,157,2319,20387495,145.0632861226492,173.17322366177368
1,3,5,2,uniform,service_sigma_0.2,random,158,456,20387495,120.47232180247164,165.8693667558573
1,3,5,2,uniform,service_sigma_0.2,random,159,361,20387495,126.32971635074048,175.6971378527229
1,3,5,2,uniform,service_sigma_0.2,random,160,1445,20387495,144.0917592401595,178.4236534770435
1,3,5,2,uniform,service_sigma_0.2,random,161,2034,20387495,138.2354298900099,233.6278227974594
1,3,5,2,uniform,service_sigma_0.2,random,162,2344,20387495,137.6470543046737,181.7369097951058
1,3,5,2,uniform,service_sigma_0.2,random,163,1945,20387495,135.26628022052884,144.5366689217829
1,3,5,2,uniform,service_sigma_0.2,random,164,724,20387495,124.51722990532716,130.66071260409547
1,3,5,2,uniform,service_sigma_0.2,random,165,5,20387495,141.75390090230073,216.66842637880316
1,3,5,2,uniform,service_sigma_0.2,random,166,945,20387495,190.8871543842147,222.10721731279747
1,3,5,2,uniform,service_sigma_0.2,random,167,2764,20387495,140.53241143453153,237.0280376936176
1,3,5,2,uniform,service_sigma_0.2,random,168,2262,20387495,146.29155194831276,192.10679216039088
1,3,5,2,uniform,service_sigma_0.2,random,169,1328,20387495,163.9437872731258,220.33069900180317
1,3,5,2,uniform,service_sigma_0.2,random,170,2885,20387495,111.28624520345815,172.52672011481735
1,3,5,2,uniform,service_sigma_0.2,random,171,1802,20387495,132.24381137830582,191.93002351867787
1,3,5,2,uniform,service_sigma_0.2,random,172,546,20387495,102.35271265604483,115.75223382518926
1,3,5,2,uniform,service_sigma_0.2,random,173,61,20387495,147.60494655598154,178.8442555628956
1,3,5,2,uniform,service_sigma_0.2,random,174,2196,20387495,158.39485844802903,246.43285836955243
1,3,5,2,uniform,service_sigma_0.2,random,175,832,20387495,124.72039593089906,197.6640691901708
1,3,5,2,uniform,service_sigma_0.2,random,176,1039,20387495,138.29816693457258,189.57163417200834
1,3,5,2,uniform,service_sigma_0.2,random,177,1757,20387495,158.9960778067836,219.53675249206648
1,3,5,2,uniform,service_sigma_0.2,random,178,2351,20387495,105.26600707151131,147.8761928454002
1,3,5,2,uniform,service_sigma_0.2,random,179,384,20387495,117.86139247172173,141.05086849168782
1,3,5,2,uniform,service_sigma_0.2,random,180,2221,20387495,133.19225180228722,188.67078923638806
1,3,5,2,uniform,service_sigma_0.2,random,181,116,20387495,154.74472498625704,242.89303485238167
1,3,5,2,uniform,service_sigma_0.2,random,182,730,20387495,195.19934417480067,216.8609857884713
1,3,5,2,uniform,service_sigma_0.2,random,183,1650,20387495,119.61987033487218,169.1138204787402
1,3,5,2,uniform,service_sigma_0.2,random,184,2777,20387495,143.30964854912455,190.68032686743715
1,3,5,2,uniform,service_sigma_0.2,random,185,2975,20387495,165.0932883474783,230.75881943925484
1,3,5,2,uniform,service_sigma_0.2,random,186,503,20387495,136.8304886833549,170.48866092606957
1,3,5,2,uniform,service_sigma_0.2,random,187,1133,20387495,152.41594534776706,182.7758931289104
1,3,5,2,uniform,service_sigma_0.2,random,188,879,20387495,106.31790685981122,160.8971777641155
1,3,5,2,uniform,service_sigma_0.2,random,189,976,20387495,121.8594477919373,156.76168372419716
1,3,5,2,uniform,service_sigma_0.2,random,190,2655,20387495,134.96288051573822,213.2077928349773
1,3,5,2,uniform,service_sigma_0.2,random,191,2081,20387495,119.30520768553701,144.884318852153
1,3,5,2,uniform,service_sigma_0.2,random,192,1626,20387495,147.3932010388201,208.9463754043921
1,3,5,2,uniform,service_sigma_0.2,random,193,947,20387495,171.6829205994158,209.88931283245566
1,3,5,2,uniform,service_sigma_0.2,random,194,2422,20387495,139.31844439838994,215.42046910966286
1,3,5,2,uniform,service_sigma_0.2,random,195,330,20387495,131.84412123645964,197.67248881171452
1,3,5,2,uniform,service_sigma_0.2,random,196,2716,20387495,121.90789057695774,164.2059966668359
1,3,5,2,uniform,service_sigma_0.2,random,197,662,20387495,116.24702154089196,161.15164318620722
1,3,5,2,uniform,service_sigma_0.2,random,198,2616,20387495,163.69793214172836,235.16569632317464
1,3,5,2,uniform,service_sigma_0.2,random,199,2790,20387495,128.25822842295156,181.62776356425147
1,3,5,2,uniform,service_sigma_0.2,HC_HI,0,1765,20387495,130.6309396112788,149.00301035193647
1,3,5,2,uniform,service_sigma_0.2,HC_HI,1,1357,20387495,125.15572962706212,179.64285219874373
1,3,5,2,uniform,service_sigma_0.2,HC_HI,2,2259,20387495,144.9210880242109,194.8423135327766
1,3,5,2,uniform,service_sigma_0.2,HC_HI,3,1947,20387495,159.61960152951087,202.5305345213116
1,3,5,2,uniform,service_sigma_0.2,HC_HI,4,703,20387495,141.3111624759616,219.28245376987104
1,3,5,2,uniform,service_sigma_0.2,HC_HI,5,893,20387495,124.36960382195997,193.45331881356483
1,3,5,2,uniform,service_sigma_0.2,HC_HI,6,1379,20387495,135.9808135877353,185.74514329477643
1,3,5,2,uniform,service_sigma_0.2,HC_HI,7,2168,20387495,163.27686609817547,238.31855825994745
1,3,5,2,uniform,service_sigma_0.2,HC_HI,8,2704,20387495,155.961084964685,209.33117113783268
1,3,5,2,uniform,service_sigma_0.2,HC_HI,9,231,20387495,152.9068769026564,202.5842667906826
1,3,5,2,uniform,service_sigma_0.2,HC_HI,10,796,20387495,141.01422150559065,195.29002414292447
1,3,5,2,uniform,service_sigma_0.2,HC_HI,11,631,20387495,166.08924099251004,235.8787270877196
1,3,5,2,uniform,service_sigma_0.2,HC_HI,12,2416,20387495,174.16315772243252,251.79274114667686
1,3,5,2,uniform,service_sigma_0.2,HC_HI,13,1702,20387495,148.378525372716,201.84678873758273
1,3,5,2,uniform,service_sigma_0.2,HC_HI,14,910,20387495,150.990871009234,197.8459004643509
1,3,5,2,uniform,service_sigma_0.2,HC_HI,15,73,20387495,131.49492828657716,233.107099556302
1,3,5,2,uniform,service_sigma_0.2,HC_HI,16,1379,20387495,132.83367612176917,166.35273903573565
1,3,5,2,uniform,service_sigma_0.2,HC_HI,17,1722,20387495,152.3731104969381,217.75609804430508
1,3,5,2,uniform,service_sigma_0.2,HC_HI,18,1171,20387495,161.00721341717616,224.8078055930614
1,3,5,2,uniform,service_sigma_0.2,HC_HI,19,463,20387495,149.1230051756783,173.89935842339085
1,3,5,2,uniform,service_sigma_0.2,HC_HI,20,29,20387495,145.61958053898923,207.32297002772532
1,3,5,2,uniform,service_sigma_0.2,HC_HI,21,252,20387495,133.07605177279927,184.3444472505108
1,3,5,2,uniform,service_sigma_0.2,HC_HI,22,1015,20387495,165.87109070770168,243.9057806750221
1,3,5,2,uniform,service_sigma_0.2,HC_HI,23,2335,20387495,128.9036530847264,184.088081970122
1,3,5,2,uniform,service_sigma_0.2,HC_HI,24,523,20387495,119.88135453462262,150.9216940272507
1,3,5,2,uniform,service_sigma_0.2,HC_HI,25,252,20387495,120.81233058403176,166.3085259230146
1,3,5,2,uniform,service_sigma_0.2,HC_HI,26,1605,20387495,128.04413279696635,183.4207903064081
1,3,5,2,uniform,service_sigma_0.2,HC_HI,27,1486,20387495,149.6591220325352,201.8132086298158
1,3,5,2,uniform,service_sigma_0.2,HC_HI,28,415,20387495,147.72030789719355,250.10616401843453
1,3,5,2,uniform,service_sigma_0.2,HC_HI,29,1269,20387495,135.97030130133845,178.3670902511424
1,3,5,2,uniform,service_sigma_0.2,HC_HI,30,64,20387495,124.53189600014468,169.14299752094368
1,3,5,2,uniform,service_sigma_0.2,HC_HI,31,2087,20387495,154.3676170656603,221.59690872802503
1,3,5,2,uniform,service_sigma_0.2,HC_HI,32,31,20387495,120.29041443952063,163.69452543739567
1,3,5,2,uniform,service_sigma_0.2,HC_HI,33,2791,20387495,152.17233995974547,213.85630041939137
1,3,5,2,uniform,service_sigma_0.2,HC_HI,34,363,20387495,127.2392218324238,155.56606716750446
1,3,5,2,uniform,service_sigma_0.2,HC_HI,35,2341,20387495,144.9968443942062,163.93948503411613
1,3,5,2,uniform,service_sigma_0.2,HC_HI,36,298,20387495,146.33697443295225,270.21227193894214
1,3,5,2,uniform,service_sigma_0.2,HC_HI,37,2218,20387495,125.93283846645936,211.88181333194348
1,3,5,2,uniform,service_sigma_0.2,HC_HI,38,1702,20387495,147.7028296836611,188.89770569040118
1,3,5,2,uniform,service_sigma_0.2,HC_HI,39,2748,20387495,158.11524936094816,221.8004022574743
1,3,5,2,uniform,service_sigma_0.2,HC_HI,40,1000,20387495,181.6045938961139,201.62547399214267
1,3,5,2,uniform,service_sigma_0.2,HC_HI,41,1445,20387495,146.33264132075232,165.36905629053916
1,3,5,2,uniform,service_sigma_0.2,HC_HI,42,2341,20387495,121.5441961372259,223.4880698416747
1,3,5,2,uniform,service_sigma_0.2,HC_HI,43,2235,20387495,125.33056800858614,174.53879685680582
1,3,5,2,uniform,service_sigma_0.2,HC_HI,44,2749,20387495,161.60673278547728,233.05374735528352
1,3,5,2,uniform,service_sigma_0.2,HC_HI,45,1635,20387495,135.76456219043325,175.06303331879363
1,3,5,2,uniform,service_sigma_0.2,HC_HI,46,2762,20387495,156.41623130674267,185.32270854526706
1,3,5,2,uniform,service_sigma_0.2,HC_HI,47,1630,20387495,161.35517951926724,189.6184164081842
1,3,5,2,uniform,service_sigma_0.2,HC_HI,48,2416,20387495,173.31134493873333,256.1407756518101
1,3,5,2,uniform,service_sigma_0.2,HC_HI,49,2186,20387495,165.31490810342865,205.63378220697368
1,3,5,2,uniform,service_sigma_0.2,HC_HI,50,64,20387495,117.25483992038832,139.508726246464
1,3,5,2,uniform,service_sigma_0.2,HC_HI,51,2092,20387495,133.70668045287542,202.3455502972244
1,3,5,2,uniform,service_sigma_0.2,HC_HI,52,368,20387495,148.04814643622024,227.4093143241368
1,3,5,2,uniform,service_sigma_0.2,HC_HI,53,1186,20387495,127.6321084490786,213.14692520830167
1,3,5,2,uniform,service_sigma_0.2,HC_HI,54,2225,20387495,131.12750094597328,178.17049617861386
1,3,5,2,uniform,service_sigma_0.2,HC_HI,55,1456,20387495,139.880859360531,200.01678415066274
1,3,5,2,uniform,service_sigma_0.2,HC_HI,56,2214,20387495,157.1306501597138,239.11013133845648
1,3,5,2,uniform,service_sigma_0.2,HC_HI,57,1989,20387495,136.1697537449755,224.9354930327129
1,3,5,2,uniform,service_sigma_0.2,HC_HI,58,631,20387495,159.74659770064,226.06189810779074
1,3,5,2,uniform,service_sigma_0.2,HC_HI,59,626,20387495,164.92833194599964,201.23007481781514
1,3,5,2,uniform,service_sigma_0.2,HC_HI,60,1223,20387495,127.97226034107143,196.95843693886766
1,3,5,2,uniform,service_sigma_0.2,HC_HI,61,935,20387495,174.14046698543916,195.86336881051744
1,3,5,2,uniform,service_sigma_0.2,HC_HI,62,1581,20387495,130.7667405942243,225.682566881377
1,3,5,2,uniform,service_sigma_0.2,HC_HI,63,1269,20387495,147.4433970450925,173.80357941454952
1,3,5,2,uniform,service_sigma_0.2,HC_HI,64,935,20387495,173.29894424467696,225.2925415188661
1,3,5,2,uniform,service_sigma_0.2,HC_HI,65,2977,20387495,161.06108529731236,191.53593744423137
1,3,5,2,uniform,service_sigma_0.2,HC_HI,66,202,20387495,160.9753375594674,220.89275622828927
1,3,5,2,uniform,service_sigma_0.2,HC_HI,67,252,20387495,132.3630190849083,162.65617421841907
1,3,5,2,uniform,service_sigma_0.2,HC_HI,68,1901,20387495,138.59464398434002,206.01353184014658
1,3,5,2,uniform,service_sigma_0.2,HC_HI,69,104,20387495,188.06480567214967,207.74226873834948
1,3,5,2,uniform,service_sigma_0.2,HC_HI,70,291,20387495,137.09792869685512,203.66566166448158
1,3,5,2,uniform,service_sigma_0.2,HC_HI,71,1223,20387495,116.0234475764062,175.7010952746086
1,3,5,2,uniform,service_sigma_0.2,HC_HI,72,1630,20387495,150.9453021466253,192.29521053812985
1,3,5,2,uniform,service_sigma_0.2,HC_HI,73,31,20387495,117.83687587388802,156.52927143291407
1,3,5,2,uniform,service_sigma_0.2,HC_HI,74,1134,20387495,134.80199538584768,154.8054446045163
1,3,5,2,uniform,service_sigma_0.2,HC_HI,75,1173,20387495,162.02612907545705,203.37967893417513
1,3,5,2,uniform,service_sigma_0.2,HC_HI,76,1635,20387495,120.43969923335565,172.64404296701542
1,3,5,2,uniform,service_sigma_0.2,HC_HI,77,1758,20387495,171.61193035165644,223.6288062783685
1,3,5,2,uniform,service_sigma_0.2,HC_HI,78,1810,20387495,160.38875514334813,224.4255500273674
1,3,5,2,uniform,service_sigma_0.2,HC_HI,79,2850,20387495,155.09264405788667,237.81802914904904
1,3,5,2,uniform,service_sigma_0.2,HC_HI,80,489,20387495,132.78867232386153,189.76900642838262
1,3,5,2,uniform,service_sigma_0.2,HC_HI,81,2018,20387495,157.31673935720252,267.5044911983714
1,3,5,2,uniform,service_sigma_0.2,HC_HI,82,893,20387495,146.3475924485368,226.1397762104493
1,3,5,2,uniform,service_sigma_0.2,HC_HI,83,1860,20387495,156.40661532212215,212.90688499016733
1,3,5,2,uniform,service_sigma_0.2,HC_HI,84,1860,20387495,166.5359752533923,206.14008225866527
1,3,5,2,uniform,service_sigma_0.2,HC_HI,85,1947,20387495,152.40816620024893,195.52939563870333
1,3,5,2,uniform,service_sigma_0.2,HC_HI,86,472,20387495,147.3656648849336,211.05664343129075
1,3,5,2,uniform,service_sigma_0.2,HC_HI,87,910,20387495,144.67682074482676,210.64159332523377
1,3,5,2,uniform,service_sigma_0.2,HC_HI,88,2087,20387495,135.93061416474157,213.96651214506923
1,3,5,2,uniform,service_sigma_0.2,HC_HI,89,1722,20387495,150.87957657081125,218.2255896060583
1,3,5,2,uniform,service_sigma_0.2,HC_HI,90,1019,20387495,116.48955382830287,181.99880221816963
1,3,5,2,uniform,service_sigma_0.2,HC_HI,91,1206,20387495,141.32753164352727,187.19218860563848
1,3,5,2,uniform,service_sigma_0.2,HC_HI,92,458,20387495,144.97068930806697,211.7361359213833
1,3,5,2,uniform,service_sigma_0.2,HC_HI,93,1794,20387495,123.92317552516134,169.08598994299234
1,3,5,2,uniform,service_sigma_0.2,HC_HI,94,2079,20387495,135.0662314578441,188.48596055493482
1,3,5,2,uniform,service_sigma_0.2,HC_HI,95,1860,20387495,147.55745413759826,216.36591948546788
1,3,5,2,uniform,service_sigma_0.2,HC_HI,96,2402,20387495,129.12030506302915,189.6389236931655
1,3,5,2,uniform,service_sigma_0.2,HC_HI,97,1206,20387495,134.1315246954045,216.51599993580794
1,3,5,2,uniform,service_sigma_0.2,HC_HI,98,2977,20387495,147.2370626890219,174.34022112339488
1,3,5,2,uniform,service_sigma_0.2,HC_HI,99,104,20387495,169.10179945216652,219.43387054197277
1,3,5,2,uniform,service_sigma_0.2,HC_HI,100,2114,20387495,143.3928908432903,212.2241941117371
1,3,5,2,uniform,service_sigma_0.2,HC_HI,101,324,20387495,141.51623357288852,217.0308903393407
1,3,5,2,uniform,service_sigma_0.2,HC_HI,102,2822,20387495,158.90347149630492,225.7646199687767
1,3,5,2,uniform,service_sigma_0.2,HC_HI,103,2924,20387495,150.57737542151906,218.6299742994953
1,3,5,2,uniform,service_sigma_0.2,HC_HI,104,887,20387495,134.0286997690499,186.78202175444466
1,3,5,2,uniform,service_sigma_0.2,HC_HI,105,1398,20387495,126.38769249294663,218.68405786704096
1,3,5,2,uniform,service_sigma_0.2,HC_HI,106,930,20387495,102.293707959787,197.39898796984795
1,3,5,2,uniform,service_sigma_0.2,HC_HI,107,2018,20387495,155.58442915151488,222.9361439989973
1,3,5,2,uniform,service_sigma_0.2,HC_HI,108,2018,20387495,142.64409819715556,270.7982613729304
1,3,5,2,uniform,service_sigma_0.2,HC_HI,109,1504,20387495,156.05194895530445,224.60049475297453
1,3,5,2,uniform,service_sigma_0.2,HC_HI,110,2124,20387495,131.31459752555827,239.75956821643524
1,3,5,2,uniform,service_sigma_0.2,HC_HI,111,1173,20387495,158.2787521857717,201.73610631670027
1,3,5,2,uniform,service_sigma_0.2,HC_HI,112,240,20387495,150.7937717341289,199.3527547087804
1,3,5,2,uniform,service_sigma_0.2,HC_HI,113,252,20387495,119.60327622515557,203.73800895201683
1,3,5,2,uniform,service_sigma_0.2,HC_HI,114,1134,20387495,139.42438301820542,153.96743383574292
1,3,5,2,uniform,service_sigma_0.2,HC_HI,115,604,20387495,146.8439818770517,170.80650867261647
1,3,5,2,uniform,service_sigma_0.2,HC_HI,116,1206,20387495,139.99052665657453,220.69646183525123
1,3,5,2,uniform,service_sigma_0.2,HC_HI,117,416,20387495,138.00736011227184,191.1878431334115
1,3,5,2,uniform,service_sigma_0.2,HC_HI,118,1366,20387495,110.01013536792209,186.66112812797905
1,3,5,2,uniform,service_sigma_0.2,HC_HI,119,2704,20387495,165.69276938588462,223.127935606045
1,3,5,2,uniform,service_sigma_0.2,HC_HI,120,73,20387495,147.87049844342312,219.31702791846715
1,3,5,2,uniform,service_sigma_0.2,HC_HI,121,374,20387495,108.44426798594944,149.39936019583646
1,3,5,2,uniform,service_sigma_0.2,HC_HI,122,201,20387495,121.30848588732266,181.02041052420813
1,3,5,2,uniform,service_sigma_0.2,HC_HI,123,2114,20387495,146.7580669903854,209.7858667467837
1,3,5,2,uniform,service_sigma_0.2,HC_HI,124,104,20387495,192.18903098622712,217.56807212599855
1,3,5,2,uniform,service_sigma_0.2,HC_HI,125,2303,20387495,175.09751333194936,271.4779136628028
1,3,5,2,uniform,service_sigma_0.2,HC_HI,126,1223,20387495,149.45457133978047,177.64302280539167
1,3,5,2,uniform,service_sigma_0.2,HC_HI,127,228,20387495,167.96340372391646,218.2436845351161
1,3,5,2,uniform,service_sigma_0.2,HC_HI,128,2049,20387495,159.63869240528598,206.83301835499216
1,3,5,2,uniform,service_sigma_0.2,HC_HI,129,1172,20387495,108.07165917280673,183.88553752015906
1,3,5,2,uniform,service_sigma_0.2,HC_HI,130,1780,20387495,126.63667611435905,207.12159619084272
1,3,5,2,uniform,service_sigma_0.2,HC_HI,131,2087,20387495,154.5169404055441,226.36325407960587
1,3,5,2,uniform,service_sigma_0.2,HC_HI,132,2402,20387495,149.8904236550722,200.36046884125244
1,3,5,2,uniform,service_sigma_0.2,HC_HI,133,1605,20387495,133.96249858946246,176.4380114256737
1,3,5,2,uniform,service_sigma_0.2,HC_HI,134,857,20387495,144.34784852533065,247.36685021602435
1,3,5,2,uniform,service_sigma_0.2,HC_HI,135,2186,20387495,159.98424863325076,211.18069395770476
1,3,5,2,uniform,service_sigma_0.2,HC_HI,136,2704,20387495,151.7675792670978,229.72769459909506
1,3,5,2,uniform,service_sigma_0.2,HC_HI,137,1225,20387495,124.80978597593995,173.69614447772906
1,3,5,2,uniform,service_sigma_0.2,HC_HI,138,1134,20387495,141.48808247206244,154.30073288001265
1,3,5,2,uniform,service_sigma_0.2,HC_HI,139,2239,20387495,162.77013334125468,252.15976891924493
1,3,5,2,uniform,service_sigma_0.2,HC_HI,140,268,20387495,134.14918665521225,178.33057912859272
1,3,5,2,uniform,service_sigma_0.2,HC_HI,141,416,20387495,149.61908084670534,180.70310524101933
1,3,5,2,uniform,service_sigma_0.2,HC_HI,142,833,20387495,133.5869172330871,184.80898411532414
1,3,5,2,uniform,service_sigma_0.2,HC_HI,143,2714,20387495,151.47231151193333,197.83965006828572
1,3,5,2,uniform,service_sigma_0.2,HC_HI,144,2748,20387495,143.61916135270764,240.76577736201227
1,3,5,2,uniform,service_sigma_0.2,HC_HI,145,370,20387495,148.2195523033985,234.1177575764141
1,3,5,2,uniform,service_sigma_0.2,HC_HI,146,604,20387495,133.32007240246588,182.51701618248933
1,3,5,2,uniform,service_sigma_0.2,HC_HI,147,489,20387495,148.51373926726396,204.23100258966923
1,3,5,2,uniform,service_sigma_0.2,HC_HI,148,342,20387495,160.53889414623433,219.7536960409128
1,3,5,2,uniform,service_sigma_0.2,HC_HI,149,1147,20387495,161.9952187127044,180.78161430634054
1,3,5,2,uniform,service_sigma_0.2,HC_HI,150,2087,20387495,137.9576627314582,220.32646419773673
1,3,5,2,uniform,service_sigma_0.2,HC_HI,151,324,20387495,145.24915033510825,224.09980202813512
1,3,5,2,uniform,service_sigma_0.2,HC_HI,152,268,20387495,153.74345765843063,185.16407507171164
1,3,5,2,uniform,service_sigma_0.2,HC_HI,153,2822,20387495,154.9488018123594,231.63408557899385
1,3,5,2,uniform,service_sigma_0.2,HC_HI,154,231,20387495,156.8015350031534,202.19097374373888
1,3,5,2,uniform,service_sigma_0.2,HC_HI,155,218,20387495,146.35534806428834,232.52340553378545
1,3,5,2,uniform,service_sigma_0.2,HC_HI,156,29,20387495,157.0805857749063,179.79176859561602
1,3,5,2,uniform,service_sigma_0.2,HC_HI,157,88,20387495,147.70384928713617,207.49774959357498
1,3,5,2,uniform,service_sigma_0.2,HC_HI,158,2402,20387495,154.76012025645176,189.09214270088353
1,3,5,2,uniform,service_sigma_0.2,HC_HI,159,604,20387495,119.3148459011422,185.9015344799807
1,3,5,2,uniform,service_sigma_0.2,HC_HI,160,1585,20387495,118.61332531908845,164.2083291968743
1,3,5,2,uniform,service_sigma_0.2,HC_HI,161,1630,20387495,159.59882054261175,185.44906080919694
1,3,5,2,uniform,service_sigma_0.2,HC_HI,162,321,20387495,140.72371327617864,187.84042907164203
1,3,5,2,uniform,service_sigma_0.2,HC_HI,163,496,20387495,116.55691005679039,215.36707822159843
1,3,5,2,uniform,service_sigma_0.2,HC_HI,164,228,20387495,174.28815387264817,208.90884696822732
1,3,5,2,uniform,service_sigma_0.2,HC_HI,165,240,20387495,132.5893577741287,194.90607388580568
1,3,5,2,uniform,service_sigma_0.2,HC_HI,166,730,20387495,193.04986003892722,238.32403487223323
1,3,5,2,uniform,service_sigma_0.2,HC_HI,167,1860,20387495,155.16823733094455,211.69521192270014
1,3,5,2,uniform,service_sigma_0.2,HC_HI,168,2591,20387495,113.99019587768142,172.4345995688562
1,3,5,2,uniform,service_sigma_0.2,HC_HI,169,1352,20387495,180.05272632904,234.50813466051738
1,3,5,2,uniform,service_sigma_0.2,HC_HI,170,691,20387495,134.64084666320562,217.5880241640631
1,3,5,2,uniform,service_sigma_0.2,HC_HI,171,1780,20387495,122.33239917134696,194.11314219574228
1,3,5,2,uniform,service_sigma_0.2,HC_HI,172,930,20387495,114.0532032408474,197.96495460825398
1,3,5,2,uniform,service_sigma_0.2,HC_HI,173,1010,20387495,132.50905777299735,168.92473829724943
1,3,5,2,uniform,service_sigma_0.2,HC_HI,174,1919,20387495,147.50859582901228,242.7055559249576
1,3,5,2,uniform,service_sigma_0.2,HC_HI,175,1530,20387495,134.07401410229676,189.23479061283996
1,3,5,2,uniform,service_sigma_0.2,HC_HI,176,703,20387495,132.96953990432993,187.65595031326907
1,3,5,2,uniform,service_sigma_0.2,HC_HI,177,2335,20387495,136.58282791799724,190.22783641386428
1,3,5,2,uniform,service_sigma_0.2,HC_HI,178,268,20387495,135.12066657954497,190.15695499709653
1,3,5,2,uniform,service_sigma_0.2,HC_HI,179,342,20387495,161.03495710081611,245.73736298231506
1,3,5,2,uniform,service_sigma_0.2,HC_HI,180,2168,20387495,162.06312225117915,239.4305836558825
1,3,5,2,uniform,service_sigma_0.2,HC_HI,181,1794,20387495,122.86361303900958,192.31849110656006
1,3,5,2,uniform,service_sigma_0.2,HC_HI,182,1679,20387495,142.18588341244356,178.9185451525676
1,3,5,2,uniform,service_sigma_0.2,HC_HI,183,2225,20387495,126.21367134697148,209.0278135416489
1,3,5,2,uniform,service_sigma_0.2,HC_HI,184,887,20387495,136.39747021812948,171.3073086636938
1,3,5,2,uniform,service_sigma_0.2,HC_HI,185,2822,20387495,160.4615087792839,245.9899297548763
1,3,5,2,uniform,service_sigma_0.2,HC_HI,186,887,20387495,141.74347538214107,182.54249013503178
1,3,5,2,uniform,service_sigma_0.2,HC_HI,187,2240,20387495,134.70983766629521,172.21964407118284
1,3,5,2,uniform,service_sigma_0.2,HC_HI,188,1606,20387495,105.9925309642027,147.24655328320466
1,3,5,2,uniform,service_sigma_0.2,HC_HI,189,1649,20387495,103.2539030523475,221.17719170250905
1,3,5,2,uniform,service_sigma_0.2,HC_HI,190,1172,20387495,111.82115565759781,186.05676174449778
1,3,5,2,uniform,service_sigma_0.2,HC_HI,191,2347,20387495,150.47686982881558,161.28008335518777
1,3,5,2,uniform,service_sigma_0.2,HC_HI,192,1379,20387495,134.7036824770589,183.46197090112273
1,3,5,2,uniform,service_sigma_0.2,HC_HI,193,2791,20387495,144.4061214498144,245.14095226930627
1,3,5,2,uniform,service_sigma_0.2,HC_HI,194,1581,20387495,130.88690330474893,225.32414571807513
1,3,5,2,uniform,service_sigma_0.2,HC_HI,195,416,20387495,142.35590397804708,165.22285042342952
1,3,5,2,uniform,service_sigma_0.2,HC_HI,196,1630,20387495,159.6556315231946,177.69772908002508
1,3,5,2,uniform,service_sigma_0.2,HC_HI,197,2875,20387495,133.3832998303629,221.89832506293183
1,3,5,2,uniform,service_sigma_0.2,HC_HI,198,2239,20387495,159.3308777253382,259.8768335771828
1,3,5,2,uniform,service_sigma_0.2,HC_HI,199,2218,20387495,141.57539546583183,199.03458805667822
1,3,5,2,uniform,service_sigma_0.2,HC_LI,0,2384,20387495,133.36011371095532,206.87749372942943
1,3,5,2,uniform,service_sigma_0.2,HC_LI,1,558,20387495,127.91374217125677,172.43125251661877
1,3,5,2,uniform,service_sigma_0.2,HC_LI,2,2842,20387495,137.72527324773682,174.08284574928624
1,3,5,2,uniform,service_sigma_0.2,HC_LI,3,2974,20387495,142.86814911107732,181.98718380227467
1,3,5,2,uniform,service_sigma_0.2,HC_LI,4,1613,20387495,140.98210633602832,155.1388296903365
1,3,5,2,uniform,service_sigma_0.2,HC_LI,5,1350,20387495,141.31875973345828,185.48478692697898
1,3,5,2,uniform,service_sigma_0.2,HC_LI,6,148,20387495,123.59288240364539,202.46554819356257
1,3,5,2,uniform,service_sigma_0.2,HC_LI,7,1965,20387495,159.15139706529328,274.9981465235945
1,3,5,2,uniform,service_sigma_0.2,HC_LI,8,2698,20387495,178.20979530372077,195.43313550498382
1,3,5,2,uniform,service_sigma_0.2,HC_LI,9,1571,20387495,163.1269426065217,197.37276807552698
1,3,5,2,uniform,service_sigma_0.2,HC_LI,10,226,20387495,104.54782179693859,140.79921289991398
1,3,5,2,uniform,service_sigma_0.2,HC_LI,11,1567,20387495,136.02759772418156,250.10316503408575
1,3,5,2,uniform,service_sigma_0.2,HC_LI,12,1820,20387495,122.82545577783776,161.64557914779493
1,3,5,2,uniform,service_sigma_0.2,HC_LI,13,352,20387495,161.9858559710875,212.04887242210916
1,3,5,2,uniform,service_sigma_0.2,HC_LI,14,209,20387495,145.37526131796162,180.29086860198709
1,3,5,2,uniform,service_sigma_0.2,HC_LI,15,2676,20387495,105.94683048091355,160.85813500801865
1,3,5,2,uniform,service_sigma_0.2,HC_LI,16,337,20387495,164.37457082365142,243.46135105120544
1,3,5,2,uniform,service_sigma_0.2,HC_LI,17,821,20387495,149.4121815770986,164.80513660339753
1,3,5,2,uniform,service_sigma_0.2,HC_LI,18,1350,20387495,109.01175763005409,158.93014706323902
1,3,5,2,uniform,service_sigma_0.2,HC_LI,19,2442,20387495,131.36955453013178,251.4045803891566
1,3,5,2,uniform,service_sigma_0.2,HC_LI,20,2761,20387495,145.07292509008394,169.9095997871329
1,3,5,2,uniform,service_sigma_0.2,HC_LI,21,1539,20387495,124.45056911696035,194.04743756170558
1,3,5,2,uniform,service_sigma_0.2,HC_LI,22,1917,20387495,118.6168933945167,173.13495206763486
1,3,5,2,uniform,service_sigma_0.2,HC_LI,23,2504,20387495,128.07133901051765,213.99494484464893
1,3,5,2,uniform,service_sigma_0.2,HC_LI,24,1350,20387495,121.1124601915334,186.54706010101313
1,3,5,2,uniform,service_sigma_0.2,HC_LI,25,1571,20387495,161.81795921903395,169.3760944814568
1,3,5,2,uniform,service_sigma_0.2,HC_LI,26,209,20387495,140.57474022123583,188.6947459453936
1,3,5,2,uniform,service_sigma_0.2,HC_LI,27,484,20387495,155.24026948998699,218.05398655832835
1,3,5,2,uniform,service_sigma_0.2,HC_LI,28,2393,20387495,112.68911657899586,148.83005114713416
1,3,5,2,uniform,service_sigma_0.2,HC_LI,29,1567,20387495,151.008753959932,237.07683708264972
1,3,5,2,uniform,service_sigma_0.2,HC_LI,30,2286,20387495,155.78330649950453,183.2505861130527
1,3,5,2,uniform,service_sigma_0.2,HC_LI,31,769,20387495,163.77302283638684,197.56458095466323
1,3,5,2,uniform,service_sigma_0.2,HC_LI,32,1246,20387495,127.83545321844734,176.58642531845285
1,3,5,2,uniform,service_sigma_0.2,HC_LI,33,943,20387495,156.67264732171824,196.63873021546493
1,3,5,2,uniform,service_sigma_0.2,HC_LI,34,77,20387495,130.29313054357252,166.90487404916817
1,3,5,2,uniform,service_sigma_0.2,HC_LI,35,2176,20387495,196.28374441252126,239.64755675291437
1,3,5,2,uniform,service_sigma_0.2,HC_LI,36,2750,20387495,151.83527981532603,205.78686962248221
1,3,5,2,uniform,service_sigma_0.2,HC_LI,37,2522,20387495,157.45174467853695,237.37961746173747
1,3,5,2,uniform,service_sigma_0.2,HC_LI,38,2012,20387495,185.7412633565249,229.41003018315922
1,3,5,2,uniform,service_sigma_0.2,HC_LI,39,1931,20387495,118.48810127798906,195.5736051978837
1,3,5,2,uniform,service_sigma_0.2,HC_LI,40,2777,20387495,137.58776201753224,179.32959055507231
1,3,5,2,uniform,service_sigma_0.2,HC_LI,41,2546,20387495,150.2228147651854,270.3600360042391
1,3,5,2,uniform,service_sigma_0.2,HC_LI,42,593,20387495,177.26146151452252,262.175700378634
1,3,5,2,uniform,service_sigma_0.2,HC_LI,43,1246,20387495,113.75221086617253,189.85841182436835
1,3,5,2,uniform,service_sigma_0.2,HC_LI,44,226,20387495,109.78529919901457,147.04303455690692
1,3,5,2,uniform,service_sigma_0.2,HC_LI,45,578,20387495,172.58821284331293,244.17998645591666
1,3,5,2,uniform,service_sigma_0.2,HC_LI,46,800,20387495,120.07644821901256,177.5020113231127
1,3,5,2,uniform,service_sigma_0.2,HC_LI,47,593,20387495,156.27546246579567,267.48321281409727
1,3,5,2,uniform,service_sigma_0.2,HC_LI,48,2687,20387495,138.8973302784733,247.9748278212396
1,3,5,2,uniform,service_sigma_0.2,HC_LI,49,823,20387495,133.08459105538086,156.44763630660285
1,3,5,2,uniform,service_sigma_0.2,HC_LI,50,2346,20387495,186.31312161710537,172.93075816896715
1,3,5,2,uniform,service_sigma_0.2,HC_LI,51,1739,20387495,144.43028136092948,197.38321755617284
1,3,5,2,uniform,service_sigma_0.2,HC_LI,52,2712,20387495,156.39190324290706,194.9120636965862
1,3,5,2,uniform,service_sigma_0.2,HC_LI,53,1931,20387495,111.19631969899153,190.77623892516957
1,3,5,2,uniform,service_sigma_0.2,HC_LI,54,2,20387495,130.55107865057133,215.40397206642305
1,3,5,2,uniform,service_sigma_0.2,HC_LI,55,1343,20387495,126.83504874375468,140.2821018559544
1,3,5,2,uniform,service_sigma_0.2,HC_LI,56,1567,20387495,139.36592240596948,254.90837497827394
1,3,5,2,uniform,service_sigma_0.2,HC_LI,57,1256,20387495,143.9415334775145,225.7113836203912
1,3,5,2,uniform,service_sigma_0.2,HC_LI,58,704,20387495,150.195337551398,228.1856705352999
1,3,5,2,uniform,service_sigma_0.2,HC_LI,59,2891,20387495,151.78200353008324,217.32247931512427
1,3,5,2,uniform,service_sigma_0.2,HC_LI,60,2287,20387495,152.23974424813824,185.55431422644975
1,3,5,2,uniform,service_sigma_0.2,HC_LI,61,621,20387495,146.14046698543916,202.02028695136514
1,3,5,2,uniform,service_sigma_0.2,HC_LI,62,1822,20387495,120.41503267619804,205.39407143778132
1,3,5,2,uniform,service_sigma_0.2,HC_LI,63,2287,20387495,138.51271551366798,186.07219220128925
1,3,5,2,uniform,service_sigma_0.2,HC_LI,64,1822,20387495,126.09304845226455,202.10095544562438
1,3,5,2,uniform,service_sigma_0.2,HC_LI,65,1965,20387495,176.65777788648748,274.2823158373106
1,3,5,2,uniform,service_sigma_0.2,HC_LI,66,2940,20387495,140.90177554007798,244.26466352478144
1,3,5,2,uniform,service_sigma_0.2,HC_LI,67,2833,20387495,133.99713048756584,168.61091363967634
1,3,5,2,uniform,service_sigma_0.2,HC_LI,68,2034,20387495,138.0076412424495,209.48794560369015
1,3,5,2,uniform,service_sigma_0.2,HC_LI,69,2504,20387495,127.09060263188087,208.37687207837035
1,3,5,2,uniform,service_sigma_0.2,HC_LI,70,978,20387495,140.95859985237075,159.0139075141286
1,3,5,2,uniform,service_sigma_0.2,HC_LI,71,1274,20387495,121.82199328411428,193.18503771293038
1,3,5,2,uniform,service_sigma_0.2,HC_LI,72,2787,20387495,153.879327188824,224.707789785749
1,3,5,2,uniform,service_sigma_0.2,HC_LI,73,80,20387495,123.6710243270579,192.10180013281783
1,3,5,2,uniform,service_sigma_0.2,HC_LI,74,1535,20387495,134.2354770516528,152.37608207908377
1,3,5,2,uniform,service_sigma_0.2,HC_LI,75,1907,20387495,174.51273929885946,224.28661112956627
1,3,5,2,uniform,service_sigma_0.2,HC_LI,76,2833,20387495,123.03000587146887,162.50466664799447
1,3,5,2,uniform,service_sigma_0.2,HC_LI,77,77,20387495,131.69952426264564,168.33005662743372
1,3,5,2,uniform,service_sigma_0.2,HC_LI,78,1852,20387495,120.59535345015306,226.40938292215915
1,3,5,2,uniform,service_sigma_0.2,HC_LI,79,1179,20387495,162.76681979379015,273.53890314484005
1,3,5,2,uniform,service_sigma_0.2,HC_LI,80,2396,20387495,103.50224818927005,146.143756899876
1,3,5,2,uniform,service_sigma_0.2,HC_LI,81,753,20387495,140.23292573496116,149.48189370071154
1,3,5,2,uniform,service_sigma_0.2,HC_LI,82,1528,20387495,141.55754753946235,187.6090389146461
1,3,5,2,uniform,service_sigma_0.2,HC_LI,83,501,20387495,186.05286949080582,284.7832855916511
1,3,5,2,uniform,service_sigma_0.2,HC_LI,84,1401,20387495,118.80959847976476,219.92956261856938
1,3,5,2,uniform,service_sigma_0.2,HC_LI,85,2383,20387495,152.75679386485254,211.86988151287585
1,3,5,2,uniform,service_sigma_0.2,HC_LI,86,357,20387495,157.60489196510724,272.8959073551028
1,3,5,2,uniform,service_sigma_0.2,HC_LI,87,77,20387495,117.82022358877177,167.95420503618982
1,3,5,2,uniform,service_sigma_0.2,HC_LI,88,1636,20387495,175.5175448148482,234.84282556604742
1,3,5,2,uniform,service_sigma_0.2,HC_LI,89,614,20387495,134.75263098140306,190.71139227599022
1,3,5,2,uniform,service_sigma_0.2,HC_LI,90,500,20387495,146.6660919621254,191.15876501108127
1,3,5,2,uniform,service_sigma_0.2,HC_LI,91,2891,20387495,170.34716705025738,214.00459880348296
1,3,5,2,uniform,service_sigma_0.2,HC_LI,92,500,20387495,139.39935267647124,183.66901544655144
1,3,5,2,uniform,service_sigma_0.2,HC_LI,93,2985,20387495,137.38362137576348,208.45535165823568
1,3,5,2,uniform,service_sigma_0.2,HC_LI,94,1876,20387495,146.75341317929582,194.4163746138045
1,3,5,2,uniform,service_sigma_0.2,HC_LI,95,2761,20387495,146.3179980330703,155.793771533975
1,3,5,2,uniform,service_sigma_0.2,HC_LI,96,2068,20387495,117.29115646703391,160.24630040913985
1,3,5,2,uniform,service_sigma_0.2,HC_LI,97,2489,20387495,160.9549238871046,184.6303156109583
1,3,5,2,uniform,service_sigma_0.2,HC_LI,98,2466,20387495,167.39955510272188,269.04645726046954
1,3,5,2,uniform,service_sigma_0.2,HC_LI,99,1298,20387495,148.12576951553626,192.2131383878641
1,3,5,2,uniform,service_sigma_0.2,HC_LI,100,2184,20387495,173.03621251063655,256.05533497437074
1,3,5,2,uniform,service_sigma_0.2,HC_LI,101,614,20387495,128.4791569326144,196.04029363308769
1,3,5,2,uniform,service_sigma_0.2,HC_LI,102,1422,20387495,118.22580859416377,191.66092049542442
1,3,5,2,uniform,service_sigma_0.2,HC_LI,103,987,20387495,139.74504469092923,185.26926019969503
1,3,5,2,uniform,service_sigma_0.2,HC_LI,104,2985,20387495,136.6016422525084,206.04444471217082
1,3,5,2,uniform,service_sigma_0.2,HC_LI,105,578,20387495,186.39979661366618,225.5087498350677
1,3,5,2,uniform,service_sigma_0.2,HC_LI,106,2207,20387495,130.6002452002055,173.54815028037922
1,3,5,2,uniform,service_sigma_0.2,HC_LI,107,2129,20387495,109.3079529332741,179.84922978177303
1,3,5,2,uniform,service_sigma_0.2,HC_LI,108,2788,20387495,133.91642910285756,233.66048735509665
1,3,5,2,uniform,service_sigma_0.2,HC_LI,109,1298,20387495,147.89513361627584,193.39959228588785
1,3,5,2,uniform,service_sigma_0.2,HC_LI,110,788,20387495,139.94767770947794,174.6745199023018
1,3,5,2,uniform,service_sigma_0.2,HC_LI,111,480,20387495,167.1486220596059,232.53007568337807
1,3,5,2,uniform,service_sigma_0.2,HC_LI,112,2900,20387495,130.97297065853087,164.00378458930038
1,3,5,2,uniform,service_sigma_0.2,HC_LI,113,1188,20387495,155.29715249558058,195.64116403380183
1,3,5,2,uniform,service_sigma_0.2,HC_LI,114,558,20387495,118.41517967969082,172.17028353704
1,3,5,2,uniform,service_sigma_0.2,HC_LI,115,593,20387495,132.68644333128634,221.92914729170778
1,3,5,2,uniform,service_sigma_0.2,HC_LI,116,844,20387495,177.43601622482078,185.70073254791095
1,3,5,2,uniform,service_sigma_0.2,HC_LI,117,844,20387495,152.66931020258593,189.07614590352586
1,3,5,2,uniform,service_sigma_0.2,HC_LI,118,2286,20387495,143.06798734348425,181.01768205834188
1,3,5,2,uniform,service_sigma_0.2,HC_LI,119,2068,20387495,138.40131836816602,166.13345640299227
1,3,5,2,uniform,service_sigma_0.2,HC_LI,120,2182,20387495,159.28015756236005,209.71467030675367
1,3,5,2,uniform,service_sigma_0.2,HC_LI,121,219,20387495,128.00997401557387,158.8586938106157
1,3,5,2,uniform,service_sigma_0.2,HC_LI,122,2676,20387495,124.4478399569624,164.24978594690137
1,3,5,2,uniform,service_sigma_0.2,HC_LI,123,2687,20387495,132.46102669156787,237.5636437197501
1,3,5,2,uniform,service_sigma_0.2,HC_LI,124,2473,20387495,158.93785625810506,177.60408547877262
1,3,5,2,uniform,service_sigma_0.2,HC_LI,125,2777,20387495,151.58211662023143,180.054603301765
1,3,5,2,uniform,service_sigma_0.2,HC_LI,126,2176,20387495,190.22779171379622,244.8507357538492
1,3,5,2,uniform,service_sigma_0.2,HC_LI,127,1636,20387495,179.64174162310283,246.71205174889664
1,3,5,2,uniform,service_sigma_0.2,HC_LI,128,1350,20387495,129.56967204518418,156.59953160126003
1,3,5,2,uniform,service_sigma_0.2,HC_LI,129,464,20387495,121.80564850343325,201.58007557044814
1,3,5,2,uniform,service_sigma_0.2,HC_LI,130,2940,20387495,143.14092216460799,228.40465526197386
1,3,5,2,uniform,service_sigma_0.2,HC_LI,131,354,20387495,153.80237319994927,205.76787129314798
1,3,5,2,uniform,service_sigma_0.2,HC_LI,132,1203,20387495,157.31404098394046,212.9755148066831
1,3,5,2,uniform,service_sigma_0.2,HC_LI,133,708,20387495,178.73067891355836,234.06117232365375
1,3,5,2,uniform,service_sigma_0.2,HC_LI,134,1974,20387495,144.46674319236698,184.94498605453353
1,3,5,2,uniform,service_sigma_0.2,HC_LI,135,2207,20387495,124.64615261078232,174.0346587387152
1,3,5,2,uniform,service_sigma_0.2,HC_LI,136,943,20387495,133.89612481729992,178.44426131982678
1,3,5,2,uniform,service_sigma_0.2,HC_LI,137,829,20387495,140.24016554899518,201.01084941886546
1,3,5,2,uniform,service_sigma_0.2,HC_LI,138,896,20387495,148.98101179751924,243.66904942912595
1,3,5,2,uniform,service_sigma_0.2,HC_LI,139,2787,20387495,151.87569746147759,231.52021622310804
1,3,5,2,uniform,service_sigma_0.2,HC_LI,140,986,20387495,158.57709908688503,225.94205719401762
1,3,5,2,uniform,service_sigma_0.2,HC_LI,141,933,20387495,124.34508884511783,175.83970869489653
1,3,5,2,uniform,service_sigma_0.2,HC_LI,142,1933,20387495,177.5087776580951,222.60440495814686
1,3,5,2,uniform,service_sigma_0.2,HC_LI,143,94,20387495,160.38570070810843,247.9487123826005
1,3,5,2,uniform,service_sigma_0.2,HC_LI,144,788,20387495,136.7011577223464,177.78397927426084
1,3,5,2,uniform,service_sigma_0.2,HC_LI,145,2482,20387495,137.86254775261952,198.9174893809223
1,3,5,2,uniform,service_sigma_0.2,HC_LI,146,1528,20387495,155.9813837453126,238.00988288436773
1,3,5,2,uniform,service_sigma_0.2,HC_LI,147,844,20387495,156.62551122835393,190.05182429946993
1,3,5,2,uniform,service_sigma_0.2,HC_LI,148,2482,20387495,120.65699532435137,211.41657381952945
1,3,5,2,uniform,service_sigma_0.2,HC_LI,149,815,20387495,114.85930413848791,207.6129670230325
1,3,5,2,uniform,service_sigma_0.2,HC_LI,150,1422,20387495,158.3318346884411,181.5617500328267
1,3,5,2,uniform,service_sigma_0.2,HC_LI,151,558,20387495,130.9573891651031,173.9586269863582
1,3,5,2,uniform,service_sigma_0.2,HC_LI,152,1488,20387495,151.83580319230924,221.73541662951303
1,3,5,2,uniform,service_sigma_0.2,HC_LI,153,1226,20387495,133.78972269709593,223.5443658639392
1,3,5,2,uniform,service_sigma_0.2,HC_LI,154,2346,20387495,186.05153338904444,256.1768436725899
1,3,5,2,uniform,service_sigma_0.2,HC_LI,155,2640,20387495,161.5520908463215,211.24323238476862
1,3,5,2,uniform,service_sigma_0.2,HC_LI,156,2654,20387495,137.16336677896044,176.9485447733189
1,3,5,2,uniform,service_sigma_0.2,HC_LI,157,1877,20387495,152.00078664828393,213.69426734066687
1,3,5,2,uniform,service_sigma_0.2,HC_LI,158,978,20387495,138.38520270843753,191.13505376457294
1,3,5,2,uniform,service_sigma_0.2,HC_LI,159,708,20387495,166.0352027427567,268.5759953864221
1,3,5,2,uniform,service_sigma_0.2,HC_LI,160,815,20387495,114.02759515005586,199.8676484206784
1,3,5,2,uniform,service_sigma_0.2,HC_LI,161,2430,20387495,143.2537525554726,206.48975052209096
1,3,5,2,uniform,service_sigma_0.2,HC_LI,162,1405,20387495,165.73034846406833,215.0974191999659
1,3,5,2,uniform,service_sigma_0.2,HC_LI,163,2413,20387495,130.84874316062425,200.94005386364955
1,3,5,2,uniform,service_sigma_0.2,HC_LI,164,2346,20387495,147.9002346037383,211.39977647790468
1,3,5,2,uniform,service_sigma_0.2,HC_LI,165,1917,20387495,130.4314285934488,166.50934626760807
1,3,5,2,uniform,service_sigma_0.2,HC_LI,166,2588,20387495,137.2682451544426,227.70314076048314
1,3,5,2,uniform,service_sigma_0.2,HC_LI,167,1992,20387495,121.48866794091396,165.88363617308383
1,3,5,2,uniform,service_sigma_0.2,HC_LI,168,1023,20387495,164.08212552559397,220.47743067986855
1,3,5,2,uniform,service_sigma_0.2,HC_LI,169,1933,20387495,152.30138794647743,221.8418883448126
1,3,5,2,uniform,service_sigma_0.2,HC_LI,170,1203,20387495,145.26784546035933,214.6592465080387
1,3,5,2,uniform,service_sigma_0.2,HC_LI,171,464,20387495,135.93658757118905,203.37749944144397
1,3,5,2,uniform,service_sigma_0.2,HC_LI,172,2030,20387495,125.44720942884908,180.5677240130948
1,3,5,2,uniform,service_sigma_0.2,HC_LI,173,537,20387495,146.49891204035612,196.76306927370334
1,3,5,2,uniform,service_sigma_0.2,HC_LI,174,2182,20387495,147.24986963484616,246.9950566081401
1,3,5,2,uniform,service_sigma_0.2,HC_LI,175,2842,20387495,153.65680789545908,152.97242682748404
1,3,5,2,uniform,service_sigma_0.2,HC_LI,176,2155,20387495,112.22455991551683,175.69487213922702
1,3,5,2,uniform,service_sigma_0.2,HC_LI,177,2413,20387495,142.3684961827857,185.1197453487898
1,3,5,2,uniform,service_sigma_0.2,HC_LI,178,1079,20387495,130.2028778984988,178.58063433016787
1,3,5,2,uniform,service_sigma_0.2,HC_LI,179,1256,20387495,160.61247517347496,212.2426811837724
1,3,5,2,uniform,service_sigma_0.2,HC_LI,180,2502,20387495,157.18032335791472,185.2353150329368
1,3,5,2,uniform,service_sigma_0.2,HC_LI,181,769,20387495,169.85113671996373,192.21530369275274
1,3,5,2,uniform,service_sigma_0.2,HC_LI,182,933,20387495,123.93388225156347,170.93898988223683
1,3,5,2,uniform,service_sigma_0.2,HC_LI,183,1362,20387495,142.33986152825577,203.90337953498613
1,3,5,2,uniform,service_sigma_0.2,HC_LI,184,1118,20387495,143.17775668241447,204.38308179492722
1,3,5,2,uniform,service_sigma_0.2,HC_LI,185,522,20387495,145.14320668328196,207.42941008611007
1,3,5,2,uniform,service_sigma_0.2,HC_LI,186,2654,20387495,145.25536556230074,180.85802568420408
1,3,5,2,uniform,service_sigma_0.2,HC_LI,187,1383,20387495,128.27082841621498,212.09550227834274
1,3,5,2,uniform,service_sigma_0.2,HC_LI,188,1648,20387495,170.73779873894216,247.63464892545124
1,3,5,2,uniform,service_sigma_0.2,HC_LI,189,612,20387495,142.25390305234748,197.2755400467351
1,3,5,2,uniform,service_sigma_0.2,HC_LI,190,500,20387495,128.6144759183039,188.78718609113096
1,3,5,2,uniform,service_sigma_0.2,HC_LI,191,2074,20387495,137.25024351655782,215.33904294482303
1,3,5,2,uniform,service_sigma_0.2,HC_LI,192,209,20387495,141.79414881365454,162.7169042158405
1,3,5,2,uniform,service_sigma_0.2,HC_LI,193,1328,20387495,149.03930451702502,233.04722046945744
1,3,5,2,uniform,service_sigma_0.2,HC_LI,194,2012,20387495,188.49427341415108,232.18923812738402
1,3,5,2,uniform,service_sigma_0.2,HC_LI,195,2908,20387495,149.12465104521849,243.60332200657336
1,3,5,2,uniform,service_sigma_0.2,HC_LI,196,2625,20387495,128.36658004830946,246.46044929379798
1,3,5,2,uniform,service_sigma_0.2,HC_LI,197,2761,20387495,159.5283578730158,163.61925441407746
1,3,5,2,uniform,service_sigma_0.2,HC_LI,198,2413,20387495,136.969662425119,189.7440988578619
1,3,5,2,uniform,service_sigma_0.2,HC_LI,199,148,20387495,124.51540986774576,204.76171554359757
1,3,5,2,uniform,service_sigma_0.2,LC_HI,0,1733,20387495,135.93175267582683,145.50096489157968
1,3,5,2,uniform,service_sigma_0.2,LC_HI,1,2508,20387495,122.58615304402026,197.92779727194053
1,3,5,2,uniform,service_sigma_0.2,LC_HI,2,1800,20387495,121.71266449498741,178.78375414172464
1,3,5,2,uniform,service_sigma_0.2,LC_HI,3,138,20387495,128.92452878607293,203.5968364698414
1,3,5,2,uniform,service_sigma_0.2,LC_HI,4,674,20387495,116.88391794324697,211.02554277714228
1,3,5,2,uniform,service_sigma_0.2,LC_HI,5,2717,20387495,141.65929916828367,148.0890150842619
1,3,5,2,uniform,service_sigma_0.2,LC_HI,6,1009,20387495,181.56610478209515,183.2912502056599
1,3,5,2,uniform,service_sigma_0.2,LC_HI,7,1254,20387495,134.42853496245704,164.17129104523855
1,3,5,2,uniform,service_sigma_0.2,LC_HI,8,2783,20387495,109.54932869169875,131.18639316135085
1,3,5,2,uniform,service_sigma_0.2,LC_HI,9,12,20387495,174.06193225672024,241.81043761321067
1,3,5,2,uniform,service_sigma_0.2,LC_HI,10,1960,20387495,103.99257117579523,116.28533826397467
1,3,5,2,uniform,service_sigma_0.2,LC_HI,11,1545,20387495,119.62897933683396,175.88339418877152
1,3,5,2,uniform,service_sigma_0.2,LC_HI,12,1923,20387495,104.7996148604259,121.92224503693508
1,3,5,2,uniform,service_sigma_0.2,LC_HI,13,2379,20387495,126.62413723715001,177.296862283184
1,3,5,2,uniform,service_sigma_0.2,LC_HI,14,49,20387495,105.39842975074802,122.77425464923704
1,3,5,2,uniform,service_sigma_0.2,LC_HI,15,186,20387495,107.39413674348668,137.65736743072492
1,3,5,2,uniform,service_sigma_0.2,LC_HI,16,1562,20387495,111.99166109661765,190.72333834928938
1,3,5,2,uniform,service_sigma_0.2,LC_HI,17,1465,20387495,163.50484767523147,229.51265372018645
1,3,5,2,uniform,service_sigma_0.2,LC_HI,18,1510,20387495,123.20436516245348,135.57595660821647
1,3,5,2,uniform,service_sigma_0.2,LC_HI,19,1462,20387495,132.67823524784168,132.031716450027
1,3,5,2,uniform,service_sigma_0.2,LC_HI,20,32,20387495,115.4098087919414,126.72067805897544
1,3,5,2,uniform,service_sigma_0.2,LC_HI,21,499,20387495,140.68350707667693,193.5754825868432
1,3,5,2,uniform,service_sigma_0.2,LC_HI,22,2367,20387495,108.00392635678364,189.09184927841963
1,3,5,2,uniform,service_sigma_0.2,LC_HI,23,2099,20387495,151.08808197012198,236.59460690848005
1,3,5,2,uniform,service_sigma_0.2,LC_HI,24,1316,20387495,140.16754767041053,199.23085062855995
1,3,5,2,uniform,service_sigma_0.2,LC_HI,25,413,20387495,120.11973841878722,178.74028597310536
1,3,5,2,uniform,service_sigma_0.2,LC_HI,26,2811,20387495,132.92028946136338,203.72948068895084
1,3,5,2,uniform,service_sigma_0.2,LC_HI,27,2091,20387495,98.10207767360464,183.04821122079463
1,3,5,2,uniform,service_sigma_0.2,LC_HI,28,836,20387495,107.73396438372909,144.58651503099637
1,3,5,2,uniform,service_sigma_0.2,LC_HI,29,1316,20387495,147.60991935569882,181.4316187211426
1,3,5,2,uniform,service_sigma_0.2,LC_HI,30,885,20387495,149.2056574337379,188.68589529056754
1,3,5,2,uniform,service_sigma_0.2,LC_HI,31,1084,20387495,133.41893049756047,166.9984482027737
1,3,5,2,uniform,service_sigma_0.2,LC_HI,32,503,20387495,116.17759420888589,153.79125484254897
1,3,5,2,uniform,service_sigma_0.2,LC_HI,33,2128,20387495,114.96832740075892,138.18441546032625
1,3,5,2,uniform,service_sigma_0.2,LC_HI,34,2605,20387495,120.22279965309238,168.5381153271824
1,3,5,2,uniform,service_sigma_0.2,LC_HI,35,377,20387495,113.60973650730044,162.6714574354807
1,3,5,2,uniform,service_sigma_0.2,LC_HI,36,551,20387495,114.9172858210419,177.3338093628873
1,3,5,2,uniform,service_sigma_0.2,LC_HI,37,238,20387495,127.18862837257277,189.38976359802274
1,3,5,2,uniform,service_sigma_0.2,LC_HI,38,1711,20387495,122.0475607510815,179.88564657378237
1,3,5,2,uniform,service_sigma_0.2,LC_HI,39,435,20387495,123.48204912124937,167.85208633526685
1,3,5,2,uniform,service_sigma_0.2,LC_HI,40,348,20387495,126.2521885342508,188.65098750245465
1,3,5,2,uniform,service_sigma_0.2,LC_HI,41,2367,20387495,113.08562514503608,185.39604491101235
1,3,5,2,uniform,service_sigma_0.2,LC_HI,42,550,20387495,116.0094462183635,161.48429318390953
1,3,5,2,uniform,service_sigma_0.2,LC_HI,43,1711,20387495,127.60264899676676,180.60264899676676
1,3,5,2,uniform,service_sigma_0.2,LC_HI,44,1101,20387495,138.39322238462046,215.35305478484534
1,3,5,2,uniform,service_sigma_0.2,LC_HI,45,967,20387495,123.27290851233263,180.469042357463
1,3,5,2,uniform,service_sigma_0.2,LC_HI,46,2538,20387495,112.72510850647761,125.93710823160572
1,3,5,2,uniform,service_sigma_0.2,LC_HI,47,1960,20387495,99.02728297941862,118.62067854596079
1,3,5,2,uniform,service_sigma_0.2,LC_HI,48,1545,20387495,113.27955995963063,181.77025096559478
1,3,5,2,uniform,service_sigma_0.2,LC_HI,49,1041,20387495,121.7886871333516,216.5097330917503
1,3,5,2,uniform,service_sigma_0.2,LC_HI,50,1682,20387495,157.13442446262462,214.3585346259667
1,3,5,2,uniform,service_sigma_0.2,LC_HI,51,1050,20387495,120.7320240867605,171.16632051187676
1,3,5,2,uniform,service_sigma_0.2,LC_HI,52,431,20387495,129.13327687679345,190.4025524452434
1,3,5,2,uniform,service_sigma_0.2,LC_HI,53,736,20387495,100.31629801988764,139.4801092426214
1,3,5,2,uniform,service_sigma_0.2,LC_HI,54,775,20387495,157.32278391956845,177.97521780608716
1,3,5,2,uniform,service_sigma_0.2,LC_HI,55,2323,20387495,138.47696705157315,206.9676658609467
1,3,5,2,uniform,service_sigma_0.2,LC_HI,56,1686,20387495,123.74146592928808,151.81269911511896
1,3,5,2,uniform,service_sigma_0.2,LC_HI,57,413,20387495,119.46919055741397,177.42766593957222
1,3,5,2,uniform,service_sigma_0.2,LC_HI,58,1248,20387495,118.93229942620707,181.78459955753794
1,3,5,2,uniform,service_sigma_0.2,LC_HI,59,865,20387495,155.41897492375722,222.05941339258106
1,3,5,2,uniform,service_sigma_0.2,LC_HI,60,1370,20387495,114.39473505019123,153.21173092590394
1,3,5,2,uniform,service_sigma_0.2,LC_HI,61,71,20387495,148.39613004542977,179.42256220234648
1,3,5,2,uniform,service_sigma_0.2,LC_HI,62,2717,20387495,141.62210551507115,188.83859337177825
1,3,5,2,uniform,service_sigma_0.2,LC_HI,63,998,20387495,128.18526927084866,126.82193690411135
1,3,5,2,uniform,service_sigma_0.2,LC_HI,64,1123,20387495,105.08984481435155,132.07719615270972
1,3,5,2,uniform,service_sigma_0.2,LC_HI,65,836,20387495,103.48510315677251,157.11209548560788
1,3,5,2,uniform,service_sigma_0.2,LC_HI,66,161,20387495,137.46193106882941,225.722000708089
1,3,5,2,uniform,service_sigma_0.2,LC_HI,67,998,20387495,129.82579866107227,154.03944996737962
1,3,5,2,uniform,service_sigma_0.2,LC_HI,68,1316,20387495,135.9704715249391,194.4566355428442
1,3,5,2,uniform,service_sigma_0.2,LC_HI,69,1922,20387495,111.12651901757827,145.2500904772248
1,3,5,2,uniform,service_sigma_0.2,LC_HI,70,1517,20387495,115.68565262039728,138.51605332804877
1,3,5,2,uniform,service_sigma_0.2,LC_HI,71,953,20387495,121.06404022108467,141.86031680618046
1,3,5,2,uniform,service_sigma_0.2,LC_HI,72,2902,20387495,128.70402645103587,156.85271196651203
1,3,5,2,uniform,service_sigma_0.2,LC_HI,73,1021,20387495,126.13613406960543,148.15560365500687
1,3,5,2,uniform,service_sigma_0.2,LC_HI,74,2249,20387495,124.71901750541288,148.50538207427311
1,3,5,2,uniform,service_sigma_0.2,LC_HI,75,1370,20387495,117.14720357433849,154.1929105385261
1,3,5,2,uniform,service_sigma_0.2,LC_HI,76,1511,20387495,142.9255240009656,173.50002284947132
1,3,5,2,uniform,service_sigma_0.2,LC_HI,77,1049,20387495,116.77931712765741,176.2110093255911
1,3,5,2,uniform,service_sigma_0.2,LC_HI,78,1163,20387495,116.1183901512134,134.99794165831355
1,3,5,2,uniform,service_sigma_0.2,LC_HI,79,647,20387495,141.83053809289066,182.6346098652059
1,3,5,2,uniform,service_sigma_0.2,LC_HI,80,139,20387495,119.56240145976668,168.4394254758764
1,3,5,2,uniform,service_sigma_0.2,LC_HI,81,1875,20387495,149.35820811382078,221.68827770501468
1,3,5,2,uniform,service_sigma_0.2,LC_HI,82,1517,20387495,114.86882035277914,140.72488348736826
1,3,5,2,uniform,service_sigma_0.2,LC_HI,83,843,20387495,132.61893623738658,194.56801218120313
1,3,5,2,uniform,service_sigma_0.2,LC_HI,84,2538,20387495,103.4477699076238,123.69957728925927
1,3,5,2,uniform,service_sigma_0.2,LC_HI,85,1297,20387495,111.44175307098217,156.05128177003445
1,3,5,2,uniform,service_sigma_0.2,LC_HI,86,487,20387495,141.26998029182386,161.16856552767277
1,3,5,2,uniform,service_sigma_0.2,LC_HI,87,998,20387495,100.29348224848098,126.87448003199972
1,3,5,2,uniform,service_sigma_0.2,LC_HI,88,2409,20387495,116.91245140256092,184.9433592361138
1,3,5,2,uniform,service_sigma_0.2,LC_HI,89,2128,20387495,112.72207706068704,136.08981145162923
1,3,5,2,uniform,service_sigma_0.2,LC_HI,90,2249,20387495,115.44672067884618,151.14174049327124
1,3,5,2,uniform,service_sigma_0.2,LC_HI,91,1212,20387495,145.5439467289616,202.62643227888265
1,3,5,2,uniform,service_sigma_0.2,LC_HI,92,2602,20387495,117.01297750722092,127.20506389955874
1,3,5,2,uniform,service_sigma_0.2,LC_HI,93,2699,20387495,189.11221905353517,281.523886616455
1,3,5,2,uniform,service_sigma_0.2,LC_HI,94,2177,20387495,114.71080886875254,192.2229878731134
1,3,5,2,uniform,service_sigma_0.2,LC_HI,95,2681,20387495,122.8168487733314,160.565597034734
1,3,5,2,uniform,service_sigma_0.2,LC_HI,96,1510,20387495,119.38809539819569,142.731352408646
1,3,5,2,uniform,service_sigma_0.2,LC_HI,97,1562,20387495,113.43220761463999,199.41038302031336
1,3,5,2,uniform,service_sigma_0.2,LC_HI,98,1973,20387495,105.95841413504203,164.32783174808628
1,3,5,2,uniform,service_sigma_0.2,LC_HI,99,919,20387495,146.17491963583035,200.63323688843593
1,3,5,2,uniform,service_sigma_0.2,LC_HI,100,757,20387495,138.80289549138476,180.60009237413107
1,3,5,2,uniform,service_sigma_0.2,LC_HI,101,2400,20387495,127.37979438584172,186.04387404217516
1,3,5,2,uniform,service_sigma_0.2,LC_HI,102,629,20387495,122.50095853661823,208.13366069548587
1,3,5,2,uniform,service_sigma_0.2,LC_HI,103,775,20387495,159.83518691184204,184.12297123750736
1,3,5,2,uniform,service_sigma_0.2,LC_HI,104,1009,20387495,169.74533285945347,191.91720999447026
1,3,5,2,uniform,service_sigma_0.2,LC_HI,105,2615,20387495,126.73210793196769,125.28298433284135
1,3,5,2,uniform,service_sigma_0.2,LC_HI,106,474,20387495,124.70953842658557,142.99387550917584
1,3,5,2,uniform,service_sigma_0.2,LC_HI,107,404,20387495,136.49802634526552,132.77662362702907
1,3,5,2,uniform,service_sigma_0.2,LC_HI,108,331,20387495,130.61276995708533,163.62800274621958
1,3,5,2,uniform,service_sigma_0.2,LC_HI,109,2249,20387495,114.67448259121953,177.96812195977324
1,3,5,2,uniform,service_sigma_0.2,LC_HI,110,280,20387495,122.27150839154207,147.2484637830175
1,3,5,2,uniform,service_sigma_0.2,LC_HI,111,2838,20387495,139.86700962159472,226.43945511562018
1,3,5,2,uniform,service_sigma_0.2,LC_HI,112,359,20387495,101.3573487775798,165.3332910885392
1,3,5,2,uniform,service_sigma_0.2,LC_HI,113,2605,20387495,118.89880919328148,168.92837114518116
1,3,5,2,uniform,service_sigma_0.2,LC_HI,114,1474,20387495,137.8926520791608,164.67332271313103
1,3,5,2,uniform,service_sigma_0.2,LC_HI,115,793,20387495,149.3579930220542,211.40183052415003
1,3,5,2,uniform,service_sigma_0.2,LC_HI,116,2351,20387495,118.7137472681018,151.2115376989054
1,3,5,2,uniform,service_sigma_0.2,LC_HI,117,624,20387495,139.64520592329194,208.96750658867643
1,3,5,2,uniform,service_sigma_0.2,LC_HI,118,953,20387495,124.39982008801674,144.26147122868014
1,3,5,2,uniform,service_sigma_0.2,LC_HI,119,241,20387495,144.5242849518146,159.94695656599453
1,3,5,2,uniform,service_sigma_0.2,LC_HI,120,686,20387495,141.80782606915582,192.5708978008248
1,3,5,2,uniform,service_sigma_0.2,LC_HI,121,515,20387495,139.70424187581068,208.76835003246282
1,3,5,2,uniform,service_sigma_0.2,LC_HI,122,1923,20387495,114.68781056655881,141.5825523916085
1,3,5,2,uniform,service_sigma_0.2,LC_HI,123,1562,20387495,112.15797650988678,168.06323638911908
1,3,5,2,uniform,service_sigma_0.2,LC_HI,124,1682,20387495,143.3591199874011,198.02931254034831
1,3,5,2,uniform,service_sigma_0.2,LC_HI,125,872,20387495,116.12268167821908,160.62842239170357
1,3,5,2,uniform,service_sigma_0.2,LC_HI,126,1823,20387495,93.95017526391204,102.69451151719056
1,3,5,2,uniform,service_sigma_0.2,LC_HI,127,140,20387495,136.46071627135217,158.76667556510856
1,3,5,2,uniform,service_sigma_0.2,LC_HI,128,1904,20387495,134.56093949562046,178.46946461374523
1,3,5,2,uniform,service_sigma_0.2,LC_HI,129,1875,20387495,171.582956711211,191.1690531978253
1,3,5,2,uniform,service_sigma_0.2,LC_HI,130,2838,20387495,138.3657998081688,230.3946109623125
1,3,5,2,uniform,service_sigma_0.2,LC_HI,131,359,20387495,119.16478158714955,156.22766660736337
1,3,5,2,uniform,service_sigma_0.2,LC_HI,132,1663,20387495,127.70680266732319,206.00917278851762
1,3,5,2,uniform,service_sigma_0.2,LC_HI,133,2073,20387495,132.99716535608076,174.50374268342063
1,3,5,2,uniform,service_sigma_0.2,LC_HI,134,1267,20387495,124.35277890107027,177.75175576978225
1,3,5,2,uniform,service_sigma_0.2,LC_HI,135,792,20387495,167.16478573160765,216.48673068818215
1,3,5,2,uniform,service_sigma_0.2,LC_HI,136,520,20387495,126.02321835878091,136.62191878242876
1,3,5,2,uniform,service_sigma_0.2,LC_HI,137,1475,20387495,128.09839087024034,196.23119624134097
1,3,5,2,uniform,service_sigma_0.2,LC_HI,138,1674,20387495,116.46165110424214,157.4335221984541
1,3,5,2,uniform,service_sigma_0.2,LC_HI,139,674,20387495,125.74024324824856,176.82146947425417
1,3,5,2,uniform,service_sigma_0.2,LC_HI,140,757,20387495,136.30546527015562,213.44948708508696
1,3,5,2,uniform,service_sigma_0.2,LC_HI,141,2031,20387495,106.46515747911123,97.12941373152553
1,3,5,2,uniform,service_sigma_0.2,LC_HI,142,2812,20387495,140.5673862494954,188.64617497081323
1,3,5,2,uniform,service_sigma_0.2,LC_HI,143,913,20387495,130.48661394198493,174.10303288211117
1,3,5,2,uniform,service_sigma_0.2,LC_HI,144,2699,20387495,189.65668391885035,235.50539100871745
1,3,5,2,uniform,service_sigma_0.2,LC_HI,145,2570,20387495,113.9441711084754,183.8841173705039
1,3,5,2,uniform,service_sigma_0.2,LC_HI,146,369,20387495,138.93413213984473,142.0780343898187
1,3,5,2,uniform,service_sigma_0.2,LC_HI,147,2555,20387495,118.52164852542452,132.73728120470574
1,3,5,2,uniform,service_sigma_0.2,LC_HI,148,2103,20387495,123.00315600028681,152.37043157231975
1,3,5,2,uniform,service_sigma_0.2,LC_HI,149,2888,20387495,162.07259018266396,229.36145228064598
1,3,5,2,uniform,service_sigma_0.2,LC_HI,150,436,20387495,129.90728535332426,167.48589768040225
1,3,5,2,uniform,service_sigma_0.2,LC_HI,151,2620,20387495,109.36942166067783,196.11725046822067
1,3,5,2,uniform,service_sigma_0.2,LC_HI,152,49,20387495,105.26561678636182,127.34350133012941
1,3,5,2,uniform,service_sigma_0.2,LC_HI,153,1009,20387495,178.01612138804367,187.49998753664195
1,3,5,2,uniform,service_sigma_0.2,LC_HI,154,1609,20387495,145.24470340962299,194.99278790313076
1,3,5,2,uniform,service_sigma_0.2,LC_HI,155,1489,20387495,107.12531914135523,163.72147298892168
1,3,5,2,uniform,service_sigma_0.2,LC_HI,156,653,20387495,146.83835859500144,219.92258559692533
1,3,5,2,uniform,service_sigma_0.2,LC_HI,157,435,20387495,111.72723775951818,161.85144292538087
1,3,5,2,uniform,service_sigma_0.2,LC_HI,158,462,20387495,80.77714347743677,98.06109750964748
1,3,5,2,uniform,service_sigma_0.2,LC_HI,159,1444,20387495,122.64888792727886,168.51554608068062
1,3,5,2,uniform,service_sigma_0.2,LC_HI,160,1627,20387495,147.59835515946355,182.710787152552
1,3,5,2,uniform,service_sigma_0.2,LC_HI,161,404,20387495,112.51025515852947,138.23195450429427
1,3,5,2,uniform,service_sigma_0.2,LC_HI,162,1406,20387495,118.70093814590892,150.55648242637736
1,3,5,2,uniform,service_sigma_0.2,LC_HI,163,2929,20387495,122.05520723382516,114.48205246092206
1,3,5,2,uniform,service_sigma_0.2,LC_HI,164,757,20387495,122.82259123694062,212.07050255644438
1,3,5,2,uniform,service_sigma_0.2,LC_HI,165,1686,20387495,122.73353121738741,134.97002945090907
1,3,5,2,uniform,service_sigma_0.2,LC_HI,166,859,20387495,134.05994381585074,210.32823599026787
1,3,5,2,uniform,service_sigma_0.2,LC_HI,167,953,20387495,122.46864224284617,141.19540807351305
1,3,5,2,uniform,service_sigma_0.2,LC_HI,168,2153,20387495,131.09313671716396,168.1600626477656
1,3,5,2,uniform,service_sigma_0.2,LC_HI,169,2783,20387495,109.91161650384652,138.82897062258743
1,3,5,2,uniform,service_sigma_0.2,LC_HI,170,1895,20387495,138.59065889408797,230.8292911979379
1,3,5,2,uniform,service_sigma_0.2,LC_HI,171,793,20387495,131.04579046529793,212.01160339102515
1,3,5,2,uniform,service_sigma_0.2,LC_HI,172,1141,20387495,121.57238856872941,179.66389984809925
1,3,5,2,uniform,service_sigma_0.2,LC_HI,173,1475,20387495,107.98868283704118,182.5723582932107
1,3,5,2,uniform,service_sigma_0.2,LC_HI,174,2699,20387495,191.00226591416396,239.7987985539271
1,3,5,2,uniform,service_sigma_0.2,LC_HI,175,1009,20387495,188.70799141436126,164.72034394616801
1,3,5,2,uniform,service_sigma_0.2,LC_HI,176,793,20387495,148.5945572216024,208.61873837746452
1,3,5,2,uniform,service_sigma_0.2,LC_HI,177,1049,20387495,111.24174739924662,173.4053810584844
1,3,5,2,uniform,service_sigma_0.2,LC_HI,178,1589,20387495,146.9085107678559,140.92459301043968
1,3,5,2,uniform,service_sigma_0.2,LC_HI,179,2909,20387495,121.94151704691312,195.41731095931434
1,3,5,2,uniform,service_sigma_0.2,LC_HI,180,164,20387495,162.35953837523172,212.70990499434313
1,3,5,2,uniform,service_sigma_0.2,LC_HI,181,859,20387495,138.3213462548022,199.59667582738192
1,3,5,2,uniform,service_sigma_0.2,LC_HI,182,2118,20387495,116.6360532769643,170.6293804491134
1,3,5,2,uniform,service_sigma_0.2,LC_HI,183,1875,20387495,135.6213770347974,217.93766526962762
1,3,5,2,uniform,service_sigma_0.2,LC_HI,184,1517,20387495,108.4129353000116,141.89715629193284
1,3,5,2,uniform,service_sigma_0.2,LC_HI,185,1040,20387495,140.73965990143475,179.527553152909
1,3,5,2,uniform,service_sigma_0.2,LC_HI,186,1767,20387495,112.63587016526756,181.04947147379943
1,3,5,2,uniform,service_sigma_0.2,LC_HI,187,1212,20387495,143.7666319203714,183.91698610498148
1,3,5,2,uniform,service_sigma_0.2,LC_HI,188,2602,20387495,106.87245688304135,127.22908649103177
1,3,5,2,uniform,service_sigma_0.2,LC_HI,189,2327,20387495,133.1056888525846,241.9582852555539
1,3,5,2,uniform,service_sigma_0.2,LC_HI,190,1081,20387495,129.38789282596065,198.69458086725723
1,3,5,2,uniform,service_sigma_0.2,LC_HI,191,1315,20387495,130.9214690065003,149.87450849569206
1,3,5,2,uniform,service_sigma_0.2,LC_HI,192,32,20387495,103.74857466729958,130.8849752548556
1,3,5,2,uniform,service_sigma_0.2,LC_HI,193,2723,20387495,121.3141825189843,167.6304191240226
1,3,5,2,uniform,service_sigma_0.2,LC_HI,194,474,20387495,120.45314664097761,178.4829122880756
1,3,5,2,uniform,service_sigma_0.2,LC_HI,195,2605,20387495,123.07804507999163,169.4186318957478
1,3,5,2,uniform,service_sigma_0.2,LC_HI,196,1465,20387495,156.84772549587814,219.20047714055934
1,3,5,2,uniform,service_sigma_0.2,LC_HI,197,462,20387495,79.075751397373,99.3073260046974
1,3,5,2,uniform,service_sigma_0.2,LC_HI,198,208,20387495,143.49408132443793,193.21217159189558
1,3,5,2,uniform,service_sigma_0.2,LC_HI,199,1297,20387495,104.83322587940509,156.137790130712
1,3,5,2,uniform,service_sigma_0.2,LC_LI,0,20,20387495,140.14613586004418,209.6539874450527
1,3,5,2,uniform,service_sigma_0.2,LC_LI,1,1503,20387495,128.73058799836252,188.03610431963355
1,3,5,2,uniform,service_sigma_0.2,LC_LI,2,2734,20387495,100.63493947185529,135.2694982155778
1,3,5,2,uniform,service_sigma_0.2,LC_LI,3,144,20387495,141.1731341252128,176.23053981054852
1,3,5,2,uniform,service_sigma_0.2,LC_LI,4,20,20387495,141.180161857572,219.05901442623207
1,3,5,2,uniform,service_sigma_0.2,LC_LI,5,711,20387495,130.75101749558146,165.8190242969649
1,3,5,2,uniform,service_sigma_0.2,LC_LI,6,2033,20387495,149.20088800035518,150.74252484832564
1,3,5,2,uniform,service_sigma_0.2,LC_LI,7,1066,20387495,112.11755867839625,168.671287676452
1,3,5,2,uniform,service_sigma_0.2,LC_LI,8,1403,20387495,121.31071558940188,127.03167654908928
1,3,5,2,uniform,service_sigma_0.2,LC_LI,9,1033,20387495,137.2661612074413,157.22346604003008
1,3,5,2,uniform,service_sigma_0.2,LC_LI,10,1252,20387495,109.09103595891494,151.79129930442116
1,3,5,2,uniform,service_sigma_0.2,LC_LI,11,2006,20387495,142.82303995259988,181.61691974024268
1,3,5,2,uniform,service_sigma_0.2,LC_LI,12,215,20387495,159.22131040236232,193.58268081020952
1,3,5,2,uniform,service_sigma_0.2,LC_LI,13,215,20387495,151.94879016151424,216.3267095647935
1,3,5,2,uniform,service_sigma_0.2,LC_LI,14,965,20387495,133.20232900121601,200.04559114087309
1,3,5,2,uniform,service_sigma_0.2,LC_LI,15,733,20387495,155.42532581863347,191.23409213276722
1,3,5,2,uniform,service_sigma_0.2,LC_LI,16,2675,20387495,139.80818574353614,211.75509518614206
1,3,5,2,uniform,service_sigma_0.2,LC_LI,17,1967,20387495,128.06232488400192,199.8189980104127
1,3,5,2,uniform,service_sigma_0.2,LC_LI,18,970,20387495,152.44019226059285,197.9673655644107
1,3,5,2,uniform,service_sigma_0.2,LC_LI,19,2041,20387495,123.79298186398188,150.65567713332132
1,3,5,2,uniform,service_sigma_0.2,LC_LI,20,1157,20387495,133.86565265780257,178.51437660021784
1,3,5,2,uniform,service_sigma_0.2,LC_LI,21,1177,20387495,90.19903050127898,141.93755928206977
1,3,5,2,uniform,service_sigma_0.2,LC_LI,22,577,20387495,121.95885845618412,184.03681344299545
1,3,5,2,uniform,service_sigma_0.2,LC_LI,23,2014,20387495,115.99828531685618,151.94868582837705
1,3,5,2,uniform,service_sigma_0.2,LC_LI,24,1275,20387495,130.52604076537745,144.57505560487562
1,3,5,2,uniform,service_sigma_0.2,LC_LI,25,1773,20387495,142.31463292385857,202.49727056683756
1,3,5,2,uniform,service_sigma_0.2,LC_LI,26,299,20387495,151.78108986766088,203.72567568481892
1,3,5,2,uniform,service_sigma_0.2,LC_LI,27,2428,20387495,114.05280568717288,185.49315669966123
1,3,5,2,uniform,service_sigma_0.2,LC_LI,28,615,20387495,83.27401847128458,126.22184500097595
1,3,5,2,uniform,service_sigma_0.2,LC_LI,29,1374,20387495,108.78428208278517,135.964278060183
1,3,5,2,uniform,service_sigma_0.2,LC_LI,30,1764,20387495,130.20110741872733,214.1125984352254
1,3,5,2,uniform,service_sigma_0.2,LC_LI,31,1029,20387495,134.29497724904104,179.10972155249507
1,3,5,2,uniform,service_sigma_0.2,LC_LI,32,1503,20387495,130.83927745859734,171.83906628470086
1,3,5,2,uniform,service_sigma_0.2,LC_LI,33,2802,20387495,112.59052723130723,117.62207799889661
1,3,5,2,uniform,service_sigma_0.2,LC_LI,34,1157,20387495,118.88643258838307,181.92940771546787
1,3,5,2,uniform,service_sigma_0.2,LC_LI,35,10,20387495,130.5502019429307,200.87502158038137
1,3,5,2,uniform,service_sigma_0.2,LC_LI,36,1789,20387495,133.38079883737137,182.87373390017834
1,3,5,2,uniform,service_sigma_0.2,LC_LI,37,2048,20387495,116.10879980228664,140.7362874586155
1,3,5,2,uniform,service_sigma_0.2,LC_LI,38,528,20387495,131.0670109756758,212.6401987012111
1,3,5,2,uniform,service_sigma_0.2,LC_LI,39,528,20387495,134.9659552469949,217.692078933333
1,3,5,2,uniform,service_sigma_0.2,LC_LI,40,904,20387495,136.76458142905943,170.59488753721732
1,3,5,2,uniform,service_sigma_0.2,LC_LI,41,2010,20387495,154.05977862802817,192.20609394192826
1,3,5,2,uniform,service_sigma_0.2,LC_LI,42,777,20387495,141.52046354766782,180.59906888652753
1,3,5,2,uniform,service_sigma_0.2,LC_LI,43,1237,20387495,141.8757560824642,174.68114396808488
1,3,5,2,uniform,service_sigma_0.2,LC_LI,44,2527,20387495,123.81583413549579,137.60240826231
1,3,5,2,uniform,service_sigma_0.2,LC_LI,45,646,20387495,134.71595816233636,217.39045994885504
1,3,5,2,uniform,service_sigma_0.2,LC_LI,46,904,20387495,143.7714992983883,173.52888167657684
1,3,5,2,uniform,service_sigma_0.2,LC_LI,47,66,20387495,108.18286085818754,185.13445060721298
1,3,5,2,uniform,service_sigma_0.2,LC_LI,48,639,20387495,102.95590505102847,161.77894813561326
1,3,5,2,uniform,service_sigma_0.2,LC_LI,49,475,20387495,120.05325675855178,138.644115380788
1,3,5,2,uniform,service_sigma_0.2,LC_LI,50,639,20387495,127.62312245196496,160.22084307561275
1,3,5,2,uniform,service_sigma_0.2,LC_LI,51,2868,20387495,142.7523426345347,193.52348991670812
1,3,5,2,uniform,service_sigma_0.2,LC_LI,52,1991,20387495,121.71955233774783,144.62038592151842
1,3,5,2,uniform,service_sigma_0.2,LC_LI,53,389,20387495,150.6318546336445,184.9650661063102
1,3,5,2,uniform,service_sigma_0.2,LC_LI,54,1979,20387495,152.56251441336443,205.2142363596775
1,3,5,2,uniform,service_sigma_0.2,LC_LI,55,287,20387495,153.19977916465533,208.14853300379534
1,3,5,2,uniform,service_sigma_0.2,LC_LI,56,2593,20387495,131.30290536022656,202.2444708546064
1,3,5,2,uniform,service_sigma_0.2,LC_LI,57,1157,20387495,140.01054644702538,164.6745524526991
1,3,5,2,uniform,service_sigma_0.2,LC_LI,58,639,20387495,121.20937567584157,155.85454795617326
1,3,5,2,uniform,service_sigma_0.2,LC_LI,59,2854,20387495,133.9942685521025,225.85229975056146
1,3,5,2,uniform,service_sigma_0.2,LC_LI,60,1062,20387495,136.64946640642916,177.86390247933076
1,3,5,2,uniform,service_sigma_0.2,LC_LI,61,1243,20387495,113.83484950014241,126.24670655687311
1,3,5,2,uniform,service_sigma_0.2,LC_LI,62,1066,20387495,104.60175567875112,164.57949447521668
1,3,5,2,uniform,service_sigma_0.2,LC_LI,63,577,20387495,123.23323186266637,195.7304395247753
1,3,5,2,uniform,service_sigma_0.2,LC_LI,64,1619,20387495,145.79214756466217,221.3458620691078
1,3,5,2,uniform,service_sigma_0.2,LC_LI,65,403,20387495,123.69610616386045,187.3129896463144
1,3,5,2,uniform,service_sigma_0.2,LC_LI,66,2314,20387495,131.14316641992292,168.54512889004724
1,3,5,2,uniform,service_sigma_0.2,LC_LI,67,270,20387495,131.18511119217357,178.697520450982
1,3,5,2,uniform,service_sigma_0.2,LC_LI,68,2236,20387495,97.05914432569357,145.67152282504034
1,3,5,2,uniform,service_sigma_0.2,LC_LI,69,2048,20387495,103.63868260572931,136.28554195124278
1,3,5,2,uniform,service_sigma_0.2,LC_LI,70,2045,20387495,118.22054810378191,181.1846139095074
1,3,5,2,uniform,service_sigma_0.2,LC_LI,71,1271,20387495,152.8450607604796,199.69550924172918
1,3,5,2,uniform,service_sigma_0.2,LC_LI,72,2956,20387495,151.59286122719706,198.78580779302288
1,3,5,2,uniform,service_sigma_0.2,LC_LI,73,2139,20387495,118.72301021466059,178.37299400895517
1,3,5,2,uniform,service_sigma_0.2,LC_LI,74,1579,20387495,104.6630520664153,157.46945400744568
1,3,5,2,uniform,service_sigma_0.2,LC_LI,75,2414,20387495,126.50442113316637,162.2902187961107
1,3,5,2,uniform,service_sigma_0.2,LC_LI,76,1982,20387495,149.76748811717437,178.92552400096562
1,3,5,2,uniform,service_sigma_0.2,LC_LI,77,1481,20387495,153.15199602515787,182.10313143984223
1,3,5,2,uniform,service_sigma_0.2,LC_LI,78,1675,20387495,131.69303272950546,199.7986656700066
1,3,5,2,uniform,service_sigma_0.2,LC_LI,79,1311,20387495,112.61741800217887,146.26372242957333
1,3,5,2,uniform,service_sigma_0.2,LC_LI,80,716,20387495,148.33421985621263,223.14137502454298
1,3,5,2,uniform,service_sigma_0.2,LC_LI,81,427,20387495,114.89981847371726,164.16531345725954
1,3,5,2,uniform,service_sigma_0.2,LC_LI,82,1243,20387495,108.93955150420895,120.33699629033897
1,3,5,2,uniform,service_sigma_0.2,LC_LI,83,66,20387495,99.75356037135029,186.68267752571765
1,3,5,2,uniform,service_sigma_0.2,LC_LI,84,151,20387495,116.12122180615584,189.80747338208147
1,3,5,2,uniform,service_sigma_0.2,LC_LI,85,1056,20387495,147.81391552839455,198.6223988081838
1,3,5,2,uniform,service_sigma_0.2,LC_LI,86,1275,20387495,133.32419536821777,147.38149258340462
1,3,5,2,uniform,service_sigma_0.2,LC_LI,87,2010,20387495,127.97669982225477,193.73581716356793
1,3,5,2,uniform,service_sigma_0.2,LC_LI,88,2397,20387495,125.12982110841085,120.30079462642631
1,3,5,2,uniform,service_sigma_0.2,LC_LI,89,1409,20387495,149.3406308772433,180.32233502219322
1,3,5,2,uniform,service_sigma_0.2,LC_LI,90,350,20387495,111.13042594139044,166.55334279920967
1,3,5,2,uniform,service_sigma_0.2,LC_LI,91,1355,20387495,98.85924734464402,177.7259343476075
1,3,5,2,uniform,service_sigma_0.2,LC_LI,92,1144,20387495,139.53700563291116,212.90179549217484
1,3,5,2,uniform,service_sigma_0.2,LC_LI,93,166,20387495,145.92938524756852,188.15661541047683
1,3,5,2,uniform,service_sigma_0.2,LC_LI,94,403,20387495,125.75155957015792,169.3688786583818
1,3,5,2,uniform,service_sigma_0.2,LC_LI,95,2314,20387495,111.2018405075312,191.48634552873938
1,3,5,2,uniform,service_sigma_0.2,LC_LI,96,779,20387495,124.41612371763692,196.96434953609275
1,3,5,2,uniform,service_sigma_0.2,LC_LI,97,2609,20387495,192.34428377315152,231.24983640823436
1,3,5,2,uniform,service_sigma_0.2,LC_LI,98,2397,20387495,108.32167675165267,120.80712773210503
1,3,5,2,uniform,service_sigma_0.2,LC_LI,99,711,20387495,149.0774270428769,161.79144085287774
1,3,5,2,uniform,service_sigma_0.2,LC_LI,100,711,20387495,132.5921357117384,208.19271002570937
1,3,5,2,uniform,service_sigma_0.2,LC_LI,101,2314,20387495,119.7408309450905,176.4038851078425
1,3,5,2,uniform,service_sigma_0.2,LC_LI,102,733,20387495,146.6890298074667,210.14240671218707
1,3,5,2,uniform,service_sigma_0.2,LC_LI,103,1275,20387495,133.94522504585282,145.1711832385807
1,3,5,2,uniform,service_sigma_0.2,LC_LI,104,528,20387495,136.49099628209788,211.02188603848793
1,3,5,2,uniform,service_sigma_0.2,LC_LI,105,571,20387495,120.06787448368888,143.3647778195321
1,3,5,2,uniform,service_sigma_0.2,LC_LI,106,193,20387495,133.43985648480097,198.01696281327932
1,3,5,2,uniform,service_sigma_0.2,LC_LI,107,1689,20387495,125.81042130074738,167.8837908063165
1,3,5,2,uniform,service_sigma_0.2,LC_LI,108,389,20387495,138.832062313226,212.9855729862098
1,3,5,2,uniform,service_sigma_0.2,LC_LI,109,1623,20387495,98.04202537519517,142.25197074784842
1,3,5,2,uniform,service_sigma_0.2,LC_LI,110,1789,20387495,122.96376685037252,173.86325627320983
1,3,5,2,uniform,service_sigma_0.2,LC_LI,111,1481,20387495,170.40574853696722,215.0918828336899
1,3,5,2,uniform,service_sigma_0.2,LC_LI,112,340,20387495,137.20193856460318,179.2820979765426
1,3,5,2,uniform,service_sigma_0.2,LC_LI,113,1838,20387495,133.47157559373284,187.23290368748226
1,3,5,2,uniform,service_sigma_0.2,LC_LI,114,528,20387495,133.2482925987455,210.60185271972423
1,3,5,2,uniform,service_sigma_0.2,LC_LI,115,2414,20387495,138.92643331886293,176.15085945144264
1,3,5,2,uniform,service_sigma_0.2,LC_LI,116,828,20387495,138.63567041760942,156.3972258792105
1,3,5,2,uniform,service_sigma_0.2,LC_LI,117,20,20387495,153.59441294418968,221.3743806112371
1,3,5,2,uniform,service_sigma_0.2,LC_LI,118,543,20387495,135.11542121815916,191.5851698517854
1,3,5,2,uniform,service_sigma_0.2,LC_LI,119,1851,20387495,156.68828678451808,227.97909891987715
1,3,5,2,uniform,service_sigma_0.2,LC_LI,120,1046,20387495,144.87299576015167,191.76496482475562
1,3,5,2,uniform,service_sigma_0.2,LC_LI,121,952,20387495,111.32616259224879,143.49966473816613
1,3,5,2,uniform,service_sigma_0.2,LC_LI,122,1503,20387495,128.42871760609196,146.21802066978952
1,3,5,2,uniform,service_sigma_0.2,LC_LI,123,1195,20387495,145.61981535755274,174.41249315685778
1,3,5,2,uniform,service_sigma_0.2,LC_LI,124,2501,20387495,137.7884007344267,196.0435889719205
1,3,5,2,uniform,service_sigma_0.2,LC_LI,125,2770,20387495,143.49213209950477,192.6839926325442
1,3,5,2,uniform,service_sigma_0.2,LC_LI,126,267,20387495,136.11150700338996,191.34730655942732
1,3,5,2,uniform,service_sigma_0.2,LC_LI,127,540,20387495,142.6137610086435,182.69060571910387
1,3,5,2,uniform,service_sigma_0.2,LC_LI,128,267,20387495,133.67533495094992,174.26543831553525
1,3,5,2,uniform,service_sigma_0.2,LC_LI,129,2048,20387495,107.68834702509841,142.64941183527495
1,3,5,2,uniform,service_sigma_0.2,LC_LI,130,1443,20387495,131.4786827610591,205.48073327310297
1,3,5,2,uniform,service_sigma_0.2,LC_LI,131,403,20387495,119.51086664009503,179.93841967306676
1,3,5,2,uniform,service_sigma_0.2,LC_LI,132,2063,20387495,113.29150958696628,142.32293703995356
1,3,5,2,uniform,service_sigma_0.2,LC_LI,133,2734,20387495,108.84552898688493,144.4297868547819
1,3,5,2,uniform,service_sigma_0.2,LC_LI,134,262,20387495,122.65580143061962,149.21807731918219
1,3,5,2,uniform,service_sigma_0.2,LC_LI,135,1579,20387495,111.88609947645547,149.74036400483055
1,3,5,2,uniform,service_sigma_0.2,LC_LI,136,21,20387495,125.91164326861124,177.18016592758238
1,3,5,2,uniform,service_sigma_0.2,LC_LI,137,1851,20387495,160.49834406489603,216.22016302874306
1,3,5,2,uniform,service_sigma_0.2,LC_LI,138,1789,20387495,132.0491615705543,182.38285045826572
1,3,5,2,uniform,service_sigma_0.2,LC_LI,139,1100,20387495,109.07629159756864,163.0048800743786
1,3,5,2,uniform,service_sigma_0.2,LC_LI,140,1651,20387495,121.23685471836829,186.5500800447863
1,3,5,2,uniform,service_sigma_0.2,LC_LI,141,615,20387495,91.22865688757348,119.07091777439199
1,3,5,2,uniform,service_sigma_0.2,LC_LI,142,2236,20387495,115.64000791253088,143.71447874132772
1,3,5,2,uniform,service_sigma_0.2,LC_LI,143,895,20387495,155.60272425439305,205.30900741369766
1,3,5,2,uniform,service_sigma_0.2,LC_LI,144,1838,20387495,134.47504732770332,166.74542957995916
1,3,5,2,uniform,service_sigma_0.2,LC_LI,145,2609,20387495,189.02380293939248,229.87678929058393
1,3,5,2,uniform,service_sigma_0.2,LC_LI,146,970,20387495,149.0023567335741,187.08503767446848
1,3,5,2,uniform,service_sigma_0.2,LC_LI,147,1579,20387495,110.97438658246193,146.3437005314218
1,3,5,2,uniform,service_sigma_0.2,LC_LI,148,423,20387495,145.59210908848647,186.36576018358105
1,3,5,2,uniform,service_sigma_0.2,LC_LI,149,2544,20387495,114.78522938850712,176.99997929400197
1,3,5,2,uniform,service_sigma_0.2,LC_LI,150,66,20387495,108.14277192015541,187.9804923225154
1,3,5,2,uniform,service_sigma_0.2,LC_LI,151,427,20387495,115.89059744560637,183.33104481328766
1,3,5,2,uniform,service_sigma_0.2,LC_LI,152,299,20387495,158.21511902438837,204.29395430695376
1,3,5,2,uniform,service_sigma_0.2,LC_LI,153,2802,20387495,99.2809995081198,141.18996329663676
1,3,5,2,uniform,service_sigma_0.2,LC_LI,154,2609,20387495,173.653405489535,229.9251564389038
1,3,5,2,uniform,service_sigma_0.2,LC_LI,155,552,20387495,145.95601332103087,224.84321498335845
1,3,5,2,uniform,service_sigma_0.2,LC_LI,156,2397,20387495,125.96995067432835,112.65577322800681
1,3,5,2,uniform,service_sigma_0.2,LC_LI,157,427,20387495,115.16901692284826,181.7364105327249
1,3,5,2,uniform,service_sigma_0.2,LC_LI,158,2093,20387495,159.7430797328855,155.43001258038754
1,3,5,2,uniform,service_sigma_0.2,LC_LI,159,2770,20387495,143.9285117073591,189.07914423714345
1,3,5,2,uniform,service_sigma_0.2,LC_LI,160,1391,20387495,151.8433881990475,170.8433881990475
1,3,5,2,uniform,service_sigma_0.2,LC_LI,161,1982,20387495,152.0344478581968,175.5327170252475
1,3,5,2,uniform,service_sigma_0.2,LC_LI,162,2743,20387495,128.42213041384866,213.41892216601275
1,3,5,2,uniform,service_sigma_0.2,LC_LI,163,895,20387495,140.87954854487683,168.08776082532975
1,3,5,2,uniform,service_sigma_0.2,LC_LI,164,2680,20387495,132.55103131063814,158.73112688109813
1,3,5,2,uniform,service_sigma_0.2,LC_LI,165,2524,20387495,113.80265189377127,122.89233549117701
1,3,5,2,uniform,service_sigma_0.2,LC_LI,166,828,20387495,115.06795077166193,155.40706196486016
1,3,5,2,uniform,service_sigma_0.2,LC_LI,167,2527,20387495,121.67931072230836,138.7592895891078
1,3,5,2,uniform,service_sigma_0.2,LC_LI,168,577,20387495,121.92783702619782,193.03122255983672
1,3,5,2,uniform,service_sigma_0.2,LC_LI,169,2729,20387495,131.09899618286653,167.16286739482226
1,3,5,2,uniform,service_sigma_0.2,LC_LI,170,1046,20387495,137.4897618811927,196.19346898211387
1,3,5,2,uniform,service_sigma_0.2,LC_LI,171,1851,20387495,172.24715613026007,237.16949997876446
1,3,5,2,uniform,service_sigma_0.2,LC_LI,172,112,20387495,115.05017035641136,140.90848061715053
1,3,5,2,uniform,service_sigma_0.2,LC_LI,173,2772,20387495,123.48529390615403,195.0488142797225
1,3,5,2,uniform,service_sigma_0.2,LC_LI,174,2056,20387495,112.79008269763413,191.56002518863752
1,3,5,2,uniform,service_sigma_0.2,LC_LI,175,2556,20387495,135.6098781006388,166.35872266409555
1,3,5,2,uniform,service_sigma_0.2,LC_LI,176,13,20387495,130.6517514108767,201.181431177546
1,3,5,2,uniform,service_sigma_0.2,LC_LI,177,475,20387495,118.44361868659408,102.0604854057691
1,3,5,2,uniform,service_sigma_0.2,LC_LI,178,1252,20387495,105.71874997720766,143.95607921568686
1,3,5,2,uniform,service_sigma_0.2,LC_LI,179,267,20387495,127.10435303988568,169.70665647938904
1,3,5,2,uniform,service_sigma_0.2,LC_LI,180,10,20387495,124.21682550954381,178.49248938078205
1,3,5,2,uniform,service_sigma_0.2,LC_LI,181,193,20387495,155.00439669261067,206.99724856760005
1,3,5,2,uniform,service_sigma_0.2,LC_LI,182,262,20387495,144.59609008187493,147.33369627028083
1,3,5,2,uniform,service_sigma_0.2,LC_LI,183,2063,20387495,110.27906591545243,149.39919762345878
1,3,5,2,uniform,service_sigma_0.2,LC_LI,184,48,20387495,122.96288475070732,181.86383696709532
1,3,5,2,uniform,service_sigma_0.2,LC_LI,185,2479,20387495,141.55095101271226,188.39188619189997
1,3,5,2,uniform,service_sigma_0.2,LC_LI,186,1387,20387495,148.48026818241274,206.5455754113944
1,3,5,2,uniform,service_sigma_0.2,LC_LI,187,2948,20387495,127.77049414784568,167.09921649784562
1,3,5,2,uniform,service_sigma_0.2,LC_LI,188,816,20387495,125.95858574562287,160.01095763425513
1,3,5,2,uniform,service_sigma_0.2,LC_LI,189,1046,20387495,142.88808876442994,192.0632581990356
1,3,5,2,uniform,service_sigma_0.2,LC_LI,190,475,20387495,109.4412193392343,115.18553909099444
1,3,5,2,uniform,service_sigma_0.2,LC_LI,191,1979,20387495,143.00128850191388,206.6622505599164
1,3,5,2,uniform,service_sigma_0.2,LC_LI,192,1773,20387495,130.53354112726473,201.81806970600636
1,3,5,2,uniform,service_sigma_0.2,LC_LI,193,2414,20387495,117.85487063724366,158.78621602796852
1,3,5,2,uniform,service_sigma_0.2,LC_LI,194,1689,20387495,117.66527305819362,165.08069881478232
1,3,5,2,uniform,service_sigma_0.2,LC_LI,195,2077,20387495,158.98834456168024,212.46311543583946
1,3,5,2,uniform,service_sigma_0.2,LC_LI,196,2675,20387495,146.91633040938964,184.55353266081417
1,3,5,2,uniform,service_sigma_0.2,LC_LI,197,2734,20387495,113.05170119898983,137.69734524025353
1,3,5,2,uniform,service_sigma_0.2,LC_LI,198,1580,20387495,110.17631226123012,146.4098620602639
1,3,5,2,uniform,service_sigma_0.2,LC_LI,199,1689,20387495,132.9983764549462,157.96708228548437
3,3,15,2,clustered,service_sigma_0.2,random,0,2174,20587501,127.7349768937854,164.5765566373015
3,3,15,2,clustered,service_sigma_0.2,random,1,1396,20587501,185.69981033679417,222.55545656187778
3,3,15,2,clustered,service_sigma_0.2,random,2,1765,20587501,193.24825649756045,236.9042290314923
3,3,15,2,clustered,service_sigma_0.2,random,3,2318,20587501,168.8954260247624,230.0712390198537
3,3,15,2,clustered,service_sigma_0.2,random,4,221,20587501,147.56195845618353,191.0344494874713
3,3,15,2,clustered,service_sigma_0.2,random,5,2295,20587501,140.91761123285323,185.36740888371844
3,3,15,2,clustered,service_sigma_0.2,random,6,789,20587501,128.77194660409555,132.77194660409555
3,3,15,2,clustered,service_sigma_0.2,random,7,243,20587501,103.4493673583501,139.6458303025964
3,3,15,2,clustered,service_sigma_0.2,random,8,35,20587501,112.46084232848133,173.61576338708625
3,3,15,2,clustered,service_sigma_0.2,random,9,1968,20587501,140.87572114164834,209.23815468746966
3,3,15,2,clustered,service_sigma_0.2,random,10,2149,20587501,161.02712988146664,167.01063988073088
3,3,15,2,clustered,service_sigma_0.2,random,11,2488,20587501,119.47818403174543,157.64497336131555
3,3,15,2,clustered,service_sigma_0.2,random,12,1205,20587501,141.4930632072123,178.89788503131743
3,3,15,2,clustered,service_sigma_0.2,random,13,1128,20587501,154.707207161078,203.24946071977408
3,3,15,2,clustered,service_sigma_0.2,random,14,848,20587501,156.40374919641556,176.38849828280854
3,3,15,2,clustered,service_sigma_0.2,random,15,1848,20587501,179.59956120670174,202.24516852206457
3,3,15,2,clustered,service_sigma_0.2,random,16,1756,20587501,132.75042596009013,167.09669140810206
3,3,15,2,clustered,service_sigma_0.2,random,17,916,20587501,163.33165343334028,263.99376917841516
3,3,15,2,clustered,service_sigma_0.2,random,18,1483,20587501,140.04715836325204,171.65904928080164
3,3,15,2,clustered,service_sigma_0.2,random,19,185,20587501,127.50799238907301,190.43798511539225
3,3,15,2,clustered,service_sigma_0.2,random,20,1065,20587501,170.87293893391828,229.0961134724499
3,3,15,2,clustered,service_sigma_0.2,random,21,2481,20587501,123.22779579986928,133.31421616926536
3,3,15,2,clustered,service_sigma_0.2,random,22,8,20587501,146.87956537385128,197.14829822610804
3,3,15,2,clustered,service_sigma_0.2,random,23,2652,20587501,138.47114275751534,148.90091348039158
3,3,15,2,clustered,service_sigma_0.2,random,24,860,20587501,137.18757999965206,148.635112221175
3,3,15,2,clustered,service_sigma_0.2,random,25,776,20587501,120.10712261070827,146.68140841652024
3,3,15,2,clustered,service_sigma_0.2,random,26,175,20587501,157.67290539039658,202.22217554185093
3,3,15,2,clustered,service_sigma_0.2,random,27,2517,20587501,163.20827425181514,200.49655803774885
3,3,15,2,clustered,service_sigma_0.2,random,28,238,20587501,175.83923181976644,231.451713745149
3,3,15,2,clustered,service_sigma_0.2,random,29,2237,20587501,129.14264394402136,162.80234369308576
3,3,15,2,clustered,service_sigma_0.2,random,30,21,20587501,146.59174713914499,213.1682075848733
3,3,15,2,clustered,service_sigma_0.2,random,31,529,20587501,127.06490705016174,174.0330198119689
3,3,15,2,clustered,service_sigma_0.2,random,32,923,20587501,162.93713945853372,234.93635544789743
3,3,15,2,clustered,service_sigma_0.2,random,33,1932,20587501,124.62869916217466,148.62869916217466
3,3,15,2,clustered,service_sigma_0.2,random,34,1310,20587501,171.94152431343667,195.56122341809652
3,3,15,2,clustered,service_sigma_0.2,random,35,2347,20587501,154.98443138504734,221.12993915855878
3,3,15,2,clustered,service_sigma_0.2,random,36,291,20587501,167.63652400349594,224.71087570550816
3,3,15,2,clustered,service_sigma_0.2,random,37,1740,20587501,169.7131138783095,200.70027014519897
3,3,15,2,clustered,service_sigma_0.2,random,38,330,20587501,124.60971925127741,167.18160544621907
3,3,15,2,clustered,service_sigma_0.2,random,39,319,20587501,139.64140634471678,182.60270279521066
3,3,15,2,clustered,service_sigma_0.2,random,40,137,20587501,161.8708985703955,188.23616363213102
3,3,15,2,clustered,service_sigma_0.2,random,41,1625,20587501,119.10879658658521,213.1325176201841
3,3,15,2,clustered,service_sigma_0.2,random,42,1123,20587501,130.26130310506048,164.75045449593685
3,3,15,2,clustered,service_sigma_0.2,random,43,634,20587501,161.54974023878162,226.0296176993874
3,3,15,2,clustered,service_sigma_0.2,random,44,1386,20587501,163.1042225570186,181.91432008256652
3,3,15,2,clustered,service_sigma_0.2,random,45,1330,20587501,142.57696001778592,205.48866403215996
3,3,15,2,clustered,service_sigma_0.2,random,46,919,20587501,143.89075914745737,207.09533508859818
3,3,15,2,clustered,service_sigma_0.2,random,47,1825,20587501,117.95984642606719,174.60485749592277
3,3,15,2,clustered,service_sigma_0.2,random,48,1358,20587501,155.08456509476608,234.5512289584978
3,3,15,2,clustered,service_sigma_0.2,random,49,2546,20587501,162.46303871159063,223.47815293318533
3,3,15,2,clustered,service_sigma_0.2,random,50,1293,20587501,157.7369083404978,222.7557534747158
3,3,15,2,clustered,service_sigma_0.2,random,51,2666,20587501,154.7226095779634,220.7230877349977
3,3,15,2,clustered,service_sigma_0.2,random,52,2973,20587501,144.27703928179668,239.75411584304047
3,3,15,2,clustered,service_sigma_0.2,random,53,948,20587501,136.86246858825976,205.73245107132354
3,3,15,2,clustered,service_sigma_0.2,random,54,2089,20587501,139.66703217673748,186.30885668898657
3,3,15,2,clustered,service_sigma_0.2,random,55,779,20587501,169.22523198412225,211.8962164022873
3,3,15,2,clustered,service_sigma_0.2,random,56,356,20587501,124.86918946599877,176.66100131132845
3,3,15,2,clustered,service_sigma_0.2,random,57,2554,20587501,137.28440977126502,160.9010724672056
3,3,15,2,clustered,service_sigma_0.2,random,58,2556,20587501,141.3628457555464,187.9487908050119
3,3,15,2,clustered,service_sigma_0.2,random,59,2283,20587501,136.28557977313866,127.16042035800642
3,3,15,2,clustered,service_sigma_0.2,random,60,2662,20587501,176.359180462162,212.00162442429172
3,3,15,2,clustered,service_sigma_0.2,random,61,500,20587501,104.59751238805939,148.9281796262858
3,3,15,2,clustered,service_sigma_0.2,random,62,1520,20587501,142.030466453683,173.22805309818435
3,3,15,2,clustered,service_sigma_0.2,random,63,1887,20587501,138.0762976208029,202.90708816462467
3,3,15,2,clustered,service_sigma_0.2,random,64,2047,20587501,119.42231610849808,131.40538368731796
3,3,15,2,clustered,service_sigma_0.2,random,65,990,20587501,132.4798730098708,165.06411927486394
3,3,15,2,clustered,service_sigma_0.2,random,66,2875,20587501,155.21867395283957,192.3493440624055
3,3,15,2,clustered,service_sigma_0.2,random,67,2559,20587501,135.9916638971506,172.4227791275925
3,3,15,2,clustered,service_sigma_0.2,random,68,1209,20587501,147.3075764822876,208.3118757625856
3,3,15,2,clustered,service_sigma_0.2,random,69,2750,20587501,133.01308029275245,174.2295200468992
3,3,15,2,clustered,service_sigma_0.2,random,70,249,20587501,143.89728448466337,179.866711752987
3,3,15,2,clustered,service_sigma_0.2,random,71,2196,20587501,128.74170277457756,178.5009955596169
3,3,15,2,clustered,service_sigma_0.2,random,72,1200,20587501,140.4460773910777,176.22028844002165
3,3,15,2,clustered,service_sigma_0.2,random,73,1441,20587501,143.23405343658166,218.92508724435038
3,3,15,2,clustered,service_sigma_0.2,random,74,127,20587501,148.96257857792284,179.36472584824773
3,3,15,2,clustered,service_sigma_0.2,random,75,2358,20587501,123.14859883812449,158.2990274154942
3,3,15,2,clustered,service_sigma_0.2,random,76,1147,20587501,93.78028633320162,143.66014032279614
3,3,15,2,clustered,service_sigma_0.2,random,77,1399,20587501,142.04409498892622,187.64773500737857
3,3,15,2,clustered,service_sigma_0.2,random,78,289,20587501,174.47116205511247,213.74724455217043
3,3,15,2,clustered,service_sigma_0.2,random,79,2438,20587501,146.9214480337267,220.88332038150432
3,3,15,2,clustered,service_sigma_0.2,random,80,2746,20587501,151.02331034645613,202.09969116576218
3,3,15,2,clustered,service_sigma_0.2,random,81,2438,20587501,142.9902393405269,221.38273618401027
3,3,15,2,clustered,service_sigma_0.2,random,82,1638,20587501,118.44305908937002,172.00686943998068
3,3,15,2,clustered,service_sigma_0.2,random,83,929,20587501,156.63043628278513,164.23588722413635
3,3,15,2,clustered,service_sigma_0.2,random,84,1507,20587501,121.92241564410243,185.34613635271828
3,3,15,2,clustered,service_sigma_0.2,random,85,1956,20587501,153.26559327174485,208.25244072066468
3,3,15,2,clustered,service_sigma_0.2,random,86,1791,20587501,140.18982601290423,196.04464479138852
3,3,15,2,clustered,service_sigma_0.2,random,87,2217,20587501,165.5733765999216,233.76206934745477
3,3,15,2,clustered,service_sigma_0.2,random,88,465,20587501,144.08548236413696,203.11633616979157
3,3,15,2,clustered,service_sigma_0.2,random,89,1440,20587501,161.57645223651676,212.52758198522093
3,3,15,2,clustered,service_sigma_0.2,random,90,2237,20587501,150.8721197500785,174.53227888278505
3,3,15,2,clustered,service_sigma_0.2,random,91,1527,20587501,152.25898572924177,220.5022255665675
3,3,15,2,clustered,service_sigma_0.2,random,92,2090,20587501,161.04360729100577,199.6565147141147
3,3,15,2,clustered,service_sigma_0.2,random,93,669,20587501,161.2028253833872,223.88852150066933
3,3,15,2,clustered,service_sigma_0.2,random,94,905,20587501,148.1506454551534,209.60117443153027
3,3,15,2,clustered,service_sigma_0.2,random,95,2428,20587501,117.66860678216985,192.39429620331344
3,3,15,2,clustered,service_sigma_0.2,random,96,2745,20587501,150.66700587327188,177.8974852345071
3,3,15,2,clustered,service_sigma_0.2,random,97,138,20587501,125.56977213053578,175.39095502631088
3,3,15,2,clustered,service_sigma_0.2,random,98,2451,20587501,149.10588818772726,187.4996012351117
3,3,15,2,clustered,service_sigma_0.2,random,99,117,20587501,145.71258601014642,229.95597329307282
3,3,15,2,clustered,service_sigma_0.2,random,100,767,20587501,115.05062194030397,140.72448987596846
3,3,15,2,clustered,service_sigma_0.2,random,101,1099,20587501,158.99785993171258,243.40731874684002
3,3,15,2,clustered,service_sigma_0.2,random,102,364,20587501,172.4045615869291,205.33143026880649
3,3,15,2,clustered,service_sigma_0.2,random,103,2770,20587501,118.83764485844827,173.06093712184366
3,3,15,2,clustered,service_sigma_0.2,random,104,1747,20587501,165.5529114991311,189.95100297206818
3,3,15,2,clustered,service_sigma_0.2,random,105,79,20587501,114.99901488497609,151.79615384820806
3,3,15,2,clustered,service_sigma_0.2,random,106,841,20587501,145.1757029329084,190.06284771734005
3,3,15,2,clustered,service_sigma_0.2,random,107,2935,20587501,129.04286447760077,173.37111399904234
3,3,15,2,clustered,service_sigma_0.2,random,108,1745,20587501,136.22470239852106,179.1002763428055
3,3,15,2,clustered,service_sigma_0.2,random,109,201,20587501,158.16869031308283,236.41806484360868
3,3,15,2,clustered,service_sigma_0.2,random,110,930,20587501,152.93073305899847,212.879400906718
3,3,15,2,clustered,service_sigma_0.2,random,111,108,20587501,163.68050000753584,229.97616853155213
3,3,15,2,clustered,service_sigma_0.2,random,112,669,20587501,170.54116520512216,208.34038010692237
3,3,15,2,clustered,service_sigma_0.2,random,113,2748,20587501,133.92453341921126,182.07992259666312
3,3,15,2,clustered,service_sigma_0.2,random,114,2198,20587501,131.13014246541337,206.94996326923803
3,3,15,2,clustered,service_sigma_0.2,random,115,990,20587501,132.1023966283292,165.36709573554936
3,3,15,2,clustered,service_sigma_0.2,random,116,910,20587501,130.02632427631707,177.34078105272704
3,3,15,2,clustered,service_sigma_0.2,random,117,1512,20587501,143.1578893656735,172.14651474797546
3,3,15,2,clustered,service_sigma_0.2,random,118,1718,20587501,148.251921138444,209.82022905857727
3,3,15,2,clustered,service_sigma_0.2,random,119,952,20587501,139.72784413888627,211.88087224625593
3,3,15,2,clustered,service_sigma_0.2,random,120,520,20587501,147.09948066574688,204.35995505872162
3,3,15,2,clustered,service_sigma_0.2,random,121,1581,20587501,139.7693198619061,227.6286990963793
3,3,15,2,clustered,service_sigma_0.2,random,122,2433,20587501,141.60859519844533,178.78408976095557
3,3,15,2,clustered,service_sigma_0.2,random,123,2226,20587501,139.26665031237212,210.7776434285868
3,3,15,2,clustered,service_sigma_0.2,random,124,91,20587501,132.6301028084412,153.64706187770545
3,3,15,2,clustered,service_sigma_0.2,random,125,2959,20587501,130.77207013951866,180.73457165480494
3,3,15,2,clustered,service_sigma_0.2,random,126,2366,20587501,101.69765154344785,102.4677448490557
3,3,15,2,clustered,service_sigma_0.2,random,127,2840,20587501,144.78450994541427,165.40087326842635
3,3,15,2,clustered,service_sigma_0.2,random,128,1273,20587501,161.268342526325,155.30960960747666
3,3,15,2,clustered,service_sigma_0.2,random,129,888,20587501,121.20810977003232,145.5107394512539
3,3,15,2,clustered,service_sigma_0.2,random,130,2204,20587501,178.96836912439983,226.5266427441294
3,3,15,2,clustered,service_sigma_0.2,random,131,266,20587501,110.47095579966911,163.9020016867142
3,3,15,2,clustered,service_sigma_0.2,random,132,473,20587501,167.9752986316296,253.65627107250486
3,3,15,2,clustered,service_sigma_0.2,random,133,191,20587501,118.297577124587,157.15987111181124
3,3,15,2,clustered,service_sigma_0.2,random,134,609,20587501,127.24257723439095,200.68529735354716
3,3,15,2,clustered,service_sigma_0.2,random,135,1929,20587501,163.94035891260873,216.61540029364005
3,3,15,2,clustered,service_sigma_0.2,random,136,2340,20587501,114.25713575756365,171.2038946679308
3,3,15,2,clustered,service_sigma_0.2,random,137,892,20587501,140.92591945818845,179.9229624594559
3,3,15,2,clustered,service_sigma_0.2,random,138,1921,20587501,142.60333968451852,210.29100062958707
3,3,15,2,clustered,service_sigma_0.2,random,139,2152,20587501,101.60985732417389,128.695958032146
3,3,15,2,clustered,service_sigma_0.2,random,140,949,20587501,152.63444007911198,197.86343704188255
3,3,15,2,clustered,service_sigma_0.2,random,141,650,20587501,122.56758112775825,184.36867311002976
3,3,15,2,clustered,service_sigma_0.2,random,142,2630,20587501,100.44240480379344,109.96201644437781
3,3,15,2,clustered,service_sigma_0.2,random,143,1570,20587501,152.08419666668834,214.17544615663297
3,3,15,2,clustered,service_sigma_0.2,random,144,279,20587501,128.03164321146107,161.03194395330357
3,3,15,2,clustered,service_sigma_0.2,random,145,1781,20587501,167.25400217895574,226.35163371669742
3,3,15,2,clustered,service_sigma_0.2,random,146,2777,20587501,127.13828037739734,131.57544106486196
3,3,15,2,clustered,service_sigma_0.2,random,147,736,20587501,167.25602517979604,238.50525795461186
3,3,15,2,clustered,service_sigma_0.2,random,148,2354,20587501,106.15688087797687,135.08195411250185
3,3,15,2,clustered,service_sigma_0.2,random,149,1604,20587501,156.60298619609773,206.51095734107034
3,3,15,2,clustered,service_sigma_0.2,random,150,2748,20587501,131.39165625366957,159.92790753498483
3,3,15,2,clustered,service_sigma_0.2,random,151,551,20587501,143.3074890453888,158.53938529158447
3,3,15,2,clustered,service_sigma_0.2,random,152,1086,20587501,115.19969688091815,138.68653078242912
3,3,15,2,clustered,service_sigma_0.2,random,153,40,20587501,135.39018938344518,167.80691331774003
3,3,15,2,clustered,service_sigma_0.2,random,154,2564,20587501,130.18118918352803,177.20099621894076
3,3,15,2,clustered,service_sigma_0.2,random,155,1678,20587501,132.0675284545759,172.4941040301718
3,3,15,2,clustered,service_sigma_0.2,random,156,308,20587501,173.9359020567561,219.9121899431623
3,3,15,2,clustered,service_sigma_0.2,random,157,624,20587501,142.0740994587651,178.31037752564035
3,3,15,2,clustered,service_sigma_0.2,random,158,263,20587501,144.21434869082717,181.5988032021009
3,3,15,2,clustered,service_sigma_0.2,random,159,2929,20587501,163.4639944513286,272.3537499392942
3,3,15,2,clustered,service_sigma_0.2,random,160,1988,20587501,158.94113944927727,217.44492398906266
3,3,15,2,clustered,service_sigma_0.2,random,161,67,20587501,147.58017138222462,226.90055040140365
3,3,15,2,clustered,service_sigma_0.2,random,162,1262,20587501,155.95387754947694,213.7356046429922
3,3,15,2,clustered,service_sigma_0.2,random,163,2541,20587501,136.9157674432532,184.2357276278944
3,3,15,2,clustered,service_sigma_0.2,random,164,280,20587501,125.32638953922782,180.58383907536475
3,3,15,2,clustered,service_sigma_0.2,random,165,507,20587501,128.67064435867144,180.3541796469086
3,3,15,2,clustered,service_sigma_0.2,random,166,1320,20587501,140.12331086771923,220.28537183291112
3,3,15,2,clustered,service_sigma_0.2,random,167,429,20587501,136.62439180000723,212.2438614998291
3,3,15,2,clustered,service_sigma_0.2,random,168,1085,20587501,155.95528628170823,245.95528628170823
3,3,15,2,clustered,service_sigma_0.2,random,169,1313,20587501,146.66863265302712,222.68614655709982
3,3,15,2,clustered,service_sigma_0.2,random,170,1488,20587501,132.80036421775583,179.45722378068658
3,3,15,2,clustered,service_sigma_0.2,random,171,2622,20587501,147.2945123411742,164.55077680839727
3,3,15,2,clustered,service_sigma_0.2,random,172,667,20587501,172.94223794530342,206.17910823775702
3,3,15,2,clustered,service_sigma_0.2,random,173,1950,20587501,140.48682094836036,173.48682094836036
3,3,15,2,clustered,service_sigma_0.2,random,174,375,20587501,101.1568642001204,163.73136838190146
3,3,15,2,clustered,service_sigma_0.2,random,175,2660,20587501,132.39162054616872,199.39162054616872
3,3,15,2,clustered,service_sigma_0.2,random,176,1845,20587501,140.0357051395754,212.58951283342606
3,3,15,2,clustered,service_sigma_0.2,random,177,1908,20587501,119.6433680606788,185.97472435871094
3,3,15,2,clustered,service_sigma_0.2,random,178,2988,20587501,153.64070508435958,220.02433729291027
3,3,15,2,clustered,service_sigma_0.2,random,179,2,20587501,158.71716410927584,190.27341366197786
3,3,15,2,clustered,service_sigma_0.2,random,180,763,20587501,146.6364766978004,204.0252506210771
3,3,15,2,clustered,service_sigma_0.2,random,181,2821,20587501,127.35056821389465,148.01628499450968
3,3,15,2,clustered,service_sigma_0.2,random,182,2367,20587501,145.02811026314131,206.8850238721365
3,3,15,2,clustered,service_sigma_0.2,random,183,2393,20587501,119.07196498537805,158.9135396008134
3,3,15,2,clustered,service_sigma_0.2,random,184,1715,20587501,168.00239654515113,276.06056214179745
3,3,15,2,clustered,service_sigma_0.2,random,185,777,20587501,122.26897213731552,158.39536562620813
3,3,15,2,clustered,service_sigma_0.2,random,186,673,20587501,143.88784234875118,178.0764219752485
3,3,15,2,clustered,service_sigma_0.2,random,187,622,20587501,147.63363176656793,180.95893902556912
3,3,15,2,clustered,service_sigma_0.2,random,188,2855,20587501,150.8322354295227,237.42136710829448
3,3,15,2,clustered,service_sigma_0.2,random,189,2864,20587501,159.10669029149165,196.10593715672928
3,3,15,2,clustered,service_sigma_0.2,random,190,2624,20587501,116.53253645381494,157.82680955950366
3,3,15,2,clustered,service_sigma_0.2,random,191,1007,20587501,117.66050183086783,148.19359535891206
3,3,15,2,clustered,service_sigma_0.2,random,192,1260,20587501,148.9220288714874,221.5761931569987
3,3,15,2,clustered,service_sigma_0.2,random,193,2355,20587501,122.35685692784098,164.80515551475105
3,3,15,2,clustered,service_sigma_0.2,random,194,2542,20587501,155.5948461142611,193.25031711402232
3,3,15,2,clustered,service_sigma_0.2,random,195,1543,20587501,132.97845817175968,185.7380949768976
3,3,15,2,clustered,service_sigma_0.2,random,196,3,20587501,125.85227486889974,164.84051880532738
3,3,15,2,clustered,service_sigma_0.2,random,197,1411,20587501,126.88054815229407,179.2254970993204
3,3,15,2,clustered,service_sigma_0.2,random,198,923,20587501,159.3523292508973,237.5629699634633
3,3,15,2,clustered,service_sigma_0.2,random,199,257,20587501,139.48222274116534,168.77363951638034
3,3,15,2,clustered,service_sigma_0.2,HC_HI,0,2770,20587501,123.1241785387668,174.0346793540022
3,3,15,2,clustered,service_sigma_0.2,HC_HI,1,375,20587501,100.84766091334431,162.8634937874942
3,3,15,2,clustered,service_sigma_0.2,HC_HI,2,163,20587501,153.6083643693025,194.8732771888384
3,3,15,2,clustered,service_sigma_0.2,HC_HI,3,301,20587501,171.63504357213117,213.71372110457642
3,3,15,2,clustered,service_sigma_0.2,HC_HI,4,1970,20587501,134.18963825538128,196.06646851502268
3,3,15,2,clustered,service_sigma_0.2,HC_HI,5,103,20587501,115.75581033853834,128.70527672510016
3,3,15,2,clustered,service_sigma_0.2,HC_HI,6,2843,20587501,133.97224577383457,178.6037414535129
3,3,15,2,clustered,service_sigma_0.2,HC_HI,7,2608,20587501,121.78287072290925,164.12128484947942
3,3,15,2,clustered,service_sigma_0.2,HC_HI,8,419,20587501,118.34984310085346,137.73481942640947
3,3,15,2,clustered,service_sigma_0.2,HC_HI,9,1510,20587501,110.76976694102854,160.24453717831057
3,3,15,2,clustered,service_sigma_0.2,HC_HI,10,1961,20587501,126.58053755680208,148.68159097476206
3,3,15,2,clustered,service_sigma_0.2,HC_HI,11,1123,20587501,132.16344751640094,161.02567934899403
3,3,15,2,clustered,service_sigma_0.2,HC_HI,12,2173,20587501,137.96172674492064,219.6162536665418
3,3,15,2,clustered,service_sigma_0.2,HC_HI,13,2935,20587501,130.9552754259198,175.1803970341182
3,3,15,2,clustered,service_sigma_0.2,HC_HI,14,1948,20587501,140.5332049393893,164.99707915132518
3,3,15,2,clustered,service_sigma_0.2,HC_HI,15,1511,20587501,183.12754777334948,272.98243400196253
3,3,15,2,clustered,service_sigma_0.2,HC_HI,16,1286,20587501,119.01647586656061,173.92809070930468
3,3,15,2,clustered,service_sigma_0.2,HC_HI,17,2567,20587501,143.57625057090692,176.7335936874978
3,3,15,2,clustered,service_sigma_0.2,HC_HI,18,2640,20587501,101.68694349087957,138.07026488277074
3,3,15,2,clustered,service_sigma_0.2,HC_HI,19,806,20587501,129.61538742979485,188.23591399386456
3,3,15,2,clustered,service_sigma_0.2,HC_HI,20,375,20587501,99.79942308644733,161.05069107497613
3,3,15,2,clustered,service_sigma_0.2,HC_HI,21,912,20587501,124.42748202382386,151.51872978751797
3,3,15,2,clustered,service_sigma_0.2,HC_HI,22,569,20587501,137.92822860253824,223.1755615495357
3,3,15,2,clustered,service_sigma_0.2,HC_HI,23,2799,20587501,126.91610335906626,173.27368289857802
3,3,15,2,clustered,service_sigma_0.2,HC_HI,24,768,20587501,106.8587878477188,150.66849726253483
3,3,15,2,clustered,service_sigma_0.2,HC_HI,25,1535,20587501,127.00234122639267,168.08469973800004
3,3,15,2,clustered,service_sigma_0.2,HC_HI,26,138,20587501,124.91184368482834,174.30337229405194
3,3,15,2,clustered,service_sigma_0.2,HC_HI,27,661,20587501,141.11603817911114,192.93096440427047
3,3,15,2,clustered,service_sigma_0.2,HC_HI,28,1857,20587501,126.39364052721223,162.0636586428841
3,3,15,2,clustered,service_sigma_0.2,HC_HI,29,2082,20587501,133.70625971639498,202.41055756353924
3,3,15,2,clustered,service_sigma_0.2,HC_HI,30,2173,20587501,137.83000463723877,221.22482336327727
3,3,15,2,clustered,service_sigma_0.2,HC_HI,31,1328,20587501,120.37209885211074,191.37209885211075
3,3,15,2,clustered,service_sigma_0.2,HC_HI,32,2511,20587501,118.60636736356251,152.39504315902317
3,3,15,2,clustered,service_sigma_0.2,HC_HI,33,2597,20587501,131.21815979768888,184.47682878568813
3,3,15,2,clustered,service_sigma_0.2,HC_HI,34,1075,20587501,121.98650283501134,193.49485421939212
3,3,15,2,clustered,service_sigma_0.2,HC_HI,35,716,20587501,132.77566030668646,180.69449682034497
3,3,15,2,clustered,service_sigma_0.2,HC_HI,36,1677,20587501,112.24344185435143,167.94085270073774
3,3,15,2,clustered,service_sigma_0.2,HC_HI,37,1110,20587501,138.59636337735415,180.6074444908432
3,3,15,2,clustered,service_sigma_0.2,HC_HI,38,431,20587501,133.76115120182004,154.40352290038336
3,3,15,2,clustered,service_sigma_0.2,HC_HI,39,900,20587501,141.25266585949083,160.1809354859986
3,3,15,2,clustered,service_sigma_0.2,HC_HI,40,425,20587501,117.46774438424083,142.3021266576304
3,3,15,2,clustered,service_sigma_0.2,HC_HI,41,2766,20587501,130.70415598019622,177.31750205244325
3,3,15,2,clustered,service_sigma_0.2,HC_HI,42,794,20587501,141.2569905992796,163.26862902570608
3,3,15,2,clustered,service_sigma_0.2,HC_HI,43,1948,20587501,134.4964681227559,161.0059681779776
3,3,15,2,clustered,service_sigma_0.2,HC_HI,44,2766,20587501,129.22767805152492,178.72210059518886
3,3,15,2,clustered,service_sigma_0.2,HC_HI,45,2775,20587501,126.81512662578227,172.5416787608279
3,3,15,2,clustered,service_sigma_0.2,HC_HI,46,925,20587501,132.13908005231235,202.86173047459104
3,3,15,2,clustered,service_sigma_0.2,HC_HI,47,2813,20587501,116.92113937512465,130.40447988281323
3,3,15,2,clustered,service_sigma_0.2,HC_HI,48,1528,20587501,115.40803315035531,148.4080331503553
3,3,15,2,clustered,service_sigma_0.2,HC_HI,49,900,20587501,144.54113316806857,159.86698668282634
3,3,15,2,clustered,service_sigma_0.2,HC_HI,50,1015,20587501,133.69134567841405,181.24837150895632
3,3,15,2,clustered,service_sigma_0.2,HC_HI,51,943,20587501,125.79587470191699,163.60381059281048
3,3,15,2,clustered,service_sigma_0.2,HC_HI,52,661,20587501,141.78041934567779,191.81363420010106
3,3,15,2,clustered,service_sigma_0.2,HC_HI,53,959,20587501,121.55753682808808,136.6270026861674
3,3,15,2,clustered,service_sigma_0.2,HC_HI,54,1394,20587501,138.40518289009026,206.19574138460825
3,3,15,2,clustered,service_sigma_0.2,HC_HI,55,2813,20587501,116.57044732315525,131.47412678373695
3,3,15,2,clustered,service_sigma_0.2,HC_HI,56,668,20587501,121.51090436679334,168.17585393615653
3,3,15,2,clustered,service_sigma_0.2,HC_HI,57,653,20587501,152.2360582132846,192.84414436789393
3,3,15,2,clustered,service_sigma_0.2,HC_HI,58,2100,20587501,146.7302313869133,180.83518022675582
3,3,15,2,clustered,service_sigma_0.2,HC_HI,59,514,20587501,126.71707637239375,165.19679678454295
3,3,15,2,clustered,service_sigma_0.2,HC_HI,60,2665,20587501,131.56438067324137,159.96956694688342
3,3,15,2,clustered,service_sigma_0.2,HC_HI,61,1079,20587501,134.24057489771656,168.4017559626918
3,3,15,2,clustered,service_sigma_0.2,HC_HI,62,419,20587501,121.77854224422789,154.09307299532847
3,3,15,2,clustered,service_sigma_0.2,HC_HI,63,9,20587501,122.17335117828455,164.93480253394628
3,3,15,2,clustered,service_sigma_0.2,HC_HI,64,2275,20587501,141.33139657155036,169.70169389243603
3,3,15,2,clustered,service_sigma_0.2,HC_HI,65,99,20587501,121.17082454032668,162.10629860062184
3,3,15,2,clustered,service_sigma_0.2,HC_HI,66,943,20587501,127.94343954463679,169.17690137284083
3,3,15,2,clustered,service_sigma_0.2,HC_HI,67,177,20587501,134.28170362753198,162.65489269526284
3,3,15,2,clustered,service_sigma_0.2,HC_HI,68,1977,20587501,131.10154438163124,192.1312696504582
3,3,15,2,clustered,service_sigma_0.2,HC_HI,69,1160,20587501,130.6734339048937,182.56509052470338
3,3,15,2,clustered,service_sigma_0.2,HC_HI,70,1528,20587501,114.95700869079114,146.75443393987823
3,3,15,2,clustered,service_sigma_0.2,HC_HI,71,1148,20587501,127.14088215797574,218.00835410520378
3,3,15,2,clustered,service_sigma_0.2,HC_HI,72,1,20587501,137.89543874691523,212.76417508156237
3,3,15,2,clustered,service_sigma_0.2,HC_HI,73,1932,20587501,122.15686849192623,151.7413871663988
3,3,15,2,clustered,service_sigma_0.2,HC_HI,74,697,20587501,130.62741441810368,159.90870433371612
3,3,15,2,clustered,service_sigma_0.2,HC_HI,75,514,20587501,138.14859883812449,156.5318061705774
3,3,15,2,clustered,service_sigma_0.2,HC_HI,76,2551,20587501,151.03436213064788,160.25518052345402
3,3,15,2,clustered,service_sigma_0.2,HC_HI,77,1336,20587501,111.53981520816708,135.1954033574574
3,3,15,2,clustered,service_sigma_0.2,HC_HI,78,919,20587501,138.15915349892262,205.87071268505719
3,3,15,2,clustered,service_sigma_0.2,HC_HI,79,2238,20587501,167.8532699516793,212.2976667993585
3,3,15,2,clustered,service_sigma_0.2,HC_HI,80,716,20587501,128.649303509911,209.26993762344568
3,3,15,2,clustered,service_sigma_0.2,HC_HI,81,425,20587501,118.99023934052688,137.0418288046559
3,3,15,2,clustered,service_sigma_0.2,HC_HI,82,1328,20587501,121.99785276997994,191.25677058388237
3,3,15,2,clustered,service_sigma_0.2,HC_HI,83,2551,20587501,149.77813852350323,163.74699158906276
3,3,15,2,clustered,service_sigma_0.2,HC_HI,84,177,20587501,134.72104068239872,163.71509994797606
3,3,15,2,clustered,service_sigma_0.2,HC_HI,85,351,20587501,127.81358310740127,167.35920130720413
3,3,15,2,clustered,service_sigma_0.2,HC_HI,86,2110,20587501,186.48063819011261,266.7367470788655
3,3,15,2,clustered,service_sigma_0.2,HC_HI,87,1336,20587501,112.32879669686886,130.06829125322412
3,3,15,2,clustered,service_sigma_0.2,HC_HI,88,375,20587501,101.09987514720457,163.22054989827916
3,3,15,2,clustered,service_sigma_0.2,HC_HI,89,993,20587501,119.57645223651676,160.85533712630095
3,3,15,2,clustered,service_sigma_0.2,HC_HI,90,2549,20587501,117.88553399172675,146.5860974113457
3,3,15,2,clustered,service_sigma_0.2,HC_HI,91,68,20587501,126.24565684872051,190.94743640703848
3,3,15,2,clustered,service_sigma_0.2,HC_HI,92,113,20587501,117.04360729100574,154.40967089170533
3,3,15,2,clustered,service_sigma_0.2,HC_HI,93,1079,20587501,125.82575549731722,169.87391600576322
3,3,15,2,clustered,service_sigma_0.2,HC_HI,94,2799,20587501,131.6108041709044,170.5679234820955
3,3,15,2,clustered,service_sigma_0.2,HC_HI,95,1164,20587501,119.68112244055993,151.21172657986182
3,3,15,2,clustered,service_sigma_0.2,HC_HI,96,1886,20587501,113.50385602177622,141.11336031705545
3,3,15,2,clustered,service_sigma_0.2,HC_HI,97,2585,20587501,132.39095502631088,183.37420719252484
3,3,15,2,clustered,service_sigma_0.2,HC_HI,98,299,20587501,142.50263220271566,188.3279336912688
3,3,15,2,clustered,service_sigma_0.2,HC_HI,99,1336,20587501,112.13917354649804,136.73887797024145
3,3,15,2,clustered,service_sigma_0.2,HC_HI,100,768,20587501,110.05062194030397,152.79994403595208
3,3,15,2,clustered,service_sigma_0.2,HC_HI,101,12,20587501,132.73714835579028,219.7698279561426
3,3,15,2,clustered,service_sigma_0.2,HC_HI,102,2299,20587501,157.8747044765893,206.00322024943046
3,3,15,2,clustered,service_sigma_0.2,HC_HI,103,99,20587501,116.40011333520914,156.05819787088757
3,3,15,2,clustered,service_sigma_0.2,HC_HI,104,1,20587501,142.86854612334895,213.32465539825967
3,3,15,2,clustered,service_sigma_0.2,HC_HI,105,2911,20587501,126.69647469316267,149.8595405873472
3,3,15,2,clustered,service_sigma_0.2,HC_HI,106,1995,20587501,128.48493916618943,118.12138247067
3,3,15,2,clustered,service_sigma_0.2,HC_HI,107,912,20587501,124.24110110104391,147.04286447760074
3,3,15,2,clustered,service_sigma_0.2,HC_HI,108,804,20587501,122.47393389641293,135.96803777515302
3,3,15,2,clustered,service_sigma_0.2,HC_HI,109,2781,20587501,142.97740529388474,136.61777358154805
3,3,15,2,clustered,service_sigma_0.2,HC_HI,110,2830,20587501,130.99440748076665,184.57045099076726
3,3,15,2,clustered,service_sigma_0.2,HC_HI,111,1717,20587501,142.93963698171416,184.4803652444685
3,3,15,2,clustered,service_sigma_0.2,HC_HI,112,1164,20587501,121.3294656797138,150.26264904560355
3,3,15,2,clustered,service_sigma_0.2,HC_HI,113,2951,20587501,150.83092430670072,185.10615892077308
3,3,15,2,clustered,service_sigma_0.2,HC_HI,114,442,20587501,127.99405484740299,177.55202632636292
3,3,15,2,clustered,service_sigma_0.2,HC_HI,115,113,20587501,123.03908330630902,155.4946845048672
3,3,15,2,clustered,service_sigma_0.2,HC_HI,116,1446,20587501,106.66063809233734,135.731793092455
3,3,15,2,clustered,service_sigma_0.2,HC_HI,117,1380,20587501,134.4761886691959,127.40366020359107
3,3,15,2,clustered,service_sigma_0.2,HC_HI,118,889,20587501,138.31420428014417,186.2611924151055
3,3,15,2,clustered,service_sigma_0.2,HC_HI,119,1366,20587501,131.10229595969366,223.52218368225658
3,3,15,2,clustered,service_sigma_0.2,HC_HI,120,959,20587501,122.57376122995319,134.0166885434695
3,3,15,2,clustered,service_sigma_0.2,HC_HI,121,2425,20587501,112.6803974201093,141.2442995974109
3,3,15,2,clustered,service_sigma_0.2,HC_HI,122,605,20587501,134.86079351374948,157.69858534538974
3,3,15,2,clustered,service_sigma_0.2,HC_HI,123,375,20587501,105.0497676328413,160.73233646924064
3,3,15,2,clustered,service_sigma_0.2,HC_HI,124,1774,20587501,135.1826453960199,208.63164438654337
3,3,15,2,clustered,service_sigma_0.2,HC_HI,125,278,20587501,119.8899678378979,173.2192159487727
3,3,15,2,clustered,service_sigma_0.2,HC_HI,126,129,20587501,129.256916175311,167.80093984744914
3,3,15,2,clustered,service_sigma_0.2,HC_HI,127,847,20587501,184.4365999674151,212.84015571785523
3,3,15,2,clustered,service_sigma_0.2,HC_HI,128,1528,20587501,114.381827809207,147.02505988609562
3,3,15,2,clustered,service_sigma_0.2,HC_HI,129,1394,20587501,135.46764953265202,204.60035320958045
3,3,15,2,clustered,service_sigma_0.2,HC_HI,130,113,20587501,124.65202604193448,145.92307976974882
3,3,15,2,clustered,service_sigma_0.2,HC_HI,131,782,20587501,105.59649363062236,122.77146040255721
3,3,15,2,clustered,service_sigma_0.2,HC_HI,132,806,20587501,131.8873978746587,185.5946743738249
3,3,15,2,clustered,service_sigma_0.2,HC_HI,133,1328,20587501,131.24797825244667,164.72726929393394
3,3,15,2,clustered,service_sigma_0.2,HC_HI,134,1540,20587501,179.87384475155955,236.9168054424777
3,3,15,2,clustered,service_sigma_0.2,HC_HI,135,1913,20587501,150.80537060110882,187.90212828155984
3,3,15,2,clustered,service_sigma_0.2,HC_HI,136,2951,20587501,143.93150302320993,204.87392240209113
3,3,15,2,clustered,service_sigma_0.2,HC_HI,137,1328,20587501,119.60731566919378,189.1325870656115
3,3,15,2,clustered,service_sigma_0.2,HC_HI,138,150,20587501,126.60589504405988,173.1909743158471
3,3,15,2,clustered,service_sigma_0.2,HC_HI,139,1810,20587501,121.76234286916096,140.9776190898572
3,3,15,2,clustered,service_sigma_0.2,HC_HI,140,113,20587501,123.85910501803329,156.4684329787329
3,3,15,2,clustered,service_sigma_0.2,HC_HI,141,351,20587501,127.30116929840422,162.11401632208944
3,3,15,2,clustered,service_sigma_0.2,HC_HI,142,2275,20587501,139.73299224708933,163.2306564219517
3,3,15,2,clustered,service_sigma_0.2,HC_HI,143,1276,20587501,129.34346696129094,184.05694646782462
3,3,15,2,clustered,service_sigma_0.2,HC_HI,144,1243,20587501,147.74136863147498,202.70148910574335
3,3,15,2,clustered,service_sigma_0.2,HC_HI,145,1886,20587501,113.18625551972478,135.27705143035607
3,3,15,2,clustered,service_sigma_0.2,HC_HI,146,1446,20587501,109.33473477025505,161.64717526306453
3,3,15,2,clustered,service_sigma_0.2,HC_HI,147,2828,20587501,105.88987464219443,138.6438287172487
3,3,15,2,clustered,service_sigma_0.2,HC_HI,148,1243,20587501,140.97896039426539,203.49280079227233
3,3,15,2,clustered,service_sigma_0.2,HC_HI,149,1961,20587501,131.93630815836016,145.38783863561466
3,3,15,2,clustered,service_sigma_0.2,HC_HI,150,1627,20587501,130.63755253598976,216.2394893456502
3,3,15,2,clustered,service_sigma_0.2,HC_HI,151,2082,20587501,127.8532373299892,198.52188031920983
3,3,15,2,clustered,service_sigma_0.2,HC_HI,152,874,20587501,143.1173221471616,201.35866525304192
3,3,15,2,clustered,service_sigma_0.2,HC_HI,153,2813,20587501,120.79077494216779,111.63142819030324
3,3,15,2,clustered,service_sigma_0.2,HC_HI,154,1276,20587501,135.34126476135887,161.17119511982935
3,3,15,2,clustered,service_sigma_0.2,HC_HI,155,2413,20587501,112.31731740614134,178.7459038230969
3,3,15,2,clustered,service_sigma_0.2,HC_HI,156,177,20587501,131.22456376065963,167.2797051072732
3,3,15,2,clustered,service_sigma_0.2,HC_HI,157,2712,20587501,134.09223282772479,195.05673180022052
3,3,15,2,clustered,service_sigma_0.2,HC_HI,158,993,20587501,114.19849740070305,160.560723125074
3,3,15,2,clustered,service_sigma_0.2,HC_HI,159,529,20587501,132.78924215443647,178.387076909499
3,3,15,2,clustered,service_sigma_0.2,HC_HI,160,2597,20587501,132.72630424919618,187.91700040567744
3,3,15,2,clustered,service_sigma_0.2,HC_HI,161,103,20587501,118.47972052579713,132.63116339743902
3,3,15,2,clustered,service_sigma_0.2,HC_HI,162,2574,20587501,113.26911198946564,156.4679111104178
3,3,15,2,clustered,service_sigma_0.2,HC_HI,163,2775,20587501,123.86414151198059,170.2680078278541
3,3,15,2,clustered,service_sigma_0.2,HC_HI,164,150,20587501,127.91995414209572,174.7876382609825
3,3,15,2,clustered,service_sigma_0.2,HC_HI,165,587,20587501,113.91467638049446,150.24000078290948
3,3,15,2,clustered,service_sigma_0.2,HC_HI,166,1092,20587501,141.55823731877223,156.43864129833727
3,3,15,2,clustered,service_sigma_0.2,HC_HI,167,557,20587501,133.19007266707874,195.9463704263337
3,3,15,2,clustered,service_sigma_0.2,HC_HI,168,1528,20587501,116.54409490414764,149.54409490414764
3,3,15,2,clustered,service_sigma_0.2,HC_HI,169,810,20587501,120.58843350149314,173.85855464756094
3,3,15,2,clustered,service_sigma_0.2,HC_HI,170,668,20587501,123.849245066786,167.1643441879923
3,3,15,2,clustered,service_sigma_0.2,HC_HI,171,138,20587501,123.55792216628915,172.88725364374233
3,3,15,2,clustered,service_sigma_0.2,HC_HI,172,2404,20587501,99.93897727456577,141.39524513194218
3,3,15,2,clustered,service_sigma_0.2,HC_HI,173,557,20587501,136.9097351099176,196.27149477412144
3,3,15,2,clustered,service_sigma_0.2,HC_HI,174,2549,20587501,114.80697241730556,144.07377221045522
3,3,15,2,clustered,service_sigma_0.2,HC_HI,175,163,20587501,152.39162054616872,211.48442624133884
3,3,15,2,clustered,service_sigma_0.2,HC_HI,176,1596,20587501,117.58951283342604,143.25884659097122
3,3,15,2,clustered,service_sigma_0.2,HC_HI,177,2375,20587501,125.16817493974291,170.3654493808821
3,3,15,2,clustered,service_sigma_0.2,HC_HI,178,1913,20587501,138.21194007909182,161.95103078617686
3,3,15,2,clustered,service_sigma_0.2,HC_HI,179,514,20587501,136.40226252399376,152.75182155686096
3,3,15,2,clustered,service_sigma_0.2,HC_HI,180,1774,20587501,134.72478843042165,174.07048041126006
3,3,15,2,clustered,service_sigma_0.2,HC_HI,181,1677,20587501,115.6072055024662,178.4282696087222
3,3,15,2,clustered,service_sigma_0.2,HC_HI,182,2712,20587501,133.38832818125172,193.03676636652438
3,3,15,2,clustered,service_sigma_0.2,HC_HI,183,1195,20587501,109.7710607732091,140.6510874471336
3,3,15,2,clustered,service_sigma_0.2,HC_HI,184,1540,20587501,183.87881412426634,238.55405959621515
3,3,15,2,clustered,service_sigma_0.2,HC_HI,185,2799,20587501,120.9783821001465,172.83497574121307
3,3,15,2,clustered,service_sigma_0.2,HC_HI,186,2920,20587501,117.81892217352117,171.12909702699773
3,3,15,2,clustered,service_sigma_0.2,HC_HI,187,1510,20587501,116.60781929309832,170.4937433880283
3,3,15,2,clustered,service_sigma_0.2,HC_HI,188,559,20587501,147.58869631579051,163.67782544785794
3,3,15,2,clustered,service_sigma_0.2,HC_HI,189,2110,20587501,185.2865891394613,268.7659412687592
3,3,15,2,clustered,service_sigma_0.2,HC_HI,190,804,20587501,122.7917312074779,137.08555767602465
3,3,15,2,clustered,service_sigma_0.2,HC_HI,191,912,20587501,120.08588784215283,151.85958055876023
3,3,15,2,clustered,service_sigma_0.2,HC_HI,192,1601,20587501,162.0008748330044,203.61867937196658
3,3,15,2,clustered,service_sigma_0.2,HC_HI,193,1014,20587501,95.4576554045567,118.4146485356976
3,3,15,2,clustered,service_sigma_0.2,HC_HI,194,806,20587501,134.07717559535763,191.92816028801045
3,3,15,2,clustered,service_sigma_0.2,HC_HI,195,792,20587501,110.7701995014904,168.10532524268226
3,3,15,2,clustered,service_sigma_0.2,HC_HI,196,2766,20587501,130.85646512528314,177.93943103007766
3,3,15,2,clustered,service_sigma_0.2,HC_HI,197,2935,20587501,132.67864372977397,175.20123520903172
3,3,15,2,clustered,service_sigma_0.2,HC_HI,198,550,20587501,146.70589618593903,193.30122082472178
3,3,15,2,clustered,service_sigma_0.2,HC_HI,199,1075,20587501,121.6103996594184,195.62146426957992
3,3,15,2,clustered,service_sigma_0.2,HC_LI,0,1643,20587501,128.2634174014618,194.2634174014618
3,3,15,2,clustered,service_sigma_0.2,HC_LI,1,601,20587501,152.0187391866786,255.37700734875207
3,3,15,2,clustered,service_sigma_0.2,HC_LI,2,2648,20587501,139.41224812054983,167.9594196372617
3,3,15,2,clustered,service_sigma_0.2,HC_LI,3,2815,20587501,159.5658237029732,201.32231954719768
3,3,15,2,clustered,service_sigma_0.2,HC_LI,4,1335,20587501,158.0172700790394,212.8477741504877
3,3,15,2,clustered,service_sigma_0.2,HC_LI,5,1675,20587501,135.24377364192998,200.0254310648823
3,3,15,2,clustered,service_sigma_0.2,HC_LI,6,495,20587501,144.53900948920094,199.77194660409555
3,3,15,2,clustered,service_sigma_0.2,HC_LI,7,1070,20587501,162.38916569028072,206.0961200188512
3,3,15,2,clustered,service_sigma_0.2,HC_LI,8,1939,20587501,157.7261573621262,204.1528674852812
3,3,15,2,clustered,service_sigma_0.2,HC_LI,9,1660,20587501,161.55093381098013,224.2928802177558
3,3,15,2,clustered,service_sigma_0.2,HC_LI,10,2657,20587501,172.12026942125317,228.52299495700862
3,3,15,2,clustered,service_sigma_0.2,HC_LI,11,34,20587501,156.653993324765,234.60416822077667
3,3,15,2,clustered,service_sigma_0.2,HC_LI,12,834,20587501,122.1488797665967,189.61865028704278
3,3,15,2,clustered,service_sigma_0.2,HC_LI,13,580,20587501,161.54426479005716,212.48051397030412
3,3,15,2,clustered,service_sigma_0.2,HC_LI,14,2873,20587501,162.75606797840402,239.81608151469237
3,3,15,2,clustered,service_sigma_0.2,HC_LI,15,933,20587501,144.59200602384243,233.12868125851412
3,3,15,2,clustered,service_sigma_0.2,HC_LI,16,2142,20587501,140.69403145006493,221.13053579794683
3,3,15,2,clustered,service_sigma_0.2,HC_LI,17,916,20587501,163.33165343334028,263.99376917841516
3,3,15,2,clustered,service_sigma_0.2,HC_LI,18,1828,20587501,168.04715836325204,168.68694349087957
3,3,15,2,clustered,service_sigma_0.2,HC_LI,19,38,20587501,160.14449823725738,175.06440991205034
3,3,15,2,clustered,service_sigma_0.2,HC_LI,20,2272,20587501,128.48864010333585,163.81765278381528
3,3,15,2,clustered,service_sigma_0.2,HC_LI,21,1333,20587501,152.51872978751797,171.85151593690586
3,3,15,2,clustered,service_sigma_0.2,HC_LI,22,2345,20587501,172.7688934564425,227.55425451876187
3,3,15,2,clustered,service_sigma_0.2,HC_LI,23,2364,20587501,131.40155184569645,157.31357040802996
3,3,15,2,clustered,service_sigma_0.2,HC_LI,24,1552,20587501,132.66849726253483,148.4005576528539
3,3,15,2,clustered,service_sigma_0.2,HC_LI,25,1909,20587501,144.10369044661104,162.01268440480263
3,3,15,2,clustered,service_sigma_0.2,HC_LI,26,2739,20587501,162.81466339482165,224.1892956438314
3,3,15,2,clustered,service_sigma_0.2,HC_LI,27,2236,20587501,130.94754796888176,246.52077288694926
3,3,15,2,clustered,service_sigma_0.2,HC_LI,28,1881,20587501,152.55138480946357,196.04012520804486
3,3,15,2,clustered,service_sigma_0.2,HC_LI,29,517,20587501,156.1927912200614,183.8159508741353
3,3,15,2,clustered,service_sigma_0.2,HC_LI,30,2987,20587501,138.9644745570612,222.8055313716395
3,3,15,2,clustered,service_sigma_0.2,HC_LI,31,260,20587501,162.33652157847666,238.93057982337865
3,3,15,2,clustered,service_sigma_0.2,HC_LI,32,2818,20587501,146.49153290856327,203.9155005490554
3,3,15,2,clustered,service_sigma_0.2,HC_LI,33,1958,20587501,153.65752572638112,194.5554867045138
3,3,15,2,clustered,service_sigma_0.2,HC_LI,34,1828,20587501,161.46389925118834,185.69504543134738
3,3,15,2,clustered,service_sigma_0.2,HC_LI,35,669,20587501,158.04651392135878,224.79341800601014
3,3,15,2,clustered,service_sigma_0.2,HC_LI,36,34,20587501,168.27324343529773,246.83920387933185
3,3,15,2,clustered,service_sigma_0.2,HC_LI,37,25,20587501,153.20981509091075,213.57835495059126
3,3,15,2,clustered,service_sigma_0.2,HC_LI,38,841,20587501,156.69215348298619,187.52478839208158
3,3,15,2,clustered,service_sigma_0.2,HC_LI,39,1490,20587501,153.90025617581827,200.2988099586929
3,3,15,2,clustered,service_sigma_0.2,HC_LI,40,1725,20587501,156.24086095272793,188.6862811695259
3,3,15,2,clustered,service_sigma_0.2,HC_LI,41,2596,20587501,143.01493302115728,165.84165059966958
3,3,15,2,clustered,service_sigma_0.2,HC_LI,42,2067,20587501,159.04230015618634,183.02018182850983
3,3,15,2,clustered,service_sigma_0.2,HC_LI,43,2528,20587501,142.18221712648165,216.6981476961946
3,3,15,2,clustered,service_sigma_0.2,HC_LI,44,1047,20587501,138.2851141789884,195.04386702478473
3,3,15,2,clustered,service_sigma_0.2,HC_LI,45,2333,20587501,153.0611303235539,190.88954769121133
3,3,15,2,clustered,service_sigma_0.2,HC_LI,46,461,20587501,137.05403946486632,160.48558369799136
3,3,15,2,clustered,service_sigma_0.2,HC_LI,47,2771,20587501,130.341546391406,191.7604725417444
3,3,15,2,clustered,service_sigma_0.2,HC_LI,48,884,20587501,148.41885931895962,223.5844720904162
3,3,15,2,clustered,service_sigma_0.2,HC_LI,49,2792,20587501,166.15913223096163,213.3205596425252
3,3,15,2,clustered,service_sigma_0.2,HC_LI,50,2151,20587501,170.75187892466883,218.04263841563466
3,3,15,2,clustered,service_sigma_0.2,HC_LI,51,905,20587501,141.64779153852965,214.54786667334696
3,3,15,2,clustered,service_sigma_0.2,HC_LI,52,2170,20587501,154.28875348810465,202.28875348810465
3,3,15,2,clustered,service_sigma_0.2,HC_LI,53,2986,20587501,145.4587856305619,162.9321443324413
3,3,15,2,clustered,service_sigma_0.2,HC_LI,54,2986,20587501,153.13467326946125,153.12675044332485
3,3,15,2,clustered,service_sigma_0.2,HC_LI,55,1836,20587501,154.86695915928377,183.78920723112634
3,3,15,2,clustered,service_sigma_0.2,HC_LI,56,2394,20587501,157.5779631731768,224.72585404460682
3,3,15,2,clustered,service_sigma_0.2,HC_LI,57,531,20587501,161.5513502794504,241.79131900153857
3,3,15,2,clustered,service_sigma_0.2,HC_LI,58,522,20587501,138.05982724182513,198.38115174645006
3,3,15,2,clustered,service_sigma_0.2,HC_LI,59,595,20587501,159.350008360627,225.58579833876433
3,3,15,2,clustered,service_sigma_0.2,HC_LI,60,2089,20587501,137.11322268421955,181.71691500029348
3,3,15,2,clustered,service_sigma_0.2,HC_LI,61,2528,20587501,148.24057489771656,218.2954660924976
3,3,15,2,clustered,service_sigma_0.2,HC_LI,62,2345,20587501,142.87793756492715,226.41585062087248
3,3,15,2,clustered,service_sigma_0.2,HC_LI,63,2941,20587501,136.87419713371264,163.10104990922892
3,3,15,2,clustered,service_sigma_0.2,HC_LI,64,1906,20587501,144.92520578838122,184.36624974006304
3,3,15,2,clustered,service_sigma_0.2,HC_LI,65,1033,20587501,153.60799495613955,183.42703048643705
3,3,15,2,clustered,service_sigma_0.2,HC_LI,66,2089,20587501,128.3395835943622,187.38377984310176
3,3,15,2,clustered,service_sigma_0.2,HC_LI,67,2598,20587501,146.73941633981715,218.66029981297152
3,3,15,2,clustered,service_sigma_0.2,HC_LI,68,2099,20587501,136.9900996785322,158.0005263271786
3,3,15,2,clustered,service_sigma_0.2,HC_LI,69,2345,20587501,168.12040917968406,248.47697580076755
3,3,15,2,clustered,service_sigma_0.2,HC_LI,70,517,20587501,162.35695710944972,192.58365616959262
3,3,15,2,clustered,service_sigma_0.2,HC_LI,71,598,20587501,147.74725220620385,193.6340851203183
3,3,15,2,clustered,service_sigma_0.2,HC_LI,72,2277,20587501,168.8602021240968,187.94348255886865
3,3,15,2,clustered,service_sigma_0.2,HC_LI,73,1267,20587501,144.3174198205985,222.93311965447526
3,3,15,2,clustered,service_sigma_0.2,HC_LI,74,522,20587501,131.55958083998823,200.62212258446817
3,3,15,2,clustered,service_sigma_0.2,HC_LI,75,2598,20587501,150.10094052552998,222.91708089416477
3,3,15,2,clustered,service_sigma_0.2,HC_LI,76,2249,20587501,155.9552701496641,218.2210947761671
3,3,15,2,clustered,service_sigma_0.2,HC_LI,77,527,20587501,157.47364751076512,206.89811094786577
3,3,15,2,clustered,service_sigma_0.2,HC_LI,78,942,20587501,161.06063191503128,185.06063191503128
3,3,15,2,clustered,service_sigma_0.2,HC_LI,79,2051,20587501,151.75131158413268,240.10836043269904
3,3,15,2,clustered,service_sigma_0.2,HC_LI,80,1388,20587501,144.0670372968207,206.1918672799306
3,3,15,2,clustered,service_sigma_0.2,HC_LI,81,2960,20587501,157.1320690790679,225.54142161839707
3,3,15,2,clustered,service_sigma_0.2,HC_LI,82,1994,20587501,153.9724524181342,161.17469024236522
3,3,15,2,clustered,service_sigma_0.2,HC_LI,83,1661,20587501,158.1971016894477,203.99101942944296
3,3,15,2,clustered,service_sigma_0.2,HC_LI,84,1012,20587501,132.7403390991023,177.29632317760263
3,3,15,2,clustered,service_sigma_0.2,HC_LI,85,1801,20587501,146.06375687272273,195.8739355884273
3,3,15,2,clustered,service_sigma_0.2,HC_LI,86,107,20587501,165.07423390860134,246.54381784863338
3,3,15,2,clustered,service_sigma_0.2,HC_LI,87,957,20587501,150.2980437726772,179.6637340315232
3,3,15,2,clustered,service_sigma_0.2,HC_LI,88,595,20587501,157.09470717230715,223.72275376855185
3,3,15,2,clustered,service_sigma_0.2,HC_LI,89,2311,20587501,150.94608080205228,186.59219056251777
3,3,15,2,clustered,service_sigma_0.2,HC_LI,90,2139,20587501,147.54459765940223,200.94949152545942
3,3,15,2,clustered,service_sigma_0.2,HC_LI,91,1902,20587501,151.37774841543379,181.57926153019235
3,3,15,2,clustered,service_sigma_0.2,HC_LI,92,38,20587501,165.77975611875897,172.08647239831726
3,3,15,2,clustered,service_sigma_0.2,HC_LI,93,33,20587501,134.10528333070988,185.4663659428783
3,3,15,2,clustered,service_sigma_0.2,HC_LI,94,1198,20587501,161.50026595857642,207.68793498637967
3,3,15,2,clustered,service_sigma_0.2,HC_LI,95,253,20587501,185.59335759279946,217.38807745398628
3,3,15,2,clustered,service_sigma_0.2,HC_LI,96,1560,20587501,160.15007800710094,182.66140983120022
3,3,15,2,clustered,service_sigma_0.2,HC_LI,97,107,20587501,169.60411979750845,246.11495193603105
3,3,15,2,clustered,service_sigma_0.2,HC_LI,98,2272,20587501,130.42498546445142,163.96837141595307
3,3,15,2,clustered,service_sigma_0.2,HC_LI,99,2142,20587501,130.98271459017138,221.4968884943302
3,3,15,2,clustered,service_sigma_0.2,HC_LI,100,2528,20587501,148.30880863690024,219.97454240525173
3,3,15,2,clustered,service_sigma_0.2,HC_LI,101,220,20587501,163.13017840071768,212.0075173281106
3,3,15,2,clustered,service_sigma_0.2,HC_LI,102,2236,20587501,131.45879743939946,238.32137921824
3,3,15,2,clustered,service_sigma_0.2,HC_LI,103,906,20587501,155.0584368319985,227.16953647299815
3,3,15,2,clustered,service_sigma_0.2,HC_LI,104,834,20587501,117.53700863719267,181.37905287736007
3,3,15,2,clustered,service_sigma_0.2,HC_LI,105,906,20587501,151.95634850284242,229.5195131320611
3,3,15,2,clustered,service_sigma_0.2,HC_LI,106,1033,20587501,152.80117967606003,180.38770328793922
3,3,15,2,clustered,service_sigma_0.2,HC_LI,107,2199,20587501,145.6344876823273,225.43139793220442
3,3,15,2,clustered,service_sigma_0.2,HC_LI,108,957,20587501,151.82685286364944,197.7747121498346
3,3,15,2,clustered,service_sigma_0.2,HC_LI,109,884,20587501,146.49666956343574,222.32710997212942
3,3,15,2,clustered,service_sigma_0.2,HC_LI,110,2941,20587501,136.96600321995234,163.59792707034745
3,3,15,2,clustered,service_sigma_0.2,HC_LI,111,2236,20587501,131.69219252574487,244.9660843898323
3,3,15,2,clustered,service_sigma_0.2,HC_LI,112,1660,20587501,155.48390245275374,216.66564488027197
3,3,15,2,clustered,service_sigma_0.2,HC_LI,113,2142,20587501,132.2552609247518,218.99919380499253
3,3,15,2,clustered,service_sigma_0.2,HC_LI,114,2004,20587501,148.07093528264582,183.48837779145973
3,3,15,2,clustered,service_sigma_0.2,HC_LI,115,1544,20587501,137.36838241290292,175.61140238846798
3,3,15,2,clustered,service_sigma_0.2,HC_LI,116,911,20587501,135.6312982823115,211.12370686131297
3,3,15,2,clustered,service_sigma_0.2,HC_LI,117,1675,20587501,153.254940235662,210.38660909464025
3,3,15,2,clustered,service_sigma_0.2,HC_LI,118,2114,20587501,137.29264801992142,194.65948434695918
3,3,15,2,clustered,service_sigma_0.2,HC_LI,119,2277,20587501,161.49848789662235,208.9566237343128
3,3,15,2,clustered,service_sigma_0.2,HC_LI,120,2196,20587501,131.2303692534113,178.8988977527201
3,3,15,2,clustered,service_sigma_0.2,HC_LI,121,1672,20587501,147.24429959741087,180.92253050289924
3,3,15,2,clustered,service_sigma_0.2,HC_LI,122,870,20587501,180.0941575234881,228.8562264799318
3,3,15,2,clustered,service_sigma_0.2,HC_LI,123,2823,20587501,141.95305101897543,210.3006391467848
3,3,15,2,clustered,service_sigma_0.2,HC_LI,124,2746,20587501,172.11910792481254,208.79239988365237
3,3,15,2,clustered,service_sigma_0.2,HC_LI,125,2434,20587501,155.92458442965278,205.22243506874304
3,3,15,2,clustered,service_sigma_0.2,HC_LI,126,1902,20587501,150.87575914519405,175.88280236898777
3,3,15,2,clustered,service_sigma_0.2,HC_LI,127,2815,20587501,164.46584114992976,208.88401179362134
3,3,15,2,clustered,service_sigma_0.2,HC_LI,128,1909,20587501,140.91653766238423,150.60401534463296
3,3,15,2,clustered,service_sigma_0.2,HC_LI,129,2345,20587501,146.5295745141045,269.512216558769
3,3,15,2,clustered,service_sigma_0.2,HC_LI,130,1616,20587501,161.616904489437,192.6920832477518
3,3,15,2,clustered,service_sigma_0.2,HC_LI,131,1070,20587501,166.22774687480108,210.25348686763982
3,3,15,2,clustered,service_sigma_0.2,HC_LI,132,1994,20587501,151.390363733564,189.3707034238069
3,3,15,2,clustered,service_sigma_0.2,HC_LI,133,1939,20587501,144.4663290418997,203.60941855347284
3,3,15,2,clustered,service_sigma_0.2,HC_LI,134,1157,20587501,139.60281405678157,207.0138602809608
3,3,15,2,clustered,service_sigma_0.2,HC_LI,135,2271,20587501,162.17555078883842,198.88331110264548
3,3,15,2,clustered,service_sigma_0.2,HC_LI,136,1836,20587501,161.76554974931418,191.5967539909213
3,3,15,2,clustered,service_sigma_0.2,HC_LI,137,1897,20587501,154.08750530126952,190.33219219669482
3,3,15,2,clustered,service_sigma_0.2,HC_LI,138,1481,20587501,158.1264366776728,186.42496509695917
3,3,15,2,clustered,service_sigma_0.2,HC_LI,139,2139,20587501,146.48809545535195,177.32265720673638
3,3,15,2,clustered,service_sigma_0.2,HC_LI,140,2139,20587501,158.1819454739594,203.70743606053912
3,3,15,2,clustered,service_sigma_0.2,HC_LI,141,107,20587501,172.8009624193384,231.29731596061396
3,3,15,2,clustered,service_sigma_0.2,HC_LI,142,1796,20587501,147.32815612790705,210.1724277655408
3,3,15,2,clustered,service_sigma_0.2,HC_LI,143,1070,20587501,172.34043694719,212.58437819168032
3,3,15,2,clustered,service_sigma_0.2,HC_LI,144,2329,20587501,142.74136863147498,230.61114378213074
3,3,15,2,clustered,service_sigma_0.2,HC_LI,145,2792,20587501,154.90703516243053,219.03946048021263
3,3,15,2,clustered,service_sigma_0.2,HC_LI,146,1796,20587501,146.9672696428403,212.3921667263765
3,3,15,2,clustered,service_sigma_0.2,HC_LI,147,405,20587501,153.8771141188688,224.58595995509938
3,3,15,2,clustered,service_sigma_0.2,HC_LI,148,1070,20587501,171.1905099445467,209.4080418436045
3,3,15,2,clustered,service_sigma_0.2,HC_LI,149,1658,20587501,160.38783863561466,179.38783863561466
3,3,15,2,clustered,service_sigma_0.2,HC_LI,150,531,20587501,165.61762998387982,228.6818647703747
3,3,15,2,clustered,service_sigma_0.2,HC_LI,151,2760,20587501,144.0404642921716,208.90501118933418
3,3,15,2,clustered,service_sigma_0.2,HC_LI,152,2271,20587501,142.80980940583285,180.3590627001389
3,3,15,2,clustered,service_sigma_0.2,HC_LI,153,452,20587501,151.68423226608502,210.7907749421678
3,3,15,2,clustered,service_sigma_0.2,HC_LI,154,260,20587501,161.132741688645,233.87011028694502
3,3,15,2,clustered,service_sigma_0.2,HC_LI,155,1613,20587501,151.32920055049624,182.2985787550288
3,3,15,2,clustered,service_sigma_0.2,HC_LI,156,617,20587501,148.96614803687112,194.46585464814302
3,3,15,2,clustered,service_sigma_0.2,HC_LI,157,2249,20587501,152.56629579788412,190.75804744067557
3,3,15,2,clustered,service_sigma_0.2,HC_LI,158,1613,20587501,151.94105997950362,180.29586969875166
3,3,15,2,clustered,service_sigma_0.2,HC_LI,159,1333,20587501,150.46419122067425,159.23940820562333
3,3,15,2,clustered,service_sigma_0.2,HC_LI,160,1939,20587501,143.69843518595798,202.86948328074695
3,3,15,2,clustered,service_sigma_0.2,HC_LI,161,314,20587501,147.6052706557272,202.0680369121456
3,3,15,2,clustered,service_sigma_0.2,HC_LI,162,2907,20587501,172.79053241990727,214.82948472363722
3,3,15,2,clustered,service_sigma_0.2,HC_LI,163,1731,20587501,131.20500008838798,145.5417766524203
3,3,15,2,clustered,service_sigma_0.2,HC_LI,164,1544,20587501,145.39442498557906,178.88282853666934
3,3,15,2,clustered,service_sigma_0.2,HC_LI,165,33,20587501,126.91856384126983,178.083611926822
3,3,15,2,clustered,service_sigma_0.2,HC_LI,166,1633,20587501,153.06513531055555,214.778336575653
3,3,15,2,clustered,service_sigma_0.2,HC_LI,167,1801,20587501,145.0180639914573,193.22022936419145
3,3,15,2,clustered,service_sigma_0.2,HC_LI,168,2628,20587501,158.53756788330523,223.82271622266458
3,3,15,2,clustered,service_sigma_0.2,HC_LI,169,1313,20587501,146.66863265302712,222.68614655709982
3,3,15,2,clustered,service_sigma_0.2,HC_LI,170,2650,20587501,156.7415643578681,241.66697279969492
3,3,15,2,clustered,service_sigma_0.2,HC_LI,171,2329,20587501,142.63065433296703,225.21533015639818
3,3,15,2,clustered,service_sigma_0.2,HC_LI,172,2502,20587501,162.86368574783913,192.17910823775702
3,3,15,2,clustered,service_sigma_0.2,HC_LI,173,1675,20587501,156.12818882356527,202.89330341898773
3,3,15,2,clustered,service_sigma_0.2,HC_LI,174,2941,20587501,136.51646090290535,175.50916275806702
3,3,15,2,clustered,service_sigma_0.2,HC_LI,175,1616,20587501,161.11539620865648,229.47759183511724
3,3,15,2,clustered,service_sigma_0.2,HC_LI,176,2873,20587501,157.15074707470544,217.6925110680492
3,3,15,2,clustered,service_sigma_0.2,HC_LI,177,1128,20587501,162.77800051840228,203.6825677874502
3,3,15,2,clustered,service_sigma_0.2,HC_LI,178,2367,20587501,140.02966693754013,210.8308818943263
3,3,15,2,clustered,service_sigma_0.2,HC_LI,179,2196,20587501,131.23853347295343,177.80146347045823
3,3,15,2,clustered,service_sigma_0.2,HC_LI,180,2434,20587501,158.60803216955657,205.8750642361372
3,3,15,2,clustered,service_sigma_0.2,HC_LI,181,2634,20587501,159.02215081270816,213.4799722443026
3,3,15,2,clustered,service_sigma_0.2,HC_LI,182,2104,20587501,151.97708327779813,225.3418440099396
3,3,15,2,clustered,service_sigma_0.2,HC_LI,183,531,20587501,164.76647564068023,238.61751079961314
3,3,15,2,clustered,service_sigma_0.2,HC_LI,184,851,20587501,179.01506442094876,223.52466153736142
3,3,15,2,clustered,service_sigma_0.2,HC_LI,185,2907,20587501,159.7989685458029,215.09213951192027
3,3,15,2,clustered,service_sigma_0.2,HC_LI,186,1590,20587501,151.24798260349345,184.74769568888385
3,3,15,2,clustered,service_sigma_0.2,HC_LI,187,34,20587501,159.3184940074109,222.30363619227984
3,3,15,2,clustered,service_sigma_0.2,HC_LI,188,2642,20587501,136.71130415967937,185.076071668601
3,3,15,2,clustered,service_sigma_0.2,HC_LI,189,1611,20587501,150.00175366511735,189.10784215759682
3,3,15,2,clustered,service_sigma_0.2,HC_LI,190,1481,20587501,155.89503186676748,184.01768189513302
3,3,15,2,clustered,service_sigma_0.2,HC_LI,191,1611,20587501,146.47213795511954,184.31725251308754
3,3,15,2,clustered,service_sigma_0.2,HC_LI,192,737,20587501,165.32289812755192,203.45082167362753
3,3,15,2,clustered,service_sigma_0.2,HC_LI,193,2987,20587501,135.25818886729215,222.10231211778816
3,3,15,2,clustered,service_sigma_0.2,HC_LI,194,2144,20587501,150.76374317862894,240.49375817190486
3,3,15,2,clustered,service_sigma_0.2,HC_LI,195,1643,20587501,133.2406588786051,192.7725645784006
3,3,15,2,clustered,service_sigma_0.2,HC_LI,196,1250,20587501,164.9501265851468,192.16267785323015
3,3,15,2,clustered,service_sigma_0.2,HC_LI,197,1777,20587501,143.1245086184771,190.38113400294355
3,3,15,2,clustered,service_sigma_0.2,HC_LI,198,2656,20587501,136.71857026849193,164.74659047503735
3,3,15,2,clustered,service_sigma_0.2,HC_LI,199,1085,20587501,145.70254700362813,243.8909301314574
3,3,15,2,clustered,service_sigma_0.2,LC_HI,0,2294,20587501,123.9271170643858,138.45444378880944
3,3,15,2,clustered,service_sigma_0.2,LC_HI,1,2138,20587501,122.33904987194231,187.27209587155775
3,3,15,2,clustered,service_sigma_0.2,LC_HI,2,1022,20587501,108.91185484490872,152.57817308046725
3,3,15,2,clustered,service_sigma_0.2,LC_HI,3,724,20587501,122.27341995809525,124.29797512538875
3,3,15,2,clustered,service_sigma_0.2,LC_HI,4,1680,20587501,141.0892355193708,174.48808775627398
3,3,15,2,clustered,service_sigma_0.2,LC_HI,5,2564,20587501,129.22345191475043,176.84481630331692
3,3,15,2,clustered,service_sigma_0.2,LC_HI,6,1800,20587501,129.5607901066455,178.06185141318397
3,3,15,2,clustered,service_sigma_0.2,LC_HI,7,282,20587501,120.64583030259642,190.938875974026
3,3,15,2,clustered,service_sigma_0.2,LC_HI,8,2957,20587501,199.20515864135584,240.43412498773233
3,3,15,2,clustered,service_sigma_0.2,LC_HI,9,776,20587501,120.00203147951504,145.3803073053015
3,3,15,2,clustered,service_sigma_0.2,LC_HI,10,1183,20587501,107.05844678243393,146.91810341469832
3,3,15,2,clustered,service_sigma_0.2,LC_HI,11,1236,20587501,109.54576545406178,143.00494358805074
3,3,15,2,clustered,service_sigma_0.2,LC_HI,12,519,20587501,168.61483651681735,226.4930632072123
3,3,15,2,clustered,service_sigma_0.2,LC_HI,13,35,20587501,113.49710099073013,175.4198220997482
3,3,15,2,clustered,service_sigma_0.2,LC_HI,14,2471,20587501,120.99531340417825,141.47295680145982
3,3,15,2,clustered,service_sigma_0.2,LC_HI,15,1865,20587501,105.28595835933733,142.8008174832259
3,3,15,2,clustered,service_sigma_0.2,LC_HI,16,1651,20587501,176.0164758665606,235.0814122490691
3,3,15,2,clustered,service_sigma_0.2,LC_HI,17,460,20587501,110.07627548794274,143.6819985398815
3,3,15,2,clustered,service_sigma_0.2,LC_HI,18,1951,20587501,115.13986022030151,155.75148253947532
3,3,15,2,clustered,service_sigma_0.2,LC_HI,19,2710,20587501,131.72533046626577,197.72533046626577
3,3,15,2,clustered,service_sigma_0.2,LC_HI,20,148,20587501,174.29331502778876,228.56462071846576
3,3,15,2,clustered,service_sigma_0.2,LC_HI,21,2901,20587501,122.72672659083688,156.6005811758217
3,3,15,2,clustered,service_sigma_0.2,LC_HI,22,1186,20587501,136.39300102196918,174.56910472022386
3,3,15,2,clustered,service_sigma_0.2,LC_HI,23,877,20587501,118.29385796620795,170.2024945818611
3,3,15,2,clustered,service_sigma_0.2,LC_HI,24,2808,20587501,180.7099266657657,231.06407370063542
3,3,15,2,clustered,service_sigma_0.2,LC_HI,25,2037,20587501,156.57823815265743,221.9262246332385
3,3,15,2,clustered,service_sigma_0.2,LC_HI,26,556,20587501,172.12932640467798,226.3766022100121
3,3,15,2,clustered,service_sigma_0.2,LC_HI,27,1448,20587501,106.99250643170411,114.65962123997708
3,3,15,2,clustered,service_sigma_0.2,LC_HI,28,837,20587501,105.31634467185194,145.44955964442858
3,3,15,2,clustered,service_sigma_0.2,LC_HI,29,1356,20587501,164.00960041712673,212.36766469371318
3,3,15,2,clustered,service_sigma_0.2,LC_HI,30,650,20587501,122.2055829278855,184.126847065558
3,3,15,2,clustered,service_sigma_0.2,LC_HI,31,660,20587501,124.5768523955216,148.8399629231449
3,3,15,2,clustered,service_sigma_0.2,LC_HI,32,1854,20587501,181.80479145463676,224.63015023820577
3,3,15,2,clustered,service_sigma_0.2,LC_HI,33,51,20587501,162.4314219413124,202.80390554443915
3,3,15,2,clustered,service_sigma_0.2,LC_HI,34,2044,20587501,129.11684280188624,149.8497409168113
3,3,15,2,clustered,service_sigma_0.2,LC_HI,35,769,20587501,118.79341800601014,141.05857424978086
3,3,15,2,clustered,service_sigma_0.2,LC_HI,36,2331,20587501,128.95657945472402,148.82042716043625
3,3,15,2,clustered,service_sigma_0.2,LC_HI,37,217,20587501,168.71582710389035,246.57973378870022
3,3,15,2,clustered,service_sigma_0.2,LC_HI,38,122,20587501,133.63744197593823,180.83307476908035
3,3,15,2,clustered,service_sigma_0.2,LC_HI,39,2313,20587501,110.03384148543061,150.15436287359069
3,3,15,2,clustered,service_sigma_0.2,LC_HI,40,223,20587501,119.62135223392242,185.31792278535147
3,3,15,2,clustered,service_sigma_0.2,LC_HI,41,1212,20587501,116.81099246616182,161.51357048404043
3,3,15,2,clustered,service_sigma_0.2,LC_HI,42,195,20587501,159.94476378796,181.85784382776544
3,3,15,2,clustered,service_sigma_0.2,LC_HI,43,1577,20587501,140.77346069113327,182.3161107846004
3,3,15,2,clustered,service_sigma_0.2,LC_HI,44,2428,20587501,119.68566394253035,193.70133632169524
3,3,15,2,clustered,service_sigma_0.2,LC_HI,45,338,20587501,119.78508076223049,181.6285292976833
3,3,15,2,clustered,service_sigma_0.2,LC_HI,46,967,20587501,118.01960549675589,146.0860688848714
3,3,15,2,clustered,service_sigma_0.2,LC_HI,47,0,20587501,119.99623008590407,149.40447988281323
3,3,15,2,clustered,service_sigma_0.2,LC_HI,48,243,20587501,107.30048324575256,142.3369898894131
3,3,15,2,clustered,service_sigma_0.2,LC_HI,49,2694,20587501,120.37334706066231,167.77938099014634
3,3,15,2,clustered,service_sigma_0.2,LC_HI,50,276,20587501,131.86204958494352,169.8620495849435
3,3,15,2,clustered,service_sigma_0.2,LC_HI,51,1223,20587501,93.49607706431834,116.21808128601475
3,3,15,2,clustered,service_sigma_0.2,LC_HI,52,6,20587501,192.26190809744088,219.1166444114317
3,3,15,2,clustered,service_sigma_0.2,LC_HI,53,2355,20587501,122.45526192943029,168.49492784568974
3,3,15,2,clustered,service_sigma_0.2,LC_HI,54,2533,20587501,101.01363513894647,123.97217170449704
3,3,15,2,clustered,service_sigma_0.2,LC_HI,55,878,20587501,108.66065505043542,155.27057203649343
3,3,15,2,clustered,service_sigma_0.2,LC_HI,56,915,20587501,134.48995067488787,158.53841808874185
3,3,15,2,clustered,service_sigma_0.2,LC_HI,57,1215,20587501,97.37368935470218,167.04440017896536
3,3,15,2,clustered,service_sigma_0.2,LC_HI,58,1628,20587501,182.17628765813052,201.94786629415734
3,3,15,2,clustered,service_sigma_0.2,LC_HI,59,2169,20587501,121.40040038674009,179.51121528171396
3,3,15,2,clustered,service_sigma_0.2,LC_HI,60,1397,20587501,171.41217428361009,237.3963068439513
3,3,15,2,clustered,service_sigma_0.2,LC_HI,61,1782,20587501,99.2871869800899,104.2871869800899
3,3,15,2,clustered,service_sigma_0.2,LC_HI,62,0,20587501,120.08864980163273,149.55618778107143
3,3,15,2,clustered,service_sigma_0.2,LC_HI,63,1700,20587501,126.79263769095034,181.79406277212442
3,3,15,2,clustered,service_sigma_0.2,LC_HI,64,35,20587501,113.08287356111988,175.0828735611199
3,3,15,2,clustered,service_sigma_0.2,LC_HI,65,2281,20587501,108.31366063757795,149.86975292305044
3,3,15,2,clustered,service_sigma_0.2,LC_HI,66,2259,20587501,110.92589540567904,196.33867175571282
3,3,15,2,clustered,service_sigma_0.2,LC_HI,67,2928,20587501,125.50060627513916,141.2654684293744
3,3,15,2,clustered,service_sigma_0.2,LC_HI,68,1349,20587501,121.01923527852277,167.56837982726745
3,3,15,2,clustered,service_sigma_0.2,LC_HI,69,776,20587501,123.57981371340901,144.5650905247034
3,3,15,2,clustered,service_sigma_0.2,LC_HI,70,426,20587501,114.89728448466337,157.49570078794676
3,3,15,2,clustered,service_sigma_0.2,LC_HI,71,760,20587501,128.21217594074645,181.80324959993234
3,3,15,2,clustered,service_sigma_0.2,LC_HI,72,1635,20587501,108.13589783776439,169.99995304327246
3,3,15,2,clustered,service_sigma_0.2,LC_HI,73,2016,20587501,105.07883022151167,133.94155887055487
3,3,15,2,clustered,service_sigma_0.2,LC_HI,74,2591,20587501,110.83914495745279,154.2680998223957
3,3,15,2,clustered,service_sigma_0.2,LC_HI,75,390,20587501,114.14859883812449,151.7892465189005
3,3,15,2,clustered,service_sigma_0.2,LC_HI,76,2503,20587501,153.3751499181056,190.36336796219857
3,3,15,2,clustered,service_sigma_0.2,LC_HI,77,1147,20587501,95.70794198797992,146.429584886004
3,3,15,2,clustered,service_sigma_0.2,LC_HI,78,1405,20587501,112.25795744335362,104.15915349892259
3,3,15,2,clustered,service_sigma_0.2,LC_HI,79,846,20587501,128.85326995167927,155.89158027807494
3,3,15,2,clustered,service_sigma_0.2,LC_HI,80,356,20587501,123.38429731268386,172.2230677504172
3,3,15,2,clustered,service_sigma_0.2,LC_HI,81,776,20587501,123.95755328963564,142.9902393405269
3,3,15,2,clustered,service_sigma_0.2,LC_HI,82,398,20587501,135.36717204771168,164.2038083115561
3,3,15,2,clustered,service_sigma_0.2,LC_HI,83,774,20587501,123.80233470403888,180.9602127906469
3,3,15,2,clustered,service_sigma_0.2,LC_HI,84,460,20587501,114.89584407124138,144.10010668041076
3,3,15,2,clustered,service_sigma_0.2,LC_HI,85,1896,20587501,126.87999237701365,166.261771516675
3,3,15,2,clustered,service_sigma_0.2,LC_HI,86,2910,20587501,86.98977984754445,122.55830844876199
3,3,15,2,clustered,service_sigma_0.2,LC_HI,87,2141,20587501,104.2801759053076,126.35751212575386
3,3,15,2,clustered,service_sigma_0.2,LC_HI,88,428,20587501,116.88560050671393,143.5742535531843
3,3,15,2,clustered,service_sigma_0.2,LC_HI,89,2479,20587501,142.5764522365168,207.83209957985073
3,3,15,2,clustered,service_sigma_0.2,LC_HI,90,2945,20587501,137.18193934999533,217.19476264050007
3,3,15,2,clustered,service_sigma_0.2,LC_HI,91,689,20587501,130.07952797375177,154.96556252027034
3,3,15,2,clustered,service_sigma_0.2,LC_HI,92,822,20587501,117.42507255442285,160.24686035578998
3,3,15,2,clustered,service_sigma_0.2,LC_HI,93,1936,20587501,129.124157665153,140.46467288514881
3,3,15,2,clustered,service_sigma_0.2,LC_HI,94,1591,20587501,106.75314617144286,156.78809893662918
3,3,15,2,clustered,service_sigma_0.2,LC_HI,95,2694,20587501,114.75477775170525,158.59861078076432
3,3,15,2,clustered,service_sigma_0.2,LC_HI,96,1651,20587501,173.06088396633646,230.99911654739563
3,3,15,2,clustered,service_sigma_0.2,LC_HI,97,2046,20587501,99.43397553770906,117.07947682206616
3,3,15,2,clustered,service_sigma_0.2,LC_HI,98,2406,20587501,111.32793369126884,127.31933202030825
3,3,15,2,clustered,service_sigma_0.2,LC_HI,99,1345,20587501,121.3668392367038,170.90799535977646
3,3,15,2,clustered,service_sigma_0.2,LC_HI,100,2354,20587501,109.79994403595207,138.38488817195253
3,3,15,2,clustered,service_sigma_0.2,LC_HI,101,1284,20587501,141.28691794348944,169.182354835792
3,3,15,2,clustered,service_sigma_0.2,LC_HI,102,123,20587501,174.11644298321835,220.5176542985684
3,3,15,2,clustered,service_sigma_0.2,LC_HI,103,1846,20587501,122.00222862265656,168.0584368319985
3,3,15,2,clustered,service_sigma_0.2,LC_HI,104,920,20587501,80.12200666036027,115.46217188629396
3,3,15,2,clustered,service_sigma_0.2,LC_HI,105,1206,20587501,121.38479732935927,160.95634850284242
3,3,15,2,clustered,service_sigma_0.2,LC_HI,106,359,20587501,121.82263491316029,151.16185175148044
3,3,15,2,clustered,service_sigma_0.2,LC_HI,107,1574,20587501,107.09738020317899,139.7539473077925
3,3,15,2,clustered,service_sigma_0.2,LC_HI,108,2342,20587501,135.43272247051956,173.73016411355474
3,3,15,2,clustered,service_sigma_0.2,LC_HI,109,1529,20587501,121.97740529388476,161.31872647754446
3,3,15,2,clustered,service_sigma_0.2,LC_HI,110,1589,20587501,119.41249640467852,167.0665077944221
3,3,15,2,clustered,service_sigma_0.2,LC_HI,111,706,20587501,107.71945100041917,172.62176765378106
3,3,15,2,clustered,service_sigma_0.2,LC_HI,112,2316,20587501,123.40958287699857,151.8449290765825
3,3,15,2,clustered,service_sigma_0.2,LC_HI,113,1215,20587501,99.66160557703995,160.66914745399293
3,3,15,2,clustered,service_sigma_0.2,LC_HI,114,2878,20587501,167.76690030242924,239.36247807667618
3,3,15,2,clustered,service_sigma_0.2,LC_HI,115,2447,20587501,105.4887772892085,156.4228573095932
3,3,15,2,clustered,service_sigma_0.2,LC_HI,116,1224,20587501,132.6724693027225,143.664172627324
3,3,15,2,clustered,service_sigma_0.2,LC_HI,117,809,20587501,123.16539026214832,214.10525020934332
3,3,15,2,clustered,service_sigma_0.2,LC_HI,118,1035,20587501,126.65157131253682,148.96194447585634
3,3,15,2,clustered,service_sigma_0.2,LC_HI,119,1803,20587501,121.28106537661832,183.2025476673299
3,3,15,2,clustered,service_sigma_0.2,LC_HI,120,1878,20587501,109.36285415144619,149.54115515625787
3,3,15,2,clustered,service_sigma_0.2,LC_HI,121,1303,20587501,136.3992055340544,193.94580898986132
3,3,15,2,clustered,service_sigma_0.2,LC_HI,122,392,20587501,99.32560189057622,142.63125749766257
3,3,15,2,clustered,service_sigma_0.2,LC_HI,123,165,20587501,112.86627319665664,143.3752479977099
3,3,15,2,clustered,service_sigma_0.2,LC_HI,124,2318,20587501,172.09268711202193,232.15036577710217
3,3,15,2,clustered,service_sigma_0.2,LC_HI,125,281,20587501,95.77370590617016,130.82144598464592
3,3,15,2,clustered,service_sigma_0.2,LC_HI,126,383,20587501,103.0724373284606,101.27225796789064
3,3,15,2,clustered,service_sigma_0.2,LC_HI,127,2112,20587501,120.80884768499476,178.62055039502002
3,3,15,2,clustered,service_sigma_0.2,LC_HI,128,472,20587501,108.69435012695826,168.06130368328587
3,3,15,2,clustered,service_sigma_0.2,LC_HI,129,688,20587501,122.64051134559007,137.29463543154222
3,3,15,2,clustered,service_sigma_0.2,LC_HI,130,1175,20587501,123.97903929173307,175.616904489437
3,3,15,2,clustered,service_sigma_0.2,LC_HI,131,811,20587501,133.47437518738724,164.82927367295216
3,3,15,2,clustered,service_sigma_0.2,LC_HI,132,139,20587501,140.60159756976165,192.4063325057381
3,3,15,2,clustered,service_sigma_0.2,LC_HI,133,1172,20587501,111.36271550938837,155.2759833647229
3,3,15,2,clustered,service_sigma_0.2,LC_HI,134,1736,20587501,179.14755765430436,199.0020212126848
3,3,15,2,clustered,service_sigma_0.2,LC_HI,135,2393,20587501,112.26512535187328,175.28557942136914
3,3,15,2,clustered,service_sigma_0.2,LC_HI,136,2373,20587501,114.68263164388217,124.23289982298834
3,3,15,2,clustered,service_sigma_0.2,LC_HI,137,888,20587501,122.96323495866723,159.97505218248156
3,3,15,2,clustered,service_sigma_0.2,LC_HI,138,1713,20587501,116.60589504405988,161.4594056848531
3,3,15,2,clustered,service_sigma_0.2,LC_HI,139,742,20587501,109.69595803214598,109.44862315276299
3,3,15,2,clustered,service_sigma_0.2,LC_HI,140,2785,20587501,109.642333024542,118.73121844064774
3,3,15,2,clustered,service_sigma_0.2,LC_HI,141,2736,20587501,111.80299676915679,127.42245354859374
3,3,15,2,clustered,service_sigma_0.2,LC_HI,142,2171,20587501,128.14431200506473,207.60040324344556
3,3,15,2,clustered,service_sigma_0.2,LC_HI,143,378,20587501,141.1617253385656,196.6619068635576
3,3,15,2,clustered,service_sigma_0.2,LC_HI,144,428,20587501,119.04599564751678,143.10414469829618
3,3,15,2,clustered,service_sigma_0.2,LC_HI,145,1830,20587501,103.3675318499204,107.3116166456886
3,3,15,2,clustered,service_sigma_0.2,LC_HI,146,2591,20587501,114.11008863475473,151.23826151889776
3,3,15,2,clustered,service_sigma_0.2,LC_HI,147,2827,20587501,116.28318463968817,184.21197214444402
3,3,15,2,clustered,service_sigma_0.2,LC_HI,148,2045,20587501,114.17907452915611,188.3569950128676
3,3,15,2,clustered,service_sigma_0.2,LC_HI,149,398,20587501,136.84618227773896,169.72080030066684
3,3,15,2,clustered,service_sigma_0.2,LC_HI,150,230,20587501,106.10092450103592,126.14444656792219
3,3,15,2,clustered,service_sigma_0.2,LC_HI,151,2945,20587501,138.66289607717582,225.8854553874572
3,3,15,2,clustered,service_sigma_0.2,LC_HI,152,1589,20587501,120.95617192038313,175.2377547421612
3,3,15,2,clustered,service_sigma_0.2,LC_HI,153,2294,20587501,121.03201374902585,134.78107967147778
3,3,15,2,clustered,service_sigma_0.2,LC_HI,154,1776,20587501,118.17119511982933,136.66980584292781
3,3,15,2,clustered,service_sigma_0.2,LC_HI,155,849,20587501,161.04877883007998,233.6445376982724
3,3,15,2,clustered,service_sigma_0.2,LC_HI,156,878,20587501,107.88290099502909,157.4409347943377
3,3,15,2,clustered,service_sigma_0.2,LC_HI,157,1448,20587501,104.02909638795552,107.8120705205898
3,3,15,2,clustered,service_sigma_0.2,LC_HI,158,2491,20587501,134.35779918952625,182.6013237871677
3,3,15,2,clustered,service_sigma_0.2,LC_HI,159,479,20587501,197.21385586413805,263.76425074584716
3,3,15,2,clustered,service_sigma_0.2,LC_HI,160,377,20587501,128.31352476060002,150.36036810965848
3,3,15,2,clustered,service_sigma_0.2,LC_HI,161,303,20587501,126.59361066476043,162.87550709305
3,3,15,2,clustered,service_sigma_0.2,LC_HI,162,100,20587501,113.45044957994217,157.41104928170586
3,3,15,2,clustered,service_sigma_0.2,LC_HI,163,2410,20587501,165.67927280264297,230.11967467794352
3,3,15,2,clustered,service_sigma_0.2,LC_HI,164,2878,20587501,179.41547839721065,227.01345621180533
3,3,15,2,clustered,service_sigma_0.2,LC_HI,165,265,20587501,126.87705122761321,192.35046773417415
3,3,15,2,clustered,service_sigma_0.2,LC_HI,166,1022,20587501,108.37472527274508,150.10252387497817
3,3,15,2,clustered,service_sigma_0.2,LC_HI,167,1976,20587501,180.40565700272978,209.51588932370208
3,3,15,2,clustered,service_sigma_0.2,LC_HI,168,2259,20587501,120.76220815254952,169.42823951490814
3,3,15,2,clustered,service_sigma_0.2,LC_HI,169,100,20587501,112.66863265302713,157.74573867800285
3,3,15,2,clustered,service_sigma_0.2,LC_HI,170,2353,20587501,119.16434418799228,152.52567211437213
3,3,15,2,clustered,service_sigma_0.2,LC_HI,171,473,20587501,171.93036472259647,254.2748706216785
3,3,15,2,clustered,service_sigma_0.2,LC_HI,172,659,20587501,104.20336119881316,138.70902314209474
3,3,15,2,clustered,service_sigma_0.2,LC_HI,173,390,20587501,112.12818882356527,151.09844083887566
3,3,15,2,clustered,service_sigma_0.2,LC_HI,174,2412,20587501,125.35459340891747,180.19114575404024
3,3,15,2,clustered,service_sigma_0.2,LC_HI,175,2572,20587501,103.29305518738748,133.72967282670086
3,3,15,2,clustered,service_sigma_0.2,LC_HI,176,2186,20587501,110.10350578045754,149.2349122292947
3,3,15,2,clustered,service_sigma_0.2,LC_HI,177,1936,20587501,125.17856157372434,141.89246872257056
3,3,15,2,clustered,service_sigma_0.2,LC_HI,178,1695,20587501,95.90367644957627,121.47679707921387
3,3,15,2,clustered,service_sigma_0.2,LC_HI,179,192,20587501,119.94701998507762,191.07608715442984
3,3,15,2,clustered,service_sigma_0.2,LC_HI,180,383,20587501,103.55571563081173,100.92370570446502
3,3,15,2,clustered,service_sigma_0.2,LC_HI,181,631,20587501,112.42638476762677,161.06097221600157
3,3,15,2,clustered,service_sigma_0.2,LC_HI,182,712,20587501,102.70838144835548,146.23999026516125
3,3,15,2,clustered,service_sigma_0.2,LC_HI,183,1390,20587501,133.93046780346796,141.79258462904366
3,3,15,2,clustered,service_sigma_0.2,LC_HI,184,1074,20587501,120.24083188280056,130.9231800630369
3,3,15,2,clustered,service_sigma_0.2,LC_HI,185,390,20587501,114.00494225481894,149.3422226138949
3,3,15,2,clustered,service_sigma_0.2,LC_HI,186,1397,20587501,166.41019603430675,236.98496786010978
3,3,15,2,clustered,service_sigma_0.2,LC_HI,187,1405,20587501,106.37955820620212,153.70072729321797
3,3,15,2,clustered,service_sigma_0.2,LC_HI,188,2289,20587501,120.93842467893724,164.29071824991132
3,3,15,2,clustered,service_sigma_0.2,LC_HI,189,2723,20587501,104.29373373609252,137.23617343526158
3,3,15,2,clustered,service_sigma_0.2,LC_HI,190,1022,20587501,109.01487583642374,142.0822010240641
3,3,15,2,clustered,service_sigma_0.2,LC_HI,191,2723,20587501,95.82746145759967,133.510809605266
3,3,15,2,clustered,service_sigma_0.2,LC_HI,192,148,20587501,167.69752533348355,224.9345534179885
3,3,15,2,clustered,service_sigma_0.2,LC_HI,193,877,20587501,116.48266305823354,169.7717085403108
3,3,15,2,clustered,service_sigma_0.2,LC_HI,194,47,20587501,109.89686577663663,159.93087501432495
3,3,15,2,clustered,service_sigma_0.2,LC_HI,195,1442,20587501,166.60940333787076,207.28633534014605
3,3,15,2,clustered,service_sigma_0.2,LC_HI,196,2943,20587501,124.55312612254085,172.92435643479675
3,3,15,2,clustered,service_sigma_0.2,LC_HI,197,1882,20587501,137.94604542256067,167.57644309979307
3,3,15,2,clustered,service_sigma_0.2,LC_HI,198,143,20587501,126.12863179611318,168.5880032141423
3,3,15,2,clustered,service_sigma_0.2,LC_HI,199,1021,20587501,120.22135146781146,139.995724975939
3,3,15,2,clustered,service_sigma_0.2,LC_LI,0,1264,20587501,157.0922931477137,214.8550775149466
3,3,15,2,clustered,service_sigma_0.2,LC_LI,1,1637,20587501,145.64358997690832,157.4374858159044
3,3,15,2,clustered,service_sigma_0.2,LC_LI,2,761,20587501,137.82759435762043,179.05792408787508
3,3,15,2,clustered,service_sigma_0.2,LC_LI,3,625,20587501,147.4789327756818,179.67042229150258
3,3,15,2,clustered,service_sigma_0.2,LC_LI,4,120,20587501,156.9684050111037,205.76018794204245
3,3,15,2,clustered,service_sigma_0.2,LC_LI,5,1992,20587501,123.37916701386607,220.53248136393793
3,3,15,2,clustered,service_sigma_0.2,LC_LI,6,302,20587501,137.0251934330098,153.57403111691343
3,3,15,2,clustered,service_sigma_0.2,LC_LI,7,331,20587501,133.30093465983194,188.01536585658528
3,3,15,2,clustered,service_sigma_0.2,LC_LI,8,1222,20587501,142.13921071429118,187.71727936405776
3,3,15,2,clustered,service_sigma_0.2,LC_LI,9,2215,20587501,148.18494400992097,248.39441528893838
3,3,15,2,clustered,service_sigma_0.2,LC_LI,10,763,20587501,130.01644241943407,210.12026942125314
3,3,15,2,clustered,service_sigma_0.2,LC_LI,11,1752,20587501,172.54576545406178,248.8916688882382
3,3,15,2,clustered,service_sigma_0.2,LC_LI,12,2501,20587501,130.37295351774893,184.94221520488043
3,3,15,2,clustered,service_sigma_0.2,LC_LI,13,97,20587501,157.4198220997482,206.19167437958126
3,3,15,2,clustered,service_sigma_0.2,LC_LI,14,907,20587501,134.59482113585665,204.31622748195133
3,3,15,2,clustered,service_sigma_0.2,LC_LI,15,2718,20587501,124.54202393994207,191.2593825964163
3,3,15,2,clustered,service_sigma_0.2,LC_LI,16,27,20587501,149.99508663474438,215.07575502063503
3,3,15,2,clustered,service_sigma_0.2,LC_LI,17,1992,20587501,120.98051054867054,220.52420710465609
3,3,15,2,clustered,service_sigma_0.2,LC_LI,18,2446,20587501,137.44257929385375,195.34903531198938
3,3,15,2,clustered,service_sigma_0.2,LC_LI,19,994,20587501,131.30286863119474,193.61040906777916
3,3,15,2,clustered,service_sigma_0.2,LC_LI,20,1440,20587501,155.1716410505018,215.06571160114885
3,3,15,2,clustered,service_sigma_0.2,LC_LI,21,2383,20587501,138.17793737464646,190.51872978751797
3,3,15,2,clustered,service_sigma_0.2,LC_LI,22,1114,20587501,136.66077559171165,174.66077559171165
3,3,15,2,clustered,service_sigma_0.2,LC_LI,23,396,20587501,136.48843235296644,167.70498035840725
3,3,15,2,clustered,service_sigma_0.2,LC_LI,24,1752,20587501,170.09838392709904,241.06868697463344
3,3,15,2,clustered,service_sigma_0.2,LC_LI,25,696,20587501,138.53685059931723,201.5413408298117
3,3,15,2,clustered,service_sigma_0.2,LC_LI,26,2149,20587501,157.5455194888168,163.92954492030816
3,3,15,2,clustered,service_sigma_0.2,LC_LI,27,331,20587501,140.0622580074718,187.5920989464277
3,3,15,2,clustered,service_sigma_0.2,LC_LI,28,609,20587501,127.83170544684734,201.97913065693086
3,3,15,2,clustered,service_sigma_0.2,LC_LI,29,2718,20587501,125.60444509076974,192.91750296987036
3,3,15,2,clustered,service_sigma_0.2,LC_LI,30,225,20587501,142.10733971501725,220.8509595297556
3,3,15,2,clustered,service_sigma_0.2,LC_LI,31,1129,20587501,151.90582953917863,183.12388288521154
3,3,15,2,clustered,service_sigma_0.2,LC_LI,32,2555,20587501,135.4256856974455,198.24089008199766
3,3,15,2,clustered,service_sigma_0.2,LC_LI,33,646,20587501,151.5925951430467,205.8785560417142
3,3,15,2,clustered,service_sigma_0.2,LC_LI,34,181,20587501,161.50599523987435,197.54526916100792
3,3,15,2,clustered,service_sigma_0.2,LC_LI,35,2899,20587501,133.5580151353906,178.8466696283196
3,3,15,2,clustered,service_sigma_0.2,LC_LI,36,331,20587501,137.92531328058845,188.26538448008137
3,3,15,2,clustered,service_sigma_0.2,LC_LI,37,2149,20587501,154.97112929686418,166.70428974504017
3,3,15,2,clustered,service_sigma_0.2,LC_LI,38,2206,20587501,156.4274590593229,200.0131926126562
3,3,15,2,clustered,service_sigma_0.2,LC_LI,39,1524,20587501,163.56276780124568,219.2130329929407
3,3,15,2,clustered,service_sigma_0.2,LC_LI,40,2376,20587501,135.3726271756994,253.37104129680478
3,3,15,2,clustered,service_sigma_0.2,LC_LI,41,1738,20587501,141.04363119570144,159.35924418528904
3,3,15,2,clustered,service_sigma_0.2,LC_LI,42,155,20587501,127.547163671656,198.3082899806257
3,3,15,2,clustered,service_sigma_0.2,LC_LI,43,994,20587501,127.39470612139046,193.08154683011264
3,3,15,2,clustered,service_sigma_0.2,LC_LI,44,2851,20587501,129.82987530844662,181.63537163084322
3,3,15,2,clustered,service_sigma_0.2,LC_LI,45,2224,20587501,144.49126711972332,215.5416787608279
3,3,15,2,clustered,service_sigma_0.2,LC_LI,46,2680,20587501,131.90956882736268,183.70858041801864
3,3,15,2,clustered,service_sigma_0.2,LC_LI,47,1161,20587501,138.58253245145514,173.40317842200133
3,3,15,2,clustered,service_sigma_0.2,LC_LI,48,2983,20587501,138.41885931895962,161.97529514542114
3,3,15,2,clustered,service_sigma_0.2,LC_LI,49,1763,20587501,134.37334706066233,193.02502295417605
3,3,15,2,clustered,service_sigma_0.2,LC_LI,50,2001,20587501,132.27244104510424,273.439143912629
3,3,15,2,clustered,service_sigma_0.2,LC_LI,51,951,20587501,119.50783568765581,164.83659745892356
3,3,15,2,clustered,service_sigma_0.2,LC_LI,52,2536,20587501,143.7194459882111,181.71944598821113
3,3,15,2,clustered,service_sigma_0.2,LC_LI,53,1283,20587501,137.8835632763677,187.4263875990671
3,3,15,2,clustered,service_sigma_0.2,LC_LI,54,2777,20587501,129.45804252930057,139.15427795015881
3,3,15,2,clustered,service_sigma_0.2,LC_LI,55,2718,20587501,124.40422107489273,193.29489303660372
3,3,15,2,clustered,service_sigma_0.2,LC_LI,56,1992,20587501,120.96131786130678,224.99788035283143
3,3,15,2,clustered,service_sigma_0.2,LC_LI,57,1584,20587501,128.1284828755289,141.16125416718145
3,3,15,2,clustered,service_sigma_0.2,LC_LI,58,141,20587501,141.98653076064923,258.79515788598314
3,3,15,2,clustered,service_sigma_0.2,LC_LI,59,509,20587501,133.101792880953,217.6532495311002
3,3,15,2,clustered,service_sigma_0.2,LC_LI,60,1208,20587501,126.68957955477933,196.66079459005113
3,3,15,2,clustered,service_sigma_0.2,LC_LI,61,270,20587501,142.25115957395195,158.7108357410581
3,3,15,2,clustered,service_sigma_0.2,LC_LI,62,1992,20587501,124.7367736273436,221.27079749740355
3,3,15,2,clustered,service_sigma_0.2,LC_LI,63,187,20587501,151.36677669749164,196.70452097518805
3,3,15,2,clustered,service_sigma_0.2,LC_LI,64,1099,20587501,146.36624974006304,241.57478451644081
3,3,15,2,clustered,service_sigma_0.2,LC_LI,65,536,20587501,164.23387574601392,168.17082454032672
3,3,15,2,clustered,service_sigma_0.2,LC_LI,66,1294,20587501,156.06565153934923,219.81824961596078
3,3,15,2,clustered,service_sigma_0.2,LC_LI,67,2805,20587501,126.48860077154538,196.0861913330425
3,3,15,2,clustered,service_sigma_0.2,LC_LI,68,1455,20587501,156.98699358944907,186.3391893644952
3,3,15,2,clustered,service_sigma_0.2,LC_LI,69,1320,20587501,143.01308029275248,223.34190035596833
3,3,15,2,clustered,service_sigma_0.2,LC_LI,70,1701,20587501,149.68405522616862,212.31981629040607
3,3,15,2,clustered,service_sigma_0.2,LC_LI,71,270,20587501,142.0734288553122,176.6377986936762
3,3,15,2,clustered,service_sigma_0.2,LC_LI,72,1038,20587501,125.26122086142767,191.03011487824455
3,3,15,2,clustered,service_sigma_0.2,LC_LI,73,1945,20587501,150.08148623139044,227.63049513222774
3,3,15,2,clustered,service_sigma_0.2,LC_LI,74,2680,20587501,130.7500369072524,184.93601227220242
3,3,15,2,clustered,service_sigma_0.2,LC_LI,75,1947,20587501,145.36211079204222,188.12492445601012
3,3,15,2,clustered,service_sigma_0.2,LC_LI,76,2522,20587501,137.58560924548715,202.2272498782388
3,3,15,2,clustered,service_sigma_0.2,LC_LI,77,971,20587501,135.8414348630602,207.726268183656
3,3,15,2,clustered,service_sigma_0.2,LC_LI,78,1316,20587501,132.93696705492485,178.1676937063379
3,3,15,2,clustered,service_sigma_0.2,LC_LI,79,1222,20587501,144.38845138045363,209.42706958395607
3,3,15,2,clustered,service_sigma_0.2,LC_LI,80,1747,20587501,159.8115577674736,188.24521077239254
3,3,15,2,clustered,service_sigma_0.2,LC_LI,81,625,20587501,156.95755328963565,171.81487014211314
3,3,15,2,clustered,service_sigma_0.2,LC_LI,82,2224,20587501,141.2028691188708,206.47005841596214
3,3,15,2,clustered,service_sigma_0.2,LC_LI,83,1594,20587501,159.60208236997113,154.46929525830447
3,3,15,2,clustered,service_sigma_0.2,LC_LI,84,761,20587501,144.1140633559882,175.61994542017726
3,3,15,2,clustered,service_sigma_0.2,LC_LI,85,1980,20587501,155.6530317750786,222.72194162706165
3,3,15,2,clustered,service_sigma_0.2,LC_LI,86,1364,20587501,175.98436728075123,225.18308593133096
3,3,15,2,clustered,service_sigma_0.2,LC_LI,87,1283,20587501,145.0682912532241,187.514793055968
3,3,15,2,clustered,service_sigma_0.2,LC_LI,88,2522,20587501,147.6944206792705,214.45019112690315
3,3,15,2,clustered,service_sigma_0.2,LC_LI,89,70,20587501,158.06774851201303,204.31249773869442
3,3,15,2,clustered,service_sigma_0.2,LC_LI,90,1478,20587501,137.21943675015697,199.45661122335696
3,3,15,2,clustered,service_sigma_0.2,LC_LI,91,2654,20587501,145.45265062869169,203.53891593729404
3,3,15,2,clustered,service_sigma_0.2,LC_LI,92,763,20587501,142.09183717497294,205.66897313004964
3,3,15,2,clustered,service_sigma_0.2,LC_LI,93,2555,20587501,133.83725842579824,196.25201893106805
3,3,15,2,clustered,service_sigma_0.2,LC_LI,94,2462,20587501,158.9597391766491,215.84126759994192
3,3,15,2,clustered,service_sigma_0.2,LC_LI,95,1413,20587501,141.44051449519108,217.45999552951946
3,3,15,2,clustered,service_sigma_0.2,LC_LI,96,70,20587501,157.23900725233165,212.0817554648891
3,3,15,2,clustered,service_sigma_0.2,LC_LI,97,1208,20587501,126.08318895791217,198.60638060531443
3,3,15,2,clustered,service_sigma_0.2,LC_LI,98,1316,20587501,135.7123270772697,178.2403114557248
3,3,15,2,clustered,service_sigma_0.2,LC_LI,99,2851,20587501,124.43447730994838,187.62478874595698
3,3,15,2,clustered,service_sigma_0.2,LC_LI,100,509,20587501,138.21267166037524,213.0399081150509
3,3,15,2,clustered,service_sigma_0.2,LC_LI,101,2959,20587501,135.16178833501786,183.84703991353564
3,3,15,2,clustered,service_sigma_0.2,LC_LI,102,563,20587501,160.68477070272843,224.55253652634428
3,3,15,2,clustered,service_sigma_0.2,LC_LI,103,707,20587501,128.5020308727224,191.47628733479505
3,3,15,2,clustered,service_sigma_0.2,LC_LI,104,1208,20587501,128.30117909146955,198.23251867829623
3,3,15,2,clustered,service_sigma_0.2,LC_LI,105,1364,20587501,168.38642098763006,227.64736374355584
3,3,15,2,clustered,service_sigma_0.2,LC_LI,106,2224,20587501,137.70213157564146,207.52540844699988
3,3,15,2,clustered,service_sigma_0.2,LC_LI,107,2072,20587501,160.15649749123833,262.79647435058564
3,3,15,2,clustered,service_sigma_0.2,LC_LI,108,881,20587501,132.459958788809,174.19143958040596
3,3,15,2,clustered,service_sigma_0.2,LC_LI,109,2009,20587501,132.74700613446552,203.26644146708972
3,3,15,2,clustered,service_sigma_0.2,LC_LI,110,1351,20587501,155.30849041746868,206.03074534532286
3,3,15,2,clustered,service_sigma_0.2,LC_LI,111,1890,20587501,148.76300965127032,180.27199984176224
3,3,15,2,clustered,service_sigma_0.2,LC_LI,112,798,20587501,138.26995154853256,195.75752637168208
3,3,15,2,clustered,service_sigma_0.2,LC_LI,113,1440,20587501,146.91879275393333,214.6809819411279
3,3,15,2,clustered,service_sigma_0.2,LC_LI,114,1926,20587501,148.4955682883143,201.32320927916356
3,3,15,2,clustered,service_sigma_0.2,LC_LI,115,1069,20587501,137.36838241290292,176.90166799691667
3,3,15,2,clustered,service_sigma_0.2,LC_LI,116,2718,20587501,130.95290031167033,190.84048912151468
3,3,15,2,clustered,service_sigma_0.2,LC_LI,117,2738,20587501,154.74434444029512,221.09356869553196
3,3,15,2,clustered,service_sigma_0.2,LC_LI,118,1794,20587501,146.56638633700152,202.16607400911877
3,3,15,2,clustered,service_sigma_0.2,LC_LI,119,302,20587501,138.44889596209543,148.25417433691325
3,3,15,2,clustered,service_sigma_0.2,LC_LI,120,2019,20587501,157.82347311272235,241.54804571067433
3,3,15,2,clustered,service_sigma_0.2,LC_LI,121,783,20587501,153.68776370682573,174.420465813527
3,3,15,2,clustered,service_sigma_0.2,LC_LI,122,1838,20587501,139.32004124534885,154.31402984228598
3,3,15,2,clustered,service_sigma_0.2,LC_LI,123,1320,20587501,148.20993914606103,219.97565558235982
3,3,15,2,clustered,service_sigma_0.2,LC_LI,124,783,20587501,156.4034536695231,176.2195856278486
3,3,15,2,clustered,service_sigma_0.2,LC_LI,125,1411,20587501,136.2845401622035,195.93727001114098
3,3,15,2,clustered,service_sigma_0.2,LC_LI,126,536,20587501,164.78259130583385,166.22546338215827
3,3,15,2,clustered,service_sigma_0.2,LC_LI,127,2680,20587501,132.761599198365,184.8022088115065
3,3,15,2,clustered,service_sigma_0.2,LC_LI,128,2462,20587501,159.657987998205,225.16750328944792
3,3,15,2,clustered,service_sigma_0.2,LC_LI,129,2881,20587501,136.32294477826107,180.06750670598868
3,3,15,2,clustered,service_sigma_0.2,LC_LI,130,491,20587501,127.38392158213647,150.12911912427234
3,3,15,2,clustered,service_sigma_0.2,LC_LI,131,971,20587501,148.47437518738724,196.34869082569688
3,3,15,2,clustered,service_sigma_0.2,LC_LI,132,1111,20587501,146.45999998610367,139.4055889038929
3,3,15,2,clustered,service_sigma_0.2,LC_LI,133,783,20587501,156.41881223405954,176.23935126025407
3,3,15,2,clustered,service_sigma_0.2,LC_LI,134,2681,20587501,145.5508381909253,193.9994943085384
3,3,15,2,clustered,service_sigma_0.2,LC_LI,135,1524,20587501,169.94035891260873,222.6358543631359
3,3,15,2,clustered,service_sigma_0.2,LC_LI,136,738,20587501,166.43999058222133,232.36594505707325
3,3,15,2,clustered,service_sigma_0.2,LC_LI,137,563,20587501,163.32675953308723,223.11323211563663
3,3,15,2,clustered,service_sigma_0.2,LC_LI,138,1637,20587501,146.068478500977,147.50108607324785
3,3,15,2,clustered,service_sigma_0.2,LC_LI,139,761,20587501,143.38339818375326,174.4691569518033
3,3,15,2,clustered,service_sigma_0.2,LC_LI,140,2501,20587501,123.05415580779386,187.29820498377063
3,3,15,2,clustered,service_sigma_0.2,LC_LI,141,302,20587501,135.8271699261107,160.59409657322283
3,3,15,2,clustered,service_sigma_0.2,LC_LI,142,1594,20587501,158.23782878568073,151.87232176741472
3,3,15,2,clustered,service_sigma_0.2,LC_LI,143,761,20587501,141.22896660207022,183.99563442519283
3,3,15,2,clustered,service_sigma_0.2,LC_LI,144,1637,20587501,146.28307342401177,145.04210146311064
3,3,15,2,clustered,service_sigma_0.2,LC_LI,145,2939,20587501,144.94149438981,180.1862555197248
3,3,15,2,clustered,service_sigma_0.2,LC_LI,146,2195,20587501,143.87176071825704,221.2974116171387
3,3,15,2,clustered,service_sigma_0.2,LC_LI,147,551,20587501,142.34731310786464,165.3381160486308
3,3,15,2,clustered,service_sigma_0.2,LC_LI,148,2554,20587501,131.70420270321057,160.7042027032106
3,3,15,2,clustered,service_sigma_0.2,LC_LI,149,551,20587501,139.02320557470213,163.833070508813
3,3,15,2,clustered,service_sigma_0.2,LC_LI,150,1694,20587501,153.54102775578272,183.7973848758278
3,3,15,2,clustered,service_sigma_0.2,LC_LI,151,1787,20587501,166.30381986295814,219.08292637899018
3,3,15,2,clustered,service_sigma_0.2,LC_LI,152,2433,20587501,138.95511649854208,180.3590627001389
3,3,15,2,clustered,service_sigma_0.2,LC_LI,153,817,20587501,133.0968423313486,194.06628518786792
3,3,15,2,clustered,service_sigma_0.2,LC_LI,154,1763,20587501,129.24649357561182,177.7620323868258
3,3,15,2,clustered,service_sigma_0.2,LC_LI,155,2050,20587501,137.10027078428163,191.7670728167245
3,3,15,2,clustered,service_sigma_0.2,LC_LI,156,1294,20587501,153.31391704214326,207.5001503751925
3,3,15,2,clustered,service_sigma_0.2,LC_LI,157,1440,20587501,148.2739019560605,213.8277115175913
3,3,15,2,clustered,service_sigma_0.2,LC_LI,158,2692,20587501,133.86756567477204,166.1710737687421
3,3,15,2,clustered,service_sigma_0.2,LC_LI,159,1684,20587501,151.85876096005242,211.6360804686844
3,3,15,2,clustered,service_sigma_0.2,LC_LI,160,951,20587501,121.5269397274834,146.06834901279663
3,3,15,2,clustered,service_sigma_0.2,LC_LI,161,1411,20587501,132.15641856251324,196.23209527233786
3,3,15,2,clustered,service_sigma_0.2,LC_LI,162,1114,20587501,141.25174688677083,175.80463632366076
3,3,15,2,clustered,service_sigma_0.2,LC_LI,163,2433,20587501,140.38308788396856,179.44266636847365
3,3,15,2,clustered,service_sigma_0.2,LC_LI,164,2555,20587501,145.6022060579456,203.0992058454556
3,3,15,2,clustered,service_sigma_0.2,LC_LI,165,988,20587501,149.15074222942602,230.35046773417412
3,3,15,2,clustered,service_sigma_0.2,LC_LI,166,2172,20587501,127.44562555885011,179.49764587016264
3,3,15,2,clustered,service_sigma_0.2,LC_LI,167,1738,20587501,139.0990887965123,161.48099660528052
3,3,15,2,clustered,service_sigma_0.2,LC_LI,168,2035,20587501,145.76688983976064,210.74801175387304
3,3,15,2,clustered,service_sigma_0.2,LC_LI,169,141,20587501,147.12415713227804,260.25242719737497
3,3,15,2,clustered,service_sigma_0.2,LC_LI,170,225,20587501,146.35134345084492,220.75966505647227
3,3,15,2,clustered,service_sigma_0.2,LC_LI,171,609,20587501,125.32093426020232,200.5257613032796
3,3,15,2,clustered,service_sigma_0.2,LC_LI,172,2224,20587501,139.17206652265614,205.64441259826398
3,3,15,2,clustered,service_sigma_0.2,LC_LI,173,1684,20587501,149.41743763513838,209.6247102675283
3,3,15,2,clustered,service_sigma_0.2,LC_LI,174,1637,20587501,148.2404570434099,157.09426756828077
3,3,15,2,clustered,service_sigma_0.2,LC_LI,175,1584,20587501,127.58583613107467,140.925809092952
3,3,15,2,clustered,service_sigma_0.2,LC_LI,176,971,20587501,145.3655813485615,193.02484999785077
3,3,15,2,clustered,service_sigma_0.2,LC_LI,177,2035,20587501,140.50525582899502,211.71530132982767
3,3,15,2,clustered,service_sigma_0.2,LC_LI,178,2959,20587501,134.0716466368227,187.09316487066317
3,3,15,2,clustered,service_sigma_0.2,LC_LI,179,302,20587501,130.18101487089984,154.42956928325015
3,3,15,2,clustered,service_sigma_0.2,LC_LI,180,2224,20587501,142.9942755049774,215.36549225094998
3,3,15,2,clustered,service_sigma_0.2,LC_LI,181,2851,20587501,138.2915504975713,178.16020247796817
3,3,15,2,clustered,service_sigma_0.2,LC_LI,182,1264,20587501,160.46984018169863,210.881340595148
3,3,15,2,clustered,service_sigma_0.2,LC_LI,183,2899,20587501,138.0187313240301,180.93046780346796
3,3,15,2,clustered,service_sigma_0.2,LC_LI,184,27,20587501,148.79585494970908,218.02178272529574
3,3,15,2,clustered,service_sigma_0.2,LC_LI,185,2897,20587501,140.90514731940016,192.6892667812148
3,3,15,2,clustered,service_sigma_0.2,LC_LI,186,2320,20587501,146.724376099606,182.0764219752485
3,3,15,2,clustered,service_sigma_0.2,LC_LI,187,487,20587501,132.7977997319325,172.50283184630524
3,3,15,2,clustered,service_sigma_0.2,LC_LI,188,646,20587501,153.40657618522576,203.8429402972454
3,3,15,2,clustered,service_sigma_0.2,LC_LI,189,994,20587501,137.57197797091024,192.6068297396942
3,3,15,2,clustered,service_sigma_0.2,LC_LI,190,1794,20587501,140.62196091011864,203.7199299031836
3,3,15,2,clustered,service_sigma_0.2,LC_LI,191,1701,20587501,142.64299596811293,208.07703458584115
3,3,15,2,clustered,service_sigma_0.2,LC_LI,192,2881,20587501,140.62898900299624,204.98452670927986
3,3,15,2,clustered,service_sigma_0.2,LC_LI,193,2718,20587501,125.9799382707481,193.39510649299962
3,3,15,2,clustered,service_sigma_0.2,LC_LI,194,1099,20587501,163.48774316733127,244.11523747986257
3,3,15,2,clustered,service_sigma_0.2,LC_LI,195,1320,20587501,149.1431653175283,224.9527257906856
3,3,15,2,clustered,service_sigma_0.2,LC_LI,196,2009,20587501,135.5421141309531,205.65259127611287
3,3,15,2,clustered,service_sigma_0.2,LC_LI,197,1264,20587501,155.59189373930047,211.216095420887
3,3,15,2,clustered,service_sigma_0.2,LC_LI,198,2252,20587501,131.3523292508973,169.70589618593903
3,3,15,2,clustered,service_sigma_0.2,LC_LI,199,2555,20587501,140.5411263025419,194.49799088017872
5,3,30,2,diurnal,service_sigma_0.2,random,0,99,20787507,147.10322858605204,166.82711873761224
5,3,30,2,diurnal,service_sigma_0.2,random,1,1466,20787507,180.26212316732722,256.73433205292366
5,3,30,2,diurnal,service_sigma_0.2,random,2,49,20787507,180.37369891245234,255.4764746114127
5,3,30,2,diurnal,service_sigma_0.2,random,3,666,20787507,140.88150706844553,194.50364354445722
5,3,30,2,diurnal,service_sigma_0.2,random,4,1038,20787507,189.833251980062,279.1831945330672
5,3,30,2,diurnal,service_sigma_0.2,random,5,683,20787507,170.1359330359004,235.96549391113732
5,3,30,2,diurnal,service_sigma_0.2,random,6,1796,20787507,140.2818831963737,173.59873316657442
5,3,30,2,diurnal,service_sigma_0.2,random,7,2007,20787507,164.39968466248354,215.87203986383506
5,3,30,2,diurnal,service_sigma_0.2,random,8,599,20787507,150.11234667727393,198.31425603717878
5,3,30,2,diurnal,service_sigma_0.2,random,9,1364,20787507,190.06126490789018,242.6159961180224
5,3,30,2,diurnal,service_sigma_0.2,random,10,168,20787507,174.49981095827687,226.77329587843397
5,3,30,2,diurnal,service_sigma_0.2,random,11,2370,20787507,169.87206443504581,197.83728726151693
5,3,30,2,diurnal,service_sigma_0.2,random,12,693,20787507,154.19805407105312,209.8973566956599
5,3,30,2,diurnal,service_sigma_0.2,random,13,775,20787507,148.85040879354716,183.85532108909422
5,3,30,2,diurnal,service_sigma_0.2,random,14,1047,20787507,178.96385672605854,252.75155676803385
5,3,30,2,diurnal,service_sigma_0.2,random,15,2261,20787507,125.71556976543839,160.12723194244822
5,3,30,2,diurnal,service_sigma_0.2,random,16,744,20787507,198.14398364728842,270.3742557574896
5,3,30,2,diurnal,service_sigma_0.2,random,17,31,20787507,158.09841531974794,252.8295802116229
5,3,30,2,diurnal,service_sigma_0.2,random,18,2879,20787507,171.1779986085027,203.8874380660707
5,3,30,2,diurnal,service_sigma_0.2,random,19,1779,20787507,146.73243266742008,178.95737455990073
5,3,30,2,diurnal,service_sigma_0.2,random,20,2703,20787507,170.21323936535836,213.32994857559078
5,3,30,2,diurnal,service_sigma_0.2,random,21,1507,20787507,158.8766026115238,200.10556461424346
5,3,30,2,diurnal,service_sigma_0.2,random,22,1244,20787507,153.87449861937193,180.9297850769771
5,3,30,2,diurnal,service_sigma_0.2,random,23,821,20787507,152.24038512031154,193.52369265643114
5,3,30,2,diurnal,service_sigma_0.2,random,24,2468,20787507,155.21997929242914,191.52568082010956
5,3,30,2,diurnal,service_sigma_0.2,random,25,210,20787507,166.21697946271595,227.68400704335835
5,3,30,2,diurnal,service_sigma_0.2,random,26,256,20787507,154.17669508450777,213.66263365835903
5,3,30,2,diurnal,service_sigma_0.2,random,27,1577,20787507,168.06147462403268,227.42539115871318
5,3,30,2,diurnal,service_sigma_0.2,random,28,525,20787507,160.01481310479173,205.3662749313869
5,3,30,2,diurnal,service_sigma_0.2,random,29,1280,20787507,172.05194086387618,245.19048545244155
5,3,30,2,diurnal,service_sigma_0.2,random,30,2687,20787507,140.00863453443188,178.81040050757326
5,3,30,2,diurnal,service_sigma_0.2,random,31,1374,20787507,164.2103807338382,216.83040700531507
5,3,30,2,diurnal,service_sigma_0.2,random,32,2182,20787507,142.56666225113085,213.8673230801585
5,3,30,2,diurnal,service_sigma_0.2,random,33,813,20787507,152.4140461186872,177.8597144710221
5,3,30,2,diurnal,service_sigma_0.2,random,34,2551,20787507,185.59913101052942,256.427037213824
5,3,30,2,diurnal,service_sigma_0.2,random,35,1059,20787507,159.9277742010459,212.53189711434246
5,3,30,2,diurnal,service_sigma_0.2,random,36,1278,20787507,175.87389315957228,233.5306902644259
5,3,30,2,diurnal,service_sigma_0.2,random,37,2749,20787507,129.94471467563338,193.60671711375366
5,3,30,2,diurnal,service_sigma_0.2,random,38,1995,20787507,169.62896889746372,231.4998840257416
5,3,30,2,diurnal,service_sigma_0.2,random,39,120,20787507,163.00734094659447,200.76203222488138
5,3,30,2,diurnal,service_sigma_0.2,random,40,366,20787507,173.30661956941935,259.40016462652324
5,3,30,2,diurnal,service_sigma_0.2,random,41,1597,20787507,167.67067992448426,227.8931332795691
5,3,30,2,diurnal,service_sigma_0.2,random,42,955,20787507,188.89895273290608,216.39668351967993
5,3,30,2,diurnal,service_sigma_0.2,random,43,2983,20787507,132.65314714295724,181.14937926090556
5,3,30,2,diurnal,service_sigma_0.2,random,44,972,20787507,163.2274701702205,214.81801220705972
5,3,30,2,diurnal,service_sigma_0.2,random,45,2138,20787507,178.70495013411676,260.80248847719645
5,3,30,2,diurnal,service_sigma_0.2,random,46,573,20787507,163.9399953841852,194.95793694723406
5,3,30,2,diurnal,service_sigma_0.2,random,47,236,20787507,157.76119668103874,182.46898928127598
5,3,30,2,diurnal,service_sigma_0.2,random,48,1472,20787507,209.6901911982751,267.49839953131925
5,3,30,2,diurnal,service_sigma_0.2,random,49,19,20787507,151.49608195243817,186.6425815767952
5,3,30,2,diurnal,service_sigma_0.2,random,50,2699,20787507,170.32720396835282,222.02002759692218
5,3,30,2,diurnal,service_sigma_0.2,random,51,640,20787507,134.04520787014187,158.76145761499652
5,3,30,2,diurnal,service_sigma_0.2,random,52,230,20787507,157.03262423655462,204.56105111433675
5,3,30,2,diurnal,service_sigma_0.2,random,53,2997,20787507,172.17886073562235,238.63156861716604
5,3,30,2,diurnal,service_sigma_0.2,random,54,2314,20787507,133.96177335235927,158.49513406471857
5,3,30,2,diurnal,service_sigma_0.2,random,55,2306,20787507,150.7170627014767,223.2948164235587
5,3,30,2,diurnal,service_sigma_0.2,random,56,1399,20787507,144.58015589567208,196.77849254551836
5,3,30,2,diurnal,service_sigma_0.2,random,57,471,20787507,149.73113956049022,180.23280815300845
5,3,30,2,diurnal,service_sigma_0.2,random,58,578,20787507,167.53037295154982,233.57175510462886
5,3,30,2,diurnal,service_sigma_0.2,random,59,1794,20787507,170.11553897235228,217.3104885290667
5,3,30,2,diurnal,service_sigma_0.2,random,60,83,20787507,145.9535871142677,180.65807899808487
5,3,30,2,diurnal,service_sigma_0.2,random,61,1704,20787507,152.2584411846046,190.39585957345957
5,3,30,2,diurnal,service_sigma_0.2,random,62,667,20787507,133.5127855165718,184.0719185132885
5,3,30,2,diurnal,service_sigma_0.2,random,63,1395,20787507,167.22736396796057,238.22736396796057
5,3,30,2,diurnal,service_sigma_0.2,random,64,2437,20787507,180.45661103021874,211.27333426630886
5,3,30,2,diurnal,service_sigma_0.2,random,65,1346,20787507,151.15123586253054,193.4988560112521
5,3,30,2,diurnal,service_sigma_0.2,random,66,669,20787507,164.07709537819403,189.7707086394277
5,3,30,2,diurnal,service_sigma_0.2,random,67,763,20787507,169.61594330979057,180.91765282412445
5,3,30,2,diurnal,service_sigma_0.2,random,68,562,20787507,124.51928250035206,148.51928250035206
5,3,30,2,diurnal,service_sigma_0.2,random,69,2010,20787507,201.3996822310312,288.77299794787325
5,3,30,2,diurnal,service_sigma_0.2,random,70,566,20787507,148.03564865398184,201.16812803774437
5,3,30,2,diurnal,service_sigma_0.2,random,71,2833,20787507,161.39986237964843,195.78202275510867
5,3,30,2,diurnal,service_sigma_0.2,random,72,1789,20787507,172.94527031788925,205.2701566578521
5,3,30,2,diurnal,service_sigma_0.2,random,73,1676,20787507,149.97518963047224,152.96511366709083
5,3,30,2,diurnal,service_sigma_0.2,random,74,1457,20787507,131.84655630664113,196.3039591141808
5,3,30,2,diurnal,service_sigma_0.2,random,75,2326,20787507,159.8994236869913,205.06314176965049
5,3,30,2,diurnal,service_sigma_0.2,random,76,2967,20787507,191.00134109639905,236.9166041127972
5,3,30,2,diurnal,service_sigma_0.2,random,77,2249,20787507,175.82367115200265,262.15157917648236
5,3,30,2,diurnal,service_sigma_0.2,random,78,2934,20787507,155.38898961336213,182.08037689418512
5,3,30,2,diurnal,service_sigma_0.2,random,79,1295,20787507,135.68583788528957,174.57989241441143
5,3,30,2,diurnal,service_sigma_0.2,random,80,787,20787507,184.13680221865525,235.69545126931263
5,3,30,2,diurnal,service_sigma_0.2,random,81,1150,20787507,146.96277327165595,204.39108408590678
5,3,30,2,diurnal,service_sigma_0.2,random,82,1126,20787507,162.61344651001778,221.41404094800507
5,3,30,2,diurnal,service_sigma_0.2,random,83,962,20787507,177.59323755453804,290.92319599909786
5,3,30,2,diurnal,service_sigma_0.2,random,84,2725,20787507,158.34379998524764,202.1277715898173
5,3,30,2,diurnal,service_sigma_0.2,random,85,2963,20787507,140.3512331828411,163.8072290301465
5,3,30,2,diurnal,service_sigma_0.2,random,86,2955,20787507,148.72618597886776,191.93807641482775
5,3,30,2,diurnal,service_sigma_0.2,random,87,2709,20787507,142.94642440075398,198.41502289132475
5,3,30,2,diurnal,service_sigma_0.2,random,88,2210,20787507,197.21543603394719,250.58669397848476
5,3,30,2,diurnal,service_sigma_0.2,random,89,389,20787507,158.09069226850823,234.0379871934255
5,3,30,2,diurnal,service_sigma_0.2,random,90,287,20787507,166.99847926591397,198.9277016314224
5,3,30,2,diurnal,service_sigma_0.2,random,91,2127,20787507,169.05127786932542,231.1695876690721
5,3,30,2,diurnal,service_sigma_0.2,random,92,2281,20787507,173.11314976850628,198.1388315959102
5,3,30,2,diurnal,service_sigma_0.2,random,93,579,20787507,159.06067074311258,220.52236426378488
5,3,30,2,diurnal,service_sigma_0.2,random,94,1499,20787507,152.92401657471754,208.87306704153045
5,3,30,2,diurnal,service_sigma_0.2,random,95,2136,20787507,168.28250816736812,191.9107204754793
5,3,30,2,diurnal,service_sigma_0.2,random,96,2610,20787507,188.19433969187412,241.18221348965847
5,3,30,2,diurnal,service_sigma_0.2,random,97,1516,20787507,168.7332196467449,222.18417935562056
5,3,30,2,diurnal,service_sigma_0.2,random,98,995,20787507,152.16765853181502,193.4064261380507
5,3,30,2,diurnal,service_sigma_0.2,random,99,2963,20787507,141.01122950296238,164.01122950296238
5,3,30,2,diurnal,service_sigma_0.2,random,100,371,20787507,169.37042712778043,254.55353916428942
5,3,30,2,diurnal,service_sigma_0.2,random,101,2030,20787507,174.38707159451192,263.61625179806794
5,3,30,2,diurnal,service_sigma_0.2,random,102,2144,20787507,152.31320351617686,199.74757018338386
5,3,30,2,diurnal,service_sigma_0.2,random,103,812,20787507,140.99592972530417,171.24785815744764
5,3,30,2,diurnal,service_sigma_0.2,random,104,2922,20787507,145.1062547269587,180.35241128071144
5,3,30,2,diurnal,service_sigma_0.2,random,105,1110,20787507,198.39460156718224,253.09829912186996
5,3,30,2,diurnal,service_sigma_0.2,random,106,55,20787507,140.760736570105,154.85207328778122
5,3,30,2,diurnal,service_sigma_0.2,random,107,2959,20787507,160.78012479800483,196.3105598873086
5,3,30,2,diurnal,service_sigma_0.2,random,108,1132,20787507,182.60211584462365,248.56601519625028
5,3,30,2,diurnal,service_sigma_0.2,random,109,2090,20787507,144.6676098646516,176.0553449787867
5,3,30,2,diurnal,service_sigma_0.2,random,110,1705,20787507,127.94023359459428,171.35319680784247
5,3,30,2,diurnal,service_sigma_0.2,random,111,1496,20787507,175.19166931433287,247.9177681732983
5,3,30,2,diurnal,service_sigma_0.2,random,112,2405,20787507,192.55209799300397,272.04284803806496
5,3,30,2,diurnal,service_sigma_0.2,random,113,1877,20787507,132.99980724895727,206.70394738010393
5,3,30,2,diurnal,service_sigma_0.2,random,114,900,20787507,159.88103875956753,215.16186727924674
5,3,30,2,diurnal,service_sigma_0.2,random,115,2323,20787507,155.70730395106938,189.32270825705768
5,3,30,2,diurnal,service_sigma_0.2,random,116,2661,20787507,150.07754357939942,205.5475284172642
5,3,30,2,diurnal,service_sigma_0.2,random,117,1218,20787507,148.866129758371,188.0991273980659
5,3,30,2,diurnal,service_sigma_0.2,random,118,1541,20787507,170.46488902060062,249.66263729932172
5,3,30,2,diurnal,service_sigma_0.2,random,119,2143,20787507,147.9241026930097,184.99432502769437
5,3,30,2,diurnal,service_sigma_0.2,random,120,166,20787507,151.86091044820336,215.64517681897505
5,3,30,2,diurnal,service_sigma_0.2,random,121,896,20787507,181.85978550882845,226.60836420087213
5,3,30,2,diurnal,service_sigma_0.2,random,122,2500,20787507,157.23001046064346,191.2210991564998
5,3,30,2,diurnal,service_sigma_0.2,random,123,959,20787507,140.95454164819535,196.3105457650335
5,3,30,2,diurnal,service_sigma_0.2,random,124,933,20787507,155.38315434404117,197.6767419562247
5,3,30,2,diurnal,service_sigma_0.2,random,125,1663,20787507,179.92772612221006,239.54485857984668
5,3,30,2,diurnal,service_sigma_0.2,random,126,317,20787507,150.201669818431,197.53025090398373
5,3,30,2,diurnal,service_sigma_0.2,random,127,2366,20787507,167.58337364142363,214.38933328635667
5,3,30,2,diurnal,service_sigma_0.2,random,128,2585,20787507,167.04150780903706,219.05440590874366
5,3,30,2,diurnal,service_sigma_0.2,random,129,861,20787507,152.82690448959627,149.35480789264847
5,3,30,2,diurnal,service_sigma_0.2,random,130,2940,20787507,160.91364934222904,215.39291477264197
5,3,30,2,diurnal,service_sigma_0.2,random,131,2903,20787507,168.39349784829804,182.60686435924052
5,3,30,2,diurnal,service_sigma_0.2,random,132,2759,20787507,174.81143903028945,237.44387765118685
5,3,30,2,diurnal,service_sigma_0.2,random,133,1806,20787507,157.48345461362166,241.04205984099937
5,3,30,2,diurnal,service_sigma_0.2,random,134,2350,20787507,159.48915847145426,224.9272360076474
5,3,30,2,diurnal,service_sigma_0.2,random,135,86,20787507,141.80247481187035,168.4479208814759
5,3,30,2,diurnal,service_sigma_0.2,random,136,1308,20787507,159.3737799597943,209.87438359994619
5,3,30,2,diurnal,service_sigma_0.2,random,137,1051,20787507,133.0791947782467,204.87103731461482
5,3,30,2,diurnal,service_sigma_0.2,random,138,2829,20787507,158.49483664663637,236.61216168431545
5,3,30,2,diurnal,service_sigma_0.2,random,139,1720,20787507,137.69393358402377,195.60539601335145
5,3,30,2,diurnal,service_sigma_0.2,random,140,163,20787507,155.94849983036494,206.00303898292023
5,3,30,2,diurnal,service_sigma_0.2,random,141,1549,20787507,185.69357396094406,222.1435212397602
5,3,30,2,diurnal,service_sigma_0.2,random,142,2433,20787507,158.57118388564103,190.65861902142782
5,3,30,2,diurnal,service_sigma_0.2,random,143,317,20787507,150.13205435313154,198.76783359623545
5,3,30,2,diurnal,service_sigma_0.2,random,144,996,20787507,151.96675319275286,202.85215783723066
5,3,30,2,diurnal,service_sigma_0.2,random,145,606,20787507,151.6023540975584,190.72128859060572
5,3,30,2,diurnal,service_sigma_0.2,random,146,255,20787507,157.49504495595784,189.14979925913084
5,3,30,2,diurnal,service_sigma_0.2,random,147,676,20787507,163.31586982078582,236.31340779884562
5,3,30,2,diurnal,service_sigma_0.2,random,148,1118,20787507,187.10559359228301,222.21152343369786
5,3,30,2,diurnal,service_sigma_0.2,random,149,2779,20787507,173.7453361186437,230.39012549428952
5,3,30,2,diurnal,service_sigma_0.2,random,150,2138,20787507,178.96757532676114,257.4876083922292
5,3,30,2,diurnal,service_sigma_0.2,random,151,2780,20787507,153.9667177115207,174.28123673303605
5,3,30,2,diurnal,service_sigma_0.2,random,152,111,20787507,151.35623858836775,196.516286633511
5,3,30,2,diurnal,service_sigma_0.2,random,153,858,20787507,154.8052763228765,200.4616068743356
5,3,30,2,diurnal,service_sigma_0.2,random,154,1912,20787507,143.88187322228566,190.71460287005246
5,3,30,2,diurnal,service_sigma_0.2,random,155,1340,20787507,176.2306602536947,243.6157409923264
5,3,30,2,diurnal,service_sigma_0.2,random,156,1019,20787507,156.02059430571416,195.2338159406648
5,3,30,2,diurnal,service_sigma_0.2,random,157,549,20787507,169.50194776226567,229.48742081620944
5,3,30,2,diurnal,service_sigma_0.2,random,158,497,20787507,164.61203791330453,243.2804426601685
5,3,30,2,diurnal,service_sigma_0.2,random,159,418,20787507,140.9704226809269,202.95508566247176
5,3,30,2,diurnal,service_sigma_0.2,random,160,569,20787507,185.21988047243298,241.2711468041573
5,3,30,2,diurnal,service_sigma_0.2,random,161,2263,20787507,154.93669508053583,185.2950467256156
5,3,30,2,diurnal,service_sigma_0.2,random,162,246,20787507,157.72132478892064,211.9533200799889
5,3,30,2,diurnal,service_sigma_0.2,random,163,2365,20787507,156.39134090043936,228.17154032067464
5,3,30,2,diurnal,service_sigma_0.2,random,164,2237,20787507,150.9908149694081,204.42104611572384
5,3,30,2,diurnal,service_sigma_0.2,random,165,2974,20787507,158.69665681939784,199.89475701607194
5,3,30,2,diurnal,service_sigma_0.2,random,166,357,20787507,123.84511784582091,160.52586283394447
5,3,30,2,diurnal,service_sigma_0.2,random,167,1853,20787507,148.04263116389902,166.68015238311165
5,3,30,2,diurnal,service_sigma_0.2,random,168,579,20787507,161.0256242041824,206.84139585474963
5,3,30,2,diurnal,service_sigma_0.2,random,169,1846,20787507,169.61113370578332,195.38588129823773
5,3,30,2,diurnal,service_sigma_0.2,random,170,2642,20787507,171.8460517020674,229.06480119333554
5,3,30,2,diurnal,service_sigma_0.2,random,171,162,20787507,149.244519859377,196.11286225841198
5,3,30,2,diurnal,service_sigma_0.2,random,172,1967,20787507,176.1796933233118,223.0233271776619
5,3,30,2,diurnal,service_sigma_0.2,random,173,941,20787507,158.37891360442825,216.17720798106976
5,3,30,2,diurnal,service_sigma_0.2,random,174,743,20787507,153.04470666039265,174.65450203726573
5,3,30,2,diurnal,service_sigma_0.2,random,175,2881,20787507,163.30868537759667,187.70385770260782
5,3,30,2,diurnal,service_sigma_0.2,random,176,855,20787507,150.64180758691424,233.02888221914108
5,3,30,2,diurnal,service_sigma_0.2,random,177,2516,20787507,191.28701081677028,244.13764170385784
5,3,30,2,diurnal,service_sigma_0.2,random,178,287,20787507,165.88821132903232,198.4885612874577
5,3,30,2,diurnal,service_sigma_0.2,random,179,2678,20787507,153.7036401515884,188.34621089403404
5,3,30,2,diurnal,service_sigma_0.2,random,180,2094,20787507,176.3002107597348,235.08442260525723
5,3,30,2,diurnal,service_sigma_0.2,random,181,356,20787507,165.21505953242027,198.08442169826375
5,3,30,2,diurnal,service_sigma_0.2,random,182,484,20787507,156.06842471657876,211.25427333125714
5,3,30,2,diurnal,service_sigma_0.2,random,183,2713,20787507,178.83271198207427,241.6399145454044
5,3,30,2,diurnal,service_sigma_0.2,random,184,1236,20787507,143.65059352826526,173.59676784245582
5,3,30,2,diurnal,service_sigma_0.2,random,185,86,20787507,144.6074922089874,178.58004389213013
5,3,30,2,diurnal,service_sigma_0.2,random,186,45,20787507,156.41039277868018,240.59668878663265
5,3,30,2,diurnal,service_sigma_0.2,random,187,1239,20787507,121.86516492248487,167.28090027321036
5,3,30,2,diurnal,service_sigma_0.2,random,188,1861,20787507,164.0034283081491,216.98981211835823
5,3,30,2,diurnal,service_sigma_0.2,random,189,2748,20787507,149.96353912904496,196.38595174714092
5,3,30,2,diurnal,service_sigma_0.2,random,190,71,20787507,170.21658974107132,213.37888461315495
5,3,30,2,diurnal,service_sigma_0.2,random,191,2733,20787507,146.89117695471316,164.54164727601346
5,3,30,2,diurnal,service_sigma_0.2,random,192,1298,20787507,190.75723791754217,248.91599477832463
5,3,30,2,diurnal,service_sigma_0.2,random,193,1693,20787507,149.64202968744684,186.8279608556591
5,3,30,2,diurnal,service_sigma_0.2,random,194,1594,20787507,161.57354018802636,199.94702180190959
5,3,30,2,diurnal,service_sigma_0.2,random,195,1337,20787507,150.27613912791028,173.59824454765317
5,3,30,2,diurnal,service_sigma_0.2,random,196,1101,20787507,187.79105616457085,195.88596332541047
5,3,30,2,diurnal,service_sigma_0.2,random,197,2055,20787507,157.07886994342203,233.98614770632017
5,3,30,2,diurnal,service_sigma_0.2,random,198,374,20787507,166.0164104198207,189.66775483457192
5,3,30,2,diurnal,service_sigma_0.2,random,199,2495,20787507,147.48410381087282,188.83480407921843
5,3,30,2,diurnal,service_sigma_0.2,HC_HI,0,581,20787507,155.7965909550748,171.7967751982417
5,3,30,2,diurnal,service_sigma_0.2,HC_HI,1,1824,20787507,155.23143400288444,246.25847819652537
5,3,30,2,diurnal,service_sigma_0.2,HC_HI,2,1044,20787507,162.03623378337792,229.1020738244096
5,3,30,2,diurnal,service_sigma_0.2,HC_HI,3,97,20787507,126.03995896456937,178.80374752969806
5,3,30,2,diurnal,service_sigma_0.2,HC_HI,4,1841,20787507,184.67782578721605,258.04996064505303
5,3,30,2,diurnal,service_sigma_0.2,HC_HI,5,2462,20787507,183.7129920620115,244.70925952703848
5,3,30,2,diurnal,service_sigma_0.2,HC_HI,6,1210,20787507,187.43709103427935,260.7119980712128
5,3,30,2,diurnal,service_sigma_0.2,HC_HI,7,1045,20787507,123.65341788541537,180.93071413633777
5,3,30,2,diurnal,service_sigma_0.2,HC_HI,8,732,20787507,145.4016143177761,182.30710895722774
5,3,30,2,diurnal,service_sigma_0.2,HC_HI,9,419,20787507,128.85267778258012,164.26471906489886
5,3,30,2,diurnal,service_sigma_0.2,HC_HI,10,1052,20787507,136.21015632321794,163.50819268035912
5,3,30,2,diurnal,service_sigma_0.2,HC_HI,11,236,20787507,158.04352739691353,172.3434044342233
5,3,30,2,diurnal,service_sigma_0.2,HC_HI,12,2381,20787507,206.3319657640693,303.1247086281499
5,3,30,2,diurnal,service_sigma_0.2,HC_HI,13,110,20787507,148.70221177865912,218.94169823981727
5,3,30,2,diurnal,service_sigma_0.2,HC_HI,14,59,20787507,194.94601181476477,251.79771581175572
5,3,30,2,diurnal,service_sigma_0.2,HC_HI,15,2084,20787507,200.453617861277,254.87564514590406
5,3,30,2,diurnal,service_sigma_0.2,HC_HI,16,1544,20787507,199.51916228239722,283.70730322178287
5,3,30,2,diurnal,service_sigma_0.2,HC_HI,17,1398,20787507,167.83848519016686,218.798345547791
5,3,30,2,diurnal,service_sigma_0.2,HC_HI,18,1051,20787507,131.5966807001365,213.9778133651579
5,3,30,2,diurnal,service_sigma_0.2,HC_HI,19,307,20787507,142.46282994777948,183.65381264617983
5,3,30,2,diurnal,service_sigma_0.2,HC_HI,20,766,20787507,161.63195134086757,214.73539063545942
5,3,30,2,diurnal,service_sigma_0.2,HC_HI,21,2028,20787507,147.77885726793943,192.701113026674
5,3,30,2,diurnal,service_sigma_0.2,HC_HI,22,1491,20787507,199.1084685537939,279.3322339639151
5,3,30,2,diurnal,service_sigma_0.2,HC_HI,23,2424,20787507,158.55679689627905,188.38883493143487
5,3,30,2,diurnal,service_sigma_0.2,HC_HI,24,2330,20787507,150.60960013891295,205.9046378513624
5,3,30,2,diurnal,service_sigma_0.2,HC_HI,25,1647,20787507,181.92548965255298,215.38707384331053
5,3,30,2,diurnal,service_sigma_0.2,HC_HI,26,2996,20787507,173.50439801711596,251.20531169211915
5,3,30,2,diurnal,service_sigma_0.2,HC_HI,27,2606,20787507,143.05670319985202,218.6985087519746
5,3,30,2,diurnal,service_sigma_0.2,HC_HI,28,1888,20787507,151.68133419054874,203.34592585305904
5,3,30,2,diurnal,service_sigma_0.2,HC_HI,29,903,20787507,210.84493636277895,234.13938364664529
5,3,30,2,diurnal,service_sigma_0.2,HC_HI,30,1304,20787507,187.83912260456063,256.4513546082319
5,3,30,2,diurnal,service_sigma_0.2,HC_HI,31,2656,20787507,168.88106680525948,219.0742024318634
5,3,30,2,diurnal,service_sigma_0.2,HC_HI,32,735,20787507,155.86074254256386,198.71759455339634
5,3,30,2,diurnal,service_sigma_0.2,HC_HI,33,497,20787507,178.51925027908229,231.7987736923601
5,3,30,2,diurnal,service_sigma_0.2,HC_HI,34,1260,20787507,178.93275542675698,220.165797503524
5,3,30,2,diurnal,service_sigma_0.2,HC_HI,35,744,20787507,187.81698012149621,272.94256621984454
5,3,30,2,diurnal,service_sigma_0.2,HC_HI,36,2665,20787507,193.72332572228643,225.4888186583775
5,3,30,2,diurnal,service_sigma_0.2,HC_HI,37,56,20787507,146.6739429616172,177.95996726894475
5,3,30,2,diurnal,service_sigma_0.2,HC_HI,38,1533,20787507,182.9847344062215,231.36243237260908
5,3,30,2,diurnal,service_sigma_0.2,HC_HI,39,2036,20787507,151.42004284990375,188.75146357704452
5,3,30,2,diurnal,service_sigma_0.2,HC_HI,40,1206,20787507,152.2842848794754,206.47194871236658
5,3,30,2,diurnal,service_sigma_0.2,HC_HI,41,622,20787507,133.5766314916307,155.87462412562923
5,3,30,2,diurnal,service_sigma_0.2,HC_HI,42,1562,20787507,118.79201297363149,169.1328989842167
5,3,30,2,diurnal,service_sigma_0.2,HC_HI,43,1927,20787507,159.71796624799944,201.38813196880665
5,3,30,2,diurnal,service_sigma_0.2,HC_HI,44,1206,20787507,147.50583392663387,206.25144184854622
5,3,30,2,diurnal,service_sigma_0.2,HC_HI,45,1017,20787507,127.19087533170732,170.92573336942536
5,3,30,2,diurnal,service_sigma_0.2,HC_HI,46,1051,20787507,136.4764463976347,208.98837593439006
5,3,30,2,diurnal,service_sigma_0.2,HC_HI,47,123,20787507,155.0803204817281,188.442168133719
5,3,30,2,diurnal,service_sigma_0.2,HC_HI,48,2448,20787507,135.3436041526336,176.3507454898674
5,3,30,2,diurnal,service_sigma_0.2,HC_HI,49,1612,20787507,140.88764582906458,195.8594299580001
5,3,30,2,diurnal,service_sigma_0.2,HC_HI,50,2378,20787507,176.69919184007819,302.8595446297794
5,3,30,2,diurnal,service_sigma_0.2,HC_HI,51,1051,20787507,133.28872120893865,204.04468468189367
5,3,30,2,diurnal,service_sigma_0.2,HC_HI,52,1051,20787507,134.93632862075282,207.1754238064801
5,3,30,2,diurnal,service_sigma_0.2,HC_HI,53,2395,20787507,191.59596504050597,263.80463196964894
5,3,30,2,diurnal,service_sigma_0.2,HC_HI,54,663,20787507,147.40221918952443,249.27928142132257
5,3,30,2,diurnal,service_sigma_0.2,HC_HI,55,238,20787507,136.8372015064993,189.49790830525757
5,3,30,2,diurnal,service_sigma_0.2,HC_HI,56,2803,20787507,128.1806554819376,146.72428081020627
5,3,30,2,diurnal,service_sigma_0.2,HC_HI,57,607,20787507,159.01023636407976,176.9058272692315
5,3,30,2,diurnal,service_sigma_0.2,HC_HI,58,1759,20787507,158.0881950202585,213.9338556815879
5,3,30,2,diurnal,service_sigma_0.2,HC_HI,59,74,20787507,132.7409692540082,214.20735246994258
5,3,30,2,diurnal,service_sigma_0.2,HC_HI,60,419,20787507,129.29044440905398,167.78121749596963
5,3,30,2,diurnal,service_sigma_0.2,HC_HI,61,2803,20787507,129.9198018845391,143.89580792948416
5,3,30,2,diurnal,service_sigma_0.2,HC_HI,62,1594,20787507,157.20904555044783,189.76046902406554
5,3,30,2,diurnal,service_sigma_0.2,HC_HI,63,1796,20787507,141.03358665161184,168.9356367390649
5,3,30,2,diurnal,service_sigma_0.2,HC_HI,64,117,20787507,184.27904478413373,205.62478698371865
5,3,30,2,diurnal,service_sigma_0.2,HC_HI,65,2697,20787507,159.3378069342904,227.6200825082017
5,3,30,2,diurnal,service_sigma_0.2,HC_HI,66,2224,20787507,157.5625448975392,211.07666358177642
5,3,30,2,diurnal,service_sigma_0.2,HC_HI,67,361,20787507,170.4178506988278,179.97721001179502
5,3,30,2,diurnal,service_sigma_0.2,HC_HI,68,1219,20787507,158.3305223779901,187.71085418414705
5,3,30,2,diurnal,service_sigma_0.2,HC_HI,69,1195,20787507,143.41357074159748,149.86370269422076
5,3,30,2,diurnal,service_sigma_0.2,HC_HI,70,2121,20787507,193.75817688472864,241.8486034064073
5,3,30,2,diurnal,service_sigma_0.2,HC_HI,71,1401,20787507,170.45720574600534,246.14845344687134
5,3,30,2,diurnal,service_sigma_0.2,HC_HI,72,1450,20787507,132.549107076558,159.23729919690714
5,3,30,2,diurnal,service_sigma_0.2,HC_HI,73,2036,20787507,149.63312521601839,189.7819944666688
5,3,30,2,diurnal,service_sigma_0.2,HC_HI,74,2871,20787507,178.5481143427279,235.18282190062686
5,3,30,2,diurnal,service_sigma_0.2,HC_HI,75,1927,20787507,163.15901933197316,201.2479870887118
5,3,30,2,diurnal,service_sigma_0.2,HC_HI,76,2815,20787507,143.96453212663297,218.80362842298004
5,3,30,2,diurnal,service_sigma_0.2,HC_HI,77,307,20787507,146.49530712602788,173.27909003851022
5,3,30,2,diurnal,service_sigma_0.2,HC_HI,78,578,20787507,159.56914151828875,227.29261598792561
5,3,30,2,diurnal,service_sigma_0.2,HC_HI,79,2395,20787507,197.03630029946754,259.9655699938045
5,3,30,2,diurnal,service_sigma_0.2,HC_HI,80,2976,20787507,192.1441747029213,268.2555344686061
5,3,30,2,diurnal,service_sigma_0.2,HC_HI,81,1810,20787507,185.599202453602,229.93924536383028
5,3,30,2,diurnal,service_sigma_0.2,HC_HI,82,1544,20787507,193.84592061133793,288.5196207740829
5,3,30,2,diurnal,service_sigma_0.2,HC_HI,83,1927,20787507,175.37258523785928,206.39084519473715
5,3,30,2,diurnal,service_sigma_0.2,HC_HI,84,2165,20787507,181.93810917174721,265.1194715429547
5,3,30,2,diurnal,service_sigma_0.2,HC_HI,85,56,20787507,143.92517039017807,177.38511974956776
5,3,30,2,diurnal,service_sigma_0.2,HC_HI,86,2482,20787507,140.47545664803425,167.67828198912522
5,3,30,2,diurnal,service_sigma_0.2,HC_HI,87,2581,20787507,143.9439002102514,172.67016460440144
5,3,30,2,diurnal,service_sigma_0.2,HC_HI,88,732,20787507,150.51729362632986,181.77508822696123
5,3,30,2,diurnal,service_sigma_0.2,HC_HI,89,2877,20787507,188.6909334503086,215.0463763579954
5,3,30,2,diurnal,service_sigma_0.2,HC_HI,90,2172,20787507,185.38246598381275,235.49084354593919
5,3,30,2,diurnal,service_sigma_0.2,HC_HI,91,2563,20787507,117.38425773666059,127.38425773666059
5,3,30,2,diurnal,service_sigma_0.2,HC_HI,92,1626,20787507,125.4495999871124,158.27714067759413
5,3,30,2,diurnal,service_sigma_0.2,HC_HI,93,2764,20787507,166.54698776925616,209.2479892669271
5,3,30,2,diurnal,service_sigma_0.2,HC_HI,94,2526,20787507,180.4159264762577,233.50017124509355
5,3,30,2,diurnal,service_sigma_0.2,HC_HI,95,2395,20787507,192.48458379326854,267.72897070247495
5,3,30,2,diurnal,service_sigma_0.2,HC_HI,96,1690,20787507,139.10062227245754,187.4526154896389
5,3,30,2,diurnal,service_sigma_0.2,HC_HI,97,903,20787507,188.40360611851528,237.10698486309735
5,3,30,2,diurnal,service_sigma_0.2,HC_HI,98,1026,20787507,145.959229603909,199.6064006712494
5,3,30,2,diurnal,service_sigma_0.2,HC_HI,99,123,20787507,153.72462878145066,184.5317763776009
5,3,30,2,diurnal,service_sigma_0.2,HC_HI,100,2697,20787507,156.92638740333265,228.85947455649136
5,3,30,2,diurnal,service_sigma_0.2,HC_HI,101,1826,20787507,189.2998763550014,278.2932096454792
5,3,30,2,diurnal,service_sigma_0.2,HC_HI,102,1434,20787507,179.8636101713878,224.01014354819398
5,3,30,2,diurnal,service_sigma_0.2,HC_HI,103,1719,20787507,162.44248341148568,243.64828779360474
5,3,30,2,diurnal,service_sigma_0.2,HC_HI,104,183,20787507,187.8058846167158,234.14103656734505
5,3,30,2,diurnal,service_sigma_0.2,HC_HI,105,2012,20787507,188.16252238938847,238.06261806006242
5,3,30,2,diurnal,service_sigma_0.2,HC_HI,106,41,20787507,160.106617933261,189.55886309240398
5,3,30,2,diurnal,service_sigma_0.2,HC_HI,107,1676,20787507,150.34515146957943,152.26838409279944
5,3,30,2,diurnal,service_sigma_0.2,HC_HI,108,74,20787507,131.8824993863498,216.09513920213763
5,3,30,2,diurnal,service_sigma_0.2,HC_HI,109,2553,20787507,140.51460222886715,183.88754616243892
5,3,30,2,diurnal,service_sigma_0.2,HC_HI,110,2961,20787507,157.0817465920696,201.84121339642488
5,3,30,2,diurnal,service_sigma_0.2,HC_HI,111,56,20787507,141.14148981743747,174.6014391768272
5,3,30,2,diurnal,service_sigma_0.2,HC_HI,112,1882,20787507,124.86466089450582,166.2877805327141
5,3,30,2,diurnal,service_sigma_0.2,HC_HI,113,279,20787507,193.36760075352296,223.85428089618117
5,3,30,2,diurnal,service_sigma_0.2,HC_HI,114,2519,20787507,142.32653446748586,187.48260468481953
5,3,30,2,diurnal,service_sigma_0.2,HC_HI,115,1005,20787507,153.04713359899137,192.22627437802157
5,3,30,2,diurnal,service_sigma_0.2,HC_HI,116,2768,20787507,146.14763969202562,165.05246333219998
5,3,30,2,diurnal,service_sigma_0.2,HC_HI,117,1494,20787507,149.1218122556761,192.5000814552497
5,3,30,2,diurnal,service_sigma_0.2,HC_HI,118,2330,20787507,154.96438130757514,180.85977056903118
5,3,30,2,diurnal,service_sigma_0.2,HC_HI,119,2224,20787507,155.49372754081267,212.7904806991937
5,3,30,2,diurnal,service_sigma_0.2,HC_HI,120,2325,20787507,161.93450038736992,190.60785653414294
5,3,30,2,diurnal,service_sigma_0.2,HC_HI,121,1045,20787507,134.5600561804913,179.96925146892048
5,3,30,2,diurnal,service_sigma_0.2,HC_HI,122,2183,20787507,166.8203716706903,247.221451000104
5,3,30,2,diurnal,service_sigma_0.2,HC_HI,123,1824,20787507,171.69688357992513,236.8600819669238
5,3,30,2,diurnal,service_sigma_0.2,HC_HI,124,2172,20787507,176.5152660765408,238.67146236096602
5,3,30,2,diurnal,service_sigma_0.2,HC_HI,125,2845,20787507,200.61209410487572,282.18670076835355
5,3,30,2,diurnal,service_sigma_0.2,HC_HI,126,1918,20787507,185.3183252928633,217.39680137619624
5,3,30,2,diurnal,service_sigma_0.2,HC_HI,127,604,20787507,178.3769116478975,231.25632752426623
5,3,30,2,diurnal,service_sigma_0.2,HC_HI,128,1198,20787507,149.3073962649259,164.10096281992952
5,3,30,2,diurnal,service_sigma_0.2,HC_HI,129,1927,20787507,171.4515681238193,204.45865137986362
5,3,30,2,diurnal,service_sigma_0.2,HC_HI,130,2378,20787507,178.80831306498442,285.3082691117552
5,3,30,2,diurnal,service_sigma_0.2,HC_HI,131,2510,20787507,190.8873746584014,248.1319161666417
5,3,30,2,diurnal,service_sigma_0.2,HC_HI,132,183,20787507,182.59447804120387,230.72685057055642
5,3,30,2,diurnal,service_sigma_0.2,HC_HI,133,421,20787507,134.09273479373036,175.9652838339289
5,3,30,2,diurnal,service_sigma_0.2,HC_HI,134,1928,20787507,130.9855022286514,163.26101468826033
5,3,30,2,diurnal,service_sigma_0.2,HC_HI,135,1464,20787507,191.93730358593734,263.83784006653866
5,3,30,2,diurnal,service_sigma_0.2,HC_HI,136,1755,20787507,129.31946046955724,167.85694874052584
5,3,30,2,diurnal,service_sigma_0.2,HC_HI,137,1919,20787507,156.4719287277289,201.85815910443608
5,3,30,2,diurnal,service_sigma_0.2,HC_HI,138,544,20787507,152.24299308651155,191.0670241470925
5,3,30,2,diurnal,service_sigma_0.2,HC_HI,139,1626,20787507,130.77631685034254,158.88100627907872
5,3,30,2,diurnal,service_sigma_0.2,HC_HI,140,1422,20787507,167.1009611114299,208.06574317339573
5,3,30,2,diurnal,service_sigma_0.2,HC_HI,141,56,20787507,150.031712088535,179.32830563909675
5,3,30,2,diurnal,service_sigma_0.2,HC_HI,142,1219,20787507,165.1358450560805,178.9292289481348
5,3,30,2,diurnal,service_sigma_0.2,HC_HI,143,2613,20787507,160.72576233092775,219.41894738874942
5,3,30,2,diurnal,service_sigma_0.2,HC_HI,144,1824,20787507,164.02109675898282,238.5555214994327
5,3,30,2,diurnal,service_sigma_0.2,HC_HI,145,236,20787507,154.74219141113224,170.23908546851982
5,3,30,2,diurnal,service_sigma_0.2,HC_HI,146,841,20787507,192.51584187627597,230.86399619945325
5,3,30,2,diurnal,service_sigma_0.2,HC_HI,147,2803,20787507,128.1766149894483,143.0099398997909
5,3,30,2,diurnal,service_sigma_0.2,HC_HI,148,94,20787507,139.68281806365832,170.20673437781312
5,3,30,2,diurnal,service_sigma_0.2,HC_HI,149,2275,20787507,141.62148475483062,180.94498504613077
5,3,30,2,diurnal,service_sigma_0.2,HC_HI,150,2732,20787507,129.52250739620368,208.08305152972466
5,3,30,2,diurnal,service_sigma_0.2,HC_HI,151,1690,20787507,153.49546258901523,197.4047672864357
5,3,30,2,diurnal,service_sigma_0.2,HC_HI,152,57,20787507,172.0521227816143,193.5380668781211
5,3,30,2,diurnal,service_sigma_0.2,HC_HI,153,1965,20787507,157.30757573632954,236.90900961204383
5,3,30,2,diurnal,service_sigma_0.2,HC_HI,154,1052,20787507,129.05042226934796,159.775268575081
5,3,30,2,diurnal,service_sigma_0.2,HC_HI,155,1605,20787507,176.01665428426475,239.20331361165614
5,3,30,2,diurnal,service_sigma_0.2,HC_HI,156,1045,20787507,134.7683169856799,185.2826281746751
5,3,30,2,diurnal,service_sigma_0.2,HC_HI,157,1544,20787507,192.69098819168929,282.0684494834915
5,3,30,2,diurnal,service_sigma_0.2,HC_HI,158,2973,20787507,153.3474963635777,190.28075145635867
5,3,30,2,diurnal,service_sigma_0.2,HC_HI,159,1026,20787507,146.83408777006332,183.77780080377104
5,3,30,2,diurnal,service_sigma_0.2,HC_HI,160,735,20787507,156.1094604477556,199.10946044775557
5,3,30,2,diurnal,service_sigma_0.2,HC_HI,161,2082,20787507,159.62627115002286,175.31806399581936
5,3,30,2,diurnal,service_sigma_0.2,HC_HI,162,982,20787507,160.39015323460254,193.3724881885396
5,3,30,2,diurnal,service_sigma_0.2,HC_HI,163,2462,20787507,186.82891632765867,245.2383155301654
5,3,30,2,diurnal,service_sigma_0.2,HC_HI,164,1735,20787507,151.26875289732334,185.15790166559242
5,3,30,2,diurnal,service_sigma_0.2,HC_HI,165,1154,20787507,158.96462124159768,163.8541534309713
5,3,30,2,diurnal,service_sigma_0.2,HC_HI,166,607,20787507,148.49129781222217,175.88759713160994
5,3,30,2,diurnal,service_sigma_0.2,HC_HI,167,109,20787507,129.3344342159401,176.09888216505584
5,3,30,2,diurnal,service_sigma_0.2,HC_HI,168,74,20787507,132.09576917429305,214.99923563215694
5,3,30,2,diurnal,service_sigma_0.2,HC_HI,169,123,20787507,151.56111088661166,185.3764207310319
5,3,30,2,diurnal,service_sigma_0.2,HC_HI,170,49,20787507,174.38754475887896,235.52940675853137
5,3,30,2,diurnal,service_sigma_0.2,HC_HI,171,1154,20787507,151.55625071305423,167.81178494429048
5,3,30,2,diurnal,service_sigma_0.2,HC_HI,172,2397,20787507,133.57005045727598,167.36809643507823
5,3,30,2,diurnal,service_sigma_0.2,HC_HI,173,2172,20787507,182.79033110150118,243.60613025594347
5,3,30,2,diurnal,service_sigma_0.2,HC_HI,174,2768,20787507,145.5876273210355,169.04457003173633
5,3,30,2,diurnal,service_sigma_0.2,HC_HI,175,1207,20787507,133.4247301235437,168.14090660960883
5,3,30,2,diurnal,service_sigma_0.2,HC_HI,176,2845,20787507,197.5524081193347,287.58598983249516
5,3,30,2,diurnal,service_sigma_0.2,HC_HI,177,1690,20787507,141.46369724763196,189.81569046481334
5,3,30,2,diurnal,service_sigma_0.2,HC_HI,178,578,20787507,176.49667028435107,232.70823345940147
5,3,30,2,diurnal,service_sigma_0.2,HC_HI,179,2378,20787507,166.31916352570255,280.65970050958316
5,3,30,2,diurnal,service_sigma_0.2,HC_HI,180,2794,20787507,182.4473851252301,189.48877328224125
5,3,30,2,diurnal,service_sigma_0.2,HC_HI,181,1034,20787507,155.0485621611294,237.3226706253705
5,3,30,2,diurnal,service_sigma_0.2,HC_HI,182,2877,20787507,190.96128253121407,206.2963251258799
5,3,30,2,diurnal,service_sigma_0.2,HC_HI,183,1735,20787507,155.24130164485868,176.98712152531849
5,3,30,2,diurnal,service_sigma_0.2,HC_HI,184,1723,20787507,140.74264207801295,184.56968067035584
5,3,30,2,diurnal,service_sigma_0.2,HC_HI,185,1005,20787507,140.39721239856084,196.71606852549345
5,3,30,2,diurnal,service_sigma_0.2,HC_HI,186,2606,20787507,136.66701084662188,216.35726049058968
5,3,30,2,diurnal,service_sigma_0.2,HC_HI,187,1755,20787507,133.63077038942467,172.74159964171707
5,3,30,2,diurnal,service_sigma_0.2,HC_HI,188,2424,20787507,159.6362223486405,177.50189977068044
5,3,30,2,diurnal,service_sigma_0.2,HC_HI,189,607,20787507,149.38038352218376,175.51086737491244
5,3,30,2,diurnal,service_sigma_0.2,HC_HI,190,1612,20787507,143.5705342923728,191.7354072277256
5,3,30,2,diurnal,service_sigma_0.2,HC_HI,191,2381,20787507,214.77073318177523,285.0680095427751
5,3,30,2,diurnal,service_sigma_0.2,HC_HI,192,2968,20787507,141.63569853994193,179.63358740504256
5,3,30,2,diurnal,service_sigma_0.2,HC_HI,193,1195,20787507,140.11448490318588,149.40959170536448
5,3,30,2,diurnal,service_sigma_0.2,HC_HI,194,262,20787507,145.02601618540248,178.77081509834662
5,3,30,2,diurnal,service_sigma_0.2,HC_HI,195,2768,20787507,148.7690412066239,170.76445263565
5,3,30,2,diurnal,service_sigma_0.2,HC_HI,196,1215,20787507,168.86443833921874,214.347961565207
5,3,30,2,diurnal,service_sigma_0.2,HC_HI,197,1198,20787507,138.04539922336465,150.33630713320474
5,3,30,2,diurnal,service_sigma_0.2,HC_HI,198,717,20787507,136.4386442095888,179.55022799464624
5,3,30,2,diurnal,service_sigma_0.2,HC_HI,199,1295,20787507,145.35719796402765,177.1002823272235
5,3,30,2,diurnal,service_sigma_0.2,HC_LI,0,2055,20787507,164.39252163811264,233.79375261019598
5,3,30,2,diurnal,service_sigma_0.2,HC_LI,1,1087,20787507,170.23974543788512,215.14882787958044
5,3,30,2,diurnal,service_sigma_0.2,HC_LI,2,2393,20787507,143.52072536207885,197.21088501023044
5,3,30,2,diurnal,service_sigma_0.2,HC_LI,3,2288,20787507,171.03698941923955,211.26301574762414
5,3,30,2,diurnal,service_sigma_0.2,HC_LI,4,2139,20787507,179.9770580240203,238.74019138448753
5,3,30,2,diurnal,service_sigma_0.2,HC_LI,5,164,20787507,161.61552364623037,193.31147202783146
5,3,30,2,diurnal,service_sigma_0.2,HC_LI,6,1777,20787507,147.13715061014656,192.7603584870314
5,3,30,2,diurnal,service_sigma_0.2,HC_LI,7,2461,20787507,161.3233933506157,243.8822137066774
5,3,30,2,diurnal,service_sigma_0.2,HC_LI,8,550,20787507,167.46537509527178,211.85020125778595
5,3,30,2,diurnal,service_sigma_0.2,HC_LI,9,1546,20787507,183.2907120571339,234.6637072412059
5,3,30,2,diurnal,service_sigma_0.2,HC_LI,10,2196,20787507,150.675846234642,203.66504533030127
5,3,30,2,diurnal,service_sigma_0.2,HC_LI,11,405,20787507,149.8934194055747,197.0854547003767
5,3,30,2,diurnal,service_sigma_0.2,HC_LI,12,806,20787507,190.07923181913486,228.67591621571773
5,3,30,2,diurnal,service_sigma_0.2,HC_LI,13,2138,20787507,168.16909713947746,239.99237151201606
5,3,30,2,diurnal,service_sigma_0.2,HC_LI,14,1188,20787507,153.8127544093667,149.80825656862854
5,3,30,2,diurnal,service_sigma_0.2,HC_LI,15,457,20787507,143.69699573274752,206.7847559482851
5,3,30,2,diurnal,service_sigma_0.2,HC_LI,16,2144,20787507,152.84689010243144,210.43933418205603
5,3,30,2,diurnal,service_sigma_0.2,HC_LI,17,1220,20787507,165.16111307401755,228.83471294377787
5,3,30,2,diurnal,service_sigma_0.2,HC_LI,18,1413,20787507,146.15327300951748,205.36944766604466
5,3,30,2,diurnal,service_sigma_0.2,HC_LI,19,2744,20787507,160.61179896121547,222.67826436251224
5,3,30,2,diurnal,service_sigma_0.2,HC_LI,20,540,20787507,142.62878604572902,219.59358565608778
5,3,30,2,diurnal,service_sigma_0.2,HC_LI,21,752,20787507,176.86110428595873,215.61731299697172
5,3,30,2,diurnal,service_sigma_0.2,HC_LI,22,1087,20787507,166.96790098440715,236.0605160569176
5,3,30,2,diurnal,service_sigma_0.2,HC_LI,23,104,20787507,158.56587679684048,204.81970068372516
5,3,30,2,diurnal,service_sigma_0.2,HC_LI,24,1473,20787507,154.03112732412995,224.3648675031523
5,3,30,2,diurnal,service_sigma_0.2,HC_LI,25,2894,20787507,155.5514261822719,217.94268122572964
5,3,30,2,diurnal,service_sigma_0.2,HC_LI,26,2055,20787507,154.22422552054402,228.6106245531538
5,3,30,2,diurnal,service_sigma_0.2,HC_LI,27,1962,20787507,170.3891178169204,190.36556112318053
5,3,30,2,diurnal,service_sigma_0.2,HC_LI,28,1416,20787507,154.54448256051643,214.8542644822277
5,3,30,2,diurnal,service_sigma_0.2,HC_LI,29,2512,20787507,177.79775443272598,250.5953853080855
5,3,30,2,diurnal,service_sigma_0.2,HC_LI,30,2045,20787507,161.80748166515895,192.49003196267543
5,3,30,2,diurnal,service_sigma_0.2,HC_LI,31,1111,20787507,180.28829751805267,203.15928217624804
5,3,30,2,diurnal,service_sigma_0.2,HC_LI,32,1627,20787507,171.75253478462992,227.5233646315651
5,3,30,2,diurnal,service_sigma_0.2,HC_LI,33,1261,20787507,156.19483454356404,231.38389459441825
5,3,30,2,diurnal,service_sigma_0.2,HC_LI,34,2345,20787507,153.70227032050056,179.7776341752453
5,3,30,2,diurnal,service_sigma_0.2,HC_LI,35,2425,20787507,181.02991060081757,219.85845303473974
5,3,30,2,diurnal,service_sigma_0.2,HC_LI,36,2582,20787507,179.940365006389,248.97061048854079
5,3,30,2,diurnal,service_sigma_0.2,HC_LI,37,2861,20787507,157.1066705292745,208.9302600082294
5,3,30,2,diurnal,service_sigma_0.2,HC_LI,38,1502,20787507,147.53670574404137,180.7092247303839
5,3,30,2,diurnal,service_sigma_0.2,HC_LI,39,2232,20787507,162.6559248422092,238.32541386251972
5,3,30,2,diurnal,service_sigma_0.2,HC_LI,40,2599,20787507,145.0796480555276,187.66771633054904
5,3,30,2,diurnal,service_sigma_0.2,HC_LI,41,550,20787507,166.83226665597647,199.91031128744484
5,3,30,2,diurnal,service_sigma_0.2,HC_LI,42,1108,20787507,143.6648285034749,169.04974380763122
5,3,30,2,diurnal,service_sigma_0.2,HC_LI,43,1169,20787507,138.5390186149768,202.9669287081205
5,3,30,2,diurnal,service_sigma_0.2,HC_LI,44,115,20787507,186.33524480960838,192.94788208612812
5,3,30,2,diurnal,service_sigma_0.2,HC_LI,45,515,20787507,143.27246033360154,211.84919604412414
5,3,30,2,diurnal,service_sigma_0.2,HC_LI,46,1895,20787507,173.23647777622975,174.5829232591154
5,3,30,2,diurnal,service_sigma_0.2,HC_LI,47,126,20787507,178.42038554534608,259.8415943157276
5,3,30,2,diurnal,service_sigma_0.2,HC_LI,48,561,20787507,156.345824509076,181.70855799352873
5,3,30,2,diurnal,service_sigma_0.2,HC_LI,49,2894,20787507,158.73147046601133,211.13680464148953
5,3,30,2,diurnal,service_sigma_0.2,HC_LI,50,1895,20787507,172.6471783235142,194.3561480336698
5,3,30,2,diurnal,service_sigma_0.2,HC_LI,51,970,20787507,191.2889536117337,196.70019970190185
5,3,30,2,diurnal,service_sigma_0.2,HC_LI,52,1089,20787507,161.33951797085774,174.9014523611558
5,3,30,2,diurnal,service_sigma_0.2,HC_LI,53,1578,20787507,179.5105184928788,242.71291650139884
5,3,30,2,diurnal,service_sigma_0.2,HC_LI,54,711,20787507,141.95451751828952,184.88737998457083
5,3,30,2,diurnal,service_sigma_0.2,HC_LI,55,2589,20787507,169.5710683708886,205.19059674503632
5,3,30,2,diurnal,service_sigma_0.2,HC_LI,56,104,20787507,166.69897572769582,227.96443472439432
5,3,30,2,diurnal,service_sigma_0.2,HC_LI,57,2161,20787507,165.2651198484072,197.7345783959841
5,3,30,2,diurnal,service_sigma_0.2,HC_LI,58,1279,20787507,160.0215996900555,207.37527923924694
5,3,30,2,diurnal,service_sigma_0.2,HC_LI,59,2620,20787507,142.70967831473357,176.63783637839896
5,3,30,2,diurnal,service_sigma_0.2,HC_LI,60,2761,20787507,155.6627063700555,196.83364935683824
5,3,30,2,diurnal,service_sigma_0.2,HC_LI,61,248,20787507,162.8843511055462,225.71627641482442
5,3,30,2,diurnal,service_sigma_0.2,HC_LI,62,2761,20787507,160.01514882957954,213.4103013398938
5,3,30,2,diurnal,service_sigma_0.2,HC_LI,63,155,20787507,128.67052678836004,200.27170115789093
5,3,30,2,diurnal,service_sigma_0.2,HC_LI,64,2829,20787507,161.41582970619618,238.35222990557492
5,3,30,2,diurnal,service_sigma_0.2,HC_LI,65,2862,20787507,182.76441397676015,202.15197305696884
5,3,30,2,diurnal,service_sigma_0.2,HC_LI,66,2988,20787507,151.7352439252684,212.04853808532096
5,3,30,2,diurnal,service_sigma_0.2,HC_LI,67,2089,20787507,168.26788296001007,202.2845736833151
5,3,30,2,diurnal,service_sigma_0.2,HC_LI,68,1720,20787507,136.6418391085415,194.58590776473542
5,3,30,2,diurnal,service_sigma_0.2,HC_LI,69,1099,20787507,152.9848607689022,223.68737978502327
5,3,30,2,diurnal,service_sigma_0.2,HC_LI,70,687,20787507,156.5086114004565,240.0770584769072
5,3,30,2,diurnal,service_sigma_0.2,HC_LI,71,993,20787507,126.33937254752723,192.4412437643448
5,3,30,2,diurnal,service_sigma_0.2,HC_LI,72,2671,20787507,153.74324066385134,206.99520897890537
5,3,30,2,diurnal,service_sigma_0.2,HC_LI,73,2854,20787507,174.552111724181,210.4689783292489
5,3,30,2,diurnal,service_sigma_0.2,HC_LI,74,405,20787507,142.29900018885402,201.9061591237804
5,3,30,2,diurnal,service_sigma_0.2,HC_LI,75,2328,20787507,146.4882868804899,211.52900117042645
5,3,30,2,diurnal,service_sigma_0.2,HC_LI,76,1103,20787507,173.3816816229475,217.70996276190155
5,3,30,2,diurnal,service_sigma_0.2,HC_LI,77,2861,20787507,157.39588271959087,203.22361057345245
5,3,30,2,diurnal,service_sigma_0.2,HC_LI,78,904,20787507,154.88742756494884,201.48215648530558
5,3,30,2,diurnal,service_sigma_0.2,HC_LI,79,98,20787507,168.92442913621994,206.97828008640317
5,3,30,2,diurnal,service_sigma_0.2,HC_LI,80,1343,20787507,180.96279486085814,250.60823909556936
5,3,30,2,diurnal,service_sigma_0.2,HC_LI,81,2125,20787507,143.78236443758342,171.18547260243847
5,3,30,2,diurnal,service_sigma_0.2,HC_LI,82,970,20787507,188.46975617506163,199.41670161709726
5,3,30,2,diurnal,service_sigma_0.2,HC_LI,83,164,20787507,164.62860404556284,173.91565022152653
5,3,30,2,diurnal,service_sigma_0.2,HC_LI,84,2488,20787507,171.5145465224175,185.8877385814237
5,3,30,2,diurnal,service_sigma_0.2,HC_LI,85,1263,20787507,149.74436814922777,180.23156945481796
5,3,30,2,diurnal,service_sigma_0.2,HC_LI,86,1961,20787507,133.83988279450563,183.0315132929621
5,3,30,2,diurnal,service_sigma_0.2,HC_LI,87,1595,20787507,169.8543897899403,212.4850543065661
5,3,30,2,diurnal,service_sigma_0.2,HC_LI,88,310,20787507,151.09843090989347,206.95516336763274
5,3,30,2,diurnal,service_sigma_0.2,HC_LI,89,334,20787507,193.04665350710712,230.45127820701612
5,3,30,2,diurnal,service_sigma_0.2,HC_LI,90,2023,20787507,170.79613751564438,244.03287329739888
5,3,30,2,diurnal,service_sigma_0.2,HC_LI,91,987,20787507,136.85728543696916,167.40225127599848
5,3,30,2,diurnal,service_sigma_0.2,HC_LI,92,1089,20787507,150.33041450487113,175.79372102364286
5,3,30,2,diurnal,service_sigma_0.2,HC_LI,93,54,20787507,154.92829055665072,171.97464537659968
5,3,30,2,diurnal,service_sigma_0.2,HC_LI,94,827,20787507,168.1366647744488,208.29656813017175
5,3,30,2,diurnal,service_sigma_0.2,HC_LI,95,970,20787507,175.1570868843128,199.4434137072529
5,3,30,2,diurnal,service_sigma_0.2,HC_LI,96,993,20787507,128.18399917859864,182.48442038063345
5,3,30,2,diurnal,service_sigma_0.2,HC_LI,97,687,20787507,172.54139771726963,236.35324297087547
5,3,30,2,diurnal,service_sigma_0.2,HC_LI,98,195,20787507,155.34446210814968,242.2242652966513
5,3,30,2,diurnal,service_sigma_0.2,HC_LI,99,1060,20787507,186.24846202072976,272.51542178151493
5,3,30,2,diurnal,service_sigma_0.2,HC_LI,100,993,20787507,126.27092139740573,191.42732577996466
5,3,30,2,diurnal,service_sigma_0.2,HC_LI,101,1710,20787507,171.3590194857316,228.68569207422738
5,3,30,2,diurnal,service_sigma_0.2,HC_LI,102,711,20787507,141.07877581613977,187.87037167057827
5,3,30,2,diurnal,service_sigma_0.2,HC_LI,103,1132,20787507,185.5040616457765,233.34605229564585
5,3,30,2,diurnal,service_sigma_0.2,HC_LI,104,1283,20787507,167.76562803886836,211.67094165473372
5,3,30,2,diurnal,service_sigma_0.2,HC_LI,105,1199,20787507,162.89022352668323,218.72761369133687
5,3,30,2,diurnal,service_sigma_0.2,HC_LI,106,332,20787507,153.87845266806553,206.55960382632406
5,3,30,2,diurnal,service_sigma_0.2,HC_LI,107,786,20787507,146.85531071584276,230.97254333088256
5,3,30,2,diurnal,service_sigma_0.2,HC_LI,108,2178,20787507,151.00698355951837,193.6736178756252
5,3,30,2,diurnal,service_sigma_0.2,HC_LI,109,475,20787507,166.72786174615985,217.30354601671763
5,3,30,2,diurnal,service_sigma_0.2,HC_LI,110,1457,20787507,152.7132706851467,200.24965867674754
5,3,30,2,diurnal,service_sigma_0.2,HC_LI,111,2975,20787507,140.83985017923897,200.4692099027394
5,3,30,2,diurnal,service_sigma_0.2,HC_LI,112,2550,20787507,163.96047865689755,196.66364584082038
5,3,30,2,diurnal,service_sigma_0.2,HC_LI,113,1429,20787507,176.18291668576737,217.83906897738245
5,3,30,2,diurnal,service_sigma_0.2,HC_LI,114,2832,20787507,152.82114762492822,225.90234538801332
5,3,30,2,diurnal,service_sigma_0.2,HC_LI,115,873,20787507,157.29471521069223,221.97519234985472
5,3,30,2,diurnal,service_sigma_0.2,HC_LI,116,1661,20787507,151.299375179734,194.46656946897212
5,3,30,2,diurnal,service_sigma_0.2,HC_LI,117,2161,20787507,173.6263535036013,216.44840877949892
5,3,30,2,diurnal,service_sigma_0.2,HC_LI,118,994,20787507,150.65338451060921,156.8028026635604
5,3,30,2,diurnal,service_sigma_0.2,HC_LI,119,711,20787507,142.38429342042886,186.2906048545307
5,3,30,2,diurnal,service_sigma_0.2,HC_LI,120,1132,20787507,194.75693892481303,256.416385087505
5,3,30,2,diurnal,service_sigma_0.2,HC_LI,121,2988,20787507,151.4128403766206,202.58451908132224
5,3,30,2,diurnal,service_sigma_0.2,HC_LI,122,2789,20787507,140.33046055903773,201.3884061870804
5,3,30,2,diurnal,service_sigma_0.2,HC_LI,123,2988,20787507,150.47922988084824,194.66050872009387
5,3,30,2,diurnal,service_sigma_0.2,HC_LI,124,2829,20787507,161.52707370073207,231.55710304751165
5,3,30,2,diurnal,service_sigma_0.2,HC_LI,125,2444,20787507,157.2647680720388,181.9717748669524
5,3,30,2,diurnal,service_sigma_0.2,HC_LI,126,1031,20787507,174.56987071947995,224.88651355522236
5,3,30,2,diurnal,service_sigma_0.2,HC_LI,127,2550,20787507,164.70365912668913,198.83473361259692
5,3,30,2,diurnal,service_sigma_0.2,HC_LI,128,2634,20787507,153.89495536955496,219.2494552244298
5,3,30,2,diurnal,service_sigma_0.2,HC_LI,129,1440,20787507,164.08246371887077,227.375805681602
5,3,30,2,diurnal,service_sigma_0.2,HC_LI,130,2045,20787507,161.95109474340663,203.59127316127646
5,3,30,2,diurnal,service_sigma_0.2,HC_LI,131,457,20787507,137.47814001635462,209.68739907629373
5,3,30,2,diurnal,service_sigma_0.2,HC_LI,132,1413,20787507,145.89338632345434,210.04493642185702
5,3,30,2,diurnal,service_sigma_0.2,HC_LI,133,2730,20787507,157.70490715141258,181.70490715141258
5,3,30,2,diurnal,service_sigma_0.2,HC_LI,134,1101,20787507,183.53842968942843,198.62065641734668
5,3,30,2,diurnal,service_sigma_0.2,HC_LI,135,1662,20787507,178.1233080220886,267.7481818580362
5,3,30,2,diurnal,service_sigma_0.2,HC_LI,136,1532,20787507,122.6932434381432,188.8006283019734
5,3,30,2,diurnal,service_sigma_0.2,HC_LI,137,2881,20787507,160.6431364330006,186.24254021721094
5,3,30,2,diurnal,service_sigma_0.2,HC_LI,138,188,20787507,159.66641043948096,193.94776644413525
5,3,30,2,diurnal,service_sigma_0.2,HC_LI,139,2471,20787507,164.65392661451546,227.32935776229817
5,3,30,2,diurnal,service_sigma_0.2,HC_LI,140,1102,20787507,169.26304140385395,217.56016446425937
5,3,30,2,diurnal,service_sigma_0.2,HC_LI,141,2232,20787507,166.1125941461863,230.21035856532413
5,3,30,2,diurnal,service_sigma_0.2,HC_LI,142,1802,20787507,171.55587289432222,195.30369262597884
5,3,30,2,diurnal,service_sigma_0.2,HC_LI,143,515,20787507,143.99055280969648,206.2288677409502
5,3,30,2,diurnal,service_sigma_0.2,HC_LI,144,2425,20787507,171.776182896186,217.36928386401843
5,3,30,2,diurnal,service_sigma_0.2,HC_LI,145,1487,20787507,146.8429580104698,201.17104428742334
5,3,30,2,diurnal,service_sigma_0.2,HC_LI,146,415,20787507,171.98796113676505,209.65381877142482
5,3,30,2,diurnal,service_sigma_0.2,HC_LI,147,586,20787507,149.78289644528877,183.96124903804878
5,3,30,2,diurnal,service_sigma_0.2,HC_LI,148,590,20787507,161.74936152087076,204.11785539937117
5,3,30,2,diurnal,service_sigma_0.2,HC_LI,149,90,20787507,152.41788610305213,209.7511783895088
5,3,30,2,diurnal,service_sigma_0.2,HC_LI,150,1765,20787507,149.65444962685294,214.2169445374929
5,3,30,2,diurnal,service_sigma_0.2,HC_LI,151,1416,20787507,157.49204919214372,222.03866441870397
5,3,30,2,diurnal,service_sigma_0.2,HC_LI,152,2599,20787507,144.96605913215902,193.2290040889604
5,3,30,2,diurnal,service_sigma_0.2,HC_LI,153,873,20787507,151.26898121658905,219.14605890577
5,3,30,2,diurnal,service_sigma_0.2,HC_LI,154,1102,20787507,157.27120772731774,192.6162243027016
5,3,30,2,diurnal,service_sigma_0.2,HC_LI,155,1108,20787507,140.55249804253367,204.58325628026324
5,3,30,2,diurnal,service_sigma_0.2,HC_LI,156,2788,20787507,180.96783420068425,239.82743638007088
5,3,30,2,diurnal,service_sigma_0.2,HC_LI,157,1710,20787507,172.6824476147124,230.65232953816408
5,3,30,2,diurnal,service_sigma_0.2,HC_LI,158,970,20787507,172.94324785419292,199.29066308843323
5,3,30,2,diurnal,service_sigma_0.2,HC_LI,159,1188,20787507,150.75462247291375,211.3491002670618
5,3,30,2,diurnal,service_sigma_0.2,HC_LI,160,2769,20787507,165.32191343222837,234.81393602584149
5,3,30,2,diurnal,service_sigma_0.2,HC_LI,161,1962,20787507,171.52635973328944,196.37933451361351
5,3,30,2,diurnal,service_sigma_0.2,HC_LI,162,340,20787507,161.32732578934136,231.03996023107507
5,3,30,2,diurnal,service_sigma_0.2,HC_LI,163,846,20787507,144.51580381152942,186.65192132661474
5,3,30,2,diurnal,service_sigma_0.2,HC_LI,164,1802,20787507,169.52501882894674,210.83808978287223
5,3,30,2,diurnal,service_sigma_0.2,HC_LI,165,1857,20787507,150.8899050049221,196.51504677458763
5,3,30,2,diurnal,service_sigma_0.2,HC_LI,166,2089,20787507,166.4508149462464,207.2592928547153
5,3,30,2,diurnal,service_sigma_0.2,HC_LI,167,2620,20787507,133.94274046863572,192.53453262799096
5,3,30,2,diurnal,service_sigma_0.2,HC_LI,168,2599,20787507,150.12782695907168,198.3931932602897
5,3,30,2,diurnal,service_sigma_0.2,HC_LI,169,2575,20787507,151.65024373704279,208.07997127989873
5,3,30,2,diurnal,service_sigma_0.2,HC_LI,170,1263,20787507,160.9084705220064,174.0850000937245
5,3,30,2,diurnal,service_sigma_0.2,HC_LI,171,2350,20787507,150.75836579709878,211.48797962281589
5,3,30,2,diurnal,service_sigma_0.2,HC_LI,172,195,20787507,157.89580380517185,229.7747408028537
5,3,30,2,diurnal,service_sigma_0.2,HC_LI,173,126,20787507,171.24439265999206,247.4978918615421
5,3,30,2,diurnal,service_sigma_0.2,HC_LI,174,2777,20787507,160.84352023851633,201.5555286720737
5,3,30,2,diurnal,service_sigma_0.2,HC_LI,175,2192,20787507,156.6744242661692,172.17790116379092
5,3,30,2,diurnal,service_sigma_0.2,HC_LI,176,2829,20787507,161.4615756518662,234.04412498531804
5,3,30,2,diurnal,service_sigma_0.2,HC_LI,177,2357,20787507,161.57917632315286,236.85562482436842
5,3,30,2,diurnal,service_sigma_0.2,HC_LI,178,1777,20787507,150.79948409615662,187.7782435571244
5,3,30,2,diurnal,service_sigma_0.2,HC_LI,179,2192,20787507,156.31005395036553,169.98492002471653
5,3,30,2,diurnal,service_sigma_0.2,HC_LI,180,657,20787507,142.4016970028068,178.81333666117592
5,3,30,2,diurnal,service_sigma_0.2,HC_LI,181,2403,20787507,168.02826054404775,193.17130947887253
5,3,30,2,diurnal,service_sigma_0.2,HC_LI,182,2590,20787507,185.79159045290646,272.70938850979445
5,3,30,2,diurnal,service_sigma_0.2,HC_LI,183,1103,20787507,175.60483918691966,220.0920616022599
5,3,30,2,diurnal,service_sigma_0.2,HC_LI,184,2587,20787507,154.61862671344164,186.16209904375924
5,3,30,2,diurnal,service_sigma_0.2,HC_LI,185,2545,20787507,160.85437258278117,222.58743329766293
5,3,30,2,diurnal,service_sigma_0.2,HC_LI,186,983,20787507,149.97537709145448,171.2866832262105
5,3,30,2,diurnal,service_sigma_0.2,HC_LI,187,248,20787507,161.73373492805695,228.6500023221541
5,3,30,2,diurnal,service_sigma_0.2,HC_LI,188,2933,20787507,172.6829760577693,224.5443709540688
5,3,30,2,diurnal,service_sigma_0.2,HC_LI,189,1693,20787507,148.37047888284798,176.4994243225926
5,3,30,2,diurnal,service_sigma_0.2,HC_LI,190,2589,20787507,163.83945066086955,207.336553241297
5,3,30,2,diurnal,service_sigma_0.2,HC_LI,191,969,20787507,142.77066350435607,188.3856976723011
5,3,30,2,diurnal,service_sigma_0.2,HC_LI,192,590,20787507,164.08647639117518,226.54765871369182
5,3,30,2,diurnal,service_sigma_0.2,HC_LI,193,739,20787507,179.73860950669058,228.15461364450763
5,3,30,2,diurnal,service_sigma_0.2,HC_LI,194,2525,20787507,167.72011576579362,263.37267314453464
5,3,30,2,diurnal,service_sigma_0.2,HC_LI,195,2924,20787507,196.44500495107687,238.0017800201383
5,3,30,2,diurnal,service_sigma_0.2,HC_LI,196,405,20787507,157.0681109026208,201.88371334809003
5,3,30,2,diurnal,service_sigma_0.2,HC_LI,197,2589,20787507,171.96399257108615,215.1613628234024
5,3,30,2,diurnal,service_sigma_0.2,HC_LI,198,1595,20787507,178.28060760781608,222.41440915474658
5,3,30,2,diurnal,service_sigma_0.2,HC_LI,199,553,20787507,167.61780847433158,211.33495470336607
5,3,30,2,diurnal,service_sigma_0.2,LC_HI,0,2440,20787507,122.08498138343458,197.62350690328628
5,3,30,2,diurnal,service_sigma_0.2,LC_HI,1,289,20787507,163.00757871358252,198.6621552520309
5,3,30,2,diurnal,service_sigma_0.2,LC_HI,2,714,20787507,145.68610513157083,209.31406790690127
5,3,30,2,diurnal,service_sigma_0.2,LC_HI,3,2075,20787507,179.80688821269396,228.27557979112015
5,3,30,2,diurnal,service_sigma_0.2,LC_HI,4,445,20787507,124.31990375279909,195.94644430013878
5,3,30,2,diurnal,service_sigma_0.2,LC_HI,5,2562,20787507,148.39131819189038,200.39131819189038
5,3,30,2,diurnal,service_sigma_0.2,LC_HI,6,2305,20787507,171.1355829411544,220.45909516665296
5,3,30,2,diurnal,service_sigma_0.2,LC_HI,7,980,20787507,145.0135324117169,173.93005751008403
5,3,30,2,diurnal,service_sigma_0.2,LC_HI,8,2321,20787507,146.0567443444438,179.5188516485813
5,3,30,2,diurnal,service_sigma_0.2,LC_HI,9,336,20787507,138.46243163402184,199.23615132839262
5,3,30,2,diurnal,service_sigma_0.2,LC_HI,10,2684,20787507,179.06652912009156,218.79764627751632
5,3,30,2,diurnal,service_sigma_0.2,LC_HI,11,1518,20787507,152.92801194760054,242.26738801905287
5,3,30,2,diurnal,service_sigma_0.2,LC_HI,12,2081,20787507,171.33708099655027,222.6651142877809
5,3,30,2,diurnal,service_sigma_0.2,LC_HI,13,1328,20787507,158.99499438616834,202.85628622019047
5,3,30,2,diurnal,service_sigma_0.2,LC_HI,14,1228,20787507,150.69722010499217,197.63731405584062
5,3,30,2,diurnal,service_sigma_0.2,LC_HI,15,1703,20787507,174.51528082473203,230.6981938355639
5,3,30,2,diurnal,service_sigma_0.2,LC_HI,16,2890,20787507,144.59438459131138,212.87826058199852
5,3,30,2,diurnal,service_sigma_0.2,LC_HI,17,2392,20787507,163.23024533709716,215.83667888693523
5,3,30,2,diurnal,service_sigma_0.2,LC_HI,18,1411,20787507,136.60604093095094,178.6364384233565
5,3,30,2,diurnal,service_sigma_0.2,LC_HI,19,2666,20787507,164.72397592481633,223.09072978871498
5,3,30,2,diurnal,service_sigma_0.2,LC_HI,20,1321,20787507,176.0341693750925,190.52201840202014
5,3,30,2,diurnal,service_sigma_0.2,LC_HI,21,709,20787507,154.60747537582057,167.99396115897355
5,3,30,2,diurnal,service_sigma_0.2,LC_HI,22,2541,20787507,160.36544491148987,209.35957315309025
5,3,30,2,diurnal,service_sigma_0.2,LC_HI,23,2238,20787507,167.16679286682177,219.44195424358784
5,3,30,2,diurnal,service_sigma_0.2,LC_HI,24,296,20787507,134.4045131322194,160.43665628495475
5,3,30,2,diurnal,service_sigma_0.2,LC_HI,25,1127,20787507,187.46691812146514,255.65909137156046
5,3,30,2,diurnal,service_sigma_0.2,LC_HI,26,1639,20787507,161.725066619108,241.64620876860138
5,3,30,2,diurnal,service_sigma_0.2,LC_HI,27,2262,20787507,159.289312482364,200.0573019896897
5,3,30,2,diurnal,service_sigma_0.2,LC_HI,28,2047,20787507,175.49257945485678,208.52358421751384
5,3,30,2,diurnal,service_sigma_0.2,LC_HI,29,691,20787507,126.2719584386519,167.54338218544157
5,3,30,2,diurnal,service_sigma_0.2,LC_HI,30,136,20787507,148.28167041664054,216.53010629691175
5,3,30,2,diurnal,service_sigma_0.2,LC_HI,31,1845,20787507,169.9067924691248,244.45083414488033
5,3,30,2,diurnal,service_sigma_0.2,LC_HI,32,819,20787507,151.39414235256186,195.48197190770776
5,3,30,2,diurnal,service_sigma_0.2,LC_HI,33,925,20787507,167.67734525406993,250.27561944435703
5,3,30,2,diurnal,service_sigma_0.2,LC_HI,34,274,20787507,146.44352564836097,192.8943800495366
5,3,30,2,diurnal,service_sigma_0.2,LC_HI,35,598,20787507,148.1158555101667,153.78669494778498
5,3,30,2,diurnal,service_sigma_0.2,LC_HI,36,1319,20787507,139.50622507093087,180.3830995168422
5,3,30,2,diurnal,service_sigma_0.2,LC_HI,37,734,20787507,165.801596936675,216.62004904938513
5,3,30,2,diurnal,service_sigma_0.2,LC_HI,38,289,20787507,162.21536679481824,207.12293854963013
5,3,30,2,diurnal,service_sigma_0.2,LC_HI,39,142,20787507,178.80837056554353,249.80080681119338
5,3,30,2,diurnal,service_sigma_0.2,LC_HI,40,216,20787507,168.20670261167749,220.3755753933741
5,3,30,2,diurnal,service_sigma_0.2,LC_HI,41,2875,20787507,153.6103170536302,217.31480033032003
5,3,30,2,diurnal,service_sigma_0.2,LC_HI,42,1011,20787507,151.86695752342132,203.92980397141906
5,3,30,2,diurnal,service_sigma_0.2,LC_HI,43,2786,20787507,164.5446192242126,203.20922997745882
5,3,30,2,diurnal,service_sigma_0.2,LC_HI,44,2770,20787507,195.31521608889605,238.1101953162591
5,3,30,2,diurnal,service_sigma_0.2,LC_HI,45,2321,20787507,146.09425452344013,179.6404656340793
5,3,30,2,diurnal,service_sigma_0.2,LC_HI,46,807,20787507,139.47296793895111,171.97718742533348
5,3,30,2,diurnal,service_sigma_0.2,LC_HI,47,1622,20787507,138.67359215503637,187.537980396576
5,3,30,2,diurnal,service_sigma_0.2,LC_HI,48,1582,20787507,168.48909316418366,213.32110738374487
5,3,30,2,diurnal,service_sigma_0.2,LC_HI,49,2407,20787507,159.60387312356,204.96298215181326
5,3,30,2,diurnal,service_sigma_0.2,LC_HI,50,372,20787507,164.2701503791564,213.12092094285885
5,3,30,2,diurnal,service_sigma_0.2,LC_HI,51,2315,20787507,165.9947257351465,198.55040043994453
5,3,30,2,diurnal,service_sigma_0.2,LC_HI,52,1975,20787507,171.46296349948793,218.0959099086288
5,3,30,2,diurnal,service_sigma_0.2,LC_HI,53,455,20787507,187.2146467220011,268.8750230904705
5,3,30,2,diurnal,service_sigma_0.2,LC_HI,54,2073,20787507,173.15644487779687,225.31037851841808
5,3,30,2,diurnal,service_sigma_0.2,LC_HI,55,2528,20787507,137.0766366310118,181.23873295902484
5,3,30,2,diurnal,service_sigma_0.2,LC_HI,56,1573,20787507,145.72138791869395,201.29912319934402
5,3,30,2,diurnal,service_sigma_0.2,LC_HI,57,1718,20787507,181.14157953518995,221.92610573206682
5,3,30,2,diurnal,service_sigma_0.2,LC_HI,58,768,20787507,163.77266949225492,256.453382997424
5,3,30,2,diurnal,service_sigma_0.2,LC_HI,59,2986,20787507,160.92328201506277,219.69888814476
5,3,30,2,diurnal,service_sigma_0.2,LC_HI,60,734,20787507,166.0819356620109,211.2768044142254
5,3,30,2,diurnal,service_sigma_0.2,LC_HI,61,554,20787507,180.89112568543806,242.41392914744983
5,3,30,2,diurnal,service_sigma_0.2,LC_HI,62,2774,20787507,169.83953526556044,218.05850654319443
5,3,30,2,diurnal,service_sigma_0.2,LC_HI,63,1324,20787507,160.08182088226005,191.0166974056332
5,3,30,2,diurnal,service_sigma_0.2,LC_HI,64,2875,20787507,156.52720046503757,218.22995346725227
5,3,30,2,diurnal,service_sigma_0.2,LC_HI,65,1658,20787507,160.65639332567665,246.51363052420336
5,3,30,2,diurnal,service_sigma_0.2,LC_HI,66,2106,20787507,138.45409325457103,201.56406077713467
5,3,30,2,diurnal,service_sigma_0.2,LC_HI,67,403,20787507,184.0198429177507,246.24642181681338
5,3,30,2,diurnal,service_sigma_0.2,LC_HI,68,2541,20787507,159.90118093566323,206.76848250553067
5,3,30,2,diurnal,service_sigma_0.2,LC_HI,69,1664,20787507,153.13226345649548,245.06060883820913
5,3,30,2,diurnal,service_sigma_0.2,LC_HI,70,229,20787507,166.42713636904367,177.4447800232162
5,3,30,2,diurnal,service_sigma_0.2,LC_HI,71,2905,20787507,143.83301683576883,186.9905631640027
5,3,30,2,diurnal,service_sigma_0.2,LC_HI,72,2440,20787507,123.02221290353324,199.02221290353324
5,3,30,2,diurnal,service_sigma_0.2,LC_HI,73,216,20787507,168.27623754490682,219.68654520664637
5,3,30,2,diurnal,service_sigma_0.2,LC_HI,74,2094,20787507,165.97453645845425,233.9283176347643
5,3,30,2,diurnal,service_sigma_0.2,LC_HI,75,2890,20787507,145.28138186629138,211.80704602286397
5,3,30,2,diurnal,service_sigma_0.2,LC_HI,76,436,20787507,176.14420010070887,231.31483476852495
5,3,30,2,diurnal,service_sigma_0.2,LC_HI,77,2262,20787507,162.04254130330014,183.77617444614123
5,3,30,2,diurnal,service_sigma_0.2,LC_HI,78,1540,20787507,151.34335596155506,188.75283194658604
5,3,30,2,diurnal,service_sigma_0.2,LC_HI,79,615,20787507,156.6383384697512,194.06656453984974
5,3,30,2,diurnal,service_sigma_0.2,LC_HI,80,136,20787507,149.6166163114956,221.59047757620166
5,3,30,2,diurnal,service_sigma_0.2,LC_HI,81,271,20787507,171.3410395919247,221.7910663315365
5,3,30,2,diurnal,service_sigma_0.2,LC_HI,82,1529,20787507,122.97962882891143,153.59399448200838
5,3,30,2,diurnal,service_sigma_0.2,LC_HI,83,768,20787507,173.33441422778202,247.17185805415053
5,3,30,2,diurnal,service_sigma_0.2,LC_HI,84,1955,20787507,146.41000971577074,204.0893264941705
5,3,30,2,diurnal,service_sigma_0.2,LC_HI,85,2307,20787507,151.8776672734531,232.02617726481594
5,3,30,2,diurnal,service_sigma_0.2,LC_HI,86,38,20787507,175.8274573791598,222.47530268666293
5,3,30,2,diurnal,service_sigma_0.2,LC_HI,87,356,20787507,162.84370299953903,195.78015656043073
5,3,30,2,diurnal,service_sigma_0.2,LC_HI,88,1681,20787507,220.53893167683057,276.62704151245293
5,3,30,2,diurnal,service_sigma_0.2,LC_HI,89,1811,20787507,145.6093123465964,177.79068967770633
5,3,30,2,diurnal,service_sigma_0.2,LC_HI,90,1552,20787507,194.24420649341855,234.31445418692874
5,3,30,2,diurnal,service_sigma_0.2,LC_HI,91,1582,20787507,166.66259510174825,202.40619251466484
5,3,30,2,diurnal,service_sigma_0.2,LC_HI,92,430,20787507,122.77544783927974,145.12500722062433
5,3,30,2,diurnal,service_sigma_0.2,LC_HI,93,206,20787507,158.17010799135636,217.96653879833218
5,3,30,2,diurnal,service_sigma_0.2,LC_HI,94,2441,20787507,135.29860858176096,163.29860858176096
5,3,30,2,diurnal,service_sigma_0.2,LC_HI,95,2024,20787507,131.6204333793647,188.02331174005414
5,3,30,2,diurnal,service_sigma_0.2,LC_HI,96,2899,20787507,151.84542704759127,190.61069725624782
5,3,30,2,diurnal,service_sigma_0.2,LC_HI,97,432,20787507,184.73925103461752,202.11202735742208
5,3,30,2,diurnal,service_sigma_0.2,LC_HI,98,2749,20787507,128.13985704369037,190.66396160716073
5,3,30,2,diurnal,service_sigma_0.2,LC_HI,99,1482,20787507,158.28569932830325,247.2563777821765
5,3,30,2,diurnal,service_sigma_0.2,LC_HI,100,403,20787507,182.38282803637435,245.43426933629019
5,3,30,2,diurnal,service_sigma_0.2,LC_HI,101,795,20787507,205.5597953636112,305.68808717790364
5,3,30,2,diurnal,service_sigma_0.2,LC_HI,102,2075,20787507,168.72211996828852,219.8419496942817
5,3,30,2,diurnal,service_sigma_0.2,LC_HI,103,1127,20787507,178.33969628901056,233.55131766132217
5,3,30,2,diurnal,service_sigma_0.2,LC_HI,104,2503,20787507,197.50328305523306,276.82056507404985
5,3,30,2,diurnal,service_sigma_0.2,LC_HI,105,631,20787507,177.6808587087966,204.3797962847481
5,3,30,2,diurnal,service_sigma_0.2,LC_HI,106,2094,20787507,168.4580318804955,233.7673252668806
5,3,30,2,diurnal,service_sigma_0.2,LC_HI,107,1474,20787507,136.40971675360905,184.06378317337084
5,3,30,2,diurnal,service_sigma_0.2,LC_HI,108,2392,20787507,165.95128038455368,219.24426923351126
5,3,30,2,diurnal,service_sigma_0.2,LC_HI,109,2565,20787507,132.89426700445665,149.85430938840744
5,3,30,2,diurnal,service_sigma_0.2,LC_HI,110,917,20787507,155.90392761078763,202.04874176231206
5,3,30,2,diurnal,service_sigma_0.2,LC_HI,111,1571,20787507,148.30809997266755,207.15562280716185
5,3,30,2,diurnal,service_sigma_0.2,LC_HI,112,445,20787507,125.55191866020856,200.04201634912135
5,3,30,2,diurnal,service_sigma_0.2,LC_HI,113,647,20787507,166.70356480338523,214.68631234767145
5,3,30,2,diurnal,service_sigma_0.2,LC_HI,114,709,20787507,155.90808553668523,166.38702902148714
5,3,30,2,diurnal,service_sigma_0.2,LC_HI,115,1878,20787507,206.90625667207266,279.77847330786875
5,3,30,2,diurnal,service_sigma_0.2,LC_HI,116,874,20787507,179.96248255866897,255.52432614127218
5,3,30,2,diurnal,service_sigma_0.2,LC_HI,117,255,20787507,151.78476340877103,186.44945593378682
5,3,30,2,diurnal,service_sigma_0.2,LC_HI,118,323,20787507,165.95430022844545,218.95466985567816
5,3,30,2,diurnal,service_sigma_0.2,LC_HI,119,2441,20787507,140.36952650753068,161.77549060557408
5,3,30,2,diurnal,service_sigma_0.2,LC_HI,120,2309,20787507,126.87842431794228,147.02152855502885
5,3,30,2,diurnal,service_sigma_0.2,LC_HI,121,1829,20787507,158.61402271389224,193.77485353038784
5,3,30,2,diurnal,service_sigma_0.2,LC_HI,122,255,20787507,153.6080996527205,186.59918834857686
5,3,30,2,diurnal,service_sigma_0.2,LC_HI,123,1982,20787507,220.22313654423826,269.32493643956525
5,3,30,2,diurnal,service_sigma_0.2,LC_HI,124,1811,20787507,147.00150736408978,179.3250942678786
5,3,30,2,diurnal,service_sigma_0.2,LC_HI,125,51,20787507,163.59074796244352,212.8438819463566
5,3,30,2,diurnal,service_sigma_0.2,LC_HI,126,619,20787507,151.54909418288938,202.6952463956056
5,3,30,2,diurnal,service_sigma_0.2,LC_HI,127,2409,20787507,151.98636779155964,214.7724980964231
5,3,30,2,diurnal,service_sigma_0.2,LC_HI,128,1326,20787507,168.98665825866462,167.15399677098847
5,3,30,2,diurnal,service_sigma_0.2,LC_HI,129,2770,20787507,194.32336269551726,235.65852953394827
5,3,30,2,diurnal,service_sigma_0.2,LC_HI,130,647,20787507,169.02886123978158,213.38429328932347
5,3,30,2,diurnal,service_sigma_0.2,LC_HI,131,2244,20787507,161.81447545217296,211.94130484883794
5,3,30,2,diurnal,service_sigma_0.2,LC_HI,132,51,20787507,156.45327796383208,232.82835903064299
5,3,30,2,diurnal,service_sigma_0.2,LC_HI,133,1739,20787507,158.2558791021454,209.19587716042042
5,3,30,2,diurnal,service_sigma_0.2,LC_HI,134,2597,20787507,166.04907052012416,192.893334833667
5,3,30,2,diurnal,service_sigma_0.2,LC_HI,135,2909,20787507,167.4981504923349,231.0864246850823
5,3,30,2,diurnal,service_sigma_0.2,LC_HI,136,807,20787507,135.5239161587941,168.05752819139198
5,3,30,2,diurnal,service_sigma_0.2,LC_HI,137,255,20787507,158.75174895159137,172.30537236827033
5,3,30,2,diurnal,service_sigma_0.2,LC_HI,138,473,20787507,162.59599026019123,232.19196054130612
5,3,30,2,diurnal,service_sigma_0.2,LC_HI,139,2887,20787507,181.23879390100365,268.93081912987435
5,3,30,2,diurnal,service_sigma_0.2,LC_HI,140,2503,20787507,210.6208860160128,277.57695599968
5,3,30,2,diurnal,service_sigma_0.2,LC_HI,141,2684,20787507,176.81309231813506,211.65417254823095
5,3,30,2,diurnal,service_sigma_0.2,LC_HI,142,455,20787507,187.48487482566833,271.1325923373335
5,3,30,2,diurnal,service_sigma_0.2,LC_HI,143,2442,20787507,190.65889339775998,250.98452039936876
5,3,30,2,diurnal,service_sigma_0.2,LC_HI,144,2597,20787507,161.66656388918187,212.49557639899348
5,3,30,2,diurnal,service_sigma_0.2,LC_HI,145,2986,20787507,157.11246496041983,222.26951406275307
5,3,30,2,diurnal,service_sigma_0.2,LC_HI,146,1540,20787507,141.8835631988453,190.10937721569135
5,3,30,2,diurnal,service_sigma_0.2,LC_HI,147,1599,20787507,164.483793270788,199.40683790603788
5,3,30,2,diurnal,service_sigma_0.2,LC_HI,148,958,20787507,172.9245395559067,198.48626659037632
5,3,30,2,diurnal,service_sigma_0.2,LC_HI,149,585,20787507,135.01869316790933,193.75219203505938
5,3,30,2,diurnal,service_sigma_0.2,LC_HI,150,2913,20787507,140.20880035282778,178.20880035282778
5,3,30,2,diurnal,service_sigma_0.2,LC_HI,151,1664,20787507,175.1151028937541,247.16715719300305
5,3,30,2,diurnal,service_sigma_0.2,LC_HI,152,1426,20787507,130.86397922631832,167.2329819656887
5,3,30,2,diurnal,service_sigma_0.2,LC_HI,153,496,20787507,169.20918793729442,201.3082064402525
5,3,30,2,diurnal,service_sigma_0.2,LC_HI,154,2460,20787507,124.42492417472002,133.3198802919919
5,3,30,2,diurnal,service_sigma_0.2,LC_HI,155,654,20787507,163.0164698944967,204.35850301008665
5,3,30,2,diurnal,service_sigma_0.2,LC_HI,156,456,20787507,173.77018915187358,253.61092760977456
5,3,30,2,diurnal,service_sigma_0.2,LC_HI,157,2044,20787507,168.65973288130857,250.75543878559827
5,3,30,2,diurnal,service_sigma_0.2,LC_HI,158,2262,20787507,162.10731672025344,194.6078098859241
5,3,30,2,diurnal,service_sigma_0.2,LC_HI,159,44,20787507,143.34794420783663,169.82866902864362
5,3,30,2,diurnal,service_sigma_0.2,LC_HI,160,445,20787507,125.40633590849579,196.69391704557285
5,3,30,2,diurnal,service_sigma_0.2,LC_HI,161,2653,20787507,146.07422568400355,180.38304714470004
5,3,30,2,diurnal,service_sigma_0.2,LC_HI,162,898,20787507,156.83744040246154,213.7009780394131
5,3,30,2,diurnal,service_sigma_0.2,LC_HI,163,2238,20787507,165.4216402273527,205.7359022786755
5,3,30,2,diurnal,service_sigma_0.2,LC_HI,164,1681,20787507,219.19959489886443,260.7480965913169
5,3,30,2,diurnal,service_sigma_0.2,LC_HI,165,1426,20787507,128.863073697624,164.17193675849194
5,3,30,2,diurnal,service_sigma_0.2,LC_HI,166,311,20787507,140.98637034040115,198.25890571398622
5,3,30,2,diurnal,service_sigma_0.2,LC_HI,167,2013,20787507,180.26411397812575,235.39819064569636
5,3,30,2,diurnal,service_sigma_0.2,LC_HI,168,1228,20787507,144.3352117838587,205.97864472161274
5,3,30,2,diurnal,service_sigma_0.2,LC_HI,169,709,20787507,152.82134012155456,167.10829869305266
5,3,30,2,diurnal,service_sigma_0.2,LC_HI,170,2106,20787507,135.19748040240128,197.4564348592496
5,3,30,2,diurnal,service_sigma_0.2,LC_HI,171,1120,20787507,147.0111152421408,177.46920415469992
5,3,30,2,diurnal,service_sigma_0.2,LC_HI,172,917,20787507,158.75618745788321,204.106239343309
5,3,30,2,diurnal,service_sigma_0.2,LC_HI,173,489,20787507,130.79634814780698,153.9178636145439
5,3,30,2,diurnal,service_sigma_0.2,LC_HI,174,898,20787507,165.52770513363225,197.88082038344007
5,3,30,2,diurnal,service_sigma_0.2,LC_HI,175,2061,20787507,183.647767686247,249.38896216610766
5,3,30,2,diurnal,service_sigma_0.2,LC_HI,176,496,20787507,172.47198281140442,202.90680001600998
5,3,30,2,diurnal,service_sigma_0.2,LC_HI,177,826,20787507,157.5141301752851,161.71517720437996
5,3,30,2,diurnal,service_sigma_0.2,LC_HI,178,2305,20787507,164.18898732868502,237.52489344670033
5,3,30,2,diurnal,service_sigma_0.2,LC_HI,179,1925,20787507,141.4749544224788,187.0701107569311
5,3,30,2,diurnal,service_sigma_0.2,LC_HI,180,191,20787507,146.43444954692873,250.88371057295086
5,3,30,2,diurnal,service_sigma_0.2,LC_HI,181,1492,20787507,142.94324334832527,173.57010505930984
5,3,30,2,diurnal,service_sigma_0.2,LC_HI,182,2158,20787507,132.60078458879758,177.78415426963568
5,3,30,2,diurnal,service_sigma_0.2,LC_HI,183,2950,20787507,176.1935883197487,228.2185000891241
5,3,30,2,diurnal,service_sigma_0.2,LC_HI,184,1540,20787507,138.96712682618298,189.04623828721088
5,3,30,2,diurnal,service_sigma_0.2,LC_HI,185,2770,20787507,196.0143917497645,236.20046508357194
5,3,30,2,diurnal,service_sigma_0.2,LC_HI,186,2562,20787507,150.35105933322174,175.08951022445353
5,3,30,2,diurnal,service_sigma_0.2,LC_HI,187,1639,20787507,162.49818374322706,241.84621344118145
5,3,30,2,diurnal,service_sigma_0.2,LC_HI,188,2781,20787507,180.4142489809881,247.90248753135222
5,3,30,2,diurnal,service_sigma_0.2,LC_HI,189,805,20787507,156.4737653097639,203.53337247714663
5,3,30,2,diurnal,service_sigma_0.2,LC_HI,190,508,20787507,151.3367951488548,181.4433505975429
5,3,30,2,diurnal,service_sigma_0.2,LC_HI,191,1618,20787507,129.69093696902362,196.62647859072106
5,3,30,2,diurnal,service_sigma_0.2,LC_HI,192,2392,20787507,172.24162392611206,216.03333315530435
5,3,30,2,diurnal,service_sigma_0.2,LC_HI,193,2266,20787507,154.50337634724136,187.29759233589704
5,3,30,2,diurnal,service_sigma_0.2,LC_HI,194,809,20787507,190.36301498752965,252.5016873985487
5,3,30,2,diurnal,service_sigma_0.2,LC_HI,195,2321,20787507,141.6189910680496,171.88527004208487
5,3,30,2,diurnal,service_sigma_0.2,LC_HI,196,2887,20787507,178.41525513241888,254.59162665226944
5,3,30,2,diurnal,service_sigma_0.2,LC_HI,197,2749,20787507,137.65706032364878,189.64714831197887
5,3,30,2,diurnal,service_sigma_0.2,LC_HI,198,2258,20787507,130.77719492661453,159.65853254158117
5,3,30,2,diurnal,service_sigma_0.2,LC_HI,199,2984,20787507,135.70646383633252,170.00980925285063
5,3,30,2,diurnal,service_sigma_0.2,LC_LI,0,1019,20787507,158.94667789423212,197.3979652636848
5,3,30,2,diurnal,service_sigma_0.2,LC_LI,1,2263,20787507,160.68208717404704,185.5981165494109
5,3,30,2,diurnal,service_sigma_0.2,LC_LI,2,907,20787507,117.26032138327398,148.8959775317452
5,3,30,2,diurnal,service_sigma_0.2,LC_LI,3,2071,20787507,170.754302242303,255.32105028603917
5,3,30,2,diurnal,service_sigma_0.2,LC_LI,4,1596,20787507,166.58432942197072,242.55742418263193
5,3,30,2,diurnal,service_sigma_0.2,LC_LI,5,349,20787507,180.06714072686015,231.1266015192871
5,3,30,2,diurnal,service_sigma_0.2,LC_LI,6,1165,20787507,178.7788144731007,242.75716678984617
5,3,30,2,diurnal,service_sigma_0.2,LC_LI,7,1665,20787507,175.12217273525783,239.5601806917837
5,3,30,2,diurnal,service_sigma_0.2,LC_LI,8,2896,20787507,121.54683243251532,148.06774871414495
5,3,30,2,diurnal,service_sigma_0.2,LC_LI,9,2308,20787507,171.1315011967558,207.55379778895022
5,3,30,2,diurnal,service_sigma_0.2,LC_LI,10,1165,20787507,180.25242749655118,245.7235926882565
5,3,30,2,diurnal,service_sigma_0.2,LC_LI,11,694,20787507,153.9215943704394,197.66368093670258
5,3,30,2,diurnal,service_sigma_0.2,LC_LI,12,1932,20787507,205.53318552243584,258.918266320334
5,3,30,2,diurnal,service_sigma_0.2,LC_LI,13,558,20787507,144.13172592440577,195.3693142085984
5,3,30,2,diurnal,service_sigma_0.2,LC_LI,14,2191,20787507,162.53090045116625,231.00143587811576
5,3,30,2,diurnal,service_sigma_0.2,LC_LI,15,1150,20787507,149.33757278886117,206.7656961523228
5,3,30,2,diurnal,service_sigma_0.2,LC_LI,16,1764,20787507,144.93886587641416,164.39501780469024
5,3,30,2,diurnal,service_sigma_0.2,LC_LI,17,45,20787507,172.16983395857156,231.60590430410917
5,3,30,2,diurnal,service_sigma_0.2,LC_LI,18,373,20787507,165.54151919144493,162.32285235703412
5,3,30,2,diurnal,service_sigma_0.2,LC_LI,19,2231,20787507,177.17231761736411,239.1028138511979
5,3,30,2,diurnal,service_sigma_0.2,LC_LI,20,1055,20787507,196.49617836982705,298.00545284348425
5,3,30,2,diurnal,service_sigma_0.2,LC_LI,21,907,20787507,117.56767388910703,153.6008507378153
5,3,30,2,diurnal,service_sigma_0.2,LC_LI,22,2852,20787507,164.68179569295145,192.99143811583377
5,3,30,2,diurnal,service_sigma_0.2,LC_LI,23,1447,20787507,185.3007426333674,224.52436285353593
5,3,30,2,diurnal,service_sigma_0.2,LC_LI,24,2118,20787507,178.6664810060819,254.80157032557707
5,3,30,2,diurnal,service_sigma_0.2,LC_LI,25,831,20787507,182.88828300763876,199.9335573551642
5,3,30,2,diurnal,service_sigma_0.2,LC_LI,26,2209,20787507,143.70142328418623,198.95288553465377
5,3,30,2,diurnal,service_sigma_0.2,LC_LI,27,2026,20787507,178.3254767053528,217.79730111291528
5,3,30,2,diurnal,service_sigma_0.2,LC_LI,28,2109,20787507,157.86152540017466,177.37806900572403
5,3,30,2,diurnal,service_sigma_0.2,LC_LI,29,610,20787507,166.27834045196565,193.36264017230698
5,3,30,2,diurnal,service_sigma_0.2,LC_LI,30,1081,20787507,176.34702690821277,178.56721293343918
5,3,30,2,diurnal,service_sigma_0.2,LC_LI,31,610,20787507,183.7381737678646,201.58526050019103
5,3,30,2,diurnal,service_sigma_0.2,LC_LI,32,1721,20787507,188.6593120134953,263.24196661084346
5,3,30,2,diurnal,service_sigma_0.2,LC_LI,33,118,20787507,171.98002351635452,203.01293836993085
5,3,30,2,diurnal,service_sigma_0.2,LC_LI,34,2994,20787507,157.527069656203,202.15105683976637
5,3,30,2,diurnal,service_sigma_0.2,LC_LI,35,290,20787507,147.55244238705328,189.76614757570712
5,3,30,2,diurnal,service_sigma_0.2,LC_LI,36,1869,20787507,174.86387371326006,237.03034760802007
5,3,30,2,diurnal,service_sigma_0.2,LC_LI,37,2593,20787507,164.12340173077027,201.92995988441672
5,3,30,2,diurnal,service_sigma_0.2,LC_LI,38,1682,20787507,172.66057995957033,234.0799345933006
5,3,30,2,diurnal,service_sigma_0.2,LC_LI,39,708,20787507,150.2941020686403,206.6898313871639
5,3,30,2,diurnal,service_sigma_0.2,LC_LI,40,1985,20787507,174.4615738315968,245.85490589341407
5,3,30,2,diurnal,service_sigma_0.2,LC_LI,41,1519,20787507,171.42756414731588,229.7610947960154
5,3,30,2,diurnal,service_sigma_0.2,LC_LI,42,1183,20787507,128.90808088298957,162.7199002384728
5,3,30,2,diurnal,service_sigma_0.2,LC_LI,43,697,20787507,170.6852445138672,221.14362149167238
5,3,30,2,diurnal,service_sigma_0.2,LC_LI,44,124,20787507,151.32610295216875,213.68259227641488
5,3,30,2,diurnal,service_sigma_0.2,LC_LI,45,1554,20787507,171.75090200174353,239.00217472762077
5,3,30,2,diurnal,service_sigma_0.2,LC_LI,46,1390,20787507,166.11596365597867,238.4596699731008
5,3,30,2,diurnal,service_sigma_0.2,LC_LI,47,2711,20787507,138.40007785524622,190.07958751122973
5,3,30,2,diurnal,service_sigma_0.2,LC_LI,48,46,20787507,161.48415343437784,225.66994858181377
5,3,30,2,diurnal,service_sigma_0.2,LC_LI,49,1339,20787507,170.00989147457202,213.57056456199808
5,3,30,2,diurnal,service_sigma_0.2,LC_LI,50,306,20787507,152.2699607182492,198.5204790151378
5,3,30,2,diurnal,service_sigma_0.2,LC_LI,51,704,20787507,176.54011074165587,193.5303492428864
5,3,30,2,diurnal,service_sigma_0.2,LC_LI,52,1081,20787507,180.9168168434573,179.7129260102122
5,3,30,2,diurnal,service_sigma_0.2,LC_LI,53,2895,20787507,182.85735883732065,228.55904041120436
5,3,30,2,diurnal,service_sigma_0.2,LC_LI,54,349,20787507,182.21594985740762,231.22933524021332
5,3,30,2,diurnal,service_sigma_0.2,LC_LI,55,599,20787507,142.48176044448786,208.8874513846215
5,3,30,2,diurnal,service_sigma_0.2,LC_LI,56,364,20787507,161.42667641372083,206.71449716408438
5,3,30,2,diurnal,service_sigma_0.2,LC_LI,57,537,20787507,192.27199842467317,228.07568071189036
5,3,30,2,diurnal,service_sigma_0.2,LC_LI,58,2711,20787507,140.0043472639878,162.11378919592556
5,3,30,2,diurnal,service_sigma_0.2,LC_LI,59,1150,20787507,147.07462420887947,200.9777996319803
5,3,30,2,diurnal,service_sigma_0.2,LC_LI,60,2351,20787507,178.75425765887874,256.7417571685354
5,3,30,2,diurnal,service_sigma_0.2,LC_LI,61,2691,20787507,164.4552884920849,245.24604164706616
5,3,30,2,diurnal,service_sigma_0.2,LC_LI,62,713,20787507,146.83973487761736,192.43476065016912
5,3,30,2,diurnal,service_sigma_0.2,LC_LI,63,2420,20787507,163.92232241915715,193.71970259986423
5,3,30,2,diurnal,service_sigma_0.2,LC_LI,64,306,20787507,152.14853589387215,198.39905419076078
5,3,30,2,diurnal,service_sigma_0.2,LC_LI,65,907,20787507,118.08232562993024,153.9795721433239
5,3,30,2,diurnal,service_sigma_0.2,LC_LI,66,1916,20787507,197.2165327657093,232.75249751016352
5,3,30,2,diurnal,service_sigma_0.2,LC_LI,67,2308,20787507,165.77393770962024,202.4850033726929
5,3,30,2,diurnal,service_sigma_0.2,LC_LI,68,1764,20787507,146.31718460868797,164.14494310452997
5,3,30,2,diurnal,service_sigma_0.2,LC_LI,69,822,20787507,164.60525277728323,210.38249072433933
5,3,30,2,diurnal,service_sigma_0.2,LC_LI,70,2361,20787507,177.55827141753107,279.9949241202779
5,3,30,2,diurnal,service_sigma_0.2,LC_LI,71,2361,20787507,192.73120614657947,274.71901406294535
5,3,30,2,diurnal,service_sigma_0.2,LC_LI,72,254,20787507,166.49532886431277,224.9380396134165
5,3,30,2,diurnal,service_sigma_0.2,LC_LI,73,2717,20787507,182.21054218489215,228.5373255657695
5,3,30,2,diurnal,service_sigma_0.2,LC_LI,74,392,20787507,172.27579493460243,266.33836235253887
5,3,30,2,diurnal,service_sigma_0.2,LC_LI,75,1834,20787507,165.72056871257553,185.8713151189579
5,3,30,2,diurnal,service_sigma_0.2,LC_LI,76,2677,20787507,166.5427569285185,215.73073501278733
5,3,30,2,diurnal,service_sigma_0.2,LC_LI,77,308,20787507,168.36195668366003,255.83279096590968
5,3,30,2,diurnal,service_sigma_0.2,LC_LI,78,2577,20787507,182.53504505689222,192.40698019716706
5,3,30,2,diurnal,service_sigma_0.2,LC_LI,79,2287,20787507,147.4800390644566,216.0975845761634
5,3,30,2,diurnal,service_sigma_0.2,LC_LI,80,118,20787507,173.4004892672488,214.27672699611995
5,3,30,2,diurnal,service_sigma_0.2,LC_LI,81,467,20787507,163.91441586064113,183.7084596953648
5,3,30,2,diurnal,service_sigma_0.2,LC_LI,82,2263,20787507,161.64170171340723,181.6204749877035
5,3,30,2,diurnal,service_sigma_0.2,LC_LI,83,2586,20787507,156.8418335901083,220.4742120881813
5,3,30,2,diurnal,service_sigma_0.2,LC_LI,84,138,20787507,142.95644270838596,200.2083014749678
5,3,30,2,diurnal,service_sigma_0.2,LC_LI,85,2031,20787507,161.99881118094245,209.3534257197229
5,3,30,2,diurnal,service_sigma_0.2,LC_LI,86,2109,20787507,156.798871445042,181.34210283630225
5,3,30,2,diurnal,service_sigma_0.2,LC_LI,87,922,20787507,169.98536210351554,206.72718873650697
5,3,30,2,diurnal,service_sigma_0.2,LC_LI,88,2420,20787507,163.79587041916005,194.81139093044646
5,3,30,2,diurnal,service_sigma_0.2,LC_LI,89,2316,20787507,191.08472096940216,223.41150606329438
5,3,30,2,diurnal,service_sigma_0.2,LC_LI,90,175,20787507,173.79970758825837,230.24528812458144
5,3,30,2,diurnal,service_sigma_0.2,LC_LI,91,321,20787507,193.4356096366135,254.647366836909
5,3,30,2,diurnal,service_sigma_0.2,LC_LI,92,2282,20787507,145.56945562413796,186.81094094714655
5,3,30,2,diurnal,service_sigma_0.2,LC_LI,93,1554,20787507,168.30523457346712,192.2377136560848
5,3,30,2,diurnal,service_sigma_0.2,LC_LI,94,2586,20787507,150.82703023210266,214.5333597847526
5,3,30,2,diurnal,service_sigma_0.2,LC_LI,95,2098,20787507,155.99512422623462,204.5533518189981
5,3,30,2,diurnal,service_sigma_0.2,LC_LI,96,995,20787507,148.12677452187907,195.64877761028416
5,3,30,2,diurnal,service_sigma_0.2,LC_LI,97,254,20787507,172.63770224768754,226.7829466498585
5,3,30,2,diurnal,service_sigma_0.2,LC_LI,98,2231,20787507,170.9693890692246,235.04188181514988
5,3,30,2,diurnal,service_sigma_0.2,LC_LI,99,2962,20787507,174.88103585871843,220.35767285179767
5,3,30,2,diurnal,service_sigma_0.2,LC_LI,100,2586,20787507,148.2888644963397,203.52610261731576
5,3,30,2,diurnal,service_sigma_0.2,LC_LI,101,2347,20787507,185.43614832395463,262.4710800450005
5,3,30,2,diurnal,service_sigma_0.2,LC_LI,102,713,20787507,146.56541325564828,195.5974284521532
5,3,30,2,diurnal,service_sigma_0.2,LC_LI,103,2087,20787507,163.917637172042,210.76584478509767
5,3,30,2,diurnal,service_sigma_0.2,LC_LI,104,1381,20787507,123.47394953861414,138.37037718556238
5,3,30,2,diurnal,service_sigma_0.2,LC_LI,105,264,20787507,169.7047526948662,209.749176520119
5,3,30,2,diurnal,service_sigma_0.2,LC_LI,106,1317,20787507,139.7360372494407,165.68501717645375
5,3,30,2,diurnal,service_sigma_0.2,LC_LI,107,1699,20787507,167.3713909240376,186.99839026135228
5,3,30,2,diurnal,service_sigma_0.2,LC_LI,108,610,20787507,163.6047782921485,190.92897742834558
5,3,30,2,diurnal,service_sigma_0.2,LC_LI,109,1057,20787507,194.2446833165985,236.31622780104814
5,3,30,2,diurnal,service_sigma_0.2,LC_LI,110,2191,20787507,174.40205492140146,219.85230246666492
5,3,30,2,diurnal,service_sigma_0.2,LC_LI,111,1067,20787507,187.96703184319256,254.37294999125808
5,3,30,2,diurnal,service_sigma_0.2,LC_LI,112,1554,20787507,169.90891187251216,191.1000873545811
5,3,30,2,diurnal,service_sigma_0.2,LC_LI,113,2351,20787507,186.66738845710478,247.83775951319777
5,3,30,2,diurnal,service_sigma_0.2,LC_LI,114,1374,20787507,162.5331715247079,219.27972122295304
5,3,30,2,diurnal,service_sigma_0.2,LC_LI,115,2098,20787507,153.1697896139791,210.63405714312012
5,3,30,2,diurnal,service_sigma_0.2,LC_LI,116,2677,20787507,161.813994819708,220.89459583874105
5,3,30,2,diurnal,service_sigma_0.2,LC_LI,117,1150,20787507,145.3497091021066,197.97612516936
5,3,30,2,diurnal,service_sigma_0.2,LC_LI,118,831,20787507,183.0036717024588,202.897775954844
5,3,30,2,diurnal,service_sigma_0.2,LC_LI,119,2308,20787507,168.59653667603155,202.56902825587696
5,3,30,2,diurnal,service_sigma_0.2,LC_LI,120,905,20787507,175.86705039659302,212.8230576395581
5,3,30,2,diurnal,service_sigma_0.2,LC_LI,121,2347,20787507,189.20766603704504,262.49780406343683
5,3,30,2,diurnal,service_sigma_0.2,LC_LI,122,999,20787507,154.24124365709784,164.56724560859928
5,3,30,2,diurnal,service_sigma_0.2,LC_LI,123,2059,20787507,166.34208998322342,212.0420085386428
5,3,30,2,diurnal,service_sigma_0.2,LC_LI,124,2098,20787507,152.98184487701755,216.10209649217848
5,3,30,2,diurnal,service_sigma_0.2,LC_LI,125,48,20787507,178.14713820442245,214.7744809744816
5,3,30,2,diurnal,service_sigma_0.2,LC_LI,126,2019,20787507,154.77904076262953,221.41454880083356
5,3,30,2,diurnal,service_sigma_0.2,LC_LI,127,1205,20787507,172.96777513105488,232.06493354954517
5,3,30,2,diurnal,service_sigma_0.2,LC_LI,128,913,20787507,154.86613425264315,204.62287797742414
5,3,30,2,diurnal,service_sigma_0.2,LC_LI,129,208,20787507,175.07233128707907,249.2099495740142
5,3,30,2,diurnal,service_sigma_0.2,LC_LI,130,2209,20787507,146.44181339905873,202.8408090984353
5,3,30,2,diurnal,service_sigma_0.2,LC_LI,131,237,20787507,185.0758546210279,276.6208989358079
5,3,30,2,diurnal,service_sigma_0.2,LC_LI,132,1046,20787507,177.68483579343908,227.47575426248537
5,3,30,2,diurnal,service_sigma_0.2,LC_LI,133,791,20787507,148.90763394998012,175.26038910994694
5,3,30,2,diurnal,service_sigma_0.2,LC_LI,134,1390,20787507,158.55072915903418,242.15474463507306
5,3,30,2,diurnal,service_sigma_0.2,LC_LI,135,1475,20787507,162.23375142356338,214.13064932376378
5,3,30,2,diurnal,service_sigma_0.2,LC_LI,136,2147,20787507,184.249834055053,267.23839037995907
5,3,30,2,diurnal,service_sigma_0.2,LC_LI,137,1554,20787507,169.65256765013444,235.62008427724547
5,3,30,2,diurnal,service_sigma_0.2,LC_LI,138,46,20787507,156.93936460067283,219.86620976572186
5,3,30,2,diurnal,service_sigma_0.2,LC_LI,139,2577,20787507,172.4445592221216,210.6274446650354
5,3,30,2,diurnal,service_sigma_0.2,LC_LI,140,524,20787507,125.85846427504417,152.99108457766488
5,3,30,2,diurnal,service_sigma_0.2,LC_LI,141,152,20787507,157.6745645210194,223.47621379676505
5,3,30,2,diurnal,service_sigma_0.2,LC_LI,142,1554,20787507,172.6366583211599,237.10393486642872
5,3,30,2,diurnal,service_sigma_0.2,LC_LI,143,998,20787507,131.28283357113486,178.31314789543964
5,3,30,2,diurnal,service_sigma_0.2,LC_LI,144,1519,20787507,168.46916119323132,235.0433631945282
5,3,30,2,diurnal,service_sigma_0.2,LC_LI,145,2263,20787507,155.3170844608082,185.99453794380773
5,3,30,2,diurnal,service_sigma_0.2,LC_LI,146,2757,20787507,162.27968431983538,233.28156212612214
5,3,30,2,diurnal,service_sigma_0.2,LC_LI,147,2236,20787507,155.16143040688965,182.26476454894083
5,3,30,2,diurnal,service_sigma_0.2,LC_LI,148,364,20787507,161.76617486771624,199.12335816876583
5,3,30,2,diurnal,service_sigma_0.2,LC_LI,149,2361,20787507,183.13231288755557,285.44995080205297
5,3,30,2,diurnal,service_sigma_0.2,LC_LI,150,999,20787507,166.67543424845107,181.27820304957217
5,3,30,2,diurnal,service_sigma_0.2,LC_LI,151,1587,20787507,173.63617089196202,237.401494310919
5,3,30,2,diurnal,service_sigma_0.2,LC_LI,152,308,20787507,168.31659442201178,232.89045109183658
5,3,30,2,diurnal,service_sigma_0.2,LC_LI,153,2711,20787507,138.19098087654868,165.47409042697362
5,3,30,2,diurnal,service_sigma_0.2,LC_LI,154,2031,20787507,162.50396699128524,218.21363768631383
5,3,30,2,diurnal,service_sigma_0.2,LC_LI,155,825,20787507,171.85388329039947,226.4961371914991
5,3,30,2,diurnal,service_sigma_0.2,LC_LI,156,1764,20787507,143.76583227311227,169.65715533628452
5,3,30,2,diurnal,service_sigma_0.2,LC_LI,157,546,20787507,171.95581915151726,214.50589514789007
5,3,30,2,diurnal,service_sigma_0.2,LC_LI,158,956,20787507,171.55705248467723,210.21553047952756
5,3,30,2,diurnal,service_sigma_0.2,LC_LI,159,1381,20787507,124.19396388148016,136.7333345258187
5,3,30,2,diurnal,service_sigma_0.2,LC_LI,160,2287,20787507,148.57030859660577,215.03350230664776
5,3,30,2,diurnal,service_sigma_0.2,LC_LI,161,2026,20787507,171.55048474892243,219.6693532284601
5,3,30,2,diurnal,service_sigma_0.2,LC_LI,162,1665,20787507,183.0559518277565,236.77598873781952
5,3,30,2,diurnal,service_sigma_0.2,LC_LI,163,2019,20787507,156.2924889238317,226.584564608278
5,3,30,2,diurnal,service_sigma_0.2,LC_LI,164,2568,20787507,146.79183113482569,178.1397698240712
5,3,30,2,diurnal,service_sigma_0.2,LC_LI,165,1708,20787507,152.59219182235918,193.1735023718823
5,3,30,2,diurnal,service_sigma_0.2,LC_LI,166,243,20787507,181.9454366109752,251.46444714757314
5,3,30,2,diurnal,service_sigma_0.2,LC_LI,167,1046,20787507,172.89383911051866,226.69667195072523
5,3,30,2,diurnal,service_sigma_0.2,LC_LI,168,859,20787507,162.66272752541227,221.25262635232968
5,3,30,2,diurnal,service_sigma_0.2,LC_LI,169,308,20787507,174.70264213921297,246.22485725344475
5,3,30,2,diurnal,service_sigma_0.2,LC_LI,170,1985,20787507,179.8773194370333,239.57165980637055
5,3,30,2,diurnal,service_sigma_0.2,LC_LI,171,956,20787507,176.97515429281276,217.90411860404103
5,3,30,2,diurnal,service_sigma_0.2,LC_LI,172,2994,20787507,161.0534631785011,205.59479918151206
5,3,30,2,diurnal,service_sigma_0.2,LC_LI,173,1682,20787507,177.68323728096829,239.68650640256297
5,3,30,2,diurnal,service_sigma_0.2,LC_LI,174,913,20787507,159.21495588316037,219.27613138734662
5,3,30,2,diurnal,service_sigma_0.2,LC_LI,175,373,20787507,147.55182036581851,162.90492654379304
5,3,30,2,diurnal,service_sigma_0.2,LC_LI,176,2757,20787507,166.92576833821084,219.18885110731603
5,3,30,2,diurnal,service_sigma_0.2,LC_LI,177,1171,20787507,153.8626679977518,210.3231000860927
5,3,30,2,diurnal,service_sigma_0.2,LC_LI,178,2071,20787507,164.39272808894205,257.2657510562261
5,3,30,2,diurnal,service_sigma_0.2,LC_LI,179,392,20787507,176.3492575295306,261.6091401729713
5,3,30,2,diurnal,service_sigma_0.2,LC_LI,180,2179,20787507,186.5416658262622,261.89949035595424
5,3,30,2,diurnal,service_sigma_0.2,LC_LI,181,2354,20787507,174.07654020344438,242.29367064316924
5,3,30,2,diurnal,service_sigma_0.2,LC_LI,182,1001,20787507,148.56682294996392,173.34458466752255
5,3,30,2,diurnal,service_sigma_0.2,LC_LI,183,2132,20787507,172.26826176838577,266.04935433692566
5,3,30,2,diurnal,service_sigma_0.2,LC_LI,184,290,20787507,148.15070615725065,171.80126303126696
5,3,30,2,diurnal,service_sigma_0.2,LC_LI,185,599,20787507,140.26195668995416,206.64794080742624
5,3,30,2,diurnal,service_sigma_0.2,LC_LI,186,2420,20787507,164.39702918615268,195.19289365694604
5,3,30,2,diurnal,service_sigma_0.2,LC_LI,187,1733,20787507,166.38501753659574,194.4669103355215
5,3,30,2,diurnal,service_sigma_0.2,LC_LI,188,2691,20787507,164.85587576382935,240.29985093149338
5,3,30,2,diurnal,service_sigma_0.2,LC_LI,189,1057,20787507,179.4493737380874,233.58406275662426
5,3,30,2,diurnal,service_sigma_0.2,LC_LI,190,1985,20787507,179.24097375813255,248.6660342623394
5,3,30,2,diurnal,service_sigma_0.2,LC_LI,191,599,20787507,146.0873597768468,193.72750285531302
5,3,30,2,diurnal,service_sigma_0.2,LC_LI,192,2852,20787507,164.92158609558865,188.0662457074729
5,3,30,2,diurnal,service_sigma_0.2,LC_LI,193,118,20787507,171.60204901236435,205.59635802375757
5,3,30,2,diurnal,service_sigma_0.2,LC_LI,194,610,20787507,177.3670925776391,190.3997333787677
5,3,30,2,diurnal,service_sigma_0.2,LC_LI,195,2308,20787507,170.0418523669208,202.68377671152376
5,3,30,2,diurnal,service_sigma_0.2,LC_LI,196,558,20787507,142.07614500687146,193.03609517455652
5,3,30,2,diurnal,service_sigma_0.2,LC_LI,197,1067,20787507,192.7473586867424,260.24093718381636
5,3,30,2,diurnal,service_sigma_0.2,LC_LI,198,212,20787507,193.055562410254,217.19173666037054
5,3,30,2,diurnal,service_sigma_0.2,LC_LI,199,2287,20787507,149.00597462819536,212.48069165288226
7,5,5,2,clustered,service_sigma_0.2,random,0,442,20987513,190.7679236686689,257.0550821229039
7,5,5,2,clustered,service_sigma_0.2,random,1,363,20987513,204.73801855415334,382.93716723969624
7,5,5,2,clustered,service_sigma_0.2,random,2,1477,20987513,156.92265860708224,245.9780151491021
7,5,5,2,clustered,service_sigma_0.2,random,3,995,20987513,209.6075390978812,312.8518791440623
7,5,5,2,clustered,service_sigma_0.2,random,4,2773,20987513,192.135366007807,306.84660221940385
7,5,5,2,clustered,service_sigma_0.2,random,5,1482,20987513,187.60209223809804,273.32939778173426
7,5,5,2,clustered,service_sigma_0.2,random,6,2578,20987513,205.93778852554053,317.67248074881223
7,5,5,2,clustered,service_sigma_0.2,random,7,760,20987513,181.62247428434276,262.6768636476867
7,5,5,2,clustered,service_sigma_0.2,random,8,2445,20987513,172.2049139987984,239.7976767034698
7,5,5,2,clustered,service_sigma_0.2,random,9,2097,20987513,156.4328506636503,231.60191717452386
7,5,5,2,clustered,service_sigma_0.2,random,10,1954,20987513,179.84915448667812,317.39003406665057
7,5,5,2,clustered,service_sigma_0.2,random,11,1480,20987513,164.36013580828362,276.69186300774527
7,5,5,2,clustered,service_sigma_0.2,random,12,2964,20987513,254.14658935176953,410.46223464321895
7,5,5,2,clustered,service_sigma_0.2,random,13,2387,20987513,164.9707239816275,311.92408705445433
7,5,5,2,clustered,service_sigma_0.2,random,14,1755,20987513,193.02451914948335,295.77796274839744
7,5,5,2,clustered,service_sigma_0.2,random,15,2298,20987513,159.6063839334042,251.19483699848607
7,5,5,2,clustered,service_sigma_0.2,random,16,1750,20987513,176.6826637822842,252.62427829545186
7,5,5,2,clustered,service_sigma_0.2,random,17,2669,20987513,247.39322147246014,412.01186086678047
7,5,5,2,clustered,service_sigma_0.2,random,18,803,20987513,237.73841765190286,324.5953447543468
7,5,5,2,clustered,service_sigma_0.2,random,19,559,20987513,145.0866460795501,221.53221775719038
7,5,5,2,clustered,service_sigma_0.2,random,20,2321,20987513,194.84649165279507,318.9985799829425
7,5,5,2,clustered,service_sigma_0.2,random,21,2183,20987513,228.86594658137673,320.77130544257307
7,5,5,2,clustered,service_sigma_0.2,random,22,2409,20987513,178.36026446475708,302.1480660014625
7,5,5,2,clustered,service_sigma_0.2,random,23,1425,20987513,166.71045957088728,257.78673439640374
7,5,5,2,clustered,service_sigma_0.2,random,24,1685,20987513,189.83513280449083,316.6004715261546
7,5,5,2,clustered,service_sigma_0.2,random,25,556,20987513,235.0075058629203,339.92192826454306
7,5,5,2,clustered,service_sigma_0.2,random,26,332,20987513,237.28290808645448,331.9546096025903
7,5,5,2,clustered,service_sigma_0.2,random,27,602,20987513,156.8268186192528,337.72469337892204
7,5,5,2,clustered,service_sigma_0.2,random,28,1659,20987513,171.30350528053708,268.0768480166872
7,5,5,2,clustered,service_sigma_0.2,random,29,545,20987513,161.7000770675739,254.21027010817548
7,5,5,2,clustered,service_sigma_0.2,random,30,2598,20987513,190.20985127020813,252.11135140496538
7,5,5,2,clustered,service_sigma_0.2,random,31,1981,20987513,224.36982630299875,353.9326862641362
7,5,5,2,clustered,service_sigma_0.2,random,32,1623,20987513,192.4867190454916,350.2424888304063
7,5,5,2,clustered,service_sigma_0.2,random,33,1763,20987513,170.84449468999745,304.3149015403955
7,5,5,2,clustered,service_sigma_0.2,random,34,2077,20987513,207.92242061584008,374.8668102954704
7,5,5,2,clustered,service_sigma_0.2,random,35,1207,20987513,210.61395829385452,326.1499549592323
7,5,5,2,clustered,service_sigma_0.2,random,36,2048,20987513,210.7891807993633,254.38497928474462
7,5,5,2,clustered,service_sigma_0.2,random,37,746,20987513,214.37514711620773,306.9797736333023
7,5,5,2,clustered,service_sigma_0.2,random,38,1208,20987513,181.26390468082693,227.12030079955392
7,5,5,2,clustered,service_sigma_0.2,random,39,2642,20987513,216.2474854444651,327.5722536989291
7,5,5,2,clustered,service_sigma_0.2,random,40,1701,20987513,186.31354142365336,296.59516955247426
7,5,5,2,clustered,service_sigma_0.2,random,41,1364,20987513,158.89400128137157,223.40227839144785
7,5,5,2,clustered,service_sigma_0.2,random,42,1417,20987513,180.8078837690361,336.2084586931147
7,5,5,2,clustered,service_sigma_0.2,random,43,1333,20987513,136.0619283543582,230.63948909326479
7,5,5,2,clustered,service_sigma_0.2,random,44,356,20987513,175.66241303500408,262.53441630975914
7,5,5,2,clustered,service_sigma_0.2,random,45,2702,20987513,155.39916594718338,258.2221729822121
7,5,5,2,clustered,service_sigma_0.2,random,46,1451,20987513,205.10674373384825,320.5756933871005
7,5,5,2,clustered,service_sigma_0.2,random,47,2481,20987513,156.8509656727858,288.18101566012643
7,5,5,2,clustered,service_sigma_0.2,random,48,2579,20987513,179.65687338736836,227.06568375242
7,5,5,2,clustered,service_sigma_0.2,random,49,1882,20987513,176.15690449558062,270.59832417653666
7,5,5,2,clustered,service_sigma_0.2,random,50,368,20987513,253.654074455891,254.12820753996112
7,5,5,2,clustered,service_sigma_0.2,random,51,644,20987513,169.55436594759706,235.02714214905748
7,5,5,2,clustered,service_sigma_0.2,random,52,2881,20987513,178.39244961195556,262.86941160980734
7,5,5,2,clustered,service_sigma_0.2,random,53,2473,20987513,207.10569338314062,295.96183281516915
7,5,5,2,clustered,service_sigma_0.2,random,54,541,20987513,186.41895954188246,306.1311620458646
7,5,5,2,clustered,service_sigma_0.2,random,55,1542,20987513,190.37436626145222,315.8022582632492
7,5,5,2,clustered,service_sigma_0.2,random,56,1157,20987513,184.1138956937926,275.46477259117836
7,5,5,2,clustered,service_sigma_0.2,random,57,1887,20987513,224.33142461386643,332.9949745803617
7,5,5,2,clustered,service_sigma_0.2,random,58,2099,20987513,194.06064056393734,355.5780674486139
7,5,5,2,clustered,service_sigma_0.2,random,59,2660,20987513,241.28386723542644,361.54810820997994
7,5,5,2,clustered,service_sigma_0.2,random,60,1123,20987513,163.92849379709403,224.5363962681233
7,5,5,2,clustered,service_sigma_0.2,random,61,523,20987513,215.33790508456195,320.0249281094755
7,5,5,2,clustered,service_sigma_0.2,random,62,1107,20987513,184.72371573085084,290.01485187839546
7,5,5,2,clustered,service_sigma_0.2,random,63,1439,20987513,181.54015385863696,257.43391884535737
7,5,5,2,clustered,service_sigma_0.2,random,64,1325,20987513,168.76858845543455,298.1821015156319
7,5,5,2,clustered,service_sigma_0.2,random,65,786,20987513,166.40615319446047,283.3637505569228
7,5,5,2,clustered,service_sigma_0.2,random,66,2292,20987513,241.27644335964345,310.5402766054422
7,5,5,2,clustered,service_sigma_0.2,random,67,2610,20987513,204.42293106539108,314.3220939875337
7,5,5,2,clustered,service_sigma_0.2,random,68,2511,20987513,193.21956764352922,344.5495714404141
7,5,5,2,clustered,service_sigma_0.2,random,69,1799,20987513,163.0645068209624,236.9259922130153
7,5,5,2,clustered,service_sigma_0.2,random,70,2381,20987513,196.38205987416558,327.00515138411834
7,5,5,2,clustered,service_sigma_0.2,random,71,2835,20987513,205.77386745507016,342.35724268367323
7,5,5,2,clustered,service_sigma_0.2,random,72,1982,20987513,204.76331723731937,245.79134592760497
7,5,5,2,clustered,service_sigma_0.2,random,73,1822,20987513,204.1265277380163,317.81737061537063
7,5,5,2,clustered,service_sigma_0.2,random,74,132,20987513,176.4118827427557,201.94356308208847
7,5,5,2,clustered,service_sigma_0.2,random,75,1168,20987513,165.67561079406542,224.35168496076628
7,5,5,2,clustered,service_sigma_0.2,random,76,1506,20987513,199.60428833870375,300.0440105146656
7,5,5,2,clustered,service_sigma_0.2,random,77,2976,20987513,150.0499188791333,273.52402856279525
7,5,5,2,clustered,service_sigma_0.2,random,78,1798,20987513,189.54382964489787,271.44799083084365
7,5,5,2,clustered,service_sigma_0.2,random,79,319,20987513,157.5650783117295,210.586782048397
7,5,5,2,clustered,service_sigma_0.2,random,80,2654,20987513,198.03451396687024,275.65051210792086
7,5,5,2,clustered,service_sigma_0.2,random,81,2846,20987513,171.51304334049405,289.83768307936236
7,5,5,2,clustered,service_sigma_0.2,random,82,2072,20987513,153.60162900375192,201.3479914631758
7,5,5,2,clustered,service_sigma_0.2,random,83,2008,20987513,191.8562841373845,302.70063405672096
7,5,5,2,clustered,service_sigma_0.2,random,84,967,20987513,179.92026712374826,233.3498100374157
7,5,5,2,clustered,service_sigma_0.2,random,85,1894,20987513,178.73662928076334,272.07326208379897
7,5,5,2,clustered,service_sigma_0.2,random,86,135,20987513,259.299172316975,314.799901941819
7,5,5,2,clustered,service_sigma_0.2,random,87,1659,20987513,183.41897903870296,288.7155681399421
7,5,5,2,clustered,service_sigma_0.2,random,88,1380,20987513,177.79846090010355,274.5944165461193
7,5,5,2,clustered,service_sigma_0.2,random,89,1994,20987513,188.82734574100886,339.25160238764886
7,5,5,2,clustered,service_sigma_0.2,random,90,141,20987513,166.2151313465786,247.12109782028875
7,5,5,2,clustered,service_sigma_0.2,random,91,1011,20987513,178.97033862730876,278.005315022418
7,5,5,2,clustered,service_sigma_0.2,random,92,2187,20987513,193.2333858471674,357.4804124651949
7,5,5,2,clustered,service_sigma_0.2,random,93,1746,20987513,193.0914929843284,344.85668597670195
7,5,5,2,clustered,service_sigma_0.2,random,94,1427,20987513,193.5293862780608,260.9644456721224
7,5,5,2,clustered,service_sigma_0.2,random,95,1915,20987513,129.00712432706865,230.52629734762883
7,5,5,2,clustered,service_sigma_0.2,random,96,2380,20987513,129.88719137310886,208.80477243038882
7,5,5,2,clustered,service_sigma_0.2,random,97,1756,20987513,234.46542616457566,267.39621805232497
7,5,5,2,clustered,service_sigma_0.2,random,98,2282,20987513,162.67416517184637,210.05600788855622
7,5,5,2,clustered,service_sigma_0.2,random,99,717,20987513,219.18557241461056,343.71173995291326
7,5,5,2,clustered,service_sigma_0.2,random,100,517,20987513,177.40086991564834,261.19673073026973
7,5,5,2,clustered,service_sigma_0.2,random,101,992,20987513,247.2674915203645,363.9177391612903
7,5,5,2,clustered,service_sigma_0.2,random,102,151,20987513,182.5947095051204,271.0674113231273
7,5,5,2,clustered,service_sigma_0.2,random,103,2251,20987513,198.71055787895142,324.3540569550812
7,5,5,2,clustered,service_sigma_0.2,random,104,646,20987513,190.5399926646762,296.8722859474813
7,5,5,2,clustered,service_sigma_0.2,random,105,773,20987513,200.1970267173027,299.7979865497323
7,5,5,2,clustered,service_sigma_0.2,random,106,1809,20987513,168.39028489514374,249.47019706018088
7,5,5,2,clustered,service_sigma_0.2,random,107,1410,20987513,162.71770866737566,239.64213848175166
7,5,5,2,clustered,service_sigma_0.2,random,108,288,20987513,179.20684166623818,298.33057943743455
7,5,5,2,clustered,service_sigma_0.2,random,109,2113,20987513,174.99594167547423,223.98714229102572
7,5,5,2,clustered,service_sigma_0.2,random,110,765,20987513,244.15363965141088,390.94304497595584
7,5,5,2,clustered,service_sigma_0.2,random,111,1839,20987513,168.22057027952528,260.1197274748368
7,5,5,2,clustered,service_sigma_0.2,random,112,2766,20987513,163.9061619506288,229.187940892517
7,5,5,2,clustered,service_sigma_0.2,random,113,1348,20987513,180.2202217742985,277.4741291122388
7,5,5,2,clustered,service_sigma_0.2,random,114,2051,20987513,196.7978854704514,294.8687707298272
7,5,5,2,clustered,service_sigma_0.2,random,115,49,20987513,232.68482285177888,321.1685958130628
7,5,5,2,clustered,service_sigma_0.2,random,116,2628,20987513,191.06823506894403,251.89883380480714
7,5,5,2,clustered,service_sigma_0.2,random,117,186,20987513,199.3047363671615,358.43813434678276
7,5,5,2,clustered,service_sigma_0.2,random,118,6,20987513,197.31501190196732,342.6403167326205
7,5,5,2,clustered,service_sigma_0.2,random,119,2753,20987513,206.99771602411008,284.9149126245486
7,5,5,2,clustered,service_sigma_0.2,random,120,830,20987513,178.1426992728707,144.87792642688115
7,5,5,2,clustered,service_sigma_0.2,random,121,2352,20987513,187.75940255656124,336.37577893101155
7,5,5,2,clustered,service_sigma_0.2,random,122,301,20987513,174.54577044000604,274.25163232465405
7,5,5,2,clustered,service_sigma_0.2,random,123,994,20987513,167.62751172767267,271.4441559909971
7,5,5,2,clustered,service_sigma_0.2,random,124,1204,20987513,197.69477073930355,245.1823046787448
7,5,5,2,clustered,service_sigma_0.2,random,125,2437,20987513,160.12623320704375,266.7390361478993
7,5,5,2,clustered,service_sigma_0.2,random,126,1518,20987513,147.11651703830591,224.44473959616667
7,5,5,2,clustered,service_sigma_0.2,random,127,2682,20987513,148.96004959448013,180.02953137494416
7,5,5,2,clustered,service_sigma_0.2,random,128,47,20987513,252.19331958415214,378.6272785408041
7,5,5,2,clustered,service_sigma_0.2,random,129,1854,20987513,197.9943242084537,256.887892537541
7,5,5,2,clustered,service_sigma_0.2,random,130,1058,20987513,170.30735568168365,278.5896897816536
7,5,5,2,clustered,service_sigma_0.2,random,131,2437,20987513,162.1203339785626,245.04798828737174
7,5,5,2,clustered,service_sigma_0.2,random,132,305,20987513,135.66899186349937,203.55965795882057
7,5,5,2,clustered,service_sigma_0.2,random,133,2502,20987513,205.9054753088263,361.2275255834734
7,5,5,2,clustered,service_sigma_0.2,random,134,713,20987513,145.89086743666363,195.46077531428227
7,5,5,2,clustered,service_sigma_0.2,random,135,546,20987513,175.71329846321711,228.92008884791366
7,5,5,2,clustered,service_sigma_0.2,random,136,1453,20987513,155.77894811109041,280.6075074094732
7,5,5,2,clustered,service_sigma_0.2,random,137,2372,20987513,196.37391217399713,298.6485435439166
7,5,5,2,clustered,service_sigma_0.2,random,138,1750,20987513,174.51999705586866,196.65731755342009
7,5,5,2,clustered,service_sigma_0.2,random,139,2415,20987513,162.24075436150196,311.05406272753476
7,5,5,2,clustered,service_sigma_0.2,random,140,1540,20987513,155.57779724878682,264.6059167797664
7,5,5,2,clustered,service_sigma_0.2,random,141,1053,20987513,176.6985252140353,221.3126628164816
7,5,5,2,clustered,service_sigma_0.2,random,142,51,20987513,184.67713417402598,298.7418643336411
7,5,5,2,clustered,service_sigma_0.2,random,143,2702,20987513,159.2740778108902,253.70668406610145
7,5,5,2,clustered,service_sigma_0.2,random,144,117,20987513,164.01609025995953,188.68952470543206
7,5,5,2,clustered,service_sigma_0.2,random,145,2714,20987513,206.78765879612996,238.20235759218838
7,5,5,2,clustered,service_sigma_0.2,random,146,1409,20987513,204.42753166609393,285.04648441328493
7,5,5,2,clustered,service_sigma_0.2,random,147,707,20987513,184.3353591541377,290.2233019089336
7,5,5,2,clustered,service_sigma_0.2,random,148,798,20987513,186.8474321119302,273.1406550765543
7,5,5,2,clustered,service_sigma_0.2,random,149,2835,20987513,204.47575806845862,340.41508299441574
7,5,5,2,clustered,service_sigma_0.2,random,150,643,20987513,191.42382726831326,285.1462838085377
7,5,5,2,clustered,service_sigma_0.2,random,151,1115,20987513,152.27579129601665,211.0515190899991
7,5,5,2,clustered,service_sigma_0.2,random,152,1283,20987513,196.4170711349908,264.9733301963305
7,5,5,2,clustered,service_sigma_0.2,random,153,293,20987513,178.239393154169,318.8317733934177
7,5,5,2,clustered,service_sigma_0.2,random,154,786,20987513,193.29319307842576,283.22109719479124
7,5,5,2,clustered,service_sigma_0.2,random,155,2779,20987513,140.25264166937782,158.79673837706014
7,5,5,2,clustered,service_sigma_0.2,random,156,1653,20987513,185.38757142942006,235.7670992614821
7,5,5,2,clustered,service_sigma_0.2,random,157,1368,20987513,152.4324642123073,237.0760746358295
7,5,5,2,clustered,service_sigma_0.2,random,158,817,20987513,189.73757510928567,326.6295048466501
7,5,5,2,clustered,service_sigma_0.2,random,159,1157,20987513,182.73271814696182,275.5235488611461
7,5,5,2,clustered,service_sigma_0.2,random,160,1482,20987513,176.8458718363824,276.3064725894947
7,5,5,2,clustered,service_sigma_0.2,random,161,1411,20987513,177.79789979027964,233.243311502825
7,5,5,2,clustered,service_sigma_0.2,random,162,1764,20987513,173.88074313588646,204.27319907120864
7,5,5,2,clustered,service_sigma_0.2,random,163,1955,20987513,252.31039889215214,393.83161834461083
7,5,5,2,clustered,service_sigma_0.2,random,164,2183,20987513,202.48329980633474,309.8649285318323
7,5,5,2,clustered,service_sigma_0.2,random,165,1764,20987513,166.74979118622434,206.82122111141055
7,5,5,2,clustered,service_sigma_0.2,random,166,1190,20987513,199.56968650082348,316.89721604591756
7,5,5,2,clustered,service_sigma_0.2,random,167,1501,20987513,203.4246501095419,346.20060982796
7,5,5,2,clustered,service_sigma_0.2,random,168,2695,20987513,162.58651013997218,254.73005365079976
7,5,5,2,clustered,service_sigma_0.2,random,169,1882,20987513,180.1698848025929,258.62381613433075
7,5,5,2,clustered,service_sigma_0.2,random,170,1717,20987513,226.18985900470992,358.89668790212414
7,5,5,2,clustered,service_sigma_0.2,random,171,107,20987513,252.6957219920845,361.3019058532178
7,5,5,2,clustered,service_sigma_0.2,random,172,1753,20987513,215.8774284802691,312.8002395657067
7,5,5,2,clustered,service_sigma_0.2,random,173,2318,20987513,156.35914420212393,220.0339138028143
7,5,5,2,clustered,service_sigma_0.2,random,174,876,20987513,151.11788882089033,263.3548302319342
7,5,5,2,clustered,service_sigma_0.2,random,175,402,20987513,189.7534991883267,313.84379441955537
7,5,5,2,clustered,service_sigma_0.2,random,176,2230,20987513,139.20931768224983,252.48874619012906
7,5,5,2,clustered,service_sigma_0.2,random,177,274,20987513,175.49193238918915,301.5772258307661
7,5,5,2,clustered,service_sigma_0.2,random,178,1957,20987513,193.06953667364846,285.4772708456942
7,5,5,2,clustered,service_sigma_0.2,random,179,2816,20987513,206.31710448174215,334.02201338658983
7,5,5,2,clustered,service_sigma_0.2,random,180,2198,20987513,200.03456985496277,295.4278825866319
7,5,5,2,clustered,service_sigma_0.2,random,181,526,20987513,166.84506595886808,228.05048775181535
7,5,5,2,clustered,service_sigma_0.2,random,182,1509,20987513,184.20818522326314,213.31600433068874
7,5,5,2,clustered,service_sigma_0.2,random,183,1764,20987513,162.82224367893286,205.12385008708716
7,5,5,2,clustered,service_sigma_0.2,random,184,868,20987513,154.61297595859952,214.75412497732947
7,5,5,2,clustered,service_sigma_0.2,random,185,976,20987513,223.95737829204953,340.7701120216956
7,5,5,2,clustered,service_sigma_0.2,random,186,2421,20987513,192.28152607251585,246.49101596234783
7,5,5,2,clustered,service_sigma_0.2,random,187,1863,20987513,131.70134994056738,268.19949502184267
7,5,5,2,clustered,service_sigma_0.2,random,188,2352,20987513,143.93203281102842,293.6703058959114
7,5,5,2,clustered,service_sigma_0.2,random,189,660,20987513,124.82540456819164,176.12073817433603
7,5,5,2,clustered,service_sigma_0.2,random,190,1786,20987513,163.87903173111215,303.0570840949405
7,5,5,2,clustered,service_sigma_0.2,random,191,1220,20987513,187.0549352016262,316.26367360902503
7,5,5,2,clustered,service_sigma_0.2,random,192,2272,20987513,224.57440398449233,319.8457015948582
7,5,5,2,clustered,service_sigma_0.2,random,193,2833,20987513,195.05770142542656,282.60607819999143
7,5,5,2,clustered,service_sigma_0.2,random,194,349,20987513,164.41825163296392,304.8908033845919
7,5,5,2,clustered,service_sigma_0.2,random,195,1234,20987513,198.5223123913811,329.56413096336115
7,5,5,2,clustered,service_sigma_0.2,random,196,2394,20987513,205.13578848788038,297.73209119849435
7,5,5,2,clustered,service_sigma_0.2,random,197,795,20987513,156.997572453596,253.84071924329945
7,5,5,2,clustered,service_sigma_0.2,random,198,139,20987513,210.24724632858968,312.53237215739694
7,5,5,2,clustered,service_sigma_0.2,random,199,882,20987513,219.13174564288454,373.75789311483254
7,5,5,2,clustered,service_sigma_0.2,HC_HI,0,1587,20987513,191.07706892678883,304.4481860236999
7,5,5,2,clustered,service_sigma_0.2,HC_HI,1,2580,20987513,186.04736806873777,302.15281114823256
7,5,5,2,clustered,service_sigma_0.2,HC_HI,2,1805,20987513,245.8728465990646,315.145153508283
7,5,5,2,clustered,service_sigma_0.2,HC_HI,3,2605,20987513,190.781447584527,299.7220195455357
7,5,5,2,clustered,service_sigma_0.2,HC_HI,4,2266,20987513,188.6971595387332,285.5414204079452
7,5,5,2,clustered,service_sigma_0.2,HC_HI,5,1537,20987513,257.93147569324054,309.97458452814584
7,5,5,2,clustered,service_sigma_0.2,HC_HI,6,577,20987513,197.38307462535252,300.8902536982289
7,5,5,2,clustered,service_sigma_0.2,HC_HI,7,2891,20987513,158.82699510823198,274.44779724584816
7,5,5,2,clustered,service_sigma_0.2,HC_HI,8,219,20987513,240.44224853150678,305.4856515747851
7,5,5,2,clustered,service_sigma_0.2,HC_HI,9,558,20987513,245.18834507942864,369.2752254987515
7,5,5,2,clustered,service_sigma_0.2,HC_HI,10,248,20987513,240.4172624203894,364.71127839105714
7,5,5,2,clustered,service_sigma_0.2,HC_HI,11,2568,20987513,223.05743834838643,322.006335669965
7,5,5,2,clustered,service_sigma_0.2,HC_HI,12,960,20987513,219.94139540822536,340.22074086686973
7,5,5,2,clustered,service_sigma_0.2,HC_HI,13,558,20987513,244.84875548822234,367.506913965013
7,5,5,2,clustered,service_sigma_0.2,HC_HI,14,218,20987513,176.50857839532478,292.6398012755609
7,5,5,2,clustered,service_sigma_0.2,HC_HI,15,553,20987513,163.13054112218856,259.5525872553466
7,5,5,2,clustered,service_sigma_0.2,HC_HI,16,627,20987513,187.8761885992444,233.72353596113032
7,5,5,2,clustered,service_sigma_0.2,HC_HI,17,1278,20987513,219.138388391871,368.5030725629837
7,5,5,2,clustered,service_sigma_0.2,HC_HI,18,1,20987513,204.32539697023017,293.26789789238114
7,5,5,2,clustered,service_sigma_0.2,HC_HI,19,831,20987513,253.8123812207986,377.04397019058104
7,5,5,2,clustered,service_sigma_0.2,HC_HI,20,1414,20987513,199.44989687577106,283.6949151248538
7,5,5,2,clustered,service_sigma_0.2,HC_HI,21,807,20987513,208.5565644198204,336.59966115859805
7,5,5,2,clustered,service_sigma_0.2,HC_HI,22,650,20987513,177.67450827105714,298.13931686046277
7,5,5,2,clustered,service_sigma_0.2,HC_HI,23,1035,20987513,179.39262454246028,290.5744590874578
7,5,5,2,clustered,service_sigma_0.2,HC_HI,24,576,20987513,183.02133209826314,292.0840991612351
7,5,5,2,clustered,service_sigma_0.2,HC_HI,25,736,20987513,165.12438297901863,306.300706208808
7,5,5,2,clustered,service_sigma_0.2,HC_HI,26,2954,20987513,202.9871717838121,273.2455038144769
7,5,5,2,clustered,service_sigma_0.2,HC_HI,27,2353,20987513,168.1753159955719,245.13522742982738
7,5,5,2,clustered,service_sigma_0.2,HC_HI,28,2871,20987513,189.3570999824734,299.79041302567356
7,5,5,2,clustered,service_sigma_0.2,HC_HI,29,1414,20987513,209.76445386950334,286.31297928409924
7,5,5,2,clustered,service_sigma_0.2,HC_HI,30,124,20987513,213.558782797201,365.6298180423725
7,5,5,2,clustered,service_sigma_0.2,HC_HI,31,1634,20987513,186.05850922283835,311.10995409578004
7,5,5,2,clustered,service_sigma_0.2,HC_HI,32,1754,20987513,251.50582846811068,364.61195903898863
7,5,5,2,clustered,service_sigma_0.2,HC_HI,33,424,20987513,195.37454247026912,348.6510391144058
7,5,5,2,clustered,service_sigma_0.2,HC_HI,34,1369,20987513,191.86217630185095,271.24812708037337
7,5,5,2,clustered,service_sigma_0.2,HC_HI,35,1756,20987513,233.31515387628573,268.72257929582423
7,5,5,2,clustered,service_sigma_0.2,HC_HI,36,173,20987513,178.2615770677411,312.64297067571636
7,5,5,2,clustered,service_sigma_0.2,HC_HI,37,2075,20987513,253.2972187907636,358.71376354007225
7,5,5,2,clustered,service_sigma_0.2,HC_HI,38,219,20987513,220.5873071593539,321.25260396373994
7,5,5,2,clustered,service_sigma_0.2,HC_HI,39,2536,20987513,216.56051685936126,322.648833709715
7,5,5,2,clustered,service_sigma_0.2,HC_HI,40,1552,20987513,221.5567898880652,358.1563519529033
7,5,5,2,clustered,service_sigma_0.2,HC_HI,41,1431,20987513,215.9218308968625,291.4365309685181
7,5,5,2,clustered,service_sigma_0.2,HC_HI,42,218,20987513,176.6699902966972,287.2141731968334
7,5,5,2,clustered,service_sigma_0.2,HC_HI,43,1086,20987513,213.3937706343544,310.434056627084
7,5,5,2,clustered,service_sigma_0.2,HC_HI,44,1911,20987513,212.664503983576,359.1939908963416
7,5,5,2,clustered,service_sigma_0.2,HC_HI,45,877,20987513,191.80343719392226,273.1022146006078
7,5,5,2,clustered,service_sigma_0.2,HC_HI,46,2975,20987513,178.49153090180505,224.9676776778109
7,5,5,2,clustered,service_sigma_0.2,HC_HI,47,1555,20987513,202.53213113570175,290.9534901395953
7,5,5,2,clustered,service_sigma_0.2,HC_HI,48,2176,20987513,203.61951297415976,294.37200611108875
7,5,5,2,clustered,service_sigma_0.2,HC_HI,49,1661,20987513,239.37477536882042,316.7547247408411
7,5,5,2,clustered,service_sigma_0.2,HC_HI,50,1278,20987513,215.61163167864282,367.72218968519945
7,5,5,2,clustered,service_sigma_0.2,HC_HI,51,1455,20987513,199.36779946568961,309.1148286941405
7,5,5,2,clustered,service_sigma_0.2,HC_HI,52,711,20987513,189.94888674672973,274.72939965660703
7,5,5,2,clustered,service_sigma_0.2,HC_HI,53,1661,20987513,222.25702165899983,323.18031420312
7,5,5,2,clustered,service_sigma_0.2,HC_HI,54,1527,20987513,198.1462690266751,305.07195496544733
7,5,5,2,clustered,service_sigma_0.2,HC_HI,55,994,20987513,176.15156424894846,275.2923787542137
7,5,5,2,clustered,service_sigma_0.2,HC_HI,56,692,20987513,219.07989041366082,326.36705149159485
7,5,5,2,clustered,service_sigma_0.2,HC_HI,57,2340,20987513,188.17316485290263,304.33741503324075
7,5,5,2,clustered,service_sigma_0.2,HC_HI,58,2580,20987513,179.88867606476674,325.15645347726127
7,5,5,2,clustered,service_sigma_0.2,HC_HI,59,1159,20987513,180.3127907102971,240.80613422823325
7,5,5,2,clustered,service_sigma_0.2,HC_HI,60,882,20987513,192.94416680276333,363.3878470678367
7,5,5,2,clustered,service_sigma_0.2,HC_HI,61,577,20987513,198.481501668049,297.97718561611555
7,5,5,2,clustered,service_sigma_0.2,HC_HI,62,1101,20987513,201.6934044314691,292.18508621371
7,5,5,2,clustered,service_sigma_0.2,HC_HI,63,1672,20987513,198.0932906447414,362.9400583644662
7,5,5,2,clustered,service_sigma_0.2,HC_HI,64,1587,20987513,206.71800393455834,304.04236457242155
7,5,5,2,clustered,service_sigma_0.2,HC_HI,65,2321,20987513,195.68337542165386,311.2812978898865
7,5,5,2,clustered,service_sigma_0.2,HC_HI,66,593,20987513,232.07166659722282,303.28794627816984
7,5,5,2,clustered,service_sigma_0.2,HC_HI,67,877,20987513,191.5268248903043,274.467327988017
7,5,5,2,clustered,service_sigma_0.2,HC_HI,68,1674,20987513,227.21310208845313,330.2849221727923
7,5,5,2,clustered,service_sigma_0.2,HC_HI,69,302,20987513,174.72986851318478,286.3178476699284
7,5,5,2,clustered,service_sigma_0.2,HC_HI,70,2024,20987513,214.73270521368565,322.82090816560367
7,5,5,2,clustered,service_sigma_0.2,HC_HI,71,2353,20987513,175.0032753936207,274.30939788244854
7,5,5,2,clustered,service_sigma_0.2,HC_HI,72,2085,20987513,185.5333984301861,339.3571915704551
7,5,5,2,clustered,service_sigma_0.2,HC_HI,73,385,20987513,228.5480181674038,304.5480181674039
7,5,5,2,clustered,service_sigma_0.2,HC_HI,74,576,20987513,183.76452744913848,286.4259980305428
7,5,5,2,clustered,service_sigma_0.2,HC_HI,75,2266,20987513,189.5597611654573,273.1635020315985
7,5,5,2,clustered,service_sigma_0.2,HC_HI,76,436,20987513,245.23300051653766,289.10302446392393
7,5,5,2,clustered,service_sigma_0.2,HC_HI,77,807,20987513,222.47873510289378,332.36389729151836
7,5,5,2,clustered,service_sigma_0.2,HC_HI,78,1634,20987513,194.60238338982214,296.3730072721405
7,5,5,2,clustered,service_sigma_0.2,HC_HI,79,1854,20987513,188.90838640136013,254.07471345278938
7,5,5,2,clustered,service_sigma_0.2,HC_HI,80,82,20987513,193.29284581633408,326.8106514394154
7,5,5,2,clustered,service_sigma_0.2,HC_HI,81,1587,20987513,195.27063797007227,306.34409807624854
7,5,5,2,clustered,service_sigma_0.2,HC_HI,82,2292,20987513,245.81014068201767,316.7024834575835
7,5,5,2,clustered,service_sigma_0.2,HC_HI,83,56,20987513,186.54702785103623,353.02986452378786
7,5,5,2,clustered,service_sigma_0.2,HC_HI,84,2422,20987513,187.71908977244217,254.22665223252153
7,5,5,2,clustered,service_sigma_0.2,HC_HI,85,669,20987513,179.18356994264292,315.1431903091427
7,5,5,2,clustered,service_sigma_0.2,HC_HI,86,1571,20987513,232.32282536115827,298.15159753358296
7,5,5,2,clustered,service_sigma_0.2,HC_HI,87,2659,20987513,218.64499775197012,272.8459266572279
7,5,5,2,clustered,service_sigma_0.2,HC_HI,88,1754,20987513,260.44578441146734,364.5056581902057
7,5,5,2,clustered,service_sigma_0.2,HC_HI,89,2536,20987513,198.28920170324173,337.3198785735817
7,5,5,2,clustered,service_sigma_0.2,HC_HI,90,995,20987513,198.1495149806134,305.5349674464973
7,5,5,2,clustered,service_sigma_0.2,HC_HI,91,2954,20987513,215.82262299568734,290.69708464561506
7,5,5,2,clustered,service_sigma_0.2,HC_HI,92,2360,20987513,212.56945743144,308.9714404986951
7,5,5,2,clustered,service_sigma_0.2,HC_HI,93,1717,20987513,211.17890172724896,331.13113104459194
7,5,5,2,clustered,service_sigma_0.2,HC_HI,94,1431,20987513,220.42728584767912,294.76162396897956
7,5,5,2,clustered,service_sigma_0.2,HC_HI,95,553,20987513,183.9368451121218,274.04914640219295
7,5,5,2,clustered,service_sigma_0.2,HC_HI,96,2206,20987513,184.99369559270636,291.2246222284359
7,5,5,2,clustered,service_sigma_0.2,HC_HI,97,1537,20987513,268.37471696202965,372.26597149532546
7,5,5,2,clustered,service_sigma_0.2,HC_HI,98,784,20987513,228.25295079126138,330.79835951280313
7,5,5,2,clustered,service_sigma_0.2,HC_HI,99,1744,20987513,218.2697769905251,295.92663930609376
7,5,5,2,clustered,service_sigma_0.2,HC_HI,100,2660,20987513,239.48645657817676,357.6787423085646
7,5,5,2,clustered,service_sigma_0.2,HC_HI,101,2483,20987513,250.48227732692732,367.3888778030024
7,5,5,2,clustered,service_sigma_0.2,HC_HI,102,2939,20987513,271.5395992893632,344.6035705560407
7,5,5,2,clustered,service_sigma_0.2,HC_HI,103,2274,20987513,186.61532605692898,327.7398419780934
7,5,5,2,clustered,service_sigma_0.2,HC_HI,104,656,20987513,201.36185334900267,306.3110198613619
7,5,5,2,clustered,service_sigma_0.2,HC_HI,105,1674,20987513,225.48272810990707,318.41973749955747
7,5,5,2,clustered,service_sigma_0.2,HC_HI,106,1278,20987513,229.71622107559162,352.0051089204948
7,5,5,2,clustered,service_sigma_0.2,HC_HI,107,2939,20987513,261.93084681416383,351.8062677526683
7,5,5,2,clustered,service_sigma_0.2,HC_HI,108,2613,20987513,205.4152159842978,357.71468116713413
7,5,5,2,clustered,service_sigma_0.2,HC_HI,109,56,20987513,187.89788277835015,353.5868515367551
7,5,5,2,clustered,service_sigma_0.2,HC_HI,110,248,20987513,238.32972442355742,359.1608827463059
7,5,5,2,clustered,service_sigma_0.2,HC_HI,111,124,20987513,214.17534711049015,349.38203520742627
7,5,5,2,clustered,service_sigma_0.2,HC_HI,112,1634,20987513,193.01447395199395,326.67667014338986
7,5,5,2,clustered,service_sigma_0.2,HC_HI,113,2536,20987513,174.49281931308408,336.4659490769414
7,5,5,2,clustered,service_sigma_0.2,HC_HI,114,408,20987513,198.15720659921237,268.43054816519634
7,5,5,2,clustered,service_sigma_0.2,HC_HI,115,793,20987513,158.97168553948288,256.78260835838614
7,5,5,2,clustered,service_sigma_0.2,HC_HI,116,2057,20987513,168.10233351083752,308.6527430299349
7,5,5,2,clustered,service_sigma_0.2,HC_HI,117,310,20987513,179.5916502671846,283.61118850946235
7,5,5,2,clustered,service_sigma_0.2,HC_HI,118,2731,20987513,176.30777508227928,305.27708489958843
7,5,5,2,clustered,service_sigma_0.2,HC_HI,119,2292,20987513,245.9363661059278,322.31928182662745
7,5,5,2,clustered,service_sigma_0.2,HC_HI,120,1571,20987513,233.05452919163653,288.1287998706539
7,5,5,2,clustered,service_sigma_0.2,HC_HI,121,682,20987513,226.47005173233237,358.79722156167134
7,5,5,2,clustered,service_sigma_0.2,HC_HI,122,2019,20987513,182.64439805233735,208.9536841111615
7,5,5,2,clustered,service_sigma_0.2,HC_HI,123,2453,20987513,196.2398211750066,279.6966260867343
7,5,5,2,clustered,service_sigma_0.2,HC_HI,124,2340,20987513,180.19417067952315,312.6780273090936
7,5,5,2,clustered,service_sigma_0.2,HC_HI,125,882,20987513,210.34340782587836,387.95067784502766
7,5,5,2,clustered,service_sigma_0.2,HC_HI,126,1278,20987513,222.00701237403982,349.5534241239391
7,5,5,2,clustered,service_sigma_0.2,HC_HI,127,2075,20987513,249.00913872596618,314.3790858306114
7,5,5,2,clustered,service_sigma_0.2,HC_HI,128,1744,20987513,213.70653499577915,304.68543337985875
7,5,5,2,clustered,service_sigma_0.2,HC_HI,129,1674,20987513,208.77376292615702,322.50493752485494
7,5,5,2,clustered,service_sigma_0.2,HC_HI,130,1975,20987513,212.31619296708942,318.42050617632793
7,5,5,2,clustered,service_sigma_0.2,HC_HI,131,1278,20987513,219.8843740789355,368.8703091016647
7,5,5,2,clustered,service_sigma_0.2,HC_HI,132,1805,20987513,242.7668237515187,339.4079122242521
7,5,5,2,clustered,service_sigma_0.2,HC_HI,133,1159,20987513,182.14779573785154,250.08669103621997
7,5,5,2,clustered,service_sigma_0.2,HC_HI,134,2057,20987513,177.91958914592402,308.83247061395105
7,5,5,2,clustered,service_sigma_0.2,HC_HI,135,2580,20987513,191.58682329869092,292.181952775409
7,5,5,2,clustered,service_sigma_0.2,HC_HI,136,310,20987513,178.8451130484503,287.8928321622081
7,5,5,2,clustered,service_sigma_0.2,HC_HI,137,56,20987513,184.9215874385892,356.41502806850536
7,5,5,2,clustered,service_sigma_0.2,HC_HI,138,1187,20987513,197.18084479809352,311.3838782106161
7,5,5,2,clustered,service_sigma_0.2,HC_HI,139,56,20987513,186.64338212996947,356.66960989854255
7,5,5,2,clustered,service_sigma_0.2,HC_HI,140,807,20987513,221.04450572639374,337.57406296519554
7,5,5,2,clustered,service_sigma_0.2,HC_HI,141,1859,20987513,227.8802408906831,347.8046691149809
7,5,5,2,clustered,service_sigma_0.2,HC_HI,142,2176,20987513,211.1914362301941,301.27915848450215
7,5,5,2,clustered,service_sigma_0.2,HC_HI,143,648,20987513,198.3899793747915,289.0491867575614
7,5,5,2,clustered,service_sigma_0.2,HC_HI,144,1305,20987513,230.33273241409265,375.870004578839
7,5,5,2,clustered,service_sigma_0.2,HC_HI,145,1834,20987513,214.1062543472223,306.1177683403594
7,5,5,2,clustered,service_sigma_0.2,HC_HI,146,1,20987513,198.97602772976583,268.94153806374123
7,5,5,2,clustered,service_sigma_0.2,HC_HI,147,1348,20987513,185.5596320425504,297.1807654699324
7,5,5,2,clustered,service_sigma_0.2,HC_HI,148,650,20987513,188.0680632824312,294.199685361333
7,5,5,2,clustered,service_sigma_0.2,HC_HI,149,1521,20987513,242.19149935510242,361.25777955356165
7,5,5,2,clustered,service_sigma_0.2,HC_HI,150,1640,20987513,208.6758118329641,333.2015360603584
7,5,5,2,clustered,service_sigma_0.2,HC_HI,151,2928,20987513,212.1618500545763,284.85018643857563
7,5,5,2,clustered,service_sigma_0.2,HC_HI,152,1263,20987513,219.5703694515546,385.86037007086816
7,5,5,2,clustered,service_sigma_0.2,HC_HI,153,711,20987513,184.30245516936816,275.28003736007844
7,5,5,2,clustered,service_sigma_0.2,HC_HI,154,1717,20987513,222.1036385490972,339.1057880922396
7,5,5,2,clustered,service_sigma_0.2,HC_HI,155,1708,20987513,239.11702883913472,366.90663192945976
7,5,5,2,clustered,service_sigma_0.2,HC_HI,156,1861,20987513,197.61780971842998,309.0238165365582
7,5,5,2,clustered,service_sigma_0.2,HC_HI,157,1599,20987513,200.80975921638594,320.0527452900485
7,5,5,2,clustered,service_sigma_0.2,HC_HI,158,391,20987513,188.80915833864998,332.04307794320675
7,5,5,2,clustered,service_sigma_0.2,HC_HI,159,2453,20987513,194.9959565075325,281.09295965941055
7,5,5,2,clustered,service_sigma_0.2,HC_HI,160,2019,20987513,191.8185200741363,249.02666422932217
7,5,5,2,clustered,service_sigma_0.2,HC_HI,161,711,20987513,178.36316004854277,275.86550128331527
7,5,5,2,clustered,service_sigma_0.2,HC_HI,162,1978,20987513,214.3595686967696,325.7544436558361
7,5,5,2,clustered,service_sigma_0.2,HC_HI,163,793,20987513,206.55051120473328,235.0517837215126
7,5,5,2,clustered,service_sigma_0.2,HC_HI,164,2176,20987513,197.6079239048308,297.3827842439585
7,5,5,2,clustered,service_sigma_0.2,HC_HI,165,1674,20987513,204.30668188531223,331.34648816095176
7,5,5,2,clustered,service_sigma_0.2,HC_HI,166,1754,20987513,234.23426615230267,360.1609793241409
7,5,5,2,clustered,service_sigma_0.2,HC_HI,167,332,20987513,238.65284291206174,329.8915642819031
7,5,5,2,clustered,service_sigma_0.2,HC_HI,168,1828,20987513,151.84911329308807,206.0027403299315
7,5,5,2,clustered,service_sigma_0.2,HC_HI,169,711,20987513,194.65344513925345,280.2010825757559
7,5,5,2,clustered,service_sigma_0.2,HC_HI,170,1035,20987513,183.4404733925884,300.6030299756461
7,5,5,2,clustered,service_sigma_0.2,HC_HI,171,2835,20987513,193.55592897644186,339.63249340341173
7,5,5,2,clustered,service_sigma_0.2,HC_HI,172,2483,20987513,187.2694744005318,366.5377465389496
7,5,5,2,clustered,service_sigma_0.2,HC_HI,173,669,20987513,191.11087420404235,319.6487688672497
7,5,5,2,clustered,service_sigma_0.2,HC_HI,174,558,20987513,244.46036497992156,365.0713977766661
7,5,5,2,clustered,service_sigma_0.2,HC_HI,175,2536,20987513,195.26130957002002,327.4923617298247
7,5,5,2,clustered,service_sigma_0.2,HC_HI,176,1756,20987513,204.30193262750052,263.5373509295636
7,5,5,2,clustered,service_sigma_0.2,HC_HI,177,218,20987513,160.15817231287727,272.59769250954736
7,5,5,2,clustered,service_sigma_0.2,HC_HI,178,124,20987513,203.39532606289882,350.1841428156873
7,5,5,2,clustered,service_sigma_0.2,HC_HI,179,2176,20987513,198.9666968810098,314.4920179219152
7,5,5,2,clustered,service_sigma_0.2,HC_HI,180,1521,20987513,237.24709966434136,350.1579636478292
7,5,5,2,clustered,service_sigma_0.2,HC_HI,181,1674,20987513,207.87941897491942,335.07309720363736
7,5,5,2,clustered,service_sigma_0.2,HC_HI,182,1,20987513,194.89400294876864,289.60407615953784
7,5,5,2,clustered,service_sigma_0.2,HC_HI,183,2928,20987513,199.39524164086748,286.7765937690496
7,5,5,2,clustered,service_sigma_0.2,HC_HI,184,1047,20987513,215.42464480933208,310.32035974355387
7,5,5,2,clustered,service_sigma_0.2,HC_HI,185,1187,20987513,190.7185082305081,341.70690791390143
7,5,5,2,clustered,service_sigma_0.2,HC_HI,186,2816,20987513,227.21470515985274,330.9370993288897
7,5,5,2,clustered,service_sigma_0.2,HC_HI,187,831,20987513,242.7335713802512,380.561839997321
7,5,5,2,clustered,service_sigma_0.2,HC_HI,188,1887,20987513,208.9503632453713,320.4097280512604
7,5,5,2,clustered,service_sigma_0.2,HC_HI,189,2321,20987513,221.37408734063908,307.9900347099243
7,5,5,2,clustered,service_sigma_0.2,HC_HI,190,2826,20987513,171.27652239774596,213.33750243523852
7,5,5,2,clustered,service_sigma_0.2,HC_HI,191,1204,20987513,202.74709920701207,271.1448897130123
7,5,5,2,clustered,service_sigma_0.2,HC_HI,192,1120,20987513,235.57440398449233,274.41634146805546
7,5,5,2,clustered,service_sigma_0.2,HC_HI,193,1086,20987513,222.64379418682785,328.05772268331344
7,5,5,2,clustered,service_sigma_0.2,HC_HI,194,872,20987513,182.35526453970888,316.0414186597103
7,5,5,2,clustered,service_sigma_0.2,HC_HI,195,681,20987513,184.88701129935134,324.47917794157576
7,5,5,2,clustered,service_sigma_0.2,HC_HI,196,1978,20987513,216.1594118536628,334.57495739765704
7,5,5,2,clustered,service_sigma_0.2,HC_HI,197,1640,20987513,228.66063995731844,327.16187146867253
7,5,5,2,clustered,service_sigma_0.2,HC_HI,198,1505,20987513,204.70431582508905,264.74780648836827
7,5,5,2,clustered,service_sigma_0.2,HC_HI,199,2364,20987513,192.66788019214408,313.5702699741199
7,5,5,2,clustered,service_sigma_0.2,HC_LI,0,1097,20987513,182.23395999167462,257.88996855746274
7,5,5,2,clustered,service_sigma_0.2,HC_LI,1,1969,20987513,197.53160790952225,335.3449122371739
7,5,5,2,clustered,service_sigma_0.2,HC_LI,2,1016,20987513,212.65351920451414,337.90459427820076
7,5,5,2,clustered,service_sigma_0.2,HC_LI,3,1700,20987513,189.67631435615502,290.6524710905024
7,5,5,2,clustered,service_sigma_0.2,HC_LI,4,2131,20987513,230.20349444845215,339.32381319597727
7,5,5,2,clustered,service_sigma_0.2,HC_LI,5,29,20987513,205.57260814894136,310.4607086401494
7,5,5,2,clustered,service_sigma_0.2,HC_LI,6,1191,20987513,145.4302331603876,276.01686694720445
7,5,5,2,clustered,service_sigma_0.2,HC_LI,7,383,20987513,176.03210806649952,281.2845677995172
7,5,5,2,clustered,service_sigma_0.2,HC_LI,8,198,20987513,226.5771277937131,314.59235095398753
7,5,5,2,clustered,service_sigma_0.2,HC_LI,9,1969,20987513,191.64674985862743,332.9027525653763
7,5,5,2,clustered,service_sigma_0.2,HC_LI,10,1412,20987513,211.77636113013875,253.19039181912
7,5,5,2,clustered,service_sigma_0.2,HC_LI,11,1588,20987513,222.85542833411523,310.5812329028474
7,5,5,2,clustered,service_sigma_0.2,HC_LI,12,2190,20987513,197.00787226418106,287.36608047642085
7,5,5,2,clustered,service_sigma_0.2,HC_LI,13,2066,20987513,198.4968765544356,324.96188468004925
7,5,5,2,clustered,service_sigma_0.2,HC_LI,14,29,20987513,188.71796312191887,288.93872300849216
7,5,5,2,clustered,service_sigma_0.2,HC_LI,15,134,20987513,184.31671649233397,245.0114599686845
7,5,5,2,clustered,service_sigma_0.2,HC_LI,16,686,20987513,240.02155211136184,408.28356807188055
7,5,5,2,clustered,service_sigma_0.2,HC_LI,17,1040,20987513,217.44373199003473,334.1212506145985
7,5,5,2,clustered,service_sigma_0.2,HC_LI,18,1354,20987513,158.34965449225518,285.394286080842
7,5,5,2,clustered,service_sigma_0.2,HC_LI,19,2810,20987513,159.9120652524509,255.05837265844337
7,5,5,2,clustered,service_sigma_0.2,HC_LI,20,1337,20987513,268.27010382535775,384.68864785616466
7,5,5,2,clustered,service_sigma_0.2,HC_LI,21,262,20987513,178.26584540919725,306.19006927531603
7,5,5,2,clustered,service_sigma_0.2,HC_LI,22,272,20987513,234.55014728104655,297.8895192373777
7,5,5,2,clustered,service_sigma_0.2,HC_LI,23,1538,20987513,214.49917822225717,268.2316853978093
7,5,5,2,clustered,service_sigma_0.2,HC_LI,24,866,20987513,227.57562732273948,337.37676826747867
7,5,5,2,clustered,service_sigma_0.2,HC_LI,25,1192,20987513,184.36674839814577,357.77781477873896
7,5,5,2,clustered,service_sigma_0.2,HC_LI,26,2544,20987513,232.1474265915765,344.2280401436812
7,5,5,2,clustered,service_sigma_0.2,HC_LI,27,1957,20987513,191.19594457167284,284.8208547699431
7,5,5,2,clustered,service_sigma_0.2,HC_LI,28,1924,20987513,213.36198096949994,320.9693669362252
7,5,5,2,clustered,service_sigma_0.2,HC_LI,29,2476,20987513,245.39768082827297,370.2533404523319
7,5,5,2,clustered,service_sigma_0.2,HC_LI,30,1935,20987513,215.9688072074607,325.93440137766595
7,5,5,2,clustered,service_sigma_0.2,HC_LI,31,1500,20987513,148.89761862680143,297.243924534618
7,5,5,2,clustered,service_sigma_0.2,HC_LI,32,2877,20987513,182.7709408235678,258.52663978093614
7,5,5,2,clustered,service_sigma_0.2,HC_LI,33,1474,20987513,183.62817793646934,291.5622072334373
7,5,5,2,clustered,service_sigma_0.2,HC_LI,34,673,20987513,169.86798544906839,332.1783139218441
7,5,5,2,clustered,service_sigma_0.2,HC_LI,35,1924,20987513,204.62669994922416,305.55194236215436
7,5,5,2,clustered,service_sigma_0.2,HC_LI,36,1040,20987513,216.81516641268485,328.73628586626296
7,5,5,2,clustered,service_sigma_0.2,HC_LI,37,1560,20987513,232.04515796379812,311.58704345921
7,5,5,2,clustered,service_sigma_0.2,HC_LI,38,704,20987513,202.4769955494353,303.3606621737913
7,5,5,2,clustered,service_sigma_0.2,HC_LI,39,102,20987513,202.47148753374654,328.19274948590515
7,5,5,2,clustered,service_sigma_0.2,HC_LI,40,914,20987513,167.42010479173663,289.83329354732217
7,5,5,2,clustered,service_sigma_0.2,HC_LI,41,2496,20987513,212.45624648043614,355.7799978390882
7,5,5,2,clustered,service_sigma_0.2,HC_LI,42,674,20987513,216.85201693849012,349.7855180712273
7,5,5,2,clustered,service_sigma_0.2,HC_LI,43,1499,20987513,145.50328460305093,287.87939482762096
7,5,5,2,clustered,service_sigma_0.2,HC_LI,44,2180,20987513,186.53631193107591,308.33792587181404
7,5,5,2,clustered,service_sigma_0.2,HC_LI,45,1658,20987513,200.84676267818352,299.6757570447593
7,5,5,2,clustered,service_sigma_0.2,HC_LI,46,2749,20987513,223.0445480658803,352.9634964876134
7,5,5,2,clustered,service_sigma_0.2,HC_LI,47,306,20987513,224.17345368415386,400.38584158206794
7,5,5,2,clustered,service_sigma_0.2,HC_LI,48,113,20987513,204.69826957401213,326.50912229194824
7,5,5,2,clustered,service_sigma_0.2,HC_LI,49,2502,20987513,192.42579894169626,332.12189629026096
7,5,5,2,clustered,service_sigma_0.2,HC_LI,50,674,20987513,206.72716798321983,345.06022321732235
7,5,5,2,clustered,service_sigma_0.2,HC_LI,51,2796,20987513,210.30806737305812,402.9820018761428
7,5,5,2,clustered,service_sigma_0.2,HC_LI,52,2916,20987513,230.7332803517723,362.8218596862637
7,5,5,2,clustered,service_sigma_0.2,HC_LI,53,798,20987513,196.56029508848127,264.33239303015364
7,5,5,2,clustered,service_sigma_0.2,HC_LI,54,2775,20987513,266.5031575482654,434.47195653294614
7,5,5,2,clustered,service_sigma_0.2,HC_LI,55,1040,20987513,214.01832216295762,327.68116936986326
7,5,5,2,clustered,service_sigma_0.2,HC_LI,56,272,20987513,176.07565767095184,242.2430749579201
7,5,5,2,clustered,service_sigma_0.2,HC_LI,57,503,20987513,206.26401114151915,352.58376747397506
7,5,5,2,clustered,service_sigma_0.2,HC_LI,58,2952,20987513,205.20309421673772,328.6295124362099
7,5,5,2,clustered,service_sigma_0.2,HC_LI,59,1902,20987513,172.16733987476874,277.66408242605087
7,5,5,2,clustered,service_sigma_0.2,HC_LI,60,1863,20987513,146.79843986888142,265.738572590204
7,5,5,2,clustered,service_sigma_0.2,HC_LI,61,1560,20987513,220.5127070700969,306.0945327214803
7,5,5,2,clustered,service_sigma_0.2,HC_LI,62,502,20987513,160.48850152537727,233.3562553156092
7,5,5,2,clustered,service_sigma_0.2,HC_LI,63,2145,20987513,201.922099727736,227.72238643226476
7,5,5,2,clustered,service_sigma_0.2,HC_LI,64,674,20987513,219.65847036645454,361.8097246348182
7,5,5,2,clustered,service_sigma_0.2,HC_LI,65,2626,20987513,179.749002874651,260.08723073892946
7,5,5,2,clustered,service_sigma_0.2,HC_LI,66,69,20987513,183.90250739489892,294.7831133456511
7,5,5,2,clustered,service_sigma_0.2,HC_LI,67,2564,20987513,261.657473599782,407.9442935323762
7,5,5,2,clustered,service_sigma_0.2,HC_LI,68,855,20987513,200.88034820638308,285.0019284994954
7,5,5,2,clustered,service_sigma_0.2,HC_LI,69,2190,20987513,205.1774260873382,304.1446076713887
7,5,5,2,clustered,service_sigma_0.2,HC_LI,70,780,20987513,210.37918186835267,313.0932645175544
7,5,5,2,clustered,service_sigma_0.2,HC_LI,71,855,20987513,202.60015197570436,280.878885357954
7,5,5,2,clustered,service_sigma_0.2,HC_LI,72,1693,20987513,187.26512160242325,291.29434672107294
7,5,5,2,clustered,service_sigma_0.2,HC_LI,73,855,20987513,198.4845056044371,298.0736862834267
7,5,5,2,clustered,service_sigma_0.2,HC_LI,74,2814,20987513,217.30454763263396,323.4268682964295
7,5,5,2,clustered,service_sigma_0.2,HC_LI,75,429,20987513,212.08712160383865,286.08614051824
7,5,5,2,clustered,service_sigma_0.2,HC_LI,76,1353,20987513,180.47998423243078,289.91537832001796
7,5,5,2,clustered,service_sigma_0.2,HC_LI,77,2243,20987513,238.42632957004406,356.0862562329549
7,5,5,2,clustered,service_sigma_0.2,HC_LI,78,2269,20987513,201.6999709769037,213.27225041121213
7,5,5,2,clustered,service_sigma_0.2,HC_LI,79,1072,20987513,198.82120555371193,345.44206949858267
7,5,5,2,clustered,service_sigma_0.2,HC_LI,80,255,20987513,215.4173925257198,361.94991232426287
7,5,5,2,clustered,service_sigma_0.2,HC_LI,81,313,20987513,202.66028437365668,277.9606147869358
7,5,5,2,clustered,service_sigma_0.2,HC_LI,82,2039,20987513,205.44520522503936,340.1456770253353
7,5,5,2,clustered,service_sigma_0.2,HC_LI,83,2658,20987513,206.81337187830633,358.9456372417829
7,5,5,2,clustered,service_sigma_0.2,HC_LI,84,71,20987513,184.07504981399074,305.45160046906733
7,5,5,2,clustered,service_sigma_0.2,HC_LI,85,62,20987513,214.6232951689448,336.77415024182716
7,5,5,2,clustered,service_sigma_0.2,HC_LI,86,503,20987513,195.6280747313466,369.8778645841908
7,5,5,2,clustered,service_sigma_0.2,HC_LI,87,2692,20987513,248.33960090119825,404.5712329251079
7,5,5,2,clustered,service_sigma_0.2,HC_LI,88,257,20987513,226.137923663802,339.1773575342618
7,5,5,2,clustered,service_sigma_0.2,HC_LI,89,1700,20987513,186.8958312001399,296.7220786382286
7,5,5,2,clustered,service_sigma_0.2,HC_LI,90,1191,20987513,158.31254196908998,278.48260125392363
7,5,5,2,clustered,service_sigma_0.2,HC_LI,91,2952,20987513,207.11611221150878,328.6141202418399
7,5,5,2,clustered,service_sigma_0.2,HC_LI,92,855,20987513,190.67707868503146,281.1021709701413
7,5,5,2,clustered,service_sigma_0.2,HC_LI,93,100,20987513,190.55617786603247,277.98915558293044
7,5,5,2,clustered,service_sigma_0.2,HC_LI,94,567,20987513,165.74368891200118,239.432538367055
7,5,5,2,clustered,service_sigma_0.2,HC_LI,95,2775,20987513,249.27168808895885,421.26561350850835
7,5,5,2,clustered,service_sigma_0.2,HC_LI,96,1542,20987513,190.79620726524072,320.7859253592733
7,5,5,2,clustered,service_sigma_0.2,HC_LI,97,1353,20987513,179.40679104914602,302.2970474100022
7,5,5,2,clustered,service_sigma_0.2,HC_LI,98,798,20987513,187.96557142490894,321.84403962354855
7,5,5,2,clustered,service_sigma_0.2,HC_LI,99,2337,20987513,198.54204783915029,285.53673935085914
7,5,5,2,clustered,service_sigma_0.2,HC_LI,100,2625,20987513,216.24053265877802,367.4239743900939
7,5,5,2,clustered,service_sigma_0.2,HC_LI,101,2160,20987513,207.84967212390936,300.8223725493665
7,5,5,2,clustered,service_sigma_0.2,HC_LI,102,1184,20987513,246.15032872478537,345.9909679607075
7,5,5,2,clustered,service_sigma_0.2,HC_LI,103,1767,20987513,213.633395220994,384.5764079030671
7,5,5,2,clustered,service_sigma_0.2,HC_LI,104,914,20987513,195.16185742615204,291.7333447016138
7,5,5,2,clustered,service_sigma_0.2,HC_LI,105,1498,20987513,195.37592579811658,295.9013878801042
7,5,5,2,clustered,service_sigma_0.2,HC_LI,106,2658,20987513,209.51825876649238,361.94164594503457
7,5,5,2,clustered,service_sigma_0.2,HC_LI,107,313,20987513,169.1837997251744,264.0235197304018
7,5,5,2,clustered,service_sigma_0.2,HC_LI,108,780,20987513,202.8137441106577,274.7164214644843
7,5,5,2,clustered,service_sigma_0.2,HC_LI,109,1699,20987513,180.784967772035,313.9455840744644
7,5,5,2,clustered,service_sigma_0.2,HC_LI,110,2749,20987513,183.8648645192018,355.33980539714827
7,5,5,2,clustered,service_sigma_0.2,HC_LI,111,2370,20987513,238.87320456597925,388.8525521592266
7,5,5,2,clustered,service_sigma_0.2,HC_LI,112,23,20987513,220.15351249059177,335.9114952531051
7,5,5,2,clustered,service_sigma_0.2,HC_LI,113,1016,20987513,213.2908956592762,324.3618314070739
7,5,5,2,clustered,service_sigma_0.2,HC_LI,114,2238,20987513,158.65124420996113,252.17821631398607
7,5,5,2,clustered,service_sigma_0.2,HC_LI,115,1500,20987513,151.367842535676,294.93729357607657
7,5,5,2,clustered,service_sigma_0.2,HC_LI,116,231,20987513,179.59035553339174,295.62336022424375
7,5,5,2,clustered,service_sigma_0.2,HC_LI,117,272,20987513,221.55485131642902,243.09552179907402
7,5,5,2,clustered,service_sigma_0.2,HC_LI,118,71,20987513,187.96439858378247,312.6894413554716
7,5,5,2,clustered,service_sigma_0.2,HC_LI,119,1538,20987513,188.55308145429623,254.31760809049948
7,5,5,2,clustered,service_sigma_0.2,HC_LI,120,1437,20987513,205.00325426583592,277.0004813216571
7,5,5,2,clustered,service_sigma_0.2,HC_LI,121,1958,20987513,216.4694538285328,307.35183402995244
7,5,5,2,clustered,service_sigma_0.2,HC_LI,122,1175,20987513,188.85159961818843,304.2221902715104
7,5,5,2,clustered,service_sigma_0.2,HC_LI,123,108,20987513,191.61579907094702,337.25962378513253
7,5,5,2,clustered,service_sigma_0.2,HC_LI,124,1077,20987513,212.4536416541032,304.8382954565485
7,5,5,2,clustered,service_sigma_0.2,HC_LI,125,858,20987513,211.84316439992543,336.1731245910067
7,5,5,2,clustered,service_sigma_0.2,HC_LI,126,1843,20987513,167.6679518569504,275.6356275965428
7,5,5,2,clustered,service_sigma_0.2,HC_LI,127,1437,20987513,201.7009508637669,285.1534100602269
7,5,5,2,clustered,service_sigma_0.2,HC_LI,128,2448,20987513,270.503979536359,415.1038248737352
7,5,5,2,clustered,service_sigma_0.2,HC_LI,129,2982,20987513,188.18339594243253,284.9866818402614
7,5,5,2,clustered,service_sigma_0.2,HC_LI,130,464,20987513,177.9263213426284,311.95643277263656
7,5,5,2,clustered,service_sigma_0.2,HC_LI,131,1630,20987513,203.9027582260955,300.6994087377551
7,5,5,2,clustered,service_sigma_0.2,HC_LI,132,1232,20987513,184.23422275390877,323.8575279620786
7,5,5,2,clustered,service_sigma_0.2,HC_LI,133,10,20987513,182.25456690256163,288.23468536686164
7,5,5,2,clustered,service_sigma_0.2,HC_LI,134,1560,20987513,228.26124497142257,301.9863971837479
7,5,5,2,clustered,service_sigma_0.2,HC_LI,135,2508,20987513,206.74190187412106,332.9517889176595
7,5,5,2,clustered,service_sigma_0.2,HC_LI,136,2867,20987513,199.1253266916645,313.28579561498196
7,5,5,2,clustered,service_sigma_0.2,HC_LI,137,418,20987513,219.61165739994402,352.97339452652704
7,5,5,2,clustered,service_sigma_0.2,HC_LI,138,2961,20987513,191.2328091473037,335.2501235881876
7,5,5,2,clustered,service_sigma_0.2,HC_LI,139,131,20987513,184.21960578406464,301.4815558404664
7,5,5,2,clustered,service_sigma_0.2,HC_LI,140,1935,20987513,203.92173919614652,305.7707552105417
7,5,5,2,clustered,service_sigma_0.2,HC_LI,141,735,20987513,229.67507854334974,390.78166040724346
7,5,5,2,clustered,service_sigma_0.2,HC_LI,142,2145,20987513,147.37977266726628,235.6656856928034
7,5,5,2,clustered,service_sigma_0.2,HC_LI,143,2064,20987513,185.55707313090699,298.6034995390405
7,5,5,2,clustered,service_sigma_0.2,HC_LI,144,2784,20987513,179.00340172284416,232.93632494193875
7,5,5,2,clustered,service_sigma_0.2,HC_LI,145,735,20987513,228.4289858876401,383.43807281450154
7,5,5,2,clustered,service_sigma_0.2,HC_LI,146,858,20987513,180.91085293246246,314.65726341297625
7,5,5,2,clustered,service_sigma_0.2,HC_LI,147,257,20987513,221.70308260592284,348.62527626501145
7,5,5,2,clustered,service_sigma_0.2,HC_LI,148,2449,20987513,165.68473308015763,278.0804580028314
7,5,5,2,clustered,service_sigma_0.2,HC_LI,149,1412,20987513,188.03186665095373,313.2255386572015
7,5,5,2,clustered,service_sigma_0.2,HC_LI,150,1192,20987513,181.95092633827787,367.5294687368242
7,5,5,2,clustered,service_sigma_0.2,HC_LI,151,23,20987513,209.1393358951188,356.96167583674287
7,5,5,2,clustered,service_sigma_0.2,HC_LI,152,1211,20987513,206.10092968051936,342.6644145777003
7,5,5,2,clustered,service_sigma_0.2,HC_LI,153,2175,20987513,188.6646892479579,323.85211529832026
7,5,5,2,clustered,service_sigma_0.2,HC_LI,154,2394,20987513,184.068854089032,330.47369002987625
7,5,5,2,clustered,service_sigma_0.2,HC_LI,155,858,20987513,186.7907924629678,322.65140077433927
7,5,5,2,clustered,service_sigma_0.2,HC_LI,156,2749,20987513,205.53742664093355,358.336871289176
7,5,5,2,clustered,service_sigma_0.2,HC_LI,157,1699,20987513,181.8726229335588,320.8868033400946
7,5,5,2,clustered,service_sigma_0.2,HC_LI,158,1924,20987513,194.2796610106184,326.5679563567753
7,5,5,2,clustered,service_sigma_0.2,HC_LI,159,1658,20987513,202.18976963218904,281.49410831706234
7,5,5,2,clustered,service_sigma_0.2,HC_LI,160,2636,20987513,201.72038832583127,259.8277410810308
7,5,5,2,clustered,service_sigma_0.2,HC_LI,161,2636,20987513,179.71699433900807,280.8478232282575
7,5,5,2,clustered,service_sigma_0.2,HC_LI,162,2190,20987513,183.6434234236738,307.3972835943082
7,5,5,2,clustered,service_sigma_0.2,HC_LI,163,2055,20987513,232.05413374722076,291.1343928431289
7,5,5,2,clustered,service_sigma_0.2,HC_LI,164,1958,20987513,194.6702664261623,307.8133669525078
7,5,5,2,clustered,service_sigma_0.2,HC_LI,165,206,20987513,227.82272297734653,354.1348124601789
7,5,5,2,clustered,service_sigma_0.2,HC_LI,166,914,20987513,157.38328918643998,297.1765113283549
7,5,5,2,clustered,service_sigma_0.2,HC_LI,167,2369,20987513,215.43473820981413,347.2552429746068
7,5,5,2,clustered,service_sigma_0.2,HC_LI,168,2862,20987513,166.85932543821914,294.4405463903624
7,5,5,2,clustered,service_sigma_0.2,HC_LI,169,113,20987513,189.68758394338087,329.59005760820196
7,5,5,2,clustered,service_sigma_0.2,HC_LI,170,636,20987513,203.79923290820847,317.3331093450477
7,5,5,2,clustered,service_sigma_0.2,HC_LI,171,1957,20987513,195.5835263136628,284.1278174617211
7,5,5,2,clustered,service_sigma_0.2,HC_LI,172,1498,20987513,198.20122965895393,312.62463355754403
7,5,5,2,clustered,service_sigma_0.2,HC_LI,173,2079,20987513,225.38182743832297,326.2865086562512
7,5,5,2,clustered,service_sigma_0.2,HC_LI,174,1517,20987513,191.5015237834194,286.65127083536527
7,5,5,2,clustered,service_sigma_0.2,HC_LI,175,1658,20987513,204.59444074612742,267.9636933366314
7,5,5,2,clustered,service_sigma_0.2,HC_LI,176,74,20987513,185.0246800644976,324.42450273444325
7,5,5,2,clustered,service_sigma_0.2,HC_LI,177,1315,20987513,219.3362514295535,339.8306857338795
7,5,5,2,clustered,service_sigma_0.2,HC_LI,178,1232,20987513,186.08228140272942,326.24819159535775
7,5,5,2,clustered,service_sigma_0.2,HC_LI,179,2145,20987513,125.38143903267742,227.47614763195767
7,5,5,2,clustered,service_sigma_0.2,HC_LI,180,1958,20987513,215.84125251479963,314.3389824370057
7,5,5,2,clustered,service_sigma_0.2,HC_LI,181,2269,20987513,197.54753564241057,215.48514836931923
7,5,5,2,clustered,service_sigma_0.2,HC_LI,182,1958,20987513,203.94924188075044,313.3355890722445
7,5,5,2,clustered,service_sigma_0.2,HC_LI,183,2119,20987513,209.26524845630524,362.1615000912465
7,5,5,2,clustered,service_sigma_0.2,HC_LI,184,1072,20987513,214.22608987786455,272.5476687224485
7,5,5,2,clustered,service_sigma_0.2,HC_LI,185,1678,20987513,160.75683133228912,251.57251446134885
7,5,5,2,clustered,service_sigma_0.2,HC_LI,186,2502,20987513,206.1193371431416,328.2084953068695
7,5,5,2,clustered,service_sigma_0.2,HC_LI,187,704,20987513,202.40278447321057,314.4531195734335
7,5,5,2,clustered,service_sigma_0.2,HC_LI,188,724,20987513,239.75959162068892,367.798561132369
7,5,5,2,clustered,service_sigma_0.2,HC_LI,189,2794,20987513,187.8461809301264,315.31528844541
7,5,5,2,clustered,service_sigma_0.2,HC_LI,190,1085,20987513,190.63374380174065,320.9089190005323
7,5,5,2,clustered,service_sigma_0.2,HC_LI,191,1700,20987513,177.56684433227426,293.89229716520794
7,5,5,2,clustered,service_sigma_0.2,HC_LI,192,2916,20987513,255.78113308956853,384.62440305187937
7,5,5,2,clustered,service_sigma_0.2,HC_LI,193,770,20987513,238.53420511790273,363.5407944844406
7,5,5,2,clustered,service_sigma_0.2,HC_LI,194,1279,20987513,212.1949625896355,322.0270785703739
7,5,5,2,clustered,service_sigma_0.2,HC_LI,195,674,20987513,199.41522154095807,351.43158428586594
7,5,5,2,clustered,service_sigma_0.2,HC_LI,196,2066,20987513,219.6193281566416,306.6682830083906
7,5,5,2,clustered,service_sigma_0.2,HC_LI,197,2531,20987513,169.8689739961455,300.44609083323695
7,5,5,2,clustered,service_sigma_0.2,HC_LI,198,1864,20987513,202.6236010171075,284.53861807380275
7,5,5,2,clustered,service_sigma_0.2,HC_LI,199,509,20987513,180.89767340100374,358.11923871592586
7,5,5,2,clustered,service_sigma_0.2,LC_HI,0,1885,20987513,145.4039277955137,236.43888627018987
7,5,5,2,clustered,service_sigma_0.2,LC_HI,1,1736,20987513,157.5849712268277,239.82909677393647
7,5,5,2,clustered,service_sigma_0.2,LC_HI,2,1992,20987513,176.7288950478157,195.46477968428897
7,5,5,2,clustered,service_sigma_0.2,LC_HI,3,2844,20987513,177.0797859272997,183.47724997366865
7,5,5,2,clustered,service_sigma_0.2,LC_HI,4,2721,20987513,166.18749176095824,236.89589321441633
7,5,5,2,clustered,service_sigma_0.2,LC_HI,5,304,20987513,153.17667055416953,273.9158247542591
7,5,5,2,clustered,service_sigma_0.2,LC_HI,6,2812,20987513,193.51843955315775,257.5189833562297
7,5,5,2,clustered,service_sigma_0.2,LC_HI,7,204,20987513,143.14013752314654,240.1248832602676
7,5,5,2,clustered,service_sigma_0.2,LC_HI,8,2713,20987513,163.45306893253218,207.5647377572174
7,5,5,2,clustered,service_sigma_0.2,LC_HI,9,407,20987513,141.35968950959816,230.04666082977621
7,5,5,2,clustered,service_sigma_0.2,LC_HI,10,616,20987513,159.00599202719542,266.91347752022733
7,5,5,2,clustered,service_sigma_0.2,LC_HI,11,282,20987513,125.63656285179947,187.39029717820875
7,5,5,2,clustered,service_sigma_0.2,LC_HI,12,1033,20987513,161.4342354352624,212.01280781464828
7,5,5,2,clustered,service_sigma_0.2,LC_HI,13,2128,20987513,147.23701515481392,207.3137241388815
7,5,5,2,clustered,service_sigma_0.2,LC_HI,14,2222,20987513,201.99716984623052,228.74732663629342
7,5,5,2,clustered,service_sigma_0.2,LC_HI,15,2069,20987513,184.56897021069997,373.2813208498585
7,5,5,2,clustered,service_sigma_0.2,LC_HI,16,2779,20987513,161.7397387870108,169.0304649756425
7,5,5,2,clustered,service_sigma_0.2,LC_HI,17,1242,20987513,199.00093559099787,228.92436418222573
7,5,5,2,clustered,service_sigma_0.2,LC_HI,18,2244,20987513,179.9075660514434,257.8764884919868
7,5,5,2,clustered,service_sigma_0.2,LC_HI,19,2494,20987513,153.00108860433346,215.36902351439704
7,5,5,2,clustered,service_sigma_0.2,LC_HI,20,1933,20987513,153.60320733970724,210.66975336188614
7,5,5,2,clustered,service_sigma_0.2,LC_HI,21,842,20987513,179.09834862259268,246.74107334434464
7,5,5,2,clustered,service_sigma_0.2,LC_HI,22,1218,20987513,181.27055587357964,206.42912059023502
7,5,5,2,clustered,service_sigma_0.2,LC_HI,23,690,20987513,122.99732911264395,201.92214524149563
7,5,5,2,clustered,service_sigma_0.2,LC_HI,24,2776,20987513,128.49660119830003,219.03284633462476
7,5,5,2,clustered,service_sigma_0.2,LC_HI,25,2202,20987513,151.81376358705174,227.80911574972777
7,5,5,2,clustered,service_sigma_0.2,LC_HI,26,2219,20987513,156.11456514176382,311.40313924754844
7,5,5,2,clustered,service_sigma_0.2,LC_HI,27,2464,20987513,195.18528886869888,258.88985154818863
7,5,5,2,clustered,service_sigma_0.2,LC_HI,28,1966,20987513,160.8291358665672,256.229773064219
7,5,5,2,clustered,service_sigma_0.2,LC_HI,29,2464,20987513,194.676910957223,196.22638948566285
7,5,5,2,clustered,service_sigma_0.2,LC_HI,30,1322,20987513,184.26545924741788,263.87260577394966
7,5,5,2,clustered,service_sigma_0.2,LC_HI,31,2299,20987513,177.59337969461632,270.9602079890684
7,5,5,2,clustered,service_sigma_0.2,LC_HI,32,2464,20987513,189.0395845803513,243.5040848353908
7,5,5,2,clustered,service_sigma_0.2,LC_HI,33,2641,20987513,190.89432311832323,323.50826196013304
7,5,5,2,clustered,service_sigma_0.2,LC_HI,34,1513,20987513,181.3919443825414,237.25814985020455
7,5,5,2,clustered,service_sigma_0.2,LC_HI,35,294,20987513,152.53449467975202,185.8074822079059
7,5,5,2,clustered,service_sigma_0.2,LC_HI,36,1218,20987513,162.05039493657972,190.29249627151987
7,5,5,2,clustered,service_sigma_0.2,LC_HI,37,1352,20987513,132.6768855160757,209.17992744416281
7,5,5,2,clustered,service_sigma_0.2,LC_HI,38,2488,20987513,180.0952610012781,211.860113664737
7,5,5,2,clustered,service_sigma_0.2,LC_HI,39,2744,20987513,181.9053320471248,269.4125952119417
7,5,5,2,clustered,service_sigma_0.2,LC_HI,40,472,20987513,183.7374000929016,296.5728151939417
7,5,5,2,clustered,service_sigma_0.2,LC_HI,41,1322,20987513,187.29343999569113,264.37402278166655
7,5,5,2,clustered,service_sigma_0.2,LC_HI,42,2031,20987513,120.68457389612941,195.12272798085232
7,5,5,2,clustered,service_sigma_0.2,LC_HI,43,207,20987513,162.4931508071573,264.0706089568854
7,5,5,2,clustered,service_sigma_0.2,LC_HI,44,2880,20987513,188.9007001741876,265.1683752026166
7,5,5,2,clustered,service_sigma_0.2,LC_HI,45,2841,20987513,148.2747745705925,254.22113786096617
7,5,5,2,clustered,service_sigma_0.2,LC_HI,46,2474,20987513,189.10003009578392,215.96118540077887
7,5,5,2,clustered,service_sigma_0.2,LC_HI,47,174,20987513,159.00506172091727,208.64941632247903
7,5,5,2,clustered,service_sigma_0.2,LC_HI,48,1472,20987513,136.94095613502228,196.9106480304649
7,5,5,2,clustered,service_sigma_0.2,LC_HI,49,98,20987513,154.13756518795773,225.98999407966528
7,5,5,2,clustered,service_sigma_0.2,LC_HI,50,1459,20987513,132.70182772805384,245.26131861870635
7,5,5,2,clustered,service_sigma_0.2,LC_HI,51,2990,20987513,166.09938023837182,244.67128925095216
7,5,5,2,clustered,service_sigma_0.2,LC_HI,52,112,20987513,160.9416629168249,259.12943463914246
7,5,5,2,clustered,service_sigma_0.2,LC_HI,53,2562,20987513,184.75328301633107,214.26277837830384
7,5,5,2,clustered,service_sigma_0.2,LC_HI,54,1218,20987513,177.17766720160313,209.09077256385137
7,5,5,2,clustered,service_sigma_0.2,LC_HI,55,1567,20987513,152.95066873656086,191.95998144827232
7,5,5,2,clustered,service_sigma_0.2,LC_HI,56,1908,20987513,153.88535655468158,234.9595307745342
7,5,5,2,clustered,service_sigma_0.2,LC_HI,57,2464,20987513,188.7885796007069,213.56797251789197
7,5,5,2,clustered,service_sigma_0.2,LC_HI,58,2836,20987513,137.42901588909564,207.46353887900324
7,5,5,2,clustered,service_sigma_0.2,LC_HI,59,843,20987513,160.44732040468008,230.6512836782852
7,5,5,2,clustered,service_sigma_0.2,LC_HI,60,2997,20987513,202.45367614954233,247.79934435143252
7,5,5,2,clustered,service_sigma_0.2,LC_HI,61,1365,20987513,181.37826202499642,263.50718091280964
7,5,5,2,clustered,service_sigma_0.2,LC_HI,62,2043,20987513,164.96229658052692,270.48347020845637
7,5,5,2,clustered,service_sigma_0.2,LC_HI,63,2297,20987513,138.22334037139598,255.79567722941252
7,5,5,2,clustered,service_sigma_0.2,LC_HI,64,2958,20987513,180.12374477186108,240.86295939406025
7,5,5,2,clustered,service_sigma_0.2,LC_HI,65,59,20987513,116.89013142869601,157.9893303845097
7,5,5,2,clustered,service_sigma_0.2,LC_HI,66,1876,20987513,195.16050666370947,293.826607494706
7,5,5,2,clustered,service_sigma_0.2,LC_HI,67,151,20987513,184.5539080790291,292.94050442358935
7,5,5,2,clustered,service_sigma_0.2,LC_HI,68,162,20987513,174.01049865493195,261.0786764961202
7,5,5,2,clustered,service_sigma_0.2,LC_HI,69,2562,20987513,196.11941981208827,227.5276043144397
7,5,5,2,clustered,service_sigma_0.2,LC_HI,70,2562,20987513,180.69686336535824,258.07232421210404
7,5,5,2,clustered,service_sigma_0.2,LC_HI,71,513,20987513,134.48363155495986,220.02701007865318
7,5,5,2,clustered,service_sigma_0.2,LC_HI,72,304,20987513,153.72275172182023,284.16472353883813
7,5,5,2,clustered,service_sigma_0.2,LC_HI,73,1850,20987513,172.94003836088092,256.1424257840312
7,5,5,2,clustered,service_sigma_0.2,LC_HI,74,1777,20987513,141.43612938943238,183.09021036942684
7,5,5,2,clustered,service_sigma_0.2,LC_HI,75,2279,20987513,156.66709345740543,216.12472781838125
7,5,5,2,clustered,service_sigma_0.2,LC_HI,76,1567,20987513,153.96888680895222,192.67068544127594
7,5,5,2,clustered,service_sigma_0.2,LC_HI,77,2494,20987513,173.62654100519782,214.41809053634967
7,5,5,2,clustered,service_sigma_0.2,LC_HI,78,749,20987513,135.60904504614285,249.64909254482015
7,5,5,2,clustered,service_sigma_0.2,LC_HI,79,475,20987513,142.68428059516972,205.88508211339544
7,5,5,2,clustered,service_sigma_0.2,LC_HI,80,2443,20987513,179.8325848477229,292.19253647946084
7,5,5,2,clustered,service_sigma_0.2,LC_HI,81,1815,20987513,155.62747509177404,230.85884412308803
7,5,5,2,clustered,service_sigma_0.2,LC_HI,82,1668,20987513,178.16660181345142,253.8390267551581
7,5,5,2,clustered,service_sigma_0.2,LC_HI,83,1908,20987513,153.39858906892687,218.08083907351684
7,5,5,2,clustered,service_sigma_0.2,LC_HI,84,842,20987513,167.30921800570735,265.4878669836803
7,5,5,2,clustered,service_sigma_0.2,LC_HI,85,2880,20987513,200.95800492640885,255.58661491996767
7,5,5,2,clustered,service_sigma_0.2,LC_HI,86,1472,20987513,138.72355970674707,215.1377360137857
7,5,5,2,clustered,service_sigma_0.2,LC_HI,87,2464,20987513,181.92443412230028,247.75003768233063
7,5,5,2,clustered,service_sigma_0.2,LC_HI,88,1242,20987513,167.0709310353034,215.86762341948756
7,5,5,2,clustered,service_sigma_0.2,LC_HI,89,566,20987513,154.90548384879213,199.32422485607123
7,5,5,2,clustered,service_sigma_0.2,LC_HI,90,1504,20987513,190.31596747474623,266.8493742311228
7,5,5,2,clustered,service_sigma_0.2,LC_HI,91,2142,20987513,183.23731140632893,276.85831840608654
7,5,5,2,clustered,service_sigma_0.2,LC_HI,92,842,20987513,180.36432335494683,245.15801277219308
7,5,5,2,clustered,service_sigma_0.2,LC_HI,93,415,20987513,122.15104875558497,209.76465571457635
7,5,5,2,clustered,service_sigma_0.2,LC_HI,94,2524,20987513,191.2163500702444,258.3583653470271
7,5,5,2,clustered,service_sigma_0.2,LC_HI,95,2620,20987513,154.62639636979938,256.3651253512065
7,5,5,2,clustered,service_sigma_0.2,LC_HI,96,1945,20987513,124.45810731963189,181.78199275615125
7,5,5,2,clustered,service_sigma_0.2,LC_HI,97,2427,20987513,143.4512408961583,221.18774051105737
7,5,5,2,clustered,service_sigma_0.2,LC_HI,98,1668,20987513,177.46320500947468,230.266074670336
7,5,5,2,clustered,service_sigma_0.2,LC_HI,99,2069,20987513,177.71880673376924,384.7736231109487
7,5,5,2,clustered,service_sigma_0.2,LC_HI,100,2779,20987513,153.9087189462245,155.15530856061562
7,5,5,2,clustered,service_sigma_0.2,LC_HI,101,1791,20987513,221.508776342013,286.33049886715935
7,5,5,2,clustered,service_sigma_0.2,LC_HI,102,2222,20987513,197.53959928936325,217.4998081062572
7,5,5,2,clustered,service_sigma_0.2,LC_HI,103,1229,20987513,173.78115379640423,238.57107547000305
7,5,5,2,clustered,service_sigma_0.2,LC_HI,104,1751,20987513,133.51872194429842,219.1897629615382
7,5,5,2,clustered,service_sigma_0.2,LC_HI,105,808,20987513,141.01453020373214,219.14580564055848
7,5,5,2,clustered,service_sigma_0.2,LC_HI,106,2776,20987513,114.62302013924057,182.45435350709508
7,5,5,2,clustered,service_sigma_0.2,LC_HI,107,926,20987513,164.1480651493384,248.08601876687587
7,5,5,2,clustered,service_sigma_0.2,LC_HI,108,304,20987513,174.6859837957932,257.7761871890465
7,5,5,2,clustered,service_sigma_0.2,LC_HI,109,2714,20987513,209.35820145264825,246.92263819385752
7,5,5,2,clustered,service_sigma_0.2,LC_HI,110,680,20987513,167.52390896083287,260.31169433674575
7,5,5,2,clustered,service_sigma_0.2,LC_HI,111,579,20987513,165.1299951541121,228.93238056404223
7,5,5,2,clustered,service_sigma_0.2,LC_HI,112,1899,20987513,176.53009307173372,258.67843193200594
7,5,5,2,clustered,service_sigma_0.2,LC_HI,113,2198,20987513,199.61074545745032,294.332930755594
7,5,5,2,clustered,service_sigma_0.2,LC_HI,114,1718,20987513,167.5632081608966,273.01705217077597
7,5,5,2,clustered,service_sigma_0.2,LC_HI,115,68,20987513,137.44896030753793,210.9477942917417
7,5,5,2,clustered,service_sigma_0.2,LC_HI,116,1429,20987513,139.54219268762702,174.50524482271626
7,5,5,2,clustered,service_sigma_0.2,LC_HI,117,1862,20987513,186.82401670627078,295.07141620274524
7,5,5,2,clustered,service_sigma_0.2,LC_HI,118,112,20987513,167.3262095224396,258.69531460999855
7,5,5,2,clustered,service_sigma_0.2,LC_HI,119,1025,20987513,170.4097303620144,241.04132722256213
7,5,5,2,clustered,service_sigma_0.2,LC_HI,120,2611,20987513,156.09559235432167,216.25295435451048
7,5,5,2,clustered,service_sigma_0.2,LC_HI,121,1668,20987513,178.3122901109369,301.81721304459063
7,5,5,2,clustered,service_sigma_0.2,LC_HI,122,1567,20987513,154.50382614242673,192.65060459112405
7,5,5,2,clustered,service_sigma_0.2,LC_HI,123,1614,20987513,153.6676840614365,231.7835702806406
7,5,5,2,clustered,service_sigma_0.2,LC_HI,124,2417,20987513,143.19841059863285,212.18658893976857
7,5,5,2,clustered,service_sigma_0.2,LC_HI,125,843,20987513,143.84199956033447,219.88195134769248
7,5,5,2,clustered,service_sigma_0.2,LC_HI,126,1253,20987513,173.8295607683032,236.30796392028205
7,5,5,2,clustered,service_sigma_0.2,LC_HI,127,1218,20987513,171.631079662834,183.2794164867596
7,5,5,2,clustered,service_sigma_0.2,LC_HI,128,1293,20987513,168.3013420757165,273.36619851857324
7,5,5,2,clustered,service_sigma_0.2,LC_HI,129,1229,20987513,164.43457791929129,237.13399810514866
7,5,5,2,clustered,service_sigma_0.2,LC_HI,130,2524,20987513,191.1256130588401,270.5828802541524
7,5,5,2,clustered,service_sigma_0.2,LC_HI,131,2586,20987513,138.12694055442154,195.66073589280612
7,5,5,2,clustered,service_sigma_0.2,LC_HI,132,1810,20987513,180.70771931517598,279.33852778848427
7,5,5,2,clustered,service_sigma_0.2,LC_HI,133,1441,20987513,164.89582643223625,238.63172144099977
7,5,5,2,clustered,service_sigma_0.2,LC_HI,134,871,20987513,141.6649534403131,225.35474960588135
7,5,5,2,clustered,service_sigma_0.2,LC_HI,135,1810,20987513,176.62552142687878,267.308254224736
7,5,5,2,clustered,service_sigma_0.2,LC_HI,136,2597,20987513,168.3993924319562,290.7646959139374
7,5,5,2,clustered,service_sigma_0.2,LC_HI,137,2713,20987513,166.10163072660873,194.19685871469565
7,5,5,2,clustered,service_sigma_0.2,LC_HI,138,1256,20987513,165.75549293600224,226.88919757468736
7,5,5,2,clustered,service_sigma_0.2,LC_HI,139,68,20987513,149.1398757803375,221.3078471536775
7,5,5,2,clustered,service_sigma_0.2,LC_HI,140,572,20987513,194.9582148983267,200.25965991313245
7,5,5,2,clustered,service_sigma_0.2,LC_HI,141,1025,20987513,188.39444082618687,187.03602153302805
7,5,5,2,clustered,service_sigma_0.2,LC_HI,142,790,20987513,176.28673373303593,266.982638783776
7,5,5,2,clustered,service_sigma_0.2,LC_HI,143,652,20987513,180.32421307479905,296.82152004256636
7,5,5,2,clustered,service_sigma_0.2,LC_HI,144,1399,20987513,165.02556256498386,228.8903257765939
7,5,5,2,clustered,service_sigma_0.2,LC_HI,145,446,20987513,156.25555515695643,197.05027620088657
7,5,5,2,clustered,service_sigma_0.2,LC_HI,146,1992,20987513,175.95291322106314,199.57948795435462
7,5,5,2,clustered,service_sigma_0.2,LC_HI,147,1225,20987513,166.99315175964193,273.90138502536877
7,5,5,2,clustered,service_sigma_0.2,LC_HI,148,1459,20987513,118.89665865700312,240.38001580675922
7,5,5,2,clustered,service_sigma_0.2,LC_HI,149,1293,20987513,145.26837126693758,262.9696207668587
7,5,5,2,clustered,service_sigma_0.2,LC_HI,150,2769,20987513,220.41925205774464,215.11460229120775
7,5,5,2,clustered,service_sigma_0.2,LC_HI,151,2443,20987513,180.61699198911955,294.1240319822788
7,5,5,2,clustered,service_sigma_0.2,LC_HI,152,1872,20987513,198.898069327564,259.2645753509725
7,5,5,2,clustered,service_sigma_0.2,LC_HI,153,1459,20987513,138.352907216019,265.788485374093
7,5,5,2,clustered,service_sigma_0.2,LC_HI,154,2556,20987513,171.15467196724404,231.48115672798394
7,5,5,2,clustered,service_sigma_0.2,LC_HI,155,2965,20987513,189.24159262712593,331.1116588174659
7,5,5,2,clustered,service_sigma_0.2,LC_HI,156,539,20987513,172.84068836197036,203.98527079682842
7,5,5,2,clustered,service_sigma_0.2,LC_HI,157,2812,20987513,194.44365026784035,280.8857257704105
7,5,5,2,clustered,service_sigma_0.2,LC_HI,158,926,20987513,175.31204403421816,222.40722824164973
7,5,5,2,clustered,service_sigma_0.2,LC_HI,159,514,20987513,188.07917798965354,286.5258440927212
7,5,5,2,clustered,service_sigma_0.2,LC_HI,160,2494,20987513,137.65611607255343,216.9031731594777
7,5,5,2,clustered,service_sigma_0.2,LC_HI,161,2908,20987513,187.0710421140581,259.6288633308722
7,5,5,2,clustered,service_sigma_0.2,LC_HI,162,2861,20987513,199.71428980704425,255.8127418851563
7,5,5,2,clustered,service_sigma_0.2,LC_HI,163,2279,20987513,152.71609479027023,258.0581809773159
7,5,5,2,clustered,service_sigma_0.2,LC_HI,164,572,20987513,194.21785424614447,203.92653723793444
7,5,5,2,clustered,service_sigma_0.2,LC_HI,165,1899,20987513,186.02308058948304,253.4502991072556
7,5,5,2,clustered,service_sigma_0.2,LC_HI,166,1410,20987513,160.99479379033383,246.7933452328511
7,5,5,2,clustered,service_sigma_0.2,LC_HI,167,2362,20987513,118.3243061385707,239.46654836963486
7,5,5,2,clustered,service_sigma_0.2,LC_HI,168,166,20987513,220.6430673668329,265.1919223336692
7,5,5,2,clustered,service_sigma_0.2,LC_HI,169,1579,20987513,194.68825775952274,262.9748727088352
7,5,5,2,clustered,service_sigma_0.2,LC_HI,170,2417,20987513,167.55226675826373,244.9304089224251
7,5,5,2,clustered,service_sigma_0.2,LC_HI,171,1878,20987513,144.8894117592116,159.9181282285568
7,5,5,2,clustered,service_sigma_0.2,LC_HI,172,2098,20987513,207.32183190526706,275.40200712379806
7,5,5,2,clustered,service_sigma_0.2,LC_HI,173,415,20987513,124.77422049520764,211.00072579652553
7,5,5,2,clustered,service_sigma_0.2,LC_HI,174,1684,20987513,180.97802397570734,222.15462127774762
7,5,5,2,clustered,service_sigma_0.2,LC_HI,175,2297,20987513,134.35428197449164,253.39612660166398
7,5,5,2,clustered,service_sigma_0.2,LC_HI,176,0,20987513,164.02447480081224,251.9889295377497
7,5,5,2,clustered,service_sigma_0.2,LC_HI,177,52,20987513,182.9483266451653,213.75607346861193
7,5,5,2,clustered,service_sigma_0.2,LC_HI,178,1736,20987513,152.01032267997212,231.30824579345176
7,5,5,2,clustered,service_sigma_0.2,LC_HI,179,2455,20987513,172.82128477577695,241.42165545566118
7,5,5,2,clustered,service_sigma_0.2,LC_HI,180,1992,20987513,176.57733188024775,204.2345225831112
7,5,5,2,clustered,service_sigma_0.2,LC_HI,181,151,20987513,186.22621878267344,290.83142067661066
7,5,5,2,clustered,service_sigma_0.2,LC_HI,182,444,20987513,205.25393780374912,310.1331707435429
7,5,5,2,clustered,service_sigma_0.2,LC_HI,183,2098,20987513,220.29732381133476,253.85376291870796
7,5,5,2,clustered,service_sigma_0.2,LC_HI,184,559,20987513,146.57159734348292,218.0938608373261
7,5,5,2,clustered,service_sigma_0.2,LC_HI,185,2097,20987513,154.08717814518522,232.19012097418283
7,5,5,2,clustered,service_sigma_0.2,LC_HI,186,495,20987513,198.2147051598527,264.7304572699913
7,5,5,2,clustered,service_sigma_0.2,LC_HI,187,1885,20987513,123.78238666275166,230.46949848459928
7,5,5,2,clustered,service_sigma_0.2,LC_HI,188,1218,20987513,154.2863415523487,164.93141860858083
7,5,5,2,clustered,service_sigma_0.2,LC_HI,189,926,20987513,152.78863157656892,270.8934301227364
7,5,5,2,clustered,service_sigma_0.2,LC_HI,190,1945,20987513,141.0303202421806,187.91217908457264
7,5,5,2,clustered,service_sigma_0.2,LC_HI,191,2870,20987513,169.4396035969182,270.5647847512133
7,5,5,2,clustered,service_sigma_0.2,LC_HI,192,2812,20987513,196.94489599055296,245.01915032547214
7,5,5,2,clustered,service_sigma_0.2,LC_HI,193,2362,20987513,122.02059942087283,237.45058695376963
7,5,5,2,clustered,service_sigma_0.2,LC_HI,194,162,20987513,180.76478041481022,258.60092997728975
7,5,5,2,clustered,service_sigma_0.2,LC_HI,195,1791,20987513,208.5334850165084,277.44800919775736
7,5,5,2,clustered,service_sigma_0.2,LC_HI,196,1105,20987513,147.7582469894315,186.05042258076878
7,5,5,2,clustered,service_sigma_0.2,LC_HI,197,2494,20987513,159.3888147367362,215.8679240459727
7,5,5,2,clustered,service_sigma_0.2,LC_HI,198,191,20987513,223.33872416506085,280.6692330128433
7,5,5,2,clustered,service_sigma_0.2,LC_HI,199,446,20987513,174.36264868525384,220.71537370410607
7,5,5,2,clustered,service_sigma_0.2,LC_LI,0,795,20987513,160.5129238708669,244.39937718738202
7,5,5,2,clustered,service_sigma_0.2,LC_LI,1,654,20987513,155.7848612500296,277.03546633516777
7,5,5,2,clustered,service_sigma_0.2,LC_LI,2,336,20987513,169.86924036103622,271.93094447643205
7,5,5,2,clustered,service_sigma_0.2,LC_LI,3,722,20987513,170.1102019698296,286.5596764258945
7,5,5,2,clustered,service_sigma_0.2,LC_LI,4,2117,20987513,192.33952781131234,235.22859541285735
7,5,5,2,clustered,service_sigma_0.2,LC_LI,5,1685,20987513,181.1472934720828,320.6296754962733
7,5,5,2,clustered,service_sigma_0.2,LC_LI,6,2300,20987513,162.43076736974987,217.8836167899275
7,5,5,2,clustered,service_sigma_0.2,LC_LI,7,1825,20987513,184.2277136754252,304.0782321134034
7,5,5,2,clustered,service_sigma_0.2,LC_LI,8,605,20987513,154.49167982810218,280.9380674534132
7,5,5,2,clustered,service_sigma_0.2,LC_LI,9,1511,20987513,148.8763841443434,257.05207377515876
7,5,5,2,clustered,service_sigma_0.2,LC_LI,10,476,20987513,158.42959155658326,194.6436903284266
7,5,5,2,clustered,service_sigma_0.2,LC_LI,11,2801,20987513,138.63742765562358,218.64797056876048
7,5,5,2,clustered,service_sigma_0.2,LC_LI,12,1510,20987513,204.00503990059178,268.80285399453004
7,5,5,2,clustered,service_sigma_0.2,LC_LI,13,786,20987513,160.50517274316118,288.4749954315184
7,5,5,2,clustered,service_sigma_0.2,LC_LI,14,177,20987513,133.28866506565942,223.77297991758385
7,5,5,2,clustered,service_sigma_0.2,LC_LI,15,799,20987513,136.11847164031593,186.99671947146922
7,5,5,2,clustered,service_sigma_0.2,LC_LI,16,1271,20987513,175.67769013579593,250.8063063191404
7,5,5,2,clustered,service_sigma_0.2,LC_LI,17,2215,20987513,153.3884995300095,218.11618652682765
7,5,5,2,clustered,service_sigma_0.2,LC_LI,18,1788,20987513,220.29067931985398,316.89823823195974
7,5,5,2,clustered,service_sigma_0.2,LC_LI,19,449,20987513,153.12506171800155,197.94624220291507
7,5,5,2,clustered,service_sigma_0.2,LC_LI,20,722,20987513,172.63172382264798,294.69575944592515
7,5,5,2,clustered,service_sigma_0.2,LC_LI,21,2117,20987513,208.9474316894346,275.05470676975744
7,5,5,2,clustered,service_sigma_0.2,LC_LI,22,1524,20987513,206.38635798521395,309.13502831284774
7,5,5,2,clustered,service_sigma_0.2,LC_LI,23,1460,20987513,127.76140599578964,230.87934461349647
7,5,5,2,clustered,service_sigma_0.2,LC_LI,24,2303,20987513,159.9920132651985,249.17608392316401
7,5,5,2,clustered,service_sigma_0.2,LC_LI,25,2678,20987513,144.67407652055985,216.58888099944926
7,5,5,2,clustered,service_sigma_0.2,LC_LI,26,2608,20987513,195.61201761778187,308.63529870589343
7,5,5,2,clustered,service_sigma_0.2,LC_LI,27,449,20987513,168.640650113726,195.60229439557835
7,5,5,2,clustered,service_sigma_0.2,LC_LI,28,2682,20987513,121.29566021869175,225.8679333579263
7,5,5,2,clustered,service_sigma_0.2,LC_LI,29,1773,20987513,170.58604843528045,233.55735224146193
7,5,5,2,clustered,service_sigma_0.2,LC_LI,30,630,20987513,145.89420960640578,229.52734664318845
7,5,5,2,clustered,service_sigma_0.2,LC_LI,31,796,20987513,149.57034283527804,212.11555567036714
7,5,5,2,clustered,service_sigma_0.2,LC_LI,32,1172,20987513,183.93847251975092,325.29952015027663
7,5,5,2,clustered,service_sigma_0.2,LC_LI,33,2925,20987513,163.15350075975007,280.0071090170115
7,5,5,2,clustered,service_sigma_0.2,LC_LI,34,1801,20987513,195.0286564617249,261.8277134263961
7,5,5,2,clustered,service_sigma_0.2,LC_LI,35,854,20987513,204.75418510779025,214.62400650253676
7,5,5,2,clustered,service_sigma_0.2,LC_LI,36,1271,20987513,176.8585913751898,225.29692415818135
7,5,5,2,clustered,service_sigma_0.2,LC_LI,37,2581,20987513,175.28310263359415,224.43773558672288
7,5,5,2,clustered,service_sigma_0.2,LC_LI,38,285,20987513,179.6682220475557,231.6522753635082
7,5,5,2,clustered,service_sigma_0.2,LC_LI,39,2711,20987513,140.570033318376,182.84304289812468
7,5,5,2,clustered,service_sigma_0.2,LC_LI,40,2316,20987513,143.4267879298203,228.52612916314757
7,5,5,2,clustered,service_sigma_0.2,LC_LI,41,1518,20987513,142.25268107085282,262.2379460940324
7,5,5,2,clustered,service_sigma_0.2,LC_LI,42,644,20987513,165.04000514115307,241.3895178127499
7,5,5,2,clustered,service_sigma_0.2,LC_LI,43,661,20987513,225.52458794997352,383.35747633776145
7,5,5,2,clustered,service_sigma_0.2,LC_LI,44,1685,20987513,190.94762007714942,319.3287300891898
7,5,5,2,clustered,service_sigma_0.2,LC_LI,45,2682,20987513,150.5077187817766,177.50957110463625
7,5,5,2,clustered,service_sigma_0.2,LC_LI,46,939,20987513,219.91861738378563,300.2599509331849
7,5,5,2,clustered,service_sigma_0.2,LC_LI,47,985,20987513,203.04551189049346,244.54106900879867
7,5,5,2,clustered,service_sigma_0.2,LC_LI,48,2825,20987513,163.21014779622305,258.76693615602414
7,5,5,2,clustered,service_sigma_0.2,LC_LI,49,869,20987513,151.99405049373388,225.68107322328228
7,5,5,2,clustered,service_sigma_0.2,LC_LI,50,2809,20987513,160.17535776476169,238.7623682328435
7,5,5,2,clustered,service_sigma_0.2,LC_LI,51,200,20987513,190.38389590432706,309.2582008944855
7,5,5,2,clustered,service_sigma_0.2,LC_LI,52,1819,20987513,201.10467697578392,267.5000928301566
7,5,5,2,clustered,service_sigma_0.2,LC_LI,53,1001,20987513,212.35942070408413,300.80217738259705
7,5,5,2,clustered,service_sigma_0.2,LC_LI,54,2782,20987513,180.31680561733026,330.58704361182106
7,5,5,2,clustered,service_sigma_0.2,LC_LI,55,2288,20987513,188.43817275418363,244.62103793860373
7,5,5,2,clustered,service_sigma_0.2,LC_LI,56,2514,20987513,157.65009352120953,323.23156979330014
7,5,5,2,clustered,service_sigma_0.2,LC_LI,57,617,20987513,159.6631857336524,196.6629760302611
7,5,5,2,clustered,service_sigma_0.2,LC_LI,58,2824,20987513,149.96773315942633,204.58302785614757
7,5,5,2,clustered,service_sigma_0.2,LC_LI,59,1467,20987513,204.14305766294044,304.6428120492898
7,5,5,2,clustered,service_sigma_0.2,LC_LI,60,2319,20987513,146.9472271632708,224.36692500053178
7,5,5,2,clustered,service_sigma_0.2,LC_LI,61,776,20987513,169.4079390126942,191.75005534720037
7,5,5,2,clustered,service_sigma_0.2,LC_LI,62,2316,20987513,145.92861863694267,234.45752607372728
7,5,5,2,clustered,service_sigma_0.2,LC_LI,63,2801,20987513,139.77646809506112,219.01992304794652
7,5,5,2,clustered,service_sigma_0.2,LC_LI,64,411,20987513,166.64516703279637,208.9005262163986
7,5,5,2,clustered,service_sigma_0.2,LC_LI,65,2062,20987513,177.0350879032385,308.6768359279493
7,5,5,2,clustered,service_sigma_0.2,LC_LI,66,701,20987513,208.91905890311386,274.84054647241084
7,5,5,2,clustered,service_sigma_0.2,LC_LI,67,336,20987513,155.52566259654333,271.1997309401808
7,5,5,2,clustered,service_sigma_0.2,LC_LI,68,1142,20987513,149.3110742231133,263.12792927971395
7,5,5,2,clustered,service_sigma_0.2,LC_LI,69,2824,20987513,155.13857373459948,207.670398273412
7,5,5,2,clustered,service_sigma_0.2,LC_LI,70,1173,20987513,143.96642497012655,278.5596188667417
7,5,5,2,clustered,service_sigma_0.2,LC_LI,71,1928,20987513,192.89993913669412,227.74188584848753
7,5,5,2,clustered,service_sigma_0.2,LC_LI,72,925,20987513,167.1888672027273,269.1776724419629
7,5,5,2,clustered,service_sigma_0.2,LC_LI,73,1271,20987513,164.73382027498812,227.13602276311443
7,5,5,2,clustered,service_sigma_0.2,LC_LI,74,1801,20987513,194.5271119613196,267.3776667115257
7,5,5,2,clustered,service_sigma_0.2,LC_LI,75,2917,20987513,186.45446589566794,271.78180601993324
7,5,5,2,clustered,service_sigma_0.2,LC_LI,76,1748,20987513,159.25725372948241,257.99916797424845
7,5,5,2,clustered,service_sigma_0.2,LC_LI,77,1962,20987513,179.97511237289567,214.04728193179483
7,5,5,2,clustered,service_sigma_0.2,LC_LI,78,1467,20987513,164.16860944010492,308.2617910123148
7,5,5,2,clustered,service_sigma_0.2,LC_LI,79,723,20987513,164.35904785553106,279.7014629156233
7,5,5,2,clustered,service_sigma_0.2,LC_LI,80,1515,20987513,145.09959446321244,214.9773702263376
7,5,5,2,clustered,service_sigma_0.2,LC_LI,81,2416,20987513,164.92443776384644,259.5115009305292
7,5,5,2,clustered,service_sigma_0.2,LC_LI,82,1286,20987513,190.06253962981174,229.4729168018913
7,5,5,2,clustered,service_sigma_0.2,LC_LI,83,520,20987513,171.02337514238513,269.4027853290625
7,5,5,2,clustered,service_sigma_0.2,LC_LI,84,2923,20987513,170.0487085781558,226.17347770379175
7,5,5,2,clustered,service_sigma_0.2,LC_LI,85,177,20987513,140.08636703891594,226.3663606630211
7,5,5,2,clustered,service_sigma_0.2,LC_LI,86,2551,20987513,196.93529720612895,220.2283676548939
7,5,5,2,clustered,service_sigma_0.2,LC_LI,87,550,20987513,167.72809903678697,295.8930649762042
7,5,5,2,clustered,service_sigma_0.2,LC_LI,88,2215,20987513,148.4624452965355,211.10226787866938
7,5,5,2,clustered,service_sigma_0.2,LC_LI,89,2141,20987513,173.1202002386085,224.29492192404246
7,5,5,2,clustered,service_sigma_0.2,LC_LI,90,2645,20987513,187.26346143208877,285.5939612590933
7,5,5,2,clustered,service_sigma_0.2,LC_LI,91,1286,20987513,187.2472004409112,237.35471710501886
7,5,5,2,clustered,service_sigma_0.2,LC_LI,92,776,20987513,144.5622235098043,174.9105099758117
7,5,5,2,clustered,service_sigma_0.2,LC_LI,93,2300,20987513,129.55059627858898,251.96420556068156
7,5,5,2,clustered,service_sigma_0.2,LC_LI,94,661,20987513,215.42728584767912,362.236081035415
7,5,5,2,clustered,service_sigma_0.2,LC_LI,95,2724,20987513,149.09823005055708,250.06901493243546
7,5,5,2,clustered,service_sigma_0.2,LC_LI,96,404,20987513,167.711208355061,226.23702470377884
7,5,5,2,clustered,service_sigma_0.2,LC_LI,97,722,20987513,172.6523189981648,290.3875160680544
7,5,5,2,clustered,service_sigma_0.2,LC_LI,98,1176,20987513,192.96093990407292,235.81768879858757
7,5,5,2,clustered,service_sigma_0.2,LC_LI,99,1788,20987513,208.05985374851204,316.70889475477554
7,5,5,2,clustered,service_sigma_0.2,LC_LI,100,1928,20987513,168.22619077173408,242.80050157687873
7,5,5,2,clustered,service_sigma_0.2,LC_LI,101,2686,20987513,145.34840389148644,232.9250744191711
7,5,5,2,clustered,service_sigma_0.2,LC_LI,102,371,20987513,205.374907720666,278.8693124096136
7,5,5,2,clustered,service_sigma_0.2,LC_LI,103,2682,20987513,135.39966664098412,176.17901460162216
7,5,5,2,clustered,service_sigma_0.2,LC_LI,104,1918,20987513,147.12870435392412,254.98044160067695
7,5,5,2,clustered,service_sigma_0.2,LC_LI,105,939,20987513,229.91477265745525,299.22868883019447
7,5,5,2,clustered,service_sigma_0.2,LC_LI,106,776,20987513,169.6597491425574,199.45499444942624
7,5,5,2,clustered,service_sigma_0.2,LC_LI,107,1335,20987513,170.56774319854705,218.4466817585309
7,5,5,2,clustered,service_sigma_0.2,LC_LI,108,1288,20987513,127.34699971067384,181.0883062173327
7,5,5,2,clustered,service_sigma_0.2,LC_LI,109,605,20987513,161.9242243044755,278.6593542337859
7,5,5,2,clustered,service_sigma_0.2,LC_LI,110,48,20987513,181.03790990723184,201.10595652283746
7,5,5,2,clustered,service_sigma_0.2,LC_LI,111,1299,20987513,187.3156743315195,233.57114092480262
7,5,5,2,clustered,service_sigma_0.2,LC_LI,112,2824,20987513,153.27512546296077,203.37367313405707
7,5,5,2,clustered,service_sigma_0.2,LC_LI,113,510,20987513,151.2202217742985,257.02899037847413
7,5,5,2,clustered,service_sigma_0.2,LC_LI,114,2809,20987513,177.60983788991922,248.96779012718832
7,5,5,2,clustered,service_sigma_0.2,LC_LI,115,720,20987513,155.05759541863537,272.6839223299285
7,5,5,2,clustered,service_sigma_0.2,LC_LI,116,1825,20987513,167.94995950102088,320.74749292784225
7,5,5,2,clustered,service_sigma_0.2,LC_LI,117,336,20987513,184.07993103530455,266.8029096621233
7,5,5,2,clustered,service_sigma_0.2,LC_LI,118,1001,20987513,180.95817342450647,321.1830732623209
7,5,5,2,clustered,service_sigma_0.2,LC_LI,119,2505,20987513,165.96941983233012,227.7622315393421
7,5,5,2,clustered,service_sigma_0.2,LC_LI,120,2809,20987513,175.04111043276242,239.47439511851758
7,5,5,2,clustered,service_sigma_0.2,LC_LI,121,1515,20987513,154.8483847824191,210.45950644214227
7,5,5,2,clustered,service_sigma_0.2,LC_LI,122,241,20987513,189.4934030388726,155.7422065302208
7,5,5,2,clustered,service_sigma_0.2,LC_LI,123,754,20987513,181.5592821909303,219.88362923604905
7,5,5,2,clustered,service_sigma_0.2,LC_LI,124,2782,20987513,191.57302857744872,270.59725301368127
7,5,5,2,clustered,service_sigma_0.2,LC_LI,125,1142,20987513,150.93906670939242,292.1636118081678
7,5,5,2,clustered,service_sigma_0.2,LC_LI,126,2498,20987513,160.81540068637435,248.87614554397382
7,5,5,2,clustered,service_sigma_0.2,LC_LI,127,1515,20987513,160.96027704532997,279.4372559775975
7,5,5,2,clustered,service_sigma_0.2,LC_LI,128,723,20987513,189.87829945830012,279.5317282321647
7,5,5,2,clustered,service_sigma_0.2,LC_LI,129,2682,20987513,136.93954987964335,179.4519971929374
7,5,5,2,clustered,service_sigma_0.2,LC_LI,130,2686,20987513,144.49925148261906,196.5317341819266
7,5,5,2,clustered,service_sigma_0.2,LC_LI,131,605,20987513,173.2787520295727,280.213275650685
7,5,5,2,clustered,service_sigma_0.2,LC_LI,132,1519,20987513,166.76022164137865,257.1129098238796
7,5,5,2,clustered,service_sigma_0.2,LC_LI,133,676,20987513,189.78628267618998,303.59989150239954
7,5,5,2,clustered,service_sigma_0.2,LC_LI,134,1622,20987513,152.61047404125188,261.53510083759977
7,5,5,2,clustered,service_sigma_0.2,LC_LI,135,1142,20987513,148.6704210495635,276.5225264566286
7,5,5,2,clustered,service_sigma_0.2,LC_LI,136,2515,20987513,182.51711200764933,255.0287466491453
7,5,5,2,clustered,service_sigma_0.2,LC_LI,137,2917,20987513,176.7505295717301,274.25951614102297
7,5,5,2,clustered,service_sigma_0.2,LC_LI,138,1244,20987513,203.21148741927607,232.8719018600517
7,5,5,2,clustered,service_sigma_0.2,LC_LI,139,2968,20987513,143.49824100684617,252.39881879592562
7,5,5,2,clustered,service_sigma_0.2,LC_LI,140,2711,20987513,132.2494209171177,182.85281066661005
7,5,5,2,clustered,service_sigma_0.2,LC_LI,141,2527,20987513,158.078966165854,214.49563835896785
7,5,5,2,clustered,service_sigma_0.2,LC_LI,142,545,20987513,188.95474910844118,256.9076332837818
7,5,5,2,clustered,service_sigma_0.2,LC_LI,143,671,20987513,200.7745157634721,280.19955345932465
7,5,5,2,clustered,service_sigma_0.2,LC_LI,144,510,20987513,175.28790544586582,284.8689353249413
7,5,5,2,clustered,service_sigma_0.2,LC_LI,145,411,20987513,169.08035993112003,205.93249966570053
7,5,5,2,clustered,service_sigma_0.2,LC_LI,146,786,20987513,163.7626784896274,282.45465361959975
7,5,5,2,clustered,service_sigma_0.2,LC_LI,147,48,20987513,171.3757091011796,240.77478546105198
7,5,5,2,clustered,service_sigma_0.2,LC_LI,148,2319,20987513,200.62497507675238,220.86745803859884
7,5,5,2,clustered,service_sigma_0.2,LC_LI,149,2421,20987513,191.9268317671184,245.12088533159556
7,5,5,2,clustered,service_sigma_0.2,LC_LI,150,1259,20987513,202.67051824498685,236.82452237481164
7,5,5,2,clustered,service_sigma_0.2,LC_LI,151,2926,20987513,148.65807154783224,254.2621623093201
7,5,5,2,clustered,service_sigma_0.2,LC_LI,152,1440,20987513,129.5437297143948,202.26688298209407
7,5,5,2,clustered,service_sigma_0.2,LC_LI,153,2373,20987513,202.12930560098405,253.6692239223697
7,5,5,2,clustered,service_sigma_0.2,LC_LI,154,1515,20987513,141.07138262717044,237.69213222941218
7,5,5,2,clustered,service_sigma_0.2,LC_LI,155,1847,20987513,178.9908477442856,268.67553014524697
7,5,5,2,clustered,service_sigma_0.2,LC_LI,156,230,20987513,168.0805490178635,224.20721198704425
7,5,5,2,clustered,service_sigma_0.2,LC_LI,157,630,20987513,152.20299514848995,232.8535423208047
7,5,5,2,clustered,service_sigma_0.2,LC_LI,158,2551,20987513,198.7462912671486,272.6922083752743
7,5,5,2,clustered,service_sigma_0.2,LC_LI,159,2062,20987513,162.1161970800421,297.9422081178722
7,5,5,2,clustered,service_sigma_0.2,LC_LI,160,2711,20987513,139.07084314866188,203.3499081718755
7,5,5,2,clustered,service_sigma_0.2,LC_LI,161,2559,20987513,184.48881499763849,230.3449871188671
7,5,5,2,clustered,service_sigma_0.2,LC_LI,162,365,20987513,159.15428806610996,283.1959759310718
7,5,5,2,clustered,service_sigma_0.2,LC_LI,163,776,20987513,164.49802293973323,202.65153248550064
7,5,5,2,clustered,service_sigma_0.2,LC_LI,164,2319,20987513,146.3033841566783,226.02460353861437
7,5,5,2,clustered,service_sigma_0.2,LC_LI,165,2782,20987513,197.80465431725932,324.40441927831847
7,5,5,2,clustered,service_sigma_0.2,LC_LI,166,500,20987513,165.649225544345,217.02000766175857
7,5,5,2,clustered,service_sigma_0.2,LC_LI,167,1259,20987513,199.81930856336035,233.1812817218201
7,5,5,2,clustered,service_sigma_0.2,LC_LI,168,2477,20987513,174.54059284276437,304.97569574811894
7,5,5,2,clustered,service_sigma_0.2,LC_LI,169,2782,20987513,202.83994911789296,325.5778523667852
7,5,5,2,clustered,service_sigma_0.2,LC_LI,170,720,20987513,154.61765366340924,260.1494641303133
7,5,5,2,clustered,service_sigma_0.2,LC_LI,171,2514,20987513,179.65638289320185,322.4494332579132
7,5,5,2,clustered,service_sigma_0.2,LC_LI,172,500,20987513,140.14700394657643,214.15335338280283
7,5,5,2,clustered,service_sigma_0.2,LC_LI,173,1541,20987513,196.05108381666665,237.46801170917524
7,5,5,2,clustered,service_sigma_0.2,LC_LI,174,545,20987513,216.98691614835366,268.78843714534185
7,5,5,2,clustered,service_sigma_0.2,LC_LI,175,2316,20987513,148.4478773363302,220.79411428018318
7,5,5,2,clustered,service_sigma_0.2,LC_LI,176,1001,20987513,181.49198175215892,329.325746989206
7,5,5,2,clustered,service_sigma_0.2,LC_LI,177,820,20987513,221.40087789610936,297.92020938357604
7,5,5,2,clustered,service_sigma_0.2,LC_LI,178,230,20987513,166.7892120533674,219.39134079129295
7,5,5,2,clustered,service_sigma_0.2,LC_LI,179,241,20987513,187.60170418228782,157.83826350030927
7,5,5,2,clustered,service_sigma_0.2,LC_LI,180,510,20987513,170.7712007433079,264.161221044664
7,5,5,2,clustered,service_sigma_0.2,LC_LI,181,2391,20987513,207.20154978871736,297.6647010594878
7,5,5,2,clustered,service_sigma_0.2,LC_LI,182,295,20987513,190.19978884644794,285.90088350944166
7,5,5,2,clustered,service_sigma_0.2,LC_LI,183,2134,20987513,133.3029438182024,222.9796145927298
7,5,5,2,clustered,service_sigma_0.2,LC_LI,184,2288,20987513,177.07480582633542,250.4662001646877
7,5,5,2,clustered,service_sigma_0.2,LC_LI,185,1286,20987513,222.60740200683423,243.96986749282502
7,5,5,2,clustered,service_sigma_0.2,LC_LI,186,2608,20987513,187.70157161990363,304.6230390771466
7,5,5,2,clustered,service_sigma_0.2,LC_LI,187,796,20987513,133.75071770929412,188.11413481503615
7,5,5,2,clustered,service_sigma_0.2,LC_LI,188,411,20987513,173.84898469092934,204.6886926214936
7,5,5,2,clustered,service_sigma_0.2,LC_LI,189,1299,20987513,176.3405503625738,242.389619436611
7,5,5,2,clustered,service_sigma_0.2,LC_LI,190,1001,20987513,189.8350703501281,315.98656121575993
7,5,5,2,clustered,service_sigma_0.2,LC_LI,191,2724,20987513,146.56361743026912,245.06731351297552
7,5,5,2,clustered,service_sigma_0.2,LC_LI,192,1847,20987513,176.48079170320156,270.644849946224
7,5,5,2,clustered,service_sigma_0.2,LC_LI,193,2581,20987513,162.26094773705668,273.0039919358097
7,5,5,2,clustered,service_sigma_0.2,LC_LI,194,1244,20987513,176.11882129477377,244.08322358385212
7,5,5,2,clustered,service_sigma_0.2,LC_LI,195,776,20987513,169.23665199929079,208.00252353635358
7,5,5,2,clustered,service_sigma_0.2,LC_LI,196,241,20987513,172.1171399184193,172.2850939999457
7,5,5,2,clustered,service_sigma_0.2,LC_LI,197,1519,20987513,165.71684358830106,275.52348377879787
7,5,5,2,clustered,service_sigma_0.2,LC_LI,198,2237,20987513,162.3056199753737,242.53744324660497
7,5,5,2,clustered,service_sigma_0.2,LC_LI,199,925,20987513,164.11777326144502,262.99882922450786
9,5,15,2,diurnal,service_sigma_0.2,random,0,1283,21187519,282.4502348502867,383.93405906735745
9,5,15,2,diurnal,service_sigma_0.2,random,1,349,21187519,290.73563975424935,389.20496284976207
9,5,15,2,diurnal,service_sigma_0.2,random,2,2618,21187519,228.3824674344765,303.50474488740633
9,5,15,2,diurnal,service_sigma_0.2,random,3,1572,21187519,278.0186739908477,404.646409777251
9,5,15,2,diurnal,service_sigma_0.2,random,4,799,21187519,226.73457990891833,247.0831048893361
9,5,15,2,diurnal,service_sigma_0.2,random,5,635,21187519,280.2675564305569,393.8016492376073
9,5,15,2,diurnal,service_sigma_0.2,random,6,2177,21187519,225.27579054880178,345.60187574121807
9,5,15,2,diurnal,service_sigma_0.2,random,7,2289,21187519,219.29171374445215,299.941477782236
9,5,15,2,diurnal,service_sigma_0.2,random,8,1406,21187519,251.70188731691505,357.2321026389477
9,5,15,2,diurnal,service_sigma_0.2,random,9,209,21187519,205.51435896538752,356.99918660948936
9,5,15,2,diurnal,service_sigma_0.2,random,10,49,21187519,260.31865729538026,404.2247647851623
9,5,15,2,diurnal,service_sigma_0.2,random,11,2298,21187519,286.3645938395777,426.80314947313803
9,5,15,2,diurnal,service_sigma_0.2,random,12,506,21187519,249.64390779129224,391.26656228636404
9,5,15,2,diurnal,service_sigma_0.2,random,13,62,21187519,298.9438940289061,431.2648365934498
9,5,15,2,diurnal,service_sigma_0.2,random,14,372,21187519,222.05284690007082,343.066550011174
9,5,15,2,diurnal,service_sigma_0.2,random,15,2766,21187519,284.4424609101644,334.53326616535304
9,5,15,2,diurnal,service_sigma_0.2,random,16,1546,21187519,331.26498332259973,416.78200996806044
9,5,15,2,diurnal,service_sigma_0.2,random,17,2834,21187519,235.74904030487616,365.1779381356717
9,5,15,2,diurnal,service_sigma_0.2,random,18,2935,21187519,228.69807394133443,324.1833812537987
9,5,15,2,diurnal,service_sigma_0.2,random,19,1477,21187519,273.0165286622846,451.8144577290322
9,5,15,2,diurnal,service_sigma_0.2,random,20,185,21187519,282.0513754478252,454.03944164338066
9,5,15,2,diurnal,service_sigma_0.2,random,21,880,21187519,211.70371625491384,260.9081223767547
9,5,15,2,diurnal,service_sigma_0.2,random,22,704,21187519,318.0683900503331,466.21449436628984
9,5,15,2,diurnal,service_sigma_0.2,random,23,2380,21187519,235.1449592165743,336.7537304512175
9,5,15,2,diurnal,service_sigma_0.2,random,24,2286,21187519,211.85631056860097,314.6164501820759
9,5,15,2,diurnal,service_sigma_0.2,random,25,1791,21187519,276.3162927575255,364.1867830780084
9,5,15,2,diurnal,service_sigma_0.2,random,26,1078,21187519,228.68786044971066,370.65855411448456
9,5,15,2,diurnal,service_sigma_0.2,random,27,1219,21187519,251.2516126973312,356.3560100431211
9,5,15,2,diurnal,service_sigma_0.2,random,28,735,21187519,253.41748664548854,377.83250092879405
9,5,15,2,diurnal,service_sigma_0.2,random,29,556,21187519,261.7723602738805,423.1805281765526
9,5,15,2,diurnal,service_sigma_0.2,random,30,1785,21187519,274.3257733589426,375.75829536800967
9,5,15,2,diurnal,service_sigma_0.2,random,31,2862,21187519,275.95918082987384,392.19233084966555
9,5,15,2,diurnal,service_sigma_0.2,random,32,1635,21187519,286.41484731015566,443.66556916175887
9,5,15,2,diurnal,service_sigma_0.2,random,33,608,21187519,251.12694073005744,430.73762919903
9,5,15,2,diurnal,service_sigma_0.2,random,34,1666,21187519,276.4439817745128,368.51036955756217
9,5,15,2,diurnal,service_sigma_0.2,random,35,1116,21187519,268.3073129984655,335.9962540899426
9,5,15,2,diurnal,service_sigma_0.2,random,36,1005,21187519,313.6936207016057,451.95218665038885
9,5,15,2,diurnal,service_sigma_0.2,random,37,367,21187519,249.34711882661668,374.37088595514996
9,5,15,2,diurnal,service_sigma_0.2,random,38,2101,21187519,255.41075246086476,399.3108727220983
9,5,15,2,diurnal,service_sigma_0.2,random,39,2464,21187519,243.82125601311552,426.94056630005963
9,5,15,2,diurnal,service_sigma_0.2,random,40,718,21187519,304.80235821501685,435.6431893165873
9,5,15,2,diurnal,service_sigma_0.2,random,41,2203,21187519,280.5557234537373,431.28499687205993
9,5,15,2,diurnal,service_sigma_0.2,random,42,1563,21187519,286.5364244171528,444.7534258859143
9,5,15,2,diurnal,service_sigma_0.2,random,43,1983,21187519,266.3781783047332,459.1526373136093
9,5,15,2,diurnal,service_sigma_0.2,random,44,573,21187519,283.54085287673377,392.9640283618868
9,5,15,2,diurnal,service_sigma_0.2,random,45,2128,21187519,223.49598715242627,388.98889172745646
9,5,15,2,diurnal,service_sigma_0.2,random,46,1231,21187519,259.58760639130156,355.51767505420634
9,5,15,2,diurnal,service_sigma_0.2,random,47,1250,21187519,259.23380033747344,380.1744041623524
9,5,15,2,diurnal,service_sigma_0.2,random,48,2500,21187519,288.9998627500451,473.56432688093753
9,5,15,2,diurnal,service_sigma_0.2,random,49,883,21187519,236.22397154845157,387.5301923225785
9,5,15,2,diurnal,service_sigma_0.2,random,50,2350,21187519,242.20133067449106,387.3941156190328
9,5,15,2,diurnal,service_sigma_0.2,random,51,2760,21187519,244.9361297550104,397.1545368164388
9,5,15,2,diurnal,service_sigma_0.2,random,52,2453,21187519,257.6251753038345,421.0762253498483
9,5,15,2,diurnal,service_sigma_0.2,random,53,58,21187519,233.70405293597346,311.2986880414188
9,5,15,2,diurnal,service_sigma_0.2,random,54,1264,21187519,297.8525758213712,442.48735473855066
9,5,15,2,diurnal,service_sigma_0.2,random,55,684,21187519,276.42121866382064,425.1057882745835
9,5,15,2,diurnal,service_sigma_0.2,random,56,2043,21187519,268.81888854113464,388.10736358810965
9,5,15,2,diurnal,service_sigma_0.2,random,57,2414,21187519,226.6196358037477,337.79554948598735
9,5,15,2,diurnal,service_sigma_0.2,random,58,1427,21187519,308.54130129968485,435.2343379006177
9,5,15,2,diurnal,service_sigma_0.2,random,59,911,21187519,240.52611259399973,382.7562747312279
9,5,15,2,diurnal,service_sigma_0.2,random,60,330,21187519,282.86756175590097,455.9708105646425
9,5,15,2,diurnal,service_sigma_0.2,random,61,1916,21187519,247.03523409876698,369.3377579581999
9,5,15,2,diurnal,service_sigma_0.2,random,62,2127,21187519,254.11526188222425,350.17355639216817
9,5,15,2,diurnal,service_sigma_0.2,random,63,1539,21187519,261.1398683390781,441.4783996771804
9,5,15,2,diurnal,service_sigma_0.2,random,64,1911,21187519,221.04184309348418,330.64750491087267
9,5,15,2,diurnal,service_sigma_0.2,random,65,2006,21187519,257.2134630972547,371.8989366023188
9,5,15,2,diurnal,service_sigma_0.2,random,66,1869,21187519,290.10266655874693,410.7115527970032
9,5,15,2,diurnal,service_sigma_0.2,random,67,2246,21187519,277.71020716950807,367.804135658022
9,5,15,2,diurnal,service_sigma_0.2,random,68,453,21187519,261.46078017228496,358.4529980666921
9,5,15,2,diurnal,service_sigma_0.2,random,69,341,21187519,198.7693582601892,257.1322517055097
9,5,15,2,diurnal,service_sigma_0.2,random,70,1163,21187519,275.03952701516755,428.3300517110604
9,5,15,2,diurnal,service_sigma_0.2,random,71,819,21187519,246.79868161161863,411.6685904409816
9,5,15,2,diurnal,service_sigma_0.2,random,72,2054,21187519,210.35489595214543,262.86865638944266
9,5,15,2,diurnal,service_sigma_0.2,random,73,2117,21187519,216.15710904318715,367.12577492556017
9,5,15,2,diurnal,service_sigma_0.2,random,74,2060,21187519,282.78717857295345,393.81749324215247
9,5,15,2,diurnal,service_sigma_0.2,random,75,369,21187519,224.59170142894507,355.20172245412095
9,5,15,2,diurnal,service_sigma_0.2,random,76,2715,21187519,248.95520532211003,380.7131050707068
9,5,15,2,diurnal,service_sigma_0.2,random,77,2422,21187519,266.1613246782888,343.4514058467564
9,5,15,2,diurnal,service_sigma_0.2,random,78,1022,21187519,233.69773146739342,375.5143534422019
9,5,15,2,diurnal,service_sigma_0.2,random,79,296,21187519,240.8858629070188,382.47315057252064
9,5,15,2,diurnal,service_sigma_0.2,random,80,857,21187519,235.09749313495752,389.7967039184963
9,5,15,2,diurnal,service_sigma_0.2,random,81,1694,21187519,278.305564564508,426.9581544140709
9,5,15,2,diurnal,service_sigma_0.2,random,82,1206,21187519,252.63999661041785,383.1803371026597
9,5,15,2,diurnal,service_sigma_0.2,random,83,1578,21187519,237.01804364921836,374.1379375984434
9,5,15,2,diurnal,service_sigma_0.2,random,84,1691,21187519,262.11885121008254,374.27180365693084
9,5,15,2,diurnal,service_sigma_0.2,random,85,1363,21187519,223.79767317949194,320.10057907260864
9,5,15,2,diurnal,service_sigma_0.2,random,86,170,21187519,243.1904473357102,354.85249413323623
9,5,15,2,diurnal,service_sigma_0.2,random,87,1330,21187519,253.54996337257938,352.08082572797275
9,5,15,2,diurnal,service_sigma_0.2,random,88,2019,21187519,231.39210980792694,401.27169548848786
9,5,15,2,diurnal,service_sigma_0.2,random,89,344,21187519,251.854478955396,339.79021399806226
9,5,15,2,diurnal,service_sigma_0.2,random,90,931,21187519,282.6994397815892,354.29233484534484
9,5,15,2,diurnal,service_sigma_0.2,random,91,2975,21187519,216.7772676516158,342.2752740001137
9,5,15,2,diurnal,service_sigma_0.2,random,92,1451,21187519,286.049235105258,418.47812542212745
9,5,15,2,diurnal,service_sigma_0.2,random,93,177,21187519,250.00080109527448,380.16373100409027
9,5,15,2,diurnal,service_sigma_0.2,random,94,2166,21187519,253.44125307480246,314.7826329610943
9,5,15,2,diurnal,service_sigma_0.2,random,95,2255,21187519,318.9078062918261,413.4589491503655
9,5,15,2,diurnal,service_sigma_0.2,random,96,2625,21187519,238.1101802453193,371.32839067910993
9,5,15,2,diurnal,service_sigma_0.2,random,97,1455,21187519,222.0000404185313,395.0781446712487
9,5,15,2,diurnal,service_sigma_0.2,random,98,1636,21187519,295.13166380508034,442.9840332058393
9,5,15,2,diurnal,service_sigma_0.2,random,99,1735,21187519,257.91196899938114,330.5242719861521
9,5,15,2,diurnal,service_sigma_0.2,random,100,340,21187519,281.2868144419914,421.3549845504474
9,5,15,2,diurnal,service_sigma_0.2,random,101,951,21187519,314.47076473059644,441.6921066159383
9,5,15,2,diurnal,service_sigma_0.2,random,102,443,21187519,242.26592763169032,288.488877279545
9,5,15,2,diurnal,service_sigma_0.2,random,103,1333,21187519,250.2782116944528,325.19768075545164
9,5,15,2,diurnal,service_sigma_0.2,random,104,2277,21187519,304.44396077390905,450.72339922370503
9,5,15,2,diurnal,service_sigma_0.2,random,105,1998,21187519,212.26313081184915,321.0110271010629
9,5,15,2,diurnal,service_sigma_0.2,random,106,2837,21187519,259.24239713213404,397.32554017847224
9,5,15,2,diurnal,service_sigma_0.2,random,107,776,21187519,245.2361502307426,333.31071446231323
9,5,15,2,diurnal,service_sigma_0.2,random,108,2046,21187519,228.55812228231366,386.5383068668872
9,5,15,2,diurnal,service_sigma_0.2,random,109,2345,21187519,223.67045891510588,351.1672112806952
9,5,15,2,diurnal,service_sigma_0.2,random,110,157,21187519,298.34762329865544,478.07723788402734
9,5,15,2,diurnal,service_sigma_0.2,random,111,2672,21187519,242.82057181858895,383.0028644869109
9,5,15,2,diurnal,service_sigma_0.2,random,112,2648,21187519,214.83031874673466,320.40568603125075
9,5,15,2,diurnal,service_sigma_0.2,random,113,2585,21187519,203.77991831353376,315.9115741259921
9,5,15,2,diurnal,service_sigma_0.2,random,114,674,21187519,255.18261645219854,367.7768181959053
9,5,15,2,diurnal,service_sigma_0.2,random,115,803,21187519,258.44218982722333,400.26654109162786
9,5,15,2,diurnal,service_sigma_0.2,random,116,2196,21187519,255.7069149714039,401.4749944393954
9,5,15,2,diurnal,service_sigma_0.2,random,117,1455,21187519,210.3610355713481,395.1008790518177
9,5,15,2,diurnal,service_sigma_0.2,random,118,1946,21187519,285.6901184849674,414.37534110421944
9,5,15,2,diurnal,service_sigma_0.2,random,119,1900,21187519,251.44277494737696,322.31983562884085
9,5,15,2,diurnal,service_sigma_0.2,random,120,109,21187519,247.18684680866357,348.62671261949384
9,5,15,2,diurnal,service_sigma_0.2,random,121,1128,21187519,229.9001316098374,279.5992843633373
9,5,15,2,diurnal,service_sigma_0.2,random,122,631,21187519,291.7816081095932,447.68075127053123
9,5,15,2,diurnal,service_sigma_0.2,random,123,1003,21187519,280.56930997918334,416.16601357161977
9,5,15,2,diurnal,service_sigma_0.2,random,124,1152,21187519,290.3960276696402,447.76253323929205
9,5,15,2,diurnal,service_sigma_0.2,random,125,577,21187519,287.60961770618593,385.53605781795426
9,5,15,2,diurnal,service_sigma_0.2,random,126,556,21187519,239.353390057486,404.55627482376394
9,5,15,2,diurnal,service_sigma_0.2,random,127,1349,21187519,258.594496036959,389.7045222313335
9,5,15,2,diurnal,service_sigma_0.2,random,128,475,21187519,213.38032023847333,325.1349247553582
9,5,15,2,diurnal,service_sigma_0.2,random,129,2250,21187519,243.87946479417982,373.91673945298464
9,5,15,2,diurnal,service_sigma_0.2,random,130,2652,21187519,262.52166249419014,373.696093287725
9,5,15,2,diurnal,service_sigma_0.2,random,131,1292,21187519,258.1552402091635,382.98770757511306
9,5,15,2,diurnal,service_sigma_0.2,random,132,2070,21187519,277.6577838976669,405.6273539834513
9,5,15,2,diurnal,service_sigma_0.2,random,133,1446,21187519,187.44905264962426,271.02065793900493
9,5,15,2,diurnal,service_sigma_0.2,random,134,2214,21187519,232.81407447226098,370.8391041236896
9,5,15,2,diurnal,service_sigma_0.2,random,135,687,21187519,246.374468972293,377.31790791527
9,5,15,2,diurnal,service_sigma_0.2,random,136,95,21187519,245.3599044073588,339.3339961604892
9,5,15,2,diurnal,service_sigma_0.2,random,137,1697,21187519,237.43447603545215,345.1668203704008
9,5,15,2,diurnal,service_sigma_0.2,random,138,1685,21187519,273.7325397611641,388.76537974333246
9,5,15,2,diurnal,service_sigma_0.2,random,139,1826,21187519,296.4328987473783,407.44948451284944
9,5,15,2,diurnal,service_sigma_0.2,random,140,1566,21187519,269.6769911942528,373.2761258144001
9,5,15,2,diurnal,service_sigma_0.2,random,141,2483,21187519,221.27353528173086,318.1717685444829
9,5,15,2,diurnal,service_sigma_0.2,random,142,1889,21187519,270.32637321576203,414.4010814555113
9,5,15,2,diurnal,service_sigma_0.2,random,143,2263,21187519,250.9893677345684,422.0165989157278
9,5,15,2,diurnal,service_sigma_0.2,random,144,1924,21187519,214.02050160779348,303.2218209886904
9,5,15,2,diurnal,service_sigma_0.2,random,145,1412,21187519,298.6147453699933,372.13988580884717
9,5,15,2,diurnal,service_sigma_0.2,random,146,2247,21187519,301.83022670936253,491.16052573656197
9,5,15,2,diurnal,service_sigma_0.2,random,147,727,21187519,236.8933835080002,365.4412754399202
9,5,15,2,diurnal,service_sigma_0.2,random,148,728,21187519,241.62933558326102,374.4033922722016
9,5,15,2,diurnal,service_sigma_0.2,random,149,927,21187519,289.85575078557366,374.2326972908943
9,5,15,2,diurnal,service_sigma_0.2,random,150,269,21187519,247.05748811988778,409.81924236120335
9,5,15,2,diurnal,service_sigma_0.2,random,151,2800,21187519,235.02071536729574,301.78593580223355
9,5,15,2,diurnal,service_sigma_0.2,random,152,785,21187519,237.42073822334729,396.1397182608403
9,5,15,2,diurnal,service_sigma_0.2,random,153,2481,21187519,215.5953630524235,351.5098557732441
9,5,15,2,diurnal,service_sigma_0.2,random,154,559,21187519,283.42058327929334,378.11186397006657
9,5,15,2,diurnal,service_sigma_0.2,random,155,2015,21187519,294.28276081155707,465.87633058521385
9,5,15,2,diurnal,service_sigma_0.2,random,156,1633,21187519,260.43763134063954,330.8229214359183
9,5,15,2,diurnal,service_sigma_0.2,random,157,1053,21187519,266.4415251372962,381.8607627475864
9,5,15,2,diurnal,service_sigma_0.2,random,158,2754,21187519,252.68858712516084,310.48881127496617
9,5,15,2,diurnal,service_sigma_0.2,random,159,2831,21187519,249.54412219710818,314.0020238142702
9,5,15,2,diurnal,service_sigma_0.2,random,160,84,21187519,224.25783285728022,378.1206312627693
9,5,15,2,diurnal,service_sigma_0.2,random,161,2199,21187519,212.1502416726116,270.2841859795392
9,5,15,2,diurnal,service_sigma_0.2,random,162,539,21187519,294.6540193821099,513.4500932877578
9,5,15,2,diurnal,service_sigma_0.2,random,163,140,21187519,236.9755810732957,408.6031702859732
9,5,15,2,diurnal,service_sigma_0.2,random,164,908,21187519,283.9480997388537,427.4785876458515
9,5,15,2,diurnal,service_sigma_0.2,random,165,130,21187519,247.03140137302987,380.05418853872214
9,5,15,2,diurnal,service_sigma_0.2,random,166,1579,21187519,232.78469308497273,322.57215322568925
9,5,15,2,diurnal,service_sigma_0.2,random,167,2502,21187519,280.79219021012,363.71529777445016
9,5,15,2,diurnal,service_sigma_0.2,random,168,2169,21187519,276.9483675178501,351.4595482845235
9,5,15,2,diurnal,service_sigma_0.2,random,169,452,21187519,248.96835278943308,396.3002576248974
9,5,15,2,diurnal,service_sigma_0.2,random,170,2021,21187519,247.82195613928485,307.6026871051422
9,5,15,2,diurnal,service_sigma_0.2,random,171,1255,21187519,288.04482273875925,364.0757665512119
9,5,15,2,diurnal,service_sigma_0.2,random,172,2126,21187519,271.7396129769044,393.8214964112897
9,5,15,2,diurnal,service_sigma_0.2,random,173,802,21187519,273.31462793846674,404.49018731539076
9,5,15,2,diurnal,service_sigma_0.2,random,174,355,21187519,278.1419764271317,405.8782254284284
9,5,15,2,diurnal,service_sigma_0.2,random,175,852,21187519,270.6397244563179,397.2502407508283
9,5,15,2,diurnal,service_sigma_0.2,random,176,1759,21187519,297.31074216937657,363.13744878896847
9,5,15,2,diurnal,service_sigma_0.2,random,177,79,21187519,202.5017765520267,292.9579481922205
9,5,15,2,diurnal,service_sigma_0.2,random,178,2410,21187519,217.43619165680346,341.6342164059255
9,5,15,2,diurnal,service_sigma_0.2,random,179,814,21187519,248.8918263167492,343.61340055597185
9,5,15,2,diurnal,service_sigma_0.2,random,180,1331,21187519,265.88713755062736,356.9510795607416
9,5,15,2,diurnal,service_sigma_0.2,random,181,1214,21187519,312.8492179662132,374.0120832041625
9,5,15,2,diurnal,service_sigma_0.2,random,182,827,21187519,304.7769604145538,443.5741074287317
9,5,15,2,diurnal,service_sigma_0.2,random,183,380,21187519,287.59748520766266,420.181179035749
9,5,15,2,diurnal,service_sigma_0.2,random,184,1894,21187519,220.88886302087298,337.6673638983918
9,5,15,2,diurnal,service_sigma_0.2,random,185,1957,21187519,271.07128530322063,413.6538859312087
9,5,15,2,diurnal,service_sigma_0.2,random,186,1995,21187519,254.23086746878352,325.74739059321377
9,5,15,2,diurnal,service_sigma_0.2,random,187,1483,21187519,248.02690103012992,430.41855046977713
9,5,15,2,diurnal,service_sigma_0.2,random,188,2685,21187519,308.5612208400432,481.1249477801926
9,5,15,2,diurnal,service_sigma_0.2,random,189,676,21187519,250.65460919567778,378.8756784586712
9,5,15,2,diurnal,service_sigma_0.2,random,190,816,21187519,247.25287347295986,366.8944469014821
9,5,15,2,diurnal,service_sigma_0.2,random,191,1160,21187519,236.90998187422355,371.1830709462406
9,5,15,2,diurnal,service_sigma_0.2,random,192,1391,21187519,240.69264053533968,412.47764449437534
9,5,15,2,diurnal,service_sigma_0.2,random,193,2858,21187519,290.5894188775512,427.624920250872
9,5,15,2,diurnal,service_sigma_0.2,random,194,198,21187519,256.00118873850704,327.9379552786515
9,5,15,2,diurnal,service_sigma_0.2,random,195,616,21187519,235.32931968639238,364.1599100364681
9,5,15,2,diurnal,service_sigma_0.2,random,196,2124,21187519,180.31945632078373,225.26946531000215
9,5,15,2,diurnal,service_sigma_0.2,random,197,1797,21187519,284.25207546286873,405.4328868128457
9,5,15,2,diurnal,service_sigma_0.2,random,198,2445,21187519,217.71681315653896,302.1668075338878
9,5,15,2,diurnal,service_sigma_0.2,random,199,1443,21187519,230.049182443816,394.8015522622773
9,5,15,2,diurnal,service_sigma_0.2,HC_HI,0,1765,21187519,179.20278655421612,269.67181976705604
9,5,15,2,diurnal,service_sigma_0.2,HC_HI,1,1162,21187519,219.61821345911915,337.4905250560983
9,5,15,2,diurnal,service_sigma_0.2,HC_HI,2,2053,21187519,209.04657939739727,356.33451408224226
9,5,15,2,diurnal,service_sigma_0.2,HC_HI,3,1940,21187519,267.4206282762635,401.57636158284845
9,5,15,2,diurnal,service_sigma_0.2,HC_HI,4,520,21187519,220.26510658054215,291.99909787094555
9,5,15,2,diurnal,service_sigma_0.2,HC_HI,5,1765,21187519,180.84491166387875,271.01714406898066
9,5,15,2,diurnal,service_sigma_0.2,HC_HI,6,460,21187519,244.49873189461817,372.4682894334787
9,5,15,2,diurnal,service_sigma_0.2,HC_HI,7,162,21187519,205.4161263580493,326.153996564118
9,5,15,2,diurnal,service_sigma_0.2,HC_HI,8,1210,21187519,200.11792438568818,309.30899764543534
9,5,15,2,diurnal,service_sigma_0.2,HC_HI,9,1404,21187519,290.76898386050016,393.01445181737563
9,5,15,2,diurnal,service_sigma_0.2,HC_HI,10,1178,21187519,282.1404213482675,402.5696888526222
9,5,15,2,diurnal,service_sigma_0.2,HC_HI,11,2674,21187519,231.08074438886916,368.1589134599029
9,5,15,2,diurnal,service_sigma_0.2,HC_HI,12,1086,21187519,257.2290754208383,371.4795391487014
9,5,15,2,diurnal,service_sigma_0.2,HC_HI,13,2824,21187519,167.73494532085456,320.03740485959537
9,5,15,2,diurnal,service_sigma_0.2,HC_HI,14,1206,21187519,240.95081628174756,374.4512425909976
9,5,15,2,diurnal,service_sigma_0.2,HC_HI,15,1408,21187519,248.11008406882337,383.86448457007356
9,5,15,2,diurnal,service_sigma_0.2,HC_HI,16,1155,21187519,211.68936376862044,307.59120120036204
9,5,15,2,diurnal,service_sigma_0.2,HC_HI,17,505,21187519,229.71573263908456,344.6994115208428
9,5,15,2,diurnal,service_sigma_0.2,HC_HI,18,186,21187519,249.82615397707133,379.38654958218757
9,5,15,2,diurnal,service_sigma_0.2,HC_HI,19,1883,21187519,317.49834896140953,487.2763230753812
9,5,15,2,diurnal,service_sigma_0.2,HC_HI,20,2824,21187519,172.26150306793468,301.5417164912485
9,5,15,2,diurnal,service_sigma_0.2,HC_HI,21,2162,21187519,256.7163707979705,340.36767895912266
9,5,15,2,diurnal,service_sigma_0.2,HC_HI,22,2414,21187519,229.71135347270197,316.09973256991424
9,5,15,2,diurnal,service_sigma_0.2,HC_HI,23,2056,21187519,239.01064231438858,280.37432097699156
9,5,15,2,diurnal,service_sigma_0.2,HC_HI,24,344,21187519,246.45084801984729,334.9702475188699
9,5,15,2,diurnal,service_sigma_0.2,HC_HI,25,179,21187519,221.46147058201916,301.20062951197815
9,5,15,2,diurnal,service_sigma_0.2,HC_HI,26,2674,21187519,215.68971022656353,368.290482005468
9,5,15,2,diurnal,service_sigma_0.2,HC_HI,27,4,21187519,251.05782048706928,375.3923455250052
9,5,15,2,diurnal,service_sigma_0.2,HC_HI,28,1883,21187519,317.17295668912766,480.0238264383032
9,5,15,2,diurnal,service_sigma_0.2,HC_HI,29,2231,21187519,208.59629817394634,320.2760980726751
9,5,15,2,diurnal,service_sigma_0.2,HC_HI,30,1383,21187519,325.4314417333944,444.3947797174528
9,5,15,2,diurnal,service_sigma_0.2,HC_HI,31,1622,21187519,223.1048631257771,330.57246138738435
9,5,15,2,diurnal,service_sigma_0.2,HC_HI,32,2498,21187519,280.8416242579719,391.30487121628795
9,5,15,2,diurnal,service_sigma_0.2,HC_HI,33,1398,21187519,262.3689492253156,378.1529773672852
9,5,15,2,diurnal,service_sigma_0.2,HC_HI,34,1178,21187519,283.7483053219909,428.10353532883624
9,5,15,2,diurnal,service_sigma_0.2,HC_HI,35,1210,21187519,213.27119560054123,319.07902261654266
9,5,15,2,diurnal,service_sigma_0.2,HC_HI,36,377,21187519,279.6479002923686,403.1784580461342
9,5,15,2,diurnal,service_sigma_0.2,HC_HI,37,2964,21187519,255.96099310828856,389.74321573741645
9,5,15,2,diurnal,service_sigma_0.2,HC_HI,38,2696,21187519,255.9399421627126,464.6917831659932
9,5,15,2,diurnal,service_sigma_0.2,HC_HI,39,2431,21187519,260.4980047641181,395.11162501734276
9,5,15,2,diurnal,service_sigma_0.2,HC_HI,40,924,21187519,253.8158281271622,401.4272968233015
9,5,15,2,diurnal,service_sigma_0.2,HC_HI,41,1029,21187519,245.09611296492267,338.91987777771556
9,5,15,2,diurnal,service_sigma_0.2,HC_HI,42,1191,21187519,220.87019378000193,359.57285792399796
9,5,15,2,diurnal,service_sigma_0.2,HC_HI,43,2206,21187519,248.4144426549587,353.6756114431286
9,5,15,2,diurnal,service_sigma_0.2,HC_HI,44,1477,21187519,287.0064841830483,447.0555605950839
9,5,15,2,diurnal,service_sigma_0.2,HC_HI,45,1888,21187519,220.74061657733657,294.7953957926913
9,5,15,2,diurnal,service_sigma_0.2,HC_HI,46,393,21187519,211.68843080170925,348.08264836128166
9,5,15,2,diurnal,service_sigma_0.2,HC_HI,47,261,21187519,245.88592006044172,381.814419272787
9,5,15,2,diurnal,service_sigma_0.2,HC_HI,48,2672,21187519,235.87042560422103,384.07331598598466
9,5,15,2,diurnal,service_sigma_0.2,HC_HI,49,351,21187519,251.07197026003558,367.27691114872323
9,5,15,2,diurnal,service_sigma_0.2,HC_HI,50,1162,21187519,234.23353148889294,335.2335314888929
9,5,15,2,diurnal,service_sigma_0.2,HC_HI,51,1608,21187519,239.48180978396536,367.1789770188912
9,5,15,2,diurnal,service_sigma_0.2,HC_HI,52,2252,21187519,257.0347492992923,435.1548078220304
9,5,15,2,diurnal,service_sigma_0.2,HC_HI,53,843,21187519,234.8752514567037,370.4533916516455
9,5,15,2,diurnal,service_sigma_0.2,HC_HI,54,2668,21187519,290.6118386623284,353.164551085654
9,5,15,2,diurnal,service_sigma_0.2,HC_HI,55,1739,21187519,248.69252764891507,340.11586964031574
9,5,15,2,diurnal,service_sigma_0.2,HC_HI,56,828,21187519,246.07319269800826,379.48212074961924
9,5,15,2,diurnal,service_sigma_0.2,HC_HI,57,1167,21187519,310.69824059946677,463.42521364100196
9,5,15,2,diurnal,service_sigma_0.2,HC_HI,58,309,21187519,237.10001860266865,394.9152271206913
9,5,15,2,diurnal,service_sigma_0.2,HC_HI,59,261,21187519,236.19629159762113,376.95913182982343
9,5,15,2,diurnal,service_sigma_0.2,HC_HI,60,2449,21187519,213.13908214142867,291.02755977509446
9,5,15,2,diurnal,service_sigma_0.2,HC_HI,61,1263,21187519,275.68601871883413,458.95297332672186
9,5,15,2,diurnal,service_sigma_0.2,HC_HI,62,1174,21187519,217.5832076133383,355.99988712668164
9,5,15,2,diurnal,service_sigma_0.2,HC_HI,63,539,21187519,290.3196862925679,463.2799298996528
9,5,15,2,diurnal,service_sigma_0.2,HC_HI,64,537,21187519,193.9565684620583,296.09871734237277
9,5,15,2,diurnal,service_sigma_0.2,HC_HI,65,2696,21187519,255.7415418456487,461.8466789766352
9,5,15,2,diurnal,service_sigma_0.2,HC_HI,66,1137,21187519,231.132405177147,356.1266287115198
9,5,15,2,diurnal,service_sigma_0.2,HC_HI,67,2757,21187519,215.5861853547046,276.73049031282426
9,5,15,2,diurnal,service_sigma_0.2,HC_HI,68,314,21187519,255.29104880242772,381.1784799518318
9,5,15,2,diurnal,service_sigma_0.2,HC_HI,69,843,21187519,244.7525442576088,367.16530285112975
9,5,15,2,diurnal,service_sigma_0.2,HC_HI,70,1005,21187519,318.89868497684546,455.2700788165031
9,5,15,2,diurnal,service_sigma_0.2,HC_HI,71,2456,21187519,220.30497610240667,354.15073341899785
9,5,15,2,diurnal,service_sigma_0.2,HC_HI,72,1886,21187519,212.91494439520017,298.0319908440634
9,5,15,2,diurnal,service_sigma_0.2,HC_HI,73,206,21187519,239.93854754059925,323.4945196012038
9,5,15,2,diurnal,service_sigma_0.2,HC_HI,74,1398,21187519,275.7811595866158,384.6184616604867
9,5,15,2,diurnal,service_sigma_0.2,HC_HI,75,2281,21187519,221.55758554364633,383.42180896373947
9,5,15,2,diurnal,service_sigma_0.2,HC_HI,76,1604,21187519,309.26675066813533,494.17667976842256
9,5,15,2,diurnal,service_sigma_0.2,HC_HI,77,2126,21187519,288.4262762366401,395.0704134237311
9,5,15,2,diurnal,service_sigma_0.2,HC_HI,78,521,21187519,245.23278016669926,420.28039672608054
9,5,15,2,diurnal,service_sigma_0.2,HC_HI,79,2402,21187519,239.30398772953623,336.46962327434295
9,5,15,2,diurnal,service_sigma_0.2,HC_HI,80,179,21187519,233.25711965814637,302.34381171493146
9,5,15,2,diurnal,service_sigma_0.2,HC_HI,81,1390,21187519,264.1223109355798,318.2607354194202
9,5,15,2,diurnal,service_sigma_0.2,HC_HI,82,2343,21187519,253.0237838335101,440.5601032356662
9,5,15,2,diurnal,service_sigma_0.2,HC_HI,83,1529,21187519,225.04699786628547,373.7604313994979
9,5,15,2,diurnal,service_sigma_0.2,HC_HI,84,964,21187519,253.5773247834061,396.03452278657926
9,5,15,2,diurnal,service_sigma_0.2,HC_HI,85,2498,21187519,289.8260210933584,402.7587251127298
9,5,15,2,diurnal,service_sigma_0.2,HC_HI,86,1801,21187519,229.32879378668085,321.3987950118563
9,5,15,2,diurnal,service_sigma_0.2,HC_HI,87,4,21187519,240.73555254013837,359.15793756061674
9,5,15,2,diurnal,service_sigma_0.2,HC_HI,88,2471,21187519,284.45837874639517,366.08515445113983
9,5,15,2,diurnal,service_sigma_0.2,HC_HI,89,990,21187519,257.29578901290563,424.2168029996204
9,5,15,2,diurnal,service_sigma_0.2,HC_HI,90,314,21187519,263.67023765663237,369.48209279601974
9,5,15,2,diurnal,service_sigma_0.2,HC_HI,91,1801,21187519,218.00532624659874,311.9701477545427
9,5,15,2,diurnal,service_sigma_0.2,HC_HI,92,607,21187519,261.2336974320086,431.24250274418114
9,5,15,2,diurnal,service_sigma_0.2,HC_HI,93,1155,21187519,213.18530612168365,311.2015312137562
9,5,15,2,diurnal,service_sigma_0.2,HC_HI,94,236,21187519,273.10292996428905,410.44081839964787
9,5,15,2,diurnal,service_sigma_0.2,HC_HI,95,2938,21187519,222.87333113349356,334.0110864980854
9,5,15,2,diurnal,service_sigma_0.2,HC_HI,96,1714,21187519,239.15094392733505,324.7823340949925
9,5,15,2,diurnal,service_sigma_0.2,HC_HI,97,2560,21187519,230.25287747341923,343.9050688908297
9,5,15,2,diurnal,service_sigma_0.2,HC_HI,98,1398,21187519,266.97906820322504,384.54788865214755
9,5,15,2,diurnal,service_sigma_0.2,HC_HI,99,162,21187519,200.75027411930898,321.425529595437
9,5,15,2,diurnal,service_sigma_0.2,HC_HI,100,843,21187519,249.64369771660108,373.3294520448155
9,5,15,2,diurnal,service_sigma_0.2,HC_HI,101,556,21187519,237.27988316330897,404.3438232377181
9,5,15,2,diurnal,service_sigma_0.2,HC_HI,102,1025,21187519,214.35133835264946,352.1709997742913
9,5,15,2,diurnal,service_sigma_0.2,HC_HI,103,186,21187519,248.41117324093454,378.01967279940635
9,5,15,2,diurnal,service_sigma_0.2,HC_HI,104,2252,21187519,258.81713642505207,433.6166515276223
9,5,15,2,diurnal,service_sigma_0.2,HC_HI,105,817,21187519,264.98067451625,354.6579440932728
9,5,15,2,diurnal,service_sigma_0.2,HC_HI,106,1886,21187519,212.62316083722192,298.67915016721474
9,5,15,2,diurnal,service_sigma_0.2,HC_HI,107,337,21187519,216.49725173666383,233.4200315395723
9,5,15,2,diurnal,service_sigma_0.2,HC_HI,108,2402,21187519,258.53664442097676,346.1388758816892
9,5,15,2,diurnal,service_sigma_0.2,HC_HI,109,2865,21187519,271.6696626170404,371.5242041499319
9,5,15,2,diurnal,service_sigma_0.2,HC_HI,110,537,21187519,195.51001891929766,309.95807452300073
9,5,15,2,diurnal,service_sigma_0.2,HC_HI,111,2375,21187519,243.4809503230391,370.10430418440467
9,5,15,2,diurnal,service_sigma_0.2,HC_HI,112,2231,21187519,216.64050171850323,351.9533794306497
9,5,15,2,diurnal,service_sigma_0.2,HC_HI,113,2716,21187519,225.7240959670139,348.90806934222394
9,5,15,2,diurnal,service_sigma_0.2,HC_HI,114,1739,21187519,250.26475533700716,346.252201381116
9,5,15,2,diurnal,service_sigma_0.2,HC_HI,115,2402,21187519,239.18348560169338,337.74330866681674
9,5,15,2,diurnal,service_sigma_0.2,HC_HI,116,1634,21187519,211.55480534965085,296.90587280474506
9,5,15,2,diurnal,service_sigma_0.2,HC_HI,117,645,21187519,274.89929109248834,426.35750049352754
9,5,15,2,diurnal,service_sigma_0.2,HC_HI,118,2380,21187519,234.9254360929745,329.75580453346794
9,5,15,2,diurnal,service_sigma_0.2,HC_HI,119,817,21187519,243.40937007618268,350.91802223767365
9,5,15,2,diurnal,service_sigma_0.2,HC_HI,120,1160,21187519,233.46098834389431,367.11211225116597
9,5,15,2,diurnal,service_sigma_0.2,HC_HI,121,543,21187519,271.706702142157,420.3767942750991
9,5,15,2,diurnal,service_sigma_0.2,HC_HI,122,843,21187519,253.91900705433864,372.90063456829654
9,5,15,2,diurnal,service_sigma_0.2,HC_HI,123,556,21187519,239.672911269081,409.3997497720757
9,5,15,2,diurnal,service_sigma_0.2,HC_HI,124,1477,21187519,258.62493820433576,448.12069871897603
9,5,15,2,diurnal,service_sigma_0.2,HC_HI,125,60,21187519,237.52584956059894,304.2745016938978
9,5,15,2,diurnal,service_sigma_0.2,HC_HI,126,2716,21187519,225.10776042887528,311.9316107458514
9,5,15,2,diurnal,service_sigma_0.2,HC_HI,127,1178,21187519,296.0353213100273,430.98591880002857
9,5,15,2,diurnal,service_sigma_0.2,HC_HI,128,1512,21187519,236.04234294183885,307.4681698393445
9,5,15,2,diurnal,service_sigma_0.2,HC_HI,129,337,21187519,214.07169863644495,235.4361943681545
9,5,15,2,diurnal,service_sigma_0.2,HC_HI,130,2402,21187519,242.01136118025602,348.31041756030083
9,5,15,2,diurnal,service_sigma_0.2,HC_HI,131,1005,21187519,313.20745697419414,451.8993238456371
9,5,15,2,diurnal,service_sigma_0.2,HC_HI,132,2696,21187519,252.73178547053374,428.441869017508
9,5,15,2,diurnal,service_sigma_0.2,HC_HI,133,2757,21187519,220.44667069434453,273.9816018754258
9,5,15,2,diurnal,service_sigma_0.2,HC_HI,134,1112,21187519,235.42020668526897,373.87225562906855
9,5,15,2,diurnal,service_sigma_0.2,HC_HI,135,2964,21187519,260.2031366622287,387.65281026346776
9,5,15,2,diurnal,service_sigma_0.2,HC_HI,136,2853,21187519,274.6436516162978,405.87497134513677
9,5,15,2,diurnal,service_sigma_0.2,HC_HI,137,1797,21187519,263.60307480378754,409.5469175926504
9,5,15,2,diurnal,service_sigma_0.2,HC_HI,138,2824,21187519,174.8522979576523,302.9082598325628
9,5,15,2,diurnal,service_sigma_0.2,HC_HI,139,377,21187519,272.8345500831071,421.0206781684338
9,5,15,2,diurnal,service_sigma_0.2,HC_HI,140,2616,21187519,220.6050387350329,353.9054414244956
9,5,15,2,diurnal,service_sigma_0.2,HC_HI,141,410,21187519,275.5350287745479,372.38752770994626
9,5,15,2,diurnal,service_sigma_0.2,HC_HI,142,750,21187519,289.51384562645137,356.07065153360446
9,5,15,2,diurnal,service_sigma_0.2,HC_HI,143,2720,21187519,261.68395848715204,399.1710260039846
9,5,15,2,diurnal,service_sigma_0.2,HC_HI,144,1232,21187519,243.80309283570176,357.43456483982067
9,5,15,2,diurnal,service_sigma_0.2,HC_HI,145,1801,21187519,232.26556501236388,322.729314234727
9,5,15,2,diurnal,service_sigma_0.2,HC_HI,146,2560,21187519,229.46854655804682,350.77108888902654
9,5,15,2,diurnal,service_sigma_0.2,HC_HI,147,24,21187519,250.48229106986437,338.9218833228815
9,5,15,2,diurnal,service_sigma_0.2,HC_HI,148,1804,21187519,310.75001553167834,442.6742800486986
9,5,15,2,diurnal,service_sigma_0.2,HC_HI,149,2598,21187519,241.55582710903803,421.21265719239597
9,5,15,2,diurnal,service_sigma_0.2,HC_HI,150,1604,21187519,306.01716114408634,471.66580507569245
9,5,15,2,diurnal,service_sigma_0.2,HC_HI,151,1606,21187519,317.103433460268,470.6692910245146
9,5,15,2,diurnal,service_sigma_0.2,HC_HI,152,64,21187519,267.308109366245,370.42736991666027
9,5,15,2,diurnal,service_sigma_0.2,HC_HI,153,2162,21187519,252.16986634683892,342.25791311999114
9,5,15,2,diurnal,service_sigma_0.2,HC_HI,154,2053,21187519,211.22148966606096,369.52162806861605
9,5,15,2,diurnal,service_sigma_0.2,HC_HI,155,1529,21187519,224.31012470867938,371.79252976622337
9,5,15,2,diurnal,service_sigma_0.2,HC_HI,156,2515,21187519,200.07472861504522,349.4063400966737
9,5,15,2,diurnal,service_sigma_0.2,HC_HI,157,2658,21187519,284.26254297299147,379.88834913296506
9,5,15,2,diurnal,service_sigma_0.2,HC_HI,158,2666,21187519,246.49608401518245,401.4294277677663
9,5,15,2,diurnal,service_sigma_0.2,HC_HI,159,2672,21187519,234.9975089256513,385.01010477482095
9,5,15,2,diurnal,service_sigma_0.2,HC_HI,160,2956,21187519,222.40994367681085,332.2911452616365
9,5,15,2,diurnal,service_sigma_0.2,HC_HI,161,1178,21187519,285.1670144749689,427.8631119354121
9,5,15,2,diurnal,service_sigma_0.2,HC_HI,162,28,21187519,274.45604413025643,358.3218740995573
9,5,15,2,diurnal,service_sigma_0.2,HC_HI,163,1175,21187519,251.20026489945553,313.84566036715694
9,5,15,2,diurnal,service_sigma_0.2,HC_HI,164,1404,21187519,313.83253304251406,392.84574902179725
9,5,15,2,diurnal,service_sigma_0.2,HC_HI,165,505,21187519,232.4977526323299,322.938386739853
9,5,15,2,diurnal,service_sigma_0.2,HC_HI,166,389,21187519,219.5449601599118,345.37247162160696
9,5,15,2,diurnal,service_sigma_0.2,HC_HI,167,2535,21187519,232.33437598341823,365.7145489648343
9,5,15,2,diurnal,service_sigma_0.2,HC_HI,168,314,21187519,266.6490601855146,381.41027222022194
9,5,15,2,diurnal,service_sigma_0.2,HC_HI,169,2380,21187519,226.71793590688867,334.64398515294664
9,5,15,2,diurnal,service_sigma_0.2,HC_HI,170,2674,21187519,232.14108710605268,371.3054007012094
9,5,15,2,diurnal,service_sigma_0.2,HC_HI,171,340,21187519,259.18566421099,409.2445904058342
9,5,15,2,diurnal,service_sigma_0.2,HC_HI,172,1267,21187519,247.49582887917737,325.4513299710484
9,5,15,2,diurnal,service_sigma_0.2,HC_HI,173,2515,21187519,196.8625048065924,325.6847002681461
9,5,15,2,diurnal,service_sigma_0.2,HC_HI,174,1206,21187519,250.8567290761638,379.1956463726467
9,5,15,2,diurnal,service_sigma_0.2,HC_HI,175,1043,21187519,320.32246000819106,528.815719022952
9,5,15,2,diurnal,service_sigma_0.2,HC_HI,176,522,21187519,229.22569538339613,324.28949396013627
9,5,15,2,diurnal,service_sigma_0.2,HC_HI,177,1174,21187519,218.88067445908567,361.82738104397447
9,5,15,2,diurnal,service_sigma_0.2,HC_HI,178,236,21187519,276.74247104743506,409.6376265360617
9,5,15,2,diurnal,service_sigma_0.2,HC_HI,179,1604,21187519,317.2160441245072,511.2706168890847
9,5,15,2,diurnal,service_sigma_0.2,HC_HI,180,1508,21187519,248.64931231800486,410.47219628993014
9,5,15,2,diurnal,service_sigma_0.2,HC_HI,181,2375,21187519,237.88656768034377,358.56393999298297
9,5,15,2,diurnal,service_sigma_0.2,HC_HI,182,448,21187519,293.68233490593997,462.9732355442698
9,5,15,2,diurnal,service_sigma_0.2,HC_HI,183,2866,21187519,293.6898726816476,420.7144910650967
9,5,15,2,diurnal,service_sigma_0.2,HC_HI,184,2333,21187519,284.3922703091337,389.22024579664276
9,5,15,2,diurnal,service_sigma_0.2,HC_HI,185,460,21187519,267.4946432229233,372.8600139906754
9,5,15,2,diurnal,service_sigma_0.2,HC_HI,186,1481,21187519,228.7229648724518,345.40539154962164
9,5,15,2,diurnal,service_sigma_0.2,HC_HI,187,2231,21187519,204.09447608672517,347.81832482077976
9,5,15,2,diurnal,service_sigma_0.2,HC_HI,188,2162,21187519,241.62662729526284,345.21340592130025
9,5,15,2,diurnal,service_sigma_0.2,HC_HI,189,1529,21187519,214.78396579288224,374.75715946685233
9,5,15,2,diurnal,service_sigma_0.2,HC_HI,190,910,21187519,287.4145167409459,446.5403005253199
9,5,15,2,diurnal,service_sigma_0.2,HC_HI,191,1634,21187519,211.49458590400323,294.49204118988814
9,5,15,2,diurnal,service_sigma_0.2,HC_HI,192,816,21187519,246.2810796796377,385.9425954339011
9,5,15,2,diurnal,service_sigma_0.2,HC_HI,193,1207,21187519,248.90025406529847,416.1626919761795
9,5,15,2,diurnal,service_sigma_0.2,HC_HI,194,2498,21187519,278.2177474696729,405.3259592132926
9,5,15,2,diurnal,service_sigma_0.2,HC_HI,195,2964,21187519,215.3509439783993,390.98510873700303
9,5,15,2,diurnal,service_sigma_0.2,HC_HI,196,1481,21187519,222.8969511960588,344.5709540202567
9,5,15,2,diurnal,service_sigma_0.2,HC_HI,197,1968,21187519,273.7227175378778,359.1664337796185
9,5,15,2,diurnal,service_sigma_0.2,HC_HI,198,281,21187519,266.2150615885142,426.0821635544196
9,5,15,2,diurnal,service_sigma_0.2,HC_HI,199,1043,21187519,332.7089312255565,543.4857472277441
9,5,15,2,diurnal,service_sigma_0.2,HC_LI,0,2491,21187519,241.12972835075797,318.9482223391898
9,5,15,2,diurnal,service_sigma_0.2,HC_LI,1,1452,21187519,270.1413507472575,401.4250248196428
9,5,15,2,diurnal,service_sigma_0.2,HC_LI,2,2592,21187519,264.75699394097114,423.8834580363792
9,5,15,2,diurnal,service_sigma_0.2,HC_LI,3,1158,21187519,241.09863251257315,352.1183062685776
9,5,15,2,diurnal,service_sigma_0.2,HC_LI,4,2632,21187519,246.4048886903327,350.1265335059837
9,5,15,2,diurnal,service_sigma_0.2,HC_LI,5,1256,21187519,287.1534673167922,460.7409756226656
9,5,15,2,diurnal,service_sigma_0.2,HC_LI,6,900,21187519,271.5625863395002,481.9528990807068
9,5,15,2,diurnal,service_sigma_0.2,HC_LI,7,367,21187519,256.55369918548934,385.6129070152693
9,5,15,2,diurnal,service_sigma_0.2,HC_LI,8,839,21187519,262.8757916534642,389.87185830469105
9,5,15,2,diurnal,service_sigma_0.2,HC_LI,9,2275,21187519,236.12069598872958,357.1905266091129
9,5,15,2,diurnal,service_sigma_0.2,HC_LI,10,1342,21187519,244.42848037753024,292.78690082132033
9,5,15,2,diurnal,service_sigma_0.2,HC_LI,11,1845,21187519,257.19893963308317,429.0598703899901
9,5,15,2,diurnal,service_sigma_0.2,HC_LI,12,1158,21187519,242.12990398949464,338.7445967022809
9,5,15,2,diurnal,service_sigma_0.2,HC_LI,13,2941,21187519,291.038679325413,391.9670437571147
9,5,15,2,diurnal,service_sigma_0.2,HC_LI,14,869,21187519,239.9193690187797,283.15831258203644
9,5,15,2,diurnal,service_sigma_0.2,HC_LI,15,819,21187519,246.12233447232578,390.94824955771065
9,5,15,2,diurnal,service_sigma_0.2,HC_LI,16,2495,21187519,272.802672155252,409.31527195437565
9,5,15,2,diurnal,service_sigma_0.2,HC_LI,17,495,21187519,242.0275405586048,361.7153474760904
9,5,15,2,diurnal,service_sigma_0.2,HC_LI,18,274,21187519,258.58215650667086,371.6620019754707
9,5,15,2,diurnal,service_sigma_0.2,HC_LI,19,627,21187519,278.0209353510644,428.5352472989918
9,5,15,2,diurnal,service_sigma_0.2,HC_LI,20,2093,21187519,233.47798182483777,362.41122400832774
9,5,15,2,diurnal,service_sigma_0.2,HC_LI,21,844,21187519,310.8564298014014,449.49950299726083
9,5,15,2,diurnal,service_sigma_0.2,HC_LI,22,2679,21187519,227.28638472641893,339.60780459012705
9,5,15,2,diurnal,service_sigma_0.2,HC_LI,23,2030,21187519,265.9193638668328,445.7486033899057
9,5,15,2,diurnal,service_sigma_0.2,HC_LI,24,2971,21187519,287.9082038937132,390.5751971862654
9,5,15,2,diurnal,service_sigma_0.2,HC_LI,25,1954,21187519,291.18362233080194,391.59556734109304
9,5,15,2,diurnal,service_sigma_0.2,HC_LI,26,2030,21187519,262.0441923850829,430.57146826628684
9,5,15,2,diurnal,service_sigma_0.2,HC_LI,27,598,21187519,232.59330609943427,394.5081046279451
9,5,15,2,diurnal,service_sigma_0.2,HC_LI,28,1832,21187519,283.7058097661339,388.6515323014133
9,5,15,2,diurnal,service_sigma_0.2,HC_LI,29,1841,21187519,277.4281017491748,381.31747567435565
9,5,15,2,diurnal,service_sigma_0.2,HC_LI,30,546,21187519,253.77304080725736,368.2516086195747
9,5,15,2,diurnal,service_sigma_0.2,HC_LI,31,2906,21187519,246.88782324172124,386.8075438023178
9,5,15,2,diurnal,service_sigma_0.2,HC_LI,32,1993,21187519,238.51701538416523,332.1725758546062
9,5,15,2,diurnal,service_sigma_0.2,HC_LI,33,2495,21187519,261.89611239333794,410.7791344433167
9,5,15,2,diurnal,service_sigma_0.2,HC_LI,34,514,21187519,291.5751238540236,342.2139651183279
9,5,15,2,diurnal,service_sigma_0.2,HC_LI,35,948,21187519,250.99285143342738,326.9888906139025
9,5,15,2,diurnal,service_sigma_0.2,HC_LI,36,1844,21187519,272.34732589320186,381.41832559120246
9,5,15,2,diurnal,service_sigma_0.2,HC_LI,37,367,21187519,249.34711882661668,374.37088595514996
9,5,15,2,diurnal,service_sigma_0.2,HC_LI,38,2319,21187519,221.79547353550706,301.98342240972903
9,5,15,2,diurnal,service_sigma_0.2,HC_LI,39,902,21187519,258.9062611216856,431.37768434504596
9,5,15,2,diurnal,service_sigma_0.2,HC_LI,40,2798,21187519,285.06304932261895,412.9526440411249
9,5,15,2,diurnal,service_sigma_0.2,HC_LI,41,2935,21187519,233.13846786645632,327.97356032975756
9,5,15,2,diurnal,service_sigma_0.2,HC_LI,42,1080,21187519,255.66572964791357,347.1221061130958
9,5,15,2,diurnal,service_sigma_0.2,HC_LI,43,2579,21187519,181.6085562372666,258.48631684597746
9,5,15,2,diurnal,service_sigma_0.2,HC_LI,44,118,21187519,224.69633539430998,371.4408905411604
9,5,15,2,diurnal,service_sigma_0.2,HC_LI,45,2921,21187519,260.24611215088316,382.0858645184051
9,5,15,2,diurnal,service_sigma_0.2,HC_LI,46,936,21187519,246.31951643429292,398.8763959763652
9,5,15,2,diurnal,service_sigma_0.2,HC_LI,47,1432,21187519,253.6106346474265,424.15481426938084
9,5,15,2,diurnal,service_sigma_0.2,HC_LI,48,1021,21187519,259.49432285579474,466.11341639353503
9,5,15,2,diurnal,service_sigma_0.2,HC_LI,49,2798,21187519,280.58223098935423,410.61823929986014
9,5,15,2,diurnal,service_sigma_0.2,HC_LI,50,2935,21187519,227.27737873658123,327.53848284989607
9,5,15,2,diurnal,service_sigma_0.2,HC_LI,51,1049,21187519,279.0941979110145,386.0597116847708
9,5,15,2,diurnal,service_sigma_0.2,HC_LI,52,1845,21187519,257.7714982670096,417.4503204533461
9,5,15,2,diurnal,service_sigma_0.2,HC_LI,53,1483,21187519,261.3731639332336,370.6767327496295
9,5,15,2,diurnal,service_sigma_0.2,HC_LI,54,1764,21187519,290.3034555060051,450.01335870819184
9,5,15,2,diurnal,service_sigma_0.2,HC_LI,55,2800,21187519,233.5420768600308,301.32023691994294
9,5,15,2,diurnal,service_sigma_0.2,HC_LI,56,1080,21187519,248.21842459563828,357.6869816857106
9,5,15,2,diurnal,service_sigma_0.2,HC_LI,57,2679,21187519,220.47225024845673,338.5364328323593
9,5,15,2,diurnal,service_sigma_0.2,HC_LI,58,1483,21187519,239.66604807320832,408.8207785290839
9,5,15,2,diurnal,service_sigma_0.2,HC_LI,59,2574,21187519,275.82933791236684,354.83719585486944
9,5,15,2,diurnal,service_sigma_0.2,HC_LI,60,2935,21187519,230.1136903127176,335.489594408609
9,5,15,2,diurnal,service_sigma_0.2,HC_LI,61,728,21187519,248.84018512219174,354.8783035052843
9,5,15,2,diurnal,service_sigma_0.2,HC_LI,62,465,21187519,267.9105392570036,341.54760181384256
9,5,15,2,diurnal,service_sigma_0.2,HC_LI,63,2243,21187519,279.93704335718576,382.3301177854105
9,5,15,2,diurnal,service_sigma_0.2,HC_LI,64,1914,21187519,250.28823254926687,404.21989010269334
9,5,15,2,diurnal,service_sigma_0.2,HC_LI,65,2870,21187519,264.0259949630001,334.08482363886014
9,5,15,2,diurnal,service_sigma_0.2,HC_LI,66,576,21187519,263.64173264088197,409.396967467378
9,5,15,2,diurnal,service_sigma_0.2,HC_LI,67,1768,21187519,266.1797733157784,330.1312520261767
9,5,15,2,diurnal,service_sigma_0.2,HC_LI,68,2974,21187519,269.7008660826884,364.64408153746206
9,5,15,2,diurnal,service_sigma_0.2,HC_LI,69,1832,21187519,281.34354910550854,372.36322926892825
9,5,15,2,diurnal,service_sigma_0.2,HC_LI,70,1730,21187519,263.28785002026757,400.6459888481448
9,5,15,2,diurnal,service_sigma_0.2,HC_LI,71,274,21187519,273.6429125077618,379.8706894298051
9,5,15,2,diurnal,service_sigma_0.2,HC_LI,72,2352,21187519,240.56383827331484,370.99598281936466
9,5,15,2,diurnal,service_sigma_0.2,HC_LI,73,34,21187519,252.53152056403158,405.8144110177538
9,5,15,2,diurnal,service_sigma_0.2,HC_LI,74,1080,21187519,247.61145673868887,335.5614332864468
9,5,15,2,diurnal,service_sigma_0.2,HC_LI,75,1806,21187519,251.16801199110057,318.06186945479567
9,5,15,2,diurnal,service_sigma_0.2,HC_LI,76,2623,21187519,270.0173198790277,435.21223228431774
9,5,15,2,diurnal,service_sigma_0.2,HC_LI,77,541,21187519,288.09308079601726,382.83517014543787
9,5,15,2,diurnal,service_sigma_0.2,HC_LI,78,1547,21187519,258.5166484316616,391.2206802581749
9,5,15,2,diurnal,service_sigma_0.2,HC_LI,79,2352,21187519,236.8571217716885,369.79551185220333
9,5,15,2,diurnal,service_sigma_0.2,HC_LI,80,895,21187519,255.02787254889478,324.66187725805037
9,5,15,2,diurnal,service_sigma_0.2,HC_LI,81,844,21187519,323.7044165634574,499.3745468557781
9,5,15,2,diurnal,service_sigma_0.2,HC_LI,82,1213,21187519,272.52219911600434,417.5343965838863
9,5,15,2,diurnal,service_sigma_0.2,HC_LI,83,1695,21187519,239.03606990275617,431.64847916175154
9,5,15,2,diurnal,service_sigma_0.2,HC_LI,84,1327,21187519,238.37922074300553,389.4824585161804
9,5,15,2,diurnal,service_sigma_0.2,HC_LI,85,2875,21187519,254.47591082405512,361.9982248048033
9,5,15,2,diurnal,service_sigma_0.2,HC_LI,86,2495,21187519,275.5616445862684,393.1855070211839
9,5,15,2,diurnal,service_sigma_0.2,HC_LI,87,2830,21187519,247.2878472597529,330.71121402485863
9,5,15,2,diurnal,service_sigma_0.2,HC_LI,88,1048,21187519,260.6186378267668,336.19525094301525
9,5,15,2,diurnal,service_sigma_0.2,HC_LI,89,1128,21187519,229.23640042345946,337.3883247346839
9,5,15,2,diurnal,service_sigma_0.2,HC_LI,90,1494,21187519,245.6543188015629,395.560308844107
9,5,15,2,diurnal,service_sigma_0.2,HC_LI,91,2291,21187519,258.7613656763286,378.62651623530553
9,5,15,2,diurnal,service_sigma_0.2,HC_LI,92,839,21187519,258.89862595780545,388.5948572412766
9,5,15,2,diurnal,service_sigma_0.2,HC_LI,93,1350,21187519,280.08706831240414,455.9915672842787
9,5,15,2,diurnal,service_sigma_0.2,HC_LI,94,1176,21187519,232.89505979944164,323.8191896277656
9,5,15,2,diurnal,service_sigma_0.2,HC_LI,95,2906,21187519,237.1513828476837,378.8326297363209
9,5,15,2,diurnal,service_sigma_0.2,HC_LI,96,10,21187519,262.99440202991497,386.67673822810474
9,5,15,2,diurnal,service_sigma_0.2,HC_LI,97,1676,21187519,289.5591463313314,416.3390375789284
9,5,15,2,diurnal,service_sigma_0.2,HC_LI,98,465,21187519,268.680711619658,339.5425209606533
9,5,15,2,diurnal,service_sigma_0.2,HC_LI,99,41,21187519,258.7571211984309,374.5560896802793
9,5,15,2,diurnal,service_sigma_0.2,HC_LI,100,352,21187519,274.67356760017003,364.4786288686928
9,5,15,2,diurnal,service_sigma_0.2,HC_LI,101,878,21187519,254.7881838816648,379.7492868683334
9,5,15,2,diurnal,service_sigma_0.2,HC_LI,102,2742,21187519,257.03068514474535,377.32434676661967
9,5,15,2,diurnal,service_sigma_0.2,HC_LI,103,598,21187519,232.0927673822374,393.11064796343334
9,5,15,2,diurnal,service_sigma_0.2,HC_LI,104,2948,21187519,232.23299221364053,391.32210901429545
9,5,15,2,diurnal,service_sigma_0.2,HC_LI,105,2083,21187519,235.38293932690817,453.06610358604735
9,5,15,2,diurnal,service_sigma_0.2,HC_LI,106,1049,21187519,268.89298967165615,358.660606813378
9,5,15,2,diurnal,service_sigma_0.2,HC_LI,107,1589,21187519,254.44084891728306,350.7026995189765
9,5,15,2,diurnal,service_sigma_0.2,HC_LI,108,1521,21187519,270.74985014521326,425.4563210257841
9,5,15,2,diurnal,service_sigma_0.2,HC_LI,109,2767,21187519,278.545918289437,386.65368068116925
9,5,15,2,diurnal,service_sigma_0.2,HC_LI,110,878,21187519,254.367801690489,374.8493871929973
9,5,15,2,diurnal,service_sigma_0.2,HC_LI,111,1066,21187519,304.0522283855036,430.94996711271585
9,5,15,2,diurnal,service_sigma_0.2,HC_LI,112,728,21187519,253.9939216991388,376.54736547395544
9,5,15,2,diurnal,service_sigma_0.2,HC_LI,113,2795,21187519,239.99403082534639,382.5910514579623
9,5,15,2,diurnal,service_sigma_0.2,HC_LI,114,1386,21187519,236.96883319070665,398.70558168045784
9,5,15,2,diurnal,service_sigma_0.2,HC_LI,115,375,21187519,275.1567874097602,403.9445618047694
9,5,15,2,diurnal,service_sigma_0.2,HC_LI,116,2723,21187519,250.19184218367045,395.461985287896
9,5,15,2,diurnal,service_sigma_0.2,HC_LI,117,656,21187519,274.39288506968484,446.9343017742786
9,5,15,2,diurnal,service_sigma_0.2,HC_LI,118,367,21187519,270.59712728872364,378.86543260934997
9,5,15,2,diurnal,service_sigma_0.2,HC_LI,119,701,21187519,232.96781141102446,352.4811370045339
9,5,15,2,diurnal,service_sigma_0.2,HC_LI,120,1295,21187519,266.56290375072535,377.98784928947293
9,5,15,2,diurnal,service_sigma_0.2,HC_LI,121,18,21187519,270.0256005138402,406.33809581874
9,5,15,2,diurnal,service_sigma_0.2,HC_LI,122,1814,21187519,266.575747004098,360.14596806036667
9,5,15,2,diurnal,service_sigma_0.2,HC_LI,123,2631,21187519,248.11891832137897,418.282110567127
9,5,15,2,diurnal,service_sigma_0.2,HC_LI,124,1158,21187519,243.06082664647423,338.8729909630764
9,5,15,2,diurnal,service_sigma_0.2,HC_LI,125,627,21187519,266.2166899833026,407.0777702223864
9,5,15,2,diurnal,service_sigma_0.2,HC_LI,126,1295,21187519,260.6689344121274,358.0630714505301
9,5,15,2,diurnal,service_sigma_0.2,HC_LI,127,2818,21187519,211.04488693150577,420.12835723600915
9,5,15,2,diurnal,service_sigma_0.2,HC_LI,128,2291,21187519,247.18608457974597,374.38599226179934
9,5,15,2,diurnal,service_sigma_0.2,HC_LI,129,2010,21187519,235.5912584329524,357.80293971388994
9,5,15,2,diurnal,service_sigma_0.2,HC_LI,130,1771,21187519,265.59861088996473,370.63730542067805
9,5,15,2,diurnal,service_sigma_0.2,HC_LI,131,2030,21187519,261.3545214288703,429.55295843706153
9,5,15,2,diurnal,service_sigma_0.2,HC_LI,132,1021,21187519,256.3275240135002,448.96875278766674
9,5,15,2,diurnal,service_sigma_0.2,HC_LI,133,606,21187519,230.63696496940773,350.4405865285767
9,5,15,2,diurnal,service_sigma_0.2,HC_LI,134,273,21187519,265.52825184187213,458.36557257101373
9,5,15,2,diurnal,service_sigma_0.2,HC_LI,135,401,21187519,244.12408075605896,380.97068591619615
9,5,15,2,diurnal,service_sigma_0.2,HC_LI,136,1159,21187519,226.80386164025387,354.6028923709035
9,5,15,2,diurnal,service_sigma_0.2,HC_LI,137,2772,21187519,270.2172020116817,511.8166586840787
9,5,15,2,diurnal,service_sigma_0.2,HC_LI,138,1124,21187519,219.09129661365017,337.7148353362456
9,5,15,2,diurnal,service_sigma_0.2,HC_LI,139,754,21187519,235.86510591362946,364.75185271975386
9,5,15,2,diurnal,service_sigma_0.2,HC_LI,140,1732,21187519,269.50983109442774,415.0020086382715
9,5,15,2,diurnal,service_sigma_0.2,HC_LI,141,2615,21187519,269.22256173321364,399.9709691543848
9,5,15,2,diurnal,service_sigma_0.2,HC_LI,142,2818,21187519,210.82573173748506,420.2153482484785
9,5,15,2,diurnal,service_sigma_0.2,HC_LI,143,457,21187519,312.39451009624923,550.7719987658578
9,5,15,2,diurnal,service_sigma_0.2,HC_LI,144,2491,21187519,241.1069374366852,317.0243802926564
9,5,15,2,diurnal,service_sigma_0.2,HC_LI,145,2336,21187519,242.3216926238597,409.8863491921646
9,5,15,2,diurnal,service_sigma_0.2,HC_LI,146,1432,21187519,232.9783047035896,406.32491724033684
9,5,15,2,diurnal,service_sigma_0.2,HC_LI,147,1704,21187519,256.43814348437894,387.4219644840244
9,5,15,2,diurnal,service_sigma_0.2,HC_LI,148,2065,21187519,252.92478071191906,372.6791524658391
9,5,15,2,diurnal,service_sigma_0.2,HC_LI,149,576,21187519,264.6413967201383,404.9993728482307
9,5,15,2,diurnal,service_sigma_0.2,HC_LI,150,401,21187519,238.39601389773412,370.9747337306973
9,5,15,2,diurnal,service_sigma_0.2,HC_LI,151,2765,21187519,248.8534521502681,350.9486016043397
9,5,15,2,diurnal,service_sigma_0.2,HC_LI,152,638,21187519,297.2977491975889,445.5271596501847
9,5,15,2,diurnal,service_sigma_0.2,HC_LI,153,2276,21187519,271.3437988601782,458.0311838653922
9,5,15,2,diurnal,service_sigma_0.2,HC_LI,154,902,21187519,264.94340094633174,385.36227850772855
9,5,15,2,diurnal,service_sigma_0.2,HC_LI,155,2971,21187519,257.05517260854833,397.6941656964335
9,5,15,2,diurnal,service_sigma_0.2,HC_LI,156,1432,21187519,253.95754462642185,446.26124411715034
9,5,15,2,diurnal,service_sigma_0.2,HC_LI,157,1764,21187519,280.86244258358425,459.09899013907915
9,5,15,2,diurnal,service_sigma_0.2,HC_LI,158,2687,21187519,325.3789809062536,462.6665370216503
9,5,15,2,diurnal,service_sigma_0.2,HC_LI,159,2276,21187519,301.28829625892075,468.468246799123
9,5,15,2,diurnal,service_sigma_0.2,HC_LI,160,2989,21187519,271.95074020663765,413.6469812473157
9,5,15,2,diurnal,service_sigma_0.2,HC_LI,161,2276,21187519,268.90446630401465,477.1123125902811
9,5,15,2,diurnal,service_sigma_0.2,HC_LI,162,1984,21187519,261.7669750334863,420.6687707846258
9,5,15,2,diurnal,service_sigma_0.2,HC_LI,163,844,21187519,319.0279698766106,492.25025822561645
9,5,15,2,diurnal,service_sigma_0.2,HC_LI,164,2083,21187519,225.71551884948255,447.8257374335416
9,5,15,2,diurnal,service_sigma_0.2,HC_LI,165,900,21187519,276.9749441051513,483.7453560537611
9,5,15,2,diurnal,service_sigma_0.2,HC_LI,166,598,21187519,234.18694708351984,402.91552833995644
9,5,15,2,diurnal,service_sigma_0.2,HC_LI,167,2167,21187519,261.08006352772867,371.9273092858343
9,5,15,2,diurnal,service_sigma_0.2,HC_LI,168,2921,21187519,259.92302008831774,389.016770071128
9,5,15,2,diurnal,service_sigma_0.2,HC_LI,169,2795,21187519,239.27282923670802,384.3266391925187
9,5,15,2,diurnal,service_sigma_0.2,HC_LI,170,1327,21187519,241.1846327609017,388.9171441070525
9,5,15,2,diurnal,service_sigma_0.2,HC_LI,171,2167,21187519,265.56706008544205,368.89174059822614
9,5,15,2,diurnal,service_sigma_0.2,HC_LI,172,2536,21187519,258.1628936170723,336.19706552071693
9,5,15,2,diurnal,service_sigma_0.2,HC_LI,173,2818,21187519,226.94986027541105,419.03182379976727
9,5,15,2,diurnal,service_sigma_0.2,HC_LI,174,2989,21187519,274.27918986861266,416.2796294712356
9,5,15,2,diurnal,service_sigma_0.2,HC_LI,175,2921,21187519,262.0034943871782,381.1993491843364
9,5,15,2,diurnal,service_sigma_0.2,HC_LI,176,18,21187519,272.1337494080712,405.44421730819187
9,5,15,2,diurnal,service_sigma_0.2,HC_LI,177,156,21187519,293.249855808282,487.1817346121496
9,5,15,2,diurnal,service_sigma_0.2,HC_LI,178,1828,21187519,244.69112218917118,345.4758357077578
9,5,15,2,diurnal,service_sigma_0.2,HC_LI,179,2336,21187519,242.27237197703204,407.78270217384556
9,5,15,2,diurnal,service_sigma_0.2,HC_LI,180,2690,21187519,253.1044882970425,399.535315759553
9,5,15,2,diurnal,service_sigma_0.2,HC_LI,181,2167,21187519,259.0175651888328,375.7057102446368
9,5,15,2,diurnal,service_sigma_0.2,HC_LI,182,2275,21187519,240.79419677347929,356.33745123551535
9,5,15,2,diurnal,service_sigma_0.2,HC_LI,183,2698,21187519,223.02002183829768,343.7512429474068
9,5,15,2,diurnal,service_sigma_0.2,HC_LI,184,869,21187519,244.2700160815781,332.2152717473682
9,5,15,2,diurnal,service_sigma_0.2,HC_LI,185,1159,21187519,226.78796821702738,371.89866240358765
9,5,15,2,diurnal,service_sigma_0.2,HC_LI,186,2732,21187519,255.9864759106378,436.4362533851972
9,5,15,2,diurnal,service_sigma_0.2,HC_LI,187,2875,21187519,257.2681432120643,363.3952067851256
9,5,15,2,diurnal,service_sigma_0.2,HC_LI,188,2929,21187519,325.32905919606,494.43788166623966
9,5,15,2,diurnal,service_sigma_0.2,HC_LI,189,754,21187519,238.74734583025113,364.4556932846325
9,5,15,2,diurnal,service_sigma_0.2,HC_LI,190,465,21187519,268.4837886057521,339.270075230733
9,5,15,2,diurnal,service_sigma_0.2,HC_LI,191,576,21187519,263.21189337973544,440.0068532504015
9,5,15,2,diurnal,service_sigma_0.2,HC_LI,192,514,21187519,286.42433831095275,324.2513562624813
9,5,15,2,diurnal,service_sigma_0.2,HC_LI,193,2166,21187519,253.39574461828198,333.06197887190626
9,5,15,2,diurnal,service_sigma_0.2,HC_LI,194,1483,21187519,245.86881168047856,369.5034684333476
9,5,15,2,diurnal,service_sigma_0.2,HC_LI,195,465,21187519,267.2367057694503,340.2464627264554
9,5,15,2,diurnal,service_sigma_0.2,HC_LI,196,1037,21187519,252.25975076986367,356.75152543227983
9,5,15,2,diurnal,service_sigma_0.2,HC_LI,197,837,21187519,221.95563368001189,351.9357524172953
9,5,15,2,diurnal,service_sigma_0.2,HC_LI,198,844,21187519,322.85464614905413,454.4102676997988
9,5,15,2,diurnal,service_sigma_0.2,HC_LI,199,541,21187519,288.5116342261149,382.54684256104684
9,5,15,2,diurnal,service_sigma_0.2,LC_HI,0,1837,21187519,258.84374703581824,393.6584005902545
9,5,15,2,diurnal,service_sigma_0.2,LC_HI,1,149,21187519,258.7144511879295,408.58529005887357
9,5,15,2,diurnal,service_sigma_0.2,LC_HI,2,1418,21187519,296.05861920321524,385.16423263017117
9,5,15,2,diurnal,service_sigma_0.2,LC_HI,3,275,21187519,316.2332227889871,482.46141304719987
9,5,15,2,diurnal,service_sigma_0.2,LC_HI,4,605,21187519,253.3241813530604,360.9927371005122
9,5,15,2,diurnal,service_sigma_0.2,LC_HI,5,439,21187519,335.7786818109938,477.5521316166239
9,5,15,2,diurnal,service_sigma_0.2,LC_HI,6,1168,21187519,293.2010850528293,411.73799736552877
9,5,15,2,diurnal,service_sigma_0.2,LC_HI,7,2137,21187519,293.4989275742623,459.2542011656368
9,5,15,2,diurnal,service_sigma_0.2,LC_HI,8,2914,21187519,231.5888159893512,368.3514223049453
9,5,15,2,diurnal,service_sigma_0.2,LC_HI,9,339,21187519,283.10607612240466,399.49087829873173
9,5,15,2,diurnal,service_sigma_0.2,LC_HI,10,2914,21187519,228.05098219396527,381.8864097751208
9,5,15,2,diurnal,service_sigma_0.2,LC_HI,11,434,21187519,203.91212177106829,284.8965595894231
9,5,15,2,diurnal,service_sigma_0.2,LC_HI,12,875,21187519,250.0868716763066,356.52727580654215
9,5,15,2,diurnal,service_sigma_0.2,LC_HI,13,27,21187519,257.6007572999411,420.37548427797407
9,5,15,2,diurnal,service_sigma_0.2,LC_HI,14,82,21187519,255.74835839417358,406.43024151161245
9,5,15,2,diurnal,service_sigma_0.2,LC_HI,15,751,21187519,274.6234988188343,483.62397401886074
9,5,15,2,diurnal,service_sigma_0.2,LC_HI,16,1583,21187519,234.14775430177167,362.16358611224535
9,5,15,2,diurnal,service_sigma_0.2,LC_HI,17,2590,21187519,286.7017311305525,361.7107286535286
9,5,15,2,diurnal,service_sigma_0.2,LC_HI,18,492,21187519,225.55894484550592,320.2158039999182
9,5,15,2,diurnal,service_sigma_0.2,LC_HI,19,1283,21187519,285.94145816768537,387.5420408056842
9,5,15,2,diurnal,service_sigma_0.2,LC_HI,20,217,21187519,231.6218548311394,388.321098129022
9,5,15,2,diurnal,service_sigma_0.2,LC_HI,21,2179,21187519,260.60661055499,337.8921874266127
9,5,15,2,diurnal,service_sigma_0.2,LC_HI,22,1837,21187519,268.7618001406378,399.8582933932937
9,5,15,2,diurnal,service_sigma_0.2,LC_HI,23,2907,21187519,299.63832335900116,419.33604649526364
9,5,15,2,diurnal,service_sigma_0.2,LC_HI,24,1064,21187519,236.00243221706538,375.3802378605742
9,5,15,2,diurnal,service_sigma_0.2,LC_HI,25,2663,21187519,287.17340064210543,469.45801933996006
9,5,15,2,diurnal,service_sigma_0.2,LC_HI,26,310,21187519,281.2869230085611,405.64828574106076
9,5,15,2,diurnal,service_sigma_0.2,LC_HI,27,492,21187519,228.15281326156608,301.313869312668
9,5,15,2,diurnal,service_sigma_0.2,LC_HI,28,1728,21187519,218.2948837797071,316.16778743281924
9,5,15,2,diurnal,service_sigma_0.2,LC_HI,29,310,21187519,281.4094557805704,407.7597879685224
9,5,15,2,diurnal,service_sigma_0.2,LC_HI,30,1245,21187519,240.65641881742576,323.79062214601197
9,5,15,2,diurnal,service_sigma_0.2,LC_HI,31,1058,21187519,292.1550164604527,433.80040499728085
9,5,15,2,diurnal,service_sigma_0.2,LC_HI,32,616,21187519,229.42332718836212,361.34234144972214
9,5,15,2,diurnal,service_sigma_0.2,LC_HI,33,217,21187519,240.42566282924165,387.5692650192124
9,5,15,2,diurnal,service_sigma_0.2,LC_HI,34,1592,21187519,258.83405678753815,396.45507474788474
9,5,15,2,diurnal,service_sigma_0.2,LC_HI,35,1284,21187519,280.52901231537686,346.27703617915506
9,5,15,2,diurnal,service_sigma_0.2,LC_HI,36,27,21187519,250.83482732710885,416.0395877345173
9,5,15,2,diurnal,service_sigma_0.2,LC_HI,37,374,21187519,215.83603425779964,305.3053483959138
9,5,15,2,diurnal,service_sigma_0.2,LC_HI,38,2240,21187519,246.9082334911034,349.13787727420896
9,5,15,2,diurnal,service_sigma_0.2,LC_HI,39,439,21187519,312.7374793394155,478.3845327132192
9,5,15,2,diurnal,service_sigma_0.2,LC_HI,40,275,21187519,326.30440618000927,483.0707551434556
9,5,15,2,diurnal,service_sigma_0.2,LC_HI,41,2823,21187519,253.32909792149798,332.9295897276052
9,5,15,2,diurnal,service_sigma_0.2,LC_HI,42,1449,21187519,296.0325426211207,526.4268612196512
9,5,15,2,diurnal,service_sigma_0.2,LC_HI,43,2179,21187519,246.05026674286083,335.9506776252035
9,5,15,2,diurnal,service_sigma_0.2,LC_HI,44,1101,21187519,206.0780793674949,291.16164956646776
9,5,15,2,diurnal,service_sigma_0.2,LC_HI,45,519,21187519,256.0500827313297,330.6229091671197
9,5,15,2,diurnal,service_sigma_0.2,LC_HI,46,2140,21187519,277.310254850925,475.5095029743463
9,5,15,2,diurnal,service_sigma_0.2,LC_HI,47,751,21187519,290.6562839771639,507.0046843249287
9,5,15,2,diurnal,service_sigma_0.2,LC_HI,48,2902,21187519,224.903338356486,357.68820357189094
9,5,15,2,diurnal,service_sigma_0.2,LC_HI,49,616,21187519,241.42733911854202,363.520695140101
9,5,15,2,diurnal,service_sigma_0.2,LC_HI,50,44,21187519,269.5342211534619,431.2780137477062
9,5,15,2,diurnal,service_sigma_0.2,LC_HI,51,1591,21187519,291.56504988184145,368.66970582274405
9,5,15,2,diurnal,service_sigma_0.2,LC_HI,52,567,21187519,191.9565871775663,248.18141992530408
9,5,15,2,diurnal,service_sigma_0.2,LC_HI,53,1982,21187519,277.6972729502804,414.33249573988354
9,5,15,2,diurnal,service_sigma_0.2,LC_HI,54,745,21187519,253.14152644275953,453.5139781070633
9,5,15,2,diurnal,service_sigma_0.2,LC_HI,55,1004,21187519,314.0319877506106,431.3991163279036
9,5,15,2,diurnal,service_sigma_0.2,LC_HI,56,519,21187519,255.32610901872792,337.30373076392635
9,5,15,2,diurnal,service_sigma_0.2,LC_HI,57,2882,21187519,222.1280951408654,341.104079825216
9,5,15,2,diurnal,service_sigma_0.2,LC_HI,58,1374,21187519,228.87312680642165,314.9143060494661
9,5,15,2,diurnal,service_sigma_0.2,LC_HI,59,586,21187519,261.0802513218753,383.33150629124356
9,5,15,2,diurnal,service_sigma_0.2,LC_HI,60,1127,21187519,190.54509579659072,254.07297082805897
9,5,15,2,diurnal,service_sigma_0.2,LC_HI,61,2140,21187519,276.9939761622254,466.8352748663967
9,5,15,2,diurnal,service_sigma_0.2,LC_HI,62,1150,21187519,213.76078512443772,282.6841014549902
9,5,15,2,diurnal,service_sigma_0.2,LC_HI,63,1485,21187519,236.41169834215094,386.47094827013154
9,5,15,2,diurnal,service_sigma_0.2,LC_HI,64,1297,21187519,203.6488634008491,324.69009841530965
9,5,15,2,diurnal,service_sigma_0.2,LC_HI,65,1961,21187519,206.45352262880036,365.0163826670432
9,5,15,2,diurnal,service_sigma_0.2,LC_HI,66,2027,21187519,254.14062845618741,346.9192836318445
9,5,15,2,diurnal,service_sigma_0.2,LC_HI,67,2138,21187519,282.9605783323866,384.547963015374
9,5,15,2,diurnal,service_sigma_0.2,LC_HI,68,498,21187519,260.6507671867902,400.6447281099293
9,5,15,2,diurnal,service_sigma_0.2,LC_HI,69,2488,21187519,232.5749195731762,388.9363092298419
9,5,15,2,diurnal,service_sigma_0.2,LC_HI,70,1660,21187519,245.41895807072888,389.4068947212358
9,5,15,2,diurnal,service_sigma_0.2,LC_HI,71,2190,21187519,271.74388375522597,380.9575756273435
9,5,15,2,diurnal,service_sigma_0.2,LC_HI,72,1469,21187519,318.4716809234714,412.0791536644357
9,5,15,2,diurnal,service_sigma_0.2,LC_HI,73,426,21187519,294.9252029312843,447.6480727201558
9,5,15,2,diurnal,service_sigma_0.2,LC_HI,74,1004,21187519,302.781088008215,406.4228428902295
9,5,15,2,diurnal,service_sigma_0.2,LC_HI,75,1202,21187519,226.40658928074444,357.88843072670767
9,5,15,2,diurnal,service_sigma_0.2,LC_HI,76,2058,21187519,191.49389161954767,296.39620057284213
9,5,15,2,diurnal,service_sigma_0.2,LC_HI,77,1594,21187519,259.7433069181903,433.52916527235175
9,5,15,2,diurnal,service_sigma_0.2,LC_HI,78,2370,21187519,187.98113030691104,309.84799728101837
9,5,15,2,diurnal,service_sigma_0.2,LC_HI,79,2081,21187519,223.8352992318204,319.5615842556612
9,5,15,2,diurnal,service_sigma_0.2,LC_HI,80,2570,21187519,270.17221651998034,359.2507711012769
9,5,15,2,diurnal,service_sigma_0.2,LC_HI,81,2982,21187519,275.0095059259408,396.95617556881945
9,5,15,2,diurnal,service_sigma_0.2,LC_HI,82,310,21187519,278.8306709804127,407.46257531281077
9,5,15,2,diurnal,service_sigma_0.2,LC_HI,83,52,21187519,257.02236890694434,334.3463895013059
9,5,15,2,diurnal,service_sigma_0.2,LC_HI,84,1317,21187519,227.72355588453286,316.5326986387559
9,5,15,2,diurnal,service_sigma_0.2,LC_HI,85,1591,21187519,291.1591724071279,360.49271861003047
9,5,15,2,diurnal,service_sigma_0.2,LC_HI,86,1079,21187519,233.98907946494683,301.5360062892503
9,5,15,2,diurnal,service_sigma_0.2,LC_HI,87,2268,21187519,286.415941840314,417.48466303962573
9,5,15,2,diurnal,service_sigma_0.2,LC_HI,88,1826,21187519,286.7598716974604,383.95045220575065
9,5,15,2,diurnal,service_sigma_0.2,LC_HI,89,2274,21187519,198.67074865010005,297.30839412278465
9,5,15,2,diurnal,service_sigma_0.2,LC_HI,90,1595,21187519,256.68865850384594,394.2409078481479
9,5,15,2,diurnal,service_sigma_0.2,LC_HI,91,1272,21187519,234.7121538394768,322.4089424957554
9,5,15,2,diurnal,service_sigma_0.2,LC_HI,92,1079,21187519,212.38212195526208,311.73966716406744
9,5,15,2,diurnal,service_sigma_0.2,LC_HI,93,534,21187519,220.72432927455287,321.058481722026
9,5,15,2,diurnal,service_sigma_0.2,LC_HI,94,557,21187519,252.53352544550927,338.3742138229314
9,5,15,2,diurnal,service_sigma_0.2,LC_HI,95,550,21187519,230.24649218231977,323.0313032002544
9,5,15,2,diurnal,service_sigma_0.2,LC_HI,96,2326,21187519,226.9700195055051,377.51253542438724
9,5,15,2,diurnal,service_sigma_0.2,LC_HI,97,590,21187519,265.8507576823193,426.81232209663756
9,5,15,2,diurnal,service_sigma_0.2,LC_HI,98,1317,21187519,225.2090230808982,324.4302945407671
9,5,15,2,diurnal,service_sigma_0.2,LC_HI,99,52,21187519,246.83328821059462,331.3543413947605
9,5,15,2,diurnal,service_sigma_0.2,LC_HI,100,550,21187519,233.11116607182626,325.2483254448408
9,5,15,2,diurnal,service_sigma_0.2,LC_HI,101,378,21187519,264.12422109722024,370.12422109722024
9,5,15,2,diurnal,service_sigma_0.2,LC_HI,102,870,21187519,240.10166147108635,353.24087593570596
9,5,15,2,diurnal,service_sigma_0.2,LC_HI,103,513,21187519,304.0531878338142,428.88487596808966
9,5,15,2,diurnal,service_sigma_0.2,LC_HI,104,1284,21187519,275.15773327021964,345.3635655431366
9,5,15,2,diurnal,service_sigma_0.2,LC_HI,105,2958,21187519,276.1599568591434,398.6091536264689
9,5,15,2,diurnal,service_sigma_0.2,LC_HI,106,1982,21187519,263.4208877185629,432.0013855200856
9,5,15,2,diurnal,service_sigma_0.2,LC_HI,107,2265,21187519,237.88830433960192,411.36842052989647
9,5,15,2,diurnal,service_sigma_0.2,LC_HI,108,359,21187519,251.40365163511393,382.2991721071883
9,5,15,2,diurnal,service_sigma_0.2,LC_HI,109,616,21187519,238.16389921550365,367.7858156410507
9,5,15,2,diurnal,service_sigma_0.2,LC_HI,110,534,21187519,238.18620526810477,329.2640440851264
9,5,15,2,diurnal,service_sigma_0.2,LC_HI,111,605,21187519,255.71838214034221,328.8555869042066
9,5,15,2,diurnal,service_sigma_0.2,LC_HI,112,255,21187519,230.09490057179895,270.5107151190425
9,5,15,2,diurnal,service_sigma_0.2,LC_HI,113,1058,21187519,290.33888467723716,417.43893219575597
9,5,15,2,diurnal,service_sigma_0.2,LC_HI,114,2722,21187519,291.80566047681,402.8582521693416
9,5,15,2,diurnal,service_sigma_0.2,LC_HI,115,928,21187519,266.9518101028516,378.29730621947726
9,5,15,2,diurnal,service_sigma_0.2,LC_HI,116,2851,21187519,273.7229273525503,402.0980657232114
9,5,15,2,diurnal,service_sigma_0.2,LC_HI,117,2914,21187519,243.01755905614905,381.1167540135014
9,5,15,2,diurnal,service_sigma_0.2,LC_HI,118,1439,21187519,298.896189795843,433.7715587278989
9,5,15,2,diurnal,service_sigma_0.2,LC_HI,119,1064,21187519,234.93007810893295,376.355686761064
9,5,15,2,diurnal,service_sigma_0.2,LC_HI,120,2453,21187519,255.66860441470843,411.3286213010325
9,5,15,2,diurnal,service_sigma_0.2,LC_HI,121,1459,21187519,189.25322274698925,329.2846141108334
9,5,15,2,diurnal,service_sigma_0.2,LC_HI,122,1863,21187519,200.6314519713049,235.62822139150356
9,5,15,2,diurnal,service_sigma_0.2,LC_HI,123,2419,21187519,291.610325890122,372.83725222396515
9,5,15,2,diurnal,service_sigma_0.2,LC_HI,124,2241,21187519,202.53948972825373,334.5538546880969
9,5,15,2,diurnal,service_sigma_0.2,LC_HI,125,2027,21187519,238.23035399068633,348.60669768195044
9,5,15,2,diurnal,service_sigma_0.2,LC_HI,126,616,21187519,230.85670565312014,363.09613513465075
9,5,15,2,diurnal,service_sigma_0.2,LC_HI,127,374,21187519,213.42906654785563,305.5100097852812
9,5,15,2,diurnal,service_sigma_0.2,LC_HI,128,590,21187519,266.42928961529014,420.2204394251541
9,5,15,2,diurnal,service_sigma_0.2,LC_HI,129,492,21187519,225.00985111093686,324.0248217169612
9,5,15,2,diurnal,service_sigma_0.2,LC_HI,130,2966,21187519,268.9188267789001,403.71615132364485
9,5,15,2,diurnal,service_sigma_0.2,LC_HI,131,1592,21187519,288.44770608619575,394.12540389548394
9,5,15,2,diurnal,service_sigma_0.2,LC_HI,132,1583,21187519,234.3541199497591,359.0182195960183
9,5,15,2,diurnal,service_sigma_0.2,LC_HI,133,751,21187519,282.26924099520767,487.9801288715071
9,5,15,2,diurnal,service_sigma_0.2,LC_HI,134,1499,21187519,278.73470259929417,353.97660070527843
9,5,15,2,diurnal,service_sigma_0.2,LC_HI,135,513,21187519,290.981587081796,433.9074464676315
9,5,15,2,diurnal,service_sigma_0.2,LC_HI,136,2722,21187519,292.94421678802735,402.1688402701315
9,5,15,2,diurnal,service_sigma_0.2,LC_HI,137,875,21187519,249.85398503162304,350.6271031407805
9,5,15,2,diurnal,service_sigma_0.2,LC_HI,138,2915,21187519,255.29458930006652,369.657162451371
9,5,15,2,diurnal,service_sigma_0.2,LC_HI,139,1485,21187519,247.16046931282457,365.5085043770895
9,5,15,2,diurnal,service_sigma_0.2,LC_HI,140,2902,21187519,216.23575760104742,319.62282592123574
9,5,15,2,diurnal,service_sigma_0.2,LC_HI,141,2138,21187519,293.82830573658975,393.16144763415554
9,5,15,2,diurnal,service_sigma_0.2,LC_HI,142,2102,21187519,229.78209013109355,330.7170632502897
9,5,15,2,diurnal,service_sigma_0.2,LC_HI,143,590,21187519,268.2370290152449,423.27040586212166
9,5,15,2,diurnal,service_sigma_0.2,LC_HI,144,2810,21187519,258.20821035576336,368.3981764890114
9,5,15,2,diurnal,service_sigma_0.2,LC_HI,145,1058,21187519,284.9717253660858,433.5745144809057
9,5,15,2,diurnal,service_sigma_0.2,LC_HI,146,781,21187519,210.23951136493758,316.1307753074372
9,5,15,2,diurnal,service_sigma_0.2,LC_HI,147,1253,21187519,267.4532526659063,373.65675448559944
9,5,15,2,diurnal,service_sigma_0.2,LC_HI,148,1471,21187519,295.74176314019775,396.8735361476636
9,5,15,2,diurnal,service_sigma_0.2,LC_HI,149,2138,21187519,286.4056239117485,383.87130701505424
9,5,15,2,diurnal,service_sigma_0.2,LC_HI,150,1721,21187519,252.64465272725963,341.9507656561613
9,5,15,2,diurnal,service_sigma_0.2,LC_HI,151,1969,21187519,251.4416811658837,392.8814150902557
9,5,15,2,diurnal,service_sigma_0.2,LC_HI,152,605,21187519,247.51985916628624,330.9015760338419
9,5,15,2,diurnal,service_sigma_0.2,LC_HI,153,693,21187519,301.2897162648379,430.9762097401153
9,5,15,2,diurnal,service_sigma_0.2,LC_HI,154,2693,21187519,293.2468257514825,371.24727910615667
9,5,15,2,diurnal,service_sigma_0.2,LC_HI,155,2058,21187519,190.59323847988867,297.799664524524
9,5,15,2,diurnal,service_sigma_0.2,LC_HI,156,2120,21187519,186.1493892552363,314.149687892377
9,5,15,2,diurnal,service_sigma_0.2,LC_HI,157,2232,21187519,230.24687113280294,406.8167896118843
9,5,15,2,diurnal,service_sigma_0.2,LC_HI,158,693,21187519,276.32356465607796,435.8845915124029
9,5,15,2,diurnal,service_sigma_0.2,LC_HI,159,2370,21187519,188.2909962986165,301.90136593295796
9,5,15,2,diurnal,service_sigma_0.2,LC_HI,160,1696,21187519,268.6817745728516,375.87254742832766
9,5,15,2,diurnal,service_sigma_0.2,LC_HI,161,2137,21187519,276.48166679257105,464.183609525424
9,5,15,2,diurnal,service_sigma_0.2,LC_HI,162,498,21187519,258.17372959889997,398.72343264893436
9,5,15,2,diurnal,service_sigma_0.2,LC_HI,163,529,21187519,291.50779833814835,442.95170710600655
9,5,15,2,diurnal,service_sigma_0.2,LC_HI,164,1728,21187519,219.85320422982744,310.2846903136046
9,5,15,2,diurnal,service_sigma_0.2,LC_HI,165,1994,21187519,291.4412748056672,394.36561322762407
9,5,15,2,diurnal,service_sigma_0.2,LC_HI,166,1205,21187519,234.78900904265197,356.9159257789916
9,5,15,2,diurnal,service_sigma_0.2,LC_HI,167,781,21187519,211.42048194452644,304.76527571018323
9,5,15,2,diurnal,service_sigma_0.2,LC_HI,168,834,21187519,253.34357581639267,381.29178790125746
9,5,15,2,diurnal,service_sigma_0.2,LC_HI,169,1568,21187519,180.18076883440165,270.3281974238393
9,5,15,2,diurnal,service_sigma_0.2,LC_HI,170,2429,21187519,300.3156451492339,423.00483784565034
9,5,15,2,diurnal,service_sigma_0.2,LC_HI,171,1439,21187519,298.1352467632026,437.8463887840953
9,5,15,2,diurnal,service_sigma_0.2,LC_HI,172,498,21187519,258.10000928456975,398.16007846572
9,5,15,2,diurnal,service_sigma_0.2,LC_HI,173,1738,21187519,249.82987515892728,358.99939872535657
9,5,15,2,diurnal,service_sigma_0.2,LC_HI,174,1092,21187519,275.3199562543434,449.23408076118557
9,5,15,2,diurnal,service_sigma_0.2,LC_HI,175,1150,21187519,211.6944719440502,282.23932225577244
9,5,15,2,diurnal,service_sigma_0.2,LC_HI,176,2069,21187519,269.5103426288695,380.44685042187604
9,5,15,2,diurnal,service_sigma_0.2,LC_HI,177,1738,21187519,254.0110385715627,364.01448028444236
9,5,15,2,diurnal,service_sigma_0.2,LC_HI,178,1382,21187519,245.24744611198017,348.6795426871556
9,5,15,2,diurnal,service_sigma_0.2,LC_HI,179,1728,21187519,223.47194613498561,312.323951009134
9,5,15,2,diurnal,service_sigma_0.2,LC_HI,180,1469,21187519,300.6569650838677,412.1112315292815
9,5,15,2,diurnal,service_sigma_0.2,LC_HI,181,2370,21187519,196.82012987476324,309.84670213293526
9,5,15,2,diurnal,service_sigma_0.2,LC_HI,182,545,21187519,287.63789817107755,428.36802343474665
9,5,15,2,diurnal,service_sigma_0.2,LC_HI,183,605,21187519,254.17642541996617,328.69082110707143
9,5,15,2,diurnal,service_sigma_0.2,LC_HI,184,2676,21187519,247.44360570024756,380.5940841127243
9,5,15,2,diurnal,service_sigma_0.2,LC_HI,185,341,21187519,198.45479979153095,274.8058140605548
9,5,15,2,diurnal,service_sigma_0.2,LC_HI,186,519,21187519,256.81002060535246,337.1391188062849
9,5,15,2,diurnal,service_sigma_0.2,LC_HI,187,2950,21187519,228.23206868409414,326.32083667626137
9,5,15,2,diurnal,service_sigma_0.2,LC_HI,188,1616,21187519,309.91837427757736,442.97079890281435
9,5,15,2,diurnal,service_sigma_0.2,LC_HI,189,745,21187519,264.5732204264461,453.186680484132
9,5,15,2,diurnal,service_sigma_0.2,LC_HI,190,2511,21187519,206.7382412938719,256.40771536147986
9,5,15,2,diurnal,service_sigma_0.2,LC_HI,191,2137,21187519,290.9451453405114,459.77651797677197
9,5,15,2,diurnal,service_sigma_0.2,LC_HI,192,2161,21187519,173.16597280170055,208.1915933606438
9,5,15,2,diurnal,service_sigma_0.2,LC_HI,193,1779,21187519,223.26989949261082,257.4045778306138
9,5,15,2,diurnal,service_sigma_0.2,LC_HI,194,1817,21187519,337.01636225238224,561.2829600003964
9,5,15,2,diurnal,service_sigma_0.2,LC_HI,195,1721,21187519,258.7241494907988,344.0134652958535
9,5,15,2,diurnal,service_sigma_0.2,LC_HI,196,1526,21187519,256.1554158740699,375.03051078611617
9,5,15,2,diurnal,service_sigma_0.2,LC_HI,197,823,21187519,238.176340946008,341.85700375636105
9,5,15,2,diurnal,service_sigma_0.2,LC_HI,198,2527,21187519,265.986890615378,409.41403541716187
9,5,15,2,diurnal,service_sigma_0.2,LC_HI,199,1994,21187519,286.7191293953884,395.24082499938385
9,5,15,2,diurnal,service_sigma_0.2,LC_LI,0,938,21187519,287.11619144225625,424.98860169400007
9,5,15,2,diurnal,service_sigma_0.2,LC_LI,1,2518,21187519,276.50447432574134,453.36097956190196
9,5,15,2,diurnal,service_sigma_0.2,LC_LI,2,1307,21187519,212.70767882417968,321.8099732485864
9,5,15,2,diurnal,service_sigma_0.2,LC_LI,3,2130,21187519,258.13168279594817,387.8203699701769
9,5,15,2,diurnal,service_sigma_0.2,LC_LI,4,2733,21187519,295.3441891682377,432.5300567313126
9,5,15,2,diurnal,service_sigma_0.2,LC_LI,5,20,21187519,241.61418303621542,343.0280323048937
9,5,15,2,diurnal,service_sigma_0.2,LC_LI,6,2378,21187519,257.6731482749281,435.47838709657015
9,5,15,2,diurnal,service_sigma_0.2,LC_LI,7,589,21187519,243.39632626606743,381.3137023850594
9,5,15,2,diurnal,service_sigma_0.2,LC_LI,8,527,21187519,274.9605328816479,375.7057746653636
9,5,15,2,diurnal,service_sigma_0.2,LC_LI,9,850,21187519,270.1355087262303,410.84344375970437
9,5,15,2,diurnal,service_sigma_0.2,LC_LI,10,1427,21187519,314.49200261334477,436.8594985184909
9,5,15,2,diurnal,service_sigma_0.2,LC_LI,11,1641,21187519,240.83841047973925,360.67010303899275
9,5,15,2,diurnal,service_sigma_0.2,LC_LI,12,2603,21187519,293.09595274261716,391.88405226026913
9,5,15,2,diurnal,service_sigma_0.2,LC_LI,13,2472,21187519,283.79938522559695,372.9533603907384
9,5,15,2,diurnal,service_sigma_0.2,LC_LI,14,2358,21187519,307.0283995598495,442.6434561707614
9,5,15,2,diurnal,service_sigma_0.2,LC_LI,15,2860,21187519,234.75281084786016,407.70731862134676
9,5,15,2,diurnal,service_sigma_0.2,LC_LI,16,560,21187519,192.83746604768757,277.64440754829457
9,5,15,2,diurnal,service_sigma_0.2,LC_LI,17,1427,21187519,317.2631244014242,429.4789314362774
9,5,15,2,diurnal,service_sigma_0.2,LC_LI,18,1647,21187519,285.9089439804349,396.4513729113041
9,5,15,2,diurnal,service_sigma_0.2,LC_LI,19,1495,21187519,259.6940044347858,379.4677817955939
9,5,15,2,diurnal,service_sigma_0.2,LC_LI,20,2968,21187519,271.0022968496738,417.2039531694766
9,5,15,2,diurnal,service_sigma_0.2,LC_LI,21,1118,21187519,268.89520092136297,383.77690082194925
9,5,15,2,diurnal,service_sigma_0.2,LC_LI,22,561,21187519,253.61826905928314,391.43815081872583
9,5,15,2,diurnal,service_sigma_0.2,LC_LI,23,830,21187519,244.5501467782373,380.70810403887606
9,5,15,2,diurnal,service_sigma_0.2,LC_LI,24,1800,21187519,258.5690696225991,429.6182373614233
9,5,15,2,diurnal,service_sigma_0.2,LC_LI,25,612,21187519,278.54182651104765,400.421737639579
9,5,15,2,diurnal,service_sigma_0.2,LC_LI,26,2968,21187519,298.96277254909984,436.8098776548853
9,5,15,2,diurnal,service_sigma_0.2,LC_LI,27,2884,21187519,258.88188319501927,420.39843876541545
9,5,15,2,diurnal,service_sigma_0.2,LC_LI,28,72,21187519,249.38522118558373,363.80905080113814
9,5,15,2,diurnal,service_sigma_0.2,LC_LI,29,2694,21187519,276.2895089641394,397.74332824610127
9,5,15,2,diurnal,service_sigma_0.2,LC_LI,30,363,21187519,237.1844868930798,364.7367940351352
9,5,15,2,diurnal,service_sigma_0.2,LC_LI,31,976,21187519,252.31041086429428,347.7180962895609
9,5,15,2,diurnal,service_sigma_0.2,LC_LI,32,1336,21187519,226.75462878174835,306.2360146492241
9,5,15,2,diurnal,service_sigma_0.2,LC_LI,33,2595,21187519,290.01521455356004,476.9406924203975
9,5,15,2,diurnal,service_sigma_0.2,LC_LI,34,830,21187519,253.13598233038417,372.66173210109855
9,5,15,2,diurnal,service_sigma_0.2,LC_LI,35,1633,21187519,259.4846334561621,361.9572871501013
9,5,15,2,diurnal,service_sigma_0.2,LC_LI,36,2829,21187519,272.14195074003413,371.73961762304754
9,5,15,2,diurnal,service_sigma_0.2,LC_LI,37,336,21187519,255.02183639717862,377.2484599525699
9,5,15,2,diurnal,service_sigma_0.2,LC_LI,38,2762,21187519,219.6894412591425,294.9176144643281
9,5,15,2,diurnal,service_sigma_0.2,LC_LI,39,1890,21187519,214.2200479602031,300.95870959326646
9,5,15,2,diurnal,service_sigma_0.2,LC_LI,40,2184,21187519,275.7754277952457,363.8438232153672
9,5,15,2,diurnal,service_sigma_0.2,LC_LI,41,2267,21187519,232.19007205350917,350.138735489416
9,5,15,2,diurnal,service_sigma_0.2,LC_LI,42,1081,21187519,234.81323377247068,354.42985446516553
9,5,15,2,diurnal,service_sigma_0.2,LC_LI,43,1171,21187519,286.32672255830335,389.07356249297453
9,5,15,2,diurnal,service_sigma_0.2,LC_LI,44,20,21187519,244.71315312195108,360.37942903936204
9,5,15,2,diurnal,service_sigma_0.2,LC_LI,45,2762,21187519,223.25745450056618,310.8069000721143
9,5,15,2,diurnal,service_sigma_0.2,LC_LI,46,1340,21187519,278.4835823095524,400.85632897826514
9,5,15,2,diurnal,service_sigma_0.2,LC_LI,47,2176,21187519,296.5359216851593,426.23192357065335
9,5,15,2,diurnal,service_sigma_0.2,LC_LI,48,140,21187519,239.109757361381,412.86552725566787
9,5,15,2,diurnal,service_sigma_0.2,LC_LI,49,20,21187519,239.78767146746756,359.9238431315206
9,5,15,2,diurnal,service_sigma_0.2,LC_LI,50,1625,21187519,281.93180937518366,390.4846833423976
9,5,15,2,diurnal,service_sigma_0.2,LC_LI,51,1920,21187519,246.83021410714318,386.40977472031256
9,5,15,2,diurnal,service_sigma_0.2,LC_LI,52,1911,21187519,222.53255061332692,348.9270879468601
9,5,15,2,diurnal,service_sigma_0.2,LC_LI,53,1091,21187519,270.5022293286469,338.5964399175621
9,5,15,2,diurnal,service_sigma_0.2,LC_LI,54,2331,21187519,293.84567608555676,351.8561125766948
9,5,15,2,diurnal,service_sigma_0.2,LC_LI,55,2155,21187519,263.01928887766786,442.91480770426773
9,5,15,2,diurnal,service_sigma_0.2,LC_LI,56,1898,21187519,292.86829339800767,347.9922159057713
9,5,15,2,diurnal,service_sigma_0.2,LC_LI,57,527,21187519,276.0516310105884,373.2464120424428
9,5,15,2,diurnal,service_sigma_0.2,LC_LI,58,42,21187519,281.14290811298537,426.66112994305473
9,5,15,2,diurnal,service_sigma_0.2,LC_LI,59,2267,21187519,227.56612408591204,342.34845869455484
9,5,15,2,diurnal,service_sigma_0.2,LC_LI,60,1759,21187519,284.2093282542075,354.38122778821617
9,5,15,2,diurnal,service_sigma_0.2,LC_LI,61,2733,21187519,289.659203882099,434.0238644141349
9,5,15,2,diurnal,service_sigma_0.2,LC_LI,62,136,21187519,238.25394288389148,331.34792220499395
9,5,15,2,diurnal,service_sigma_0.2,LC_LI,63,935,21187519,309.087762572459,395.03389307243094
9,5,15,2,diurnal,service_sigma_0.2,LC_LI,64,1368,21187519,264.62060180643346,396.90786104903077
9,5,15,2,diurnal,service_sigma_0.2,LC_LI,65,488,21187519,219.8930406651846,338.0888808569952
9,5,15,2,diurnal,service_sigma_0.2,LC_LI,66,62,21187519,305.35963605084544,436.60774240388855
9,5,15,2,diurnal,service_sigma_0.2,LC_LI,67,336,21187519,254.20800407400472,397.1497218066458
9,5,15,2,diurnal,service_sigma_0.2,LC_LI,68,2728,21187519,305.13707038519624,397.2246979658741
9,5,15,2,diurnal,service_sigma_0.2,LC_LI,69,865,21187519,287.80036595688017,443.28043925222244
9,5,15,2,diurnal,service_sigma_0.2,LC_LI,70,1242,21187519,249.77217335597388,405.81270471685684
9,5,15,2,diurnal,service_sigma_0.2,LC_LI,71,977,21187519,259.48477669141766,347.2358622240452
9,5,15,2,diurnal,service_sigma_0.2,LC_LI,72,11,21187519,298.9774850122047,413.67137039986756
9,5,15,2,diurnal,service_sigma_0.2,LC_LI,73,554,21187519,241.3662359607739,303.1462981137147
9,5,15,2,diurnal,service_sigma_0.2,LC_LI,74,1171,21187519,259.08167428647005,381.9880620855883
9,5,15,2,diurnal,service_sigma_0.2,LC_LI,75,2198,21187519,278.013708047314,424.94049495053696
9,5,15,2,diurnal,service_sigma_0.2,LC_LI,76,1506,21187519,258.30699020502374,325.01997783945217
9,5,15,2,diurnal,service_sigma_0.2,LC_LI,77,2518,21187519,277.44340454227483,449.2320378170861
9,5,15,2,diurnal,service_sigma_0.2,LC_LI,78,346,21187519,240.0137460448205,363.63822859406383
9,5,15,2,diurnal,service_sigma_0.2,LC_LI,79,111,21187519,274.406342471915,411.9691761787372
9,5,15,2,diurnal,service_sigma_0.2,LC_LI,80,1316,21187519,247.4710586941443,403.60525529410177
9,5,15,2,diurnal,service_sigma_0.2,LC_LI,81,1546,21187519,336.83967850659707,423.68140726807763
9,5,15,2,diurnal,service_sigma_0.2,LC_LI,82,2831,21187519,242.18155483614103,296.93173474250295
9,5,15,2,diurnal,service_sigma_0.2,LC_LI,83,1668,21187519,284.80381619672954,445.33072172201025
9,5,15,2,diurnal,service_sigma_0.2,LC_LI,84,488,21187519,223.1480015075409,333.14381910651656
9,5,15,2,diurnal,service_sigma_0.2,LC_LI,85,2520,21187519,211.8146101040697,366.6368338289464
9,5,15,2,diurnal,service_sigma_0.2,LC_LI,86,2603,21187519,293.77904285168853,394.30096868126924
9,5,15,2,diurnal,service_sigma_0.2,LC_LI,87,938,21187519,296.6474061433603,424.19928017605656
9,5,15,2,diurnal,service_sigma_0.2,LC_LI,88,1365,21187519,292.475457792808,443.17384013366603
9,5,15,2,diurnal,service_sigma_0.2,LC_LI,89,1091,21187519,271.9863799611899,340.47177205807316
9,5,15,2,diurnal,service_sigma_0.2,LC_LI,90,583,21187519,252.74493533541553,399.2927301282767
9,5,15,2,diurnal,service_sigma_0.2,LC_LI,91,31,21187519,269.93099187691894,386.9781454764089
9,5,15,2,diurnal,service_sigma_0.2,LC_LI,92,2037,21187519,213.90250524513758,328.3222196015041
9,5,15,2,diurnal,service_sigma_0.2,LC_LI,93,865,21187519,288.03968994921,443.85038816402897
9,5,15,2,diurnal,service_sigma_0.2,LC_LI,94,2130,21187519,265.182951197738,386.8630999867334
9,5,15,2,diurnal,service_sigma_0.2,LC_LI,95,1152,21187519,289.94110490916347,446.1790123292549
9,5,15,2,diurnal,service_sigma_0.2,LC_LI,96,2860,21187519,234.73004191205143,415.1872712970581
9,5,15,2,diurnal,service_sigma_0.2,LC_LI,97,583,21187519,265.61634073986875,392.7147675195645
9,5,15,2,diurnal,service_sigma_0.2,LC_LI,98,1071,21187519,260.06053860004204,379.86853021053287
9,5,15,2,diurnal,service_sigma_0.2,LC_LI,99,1365,21187519,272.6875755061868,441.14282984885347
9,5,15,2,diurnal,service_sigma_0.2,LC_LI,100,1463,21187519,259.1867313647532,404.8791715298723
9,5,15,2,diurnal,service_sigma_0.2,LC_LI,101,266,21187519,256.4240158793835,370.6775189701985
9,5,15,2,diurnal,service_sigma_0.2,LC_LI,102,1365,21187519,273.00240780097806,447.2676235840721
9,5,15,2,diurnal,service_sigma_0.2,LC_LI,103,1051,21187519,297.29230506742357,367.3457058273976
9,5,15,2,diurnal,service_sigma_0.2,LC_LI,104,1668,21187519,285.0684821662858,447.45895798366934
9,5,15,2,diurnal,service_sigma_0.2,LC_LI,105,2945,21187519,306.19436860550877,439.1427833223201
9,5,15,2,diurnal,service_sigma_0.2,LC_LI,106,2008,21187519,255.68858005032172,461.55996220731095
9,5,15,2,diurnal,service_sigma_0.2,LC_LI,107,2920,21187519,269.87326935389433,338.75816665062115
9,5,15,2,diurnal,service_sigma_0.2,LC_LI,108,71,21187519,251.80003912656193,400.3802693824355
9,5,15,2,diurnal,service_sigma_0.2,LC_LI,109,2296,21187519,240.81233638066965,385.24642408982476
9,5,15,2,diurnal,service_sigma_0.2,LC_LI,110,1276,21187519,237.0101442787728,338.70472796065656
9,5,15,2,diurnal,service_sigma_0.2,LC_LI,111,1118,21187519,274.83689899174504,390.4498848167229
9,5,15,2,diurnal,service_sigma_0.2,LC_LI,112,2829,21187519,274.00348343304415,372.8468253793473
9,5,15,2,diurnal,service_sigma_0.2,LC_LI,113,2396,21187519,256.14943533617327,332.825764579738
9,5,15,2,diurnal,service_sigma_0.2,LC_LI,114,111,21187519,284.26447426063703,416.56763259611944
9,5,15,2,diurnal,service_sigma_0.2,LC_LI,115,2694,21187519,282.13564253910727,394.14671498131594
9,5,15,2,diurnal,service_sigma_0.2,LC_LI,116,72,21187519,264.66062994901415,364.74147003435303
9,5,15,2,diurnal,service_sigma_0.2,LC_LI,117,1747,21187519,261.39783359727915,372.93107239429145
9,5,15,2,diurnal,service_sigma_0.2,LC_LI,118,612,21187519,279.8043059109308,399.7990212928157
9,5,15,2,diurnal,service_sigma_0.2,LC_LI,119,776,21187519,266.9674177702092,320.6656201156168
9,5,15,2,diurnal,service_sigma_0.2,LC_LI,120,125,21187519,288.36712973526454,411.2266937940682
9,5,15,2,diurnal,service_sigma_0.2,LC_LI,121,1495,21187519,269.8155486639177,385.86595871129686
9,5,15,2,diurnal,service_sigma_0.2,LC_LI,122,2320,21187519,213.64730978112811,342.4182845376038
9,5,15,2,diurnal,service_sigma_0.2,LC_LI,123,2467,21187519,239.86673010413892,383.52940948421053
9,5,15,2,diurnal,service_sigma_0.2,LC_LI,124,71,21187519,243.43081595557177,409.1095284538086
9,5,15,2,diurnal,service_sigma_0.2,LC_LI,125,1091,21187519,268.2382338928213,342.44336889222353
9,5,15,2,diurnal,service_sigma_0.2,LC_LI,126,239,21187519,333.7917292274999,466.82359527577086
9,5,15,2,diurnal,service_sigma_0.2,LC_LI,127,976,21187519,253.52601590452886,361.3529529226415
9,5,15,2,diurnal,service_sigma_0.2,LC_LI,128,431,21187519,218.35645083258873,319.70673940931977
9,5,15,2,diurnal,service_sigma_0.2,LC_LI,129,72,21187519,250.61951034979046,364.96040832911257
9,5,15,2,diurnal,service_sigma_0.2,LC_LI,130,547,21187519,235.36706301501428,311.30596589975534
9,5,15,2,diurnal,service_sigma_0.2,LC_LI,131,830,21187519,240.04982088748807,369.99515558335025
9,5,15,2,diurnal,service_sigma_0.2,LC_LI,132,2920,21187519,266.6021500496038,337.25676482427224
9,5,15,2,diurnal,service_sigma_0.2,LC_LI,133,1347,21187519,214.9408051720086,323.6779186889143
9,5,15,2,diurnal,service_sigma_0.2,LC_LI,134,2001,21187519,296.5218968431688,409.52225708185034
9,5,15,2,diurnal,service_sigma_0.2,LC_LI,135,1254,21187519,260.13165986357143,359.3226028814068
9,5,15,2,diurnal,service_sigma_0.2,LC_LI,136,145,21187519,285.4736265387021,395.66800675682293
9,5,15,2,diurnal,service_sigma_0.2,LC_LI,137,136,21187519,239.28271546874663,339.4859282060082
9,5,15,2,diurnal,service_sigma_0.2,LC_LI,138,1997,21187519,258.9216952834013,389.9548215629316
9,5,15,2,diurnal,service_sigma_0.2,LC_LI,139,2199,21187519,211.74894891773835,270.1080721763947
9,5,15,2,diurnal,service_sigma_0.2,LC_LI,140,1878,21187519,236.33687536040023,381.71382970287766
9,5,15,2,diurnal,service_sigma_0.2,LC_LI,141,1276,21187519,232.86591489072055,333.84982105801873
9,5,15,2,diurnal,service_sigma_0.2,LC_LI,142,547,21187519,240.94203470457302,275.0028077291476
9,5,15,2,diurnal,service_sigma_0.2,LC_LI,143,614,21187519,235.199005551996,344.4295279458213
9,5,15,2,diurnal,service_sigma_0.2,LC_LI,144,2497,21187519,233.89380137339649,357.3915239289442
9,5,15,2,diurnal,service_sigma_0.2,LC_LI,145,1276,21187519,226.73852026908412,332.93897450526964
9,5,15,2,diurnal,service_sigma_0.2,LC_LI,146,66,21187519,226.52443605732583,353.9799990746207
9,5,15,2,diurnal,service_sigma_0.2,LC_LI,147,2760,21187519,246.5993553396256,398.69228394692465
9,5,15,2,diurnal,service_sigma_0.2,LC_LI,148,935,21187519,311.6191490789268,402.7465282370708
9,5,15,2,diurnal,service_sigma_0.2,LC_LI,149,145,21187519,293.8738518829335,410.99760719170075
9,5,15,2,diurnal,service_sigma_0.2,LC_LI,150,824,21187519,312.1027348608717,400.9748167144283
9,5,15,2,diurnal,service_sigma_0.2,LC_LI,151,1051,21187519,302.44345153164784,378.9091113380823
9,5,15,2,diurnal,service_sigma_0.2,LC_LI,152,547,21187519,240.22589448026855,270.34850449263774
9,5,15,2,diurnal,service_sigma_0.2,LC_LI,153,1304,21187519,296.66182141774664,401.5771884465392
9,5,15,2,diurnal,service_sigma_0.2,LC_LI,154,560,21187519,187.64926697900225,261.50493829541637
9,5,15,2,diurnal,service_sigma_0.2,LC_LI,155,2518,21187519,274.11203345812254,455.3360732763289
9,5,15,2,diurnal,service_sigma_0.2,LC_LI,156,15,21187519,298.1215263528387,423.00450734556375
9,5,15,2,diurnal,service_sigma_0.2,LC_LI,157,2728,21187519,300.74910257747223,403.4574471393276
9,5,15,2,diurnal,service_sigma_0.2,LC_LI,158,1094,21187519,290.8074317788373,418.1373017561111
9,5,15,2,diurnal,service_sigma_0.2,LC_LI,159,1117,21187519,287.5226118863997,399.0563692246788
9,5,15,2,diurnal,service_sigma_0.2,LC_LI,160,141,21187519,251.48614822466547,351.3721139524992
9,5,15,2,diurnal,service_sigma_0.2,LC_LI,161,1104,21187519,239.48417274555015,369.268690935967
9,5,15,2,diurnal,service_sigma_0.2,LC_LI,162,1118,21187519,272.67215325992794,390.89887014845436
9,5,15,2,diurnal,service_sigma_0.2,LC_LI,163,392,21187519,212.1828845207904,292.32661127626903
9,5,15,2,diurnal,service_sigma_0.2,LC_LI,164,1463,21187519,257.5153866542069,411.7775912725756
9,5,15,2,diurnal,service_sigma_0.2,LC_LI,165,776,21187519,254.2526903206671,333.82469233691484
9,5,15,2,diurnal,service_sigma_0.2,LC_LI,166,2378,21187519,259.9686146846183,437.3810542814097
9,5,15,2,diurnal,service_sigma_0.2,LC_LI,167,324,21187519,221.0785243235428,356.3631406111348
9,5,15,2,diurnal,service_sigma_0.2,LC_LI,168,1579,21187519,229.04266098772908,314.1503459912978
9,5,15,2,diurnal,service_sigma_0.2,LC_LI,169,2603,21187519,291.1222296509574,385.4846933370721
9,5,15,2,diurnal,service_sigma_0.2,LC_LI,170,1890,21187519,212.64363753355263,298.1100031586228
9,5,15,2,diurnal,service_sigma_0.2,LC_LI,171,2829,21187519,262.17137861682426,375.468240343275
9,5,15,2,diurnal,service_sigma_0.2,LC_LI,172,707,21187519,245.51335137361673,415.344827744116
9,5,15,2,diurnal,service_sigma_0.2,LC_LI,173,1770,21187519,213.4806431333985,249.15745758216502
9,5,15,2,diurnal,service_sigma_0.2,LC_LI,174,2843,21187519,248.26831766341408,337.9991877639076
9,5,15,2,diurnal,service_sigma_0.2,LC_LI,175,2518,21187519,274.3141936555491,454.02626035663985
9,5,15,2,diurnal,service_sigma_0.2,LC_LI,176,1974,21187519,258.709857987805,332.4076556211466
9,5,15,2,diurnal,service_sigma_0.2,LC_LI,177,2159,21187519,292.69268692016306,362.67965667380463
9,5,15,2,diurnal,service_sigma_0.2,LC_LI,178,2395,21187519,213.13532829761948,346.61291132152877
9,5,15,2,diurnal,service_sigma_0.2,LC_LI,179,1242,21187519,250.41949741233748,406.82703341435666
9,5,15,2,diurnal,service_sigma_0.2,LC_LI,180,125,21187519,296.92375767384294,405.97706523008435
9,5,15,2,diurnal,service_sigma_0.2,LC_LI,181,1574,21187519,269.82717185311014,353.68948640761624
9,5,15,2,diurnal,service_sigma_0.2,LC_LI,182,1974,21187519,260.07709518886435,333.9498535336031
9,5,15,2,diurnal,service_sigma_0.2,LC_LI,183,1668,21187519,289.78113877584536,445.1021422345484
9,5,15,2,diurnal,service_sigma_0.2,LC_LI,184,1991,21187519,256.9983512496527,399.2059279639903
9,5,15,2,diurnal,service_sigma_0.2,LC_LI,185,140,21187519,236.6867218400185,411.24780416915445
9,5,15,2,diurnal,service_sigma_0.2,LC_LI,186,830,21187519,249.54427397282274,352.5320205905159
9,5,15,2,diurnal,service_sigma_0.2,LC_LI,187,452,21187519,251.91579650869645,395.13429026207785
9,5,15,2,diurnal,service_sigma_0.2,LC_LI,188,1974,21187519,264.4368608374943,335.7310304124791
9,5,15,2,diurnal,service_sigma_0.2,LC_LI,189,446,21187519,301.46019604423026,450.3746946380832
9,5,15,2,diurnal,service_sigma_0.2,LC_LI,190,547,21187519,267.1484855903465,323.4926816948622
9,5,15,2,diurnal,service_sigma_0.2,LC_LI,191,2233,21187519,214.1650302888414,365.47095270528524
9,5,15,2,diurnal,service_sigma_0.2,LC_LI,192,527,21187519,260.47722146001485,373.22159923435714
9,5,15,2,diurnal,service_sigma_0.2,LC_LI,193,1318,21187519,170.67634161156798,236.72364366442588
9,5,15,2,diurnal,service_sigma_0.2,LC_LI,194,977,21187519,274.02558532934773,369.3143409776353
9,5,15,2,diurnal,service_sigma_0.2,LC_LI,195,336,21187519,260.95423734391846,398.62017687164627
9,5,15,2,diurnal,service_sigma_0.2,LC_LI,196,980,21187519,257.3643511930063,346.1596606314463
9,5,15,2,diurnal,service_sigma_0.2,LC_LI,197,446,21187519,316.4238399824725,453.2765684223935
9,5,15,2,diurnal,service_sigma_0.2,LC_LI,198,2835,21187519,289.61371126158105,414.53724742815325
9,5,15,2,diurnal,service_sigma_0.2,LC_LI,199,2728,21187519,286.589757692695,391.4994789991178
11,5,30,2,uniform,service_sigma_0.2,random,0,235,21387525,251.62065980775122,374.40746036160476
11,5,30,2,uniform,service_sigma_0.2,random,1,301,21387525,240.7781274114675,358.2453468628793
11,5,30,2,uniform,service_sigma_0.2,random,2,2222,21387525,253.6483638737747,386.847539141136
11,5,30,2,uniform,service_sigma_0.2,random,3,216,21387525,268.01556208111276,319.99857135803177
11,5,30,2,uniform,service_sigma_0.2,random,4,1597,21387525,278.8062919580533,384.80143595223586
11,5,30,2,uniform,service_sigma_0.2,random,5,121,21387525,265.7795936931171,380.76195711801915
11,5,30,2,uniform,service_sigma_0.2,random,6,2618,21387525,221.44815746158048,378.0357167663026
11,5,30,2,uniform,service_sigma_0.2,random,7,2468,21387525,253.5293630307053,339.59343396825085
11,5,30,2,uniform,service_sigma_0.2,random,8,2783,21387525,205.03047038701484,309.8642691683444
11,5,30,2,uniform,service_sigma_0.2,random,9,2757,21387525,243.3124076243871,300.7712220299202
11,5,30,2,uniform,service_sigma_0.2,random,10,1436,21387525,258.56431781819117,408.5726279010764
11,5,30,2,uniform,service_sigma_0.2,random,11,2445,21387525,222.59650220391305,360.6692739759134
11,5,30,2,uniform,service_sigma_0.2,random,12,2614,21387525,264.72026555117117,427.0069654147211
11,5,30,2,uniform,service_sigma_0.2,random,13,1260,21387525,235.7365845606918,333.9819679383116
11,5,30,2,uniform,service_sigma_0.2,random,14,2762,21387525,267.209048042454,385.13045104881434
11,5,30,2,uniform,service_sigma_0.2,random,15,1927,21387525,209.3595685421925,310.6865061152097
11,5,30,2,uniform,service_sigma_0.2,random,16,1224,21387525,291.1705001909733,374.79348697523255
11,5,30,2,uniform,service_sigma_0.2,random,17,2350,21387525,228.4590469123979,331.1362321863484
11,5,30,2,uniform,service_sigma_0.2,random,18,867,21387525,244.3357334858003,314.70959803900024
11,5,30,2,uniform,service_sigma_0.2,random,19,908,21387525,289.808090884778,370.4597211945114
11,5,30,2,uniform,service_sigma_0.2,random,20,2198,21387525,284.58350201570954,418.053382869036
11,5,30,2,uniform,service_sigma_0.2,random,21,826,21387525,277.8044877668124,406.86386439098663
11,5,30,2,uniform,service_sigma_0.2,random,22,2436,21387525,215.24314874908427,353.3173636076111
11,5,30,2,uniform,service_sigma_0.2,random,23,2671,21387525,222.23112487457647,325.89097614403175
11,5,30,2,uniform,service_sigma_0.2,random,24,196,21387525,245.50684386202434,414.38756723308
11,5,30,2,uniform,service_sigma_0.2,random,25,640,21387525,253.12149267282953,338.1851310892902
11,5,30,2,uniform,service_sigma_0.2,random,26,1515,21387525,268.1960401192345,394.7503964388604
11,5,30,2,uniform,service_sigma_0.2,random,27,1072,21387525,222.66093201438358,298.5515624119252
11,5,30,2,uniform,service_sigma_0.2,random,28,2457,21387525,249.79028827950063,469.22822214951464
11,5,30,2,uniform,service_sigma_0.2,random,29,2001,21387525,240.37236976250728,369.4455098892517
11,5,30,2,uniform,service_sigma_0.2,random,30,2690,21387525,213.91628285080048,387.43637366248254
11,5,30,2,uniform,service_sigma_0.2,random,31,298,21387525,232.70239172064953,336.8352943710184
11,5,30,2,uniform,service_sigma_0.2,random,32,931,21387525,264.8141577431447,354.5577776806313
11,5,30,2,uniform,service_sigma_0.2,random,33,2654,21387525,264.58101171987806,379.2226663767872
11,5,30,2,uniform,service_sigma_0.2,random,34,2520,21387525,287.4059543338965,410.2167943412255
11,5,30,2,uniform,service_sigma_0.2,random,35,2723,21387525,295.7198048133831,453.0887820503512
11,5,30,2,uniform,service_sigma_0.2,random,36,2521,21387525,198.80776195124378,346.60298737702857
11,5,30,2,uniform,service_sigma_0.2,random,37,2544,21387525,238.95227229714786,367.1930191893327
11,5,30,2,uniform,service_sigma_0.2,random,38,1025,21387525,270.2713090005161,438.5918982770246
11,5,30,2,uniform,service_sigma_0.2,random,39,2869,21387525,240.332224838256,373.8098505105653
11,5,30,2,uniform,service_sigma_0.2,random,40,135,21387525,263.33616183695153,398.40606920578756
11,5,30,2,uniform,service_sigma_0.2,random,41,2410,21387525,286.99163195634594,436.1016391631677
11,5,30,2,uniform,service_sigma_0.2,random,42,2566,21387525,285.2187529459541,398.4479265635716
11,5,30,2,uniform,service_sigma_0.2,random,43,1199,21387525,182.19024533090027,233.08549854035522
11,5,30,2,uniform,service_sigma_0.2,random,44,500,21387525,192.6428036981599,312.05036466563655
11,5,30,2,uniform,service_sigma_0.2,random,45,382,21387525,258.53553063100975,425.0118198197546
11,5,30,2,uniform,service_sigma_0.2,random,46,2532,21387525,238.71317995328494,325.3393357895669
11,5,30,2,uniform,service_sigma_0.2,random,47,1835,21387525,250.41765948068988,403.6370619063026
11,5,30,2,uniform,service_sigma_0.2,random,48,816,21387525,245.33872093897264,370.3840463509388
11,5,30,2,uniform,service_sigma_0.2,random,49,978,21387525,221.9910841352884,309.24611956356006
11,5,30,2,uniform,service_sigma_0.2,random,50,1468,21387525,292.25475981114187,400.6920147710167
11,5,30,2,uniform,service_sigma_0.2,random,51,1224,21387525,280.03238843810726,384.59173801555335
11,5,30,2,uniform,service_sigma_0.2,random,52,971,21387525,222.19627384662462,342.2231168581901
11,5,30,2,uniform,service_sigma_0.2,random,53,950,21387525,284.5608286264907,491.26980609303354
11,5,30,2,uniform,service_sigma_0.2,random,54,1774,21387525,244.89126229277258,400.37919242787905
11,5,30,2,uniform,service_sigma_0.2,random,55,2275,21387525,310.82876631582667,529.1328288384668
11,5,30,2,uniform,service_sigma_0.2,random,56,1713,21387525,277.22038841792784,430.5355329258196
11,5,30,2,uniform,service_sigma_0.2,random,57,1344,21387525,260.90344280666426,415.7741664897432
11,5,30,2,uniform,service_sigma_0.2,random,58,1691,21387525,225.2909559155268,357.76129744046847
11,5,30,2,uniform,service_sigma_0.2,random,59,912,21387525,261.13312187984576,391.3521438839229
11,5,30,2,uniform,service_sigma_0.2,random,60,25,21387525,252.21942018363043,356.0295382359717
11,5,30,2,uniform,service_sigma_0.2,random,61,1343,21387525,281.04627864695374,427.76353899305377
11,5,30,2,uniform,service_sigma_0.2,random,62,2158,21387525,274.81976406305535,365.9004355558286
11,5,30,2,uniform,service_sigma_0.2,random,63,1533,21387525,282.24697964936854,468.0134649296457
11,5,30,2,uniform,service_sigma_0.2,random,64,1630,21387525,262.016978081867,426.4516915016102
11,5,30,2,uniform,service_sigma_0.2,random,65,1969,21387525,250.8902764724499,413.993195489567
11,5,30,2,uniform,service_sigma_0.2,random,66,2313,21387525,266.62394897521386,394.1154161750312
11,5,30,2,uniform,service_sigma_0.2,random,67,906,21387525,255.61980937539465,339.49897795510645
11,5,30,2,uniform,service_sigma_0.2,random,68,2865,21387525,212.29223529111977,310.79533171874306
11,5,30,2,uniform,service_sigma_0.2,random,69,692,21387525,263.1248866153026,356.57383494832027
11,5,30,2,uniform,service_sigma_0.2,random,70,2890,21387525,238.07306559701055,364.1920461965152
11,5,30,2,uniform,service_sigma_0.2,random,71,1595,21387525,274.2325348182798,383.8561432604825
11,5,30,2,uniform,service_sigma_0.2,random,72,932,21387525,271.03462234561505,390.35959922496767
11,5,30,2,uniform,service_sigma_0.2,random,73,540,21387525,246.9563220053062,437.8757026536085
11,5,30,2,uniform,service_sigma_0.2,random,74,2468,21387525,252.87095550089043,339.6058061557046
11,5,30,2,uniform,service_sigma_0.2,random,75,690,21387525,253.64868180585532,400.61438961027915
11,5,30,2,uniform,service_sigma_0.2,random,76,19,21387525,235.58907046522958,371.50939222324735
11,5,30,2,uniform,service_sigma_0.2,random,77,1677,21387525,243.13177402763833,398.29274911175344
11,5,30,2,uniform,service_sigma_0.2,random,78,5,21387525,228.3314653905042,359.90021045973674
11,5,30,2,uniform,service_sigma_0.2,random,79,2284,21387525,235.48760145768796,310.84005634681813
11,5,30,2,uniform,service_sigma_0.2,random,80,1474,21387525,274.71283119781685,525.8272797261519
11,5,30,2,uniform,service_sigma_0.2,random,81,1705,21387525,270.5953707872787,394.05468810420075
11,5,30,2,uniform,service_sigma_0.2,random,82,17,21387525,243.04857061338225,436.81592198602243
11,5,30,2,uniform,service_sigma_0.2,random,83,939,21387525,243.90544058497247,303.98426396238347
11,5,30,2,uniform,service_sigma_0.2,random,84,756,21387525,258.8108360775267,388.0767697427035
11,5,30,2,uniform,service_sigma_0.2,random,85,184,21387525,251.8412459917707,371.5280968661711
11,5,30,2,uniform,service_sigma_0.2,random,86,1129,21387525,240.44347896513014,310.74132714455874
11,5,30,2,uniform,service_sigma_0.2,random,87,186,21387525,285.1864736158066,433.7697531197076
11,5,30,2,uniform,service_sigma_0.2,random,88,2844,21387525,252.1598395544996,409.37155609574216
11,5,30,2,uniform,service_sigma_0.2,random,89,2368,21387525,225.88437127605383,303.8786672796388
11,5,30,2,uniform,service_sigma_0.2,random,90,1814,21387525,194.66688321834977,303.94105571413286
11,5,30,2,uniform,service_sigma_0.2,random,91,2262,21387525,227.200990476278,311.80731331039374
11,5,30,2,uniform,service_sigma_0.2,random,92,2400,21387525,198.02408000611666,318.9594805407088
11,5,30,2,uniform,service_sigma_0.2,random,93,229,21387525,267.55139547112356,375.5858454055201
11,5,30,2,uniform,service_sigma_0.2,random,94,163,21387525,234.68666735961182,342.85496164752135
11,5,30,2,uniform,service_sigma_0.2,random,95,32,21387525,250.71276743757977,411.5522203623909
11,5,30,2,uniform,service_sigma_0.2,random,96,101,21387525,271.3165937504632,438.6758373821682
11,5,30,2,uniform,service_sigma_0.2,random,97,746,21387525,284.20376646212,420.60013441657986
11,5,30,2,uniform,service_sigma_0.2,random,98,2926,21387525,287.93788944589943,481.42821909462475
11,5,30,2,uniform,service_sigma_0.2,random,99,1580,21387525,225.5620775687921,339.41200054196895
11,5,30,2,uniform,service_sigma_0.2,random,100,508,21387525,224.14491822016913,360.199833176781
11,5,30,2,uniform,service_sigma_0.2,random,101,632,21387525,278.6808042658712,322.1776359810947
11,5,30,2,uniform,service_sigma_0.2,random,102,1735,21387525,227.84561176413922,336.4369100743571
11,5,30,2,uniform,service_sigma_0.2,random,103,366,21387525,257.61586017349316,388.383085618636
11,5,30,2,uniform,service_sigma_0.2,random,104,852,21387525,305.49669301752505,428.72422535443746
11,5,30,2,uniform,service_sigma_0.2,random,105,2376,21387525,250.84094969117325,352.39763934298315
11,5,30,2,uniform,service_sigma_0.2,random,106,1893,21387525,323.92894188791087,492.9204412375171
11,5,30,2,uniform,service_sigma_0.2,random,107,1501,21387525,222.19799463403518,343.1979946340352
11,5,30,2,uniform,service_sigma_0.2,random,108,1018,21387525,259.3476798659056,420.8899129427971
11,5,30,2,uniform,service_sigma_0.2,random,109,1823,21387525,258.62337794051996,315.66201661773493
11,5,30,2,uniform,service_sigma_0.2,random,110,2260,21387525,216.7858073821439,333.7245134612705
11,5,30,2,uniform,service_sigma_0.2,random,111,1836,21387525,271.563161980215,440.0196116058579
11,5,30,2,uniform,service_sigma_0.2,random,112,2606,21387525,271.8455312932169,415.5370548415816
11,5,30,2,uniform,service_sigma_0.2,random,113,1766,21387525,262.4923368271909,410.3886985956964
11,5,30,2,uniform,service_sigma_0.2,random,114,2775,21387525,250.79239004405218,402.2451685182445
11,5,30,2,uniform,service_sigma_0.2,random,115,2151,21387525,175.92323449963547,273.89422776948464
11,5,30,2,uniform,service_sigma_0.2,random,116,2774,21387525,269.1475708678373,316.6559412728311
11,5,30,2,uniform,service_sigma_0.2,random,117,785,21387525,248.47598093149654,359.0820514855291
11,5,30,2,uniform,service_sigma_0.2,random,118,727,21387525,218.82701215520584,323.12007811039916
11,5,30,2,uniform,service_sigma_0.2,random,119,375,21387525,239.30783232648497,299.31999672015456
11,5,30,2,uniform,service_sigma_0.2,random,120,1037,21387525,226.66567675403792,298.53583406019766
11,5,30,2,uniform,service_sigma_0.2,random,121,2032,21387525,217.39721837962634,327.33842977183855
11,5,30,2,uniform,service_sigma_0.2,random,122,1423,21387525,237.8114974871375,334.41353783456594
11,5,30,2,uniform,service_sigma_0.2,random,123,1252,21387525,279.0135517890379,383.6959543360472
11,5,30,2,uniform,service_sigma_0.2,random,124,2912,21387525,252.87987064837012,370.9327200365484
11,5,30,2,uniform,service_sigma_0.2,random,125,1009,21387525,216.03394141154206,281.8844809770782
11,5,30,2,uniform,service_sigma_0.2,random,126,1161,21387525,199.65199492455537,324.1202897306574
11,5,30,2,uniform,service_sigma_0.2,random,127,1958,21387525,258.73129758630614,467.9643080860596
11,5,30,2,uniform,service_sigma_0.2,random,128,2228,21387525,282.0677511667183,391.52152153336476
11,5,30,2,uniform,service_sigma_0.2,random,129,2497,21387525,245.19032951827086,382.14194258948737
11,5,30,2,uniform,service_sigma_0.2,random,130,114,21387525,199.54896417670383,357.31867890852
11,5,30,2,uniform,service_sigma_0.2,random,131,1987,21387525,270.92842244786874,412.6168148763879
11,5,30,2,uniform,service_sigma_0.2,random,132,1323,21387525,238.63429138560235,396.44148171059993
11,5,30,2,uniform,service_sigma_0.2,random,133,1967,21387525,260.4084759201506,381.5795117619526
11,5,30,2,uniform,service_sigma_0.2,random,134,1248,21387525,253.40473681108946,374.0218939809919
11,5,30,2,uniform,service_sigma_0.2,random,135,2630,21387525,270.08543036288347,399.30463502272625
11,5,30,2,uniform,service_sigma_0.2,random,136,1338,21387525,244.83157239650566,450.69156470809367
11,5,30,2,uniform,service_sigma_0.2,random,137,2960,21387525,250.85565983269686,370.5266324142915
11,5,30,2,uniform,service_sigma_0.2,random,138,2150,21387525,249.59969994783182,428.816367273866
11,5,30,2,uniform,service_sigma_0.2,random,139,1680,21387525,196.59360848891885,295.3648191584316
11,5,30,2,uniform,service_sigma_0.2,random,140,2552,21387525,262.9670969303321,329.46458471095605
11,5,30,2,uniform,service_sigma_0.2,random,141,2870,21387525,261.3898428405433,399.57058685664316
11,5,30,2,uniform,service_sigma_0.2,random,142,770,21387525,243.5729102694532,404.8880813909463
11,5,30,2,uniform,service_sigma_0.2,random,143,2243,21387525,207.27742622955728,348.9770539064633
11,5,30,2,uniform,service_sigma_0.2,random,144,2623,21387525,274.6280461594282,444.04659739885
11,5,30,2,uniform,service_sigma_0.2,random,145,2327,21387525,233.04307832700871,303.965855917836
11,5,30,2,uniform,service_sigma_0.2,random,146,1978,21387525,246.06916134683803,387.20144120832236
11,5,30,2,uniform,service_sigma_0.2,random,147,705,21387525,246.72517513866498,384.5775001618907
11,5,30,2,uniform,service_sigma_0.2,random,148,1227,21387525,281.4139432796893,381.8497700747943
11,5,30,2,uniform,service_sigma_0.2,random,149,1428,21387525,257.8802640658006,379.71522151121314
11,5,30,2,uniform,service_sigma_0.2,random,150,1254,21387525,250.30675773238627,320.64919709523593
11,5,30,2,uniform,service_sigma_0.2,random,151,545,21387525,247.8326523710641,349.455062640375
11,5,30,2,uniform,service_sigma_0.2,random,152,577,21387525,245.62367111363028,327.6051342823307
11,5,30,2,uniform,service_sigma_0.2,random,153,2627,21387525,297.46574353432595,461.57360137924377
11,5,30,2,uniform,service_sigma_0.2,random,154,2680,21387525,222.02613831385716,370.3082768999385
11,5,30,2,uniform,service_sigma_0.2,random,155,947,21387525,281.04171253160507,420.39494790447765
11,5,30,2,uniform,service_sigma_0.2,random,156,2211,21387525,231.5703680486486,333.5722171838586
11,5,30,2,uniform,service_sigma_0.2,random,157,1254,21387525,248.74643708809813,327.7068255058747
11,5,30,2,uniform,service_sigma_0.2,random,158,614,21387525,298.23143032533045,409.27595042523615
11,5,30,2,uniform,service_sigma_0.2,random,159,2298,21387525,248.800314332512,417.9079075484484
11,5,30,2,uniform,service_sigma_0.2,random,160,259,21387525,285.5972578971871,397.76993877812794
11,5,30,2,uniform,service_sigma_0.2,random,161,2120,21387525,225.4778104833394,265.7587475360217
11,5,30,2,uniform,service_sigma_0.2,random,162,1995,21387525,278.5974509833534,410.875414319364
11,5,30,2,uniform,service_sigma_0.2,random,163,88,21387525,295.7549289216074,444.90246840816786
11,5,30,2,uniform,service_sigma_0.2,random,164,1030,21387525,272.1349936372316,457.6610952448031
11,5,30,2,uniform,service_sigma_0.2,random,165,530,21387525,230.25427407960996,411.6275019732448
11,5,30,2,uniform,service_sigma_0.2,random,166,799,21387525,276.9172478829663,433.515898506029
11,5,30,2,uniform,service_sigma_0.2,random,167,379,21387525,268.66331793314566,365.1043545090385
11,5,30,2,uniform,service_sigma_0.2,random,168,2811,21387525,209.89354256256578,387.163015324174
11,5,30,2,uniform,service_sigma_0.2,random,169,2672,21387525,270.19238911898424,390.86283036606414
11,5,30,2,uniform,service_sigma_0.2,random,170,2722,21387525,270.98551544417916,370.3400466323961
11,5,30,2,uniform,service_sigma_0.2,random,171,2617,21387525,228.67827514190213,386.36034635120967
11,5,30,2,uniform,service_sigma_0.2,random,172,253,21387525,263.7810469634044,473.23327746198464
11,5,30,2,uniform,service_sigma_0.2,random,173,1957,21387525,280.8917361365884,393.56867898449343
11,5,30,2,uniform,service_sigma_0.2,random,174,2004,21387525,251.86968929296904,375.7883062383681
11,5,30,2,uniform,service_sigma_0.2,random,175,21,21387525,265.5612517335695,331.90970250705084
11,5,30,2,uniform,service_sigma_0.2,random,176,731,21387525,306.94016485973884,406.0209784857468
11,5,30,2,uniform,service_sigma_0.2,random,177,955,21387525,223.06909276079614,393.0488212212138
11,5,30,2,uniform,service_sigma_0.2,random,178,2334,21387525,216.8489333366999,295.2831831775153
11,5,30,2,uniform,service_sigma_0.2,random,179,1012,21387525,254.47900161600452,362.02747556721476
11,5,30,2,uniform,service_sigma_0.2,random,180,1604,21387525,236.7929899199985,318.9604765407044
11,5,30,2,uniform,service_sigma_0.2,random,181,258,21387525,214.04856469788345,334.6919137179379
11,5,30,2,uniform,service_sigma_0.2,random,182,1976,21387525,260.32431813117273,358.4493265934715
11,5,30,2,uniform,service_sigma_0.2,random,183,1538,21387525,324.1387755193132,447.1962083229232
11,5,30,2,uniform,service_sigma_0.2,random,184,1542,21387525,277.3012121872064,335.4276897512537
11,5,30,2,uniform,service_sigma_0.2,random,185,600,21387525,291.3511649231998,424.4608329797052
11,5,30,2,uniform,service_sigma_0.2,random,186,1912,21387525,225.7079871271698,327.9117376606153
11,5,30,2,uniform,service_sigma_0.2,random,187,2049,21387525,257.9434813742508,429.5134831381405
11,5,30,2,uniform,service_sigma_0.2,random,188,531,21387525,255.20186128531486,383.0545257030126
11,5,30,2,uniform,service_sigma_0.2,random,189,58,21387525,269.46480045599907,448.13316041151245
11,5,30,2,uniform,service_sigma_0.2,random,190,771,21387525,269.0719586747606,349.24945559891734
11,5,30,2,uniform,service_sigma_0.2,random,191,395,21387525,260.6347240799805,329.12181804351997
11,5,30,2,uniform,service_sigma_0.2,random,192,2205,21387525,330.4593160716343,466.05323480018563
11,5,30,2,uniform,service_sigma_0.2,random,193,861,21387525,232.76683867060336,402.8424112276076
11,5,30,2,uniform,service_sigma_0.2,random,194,1821,21387525,266.12592908605905,353.9881226837846
11,5,30,2,uniform,service_sigma_0.2,random,195,2227,21387525,289.15397855799233,447.2348260759641
11,5,30,2,uniform,service_sigma_0.2,random,196,2415,21387525,280.058743713963,385.8902999117019
11,5,30,2,uniform,service_sigma_0.2,random,197,1255,21387525,231.31235196898214,360.03713328846476
11,5,30,2,uniform,service_sigma_0.2,random,198,1398,21387525,247.52946774282435,415.09102079037416
11,5,30,2,uniform,service_sigma_0.2,random,199,1883,21387525,244.05240192524593,325.5522331477684
11,5,30,2,uniform,service_sigma_0.2,HC_HI,0,909,21387525,275.4383655806344,414.431438341804
11,5,30,2,uniform,service_sigma_0.2,HC_HI,1,2303,21387525,235.1225576455523,310.9110296564474
11,5,30,2,uniform,service_sigma_0.2,HC_HI,2,484,21387525,243.46030170937098,369.17724253416077
11,5,30,2,uniform,service_sigma_0.2,HC_HI,3,2292,21387525,251.48908359633944,373.10858845056526
11,5,30,2,uniform,service_sigma_0.2,HC_HI,4,602,21387525,252.0575040289829,400.8963638582929
11,5,30,2,uniform,service_sigma_0.2,HC_HI,5,592,21387525,207.84905551501188,383.7143974964041
11,5,30,2,uniform,service_sigma_0.2,HC_HI,6,1867,21387525,292.75304450201617,426.91323353276056
11,5,30,2,uniform,service_sigma_0.2,HC_HI,7,1162,21387525,309.52823678174684,416.48135534309847
11,5,30,2,uniform,service_sigma_0.2,HC_HI,8,118,21387525,268.6187435073888,433.7323146154422
11,5,30,2,uniform,service_sigma_0.2,HC_HI,9,630,21387525,296.5998187139293,405.51503630136847
11,5,30,2,uniform,service_sigma_0.2,HC_HI,10,2846,21387525,221.80201217193417,437.2377166513755
11,5,30,2,uniform,service_sigma_0.2,HC_HI,11,212,21387525,285.5961534630711,448.86330676701056
11,5,30,2,uniform,service_sigma_0.2,HC_HI,12,839,21387525,253.69824548682192,443.9161529214437
11,5,30,2,uniform,service_sigma_0.2,HC_HI,13,2507,21387525,266.96873080906755,436.1391321709243
11,5,30,2,uniform,service_sigma_0.2,HC_HI,14,875,21387525,240.07316062855142,400.9392386590348
11,5,30,2,uniform,service_sigma_0.2,HC_HI,15,2224,21387525,261.26551806829485,353.2743703556289
11,5,30,2,uniform,service_sigma_0.2,HC_HI,16,2034,21387525,231.47380088143098,381.8978550028773
11,5,30,2,uniform,service_sigma_0.2,HC_HI,17,845,21387525,203.64101119652508,315.5673145299085
11,5,30,2,uniform,service_sigma_0.2,HC_HI,18,1552,21387525,227.37821340605132,345.4450610464457
11,5,30,2,uniform,service_sigma_0.2,HC_HI,19,55,21387525,294.04061780203887,463.8591735169469
11,5,30,2,uniform,service_sigma_0.2,HC_HI,20,2618,21387525,220.45256377704916,371.8794094682802
11,5,30,2,uniform,service_sigma_0.2,HC_HI,21,2456,21387525,291.1836661528387,425.0524841089281
11,5,30,2,uniform,service_sigma_0.2,HC_HI,22,1425,21387525,230.48623891978474,358.02215836193574
11,5,30,2,uniform,service_sigma_0.2,HC_HI,23,1475,21387525,214.82617115385358,384.0150025711535
11,5,30,2,uniform,service_sigma_0.2,HC_HI,24,1898,21387525,210.49746511246062,325.3400971095985
11,5,30,2,uniform,service_sigma_0.2,HC_HI,25,592,21387525,214.98603643200914,387.7651001567069
11,5,30,2,uniform,service_sigma_0.2,HC_HI,26,285,21387525,224.32414929182764,327.89059464799897
11,5,30,2,uniform,service_sigma_0.2,HC_HI,27,123,21387525,215.4478359590361,384.94366220352185
11,5,30,2,uniform,service_sigma_0.2,HC_HI,28,11,21387525,252.93447554204582,361.2597561430139
11,5,30,2,uniform,service_sigma_0.2,HC_HI,29,1412,21387525,230.3666202440882,344.2049381331732
11,5,30,2,uniform,service_sigma_0.2,HC_HI,30,461,21387525,255.539118893175,420.9980658745332
11,5,30,2,uniform,service_sigma_0.2,HC_HI,31,1147,21387525,251.47124668799248,353.5307948942133
11,5,30,2,uniform,service_sigma_0.2,HC_HI,32,2867,21387525,291.7439742207692,469.0408250569671
11,5,30,2,uniform,service_sigma_0.2,HC_HI,33,1763,21387525,248.97822021548498,468.15430077311794
11,5,30,2,uniform,service_sigma_0.2,HC_HI,34,2212,21387525,289.7119011123967,450.78065772353744
11,5,30,2,uniform,service_sigma_0.2,HC_HI,35,589,21387525,200.7071640581976,332.1403615714032
11,5,30,2,uniform,service_sigma_0.2,HC_HI,36,573,21387525,256.33524511204627,428.3086638326559
11,5,30,2,uniform,service_sigma_0.2,HC_HI,37,123,21387525,212.33504673780584,379.10823629795146
11,5,30,2,uniform,service_sigma_0.2,HC_HI,38,1048,21387525,297.95226016205794,460.0948630026225
11,5,30,2,uniform,service_sigma_0.2,HC_HI,39,573,21387525,259.3871101792828,423.91723216242735
11,5,30,2,uniform,service_sigma_0.2,HC_HI,40,179,21387525,263.5811568997768,410.3319837611643
11,5,30,2,uniform,service_sigma_0.2,HC_HI,41,1714,21387525,299.0106968554298,520.3268884159446
11,5,30,2,uniform,service_sigma_0.2,HC_HI,42,1756,21387525,272.94654877840844,449.1794966646805
11,5,30,2,uniform,service_sigma_0.2,HC_HI,43,2487,21387525,267.9224314228337,376.1263819705036
11,5,30,2,uniform,service_sigma_0.2,HC_HI,44,1699,21387525,205.73045071884675,334.79433540565987
11,5,30,2,uniform,service_sigma_0.2,HC_HI,45,915,21387525,258.85296682464553,351.7967240831332
11,5,30,2,uniform,service_sigma_0.2,HC_HI,46,2781,21387525,224.19035610108685,362.5534184578872
11,5,30,2,uniform,service_sigma_0.2,HC_HI,47,610,21387525,243.20438178340572,284.91292170667833
11,5,30,2,uniform,service_sigma_0.2,HC_HI,48,97,21387525,275.863198847099,367.5498813727791
11,5,30,2,uniform,service_sigma_0.2,HC_HI,49,2507,21387525,267.0087378676259,417.7482062434283
11,5,30,2,uniform,service_sigma_0.2,HC_HI,50,914,21387525,274.42867418279525,368.02615937552537
11,5,30,2,uniform,service_sigma_0.2,HC_HI,51,852,21387525,317.7258532373853,418.46403624721813
11,5,30,2,uniform,service_sigma_0.2,HC_HI,52,2475,21387525,278.5081912983585,383.7163310915985
11,5,30,2,uniform,service_sigma_0.2,HC_HI,53,764,21387525,261.43721054999645,378.1944105796562
11,5,30,2,uniform,service_sigma_0.2,HC_HI,54,1568,21387525,231.35624524235325,383.39993125105127
11,5,30,2,uniform,service_sigma_0.2,HC_HI,55,2015,21387525,240.0081245407116,351.734667342877
11,5,30,2,uniform,service_sigma_0.2,HC_HI,56,118,21387525,267.3348289258725,434.5740536928449
11,5,30,2,uniform,service_sigma_0.2,HC_HI,57,2846,21387525,238.22328212689737,438.0102009900312
11,5,30,2,uniform,service_sigma_0.2,HC_HI,58,862,21387525,281.70932999032306,388.1817538912303
11,5,30,2,uniform,service_sigma_0.2,HC_HI,59,2456,21387525,289.31488016888784,418.57924268254277
11,5,30,2,uniform,service_sigma_0.2,HC_HI,60,2911,21387525,224.06138342558344,406.4644339987841
11,5,30,2,uniform,service_sigma_0.2,HC_HI,61,265,21387525,194.3527657759717,300.1803021649851
11,5,30,2,uniform,service_sigma_0.2,HC_HI,62,1773,21387525,297.3790449420303,355.1863689951418
11,5,30,2,uniform,service_sigma_0.2,HC_HI,63,1088,21387525,250.42927452567426,390.58860439284035
11,5,30,2,uniform,service_sigma_0.2,HC_HI,64,589,21387525,202.79853916172235,333.49187019328593
11,5,30,2,uniform,service_sigma_0.2,HC_HI,65,915,21387525,275.2790569101137,358.82577109218687
11,5,30,2,uniform,service_sigma_0.2,HC_HI,66,2447,21387525,177.46904381263676,292.0264841410421
11,5,30,2,uniform,service_sigma_0.2,HC_HI,67,271,21387525,278.82719101374767,434.22744512082494
11,5,30,2,uniform,service_sigma_0.2,HC_HI,68,839,21387525,260.44731686905726,452.04977303276553
11,5,30,2,uniform,service_sigma_0.2,HC_HI,69,11,21387525,253.7377134366442,356.9926417282434
11,5,30,2,uniform,service_sigma_0.2,HC_HI,70,1750,21387525,290.80004259465244,439.1684449748143
11,5,30,2,uniform,service_sigma_0.2,HC_HI,71,820,21387525,309.91456226901596,420.8733801429577
11,5,30,2,uniform,service_sigma_0.2,HC_HI,72,602,21387525,253.45382064352333,385.9727671295016
11,5,30,2,uniform,service_sigma_0.2,HC_HI,73,2487,21387525,267.56741828745123,382.9585411941846
11,5,30,2,uniform,service_sigma_0.2,HC_HI,74,914,21387525,269.86810362075727,363.34509318491865
11,5,30,2,uniform,service_sigma_0.2,HC_HI,75,2212,21387525,289.56183407468427,460.83485047143967
11,5,30,2,uniform,service_sigma_0.2,HC_HI,76,799,21387525,277.6097107426527,426.9966308776323
11,5,30,2,uniform,service_sigma_0.2,HC_HI,77,2911,21387525,241.5737616608553,406.6202018634749
11,5,30,2,uniform,service_sigma_0.2,HC_HI,78,2775,21387525,238.6256852265542,398.4905663821736
11,5,30,2,uniform,service_sigma_0.2,HC_HI,79,2618,21387525,231.25869541772855,370.16152960603796
11,5,30,2,uniform,service_sigma_0.2,HC_HI,80,118,21387525,278.8237290098066,437.2847941524265
11,5,30,2,uniform,service_sigma_0.2,HC_HI,81,2883,21387525,240.0891094032399,346.48721713801683
11,5,30,2,uniform,service_sigma_0.2,HC_HI,82,1282,21387525,201.97723524847464,323.4570013642477
11,5,30,2,uniform,service_sigma_0.2,HC_HI,83,1907,21387525,318.7873216305433,415.6548820249446
11,5,30,2,uniform,service_sigma_0.2,HC_HI,84,964,21387525,271.52054360201805,424.2592422443834
11,5,30,2,uniform,service_sigma_0.2,HC_HI,85,606,21387525,274.5238068760316,424.20040363943093
11,5,30,2,uniform,service_sigma_0.2,HC_HI,86,1756,21387525,281.88018792763586,462.646403686679
11,5,30,2,uniform,service_sigma_0.2,HC_HI,87,2729,21387525,305.03273723833155,441.9997212556499
11,5,30,2,uniform,service_sigma_0.2,HC_HI,88,1019,21387525,277.93424449015936,359.5310355426955
11,5,30,2,uniform,service_sigma_0.2,HC_HI,89,1652,21387525,306.3151789079681,475.0355508075323
11,5,30,2,uniform,service_sigma_0.2,HC_HI,90,463,21387525,284.3094432240863,402.39301729084605
11,5,30,2,uniform,service_sigma_0.2,HC_HI,91,2706,21387525,260.20099047627804,369.1251414666007
11,5,30,2,uniform,service_sigma_0.2,HC_HI,92,431,21387525,251.16697033428443,362.6051985341933
11,5,30,2,uniform,service_sigma_0.2,HC_HI,93,1898,21387525,201.97531227853358,300.05233770740244
11,5,30,2,uniform,service_sigma_0.2,HC_HI,94,265,21387525,191.8055537503988,292.53996737454094
11,5,30,2,uniform,service_sigma_0.2,HC_HI,95,1778,21387525,289.7846365905384,433.4650006659818
11,5,30,2,uniform,service_sigma_0.2,HC_HI,96,2487,21387525,264.4794811764775,381.9181802708103
11,5,30,2,uniform,service_sigma_0.2,HC_HI,97,845,21387525,201.06251117945283,307.6231301998267
11,5,30,2,uniform,service_sigma_0.2,HC_HI,98,1568,21387525,234.6798497292638,368.41638578168164
11,5,30,2,uniform,service_sigma_0.2,HC_HI,99,1177,21387525,255.76010994395523,400.4594717210298
11,5,30,2,uniform,service_sigma_0.2,HC_HI,100,1119,21387525,277.578772233802,475.22612644321754
11,5,30,2,uniform,service_sigma_0.2,HC_HI,101,380,21387525,231.5219087608002,381.2874040451928
11,5,30,2,uniform,service_sigma_0.2,HC_HI,102,2894,21387525,245.7697654286606,367.63285188763257
11,5,30,2,uniform,service_sigma_0.2,HC_HI,103,1226,21387525,279.61375567469264,401.8366339890929
11,5,30,2,uniform,service_sigma_0.2,HC_HI,104,1867,21387525,270.59204273647094,432.7328892519284
11,5,30,2,uniform,service_sigma_0.2,HC_HI,105,1600,21387525,271.8261397238214,438.4187508440922
11,5,30,2,uniform,service_sigma_0.2,HC_HI,106,735,21387525,293.05635036987377,438.74311595756495
11,5,30,2,uniform,service_sigma_0.2,HC_HI,107,380,21387525,220.50024794896603,384.88609571387894
11,5,30,2,uniform,service_sigma_0.2,HC_HI,108,622,21387525,226.563581803567,403.8701068310137
11,5,30,2,uniform,service_sigma_0.2,HC_HI,109,1278,21387525,216.64964487617058,368.3181284870209
11,5,30,2,uniform,service_sigma_0.2,HC_HI,110,657,21387525,250.15285080461135,331.3451232956898
11,5,30,2,uniform,service_sigma_0.2,HC_HI,111,815,21387525,296.08971285155116,444.550159973827
11,5,30,2,uniform,service_sigma_0.2,HC_HI,112,2906,21387525,274.8555861349522,434.42828506362525
11,5,30,2,uniform,service_sigma_0.2,HC_HI,113,2846,21387525,252.5291120063876,437.39730100336647
11,5,30,2,uniform,service_sigma_0.2,HC_HI,114,902,21387525,189.49135994992392,248.66070846760587
11,5,30,2,uniform,service_sigma_0.2,HC_HI,115,1697,21387525,211.64628468238607,341.914960944343
11,5,30,2,uniform,service_sigma_0.2,HC_HI,116,630,21387525,294.8225938107261,431.76851109969306
11,5,30,2,uniform,service_sigma_0.2,HC_HI,117,2456,21387525,291.9145786817437,420.10129271413996
11,5,30,2,uniform,service_sigma_0.2,HC_HI,118,885,21387525,243.837345892467,343.79007914105784
11,5,30,2,uniform,service_sigma_0.2,HC_HI,119,2527,21387525,236.92376212694094,382.7744976303022
11,5,30,2,uniform,service_sigma_0.2,HC_HI,120,2038,21387525,239.66702995648146,434.86416456233263
11,5,30,2,uniform,service_sigma_0.2,HC_HI,121,2207,21387525,260.4690840309354,368.98387997181123
11,5,30,2,uniform,service_sigma_0.2,HC_HI,122,1147,21387525,253.43581909040753,356.97436865551356
11,5,30,2,uniform,service_sigma_0.2,HC_HI,123,166,21387525,249.53307207510474,361.71666788925353
11,5,30,2,uniform,service_sigma_0.2,HC_HI,124,1893,21387525,312.76039598721877,488.0948091380351
11,5,30,2,uniform,service_sigma_0.2,HC_HI,125,2303,21387525,216.24491763614856,309.1599550690598
11,5,30,2,uniform,service_sigma_0.2,HC_HI,126,2689,21387525,238.53015978162506,324.1822236515388
11,5,30,2,uniform,service_sigma_0.2,HC_HI,127,2601,21387525,225.49478847071381,360.98467781851195
11,5,30,2,uniform,service_sigma_0.2,HC_HI,128,2207,21387525,257.1937271316544,379.81063037508636
11,5,30,2,uniform,service_sigma_0.2,HC_HI,129,259,21387525,285.4461546356853,401.6679144382521
11,5,30,2,uniform,service_sigma_0.2,HC_HI,130,2303,21387525,215.36309853220337,313.8588754550498
11,5,30,2,uniform,service_sigma_0.2,HC_HI,131,1639,21387525,322.60146149584335,458.26564845967874
11,5,30,2,uniform,service_sigma_0.2,HC_HI,132,592,21387525,216.5398755588678,397.5749109900849
11,5,30,2,uniform,service_sigma_0.2,HC_HI,133,1773,21387525,295.6585539681382,355.599388076457
11,5,30,2,uniform,service_sigma_0.2,HC_HI,134,2739,21387525,257.3672659734271,322.9042028467542
11,5,30,2,uniform,service_sigma_0.2,HC_HI,135,2403,21387525,278.9317783983295,361.30512719592923
11,5,30,2,uniform,service_sigma_0.2,HC_HI,136,998,21387525,292.14684176538645,453.4027200550989
11,5,30,2,uniform,service_sigma_0.2,HC_HI,137,1680,21387525,193.96736669322223,300.1212231255793
11,5,30,2,uniform,service_sigma_0.2,HC_HI,138,297,21387525,277.05671951799707,438.2347742152722
11,5,30,2,uniform,service_sigma_0.2,HC_HI,139,2689,21387525,221.6149456203563,337.8137740549691
11,5,30,2,uniform,service_sigma_0.2,HC_HI,140,1741,21387525,191.16484368467917,326.99601148952536
11,5,30,2,uniform,service_sigma_0.2,HC_HI,141,2449,21387525,239.78330863865014,368.4713498350314
11,5,30,2,uniform,service_sigma_0.2,HC_HI,142,2762,21387525,253.1223995384856,384.10983807697096
11,5,30,2,uniform,service_sigma_0.2,HC_HI,143,2033,21387525,227.72143300070624,373.25706458793246
11,5,30,2,uniform,service_sigma_0.2,HC_HI,144,236,21387525,242.48016780855232,360.7289335687765
11,5,30,2,uniform,service_sigma_0.2,HC_HI,145,2224,21387525,248.57929618484076,320.4100591794498
11,5,30,2,uniform,service_sigma_0.2,HC_HI,146,622,21387525,240.44533153376537,404.14367406619164
11,5,30,2,uniform,service_sigma_0.2,HC_HI,147,123,21387525,212.11662419738937,399.9878929662254
11,5,30,2,uniform,service_sigma_0.2,HC_HI,148,2456,21387525,300.42894347678975,420.0747984554194
11,5,30,2,uniform,service_sigma_0.2,HC_HI,149,596,21387525,227.96699268132247,291.76096105541137
11,5,30,2,uniform,service_sigma_0.2,HC_HI,150,1177,21387525,296.57038939476627,401.52662116041864
11,5,30,2,uniform,service_sigma_0.2,HC_HI,151,1475,21387525,221.84435591999662,389.356296667059
11,5,30,2,uniform,service_sigma_0.2,HC_HI,152,1867,21387525,270.1662709472392,420.4729287647957
11,5,30,2,uniform,service_sigma_0.2,HC_HI,153,2307,21387525,269.27935524084194,450.5524413268699
11,5,30,2,uniform,service_sigma_0.2,HC_HI,154,1088,21387525,240.85846270129335,366.89579428355773
11,5,30,2,uniform,service_sigma_0.2,HC_HI,155,1697,21387525,227.47326952659458,344.141971297681
11,5,30,2,uniform,service_sigma_0.2,HC_HI,156,2555,21387525,187.05653946597624,292.0364771613468
11,5,30,2,uniform,service_sigma_0.2,HC_HI,157,2618,21387525,230.43968935740892,381.4125155126734
11,5,30,2,uniform,service_sigma_0.2,HC_HI,158,1743,21387525,233.17398758028165,286.6889908062322
11,5,30,2,uniform,service_sigma_0.2,HC_HI,159,1756,21387525,275.6767520587241,487.4881129180045
11,5,30,2,uniform,service_sigma_0.2,HC_HI,160,1231,21387525,261.01741297120947,414.40570924040395
11,5,30,2,uniform,service_sigma_0.2,HC_HI,161,2212,21387525,288.79135634497186,458.60248789091753
11,5,30,2,uniform,service_sigma_0.2,HC_HI,162,399,21387525,229.6897734414584,316.38929782561354
11,5,30,2,uniform,service_sigma_0.2,HC_HI,163,265,21387525,188.7494464768367,290.86560712517274
11,5,30,2,uniform,service_sigma_0.2,HC_HI,164,596,21387525,220.13481654084552,285.76527528216246
11,5,30,2,uniform,service_sigma_0.2,HC_HI,165,1639,21387525,324.91007138496263,458.6865163550686
11,5,30,2,uniform,service_sigma_0.2,HC_HI,166,1425,21387525,235.97231548624447,355.82552040298026
11,5,30,2,uniform,service_sigma_0.2,HC_HI,167,29,21387525,274.76138462048874,420.3497528658682
11,5,30,2,uniform,service_sigma_0.2,HC_HI,168,2170,21387525,265.1949070408325,385.63646553258684
11,5,30,2,uniform,service_sigma_0.2,HC_HI,169,265,21387525,196.84249330914602,303.0054013618983
11,5,30,2,uniform,service_sigma_0.2,HC_HI,170,52,21387525,304.579730775162,471.7535267887929
11,5,30,2,uniform,service_sigma_0.2,HC_HI,171,2764,21387525,224.7647444991391,347.6919247626449
11,5,30,2,uniform,service_sigma_0.2,HC_HI,172,735,21387525,291.2798916694313,455.59708767957204
11,5,30,2,uniform,service_sigma_0.2,HC_HI,173,2693,21387525,200.34413454626056,339.32696105703366
11,5,30,2,uniform,service_sigma_0.2,HC_HI,174,285,21387525,226.30562775705607,325.68660308259325
11,5,30,2,uniform,service_sigma_0.2,HC_HI,175,1741,21387525,191.59543980760665,316.2319882071104
11,5,30,2,uniform,service_sigma_0.2,HC_HI,176,1773,21387525,288.6630845455487,350.75052712111176
11,5,30,2,uniform,service_sigma_0.2,HC_HI,177,2690,21387525,214.28110328212648,387.2870649798903
11,5,30,2,uniform,service_sigma_0.2,HC_HI,178,1898,21387525,199.39953922240758,288.8528299794015
11,5,30,2,uniform,service_sigma_0.2,HC_HI,179,2015,21387525,245.24978228791957,373.64142059311024
11,5,30,2,uniform,service_sigma_0.2,HC_HI,180,867,21387525,242.8917897533031,339.81823414092554
11,5,30,2,uniform,service_sigma_0.2,HC_HI,181,2601,21387525,226.3645820806595,360.7566065190689
11,5,30,2,uniform,service_sigma_0.2,HC_HI,182,1819,21387525,324.4726470386475,483.4574109846204
11,5,30,2,uniform,service_sigma_0.2,HC_HI,183,2618,21387525,228.73051469905263,360.2525043224379
11,5,30,2,uniform,service_sigma_0.2,HC_HI,184,1389,21387525,262.3216574822026,362.2921026766104
11,5,30,2,uniform,service_sigma_0.2,HC_HI,185,1568,21387525,230.39763386300734,370.94152207499974
11,5,30,2,uniform,service_sigma_0.2,HC_HI,186,1907,21387525,285.70151550651696,409.54444029317216
11,5,30,2,uniform,service_sigma_0.2,HC_HI,187,1426,21387525,217.6314675403691,338.5851355781955
11,5,30,2,uniform,service_sigma_0.2,HC_HI,188,1713,21387525,280.9312486379253,432.9204325834675
11,5,30,2,uniform,service_sigma_0.2,HC_HI,189,2918,21387525,261.05501656082936,367.76825232093654
11,5,30,2,uniform,service_sigma_0.2,HC_HI,190,2894,21387525,237.56920330292917,373.9557573426319
11,5,30,2,uniform,service_sigma_0.2,HC_HI,191,799,21387525,271.0960516353379,414.8531694088304
11,5,30,2,uniform,service_sigma_0.2,HC_HI,192,1425,21387525,225.05399180069688,347.8355417283224
11,5,30,2,uniform,service_sigma_0.2,HC_HI,193,1743,21387525,235.519269008773,288.5002392320269
11,5,30,2,uniform,service_sigma_0.2,HC_HI,194,2690,21387525,218.72582172074516,384.2625284959674
11,5,30,2,uniform,service_sigma_0.2,HC_HI,195,1278,21387525,215.8674882697381,364.4378117005018
11,5,30,2,uniform,service_sigma_0.2,HC_HI,196,845,21387525,200.45785547045975,301.8331221526719
11,5,30,2,uniform,service_sigma_0.2,HC_HI,197,2375,21387525,240.91749544676335,406.968876223496
11,5,30,2,uniform,service_sigma_0.2,HC_HI,198,2252,21387525,255.06508146807658,444.9137452353467
11,5,30,2,uniform,service_sigma_0.2,HC_HI,199,1425,21387525,229.05972894145017,345.2323764334362
11,5,30,2,uniform,service_sigma_0.2,HC_LI,0,2247,21387525,256.0686073006873,372.44992521304346
11,5,30,2,uniform,service_sigma_0.2,HC_LI,1,130,21387525,252.60573753469714,383.5653568578405
11,5,30,2,uniform,service_sigma_0.2,HC_LI,2,2056,21387525,217.86374244723606,378.0984168591125
11,5,30,2,uniform,service_sigma_0.2,HC_LI,3,769,21387525,255.7809464778146,399.34420410283474
11,5,30,2,uniform,service_sigma_0.2,HC_LI,4,180,21387525,200.43029249585206,313.34202299892354
11,5,30,2,uniform,service_sigma_0.2,HC_LI,5,639,21387525,254.6184789547384,387.9023122717548
11,5,30,2,uniform,service_sigma_0.2,HC_LI,6,2184,21387525,249.47145785655383,368.27671975379087
11,5,30,2,uniform,service_sigma_0.2,HC_LI,7,2310,21387525,272.9696124965042,412.8533815225154
11,5,30,2,uniform,service_sigma_0.2,HC_LI,8,713,21387525,250.75587942700608,335.9699772134496
11,5,30,2,uniform,service_sigma_0.2,HC_LI,9,2557,21387525,288.040649892837,377.3848590714303
11,5,30,2,uniform,service_sigma_0.2,HC_LI,10,449,21387525,219.49256220765542,375.1672393237805
11,5,30,2,uniform,service_sigma_0.2,HC_LI,11,1616,21387525,213.4494959769912,300.691039374783
11,5,30,2,uniform,service_sigma_0.2,HC_LI,12,1616,21387525,213.33978098457789,297.15658566617793
11,5,30,2,uniform,service_sigma_0.2,HC_LI,13,222,21387525,231.57983096255424,345.28625705536024
11,5,30,2,uniform,service_sigma_0.2,HC_LI,14,760,21387525,234.56115823547088,347.136245367668
11,5,30,2,uniform,service_sigma_0.2,HC_LI,15,2645,21387525,267.6708245711957,341.9868289822345
11,5,30,2,uniform,service_sigma_0.2,HC_LI,16,574,21387525,280.3122440648736,444.43659940890626
11,5,30,2,uniform,service_sigma_0.2,HC_LI,17,2238,21387525,215.3243943845064,338.1515417726133
11,5,30,2,uniform,service_sigma_0.2,HC_LI,18,2103,21387525,224.52543560698024,368.8813220148348
11,5,30,2,uniform,service_sigma_0.2,HC_LI,19,1154,21387525,227.29628178576837,332.2240183934829
11,5,30,2,uniform,service_sigma_0.2,HC_LI,20,816,21387525,248.4376415680225,355.3818410278424
11,5,30,2,uniform,service_sigma_0.2,HC_LI,21,1310,21387525,260.2733916235531,400.1705606964215
11,5,30,2,uniform,service_sigma_0.2,HC_LI,22,65,21387525,261.8542785489558,395.9727161431091
11,5,30,2,uniform,service_sigma_0.2,HC_LI,23,768,21387525,253.69278740626066,352.1544607472385
11,5,30,2,uniform,service_sigma_0.2,HC_LI,24,1884,21387525,271.44183215542006,351.6880876387881
11,5,30,2,uniform,service_sigma_0.2,HC_LI,25,2702,21387525,250.32475042844993,382.0053238243799
11,5,30,2,uniform,service_sigma_0.2,HC_LI,26,1616,21387525,217.90143108402634,306.5015030765703
11,5,30,2,uniform,service_sigma_0.2,HC_LI,27,1377,21387525,239.19614347636232,398.79244797983694
11,5,30,2,uniform,service_sigma_0.2,HC_LI,28,1456,21387525,252.69796227027587,415.5159523293674
11,5,30,2,uniform,service_sigma_0.2,HC_LI,29,1376,21387525,254.13904990832918,391.6425519907181
11,5,30,2,uniform,service_sigma_0.2,HC_LI,30,789,21387525,212.76053310347734,343.9856505422773
11,5,30,2,uniform,service_sigma_0.2,HC_LI,31,1790,21387525,254.82975058459547,378.4834631571584
11,5,30,2,uniform,service_sigma_0.2,HC_LI,32,913,21387525,230.8085687433019,374.84107716265794
11,5,30,2,uniform,service_sigma_0.2,HC_LI,33,410,21387525,279.9111547124167,359.01610967683484
11,5,30,2,uniform,service_sigma_0.2,HC_LI,34,2002,21387525,272.03696714558663,359.448625651552
11,5,30,2,uniform,service_sigma_0.2,HC_LI,35,508,21387525,214.91967687497748,356.0034123135314
11,5,30,2,uniform,service_sigma_0.2,HC_LI,36,2389,21387525,243.949470832322,330.50207183365205
11,5,30,2,uniform,service_sigma_0.2,HC_LI,37,840,21387525,253.2848064975633,419.1402024275927
11,5,30,2,uniform,service_sigma_0.2,HC_LI,38,913,21387525,237.28603299497865,366.604152897328
11,5,30,2,uniform,service_sigma_0.2,HC_LI,39,2002,21387525,256.7488215497797,371.35913203701296
11,5,30,2,uniform,service_sigma_0.2,HC_LI,40,1966,21387525,236.67229219055622,406.909588263938
11,5,30,2,uniform,service_sigma_0.2,HC_LI,41,2274,21387525,249.33129010490737,334.69333933136335
11,5,30,2,uniform,service_sigma_0.2,HC_LI,42,2817,21387525,253.8775152197497,460.17360520583657
11,5,30,2,uniform,service_sigma_0.2,HC_LI,43,2129,21387525,226.2081832632539,378.7819175655194
11,5,30,2,uniform,service_sigma_0.2,HC_LI,44,1492,21387525,272.4852230156389,382.6602319867257
11,5,30,2,uniform,service_sigma_0.2,HC_LI,45,2247,21387525,255.5878014353197,371.9957683437144
11,5,30,2,uniform,service_sigma_0.2,HC_LI,46,1700,21387525,224.2162827255542,428.04873047609334
11,5,30,2,uniform,service_sigma_0.2,HC_LI,47,1320,21387525,246.52621807062016,381.6836726031734
11,5,30,2,uniform,service_sigma_0.2,HC_LI,48,1032,21387525,279.56687514225246,405.197627660956
11,5,30,2,uniform,service_sigma_0.2,HC_LI,49,1392,21387525,257.61675135636904,367.50212383699727
11,5,30,2,uniform,service_sigma_0.2,HC_LI,50,613,21387525,246.13949609563895,385.9619081183855
11,5,30,2,uniform,service_sigma_0.2,HC_LI,51,644,21387525,216.8538014407771,315.4246911247713
11,5,30,2,uniform,service_sigma_0.2,HC_LI,52,1765,21387525,253.34453998491546,348.02845745276
11,5,30,2,uniform,service_sigma_0.2,HC_LI,53,2755,21387525,198.22245880677949,265.56190836574024
11,5,30,2,uniform,service_sigma_0.2,HC_LI,54,2144,21387525,225.56273789464575,304.792960059422
11,5,30,2,uniform,service_sigma_0.2,HC_LI,55,2898,21387525,253.66216496383643,373.309869727489
11,5,30,2,uniform,service_sigma_0.2,HC_LI,56,597,21387525,269.0228926822455,408.51834214949776
11,5,30,2,uniform,service_sigma_0.2,HC_LI,57,672,21387525,221.88509808999882,344.1721543592945
11,5,30,2,uniform,service_sigma_0.2,HC_LI,58,1067,21387525,259.0380648865992,372.5181093473718
11,5,30,2,uniform,service_sigma_0.2,HC_LI,59,2184,21387525,258.4370845987645,367.0099473765329
11,5,30,2,uniform,service_sigma_0.2,HC_LI,60,2238,21387525,214.62601258993436,336.42957713525584
11,5,30,2,uniform,service_sigma_0.2,HC_LI,61,2002,21387525,254.3723807443147,355.61312995493006
11,5,30,2,uniform,service_sigma_0.2,HC_LI,62,2559,21387525,250.24095139922724,331.64516586641923
11,5,30,2,uniform,service_sigma_0.2,HC_LI,63,1920,21387525,237.6276758666771,356.89345598634
11,5,30,2,uniform,service_sigma_0.2,HC_LI,64,571,21387525,235.25158989612711,357.14929045846117
11,5,30,2,uniform,service_sigma_0.2,HC_LI,65,2755,21387525,198.50489982205775,264.9546025288951
11,5,30,2,uniform,service_sigma_0.2,HC_LI,66,2274,21387525,243.95530296841068,333.9153763976275
11,5,30,2,uniform,service_sigma_0.2,HC_LI,67,1178,21387525,228.39385555924312,342.7505043618367
11,5,30,2,uniform,service_sigma_0.2,HC_LI,68,135,21387525,264.93564143106323,398.02318789514345
11,5,30,2,uniform,service_sigma_0.2,HC_LI,69,2755,21387525,197.78619391332367,266.4892354063705
11,5,30,2,uniform,service_sigma_0.2,HC_LI,70,2992,21387525,293.48435912544875,377.08371258591717
11,5,30,2,uniform,service_sigma_0.2,HC_LI,71,2645,21387525,266.6447247630699,337.93692217143854
11,5,30,2,uniform,service_sigma_0.2,HC_LI,72,291,21387525,236.0346223456151,375.2882316260126
11,5,30,2,uniform,service_sigma_0.2,HC_LI,73,1028,21387525,223.9639657702218,356.9012817842979
11,5,30,2,uniform,service_sigma_0.2,HC_LI,74,644,21387525,219.44429017095482,313.02738909466336
11,5,30,2,uniform,service_sigma_0.2,HC_LI,75,2019,21387525,259.1399523863582,352.6747713089113
11,5,30,2,uniform,service_sigma_0.2,HC_LI,76,2651,21387525,225.9412281425828,326.4273448133021
11,5,30,2,uniform,service_sigma_0.2,HC_LI,77,1295,21387525,284.4459888701186,473.0309612324748
11,5,30,2,uniform,service_sigma_0.2,HC_LI,78,2019,21387525,247.3505288033287,351.874376973087
11,5,30,2,uniform,service_sigma_0.2,HC_LI,79,2103,21387525,224.0201561464056,420.0765234889694
11,5,30,2,uniform,service_sigma_0.2,HC_LI,80,913,21387525,226.89272552706257,364.96659087405254
11,5,30,2,uniform,service_sigma_0.2,HC_LI,81,205,21387525,230.24876452036955,330.22390935655346
11,5,30,2,uniform,service_sigma_0.2,HC_LI,82,1195,21387525,236.0124331440588,305.4186213441922
11,5,30,2,uniform,service_sigma_0.2,HC_LI,83,859,21387525,241.14881303760308,410.40556865437964
11,5,30,2,uniform,service_sigma_0.2,HC_LI,84,1761,21387525,240.82416875979723,376.535133756334
11,5,30,2,uniform,service_sigma_0.2,HC_LI,85,644,21387525,223.55781007065164,334.84888319295254
11,5,30,2,uniform,service_sigma_0.2,HC_LI,86,334,21387525,263.27854447354997,435.060033379758
11,5,30,2,uniform,service_sigma_0.2,HC_LI,87,2274,21387525,246.36033461065134,334.6171029512158
11,5,30,2,uniform,service_sigma_0.2,HC_LI,88,2110,21387525,283.5198960111737,382.09541284729875
11,5,30,2,uniform,service_sigma_0.2,HC_LI,89,1761,21387525,244.39229267147138,363.25198136317334
11,5,30,2,uniform,service_sigma_0.2,HC_LI,90,2461,21387525,253.5305935811971,400.99651932256194
11,5,30,2,uniform,service_sigma_0.2,HC_LI,91,1062,21387525,239.18014696359623,366.1096441997335
11,5,30,2,uniform,service_sigma_0.2,HC_LI,92,2498,21387525,273.85388333322044,339.02408000611666
11,5,30,2,uniform,service_sigma_0.2,HC_LI,93,2079,21387525,206.00519225308616,362.3048207883391
11,5,30,2,uniform,service_sigma_0.2,HC_LI,94,2166,21387525,207.88002725777798,321.4991801448254
11,5,30,2,uniform,service_sigma_0.2,HC_LI,95,611,21387525,246.00011819976132,371.32881705995425
11,5,30,2,uniform,service_sigma_0.2,HC_LI,96,2347,21387525,235.03592441258698,408.38706090057855
11,5,30,2,uniform,service_sigma_0.2,HC_LI,97,135,21387525,262.9553337653277,397.654854744419
11,5,30,2,uniform,service_sigma_0.2,HC_LI,98,1067,21387525,256.5203815700755,366.8716632522146
11,5,30,2,uniform,service_sigma_0.2,HC_LI,99,1497,21387525,275.7425911173628,441.4627011463015
11,5,30,2,uniform,service_sigma_0.2,HC_LI,100,2103,21387525,216.39191183612488,419.75804275545164
11,5,30,2,uniform,service_sigma_0.2,HC_LI,101,574,21387525,261.9878638967624,419.31712479157176
11,5,30,2,uniform,service_sigma_0.2,HC_LI,102,2794,21387525,289.14445798930177,424.0408269451419
11,5,30,2,uniform,service_sigma_0.2,HC_LI,103,2600,21387525,243.84088640237795,433.1673048596325
11,5,30,2,uniform,service_sigma_0.2,HC_LI,104,1295,21387525,279.09935925542544,479.176603747057
11,5,30,2,uniform,service_sigma_0.2,HC_LI,105,2394,21387525,222.17642040766347,354.854831981414
11,5,30,2,uniform,service_sigma_0.2,HC_LI,106,2274,21387525,247.19473983559195,334.78083100915643
11,5,30,2,uniform,service_sigma_0.2,HC_LI,107,2166,21387525,206.72101346564668,320.5592724486847
11,5,30,2,uniform,service_sigma_0.2,HC_LI,108,1265,21387525,221.56358180356696,330.95217620546657
11,5,30,2,uniform,service_sigma_0.2,HC_LI,109,191,21387525,269.1775905355014,433.6561009130771
11,5,30,2,uniform,service_sigma_0.2,HC_LI,110,667,21387525,244.5400966937825,376.30325057124907
11,5,30,2,uniform,service_sigma_0.2,HC_LI,111,1053,21387525,282.0623378791393,342.85831485758723
11,5,30,2,uniform,service_sigma_0.2,HC_LI,112,1354,21387525,260.3574858670814,419.0459637412892
11,5,30,2,uniform,service_sigma_0.2,HC_LI,113,1966,21387525,237.2247370243049,410.14176562619343
11,5,30,2,uniform,service_sigma_0.2,HC_LI,114,2383,21387525,214.25310475632375,335.8132565195275
11,5,30,2,uniform,service_sigma_0.2,HC_LI,115,58,21387525,252.4826076168157,429.61839172121
11,5,30,2,uniform,service_sigma_0.2,HC_LI,116,2963,21387525,219.88057414335853,328.584601093786
11,5,30,2,uniform,service_sigma_0.2,HC_LI,117,620,21387525,277.35205499836655,400.81018942078657
11,5,30,2,uniform,service_sigma_0.2,HC_LI,118,2605,21387525,249.4686208250222,381.12871234208745
11,5,30,2,uniform,service_sigma_0.2,HC_LI,119,1722,21387525,236.8691683260414,295.8627962255219
11,5,30,2,uniform,service_sigma_0.2,HC_LI,120,672,21387525,225.46467722071657,341.17256520193
11,5,30,2,uniform,service_sigma_0.2,HC_LI,121,515,21387525,278.07323928252475,321.19120016085606
11,5,30,2,uniform,service_sigma_0.2,HC_LI,122,993,21387525,245.7933490187642,425.40733416482703
11,5,30,2,uniform,service_sigma_0.2,HC_LI,123,2001,21387525,241.17839923371693,359.8851585329773
11,5,30,2,uniform,service_sigma_0.2,HC_LI,124,2175,21387525,223.69054143610597,369.7051400042121
11,5,30,2,uniform,service_sigma_0.2,HC_LI,125,291,21387525,246.80215622933707,332.2181147091701
11,5,30,2,uniform,service_sigma_0.2,HC_LI,126,2236,21387525,275.08734077274,374.1083532153257
11,5,30,2,uniform,service_sigma_0.2,HC_LI,127,1505,21387525,265.02589139022103,388.6911548305464
11,5,30,2,uniform,service_sigma_0.2,HC_LI,128,1966,21387525,235.36032369238674,404.87456515640014
11,5,30,2,uniform,service_sigma_0.2,HC_LI,129,183,21387525,298.91771597221515,322.9888189818879
11,5,30,2,uniform,service_sigma_0.2,HC_LI,130,253,21387525,270.9765967267276,469.0711176783887
11,5,30,2,uniform,service_sigma_0.2,HC_LI,131,2704,21387525,235.3195143561661,276.7678558405644
11,5,30,2,uniform,service_sigma_0.2,HC_LI,132,1507,21387525,309.5842367440011,511.98233178457065
11,5,30,2,uniform,service_sigma_0.2,HC_LI,133,515,21387525,284.9044876166653,317.40279358682005
11,5,30,2,uniform,service_sigma_0.2,HC_LI,134,2306,21387525,247.67658054014356,378.04382621995245
11,5,30,2,uniform,service_sigma_0.2,HC_LI,135,2195,21387525,244.79608774121886,399.48110882241537
11,5,30,2,uniform,service_sigma_0.2,HC_LI,136,1178,21387525,225.17016583658753,348.6467001002092
11,5,30,2,uniform,service_sigma_0.2,HC_LI,137,1336,21387525,261.17635146650525,338.4854707808452
11,5,30,2,uniform,service_sigma_0.2,HC_LI,138,789,21387525,225.57911861376,343.2609035903616
11,5,30,2,uniform,service_sigma_0.2,HC_LI,139,85,21387525,249.279016612702,364.89090227122153
11,5,30,2,uniform,service_sigma_0.2,HC_LI,140,1295,21387525,284.30192162036633,472.9960114895253
11,5,30,2,uniform,service_sigma_0.2,HC_LI,141,2184,21387525,256.22617369970357,354.54218115565715
11,5,30,2,uniform,service_sigma_0.2,HC_LI,142,515,21387525,275.5949267024269,322.14129422735834
11,5,30,2,uniform,service_sigma_0.2,HC_LI,143,351,21387525,214.82588808657138,304.62906917124263
11,5,30,2,uniform,service_sigma_0.2,HC_LI,144,2461,21387525,254.74155815502067,403.6671581267403
11,5,30,2,uniform,service_sigma_0.2,HC_LI,145,859,21387525,244.14838499449644,404.94137879409743
11,5,30,2,uniform,service_sigma_0.2,HC_LI,146,135,21387525,262.25564726207494,397.9470546933282
11,5,30,2,uniform,service_sigma_0.2,HC_LI,147,2596,21387525,209.89246627683286,343.46952445698486
11,5,30,2,uniform,service_sigma_0.2,HC_LI,148,2765,21387525,230.06678118075618,355.02590598642564
11,5,30,2,uniform,service_sigma_0.2,HC_LI,149,2168,21387525,241.61840074152116,360.3442722207716
11,5,30,2,uniform,service_sigma_0.2,HC_LI,150,1708,21387525,268.25438493441084,401.13825668597156
11,5,30,2,uniform,service_sigma_0.2,HC_LI,151,2347,21387525,247.75116068695652,400.4849338364531
11,5,30,2,uniform,service_sigma_0.2,HC_LI,152,355,21387525,272.203204149021,391.11507932948183
11,5,30,2,uniform,service_sigma_0.2,HC_LI,153,837,21387525,234.45901691087292,338.1989629615016
11,5,30,2,uniform,service_sigma_0.2,HC_LI,154,2238,21387525,216.54381507101473,343.3171074170351
11,5,30,2,uniform,service_sigma_0.2,HC_LI,155,571,21387525,221.8434836073743,356.79811706436595
11,5,30,2,uniform,service_sigma_0.2,HC_LI,156,1178,21387525,230.99276095383485,343.6959465288939
11,5,30,2,uniform,service_sigma_0.2,HC_LI,157,2223,21387525,230.63876019643442,352.28047873977334
11,5,30,2,uniform,service_sigma_0.2,HC_LI,158,1207,21387525,256.73982335153335,334.2942521177142
11,5,30,2,uniform,service_sigma_0.2,HC_LI,159,1166,21387525,234.78404738223415,376.047551627145
11,5,30,2,uniform,service_sigma_0.2,HC_LI,160,1497,21387525,293.4970973507193,452.0339383645572
11,5,30,2,uniform,service_sigma_0.2,HC_LI,161,779,21387525,255.69992564801143,395.5311467308454
11,5,30,2,uniform,service_sigma_0.2,HC_LI,162,1761,21387525,254.59833266690123,377.326224151998
11,5,30,2,uniform,service_sigma_0.2,HC_LI,163,2184,21387525,248.25674935594247,367.4654060098796
11,5,30,2,uniform,service_sigma_0.2,HC_LI,164,253,21387525,249.32335093491167,466.8780103281321
11,5,30,2,uniform,service_sigma_0.2,HC_LI,165,913,21387525,235.66068269502927,366.3171939856708
11,5,30,2,uniform,service_sigma_0.2,HC_LI,166,1914,21387525,232.50547964491136,363.21336738911805
11,5,30,2,uniform,service_sigma_0.2,HC_LI,167,2816,21387525,239.96158148693561,349.9067658221558
11,5,30,2,uniform,service_sigma_0.2,HC_LI,168,2746,21387525,231.59152897748996,378.3857109582991
11,5,30,2,uniform,service_sigma_0.2,HC_LI,169,2765,21387525,234.69311343271505,359.18918822810923
11,5,30,2,uniform,service_sigma_0.2,HC_LI,170,4,21387525,212.5310902919114,315.74628820419434
11,5,30,2,uniform,service_sigma_0.2,HC_LI,171,962,21387525,262.6247282016055,383.1668788050908
11,5,30,2,uniform,service_sigma_0.2,HC_LI,172,2274,21387525,243.65923956694382,333.07963047339024
11,5,30,2,uniform,service_sigma_0.2,HC_LI,173,2120,21387525,205.37120420207813,254.36457505450653
11,5,30,2,uniform,service_sigma_0.2,HC_LI,174,1154,21387525,228.00893192567563,345.9619605244899
11,5,30,2,uniform,service_sigma_0.2,HC_LI,175,2761,21387525,290.56252902289594,400.60740615109165
11,5,30,2,uniform,service_sigma_0.2,HC_LI,176,769,21387525,255.9800474046679,398.99959179199976
11,5,30,2,uniform,service_sigma_0.2,HC_LI,177,840,21387525,258.03228160953836,404.1099699829431
11,5,30,2,uniform,service_sigma_0.2,HC_LI,178,1812,21387525,292.379665722203,429.0347987857622
11,5,30,2,uniform,service_sigma_0.2,HC_LI,179,2309,21387525,213.91478811359752,381.5002607466383
11,5,30,2,uniform,service_sigma_0.2,HC_LI,180,837,21387525,242.27136756474093,341.1765506081122
11,5,30,2,uniform,service_sigma_0.2,HC_LI,181,992,21387525,333.0220162407073,452.4435749642152
11,5,30,2,uniform,service_sigma_0.2,HC_LI,182,639,21387525,253.78862735350143,387.0006016817888
11,5,30,2,uniform,service_sigma_0.2,HC_LI,183,57,21387525,309.7678389047896,481.28848109790067
11,5,30,2,uniform,service_sigma_0.2,HC_LI,184,6,21387525,225.6003305461221,313.8685660879746
11,5,30,2,uniform,service_sigma_0.2,HC_LI,185,2557,21387525,283.27442088359425,421.14366779290407
11,5,30,2,uniform,service_sigma_0.2,HC_LI,186,2309,21387525,223.18366029423316,382.7182358221955
11,5,30,2,uniform,service_sigma_0.2,HC_LI,187,1295,21387525,278.34861851959664,472.3486185195966
11,5,30,2,uniform,service_sigma_0.2,HC_LI,188,2120,21387525,207.61008800612944,267.3640049188491
11,5,30,2,uniform,service_sigma_0.2,HC_LI,189,2900,21387525,203.82296987191583,271.164595883283
11,5,30,2,uniform,service_sigma_0.2,HC_LI,190,508,21387525,223.9403782361729,359.24454352386994
11,5,30,2,uniform,service_sigma_0.2,HC_LI,191,2238,21387525,201.13550383768438,317.12339625550555
11,5,30,2,uniform,service_sigma_0.2,HC_LI,192,2904,21387525,280.4893402897892,452.40382416287576
11,5,30,2,uniform,service_sigma_0.2,HC_LI,193,2746,21387525,239.82850661025742,373.6368617921514
11,5,30,2,uniform,service_sigma_0.2,HC_LI,194,3,21387525,249.2173616411288,428.0243091919651
11,5,30,2,uniform,service_sigma_0.2,HC_LI,195,713,21387525,243.4424500512054,328.11783779535057
11,5,30,2,uniform,service_sigma_0.2,HC_LI,196,993,21387525,241.53147473430855,427.6491722134495
11,5,30,2,uniform,service_sigma_0.2,HC_LI,197,1966,21387525,235.07720910622376,404.0650821413703
11,5,30,2,uniform,service_sigma_0.2,HC_LI,198,1336,21387525,262.39497557888683,335.1574522373428
11,5,30,2,uniform,service_sigma_0.2,HC_LI,199,993,21387525,243.31335021578752,427.4881329341751
11,5,30,2,uniform,service_sigma_0.2,LC_HI,0,2111,21387525,295.29039415770035,427.8744656649811
11,5,30,2,uniform,service_sigma_0.2,LC_HI,1,1796,21387525,199.8730276736732,271.602625922339
11,5,30,2,uniform,service_sigma_0.2,LC_HI,2,1499,21387525,292.27741933012413,498.37608706790445
11,5,30,2,uniform,service_sigma_0.2,LC_HI,3,1553,21387525,191.06719249350212,360.1818126270356
11,5,30,2,uniform,service_sigma_0.2,LC_HI,4,2832,21387525,250.80143595223592,350.9375534039406
11,5,30,2,uniform,service_sigma_0.2,LC_HI,5,599,21387525,231.91164903128706,338.5563587824058
11,5,30,2,uniform,service_sigma_0.2,LC_HI,6,1553,21387525,186.05587143130748,351.0558714313075
11,5,30,2,uniform,service_sigma_0.2,LC_HI,7,1212,21387525,266.65361073024536,378.73172518412326
11,5,30,2,uniform,service_sigma_0.2,LC_HI,8,445,21387525,235.6319499039196,337.76975045526655
11,5,30,2,uniform,service_sigma_0.2,LC_HI,9,2466,21387525,270.11543339582585,357.9738532113079
11,5,30,2,uniform,service_sigma_0.2,LC_HI,10,388,21387525,285.05366837840864,430.12000797980113
11,5,30,2,uniform,service_sigma_0.2,LC_HI,11,91,21387525,265.9672236580853,403.2855934035546
11,5,30,2,uniform,service_sigma_0.2,LC_HI,12,1529,21387525,212.27184785711972,337.8714133453938
11,5,30,2,uniform,service_sigma_0.2,LC_HI,13,794,21387525,248.88593865875222,313.7428384297147
11,5,30,2,uniform,service_sigma_0.2,LC_HI,14,2774,21387525,268.98472171251694,348.78189461290214
11,5,30,2,uniform,service_sigma_0.2,LC_HI,15,1013,21387525,232.43389421358117,343.63056296598063
11,5,30,2,uniform,service_sigma_0.2,LC_HI,16,2227,21387525,283.6362883796099,487.7859977590035
11,5,30,2,uniform,service_sigma_0.2,LC_HI,17,1793,21387525,236.05239058777525,313.2590133609759
11,5,30,2,uniform,service_sigma_0.2,LC_HI,18,1434,21387525,357.8687885144385,452.54104458404333
11,5,30,2,uniform,service_sigma_0.2,LC_HI,19,1366,21387525,241.30912708532725,386.58086512666654
11,5,30,2,uniform,service_sigma_0.2,LC_HI,20,2830,21387525,262.50638289699975,404.48122657198076
11,5,30,2,uniform,service_sigma_0.2,LC_HI,21,935,21387525,230.31647156648847,351.0556222946104
11,5,30,2,uniform,service_sigma_0.2,LC_HI,22,1911,21387525,259.5506027027714,419.59568565819615
11,5,30,2,uniform,service_sigma_0.2,LC_HI,23,2466,21387525,264.56882340196955,357.918628805933
11,5,30,2,uniform,service_sigma_0.2,LC_HI,24,423,21387525,271.6493275308815,392.69128545671657
11,5,30,2,uniform,service_sigma_0.2,LC_HI,25,758,21387525,305.4913695252356,393.744072517853
11,5,30,2,uniform,service_sigma_0.2,LC_HI,26,2245,21387525,260.7379594783592,452.91582540505584
11,5,30,2,uniform,service_sigma_0.2,LC_HI,27,2985,21387525,233.02824292663558,332.9874995291777
11,5,30,2,uniform,service_sigma_0.2,LC_HI,28,444,21387525,268.21472422701737,402.8712927236656
11,5,30,2,uniform,service_sigma_0.2,LC_HI,29,2470,21387525,267.6333188891023,387.88230948447443
11,5,30,2,uniform,service_sigma_0.2,LC_HI,30,1084,21387525,217.3801753466874,319.28122167398595
11,5,30,2,uniform,service_sigma_0.2,LC_HI,31,884,21387525,289.30822674525484,427.44761900478085
11,5,30,2,uniform,service_sigma_0.2,LC_HI,32,2913,21387525,299.36731220445995,397.89036094210496
11,5,30,2,uniform,service_sigma_0.2,LC_HI,33,1739,21387525,240.67948782232727,302.04380079048576
11,5,30,2,uniform,service_sigma_0.2,LC_HI,34,507,21387525,285.7999151548353,415.9630090159258
11,5,30,2,uniform,service_sigma_0.2,LC_HI,35,935,21387525,227.93681750191936,353.14553602327214
11,5,30,2,uniform,service_sigma_0.2,LC_HI,36,459,21387525,187.96982636197953,280.464760220197
11,5,30,2,uniform,service_sigma_0.2,LC_HI,37,1146,21387525,231.23436674825012,298.2655088000263
11,5,30,2,uniform,service_sigma_0.2,LC_HI,38,2586,21387525,239.30180189490048,423.8711715675211
11,5,30,2,uniform,service_sigma_0.2,LC_HI,39,1553,21387525,187.98050578611634,356.87881670376265
11,5,30,2,uniform,service_sigma_0.2,LC_HI,40,2008,21387525,253.1538275816045,405.7313631408405
11,5,30,2,uniform,service_sigma_0.2,LC_HI,41,1499,21387525,289.60747359794345,496.90912236002714
11,5,30,2,uniform,service_sigma_0.2,LC_HI,42,2819,21387525,238.99631354485447,403.7728802310307
11,5,30,2,uniform,service_sigma_0.2,LC_HI,43,2913,21387525,307.13405707584354,406.0873629793955
11,5,30,2,uniform,service_sigma_0.2,LC_HI,44,232,21387525,261.13408048982,404.90872422490224
11,5,30,2,uniform,service_sigma_0.2,LC_HI,45,126,21387525,244.851236873475,379.87794950468844
11,5,30,2,uniform,service_sigma_0.2,LC_HI,46,638,21387525,301.91919304218743,425.0185173719649
11,5,30,2,uniform,service_sigma_0.2,LC_HI,47,1823,21387525,230.8302726315907,327.94612737280556
11,5,30,2,uniform,service_sigma_0.2,LC_HI,48,2929,21387525,255.054504227461,363.0342783099185
11,5,30,2,uniform,service_sigma_0.2,LC_HI,49,2357,21387525,219.0081193678052,317.4285766326884
11,5,30,2,uniform,service_sigma_0.2,LC_HI,50,1559,21387525,276.687482618735,377.9884272708989
11,5,30,2,uniform,service_sigma_0.2,LC_HI,51,1988,21387525,260.1275391906343,360.5467869229915
11,5,30,2,uniform,service_sigma_0.2,LC_HI,52,2513,21387525,315.2899981158347,437.939400874787
11,5,30,2,uniform,service_sigma_0.2,LC_HI,53,1468,21387525,289.2860404906976,391.48089905357807
11,5,30,2,uniform,service_sigma_0.2,LC_HI,54,1051,21387525,260.7391167286306,337.97933764184285
11,5,30,2,uniform,service_sigma_0.2,LC_HI,55,2569,21387525,283.3543168557707,453.2180638712369
11,5,30,2,uniform,service_sigma_0.2,LC_HI,56,1468,21387525,295.3069466335506,392.82664712575234
11,5,30,2,uniform,service_sigma_0.2,LC_HI,57,1963,21387525,270.4766654017675,365.95532328692457
11,5,30,2,uniform,service_sigma_0.2,LC_HI,58,2858,21387525,245.89344203901476,335.08132784875596
11,5,30,2,uniform,service_sigma_0.2,LC_HI,59,2083,21387525,271.21079570533647,446.0493596855149
11,5,30,2,uniform,service_sigma_0.2,LC_HI,60,884,21387525,290.87596623004674,417.2742728167211
11,5,30,2,uniform,service_sigma_0.2,LC_HI,61,841,21387525,240.28438953844562,349.64937579619647
11,5,30,2,uniform,service_sigma_0.2,LC_HI,62,2231,21387525,334.0983819053851,438.46055645316255
11,5,30,2,uniform,service_sigma_0.2,LC_HI,63,372,21387525,238.2099220407092,317.8675452294111
11,5,30,2,uniform,service_sigma_0.2,LC_HI,64,2072,21387525,256.5791145111439,408.6341549045318
11,5,30,2,uniform,service_sigma_0.2,LC_HI,65,2364,21387525,320.39279779864387,431.3852960522575
11,5,30,2,uniform,service_sigma_0.2,LC_HI,66,1366,21387525,242.12765482648035,368.74370556831985
11,5,30,2,uniform,service_sigma_0.2,LC_HI,67,1115,21387525,243.77611390675153,334.4235173323686
11,5,30,2,uniform,service_sigma_0.2,LC_HI,68,864,21387525,294.00901527310856,433.96606656166864
11,5,30,2,uniform,service_sigma_0.2,LC_HI,69,2959,21387525,248.09525507989426,349.78706520162524
11,5,30,2,uniform,service_sigma_0.2,LC_HI,70,2062,21387525,279.3095756490702,384.1991985268033
11,5,30,2,uniform,service_sigma_0.2,LC_HI,71,1840,21387525,242.88978897630915,338.7560988320484
11,5,30,2,uniform,service_sigma_0.2,LC_HI,72,2929,21387525,255.8229962611195,365.69212855370404
11,5,30,2,uniform,service_sigma_0.2,LC_HI,73,92,21387525,251.87225452789266,332.50061789773974
11,5,30,2,uniform,service_sigma_0.2,LC_HI,74,626,21387525,269.90265944079255,381.98085307753274
11,5,30,2,uniform,service_sigma_0.2,LC_HI,75,167,21387525,226.40982020028915,389.60342290896085
11,5,30,2,uniform,service_sigma_0.2,LC_HI,76,2231,21387525,330.8673756079186,429.443159286299
11,5,30,2,uniform,service_sigma_0.2,LC_HI,77,1021,21387525,255.4695277410004,406.0333992644622
11,5,30,2,uniform,service_sigma_0.2,LC_HI,78,792,21387525,212.6054467497225,363.5347281851178
11,5,30,2,uniform,service_sigma_0.2,LC_HI,79,1527,21387525,218.87591870915873,282.67751770455294
11,5,30,2,uniform,service_sigma_0.2,LC_HI,80,2985,21387525,231.0801189541016,344.41698177062267
11,5,30,2,uniform,service_sigma_0.2,LC_HI,81,1582,21387525,283.10084414357453,443.3134456000901
11,5,30,2,uniform,service_sigma_0.2,LC_HI,82,2959,21387525,243.23740976912347,350.134015331334
11,5,30,2,uniform,service_sigma_0.2,LC_HI,83,1434,21387525,309.9199034662194,454.42665389297713
11,5,30,2,uniform,service_sigma_0.2,LC_HI,84,593,21387525,294.17188929051616,470.66341605697613
11,5,30,2,uniform,service_sigma_0.2,LC_HI,85,1239,21387525,214.60724326591642,294.156441713529
11,5,30,2,uniform,service_sigma_0.2,LC_HI,86,466,21387525,251.38289131869612,407.0700640452389
11,5,30,2,uniform,service_sigma_0.2,LC_HI,87,162,21387525,277.6697327538888,427.8096842215424
11,5,30,2,uniform,service_sigma_0.2,LC_HI,88,2881,21387525,258.92828454687674,345.24502508728517
11,5,30,2,uniform,service_sigma_0.2,LC_HI,89,71,21387525,310.8742738275665,469.2697539637452
11,5,30,2,uniform,service_sigma_0.2,LC_HI,90,1315,21387525,284.1689821750002,413.3997548757629
11,5,30,2,uniform,service_sigma_0.2,LC_HI,91,1559,21387525,270.54139261240294,377.1436465911178
11,5,30,2,uniform,service_sigma_0.2,LC_HI,92,1315,21387525,300.7942328451131,411.24420036838745
11,5,30,2,uniform,service_sigma_0.2,LC_HI,93,1366,21387525,245.00028848603299,380.761378532741
11,5,30,2,uniform,service_sigma_0.2,LC_HI,94,1406,21387525,221.9975312343287,338.99753123432873
11,5,30,2,uniform,service_sigma_0.2,LC_HI,95,787,21387525,232.4205109747752,335.35148687682437
11,5,30,2,uniform,service_sigma_0.2,LC_HI,96,935,21387525,223.08461529187053,347.71362386073423
11,5,30,2,uniform,service_sigma_0.2,LC_HI,97,535,21387525,294.7004204390107,386.23569504873456
11,5,30,2,uniform,service_sigma_0.2,LC_HI,98,167,21387525,222.14764541435204,406.94936309038064
11,5,30,2,uniform,service_sigma_0.2,LC_HI,99,2858,21387525,255.07361634083816,359.4532023150472
11,5,30,2,uniform,service_sigma_0.2,LC_HI,100,388,21387525,269.82628324178586,428.622920395844
11,5,30,2,uniform,service_sigma_0.2,LC_HI,101,1794,21387525,211.74646604331247,281.2342688340254
11,5,30,2,uniform,service_sigma_0.2,LC_HI,102,518,21387525,183.01948165165567,267.2388380160244
11,5,30,2,uniform,service_sigma_0.2,LC_HI,103,1629,21387525,239.0448837238001,368.81904959727603
11,5,30,2,uniform,service_sigma_0.2,LC_HI,104,1355,21387525,254.89163006331052,377.1164553406243
11,5,30,2,uniform,service_sigma_0.2,LC_HI,105,1069,21387525,270.40971942324313,420.1845563375834
11,5,30,2,uniform,service_sigma_0.2,LC_HI,106,1559,21387525,277.8774370744221,382.23573686848096
11,5,30,2,uniform,service_sigma_0.2,LC_HI,107,2420,21387525,234.55570293397037,365.7817070291231
11,5,30,2,uniform,service_sigma_0.2,LC_HI,108,1725,21387525,270.68140738535766,380.6666615302264
11,5,30,2,uniform,service_sigma_0.2,LC_HI,109,1329,21387525,245.6175858216345,396.208007575044
11,5,30,2,uniform,service_sigma_0.2,LC_HI,110,493,21387525,212.81444586880463,363.4152140705986
11,5,30,2,uniform,service_sigma_0.2,LC_HI,111,2450,21387525,190.0471641019922,379.52375475337465
11,5,30,2,uniform,service_sigma_0.2,LC_HI,112,2680,21387525,223.59081445532897,371.1084243049703
11,5,30,2,uniform,service_sigma_0.2,LC_HI,113,1883,21387525,248.05897665102816,324.51786560823945
11,5,30,2,uniform,service_sigma_0.2,LC_HI,114,1924,21387525,229.76244400178996,321.1099527248576
11,5,30,2,uniform,service_sigma_0.2,LC_HI,115,182,21387525,271.31728156262386,410.1177641168586
11,5,30,2,uniform,service_sigma_0.2,LC_HI,116,1405,21387525,216.31748444393742,323.4502053427998
11,5,30,2,uniform,service_sigma_0.2,LC_HI,117,758,21387525,312.59571392462726,390.6840677822618
11,5,30,2,uniform,service_sigma_0.2,LC_HI,118,2190,21387525,202.75618432191715,347.4800990202366
11,5,30,2,uniform,service_sigma_0.2,LC_HI,119,2920,21387525,247.90800119115224,378.6950613014499
11,5,30,2,uniform,service_sigma_0.2,LC_HI,120,378,21387525,274.0751590585547,344.0310643266314
11,5,30,2,uniform,service_sigma_0.2,LC_HI,121,1794,21387525,215.88813689450978,283.7520688997726
11,5,30,2,uniform,service_sigma_0.2,LC_HI,122,1629,21387525,253.66497895506342,394.55882092019317
11,5,30,2,uniform,service_sigma_0.2,LC_HI,123,1629,21387525,232.36535264277194,365.76511925877736
11,5,30,2,uniform,service_sigma_0.2,LC_HI,124,2699,21387525,238.27371162184693,379.5099573262215
11,5,30,2,uniform,service_sigma_0.2,LC_HI,125,1952,21387525,259.5261733517302,388.9224873172826
11,5,30,2,uniform,service_sigma_0.2,LC_HI,126,148,21387525,307.999909933461,485.21029127355587
11,5,30,2,uniform,service_sigma_0.2,LC_HI,127,794,21387525,244.16465334432246,335.75923933001786
11,5,30,2,uniform,service_sigma_0.2,LC_HI,128,2978,21387525,268.36852709352485,415.32364468163814
11,5,30,2,uniform,service_sigma_0.2,LC_HI,129,2130,21387525,227.05307804137905,347.1091083825263
11,5,30,2,uniform,service_sigma_0.2,LC_HI,130,2920,21387525,246.63022858650154,391.88663469709917
11,5,30,2,uniform,service_sigma_0.2,LC_HI,131,946,21387525,242.75266558167647,368.96595885740766
11,5,30,2,uniform,service_sigma_0.2,LC_HI,132,203,21387525,262.38356290579975,413.5253046478294
11,5,30,2,uniform,service_sigma_0.2,LC_HI,133,507,21387525,270.78850334102293,414.632526496902
11,5,30,2,uniform,service_sigma_0.2,LC_HI,134,518,21387525,188.32685227844428,248.06020696148676
11,5,30,2,uniform,service_sigma_0.2,LC_HI,135,2802,21387525,274.15460261487584,465.1338404104577
11,5,30,2,uniform,service_sigma_0.2,LC_HI,136,2830,21387525,262.01008470191834,396.00378374039906
11,5,30,2,uniform,service_sigma_0.2,LC_HI,137,1823,21387525,255.5833362560741,344.2344623630441
11,5,30,2,uniform,service_sigma_0.2,LC_HI,138,2402,21387525,224.22168148192048,388.80411589065733
11,5,30,2,uniform,service_sigma_0.2,LC_HI,139,2083,21387525,271.7355914347528,448.5647446555864
11,5,30,2,uniform,service_sigma_0.2,LC_HI,140,1419,21387525,244.06295771949073,383.2979040100312
11,5,30,2,uniform,service_sigma_0.2,LC_HI,141,2031,21387525,268.2306122844413,454.47058168142235
11,5,30,2,uniform,service_sigma_0.2,LC_HI,142,1304,21387525,214.22493534972773,335.9673989492538
11,5,30,2,uniform,service_sigma_0.2,LC_HI,143,2319,21387525,257.9917114778272,359.7885943346706
11,5,30,2,uniform,service_sigma_0.2,LC_HI,144,162,21387525,243.81517409384986,431.994455712264
11,5,30,2,uniform,service_sigma_0.2,LC_HI,145,1759,21387525,208.5779536423062,305.6747718664007
11,5,30,2,uniform,service_sigma_0.2,LC_HI,146,178,21387525,195.92056756198963,238.23679034268957
11,5,30,2,uniform,service_sigma_0.2,LC_HI,147,2319,21387525,289.02025871185094,361.7615521671174
11,5,30,2,uniform,service_sigma_0.2,LC_HI,148,2569,21387525,281.21903790394305,438.90010697076707
11,5,30,2,uniform,service_sigma_0.2,LC_HI,149,758,21387525,330.66261206690723,389.9777457453969
11,5,30,2,uniform,service_sigma_0.2,LC_HI,150,1050,21387525,202.4459091109241,353.8546245648391
11,5,30,2,uniform,service_sigma_0.2,LC_HI,151,1911,21387525,256.65067770328614,425.08607643433623
11,5,30,2,uniform,service_sigma_0.2,LC_HI,152,1881,21387525,262.62043477512725,457.02982368439604
11,5,30,2,uniform,service_sigma_0.2,LC_HI,153,1051,21387525,268.1731663510937,350.6197138078778
11,5,30,2,uniform,service_sigma_0.2,LC_HI,154,1679,21387525,264.77001220701936,335.50102180449056
11,5,30,2,uniform,service_sigma_0.2,LC_HI,155,2130,21387525,228.6271653669246,350.02304899710384
11,5,30,2,uniform,service_sigma_0.2,LC_HI,156,208,21387525,260.4852397766808,354.4377575395452
11,5,30,2,uniform,service_sigma_0.2,LC_HI,157,2190,21387525,199.17875056688445,346.8934692613659
11,5,30,2,uniform,service_sigma_0.2,LC_HI,158,727,21387525,212.54628863665195,313.66259782628026
11,5,30,2,uniform,service_sigma_0.2,LC_HI,159,2245,21387525,253.53675486278843,446.40189031028666
11,5,30,2,uniform,service_sigma_0.2,LC_HI,160,126,21387525,245.64326211862675,391.4076832219406
11,5,30,2,uniform,service_sigma_0.2,LC_HI,161,2724,21387525,244.65677266902748,390.7756646640479
11,5,30,2,uniform,service_sigma_0.2,LC_HI,162,2130,21387525,223.50032708369622,345.762539928906
11,5,30,2,uniform,service_sigma_0.2,LC_HI,163,1739,21387525,246.86521998261549,301.3231819722301
11,5,30,2,uniform,service_sigma_0.2,LC_HI,164,1239,21387525,199.507953391302,291.5967018324535
11,5,30,2,uniform,service_sigma_0.2,LC_HI,165,148,21387525,305.72918477271344,486.6395440703027
11,5,30,2,uniform,service_sigma_0.2,LC_HI,166,559,21387525,191.88468558706867,293.2862603083336
11,5,30,2,uniform,service_sigma_0.2,LC_HI,167,917,21387525,311.06978551300716,487.3434192186964
11,5,30,2,uniform,service_sigma_0.2,LC_HI,168,2602,21387525,227.66871287740386,339.8022844080009
11,5,30,2,uniform,service_sigma_0.2,LC_HI,169,2978,21387525,268.62265672834076,423.8072906136017
11,5,30,2,uniform,service_sigma_0.2,LC_HI,170,1780,21387525,177.37842878915876,281.55353268108087
11,5,30,2,uniform,service_sigma_0.2,LC_HI,171,2420,21387525,222.54281963103145,355.58574814418137
11,5,30,2,uniform,service_sigma_0.2,LC_HI,172,1539,21387525,262.54123472746056,428.3315190997486
11,5,30,2,uniform,service_sigma_0.2,LC_HI,173,1526,21387525,228.14175245835622,392.0072766893957
11,5,30,2,uniform,service_sigma_0.2,LC_HI,174,898,21387525,254.59467365226328,428.2470144207972
11,5,30,2,uniform,service_sigma_0.2,LC_HI,175,866,21387525,273.5017067329761,426.28636251487706
11,5,30,2,uniform,service_sigma_0.2,LC_HI,176,2420,21387525,221.0637779222316,358.6099392235383
11,5,30,2,uniform,service_sigma_0.2,LC_HI,177,325,21387525,272.21880653416594,378.9522876506418
11,5,30,2,uniform,service_sigma_0.2,LC_HI,178,917,21387525,308.57190260176066,460.0013392362776
11,5,30,2,uniform,service_sigma_0.2,LC_HI,179,560,21387525,257.057749178471,331.0429731322417
11,5,30,2,uniform,service_sigma_0.2,LC_HI,180,1284,21387525,252.09658627968187,407.32307263122414
11,5,30,2,uniform,service_sigma_0.2,LC_HI,181,1069,21387525,254.88413511851442,414.8154219379071
11,5,30,2,uniform,service_sigma_0.2,LC_HI,182,2858,21387525,242.59446112043446,340.23477810220146
11,5,30,2,uniform,service_sigma_0.2,LC_HI,183,126,21387525,259.0115232074186,390.5260875388125
11,5,30,2,uniform,service_sigma_0.2,LC_HI,184,958,21387525,225.9406376179474,298.57066648909404
11,5,30,2,uniform,service_sigma_0.2,LC_HI,185,2151,21387525,173.4075221254472,301.215197466388
11,5,30,2,uniform,service_sigma_0.2,LC_HI,186,2114,21387525,239.8067070730175,339.4685405642717
11,5,30,2,uniform,service_sigma_0.2,LC_HI,187,559,21387525,186.5264777755857,279.8168717154046
11,5,30,2,uniform,service_sigma_0.2,LC_HI,188,1988,21387525,260.37768102719144,380.5145635986202
11,5,30,2,uniform,service_sigma_0.2,LC_HI,189,586,21387525,245.11227203511706,396.9016516524826
11,5,30,2,uniform,service_sigma_0.2,LC_HI,190,1780,21387525,174.55011132881134,273.0451752970228
11,5,30,2,uniform,service_sigma_0.2,LC_HI,191,105,21387525,272.40165952331256,353.3158266872884
11,5,30,2,uniform,service_sigma_0.2,LC_HI,192,1693,21387525,246.60393452534385,405.0484085832456
11,5,30,2,uniform,service_sigma_0.2,LC_HI,193,2470,21387525,263.7136728420067,416.88230240674
11,5,30,2,uniform,service_sigma_0.2,LC_HI,194,450,21387525,235.43774903830246,349.617136585647
11,5,30,2,uniform,service_sigma_0.2,LC_HI,195,1796,21387525,204.4962764321693,285.8784467521079
11,5,30,2,uniform,service_sigma_0.2,LC_HI,196,559,21387525,190.43952324682834,280.66484174986823
11,5,30,2,uniform,service_sigma_0.2,LC_HI,197,450,21387525,226.1808702955035,317.5320453005861
11,5,30,2,uniform,service_sigma_0.2,LC_HI,198,493,21387525,213.15787417639447,367.5377593442441
11,5,30,2,uniform,service_sigma_0.2,LC_HI,199,1051,21387525,240.9205909695122,345.3812976952575
11,5,30,2,uniform,service_sigma_0.2,LC_LI,0,1033,21387525,193.53423604422343,254.998453365163
11,5,30,2,uniform,service_sigma_0.2,LC_LI,1,226,21387525,287.58688236652034,444.892420487868
11,5,30,2,uniform,service_sigma_0.2,LC_LI,2,846,21387525,243.9944905082231,362.150102525269
11,5,30,2,uniform,service_sigma_0.2,LC_LI,3,1825,21387525,251.62553414965402,376.98994713662984
11,5,30,2,uniform,service_sigma_0.2,LC_LI,4,968,21387525,246.18044843068284,394.20305707008157
11,5,30,2,uniform,service_sigma_0.2,LC_LI,5,637,21387525,283.1453931542374,400.5569948916177
11,5,30,2,uniform,service_sigma_0.2,LC_LI,6,1116,21387525,273.90324048279183,383.71419777197184
11,5,30,2,uniform,service_sigma_0.2,LC_LI,7,1836,21387525,291.0321373575232,438.14815887000634
11,5,30,2,uniform,service_sigma_0.2,LC_LI,8,1520,21387525,297.24759209406346,370.70414787796574
11,5,30,2,uniform,service_sigma_0.2,LC_LI,9,2279,21387525,261.1443485429034,388.50802455944944
11,5,30,2,uniform,service_sigma_0.2,LC_LI,10,772,21387525,233.31597941198046,364.5260122429617
11,5,30,2,uniform,service_sigma_0.2,LC_LI,11,159,21387525,282.6687898733859,361.3905577428398
11,5,30,2,uniform,service_sigma_0.2,LC_LI,12,2235,21387525,240.94278518899642,429.1935243693964
11,5,30,2,uniform,service_sigma_0.2,LC_LI,13,2299,21387525,267.48251123837196,355.2451148612825
11,5,30,2,uniform,service_sigma_0.2,LC_LI,14,968,21387525,240.023321637418,362.4752287441252
11,5,30,2,uniform,service_sigma_0.2,LC_LI,15,784,21387525,208.507009527381,333.3495358590679
11,5,30,2,uniform,service_sigma_0.2,LC_LI,16,1583,21387525,229.11010588521094,332.5873041478134
11,5,30,2,uniform,service_sigma_0.2,LC_LI,17,514,21387525,189.61012203990975,201.12689469641097
11,5,30,2,uniform,service_sigma_0.2,LC_LI,18,2189,21387525,253.06495851037363,416.55195232372427
11,5,30,2,uniform,service_sigma_0.2,LC_LI,19,1843,21387525,266.54734370288185,356.91279676145246
11,5,30,2,uniform,service_sigma_0.2,LC_LI,20,1958,21387525,255.80079581156082,463.3992768624968
11,5,30,2,uniform,service_sigma_0.2,LC_LI,21,348,21387525,215.3979332178442,362.7818680622166
11,5,30,2,uniform,service_sigma_0.2,LC_LI,22,2126,21387525,255.77061243346446,364.2326940448115
11,5,30,2,uniform,service_sigma_0.2,LC_LI,23,1131,21387525,248.36628135160146,390.12460365502585
11,5,30,2,uniform,service_sigma_0.2,LC_LI,24,1142,21387525,281.52971791952734,357.23532401711134
11,5,30,2,uniform,service_sigma_0.2,LC_LI,25,2010,21387525,269.3369270350832,412.4183462250319
11,5,30,2,uniform,service_sigma_0.2,LC_LI,26,1384,21387525,309.0251861124154,427.8957536211027
11,5,30,2,uniform,service_sigma_0.2,LC_LI,27,796,21387525,302.9886909204745,481.3395868456191
11,5,30,2,uniform,service_sigma_0.2,LC_LI,28,2,21387525,311.98300999307656,377.25970636850246
11,5,30,2,uniform,service_sigma_0.2,LC_LI,29,1173,21387525,254.85429604299424,372.74219045978884
11,5,30,2,uniform,service_sigma_0.2,LC_LI,30,809,21387525,243.12987031929475,353.7351638982435
11,5,30,2,uniform,service_sigma_0.2,LC_LI,31,1292,21387525,224.2945732493197,341.2318686623341
11,5,30,2,uniform,service_sigma_0.2,LC_LI,32,2134,21387525,284.1231898069576,365.1289796050946
11,5,30,2,uniform,service_sigma_0.2,LC_LI,33,99,21387525,306.5303111321015,513.5004683593846
11,5,30,2,uniform,service_sigma_0.2,LC_LI,34,1583,21387525,242.06192213467168,347.1338136870777
11,5,30,2,uniform,service_sigma_0.2,LC_LI,35,1501,21387525,228.49117189590027,339.4697117911549
11,5,30,2,uniform,service_sigma_0.2,LC_LI,36,99,21387525,303.51702133986663,470.5290950976319
11,5,30,2,uniform,service_sigma_0.2,LC_LI,37,2322,21387525,252.51718913666298,412.0284433661366
11,5,30,2,uniform,service_sigma_0.2,LC_LI,38,1058,21387525,263.4784170082379,379.55456449514327
11,5,30,2,uniform,service_sigma_0.2,LC_LI,39,177,21387525,241.37406469200926,326.2199899575137
11,5,30,2,uniform,service_sigma_0.2,LC_LI,40,2935,21387525,248.58862211415249,378.8688212085941
11,5,30,2,uniform,service_sigma_0.2,LC_LI,41,2169,21387525,218.69836259155403,289.919596269461
11,5,30,2,uniform,service_sigma_0.2,LC_LI,42,2595,21387525,207.6927007533356,335.70362068307156
11,5,30,2,uniform,service_sigma_0.2,LC_LI,43,1958,21387525,269.42757067981,465.0056526438598
11,5,30,2,uniform,service_sigma_0.2,LC_LI,44,1666,21387525,226.18966353200568,373.36554868815136
11,5,30,2,uniform,service_sigma_0.2,LC_LI,45,2952,21387525,239.21427194290595,353.7317658200001
11,5,30,2,uniform,service_sigma_0.2,LC_LI,46,645,21387525,256.4940612913161,396.08857065984927
11,5,30,2,uniform,service_sigma_0.2,LC_LI,47,99,21387525,304.7479203833973,473.52666132132254
11,5,30,2,uniform,service_sigma_0.2,LC_LI,48,1825,21387525,246.73059731270268,363.8300913368383
11,5,30,2,uniform,service_sigma_0.2,LC_LI,49,303,21387525,285.4052942898177,490.16750058589315
11,5,30,2,uniform,service_sigma_0.2,LC_LI,50,2235,21387525,244.5827148634608,439.4778934050856
11,5,30,2,uniform,service_sigma_0.2,LC_LI,51,637,21387525,283.3844682762143,397.0049947660395
11,5,30,2,uniform,service_sigma_0.2,LC_LI,52,2842,21387525,264.10077073696675,337.0142618682479
11,5,30,2,uniform,service_sigma_0.2,LC_LI,53,149,21387525,219.35170517202076,332.7388396668427
11,5,30,2,uniform,service_sigma_0.2,LC_LI,54,250,21387525,224.8398146140562,321.110583840551
11,5,30,2,uniform,service_sigma_0.2,LC_LI,55,2868,21387525,224.60125366710528,375.74632960044283
11,5,30,2,uniform,service_sigma_0.2,LC_LI,56,2935,21387525,246.93328055975837,369.24499780379216
11,5,30,2,uniform,service_sigma_0.2,LC_LI,57,1971,21387525,276.06625488718015,384.3761581121655
11,5,30,2,uniform,service_sigma_0.2,LC_LI,58,235,21387525,245.9271823233669,380.43072920624326
11,5,30,2,uniform,service_sigma_0.2,LC_LI,59,1176,21387525,241.40029285882702,324.1125433223568
11,5,30,2,uniform,service_sigma_0.2,LC_LI,60,1486,21387525,262.3036487167077,423.99308927328144
11,5,30,2,uniform,service_sigma_0.2,LC_LI,61,397,21387525,278.83387928235504,363.56711845382114
11,5,30,2,uniform,service_sigma_0.2,LC_LI,62,2295,21387525,212.33070450458075,319.9974131594258
11,5,30,2,uniform,service_sigma_0.2,LC_LI,63,349,21387525,280.8542409952353,417.8226575133226
11,5,30,2,uniform,service_sigma_0.2,LC_LI,64,2009,21387525,233.87990326601837,301.6929705977286
11,5,30,2,uniform,service_sigma_0.2,LC_LI,65,2010,21387525,269.0114727950266,410.841204037303
11,5,30,2,uniform,service_sigma_0.2,LC_LI,66,1709,21387525,205.89345407656842,336.413505872975
11,5,30,2,uniform,service_sigma_0.2,LC_LI,67,796,21387525,305.6061825333893,476.64613187681255
11,5,30,2,uniform,service_sigma_0.2,LC_LI,68,428,21387525,245.85866223230906,386.3506685129414
11,5,30,2,uniform,service_sigma_0.2,LC_LI,69,1709,21387525,204.9044853334314,334.1830874699628
11,5,30,2,uniform,service_sigma_0.2,LC_LI,70,920,21387525,229.74382592407187,316.645208562683
11,5,30,2,uniform,service_sigma_0.2,LC_LI,71,848,21387525,248.4524650066857,309.73211082997784
11,5,30,2,uniform,service_sigma_0.2,LC_LI,72,2335,21387525,272.045896016201,420.9579189235646
11,5,30,2,uniform,service_sigma_0.2,LC_LI,73,1129,21387525,239.09215307422153,312.60962269588697
11,5,30,2,uniform,service_sigma_0.2,LC_LI,74,2524,21387525,224.44429017095482,328.49419769711375
11,5,30,2,uniform,service_sigma_0.2,LC_LI,75,1129,21387525,254.1894715395836,310.4588047166955
11,5,30,2,uniform,service_sigma_0.2,LC_LI,76,1589,21387525,224.86695855368595,320.15621795732386
11,5,30,2,uniform,service_sigma_0.2,LC_LI,77,1858,21387525,296.2862456498006,402.14295510675606
11,5,30,2,uniform,service_sigma_0.2,LC_LI,78,486,21387525,249.780357641764,406.70373829604097
11,5,30,2,uniform,service_sigma_0.2,LC_LI,79,2266,21387525,267.188416921159,371.9040387790546
11,5,30,2,uniform,service_sigma_0.2,LC_LI,80,1002,21387525,240.74902915024617,357.2602377160606
11,5,30,2,uniform,service_sigma_0.2,LC_LI,81,2974,21387525,219.81034464891832,285.507720529309
11,5,30,2,uniform,service_sigma_0.2,LC_LI,82,556,21387525,290.29134041205134,412.4353322418877
11,5,30,2,uniform,service_sigma_0.2,LC_LI,83,133,21387525,289.05271142451096,470.4085059121992
11,5,30,2,uniform,service_sigma_0.2,LC_LI,84,1685,21387525,250.57986740775743,318.66846254757024
11,5,30,2,uniform,service_sigma_0.2,LC_LI,85,1543,21387525,201.5181392847348,286.3745399529019
11,5,30,2,uniform,service_sigma_0.2,LC_LI,86,2687,21387525,251.29004307041737,370.4395923762061
11,5,30,2,uniform,service_sigma_0.2,LC_LI,87,2868,21387525,226.13533212458105,367.0375121230732
11,5,30,2,uniform,service_sigma_0.2,LC_LI,88,811,21387525,237.44142085935988,342.61080241895905
11,5,30,2,uniform,service_sigma_0.2,LC_LI,89,1066,21387525,257.23424921573115,404.77310176516824
11,5,30,2,uniform,service_sigma_0.2,LC_LI,90,968,21387525,254.91047527084766,377.8987830449537
11,5,30,2,uniform,service_sigma_0.2,LC_LI,91,1002,21387525,227.71309980510412,344.8436858342335
11,5,30,2,uniform,service_sigma_0.2,LC_LI,92,1230,21387525,200.1940711446673,328.4838929469341
11,5,30,2,uniform,service_sigma_0.2,LC_LI,93,1002,21387525,222.55775890312464,358.83101140336447
11,5,30,2,uniform,service_sigma_0.2,LC_LI,94,903,21387525,254.41918781662392,337.4820659308536
11,5,30,2,uniform,service_sigma_0.2,LC_LI,95,349,21387525,286.1312419562561,414.31872666448146
11,5,30,2,uniform,service_sigma_0.2,LC_LI,96,1058,21387525,260.6752932210726,375.8746305790908
11,5,30,2,uniform,service_sigma_0.2,LC_LI,97,2551,21387525,276.6808731057261,399.8989009280534
11,5,30,2,uniform,service_sigma_0.2,LC_LI,98,2285,21387525,287.49170945670846,425.59251534450624
11,5,30,2,uniform,service_sigma_0.2,LC_LI,99,2524,21387525,234.78623051569997,339.5680738904635
11,5,30,2,uniform,service_sigma_0.2,LC_LI,100,1543,21387525,196.57015791493504,284.901671759546
11,5,30,2,uniform,service_sigma_0.2,LC_LI,101,532,21387525,264.87877072445065,352.7746789156525
11,5,30,2,uniform,service_sigma_0.2,LC_LI,102,556,21387525,290.60615142949706,390.17261444166525
11,5,30,2,uniform,service_sigma_0.2,LC_LI,103,1602,21387525,290.46443888895897,366.5324429911882
11,5,30,2,uniform,service_sigma_0.2,LC_LI,104,2014,21387525,280.97507479712914,416.03787784218224
11,5,30,2,uniform,service_sigma_0.2,LC_LI,105,303,21387525,286.6468107825381,494.14482172415876
11,5,30,2,uniform,service_sigma_0.2,LC_LI,106,226,21387525,283.33727793735216,427.91303332276993
11,5,30,2,uniform,service_sigma_0.2,LC_LI,107,2059,21387525,222.43878971182062,363.2707591897231
11,5,30,2,uniform,service_sigma_0.2,LC_LI,108,2479,21387525,197.15803839543713,292.6654083282696
11,5,30,2,uniform,service_sigma_0.2,LC_LI,109,1589,21387525,227.01465713051067,317.8671719670706
11,5,30,2,uniform,service_sigma_0.2,LC_LI,110,2299,21387525,253.793506714114,357.75298934905925
11,5,30,2,uniform,service_sigma_0.2,LC_LI,111,556,21387525,304.6319346549347,431.09192203091885
11,5,30,2,uniform,service_sigma_0.2,LC_LI,112,226,21387525,280.026957583962,440.26959037491713
11,5,30,2,uniform,service_sigma_0.2,LC_LI,113,968,21387525,256.773118616831,367.23648122794754
11,5,30,2,uniform,service_sigma_0.2,LC_LI,114,2672,21387525,267.8866878984231,378.25338948957653
11,5,30,2,uniform,service_sigma_0.2,LC_LI,115,433,21387525,284.1366442180892,420.36316780179277
11,5,30,2,uniform,service_sigma_0.2,LC_LI,116,2941,21387525,210.64913244982594,353.41596109279317
11,5,30,2,uniform,service_sigma_0.2,LC_LI,117,774,21387525,200.08817989910537,310.8782245401502
11,5,30,2,uniform,service_sigma_0.2,LC_LI,118,1870,21387525,245.5540756673072,401.5721401669044
11,5,30,2,uniform,service_sigma_0.2,LC_LI,119,1923,21387525,219.09150785020958,319.10827586518195
11,5,30,2,uniform,service_sigma_0.2,LC_LI,120,1230,21387525,214.34451212776708,324.503605197361
11,5,30,2,uniform,service_sigma_0.2,LC_LI,121,1685,21387525,250.7699774273704,317.92533161341044
11,5,30,2,uniform,service_sigma_0.2,LC_LI,122,920,21387525,220.0739501470481,311.2151953273177
11,5,30,2,uniform,service_sigma_0.2,LC_LI,123,2322,21387525,238.32738990570917,398.23995426852116
11,5,30,2,uniform,service_sigma_0.2,LC_LI,124,1709,21387525,213.53150520321694,337.30568003746765
11,5,30,2,uniform,service_sigma_0.2,LC_LI,125,1104,21387525,264.9994400869847,368.63695278332716
11,5,30,2,uniform,service_sigma_0.2,LC_LI,126,1122,21387525,238.37731552593505,365.5361561885756
11,5,30,2,uniform,service_sigma_0.2,LC_LI,127,1870,21387525,252.6864251038396,402.3498702660873
11,5,30,2,uniform,service_sigma_0.2,LC_LI,128,2300,21387525,241.55544306981054,350.30772857264293
11,5,30,2,uniform,service_sigma_0.2,LC_LI,129,846,21387525,230.57659690328776,355.8834061730624
11,5,30,2,uniform,service_sigma_0.2,LC_LI,130,177,21387525,235.39747885765323,329.73846244170187
11,5,30,2,uniform,service_sigma_0.2,LC_LI,131,1255,21387525,230.56851535331185,359.846548951036
11,5,30,2,uniform,service_sigma_0.2,LC_LI,132,2266,21387525,254.16522999637903,408.45474209375845
11,5,30,2,uniform,service_sigma_0.2,LC_LI,133,513,21387525,278.67975119002705,425.9945800201055
11,5,30,2,uniform,service_sigma_0.2,LC_LI,134,2322,21387525,262.99869880921284,408.4397550540981
11,5,30,2,uniform,service_sigma_0.2,LC_LI,135,177,21387525,238.11221893516876,330.0845548449656
11,5,30,2,uniform,service_sigma_0.2,LC_LI,136,551,21387525,252.73580044602608,383.56086869025523
11,5,30,2,uniform,service_sigma_0.2,LC_LI,137,772,21387525,256.67566420932405,367.71460714751726
11,5,30,2,uniform,service_sigma_0.2,LC_LI,138,2070,21387525,220.9862891412634,339.1140026220995
11,5,30,2,uniform,service_sigma_0.2,LC_LI,139,2928,21387525,245.14925290092842,391.1624493069195
11,5,30,2,uniform,service_sigma_0.2,LC_LI,140,2989,21387525,252.29266771958177,382.5431111899126
11,5,30,2,uniform,service_sigma_0.2,LC_LI,141,1694,21387525,278.25377212247935,481.6589990796328
11,5,30,2,uniform,service_sigma_0.2,LC_LI,142,2863,21387525,274.7162961690248,381.7793190252742
11,5,30,2,uniform,service_sigma_0.2,LC_LI,143,250,21387525,198.76595504935278,317.89797200282743
11,5,30,2,uniform,service_sigma_0.2,LC_LI,144,194,21387525,289.8263281706995,430.2565015704313
11,5,30,2,uniform,service_sigma_0.2,LC_LI,145,2974,21387525,214.15635229918226,296.1703773804376
11,5,30,2,uniform,service_sigma_0.2,LC_LI,146,1494,21387525,254.80902949262492,381.4704083722238
11,5,30,2,uniform,service_sigma_0.2,LC_LI,147,116,21387525,283.22579502500986,417.0310621823225
11,5,30,2,uniform,service_sigma_0.2,LC_LI,148,2757,21387525,238.49769235690567,302.8385878516981
11,5,30,2,uniform,service_sigma_0.2,LC_LI,149,1900,21387525,212.2769159583665,339.28539527165475
11,5,30,2,uniform,service_sigma_0.2,LC_LI,150,2285,21387525,292.31429707043594,426.6341742133301
11,5,30,2,uniform,service_sigma_0.2,LC_LI,151,1653,21387525,220.94382272984276,347.3839335831975
11,5,30,2,uniform,service_sigma_0.2,LC_LI,152,1900,21387525,214.52159556540158,339.80093068476776
11,5,30,2,uniform,service_sigma_0.2,LC_LI,153,116,21387525,281.78441061716387,428.15015765692664
11,5,30,2,uniform,service_sigma_0.2,LC_LI,154,2928,21387525,235.54765842260812,391.39009638923267
11,5,30,2,uniform,service_sigma_0.2,LC_LI,155,556,21387525,288.5098384709033,417.2755460087588
11,5,30,2,uniform,service_sigma_0.2,LC_LI,156,1871,21387525,226.16158420232026,350.9932003467825
11,5,30,2,uniform,service_sigma_0.2,LC_LI,157,753,21387525,228.74305996214625,341.8367326516444
11,5,30,2,uniform,service_sigma_0.2,LC_LI,158,1543,21387525,197.7185133037898,279.25081990389117
11,5,30,2,uniform,service_sigma_0.2,LC_LI,159,1685,21387525,250.65632884047412,319.23692007118365
11,5,30,2,uniform,service_sigma_0.2,LC_LI,160,2479,21387525,189.2680938831184,291.38400176304845
11,5,30,2,uniform,service_sigma_0.2,LC_LI,161,1512,21387525,248.89552616726897,384.0998854237955
11,5,30,2,uniform,service_sigma_0.2,LC_LI,162,903,21387525,271.3346810026495,303.262530584621
11,5,30,2,uniform,service_sigma_0.2,LC_LI,163,2138,21387525,280.1805091232733,395.3690683865232
11,5,30,2,uniform,service_sigma_0.2,LC_LI,164,1666,21387525,234.03005814883852,346.7161819178687
11,5,30,2,uniform,service_sigma_0.2,LC_LI,165,1064,21387525,235.35823497817853,327.1231056938516
11,5,30,2,uniform,service_sigma_0.2,LC_LI,166,1033,21387525,192.23013759859091,255.49401217082809
11,5,30,2,uniform,service_sigma_0.2,LC_LI,167,102,21387525,215.52560853687376,326.0891476533945
11,5,30,2,uniform,service_sigma_0.2,LC_LI,168,1681,21387525,224.38430095851675,330.45020715079283
11,5,30,2,uniform,service_sigma_0.2,LC_LI,169,376,21387525,248.18848724252922,373.66752418463295
11,5,30,2,uniform,service_sigma_0.2,LC_LI,170,774,21387525,221.69591956261428,342.77173655274123
11,5,30,2,uniform,service_sigma_0.2,LC_LI,171,514,21387525,184.18253802253997,214.06132829875932
11,5,30,2,uniform,service_sigma_0.2,LC_LI,172,1836,21387525,270.96548024377915,441.58579731276996
11,5,30,2,uniform,service_sigma_0.2,LC_LI,173,2577,21387525,244.9781727177848,422.7091357604255
11,5,30,2,uniform,service_sigma_0.2,LC_LI,174,920,21387525,221.43556898011363,305.39165034406676
11,5,30,2,uniform,service_sigma_0.2,LC_LI,175,1666,21387525,234.02408858886875,374.15427511745924
11,5,30,2,uniform,service_sigma_0.2,LC_LI,176,2235,21387525,257.47765012776784,389.61703699760915
11,5,30,2,uniform,service_sigma_0.2,LC_LI,177,645,21387525,252.66800196225242,393.1613361380059
11,5,30,2,uniform,service_sigma_0.2,LC_LI,178,2928,21387525,251.47893589390432,387.21141072581474
11,5,30,2,uniform,service_sigma_0.2,LC_LI,179,1520,21387525,298.06054455066004,389.0921873568461
11,5,30,2,uniform,service_sigma_0.2,LC_LI,180,1635,21387525,271.8188444108586,406.2310606590588
11,5,30,2,uniform,service_sigma_0.2,LC_LI,181,1858,21387525,297.33020028382185,400.44643426345874
11,5,30,2,uniform,service_sigma_0.2,LC_LI,182,192,21387525,323.22481246191,403.1127329164704
11,5,30,2,uniform,service_sigma_0.2,LC_LI,183,2672,21387525,266.0379001185666,385.8687143055362
11,5,30,2,uniform,service_sigma_0.2,LC_LI,184,633,21387525,257.15275683101913,362.7678850766246
11,5,30,2,uniform,service_sigma_0.2,LC_LI,185,2335,21387525,250.87977765711975,395.5341466108974
11,5,30,2,uniform,service_sigma_0.2,LC_LI,186,1002,21387525,229.06690096353822,345.0021337126749
11,5,30,2,uniform,service_sigma_0.2,LC_LI,187,2266,21387525,262.8633391198304,374.78060242779554
11,5,30,2,uniform,service_sigma_0.2,LC_LI,188,1870,21387525,249.179772487541,405.8205329136967
11,5,30,2,uniform,service_sigma_0.2,LC_LI,189,2863,21387525,264.6660328870381,384.52852446037366
11,5,30,2,uniform,service_sigma_0.2,LC_LI,190,661,21387525,301.6278951155092,449.7630264705908
11,5,30,2,uniform,service_sigma_0.2,LC_LI,191,868,21387525,210.8198338854971,283.6038838909083
11,5,30,2,uniform,service_sigma_0.2,LC_LI,192,1502,21387525,255.46167616059898,377.6781252590061
11,5,30,2,uniform,service_sigma_0.2,LC_LI,193,774,21387525,197.26508575488913,320.8015736145977
11,5,30,2,uniform,service_sigma_0.2,LC_LI,194,1255,21387525,232.21053694968617,363.73579849409606
11,5,30,2,uniform,service_sigma_0.2,LC_LI,195,803,21387525,247.56176816035529,357.5179974356826
11,5,30,2,uniform,service_sigma_0.2,LC_LI,196,1486,21387525,267.8332370329203,406.9198171652651
11,5,30,2,uniform,service_sigma_0.2,LC_LI,197,2530,21387525,220.96398907211093,298.50840963256456
11,5,30,2,uniform,service_sigma_0.2,LC_LI,198,1666,21387525,228.34023776386798,344.7968868073683
11,5,30,2,uniform,service_sigma_0.2,LC_LI,199,1486,21387525,264.63049366771696,376.2342358530422
