config_id,F,n_amrs,n_elevators,demand,variant,arm,wave_id,candidate_id,cand_seed,makespan_M1,makespan_M2
1,3,5,2,uniform,directional,random,0,423,20387495,146.0,208.0
1,3,5,2,uniform,directional,random,1,24,20387495,162.0,235.0
1,3,5,2,uniform,directional,random,2,673,20387495,95.0,186.0
1,3,5,2,uniform,directional,random,3,2387,20387495,110.0,210.0
1,3,5,2,uniform,directional,random,4,1563,20387495,96.0,185.0
1,3,5,2,uniform,directional,random,5,2,20387495,134.0,247.0
1,3,5,2,uniform,directional,random,6,2064,20387495,139.0,195.0
1,3,5,2,uniform,directional,random,7,974,20387495,128.0,240.0
1,3,5,2,uniform,directional,random,8,2320,20387495,176.0,261.0
1,3,5,2,uniform,directional,random,9,2324,20387495,147.0,186.0
1,3,5,2,uniform,directional,random,10,2976,20387495,171.0,234.0
1,3,5,2,uniform,directional,random,11,2877,20387495,128.0,181.0
1,3,5,2,uniform,directional,random,12,1055,20387495,143.0,202.0
1,3,5,2,uniform,directional,random,13,2905,20387495,127.0,184.0
1,3,5,2,uniform,directional,random,14,1344,20387495,124.0,172.0
1,3,5,2,uniform,directional,random,15,1844,20387495,166.0,226.0
1,3,5,2,uniform,directional,random,16,2043,20387495,155.0,266.0
1,3,5,2,uniform,directional,random,17,1241,20387495,142.0,254.0
1,3,5,2,uniform,directional,random,18,2819,20387495,142.0,167.0
1,3,5,2,uniform,directional,random,19,1291,20387495,162.0,199.0
1,3,5,2,uniform,directional,random,20,304,20387495,115.0,205.0
1,3,5,2,uniform,directional,random,21,2404,20387495,101.0,183.0
1,3,5,2,uniform,directional,random,22,1995,20387495,156.0,216.0
1,3,5,2,uniform,directional,random,23,2306,20387495,104.0,179.0
1,3,5,2,uniform,directional,random,24,2501,20387495,128.0,224.0
1,3,5,2,uniform,directional,random,25,1327,20387495,132.0,250.0
1,3,5,2,uniform,directional,random,26,1638,20387495,133.0,221.0
1,3,5,2,uniform,directional,random,27,2676,20387495,133.0,154.0
1,3,5,2,uniform,directional,random,28,1265,20387495,131.0,218.0
1,3,5,2,uniform,directional,random,29,41,20387495,128.0,218.0
1,3,5,2,uniform,directional,random,30,1796,20387495,151.0,214.0
1,3,5,2,uniform,directional,random,31,2071,20387495,94.0,132.0
1,3,5,2,uniform,directional,random,32,2865,20387495,126.0,182.0
1,3,5,2,uniform,directional,random,33,2474,20387495,123.0,187.0
1,3,5,2,uniform,directional,random,34,819,20387495,132.0,186.0
1,3,5,2,uniform,directional,random,35,524,20387495,162.0,266.0
1,3,5,2,uniform,directional,random,36,1541,20387495,141.0,209.0
1,3,5,2,uniform,directional,random,37,2612,20387495,132.0,197.0
1,3,5,2,uniform,directional,random,38,263,20387495,124.0,180.0
1,3,5,2,uniform,directional,random,39,1834,20387495,134.0,204.0
1,3,5,2,uniform,directional,random,40,2088,20387495,156.0,221.0
1,3,5,2,uniform,directional,random,41,965,20387495,138.0,209.0
1,3,5,2,uniform,directional,random,42,2010,20387495,137.0,190.0
1,3,5,2,uniform,directional,random,43,678,20387495,157.0,204.0
1,3,5,2,uniform,directional,random,44,1962,20387495,133.0,219.0
1,3,5,2,uniform,directional,random,45,2367,20387495,124.0,208.0
1,3,5,2,uniform,directional,random,46,2710,20387495,152.0,224.0
1,3,5,2,uniform,directional,random,47,1907,20387495,181.0,245.0
1,3,5,2,uniform,directional,random,48,220,20387495,128.0,160.0
1,3,5,2,uniform,directional,random,49,392,20387495,124.0,153.0
1,3,5,2,uniform,directional,random,50,1150,20387495,158.0,227.0
1,3,5,2,uniform,directional,random,51,1051,20387495,133.0,198.0
1,3,5,2,uniform,directional,random,52,2306,20387495,104.0,179.0
1,3,5,2,uniform,directional,random,53,305,20387495,109.0,172.0
1,3,5,2,uniform,directional,random,54,1980,20387495,179.0,255.0
1,3,5,2,uniform,directional,random,55,36,20387495,147.0,192.0
1,3,5,2,uniform,directional,random,56,389,20387495,138.0,229.0
1,3,5,2,uniform,directional,random,57,204,20387495,152.0,212.0
1,3,5,2,uniform,directional,random,58,600,20387495,137.0,223.0
1,3,5,2,uniform,directional,random,59,361,20387495,142.0,204.0
1,3,5,2,uniform,directional,random,60,474,20387495,118.0,180.0
1,3,5,2,uniform,directional,random,61,150,20387495,118.0,199.0
1,3,5,2,uniform,directional,random,62,1410,20387495,133.0,201.0
1,3,5,2,uniform,directional,random,63,2615,20387495,123.0,130.0
1,3,5,2,uniform,directional,random,64,2092,20387495,133.0,175.0
1,3,5,2,uniform,directional,random,65,406,20387495,148.0,208.0
1,3,5,2,uniform,directional,random,66,1427,20387495,117.0,162.0
1,3,5,2,uniform,directional,random,67,285,20387495,142.0,195.0
1,3,5,2,uniform,directional,random,68,1612,20387495,128.0,170.0
1,3,5,2,uniform,directional,random,69,843,20387495,148.0,247.0
1,3,5,2,uniform,directional,random,70,835,20387495,181.0,235.0
1,3,5,2,uniform,directional,random,71,2696,20387495,144.0,277.0
1,3,5,2,uniform,directional,random,72,615,20387495,95.0,124.0
1,3,5,2,uniform,directional,random,73,144,20387495,132.0,214.0
1,3,5,2,uniform,directional,random,74,203,20387495,122.0,224.0
1,3,5,2,uniform,directional,random,75,778,20387495,109.0,163.0
1,3,5,2,uniform,directional,random,76,1827,20387495,164.0,275.0
1,3,5,2,uniform,directional,random,77,1252,20387495,113.0,148.0
1,3,5,2,uniform,directional,random,78,1440,20387495,124.0,243.0
1,3,5,2,uniform,directional,random,79,1217,20387495,118.0,204.0
1,3,5,2,uniform,directional,random,80,2336,20387495,147.0,187.0
1,3,5,2,uniform,directional,random,81,863,20387495,147.0,221.0
1,3,5,2,uniform,directional,random,82,734,20387495,119.0,206.0
1,3,5,2,uniform,directional,random,83,2333,20387495,147.0,197.0
1,3,5,2,uniform,directional,random,84,29,20387495,148.0,255.0
1,3,5,2,uniform,directional,random,85,1659,20387495,115.0,171.0
1,3,5,2,uniform,directional,random,86,409,20387495,147.0,207.0
1,3,5,2,uniform,directional,random,87,2767,20387495,114.0,190.0
1,3,5,2,uniform,directional,random,88,1383,20387495,131.0,197.0
1,3,5,2,uniform,directional,random,89,1426,20387495,138.0,260.0
1,3,5,2,uniform,directional,random,90,83,20387495,100.0,196.0
1,3,5,2,uniform,directional,random,91,9,20387495,167.0,237.0
1,3,5,2,uniform,directional,random,92,1611,20387495,152.0,269.0
1,3,5,2,uniform,directional,random,93,1028,20387495,143.0,215.0
1,3,5,2,uniform,directional,random,94,2318,20387495,148.0,200.0
1,3,5,2,uniform,directional,random,95,2121,20387495,151.0,227.0
1,3,5,2,uniform,directional,random,96,1225,20387495,119.0,185.0
1,3,5,2,uniform,directional,random,97,430,20387495,123.0,161.0
1,3,5,2,uniform,directional,random,98,365,20387495,161.0,205.0
1,3,5,2,uniform,directional,random,99,1025,20387495,133.0,198.0
1,3,5,2,uniform,directional,random,100,531,20387495,117.0,200.0
1,3,5,2,uniform,directional,random,101,2319,20387495,147.0,175.0
1,3,5,2,uniform,directional,random,102,602,20387495,142.0,241.0
1,3,5,2,uniform,directional,random,103,2124,20387495,129.0,264.0
1,3,5,2,uniform,directional,random,104,2383,20387495,152.0,241.0
1,3,5,2,uniform,directional,random,105,2607,20387495,156.0,227.0
1,3,5,2,uniform,directional,random,106,2928,20387495,121.0,192.0
1,3,5,2,uniform,directional,random,107,2413,20387495,142.0,216.0
1,3,5,2,uniform,directional,random,108,2846,20387495,156.0,246.0
1,3,5,2,uniform,directional,random,109,686,20387495,143.0,212.0
1,3,5,2,uniform,directional,random,110,661,20387495,119.0,166.0
1,3,5,2,uniform,directional,random,111,627,20387495,128.0,214.0
1,3,5,2,uniform,directional,random,112,2640,20387495,161.0,229.0
1,3,5,2,uniform,directional,random,113,280,20387495,110.0,166.0
1,3,5,2,uniform,directional,random,114,922,20387495,170.0,220.0
1,3,5,2,uniform,directional,random,115,2972,20387495,142.0,158.0
1,3,5,2,uniform,directional,random,116,227,20387495,134.0,194.0
1,3,5,2,uniform,directional,random,117,2273,20387495,156.0,215.0
1,3,5,2,uniform,directional,random,118,2968,20387495,132.0,189.0
1,3,5,2,uniform,directional,random,119,1706,20387495,123.0,233.0
1,3,5,2,uniform,directional,random,120,2832,20387495,153.0,197.0
1,3,5,2,uniform,directional,random,121,2160,20387495,147.0,211.0
1,3,5,2,uniform,directional,random,122,6,20387495,146.0,218.0
1,3,5,2,uniform,directional,random,123,131,20387495,128.0,217.0
1,3,5,2,uniform,directional,random,124,2170,20387495,129.0,211.0
1,3,5,2,uniform,directional,random,125,2144,20387495,153.0,217.0
1,3,5,2,uniform,directional,random,126,1644,20387495,143.0,219.0
1,3,5,2,uniform,directional,random,127,2369,20387495,128.0,205.0
1,3,5,2,uniform,directional,random,128,102,20387495,134.0,208.0
1,3,5,2,uniform,directional,random,129,2571,20387495,127.0,156.0
1,3,5,2,uniform,directional,random,130,11,20387495,127.0,225.0
1,3,5,2,uniform,directional,random,131,929,20387495,114.0,186.0
1,3,5,2,uniform,directional,random,132,2136,20387495,161.0,264.0
1,3,5,2,uniform,directional,random,133,2617,20387495,170.0,287.0
1,3,5,2,uniform,directional,random,134,2790,20387495,124.0,197.0
1,3,5,2,uniform,directional,random,135,1148,20387495,111.0,181.0
1,3,5,2,uniform,directional,random,136,1165,20387495,170.0,265.0
1,3,5,2,uniform,directional,random,137,837,20387495,138.0,233.0
1,3,5,2,uniform,directional,random,138,552,20387495,147.0,259.0
1,3,5,2,uniform,directional,random,139,959,20387495,138.0,220.0
1,3,5,2,uniform,directional,random,140,1842,20387495,156.0,202.0
1,3,5,2,uniform,directional,random,141,1828,20387495,181.0,298.0
1,3,5,2,uniform,directional,random,142,569,20387495,110.0,161.0
1,3,5,2,uniform,directional,random,143,1730,20387495,133.0,198.0
1,3,5,2,uniform,directional,random,144,2142,20387495,137.0,202.0
1,3,5,2,uniform,directional,random,145,778,20387495,109.0,163.0
1,3,5,2,uniform,directional,random,146,769,20387495,170.0,246.0
1,3,5,2,uniform,directional,random,147,950,20387495,120.0,190.0
1,3,5,2,uniform,directional,random,148,2036,20387495,129.0,224.0
1,3,5,2,uniform,directional,random,149,1632,20387495,157.0,197.0
1,3,5,2,uniform,directional,random,150,2467,20387495,144.0,217.0
1,3,5,2,uniform,directional,random,151,2330,20387495,128.0,173.0
1,3,5,2,uniform,directional,random,152,1181,20387495,151.0,208.0
1,3,5,2,uniform,directional,random,153,1925,20387495,166.0,229.0
1,3,5,2,uniform,directional,random,154,111,20387495,152.0,204.0
1,3,5,2,uniform,directional,random,155,1988,20387495,138.0,265.0
1,3,5,2,uniform,directional,random,156,1943,20387495,123.0,212.0
1,3,5,2,uniform,directional,random,157,2319,20387495,147.0,175.0
1,3,5,2,uniform,directional,random,158,456,20387495,118.0,166.0
1,3,5,2,uniform,directional,random,159,361,20387495,142.0,204.0
1,3,5,2,uniform,directional,random,160,1445,20387495,162.0,245.0
1,3,5,2,uniform,directional,random,161,2034,20387495,137.0,241.0
1,3,5,2,uniform,directional,random,162,2344,20387495,139.0,220.0
1,3,5,2,uniform,directional,random,163,1945,20387495,123.0,144.0
1,3,5,2,uniform,directional,random,164,724,20387495,109.0,157.0
1,3,5,2,uniform,directional,random,165,5,20387495,143.0,179.0
1,3,5,2,uniform,directional,random,166,945,20387495,153.0,252.0
1,3,5,2,uniform,directional,random,167,2764,20387495,142.0,240.0
1,3,5,2,uniform,directional,random,168,2262,20387495,148.0,190.0
1,3,5,2,uniform,directional,random,169,1328,20387495,143.0,248.0
1,3,5,2,uniform,directional,random,170,2885,20387495,124.0,190.0
1,3,5,2,uniform,directional,random,171,1802,20387495,146.0,170.0
1,3,5,2,uniform,directional,random,172,546,20387495,90.0,122.0
1,3,5,2,uniform,directional,random,173,61,20387495,148.0,194.0
1,3,5,2,uniform,directional,random,174,2196,20387495,162.0,270.0
1,3,5,2,uniform,directional,random,175,832,20387495,147.0,231.0
1,3,5,2,uniform,directional,random,176,1039,20387495,134.0,204.0
1,3,5,2,uniform,directional,random,177,1757,20387495,161.0,233.0
1,3,5,2,uniform,directional,random,178,2351,20387495,109.0,150.0
1,3,5,2,uniform,directional,random,179,384,20387495,114.0,178.0
1,3,5,2,uniform,directional,random,180,2221,20387495,118.0,179.0
1,3,5,2,uniform,directional,random,181,116,20387495,156.0,209.0
1,3,5,2,uniform,directional,random,182,730,20387495,203.0,264.0
1,3,5,2,uniform,directional,random,183,1650,20387495,133.0,199.0
1,3,5,2,uniform,directional,random,184,2777,20387495,141.0,205.0
1,3,5,2,uniform,directional,random,185,2975,20387495,165.0,270.0
1,3,5,2,uniform,directional,random,186,503,20387495,114.0,186.0
1,3,5,2,uniform,directional,random,187,1133,20387495,167.0,208.0
1,3,5,2,uniform,directional,random,188,879,20387495,108.0,143.0
1,3,5,2,uniform,directional,random,189,976,20387495,123.0,170.0
1,3,5,2,uniform,directional,random,190,2655,20387495,139.0,235.0
1,3,5,2,uniform,directional,random,191,2081,20387495,115.0,140.0
1,3,5,2,uniform,directional,random,192,1626,20387495,148.0,224.0
1,3,5,2,uniform,directional,random,193,947,20387495,143.0,192.0
1,3,5,2,uniform,directional,random,194,2422,20387495,142.0,258.0
1,3,5,2,uniform,directional,random,195,330,20387495,138.0,228.0
1,3,5,2,uniform,directional,random,196,2716,20387495,125.0,163.0
1,3,5,2,uniform,directional,random,197,662,20387495,119.0,219.0
1,3,5,2,uniform,directional,random,198,2616,20387495,156.0,272.0
1,3,5,2,uniform,directional,random,199,2790,20387495,124.0,197.0
1,3,5,2,uniform,directional,HC_HI,0,1765,20387495,133.0,161.0
1,3,5,2,uniform,directional,HC_HI,1,1357,20387495,138.0,189.0
1,3,5,2,uniform,directional,HC_HI,2,2259,20387495,152.0,235.0
1,3,5,2,uniform,directional,HC_HI,3,1947,20387495,132.0,232.0
1,3,5,2,uniform,directional,HC_HI,4,703,20387495,142.0,202.0
1,3,5,2,uniform,directional,HC_HI,5,893,20387495,142.0,245.0
1,3,5,2,uniform,directional,HC_HI,6,1379,20387495,137.0,166.0
1,3,5,2,uniform,directional,HC_HI,7,2168,20387495,146.0,265.0
1,3,5,2,uniform,directional,HC_HI,8,2704,20387495,156.0,239.0
1,3,5,2,uniform,directional,HC_HI,9,231,20387495,138.0,227.0
1,3,5,2,uniform,directional,HC_HI,10,796,20387495,128.0,207.0
1,3,5,2,uniform,directional,HC_HI,11,631,20387495,166.0,235.0
1,3,5,2,uniform,directional,HC_HI,12,2416,20387495,170.0,271.0
1,3,5,2,uniform,directional,HC_HI,13,1702,20387495,137.0,216.0
1,3,5,2,uniform,directional,HC_HI,14,910,20387495,151.0,225.0
1,3,5,2,uniform,directional,HC_HI,15,73,20387495,148.0,228.0
1,3,5,2,uniform,directional,HC_HI,16,1379,20387495,137.0,166.0
1,3,5,2,uniform,directional,HC_HI,17,1722,20387495,153.0,230.0
1,3,5,2,uniform,directional,HC_HI,18,1171,20387495,146.0,255.0
1,3,5,2,uniform,directional,HC_HI,19,463,20387495,141.0,166.0
1,3,5,2,uniform,directional,HC_HI,20,29,20387495,148.0,255.0
1,3,5,2,uniform,directional,HC_HI,21,252,20387495,118.0,249.0
1,3,5,2,uniform,directional,HC_HI,22,1015,20387495,152.0,276.0
1,3,5,2,uniform,directional,HC_HI,23,2335,20387495,128.0,196.0
1,3,5,2,uniform,directional,HC_HI,24,523,20387495,119.0,171.0
1,3,5,2,uniform,directional,HC_HI,25,252,20387495,118.0,249.0
1,3,5,2,uniform,directional,HC_HI,26,1605,20387495,147.0,193.0
1,3,5,2,uniform,directional,HC_HI,27,1486,20387495,152.0,234.0
1,3,5,2,uniform,directional,HC_HI,28,415,20387495,137.0,261.0
1,3,5,2,uniform,directional,HC_HI,29,1269,20387495,133.0,192.0
1,3,5,2,uniform,directional,HC_HI,30,64,20387495,123.0,190.0
1,3,5,2,uniform,directional,HC_HI,31,2087,20387495,156.0,236.0
1,3,5,2,uniform,directional,HC_HI,32,31,20387495,115.0,177.0
1,3,5,2,uniform,directional,HC_HI,33,2791,20387495,146.0,238.0
1,3,5,2,uniform,directional,HC_HI,34,363,20387495,124.0,154.0
1,3,5,2,uniform,directional,HC_HI,35,2341,20387495,128.0,175.0
1,3,5,2,uniform,directional,HC_HI,36,298,20387495,170.0,306.0
1,3,5,2,uniform,directional,HC_HI,37,2218,20387495,138.0,214.0
1,3,5,2,uniform,directional,HC_HI,38,1702,20387495,137.0,216.0
1,3,5,2,uniform,directional,HC_HI,39,2748,20387495,143.0,256.0
1,3,5,2,uniform,directional,HC_HI,40,1000,20387495,191.0,237.0
1,3,5,2,uniform,directional,HC_HI,41,1445,20387495,162.0,245.0
1,3,5,2,uniform,directional,HC_HI,42,2341,20387495,128.0,175.0
1,3,5,2,uniform,directional,HC_HI,43,2235,20387495,123.0,192.0
1,3,5,2,uniform,directional,HC_HI,44,2749,20387495,167.0,246.0
1,3,5,2,uniform,directional,HC_HI,45,1635,20387495,119.0,188.0
1,3,5,2,uniform,directional,HC_HI,46,2762,20387495,162.0,204.0
1,3,5,2,uniform,directional,HC_HI,47,1630,20387495,160.0,206.0
1,3,5,2,uniform,directional,HC_HI,48,2416,20387495,170.0,271.0
1,3,5,2,uniform,directional,HC_HI,49,2186,20387495,162.0,206.0
1,3,5,2,uniform,directional,HC_HI,50,64,20387495,123.0,190.0
1,3,5,2,uniform,directional,HC_HI,51,2092,20387495,133.0,175.0
1,3,5,2,uniform,directional,HC_HI,52,368,20387495,167.0,229.0
1,3,5,2,uniform,directional,HC_HI,53,1186,20387495,125.0,224.0
1,3,5,2,uniform,directional,HC_HI,54,2225,20387495,127.0,219.0
1,3,5,2,uniform,directional,HC_HI,55,1456,20387495,156.0,222.0
1,3,5,2,uniform,directional,HC_HI,56,2214,20387495,156.0,249.0
1,3,5,2,uniform,directional,HC_HI,57,1989,20387495,127.0,223.0
1,3,5,2,uniform,directional,HC_HI,58,631,20387495,166.0,235.0
1,3,5,2,uniform,directional,HC_HI,59,626,20387495,157.0,208.0
1,3,5,2,uniform,directional,HC_HI,60,1223,20387495,128.0,184.0
1,3,5,2,uniform,directional,HC_HI,61,935,20387495,175.0,209.0
1,3,5,2,uniform,directional,HC_HI,62,1581,20387495,129.0,233.0
1,3,5,2,uniform,directional,HC_HI,63,1269,20387495,133.0,192.0
1,3,5,2,uniform,directional,HC_HI,64,935,20387495,175.0,209.0
1,3,5,2,uniform,directional,HC_HI,65,2977,20387495,124.0,214.0
1,3,5,2,uniform,directional,HC_HI,66,202,20387495,160.0,233.0
1,3,5,2,uniform,directional,HC_HI,67,252,20387495,118.0,249.0
1,3,5,2,uniform,directional,HC_HI,68,1901,20387495,139.0,211.0
1,3,5,2,uniform,directional,HC_HI,69,104,20387495,173.0,240.0
1,3,5,2,uniform,directional,HC_HI,70,291,20387495,146.0,240.0
1,3,5,2,uniform,directional,HC_HI,71,1223,20387495,128.0,184.0
1,3,5,2,uniform,directional,HC_HI,72,1630,20387495,160.0,206.0
1,3,5,2,uniform,directional,HC_HI,73,31,20387495,115.0,177.0
1,3,5,2,uniform,directional,HC_HI,74,1134,20387495,162.0,168.0
1,3,5,2,uniform,directional,HC_HI,75,1173,20387495,157.0,215.0
1,3,5,2,uniform,directional,HC_HI,76,1635,20387495,119.0,188.0
1,3,5,2,uniform,directional,HC_HI,77,1758,20387495,171.0,271.0
1,3,5,2,uniform,directional,HC_HI,78,1810,20387495,151.0,242.0
1,3,5,2,uniform,directional,HC_HI,79,2850,20387495,153.0,223.0
1,3,5,2,uniform,directional,HC_HI,80,489,20387495,146.0,179.0
1,3,5,2,uniform,directional,HC_HI,81,2018,20387495,175.0,282.0
1,3,5,2,uniform,directional,HC_HI,82,893,20387495,142.0,245.0
1,3,5,2,uniform,directional,HC_HI,83,1860,20387495,151.0,226.0
1,3,5,2,uniform,directional,HC_HI,84,1860,20387495,151.0,226.0
1,3,5,2,uniform,directional,HC_HI,85,1947,20387495,132.0,232.0
1,3,5,2,uniform,directional,HC_HI,86,472,20387495,139.0,231.0
1,3,5,2,uniform,directional,HC_HI,87,910,20387495,151.0,225.0
1,3,5,2,uniform,directional,HC_HI,88,2087,20387495,156.0,236.0
1,3,5,2,uniform,directional,HC_HI,89,1722,20387495,153.0,230.0
1,3,5,2,uniform,directional,HC_HI,90,1019,20387495,122.0,161.0
1,3,5,2,uniform,directional,HC_HI,91,1206,20387495,148.0,222.0
1,3,5,2,uniform,directional,HC_HI,92,458,20387495,142.0,232.0
1,3,5,2,uniform,directional,HC_HI,93,1794,20387495,124.0,203.0
1,3,5,2,uniform,directional,HC_HI,94,2079,20387495,109.0,207.0
1,3,5,2,uniform,directional,HC_HI,95,1860,20387495,151.0,226.0
1,3,5,2,uniform,directional,HC_HI,96,2402,20387495,143.0,200.0
1,3,5,2,uniform,directional,HC_HI,97,1206,20387495,148.0,222.0
1,3,5,2,uniform,directional,HC_HI,98,2977,20387495,124.0,214.0
1,3,5,2,uniform,directional,HC_HI,99,104,20387495,173.0,240.0
1,3,5,2,uniform,directional,HC_HI,100,2114,20387495,148.0,244.0
1,3,5,2,uniform,directional,HC_HI,101,324,20387495,131.0,235.0
1,3,5,2,uniform,directional,HC_HI,102,2822,20387495,176.0,229.0
1,3,5,2,uniform,directional,HC_HI,103,2924,20387495,138.0,240.0
1,3,5,2,uniform,directional,HC_HI,104,887,20387495,137.0,192.0
1,3,5,2,uniform,directional,HC_HI,105,1398,20387495,137.0,231.0
1,3,5,2,uniform,directional,HC_HI,106,930,20387495,110.0,210.0
1,3,5,2,uniform,directional,HC_HI,107,2018,20387495,175.0,282.0
1,3,5,2,uniform,directional,HC_HI,108,2018,20387495,175.0,282.0
1,3,5,2,uniform,directional,HC_HI,109,1504,20387495,167.0,236.0
1,3,5,2,uniform,directional,HC_HI,110,2124,20387495,129.0,264.0
1,3,5,2,uniform,directional,HC_HI,111,1173,20387495,157.0,215.0
1,3,5,2,uniform,directional,HC_HI,112,240,20387495,152.0,213.0
1,3,5,2,uniform,directional,HC_HI,113,252,20387495,118.0,249.0
1,3,5,2,uniform,directional,HC_HI,114,1134,20387495,162.0,168.0
1,3,5,2,uniform,directional,HC_HI,115,604,20387495,142.0,208.0
1,3,5,2,uniform,directional,HC_HI,116,1206,20387495,148.0,222.0
1,3,5,2,uniform,directional,HC_HI,117,416,20387495,142.0,199.0
1,3,5,2,uniform,directional,HC_HI,118,1366,20387495,147.0,207.0
1,3,5,2,uniform,directional,HC_HI,119,2704,20387495,156.0,239.0
1,3,5,2,uniform,directional,HC_HI,120,73,20387495,148.0,228.0
1,3,5,2,uniform,directional,HC_HI,121,374,20387495,109.0,161.0
1,3,5,2,uniform,directional,HC_HI,122,201,20387495,123.0,199.0
1,3,5,2,uniform,directional,HC_HI,123,2114,20387495,148.0,244.0
1,3,5,2,uniform,directional,HC_HI,124,104,20387495,173.0,240.0
1,3,5,2,uniform,directional,HC_HI,125,2303,20387495,180.0,288.0
1,3,5,2,uniform,directional,HC_HI,126,1223,20387495,128.0,184.0
1,3,5,2,uniform,directional,HC_HI,127,228,20387495,171.0,238.0
1,3,5,2,uniform,directional,HC_HI,128,2049,20387495,138.0,233.0
1,3,5,2,uniform,directional,HC_HI,129,1172,20387495,114.0,200.0
1,3,5,2,uniform,directional,HC_HI,130,1780,20387495,119.0,194.0
1,3,5,2,uniform,directional,HC_HI,131,2087,20387495,156.0,236.0
1,3,5,2,uniform,directional,HC_HI,132,2402,20387495,143.0,200.0
1,3,5,2,uniform,directional,HC_HI,133,1605,20387495,147.0,193.0
1,3,5,2,uniform,directional,HC_HI,134,857,20387495,153.0,272.0
1,3,5,2,uniform,directional,HC_HI,135,2186,20387495,162.0,206.0
1,3,5,2,uniform,directional,HC_HI,136,2704,20387495,156.0,239.0
1,3,5,2,uniform,directional,HC_HI,137,1225,20387495,119.0,185.0
1,3,5,2,uniform,directional,HC_HI,138,1134,20387495,162.0,168.0
1,3,5,2,uniform,directional,HC_HI,139,2239,20387495,147.0,264.0
1,3,5,2,uniform,directional,HC_HI,140,268,20387495,137.0,193.0
1,3,5,2,uniform,directional,HC_HI,141,416,20387495,142.0,199.0
1,3,5,2,uniform,directional,HC_HI,142,833,20387495,141.0,202.0
1,3,5,2,uniform,directional,HC_HI,143,2714,20387495,137.0,165.0
1,3,5,2,uniform,directional,HC_HI,144,2748,20387495,143.0,256.0
1,3,5,2,uniform,directional,HC_HI,145,370,20387495,142.0,255.0
1,3,5,2,uniform,directional,HC_HI,146,604,20387495,142.0,208.0
1,3,5,2,uniform,directional,HC_HI,147,489,20387495,146.0,179.0
1,3,5,2,uniform,directional,HC_HI,148,342,20387495,157.0,240.0
1,3,5,2,uniform,directional,HC_HI,149,1147,20387495,143.0,195.0
1,3,5,2,uniform,directional,HC_HI,150,2087,20387495,156.0,236.0
1,3,5,2,uniform,directional,HC_HI,151,324,20387495,131.0,235.0
1,3,5,2,uniform,directional,HC_HI,152,268,20387495,137.0,193.0
1,3,5,2,uniform,directional,HC_HI,153,2822,20387495,176.0,229.0
1,3,5,2,uniform,directional,HC_HI,154,231,20387495,138.0,227.0
1,3,5,2,uniform,directional,HC_HI,155,218,20387495,147.0,252.0
1,3,5,2,uniform,directional,HC_HI,156,29,20387495,148.0,255.0
1,3,5,2,uniform,directional,HC_HI,157,88,20387495,151.0,212.0
1,3,5,2,uniform,directional,HC_HI,158,2402,20387495,143.0,200.0
1,3,5,2,uniform,directional,HC_HI,159,604,20387495,142.0,208.0
1,3,5,2,uniform,directional,HC_HI,160,1585,20387495,119.0,196.0
1,3,5,2,uniform,directional,HC_HI,161,1630,20387495,160.0,206.0
1,3,5,2,uniform,directional,HC_HI,162,321,20387495,138.0,196.0
1,3,5,2,uniform,directional,HC_HI,163,496,20387495,132.0,227.0
1,3,5,2,uniform,directional,HC_HI,164,228,20387495,171.0,238.0
1,3,5,2,uniform,directional,HC_HI,165,240,20387495,152.0,213.0
1,3,5,2,uniform,directional,HC_HI,166,730,20387495,203.0,264.0
1,3,5,2,uniform,directional,HC_HI,167,1860,20387495,151.0,226.0
1,3,5,2,uniform,directional,HC_HI,168,2591,20387495,114.0,192.0
1,3,5,2,uniform,directional,HC_HI,169,1352,20387495,157.0,296.0
1,3,5,2,uniform,directional,HC_HI,170,691,20387495,151.0,207.0
1,3,5,2,uniform,directional,HC_HI,171,1780,20387495,119.0,194.0
1,3,5,2,uniform,directional,HC_HI,172,930,20387495,110.0,210.0
1,3,5,2,uniform,directional,HC_HI,173,1010,20387495,133.0,157.0
1,3,5,2,uniform,directional,HC_HI,174,1919,20387495,147.0,230.0
1,3,5,2,uniform,directional,HC_HI,175,1530,20387495,134.0,211.0
1,3,5,2,uniform,directional,HC_HI,176,703,20387495,142.0,202.0
1,3,5,2,uniform,directional,HC_HI,177,2335,20387495,128.0,196.0
1,3,5,2,uniform,directional,HC_HI,178,268,20387495,137.0,193.0
1,3,5,2,uniform,directional,HC_HI,179,342,20387495,157.0,240.0
1,3,5,2,uniform,directional,HC_HI,180,2168,20387495,146.0,265.0
1,3,5,2,uniform,directional,HC_HI,181,1794,20387495,124.0,203.0
1,3,5,2,uniform,directional,HC_HI,182,1679,20387495,171.0,221.0
1,3,5,2,uniform,directional,HC_HI,183,2225,20387495,127.0,219.0
1,3,5,2,uniform,directional,HC_HI,184,887,20387495,137.0,192.0
1,3,5,2,uniform,directional,HC_HI,185,2822,20387495,176.0,229.0
1,3,5,2,uniform,directional,HC_HI,186,887,20387495,137.0,192.0
1,3,5,2,uniform,directional,HC_HI,187,2240,20387495,129.0,193.0
1,3,5,2,uniform,directional,HC_HI,188,1606,20387495,113.0,149.0
1,3,5,2,uniform,directional,HC_HI,189,1649,20387495,124.0,230.0
1,3,5,2,uniform,directional,HC_HI,190,1172,20387495,114.0,200.0
1,3,5,2,uniform,directional,HC_HI,191,2347,20387495,162.0,221.0
1,3,5,2,uniform,directional,HC_HI,192,1379,20387495,137.0,166.0
1,3,5,2,uniform,directional,HC_HI,193,2791,20387495,146.0,238.0
1,3,5,2,uniform,directional,HC_HI,194,1581,20387495,129.0,233.0
1,3,5,2,uniform,directional,HC_HI,195,416,20387495,142.0,199.0
1,3,5,2,uniform,directional,HC_HI,196,1630,20387495,160.0,206.0
1,3,5,2,uniform,directional,HC_HI,197,2875,20387495,151.0,235.0
1,3,5,2,uniform,directional,HC_HI,198,2239,20387495,147.0,264.0
1,3,5,2,uniform,directional,HC_HI,199,2218,20387495,138.0,214.0
1,3,5,2,uniform,directional,HC_LI,0,2384,20387495,133.0,199.0
1,3,5,2,uniform,directional,HC_LI,1,558,20387495,129.0,182.0
1,3,5,2,uniform,directional,HC_LI,2,2842,20387495,152.0,200.0
1,3,5,2,uniform,directional,HC_LI,3,2974,20387495,143.0,175.0
1,3,5,2,uniform,directional,HC_LI,4,1613,20387495,133.0,181.0
1,3,5,2,uniform,directional,HC_LI,5,1350,20387495,109.0,210.0
1,3,5,2,uniform,directional,HC_LI,6,148,20387495,151.0,218.0
1,3,5,2,uniform,directional,HC_LI,7,1965,20387495,170.0,301.0
1,3,5,2,uniform,directional,HC_LI,8,2698,20387495,180.0,249.0
1,3,5,2,uniform,directional,HC_LI,9,1571,20387495,162.0,176.0
1,3,5,2,uniform,directional,HC_LI,10,226,20387495,105.0,165.0
1,3,5,2,uniform,directional,HC_LI,11,1567,20387495,147.0,265.0
1,3,5,2,uniform,directional,HC_LI,12,1820,20387495,110.0,179.0
1,3,5,2,uniform,directional,HC_LI,13,352,20387495,162.0,221.0
1,3,5,2,uniform,directional,HC_LI,14,209,20387495,142.0,182.0
1,3,5,2,uniform,directional,HC_LI,15,2676,20387495,133.0,154.0
1,3,5,2,uniform,directional,HC_LI,16,337,20387495,147.0,197.0
1,3,5,2,uniform,directional,HC_LI,17,821,20387495,133.0,209.0
1,3,5,2,uniform,directional,HC_LI,18,1350,20387495,109.0,210.0
1,3,5,2,uniform,directional,HC_LI,19,2442,20387495,160.0,285.0
1,3,5,2,uniform,directional,HC_LI,20,2761,20387495,152.0,178.0
1,3,5,2,uniform,directional,HC_LI,21,1539,20387495,133.0,217.0
1,3,5,2,uniform,directional,HC_LI,22,1917,20387495,129.0,184.0
1,3,5,2,uniform,directional,HC_LI,23,2504,20387495,132.0,242.0
1,3,5,2,uniform,directional,HC_LI,24,1350,20387495,109.0,210.0
1,3,5,2,uniform,directional,HC_LI,25,1571,20387495,162.0,176.0
1,3,5,2,uniform,directional,HC_LI,26,209,20387495,142.0,182.0
1,3,5,2,uniform,directional,HC_LI,27,484,20387495,151.0,238.0
1,3,5,2,uniform,directional,HC_LI,28,2393,20387495,114.0,197.0
1,3,5,2,uniform,directional,HC_LI,29,1567,20387495,147.0,265.0
1,3,5,2,uniform,directional,HC_LI,30,2286,20387495,128.0,211.0
1,3,5,2,uniform,directional,HC_LI,31,769,20387495,170.0,246.0
1,3,5,2,uniform,directional,HC_LI,32,1246,20387495,113.0,169.0
1,3,5,2,uniform,directional,HC_LI,33,943,20387495,153.0,184.0
1,3,5,2,uniform,directional,HC_LI,34,77,20387495,119.0,175.0
1,3,5,2,uniform,directional,HC_LI,35,2176,20387495,176.0,244.0
1,3,5,2,uniform,directional,HC_LI,36,2750,20387495,118.0,223.0
1,3,5,2,uniform,directional,HC_LI,37,2522,20387495,152.0,226.0
1,3,5,2,uniform,directional,HC_LI,38,2012,20387495,185.0,241.0
1,3,5,2,uniform,directional,HC_LI,39,1931,20387495,113.0,197.0
1,3,5,2,uniform,directional,HC_LI,40,2777,20387495,141.0,205.0
1,3,5,2,uniform,directional,HC_LI,41,2546,20387495,152.0,310.0
1,3,5,2,uniform,directional,HC_LI,42,593,20387495,129.0,234.0
1,3,5,2,uniform,directional,HC_LI,43,1246,20387495,113.0,169.0
1,3,5,2,uniform,directional,HC_LI,44,226,20387495,105.0,165.0
1,3,5,2,uniform,directional,HC_LI,45,578,20387495,175.0,256.0
1,3,5,2,uniform,directional,HC_LI,46,800,20387495,118.0,188.0
1,3,5,2,uniform,directional,HC_LI,47,593,20387495,129.0,234.0
1,3,5,2,uniform,directional,HC_LI,48,2687,20387495,151.0,257.0
1,3,5,2,uniform,directional,HC_LI,49,823,20387495,143.0,244.0
1,3,5,2,uniform,directional,HC_LI,50,2346,20387495,166.0,226.0
1,3,5,2,uniform,directional,HC_LI,51,1739,20387495,119.0,199.0
1,3,5,2,uniform,directional,HC_LI,52,2712,20387495,153.0,211.0
1,3,5,2,uniform,directional,HC_LI,53,1931,20387495,113.0,197.0
1,3,5,2,uniform,directional,HC_LI,54,2,20387495,134.0,247.0
1,3,5,2,uniform,directional,HC_LI,55,1343,20387495,119.0,187.0
1,3,5,2,uniform,directional,HC_LI,56,1567,20387495,147.0,265.0
1,3,5,2,uniform,directional,HC_LI,57,1256,20387495,152.0,229.0
1,3,5,2,uniform,directional,HC_LI,58,704,20387495,152.0,209.0
1,3,5,2,uniform,directional,HC_LI,59,2891,20387495,186.0,232.0
1,3,5,2,uniform,directional,HC_LI,60,2287,20387495,156.0,195.0
1,3,5,2,uniform,directional,HC_LI,61,621,20387495,137.0,221.0
1,3,5,2,uniform,directional,HC_LI,62,1822,20387495,133.0,225.0
1,3,5,2,uniform,directional,HC_LI,63,2287,20387495,156.0,195.0
1,3,5,2,uniform,directional,HC_LI,64,1822,20387495,133.0,225.0
1,3,5,2,uniform,directional,HC_LI,65,1965,20387495,170.0,301.0
1,3,5,2,uniform,directional,HC_LI,66,2940,20387495,137.0,246.0
1,3,5,2,uniform,directional,HC_LI,67,2833,20387495,123.0,190.0
1,3,5,2,uniform,directional,HC_LI,68,2034,20387495,137.0,241.0
1,3,5,2,uniform,directional,HC_LI,69,2504,20387495,132.0,242.0
1,3,5,2,uniform,directional,HC_LI,70,978,20387495,142.0,236.0
1,3,5,2,uniform,directional,HC_LI,71,1274,20387495,133.0,213.0
1,3,5,2,uniform,directional,HC_LI,72,2787,20387495,152.0,241.0
1,3,5,2,uniform,directional,HC_LI,73,80,20387495,136.0,214.0
1,3,5,2,uniform,directional,HC_LI,74,1535,20387495,133.0,156.0
1,3,5,2,uniform,directional,HC_LI,75,1907,20387495,181.0,245.0
1,3,5,2,uniform,directional,HC_LI,76,2833,20387495,123.0,190.0
1,3,5,2,uniform,directional,HC_LI,77,77,20387495,119.0,175.0
1,3,5,2,uniform,directional,HC_LI,78,1852,20387495,129.0,215.0
1,3,5,2,uniform,directional,HC_LI,79,1179,20387495,162.0,284.0
1,3,5,2,uniform,directional,HC_LI,80,2396,20387495,105.0,154.0
1,3,5,2,uniform,directional,HC_LI,81,753,20387495,143.0,208.0
1,3,5,2,uniform,directional,HC_LI,82,1528,20387495,156.0,239.0
1,3,5,2,uniform,directional,HC_LI,83,501,20387495,190.0,279.0
1,3,5,2,uniform,directional,HC_LI,84,1401,20387495,134.0,217.0
1,3,5,2,uniform,directional,HC_LI,85,2383,20387495,152.0,241.0
1,3,5,2,uniform,directional,HC_LI,86,357,20387495,170.0,305.0
1,3,5,2,uniform,directional,HC_LI,87,77,20387495,119.0,175.0
1,3,5,2,uniform,directional,HC_LI,88,1636,20387495,179.0,266.0
1,3,5,2,uniform,directional,HC_LI,89,614,20387495,139.0,221.0
1,3,5,2,uniform,directional,HC_LI,90,500,20387495,118.0,206.0
1,3,5,2,uniform,directional,HC_LI,91,2891,20387495,186.0,232.0
1,3,5,2,uniform,directional,HC_LI,92,500,20387495,118.0,206.0
1,3,5,2,uniform,directional,HC_LI,93,2985,20387495,133.0,236.0
1,3,5,2,uniform,directional,HC_LI,94,1876,20387495,151.0,233.0
1,3,5,2,uniform,directional,HC_LI,95,2761,20387495,152.0,178.0
1,3,5,2,uniform,directional,HC_LI,96,2068,20387495,119.0,195.0
1,3,5,2,uniform,directional,HC_LI,97,2489,20387495,161.0,229.0
1,3,5,2,uniform,directional,HC_LI,98,2466,20387495,171.0,258.0
1,3,5,2,uniform,directional,HC_LI,99,1298,20387495,147.0,207.0
1,3,5,2,uniform,directional,HC_LI,100,2184,20387495,181.0,238.0
1,3,5,2,uniform,directional,HC_LI,101,614,20387495,139.0,221.0
1,3,5,2,uniform,directional,HC_LI,102,1422,20387495,157.0,185.0
1,3,5,2,uniform,directional,HC_LI,103,987,20387495,138.0,205.0
1,3,5,2,uniform,directional,HC_LI,104,2985,20387495,133.0,236.0
1,3,5,2,uniform,directional,HC_LI,105,578,20387495,175.0,256.0
1,3,5,2,uniform,directional,HC_LI,106,2207,20387495,132.0,246.0
1,3,5,2,uniform,directional,HC_LI,107,2129,20387495,113.0,199.0
1,3,5,2,uniform,directional,HC_LI,108,2788,20387495,176.0,241.0
1,3,5,2,uniform,directional,HC_LI,109,1298,20387495,147.0,207.0
1,3,5,2,uniform,directional,HC_LI,110,788,20387495,148.0,182.0
1,3,5,2,uniform,directional,HC_LI,111,480,20387495,147.0,243.0
1,3,5,2,uniform,directional,HC_LI,112,2900,20387495,109.0,179.0
1,3,5,2,uniform,directional,HC_LI,113,1188,20387495,138.0,215.0
1,3,5,2,uniform,directional,HC_LI,114,558,20387495,129.0,182.0
1,3,5,2,uniform,directional,HC_LI,115,593,20387495,129.0,234.0
1,3,5,2,uniform,directional,HC_LI,116,844,20387495,170.0,203.0
1,3,5,2,uniform,directional,HC_LI,117,844,20387495,170.0,203.0
1,3,5,2,uniform,directional,HC_LI,118,2286,20387495,128.0,211.0
1,3,5,2,uniform,directional,HC_LI,119,2068,20387495,119.0,195.0
1,3,5,2,uniform,directional,HC_LI,120,2182,20387495,146.0,223.0
1,3,5,2,uniform,directional,HC_LI,121,219,20387495,117.0,185.0
1,3,5,2,uniform,directional,HC_LI,122,2676,20387495,133.0,154.0
1,3,5,2,uniform,directional,HC_LI,123,2687,20387495,151.0,257.0
1,3,5,2,uniform,directional,HC_LI,124,2473,20387495,156.0,196.0
1,3,5,2,uniform,directional,HC_LI,125,2777,20387495,141.0,205.0
1,3,5,2,uniform,directional,HC_LI,126,2176,20387495,176.0,244.0
1,3,5,2,uniform,directional,HC_LI,127,1636,20387495,179.0,266.0
1,3,5,2,uniform,directional,HC_LI,128,1350,20387495,109.0,210.0
1,3,5,2,uniform,directional,HC_LI,129,464,20387495,133.0,194.0
1,3,5,2,uniform,directional,HC_LI,130,2940,20387495,137.0,246.0
1,3,5,2,uniform,directional,HC_LI,131,354,20387495,151.0,191.0
1,3,5,2,uniform,directional,HC_LI,132,1203,20387495,132.0,241.0
1,3,5,2,uniform,directional,HC_LI,133,708,20387495,167.0,279.0
1,3,5,2,uniform,directional,HC_LI,134,1974,20387495,146.0,194.0
1,3,5,2,uniform,directional,HC_LI,135,2207,20387495,132.0,246.0
1,3,5,2,uniform,directional,HC_LI,136,943,20387495,153.0,184.0
1,3,5,2,uniform,directional,HC_LI,137,829,20387495,138.0,199.0
1,3,5,2,uniform,directional,HC_LI,138,896,20387495,158.0,259.0
1,3,5,2,uniform,directional,HC_LI,139,2787,20387495,152.0,241.0
1,3,5,2,uniform,directional,HC_LI,140,986,20387495,142.0,236.0
1,3,5,2,uniform,directional,HC_LI,141,933,20387495,124.0,185.0
1,3,5,2,uniform,directional,HC_LI,142,1933,20387495,128.0,196.0
1,3,5,2,uniform,directional,HC_LI,143,94,20387495,165.0,279.0
1,3,5,2,uniform,directional,HC_LI,144,788,20387495,148.0,182.0
1,3,5,2,uniform,directional,HC_LI,145,2482,20387495,132.0,221.0
1,3,5,2,uniform,directional,HC_LI,146,1528,20387495,156.0,239.0
1,3,5,2,uniform,directional,HC_LI,147,844,20387495,170.0,203.0
1,3,5,2,uniform,directional,HC_LI,148,2482,20387495,132.0,221.0
1,3,5,2,uniform,directional,HC_LI,149,815,20387495,114.0,186.0
1,3,5,2,uniform,directional,HC_LI,150,1422,20387495,157.0,185.0
1,3,5,2,uniform,directional,HC_LI,151,558,20387495,129.0,182.0
1,3,5,2,uniform,directional,HC_LI,152,1488,20387495,162.0,236.0
1,3,5,2,uniform,directional,HC_LI,153,1226,20387495,137.0,209.0
1,3,5,2,uniform,directional,HC_LI,154,2346,20387495,166.0,226.0
1,3,5,2,uniform,directional,HC_LI,155,2640,20387495,161.0,229.0
1,3,5,2,uniform,directional,HC_LI,156,2654,20387495,132.0,210.0
1,3,5,2,uniform,directional,HC_LI,157,1877,20387495,114.0,252.0
1,3,5,2,uniform,directional,HC_LI,158,978,20387495,142.0,236.0
1,3,5,2,uniform,directional,HC_LI,159,708,20387495,167.0,279.0
1,3,5,2,uniform,directional,HC_LI,160,815,20387495,114.0,186.0
1,3,5,2,uniform,directional,HC_LI,161,2430,20387495,124.0,204.0
1,3,5,2,uniform,directional,HC_LI,162,1405,20387495,163.0,235.0
1,3,5,2,uniform,directional,HC_LI,163,2413,20387495,142.0,216.0
1,3,5,2,uniform,directional,HC_LI,164,2346,20387495,166.0,226.0
1,3,5,2,uniform,directional,HC_LI,165,1917,20387495,129.0,184.0
1,3,5,2,uniform,directional,HC_LI,166,2588,20387495,147.0,250.0
1,3,5,2,uniform,directional,HC_LI,167,1992,20387495,129.0,180.0
1,3,5,2,uniform,directional,HC_LI,168,1023,20387495,167.0,242.0
1,3,5,2,uniform,directional,HC_LI,169,1933,20387495,128.0,196.0
1,3,5,2,uniform,directional,HC_LI,170,1203,20387495,132.0,241.0
1,3,5,2,uniform,directional,HC_LI,171,464,20387495,133.0,194.0
1,3,5,2,uniform,directional,HC_LI,172,2030,20387495,123.0,180.0
1,3,5,2,uniform,directional,HC_LI,173,537,20387495,144.0,181.0
1,3,5,2,uniform,directional,HC_LI,174,2182,20387495,146.0,223.0
1,3,5,2,uniform,directional,HC_LI,175,2842,20387495,152.0,200.0
1,3,5,2,uniform,directional,HC_LI,176,2155,20387495,100.0,209.0
1,3,5,2,uniform,directional,HC_LI,177,2413,20387495,142.0,216.0
1,3,5,2,uniform,directional,HC_LI,178,1079,20387495,138.0,187.0
1,3,5,2,uniform,directional,HC_LI,179,1256,20387495,152.0,229.0
1,3,5,2,uniform,directional,HC_LI,180,2502,20387495,166.0,192.0
1,3,5,2,uniform,directional,HC_LI,181,769,20387495,170.0,246.0
1,3,5,2,uniform,directional,HC_LI,182,933,20387495,124.0,185.0
1,3,5,2,uniform,directional,HC_LI,183,1362,20387495,129.0,173.0
1,3,5,2,uniform,directional,HC_LI,184,1118,20387495,156.0,218.0
1,3,5,2,uniform,directional,HC_LI,185,522,20387495,133.0,213.0
1,3,5,2,uniform,directional,HC_LI,186,2654,20387495,132.0,210.0
1,3,5,2,uniform,directional,HC_LI,187,1383,20387495,131.0,197.0
1,3,5,2,uniform,directional,HC_LI,188,1648,20387495,147.0,250.0
1,3,5,2,uniform,directional,HC_LI,189,612,20387495,114.0,196.0
1,3,5,2,uniform,directional,HC_LI,190,500,20387495,118.0,206.0
1,3,5,2,uniform,directional,HC_LI,191,2074,20387495,143.0,225.0
1,3,5,2,uniform,directional,HC_LI,192,209,20387495,142.0,182.0
1,3,5,2,uniform,directional,HC_LI,193,1328,20387495,143.0,248.0
1,3,5,2,uniform,directional,HC_LI,194,2012,20387495,185.0,241.0
1,3,5,2,uniform,directional,HC_LI,195,2908,20387495,146.0,268.0
1,3,5,2,uniform,directional,HC_LI,196,2625,20387495,128.0,256.0
1,3,5,2,uniform,directional,HC_LI,197,2761,20387495,152.0,178.0
1,3,5,2,uniform,directional,HC_LI,198,2413,20387495,142.0,216.0
1,3,5,2,uniform,directional,HC_LI,199,148,20387495,151.0,218.0
1,3,5,2,uniform,directional,LC_HI,0,1733,20387495,114.0,173.0
1,3,5,2,uniform,directional,LC_HI,1,2508,20387495,123.0,182.0
1,3,5,2,uniform,directional,LC_HI,2,1800,20387495,137.0,201.0
1,3,5,2,uniform,directional,LC_HI,3,138,20387495,123.0,216.0
1,3,5,2,uniform,directional,LC_HI,4,674,20387495,132.0,237.0
1,3,5,2,uniform,directional,LC_HI,5,2717,20387495,123.0,175.0
1,3,5,2,uniform,directional,LC_HI,6,1009,20387495,157.0,196.0
1,3,5,2,uniform,directional,LC_HI,7,1254,20387495,124.0,170.0
1,3,5,2,uniform,directional,LC_HI,8,2783,20387495,109.0,154.0
1,3,5,2,uniform,directional,LC_HI,9,12,20387495,169.0,256.0
1,3,5,2,uniform,directional,LC_HI,10,1960,20387495,95.0,140.0
1,3,5,2,uniform,directional,LC_HI,11,1545,20387495,113.0,191.0
1,3,5,2,uniform,directional,LC_HI,12,1923,20387495,110.0,142.0
1,3,5,2,uniform,directional,LC_HI,13,2379,20387495,124.0,167.0
1,3,5,2,uniform,directional,LC_HI,14,49,20387495,114.0,125.0
1,3,5,2,uniform,directional,LC_HI,15,186,20387495,109.0,133.0
1,3,5,2,uniform,directional,LC_HI,16,1562,20387495,118.0,205.0
1,3,5,2,uniform,directional,LC_HI,17,1465,20387495,162.0,212.0
1,3,5,2,uniform,directional,LC_HI,18,1510,20387495,118.0,159.0
1,3,5,2,uniform,directional,LC_HI,19,1462,20387495,133.0,144.0
1,3,5,2,uniform,directional,LC_HI,20,32,20387495,113.0,152.0
1,3,5,2,uniform,directional,LC_HI,21,499,20387495,138.0,207.0
1,3,5,2,uniform,directional,LC_HI,22,2367,20387495,124.0,208.0
1,3,5,2,uniform,directional,LC_HI,23,2099,20387495,151.0,230.0
1,3,5,2,uniform,directional,LC_HI,24,1316,20387495,141.0,208.0
1,3,5,2,uniform,directional,LC_HI,25,413,20387495,119.0,191.0
1,3,5,2,uniform,directional,LC_HI,26,2811,20387495,123.0,205.0
1,3,5,2,uniform,directional,LC_HI,27,2091,20387495,100.0,198.0
1,3,5,2,uniform,directional,LC_HI,28,836,20387495,127.0,155.0
1,3,5,2,uniform,directional,LC_HI,29,1316,20387495,141.0,208.0
1,3,5,2,uniform,directional,LC_HI,30,885,20387495,147.0,184.0
1,3,5,2,uniform,directional,LC_HI,31,1084,20387495,148.0,172.0
1,3,5,2,uniform,directional,LC_HI,32,503,20387495,114.0,186.0
1,3,5,2,uniform,directional,LC_HI,33,2128,20387495,113.0,157.0
1,3,5,2,uniform,directional,LC_HI,34,2605,20387495,138.0,183.0
1,3,5,2,uniform,directional,LC_HI,35,377,20387495,114.0,172.0
1,3,5,2,uniform,directional,LC_HI,36,551,20387495,113.0,194.0
1,3,5,2,uniform,directional,LC_HI,37,238,20387495,134.0,198.0
1,3,5,2,uniform,directional,LC_HI,38,1711,20387495,133.0,199.0
1,3,5,2,uniform,directional,LC_HI,39,435,20387495,109.0,183.0
1,3,5,2,uniform,directional,LC_HI,40,348,20387495,127.0,222.0
1,3,5,2,uniform,directional,LC_HI,41,2367,20387495,124.0,208.0
1,3,5,2,uniform,directional,LC_HI,42,550,20387495,133.0,160.0
1,3,5,2,uniform,directional,LC_HI,43,1711,20387495,133.0,199.0
1,3,5,2,uniform,directional,LC_HI,44,1101,20387495,114.0,192.0
1,3,5,2,uniform,directional,LC_HI,45,967,20387495,123.0,208.0
1,3,5,2,uniform,directional,LC_HI,46,2538,20387495,90.0,132.0
1,3,5,2,uniform,directional,LC_HI,47,1960,20387495,95.0,140.0
1,3,5,2,uniform,directional,LC_HI,48,1545,20387495,113.0,191.0
1,3,5,2,uniform,directional,LC_HI,49,1041,20387495,124.0,239.0
1,3,5,2,uniform,directional,LC_HI,50,1682,20387495,156.0,217.0
1,3,5,2,uniform,directional,LC_HI,51,1050,20387495,119.0,190.0
1,3,5,2,uniform,directional,LC_HI,52,431,20387495,138.0,212.0
1,3,5,2,uniform,directional,LC_HI,53,736,20387495,105.0,161.0
1,3,5,2,uniform,directional,LC_HI,54,775,20387495,137.0,192.0
1,3,5,2,uniform,directional,LC_HI,55,2323,20387495,137.0,193.0
1,3,5,2,uniform,directional,LC_HI,56,1686,20387495,132.0,152.0
1,3,5,2,uniform,directional,LC_HI,57,413,20387495,119.0,191.0
1,3,5,2,uniform,directional,LC_HI,58,1248,20387495,118.0,196.0
1,3,5,2,uniform,directional,LC_HI,59,865,20387495,152.0,219.0
1,3,5,2,uniform,directional,LC_HI,60,1370,20387495,118.0,163.0
1,3,5,2,uniform,directional,LC_HI,61,71,20387495,143.0,190.0
1,3,5,2,uniform,directional,LC_HI,62,2717,20387495,123.0,175.0
1,3,5,2,uniform,directional,LC_HI,63,998,20387495,124.0,136.0
1,3,5,2,uniform,directional,LC_HI,64,1123,20387495,105.0,142.0
1,3,5,2,uniform,directional,LC_HI,65,836,20387495,127.0,155.0
1,3,5,2,uniform,directional,LC_HI,66,161,20387495,127.0,237.0
1,3,5,2,uniform,directional,LC_HI,67,998,20387495,124.0,136.0
1,3,5,2,uniform,directional,LC_HI,68,1316,20387495,141.0,208.0
1,3,5,2,uniform,directional,LC_HI,69,1922,20387495,119.0,136.0
1,3,5,2,uniform,directional,LC_HI,70,1517,20387495,99.0,151.0
1,3,5,2,uniform,directional,LC_HI,71,953,20387495,123.0,155.0
1,3,5,2,uniform,directional,LC_HI,72,2902,20387495,129.0,152.0
1,3,5,2,uniform,directional,LC_HI,73,1021,20387495,139.0,168.0
1,3,5,2,uniform,directional,LC_HI,74,2249,20387495,108.0,163.0
1,3,5,2,uniform,directional,LC_HI,75,1370,20387495,118.0,163.0
1,3,5,2,uniform,directional,LC_HI,76,1511,20387495,123.0,190.0
1,3,5,2,uniform,directional,LC_HI,77,1049,20387495,110.0,170.0
1,3,5,2,uniform,directional,LC_HI,78,1163,20387495,110.0,151.0
1,3,5,2,uniform,directional,LC_HI,79,647,20387495,138.0,200.0
1,3,5,2,uniform,directional,LC_HI,80,139,20387495,109.0,165.0
1,3,5,2,uniform,directional,LC_HI,81,1875,20387495,129.0,249.0
1,3,5,2,uniform,directional,LC_HI,82,1517,20387495,99.0,151.0
1,3,5,2,uniform,directional,LC_HI,83,843,20387495,148.0,247.0
1,3,5,2,uniform,directional,LC_HI,84,2538,20387495,90.0,132.0
1,3,5,2,uniform,directional,LC_HI,85,1297,20387495,118.0,158.0
1,3,5,2,uniform,directional,LC_HI,86,487,20387495,129.0,163.0
1,3,5,2,uniform,directional,LC_HI,87,998,20387495,124.0,136.0
1,3,5,2,uniform,directional,LC_HI,88,2409,20387495,128.0,208.0
1,3,5,2,uniform,directional,LC_HI,89,2128,20387495,113.0,157.0
1,3,5,2,uniform,directional,LC_HI,90,2249,20387495,108.0,163.0
1,3,5,2,uniform,directional,LC_HI,91,1212,20387495,133.0,206.0
1,3,5,2,uniform,directional,LC_HI,92,2602,20387495,106.0,132.0
1,3,5,2,uniform,directional,LC_HI,93,2699,20387495,181.0,302.0
1,3,5,2,uniform,directional,LC_HI,94,2177,20387495,105.0,222.0
1,3,5,2,uniform,directional,LC_HI,95,2681,20387495,119.0,183.0
1,3,5,2,uniform,directional,LC_HI,96,1510,20387495,118.0,159.0
1,3,5,2,uniform,directional,LC_HI,97,1562,20387495,118.0,205.0
1,3,5,2,uniform,directional,LC_HI,98,1973,20387495,105.0,126.0
1,3,5,2,uniform,directional,LC_HI,99,919,20387495,156.0,210.0
1,3,5,2,uniform,directional,LC_HI,100,757,20387495,157.0,182.0
1,3,5,2,uniform,directional,LC_HI,101,2400,20387495,123.0,204.0
1,3,5,2,uniform,directional,LC_HI,102,629,20387495,127.0,199.0
1,3,5,2,uniform,directional,LC_HI,103,775,20387495,137.0,192.0
1,3,5,2,uniform,directional,LC_HI,104,1009,20387495,157.0,196.0
1,3,5,2,uniform,directional,LC_HI,105,2615,20387495,123.0,130.0
1,3,5,2,uniform,directional,LC_HI,106,474,20387495,118.0,180.0
1,3,5,2,uniform,directional,LC_HI,107,404,20387495,113.0,155.0
1,3,5,2,uniform,directional,LC_HI,108,331,20387495,151.0,167.0
1,3,5,2,uniform,directional,LC_HI,109,2249,20387495,108.0,163.0
1,3,5,2,uniform,directional,LC_HI,110,280,20387495,110.0,166.0
1,3,5,2,uniform,directional,LC_HI,111,2838,20387495,134.0,226.0
1,3,5,2,uniform,directional,LC_HI,112,359,20387495,104.0,129.0
1,3,5,2,uniform,directional,LC_HI,113,2605,20387495,138.0,183.0
1,3,5,2,uniform,directional,LC_HI,114,1474,20387495,147.0,189.0
1,3,5,2,uniform,directional,LC_HI,115,793,20387495,132.0,228.0
1,3,5,2,uniform,directional,LC_HI,116,2351,20387495,109.0,150.0
1,3,5,2,uniform,directional,LC_HI,117,624,20387495,131.0,214.0
1,3,5,2,uniform,directional,LC_HI,118,953,20387495,123.0,155.0
1,3,5,2,uniform,directional,LC_HI,119,241,20387495,134.0,176.0
1,3,5,2,uniform,directional,LC_HI,120,686,20387495,143.0,212.0
1,3,5,2,uniform,directional,LC_HI,121,515,20387495,122.0,207.0
1,3,5,2,uniform,directional,LC_HI,122,1923,20387495,110.0,142.0
1,3,5,2,uniform,directional,LC_HI,123,1562,20387495,118.0,205.0
1,3,5,2,uniform,directional,LC_HI,124,1682,20387495,156.0,217.0
1,3,5,2,uniform,directional,LC_HI,125,872,20387495,132.0,187.0
1,3,5,2,uniform,directional,LC_HI,126,1823,20387495,91.0,110.0
1,3,5,2,uniform,directional,LC_HI,127,140,20387495,141.0,228.0
1,3,5,2,uniform,directional,LC_HI,128,1904,20387495,119.0,204.0
1,3,5,2,uniform,directional,LC_HI,129,1875,20387495,129.0,249.0
1,3,5,2,uniform,directional,LC_HI,130,2838,20387495,134.0,226.0
1,3,5,2,uniform,directional,LC_HI,131,359,20387495,104.0,129.0
1,3,5,2,uniform,directional,LC_HI,132,1663,20387495,128.0,210.0
1,3,5,2,uniform,directional,LC_HI,133,2073,20387495,127.0,190.0
1,3,5,2,uniform,directional,LC_HI,134,1267,20387495,123.0,199.0
1,3,5,2,uniform,directional,LC_HI,135,792,20387495,151.0,231.0
1,3,5,2,uniform,directional,LC_HI,136,520,20387495,128.0,151.0
1,3,5,2,uniform,directional,LC_HI,137,1475,20387495,143.0,164.0
1,3,5,2,uniform,directional,LC_HI,138,1674,20387495,119.0,181.0
1,3,5,2,uniform,directional,LC_HI,139,674,20387495,132.0,237.0
1,3,5,2,uniform,directional,LC_HI,140,757,20387495,157.0,182.0
1,3,5,2,uniform,directional,LC_HI,141,2031,20387495,95.0,122.0
1,3,5,2,uniform,directional,LC_HI,142,2812,20387495,137.0,231.0
1,3,5,2,uniform,directional,LC_HI,143,913,20387495,133.0,200.0
1,3,5,2,uniform,directional,LC_HI,144,2699,20387495,181.0,302.0
1,3,5,2,uniform,directional,LC_HI,145,2570,20387495,122.0,193.0
1,3,5,2,uniform,directional,LC_HI,146,369,20387495,134.0,153.0
1,3,5,2,uniform,directional,LC_HI,147,2555,20387495,119.0,144.0
1,3,5,2,uniform,directional,LC_HI,148,2103,20387495,118.0,163.0
1,3,5,2,uniform,directional,LC_HI,149,2888,20387495,161.0,246.0
1,3,5,2,uniform,directional,LC_HI,150,436,20387495,132.0,199.0
1,3,5,2,uniform,directional,LC_HI,151,2620,20387495,114.0,161.0
1,3,5,2,uniform,directional,LC_HI,152,49,20387495,114.0,125.0
1,3,5,2,uniform,directional,LC_HI,153,1009,20387495,157.0,196.0
1,3,5,2,uniform,directional,LC_HI,154,1609,20387495,176.0,212.0
1,3,5,2,uniform,directional,LC_HI,155,1489,20387495,109.0,184.0
1,3,5,2,uniform,directional,LC_HI,156,653,20387495,142.0,229.0
1,3,5,2,uniform,directional,LC_HI,157,435,20387495,109.0,183.0
1,3,5,2,uniform,directional,LC_HI,158,462,20387495,77.0,103.0
1,3,5,2,uniform,directional,LC_HI,159,1444,20387495,122.0,177.0
1,3,5,2,uniform,directional,LC_HI,160,1627,20387495,133.0,214.0
1,3,5,2,uniform,directional,LC_HI,161,404,20387495,113.0,155.0
1,3,5,2,uniform,directional,LC_HI,162,1406,20387495,124.0,160.0
1,3,5,2,uniform,directional,LC_HI,163,2929,20387495,109.0,148.0
1,3,5,2,uniform,directional,LC_HI,164,757,20387495,157.0,182.0
1,3,5,2,uniform,directional,LC_HI,165,1686,20387495,132.0,152.0
1,3,5,2,uniform,directional,LC_HI,166,859,20387495,142.0,221.0
1,3,5,2,uniform,directional,LC_HI,167,953,20387495,123.0,155.0
1,3,5,2,uniform,directional,LC_HI,168,2153,20387495,131.0,180.0
1,3,5,2,uniform,directional,LC_HI,169,2783,20387495,109.0,154.0
1,3,5,2,uniform,directional,LC_HI,170,1895,20387495,152.0,250.0
1,3,5,2,uniform,directional,LC_HI,171,793,20387495,132.0,228.0
1,3,5,2,uniform,directional,LC_HI,172,1141,20387495,123.0,192.0
1,3,5,2,uniform,directional,LC_HI,173,1475,20387495,143.0,164.0
1,3,5,2,uniform,directional,LC_HI,174,2699,20387495,181.0,302.0
1,3,5,2,uniform,directional,LC_HI,175,1009,20387495,157.0,196.0
1,3,5,2,uniform,directional,LC_HI,176,793,20387495,132.0,228.0
1,3,5,2,uniform,directional,LC_HI,177,1049,20387495,110.0,170.0
1,3,5,2,uniform,directional,LC_HI,178,1589,20387495,136.0,206.0
1,3,5,2,uniform,directional,LC_HI,179,2909,20387495,124.0,204.0
1,3,5,2,uniform,directional,LC_HI,180,164,20387495,153.0,209.0
1,3,5,2,uniform,directional,LC_HI,181,859,20387495,142.0,221.0
1,3,5,2,uniform,directional,LC_HI,182,2118,20387495,113.0,174.0
1,3,5,2,uniform,directional,LC_HI,183,1875,20387495,129.0,249.0
1,3,5,2,uniform,directional,LC_HI,184,1517,20387495,99.0,151.0
1,3,5,2,uniform,directional,LC_HI,185,1040,20387495,142.0,192.0
1,3,5,2,uniform,directional,LC_HI,186,1767,20387495,109.0,185.0
1,3,5,2,uniform,directional,LC_HI,187,1212,20387495,133.0,206.0
1,3,5,2,uniform,directional,LC_HI,188,2602,20387495,106.0,132.0
1,3,5,2,uniform,directional,LC_HI,189,2327,20387495,119.0,243.0
1,3,5,2,uniform,directional,LC_HI,190,1081,20387495,156.0,221.0
1,3,5,2,uniform,directional,LC_HI,191,1315,20387495,128.0,193.0
1,3,5,2,uniform,directional,LC_HI,192,32,20387495,113.0,152.0
1,3,5,2,uniform,directional,LC_HI,193,2723,20387495,119.0,160.0
1,3,5,2,uniform,directional,LC_HI,194,474,20387495,118.0,180.0
1,3,5,2,uniform,directional,LC_HI,195,2605,20387495,138.0,183.0
1,3,5,2,uniform,directional,LC_HI,196,1465,20387495,162.0,212.0
1,3,5,2,uniform,directional,LC_HI,197,462,20387495,77.0,103.0
1,3,5,2,uniform,directional,LC_HI,198,208,20387495,147.0,194.0
1,3,5,2,uniform,directional,LC_HI,199,1297,20387495,118.0,158.0
1,3,5,2,uniform,directional,LC_LI,0,20,20387495,133.0,226.0
1,3,5,2,uniform,directional,LC_LI,1,1503,20387495,128.0,173.0
1,3,5,2,uniform,directional,LC_LI,2,2734,20387495,109.0,143.0
1,3,5,2,uniform,directional,LC_LI,3,144,20387495,132.0,214.0
1,3,5,2,uniform,directional,LC_LI,4,20,20387495,133.0,226.0
1,3,5,2,uniform,directional,LC_LI,5,711,20387495,131.0,229.0
1,3,5,2,uniform,directional,LC_LI,6,2033,20387495,152.0,194.0
1,3,5,2,uniform,directional,LC_LI,7,1066,20387495,119.0,173.0
1,3,5,2,uniform,directional,LC_LI,8,1403,20387495,133.0,136.0
1,3,5,2,uniform,directional,LC_LI,9,1033,20387495,143.0,185.0
1,3,5,2,uniform,directional,LC_LI,10,1252,20387495,113.0,148.0
1,3,5,2,uniform,directional,LC_LI,11,2006,20387495,133.0,200.0
1,3,5,2,uniform,directional,LC_LI,12,215,20387495,157.0,213.0
1,3,5,2,uniform,directional,LC_LI,13,215,20387495,157.0,213.0
1,3,5,2,uniform,directional,LC_LI,14,965,20387495,138.0,209.0
1,3,5,2,uniform,directional,LC_LI,15,733,20387495,142.0,226.0
1,3,5,2,uniform,directional,LC_LI,16,2675,20387495,136.0,214.0
1,3,5,2,uniform,directional,LC_LI,17,1967,20387495,127.0,193.0
1,3,5,2,uniform,directional,LC_LI,18,970,20387495,128.0,178.0
1,3,5,2,uniform,directional,LC_LI,19,2041,20387495,115.0,173.0
1,3,5,2,uniform,directional,LC_LI,20,1157,20387495,129.0,182.0
1,3,5,2,uniform,directional,LC_LI,21,1177,20387495,115.0,152.0
1,3,5,2,uniform,directional,LC_LI,22,577,20387495,122.0,192.0
1,3,5,2,uniform,directional,LC_LI,23,2014,20387495,132.0,163.0
1,3,5,2,uniform,directional,LC_LI,24,1275,20387495,133.0,161.0
1,3,5,2,uniform,directional,LC_LI,25,1773,20387495,138.0,197.0
1,3,5,2,uniform,directional,LC_LI,26,299,20387495,148.0,224.0
1,3,5,2,uniform,directional,LC_LI,27,2428,20387495,137.0,195.0
1,3,5,2,uniform,directional,LC_LI,28,615,20387495,95.0,124.0
1,3,5,2,uniform,directional,LC_LI,29,1374,20387495,100.0,186.0
1,3,5,2,uniform,directional,LC_LI,30,1764,20387495,128.0,193.0
1,3,5,2,uniform,directional,LC_LI,31,1029,20387495,147.0,199.0
1,3,5,2,uniform,directional,LC_LI,32,1503,20387495,128.0,173.0
1,3,5,2,uniform,directional,LC_LI,33,2802,20387495,96.0,125.0
1,3,5,2,uniform,directional,LC_LI,34,1157,20387495,129.0,182.0
1,3,5,2,uniform,directional,LC_LI,35,10,20387495,137.0,212.0
1,3,5,2,uniform,directional,LC_LI,36,1789,20387495,125.0,187.0
1,3,5,2,uniform,directional,LC_LI,37,2048,20387495,110.0,146.0
1,3,5,2,uniform,directional,LC_LI,38,528,20387495,137.0,236.0
1,3,5,2,uniform,directional,LC_LI,39,528,20387495,137.0,236.0
1,3,5,2,uniform,directional,LC_LI,40,904,20387495,138.0,190.0
1,3,5,2,uniform,directional,LC_LI,41,2010,20387495,137.0,190.0
1,3,5,2,uniform,directional,LC_LI,42,777,20387495,143.0,197.0
1,3,5,2,uniform,directional,LC_LI,43,1237,20387495,148.0,199.0
1,3,5,2,uniform,directional,LC_LI,44,2527,20387495,119.0,143.0
1,3,5,2,uniform,directional,LC_LI,45,646,20387495,168.0,239.0
1,3,5,2,uniform,directional,LC_LI,46,904,20387495,138.0,190.0
1,3,5,2,uniform,directional,LC_LI,47,66,20387495,104.0,202.0
1,3,5,2,uniform,directional,LC_LI,48,639,20387495,138.0,155.0
1,3,5,2,uniform,directional,LC_LI,49,475,20387495,105.0,126.0
1,3,5,2,uniform,directional,LC_LI,50,639,20387495,138.0,155.0
1,3,5,2,uniform,directional,LC_LI,51,2868,20387495,137.0,203.0
1,3,5,2,uniform,directional,LC_LI,52,1991,20387495,120.0,155.0
1,3,5,2,uniform,directional,LC_LI,53,389,20387495,138.0,229.0
1,3,5,2,uniform,directional,LC_LI,54,1979,20387495,137.0,193.0
1,3,5,2,uniform,directional,LC_LI,55,287,20387495,161.0,195.0
1,3,5,2,uniform,directional,LC_LI,56,2593,20387495,127.0,218.0
1,3,5,2,uniform,directional,LC_LI,57,1157,20387495,129.0,182.0
1,3,5,2,uniform,directional,LC_LI,58,639,20387495,138.0,155.0
1,3,5,2,uniform,directional,LC_LI,59,2854,20387495,152.0,226.0
1,3,5,2,uniform,directional,LC_LI,60,1062,20387495,142.0,181.0
1,3,5,2,uniform,directional,LC_LI,61,1243,20387495,110.0,129.0
1,3,5,2,uniform,directional,LC_LI,62,1066,20387495,119.0,173.0
1,3,5,2,uniform,directional,LC_LI,63,577,20387495,122.0,192.0
1,3,5,2,uniform,directional,LC_LI,64,1619,20387495,147.0,185.0
1,3,5,2,uniform,directional,LC_LI,65,403,20387495,123.0,199.0
1,3,5,2,uniform,directional,LC_LI,66,2314,20387495,123.0,162.0
1,3,5,2,uniform,directional,LC_LI,67,270,20387495,129.0,165.0
1,3,5,2,uniform,directional,LC_LI,68,2236,20387495,109.0,170.0
1,3,5,2,uniform,directional,LC_LI,69,2048,20387495,110.0,146.0
1,3,5,2,uniform,directional,LC_LI,70,2045,20387495,105.0,190.0
1,3,5,2,uniform,directional,LC_LI,71,1271,20387495,153.0,199.0
1,3,5,2,uniform,directional,LC_LI,72,2956,20387495,151.0,248.0
1,3,5,2,uniform,directional,LC_LI,73,2139,20387495,133.0,221.0
1,3,5,2,uniform,directional,LC_LI,74,1579,20387495,90.0,172.0
1,3,5,2,uniform,directional,LC_LI,75,2414,20387495,132.0,197.0
1,3,5,2,uniform,directional,LC_LI,76,1982,20387495,151.0,197.0
1,3,5,2,uniform,directional,LC_LI,77,1481,20387495,147.0,206.0
1,3,5,2,uniform,directional,LC_LI,78,1675,20387495,137.0,222.0
1,3,5,2,uniform,directional,LC_LI,79,1311,20387495,109.0,157.0
1,3,5,2,uniform,directional,LC_LI,80,716,20387495,147.0,223.0
1,3,5,2,uniform,directional,LC_LI,81,427,20387495,113.0,195.0
1,3,5,2,uniform,directional,LC_LI,82,1243,20387495,110.0,129.0
1,3,5,2,uniform,directional,LC_LI,83,66,20387495,104.0,202.0
1,3,5,2,uniform,directional,LC_LI,84,151,20387495,152.0,197.0
1,3,5,2,uniform,directional,LC_LI,85,1056,20387495,137.0,202.0
1,3,5,2,uniform,directional,LC_LI,86,1275,20387495,133.0,161.0
1,3,5,2,uniform,directional,LC_LI,87,2010,20387495,137.0,190.0
1,3,5,2,uniform,directional,LC_LI,88,2397,20387495,126.0,137.0
1,3,5,2,uniform,directional,LC_LI,89,1409,20387495,152.0,211.0
1,3,5,2,uniform,directional,LC_LI,90,350,20387495,114.0,174.0
1,3,5,2,uniform,directional,LC_LI,91,1355,20387495,115.0,177.0
1,3,5,2,uniform,directional,LC_LI,92,1144,20387495,136.0,219.0
1,3,5,2,uniform,directional,LC_LI,93,166,20387495,144.0,218.0
1,3,5,2,uniform,directional,LC_LI,94,403,20387495,123.0,199.0
1,3,5,2,uniform,directional,LC_LI,95,2314,20387495,123.0,162.0
1,3,5,2,uniform,directional,LC_LI,96,779,20387495,138.0,166.0
1,3,5,2,uniform,directional,LC_LI,97,2609,20387495,186.0,252.0
1,3,5,2,uniform,directional,LC_LI,98,2397,20387495,126.0,137.0
1,3,5,2,uniform,directional,LC_LI,99,711,20387495,131.0,229.0
1,3,5,2,uniform,directional,LC_LI,100,711,20387495,131.0,229.0
1,3,5,2,uniform,directional,LC_LI,101,2314,20387495,123.0,162.0
1,3,5,2,uniform,directional,LC_LI,102,733,20387495,142.0,226.0
1,3,5,2,uniform,directional,LC_LI,103,1275,20387495,133.0,161.0
1,3,5,2,uniform,directional,LC_LI,104,528,20387495,137.0,236.0
1,3,5,2,uniform,directional,LC_LI,105,571,20387495,110.0,137.0
1,3,5,2,uniform,directional,LC_LI,106,193,20387495,142.0,194.0
1,3,5,2,uniform,directional,LC_LI,107,1689,20387495,133.0,164.0
1,3,5,2,uniform,directional,LC_LI,108,389,20387495,138.0,229.0
1,3,5,2,uniform,directional,LC_LI,109,1623,20387495,100.0,146.0
1,3,5,2,uniform,directional,LC_LI,110,1789,20387495,125.0,187.0
1,3,5,2,uniform,directional,LC_LI,111,1481,20387495,147.0,206.0
1,3,5,2,uniform,directional,LC_LI,112,340,20387495,138.0,214.0
1,3,5,2,uniform,directional,LC_LI,113,1838,20387495,136.0,181.0
1,3,5,2,uniform,directional,LC_LI,114,528,20387495,137.0,236.0
1,3,5,2,uniform,directional,LC_LI,115,2414,20387495,132.0,197.0
1,3,5,2,uniform,directional,LC_LI,116,828,20387495,127.0,184.0
1,3,5,2,uniform,directional,LC_LI,117,20,20387495,133.0,226.0
1,3,5,2,uniform,directional,LC_LI,118,543,20387495,148.0,197.0
1,3,5,2,uniform,directional,LC_LI,119,1851,20387495,156.0,240.0
1,3,5,2,uniform,directional,LC_LI,120,1046,20387495,144.0,219.0
1,3,5,2,uniform,directional,LC_LI,121,952,20387495,122.0,132.0
1,3,5,2,uniform,directional,LC_LI,122,1503,20387495,128.0,173.0
1,3,5,2,uniform,directional,LC_LI,123,1195,20387495,146.0,188.0
1,3,5,2,uniform,directional,LC_LI,124,2501,20387495,128.0,224.0
1,3,5,2,uniform,directional,LC_LI,125,2770,20387495,147.0,203.0
1,3,5,2,uniform,directional,LC_LI,126,267,20387495,137.0,193.0
1,3,5,2,uniform,directional,LC_LI,127,540,20387495,138.0,234.0
1,3,5,2,uniform,directional,LC_LI,128,267,20387495,137.0,193.0
1,3,5,2,uniform,directional,LC_LI,129,2048,20387495,110.0,146.0
1,3,5,2,uniform,directional,LC_LI,130,1443,20387495,127.0,222.0
1,3,5,2,uniform,directional,LC_LI,131,403,20387495,123.0,199.0
1,3,5,2,uniform,directional,LC_LI,132,2063,20387495,95.0,172.0
1,3,5,2,uniform,directional,LC_LI,133,2734,20387495,109.0,143.0
1,3,5,2,uniform,directional,LC_LI,134,262,20387495,124.0,186.0
1,3,5,2,uniform,directional,LC_LI,135,1579,20387495,90.0,172.0
1,3,5,2,uniform,directional,LC_LI,136,21,20387495,124.0,177.0
1,3,5,2,uniform,directional,LC_LI,137,1851,20387495,156.0,240.0
1,3,5,2,uniform,directional,LC_LI,138,1789,20387495,125.0,187.0
1,3,5,2,uniform,directional,LC_LI,139,1100,20387495,113.0,178.0
1,3,5,2,uniform,directional,LC_LI,140,1651,20387495,123.0,192.0
1,3,5,2,uniform,directional,LC_LI,141,615,20387495,95.0,124.0
1,3,5,2,uniform,directional,LC_LI,142,2236,20387495,109.0,170.0
1,3,5,2,uniform,directional,LC_LI,143,895,20387495,141.0,207.0
1,3,5,2,uniform,directional,LC_LI,144,1838,20387495,136.0,181.0
1,3,5,2,uniform,directional,LC_LI,145,2609,20387495,186.0,252.0
1,3,5,2,uniform,directional,LC_LI,146,970,20387495,128.0,178.0
1,3,5,2,uniform,directional,LC_LI,147,1579,20387495,90.0,172.0
1,3,5,2,uniform,directional,LC_LI,148,423,20387495,146.0,208.0
1,3,5,2,uniform,directional,LC_LI,149,2544,20387495,128.0,188.0
1,3,5,2,uniform,directional,LC_LI,150,66,20387495,104.0,202.0
1,3,5,2,uniform,directional,LC_LI,151,427,20387495,113.0,195.0
1,3,5,2,uniform,directional,LC_LI,152,299,20387495,148.0,224.0
1,3,5,2,uniform,directional,LC_LI,153,2802,20387495,96.0,125.0
1,3,5,2,uniform,directional,LC_LI,154,2609,20387495,186.0,252.0
1,3,5,2,uniform,directional,LC_LI,155,552,20387495,147.0,259.0
1,3,5,2,uniform,directional,LC_LI,156,2397,20387495,126.0,137.0
1,3,5,2,uniform,directional,LC_LI,157,427,20387495,113.0,195.0
1,3,5,2,uniform,directional,LC_LI,158,2093,20387495,153.0,204.0
1,3,5,2,uniform,directional,LC_LI,159,2770,20387495,147.0,203.0
1,3,5,2,uniform,directional,LC_LI,160,1391,20387495,139.0,180.0
1,3,5,2,uniform,directional,LC_LI,161,1982,20387495,151.0,197.0
1,3,5,2,uniform,directional,LC_LI,162,2743,20387495,138.0,228.0
1,3,5,2,uniform,directional,LC_LI,163,895,20387495,141.0,207.0
1,3,5,2,uniform,directional,LC_LI,164,2680,20387495,128.0,176.0
1,3,5,2,uniform,directional,LC_LI,165,2524,20387495,105.0,135.0
1,3,5,2,uniform,directional,LC_LI,166,828,20387495,127.0,184.0
1,3,5,2,uniform,directional,LC_LI,167,2527,20387495,119.0,143.0
1,3,5,2,uniform,directional,LC_LI,168,577,20387495,122.0,192.0
1,3,5,2,uniform,directional,LC_LI,169,2729,20387495,133.0,185.0
1,3,5,2,uniform,directional,LC_LI,170,1046,20387495,144.0,219.0
1,3,5,2,uniform,directional,LC_LI,171,1851,20387495,156.0,240.0
1,3,5,2,uniform,directional,LC_LI,172,112,20387495,114.0,142.0
1,3,5,2,uniform,directional,LC_LI,173,2772,20387495,123.0,221.0
1,3,5,2,uniform,directional,LC_LI,174,2056,20387495,109.0,201.0
1,3,5,2,uniform,directional,LC_LI,175,2556,20387495,124.0,188.0
1,3,5,2,uniform,directional,LC_LI,176,13,20387495,127.0,207.0
1,3,5,2,uniform,directional,LC_LI,177,475,20387495,105.0,126.0
1,3,5,2,uniform,directional,LC_LI,178,1252,20387495,113.0,148.0
1,3,5,2,uniform,directional,LC_LI,179,267,20387495,137.0,193.0
1,3,5,2,uniform,directional,LC_LI,180,10,20387495,137.0,212.0
1,3,5,2,uniform,directional,LC_LI,181,193,20387495,142.0,194.0
1,3,5,2,uniform,directional,LC_LI,182,262,20387495,124.0,186.0
1,3,5,2,uniform,directional,LC_LI,183,2063,20387495,95.0,172.0
1,3,5,2,uniform,directional,LC_LI,184,48,20387495,122.0,169.0
1,3,5,2,uniform,directional,LC_LI,185,2479,20387495,147.0,170.0
1,3,5,2,uniform,directional,LC_LI,186,1387,20387495,153.0,220.0
1,3,5,2,uniform,directional,LC_LI,187,2948,20387495,129.0,181.0
1,3,5,2,uniform,directional,LC_LI,188,816,20387495,119.0,186.0
1,3,5,2,uniform,directional,LC_LI,189,1046,20387495,144.0,219.0
1,3,5,2,uniform,directional,LC_LI,190,475,20387495,105.0,126.0
1,3,5,2,uniform,directional,LC_LI,191,1979,20387495,137.0,193.0
1,3,5,2,uniform,directional,LC_LI,192,1773,20387495,138.0,197.0
1,3,5,2,uniform,directional,LC_LI,193,2414,20387495,132.0,197.0
1,3,5,2,uniform,directional,LC_LI,194,1689,20387495,133.0,164.0
1,3,5,2,uniform,directional,LC_LI,195,2077,20387495,147.0,231.0
1,3,5,2,uniform,directional,LC_LI,196,2675,20387495,136.0,214.0
1,3,5,2,uniform,directional,LC_LI,197,2734,20387495,109.0,143.0
1,3,5,2,uniform,directional,LC_LI,198,1580,20387495,91.0,166.0
1,3,5,2,uniform,directional,LC_LI,199,1689,20387495,133.0,164.0
3,3,15,2,clustered,directional,random,0,2174,20587501,132.0,188.0
3,3,15,2,clustered,directional,random,1,1396,20587501,186.0,257.0
3,3,15,2,clustered,directional,random,2,1765,20587501,185.0,259.0
3,3,15,2,clustered,directional,random,3,2318,20587501,171.0,239.0
3,3,15,2,clustered,directional,random,4,221,20587501,157.0,206.0
3,3,15,2,clustered,directional,random,5,2295,20587501,142.0,186.0
3,3,15,2,clustered,directional,random,6,789,20587501,123.0,146.0
3,3,15,2,clustered,directional,random,7,243,20587501,108.0,145.0
3,3,15,2,clustered,directional,random,8,35,20587501,113.0,184.0
3,3,15,2,clustered,directional,random,9,1968,20587501,142.0,242.0
3,3,15,2,clustered,directional,random,10,2149,20587501,161.0,166.0
3,3,15,2,clustered,directional,random,11,2488,20587501,118.0,158.0
3,3,15,2,clustered,directional,random,12,1205,20587501,143.0,188.0
3,3,15,2,clustered,directional,random,13,1128,20587501,162.0,210.0
3,3,15,2,clustered,directional,random,14,848,20587501,146.0,196.0
3,3,15,2,clustered,directional,random,15,1848,20587501,181.0,213.0
3,3,15,2,clustered,directional,random,16,1756,20587501,128.0,182.0
3,3,15,2,clustered,directional,random,17,916,20587501,166.0,288.0
3,3,15,2,clustered,directional,random,18,1483,20587501,136.0,188.0
3,3,15,2,clustered,directional,random,19,185,20587501,128.0,194.0
3,3,15,2,clustered,directional,random,20,1065,20587501,170.0,233.0
3,3,15,2,clustered,directional,random,21,2481,20587501,118.0,147.0
3,3,15,2,clustered,directional,random,22,8,20587501,146.0,198.0
3,3,15,2,clustered,directional,random,23,2652,20587501,137.0,156.0
3,3,15,2,clustered,directional,random,24,860,20587501,138.0,169.0
3,3,15,2,clustered,directional,random,25,776,20587501,119.0,159.0
3,3,15,2,clustered,directional,random,26,175,20587501,166.0,225.0
3,3,15,2,clustered,directional,random,27,2517,20587501,157.0,200.0
3,3,15,2,clustered,directional,random,28,238,20587501,190.0,250.0
3,3,15,2,clustered,directional,random,29,2237,20587501,151.0,176.0
3,3,15,2,clustered,directional,random,30,21,20587501,147.0,223.0
3,3,15,2,clustered,directional,random,31,529,20587501,142.0,191.0
3,3,15,2,clustered,directional,random,32,923,20587501,156.0,243.0
3,3,15,2,clustered,directional,random,33,1932,20587501,128.0,171.0
3,3,15,2,clustered,directional,random,34,1310,20587501,176.0,205.0
3,3,15,2,clustered,directional,random,35,2347,20587501,166.0,229.0
3,3,15,2,clustered,directional,random,36,291,20587501,161.0,231.0
3,3,15,2,clustered,directional,random,37,1740,20587501,171.0,209.0
3,3,15,2,clustered,directional,random,38,330,20587501,132.0,167.0
3,3,15,2,clustered,directional,random,39,319,20587501,137.0,199.0
3,3,15,2,clustered,directional,random,40,137,20587501,161.0,196.0
3,3,15,2,clustered,directional,random,41,1625,20587501,118.0,201.0
3,3,15,2,clustered,directional,random,42,1123,20587501,137.0,185.0
3,3,15,2,clustered,directional,random,43,634,20587501,162.0,239.0
3,3,15,2,clustered,directional,random,44,1386,20587501,161.0,211.0
3,3,15,2,clustered,directional,random,45,1330,20587501,137.0,218.0
3,3,15,2,clustered,directional,random,46,919,20587501,137.0,220.0
3,3,15,2,clustered,directional,random,47,1825,20587501,123.0,176.0
3,3,15,2,clustered,directional,random,48,1358,20587501,156.0,229.0
3,3,15,2,clustered,directional,random,49,2546,20587501,161.0,229.0
3,3,15,2,clustered,directional,random,50,1293,20587501,157.0,229.0
3,3,15,2,clustered,directional,random,51,2666,20587501,156.0,229.0
3,3,15,2,clustered,directional,random,52,2973,20587501,148.0,242.0
3,3,15,2,clustered,directional,random,53,948,20587501,147.0,219.0
3,3,15,2,clustered,directional,random,54,2089,20587501,138.0,196.0
3,3,15,2,clustered,directional,random,55,779,20587501,161.0,222.0
3,3,15,2,clustered,directional,random,56,356,20587501,129.0,189.0
3,3,15,2,clustered,directional,random,57,2554,20587501,137.0,164.0
3,3,15,2,clustered,directional,random,58,2556,20587501,142.0,204.0
3,3,15,2,clustered,directional,random,59,2283,20587501,123.0,164.0
3,3,15,2,clustered,directional,random,60,2662,20587501,171.0,226.0
3,3,15,2,clustered,directional,random,61,500,20587501,103.0,150.0
3,3,15,2,clustered,directional,random,62,1520,20587501,142.0,188.0
3,3,15,2,clustered,directional,random,63,1887,20587501,137.0,207.0
3,3,15,2,clustered,directional,random,64,2047,20587501,118.0,165.0
3,3,15,2,clustered,directional,random,65,990,20587501,132.0,175.0
3,3,15,2,clustered,directional,random,66,2875,20587501,151.0,204.0
3,3,15,2,clustered,directional,random,67,2559,20587501,143.0,190.0
3,3,15,2,clustered,directional,random,68,1209,20587501,156.0,218.0
3,3,15,2,clustered,directional,random,69,2750,20587501,132.0,181.0
3,3,15,2,clustered,directional,random,70,249,20587501,137.0,222.0
3,3,15,2,clustered,directional,random,71,2196,20587501,128.0,183.0
3,3,15,2,clustered,directional,random,72,1200,20587501,141.0,183.0
3,3,15,2,clustered,directional,random,73,1441,20587501,157.0,241.0
3,3,15,2,clustered,directional,random,74,127,20587501,156.0,208.0
3,3,15,2,clustered,directional,random,75,2358,20587501,128.0,164.0
3,3,15,2,clustered,directional,random,76,1147,20587501,94.0,152.0
3,3,15,2,clustered,directional,random,77,1399,20587501,142.0,202.0
3,3,15,2,clustered,directional,random,78,289,20587501,177.0,226.0
3,3,15,2,clustered,directional,random,79,2438,20587501,142.0,229.0
3,3,15,2,clustered,directional,random,80,2746,20587501,171.0,220.0
3,3,15,2,clustered,directional,random,81,2438,20587501,142.0,229.0
3,3,15,2,clustered,directional,random,82,1638,20587501,123.0,179.0
3,3,15,2,clustered,directional,random,83,929,20587501,151.0,175.0
3,3,15,2,clustered,directional,random,84,1507,20587501,118.0,183.0
3,3,15,2,clustered,directional,random,85,1956,20587501,167.0,215.0
3,3,15,2,clustered,directional,random,86,1791,20587501,147.0,186.0
3,3,15,2,clustered,directional,random,87,2217,20587501,161.0,270.0
3,3,15,2,clustered,directional,random,88,465,20587501,147.0,205.0
3,3,15,2,clustered,directional,random,89,1440,20587501,161.0,214.0
3,3,15,2,clustered,directional,random,90,2237,20587501,151.0,176.0
3,3,15,2,clustered,directional,random,91,1527,20587501,152.0,238.0
3,3,15,2,clustered,directional,random,92,2090,20587501,161.0,211.0
3,3,15,2,clustered,directional,random,93,669,20587501,166.0,243.0
3,3,15,2,clustered,directional,random,94,905,20587501,157.0,221.0
3,3,15,2,clustered,directional,random,95,2428,20587501,118.0,200.0
3,3,15,2,clustered,directional,random,96,2745,20587501,147.0,194.0
3,3,15,2,clustered,directional,random,97,138,20587501,127.0,182.0
3,3,15,2,clustered,directional,random,98,2451,20587501,151.0,229.0
3,3,15,2,clustered,directional,random,99,117,20587501,151.0,244.0
3,3,15,2,clustered,directional,random,100,767,20587501,113.0,152.0
3,3,15,2,clustered,directional,random,101,1099,20587501,156.0,248.0
3,3,15,2,clustered,directional,random,102,364,20587501,171.0,221.0
3,3,15,2,clustered,directional,random,103,2770,20587501,113.0,178.0
3,3,15,2,clustered,directional,random,104,1747,20587501,171.0,193.0
3,3,15,2,clustered,directional,random,105,79,20587501,119.0,161.0
3,3,15,2,clustered,directional,random,106,841,20587501,156.0,202.0
3,3,15,2,clustered,directional,random,107,2935,20587501,132.0,190.0
3,3,15,2,clustered,directional,random,108,1745,20587501,137.0,179.0
3,3,15,2,clustered,directional,random,109,201,20587501,152.0,246.0
3,3,15,2,clustered,directional,random,110,930,20587501,152.0,242.0
3,3,15,2,clustered,directional,random,111,108,20587501,152.0,240.0
3,3,15,2,clustered,directional,random,112,669,20587501,166.0,243.0
3,3,15,2,clustered,directional,random,113,2748,20587501,132.0,167.0
3,3,15,2,clustered,directional,random,114,2198,20587501,146.0,218.0
3,3,15,2,clustered,directional,random,115,990,20587501,132.0,175.0
3,3,15,2,clustered,directional,random,116,910,20587501,121.0,173.0
3,3,15,2,clustered,directional,random,117,1512,20587501,142.0,199.0
3,3,15,2,clustered,directional,random,118,1718,20587501,157.0,215.0
3,3,15,2,clustered,directional,random,119,952,20587501,157.0,236.0
3,3,15,2,clustered,directional,random,120,520,20587501,138.0,213.0
3,3,15,2,clustered,directional,random,121,1581,20587501,142.0,243.0
3,3,15,2,clustered,directional,random,122,2433,20587501,137.0,183.0
3,3,15,2,clustered,directional,random,123,2226,20587501,147.0,222.0
3,3,15,2,clustered,directional,random,124,91,20587501,132.0,163.0
3,3,15,2,clustered,directional,random,125,2959,20587501,118.0,189.0
3,3,15,2,clustered,directional,random,126,2366,20587501,109.0,125.0
3,3,15,2,clustered,directional,random,127,2840,20587501,138.0,172.0
3,3,15,2,clustered,directional,random,128,1273,20587501,157.0,190.0
3,3,15,2,clustered,directional,random,129,888,20587501,122.0,164.0
3,3,15,2,clustered,directional,random,130,2204,20587501,180.0,239.0
3,3,15,2,clustered,directional,random,131,266,20587501,114.0,174.0
3,3,15,2,clustered,directional,random,132,473,20587501,176.0,266.0
3,3,15,2,clustered,directional,random,133,191,20587501,122.0,162.0
3,3,15,2,clustered,directional,random,134,609,20587501,128.0,211.0
3,3,15,2,clustered,directional,random,135,1929,20587501,156.0,224.0
3,3,15,2,clustered,directional,random,136,2340,20587501,123.0,163.0
3,3,15,2,clustered,directional,random,137,892,20587501,157.0,188.0
3,3,15,2,clustered,directional,random,138,1921,20587501,147.0,204.0
3,3,15,2,clustered,directional,random,139,2152,20587501,104.0,127.0
3,3,15,2,clustered,directional,random,140,949,20587501,152.0,206.0
3,3,15,2,clustered,directional,random,141,650,20587501,123.0,207.0
3,3,15,2,clustered,directional,random,142,2630,20587501,99.0,139.0
3,3,15,2,clustered,directional,random,143,1570,20587501,146.0,221.0
3,3,15,2,clustered,directional,random,144,279,20587501,124.0,176.0
3,3,15,2,clustered,directional,random,145,1781,20587501,166.0,207.0
3,3,15,2,clustered,directional,random,146,2777,20587501,128.0,169.0
3,3,15,2,clustered,directional,random,147,736,20587501,171.0,246.0
3,3,15,2,clustered,directional,random,148,2354,20587501,108.0,143.0
3,3,15,2,clustered,directional,random,149,1604,20587501,156.0,229.0
3,3,15,2,clustered,directional,random,150,2748,20587501,132.0,167.0
3,3,15,2,clustered,directional,random,151,551,20587501,142.0,166.0
3,3,15,2,clustered,directional,random,152,1086,20587501,118.0,152.0
3,3,15,2,clustered,directional,random,153,40,20587501,132.0,182.0
3,3,15,2,clustered,directional,random,154,2564,20587501,129.0,189.0
3,3,15,2,clustered,directional,random,155,1678,20587501,138.0,183.0
3,3,15,2,clustered,directional,random,156,308,20587501,156.0,241.0
3,3,15,2,clustered,directional,random,157,624,20587501,142.0,192.0
3,3,15,2,clustered,directional,random,158,263,20587501,133.0,203.0
3,3,15,2,clustered,directional,random,159,2929,20587501,156.0,285.0
3,3,15,2,clustered,directional,random,160,1988,20587501,156.0,228.0
3,3,15,2,clustered,directional,random,161,67,20587501,147.0,228.0
3,3,15,2,clustered,directional,random,162,1262,20587501,157.0,220.0
3,3,15,2,clustered,directional,random,163,2541,20587501,138.0,195.0
3,3,15,2,clustered,directional,random,164,280,20587501,123.0,190.0
3,3,15,2,clustered,directional,random,165,507,20587501,128.0,161.0
3,3,15,2,clustered,directional,random,166,1320,20587501,147.0,226.0
3,3,15,2,clustered,directional,random,167,429,20587501,142.0,222.0
3,3,15,2,clustered,directional,random,168,1085,20587501,152.0,253.0
3,3,15,2,clustered,directional,random,169,1313,20587501,143.0,229.0
3,3,15,2,clustered,directional,random,170,1488,20587501,123.0,221.0
3,3,15,2,clustered,directional,random,171,2622,20587501,147.0,173.0
3,3,15,2,clustered,directional,random,172,667,20587501,176.0,197.0
3,3,15,2,clustered,directional,random,173,1950,20587501,142.0,181.0
3,3,15,2,clustered,directional,random,174,375,20587501,104.0,167.0
3,3,15,2,clustered,directional,random,175,2660,20587501,132.0,208.0
3,3,15,2,clustered,directional,random,176,1845,20587501,147.0,219.0
3,3,15,2,clustered,directional,random,177,1908,20587501,118.0,185.0
3,3,15,2,clustered,directional,random,178,2988,20587501,152.0,223.0
3,3,15,2,clustered,directional,random,179,2,20587501,156.0,207.0
3,3,15,2,clustered,directional,random,180,763,20587501,137.0,222.0
3,3,15,2,clustered,directional,random,181,2821,20587501,128.0,174.0
3,3,15,2,clustered,directional,random,182,2367,20587501,142.0,223.0
3,3,15,2,clustered,directional,random,183,2393,20587501,113.0,159.0
3,3,15,2,clustered,directional,random,184,1715,20587501,180.0,275.0
3,3,15,2,clustered,directional,random,185,777,20587501,118.0,166.0
3,3,15,2,clustered,directional,random,186,673,20587501,137.0,186.0
3,3,15,2,clustered,directional,random,187,622,20587501,146.0,189.0
3,3,15,2,clustered,directional,random,188,2855,20587501,156.0,243.0
3,3,15,2,clustered,directional,random,189,2864,20587501,157.0,207.0
3,3,15,2,clustered,directional,random,190,2624,20587501,118.0,173.0
3,3,15,2,clustered,directional,random,191,1007,20587501,117.0,166.0
3,3,15,2,clustered,directional,random,192,1260,20587501,150.0,229.0
3,3,15,2,clustered,directional,random,193,2355,20587501,123.0,173.0
3,3,15,2,clustered,directional,random,194,2542,20587501,157.0,202.0
3,3,15,2,clustered,directional,random,195,1543,20587501,133.0,190.0
3,3,15,2,clustered,directional,random,196,3,20587501,118.0,170.0
3,3,15,2,clustered,directional,random,197,1411,20587501,132.0,205.0
3,3,15,2,clustered,directional,random,198,923,20587501,156.0,243.0
3,3,15,2,clustered,directional,random,199,257,20587501,142.0,179.0
3,3,15,2,clustered,directional,HC_HI,0,2770,20587501,113.0,178.0
3,3,15,2,clustered,directional,HC_HI,1,375,20587501,104.0,167.0
3,3,15,2,clustered,directional,HC_HI,2,163,20587501,157.0,209.0
3,3,15,2,clustered,directional,HC_HI,3,301,20587501,185.0,236.0
3,3,15,2,clustered,directional,HC_HI,4,1970,20587501,128.0,208.0
3,3,15,2,clustered,directional,HC_HI,5,103,20587501,118.0,135.0
3,3,15,2,clustered,directional,HC_HI,6,2843,20587501,132.0,185.0
3,3,15,2,clustered,directional,HC_HI,7,2608,20587501,113.0,174.0
3,3,15,2,clustered,directional,HC_HI,8,419,20587501,119.0,146.0
3,3,15,2,clustered,directional,HC_HI,9,1510,20587501,113.0,184.0
3,3,15,2,clustered,directional,HC_HI,10,1961,20587501,128.0,153.0
3,3,15,2,clustered,directional,HC_HI,11,1123,20587501,137.0,185.0
3,3,15,2,clustered,directional,HC_HI,12,2173,20587501,142.0,200.0
3,3,15,2,clustered,directional,HC_HI,13,2935,20587501,132.0,190.0
3,3,15,2,clustered,directional,HC_HI,14,1948,20587501,133.0,175.0
3,3,15,2,clustered,directional,HC_HI,15,1511,20587501,171.0,282.0
3,3,15,2,clustered,directional,HC_HI,16,1286,20587501,118.0,182.0
3,3,15,2,clustered,directional,HC_HI,17,2567,20587501,147.0,191.0
3,3,15,2,clustered,directional,HC_HI,18,2640,20587501,99.0,146.0
3,3,15,2,clustered,directional,HC_HI,19,806,20587501,123.0,198.0
3,3,15,2,clustered,directional,HC_HI,20,375,20587501,104.0,167.0
3,3,15,2,clustered,directional,HC_HI,21,912,20587501,124.0,156.0
3,3,15,2,clustered,directional,HC_HI,22,569,20587501,128.0,192.0
3,3,15,2,clustered,directional,HC_HI,23,2799,20587501,128.0,192.0
3,3,15,2,clustered,directional,HC_HI,24,768,20587501,108.0,160.0
3,3,15,2,clustered,directional,HC_HI,25,1535,20587501,117.0,169.0
3,3,15,2,clustered,directional,HC_HI,26,138,20587501,127.0,182.0
3,3,15,2,clustered,directional,HC_HI,27,661,20587501,141.0,203.0
3,3,15,2,clustered,directional,HC_HI,28,1857,20587501,127.0,189.0
3,3,15,2,clustered,directional,HC_HI,29,2082,20587501,122.0,200.0
3,3,15,2,clustered,directional,HC_HI,30,2173,20587501,142.0,200.0
3,3,15,2,clustered,directional,HC_HI,31,1328,20587501,132.0,204.0
3,3,15,2,clustered,directional,HC_HI,32,2511,20587501,118.0,154.0
3,3,15,2,clustered,directional,HC_HI,33,2597,20587501,132.0,198.0
3,3,15,2,clustered,directional,HC_HI,34,1075,20587501,128.0,212.0
3,3,15,2,clustered,directional,HC_HI,35,716,20587501,128.0,188.0
3,3,15,2,clustered,directional,HC_HI,36,1677,20587501,114.0,184.0
3,3,15,2,clustered,directional,HC_HI,37,1110,20587501,137.0,195.0
3,3,15,2,clustered,directional,HC_HI,38,431,20587501,133.0,164.0
3,3,15,2,clustered,directional,HC_HI,39,900,20587501,142.0,166.0
3,3,15,2,clustered,directional,HC_HI,40,425,20587501,123.0,143.0
3,3,15,2,clustered,directional,HC_HI,41,2766,20587501,128.0,182.0
3,3,15,2,clustered,directional,HC_HI,42,794,20587501,142.0,175.0
3,3,15,2,clustered,directional,HC_HI,43,1948,20587501,133.0,175.0
3,3,15,2,clustered,directional,HC_HI,44,2766,20587501,128.0,182.0
3,3,15,2,clustered,directional,HC_HI,45,2775,20587501,123.0,176.0
3,3,15,2,clustered,directional,HC_HI,46,925,20587501,137.0,189.0
3,3,15,2,clustered,directional,HC_HI,47,2813,20587501,119.0,122.0
3,3,15,2,clustered,directional,HC_HI,48,1528,20587501,114.0,150.0
3,3,15,2,clustered,directional,HC_HI,49,900,20587501,142.0,166.0
3,3,15,2,clustered,directional,HC_HI,50,1015,20587501,138.0,192.0
3,3,15,2,clustered,directional,HC_HI,51,943,20587501,128.0,159.0
3,3,15,2,clustered,directional,HC_HI,52,661,20587501,141.0,203.0
3,3,15,2,clustered,directional,HC_HI,53,959,20587501,123.0,141.0
3,3,15,2,clustered,directional,HC_HI,54,1394,20587501,132.0,207.0
3,3,15,2,clustered,directional,HC_HI,55,2813,20587501,119.0,122.0
3,3,15,2,clustered,directional,HC_HI,56,668,20587501,123.0,178.0
3,3,15,2,clustered,directional,HC_HI,57,653,20587501,146.0,209.0
3,3,15,2,clustered,directional,HC_HI,58,2100,20587501,147.0,186.0
3,3,15,2,clustered,directional,HC_HI,59,514,20587501,123.0,180.0
3,3,15,2,clustered,directional,HC_HI,60,2665,20587501,123.0,161.0
3,3,15,2,clustered,directional,HC_HI,61,1079,20587501,128.0,174.0
3,3,15,2,clustered,directional,HC_HI,62,419,20587501,119.0,146.0
3,3,15,2,clustered,directional,HC_HI,63,9,20587501,123.0,181.0
3,3,15,2,clustered,directional,HC_HI,64,2275,20587501,143.0,173.0
3,3,15,2,clustered,directional,HC_HI,65,99,20587501,119.0,167.0
3,3,15,2,clustered,directional,HC_HI,66,943,20587501,128.0,159.0
3,3,15,2,clustered,directional,HC_HI,67,177,20587501,138.0,162.0
3,3,15,2,clustered,directional,HC_HI,68,1977,20587501,128.0,209.0
3,3,15,2,clustered,directional,HC_HI,69,1160,20587501,128.0,205.0
3,3,15,2,clustered,directional,HC_HI,70,1528,20587501,114.0,150.0
3,3,15,2,clustered,directional,HC_HI,71,1148,20587501,128.0,219.0
3,3,15,2,clustered,directional,HC_HI,72,1,20587501,133.0,216.0
3,3,15,2,clustered,directional,HC_HI,73,1932,20587501,128.0,171.0
3,3,15,2,clustered,directional,HC_HI,74,697,20587501,133.0,184.0
3,3,15,2,clustered,directional,HC_HI,75,514,20587501,123.0,180.0
3,3,15,2,clustered,directional,HC_HI,76,2551,20587501,146.0,169.0
3,3,15,2,clustered,directional,HC_HI,77,1336,20587501,113.0,150.0
3,3,15,2,clustered,directional,HC_HI,78,919,20587501,137.0,220.0
3,3,15,2,clustered,directional,HC_HI,79,2238,20587501,157.0,219.0
3,3,15,2,clustered,directional,HC_HI,80,716,20587501,128.0,188.0
3,3,15,2,clustered,directional,HC_HI,81,425,20587501,123.0,143.0
3,3,15,2,clustered,directional,HC_HI,82,1328,20587501,132.0,204.0
3,3,15,2,clustered,directional,HC_HI,83,2551,20587501,146.0,169.0
3,3,15,2,clustered,directional,HC_HI,84,177,20587501,138.0,162.0
3,3,15,2,clustered,directional,HC_HI,85,351,20587501,123.0,174.0
3,3,15,2,clustered,directional,HC_HI,86,2110,20587501,190.0,295.0
3,3,15,2,clustered,directional,HC_HI,87,1336,20587501,113.0,150.0
3,3,15,2,clustered,directional,HC_HI,88,375,20587501,104.0,167.0
3,3,15,2,clustered,directional,HC_HI,89,993,20587501,119.0,175.0
3,3,15,2,clustered,directional,HC_HI,90,2549,20587501,114.0,146.0
3,3,15,2,clustered,directional,HC_HI,91,68,20587501,128.0,208.0
3,3,15,2,clustered,directional,HC_HI,92,113,20587501,123.0,165.0
3,3,15,2,clustered,directional,HC_HI,93,1079,20587501,128.0,174.0
3,3,15,2,clustered,directional,HC_HI,94,2799,20587501,128.0,192.0
3,3,15,2,clustered,directional,HC_HI,95,1164,20587501,114.0,158.0
3,3,15,2,clustered,directional,HC_HI,96,1886,20587501,113.0,142.0
3,3,15,2,clustered,directional,HC_HI,97,2585,20587501,142.0,219.0
3,3,15,2,clustered,directional,HC_HI,98,299,20587501,138.0,198.0
3,3,15,2,clustered,directional,HC_HI,99,1336,20587501,113.0,150.0
3,3,15,2,clustered,directional,HC_HI,100,768,20587501,108.0,160.0
3,3,15,2,clustered,directional,HC_HI,101,12,20587501,133.0,233.0
3,3,15,2,clustered,directional,HC_HI,102,2299,20587501,157.0,237.0
3,3,15,2,clustered,directional,HC_HI,103,99,20587501,119.0,167.0
3,3,15,2,clustered,directional,HC_HI,104,1,20587501,133.0,216.0
3,3,15,2,clustered,directional,HC_HI,105,2911,20587501,123.0,167.0
3,3,15,2,clustered,directional,HC_HI,106,1995,20587501,122.0,134.0
3,3,15,2,clustered,directional,HC_HI,107,912,20587501,124.0,156.0
3,3,15,2,clustered,directional,HC_HI,108,804,20587501,123.0,146.0
3,3,15,2,clustered,directional,HC_HI,109,2781,20587501,143.0,149.0
3,3,15,2,clustered,directional,HC_HI,110,2830,20587501,133.0,198.0
3,3,15,2,clustered,directional,HC_HI,111,1717,20587501,142.0,192.0
3,3,15,2,clustered,directional,HC_HI,112,1164,20587501,114.0,158.0
3,3,15,2,clustered,directional,HC_HI,113,2951,20587501,151.0,181.0
3,3,15,2,clustered,directional,HC_HI,114,442,20587501,129.0,182.0
3,3,15,2,clustered,directional,HC_HI,115,113,20587501,123.0,165.0
3,3,15,2,clustered,directional,HC_HI,116,1446,20587501,109.0,164.0
3,3,15,2,clustered,directional,HC_HI,117,1380,20587501,127.0,147.0
3,3,15,2,clustered,directional,HC_HI,118,889,20587501,138.0,162.0
3,3,15,2,clustered,directional,HC_HI,119,1366,20587501,133.0,238.0
3,3,15,2,clustered,directional,HC_HI,120,959,20587501,123.0,141.0
3,3,15,2,clustered,directional,HC_HI,121,2425,20587501,113.0,177.0
3,3,15,2,clustered,directional,HC_HI,122,605,20587501,133.0,164.0
3,3,15,2,clustered,directional,HC_HI,123,375,20587501,104.0,167.0
3,3,15,2,clustered,directional,HC_HI,124,1774,20587501,137.0,199.0
3,3,15,2,clustered,directional,HC_HI,125,278,20587501,127.0,192.0
3,3,15,2,clustered,directional,HC_HI,126,129,20587501,123.0,166.0
3,3,15,2,clustered,directional,HC_HI,127,847,20587501,195.0,230.0
3,3,15,2,clustered,directional,HC_HI,128,1528,20587501,114.0,150.0
3,3,15,2,clustered,directional,HC_HI,129,1394,20587501,132.0,207.0
3,3,15,2,clustered,directional,HC_HI,130,113,20587501,123.0,165.0
3,3,15,2,clustered,directional,HC_HI,131,782,20587501,110.0,148.0
3,3,15,2,clustered,directional,HC_HI,132,806,20587501,123.0,198.0
3,3,15,2,clustered,directional,HC_HI,133,1328,20587501,132.0,204.0
3,3,15,2,clustered,directional,HC_HI,134,1540,20587501,181.0,266.0
3,3,15,2,clustered,directional,HC_HI,135,1913,20587501,142.0,182.0
3,3,15,2,clustered,directional,HC_HI,136,2951,20587501,151.0,181.0
3,3,15,2,clustered,directional,HC_HI,137,1328,20587501,132.0,204.0
3,3,15,2,clustered,directional,HC_HI,138,150,20587501,123.0,183.0
3,3,15,2,clustered,directional,HC_HI,139,1810,20587501,124.0,147.0
3,3,15,2,clustered,directional,HC_HI,140,113,20587501,123.0,165.0
3,3,15,2,clustered,directional,HC_HI,141,351,20587501,123.0,174.0
3,3,15,2,clustered,directional,HC_HI,142,2275,20587501,143.0,173.0
3,3,15,2,clustered,directional,HC_HI,143,1276,20587501,137.0,170.0
3,3,15,2,clustered,directional,HC_HI,144,1243,20587501,142.0,213.0
3,3,15,2,clustered,directional,HC_HI,145,1886,20587501,113.0,142.0
3,3,15,2,clustered,directional,HC_HI,146,1446,20587501,109.0,164.0
3,3,15,2,clustered,directional,HC_HI,147,2828,20587501,104.0,143.0
3,3,15,2,clustered,directional,HC_HI,148,1243,20587501,142.0,213.0
3,3,15,2,clustered,directional,HC_HI,149,1961,20587501,128.0,153.0
3,3,15,2,clustered,directional,HC_HI,150,1627,20587501,147.0,219.0
3,3,15,2,clustered,directional,HC_HI,151,2082,20587501,122.0,200.0
3,3,15,2,clustered,directional,HC_HI,152,874,20587501,142.0,191.0
3,3,15,2,clustered,directional,HC_HI,153,2813,20587501,119.0,122.0
3,3,15,2,clustered,directional,HC_HI,154,1276,20587501,137.0,170.0
3,3,15,2,clustered,directional,HC_HI,155,2413,20587501,114.0,184.0
3,3,15,2,clustered,directional,HC_HI,156,177,20587501,138.0,162.0
3,3,15,2,clustered,directional,HC_HI,157,2712,20587501,133.0,204.0
3,3,15,2,clustered,directional,HC_HI,158,993,20587501,119.0,175.0
3,3,15,2,clustered,directional,HC_HI,159,529,20587501,142.0,191.0
3,3,15,2,clustered,directional,HC_HI,160,2597,20587501,132.0,198.0
3,3,15,2,clustered,directional,HC_HI,161,103,20587501,118.0,135.0
3,3,15,2,clustered,directional,HC_HI,162,2574,20587501,114.0,156.0
3,3,15,2,clustered,directional,HC_HI,163,2775,20587501,123.0,176.0
3,3,15,2,clustered,directional,HC_HI,164,150,20587501,123.0,183.0
3,3,15,2,clustered,directional,HC_HI,165,587,20587501,123.0,150.0
3,3,15,2,clustered,directional,HC_HI,166,1092,20587501,142.0,194.0
3,3,15,2,clustered,directional,HC_HI,167,557,20587501,129.0,208.0
3,3,15,2,clustered,directional,HC_HI,168,1528,20587501,114.0,150.0
3,3,15,2,clustered,directional,HC_HI,169,810,20587501,124.0,184.0
3,3,15,2,clustered,directional,HC_HI,170,668,20587501,123.0,178.0
3,3,15,2,clustered,directional,HC_HI,171,138,20587501,127.0,182.0
3,3,15,2,clustered,directional,HC_HI,172,2404,20587501,99.0,145.0
3,3,15,2,clustered,directional,HC_HI,173,557,20587501,129.0,208.0
3,3,15,2,clustered,directional,HC_HI,174,2549,20587501,114.0,146.0
3,3,15,2,clustered,directional,HC_HI,175,163,20587501,157.0,209.0
3,3,15,2,clustered,directional,HC_HI,176,1596,20587501,118.0,153.0
3,3,15,2,clustered,directional,HC_HI,177,2375,20587501,128.0,179.0
3,3,15,2,clustered,directional,HC_HI,178,1913,20587501,142.0,182.0
3,3,15,2,clustered,directional,HC_HI,179,514,20587501,123.0,180.0
3,3,15,2,clustered,directional,HC_HI,180,1774,20587501,137.0,199.0
3,3,15,2,clustered,directional,HC_HI,181,1677,20587501,114.0,184.0
3,3,15,2,clustered,directional,HC_HI,182,2712,20587501,133.0,204.0
3,3,15,2,clustered,directional,HC_HI,183,1195,20587501,108.0,150.0
3,3,15,2,clustered,directional,HC_HI,184,1540,20587501,181.0,266.0
3,3,15,2,clustered,directional,HC_HI,185,2799,20587501,128.0,192.0
3,3,15,2,clustered,directional,HC_HI,186,2920,20587501,118.0,167.0
3,3,15,2,clustered,directional,HC_HI,187,1510,20587501,113.0,184.0
3,3,15,2,clustered,directional,HC_HI,188,559,20587501,147.0,186.0
3,3,15,2,clustered,directional,HC_HI,189,2110,20587501,190.0,295.0
3,3,15,2,clustered,directional,HC_HI,190,804,20587501,123.0,146.0
3,3,15,2,clustered,directional,HC_HI,191,912,20587501,124.0,156.0
3,3,15,2,clustered,directional,HC_HI,192,1601,20587501,167.0,213.0
3,3,15,2,clustered,directional,HC_HI,193,1014,20587501,95.0,122.0
3,3,15,2,clustered,directional,HC_HI,194,806,20587501,123.0,198.0
3,3,15,2,clustered,directional,HC_HI,195,792,20587501,109.0,158.0
3,3,15,2,clustered,directional,HC_HI,196,2766,20587501,128.0,182.0
3,3,15,2,clustered,directional,HC_HI,197,2935,20587501,132.0,190.0
3,3,15,2,clustered,directional,HC_HI,198,550,20587501,147.0,208.0
3,3,15,2,clustered,directional,HC_HI,199,1075,20587501,128.0,212.0
3,3,15,2,clustered,directional,HC_LI,0,1643,20587501,133.0,205.0
3,3,15,2,clustered,directional,HC_LI,1,601,20587501,147.0,268.0
3,3,15,2,clustered,directional,HC_LI,2,2648,20587501,143.0,177.0
3,3,15,2,clustered,directional,HC_LI,3,2815,20587501,166.0,234.0
3,3,15,2,clustered,directional,HC_LI,4,1335,20587501,148.0,228.0
3,3,15,2,clustered,directional,HC_LI,5,1675,20587501,152.0,216.0
3,3,15,2,clustered,directional,HC_LI,6,495,20587501,143.0,204.0
3,3,15,2,clustered,directional,HC_LI,7,1070,20587501,166.0,224.0
3,3,15,2,clustered,directional,HC_LI,8,1939,20587501,146.0,214.0
3,3,15,2,clustered,directional,HC_LI,9,1660,20587501,147.0,245.0
3,3,15,2,clustered,directional,HC_LI,10,2657,20587501,171.0,259.0
3,3,15,2,clustered,directional,HC_LI,11,34,20587501,161.0,242.0
3,3,15,2,clustered,directional,HC_LI,12,834,20587501,117.0,195.0
3,3,15,2,clustered,directional,HC_LI,13,580,20587501,156.0,222.0
3,3,15,2,clustered,directional,HC_LI,14,2873,20587501,147.0,260.0
3,3,15,2,clustered,directional,HC_LI,15,933,20587501,161.0,249.0
3,3,15,2,clustered,directional,HC_LI,16,2142,20587501,137.0,227.0
3,3,15,2,clustered,directional,HC_LI,17,916,20587501,166.0,288.0
3,3,15,2,clustered,directional,HC_LI,18,1828,20587501,161.0,194.0
3,3,15,2,clustered,directional,HC_LI,19,38,20587501,156.0,182.0
3,3,15,2,clustered,directional,HC_LI,20,2272,20587501,133.0,173.0
3,3,15,2,clustered,directional,HC_LI,21,1333,20587501,148.0,178.0
3,3,15,2,clustered,directional,HC_LI,22,2345,20587501,142.0,236.0
3,3,15,2,clustered,directional,HC_LI,23,2364,20587501,138.0,177.0
3,3,15,2,clustered,directional,HC_LI,24,1552,20587501,133.0,158.0
3,3,15,2,clustered,directional,HC_LI,25,1909,20587501,142.0,164.0
3,3,15,2,clustered,directional,HC_LI,26,2739,20587501,165.0,232.0
3,3,15,2,clustered,directional,HC_LI,27,2236,20587501,133.0,259.0
3,3,15,2,clustered,directional,HC_LI,28,1881,20587501,147.0,200.0
3,3,15,2,clustered,directional,HC_LI,29,517,20587501,150.0,186.0
3,3,15,2,clustered,directional,HC_LI,30,2987,20587501,139.0,225.0
3,3,15,2,clustered,directional,HC_LI,31,260,20587501,161.0,252.0
3,3,15,2,clustered,directional,HC_LI,32,2818,20587501,146.0,207.0
3,3,15,2,clustered,directional,HC_LI,33,1958,20587501,152.0,206.0
3,3,15,2,clustered,directional,HC_LI,34,1828,20587501,161.0,194.0
3,3,15,2,clustered,directional,HC_LI,35,669,20587501,166.0,243.0
3,3,15,2,clustered,directional,HC_LI,36,34,20587501,161.0,242.0
3,3,15,2,clustered,directional,HC_LI,37,25,20587501,152.0,225.0
3,3,15,2,clustered,directional,HC_LI,38,841,20587501,156.0,202.0
3,3,15,2,clustered,directional,HC_LI,39,1490,20587501,147.0,224.0
3,3,15,2,clustered,directional,HC_LI,40,1725,20587501,156.0,197.0
3,3,15,2,clustered,directional,HC_LI,41,2596,20587501,137.0,194.0
3,3,15,2,clustered,directional,HC_LI,42,2067,20587501,146.0,185.0
3,3,15,2,clustered,directional,HC_LI,43,2528,20587501,147.0,227.0
3,3,15,2,clustered,directional,HC_LI,44,1047,20587501,142.0,195.0
3,3,15,2,clustered,directional,HC_LI,45,2333,20587501,167.0,211.0
3,3,15,2,clustered,directional,HC_LI,46,461,20587501,137.0,186.0
3,3,15,2,clustered,directional,HC_LI,47,2771,20587501,137.0,187.0
3,3,15,2,clustered,directional,HC_LI,48,884,20587501,152.0,229.0
3,3,15,2,clustered,directional,HC_LI,49,2792,20587501,166.0,222.0
3,3,15,2,clustered,directional,HC_LI,50,2151,20587501,171.0,236.0
3,3,15,2,clustered,directional,HC_LI,51,905,20587501,157.0,221.0
3,3,15,2,clustered,directional,HC_LI,52,2170,20587501,147.0,222.0
3,3,15,2,clustered,directional,HC_LI,53,2986,20587501,147.0,178.0
3,3,15,2,clustered,directional,HC_LI,54,2986,20587501,147.0,178.0
3,3,15,2,clustered,directional,HC_LI,55,1836,20587501,157.0,197.0
3,3,15,2,clustered,directional,HC_LI,56,2394,20587501,148.0,232.0
3,3,15,2,clustered,directional,HC_LI,57,531,20587501,167.0,252.0
3,3,15,2,clustered,directional,HC_LI,58,522,20587501,128.0,211.0
3,3,15,2,clustered,directional,HC_LI,59,595,20587501,162.0,230.0
3,3,15,2,clustered,directional,HC_LI,60,2089,20587501,138.0,196.0
3,3,15,2,clustered,directional,HC_LI,61,2528,20587501,147.0,227.0
3,3,15,2,clustered,directional,HC_LI,62,2345,20587501,142.0,236.0
3,3,15,2,clustered,directional,HC_LI,63,2941,20587501,137.0,188.0
3,3,15,2,clustered,directional,HC_LI,64,1906,20587501,147.0,195.0
3,3,15,2,clustered,directional,HC_LI,65,1033,20587501,152.0,189.0
3,3,15,2,clustered,directional,HC_LI,66,2089,20587501,138.0,196.0
3,3,15,2,clustered,directional,HC_LI,67,2598,20587501,147.0,235.0
3,3,15,2,clustered,directional,HC_LI,68,2099,20587501,138.0,163.0
3,3,15,2,clustered,directional,HC_LI,69,2345,20587501,142.0,236.0
3,3,15,2,clustered,directional,HC_LI,70,517,20587501,150.0,186.0
3,3,15,2,clustered,directional,HC_LI,71,598,20587501,148.0,211.0
3,3,15,2,clustered,directional,HC_LI,72,2277,20587501,161.0,229.0
3,3,15,2,clustered,directional,HC_LI,73,1267,20587501,162.0,250.0
3,3,15,2,clustered,directional,HC_LI,74,522,20587501,128.0,211.0
3,3,15,2,clustered,directional,HC_LI,75,2598,20587501,147.0,235.0
3,3,15,2,clustered,directional,HC_LI,76,2249,20587501,157.0,241.0
3,3,15,2,clustered,directional,HC_LI,77,527,20587501,157.0,226.0
3,3,15,2,clustered,directional,HC_LI,78,942,20587501,157.0,190.0
3,3,15,2,clustered,directional,HC_LI,79,2051,20587501,142.0,254.0
3,3,15,2,clustered,directional,HC_LI,80,1388,20587501,147.0,220.0
3,3,15,2,clustered,directional,HC_LI,81,2960,20587501,151.0,233.0
3,3,15,2,clustered,directional,HC_LI,82,1994,20587501,153.0,196.0
3,3,15,2,clustered,directional,HC_LI,83,1661,20587501,142.0,218.0
3,3,15,2,clustered,directional,HC_LI,84,1012,20587501,138.0,201.0
3,3,15,2,clustered,directional,HC_LI,85,1801,20587501,152.0,206.0
3,3,15,2,clustered,directional,HC_LI,86,107,20587501,166.0,252.0
3,3,15,2,clustered,directional,HC_LI,87,957,20587501,157.0,208.0
3,3,15,2,clustered,directional,HC_LI,88,595,20587501,162.0,230.0
3,3,15,2,clustered,directional,HC_LI,89,2311,20587501,147.0,229.0
3,3,15,2,clustered,directional,HC_LI,90,2139,20587501,147.0,192.0
3,3,15,2,clustered,directional,HC_LI,91,1902,20587501,147.0,205.0
3,3,15,2,clustered,directional,HC_LI,92,38,20587501,156.0,182.0
3,3,15,2,clustered,directional,HC_LI,93,33,20587501,133.0,194.0
3,3,15,2,clustered,directional,HC_LI,94,1198,20587501,147.0,241.0
3,3,15,2,clustered,directional,HC_LI,95,253,20587501,185.0,233.0
3,3,15,2,clustered,directional,HC_LI,96,1560,20587501,157.0,208.0
3,3,15,2,clustered,directional,HC_LI,97,107,20587501,166.0,252.0
3,3,15,2,clustered,directional,HC_LI,98,2272,20587501,133.0,173.0
3,3,15,2,clustered,directional,HC_LI,99,2142,20587501,137.0,227.0
3,3,15,2,clustered,directional,HC_LI,100,2528,20587501,147.0,227.0
3,3,15,2,clustered,directional,HC_LI,101,220,20587501,156.0,223.0
3,3,15,2,clustered,directional,HC_LI,102,2236,20587501,133.0,259.0
3,3,15,2,clustered,directional,HC_LI,103,906,20587501,157.0,241.0
3,3,15,2,clustered,directional,HC_LI,104,834,20587501,117.0,195.0
3,3,15,2,clustered,directional,HC_LI,105,906,20587501,157.0,241.0
3,3,15,2,clustered,directional,HC_LI,106,1033,20587501,152.0,189.0
3,3,15,2,clustered,directional,HC_LI,107,2199,20587501,152.0,240.0
3,3,15,2,clustered,directional,HC_LI,108,957,20587501,157.0,208.0
3,3,15,2,clustered,directional,HC_LI,109,884,20587501,152.0,229.0
3,3,15,2,clustered,directional,HC_LI,110,2941,20587501,137.0,188.0
3,3,15,2,clustered,directional,HC_LI,111,2236,20587501,133.0,259.0
3,3,15,2,clustered,directional,HC_LI,112,1660,20587501,147.0,245.0
3,3,15,2,clustered,directional,HC_LI,113,2142,20587501,137.0,227.0
3,3,15,2,clustered,directional,HC_LI,114,2004,20587501,167.0,204.0
3,3,15,2,clustered,directional,HC_LI,115,1544,20587501,152.0,181.0
3,3,15,2,clustered,directional,HC_LI,116,911,20587501,148.0,230.0
3,3,15,2,clustered,directional,HC_LI,117,1675,20587501,152.0,216.0
3,3,15,2,clustered,directional,HC_LI,118,2114,20587501,137.0,210.0
3,3,15,2,clustered,directional,HC_LI,119,2277,20587501,161.0,229.0
3,3,15,2,clustered,directional,HC_LI,120,2196,20587501,128.0,183.0
3,3,15,2,clustered,directional,HC_LI,121,1672,20587501,142.0,189.0
3,3,15,2,clustered,directional,HC_LI,122,870,20587501,161.0,272.0
3,3,15,2,clustered,directional,HC_LI,123,2823,20587501,148.0,225.0
3,3,15,2,clustered,directional,HC_LI,124,2746,20587501,171.0,220.0
3,3,15,2,clustered,directional,HC_LI,125,2434,20587501,153.0,206.0
3,3,15,2,clustered,directional,HC_LI,126,1902,20587501,147.0,205.0
3,3,15,2,clustered,directional,HC_LI,127,2815,20587501,166.0,234.0
3,3,15,2,clustered,directional,HC_LI,128,1909,20587501,142.0,164.0
3,3,15,2,clustered,directional,HC_LI,129,2345,20587501,142.0,236.0
3,3,15,2,clustered,directional,HC_LI,130,1616,20587501,161.0,238.0
3,3,15,2,clustered,directional,HC_LI,131,1070,20587501,166.0,224.0
3,3,15,2,clustered,directional,HC_LI,132,1994,20587501,153.0,196.0
3,3,15,2,clustered,directional,HC_LI,133,1939,20587501,146.0,214.0
3,3,15,2,clustered,directional,HC_LI,134,1157,20587501,142.0,208.0
3,3,15,2,clustered,directional,HC_LI,135,2271,20587501,151.0,186.0
3,3,15,2,clustered,directional,HC_LI,136,1836,20587501,157.0,197.0
3,3,15,2,clustered,directional,HC_LI,137,1897,20587501,147.0,190.0
3,3,15,2,clustered,directional,HC_LI,138,1481,20587501,151.0,191.0
3,3,15,2,clustered,directional,HC_LI,139,2139,20587501,147.0,192.0
3,3,15,2,clustered,directional,HC_LI,140,2139,20587501,147.0,192.0
3,3,15,2,clustered,directional,HC_LI,141,107,20587501,166.0,252.0
3,3,15,2,clustered,directional,HC_LI,142,1796,20587501,148.0,228.0
3,3,15,2,clustered,directional,HC_LI,143,1070,20587501,166.0,224.0
3,3,15,2,clustered,directional,HC_LI,144,2329,20587501,142.0,245.0
3,3,15,2,clustered,directional,HC_LI,145,2792,20587501,166.0,222.0
3,3,15,2,clustered,directional,HC_LI,146,1796,20587501,148.0,228.0
3,3,15,2,clustered,directional,HC_LI,147,405,20587501,157.0,232.0
3,3,15,2,clustered,directional,HC_LI,148,1070,20587501,166.0,224.0
3,3,15,2,clustered,directional,HC_LI,149,1658,20587501,162.0,187.0
3,3,15,2,clustered,directional,HC_LI,150,531,20587501,167.0,252.0
3,3,15,2,clustered,directional,HC_LI,151,2760,20587501,147.0,233.0
3,3,15,2,clustered,directional,HC_LI,152,2271,20587501,151.0,186.0
3,3,15,2,clustered,directional,HC_LI,153,452,20587501,152.0,230.0
3,3,15,2,clustered,directional,HC_LI,154,260,20587501,161.0,252.0
3,3,15,2,clustered,directional,HC_LI,155,1613,20587501,152.0,186.0
3,3,15,2,clustered,directional,HC_LI,156,617,20587501,132.0,202.0
3,3,15,2,clustered,directional,HC_LI,157,2249,20587501,157.0,241.0
3,3,15,2,clustered,directional,HC_LI,158,1613,20587501,152.0,186.0
3,3,15,2,clustered,directional,HC_LI,159,1333,20587501,148.0,178.0
3,3,15,2,clustered,directional,HC_LI,160,1939,20587501,146.0,214.0
3,3,15,2,clustered,directional,HC_LI,161,314,20587501,142.0,182.0
3,3,15,2,clustered,directional,HC_LI,162,2907,20587501,171.0,233.0
3,3,15,2,clustered,directional,HC_LI,163,1731,20587501,123.0,171.0
3,3,15,2,clustered,directional,HC_LI,164,1544,20587501,152.0,181.0
3,3,15,2,clustered,directional,HC_LI,165,33,20587501,133.0,194.0
3,3,15,2,clustered,directional,HC_LI,166,1633,20587501,141.0,237.0
3,3,15,2,clustered,directional,HC_LI,167,1801,20587501,152.0,206.0
3,3,15,2,clustered,directional,HC_LI,168,2628,20587501,157.0,235.0
3,3,15,2,clustered,directional,HC_LI,169,1313,20587501,143.0,229.0
3,3,15,2,clustered,directional,HC_LI,170,2650,20587501,162.0,248.0
3,3,15,2,clustered,directional,HC_LI,171,2329,20587501,142.0,245.0
3,3,15,2,clustered,directional,HC_LI,172,2502,20587501,161.0,202.0
3,3,15,2,clustered,directional,HC_LI,173,1675,20587501,152.0,216.0
3,3,15,2,clustered,directional,HC_LI,174,2941,20587501,137.0,188.0
3,3,15,2,clustered,directional,HC_LI,175,1616,20587501,161.0,238.0
3,3,15,2,clustered,directional,HC_LI,176,2873,20587501,147.0,260.0
3,3,15,2,clustered,directional,HC_LI,177,1128,20587501,162.0,210.0
3,3,15,2,clustered,directional,HC_LI,178,2367,20587501,142.0,223.0
3,3,15,2,clustered,directional,HC_LI,179,2196,20587501,128.0,183.0
3,3,15,2,clustered,directional,HC_LI,180,2434,20587501,153.0,206.0
3,3,15,2,clustered,directional,HC_LI,181,2634,20587501,156.0,211.0
3,3,15,2,clustered,directional,HC_LI,182,2104,20587501,161.0,234.0
3,3,15,2,clustered,directional,HC_LI,183,531,20587501,167.0,252.0
3,3,15,2,clustered,directional,HC_LI,184,851,20587501,177.0,264.0
3,3,15,2,clustered,directional,HC_LI,185,2907,20587501,171.0,233.0
3,3,15,2,clustered,directional,HC_LI,186,1590,20587501,152.0,197.0
3,3,15,2,clustered,directional,HC_LI,187,34,20587501,161.0,242.0
3,3,15,2,clustered,directional,HC_LI,188,2642,20587501,138.0,191.0
3,3,15,2,clustered,directional,HC_LI,189,1611,20587501,148.0,199.0
3,3,15,2,clustered,directional,HC_LI,190,1481,20587501,151.0,191.0
3,3,15,2,clustered,directional,HC_LI,191,1611,20587501,148.0,199.0
3,3,15,2,clustered,directional,HC_LI,192,737,20587501,162.0,225.0
3,3,15,2,clustered,directional,HC_LI,193,2987,20587501,139.0,225.0
3,3,15,2,clustered,directional,HC_LI,194,2144,20587501,143.0,256.0
3,3,15,2,clustered,directional,HC_LI,195,1643,20587501,133.0,205.0
3,3,15,2,clustered,directional,HC_LI,196,1250,20587501,166.0,205.0
3,3,15,2,clustered,directional,HC_LI,197,1777,20587501,138.0,220.0
3,3,15,2,clustered,directional,HC_LI,198,2656,20587501,141.0,180.0
3,3,15,2,clustered,directional,HC_LI,199,1085,20587501,152.0,253.0
3,3,15,2,clustered,directional,LC_HI,0,2294,20587501,118.0,143.0
3,3,15,2,clustered,directional,LC_HI,1,2138,20587501,123.0,182.0
3,3,15,2,clustered,directional,LC_HI,2,1022,20587501,108.0,152.0
3,3,15,2,clustered,directional,LC_HI,3,724,20587501,123.0,139.0
3,3,15,2,clustered,directional,LC_HI,4,1680,20587501,142.0,195.0
3,3,15,2,clustered,directional,LC_HI,5,2564,20587501,129.0,189.0
3,3,15,2,clustered,directional,LC_HI,6,1800,20587501,129.0,187.0
3,3,15,2,clustered,directional,LC_HI,7,282,20587501,123.0,200.0
3,3,15,2,clustered,directional,LC_HI,8,2957,20587501,190.0,248.0
3,3,15,2,clustered,directional,LC_HI,9,776,20587501,119.0,159.0
3,3,15,2,clustered,directional,LC_HI,10,1183,20587501,104.0,149.0
3,3,15,2,clustered,directional,LC_HI,11,1236,20587501,108.0,147.0
3,3,15,2,clustered,directional,LC_HI,12,519,20587501,165.0,262.0
3,3,15,2,clustered,directional,LC_HI,13,35,20587501,113.0,184.0
3,3,15,2,clustered,directional,LC_HI,14,2471,20587501,123.0,157.0
3,3,15,2,clustered,directional,LC_HI,15,1865,20587501,108.0,143.0
3,3,15,2,clustered,directional,LC_HI,16,1651,20587501,171.0,237.0
3,3,15,2,clustered,directional,LC_HI,17,460,20587501,114.0,149.0
3,3,15,2,clustered,directional,LC_HI,18,1951,20587501,119.0,162.0
3,3,15,2,clustered,directional,LC_HI,19,2710,20587501,137.0,211.0
3,3,15,2,clustered,directional,LC_HI,20,148,20587501,162.0,228.0
3,3,15,2,clustered,directional,LC_HI,21,2901,20587501,123.0,174.0
3,3,15,2,clustered,directional,LC_HI,22,1186,20587501,132.0,193.0
3,3,15,2,clustered,directional,LC_HI,23,877,20587501,108.0,183.0
3,3,15,2,clustered,directional,LC_HI,24,2808,20587501,180.0,233.0
3,3,15,2,clustered,directional,LC_HI,25,2037,20587501,171.0,232.0
3,3,15,2,clustered,directional,LC_HI,26,556,20587501,175.0,231.0
3,3,15,2,clustered,directional,LC_HI,27,1448,20587501,103.0,120.0
3,3,15,2,clustered,directional,LC_HI,28,837,20587501,104.0,154.0
3,3,15,2,clustered,directional,LC_HI,29,1356,20587501,166.0,217.0
3,3,15,2,clustered,directional,LC_HI,30,650,20587501,123.0,207.0
3,3,15,2,clustered,directional,LC_HI,31,660,20587501,123.0,163.0
3,3,15,2,clustered,directional,LC_HI,32,1854,20587501,186.0,243.0
3,3,15,2,clustered,directional,LC_HI,33,51,20587501,161.0,213.0
3,3,15,2,clustered,directional,LC_HI,34,2044,20587501,123.0,160.0
3,3,15,2,clustered,directional,LC_HI,35,769,20587501,118.0,152.0
3,3,15,2,clustered,directional,LC_HI,36,2331,20587501,122.0,169.0
3,3,15,2,clustered,directional,LC_HI,37,217,20587501,167.0,253.0
3,3,15,2,clustered,directional,LC_HI,38,122,20587501,127.0,186.0
3,3,15,2,clustered,directional,LC_HI,39,2313,20587501,109.0,161.0
3,3,15,2,clustered,directional,LC_HI,40,223,20587501,122.0,201.0
3,3,15,2,clustered,directional,LC_HI,41,1212,20587501,132.0,145.0
3,3,15,2,clustered,directional,LC_HI,42,195,20587501,161.0,181.0
3,3,15,2,clustered,directional,LC_HI,43,1577,20587501,146.0,190.0
3,3,15,2,clustered,directional,LC_HI,44,2428,20587501,118.0,200.0
3,3,15,2,clustered,directional,LC_HI,45,338,20587501,123.0,192.0
3,3,15,2,clustered,directional,LC_HI,46,967,20587501,118.0,169.0
3,3,15,2,clustered,directional,LC_HI,47,0,20587501,122.0,151.0
3,3,15,2,clustered,directional,LC_HI,48,243,20587501,108.0,145.0
3,3,15,2,clustered,directional,LC_HI,49,2694,20587501,119.0,183.0
3,3,15,2,clustered,directional,LC_HI,50,276,20587501,132.0,185.0
3,3,15,2,clustered,directional,LC_HI,51,1223,20587501,99.0,131.0
3,3,15,2,clustered,directional,LC_HI,52,6,20587501,195.0,237.0
3,3,15,2,clustered,directional,LC_HI,53,2355,20587501,123.0,173.0
3,3,15,2,clustered,directional,LC_HI,54,2533,20587501,99.0,125.0
3,3,15,2,clustered,directional,LC_HI,55,878,20587501,109.0,159.0
3,3,15,2,clustered,directional,LC_HI,56,915,20587501,132.0,162.0
3,3,15,2,clustered,directional,LC_HI,57,1215,20587501,94.0,169.0
3,3,15,2,clustered,directional,LC_HI,58,1628,20587501,181.0,222.0
3,3,15,2,clustered,directional,LC_HI,59,2169,20587501,123.0,189.0
3,3,15,2,clustered,directional,LC_HI,60,1397,20587501,171.0,244.0
3,3,15,2,clustered,directional,LC_HI,61,1782,20587501,94.0,119.0
3,3,15,2,clustered,directional,LC_HI,62,0,20587501,122.0,151.0
3,3,15,2,clustered,directional,LC_HI,63,1700,20587501,128.0,196.0
3,3,15,2,clustered,directional,LC_HI,64,35,20587501,113.0,184.0
3,3,15,2,clustered,directional,LC_HI,65,2281,20587501,107.0,172.0
3,3,15,2,clustered,directional,LC_HI,66,2259,20587501,119.0,181.0
3,3,15,2,clustered,directional,LC_HI,67,2928,20587501,127.0,160.0
3,3,15,2,clustered,directional,LC_HI,68,1349,20587501,123.0,178.0
3,3,15,2,clustered,directional,LC_HI,69,776,20587501,119.0,159.0
3,3,15,2,clustered,directional,LC_HI,70,426,20587501,113.0,151.0
3,3,15,2,clustered,directional,LC_HI,71,760,20587501,128.0,198.0
3,3,15,2,clustered,directional,LC_HI,72,1635,20587501,108.0,183.0
3,3,15,2,clustered,directional,LC_HI,73,2016,20587501,108.0,145.0
3,3,15,2,clustered,directional,LC_HI,74,2591,20587501,113.0,165.0
3,3,15,2,clustered,directional,LC_HI,75,390,20587501,113.0,175.0
3,3,15,2,clustered,directional,LC_HI,76,2503,20587501,152.0,202.0
3,3,15,2,clustered,directional,LC_HI,77,1147,20587501,94.0,152.0
3,3,15,2,clustered,directional,LC_HI,78,1405,20587501,117.0,136.0
3,3,15,2,clustered,directional,LC_HI,79,846,20587501,128.0,168.0
3,3,15,2,clustered,directional,LC_HI,80,356,20587501,129.0,189.0
3,3,15,2,clustered,directional,LC_HI,81,776,20587501,119.0,159.0
3,3,15,2,clustered,directional,LC_HI,82,398,20587501,137.0,181.0
3,3,15,2,clustered,directional,LC_HI,83,774,20587501,118.0,186.0
3,3,15,2,clustered,directional,LC_HI,84,460,20587501,114.0,149.0
3,3,15,2,clustered,directional,LC_HI,85,1896,20587501,128.0,173.0
3,3,15,2,clustered,directional,LC_HI,86,2910,20587501,85.0,123.0
3,3,15,2,clustered,directional,LC_HI,87,2141,20587501,105.0,130.0
3,3,15,2,clustered,directional,LC_HI,88,428,20587501,124.0,157.0
3,3,15,2,clustered,directional,LC_HI,89,2479,20587501,142.0,226.0
3,3,15,2,clustered,directional,LC_HI,90,2945,20587501,142.0,239.0
3,3,15,2,clustered,directional,LC_HI,91,689,20587501,127.0,180.0
3,3,15,2,clustered,directional,LC_HI,92,822,20587501,108.0,164.0
3,3,15,2,clustered,directional,LC_HI,93,1936,20587501,123.0,154.0
3,3,15,2,clustered,directional,LC_HI,94,1591,20587501,108.0,163.0
3,3,15,2,clustered,directional,LC_HI,95,2694,20587501,119.0,183.0
3,3,15,2,clustered,directional,LC_HI,96,1651,20587501,171.0,237.0
3,3,15,2,clustered,directional,LC_HI,97,2046,20587501,99.0,124.0
3,3,15,2,clustered,directional,LC_HI,98,2406,20587501,112.0,140.0
3,3,15,2,clustered,directional,LC_HI,99,1345,20587501,123.0,189.0
3,3,15,2,clustered,directional,LC_HI,100,2354,20587501,108.0,143.0
3,3,15,2,clustered,directional,LC_HI,101,1284,20587501,137.0,187.0
3,3,15,2,clustered,directional,LC_HI,102,123,20587501,161.0,226.0
3,3,15,2,clustered,directional,LC_HI,103,1846,20587501,123.0,176.0
3,3,15,2,clustered,directional,LC_HI,104,920,20587501,80.0,110.0
3,3,15,2,clustered,directional,LC_HI,105,1206,20587501,122.0,176.0
3,3,15,2,clustered,directional,LC_HI,106,359,20587501,123.0,163.0
3,3,15,2,clustered,directional,LC_HI,107,1574,20587501,109.0,161.0
3,3,15,2,clustered,directional,LC_HI,108,2342,20587501,136.0,184.0
3,3,15,2,clustered,directional,LC_HI,109,1529,20587501,118.0,171.0
3,3,15,2,clustered,directional,LC_HI,110,1589,20587501,122.0,176.0
3,3,15,2,clustered,directional,LC_HI,111,706,20587501,109.0,173.0
3,3,15,2,clustered,directional,LC_HI,112,2316,20587501,122.0,157.0
3,3,15,2,clustered,directional,LC_HI,113,1215,20587501,94.0,169.0
3,3,15,2,clustered,directional,LC_HI,114,2878,20587501,165.0,268.0
3,3,15,2,clustered,directional,LC_HI,115,2447,20587501,109.0,159.0
3,3,15,2,clustered,directional,LC_HI,116,1224,20587501,132.0,152.0
3,3,15,2,clustered,directional,LC_HI,117,809,20587501,122.0,219.0
3,3,15,2,clustered,directional,LC_HI,118,1035,20587501,122.0,163.0
3,3,15,2,clustered,directional,LC_HI,119,1803,20587501,118.0,197.0
3,3,15,2,clustered,directional,LC_HI,120,1878,20587501,122.0,165.0
3,3,15,2,clustered,directional,LC_HI,121,1303,20587501,137.0,200.0
3,3,15,2,clustered,directional,LC_HI,122,392,20587501,103.0,151.0
3,3,15,2,clustered,directional,LC_HI,123,165,20587501,108.0,144.0
3,3,15,2,clustered,directional,LC_HI,124,2318,20587501,171.0,239.0
3,3,15,2,clustered,directional,LC_HI,125,281,20587501,98.0,138.0
3,3,15,2,clustered,directional,LC_HI,126,383,20587501,99.0,102.0
3,3,15,2,clustered,directional,LC_HI,127,2112,20587501,123.0,189.0
3,3,15,2,clustered,directional,LC_HI,128,472,20587501,109.0,173.0
3,3,15,2,clustered,directional,LC_HI,129,688,20587501,123.0,146.0
3,3,15,2,clustered,directional,LC_HI,130,1175,20587501,124.0,181.0
3,3,15,2,clustered,directional,LC_HI,131,811,20587501,127.0,172.0
3,3,15,2,clustered,directional,LC_HI,132,139,20587501,137.0,200.0
3,3,15,2,clustered,directional,LC_HI,133,1172,20587501,113.0,165.0
3,3,15,2,clustered,directional,LC_HI,134,1736,20587501,185.0,212.0
3,3,15,2,clustered,directional,LC_HI,135,2393,20587501,113.0,159.0
3,3,15,2,clustered,directional,LC_HI,136,2373,20587501,113.0,136.0
3,3,15,2,clustered,directional,LC_HI,137,888,20587501,122.0,164.0
3,3,15,2,clustered,directional,LC_HI,138,1713,20587501,113.0,167.0
3,3,15,2,clustered,directional,LC_HI,139,742,20587501,113.0,131.0
3,3,15,2,clustered,directional,LC_HI,140,2785,20587501,108.0,121.0
3,3,15,2,clustered,directional,LC_HI,141,2736,20587501,113.0,137.0
3,3,15,2,clustered,directional,LC_HI,142,2171,20587501,127.0,226.0
3,3,15,2,clustered,directional,LC_HI,143,378,20587501,147.0,181.0
3,3,15,2,clustered,directional,LC_HI,144,428,20587501,124.0,157.0
3,3,15,2,clustered,directional,LC_HI,145,1830,20587501,104.0,141.0
3,3,15,2,clustered,directional,LC_HI,146,2591,20587501,113.0,165.0
3,3,15,2,clustered,directional,LC_HI,147,2827,20587501,113.0,194.0
3,3,15,2,clustered,directional,LC_HI,148,2045,20587501,113.0,192.0
3,3,15,2,clustered,directional,LC_HI,149,398,20587501,137.0,181.0
3,3,15,2,clustered,directional,LC_HI,150,230,20587501,99.0,135.0
3,3,15,2,clustered,directional,LC_HI,151,2945,20587501,142.0,239.0
3,3,15,2,clustered,directional,LC_HI,152,1589,20587501,122.0,176.0
3,3,15,2,clustered,directional,LC_HI,153,2294,20587501,118.0,143.0
3,3,15,2,clustered,directional,LC_HI,154,1776,20587501,118.0,130.0
3,3,15,2,clustered,directional,LC_HI,155,849,20587501,171.0,241.0
3,3,15,2,clustered,directional,LC_HI,156,878,20587501,109.0,159.0
3,3,15,2,clustered,directional,LC_HI,157,1448,20587501,103.0,120.0
3,3,15,2,clustered,directional,LC_HI,158,2491,20587501,137.0,190.0
3,3,15,2,clustered,directional,LC_HI,159,479,20587501,195.0,259.0
3,3,15,2,clustered,directional,LC_HI,160,377,20587501,127.0,161.0
3,3,15,2,clustered,directional,LC_HI,161,303,20587501,137.0,173.0
3,3,15,2,clustered,directional,LC_HI,162,100,20587501,108.0,173.0
3,3,15,2,clustered,directional,LC_HI,163,2410,20587501,157.0,241.0
3,3,15,2,clustered,directional,LC_HI,164,2878,20587501,165.0,268.0
3,3,15,2,clustered,directional,LC_HI,165,265,20587501,128.0,214.0
3,3,15,2,clustered,directional,LC_HI,166,1022,20587501,108.0,152.0
3,3,15,2,clustered,directional,LC_HI,167,1976,20587501,171.0,234.0
3,3,15,2,clustered,directional,LC_HI,168,2259,20587501,119.0,181.0
3,3,15,2,clustered,directional,LC_HI,169,100,20587501,108.0,173.0
3,3,15,2,clustered,directional,LC_HI,170,2353,20587501,118.0,158.0
3,3,15,2,clustered,directional,LC_HI,171,473,20587501,176.0,266.0
3,3,15,2,clustered,directional,LC_HI,172,659,20587501,94.0,140.0
3,3,15,2,clustered,directional,LC_HI,173,390,20587501,113.0,175.0
3,3,15,2,clustered,directional,LC_HI,174,2412,20587501,123.0,178.0
3,3,15,2,clustered,directional,LC_HI,175,2572,20587501,104.0,168.0
3,3,15,2,clustered,directional,LC_HI,176,2186,20587501,109.0,164.0
3,3,15,2,clustered,directional,LC_HI,177,1936,20587501,123.0,154.0
3,3,15,2,clustered,directional,LC_HI,178,1695,20587501,99.0,123.0
3,3,15,2,clustered,directional,LC_HI,179,192,20587501,123.0,197.0
3,3,15,2,clustered,directional,LC_HI,180,383,20587501,99.0,102.0
3,3,15,2,clustered,directional,LC_HI,181,631,20587501,109.0,172.0
3,3,15,2,clustered,directional,LC_HI,182,712,20587501,104.0,153.0
3,3,15,2,clustered,directional,LC_HI,183,1390,20587501,133.0,148.0
3,3,15,2,clustered,directional,LC_HI,184,1074,20587501,123.0,150.0
3,3,15,2,clustered,directional,LC_HI,185,390,20587501,113.0,175.0
3,3,15,2,clustered,directional,LC_HI,186,1397,20587501,171.0,244.0
3,3,15,2,clustered,directional,LC_HI,187,1405,20587501,117.0,136.0
3,3,15,2,clustered,directional,LC_HI,188,2289,20587501,118.0,167.0
3,3,15,2,clustered,directional,LC_HI,189,2723,20587501,103.0,145.0
3,3,15,2,clustered,directional,LC_HI,190,1022,20587501,108.0,152.0
3,3,15,2,clustered,directional,LC_HI,191,2723,20587501,103.0,145.0
3,3,15,2,clustered,directional,LC_HI,192,148,20587501,162.0,228.0
3,3,15,2,clustered,directional,LC_HI,193,877,20587501,108.0,183.0
3,3,15,2,clustered,directional,LC_HI,194,47,20587501,108.0,160.0
3,3,15,2,clustered,directional,LC_HI,195,1442,20587501,176.0,221.0
3,3,15,2,clustered,directional,LC_HI,196,2943,20587501,122.0,178.0
3,3,15,2,clustered,directional,LC_HI,197,1882,20587501,138.0,181.0
3,3,15,2,clustered,directional,LC_HI,198,143,20587501,127.0,175.0
3,3,15,2,clustered,directional,LC_HI,199,1021,20587501,132.0,173.0
3,3,15,2,clustered,directional,LC_LI,0,1264,20587501,161.0,225.0
3,3,15,2,clustered,directional,LC_LI,1,1637,20587501,147.0,188.0
3,3,15,2,clustered,directional,LC_LI,2,761,20587501,142.0,185.0
3,3,15,2,clustered,directional,LC_LI,3,625,20587501,147.0,206.0
3,3,15,2,clustered,directional,LC_LI,4,120,20587501,146.0,222.0
3,3,15,2,clustered,directional,LC_LI,5,1992,20587501,123.0,226.0
3,3,15,2,clustered,directional,LC_LI,6,302,20587501,137.0,168.0
3,3,15,2,clustered,directional,LC_LI,7,331,20587501,142.0,188.0
3,3,15,2,clustered,directional,LC_LI,8,1222,20587501,147.0,224.0
3,3,15,2,clustered,directional,LC_LI,9,2215,20587501,157.0,262.0
3,3,15,2,clustered,directional,LC_LI,10,763,20587501,137.0,222.0
3,3,15,2,clustered,directional,LC_LI,11,1752,20587501,171.0,233.0
3,3,15,2,clustered,directional,LC_LI,12,2501,20587501,127.0,213.0
3,3,15,2,clustered,directional,LC_LI,13,97,20587501,152.0,219.0
3,3,15,2,clustered,directional,LC_LI,14,907,20587501,131.0,216.0
3,3,15,2,clustered,directional,LC_LI,15,2718,20587501,127.0,206.0
3,3,15,2,clustered,directional,LC_LI,16,27,20587501,152.0,227.0
3,3,15,2,clustered,directional,LC_LI,17,1992,20587501,123.0,226.0
3,3,15,2,clustered,directional,LC_LI,18,2446,20587501,138.0,210.0
3,3,15,2,clustered,directional,LC_LI,19,994,20587501,131.0,203.0
3,3,15,2,clustered,directional,LC_LI,20,1440,20587501,161.0,214.0
3,3,15,2,clustered,directional,LC_LI,21,2383,20587501,143.0,202.0
3,3,15,2,clustered,directional,LC_LI,22,1114,20587501,137.0,178.0
3,3,15,2,clustered,directional,LC_LI,23,396,20587501,142.0,174.0
3,3,15,2,clustered,directional,LC_LI,24,1752,20587501,171.0,233.0
3,3,15,2,clustered,directional,LC_LI,25,696,20587501,141.0,210.0
3,3,15,2,clustered,directional,LC_LI,26,2149,20587501,161.0,166.0
3,3,15,2,clustered,directional,LC_LI,27,331,20587501,142.0,188.0
3,3,15,2,clustered,directional,LC_LI,28,609,20587501,128.0,211.0
3,3,15,2,clustered,directional,LC_LI,29,2718,20587501,127.0,206.0
3,3,15,2,clustered,directional,LC_LI,30,225,20587501,152.0,234.0
3,3,15,2,clustered,directional,LC_LI,31,1129,20587501,152.0,237.0
3,3,15,2,clustered,directional,LC_LI,32,2555,20587501,142.0,214.0
3,3,15,2,clustered,directional,LC_LI,33,646,20587501,151.0,217.0
3,3,15,2,clustered,directional,LC_LI,34,181,20587501,166.0,211.0
3,3,15,2,clustered,directional,LC_LI,35,2899,20587501,137.0,186.0
3,3,15,2,clustered,directional,LC_LI,36,331,20587501,142.0,188.0
3,3,15,2,clustered,directional,LC_LI,37,2149,20587501,161.0,166.0
3,3,15,2,clustered,directional,LC_LI,38,2206,20587501,151.0,205.0
3,3,15,2,clustered,directional,LC_LI,39,1524,20587501,171.0,237.0
3,3,15,2,clustered,directional,LC_LI,40,2376,20587501,137.0,265.0
3,3,15,2,clustered,directional,LC_LI,41,1738,20587501,141.0,175.0
3,3,15,2,clustered,directional,LC_LI,42,155,20587501,127.0,212.0
3,3,15,2,clustered,directional,LC_LI,43,994,20587501,131.0,203.0
3,3,15,2,clustered,directional,LC_LI,44,2851,20587501,127.0,201.0
3,3,15,2,clustered,directional,LC_LI,45,2224,20587501,137.0,222.0
3,3,15,2,clustered,directional,LC_LI,46,2680,20587501,132.0,185.0
3,3,15,2,clustered,directional,LC_LI,47,1161,20587501,143.0,181.0
3,3,15,2,clustered,directional,LC_LI,48,2983,20587501,147.0,170.0
3,3,15,2,clustered,directional,LC_LI,49,1763,20587501,128.0,189.0
3,3,15,2,clustered,directional,LC_LI,50,2001,20587501,141.0,284.0
3,3,15,2,clustered,directional,LC_LI,51,951,20587501,133.0,191.0
3,3,15,2,clustered,directional,LC_LI,52,2536,20587501,151.0,196.0
3,3,15,2,clustered,directional,LC_LI,53,1283,20587501,138.0,198.0
3,3,15,2,clustered,directional,LC_LI,54,2777,20587501,128.0,169.0
3,3,15,2,clustered,directional,LC_LI,55,2718,20587501,127.0,206.0
3,3,15,2,clustered,directional,LC_LI,56,1992,20587501,123.0,226.0
3,3,15,2,clustered,directional,LC_LI,57,1584,20587501,128.0,147.0
3,3,15,2,clustered,directional,LC_LI,58,141,20587501,147.0,270.0
3,3,15,2,clustered,directional,LC_LI,59,509,20587501,140.0,234.0
3,3,15,2,clustered,directional,LC_LI,60,1208,20587501,128.0,205.0
3,3,15,2,clustered,directional,LC_LI,61,270,20587501,142.0,193.0
3,3,15,2,clustered,directional,LC_LI,62,1992,20587501,123.0,226.0
3,3,15,2,clustered,directional,LC_LI,63,187,20587501,146.0,214.0
3,3,15,2,clustered,directional,LC_LI,64,1099,20587501,156.0,248.0
3,3,15,2,clustered,directional,LC_LI,65,536,20587501,166.0,178.0
3,3,15,2,clustered,directional,LC_LI,66,1294,20587501,152.0,216.0
3,3,15,2,clustered,directional,LC_LI,67,2805,20587501,136.0,205.0
3,3,15,2,clustered,directional,LC_LI,68,1455,20587501,161.0,188.0
3,3,15,2,clustered,directional,LC_LI,69,1320,20587501,147.0,226.0
3,3,15,2,clustered,directional,LC_LI,70,1701,20587501,142.0,234.0
3,3,15,2,clustered,directional,LC_LI,71,270,20587501,142.0,193.0
3,3,15,2,clustered,directional,LC_LI,72,1038,20587501,123.0,188.0
3,3,15,2,clustered,directional,LC_LI,73,1945,20587501,157.0,246.0
3,3,15,2,clustered,directional,LC_LI,74,2680,20587501,132.0,185.0
3,3,15,2,clustered,directional,LC_LI,75,1947,20587501,142.0,201.0
3,3,15,2,clustered,directional,LC_LI,76,2522,20587501,136.0,228.0
3,3,15,2,clustered,directional,LC_LI,77,971,20587501,147.0,226.0
3,3,15,2,clustered,directional,LC_LI,78,1316,20587501,137.0,189.0
3,3,15,2,clustered,directional,LC_LI,79,1222,20587501,147.0,224.0
3,3,15,2,clustered,directional,LC_LI,80,1747,20587501,171.0,193.0
3,3,15,2,clustered,directional,LC_LI,81,625,20587501,147.0,206.0
3,3,15,2,clustered,directional,LC_LI,82,2224,20587501,137.0,222.0
3,3,15,2,clustered,directional,LC_LI,83,1594,20587501,161.0,168.0
3,3,15,2,clustered,directional,LC_LI,84,761,20587501,142.0,185.0
3,3,15,2,clustered,directional,LC_LI,85,1980,20587501,172.0,232.0
3,3,15,2,clustered,directional,LC_LI,86,1364,20587501,175.0,243.0
3,3,15,2,clustered,directional,LC_LI,87,1283,20587501,138.0,198.0
3,3,15,2,clustered,directional,LC_LI,88,2522,20587501,136.0,228.0
3,3,15,2,clustered,directional,LC_LI,89,70,20587501,156.0,234.0
3,3,15,2,clustered,directional,LC_LI,90,1478,20587501,132.0,208.0
3,3,15,2,clustered,directional,LC_LI,91,2654,20587501,138.0,219.0
3,3,15,2,clustered,directional,LC_LI,92,763,20587501,137.0,222.0
3,3,15,2,clustered,directional,LC_LI,93,2555,20587501,142.0,214.0
3,3,15,2,clustered,directional,LC_LI,94,2462,20587501,165.0,259.0
3,3,15,2,clustered,directional,LC_LI,95,1413,20587501,142.0,228.0
3,3,15,2,clustered,directional,LC_LI,96,70,20587501,156.0,234.0
3,3,15,2,clustered,directional,LC_LI,97,1208,20587501,128.0,205.0
3,3,15,2,clustered,directional,LC_LI,98,1316,20587501,137.0,189.0
3,3,15,2,clustered,directional,LC_LI,99,2851,20587501,127.0,201.0
3,3,15,2,clustered,directional,LC_LI,100,509,20587501,140.0,234.0
3,3,15,2,clustered,directional,LC_LI,101,2959,20587501,118.0,189.0
3,3,15,2,clustered,directional,LC_LI,102,563,20587501,161.0,235.0
3,3,15,2,clustered,directional,LC_LI,103,707,20587501,133.0,194.0
3,3,15,2,clustered,directional,LC_LI,104,1208,20587501,128.0,205.0
3,3,15,2,clustered,directional,LC_LI,105,1364,20587501,175.0,243.0
3,3,15,2,clustered,directional,LC_LI,106,2224,20587501,137.0,222.0
3,3,15,2,clustered,directional,LC_LI,107,2072,20587501,156.0,280.0
3,3,15,2,clustered,directional,LC_LI,108,881,20587501,147.0,179.0
3,3,15,2,clustered,directional,LC_LI,109,2009,20587501,132.0,210.0
3,3,15,2,clustered,directional,LC_LI,110,1351,20587501,156.0,212.0
3,3,15,2,clustered,directional,LC_LI,111,1890,20587501,138.0,192.0
3,3,15,2,clustered,directional,LC_LI,112,798,20587501,142.0,197.0
3,3,15,2,clustered,directional,LC_LI,113,1440,20587501,161.0,214.0
3,3,15,2,clustered,directional,LC_LI,114,1926,20587501,151.0,207.0
3,3,15,2,clustered,directional,LC_LI,115,1069,20587501,137.0,179.0
3,3,15,2,clustered,directional,LC_LI,116,2718,20587501,127.0,206.0
3,3,15,2,clustered,directional,LC_LI,117,2738,20587501,152.0,224.0
3,3,15,2,clustered,directional,LC_LI,118,1794,20587501,147.0,217.0
3,3,15,2,clustered,directional,LC_LI,119,302,20587501,137.0,168.0
3,3,15,2,clustered,directional,LC_LI,120,2019,20587501,165.0,229.0
3,3,15,2,clustered,directional,LC_LI,121,783,20587501,156.0,207.0
3,3,15,2,clustered,directional,LC_LI,122,1838,20587501,151.0,187.0
3,3,15,2,clustered,directional,LC_LI,123,1320,20587501,147.0,226.0
3,3,15,2,clustered,directional,LC_LI,124,783,20587501,156.0,207.0
3,3,15,2,clustered,directional,LC_LI,125,1411,20587501,132.0,205.0
3,3,15,2,clustered,directional,LC_LI,126,536,20587501,166.0,178.0
3,3,15,2,clustered,directional,LC_LI,127,2680,20587501,132.0,185.0
3,3,15,2,clustered,directional,LC_LI,128,2462,20587501,165.0,259.0
3,3,15,2,clustered,directional,LC_LI,129,2881,20587501,137.0,191.0
3,3,15,2,clustered,directional,LC_LI,130,491,20587501,128.0,158.0
3,3,15,2,clustered,directional,LC_LI,131,971,20587501,147.0,226.0
3,3,15,2,clustered,directional,LC_LI,132,1111,20587501,146.0,168.0
3,3,15,2,clustered,directional,LC_LI,133,783,20587501,156.0,207.0
3,3,15,2,clustered,directional,LC_LI,134,2681,20587501,137.0,200.0
3,3,15,2,clustered,directional,LC_LI,135,1524,20587501,171.0,237.0
3,3,15,2,clustered,directional,LC_LI,136,738,20587501,162.0,244.0
3,3,15,2,clustered,directional,LC_LI,137,563,20587501,161.0,235.0
3,3,15,2,clustered,directional,LC_LI,138,1637,20587501,147.0,188.0
3,3,15,2,clustered,directional,LC_LI,139,761,20587501,142.0,185.0
3,3,15,2,clustered,directional,LC_LI,140,2501,20587501,127.0,213.0
3,3,15,2,clustered,directional,LC_LI,141,302,20587501,137.0,168.0
3,3,15,2,clustered,directional,LC_LI,142,1594,20587501,161.0,168.0
3,3,15,2,clustered,directional,LC_LI,143,761,20587501,142.0,185.0
3,3,15,2,clustered,directional,LC_LI,144,1637,20587501,147.0,188.0
3,3,15,2,clustered,directional,LC_LI,145,2939,20587501,146.0,189.0
3,3,15,2,clustered,directional,LC_LI,146,2195,20587501,152.0,237.0
3,3,15,2,clustered,directional,LC_LI,147,551,20587501,142.0,166.0
3,3,15,2,clustered,directional,LC_LI,148,2554,20587501,137.0,164.0
3,3,15,2,clustered,directional,LC_LI,149,551,20587501,142.0,166.0
3,3,15,2,clustered,directional,LC_LI,150,1694,20587501,157.0,200.0
3,3,15,2,clustered,directional,LC_LI,151,1787,20587501,166.0,229.0
3,3,15,2,clustered,directional,LC_LI,152,2433,20587501,137.0,183.0
3,3,15,2,clustered,directional,LC_LI,153,817,20587501,132.0,201.0
3,3,15,2,clustered,directional,LC_LI,154,1763,20587501,128.0,189.0
3,3,15,2,clustered,directional,LC_LI,155,2050,20587501,126.0,179.0
3,3,15,2,clustered,directional,LC_LI,156,1294,20587501,152.0,216.0
3,3,15,2,clustered,directional,LC_LI,157,1440,20587501,161.0,214.0
3,3,15,2,clustered,directional,LC_LI,158,2692,20587501,133.0,172.0
3,3,15,2,clustered,directional,LC_LI,159,1684,20587501,152.0,228.0
3,3,15,2,clustered,directional,LC_LI,160,951,20587501,133.0,191.0
3,3,15,2,clustered,directional,LC_LI,161,1411,20587501,132.0,205.0
3,3,15,2,clustered,directional,LC_LI,162,1114,20587501,137.0,178.0
3,3,15,2,clustered,directional,LC_LI,163,2433,20587501,137.0,183.0
3,3,15,2,clustered,directional,LC_LI,164,2555,20587501,142.0,214.0
3,3,15,2,clustered,directional,LC_LI,165,988,20587501,137.0,241.0
3,3,15,2,clustered,directional,LC_LI,166,2172,20587501,137.0,198.0
3,3,15,2,clustered,directional,LC_LI,167,1738,20587501,141.0,175.0
3,3,15,2,clustered,directional,LC_LI,168,2035,20587501,142.0,196.0
3,3,15,2,clustered,directional,LC_LI,169,141,20587501,147.0,270.0
3,3,15,2,clustered,directional,LC_LI,170,225,20587501,152.0,234.0
3,3,15,2,clustered,directional,LC_LI,171,609,20587501,128.0,211.0
3,3,15,2,clustered,directional,LC_LI,172,2224,20587501,137.0,222.0
3,3,15,2,clustered,directional,LC_LI,173,1684,20587501,152.0,228.0
3,3,15,2,clustered,directional,LC_LI,174,1637,20587501,147.0,188.0
3,3,15,2,clustered,directional,LC_LI,175,1584,20587501,128.0,147.0
3,3,15,2,clustered,directional,LC_LI,176,971,20587501,147.0,226.0
3,3,15,2,clustered,directional,LC_LI,177,2035,20587501,142.0,196.0
3,3,15,2,clustered,directional,LC_LI,178,2959,20587501,118.0,189.0
3,3,15,2,clustered,directional,LC_LI,179,302,20587501,137.0,168.0
3,3,15,2,clustered,directional,LC_LI,180,2224,20587501,137.0,222.0
3,3,15,2,clustered,directional,LC_LI,181,2851,20587501,127.0,201.0
3,3,15,2,clustered,directional,LC_LI,182,1264,20587501,161.0,225.0
3,3,15,2,clustered,directional,LC_LI,183,2899,20587501,137.0,186.0
3,3,15,2,clustered,directional,LC_LI,184,27,20587501,152.0,227.0
3,3,15,2,clustered,directional,LC_LI,185,2897,20587501,147.0,203.0
3,3,15,2,clustered,directional,LC_LI,186,2320,20587501,146.0,196.0
3,3,15,2,clustered,directional,LC_LI,187,487,20587501,128.0,196.0
3,3,15,2,clustered,directional,LC_LI,188,646,20587501,151.0,217.0
3,3,15,2,clustered,directional,LC_LI,189,994,20587501,131.0,203.0
3,3,15,2,clustered,directional,LC_LI,190,1794,20587501,147.0,217.0
3,3,15,2,clustered,directional,LC_LI,191,1701,20587501,142.0,234.0
3,3,15,2,clustered,directional,LC_LI,192,2881,20587501,137.0,191.0
3,3,15,2,clustered,directional,LC_LI,193,2718,20587501,127.0,206.0
3,3,15,2,clustered,directional,LC_LI,194,1099,20587501,156.0,248.0
3,3,15,2,clustered,directional,LC_LI,195,1320,20587501,147.0,226.0
3,3,15,2,clustered,directional,LC_LI,196,2009,20587501,132.0,210.0
3,3,15,2,clustered,directional,LC_LI,197,1264,20587501,161.0,225.0
3,3,15,2,clustered,directional,LC_LI,198,2252,20587501,132.0,187.0
3,3,15,2,clustered,directional,LC_LI,199,2555,20587501,142.0,214.0
5,3,30,2,diurnal,directional,random,0,99,20787507,134.96871697999308,171.96871697999308
5,3,30,2,diurnal,directional,random,1,1466,20787507,181.68292581286335,258.5346302524562
5,3,30,2,diurnal,directional,random,2,49,20787507,186.68292581286335,248.1198535755591
5,3,30,2,diurnal,directional,random,3,666,20787507,138.48696158000914,202.33976665281185
5,3,30,2,diurnal,directional,random,4,1038,20787507,189.8353080500307,302.8353080500307
5,3,30,2,diurnal,directional,random,5,683,20787507,159.70190448954102,235.70190448954102
5,3,30,2,diurnal,directional,random,6,1796,20787507,146.06348260346016,168.85613179383344
5,3,30,2,diurnal,directional,random,7,2007,20787507,159.06715875841957,220.06715875841957
5,3,30,2,diurnal,directional,random,8,599,20787507,148.86054052211819,209.01391275230577
5,3,30,2,diurnal,directional,random,9,1364,20787507,190.02353724616893,272.570470730807
5,3,30,2,diurnal,directional,random,10,168,20787507,167.64941892916923,228.41523727478096
5,3,30,2,diurnal,directional,random,11,2370,20787507,167.97742308104898,212.76388909465837
5,3,30,2,diurnal,directional,random,12,693,20787507,153.50566181277316,212.29552104668667
5,3,30,2,diurnal,directional,random,13,775,20787507,144.7240319425747,198.7240319425747
5,3,30,2,diurnal,directional,random,14,1047,20787507,174.45396991425727,254.96871697999308
5,3,30,2,diurnal,directional,random,15,2261,20787507,128.13973302478297,162.13973302478297
5,3,30,2,diurnal,directional,random,16,744,20787507,182.01327197979603,283.01327197979606
5,3,30,2,diurnal,directional,random,17,31,20787507,160.53463025245622,265.5346302524562
5,3,30,2,diurnal,directional,random,18,2879,20787507,181.99681387930525,213.99681387930525
5,3,30,2,diurnal,directional,random,19,1779,20787507,146.83862561590507,192.83862561590507
5,3,30,2,diurnal,directional,random,20,2703,20787507,170.81303451542558,220.45131328362595
5,3,30,2,diurnal,directional,random,21,1507,20787507,160.52738124842955,208.04544963461512
5,3,30,2,diurnal,directional,random,22,1244,20787507,151.90805072921373,190.90805072921373
5,3,30,2,diurnal,directional,random,23,821,20787507,151.2791302546587,196.31561496219902
5,3,30,2,diurnal,directional,random,24,2468,20787507,167.10721044693503,206.8846583915372
5,3,30,2,diurnal,directional,random,25,210,20787507,149.7200495389807,233.7200495389807
5,3,30,2,diurnal,directional,random,26,256,20787507,155.27018911914988,218.27018911914988
5,3,30,2,diurnal,directional,random,27,1577,20787507,161.79969433070335,239.9844761112993
5,3,30,2,diurnal,directional,random,28,525,20787507,160.20268398043754,221.23952173820726
5,3,30,2,diurnal,directional,random,29,1280,20787507,168.7120442742313,245.7120442742313
5,3,30,2,diurnal,directional,random,30,2687,20787507,141.48825503576268,199.48825503576268
5,3,30,2,diurnal,directional,random,31,1374,20787507,160.16553193553483,228.96893370973518
5,3,30,2,diurnal,directional,random,32,2182,20787507,142.73796303582088,219.73796303582088
5,3,30,2,diurnal,directional,random,33,813,20787507,153.80767927920505,174.06276272607187
5,3,30,2,diurnal,directional,random,34,2551,20787507,185.8355666084073,264.1861214338278
5,3,30,2,diurnal,directional,random,35,1059,20787507,160.2073230287969,229.1219812499084
5,3,30,2,diurnal,directional,random,36,1278,20787507,174.0575331596135,236.73752820288297
5,3,30,2,diurnal,directional,random,37,2749,20787507,129.24320980548154,193.61785939638722
5,3,30,2,diurnal,directional,random,38,1995,20787507,171.64553008821787,222.72746620790957
5,3,30,2,diurnal,directional,random,39,120,20787507,163.68130902308292,221.54463629856372
5,3,30,2,diurnal,directional,random,40,366,20787507,186.869015625388,261.93132672905176
5,3,30,2,diurnal,directional,random,41,1597,20787507,168.5447065418893,226.5447065418893
5,3,30,2,diurnal,directional,random,42,955,20787507,187.96871697999308,227.4923286622709
5,3,30,2,diurnal,directional,random,43,2983,20787507,141.72932357401197,201.17705177937344
5,3,30,2,diurnal,directional,random,44,972,20787507,162.87254166413126,229.53928688313266
5,3,30,2,diurnal,directional,random,45,2138,20787507,168.12830475323233,264.50814669825314
5,3,30,2,diurnal,directional,random,46,573,20787507,161.795611969957,219.69320964940974
5,3,30,2,diurnal,directional,random,47,236,20787507,155.69320964940974,183.69320964940974
5,3,30,2,diurnal,directional,random,48,1472,20787507,203.35008726915942,289.3500872691594
5,3,30,2,diurnal,directional,random,49,19,20787507,149.07072163195812,199.89941383423422
5,3,30,2,diurnal,directional,random,50,2699,20787507,172.45131328362595,224.53169883226212
5,3,30,2,diurnal,directional,random,51,640,20787507,136.01327197979603,177.71550868849204
5,3,30,2,diurnal,directional,random,52,230,20787507,139.75599661541688,223.75599661541688
5,3,30,2,diurnal,directional,random,53,2997,20787507,174.59855033456873,268.7078496522754
5,3,30,2,diurnal,directional,random,54,2314,20787507,126.27018911914988,160.84718875712147
5,3,30,2,diurnal,directional,random,55,2306,20787507,151.67853115288588,231.67853115288588
5,3,30,2,diurnal,directional,random,56,1399,20787507,139.37472410426827,198.70893480545433
5,3,30,2,diurnal,directional,random,57,471,20787507,148.05232858347955,208.50814669825314
5,3,30,2,diurnal,directional,random,58,578,20787507,160.8406924740076,239.8406924740076
5,3,30,2,diurnal,directional,random,59,1794,20787507,171.0329494312971,223.0329494312971
5,3,30,2,diurnal,directional,random,60,83,20787507,145.2155215473903,190.65325640450908
5,3,30,2,diurnal,directional,random,61,1704,20787507,156.07296519823984,197.07296519823984
5,3,30,2,diurnal,directional,random,62,667,20787507,131.6600265336167,179.6600265336167
5,3,30,2,diurnal,directional,random,63,1395,20787507,166.48209332817686,256.48209332817686
5,3,30,2,diurnal,directional,random,64,2437,20787507,175.2245974040544,216.45065810903574
5,3,30,2,diurnal,directional,random,65,1346,20787507,149.5447065418893,180.97769353038262
5,3,30,2,diurnal,directional,random,66,669,20787507,159.89288355088053,193.89288355088053
5,3,30,2,diurnal,directional,random,67,763,20787507,166.13274399771268,186.58925641551275
5,3,30,2,diurnal,directional,random,68,562,20787507,124.4587589270157,148.4587589270157
5,3,30,2,diurnal,directional,random,69,2010,20787507,200.23971700062674,312.73752820288297
5,3,30,2,diurnal,directional,random,70,566,20787507,150.34125069429112,192.89926172312778
5,3,30,2,diurnal,directional,random,71,2833,20787507,161.21501767996244,207.6600265336167
5,3,30,2,diurnal,directional,random,72,1789,20787507,173.7120442742313,223.7120442742313
5,3,30,2,diurnal,directional,random,73,1676,20787507,150.12841370647482,182.12841370647482
5,3,30,2,diurnal,directional,random,74,1457,20787507,132.58272862398377,214.07663058129384
5,3,30,2,diurnal,directional,random,75,2326,20787507,159.71777959580515,211.89862651065715
5,3,30,2,diurnal,directional,random,76,2967,20787507,193.53928688313266,248.63344071505978
5,3,30,2,diurnal,directional,random,77,2249,20787507,177.90781032371194,274.90781032371194
5,3,30,2,diurnal,directional,random,78,2934,20787507,156.72932357401197,194.72932357401197
5,3,30,2,diurnal,directional,random,79,1295,20787507,142.28568264634873,191.34125069429112
5,3,30,2,diurnal,directional,random,80,787,20787507,175.72746620790957,256.3612013794997
5,3,30,2,diurnal,directional,random,81,1150,20787507,147.96893370973518,202.96893370973518
5,3,30,2,diurnal,directional,random,82,1126,20787507,165.65941689619518,234.2155215473903
5,3,30,2,diurnal,directional,random,83,962,20787507,176.0329494312971,298.0329494312971
5,3,30,2,diurnal,directional,random,84,2725,20787507,158.31938212413417,209.96913810001809
5,3,30,2,diurnal,directional,random,85,2963,20787507,142.0561814245958,163.29552104668667
5,3,30,2,diurnal,directional,random,86,2955,20787507,149.07663058129384,198.07663058129384
5,3,30,2,diurnal,directional,random,87,2709,20787507,148.11728869569168,208.50111405789596
5,3,30,2,diurnal,directional,random,88,2210,20787507,201.1409954588285,271.1409954588285
5,3,30,2,diurnal,directional,random,89,389,20787507,159.51623947113436,186.3443014130899
5,3,30,2,diurnal,directional,random,90,287,20787507,162.10620326459593,209.02928794755042
5,3,30,2,diurnal,directional,random,91,2127,20787507,170.57446499457802,251.45233252884702
5,3,30,2,diurnal,directional,random,92,2281,20787507,181.3501773366782,226.62396846810742
5,3,30,2,diurnal,directional,random,93,579,20787507,160.6552085145335,231.6552085145335
5,3,30,2,diurnal,directional,random,94,1499,20787507,152.15040464030375,208.15040464030375
5,3,30,2,diurnal,directional,random,95,2136,20787507,166.42272159573855,198.42272159573855
5,3,30,2,diurnal,directional,random,96,2610,20787507,189.580762770513,285.580762770513
5,3,30,2,diurnal,directional,random,97,1516,20787507,157.57047073080702,221.48825503576268
5,3,30,2,diurnal,directional,random,98,995,20787507,149.83337273389603,201.83337273389603
5,3,30,2,diurnal,directional,random,99,2963,20787507,142.0561814245958,163.29552104668667
5,3,30,2,diurnal,directional,random,100,371,20787507,165.45335259778267,262.45335259778267
5,3,30,2,diurnal,directional,random,101,2030,20787507,174.3195872482732,277.1247753963455
5,3,30,2,diurnal,directional,random,102,2144,20787507,154.34937788205644,220.3762247521834
5,3,30,2,diurnal,directional,random,103,812,20787507,142.38288673905475,183.70200067557417
5,3,30,2,diurnal,directional,random,104,2922,20787507,141.55168351946313,193.55168351946313
5,3,30,2,diurnal,directional,random,105,1110,20787507,207.80344477789674,272.6049863013985
5,3,30,2,diurnal,directional,random,106,55,20787507,143.23971700062674,162.23971700062674
5,3,30,2,diurnal,directional,random,107,2959,20787507,156.23971700062674,219.62771987886677
5,3,30,2,diurnal,directional,random,108,1132,20787507,195.80087060312388,248.80087060312388
5,3,30,2,diurnal,directional,random,109,2090,20787507,141.7434704971464,188.59855033456873
5,3,30,2,diurnal,directional,random,110,1705,20787507,127.52738124842953,182.52738124842955
5,3,30,2,diurnal,directional,random,111,1496,20787507,187.49051428491808,238.470244355671
5,3,30,2,diurnal,directional,random,112,2405,20787507,199.54463629856372,288.5446362985637
5,3,30,2,diurnal,directional,random,113,1877,20787507,141.57446499457802,202.37024684898682
5,3,30,2,diurnal,directional,random,114,900,20787507,170.67853115288588,226.7048337207139
5,3,30,2,diurnal,directional,random,115,2323,20787507,159.3195872482732,196.85209713022223
5,3,30,2,diurnal,directional,random,116,2661,20787507,155.08361775888386,188.20662009349712
5,3,30,2,diurnal,directional,random,117,1218,20787507,153.854730424271,189.38342066305384
5,3,30,2,diurnal,directional,random,118,1541,20787507,170.08854653087653,270.08854653087656
5,3,30,2,diurnal,directional,random,119,2143,20787507,148.33976665281185,205.33976665281185
5,3,30,2,diurnal,directional,random,120,166,20787507,153.6848204921124,223.6848204921124
5,3,30,2,diurnal,directional,random,121,896,20787507,182.2464559325237,246.2464559325237
5,3,30,2,diurnal,directional,random,122,2500,20787507,155.70190448954102,196.00306914412772
5,3,30,2,diurnal,directional,random,123,959,20787507,140.14510288590955,214.14510288590955
5,3,30,2,diurnal,directional,random,124,933,20787507,144.42629136029046,222.719878972474
5,3,30,2,diurnal,directional,random,125,1663,20787507,178.05232858347955,243.06276272607187
5,3,30,2,diurnal,directional,random,126,317,20787507,155.01327197979603,216.01327197979603
5,3,30,2,diurnal,directional,random,127,2366,20787507,159.30225625672722,224.30225625672722
5,3,30,2,diurnal,directional,random,128,2585,20787507,165.86057605285214,226.86057605285214
5,3,30,2,diurnal,directional,random,129,861,20787507,144.97192319333925,163.2986165974238
5,3,30,2,diurnal,directional,random,130,2940,20787507,160.70031899443006,227.42629136029046
5,3,30,2,diurnal,directional,random,131,2903,20787507,170.18157353028158,211.11728869569168
5,3,30,2,diurnal,directional,random,132,2759,20787507,167.89611646660987,257.8961164666099
5,3,30,2,diurnal,directional,random,133,1806,20787507,153.31561496219902,243.11786265001746
5,3,30,2,diurnal,directional,random,134,2350,20787507,152.28568264634873,232.4528916796011
5,3,30,2,diurnal,directional,random,135,86,20787507,150.35434837203266,198.51623947113436
5,3,30,2,diurnal,directional,random,136,1308,20787507,158.97487389910026,224.97487389910026
5,3,30,2,diurnal,directional,random,137,1051,20787507,134.4607305756404,214.4607305756404
5,3,30,2,diurnal,directional,random,138,2829,20787507,157.8406924740076,240.5364594438111
5,3,30,2,diurnal,directional,random,139,1720,20787507,136.09241620287895,203.854730424271
5,3,30,2,diurnal,directional,random,140,163,20787507,155.02625158845805,218.97525475037912
5,3,30,2,diurnal,directional,random,141,1549,20787507,178.01391275230577,214.01391275230577
5,3,30,2,diurnal,directional,random,142,2433,20787507,155.54463629856372,224.54463629856372
5,3,30,2,diurnal,directional,random,143,317,20787507,155.01327197979603,216.01327197979603
5,3,30,2,diurnal,directional,random,144,996,20787507,152.2095080940685,204.97205653707636
5,3,30,2,diurnal,directional,random,145,606,20787507,151.73296465218726,200.12841174012135
5,3,30,2,diurnal,directional,random,146,255,20787507,156.50032393279685,188.50032393279685
5,3,30,2,diurnal,directional,random,147,676,20787507,163.50566181277316,225.8072475243184
5,3,30,2,diurnal,directional,random,148,1118,20787507,200.2100053799575,227.2100053799575
5,3,30,2,diurnal,directional,random,149,2779,20787507,171.41523727478096,237.34125069429112
5,3,30,2,diurnal,directional,random,150,2138,20787507,168.12830475323233,264.50814669825314
5,3,30,2,diurnal,directional,random,151,2780,20787507,145.57883444779304,203.0234115064277
5,3,30,2,diurnal,directional,random,152,111,20787507,149.37472410426827,203.05541229740118
5,3,30,2,diurnal,directional,random,153,858,20787507,156.3277810424329,231.74068211971627
5,3,30,2,diurnal,directional,random,154,1912,20787507,144.00813580521378,191.96893370973518
5,3,30,2,diurnal,directional,random,155,1340,20787507,162.11857772712926,269.11857772712926
5,3,30,2,diurnal,directional,random,156,1019,20787507,156.94962460866026,201.86780228891996
5,3,30,2,diurnal,directional,random,157,549,20787507,168.53295801674392,248.53295801674392
5,3,30,2,diurnal,directional,random,158,497,20787507,165.56066558523656,248.22907033210055
5,3,30,2,diurnal,directional,random,159,418,20787507,139.74667467255526,219.3612013794997
5,3,30,2,diurnal,directional,random,160,569,20787507,185.60498630139853,242.60498630139853
5,3,30,2,diurnal,directional,random,161,2263,20787507,152.97619508125356,210.97619508125356
5,3,30,2,diurnal,directional,random,162,246,20787507,150.42629136029046,209.7078496522754
5,3,30,2,diurnal,directional,random,163,2365,20787507,152.0326689284517,241.0326689284517
5,3,30,2,diurnal,directional,random,164,2237,20787507,151.01036185449735,192.9755135756309
5,3,30,2,diurnal,directional,random,165,2974,20787507,163.3929189262734,212.3929189262734
5,3,30,2,diurnal,directional,random,166,357,20787507,124.38272005947285,168.86935786495908
5,3,30,2,diurnal,directional,random,167,1853,20787507,151.6313135486263,190.947222829958
5,3,30,2,diurnal,directional,random,168,579,20787507,160.6552085145335,231.6552085145335
5,3,30,2,diurnal,directional,random,169,1846,20787507,172.7722218032132,201.19841590422686
5,3,30,2,diurnal,directional,random,170,2642,20787507,173.1219812499084,257.8291193106097
5,3,30,2,diurnal,directional,random,171,162,20787507,150.34937788205644,206.34937788205644
5,3,30,2,diurnal,directional,random,172,1967,20787507,182.8307456531504,243.86780228891996
5,3,30,2,diurnal,directional,random,173,941,20787507,171.71402361337005,228.97742308104898
5,3,30,2,diurnal,directional,random,174,743,20787507,179.67668548751774,170.25016845903855
5,3,30,2,diurnal,directional,random,175,2881,20787507,161.12477539634554,206.39257005661094
5,3,30,2,diurnal,directional,random,176,855,20787507,149.37024684898682,226.93038389730089
5,3,30,2,diurnal,directional,random,177,2516,20787507,180.29552104668667,262.71651008517756
5,3,30,2,diurnal,directional,random,178,287,20787507,162.10620326459593,209.02928794755042
5,3,30,2,diurnal,directional,random,179,2678,20787507,150.34937788205644,200.97487389910026
5,3,30,2,diurnal,directional,random,180,2094,20787507,178.62771987886677,235.40432745053903
5,3,30,2,diurnal,directional,random,181,356,20787507,160.85209713022223,214.96893370973518
5,3,30,2,diurnal,directional,random,182,484,20787507,156.4376410157019,217.90781032371194
5,3,30,2,diurnal,directional,random,183,2713,20787507,176.8295404720929,256.0326689284517
5,3,30,2,diurnal,directional,random,184,1236,20787507,145.07663058129384,173.63344071505978
5,3,30,2,diurnal,directional,random,185,86,20787507,150.35434837203266,198.51623947113436
5,3,30,2,diurnal,directional,random,186,45,20787507,155.23304193049077,264.3397666528118
5,3,30,2,diurnal,directional,random,187,1239,20787507,121.53295801674393,161.7434704971464
5,3,30,2,diurnal,directional,random,188,1861,20787507,161.99588631285377,237.74214057615288
5,3,30,2,diurnal,directional,random,189,2748,20787507,148.8295404720929,224.8295404720929
5,3,30,2,diurnal,directional,random,190,71,20787507,169.2155215473903,235.2155215473903
5,3,30,2,diurnal,directional,random,191,2733,20787507,145.62396846810742,191.62396846810742
5,3,30,2,diurnal,directional,random,192,1298,20787507,190.27576958342678,262.2757695834268
5,3,30,2,diurnal,directional,random,193,1693,20787507,149.98429609026587,203.98429609026587
5,3,30,2,diurnal,directional,random,194,1594,20787507,160.8072475243184,213.15040464030375
5,3,30,2,diurnal,directional,random,195,1337,20787507,149.45233252884702,194.45233252884702
5,3,30,2,diurnal,directional,random,196,1101,20787507,190.89862651065715,220.89862651065715
5,3,30,2,diurnal,directional,random,197,2055,20787507,163.09211660349055,237.5447065418893
5,3,30,2,diurnal,directional,random,198,374,20787507,165.27009206612857,199.25016845903855
5,3,30,2,diurnal,directional,random,199,2495,20787507,148.60498630139853,236.4160922682836
5,3,30,2,diurnal,directional,HC_HI,0,581,20787507,150.63382848410671,178.63382848410671
5,3,30,2,diurnal,directional,HC_HI,1,1824,20787507,160.15401035782736,270.1409954588285
5,3,30,2,diurnal,directional,HC_HI,2,1044,20787507,160.90805072921373,251.90805072921373
5,3,30,2,diurnal,directional,HC_HI,3,97,20787507,124.09211660349055,180.80767927920505
5,3,30,2,diurnal,directional,HC_HI,4,1841,20787507,178.06715875841957,263.06715875841957
5,3,30,2,diurnal,directional,HC_HI,5,2462,20787507,187.470244355671,250.470244355671
5,3,30,2,diurnal,directional,HC_HI,6,1210,20787507,194.0326689284517,265.0326689284517
5,3,30,2,diurnal,directional,HC_HI,7,1045,20787507,126.02189976014765,188.02189976014765
5,3,30,2,diurnal,directional,HC_HI,8,732,20787507,161.60836238595917,187.64941892916923
5,3,30,2,diurnal,directional,HC_HI,9,419,20787507,122.74124329952811,194.10818456895737
5,3,30,2,diurnal,directional,HC_HI,10,1052,20787507,134.89862651065715,180.7896656833528
5,3,30,2,diurnal,directional,HC_HI,11,236,20787507,155.69320964940974,183.69320964940974
5,3,30,2,diurnal,directional,HC_HI,12,2381,20787507,209.97742308104898,312.977423081049
5,3,30,2,diurnal,directional,HC_HI,13,110,20787507,147.81512962258384,214.84652224593503
5,3,30,2,diurnal,directional,HC_HI,14,59,20787507,178.10006175150482,283.1000617515048
5,3,30,2,diurnal,directional,HC_HI,15,2084,20787507,210.26607226009241,279.2660722600924
5,3,30,2,diurnal,directional,HC_HI,16,1544,20787507,195.38272005947283,313.5250117108162
5,3,30,2,diurnal,directional,HC_HI,17,1398,20787507,165.26754255628828,228.07250170205458
5,3,30,2,diurnal,directional,HC_HI,18,1051,20787507,134.4607305756404,214.4607305756404
5,3,30,2,diurnal,directional,HC_HI,19,307,20787507,138.8355666084073,188.48209332817686
5,3,30,2,diurnal,directional,HC_HI,20,766,20787507,161.2100053799575,230.2100053799575
5,3,30,2,diurnal,directional,HC_HI,21,2028,20787507,147.56234173042856,205.56234173042856
5,3,30,2,diurnal,directional,HC_HI,22,1491,20787507,199.84138205074484,296.89660432214896
5,3,30,2,diurnal,directional,HC_HI,23,2424,20787507,157.64377044103622,197.64377044103622
5,3,30,2,diurnal,directional,HC_HI,24,2330,20787507,153.74214057615288,202.74214057615288
5,3,30,2,diurnal,directional,HC_HI,25,1647,20787507,170.8406924740076,246.53295801674392
5,3,30,2,diurnal,directional,HC_HI,26,2996,20787507,181.81512962258384,228.22180906430154
5,3,30,2,diurnal,directional,HC_HI,27,2606,20787507,143.92217836358444,222.92217836358444
5,3,30,2,diurnal,directional,HC_HI,28,1888,20787507,152.8863237144937,206.15857198646904
5,3,30,2,diurnal,directional,HC_HI,29,903,20787507,209.2986165974238,247.8353080500307
5,3,30,2,diurnal,directional,HC_HI,30,1304,20787507,184.1198535755591,253.1198535755591
5,3,30,2,diurnal,directional,HC_HI,31,2656,20787507,168.74666422830393,237.11786265001746
5,3,30,2,diurnal,directional,HC_HI,32,735,20787507,156.68090578108186,199.68090578108186
5,3,30,2,diurnal,directional,HC_HI,33,497,20787507,165.56066558523656,248.22907033210055
5,3,30,2,diurnal,directional,HC_HI,34,1260,20787507,169.92062404666223,228.92062404666223
5,3,30,2,diurnal,directional,HC_HI,35,744,20787507,182.01327197979603,283.01327197979606
5,3,30,2,diurnal,directional,HC_HI,36,2665,20787507,190.48474853663595,245.24030256722875
5,3,30,2,diurnal,directional,HC_HI,37,56,20787507,144.18869507106876,180.64864443045846
5,3,30,2,diurnal,directional,HC_HI,38,1533,20787507,191.09211660349055,259.0921166034906
5,3,30,2,diurnal,directional,HC_HI,39,2036,20787507,152.91447793982218,196.91447793982218
5,3,30,2,diurnal,directional,HC_HI,40,1206,20787507,153.48252149524595,206.48252149524595
5,3,30,2,diurnal,directional,HC_HI,41,622,20787507,130.01822901164377,163.45065810903574
5,3,30,2,diurnal,directional,HC_HI,42,1562,20787507,122.47109088403865,180.01822901164377
5,3,30,2,diurnal,directional,HC_HI,43,1927,20787507,158.26859216813455,216.26859216813455
5,3,30,2,diurnal,directional,HC_HI,44,1206,20787507,153.48252149524595,206.48252149524595
5,3,30,2,diurnal,directional,HC_HI,45,1017,20787507,126.52824363395656,172.19446857309728
5,3,30,2,diurnal,directional,HC_HI,46,1051,20787507,134.4607305756404,214.4607305756404
5,3,30,2,diurnal,directional,HC_HI,47,123,20787507,151.27576958342678,199.56234173042856
5,3,30,2,diurnal,directional,HC_HI,48,2448,20787507,132.25889559284997,166.68077973743624
5,3,30,2,diurnal,directional,HC_HI,49,1612,20787507,148.96893370973518,207.74666422830393
5,3,30,2,diurnal,directional,HC_HI,50,2378,20787507,176.01019051115676,298.7078496522754
5,3,30,2,diurnal,directional,HC_HI,51,1051,20787507,134.4607305756404,214.4607305756404
5,3,30,2,diurnal,directional,HC_HI,52,1051,20787507,134.4607305756404,214.4607305756404
5,3,30,2,diurnal,directional,HC_HI,53,2395,20787507,197.97487389910026,290.41516880718893
5,3,30,2,diurnal,directional,HC_HI,54,663,20787507,149.06715875841957,266.8863237144937
5,3,30,2,diurnal,directional,HC_HI,55,238,20787507,133.284987348318,198.3929189262734
5,3,30,2,diurnal,directional,HC_HI,56,2803,20787507,128.0326689284517,160.71777959580515
5,3,30,2,diurnal,directional,HC_HI,57,607,20787507,149.12841174012135,177.25889559284997
5,3,30,2,diurnal,directional,HC_HI,58,1759,20787507,157.76700229756625,218.74666422830393
5,3,30,2,diurnal,directional,HC_HI,59,74,20787507,142.71826271501797,219.71826271501797
5,3,30,2,diurnal,directional,HC_HI,60,419,20787507,122.74124329952811,194.10818456895737
5,3,30,2,diurnal,directional,HC_HI,61,2803,20787507,128.0326689284517,160.71777959580515
5,3,30,2,diurnal,directional,HC_HI,62,1594,20787507,160.8072475243184,213.15040464030375
5,3,30,2,diurnal,directional,HC_HI,63,1796,20787507,146.06348260346016,168.85613179383344
5,3,30,2,diurnal,directional,HC_HI,64,117,20787507,184.87998689073726,236.580762770513
5,3,30,2,diurnal,directional,HC_HI,65,2697,20787507,159.18612143382776,238.2100053799575
5,3,30,2,diurnal,directional,HC_HI,66,2224,20787507,153.93824801851662,217.93824801851662
5,3,30,2,diurnal,directional,HC_HI,67,361,20787507,168.45131328362595,191.30405507309652
5,3,30,2,diurnal,directional,HC_HI,68,1219,20787507,159.89393232918692,211.89393232918692
5,3,30,2,diurnal,directional,HC_HI,69,1195,20787507,141.23304193049077,158.27100659268564
5,3,30,2,diurnal,directional,HC_HI,70,2121,20787507,192.71808091947497,270.21000537995747
5,3,30,2,diurnal,directional,HC_HI,71,1401,20787507,170.68090578108186,238.68090578108186
5,3,30,2,diurnal,directional,HC_HI,72,1450,20787507,124.64941892916923,158.64941892916923
5,3,30,2,diurnal,directional,HC_HI,73,2036,20787507,152.91447793982218,196.91447793982218
5,3,30,2,diurnal,directional,HC_HI,74,2871,20787507,169.25164927296868,231.01136123429393
5,3,30,2,diurnal,directional,HC_HI,75,1927,20787507,158.26859216813455,216.26859216813455
5,3,30,2,diurnal,directional,HC_HI,76,2815,20787507,146.11581689476458,203.05541229740118
5,3,30,2,diurnal,directional,HC_HI,77,307,20787507,138.8355666084073,188.48209332817686
5,3,30,2,diurnal,directional,HC_HI,78,578,20787507,160.8406924740076,239.8406924740076
5,3,30,2,diurnal,directional,HC_HI,79,2395,20787507,197.97487389910026,290.41516880718893
5,3,30,2,diurnal,directional,HC_HI,80,2976,20787507,200.7895238790752,282.570470730807
5,3,30,2,diurnal,directional,HC_HI,81,1810,20787507,179.24098544003607,238.23168084926306
5,3,30,2,diurnal,directional,HC_HI,82,1544,20787507,195.38272005947283,313.5250117108162
5,3,30,2,diurnal,directional,HC_HI,83,1927,20787507,158.26859216813455,216.26859216813455
5,3,30,2,diurnal,directional,HC_HI,84,2165,20787507,172.8435149900679,279.1914726206945
5,3,30,2,diurnal,directional,HC_HI,85,56,20787507,144.18869507106876,180.64864443045846
5,3,30,2,diurnal,directional,HC_HI,86,2482,20787507,133.53169883226212,186.51942670862692
5,3,30,2,diurnal,directional,HC_HI,87,2581,20787507,144.93038389730089,179.93038389730089
5,3,30,2,diurnal,directional,HC_HI,88,732,20787507,161.60836238595917,187.64941892916923
5,3,30,2,diurnal,directional,HC_HI,89,2877,20787507,191.54613786036236,228.37472410426827
5,3,30,2,diurnal,directional,HC_HI,90,2172,20787507,185.42272159573855,242.42272159573855
5,3,30,2,diurnal,directional,HC_HI,91,2563,20787507,119.27367569778968,127.41016697116737
5,3,30,2,diurnal,directional,HC_HI,92,1626,20787507,127.49607374417799,165.23722924068232
5,3,30,2,diurnal,directional,HC_HI,93,2764,20787507,166.13307811340752,238.76700229756625
5,3,30,2,diurnal,directional,HC_HI,94,2526,20787507,174.48209332817686,239.96913810001809
5,3,30,2,diurnal,directional,HC_HI,95,2395,20787507,197.97487389910026,290.41516880718893
5,3,30,2,diurnal,directional,HC_HI,96,1690,20787507,150.144626803012,193.49662002019335
5,3,30,2,diurnal,directional,HC_HI,97,903,20787507,209.2986165974238,247.8353080500307
5,3,30,2,diurnal,directional,HC_HI,98,1026,20787507,142.61954859864554,200.48795961858508
5,3,30,2,diurnal,directional,HC_HI,99,123,20787507,151.27576958342678,199.56234173042856
5,3,30,2,diurnal,directional,HC_HI,100,2697,20787507,159.18612143382776,238.2100053799575
5,3,30,2,diurnal,directional,HC_HI,101,1826,20787507,195.63815009661943,323.85129145767723
5,3,30,2,diurnal,directional,HC_HI,102,1434,20787507,173.48825503576268,255.48825503576268
5,3,30,2,diurnal,directional,HC_HI,103,1719,20787507,162.99998655361742,254.2532584817488
5,3,30,2,diurnal,directional,HC_HI,104,183,20787507,185.68090578108186,247.88887654450326
5,3,30,2,diurnal,directional,HC_HI,105,2012,20787507,186.64563153072854,241.14510288590955
5,3,30,2,diurnal,directional,HC_HI,106,41,20787507,146.4150979266721,205.73752820288297
5,3,30,2,diurnal,directional,HC_HI,107,1676,20787507,150.12841370647482,182.12841370647482
5,3,30,2,diurnal,directional,HC_HI,108,74,20787507,142.71826271501797,219.71826271501797
5,3,30,2,diurnal,directional,HC_HI,109,2553,20787507,139.39257005661094,196.39257005661094
5,3,30,2,diurnal,directional,HC_HI,110,2961,20787507,157.97525475037912,208.46244698783357
5,3,30,2,diurnal,directional,HC_HI,111,56,20787507,144.18869507106876,180.64864443045846
5,3,30,2,diurnal,directional,HC_HI,112,1882,20787507,122.97619508125356,177.60040654469682
5,3,30,2,diurnal,directional,HC_HI,113,279,20787507,189.41523727478096,246.41523727478096
5,3,30,2,diurnal,directional,HC_HI,114,2519,20787507,131.51623947113436,193.4923286622709
5,3,30,2,diurnal,directional,HC_HI,115,1005,20787507,141.65941689619518,195.65941689619518
5,3,30,2,diurnal,directional,HC_HI,116,2768,20787507,147.41477986224243,185.7262725376442
5,3,30,2,diurnal,directional,HC_HI,117,1494,20787507,148.8846583915372,210.41413609079518
5,3,30,2,diurnal,directional,HC_HI,118,2330,20787507,153.74214057615288,202.74214057615288
5,3,30,2,diurnal,directional,HC_HI,119,2224,20787507,153.93824801851662,217.93824801851662
5,3,30,2,diurnal,directional,HC_HI,120,2325,20787507,167.24030256722875,218.32966556207447
5,3,30,2,diurnal,directional,HC_HI,121,1045,20787507,126.02189976014765,188.02189976014765
5,3,30,2,diurnal,directional,HC_HI,122,2183,20787507,190.5102810390443,264.0921166034906
5,3,30,2,diurnal,directional,HC_HI,123,1824,20787507,160.15401035782736,270.1409954588285
5,3,30,2,diurnal,directional,HC_HI,124,2172,20787507,185.42272159573855,242.42272159573855
5,3,30,2,diurnal,directional,HC_HI,125,2845,20787507,197.63681111932908,294.07296519823984
5,3,30,2,diurnal,directional,HC_HI,126,1918,20787507,197.1219812499084,241.80087060312388
5,3,30,2,diurnal,directional,HC_HI,127,604,20787507,174.53928688313266,227.13886690279793
5,3,30,2,diurnal,directional,HC_HI,128,1198,20787507,149.97543635826298,169.0061982961031
5,3,30,2,diurnal,directional,HC_HI,129,1927,20787507,158.26859216813455,216.26859216813455
5,3,30,2,diurnal,directional,HC_HI,130,2378,20787507,176.01019051115676,298.7078496522754
5,3,30,2,diurnal,directional,HC_HI,131,2510,20787507,184.24098544003607,256.1861214338278
5,3,30,2,diurnal,directional,HC_HI,132,183,20787507,185.68090578108186,247.88887654450326
5,3,30,2,diurnal,directional,HC_HI,133,421,20787507,135.11786265001746,186.11786265001746
5,3,30,2,diurnal,directional,HC_HI,134,1928,20787507,130.61027589977243,177.45051013593326
5,3,30,2,diurnal,directional,HC_HI,135,1464,20787507,193.51623947113436,293.19841590422686
5,3,30,2,diurnal,directional,HC_HI,136,1755,20787507,128.97619508125356,177.57495234186717
5,3,30,2,diurnal,directional,HC_HI,137,1919,20787507,156.31871568407757,191.97487389910026
5,3,30,2,diurnal,directional,HC_HI,138,544,20787507,149.64941892916923,187.64941892916923
5,3,30,2,diurnal,directional,HC_HI,139,1626,20787507,127.49607374417799,165.23722924068232
5,3,30,2,diurnal,directional,HC_HI,140,1422,20787507,151.71942934939239,224.71942934939239
5,3,30,2,diurnal,directional,HC_HI,141,56,20787507,144.18869507106876,180.64864443045846
5,3,30,2,diurnal,directional,HC_HI,142,1219,20787507,159.89393232918692,211.89393232918692
5,3,30,2,diurnal,directional,HC_HI,143,2613,20787507,163.0477342378639,233.81303451542558
5,3,30,2,diurnal,directional,HC_HI,144,1824,20787507,160.15401035782736,270.1409954588285
5,3,30,2,diurnal,directional,HC_HI,145,236,20787507,155.69320964940974,183.69320964940974
5,3,30,2,diurnal,directional,HC_HI,146,841,20787507,196.23971700062674,266.23971700062674
5,3,30,2,diurnal,directional,HC_HI,147,2803,20787507,128.0326689284517,160.71777959580515
5,3,30,2,diurnal,directional,HC_HI,148,94,20787507,142.24067725406866,177.87254166413126
5,3,30,2,diurnal,directional,HC_HI,149,2275,20787507,138.63344071505978,193.63344071505978
5,3,30,2,diurnal,directional,HC_HI,150,2732,20787507,130.52824363395655,217.09476030182537
5,3,30,2,diurnal,directional,HC_HI,151,1690,20787507,150.144626803012,193.49662002019335
5,3,30,2,diurnal,directional,HC_HI,152,57,20787507,168.22180906430154,226.12477539634554
5,3,30,2,diurnal,directional,HC_HI,153,1965,20787507,157.81757216554126,239.81757216554126
5,3,30,2,diurnal,directional,HC_HI,154,1052,20787507,134.89862651065715,180.7896656833528
5,3,30,2,diurnal,directional,HC_HI,155,1605,20787507,163.5435287392245,244.87301639159733
5,3,30,2,diurnal,directional,HC_HI,156,1045,20787507,126.02189976014765,188.02189976014765
5,3,30,2,diurnal,directional,HC_HI,157,1544,20787507,195.38272005947283,313.5250117108162
5,3,30,2,diurnal,directional,HC_HI,158,2973,20787507,156.84098341701196,204.88887654450326
5,3,30,2,diurnal,directional,HC_HI,159,1026,20787507,142.61954859864554,200.48795961858508
5,3,30,2,diurnal,directional,HC_HI,160,735,20787507,156.68090578108186,199.68090578108186
5,3,30,2,diurnal,directional,HC_HI,161,2082,20787507,159.56687130483903,226.7228703864029
5,3,30,2,diurnal,directional,HC_HI,162,982,20787507,158.87729365551434,222.41413609079518
5,3,30,2,diurnal,directional,HC_HI,163,2462,20787507,187.470244355671,250.470244355671
5,3,30,2,diurnal,directional,HC_HI,164,1735,20787507,151.896604322149,178.56989137933175
5,3,30,2,diurnal,directional,HC_HI,165,1154,20787507,156.71402361337005,178.74020690601702
5,3,30,2,diurnal,directional,HC_HI,166,607,20787507,149.12841174012135,177.25889559284997
5,3,30,2,diurnal,directional,HC_HI,167,109,20787507,127.55648552772729,172.5564855277273
5,3,30,2,diurnal,directional,HC_HI,168,74,20787507,142.71826271501797,219.71826271501797
5,3,30,2,diurnal,directional,HC_HI,169,123,20787507,151.27576958342678,199.56234173042856
5,3,30,2,diurnal,directional,HC_HI,170,49,20787507,186.68292581286335,248.1198535755591
5,3,30,2,diurnal,directional,HC_HI,171,1154,20787507,156.71402361337005,178.74020690601702
5,3,30,2,diurnal,directional,HC_HI,172,2397,20787507,136.08854653087653,178.719878972474
5,3,30,2,diurnal,directional,HC_HI,173,2172,20787507,185.42272159573855,242.42272159573855
5,3,30,2,diurnal,directional,HC_HI,174,2768,20787507,147.41477986224243,185.7262725376442
5,3,30,2,diurnal,directional,HC_HI,175,1207,20787507,130.470244355671,183.0477342378639
5,3,30,2,diurnal,directional,HC_HI,176,2845,20787507,197.63681111932908,294.07296519823984
5,3,30,2,diurnal,directional,HC_HI,177,1690,20787507,150.144626803012,193.49662002019335
5,3,30,2,diurnal,directional,HC_HI,178,578,20787507,160.8406924740076,239.8406924740076
5,3,30,2,diurnal,directional,HC_HI,179,2378,20787507,176.01019051115676,298.7078496522754
5,3,30,2,diurnal,directional,HC_HI,180,2794,20787507,178.12830475323233,207.435485575787
5,3,30,2,diurnal,directional,HC_HI,181,1034,20787507,157.2340980599254,255.70893480545433
5,3,30,2,diurnal,directional,HC_HI,182,2877,20787507,191.54613786036236,228.37472410426827
5,3,30,2,diurnal,directional,HC_HI,183,1735,20787507,151.896604322149,178.56989137933175
5,3,30,2,diurnal,directional,HC_HI,184,1723,20787507,143.30405507309652,181.30405507309652
5,3,30,2,diurnal,directional,HC_HI,185,1005,20787507,141.65941689619518,195.65941689619518
5,3,30,2,diurnal,directional,HC_HI,186,2606,20787507,143.92217836358444,222.92217836358444
5,3,30,2,diurnal,directional,HC_HI,187,1755,20787507,128.97619508125356,177.57495234186717
5,3,30,2,diurnal,directional,HC_HI,188,2424,20787507,157.64377044103622,197.64377044103622
5,3,30,2,diurnal,directional,HC_HI,189,607,20787507,149.12841174012135,177.25889559284997
5,3,30,2,diurnal,directional,HC_HI,190,1612,20787507,148.96893370973518,207.74666422830393
5,3,30,2,diurnal,directional,HC_HI,191,2381,20787507,209.97742308104898,312.977423081049
5,3,30,2,diurnal,directional,HC_HI,192,2968,20787507,142.2565042883038,196.6600265336167
5,3,30,2,diurnal,directional,HC_HI,193,1195,20787507,141.23304193049077,158.27100659268564
5,3,30,2,diurnal,directional,HC_HI,194,262,20787507,145.01327197979603,183.01327197979603
5,3,30,2,diurnal,directional,HC_HI,195,2768,20787507,147.41477986224243,185.7262725376442
5,3,30,2,diurnal,directional,HC_HI,196,1215,20787507,158.62452459196467,224.62452459196467
5,3,30,2,diurnal,directional,HC_HI,197,1198,20787507,149.97543635826298,169.0061982961031
5,3,30,2,diurnal,directional,HC_HI,198,717,20787507,133.71826271501797,184.2155215473903
5,3,30,2,diurnal,directional,HC_HI,199,1295,20787507,142.28568264634873,191.34125069429112
5,3,30,2,diurnal,directional,HC_LI,0,2055,20787507,163.09211660349055,237.5447065418893
5,3,30,2,diurnal,directional,HC_LI,1,1087,20787507,169.7487611063204,246.22180906430154
5,3,30,2,diurnal,directional,HC_LI,2,2393,20787507,144.74667467255526,224.45131328362595
5,3,30,2,diurnal,directional,HC_LI,3,2288,20787507,169.63681111932908,210.8509970524648
5,3,30,2,diurnal,directional,HC_LI,4,2139,20787507,180.60836238595917,261.23971700062674
5,3,30,2,diurnal,directional,HC_LI,5,164,20787507,163.98429609026587,218.98429609026587
5,3,30,2,diurnal,directional,HC_LI,6,1777,20787507,148.09476030182537,196.97487389910026
5,3,30,2,diurnal,directional,HC_LI,7,2461,20787507,158.86054052211819,259.87998689073726
5,3,30,2,diurnal,directional,HC_LI,8,550,20787507,162.24030256722875,231.24030256722875
5,3,30,2,diurnal,directional,HC_LI,9,1546,20787507,184.79280149884357,248.79280149884357
5,3,30,2,diurnal,directional,HC_LI,10,2196,20787507,149.6600265336167,218.53881219859107
5,3,30,2,diurnal,directional,HC_LI,11,405,20787507,144.22180906430154,200.22180906430154
5,3,30,2,diurnal,directional,HC_LI,12,806,20787507,185.4320136605661,254.24495686024628
5,3,30,2,diurnal,directional,HC_LI,13,2138,20787507,168.12830475323233,264.50814669825314
5,3,30,2,diurnal,directional,HC_LI,14,1188,20787507,146.13886690279793,192.04544963461512
5,3,30,2,diurnal,directional,HC_LI,15,457,20787507,150.23722924068232,217.00813580521378
5,3,30,2,diurnal,directional,HC_LI,16,2144,20787507,154.34937788205644,220.3762247521834
5,3,30,2,diurnal,directional,HC_LI,17,1220,20787507,170.81303451542558,228.13886690279793
5,3,30,2,diurnal,directional,HC_LI,18,1413,20787507,145.32566901074523,215.32566901074523
5,3,30,2,diurnal,directional,HC_LI,19,2744,20787507,157.8291193106097,242.8291193106097
5,3,30,2,diurnal,directional,HC_LI,20,540,20787507,153.5762762753937,232.68130902308292
5,3,30,2,diurnal,directional,HC_LI,21,752,20787507,163.40410859737338,226.40410859737338
5,3,30,2,diurnal,directional,HC_LI,22,1087,20787507,169.7487611063204,246.22180906430154
5,3,30,2,diurnal,directional,HC_LI,23,104,20787507,167.41666378185934,208.37472410426827
5,3,30,2,diurnal,directional,HC_LI,24,1473,20787507,165.57446499457802,202.57446499457802
5,3,30,2,diurnal,directional,HC_LI,25,2894,20787507,159.4151688071889,226.4151688071889
5,3,30,2,diurnal,directional,HC_LI,26,2055,20787507,163.09211660349055,237.5447065418893
5,3,30,2,diurnal,directional,HC_LI,27,1962,20787507,172.10818456895737,207.0047012057483
5,3,30,2,diurnal,directional,HC_LI,28,1416,20787507,154.83337273389603,232.57495234186717
5,3,30,2,diurnal,directional,HC_LI,29,2512,20787507,186.26607226009241,245.13007196766642
5,3,30,2,diurnal,directional,HC_LI,30,2045,20787507,173.719878972474,214.719878972474
5,3,30,2,diurnal,directional,HC_LI,31,1111,20787507,179.275841549336,211.12830475323233
5,3,30,2,diurnal,directional,HC_LI,32,1627,20787507,172.4941618151514,257.4941618151514
5,3,30,2,diurnal,directional,HC_LI,33,1261,20787507,154.20662009349712,236.20662009349712
5,3,30,2,diurnal,directional,HC_LI,34,2345,20787507,152.2791302546587,191.2791302546587
5,3,30,2,diurnal,directional,HC_LI,35,2425,20787507,180.3612013794997,234.3612013794997
5,3,30,2,diurnal,directional,HC_LI,36,2582,20787507,165.71826271501797,264.718262715018
5,3,30,2,diurnal,directional,HC_LI,37,2861,20787507,161.50814669825314,216.23722924068232
5,3,30,2,diurnal,directional,HC_LI,38,1502,20787507,140.048292557127,205.048292557127
5,3,30,2,diurnal,directional,HC_LI,39,2232,20787507,169.08361775888386,236.08361775888386
5,3,30,2,diurnal,directional,HC_LI,40,2599,20787507,146.9315822407843,218.9315822407843
5,3,30,2,diurnal,directional,HC_LI,41,550,20787507,162.24030256722875,231.24030256722875
5,3,30,2,diurnal,directional,HC_LI,42,1108,20787507,142.9798220826812,209.0626984584695
5,3,30,2,diurnal,directional,HC_LI,43,1169,20787507,146.16553193553483,197.9755135756309
5,3,30,2,diurnal,directional,HC_LI,44,115,20787507,187.45538281318056,191.71826271501797
5,3,30,2,diurnal,directional,HC_LI,45,515,20787507,143.74214057615288,206.74214057615288
5,3,30,2,diurnal,directional,HC_LI,46,1895,20787507,162.38272005947283,196.38272005947283
5,3,30,2,diurnal,directional,HC_LI,47,126,20787507,176.19446857309728,256.1944685730973
5,3,30,2,diurnal,directional,HC_LI,48,561,20787507,154.4151688071889,196.7895238790752
5,3,30,2,diurnal,directional,HC_LI,49,2894,20787507,159.4151688071889,226.4151688071889
5,3,30,2,diurnal,directional,HC_LI,50,1895,20787507,162.38272005947283,196.38272005947283
5,3,30,2,diurnal,directional,HC_LI,51,970,20787507,170.11581689476458,205.73752820288297
5,3,30,2,diurnal,directional,HC_LI,52,1089,20787507,149.98184101572247,182.23971700062674
5,3,30,2,diurnal,directional,HC_LI,53,1578,20787507,176.42642298252917,254.42642298252917
5,3,30,2,diurnal,directional,HC_LI,54,711,20787507,142.05748590487997,194.3660320001112
5,3,30,2,diurnal,directional,HC_LI,55,2589,20787507,169.34937788205644,222.11786265001746
5,3,30,2,diurnal,directional,HC_LI,56,104,20787507,167.41666378185934,208.37472410426827
5,3,30,2,diurnal,directional,HC_LI,57,2161,20787507,169.87729365551434,206.87729365551434
5,3,30,2,diurnal,directional,HC_LI,58,1279,20787507,160.06276272607187,226.55784952986892
5,3,30,2,diurnal,directional,HC_LI,59,2620,20787507,134.78200962700666,190.78200962700666
5,3,30,2,diurnal,directional,HC_LI,60,2761,20787507,178.7240319425747,203.55168351946313
5,3,30,2,diurnal,directional,HC_LI,61,248,20787507,161.6192734201246,237.37472410426827
5,3,30,2,diurnal,directional,HC_LI,62,2761,20787507,178.7240319425747,203.55168351946313
5,3,30,2,diurnal,directional,HC_LI,63,155,20787507,125.84351499006787,195.94962460866026
5,3,30,2,diurnal,directional,HC_LI,64,2829,20787507,157.8406924740076,240.5364594438111
5,3,30,2,diurnal,directional,HC_LI,65,2862,20787507,184.0234115064277,237.60836238595917
5,3,30,2,diurnal,directional,HC_LI,66,2988,20787507,151.49662002019335,209.49662002019335
5,3,30,2,diurnal,directional,HC_LI,67,2089,20787507,166.83914172230087,210.61885756644944
5,3,30,2,diurnal,directional,HC_LI,68,1720,20787507,136.09241620287895,203.854730424271
5,3,30,2,diurnal,directional,HC_LI,69,1099,20787507,166.07296519823984,234.37141382287865
5,3,30,2,diurnal,directional,HC_LI,70,687,20787507,164.12830475323233,247.15401035782736
5,3,30,2,diurnal,directional,HC_LI,71,993,20787507,125.35487283207313,195.3548728320731
5,3,30,2,diurnal,directional,HC_LI,72,2671,20787507,144.32566901074523,219.0626984584695
5,3,30,2,diurnal,directional,HC_LI,73,2854,20787507,174.22556652416722,225.9488366232627
5,3,30,2,diurnal,directional,HC_LI,74,405,20787507,144.22180906430154,200.22180906430154
5,3,30,2,diurnal,directional,HC_LI,75,2328,20787507,149.3612013794997,215.3612013794997
5,3,30,2,diurnal,directional,HC_LI,76,1103,20787507,172.2986165974238,235.2986165974238
5,3,30,2,diurnal,directional,HC_LI,77,2861,20787507,161.50814669825314,216.23722924068232
5,3,30,2,diurnal,directional,HC_LI,78,904,20787507,157.60498630139853,222.60498630139853
5,3,30,2,diurnal,directional,HC_LI,79,98,20787507,169.9315822407843,231.9313267290518
5,3,30,2,diurnal,directional,HC_LI,80,1343,20787507,174.13631150321095,257.13631150321095
5,3,30,2,diurnal,directional,HC_LI,81,2125,20787507,137.80781943929622,174.83222946277044
5,3,30,2,diurnal,directional,HC_LI,82,970,20787507,170.11581689476458,205.73752820288297
5,3,30,2,diurnal,directional,HC_LI,83,164,20787507,163.98429609026587,218.98429609026587
5,3,30,2,diurnal,directional,HC_LI,84,2488,20787507,163.275841549336,204.275841549336
5,3,30,2,diurnal,directional,HC_LI,85,1263,20787507,162.50111405789596,211.50111405789596
5,3,30,2,diurnal,directional,HC_LI,86,1961,20787507,128.56989137933175,187.72380788429714
5,3,30,2,diurnal,directional,HC_LI,87,1595,20787507,178.1219812499084,223.43427450544158
5,3,30,2,diurnal,directional,HC_LI,88,310,20787507,170.48825503576268,222.0245988940874
5,3,30,2,diurnal,directional,HC_LI,89,334,20787507,169.08854653087653,258.7544687265097
5,3,30,2,diurnal,directional,HC_LI,90,2023,20787507,185.08854653087653,251.48825503576268
5,3,30,2,diurnal,directional,HC_LI,91,987,20787507,141.39087767433375,184.39087767433375
5,3,30,2,diurnal,directional,HC_LI,92,1089,20787507,149.98184101572247,182.23971700062674
5,3,30,2,diurnal,directional,HC_LI,93,54,20787507,155.06348260346016,204.2573987952262
5,3,30,2,diurnal,directional,HC_LI,94,827,20787507,167.9798220826812,211.89327723375342
5,3,30,2,diurnal,directional,HC_LI,95,970,20787507,170.11581689476458,205.73752820288297
5,3,30,2,diurnal,directional,HC_LI,96,993,20787507,125.35487283207313,195.3548728320731
5,3,30,2,diurnal,directional,HC_LI,97,687,20787507,164.12830475323233,247.15401035782736
5,3,30,2,diurnal,directional,HC_LI,98,195,20787507,151.63681111932908,253.63681111932908
5,3,30,2,diurnal,directional,HC_LI,99,1060,20787507,183.19794703069482,274.21000537995747
5,3,30,2,diurnal,directional,HC_LI,100,993,20787507,125.35487283207313,195.3548728320731
5,3,30,2,diurnal,directional,HC_LI,101,1710,20787507,181.50565992407303,240.96871697999308
5,3,30,2,diurnal,directional,HC_LI,102,711,20787507,142.05748590487997,194.3660320001112
5,3,30,2,diurnal,directional,HC_LI,103,1132,20787507,195.80087060312388,248.80087060312388
5,3,30,2,diurnal,directional,HC_LI,104,1283,20787507,172.6848204921124,261.75599661541685
5,3,30,2,diurnal,directional,HC_LI,105,1199,20787507,163.37119386825677,234.34991150343734
5,3,30,2,diurnal,directional,HC_LI,106,332,20787507,152.6848204921124,223.53928688313266
5,3,30,2,diurnal,directional,HC_LI,107,786,20787507,146.83862561590507,241.83862561590507
5,3,30,2,diurnal,directional,HC_LI,108,2178,20787507,149.9981829164999,198.09118079062335
5,3,30,2,diurnal,directional,HC_LI,109,475,20787507,161.64377044103622,231.83222946277044
5,3,30,2,diurnal,directional,HC_LI,110,1457,20787507,132.58272862398377,214.07663058129384
5,3,30,2,diurnal,directional,HC_LI,111,2975,20787507,141.19263132863176,209.74068211971627
5,3,30,2,diurnal,directional,HC_LI,112,2550,20787507,160.11786265001746,210.72746620790957
5,3,30,2,diurnal,directional,HC_LI,113,1429,20787507,175.88887654450326,228.88887654450326
5,3,30,2,diurnal,directional,HC_LI,114,2832,20787507,158.74666422830393,211.74666422830393
5,3,30,2,diurnal,directional,HC_LI,115,873,20787507,159.01327197979603,227.10006175150482
5,3,30,2,diurnal,directional,HC_LI,116,1661,20787507,156.84138205074484,213.32566901074523
5,3,30,2,diurnal,directional,HC_LI,117,2161,20787507,169.87729365551434,206.87729365551434
5,3,30,2,diurnal,directional,HC_LI,118,994,20787507,139.3929189262734,187.44919953904747
5,3,30,2,diurnal,directional,HC_LI,119,711,20787507,142.05748590487997,194.3660320001112
5,3,30,2,diurnal,directional,HC_LI,120,1132,20787507,195.80087060312388,248.80087060312388
5,3,30,2,diurnal,directional,HC_LI,121,2988,20787507,151.49662002019335,209.49662002019335
5,3,30,2,diurnal,directional,HC_LI,122,2789,20787507,144.70383533334848,216.896604322149
5,3,30,2,diurnal,directional,HC_LI,123,2988,20787507,151.49662002019335,209.49662002019335
5,3,30,2,diurnal,directional,HC_LI,124,2829,20787507,157.8406924740076,240.5364594438111
5,3,30,2,diurnal,directional,HC_LI,125,2444,20787507,162.56066558523656,239.56066558523656
5,3,30,2,diurnal,directional,HC_LI,126,1031,20787507,174.62584587281648,221.6443583321975
5,3,30,2,diurnal,directional,HC_LI,127,2550,20787507,160.11786265001746,210.72746620790957
5,3,30,2,diurnal,directional,HC_LI,128,2634,20787507,162.71402361337005,225.71402361337005
5,3,30,2,diurnal,directional,HC_LI,129,1440,20787507,163.10006175150482,241.82217914816854
5,3,30,2,diurnal,directional,HC_LI,130,2045,20787507,173.719878972474,214.719878972474
5,3,30,2,diurnal,directional,HC_LI,131,457,20787507,150.23722924068232,217.00813580521378
5,3,30,2,diurnal,directional,HC_LI,132,1413,20787507,145.32566901074523,215.32566901074523
5,3,30,2,diurnal,directional,HC_LI,133,2730,20787507,159.45346741198682,189.45346741198682
5,3,30,2,diurnal,directional,HC_LI,134,1101,20787507,190.89862651065715,220.89862651065715
5,3,30,2,diurnal,directional,HC_LI,135,1662,20787507,174.19263132863176,282.19263132863176
5,3,30,2,diurnal,directional,HC_LI,136,1532,20787507,125.25164927296869,193.25164927296868
5,3,30,2,diurnal,directional,HC_LI,137,2881,20787507,161.12477539634554,206.39257005661094
5,3,30,2,diurnal,directional,HC_LI,138,188,20787507,159.64614502734523,222.64614502734523
5,3,30,2,diurnal,directional,HC_LI,139,2471,20787507,159.4150979266721,224.62552517483786
5,3,30,2,diurnal,directional,HC_LI,140,1102,20787507,161.8846583915372,226.8846583915372
5,3,30,2,diurnal,directional,HC_LI,141,2232,20787507,169.08361775888386,236.08361775888386
5,3,30,2,diurnal,directional,HC_LI,142,1802,20787507,168.7722218032132,226.3195872482732
5,3,30,2,diurnal,directional,HC_LI,143,515,20787507,143.74214057615288,206.74214057615288
5,3,30,2,diurnal,directional,HC_LI,144,2425,20787507,180.3612013794997,234.3612013794997
5,3,30,2,diurnal,directional,HC_LI,145,1487,20787507,144.32566901074523,211.32566901074523
5,3,30,2,diurnal,directional,HC_LI,146,415,20787507,172.9067211322852,214.48474853663595
5,3,30,2,diurnal,directional,HC_LI,147,586,20787507,149.96871697999308,186.85209713022223
5,3,30,2,diurnal,directional,HC_LI,148,590,20787507,163.4151688071889,214.52501171081622
5,3,30,2,diurnal,directional,HC_LI,149,90,20787507,160.45335259778267,215.80767927920505
5,3,30,2,diurnal,directional,HC_LI,150,1765,20787507,148.81517905332413,202.9067211322852
5,3,30,2,diurnal,directional,HC_LI,151,1416,20787507,154.83337273389603,232.57495234186717
5,3,30,2,diurnal,directional,HC_LI,152,2599,20787507,146.9315822407843,218.9315822407843
5,3,30,2,diurnal,directional,HC_LI,153,873,20787507,159.01327197979603,227.10006175150482
5,3,30,2,diurnal,directional,HC_LI,154,1102,20787507,161.8846583915372,226.8846583915372
5,3,30,2,diurnal,directional,HC_LI,155,1108,20787507,142.9798220826812,209.0626984584695
5,3,30,2,diurnal,directional,HC_LI,156,2788,20787507,178.71942934939239,251.63344071505978
5,3,30,2,diurnal,directional,HC_LI,157,1710,20787507,181.50565992407303,240.96871697999308
5,3,30,2,diurnal,directional,HC_LI,158,970,20787507,170.11581689476458,205.73752820288297
5,3,30,2,diurnal,directional,HC_LI,159,1188,20787507,146.13886690279793,192.04544963461512
5,3,30,2,diurnal,directional,HC_LI,160,2769,20787507,164.0245988940874,252.6562872848651
5,3,30,2,diurnal,directional,HC_LI,161,1962,20787507,172.10818456895737,207.0047012057483
5,3,30,2,diurnal,directional,HC_LI,162,340,20787507,160.8672228183484,242.33976665281185
5,3,30,2,diurnal,directional,HC_LI,163,846,20787507,156.84098341701196,200.19841590422686
5,3,30,2,diurnal,directional,HC_LI,164,1802,20787507,168.7722218032132,226.3195872482732
5,3,30,2,diurnal,directional,HC_LI,165,1857,20787507,154.2073230287969,203.71942934939239
5,3,30,2,diurnal,directional,HC_LI,166,2089,20787507,166.83914172230087,210.61885756644944
5,3,30,2,diurnal,directional,HC_LI,167,2620,20787507,134.78200962700666,190.78200962700666
5,3,30,2,diurnal,directional,HC_LI,168,2599,20787507,146.9315822407843,218.9315822407843
5,3,30,2,diurnal,directional,HC_LI,169,2575,20787507,159.08361775888386,229.08361775888386
5,3,30,2,diurnal,directional,HC_LI,170,1263,20787507,162.50111405789596,211.50111405789596
5,3,30,2,diurnal,directional,HC_LI,171,2350,20787507,152.28568264634873,232.4528916796011
5,3,30,2,diurnal,directional,HC_LI,172,195,20787507,151.63681111932908,253.63681111932908
5,3,30,2,diurnal,directional,HC_LI,173,126,20787507,176.19446857309728,256.1944685730973
5,3,30,2,diurnal,directional,HC_LI,174,2777,20787507,167.60836238595917,217.60836238595917
5,3,30,2,diurnal,directional,HC_LI,175,2192,20787507,154.49051428491808,178.40760002677575
5,3,30,2,diurnal,directional,HC_LI,176,2829,20787507,157.8406924740076,240.5364594438111
5,3,30,2,diurnal,directional,HC_LI,177,2357,20787507,173.71777959580515,241.02353724616893
5,3,30,2,diurnal,directional,HC_LI,178,1777,20787507,148.09476030182537,196.97487389910026
5,3,30,2,diurnal,directional,HC_LI,179,2192,20787507,154.49051428491808,178.40760002677575
5,3,30,2,diurnal,directional,HC_LI,180,657,20787507,143.4193535509614,203.4193535509614
5,3,30,2,diurnal,directional,HC_LI,181,2403,20787507,170.24495686024628,223.7120442742313
5,3,30,2,diurnal,directional,HC_LI,182,2590,20787507,186.96871697999308,290.9687169799931
5,3,30,2,diurnal,directional,HC_LI,183,1103,20787507,172.2986165974238,235.2986165974238
5,3,30,2,diurnal,directional,HC_LI,184,2587,20787507,169.39257005661094,220.47109088403863
5,3,30,2,diurnal,directional,HC_LI,185,2545,20787507,149.02189976014765,253.30070520331685
5,3,30,2,diurnal,directional,HC_LI,186,983,20787507,153.3540758358941,171.7434704971464
5,3,30,2,diurnal,directional,HC_LI,187,248,20787507,161.6192734201246,237.37472410426827
5,3,30,2,diurnal,directional,HC_LI,188,2933,20787507,157.05924488673034,273.6245245919647
5,3,30,2,diurnal,directional,HC_LI,189,1693,20787507,149.98429609026587,203.98429609026587
5,3,30,2,diurnal,directional,HC_LI,190,2589,20787507,169.34937788205644,222.11786265001746
5,3,30,2,diurnal,directional,HC_LI,191,969,20787507,142.33981646744863,198.275841549336
5,3,30,2,diurnal,directional,HC_LI,192,590,20787507,163.4151688071889,214.52501171081622
5,3,30,2,diurnal,directional,HC_LI,193,739,20787507,187.84718875712147,257.84718875712144
5,3,30,2,diurnal,directional,HC_LI,194,2525,20787507,163.7487611063204,250.55745011102806
5,3,30,2,diurnal,directional,HC_LI,195,2924,20787507,192.03412358955683,263.7722218032132
5,3,30,2,diurnal,directional,HC_LI,196,405,20787507,144.22180906430154,200.22180906430154
5,3,30,2,diurnal,directional,HC_LI,197,2589,20787507,169.34937788205644,222.11786265001746
5,3,30,2,diurnal,directional,HC_LI,198,1595,20787507,178.1219812499084,223.43427450544158
5,3,30,2,diurnal,directional,HC_LI,199,553,20787507,167.27367569778968,240.83914172230087
5,3,30,2,diurnal,directional,LC_HI,0,2440,20787507,119.1653290235748,202.37964636989793
5,3,30,2,diurnal,directional,LC_HI,1,289,20787507,165.73296465218726,194.73296465218726
5,3,30,2,diurnal,directional,LC_HI,2,714,20787507,150.6174564918159,211.81512962258384
5,3,30,2,diurnal,directional,LC_HI,3,2075,20787507,176.78200962700666,229.71651008517753
5,3,30,2,diurnal,directional,LC_HI,4,445,20787507,126.10006175150481,208.10006175150482
5,3,30,2,diurnal,directional,LC_HI,5,2562,20787507,147.9019506731378,208.4528916796011
5,3,30,2,diurnal,directional,LC_HI,6,2305,20787507,166.89862651065715,224.2073230287969
5,3,30,2,diurnal,directional,LC_HI,7,980,20787507,143.4607305756404,193.3437655132119
5,3,30,2,diurnal,directional,LC_HI,8,2321,20787507,144.09407933667825,184.09407933667825
5,3,30,2,diurnal,directional,LC_HI,9,336,20787507,134.87729365551434,213.98936263636787
5,3,30,2,diurnal,directional,LC_HI,10,2684,20787507,178.71651008517753,216.71651008517753
5,3,30,2,diurnal,directional,LC_HI,11,1518,20787507,148.42272159573855,257.2372292406823
5,3,30,2,diurnal,directional,LC_HI,12,2081,20787507,168.51982637221118,238.51982637221118
5,3,30,2,diurnal,directional,LC_HI,13,1328,20787507,158.51942670862692,225.63382848410671
5,3,30,2,diurnal,directional,LC_HI,14,1228,20787507,143.2565042883038,200.89993722605783
5,3,30,2,diurnal,directional,LC_HI,15,1703,20787507,173.048292557127,248.37024684898682
5,3,30,2,diurnal,directional,LC_HI,16,2890,20787507,145.7544687265097,213.97742308104898
5,3,30,2,diurnal,directional,LC_HI,17,2392,20787507,171.35910443961328,235.35910443961328
5,3,30,2,diurnal,directional,LC_HI,18,1411,20787507,136.49466876885984,184.3437655132119
5,3,30,2,diurnal,directional,LC_HI,19,2666,20787507,165.01223834504697,227.01223834504697
5,3,30,2,diurnal,directional,LC_HI,20,1321,20787507,177.2573987952262,204.97742308104898
5,3,30,2,diurnal,directional,LC_HI,21,709,20787507,158.4587589270157,182.4587589270157
5,3,30,2,diurnal,directional,LC_HI,22,2541,20787507,161.93336062710762,188.33976665281185
5,3,30,2,diurnal,directional,LC_HI,23,2238,20787507,157.7022774521403,228.19147262069455
5,3,30,2,diurnal,directional,LC_HI,24,296,20787507,133.97742308104898,166.85613179383344
5,3,30,2,diurnal,directional,LC_HI,25,1127,20787507,188.62396846810742,249.62396846810742
5,3,30,2,diurnal,directional,LC_HI,26,1639,20787507,160.13631150321095,249.54315908563441
5,3,30,2,diurnal,directional,LC_HI,27,2262,20787507,162.12890529983645,200.97453193857052
5,3,30,2,diurnal,directional,LC_HI,28,2047,20787507,177.18869507106876,251.41450678559647
5,3,30,2,diurnal,directional,LC_HI,29,691,20787507,124.82217914816854,166.09360289495825
5,3,30,2,diurnal,directional,LC_HI,30,136,20787507,148.74214057615288,230.6035377487143
5,3,30,2,diurnal,directional,LC_HI,31,1845,20787507,171.53463025245622,251.96893370973518
5,3,30,2,diurnal,directional,LC_HI,32,819,20787507,153.0329494312971,202.8863237144937
5,3,30,2,diurnal,directional,LC_HI,33,925,20787507,177.15857198646904,246.25016845903855
5,3,30,2,diurnal,directional,LC_HI,34,274,20787507,146.27018911914988,196.27018911914988
5,3,30,2,diurnal,directional,LC_HI,35,598,20787507,146.1219812499084,167.02740583313533
5,3,30,2,diurnal,directional,LC_HI,36,1319,20787507,135.67668548751774,184.67668548751774
5,3,30,2,diurnal,directional,LC_HI,37,734,20787507,165.8866454756413,218.73296465218726
5,3,30,2,diurnal,directional,LC_HI,38,289,20787507,165.73296465218726,194.73296465218726
5,3,30,2,diurnal,directional,LC_HI,39,142,20787507,183.00306914412772,265.0329494312971
5,3,30,2,diurnal,directional,LC_HI,40,216,20787507,171.7262725376442,245.34991150343734
5,3,30,2,diurnal,directional,LC_HI,41,2875,20787507,153.54613786036236,234.8406924740076
5,3,30,2,diurnal,directional,LC_HI,42,1011,20787507,151.18195110262764,209.18195110262764
5,3,30,2,diurnal,directional,LC_HI,43,2786,20787507,164.70031899443006,204.14657144987558
5,3,30,2,diurnal,directional,LC_HI,44,2770,20787507,196.74020690601702,259.23971700062674
5,3,30,2,diurnal,directional,LC_HI,45,2321,20787507,144.09407933667825,184.09407933667825
5,3,30,2,diurnal,directional,LC_HI,46,807,20787507,136.30070520331685,184.38288673905475
5,3,30,2,diurnal,directional,LC_HI,47,1622,20787507,137.8258713351051,207.8258713351051
5,3,30,2,diurnal,directional,LC_HI,48,1582,20787507,166.68090578108186,225.68090578108186
5,3,30,2,diurnal,directional,LC_HI,49,2407,20787507,156.8672228183484,224.25016845903855
5,3,30,2,diurnal,directional,LC_HI,50,372,20787507,166.72746620790957,237.8258713351051
5,3,30,2,diurnal,directional,LC_HI,51,2315,20787507,170.21918671326299,211.21918671326299
5,3,30,2,diurnal,directional,LC_HI,52,1975,20787507,169.35598270645173,229.73752820288297
5,3,30,2,diurnal,directional,LC_HI,53,455,20787507,187.2573987952262,251.2573987952262
5,3,30,2,diurnal,directional,LC_HI,54,2073,20787507,172.92055875105405,251.10818456895737
5,3,30,2,diurnal,directional,LC_HI,55,2528,20787507,142.284987348318,196.45131328362595
5,3,30,2,diurnal,directional,LC_HI,56,1573,20787507,145.46244698783357,216.46244698783357
5,3,30,2,diurnal,directional,LC_HI,57,1718,20787507,174.0575331596135,231.0575331596135
5,3,30,2,diurnal,directional,LC_HI,58,768,20787507,173.1409954588285,260.61954859864557
5,3,30,2,diurnal,directional,LC_HI,59,2986,20787507,158.45131328362595,223.60836238595917
5,3,30,2,diurnal,directional,LC_HI,60,734,20787507,165.8866454756413,218.73296465218726
5,3,30,2,diurnal,directional,LC_HI,61,554,20787507,178.11786265001746,238.30225625672722
5,3,30,2,diurnal,directional,LC_HI,62,2774,20787507,168.4151688071889,230.00813580521378
5,3,30,2,diurnal,directional,LC_HI,63,1324,20787507,160.4320136605661,200.23168084926306
5,3,30,2,diurnal,directional,LC_HI,64,2875,20787507,153.54613786036236,234.8406924740076
5,3,30,2,diurnal,directional,LC_HI,65,1658,20787507,178.05232858347955,266.24098544003607
5,3,30,2,diurnal,directional,LC_HI,66,2106,20787507,136.19263132863176,210.19263132863176
5,3,30,2,diurnal,directional,LC_HI,67,403,20787507,185.7022774521403,267.97619508125354
5,3,30,2,diurnal,directional,LC_HI,68,2541,20787507,161.93336062710762,188.33976665281185
5,3,30,2,diurnal,directional,LC_HI,69,1664,20787507,151.73296465218726,257.3931779735221
5,3,30,2,diurnal,directional,LC_HI,70,229,20787507,164.94962460866026,218.94962460866026
5,3,30,2,diurnal,directional,LC_HI,71,2905,20787507,151.35147275555923,220.42629136029046
5,3,30,2,diurnal,directional,LC_HI,72,2440,20787507,119.1653290235748,202.37964636989793
5,3,30,2,diurnal,directional,LC_HI,73,216,20787507,171.7262725376442,245.34991150343734
5,3,30,2,diurnal,directional,LC_HI,74,2094,20787507,178.62771987886677,235.40432745053903
5,3,30,2,diurnal,directional,LC_HI,75,2890,20787507,145.7544687265097,213.97742308104898
5,3,30,2,diurnal,directional,LC_HI,76,436,20787507,175.61954859864554,230.19147262069455
5,3,30,2,diurnal,directional,LC_HI,77,2262,20787507,162.12890529983645,200.97453193857052
5,3,30,2,diurnal,directional,LC_HI,78,1540,20787507,141.06752593979706,190.25016845903855
5,3,30,2,diurnal,directional,LC_HI,79,615,20787507,155.88887654450326,198.88887654450326
5,3,30,2,diurnal,directional,LC_HI,80,136,20787507,148.74214057615288,230.6035377487143
5,3,30,2,diurnal,directional,LC_HI,81,271,20787507,173.1219812499084,240.1219812499084
5,3,30,2,diurnal,directional,LC_HI,82,1529,20787507,124.38342066305384,165.35434837203266
5,3,30,2,diurnal,directional,LC_HI,83,768,20787507,173.1409954588285,260.61954859864557
5,3,30,2,diurnal,directional,LC_HI,84,1955,20787507,148.85281002528023,217.85281002528023
5,3,30,2,diurnal,directional,LC_HI,85,2307,20787507,152.78542967104832,239.43143484722918
5,3,30,2,diurnal,directional,LC_HI,86,38,20787507,174.7078496522754,235.42122744459974
5,3,30,2,diurnal,directional,LC_HI,87,356,20787507,160.85209713022223,214.96893370973518
5,3,30,2,diurnal,directional,LC_HI,88,1681,20787507,219.48252149524595,278.4825214952459
5,3,30,2,diurnal,directional,LC_HI,89,1811,20787507,146.51623947113436,201.61027589977243
5,3,30,2,diurnal,directional,LC_HI,90,1552,20787507,194.02353724616893,237.89327723375342
5,3,30,2,diurnal,directional,LC_HI,91,1582,20787507,166.68090578108186,225.68090578108186
5,3,30,2,diurnal,directional,LC_HI,92,430,20787507,117.6594168961952,157.71808091947497
5,3,30,2,diurnal,directional,LC_HI,93,206,20787507,157.803249271308,229.803249271308
5,3,30,2,diurnal,directional,LC_HI,94,2441,20787507,134.97487389910026,183.97487389910026
5,3,30,2,diurnal,directional,LC_HI,95,2024,20787507,133.284987348318,195.4587589270157
5,3,30,2,diurnal,directional,LC_HI,96,2899,20787507,150.35147275555923,189.35147275555923
5,3,30,2,diurnal,directional,LC_HI,97,432,20787507,182.57929744396705,221.57929744396705
5,3,30,2,diurnal,directional,LC_HI,98,2749,20787507,129.24320980548154,193.61785939638722
5,3,30,2,diurnal,directional,LC_HI,99,1482,20787507,166.73228796375673,252.8291193106097
5,3,30,2,diurnal,directional,LC_HI,100,403,20787507,185.7022774521403,267.97619508125354
5,3,30,2,diurnal,directional,LC_HI,101,795,20787507,205.60498630139853,312.6049863013985
5,3,30,2,diurnal,directional,LC_HI,102,2075,20787507,176.78200962700666,229.71651008517753
5,3,30,2,diurnal,directional,LC_HI,103,1127,20787507,188.62396846810742,249.62396846810742
5,3,30,2,diurnal,directional,LC_HI,104,2503,20787507,197.57883444779304,290.8961164666099
5,3,30,2,diurnal,directional,LC_HI,105,631,20787507,177.6646827820284,225.6646827820284
5,3,30,2,diurnal,directional,LC_HI,106,2094,20787507,178.62771987886677,235.40432745053903
5,3,30,2,diurnal,directional,LC_HI,107,1474,20787507,131.89993722605783,165.37119386825677
5,3,30,2,diurnal,directional,LC_HI,108,2392,20787507,171.35910443961328,235.35910443961328
5,3,30,2,diurnal,directional,LC_HI,109,2565,20787507,134.52314547631084,154.85613179383344
5,3,30,2,diurnal,directional,LC_HI,110,917,20787507,156.144626803012,200.144626803012
5,3,30,2,diurnal,directional,LC_HI,111,1571,20787507,144.7240319425747,220.48795961858508
5,3,30,2,diurnal,directional,LC_HI,112,445,20787507,126.10006175150481,208.10006175150482
5,3,30,2,diurnal,directional,LC_HI,113,647,20787507,165.68653822046247,217.68653822046247
5,3,30,2,diurnal,directional,LC_HI,114,709,20787507,158.4587589270157,182.4587589270157
5,3,30,2,diurnal,directional,LC_HI,115,1878,20787507,199.00306914412772,293.4825214952459
5,3,30,2,diurnal,directional,LC_HI,116,874,20787507,196.74427752040265,266.74427752040265
5,3,30,2,diurnal,directional,LC_HI,117,255,20787507,156.50032393279685,188.50032393279685
5,3,30,2,diurnal,directional,LC_HI,118,323,20787507,165.88887654450326,243.42642298252917
5,3,30,2,diurnal,directional,LC_HI,119,2441,20787507,134.97487389910026,183.97487389910026
5,3,30,2,diurnal,directional,LC_HI,120,2309,20787507,127.08854653087653,153.39317797352209
5,3,30,2,diurnal,directional,LC_HI,121,1829,20787507,159.2155215473903,199.10006175150482
5,3,30,2,diurnal,directional,LC_HI,122,255,20787507,156.50032393279685,188.50032393279685
5,3,30,2,diurnal,directional,LC_HI,123,1982,20787507,231.26607226009241,269.80344477789674
5,3,30,2,diurnal,directional,LC_HI,124,1811,20787507,146.51623947113436,201.61027589977243
5,3,30,2,diurnal,directional,LC_HI,125,51,20787507,159.8866454756413,215.8866454756413
5,3,30,2,diurnal,directional,LC_HI,126,619,20787507,152.8846583915372,208.05924488673034
5,3,30,2,diurnal,directional,LC_HI,127,2409,20787507,146.96893370973518,221.96893370973518
5,3,30,2,diurnal,directional,LC_HI,128,1326,20787507,168.44467679132038,214.44467679132038
5,3,30,2,diurnal,directional,LC_HI,129,2770,20787507,196.74020690601702,259.23971700062674
5,3,30,2,diurnal,directional,LC_HI,130,647,20787507,165.68653822046247,217.68653822046247
5,3,30,2,diurnal,directional,LC_HI,131,2244,20787507,151.79969433070335,210.68292581286335
5,3,30,2,diurnal,directional,LC_HI,132,51,20787507,159.8866454756413,215.8866454756413
5,3,30,2,diurnal,directional,LC_HI,133,1739,20787507,159.80344477789674,218.13659712702744
5,3,30,2,diurnal,directional,LC_HI,134,2597,20787507,161.07250170205458,206.07250170205458
5,3,30,2,diurnal,directional,LC_HI,135,2909,20787507,166.8846583915372,248.4923286622709
5,3,30,2,diurnal,directional,LC_HI,136,807,20787507,136.30070520331685,184.38288673905475
5,3,30,2,diurnal,directional,LC_HI,137,255,20787507,156.50032393279685,188.50032393279685
5,3,30,2,diurnal,directional,LC_HI,138,473,20787507,163.06715875841957,231.01003528033405
5,3,30,2,diurnal,directional,LC_HI,139,2887,20787507,180.70200067557417,257.7544687265097
5,3,30,2,diurnal,directional,LC_HI,140,2503,20787507,197.57883444779304,290.8961164666099
5,3,30,2,diurnal,directional,LC_HI,141,2684,20787507,178.71651008517753,216.71651008517753
5,3,30,2,diurnal,directional,LC_HI,142,455,20787507,187.2573987952262,251.2573987952262
5,3,30,2,diurnal,directional,LC_HI,143,2442,20787507,180.56989137933175,263.1158168947646
5,3,30,2,diurnal,directional,LC_HI,144,2597,20787507,161.07250170205458,206.07250170205458
5,3,30,2,diurnal,directional,LC_HI,145,2986,20787507,158.45131328362595,223.60836238595917
5,3,30,2,diurnal,directional,LC_HI,146,1540,20787507,141.06752593979706,190.25016845903855
5,3,30,2,diurnal,directional,LC_HI,147,1599,20787507,168.22556652416722,210.03194742229124
5,3,30,2,diurnal,directional,LC_HI,148,958,20787507,169.1309890968005,211.48474853663595
5,3,30,2,diurnal,directional,LC_HI,149,585,20787507,134.70746069376128,213.49466876885984
5,3,30,2,diurnal,directional,LC_HI,150,2913,20787507,140.3195872482732,182.3195872482732
5,3,30,2,diurnal,directional,LC_HI,151,1664,20787507,151.73296465218726,257.3931779735221
5,3,30,2,diurnal,directional,LC_HI,152,1426,20787507,126.86217552432265,163.3668976796102
5,3,30,2,diurnal,directional,LC_HI,153,496,20787507,170.9313267290518,217.1219812499084
5,3,30,2,diurnal,directional,LC_HI,154,2460,20787507,124.75849594163799,137.580762770513
5,3,30,2,diurnal,directional,LC_HI,155,654,20787507,159.31740111793906,225.79695570595777
5,3,30,2,diurnal,directional,LC_HI,156,456,20787507,176.0700304374395,230.0700304374395
5,3,30,2,diurnal,directional,LC_HI,157,2044,20787507,158.62396846810742,257.6049863013985
5,3,30,2,diurnal,directional,LC_HI,158,2262,20787507,162.12890529983645,200.97453193857052
5,3,30,2,diurnal,directional,LC_HI,159,44,20787507,142.39317797352209,167.61907102837367
5,3,30,2,diurnal,directional,LC_HI,160,445,20787507,126.10006175150481,208.10006175150482
5,3,30,2,diurnal,directional,LC_HI,161,2653,20787507,147.86935786495908,188.07072163195812
5,3,30,2,diurnal,directional,LC_HI,162,898,20787507,155.470244355671,219.51982637221118
5,3,30,2,diurnal,directional,LC_HI,163,2238,20787507,157.7022774521403,228.19147262069455
5,3,30,2,diurnal,directional,LC_HI,164,1681,20787507,219.48252149524595,278.4825214952459
5,3,30,2,diurnal,directional,LC_HI,165,1426,20787507,126.86217552432265,163.3668976796102
5,3,30,2,diurnal,directional,LC_HI,166,311,20787507,142.580762770513,214.53160126361502
5,3,30,2,diurnal,directional,LC_HI,167,2013,20787507,169.49662002019335,256.49662002019335
5,3,30,2,diurnal,directional,LC_HI,168,1228,20787507,143.2565042883038,200.89993722605783
5,3,30,2,diurnal,directional,LC_HI,169,709,20787507,158.4587589270157,182.4587589270157
5,3,30,2,diurnal,directional,LC_HI,170,2106,20787507,136.19263132863176,210.19263132863176
5,3,30,2,diurnal,directional,LC_HI,171,1120,20787507,145.35598270645173,174.734878198514
5,3,30,2,diurnal,directional,LC_HI,172,917,20787507,156.144626803012,200.144626803012
5,3,30,2,diurnal,directional,LC_HI,173,489,20787507,127.86899199328269,158.19446857309728
5,3,30,2,diurnal,directional,LC_HI,174,898,20787507,155.470244355671,219.51982637221118
5,3,30,2,diurnal,directional,LC_HI,175,2061,20787507,210.97458257842615,262.9745825784262
5,3,30,2,diurnal,directional,LC_HI,176,496,20787507,170.9313267290518,217.1219812499084
5,3,30,2,diurnal,directional,LC_HI,177,826,20787507,163.3548728320731,211.3548728320731
5,3,30,2,diurnal,directional,LC_HI,178,2305,20787507,166.89862651065715,224.2073230287969
5,3,30,2,diurnal,directional,LC_HI,179,1925,20787507,139.80781943929622,198.39257005661094
5,3,30,2,diurnal,directional,LC_HI,180,191,20787507,151.79280149884357,256.7928014988436
5,3,30,2,diurnal,directional,LC_HI,181,1492,20787507,142.35910443961328,181.32966556207447
5,3,30,2,diurnal,directional,LC_HI,182,2158,20787507,129.92217836358444,180.92217836358444
5,3,30,2,diurnal,directional,LC_HI,183,2950,20787507,172.20662009349712,232.20662009349712
5,3,30,2,diurnal,directional,LC_HI,184,1540,20787507,141.06752593979706,190.25016845903855
5,3,30,2,diurnal,directional,LC_HI,185,2770,20787507,196.74020690601702,259.23971700062674
5,3,30,2,diurnal,directional,LC_HI,186,2562,20787507,147.9019506731378,208.4528916796011
5,3,30,2,diurnal,directional,LC_HI,187,1639,20787507,160.13631150321095,249.54315908563441
5,3,30,2,diurnal,directional,LC_HI,188,2781,20787507,172.7120442742313,251.53169883226212
5,3,30,2,diurnal,directional,LC_HI,189,805,20787507,154.33976665281185,207.33976665281185
5,3,30,2,diurnal,directional,LC_HI,190,508,20787507,137.7412432995281,193.68292581286335
5,3,30,2,diurnal,directional,LC_HI,191,1618,20787507,129.89611646660987,209.40760002677575
5,3,30,2,diurnal,directional,LC_HI,192,2392,20787507,171.35910443961328,235.35910443961328
5,3,30,2,diurnal,directional,LC_HI,193,2266,20787507,154.38342066305384,197.2464559325237
5,3,30,2,diurnal,directional,LC_HI,194,809,20787507,185.8355666084073,276.8355666084073
5,3,30,2,diurnal,directional,LC_HI,195,2321,20787507,144.09407933667825,184.09407933667825
5,3,30,2,diurnal,directional,LC_HI,196,2887,20787507,180.70200067557417,257.7544687265097
5,3,30,2,diurnal,directional,LC_HI,197,2749,20787507,129.24320980548154,193.61785939638722
5,3,30,2,diurnal,directional,LC_HI,198,2258,20787507,132.09360289495825,161.09360289495825
5,3,30,2,diurnal,directional,LC_HI,199,2984,20787507,136.45336216229146,177.87254166413126
5,3,30,2,diurnal,directional,LC_LI,0,1019,20787507,156.94962460866026,201.86780228891996
5,3,30,2,diurnal,directional,LC_LI,1,2263,20787507,152.97619508125356,210.97619508125356
5,3,30,2,diurnal,directional,LC_LI,2,907,20787507,117.14462680301199,149.7485379710709
5,3,30,2,diurnal,directional,LC_LI,3,2071,20787507,169.20721738334393,262.20721738334396
5,3,30,2,diurnal,directional,LC_LI,4,1596,20787507,168.22180906430154,204.02189976014765
5,3,30,2,diurnal,directional,LC_LI,5,349,20787507,173.9147694661665,232.87254166413126
5,3,30,2,diurnal,directional,LC_LI,6,1165,20787507,174.01210570557294,250.896604322149
5,3,30,2,diurnal,directional,LC_LI,7,1665,20787507,173.53160126361502,248.51623947113436
5,3,30,2,diurnal,directional,LC_LI,8,2896,20787507,118.48474853663595,159.48474853663595
5,3,30,2,diurnal,directional,LC_LI,9,2308,20787507,169.72746620790957,216.96871697999308
5,3,30,2,diurnal,directional,LC_LI,10,1165,20787507,174.01210570557294,250.896604322149
5,3,30,2,diurnal,directional,LC_LI,11,694,20787507,153.62452459196467,197.62452459196467
5,3,30,2,diurnal,directional,LC_LI,12,1932,20787507,199.13274399771268,260.1327439977127
5,3,30,2,diurnal,directional,LC_LI,13,558,20787507,142.18869507106876,209.41450678559647
5,3,30,2,diurnal,directional,LC_LI,14,2191,20787507,173.45233252884702,235.11786265001746
5,3,30,2,diurnal,directional,LC_LI,15,1150,20787507,147.96893370973518,202.96893370973518
5,3,30,2,diurnal,directional,LC_LI,16,1764,20787507,144.01003528033405,171.84214595388497
5,3,30,2,diurnal,directional,LC_LI,17,45,20787507,155.23304193049077,264.3397666528118
5,3,30,2,diurnal,directional,LC_LI,18,373,20787507,146.9798220826812,201.9798220826812
5,3,30,2,diurnal,directional,LC_LI,19,2231,20787507,174.48474853663595,247.56989137933175
5,3,30,2,diurnal,directional,LC_LI,20,1055,20787507,195.0329494312971,299.0329494312971
5,3,30,2,diurnal,directional,LC_LI,21,907,20787507,117.14462680301199,149.7485379710709
5,3,30,2,diurnal,directional,LC_LI,22,2852,20787507,163.97192319333925,204.19147262069455
5,3,30,2,diurnal,directional,LC_LI,23,1447,20787507,182.5074497325587,242.20662009349712
5,3,30,2,diurnal,directional,LC_LI,24,2118,20787507,169.6646827820284,242.42721331995034
5,3,30,2,diurnal,directional,LC_LI,25,831,20787507,182.93824801851662,203.85967452101258
5,3,30,2,diurnal,directional,LC_LI,26,2209,20787507,143.83204899053078,220.734878198514
5,3,30,2,diurnal,directional,LC_LI,27,2026,20787507,171.48252149524595,221.48252149524595
5,3,30,2,diurnal,directional,LC_LI,28,2109,20787507,160.70190448954102,193.70190448954102
5,3,30,2,diurnal,directional,LC_LI,29,610,20787507,167.35434837203266,201.35434837203266
5,3,30,2,diurnal,directional,LC_LI,30,1081,20787507,179.3240919074144,185.27009206612857
5,3,30,2,diurnal,directional,LC_LI,31,610,20787507,167.35434837203266,201.35434837203266
5,3,30,2,diurnal,directional,LC_LI,32,1721,20787507,190.69126734051798,278.8689919932827
5,3,30,2,diurnal,directional,LC_LI,33,118,20787507,171.48209332817686,248.48209332817686
5,3,30,2,diurnal,directional,LC_LI,34,2994,20787507,158.3208395213117,200.86217552432265
5,3,30,2,diurnal,directional,LC_LI,35,290,20787507,148.7894278684753,181.7894278684753
5,3,30,2,diurnal,directional,LC_LI,36,1869,20787507,172.97525475037912,247.13007196766642
5,3,30,2,diurnal,directional,LC_LI,37,2593,20787507,164.84718875712147,205.84718875712147
5,3,30,2,diurnal,directional,LC_LI,38,1682,20787507,175.71942934939239,242.71942934939239
5,3,30,2,diurnal,directional,LC_LI,39,708,20787507,149.9981829164999,226.97543635826298
5,3,30,2,diurnal,directional,LC_LI,40,1985,20787507,174.12890529983645,241.07663058129384
5,3,30,2,diurnal,directional,LC_LI,41,1519,20787507,170.3650749149673,244.470244355671
5,3,30,2,diurnal,directional,LC_LI,42,1183,20787507,128.2986165974238,195.93029265590582
5,3,30,2,diurnal,directional,LC_LI,43,697,20787507,175.85967452101258,237.85967452101258
5,3,30,2,diurnal,directional,LC_LI,44,124,20787507,150.22556652416722,210.22180906430154
5,3,30,2,diurnal,directional,LC_LI,45,1554,20787507,170.2791302546587,251.2791302546587
5,3,30,2,diurnal,directional,LC_LI,46,1390,20787507,165.22907033210055,250.49214489719606
5,3,30,2,diurnal,directional,LC_LI,47,2711,20787507,135.26907322616273,193.08361775888386
5,3,30,2,diurnal,directional,LC_LI,48,46,20787507,156.12089230985413,226.30814037152584
5,3,30,2,diurnal,directional,LC_LI,49,1339,20787507,173.47109088403863,246.47109088403863
5,3,30,2,diurnal,directional,LC_LI,50,306,20787507,152.64941892916923,199.89993722605783
5,3,30,2,diurnal,directional,LC_LI,51,704,20787507,171.4941618151514,200.4941618151514
5,3,30,2,diurnal,directional,LC_LI,52,1081,20787507,179.3240919074144,185.27009206612857
5,3,30,2,diurnal,directional,LC_LI,53,2895,20787507,181.92217836358444,240.92217836358444
5,3,30,2,diurnal,directional,LC_LI,54,349,20787507,173.9147694661665,232.87254166413126
5,3,30,2,diurnal,directional,LC_LI,55,599,20787507,148.86054052211819,209.01391275230577
5,3,30,2,diurnal,directional,LC_LI,56,364,20787507,165.435485575787,198.97487389910026
5,3,30,2,diurnal,directional,LC_LI,57,537,20787507,182.92217836358444,231.20268398043754
5,3,30,2,diurnal,directional,LC_LI,58,2711,20787507,135.26907322616273,193.08361775888386
5,3,30,2,diurnal,directional,LC_LI,59,1150,20787507,147.96893370973518,202.96893370973518
5,3,30,2,diurnal,directional,LC_LI,60,2351,20787507,177.71651008517753,242.71651008517753
5,3,30,2,diurnal,directional,LC_LI,61,2691,20787507,171.55745011102806,252.10818456895737
5,3,30,2,diurnal,directional,LC_LI,62,713,20787507,147.05541229740118,199.35598270645173
5,3,30,2,diurnal,directional,LC_LI,63,2420,20787507,163.17705177937344,195.15040464030375
5,3,30,2,diurnal,directional,LC_LI,64,306,20787507,152.64941892916923,199.89993722605783
5,3,30,2,diurnal,directional,LC_LI,65,907,20787507,117.14462680301199,149.7485379710709
5,3,30,2,diurnal,directional,LC_LI,66,1916,20787507,197.64614502734523,265.64614502734526
5,3,30,2,diurnal,directional,LC_LI,67,2308,20787507,169.72746620790957,216.96871697999308
5,3,30,2,diurnal,directional,LC_LI,68,1764,20787507,144.01003528033405,171.84214595388497
5,3,30,2,diurnal,directional,LC_LI,69,822,20787507,170.719878972474,218.68090578108186
5,3,30,2,diurnal,directional,LC_LI,70,2361,20787507,181.3501773366782,281.3501773366782
5,3,30,2,diurnal,directional,LC_LI,71,2361,20787507,181.3501773366782,281.3501773366782
5,3,30,2,diurnal,directional,LC_LI,72,254,20787507,169.81126845153167,227.20136192994934
5,3,30,2,diurnal,directional,LC_LI,73,2717,20787507,179.8689919932827,241.45131328362595
5,3,30,2,diurnal,directional,LC_LI,74,392,20787507,178.53881219859107,272.5388121985911
5,3,30,2,diurnal,directional,LC_LI,75,1834,20787507,165.57446499457802,195.63815009661943
5,3,30,2,diurnal,directional,LC_LI,76,2677,20787507,166.2986165974238,229.63681111932908
5,3,30,2,diurnal,directional,LC_LI,77,308,20787507,174.45051013593326,248.45051013593326
5,3,30,2,diurnal,directional,LC_LI,78,2577,20787507,180.72746620790957,229.67853115288588
5,3,30,2,diurnal,directional,LC_LI,79,2287,20787507,147.9798220826812,216.61954859864554
5,3,30,2,diurnal,directional,LC_LI,80,118,20787507,171.48209332817686,248.48209332817686
5,3,30,2,diurnal,directional,LC_LI,81,467,20787507,158.40410859737338,189.40410859737338
5,3,30,2,diurnal,directional,LC_LI,82,2263,20787507,152.97619508125356,210.97619508125356
5,3,30,2,diurnal,directional,LC_LI,83,2586,20787507,149.04544963461512,213.04544963461512
5,3,30,2,diurnal,directional,LC_LI,84,138,20787507,143.9798220826812,204.23168084926306
5,3,30,2,diurnal,directional,LC_LI,85,2031,20787507,164.02740583313533,233.29709674108886
5,3,30,2,diurnal,directional,LC_LI,86,2109,20787507,160.70190448954102,193.70190448954102
5,3,30,2,diurnal,directional,LC_LI,87,922,20787507,169.71320971448807,226.79280149884357
5,3,30,2,diurnal,directional,LC_LI,88,2420,20787507,163.17705177937344,195.15040464030375
5,3,30,2,diurnal,directional,LC_LI,89,2316,20787507,191.92217836358444,272.9221783635844
5,3,30,2,diurnal,directional,LC_LI,90,175,20787507,172.80781943929622,243.79280149884357
5,3,30,2,diurnal,directional,LC_LI,91,321,20787507,204.8863237144937,285.40410859737335
5,3,30,2,diurnal,directional,LC_LI,92,2282,20787507,144.00187903304592,194.2573987952262
5,3,30,2,diurnal,directional,LC_LI,93,1554,20787507,170.2791302546587,251.2791302546587
5,3,30,2,diurnal,directional,LC_LI,94,2586,20787507,149.04544963461512,213.04544963461512
5,3,30,2,diurnal,directional,LC_LI,95,2098,20787507,153.82217914816854,246.82217914816854
5,3,30,2,diurnal,directional,LC_LI,96,995,20787507,149.83337273389603,201.83337273389603
5,3,30,2,diurnal,directional,LC_LI,97,254,20787507,169.81126845153167,227.20136192994934
5,3,30,2,diurnal,directional,LC_LI,98,2231,20787507,174.48474853663595,247.56989137933175
5,3,30,2,diurnal,directional,LC_LI,99,2962,20787507,173.7048337207139,233.5364594438111
5,3,30,2,diurnal,directional,LC_LI,100,2586,20787507,149.04544963461512,213.04544963461512
5,3,30,2,diurnal,directional,LC_LI,101,2347,20787507,190.48474853663595,264.7107901254425
5,3,30,2,diurnal,directional,LC_LI,102,713,20787507,147.05541229740118,199.35598270645173
5,3,30,2,diurnal,directional,LC_LI,103,2087,20787507,163.11786265001746,247.11786265001746
5,3,30,2,diurnal,directional,LC_LI,104,1381,20787507,123.18661147072982,157.18811717204863
5,3,30,2,diurnal,directional,LC_LI,105,264,20787507,164.84138205074484,212.97458257842615
5,3,30,2,diurnal,directional,LC_LI,106,1317,20787507,152.21501767996244,178.19060520173105
5,3,30,2,diurnal,directional,LC_LI,107,1699,20787507,152.02928794755042,202.6562872848651
5,3,30,2,diurnal,directional,LC_LI,108,610,20787507,167.35434837203266,201.35434837203266
5,3,30,2,diurnal,directional,LC_LI,109,1057,20787507,193.69835385842185,271.8291193106097
5,3,30,2,diurnal,directional,LC_LI,110,2191,20787507,173.45233252884702,235.11786265001746
5,3,30,2,diurnal,directional,LC_LI,111,1067,20787507,186.74427752040265,265.1327439977127
5,3,30,2,diurnal,directional,LC_LI,112,1554,20787507,170.2791302546587,251.2791302546587
5,3,30,2,diurnal,directional,LC_LI,113,2351,20787507,177.71651008517753,242.71651008517753
5,3,30,2,diurnal,directional,LC_LI,114,1374,20787507,160.16553193553483,228.96893370973518
5,3,30,2,diurnal,directional,LC_LI,115,2098,20787507,153.82217914816854,246.82217914816854
5,3,30,2,diurnal,directional,LC_LI,116,2677,20787507,166.2986165974238,229.63681111932908
5,3,30,2,diurnal,directional,LC_LI,117,1150,20787507,147.96893370973518,202.96893370973518
5,3,30,2,diurnal,directional,LC_LI,118,831,20787507,182.93824801851662,203.85967452101258
5,3,30,2,diurnal,directional,LC_LI,119,2308,20787507,169.72746620790957,216.96871697999308
5,3,30,2,diurnal,directional,LC_LI,120,905,20787507,170.75711810124534,234.75711810124534
5,3,30,2,diurnal,directional,LC_LI,121,2347,20787507,190.48474853663595,264.7107901254425
5,3,30,2,diurnal,directional,LC_LI,122,999,20787507,162.44467679132038,193.20721738334393
5,3,30,2,diurnal,directional,LC_LI,123,2059,20787507,163.37119386825677,230.49466876885984
5,3,30,2,diurnal,directional,LC_LI,124,2098,20787507,153.82217914816854,246.82217914816854
5,3,30,2,diurnal,directional,LC_LI,125,48,20787507,175.61785939638722,231.68090578108186
5,3,30,2,diurnal,directional,LC_LI,126,2019,20787507,156.56234173042856,251.56234173042856
5,3,30,2,diurnal,directional,LC_LI,127,1205,20787507,174.01136123429393,238.13777594442672
5,3,30,2,diurnal,directional,LC_LI,128,913,20787507,165.19147262069455,217.19147262069455
5,3,30,2,diurnal,directional,LC_LI,129,208,20787507,178.37472410426827,247.96893370973518
5,3,30,2,diurnal,directional,LC_LI,130,2209,20787507,143.83204899053078,220.734878198514
5,3,30,2,diurnal,directional,LC_LI,131,237,20787507,201.75599661541688,297.9303838973009
5,3,30,2,diurnal,directional,LC_LI,132,1046,20787507,191.48252149524595,243.48252149524595
5,3,30,2,diurnal,directional,LC_LI,133,791,20787507,142.05924488673034,189.97619508125356
5,3,30,2,diurnal,directional,LC_LI,134,1390,20787507,165.22907033210055,250.49214489719606
5,3,30,2,diurnal,directional,LC_LI,135,1475,20787507,164.02740583313533,248.7120442742313
5,3,30,2,diurnal,directional,LC_LI,136,2147,20787507,185.2464559325237,294.9303838973009
5,3,30,2,diurnal,directional,LC_LI,137,1554,20787507,170.2791302546587,251.2791302546587
5,3,30,2,diurnal,directional,LC_LI,138,46,20787507,156.12089230985413,226.30814037152584
5,3,30,2,diurnal,directional,LC_LI,139,2577,20787507,180.72746620790957,229.67853115288588
5,3,30,2,diurnal,directional,LC_LI,140,524,20787507,123.33182747768188,161.60718187174513
5,3,30,2,diurnal,directional,LC_LI,141,152,20787507,156.55784952986892,226.55784952986892
5,3,30,2,diurnal,directional,LC_LI,142,1554,20787507,170.2791302546587,251.2791302546587
5,3,30,2,diurnal,directional,LC_LI,143,998,20787507,130.7894278684753,173.7894278684753
5,3,30,2,diurnal,directional,LC_LI,144,1519,20787507,170.3650749149673,244.470244355671
5,3,30,2,diurnal,directional,LC_LI,145,2263,20787507,152.97619508125356,210.97619508125356
5,3,30,2,diurnal,directional,LC_LI,146,2757,20787507,165.49662002019335,212.49662002019335
5,3,30,2,diurnal,directional,LC_LI,147,2236,20787507,161.78333407194316,214.78333407194316
5,3,30,2,diurnal,directional,LC_LI,148,364,20787507,165.435485575787,198.97487389910026
5,3,30,2,diurnal,directional,LC_LI,149,2361,20787507,181.3501773366782,281.3501773366782
5,3,30,2,diurnal,directional,LC_LI,150,999,20787507,162.44467679132038,193.20721738334393
5,3,30,2,diurnal,directional,LC_LI,151,1587,20787507,174.61785939638722,226.8258713351051
5,3,30,2,diurnal,directional,LC_LI,152,308,20787507,174.45051013593326,248.45051013593326
5,3,30,2,diurnal,directional,LC_LI,153,2711,20787507,135.26907322616273,193.08361775888386
5,3,30,2,diurnal,directional,LC_LI,154,2031,20787507,164.02740583313533,233.29709674108886
5,3,30,2,diurnal,directional,LC_LI,155,825,20787507,157.48252149524595,231.12477539634554
5,3,30,2,diurnal,directional,LC_LI,156,1764,20787507,144.01003528033405,171.84214595388497
5,3,30,2,diurnal,directional,LC_LI,157,546,20787507,172.23971700062674,221.23971700062674
5,3,30,2,diurnal,directional,LC_LI,158,956,20787507,177.8509970524648,232.8509970524648
5,3,30,2,diurnal,directional,LC_LI,159,1381,20787507,123.18661147072982,157.18811717204863
5,3,30,2,diurnal,directional,LC_LI,160,2287,20787507,147.9798220826812,216.61954859864554
5,3,30,2,diurnal,directional,LC_LI,161,2026,20787507,171.48252149524595,221.48252149524595
5,3,30,2,diurnal,directional,LC_LI,162,1665,20787507,173.53160126361502,248.51623947113436
5,3,30,2,diurnal,directional,LC_LI,163,2019,20787507,156.56234173042856,251.56234173042856
5,3,30,2,diurnal,directional,LC_LI,164,2568,20787507,138.81757216554126,179.92055875105405
5,3,30,2,diurnal,directional,LC_LI,165,1708,20787507,150.18811717204863,198.18811717204863
5,3,30,2,diurnal,directional,LC_LI,166,243,20787507,182.73983532435528,269.803249271308
5,3,30,2,diurnal,directional,LC_LI,167,1046,20787507,191.48252149524595,243.48252149524595
5,3,30,2,diurnal,directional,LC_LI,168,859,20787507,161.44919953904747,220.10620326459593
5,3,30,2,diurnal,directional,LC_LI,169,308,20787507,174.45051013593326,248.45051013593326
5,3,30,2,diurnal,directional,LC_LI,170,1985,20787507,174.12890529983645,241.07663058129384
5,3,30,2,diurnal,directional,LC_LI,171,956,20787507,177.8509970524648,232.8509970524648
5,3,30,2,diurnal,directional,LC_LI,172,2994,20787507,158.3208395213117,200.86217552432265
5,3,30,2,diurnal,directional,LC_LI,173,1682,20787507,175.71942934939239,242.71942934939239
5,3,30,2,diurnal,directional,LC_LI,174,913,20787507,165.19147262069455,217.19147262069455
5,3,30,2,diurnal,directional,LC_LI,175,373,20787507,146.9798220826812,201.9798220826812
5,3,30,2,diurnal,directional,LC_LI,176,2757,20787507,165.49662002019335,212.49662002019335
5,3,30,2,diurnal,directional,LC_LI,177,1171,20787507,152.01223834504697,220.30225625672722
5,3,30,2,diurnal,directional,LC_LI,178,2071,20787507,169.20721738334393,262.20721738334396
5,3,30,2,diurnal,directional,LC_LI,179,392,20787507,178.53881219859107,272.5388121985911
5,3,30,2,diurnal,directional,LC_LI,180,2179,20787507,188.435485575787,246.435485575787
5,3,30,2,diurnal,directional,LC_LI,181,2354,20787507,172.89862651065715,249.89862651065715
5,3,30,2,diurnal,directional,LC_LI,182,1001,20787507,148.97192319333925,176.0061982961031
5,3,30,2,diurnal,directional,LC_LI,183,2132,20787507,168.71320971448807,241.59654440502263
5,3,30,2,diurnal,directional,LC_LI,184,290,20787507,148.7894278684753,181.7894278684753
5,3,30,2,diurnal,directional,LC_LI,185,599,20787507,148.86054052211819,209.01391275230577
5,3,30,2,diurnal,directional,LC_LI,186,2420,20787507,163.17705177937344,195.15040464030375
5,3,30,2,diurnal,directional,LC_LI,187,1733,20787507,168.45346741198682,210.36274002179252
5,3,30,2,diurnal,directional,LC_LI,188,2691,20787507,171.55745011102806,252.10818456895737
5,3,30,2,diurnal,directional,LC_LI,189,1057,20787507,193.69835385842185,271.8291193106097
5,3,30,2,diurnal,directional,LC_LI,190,1985,20787507,174.12890529983645,241.07663058129384
5,3,30,2,diurnal,directional,LC_LI,191,599,20787507,148.86054052211819,209.01391275230577
5,3,30,2,diurnal,directional,LC_LI,192,2852,20787507,163.97192319333925,204.19147262069455
5,3,30,2,diurnal,directional,LC_LI,193,118,20787507,171.48209332817686,248.48209332817686
5,3,30,2,diurnal,directional,LC_LI,194,610,20787507,167.35434837203266,201.35434837203266
5,3,30,2,diurnal,directional,LC_LI,195,2308,20787507,169.72746620790957,216.96871697999308
5,3,30,2,diurnal,directional,LC_LI,196,558,20787507,142.18869507106876,209.41450678559647
5,3,30,2,diurnal,directional,LC_LI,197,1067,20787507,186.74427752040265,265.1327439977127
5,3,30,2,diurnal,directional,LC_LI,198,212,20787507,185.14657144987558,227.81512962258384
5,3,30,2,diurnal,directional,LC_LI,199,2287,20787507,147.9798220826812,216.61954859864554
7,5,5,2,clustered,directional,random,0,442,20987513,191.0,270.0
7,5,5,2,clustered,directional,random,1,363,20987513,187.0,397.0
7,5,5,2,clustered,directional,random,2,1477,20987513,143.0,273.0
7,5,5,2,clustered,directional,random,3,995,20987513,195.0,320.0
7,5,5,2,clustered,directional,random,4,2773,20987513,202.0,308.0
7,5,5,2,clustered,directional,random,5,1482,20987513,177.0,283.0
7,5,5,2,clustered,directional,random,6,2578,20987513,225.0,339.0
7,5,5,2,clustered,directional,random,7,760,20987513,177.0,263.0
7,5,5,2,clustered,directional,random,8,2445,20987513,200.0,266.0
7,5,5,2,clustered,directional,random,9,2097,20987513,158.0,251.0
7,5,5,2,clustered,directional,random,10,1954,20987513,179.0,332.0
7,5,5,2,clustered,directional,random,11,1480,20987513,202.0,306.0
7,5,5,2,clustered,directional,random,12,2964,20987513,255.0,419.0
7,5,5,2,clustered,directional,random,13,2387,20987513,166.0,302.0
7,5,5,2,clustered,directional,random,14,1755,20987513,177.0,300.0
7,5,5,2,clustered,directional,random,15,2298,20987513,158.0,275.0
7,5,5,2,clustered,directional,random,16,1750,20987513,182.0,250.0
7,5,5,2,clustered,directional,random,17,2669,20987513,245.0,398.0
7,5,5,2,clustered,directional,random,18,803,20987513,230.0,322.0
7,5,5,2,clustered,directional,random,19,559,20987513,144.0,198.0
7,5,5,2,clustered,directional,random,20,2321,20987513,197.0,335.0
7,5,5,2,clustered,directional,random,21,2183,20987513,185.0,347.0
7,5,5,2,clustered,directional,random,22,2409,20987513,180.0,310.0
7,5,5,2,clustered,directional,random,23,1425,20987513,168.0,266.0
7,5,5,2,clustered,directional,random,24,1685,20987513,188.0,349.0
7,5,5,2,clustered,directional,random,25,556,20987513,235.0,370.0
7,5,5,2,clustered,directional,random,26,332,20987513,226.0,348.0
7,5,5,2,clustered,directional,random,27,602,20987513,153.0,353.0
7,5,5,2,clustered,directional,random,28,1659,20987513,171.0,297.0
7,5,5,2,clustered,directional,random,29,545,20987513,186.0,286.0
7,5,5,2,clustered,directional,random,30,2598,20987513,186.0,280.0
7,5,5,2,clustered,directional,random,31,1981,20987513,231.0,360.0
7,5,5,2,clustered,directional,random,32,1623,20987513,229.0,368.0
7,5,5,2,clustered,directional,random,33,1763,20987513,173.0,319.0
7,5,5,2,clustered,directional,random,34,2077,20987513,235.0,394.0
7,5,5,2,clustered,directional,random,35,1207,20987513,219.0,349.0
7,5,5,2,clustered,directional,random,36,2048,20987513,221.0,260.0
7,5,5,2,clustered,directional,random,37,746,20987513,221.0,301.0
7,5,5,2,clustered,directional,random,38,1208,20987513,162.0,248.0
7,5,5,2,clustered,directional,random,39,2642,20987513,235.0,351.0
7,5,5,2,clustered,directional,random,40,1701,20987513,200.0,294.0
7,5,5,2,clustered,directional,random,41,1364,20987513,142.0,231.0
7,5,5,2,clustered,directional,random,42,1417,20987513,181.0,348.0
7,5,5,2,clustered,directional,random,43,1333,20987513,149.0,272.0
7,5,5,2,clustered,directional,random,44,356,20987513,167.0,281.0
7,5,5,2,clustered,directional,random,45,2702,20987513,146.0,265.0
7,5,5,2,clustered,directional,random,46,1451,20987513,198.0,330.0
7,5,5,2,clustered,directional,random,47,2481,20987513,162.0,302.0
7,5,5,2,clustered,directional,random,48,2579,20987513,202.0,262.0
7,5,5,2,clustered,directional,random,49,1882,20987513,180.0,249.0
7,5,5,2,clustered,directional,random,50,368,20987513,231.0,269.0
7,5,5,2,clustered,directional,random,51,644,20987513,181.0,253.0
7,5,5,2,clustered,directional,random,52,2881,20987513,178.0,253.0
7,5,5,2,clustered,directional,random,53,2473,20987513,211.0,324.0
7,5,5,2,clustered,directional,random,54,541,20987513,181.0,322.0
7,5,5,2,clustered,directional,random,55,1542,20987513,167.0,342.0
7,5,5,2,clustered,directional,random,56,1157,20987513,186.0,298.0
7,5,5,2,clustered,directional,random,57,1887,20987513,205.0,339.0
7,5,5,2,clustered,directional,random,58,2099,20987513,210.0,318.0
7,5,5,2,clustered,directional,random,59,2660,20987513,249.0,373.0
7,5,5,2,clustered,directional,random,60,1123,20987513,186.0,250.0
7,5,5,2,clustered,directional,random,61,523,20987513,205.0,347.0
7,5,5,2,clustered,directional,random,62,1107,20987513,231.0,312.0
7,5,5,2,clustered,directional,random,63,1439,20987513,178.0,295.0
7,5,5,2,clustered,directional,random,64,1325,20987513,162.0,311.0
7,5,5,2,clustered,directional,random,65,786,20987513,201.0,300.0
7,5,5,2,clustered,directional,random,66,2292,20987513,245.0,331.0
7,5,5,2,clustered,directional,random,67,2610,20987513,196.0,356.0
7,5,5,2,clustered,directional,random,68,2511,20987513,199.0,361.0
7,5,5,2,clustered,directional,random,69,1799,20987513,199.0,296.0
7,5,5,2,clustered,directional,random,70,2381,20987513,206.0,314.0
7,5,5,2,clustered,directional,random,71,2835,20987513,207.0,347.0
7,5,5,2,clustered,directional,random,72,1982,20987513,207.0,250.0
7,5,5,2,clustered,directional,random,73,1822,20987513,197.0,336.0
7,5,5,2,clustered,directional,random,74,132,20987513,173.0,234.0
7,5,5,2,clustered,directional,random,75,1168,20987513,180.0,255.0
7,5,5,2,clustered,directional,random,76,1506,20987513,197.0,299.0
7,5,5,2,clustered,directional,random,77,2976,20987513,181.0,306.0
7,5,5,2,clustered,directional,random,78,1798,20987513,186.0,262.0
7,5,5,2,clustered,directional,random,79,319,20987513,151.0,237.0
7,5,5,2,clustered,directional,random,80,2654,20987513,212.0,295.0
7,5,5,2,clustered,directional,random,81,2846,20987513,168.0,288.0
7,5,5,2,clustered,directional,random,82,2072,20987513,154.0,220.0
7,5,5,2,clustered,directional,random,83,2008,20987513,171.0,282.0
7,5,5,2,clustered,directional,random,84,967,20987513,172.0,286.0
7,5,5,2,clustered,directional,random,85,1894,20987513,167.0,267.0
7,5,5,2,clustered,directional,random,86,135,20987513,259.0,325.0
7,5,5,2,clustered,directional,random,87,1659,20987513,171.0,297.0
7,5,5,2,clustered,directional,random,88,1380,20987513,199.0,301.0
7,5,5,2,clustered,directional,random,89,1994,20987513,254.0,326.0
7,5,5,2,clustered,directional,random,90,141,20987513,158.0,246.0
7,5,5,2,clustered,directional,random,91,1011,20987513,177.0,271.0
7,5,5,2,clustered,directional,random,92,2187,20987513,202.0,378.0
7,5,5,2,clustered,directional,random,93,1746,20987513,193.0,341.0
7,5,5,2,clustered,directional,random,94,1427,20987513,192.0,273.0
7,5,5,2,clustered,directional,random,95,1915,20987513,139.0,237.0
7,5,5,2,clustered,directional,random,96,2380,20987513,133.0,212.0
7,5,5,2,clustered,directional,random,97,1756,20987513,233.0,298.0
7,5,5,2,clustered,directional,random,98,2282,20987513,164.0,219.0
7,5,5,2,clustered,directional,random,99,717,20987513,187.0,347.0
7,5,5,2,clustered,directional,random,100,517,20987513,178.0,283.0
7,5,5,2,clustered,directional,random,101,992,20987513,234.0,382.0
7,5,5,2,clustered,directional,random,102,151,20987513,182.0,307.0
7,5,5,2,clustered,directional,random,103,2251,20987513,192.0,317.0
7,5,5,2,clustered,directional,random,104,646,20987513,175.0,329.0
7,5,5,2,clustered,directional,random,105,773,20987513,190.0,310.0
7,5,5,2,clustered,directional,random,106,1809,20987513,162.0,269.0
7,5,5,2,clustered,directional,random,107,1410,20987513,173.0,238.0
7,5,5,2,clustered,directional,random,108,288,20987513,167.0,300.0
7,5,5,2,clustered,directional,random,109,2113,20987513,174.0,237.0
7,5,5,2,clustered,directional,random,110,765,20987513,240.0,352.0
7,5,5,2,clustered,directional,random,111,1839,20987513,177.0,279.0
7,5,5,2,clustered,directional,random,112,2766,20987513,178.0,237.0
7,5,5,2,clustered,directional,random,113,1348,20987513,177.0,293.0
7,5,5,2,clustered,directional,random,114,2051,20987513,197.0,344.0
7,5,5,2,clustered,directional,random,115,49,20987513,239.0,347.0
7,5,5,2,clustered,directional,random,116,2628,20987513,181.0,302.0
7,5,5,2,clustered,directional,random,117,186,20987513,217.0,384.0
7,5,5,2,clustered,directional,random,118,6,20987513,197.0,351.0
7,5,5,2,clustered,directional,random,119,2753,20987513,226.0,308.0
7,5,5,2,clustered,directional,random,120,830,20987513,172.0,247.0
7,5,5,2,clustered,directional,random,121,2352,20987513,177.0,352.0
7,5,5,2,clustered,directional,random,122,301,20987513,162.0,285.0
7,5,5,2,clustered,directional,random,123,994,20987513,154.0,303.0
7,5,5,2,clustered,directional,random,124,1204,20987513,211.0,285.0
7,5,5,2,clustered,directional,random,125,2437,20987513,161.0,265.0
7,5,5,2,clustered,directional,random,126,1518,20987513,129.0,266.0
7,5,5,2,clustered,directional,random,127,2682,20987513,148.0,212.0
7,5,5,2,clustered,directional,random,128,47,20987513,235.0,363.0
7,5,5,2,clustered,directional,random,129,1854,20987513,195.0,263.0
7,5,5,2,clustered,directional,random,130,1058,20987513,203.0,282.0
7,5,5,2,clustered,directional,random,131,2437,20987513,161.0,265.0
7,5,5,2,clustered,directional,random,132,305,20987513,158.0,228.0
7,5,5,2,clustered,directional,random,133,2502,20987513,196.0,358.0
7,5,5,2,clustered,directional,random,134,713,20987513,157.0,197.0
7,5,5,2,clustered,directional,random,135,546,20987513,177.0,244.0
7,5,5,2,clustered,directional,random,136,1453,20987513,186.0,315.0
7,5,5,2,clustered,directional,random,137,2372,20987513,200.0,287.0
7,5,5,2,clustered,directional,random,138,1750,20987513,182.0,250.0
7,5,5,2,clustered,directional,random,139,2415,20987513,148.0,310.0
7,5,5,2,clustered,directional,random,140,1540,20987513,149.0,268.0
7,5,5,2,clustered,directional,random,141,1053,20987513,172.0,267.0
7,5,5,2,clustered,directional,random,142,51,20987513,177.0,301.0
7,5,5,2,clustered,directional,random,143,2702,20987513,146.0,265.0
7,5,5,2,clustered,directional,random,144,117,20987513,163.0,241.0
7,5,5,2,clustered,directional,random,145,2714,20987513,204.0,302.0
7,5,5,2,clustered,directional,random,146,1409,20987513,209.0,310.0
7,5,5,2,clustered,directional,random,147,707,20987513,192.0,301.0
7,5,5,2,clustered,directional,random,148,798,20987513,187.0,300.0
7,5,5,2,clustered,directional,random,149,2835,20987513,207.0,347.0
7,5,5,2,clustered,directional,random,150,643,20987513,177.0,298.0
7,5,5,2,clustered,directional,random,151,1115,20987513,152.0,208.0
7,5,5,2,clustered,directional,random,152,1283,20987513,186.0,257.0
7,5,5,2,clustered,directional,random,153,293,20987513,182.0,357.0
7,5,5,2,clustered,directional,random,154,786,20987513,201.0,300.0
7,5,5,2,clustered,directional,random,155,2779,20987513,152.0,187.0
7,5,5,2,clustered,directional,random,156,1653,20987513,185.0,248.0
7,5,5,2,clustered,directional,random,157,1368,20987513,153.0,242.0
7,5,5,2,clustered,directional,random,158,817,20987513,192.0,311.0
7,5,5,2,clustered,directional,random,159,1157,20987513,186.0,298.0
7,5,5,2,clustered,directional,random,160,1482,20987513,177.0,283.0
7,5,5,2,clustered,directional,random,161,1411,20987513,177.0,253.0
7,5,5,2,clustered,directional,random,162,1764,20987513,167.0,252.0
7,5,5,2,clustered,directional,random,163,1955,20987513,253.0,407.0
7,5,5,2,clustered,directional,random,164,2183,20987513,185.0,347.0
7,5,5,2,clustered,directional,random,165,1764,20987513,167.0,252.0
7,5,5,2,clustered,directional,random,166,1190,20987513,212.0,321.0
7,5,5,2,clustered,directional,random,167,1501,20987513,210.0,351.0
7,5,5,2,clustered,directional,random,168,2695,20987513,152.0,262.0
7,5,5,2,clustered,directional,random,169,1882,20987513,180.0,249.0
7,5,5,2,clustered,directional,random,170,1717,20987513,220.0,338.0
7,5,5,2,clustered,directional,random,171,107,20987513,239.0,358.0
7,5,5,2,clustered,directional,random,172,1753,20987513,177.0,335.0
7,5,5,2,clustered,directional,random,173,2318,20987513,171.0,223.0
7,5,5,2,clustered,directional,random,174,876,20987513,143.0,281.0
7,5,5,2,clustered,directional,random,175,402,20987513,190.0,323.0
7,5,5,2,clustered,directional,random,176,2230,20987513,139.0,246.0
7,5,5,2,clustered,directional,random,177,274,20987513,168.0,328.0
7,5,5,2,clustered,directional,random,178,1957,20987513,239.0,313.0
7,5,5,2,clustered,directional,random,179,2816,20987513,206.0,344.0
7,5,5,2,clustered,directional,random,180,2198,20987513,200.0,306.0
7,5,5,2,clustered,directional,random,181,526,20987513,163.0,286.0
7,5,5,2,clustered,directional,random,182,1509,20987513,182.0,268.0
7,5,5,2,clustered,directional,random,183,1764,20987513,167.0,252.0
7,5,5,2,clustered,directional,random,184,868,20987513,154.0,225.0
7,5,5,2,clustered,directional,random,185,976,20987513,200.0,344.0
7,5,5,2,clustered,directional,random,186,2421,20987513,168.0,265.0
7,5,5,2,clustered,directional,random,187,1863,20987513,149.0,312.0
7,5,5,2,clustered,directional,random,188,2352,20987513,177.0,352.0
7,5,5,2,clustered,directional,random,189,660,20987513,132.0,171.0
7,5,5,2,clustered,directional,random,190,1786,20987513,190.0,346.0
7,5,5,2,clustered,directional,random,191,1220,20987513,192.0,349.0
7,5,5,2,clustered,directional,random,192,2272,20987513,193.0,321.0
7,5,5,2,clustered,directional,random,193,2833,20987513,162.0,317.0
7,5,5,2,clustered,directional,random,194,349,20987513,171.0,311.0
7,5,5,2,clustered,directional,random,195,1234,20987513,166.0,329.0
7,5,5,2,clustered,directional,random,196,2394,20987513,210.0,300.0
7,5,5,2,clustered,directional,random,197,795,20987513,158.0,286.0
7,5,5,2,clustered,directional,random,198,139,20987513,215.0,346.0
7,5,5,2,clustered,directional,random,199,882,20987513,202.0,384.0
7,5,5,2,clustered,directional,HC_HI,0,1587,20987513,183.0,311.0
7,5,5,2,clustered,directional,HC_HI,1,2580,20987513,186.0,317.0
7,5,5,2,clustered,directional,HC_HI,2,1805,20987513,247.0,348.0
7,5,5,2,clustered,directional,HC_HI,3,2605,20987513,195.0,331.0
7,5,5,2,clustered,directional,HC_HI,4,2266,20987513,191.0,275.0
7,5,5,2,clustered,directional,HC_HI,5,1537,20987513,233.0,369.0
7,5,5,2,clustered,directional,HC_HI,6,577,20987513,197.0,318.0
7,5,5,2,clustered,directional,HC_HI,7,2891,20987513,167.0,300.0
7,5,5,2,clustered,directional,HC_HI,8,219,20987513,236.0,324.0
7,5,5,2,clustered,directional,HC_HI,9,558,20987513,240.0,377.0
7,5,5,2,clustered,directional,HC_HI,10,248,20987513,240.0,378.0
7,5,5,2,clustered,directional,HC_HI,11,2568,20987513,230.0,336.0
7,5,5,2,clustered,directional,HC_HI,12,960,20987513,216.0,357.0
7,5,5,2,clustered,directional,HC_HI,13,558,20987513,240.0,377.0
7,5,5,2,clustered,directional,HC_HI,14,218,20987513,177.0,294.0
7,5,5,2,clustered,directional,HC_HI,15,553,20987513,191.0,276.0
7,5,5,2,clustered,directional,HC_HI,16,627,20987513,186.0,275.0
7,5,5,2,clustered,directional,HC_HI,17,1278,20987513,213.0,367.0
7,5,5,2,clustered,directional,HC_HI,18,1,20987513,201.0,311.0
7,5,5,2,clustered,directional,HC_HI,19,831,20987513,242.0,408.0
7,5,5,2,clustered,directional,HC_HI,20,1414,20987513,216.0,298.0
7,5,5,2,clustered,directional,HC_HI,21,807,20987513,220.0,354.0
7,5,5,2,clustered,directional,HC_HI,22,650,20987513,186.0,309.0
7,5,5,2,clustered,directional,HC_HI,23,1035,20987513,178.0,326.0
7,5,5,2,clustered,directional,HC_HI,24,576,20987513,183.0,301.0
7,5,5,2,clustered,directional,HC_HI,25,736,20987513,167.0,345.0
7,5,5,2,clustered,directional,HC_HI,26,2954,20987513,234.0,310.0
7,5,5,2,clustered,directional,HC_HI,27,2353,20987513,168.0,255.0
7,5,5,2,clustered,directional,HC_HI,28,2871,20987513,187.0,310.0
7,5,5,2,clustered,directional,HC_HI,29,1414,20987513,216.0,298.0
7,5,5,2,clustered,directional,HC_HI,30,124,20987513,186.0,376.0
7,5,5,2,clustered,directional,HC_HI,31,1634,20987513,192.0,340.0
7,5,5,2,clustered,directional,HC_HI,32,1754,20987513,251.0,380.0
7,5,5,2,clustered,directional,HC_HI,33,424,20987513,197.0,352.0
7,5,5,2,clustered,directional,HC_HI,34,1369,20987513,187.0,278.0
7,5,5,2,clustered,directional,HC_HI,35,1756,20987513,233.0,298.0
7,5,5,2,clustered,directional,HC_HI,36,173,20987513,173.0,329.0
7,5,5,2,clustered,directional,HC_HI,37,2075,20987513,265.0,367.0
7,5,5,2,clustered,directional,HC_HI,38,219,20987513,236.0,324.0
7,5,5,2,clustered,directional,HC_HI,39,2536,20987513,201.0,351.0
7,5,5,2,clustered,directional,HC_HI,40,1552,20987513,240.0,400.0
7,5,5,2,clustered,directional,HC_HI,41,1431,20987513,226.0,308.0
7,5,5,2,clustered,directional,HC_HI,42,218,20987513,177.0,294.0
7,5,5,2,clustered,directional,HC_HI,43,1086,20987513,211.0,332.0
7,5,5,2,clustered,directional,HC_HI,44,1911,20987513,185.0,376.0
7,5,5,2,clustered,directional,HC_HI,45,877,20987513,201.0,298.0
7,5,5,2,clustered,directional,HC_HI,46,2975,20987513,172.0,249.0
7,5,5,2,clustered,directional,HC_HI,47,1555,20987513,181.0,299.0
7,5,5,2,clustered,directional,HC_HI,48,2176,20987513,202.0,323.0
7,5,5,2,clustered,directional,HC_HI,49,1661,20987513,209.0,341.0
7,5,5,2,clustered,directional,HC_HI,50,1278,20987513,213.0,367.0
7,5,5,2,clustered,directional,HC_HI,51,1455,20987513,196.0,309.0
7,5,5,2,clustered,directional,HC_HI,52,711,20987513,172.0,299.0
7,5,5,2,clustered,directional,HC_HI,53,1661,20987513,209.0,341.0
7,5,5,2,clustered,directional,HC_HI,54,1527,20987513,196.0,325.0
7,5,5,2,clustered,directional,HC_HI,55,994,20987513,154.0,303.0
7,5,5,2,clustered,directional,HC_HI,56,692,20987513,211.0,347.0
7,5,5,2,clustered,directional,HC_HI,57,2340,20987513,181.0,311.0
7,5,5,2,clustered,directional,HC_HI,58,2580,20987513,186.0,317.0
7,5,5,2,clustered,directional,HC_HI,59,1159,20987513,181.0,265.0
7,5,5,2,clustered,directional,HC_HI,60,882,20987513,202.0,384.0
7,5,5,2,clustered,directional,HC_HI,61,577,20987513,197.0,318.0
7,5,5,2,clustered,directional,HC_HI,62,1101,20987513,198.0,302.0
7,5,5,2,clustered,directional,HC_HI,63,1672,20987513,197.0,375.0
7,5,5,2,clustered,directional,HC_HI,64,1587,20987513,183.0,311.0
7,5,5,2,clustered,directional,HC_HI,65,2321,20987513,197.0,335.0
7,5,5,2,clustered,directional,HC_HI,66,593,20987513,225.0,357.0
7,5,5,2,clustered,directional,HC_HI,67,877,20987513,201.0,298.0
7,5,5,2,clustered,directional,HC_HI,68,1674,20987513,216.0,347.0
7,5,5,2,clustered,directional,HC_HI,69,302,20987513,230.0,289.0
7,5,5,2,clustered,directional,HC_HI,70,2024,20987513,205.0,344.0
7,5,5,2,clustered,directional,HC_HI,71,2353,20987513,168.0,255.0
7,5,5,2,clustered,directional,HC_HI,72,2085,20987513,197.0,387.0
7,5,5,2,clustered,directional,HC_HI,73,385,20987513,230.0,347.0
7,5,5,2,clustered,directional,HC_HI,74,576,20987513,183.0,301.0
7,5,5,2,clustered,directional,HC_HI,75,2266,20987513,191.0,275.0
7,5,5,2,clustered,directional,HC_HI,76,436,20987513,207.0,303.0
7,5,5,2,clustered,directional,HC_HI,77,807,20987513,220.0,354.0
7,5,5,2,clustered,directional,HC_HI,78,1634,20987513,192.0,340.0
7,5,5,2,clustered,directional,HC_HI,79,1854,20987513,195.0,263.0
7,5,5,2,clustered,directional,HC_HI,80,82,20987513,196.0,324.0
7,5,5,2,clustered,directional,HC_HI,81,1587,20987513,183.0,311.0
7,5,5,2,clustered,directional,HC_HI,82,2292,20987513,245.0,331.0
7,5,5,2,clustered,directional,HC_HI,83,56,20987513,187.0,375.0
7,5,5,2,clustered,directional,HC_HI,84,2422,20987513,187.0,274.0
7,5,5,2,clustered,directional,HC_HI,85,669,20987513,186.0,352.0
7,5,5,2,clustered,directional,HC_HI,86,1571,20987513,221.0,301.0
7,5,5,2,clustered,directional,HC_HI,87,2659,20987513,206.0,296.0
7,5,5,2,clustered,directional,HC_HI,88,1754,20987513,251.0,380.0
7,5,5,2,clustered,directional,HC_HI,89,2536,20987513,201.0,351.0
7,5,5,2,clustered,directional,HC_HI,90,995,20987513,195.0,320.0
7,5,5,2,clustered,directional,HC_HI,91,2954,20987513,234.0,310.0
7,5,5,2,clustered,directional,HC_HI,92,2360,20987513,214.0,356.0
7,5,5,2,clustered,directional,HC_HI,93,1717,20987513,220.0,338.0
7,5,5,2,clustered,directional,HC_HI,94,1431,20987513,226.0,308.0
7,5,5,2,clustered,directional,HC_HI,95,553,20987513,191.0,276.0
7,5,5,2,clustered,directional,HC_HI,96,2206,20987513,177.0,315.0
7,5,5,2,clustered,directional,HC_HI,97,1537,20987513,233.0,369.0
7,5,5,2,clustered,directional,HC_HI,98,784,20987513,234.0,374.0
7,5,5,2,clustered,directional,HC_HI,99,1744,20987513,220.0,308.0
7,5,5,2,clustered,directional,HC_HI,100,2660,20987513,249.0,373.0
7,5,5,2,clustered,directional,HC_HI,101,2483,20987513,255.0,376.0
7,5,5,2,clustered,directional,HC_HI,102,2939,20987513,270.0,372.0
7,5,5,2,clustered,directional,HC_HI,103,2274,20987513,156.0,335.0
7,5,5,2,clustered,directional,HC_HI,104,656,20987513,222.0,319.0
7,5,5,2,clustered,directional,HC_HI,105,1674,20987513,216.0,347.0
7,5,5,2,clustered,directional,HC_HI,106,1278,20987513,213.0,367.0
7,5,5,2,clustered,directional,HC_HI,107,2939,20987513,270.0,372.0
7,5,5,2,clustered,directional,HC_HI,108,2613,20987513,185.0,382.0
7,5,5,2,clustered,directional,HC_HI,109,56,20987513,187.0,375.0
7,5,5,2,clustered,directional,HC_HI,110,248,20987513,240.0,378.0
7,5,5,2,clustered,directional,HC_HI,111,124,20987513,186.0,376.0
7,5,5,2,clustered,directional,HC_HI,112,1634,20987513,192.0,340.0
7,5,5,2,clustered,directional,HC_HI,113,2536,20987513,201.0,351.0
7,5,5,2,clustered,directional,HC_HI,114,408,20987513,205.0,302.0
7,5,5,2,clustered,directional,HC_HI,115,793,20987513,207.0,284.0
7,5,5,2,clustered,directional,HC_HI,116,2057,20987513,164.0,282.0
7,5,5,2,clustered,directional,HC_HI,117,310,20987513,192.0,295.0
7,5,5,2,clustered,directional,HC_HI,118,2731,20987513,177.0,331.0
7,5,5,2,clustered,directional,HC_HI,119,2292,20987513,245.0,331.0
7,5,5,2,clustered,directional,HC_HI,120,1571,20987513,221.0,301.0
7,5,5,2,clustered,directional,HC_HI,121,682,20987513,226.0,344.0
7,5,5,2,clustered,directional,HC_HI,122,2019,20987513,172.0,252.0
7,5,5,2,clustered,directional,HC_HI,123,2453,20987513,202.0,296.0
7,5,5,2,clustered,directional,HC_HI,124,2340,20987513,181.0,311.0
7,5,5,2,clustered,directional,HC_HI,125,882,20987513,202.0,384.0
7,5,5,2,clustered,directional,HC_HI,126,1278,20987513,213.0,367.0
7,5,5,2,clustered,directional,HC_HI,127,2075,20987513,265.0,367.0
7,5,5,2,clustered,directional,HC_HI,128,1744,20987513,220.0,308.0
7,5,5,2,clustered,directional,HC_HI,129,1674,20987513,216.0,347.0
7,5,5,2,clustered,directional,HC_HI,130,1975,20987513,181.0,352.0
7,5,5,2,clustered,directional,HC_HI,131,1278,20987513,213.0,367.0
7,5,5,2,clustered,directional,HC_HI,132,1805,20987513,247.0,348.0
7,5,5,2,clustered,directional,HC_HI,133,1159,20987513,181.0,265.0
7,5,5,2,clustered,directional,HC_HI,134,2057,20987513,164.0,282.0
7,5,5,2,clustered,directional,HC_HI,135,2580,20987513,186.0,317.0
7,5,5,2,clustered,directional,HC_HI,136,310,20987513,192.0,295.0
7,5,5,2,clustered,directional,HC_HI,137,56,20987513,187.0,375.0
7,5,5,2,clustered,directional,HC_HI,138,1187,20987513,211.0,334.0
7,5,5,2,clustered,directional,HC_HI,139,56,20987513,187.0,375.0
7,5,5,2,clustered,directional,HC_HI,140,807,20987513,220.0,354.0
7,5,5,2,clustered,directional,HC_HI,141,1859,20987513,213.0,381.0
7,5,5,2,clustered,directional,HC_HI,142,2176,20987513,202.0,323.0
7,5,5,2,clustered,directional,HC_HI,143,648,20987513,206.0,300.0
7,5,5,2,clustered,directional,HC_HI,144,1305,20987513,230.0,390.0
7,5,5,2,clustered,directional,HC_HI,145,1834,20987513,201.0,314.0
7,5,5,2,clustered,directional,HC_HI,146,1,20987513,201.0,311.0
7,5,5,2,clustered,directional,HC_HI,147,1348,20987513,177.0,293.0
7,5,5,2,clustered,directional,HC_HI,148,650,20987513,186.0,309.0
7,5,5,2,clustered,directional,HC_HI,149,1521,20987513,231.0,366.0
7,5,5,2,clustered,directional,HC_HI,150,1640,20987513,228.0,338.0
7,5,5,2,clustered,directional,HC_HI,151,2928,20987513,212.0,302.0
7,5,5,2,clustered,directional,HC_HI,152,1263,20987513,234.0,402.0
7,5,5,2,clustered,directional,HC_HI,153,711,20987513,172.0,299.0
7,5,5,2,clustered,directional,HC_HI,154,1717,20987513,220.0,338.0
7,5,5,2,clustered,directional,HC_HI,155,1708,20987513,234.0,369.0
7,5,5,2,clustered,directional,HC_HI,156,1861,20987513,196.0,326.0
7,5,5,2,clustered,directional,HC_HI,157,1599,20987513,206.0,336.0
7,5,5,2,clustered,directional,HC_HI,158,391,20987513,188.0,387.0
7,5,5,2,clustered,directional,HC_HI,159,2453,20987513,202.0,296.0
7,5,5,2,clustered,directional,HC_HI,160,2019,20987513,172.0,252.0
7,5,5,2,clustered,directional,HC_HI,161,711,20987513,172.0,299.0
7,5,5,2,clustered,directional,HC_HI,162,1978,20987513,210.0,337.0
7,5,5,2,clustered,directional,HC_HI,163,793,20987513,207.0,284.0
7,5,5,2,clustered,directional,HC_HI,164,2176,20987513,202.0,323.0
7,5,5,2,clustered,directional,HC_HI,165,1674,20987513,216.0,347.0
7,5,5,2,clustered,directional,HC_HI,166,1754,20987513,251.0,380.0
7,5,5,2,clustered,directional,HC_HI,167,332,20987513,226.0,348.0
7,5,5,2,clustered,directional,HC_HI,168,1828,20987513,148.0,290.0
7,5,5,2,clustered,directional,HC_HI,169,711,20987513,172.0,299.0
7,5,5,2,clustered,directional,HC_HI,170,1035,20987513,178.0,326.0
7,5,5,2,clustered,directional,HC_HI,171,2835,20987513,207.0,347.0
7,5,5,2,clustered,directional,HC_HI,172,2483,20987513,255.0,376.0
7,5,5,2,clustered,directional,HC_HI,173,669,20987513,186.0,352.0
7,5,5,2,clustered,directional,HC_HI,174,558,20987513,240.0,377.0
7,5,5,2,clustered,directional,HC_HI,175,2536,20987513,201.0,351.0
7,5,5,2,clustered,directional,HC_HI,176,1756,20987513,233.0,298.0
7,5,5,2,clustered,directional,HC_HI,177,218,20987513,177.0,294.0
7,5,5,2,clustered,directional,HC_HI,178,124,20987513,186.0,376.0
7,5,5,2,clustered,directional,HC_HI,179,2176,20987513,202.0,323.0
7,5,5,2,clustered,directional,HC_HI,180,1521,20987513,231.0,366.0
7,5,5,2,clustered,directional,HC_HI,181,1674,20987513,216.0,347.0
7,5,5,2,clustered,directional,HC_HI,182,1,20987513,201.0,311.0
7,5,5,2,clustered,directional,HC_HI,183,2928,20987513,212.0,302.0
7,5,5,2,clustered,directional,HC_HI,184,1047,20987513,222.0,337.0
7,5,5,2,clustered,directional,HC_HI,185,1187,20987513,211.0,334.0
7,5,5,2,clustered,directional,HC_HI,186,2816,20987513,206.0,344.0
7,5,5,2,clustered,directional,HC_HI,187,831,20987513,242.0,408.0
7,5,5,2,clustered,directional,HC_HI,188,1887,20987513,205.0,339.0
7,5,5,2,clustered,directional,HC_HI,189,2321,20987513,197.0,335.0
7,5,5,2,clustered,directional,HC_HI,190,2826,20987513,163.0,211.0
7,5,5,2,clustered,directional,HC_HI,191,1204,20987513,211.0,285.0
7,5,5,2,clustered,directional,HC_HI,192,1120,20987513,217.0,298.0
7,5,5,2,clustered,directional,HC_HI,193,1086,20987513,211.0,332.0
7,5,5,2,clustered,directional,HC_HI,194,872,20987513,190.0,336.0
7,5,5,2,clustered,directional,HC_HI,195,681,20987513,235.0,340.0
7,5,5,2,clustered,directional,HC_HI,196,1978,20987513,210.0,337.0
7,5,5,2,clustered,directional,HC_HI,197,1640,20987513,228.0,338.0
7,5,5,2,clustered,directional,HC_HI,198,1505,20987513,216.0,281.0
7,5,5,2,clustered,directional,HC_HI,199,2364,20987513,196.0,334.0
7,5,5,2,clustered,directional,HC_LI,0,1097,20987513,186.0,286.0
7,5,5,2,clustered,directional,HC_LI,1,1969,20987513,206.0,349.0
7,5,5,2,clustered,directional,HC_LI,2,1016,20987513,192.0,338.0
7,5,5,2,clustered,directional,HC_LI,3,1700,20987513,181.0,299.0
7,5,5,2,clustered,directional,HC_LI,4,2131,20987513,211.0,354.0
7,5,5,2,clustered,directional,HC_LI,5,29,20987513,188.0,286.0
7,5,5,2,clustered,directional,HC_LI,6,1191,20987513,146.0,283.0
7,5,5,2,clustered,directional,HC_LI,7,383,20987513,162.0,278.0
7,5,5,2,clustered,directional,HC_LI,8,198,20987513,211.0,356.0
7,5,5,2,clustered,directional,HC_LI,9,1969,20987513,206.0,349.0
7,5,5,2,clustered,directional,HC_LI,10,1412,20987513,191.0,276.0
7,5,5,2,clustered,directional,HC_LI,11,1588,20987513,205.0,371.0
7,5,5,2,clustered,directional,HC_LI,12,2190,20987513,192.0,314.0
7,5,5,2,clustered,directional,HC_LI,13,2066,20987513,206.0,330.0
7,5,5,2,clustered,directional,HC_LI,14,29,20987513,188.0,286.0
7,5,5,2,clustered,directional,HC_LI,15,134,20987513,172.0,293.0
7,5,5,2,clustered,directional,HC_LI,16,686,20987513,240.0,436.0
7,5,5,2,clustered,directional,HC_LI,17,1040,20987513,215.0,342.0
7,5,5,2,clustered,directional,HC_LI,18,1354,20987513,177.0,295.0
7,5,5,2,clustered,directional,HC_LI,19,2810,20987513,158.0,268.0
7,5,5,2,clustered,directional,HC_LI,20,1337,20987513,260.0,438.0
7,5,5,2,clustered,directional,HC_LI,21,262,20987513,187.0,326.0
7,5,5,2,clustered,directional,HC_LI,22,272,20987513,167.0,311.0
7,5,5,2,clustered,directional,HC_LI,23,1538,20987513,206.0,265.0
7,5,5,2,clustered,directional,HC_LI,24,866,20987513,255.0,349.0
7,5,5,2,clustered,directional,HC_LI,25,1192,20987513,185.0,382.0
7,5,5,2,clustered,directional,HC_LI,26,2544,20987513,241.0,357.0
7,5,5,2,clustered,directional,HC_LI,27,1957,20987513,239.0,313.0
7,5,5,2,clustered,directional,HC_LI,28,1924,20987513,207.0,339.0
7,5,5,2,clustered,directional,HC_LI,29,2476,20987513,251.0,389.0
7,5,5,2,clustered,directional,HC_LI,30,1935,20987513,206.0,322.0
7,5,5,2,clustered,directional,HC_LI,31,1500,20987513,181.0,312.0
7,5,5,2,clustered,directional,HC_LI,32,2877,20987513,176.0,288.0
7,5,5,2,clustered,directional,HC_LI,33,1474,20987513,214.0,303.0
7,5,5,2,clustered,directional,HC_LI,34,673,20987513,173.0,333.0
7,5,5,2,clustered,directional,HC_LI,35,1924,20987513,207.0,339.0
7,5,5,2,clustered,directional,HC_LI,36,1040,20987513,215.0,342.0
7,5,5,2,clustered,directional,HC_LI,37,1560,20987513,231.0,320.0
7,5,5,2,clustered,directional,HC_LI,38,704,20987513,195.0,335.0
7,5,5,2,clustered,directional,HC_LI,39,102,20987513,201.0,340.0
7,5,5,2,clustered,directional,HC_LI,40,914,20987513,197.0,315.0
7,5,5,2,clustered,directional,HC_LI,41,2496,20987513,211.0,363.0
7,5,5,2,clustered,directional,HC_LI,42,674,20987513,206.0,364.0
7,5,5,2,clustered,directional,HC_LI,43,1499,20987513,134.0,305.0
7,5,5,2,clustered,directional,HC_LI,44,2180,20987513,187.0,302.0
7,5,5,2,clustered,directional,HC_LI,45,1658,20987513,201.0,310.0
7,5,5,2,clustered,directional,HC_LI,46,2749,20987513,205.0,376.0
7,5,5,2,clustered,directional,HC_LI,47,306,20987513,225.0,430.0
7,5,5,2,clustered,directional,HC_LI,48,113,20987513,190.0,346.0
7,5,5,2,clustered,directional,HC_LI,49,2502,20987513,196.0,358.0
7,5,5,2,clustered,directional,HC_LI,50,674,20987513,206.0,364.0
7,5,5,2,clustered,directional,HC_LI,51,2796,20987513,220.0,421.0
7,5,5,2,clustered,directional,HC_LI,52,2916,20987513,255.0,354.0
7,5,5,2,clustered,directional,HC_LI,53,798,20987513,187.0,300.0
7,5,5,2,clustered,directional,HC_LI,54,2775,20987513,265.0,434.0
7,5,5,2,clustered,directional,HC_LI,55,1040,20987513,215.0,342.0
7,5,5,2,clustered,directional,HC_LI,56,272,20987513,167.0,311.0
7,5,5,2,clustered,directional,HC_LI,57,503,20987513,207.0,388.0
7,5,5,2,clustered,directional,HC_LI,58,2952,20987513,207.0,340.0
7,5,5,2,clustered,directional,HC_LI,59,1902,20987513,181.0,305.0
7,5,5,2,clustered,directional,HC_LI,60,1863,20987513,149.0,312.0
7,5,5,2,clustered,directional,HC_LI,61,1560,20987513,231.0,320.0
7,5,5,2,clustered,directional,HC_LI,62,502,20987513,172.0,255.0
7,5,5,2,clustered,directional,HC_LI,63,2145,20987513,130.0,232.0
7,5,5,2,clustered,directional,HC_LI,64,674,20987513,206.0,364.0
7,5,5,2,clustered,directional,HC_LI,65,2626,20987513,178.0,355.0
7,5,5,2,clustered,directional,HC_LI,66,69,20987513,236.0,360.0
7,5,5,2,clustered,directional,HC_LI,67,2564,20987513,259.0,438.0
7,5,5,2,clustered,directional,HC_LI,68,855,20987513,198.0,289.0
7,5,5,2,clustered,directional,HC_LI,69,2190,20987513,192.0,314.0
7,5,5,2,clustered,directional,HC_LI,70,780,20987513,197.0,324.0
7,5,5,2,clustered,directional,HC_LI,71,855,20987513,198.0,289.0
7,5,5,2,clustered,directional,HC_LI,72,1693,20987513,186.0,357.0
7,5,5,2,clustered,directional,HC_LI,73,855,20987513,198.0,289.0
7,5,5,2,clustered,directional,HC_LI,74,2814,20987513,200.0,333.0
7,5,5,2,clustered,directional,HC_LI,75,429,20987513,192.0,255.0
7,5,5,2,clustered,directional,HC_LI,76,1353,20987513,178.0,308.0
7,5,5,2,clustered,directional,HC_LI,77,2243,20987513,231.0,365.0
7,5,5,2,clustered,directional,HC_LI,78,2269,20987513,200.0,253.0
7,5,5,2,clustered,directional,HC_LI,79,1072,20987513,199.0,283.0
7,5,5,2,clustered,directional,HC_LI,80,255,20987513,221.0,387.0
7,5,5,2,clustered,directional,HC_LI,81,313,20987513,201.0,311.0
7,5,5,2,clustered,directional,HC_LI,82,2039,20987513,225.0,354.0
7,5,5,2,clustered,directional,HC_LI,83,2658,20987513,206.0,341.0
7,5,5,2,clustered,directional,HC_LI,84,71,20987513,187.0,336.0
7,5,5,2,clustered,directional,HC_LI,85,62,20987513,245.0,361.0
7,5,5,2,clustered,directional,HC_LI,86,503,20987513,207.0,388.0
7,5,5,2,clustered,directional,HC_LI,87,2692,20987513,268.0,419.0
7,5,5,2,clustered,directional,HC_LI,88,257,20987513,216.0,367.0
7,5,5,2,clustered,directional,HC_LI,89,1700,20987513,181.0,299.0
7,5,5,2,clustered,directional,HC_LI,90,1191,20987513,146.0,283.0
7,5,5,2,clustered,directional,HC_LI,91,2952,20987513,207.0,340.0
7,5,5,2,clustered,directional,HC_LI,92,855,20987513,198.0,289.0
7,5,5,2,clustered,directional,HC_LI,93,100,20987513,196.0,281.0
7,5,5,2,clustered,directional,HC_LI,94,567,20987513,187.0,257.0
7,5,5,2,clustered,directional,HC_LI,95,2775,20987513,265.0,434.0
7,5,5,2,clustered,directional,HC_LI,96,1542,20987513,167.0,342.0
7,5,5,2,clustered,directional,HC_LI,97,1353,20987513,178.0,308.0
7,5,5,2,clustered,directional,HC_LI,98,798,20987513,187.0,300.0
7,5,5,2,clustered,directional,HC_LI,99,2337,20987513,181.0,331.0
7,5,5,2,clustered,directional,HC_LI,100,2625,20987513,225.0,385.0
7,5,5,2,clustered,directional,HC_LI,101,2160,20987513,199.0,335.0
7,5,5,2,clustered,directional,HC_LI,102,1184,20987513,251.0,383.0
7,5,5,2,clustered,directional,HC_LI,103,1767,20987513,215.0,385.0
7,5,5,2,clustered,directional,HC_LI,104,914,20987513,197.0,315.0
7,5,5,2,clustered,directional,HC_LI,105,1498,20987513,196.0,333.0
7,5,5,2,clustered,directional,HC_LI,106,2658,20987513,206.0,341.0
7,5,5,2,clustered,directional,HC_LI,107,313,20987513,201.0,311.0
7,5,5,2,clustered,directional,HC_LI,108,780,20987513,197.0,324.0
7,5,5,2,clustered,directional,HC_LI,109,1699,20987513,181.0,341.0
7,5,5,2,clustered,directional,HC_LI,110,2749,20987513,205.0,376.0
7,5,5,2,clustered,directional,HC_LI,111,2370,20987513,210.0,412.0
7,5,5,2,clustered,directional,HC_LI,112,23,20987513,211.0,381.0
7,5,5,2,clustered,directional,HC_LI,113,1016,20987513,192.0,338.0
7,5,5,2,clustered,directional,HC_LI,114,2238,20987513,158.0,286.0
7,5,5,2,clustered,directional,HC_LI,115,1500,20987513,181.0,312.0
7,5,5,2,clustered,directional,HC_LI,116,231,20987513,182.0,295.0
7,5,5,2,clustered,directional,HC_LI,117,272,20987513,167.0,311.0
7,5,5,2,clustered,directional,HC_LI,118,71,20987513,187.0,336.0
7,5,5,2,clustered,directional,HC_LI,119,1538,20987513,206.0,265.0
7,5,5,2,clustered,directional,HC_LI,120,1437,20987513,205.0,308.0
7,5,5,2,clustered,directional,HC_LI,121,1958,20987513,206.0,325.0
7,5,5,2,clustered,directional,HC_LI,122,1175,20987513,190.0,346.0
7,5,5,2,clustered,directional,HC_LI,123,108,20987513,200.0,351.0
7,5,5,2,clustered,directional,HC_LI,124,1077,20987513,207.0,356.0
7,5,5,2,clustered,directional,HC_LI,125,858,20987513,196.0,340.0
7,5,5,2,clustered,directional,HC_LI,126,1843,20987513,176.0,321.0
7,5,5,2,clustered,directional,HC_LI,127,1437,20987513,205.0,308.0
7,5,5,2,clustered,directional,HC_LI,128,2448,20987513,269.0,439.0
7,5,5,2,clustered,directional,HC_LI,129,2982,20987513,202.0,311.0
7,5,5,2,clustered,directional,HC_LI,130,464,20987513,197.0,349.0
7,5,5,2,clustered,directional,HC_LI,131,1630,20987513,192.0,312.0
7,5,5,2,clustered,directional,HC_LI,132,1232,20987513,191.0,355.0
7,5,5,2,clustered,directional,HC_LI,133,10,20987513,199.0,299.0
7,5,5,2,clustered,directional,HC_LI,134,1560,20987513,231.0,320.0
7,5,5,2,clustered,directional,HC_LI,135,2508,20987513,221.0,360.0
7,5,5,2,clustered,directional,HC_LI,136,2867,20987513,214.0,317.0
7,5,5,2,clustered,directional,HC_LI,137,418,20987513,220.0,365.0
7,5,5,2,clustered,directional,HC_LI,138,2961,20987513,217.0,350.0
7,5,5,2,clustered,directional,HC_LI,139,131,20987513,193.0,322.0
7,5,5,2,clustered,directional,HC_LI,140,1935,20987513,206.0,322.0
7,5,5,2,clustered,directional,HC_LI,141,735,20987513,230.0,398.0
7,5,5,2,clustered,directional,HC_LI,142,2145,20987513,130.0,232.0
7,5,5,2,clustered,directional,HC_LI,143,2064,20987513,191.0,318.0
7,5,5,2,clustered,directional,HC_LI,144,2784,20987513,201.0,251.0
7,5,5,2,clustered,directional,HC_LI,145,735,20987513,230.0,398.0
7,5,5,2,clustered,directional,HC_LI,146,858,20987513,196.0,340.0
7,5,5,2,clustered,directional,HC_LI,147,257,20987513,216.0,367.0
7,5,5,2,clustered,directional,HC_LI,148,2449,20987513,177.0,289.0
7,5,5,2,clustered,directional,HC_LI,149,1412,20987513,191.0,276.0
7,5,5,2,clustered,directional,HC_LI,150,1192,20987513,185.0,382.0
7,5,5,2,clustered,directional,HC_LI,151,23,20987513,211.0,381.0
7,5,5,2,clustered,directional,HC_LI,152,1211,20987513,187.0,359.0
7,5,5,2,clustered,directional,HC_LI,153,2175,20987513,181.0,338.0
7,5,5,2,clustered,directional,HC_LI,154,2394,20987513,210.0,300.0
7,5,5,2,clustered,directional,HC_LI,155,858,20987513,196.0,340.0
7,5,5,2,clustered,directional,HC_LI,156,2749,20987513,205.0,376.0
7,5,5,2,clustered,directional,HC_LI,157,1699,20987513,181.0,341.0
7,5,5,2,clustered,directional,HC_LI,158,1924,20987513,207.0,339.0
7,5,5,2,clustered,directional,HC_LI,159,1658,20987513,201.0,310.0
7,5,5,2,clustered,directional,HC_LI,160,2636,20987513,191.0,286.0
7,5,5,2,clustered,directional,HC_LI,161,2636,20987513,191.0,286.0
7,5,5,2,clustered,directional,HC_LI,162,2190,20987513,192.0,314.0
7,5,5,2,clustered,directional,HC_LI,163,2055,20987513,216.0,308.0
7,5,5,2,clustered,directional,HC_LI,164,1958,20987513,206.0,325.0
7,5,5,2,clustered,directional,HC_LI,165,206,20987513,229.0,388.0
7,5,5,2,clustered,directional,HC_LI,166,914,20987513,197.0,315.0
7,5,5,2,clustered,directional,HC_LI,167,2369,20987513,229.0,323.0
7,5,5,2,clustered,directional,HC_LI,168,2862,20987513,162.0,343.0
7,5,5,2,clustered,directional,HC_LI,169,113,20987513,190.0,346.0
7,5,5,2,clustered,directional,HC_LI,170,636,20987513,205.0,307.0
7,5,5,2,clustered,directional,HC_LI,171,1957,20987513,239.0,313.0
7,5,5,2,clustered,directional,HC_LI,172,1498,20987513,196.0,333.0
7,5,5,2,clustered,directional,HC_LI,173,2079,20987513,211.0,347.0
7,5,5,2,clustered,directional,HC_LI,174,1517,20987513,182.0,313.0
7,5,5,2,clustered,directional,HC_LI,175,1658,20987513,201.0,310.0
7,5,5,2,clustered,directional,HC_LI,176,74,20987513,210.0,325.0
7,5,5,2,clustered,directional,HC_LI,177,1315,20987513,210.0,320.0
7,5,5,2,clustered,directional,HC_LI,178,1232,20987513,191.0,355.0
7,5,5,2,clustered,directional,HC_LI,179,2145,20987513,130.0,232.0
7,5,5,2,clustered,directional,HC_LI,180,1958,20987513,206.0,325.0
7,5,5,2,clustered,directional,HC_LI,181,2269,20987513,200.0,253.0
7,5,5,2,clustered,directional,HC_LI,182,1958,20987513,206.0,325.0
7,5,5,2,clustered,directional,HC_LI,183,2119,20987513,212.0,371.0
7,5,5,2,clustered,directional,HC_LI,184,1072,20987513,199.0,283.0
7,5,5,2,clustered,directional,HC_LI,185,1678,20987513,169.0,281.0
7,5,5,2,clustered,directional,HC_LI,186,2502,20987513,196.0,358.0
7,5,5,2,clustered,directional,HC_LI,187,704,20987513,195.0,335.0
7,5,5,2,clustered,directional,HC_LI,188,724,20987513,244.0,396.0
7,5,5,2,clustered,directional,HC_LI,189,2794,20987513,187.0,296.0
7,5,5,2,clustered,directional,HC_LI,190,1085,20987513,201.0,338.0
7,5,5,2,clustered,directional,HC_LI,191,1700,20987513,181.0,299.0
7,5,5,2,clustered,directional,HC_LI,192,2916,20987513,255.0,354.0
7,5,5,2,clustered,directional,HC_LI,193,770,20987513,229.0,383.0
7,5,5,2,clustered,directional,HC_LI,194,1279,20987513,216.0,299.0
7,5,5,2,clustered,directional,HC_LI,195,674,20987513,206.0,364.0
7,5,5,2,clustered,directional,HC_LI,196,2066,20987513,206.0,330.0
7,5,5,2,clustered,directional,HC_LI,197,2531,20987513,187.0,293.0
7,5,5,2,clustered,directional,HC_LI,198,1864,20987513,205.0,312.0
7,5,5,2,clustered,directional,HC_LI,199,509,20987513,177.0,361.0
7,5,5,2,clustered,directional,LC_HI,0,1885,20987513,133.0,276.0
7,5,5,2,clustered,directional,LC_HI,1,1736,20987513,158.0,247.0
7,5,5,2,clustered,directional,LC_HI,2,1992,20987513,178.0,197.0
7,5,5,2,clustered,directional,LC_HI,3,2844,20987513,167.0,216.0
7,5,5,2,clustered,directional,LC_HI,4,2721,20987513,170.0,250.0
7,5,5,2,clustered,directional,LC_HI,5,304,20987513,167.0,289.0
7,5,5,2,clustered,directional,LC_HI,6,2812,20987513,185.0,283.0
7,5,5,2,clustered,directional,LC_HI,7,204,20987513,152.0,240.0
7,5,5,2,clustered,directional,LC_HI,8,2713,20987513,162.0,211.0
7,5,5,2,clustered,directional,LC_HI,9,407,20987513,154.0,235.0
7,5,5,2,clustered,directional,LC_HI,10,616,20987513,162.0,269.0
7,5,5,2,clustered,directional,LC_HI,11,282,20987513,125.0,209.0
7,5,5,2,clustered,directional,LC_HI,12,1033,20987513,182.0,223.0
7,5,5,2,clustered,directional,LC_HI,13,2128,20987513,147.0,207.0
7,5,5,2,clustered,directional,LC_HI,14,2222,20987513,226.0,243.0
7,5,5,2,clustered,directional,LC_HI,15,2069,20987513,219.0,394.0
7,5,5,2,clustered,directional,LC_HI,16,2779,20987513,152.0,187.0
7,5,5,2,clustered,directional,LC_HI,17,1242,20987513,158.0,241.0
7,5,5,2,clustered,directional,LC_HI,18,2244,20987513,193.0,277.0
7,5,5,2,clustered,directional,LC_HI,19,2494,20987513,138.0,225.0
7,5,5,2,clustered,directional,LC_HI,20,1933,20987513,157.0,218.0
7,5,5,2,clustered,directional,LC_HI,21,842,20987513,183.0,255.0
7,5,5,2,clustered,directional,LC_HI,22,1218,20987513,172.0,212.0
7,5,5,2,clustered,directional,LC_HI,23,690,20987513,115.0,212.0
7,5,5,2,clustered,directional,LC_HI,24,2776,20987513,128.0,220.0
7,5,5,2,clustered,directional,LC_HI,25,2202,20987513,144.0,250.0
7,5,5,2,clustered,directional,LC_HI,26,2219,20987513,157.0,276.0
7,5,5,2,clustered,directional,LC_HI,27,2464,20987513,190.0,290.0
7,5,5,2,clustered,directional,LC_HI,28,1966,20987513,162.0,272.0
7,5,5,2,clustered,directional,LC_HI,29,2464,20987513,190.0,290.0
7,5,5,2,clustered,directional,LC_HI,30,1322,20987513,183.0,283.0
7,5,5,2,clustered,directional,LC_HI,31,2299,20987513,177.0,252.0
7,5,5,2,clustered,directional,LC_HI,32,2464,20987513,190.0,290.0
7,5,5,2,clustered,directional,LC_HI,33,2641,20987513,216.0,340.0
7,5,5,2,clustered,directional,LC_HI,34,1513,20987513,197.0,233.0
7,5,5,2,clustered,directional,LC_HI,35,294,20987513,143.0,228.0
7,5,5,2,clustered,directional,LC_HI,36,1218,20987513,172.0,212.0
7,5,5,2,clustered,directional,LC_HI,37,1352,20987513,133.0,214.0
7,5,5,2,clustered,directional,LC_HI,38,2488,20987513,169.0,216.0
7,5,5,2,clustered,directional,LC_HI,39,2744,20987513,177.0,233.0
7,5,5,2,clustered,directional,LC_HI,40,472,20987513,191.0,315.0
7,5,5,2,clustered,directional,LC_HI,41,1322,20987513,183.0,283.0
7,5,5,2,clustered,directional,LC_HI,42,2031,20987513,129.0,207.0
7,5,5,2,clustered,directional,LC_HI,43,207,20987513,167.0,270.0
7,5,5,2,clustered,directional,LC_HI,44,2880,20987513,181.0,272.0
7,5,5,2,clustered,directional,LC_HI,45,2841,20987513,157.0,248.0
7,5,5,2,clustered,directional,LC_HI,46,2474,20987513,157.0,231.0
7,5,5,2,clustered,directional,LC_HI,47,174,20987513,157.0,229.0
7,5,5,2,clustered,directional,LC_HI,48,1472,20987513,173.0,237.0
7,5,5,2,clustered,directional,LC_HI,49,98,20987513,152.0,244.0
7,5,5,2,clustered,directional,LC_HI,50,1459,20987513,119.0,227.0
7,5,5,2,clustered,directional,LC_HI,51,2990,20987513,148.0,279.0
7,5,5,2,clustered,directional,LC_HI,52,112,20987513,149.0,268.0
7,5,5,2,clustered,directional,LC_HI,53,2562,20987513,171.0,258.0
7,5,5,2,clustered,directional,LC_HI,54,1218,20987513,172.0,212.0
7,5,5,2,clustered,directional,LC_HI,55,1567,20987513,148.0,225.0
7,5,5,2,clustered,directional,LC_HI,56,1908,20987513,145.0,240.0
7,5,5,2,clustered,directional,LC_HI,57,2464,20987513,190.0,290.0
7,5,5,2,clustered,directional,LC_HI,58,2836,20987513,161.0,224.0
7,5,5,2,clustered,directional,LC_HI,59,843,20987513,133.0,207.0
7,5,5,2,clustered,directional,LC_HI,60,2997,20987513,201.0,257.0
7,5,5,2,clustered,directional,LC_HI,61,1365,20987513,177.0,240.0
7,5,5,2,clustered,directional,LC_HI,62,2043,20987513,171.0,276.0
7,5,5,2,clustered,directional,LC_HI,63,2297,20987513,135.0,262.0
7,5,5,2,clustered,directional,LC_HI,64,2958,20987513,186.0,276.0
7,5,5,2,clustered,directional,LC_HI,65,59,20987513,116.0,170.0
7,5,5,2,clustered,directional,LC_HI,66,1876,20987513,178.0,301.0
7,5,5,2,clustered,directional,LC_HI,67,151,20987513,182.0,307.0
7,5,5,2,clustered,directional,LC_HI,68,162,20987513,185.0,271.0
7,5,5,2,clustered,directional,LC_HI,69,2562,20987513,171.0,258.0
7,5,5,2,clustered,directional,LC_HI,70,2562,20987513,171.0,258.0
7,5,5,2,clustered,directional,LC_HI,71,513,20987513,138.0,235.0
7,5,5,2,clustered,directional,LC_HI,72,304,20987513,167.0,289.0
7,5,5,2,clustered,directional,LC_HI,73,1850,20987513,152.0,282.0
7,5,5,2,clustered,directional,LC_HI,74,1777,20987513,143.0,198.0
7,5,5,2,clustered,directional,LC_HI,75,2279,20987513,147.0,224.0
7,5,5,2,clustered,directional,LC_HI,76,1567,20987513,148.0,225.0
7,5,5,2,clustered,directional,LC_HI,77,2494,20987513,138.0,225.0
7,5,5,2,clustered,directional,LC_HI,78,749,20987513,138.0,256.0
7,5,5,2,clustered,directional,LC_HI,79,475,20987513,143.0,213.0
7,5,5,2,clustered,directional,LC_HI,80,2443,20987513,181.0,267.0
7,5,5,2,clustered,directional,LC_HI,81,1815,20987513,167.0,275.0
7,5,5,2,clustered,directional,LC_HI,82,1668,20987513,199.0,321.0
7,5,5,2,clustered,directional,LC_HI,83,1908,20987513,145.0,240.0
7,5,5,2,clustered,directional,LC_HI,84,842,20987513,183.0,255.0
7,5,5,2,clustered,directional,LC_HI,85,2880,20987513,181.0,272.0
7,5,5,2,clustered,directional,LC_HI,86,1472,20987513,173.0,237.0
7,5,5,2,clustered,directional,LC_HI,87,2464,20987513,190.0,290.0
7,5,5,2,clustered,directional,LC_HI,88,1242,20987513,158.0,241.0
7,5,5,2,clustered,directional,LC_HI,89,566,20987513,153.0,229.0
7,5,5,2,clustered,directional,LC_HI,90,1504,20987513,166.0,298.0
7,5,5,2,clustered,directional,LC_HI,91,2142,20987513,182.0,282.0
7,5,5,2,clustered,directional,LC_HI,92,842,20987513,183.0,255.0
7,5,5,2,clustered,directional,LC_HI,93,415,20987513,119.0,195.0
7,5,5,2,clustered,directional,LC_HI,94,2524,20987513,192.0,280.0
7,5,5,2,clustered,directional,LC_HI,95,2620,20987513,148.0,227.0
7,5,5,2,clustered,directional,LC_HI,96,1945,20987513,139.0,157.0
7,5,5,2,clustered,directional,LC_HI,97,2427,20987513,157.0,209.0
7,5,5,2,clustered,directional,LC_HI,98,1668,20987513,199.0,321.0
7,5,5,2,clustered,directional,LC_HI,99,2069,20987513,219.0,394.0
7,5,5,2,clustered,directional,LC_HI,100,2779,20987513,152.0,187.0
7,5,5,2,clustered,directional,LC_HI,101,1791,20987513,191.0,281.0
7,5,5,2,clustered,directional,LC_HI,102,2222,20987513,226.0,243.0
7,5,5,2,clustered,directional,LC_HI,103,1229,20987513,148.0,253.0
7,5,5,2,clustered,directional,LC_HI,104,1751,20987513,181.0,220.0
7,5,5,2,clustered,directional,LC_HI,105,808,20987513,138.0,200.0
7,5,5,2,clustered,directional,LC_HI,106,2776,20987513,128.0,220.0
7,5,5,2,clustered,directional,LC_HI,107,926,20987513,161.0,229.0
7,5,5,2,clustered,directional,LC_HI,108,304,20987513,167.0,289.0
7,5,5,2,clustered,directional,LC_HI,109,2714,20987513,204.0,302.0
7,5,5,2,clustered,directional,LC_HI,110,680,20987513,153.0,281.0
7,5,5,2,clustered,directional,LC_HI,111,579,20987513,172.0,245.0
7,5,5,2,clustered,directional,LC_HI,112,1899,20987513,186.0,293.0
7,5,5,2,clustered,directional,LC_HI,113,2198,20987513,200.0,306.0
7,5,5,2,clustered,directional,LC_HI,114,1718,20987513,163.0,298.0
7,5,5,2,clustered,directional,LC_HI,115,68,20987513,133.0,223.0
7,5,5,2,clustered,directional,LC_HI,116,1429,20987513,125.0,177.0
7,5,5,2,clustered,directional,LC_HI,117,1862,20987513,191.0,317.0
7,5,5,2,clustered,directional,LC_HI,118,112,20987513,149.0,268.0
7,5,5,2,clustered,directional,LC_HI,119,1025,20987513,176.0,259.0
7,5,5,2,clustered,directional,LC_HI,120,2611,20987513,138.0,240.0
7,5,5,2,clustered,directional,LC_HI,121,1668,20987513,199.0,321.0
7,5,5,2,clustered,directional,LC_HI,122,1567,20987513,148.0,225.0
7,5,5,2,clustered,directional,LC_HI,123,1614,20987513,152.0,243.0
7,5,5,2,clustered,directional,LC_HI,124,2417,20987513,177.0,256.0
7,5,5,2,clustered,directional,LC_HI,125,843,20987513,133.0,207.0
7,5,5,2,clustered,directional,LC_HI,126,1253,20987513,185.0,255.0
7,5,5,2,clustered,directional,LC_HI,127,1218,20987513,172.0,212.0
7,5,5,2,clustered,directional,LC_HI,128,1293,20987513,163.0,282.0
7,5,5,2,clustered,directional,LC_HI,129,1229,20987513,148.0,253.0
7,5,5,2,clustered,directional,LC_HI,130,2524,20987513,192.0,280.0
7,5,5,2,clustered,directional,LC_HI,131,2586,20987513,134.0,164.0
7,5,5,2,clustered,directional,LC_HI,132,1810,20987513,210.0,278.0
7,5,5,2,clustered,directional,LC_HI,133,1441,20987513,162.0,265.0
7,5,5,2,clustered,directional,LC_HI,134,871,20987513,120.0,238.0
7,5,5,2,clustered,directional,LC_HI,135,1810,20987513,210.0,278.0
7,5,5,2,clustered,directional,LC_HI,136,2597,20987513,168.0,312.0
7,5,5,2,clustered,directional,LC_HI,137,2713,20987513,162.0,211.0
7,5,5,2,clustered,directional,LC_HI,138,1256,20987513,157.0,225.0
7,5,5,2,clustered,directional,LC_HI,139,68,20987513,133.0,223.0
7,5,5,2,clustered,directional,LC_HI,140,572,20987513,196.0,237.0
7,5,5,2,clustered,directional,LC_HI,141,1025,20987513,176.0,259.0
7,5,5,2,clustered,directional,LC_HI,142,790,20987513,159.0,298.0
7,5,5,2,clustered,directional,LC_HI,143,652,20987513,162.0,301.0
7,5,5,2,clustered,directional,LC_HI,144,1399,20987513,147.0,239.0
7,5,5,2,clustered,directional,LC_HI,145,446,20987513,166.0,226.0
7,5,5,2,clustered,directional,LC_HI,146,1992,20987513,178.0,197.0
7,5,5,2,clustered,directional,LC_HI,147,1225,20987513,181.0,286.0
7,5,5,2,clustered,directional,LC_HI,148,1459,20987513,119.0,227.0
7,5,5,2,clustered,directional,LC_HI,149,1293,20987513,163.0,282.0
7,5,5,2,clustered,directional,LC_HI,150,2769,20987513,171.0,247.0
7,5,5,2,clustered,directional,LC_HI,151,2443,20987513,181.0,267.0
7,5,5,2,clustered,directional,LC_HI,152,1872,20987513,207.0,322.0
7,5,5,2,clustered,directional,LC_HI,153,1459,20987513,119.0,227.0
7,5,5,2,clustered,directional,LC_HI,154,2556,20987513,143.0,244.0
7,5,5,2,clustered,directional,LC_HI,155,2965,20987513,199.0,350.0
7,5,5,2,clustered,directional,LC_HI,156,539,20987513,190.0,259.0
7,5,5,2,clustered,directional,LC_HI,157,2812,20987513,185.0,283.0
7,5,5,2,clustered,directional,LC_HI,158,926,20987513,161.0,229.0
7,5,5,2,clustered,directional,LC_HI,159,514,20987513,175.0,313.0
7,5,5,2,clustered,directional,LC_HI,160,2494,20987513,138.0,225.0
7,5,5,2,clustered,directional,LC_HI,161,2908,20987513,172.0,287.0
7,5,5,2,clustered,directional,LC_HI,162,2861,20987513,192.0,312.0
7,5,5,2,clustered,directional,LC_HI,163,2279,20987513,147.0,224.0
7,5,5,2,clustered,directional,LC_HI,164,572,20987513,196.0,237.0
7,5,5,2,clustered,directional,LC_HI,165,1899,20987513,186.0,293.0
7,5,5,2,clustered,directional,LC_HI,166,1410,20987513,173.0,238.0
7,5,5,2,clustered,directional,LC_HI,167,2362,20987513,120.0,265.0
7,5,5,2,clustered,directional,LC_HI,168,166,20987513,220.0,279.0
7,5,5,2,clustered,directional,LC_HI,169,1579,20987513,200.0,281.0
7,5,5,2,clustered,directional,LC_HI,170,2417,20987513,177.0,256.0
7,5,5,2,clustered,directional,LC_HI,171,1878,20987513,119.0,188.0
7,5,5,2,clustered,directional,LC_HI,172,2098,20987513,192.0,288.0
7,5,5,2,clustered,directional,LC_HI,173,415,20987513,119.0,195.0
7,5,5,2,clustered,directional,LC_HI,174,1684,20987513,180.0,243.0
7,5,5,2,clustered,directional,LC_HI,175,2297,20987513,135.0,262.0
7,5,5,2,clustered,directional,LC_HI,176,0,20987513,186.0,254.0
7,5,5,2,clustered,directional,LC_HI,177,52,20987513,147.0,278.0
7,5,5,2,clustered,directional,LC_HI,178,1736,20987513,158.0,247.0
7,5,5,2,clustered,directional,LC_HI,179,2455,20987513,187.0,270.0
7,5,5,2,clustered,directional,LC_HI,180,1992,20987513,178.0,197.0
7,5,5,2,clustered,directional,LC_HI,181,151,20987513,182.0,307.0
7,5,5,2,clustered,directional,LC_HI,182,444,20987513,211.0,330.0
7,5,5,2,clustered,directional,LC_HI,183,2098,20987513,192.0,288.0
7,5,5,2,clustered,directional,LC_HI,184,559,20987513,144.0,198.0
7,5,5,2,clustered,directional,LC_HI,185,2097,20987513,158.0,251.0
7,5,5,2,clustered,directional,LC_HI,186,495,20987513,192.0,312.0
7,5,5,2,clustered,directional,LC_HI,187,1885,20987513,133.0,276.0
7,5,5,2,clustered,directional,LC_HI,188,1218,20987513,172.0,212.0
7,5,5,2,clustered,directional,LC_HI,189,926,20987513,161.0,229.0
7,5,5,2,clustered,directional,LC_HI,190,1945,20987513,139.0,157.0
7,5,5,2,clustered,directional,LC_HI,191,2870,20987513,165.0,281.0
7,5,5,2,clustered,directional,LC_HI,192,2812,20987513,185.0,283.0
7,5,5,2,clustered,directional,LC_HI,193,2362,20987513,120.0,265.0
7,5,5,2,clustered,directional,LC_HI,194,162,20987513,185.0,271.0
7,5,5,2,clustered,directional,LC_HI,195,1791,20987513,191.0,281.0
7,5,5,2,clustered,directional,LC_HI,196,1105,20987513,143.0,201.0
7,5,5,2,clustered,directional,LC_HI,197,2494,20987513,138.0,225.0
7,5,5,2,clustered,directional,LC_HI,198,191,20987513,195.0,303.0
7,5,5,2,clustered,directional,LC_HI,199,446,20987513,166.0,226.0
7,5,5,2,clustered,directional,LC_LI,0,795,20987513,158.0,286.0
7,5,5,2,clustered,directional,LC_LI,1,654,20987513,154.0,302.0
7,5,5,2,clustered,directional,LC_LI,2,336,20987513,167.0,295.0
7,5,5,2,clustered,directional,LC_LI,3,722,20987513,195.0,298.0
7,5,5,2,clustered,directional,LC_LI,4,2117,20987513,176.0,274.0
7,5,5,2,clustered,directional,LC_LI,5,1685,20987513,188.0,349.0
7,5,5,2,clustered,directional,LC_LI,6,2300,20987513,156.0,251.0
7,5,5,2,clustered,directional,LC_LI,7,1825,20987513,171.0,322.0
7,5,5,2,clustered,directional,LC_LI,8,605,20987513,156.0,297.0
7,5,5,2,clustered,directional,LC_LI,9,1511,20987513,147.0,257.0
7,5,5,2,clustered,directional,LC_LI,10,476,20987513,147.0,206.0
7,5,5,2,clustered,directional,LC_LI,11,2801,20987513,157.0,223.0
7,5,5,2,clustered,directional,LC_LI,12,1510,20987513,202.0,313.0
7,5,5,2,clustered,directional,LC_LI,13,786,20987513,201.0,300.0
7,5,5,2,clustered,directional,LC_LI,14,177,20987513,138.0,186.0
7,5,5,2,clustered,directional,LC_LI,15,799,20987513,138.0,221.0
7,5,5,2,clustered,directional,LC_LI,16,1271,20987513,167.0,269.0
7,5,5,2,clustered,directional,LC_LI,17,2215,20987513,168.0,243.0
7,5,5,2,clustered,directional,LC_LI,18,1788,20987513,207.0,337.0
7,5,5,2,clustered,directional,LC_LI,19,449,20987513,153.0,208.0
7,5,5,2,clustered,directional,LC_LI,20,722,20987513,195.0,298.0
7,5,5,2,clustered,directional,LC_LI,21,2117,20987513,176.0,274.0
7,5,5,2,clustered,directional,LC_LI,22,1524,20987513,214.0,365.0
7,5,5,2,clustered,directional,LC_LI,23,1460,20987513,138.0,272.0
7,5,5,2,clustered,directional,LC_LI,24,2303,20987513,201.0,273.0
7,5,5,2,clustered,directional,LC_LI,25,2678,20987513,152.0,249.0
7,5,5,2,clustered,directional,LC_LI,26,2608,20987513,196.0,311.0
7,5,5,2,clustered,directional,LC_LI,27,449,20987513,153.0,208.0
7,5,5,2,clustered,directional,LC_LI,28,2682,20987513,148.0,212.0
7,5,5,2,clustered,directional,LC_LI,29,1773,20987513,186.0,259.0
7,5,5,2,clustered,directional,LC_LI,30,630,20987513,143.0,247.0
7,5,5,2,clustered,directional,LC_LI,31,796,20987513,148.0,202.0
7,5,5,2,clustered,directional,LC_LI,32,1172,20987513,196.0,324.0
7,5,5,2,clustered,directional,LC_LI,33,2925,20987513,166.0,240.0
7,5,5,2,clustered,directional,LC_LI,34,1801,20987513,196.0,289.0
7,5,5,2,clustered,directional,LC_LI,35,854,20987513,177.0,227.0
7,5,5,2,clustered,directional,LC_LI,36,1271,20987513,167.0,269.0
7,5,5,2,clustered,directional,LC_LI,37,2581,20987513,157.0,251.0
7,5,5,2,clustered,directional,LC_LI,38,285,20987513,158.0,246.0
7,5,5,2,clustered,directional,LC_LI,39,2711,20987513,139.0,223.0
7,5,5,2,clustered,directional,LC_LI,40,2316,20987513,149.0,247.0
7,5,5,2,clustered,directional,LC_LI,41,1518,20987513,129.0,266.0
7,5,5,2,clustered,directional,LC_LI,42,644,20987513,181.0,253.0
7,5,5,2,clustered,directional,LC_LI,43,661,20987513,226.0,341.0
7,5,5,2,clustered,directional,LC_LI,44,1685,20987513,188.0,349.0
7,5,5,2,clustered,directional,LC_LI,45,2682,20987513,148.0,212.0
7,5,5,2,clustered,directional,LC_LI,46,939,20987513,219.0,327.0
7,5,5,2,clustered,directional,LC_LI,47,985,20987513,187.0,262.0
7,5,5,2,clustered,directional,LC_LI,48,2825,20987513,167.0,272.0
7,5,5,2,clustered,directional,LC_LI,49,869,20987513,150.0,233.0
7,5,5,2,clustered,directional,LC_LI,50,2809,20987513,162.0,257.0
7,5,5,2,clustered,directional,LC_LI,51,200,20987513,196.0,388.0
7,5,5,2,clustered,directional,LC_LI,52,1819,20987513,191.0,284.0
7,5,5,2,clustered,directional,LC_LI,53,1001,20987513,203.0,335.0
7,5,5,2,clustered,directional,LC_LI,54,2782,20987513,191.0,344.0
7,5,5,2,clustered,directional,LC_LI,55,2288,20987513,201.0,266.0
7,5,5,2,clustered,directional,LC_LI,56,2514,20987513,141.0,340.0
7,5,5,2,clustered,directional,LC_LI,57,617,20987513,158.0,210.0
7,5,5,2,clustered,directional,LC_LI,58,2824,20987513,151.0,226.0
7,5,5,2,clustered,directional,LC_LI,59,1467,20987513,184.0,320.0
7,5,5,2,clustered,directional,LC_LI,60,2319,20987513,186.0,235.0
7,5,5,2,clustered,directional,LC_LI,61,776,20987513,152.0,214.0
7,5,5,2,clustered,directional,LC_LI,62,2316,20987513,149.0,247.0
7,5,5,2,clustered,directional,LC_LI,63,2801,20987513,157.0,223.0
7,5,5,2,clustered,directional,LC_LI,64,411,20987513,173.0,219.0
7,5,5,2,clustered,directional,LC_LI,65,2062,20987513,187.0,294.0
7,5,5,2,clustered,directional,LC_LI,66,701,20987513,202.0,348.0
7,5,5,2,clustered,directional,LC_LI,67,336,20987513,167.0,295.0
7,5,5,2,clustered,directional,LC_LI,68,1142,20987513,148.0,267.0
7,5,5,2,clustered,directional,LC_LI,69,2824,20987513,151.0,226.0
7,5,5,2,clustered,directional,LC_LI,70,1173,20987513,166.0,251.0
7,5,5,2,clustered,directional,LC_LI,71,1928,20987513,190.0,249.0
7,5,5,2,clustered,directional,LC_LI,72,925,20987513,153.0,276.0
7,5,5,2,clustered,directional,LC_LI,73,1271,20987513,167.0,269.0
7,5,5,2,clustered,directional,LC_LI,74,1801,20987513,196.0,289.0
7,5,5,2,clustered,directional,LC_LI,75,2917,20987513,186.0,287.0
7,5,5,2,clustered,directional,LC_LI,76,1748,20987513,168.0,268.0
7,5,5,2,clustered,directional,LC_LI,77,1962,20987513,172.0,253.0
7,5,5,2,clustered,directional,LC_LI,78,1467,20987513,184.0,320.0
7,5,5,2,clustered,directional,LC_LI,79,723,20987513,178.0,307.0
7,5,5,2,clustered,directional,LC_LI,80,1515,20987513,154.0,246.0
7,5,5,2,clustered,directional,LC_LI,81,2416,20987513,168.0,272.0
7,5,5,2,clustered,directional,LC_LI,82,1286,20987513,196.0,237.0
7,5,5,2,clustered,directional,LC_LI,83,520,20987513,183.0,293.0
7,5,5,2,clustered,directional,LC_LI,84,2923,20987513,181.0,243.0
7,5,5,2,clustered,directional,LC_LI,85,177,20987513,138.0,186.0
7,5,5,2,clustered,directional,LC_LI,86,2551,20987513,197.0,235.0
7,5,5,2,clustered,directional,LC_LI,87,550,20987513,161.0,271.0
7,5,5,2,clustered,directional,LC_LI,88,2215,20987513,168.0,243.0
7,5,5,2,clustered,directional,LC_LI,89,2141,20987513,134.0,218.0
7,5,5,2,clustered,directional,LC_LI,90,2645,20987513,211.0,310.0
7,5,5,2,clustered,directional,LC_LI,91,1286,20987513,196.0,237.0
7,5,5,2,clustered,directional,LC_LI,92,776,20987513,152.0,214.0
7,5,5,2,clustered,directional,LC_LI,93,2300,20987513,156.0,251.0
7,5,5,2,clustered,directional,LC_LI,94,661,20987513,226.0,341.0
7,5,5,2,clustered,directional,LC_LI,95,2724,20987513,182.0,260.0
7,5,5,2,clustered,directional,LC_LI,96,404,20987513,172.0,248.0
7,5,5,2,clustered,directional,LC_LI,97,722,20987513,195.0,298.0
7,5,5,2,clustered,directional,LC_LI,98,1176,20987513,171.0,259.0
7,5,5,2,clustered,directional,LC_LI,99,1788,20987513,207.0,337.0
7,5,5,2,clustered,directional,LC_LI,100,1928,20987513,190.0,249.0
7,5,5,2,clustered,directional,LC_LI,101,2686,20987513,148.0,263.0
7,5,5,2,clustered,directional,LC_LI,102,371,20987513,196.0,278.0
7,5,5,2,clustered,directional,LC_LI,103,2682,20987513,148.0,212.0
7,5,5,2,clustered,directional,LC_LI,104,1918,20987513,167.0,270.0
7,5,5,2,clustered,directional,LC_LI,105,939,20987513,219.0,327.0
7,5,5,2,clustered,directional,LC_LI,106,776,20987513,152.0,214.0
7,5,5,2,clustered,directional,LC_LI,107,1335,20987513,168.0,236.0
7,5,5,2,clustered,directional,LC_LI,108,1288,20987513,125.0,188.0
7,5,5,2,clustered,directional,LC_LI,109,605,20987513,156.0,297.0
7,5,5,2,clustered,directional,LC_LI,110,48,20987513,181.0,197.0
7,5,5,2,clustered,directional,LC_LI,111,1299,20987513,201.0,235.0
7,5,5,2,clustered,directional,LC_LI,112,2824,20987513,151.0,226.0
7,5,5,2,clustered,directional,LC_LI,113,510,20987513,169.0,289.0
7,5,5,2,clustered,directional,LC_LI,114,2809,20987513,162.0,257.0
7,5,5,2,clustered,directional,LC_LI,115,720,20987513,172.0,277.0
7,5,5,2,clustered,directional,LC_LI,116,1825,20987513,171.0,322.0
7,5,5,2,clustered,directional,LC_LI,117,336,20987513,167.0,295.0
7,5,5,2,clustered,directional,LC_LI,118,1001,20987513,203.0,335.0
7,5,5,2,clustered,directional,LC_LI,119,2505,20987513,177.0,247.0
7,5,5,2,clustered,directional,LC_LI,120,2809,20987513,162.0,257.0
7,5,5,2,clustered,directional,LC_LI,121,1515,20987513,154.0,246.0
7,5,5,2,clustered,directional,LC_LI,122,241,20987513,163.0,181.0
7,5,5,2,clustered,directional,LC_LI,123,754,20987513,182.0,239.0
7,5,5,2,clustered,directional,LC_LI,124,2782,20987513,191.0,344.0
7,5,5,2,clustered,directional,LC_LI,125,1142,20987513,148.0,267.0
7,5,5,2,clustered,directional,LC_LI,126,2498,20987513,139.0,247.0
7,5,5,2,clustered,directional,LC_LI,127,1515,20987513,154.0,246.0
7,5,5,2,clustered,directional,LC_LI,128,723,20987513,178.0,307.0
7,5,5,2,clustered,directional,LC_LI,129,2682,20987513,148.0,212.0
7,5,5,2,clustered,directional,LC_LI,130,2686,20987513,148.0,263.0
7,5,5,2,clustered,directional,LC_LI,131,605,20987513,156.0,297.0
7,5,5,2,clustered,directional,LC_LI,132,1519,20987513,167.0,275.0
7,5,5,2,clustered,directional,LC_LI,133,676,20987513,177.0,277.0
7,5,5,2,clustered,directional,LC_LI,134,1622,20987513,147.0,282.0
7,5,5,2,clustered,directional,LC_LI,135,1142,20987513,148.0,267.0
7,5,5,2,clustered,directional,LC_LI,136,2515,20987513,222.0,283.0
7,5,5,2,clustered,directional,LC_LI,137,2917,20987513,186.0,287.0
7,5,5,2,clustered,directional,LC_LI,138,1244,20987513,177.0,320.0
7,5,5,2,clustered,directional,LC_LI,139,2968,20987513,144.0,257.0
7,5,5,2,clustered,directional,LC_LI,140,2711,20987513,139.0,223.0
7,5,5,2,clustered,directional,LC_LI,141,2527,20987513,177.0,215.0
7,5,5,2,clustered,directional,LC_LI,142,545,20987513,186.0,286.0
7,5,5,2,clustered,directional,LC_LI,143,671,20987513,219.0,295.0
7,5,5,2,clustered,directional,LC_LI,144,510,20987513,169.0,289.0
7,5,5,2,clustered,directional,LC_LI,145,411,20987513,173.0,219.0
7,5,5,2,clustered,directional,LC_LI,146,786,20987513,201.0,300.0
7,5,5,2,clustered,directional,LC_LI,147,48,20987513,181.0,197.0
7,5,5,2,clustered,directional,LC_LI,148,2319,20987513,186.0,235.0
7,5,5,2,clustered,directional,LC_LI,149,2421,20987513,168.0,265.0
7,5,5,2,clustered,directional,LC_LI,150,1259,20987513,201.0,255.0
7,5,5,2,clustered,directional,LC_LI,151,2926,20987513,148.0,276.0
7,5,5,2,clustered,directional,LC_LI,152,1440,20987513,129.0,216.0
7,5,5,2,clustered,directional,LC_LI,153,2373,20987513,187.0,256.0
7,5,5,2,clustered,directional,LC_LI,154,1515,20987513,154.0,246.0
7,5,5,2,clustered,directional,LC_LI,155,1847,20987513,162.0,294.0
7,5,5,2,clustered,directional,LC_LI,156,230,20987513,149.0,230.0
7,5,5,2,clustered,directional,LC_LI,157,630,20987513,143.0,247.0
7,5,5,2,clustered,directional,LC_LI,158,2551,20987513,197.0,235.0
7,5,5,2,clustered,directional,LC_LI,159,2062,20987513,187.0,294.0
7,5,5,2,clustered,directional,LC_LI,160,2711,20987513,139.0,223.0
7,5,5,2,clustered,directional,LC_LI,161,2559,20987513,171.0,287.0
7,5,5,2,clustered,directional,LC_LI,162,365,20987513,151.0,239.0
7,5,5,2,clustered,directional,LC_LI,163,776,20987513,152.0,214.0
7,5,5,2,clustered,directional,LC_LI,164,2319,20987513,186.0,235.0
7,5,5,2,clustered,directional,LC_LI,165,2782,20987513,191.0,344.0
7,5,5,2,clustered,directional,LC_LI,166,500,20987513,143.0,246.0
7,5,5,2,clustered,directional,LC_LI,167,1259,20987513,201.0,255.0
7,5,5,2,clustered,directional,LC_LI,168,2477,20987513,173.0,326.0
7,5,5,2,clustered,directional,LC_LI,169,2782,20987513,191.0,344.0
7,5,5,2,clustered,directional,LC_LI,170,720,20987513,172.0,277.0
7,5,5,2,clustered,directional,LC_LI,171,2514,20987513,141.0,340.0
7,5,5,2,clustered,directional,LC_LI,172,500,20987513,143.0,246.0
7,5,5,2,clustered,directional,LC_LI,173,1541,20987513,154.0,239.0
7,5,5,2,clustered,directional,LC_LI,174,545,20987513,186.0,286.0
7,5,5,2,clustered,directional,LC_LI,175,2316,20987513,149.0,247.0
7,5,5,2,clustered,directional,LC_LI,176,1001,20987513,203.0,335.0
7,5,5,2,clustered,directional,LC_LI,177,820,20987513,206.0,312.0
7,5,5,2,clustered,directional,LC_LI,178,230,20987513,149.0,230.0
7,5,5,2,clustered,directional,LC_LI,179,241,20987513,163.0,181.0
7,5,5,2,clustered,directional,LC_LI,180,510,20987513,169.0,289.0
7,5,5,2,clustered,directional,LC_LI,181,2391,20987513,207.0,288.0
7,5,5,2,clustered,directional,LC_LI,182,295,20987513,187.0,259.0
7,5,5,2,clustered,directional,LC_LI,183,2134,20987513,148.0,227.0
7,5,5,2,clustered,directional,LC_LI,184,2288,20987513,201.0,266.0
7,5,5,2,clustered,directional,LC_LI,185,1286,20987513,196.0,237.0
7,5,5,2,clustered,directional,LC_LI,186,2608,20987513,196.0,311.0
7,5,5,2,clustered,directional,LC_LI,187,796,20987513,148.0,202.0
7,5,5,2,clustered,directional,LC_LI,188,411,20987513,173.0,219.0
7,5,5,2,clustered,directional,LC_LI,189,1299,20987513,201.0,235.0
7,5,5,2,clustered,directional,LC_LI,190,1001,20987513,203.0,335.0
7,5,5,2,clustered,directional,LC_LI,191,2724,20987513,182.0,260.0
7,5,5,2,clustered,directional,LC_LI,192,1847,20987513,162.0,294.0
7,5,5,2,clustered,directional,LC_LI,193,2581,20987513,157.0,251.0
7,5,5,2,clustered,directional,LC_LI,194,1244,20987513,177.0,320.0
7,5,5,2,clustered,directional,LC_LI,195,776,20987513,152.0,214.0
7,5,5,2,clustered,directional,LC_LI,196,241,20987513,163.0,181.0
7,5,5,2,clustered,directional,LC_LI,197,1519,20987513,167.0,275.0
7,5,5,2,clustered,directional,LC_LI,198,2237,20987513,178.0,241.0
7,5,5,2,clustered,directional,LC_LI,199,925,20987513,153.0,276.0
9,5,15,2,diurnal,directional,random,0,1283,21187519,285.97654197989084,402.98753776326055
9,5,15,2,diurnal,directional,random,1,349,21187519,288.6440321732408,402.76506341219516
9,5,15,2,diurnal,directional,random,2,2618,21187519,220.933944907014,323.933944907014
9,5,15,2,diurnal,directional,random,3,1572,21187519,267.9405514389359,418.97883142494146
9,5,15,2,diurnal,directional,random,4,799,21187519,228.56194302611777,288.1908394016761
9,5,15,2,diurnal,directional,random,5,635,21187519,305.7775908304677,416.7775908304677
9,5,15,2,diurnal,directional,random,6,2177,21187519,220.41158254882356,353.1039301907566
9,5,15,2,diurnal,directional,random,7,2289,21187519,207.8591650935473,296.8591650935473
9,5,15,2,diurnal,directional,random,8,1406,21187519,251.70304245317158,365.7030424531716
9,5,15,2,diurnal,directional,random,9,209,21187519,213.1963846791116,354.1963846791116
9,5,15,2,diurnal,directional,random,10,49,21187519,268.88422267640465,414.05783416449265
9,5,15,2,diurnal,directional,random,11,2298,21187519,282.0604786433836,449.0604786433836
9,5,15,2,diurnal,directional,random,12,506,21187519,250.46908372957836,395.02217763592216
9,5,15,2,diurnal,directional,random,13,62,21187519,297.56708844148505,450.73308361371244
9,5,15,2,diurnal,directional,random,14,372,21187519,248.01341642224196,368.9325418419646
9,5,15,2,diurnal,directional,random,15,2766,21187519,275.20652639072864,361.20652639072864
9,5,15,2,diurnal,directional,random,16,1546,21187519,334.34385839451227,435.61155063318245
9,5,15,2,diurnal,directional,random,17,2834,21187519,242.933944907014,365.2658058146534
9,5,15,2,diurnal,directional,random,18,2935,21187519,233.43867409528832,334.2958664309718
9,5,15,2,diurnal,directional,random,19,1477,21187519,274.6528418198838,450.7288527396521
9,5,15,2,diurnal,directional,random,20,185,21187519,278.59060873147575,459.38755249610244
9,5,15,2,diurnal,directional,random,21,880,21187519,210.6373687753154,267.6373687753154
9,5,15,2,diurnal,directional,random,22,704,21187519,336.225087570321,499.4871766376774
9,5,15,2,diurnal,directional,random,23,2380,21187519,229.83657316044972,332.6276249465162
9,5,15,2,diurnal,directional,random,24,2286,21187519,212.8980710805301,323.75800732328
9,5,15,2,diurnal,directional,random,25,1791,21187519,278.20352212267835,370.20352212267835
9,5,15,2,diurnal,directional,random,26,1078,21187519,230.79030798246572,418.3086729682184
9,5,15,2,diurnal,directional,random,27,1219,21187519,265.51386966626706,372.3086729682184
9,5,15,2,diurnal,directional,random,28,735,21187519,251.36764903264472,381.13579280599765
9,5,15,2,diurnal,directional,random,29,556,21187519,239.69996331672303,443.69996331672303
9,5,15,2,diurnal,directional,random,30,1785,21187519,277.520464341996,395.520464341996
9,5,15,2,diurnal,directional,random,31,2862,21187519,272.2949477449582,414.44615944024076
9,5,15,2,diurnal,directional,random,32,1635,21187519,268.77217043224675,437.77217043224675
9,5,15,2,diurnal,directional,random,33,608,21187519,257.8216155668024,464.63391531744116
9,5,15,2,diurnal,directional,random,34,1666,21187519,274.29646351599274,376.2497620172369
9,5,15,2,diurnal,directional,random,35,1116,21187519,268.3155733336235,338.4593926086308
9,5,15,2,diurnal,directional,random,36,1005,21187519,316.3619639498604,480.3619639498604
9,5,15,2,diurnal,directional,random,37,367,21187519,271.89962133601034,399.6159194171548
9,5,15,2,diurnal,directional,random,38,2101,21187519,257.16484323049156,408.3785963437489
9,5,15,2,diurnal,directional,random,39,2464,21187519,238.7078463921078,408.57359681663087
9,5,15,2,diurnal,directional,random,40,718,21187519,283.130399209395,450.643671427208
9,5,15,2,diurnal,directional,random,41,2203,21187519,280.8918681168399,445.5006603248782
9,5,15,2,diurnal,directional,random,42,1563,21187519,287.91163437598937,467.91163437598937
9,5,15,2,diurnal,directional,random,43,1983,21187519,266.3826844972563,484.3839912373335
9,5,15,2,diurnal,directional,random,44,573,21187519,272.37207394579855,422.37207394579855
9,5,15,2,diurnal,directional,random,45,2128,21187519,220.87464534537605,367.94892422501687
9,5,15,2,diurnal,directional,random,46,1231,21187519,260.01341642224196,362.3839912373335
9,5,15,2,diurnal,directional,random,47,1250,21187519,259.8216155668024,389.8216155668024
9,5,15,2,diurnal,directional,random,48,2500,21187519,295.40585145955066,404.40585145955066
9,5,15,2,diurnal,directional,random,49,883,21187519,242.0811280566988,374.0604786433836
9,5,15,2,diurnal,directional,random,50,2350,21187519,243.10992678478982,397.1099267847898
9,5,15,2,diurnal,directional,random,51,2760,21187519,244.30904311545902,405.3036409051897
9,5,15,2,diurnal,directional,random,52,2453,21187519,257.3142537588791,412.3142537588791
9,5,15,2,diurnal,directional,random,53,58,21187519,234.95249924973024,322.3898420101782
9,5,15,2,diurnal,directional,random,54,1264,21187519,299.3701438510465,451.17456866169607
9,5,15,2,diurnal,directional,random,55,684,21187519,275.90310057947704,433.5940337666378
9,5,15,2,diurnal,directional,random,56,2043,21187519,268.08538469532664,398.08538469532664
9,5,15,2,diurnal,directional,random,57,2414,21187519,210.82476369047382,345.8247636904738
9,5,15,2,diurnal,directional,random,58,1427,21187519,306.9194076523404,448.68602098238637
9,5,15,2,diurnal,directional,random,59,911,21187519,244.28491607994192,392.1790816373745
9,5,15,2,diurnal,directional,random,60,330,21187519,303.8424033584613,455.8424033584613
9,5,15,2,diurnal,directional,random,61,1916,21187519,253.85976113904013,376.85976113904013
9,5,15,2,diurnal,directional,random,62,2127,21187519,262.21712583696825,384.21712583696825
9,5,15,2,diurnal,directional,random,63,1539,21187519,257.4086064199498,427.4086064199498
9,5,15,2,diurnal,directional,random,64,1911,21187519,222.53942874323255,353.6841842454969
9,5,15,2,diurnal,directional,random,65,2006,21187519,256.3701438510465,397.8737328799912
9,5,15,2,diurnal,directional,random,66,1869,21187519,290.95940817896894,431.95940817896894
9,5,15,2,diurnal,directional,random,67,2246,21187519,261.0326009549121,411.6134493343248
9,5,15,2,diurnal,directional,random,68,453,21187519,261.6139435902638,361.8918681168399
9,5,15,2,diurnal,directional,random,69,341,21187519,202.26152598633618,280.94529747835765
9,5,15,2,diurnal,directional,random,70,1163,21187519,264.6528418198838,431.53121243315456
9,5,15,2,diurnal,directional,random,71,819,21187519,248.29217662571017,429.29217662571017
9,5,15,2,diurnal,directional,random,72,2054,21187519,207.61394359026377,276.4655382267317
9,5,15,2,diurnal,directional,random,73,2117,21187519,223.05174092527068,379.0517409252707
9,5,15,2,diurnal,directional,random,74,2060,21187519,286.54872168962726,401.54872168962726
9,5,15,2,diurnal,directional,random,75,369,21187519,225.64188364673322,360.7155475872065
9,5,15,2,diurnal,directional,random,76,2715,21187519,247.57359681663087,398.01630257782324
9,5,15,2,diurnal,directional,random,77,2422,21187519,265.6901901313317,372.9769094339031
9,5,15,2,diurnal,directional,random,78,1022,21187519,236.51301542085048,386.5130154208505
9,5,15,2,diurnal,directional,random,79,296,21187519,238.6768086805939,388.54842715072084
9,5,15,2,diurnal,directional,random,80,857,21187519,257.3683293494202,391.3773266759555
9,5,15,2,diurnal,directional,random,81,1694,21187519,277.50386407340443,430.50386407340443
9,5,15,2,diurnal,directional,random,82,1206,21187519,251.93735243706703,384.0222603692316
9,5,15,2,diurnal,directional,random,83,1578,21187519,240.37082564470094,392.800818666989
9,5,15,2,diurnal,directional,random,84,1691,21187519,276.99993930107905,384.99993930107905
9,5,15,2,diurnal,directional,random,85,1363,21187519,225.34730050908746,323.520464341996
9,5,15,2,diurnal,directional,random,86,170,21187519,242.05783416449265,361.3532294749326
9,5,15,2,diurnal,directional,random,87,1330,21187519,246.50881568590447,368.50881568590444
9,5,15,2,diurnal,directional,random,88,2019,21187519,240.62762494651622,416.84809970443507
9,5,15,2,diurnal,directional,random,89,344,21187519,247.27914736044897,362.279147360449
9,5,15,2,diurnal,directional,random,90,931,21187519,281.6595123131533,402.6595123131533
9,5,15,2,diurnal,directional,random,91,2975,21187519,213.0811280566988,344.5791344051967
9,5,15,2,diurnal,directional,random,92,1451,21187519,318.7467542109578,434.7467542109578
9,5,15,2,diurnal,directional,random,93,177,21187519,239.54136500614248,385.1748082316899
9,5,15,2,diurnal,directional,random,94,2166,21187519,253.9405514389359,352.9405514389359
9,5,15,2,diurnal,directional,random,95,2255,21187519,316.219718847294,444.219718847294
9,5,15,2,diurnal,directional,random,96,2625,21187519,243.14025323175622,378.56447593042606
9,5,15,2,diurnal,directional,random,97,1455,21187519,218.21712583696825,400.370825644701
9,5,15,2,diurnal,directional,random,98,1636,21187519,297.56422566242077,470.56422566242077
9,5,15,2,diurnal,directional,random,99,1735,21187519,257.9405514389359,370.94529747835765
9,5,15,2,diurnal,directional,random,100,340,21187519,271.78567733742705,422.54842715072084
9,5,15,2,diurnal,directional,random,101,951,21187519,316.56422566242077,434.56422566242077
9,5,15,2,diurnal,directional,random,102,443,21187519,243.8994788806593,297.89947888065933
9,5,15,2,diurnal,directional,random,103,1333,21187519,227.54136500614248,346.1031674614255
9,5,15,2,diurnal,directional,random,104,2277,21187519,304.34385839451227,455.57673680675725
9,5,15,2,diurnal,directional,random,105,1998,21187519,209.92087910798355,333.9208791079835
9,5,15,2,diurnal,directional,random,106,2837,21187519,247.79430627426592,386.57673680675725
9,5,15,2,diurnal,directional,random,107,776,21187519,247.72084590779141,354.7208459077914
9,5,15,2,diurnal,directional,random,108,2046,21187519,235.2651970892049,414.2651970892049
9,5,15,2,diurnal,directional,random,109,2345,21187519,224.21712583696825,348.21712583696825
9,5,15,2,diurnal,directional,random,110,157,21187519,292.25662193549476,490.25662193549476
9,5,15,2,diurnal,directional,random,111,2672,21187519,230.76636278725692,387.37501432323313
9,5,15,2,diurnal,directional,random,112,2648,21187519,219.1156393566826,332.9916843729875
9,5,15,2,diurnal,directional,random,113,2585,21187519,201.43081539499224,346.36764903264475
9,5,15,2,diurnal,directional,random,114,674,21187519,245.41158254882356,413.7950577200644
9,5,15,2,diurnal,directional,random,115,803,21187519,259.41158254882356,429.1402532317562
9,5,15,2,diurnal,directional,random,116,2196,21187519,254.94326430105474,411.61105026596863
9,5,15,2,diurnal,directional,random,117,1455,21187519,218.21712583696825,400.370825644701
9,5,15,2,diurnal,directional,random,118,1946,21187519,297.2658058146534,446.6453131447775
9,5,15,2,diurnal,directional,random,119,1900,21187519,252.37414322251314,347.1039301907566
9,5,15,2,diurnal,directional,random,120,109,21187519,252.24498694090917,365.24498694090914
9,5,15,2,diurnal,directional,random,121,1128,21187519,230.34370576279406,285.34370576279406
9,5,15,2,diurnal,directional,random,122,631,21187519,293.7489363141721,472.3036409051897
9,5,15,2,diurnal,directional,random,123,1003,21187519,279.9309666903007,426.17016857385374
9,5,15,2,diurnal,directional,random,124,1152,21187519,290.60802431074706,465.466709660636
9,5,15,2,diurnal,directional,random,125,577,21187519,281.35436679814205,422.8647646495182
9,5,15,2,diurnal,directional,random,126,556,21187519,239.69996331672303,443.69996331672303
9,5,15,2,diurnal,directional,random,127,1349,21187519,269.3532294749326,388.7467542109578
9,5,15,2,diurnal,directional,random,128,475,21187519,213.87638991524045,388.16307555014293
9,5,15,2,diurnal,directional,random,129,2250,21187519,275.33213433503363,430.370825644701
9,5,15,2,diurnal,directional,random,130,2652,21187519,263.7467542109578,348.2331079252323
9,5,15,2,diurnal,directional,random,131,1292,21187519,260.04309192332715,401.72495930653304
9,5,15,2,diurnal,directional,random,132,2070,21187519,269.98232862752167,424.71092517002927
9,5,15,2,diurnal,directional,random,133,1446,21187519,198.57054224703717,285.25996814702603
9,5,15,2,diurnal,directional,random,134,2214,21187519,215.5983424972771,343.5983424972771
9,5,15,2,diurnal,directional,random,135,687,21187519,225.7999910381796,369.4015883431707
9,5,15,2,diurnal,directional,random,136,95,21187519,245.3231844339901,351.3231844339901
9,5,15,2,diurnal,directional,random,137,1697,21187519,237.30867296821836,364.3086729682184
9,5,15,2,diurnal,directional,random,138,1685,21187519,285.73308361371244,413.73308361371244
9,5,15,2,diurnal,directional,random,139,1826,21187519,282.9923270371154,415.9923270371154
9,5,15,2,diurnal,directional,random,140,1566,21187519,270.5641237341416,393.50154294568813
9,5,15,2,diurnal,directional,random,141,2483,21187519,225.15459903797887,312.15459903797887
9,5,15,2,diurnal,directional,random,142,1889,21187519,273.2793905917583,429.97654197989084
9,5,15,2,diurnal,directional,random,143,2263,21187519,251.35322947493262,443.08918338872763
9,5,15,2,diurnal,directional,random,144,1924,21187519,211.83657316044972,313.34376262675124
9,5,15,2,diurnal,directional,random,145,1412,21187519,265.67232280214296,390.67232280214296
9,5,15,2,diurnal,directional,random,146,2247,21187519,300.2497620172369,492.2497620172369
9,5,15,2,diurnal,directional,random,147,727,21187519,233.59403376663778,379.5940337666378
9,5,15,2,diurnal,directional,random,148,728,21187519,252.31425375887906,377.3142537588791
9,5,15,2,diurnal,directional,random,149,927,21187519,278.2192667118594,389.34376262675124
9,5,15,2,diurnal,directional,random,150,269,21187519,242.62770899316178,409.6277089931618
9,5,15,2,diurnal,directional,random,151,2800,21187519,231.5221177129638,319.5221177129638
9,5,15,2,diurnal,directional,random,152,785,21187519,255.02217763592216,396.4282475156594
9,5,15,2,diurnal,directional,random,153,2481,21187519,213.63148796559918,369.63148796559915
9,5,15,2,diurnal,directional,random,154,559,21187519,284.02532257047824,390.65144079321897
9,5,15,2,diurnal,directional,random,155,2015,21187519,299.5143676119037,466.5143676119037
9,5,15,2,diurnal,directional,random,156,1633,21187519,258.68213429127115,336.68213429127115
9,5,15,2,diurnal,directional,random,157,1053,21187519,255.73676516974484,386.4023898974376
9,5,15,2,diurnal,directional,random,158,2754,21187519,265.1315237240345,306.50154294568813
9,5,15,2,diurnal,directional,random,159,2831,21187519,240.81265500646745,321.81470631326476
9,5,15,2,diurnal,directional,random,160,84,21187519,225.97796811063864,396.3299763242063
9,5,15,2,diurnal,directional,random,161,2199,21187519,212.38360192424614,296.38360192424614
9,5,15,2,diurnal,directional,random,162,539,21187519,295.6867878888069,520.686787888807
9,5,15,2,diurnal,directional,random,163,140,21187519,238.08740337688835,426.1000399471452
9,5,15,2,diurnal,directional,random,164,908,21187519,284.5372333965081,438.5372333965081
9,5,15,2,diurnal,directional,random,165,130,21187519,237.32997632420629,401.89962133601034
9,5,15,2,diurnal,directional,random,166,1579,21187519,228.83000447466253,333.25662193549476
9,5,15,2,diurnal,directional,random,167,2502,21187519,289.3708520670881,364.1978037285686
9,5,15,2,diurnal,directional,random,168,2169,21187519,258.2651970892049,369.2651970892049
9,5,15,2,diurnal,directional,random,169,452,21187519,253.28038215299253,402.2803821529925
9,5,15,2,diurnal,directional,random,170,2021,21187519,250.95249924973024,324.95249924973024
9,5,15,2,diurnal,directional,random,171,1255,21187519,282.89962133601034,395.1031674614255
9,5,15,2,diurnal,directional,random,172,2126,21187519,288.9060949822686,412.8163276848876
9,5,15,2,diurnal,directional,random,173,802,21187519,284.17016857385374,417.8918681168399
9,5,15,2,diurnal,directional,random,174,355,21187519,257.57673680675725,423.1156393566826
9,5,15,2,diurnal,directional,random,175,852,21187519,265.8744032893078,415.1000399471452
9,5,15,2,diurnal,directional,random,176,1759,21187519,285.99993930107905,389.20352212267835
9,5,15,2,diurnal,directional,random,177,79,21187519,219.80000157100488,293.8335021715407
9,5,15,2,diurnal,directional,random,178,2410,21187519,217.01518416696746,318.5619430261178
9,5,15,2,diurnal,directional,random,179,814,21187519,246.5428231865003,353.54872168962726
9,5,15,2,diurnal,directional,random,180,1331,21187519,257.3683293494202,359.3683293494202
9,5,15,2,diurnal,directional,random,181,1214,21187519,308.17352331876805,426.17352331876805
9,5,15,2,diurnal,directional,random,182,827,21187519,282.9803537718174,466.9803537718174
9,5,15,2,diurnal,directional,random,183,380,21187519,287.1315237240345,432.5416209157831
9,5,15,2,diurnal,directional,random,184,1894,21187519,225.01341642224196,330.01341642224196
9,5,15,2,diurnal,directional,random,185,1957,21187519,268.6159194171548,427.6159194171548
9,5,15,2,diurnal,directional,random,186,1995,21187519,238.56422566242077,350.56422566242077
9,5,15,2,diurnal,directional,random,187,1483,21187519,261.59639091816825,424.9916843729875
9,5,15,2,diurnal,directional,random,188,2685,21187519,324.38630820100434,434.219718847294
9,5,15,2,diurnal,directional,random,189,676,21187519,249.64922631148306,384.64922631148306
9,5,15,2,diurnal,directional,random,190,816,21187519,248.5038640734044,400.889559001302
9,5,15,2,diurnal,directional,random,191,1160,21187519,231.23048195457363,375.23048195457363
9,5,15,2,diurnal,directional,random,192,1391,21187519,243.68859543214393,439.09843044128576
9,5,15,2,diurnal,directional,random,193,2858,21187519,290.46908372957836,465.8744032893078
9,5,15,2,diurnal,directional,random,194,198,21187519,257.800818666989,334.800818666989
9,5,15,2,diurnal,directional,random,195,616,21187519,264.09396470451077,367.83280196704413
9,5,15,2,diurnal,directional,random,196,2124,21187519,184.70759586926295,232.88558431584426
9,5,15,2,diurnal,directional,random,197,1797,21187519,263.4772717365537,419.4772717365537
9,5,15,2,diurnal,directional,random,198,2445,21187519,216.83657316044972,314.8365731604497
9,5,15,2,diurnal,directional,random,199,1443,21187519,234.97211563905657,410.9721156390566
9,5,15,2,diurnal,directional,HC_HI,0,1765,21187519,179.38310039918503,275.279147360449
9,5,15,2,diurnal,directional,HC_HI,1,1162,21187519,219.31214545392103,345.31214545392106
9,5,15,2,diurnal,directional,HC_HI,2,2053,21187519,211.57673680675725,379.4703673000752
9,5,15,2,diurnal,directional,HC_HI,3,1940,21187519,236.79430627426592,405.87638991524045
9,5,15,2,diurnal,directional,HC_HI,4,520,21187519,235.95308395396302,292.953083953963
9,5,15,2,diurnal,directional,HC_HI,5,1765,21187519,179.38310039918503,275.279147360449
9,5,15,2,diurnal,directional,HC_HI,6,460,21187519,244.08918338872763,391.424376400443
9,5,15,2,diurnal,directional,HC_HI,7,162,21187519,197.2192667118594,353.2192667118594
9,5,15,2,diurnal,directional,HC_HI,8,1210,21187519,215.36925856720214,323.67232280214296
9,5,15,2,diurnal,directional,HC_HI,9,1404,21187519,315.38360192424614,416.2651970892049
9,5,15,2,diurnal,directional,HC_HI,10,1178,21187519,284.40910194391165,429.17352331876805
9,5,15,2,diurnal,directional,HC_HI,11,2674,21187519,231.17480823168992,375.5983424972771
9,5,15,2,diurnal,directional,HC_HI,12,1086,21187519,267.5416209157831,376.9060949822686
9,5,15,2,diurnal,directional,HC_HI,13,2824,21187519,173.37949752764072,304.59060873147575
9,5,15,2,diurnal,directional,HC_HI,14,1206,21187519,251.93735243706703,384.0222603692316
9,5,15,2,diurnal,directional,HC_HI,15,1408,21187519,255.41158254882356,393.8582064054369
9,5,15,2,diurnal,directional,HC_HI,16,1155,21187519,212.2192667118594,350.2192667118594
9,5,15,2,diurnal,directional,HC_HI,17,505,21187519,231.39792547592094,348.3231844339901
9,5,15,2,diurnal,directional,HC_HI,18,186,21187519,250.2651416726133,390.2754467807474
9,5,15,2,diurnal,directional,HC_HI,19,1883,21187519,307.94326430105474,493.2497620172369
9,5,15,2,diurnal,directional,HC_HI,20,2824,21187519,173.37949752764072,304.59060873147575
9,5,15,2,diurnal,directional,HC_HI,21,2162,21187519,236.4837022591156,375.4837022591156
9,5,15,2,diurnal,directional,HC_HI,22,2414,21187519,210.82476369047382,345.8247636904738
9,5,15,2,diurnal,directional,HC_HI,23,2056,21187519,229.3619639498604,330.4185084467132
9,5,15,2,diurnal,directional,HC_HI,24,344,21187519,247.27914736044897,362.279147360449
9,5,15,2,diurnal,directional,HC_HI,25,179,21187519,233.44919480925694,355.021332702712
9,5,15,2,diurnal,directional,HC_HI,26,2674,21187519,231.17480823168992,375.5983424972771
9,5,15,2,diurnal,directional,HC_HI,27,4,21187519,253.33131666177837,361.3313166617784
9,5,15,2,diurnal,directional,HC_HI,28,1883,21187519,307.94326430105474,493.2497620172369
9,5,15,2,diurnal,directional,HC_HI,29,2231,21187519,206.99186862298927,348.835233429157
9,5,15,2,diurnal,directional,HC_HI,30,1383,21187519,295.73308361371244,456.73308361371244
9,5,15,2,diurnal,directional,HC_HI,31,1622,21187519,238.77942447101896,327.77942447101896
9,5,15,2,diurnal,directional,HC_HI,32,2498,21187519,289.13579280599765,412.13579280599765
9,5,15,2,diurnal,directional,HC_HI,33,1398,21187519,266.8699024665175,408.9137371236566
9,5,15,2,diurnal,directional,HC_HI,34,1178,21187519,284.40910194391165,429.17352331876805
9,5,15,2,diurnal,directional,HC_HI,35,1210,21187519,215.36925856720214,323.67232280214296
9,5,15,2,diurnal,directional,HC_HI,36,377,21187519,271.7402390453311,422.7402390453311
9,5,15,2,diurnal,directional,HC_HI,37,2964,21187519,217.07388307550576,406.4822781224061
9,5,15,2,diurnal,directional,HC_HI,38,2696,21187519,255.35502037345742,440.7467542109578
9,5,15,2,diurnal,directional,HC_HI,39,2431,21187519,242.87356120404968,418.8735612040497
9,5,15,2,diurnal,directional,HC_HI,40,924,21187519,257.3987833685728,403.9645438853522
9,5,15,2,diurnal,directional,HC_HI,41,1029,21187519,253.81702768154685,360.3336202173432
9,5,15,2,diurnal,directional,HC_HI,42,1191,21187519,216.96927735113962,392.09396470451077
9,5,15,2,diurnal,directional,HC_HI,43,2206,21187519,241.95940817896897,358.95940817896894
9,5,15,2,diurnal,directional,HC_HI,44,1477,21187519,274.6528418198838,450.7288527396521
9,5,15,2,diurnal,directional,HC_HI,45,1888,21187519,212.57054224703717,302.57054224703717
9,5,15,2,diurnal,directional,HC_HI,46,393,21187519,215.7183887963924,362.7183887963924
9,5,15,2,diurnal,directional,HC_HI,47,261,21187519,247.4028348546332,391.40283485463317
9,5,15,2,diurnal,directional,HC_HI,48,2672,21187519,230.76636278725692,387.37501432323313
9,5,15,2,diurnal,directional,HC_HI,49,351,21187519,248.61105026596863,376.61105026596863
9,5,15,2,diurnal,directional,HC_HI,50,1162,21187519,219.31214545392103,345.31214545392106
9,5,15,2,diurnal,directional,HC_HI,51,1608,21187519,233.6676653776965,376.20652639072864
9,5,15,2,diurnal,directional,HC_HI,52,2252,21187519,248.40732821906084,443.0380557058759
9,5,15,2,diurnal,directional,HC_HI,53,843,21187519,249.57353862622932,374.5735386262293
9,5,15,2,diurnal,directional,HC_HI,54,2668,21187519,261.5217419801713,364.5217419801713
9,5,15,2,diurnal,directional,HC_HI,55,1739,21187519,251.2764736967303,343.71694747244265
9,5,15,2,diurnal,directional,HC_HI,56,828,21187519,247.38399123733345,384.15459903797887
9,5,15,2,diurnal,directional,HC_HI,57,1167,21187519,310.9618295766885,482.1908394016761
9,5,15,2,diurnal,directional,HC_HI,58,309,21187519,238.6728112257551,415.67281122575514
9,5,15,2,diurnal,directional,HC_HI,59,261,21187519,247.4028348546332,391.40283485463317
9,5,15,2,diurnal,directional,HC_HI,60,2449,21187519,203.4852743723278,301.9103596779898
9,5,15,2,diurnal,directional,HC_HI,61,1263,21187519,274.7775908304677,459.8784507670962
9,5,15,2,diurnal,directional,HC_HI,62,1174,21187519,218.10867301525673,397.1086730152567
9,5,15,2,diurnal,directional,HC_HI,63,539,21187519,295.6867878888069,520.686787888807
9,5,15,2,diurnal,directional,HC_HI,64,537,21187519,195.424376400443,325.4053556306178
9,5,15,2,diurnal,directional,HC_HI,65,2696,21187519,255.35502037345742,440.7467542109578
9,5,15,2,diurnal,directional,HC_HI,66,1137,21187519,223.63391531744116,352.55803138138845
9,5,15,2,diurnal,directional,HC_HI,67,2757,21187519,218.21971884729402,285.31214545392106
9,5,15,2,diurnal,directional,HC_HI,68,314,21187519,264.43081539499224,381.53720046008465
9,5,15,2,diurnal,directional,HC_HI,69,843,21187519,249.57353862622932,374.5735386262293
9,5,15,2,diurnal,directional,HC_HI,70,1005,21187519,316.3619639498604,480.3619639498604
9,5,15,2,diurnal,directional,HC_HI,71,2456,21187519,220.08925699658232,364.98232862752167
9,5,15,2,diurnal,directional,HC_HI,72,1886,21187519,211.3231844339901,309.3231844339901
9,5,15,2,diurnal,directional,HC_HI,73,206,21187519,254.96742588683384,329.4023898974376
9,5,15,2,diurnal,directional,HC_HI,74,1398,21187519,266.8699024665175,408.9137371236566
9,5,15,2,diurnal,directional,HC_HI,75,2281,21187519,225.83183977590016,399.4593926086308
9,5,15,2,diurnal,directional,HC_HI,76,1604,21187519,314.53213964094726,493.53213964094726
9,5,15,2,diurnal,directional,HC_HI,77,2126,21187519,288.9060949822686,412.8163276848876
9,5,15,2,diurnal,directional,HC_HI,78,521,21187519,247.03805570587585,424.0380557058759
9,5,15,2,diurnal,directional,HC_HI,79,2402,21187519,241.19259597828474,363.19259597828477
9,5,15,2,diurnal,directional,HC_HI,80,179,21187519,233.44919480925694,355.021332702712
9,5,15,2,diurnal,directional,HC_HI,81,1390,21187519,260.16606328620094,337.0626452654975
9,5,15,2,diurnal,directional,HC_HI,82,2343,21187519,254.90263037355396,435.7155475872065
9,5,15,2,diurnal,directional,HC_HI,83,1529,21187519,225.10003994714518,378.6276249465162
9,5,15,2,diurnal,directional,HC_HI,84,964,21187519,260.41088003231744,401.41088003231744
9,5,15,2,diurnal,directional,HC_HI,85,2498,21187519,289.13579280599765,412.13579280599765
9,5,15,2,diurnal,directional,HC_HI,86,1801,21187519,218.46908372957836,342.5536399429468
9,5,15,2,diurnal,directional,HC_HI,87,4,21187519,253.33131666177837,361.3313166617784
9,5,15,2,diurnal,directional,HC_HI,88,2471,21187519,285.01630257782324,389.4235425696321
9,5,15,2,diurnal,directional,HC_HI,89,990,21187519,257.83183977590016,451.5130154208505
9,5,15,2,diurnal,directional,HC_HI,90,314,21187519,264.43081539499224,381.53720046008465
9,5,15,2,diurnal,directional,HC_HI,91,1801,21187519,218.46908372957836,342.5536399429468
9,5,15,2,diurnal,directional,HC_HI,92,607,21187519,256.9802337530841,444.1402532317562
9,5,15,2,diurnal,directional,HC_HI,93,1155,21187519,212.2192667118594,350.2192667118594
9,5,15,2,diurnal,directional,HC_HI,94,236,21187519,279.3400372395921,428.3400372395921
9,5,15,2,diurnal,directional,HC_HI,95,2938,21187519,222.23691915466395,351.23691915466395
9,5,15,2,diurnal,directional,HC_HI,96,1714,21187519,249.08571595578206,335.48181950581096
9,5,15,2,diurnal,directional,HC_HI,97,2560,21187519,229.80000157100488,349.34730050908746
9,5,15,2,diurnal,directional,HC_HI,98,1398,21187519,266.8699024665175,408.9137371236566
9,5,15,2,diurnal,directional,HC_HI,99,162,21187519,197.2192667118594,353.2192667118594
9,5,15,2,diurnal,directional,HC_HI,100,843,21187519,249.57353862622932,374.5735386262293
9,5,15,2,diurnal,directional,HC_HI,101,556,21187519,239.69996331672303,443.69996331672303
9,5,15,2,diurnal,directional,HC_HI,102,1025,21187519,212.3400372395921,370.3400372395921
9,5,15,2,diurnal,directional,HC_HI,103,186,21187519,250.2651416726133,390.2754467807474
9,5,15,2,diurnal,directional,HC_HI,104,2252,21187519,248.40732821906084,443.0380557058759
9,5,15,2,diurnal,directional,HC_HI,105,817,21187519,264.2803821529925,369.9191975979837
9,5,15,2,diurnal,directional,HC_HI,106,1886,21187519,211.3231844339901,309.3231844339901
9,5,15,2,diurnal,directional,HC_HI,107,337,21187519,213.96454388535224,225.96454388535224
9,5,15,2,diurnal,directional,HC_HI,108,2402,21187519,241.19259597828474,363.19259597828477
9,5,15,2,diurnal,directional,HC_HI,109,2865,21187519,263.4655382267317,381.4655382267317
9,5,15,2,diurnal,directional,HC_HI,110,537,21187519,195.424376400443,325.4053556306178
9,5,15,2,diurnal,directional,HC_HI,111,2375,21187519,255.41699658661616,388.77065345109247
9,5,15,2,diurnal,directional,HC_HI,112,2231,21187519,206.99186862298927,348.835233429157
9,5,15,2,diurnal,directional,HC_HI,113,2716,21187519,225.94892422501684,321.1834690934507
9,5,15,2,diurnal,directional,HC_HI,114,1739,21187519,251.2764736967303,343.71694747244265
9,5,15,2,diurnal,directional,HC_HI,115,2402,21187519,241.19259597828474,363.19259597828477
9,5,15,2,diurnal,directional,HC_HI,116,1634,21187519,210.2651416726133,294.9103596779898
9,5,15,2,diurnal,directional,HC_HI,117,645,21187519,272.2754467807474,423.2754467807474
9,5,15,2,diurnal,directional,HC_HI,118,2380,21187519,229.83657316044972,332.6276249465162
9,5,15,2,diurnal,directional,HC_HI,119,817,21187519,264.2803821529925,369.9191975979837
9,5,15,2,diurnal,directional,HC_HI,120,1160,21187519,231.23048195457363,375.23048195457363
9,5,15,2,diurnal,directional,HC_HI,121,543,21187519,271.47196741701725,419.47196741701725
9,5,15,2,diurnal,directional,HC_HI,122,843,21187519,249.57353862622932,374.5735386262293
9,5,15,2,diurnal,directional,HC_HI,123,556,21187519,239.69996331672303,443.69996331672303
9,5,15,2,diurnal,directional,HC_HI,124,1477,21187519,274.6528418198838,450.7288527396521
9,5,15,2,diurnal,directional,HC_HI,125,60,21187519,230.9765419798908,314.97654197989084
9,5,15,2,diurnal,directional,HC_HI,126,2716,21187519,225.94892422501684,321.1834690934507
9,5,15,2,diurnal,directional,HC_HI,127,1178,21187519,284.40910194391165,429.17352331876805
9,5,15,2,diurnal,directional,HC_HI,128,1512,21187519,251.19259597828474,326.19259597828477
9,5,15,2,diurnal,directional,HC_HI,129,337,21187519,213.96454388535224,225.96454388535224
9,5,15,2,diurnal,directional,HC_HI,130,2402,21187519,241.19259597828474,363.19259597828477
9,5,15,2,diurnal,directional,HC_HI,131,1005,21187519,316.3619639498604,480.3619639498604
9,5,15,2,diurnal,directional,HC_HI,132,2696,21187519,255.35502037345742,440.7467542109578
9,5,15,2,diurnal,directional,HC_HI,133,2757,21187519,218.21971884729402,285.31214545392106
9,5,15,2,diurnal,directional,HC_HI,134,1112,21187519,237.40910194391162,396.6134493343248
9,5,15,2,diurnal,directional,HC_HI,135,2964,21187519,217.07388307550576,406.4822781224061
9,5,15,2,diurnal,directional,HC_HI,136,2853,21187519,274.2768439591622,414.2768439591622
9,5,15,2,diurnal,directional,HC_HI,137,1797,21187519,263.4772717365537,419.4772717365537
9,5,15,2,diurnal,directional,HC_HI,138,2824,21187519,173.37949752764072,304.59060873147575
9,5,15,2,diurnal,directional,HC_HI,139,377,21187519,271.7402390453311,422.7402390453311
9,5,15,2,diurnal,directional,HC_HI,140,2616,21187519,221.40910194391162,375.81702768154685
9,5,15,2,diurnal,directional,HC_HI,141,410,21187519,264.0380557058759,391.02217763592216
9,5,15,2,diurnal,directional,HC_HI,142,750,21187519,293.7775908304677,389.1834690934507
9,5,15,2,diurnal,directional,HC_HI,143,2720,21187519,261.5148111114777,405.5148111114777
9,5,15,2,diurnal,directional,HC_HI,144,1232,21187519,240.26998488419545,369.2699848841954
9,5,15,2,diurnal,directional,HC_HI,145,1801,21187519,218.46908372957836,342.5536399429468
9,5,15,2,diurnal,directional,HC_HI,146,2560,21187519,229.80000157100488,349.34730050908746
9,5,15,2,diurnal,directional,HC_HI,147,24,21187519,253.53720046008465,355.37501432323313
9,5,15,2,diurnal,directional,HC_HI,148,1804,21187519,307.3842462297925,455.6867878888069
9,5,15,2,diurnal,directional,HC_HI,149,2598,21187519,233.40585145955066,423.3231844339901
9,5,15,2,diurnal,directional,HC_HI,150,1604,21187519,314.53213964094726,493.53213964094726
9,5,15,2,diurnal,directional,HC_HI,151,1606,21187519,303.1790816373745,457.1790816373745
9,5,15,2,diurnal,directional,HC_HI,152,64,21187519,295.57673680675725,430.02217763592216
9,5,15,2,diurnal,directional,HC_HI,153,2162,21187519,236.4837022591156,375.4837022591156
9,5,15,2,diurnal,directional,HC_HI,154,2053,21187519,211.57673680675725,379.4703673000752
9,5,15,2,diurnal,directional,HC_HI,155,1529,21187519,225.10003994714518,378.6276249465162
9,5,15,2,diurnal,directional,HC_HI,156,2515,21187519,205.69996331672303,363.69996331672303
9,5,15,2,diurnal,directional,HC_HI,157,2658,21187519,280.5217419801713,400.5217419801713
9,5,15,2,diurnal,directional,HC_HI,158,2666,21187519,245.50881568590447,400.50881568590444
9,5,15,2,diurnal,directional,HC_HI,159,2672,21187519,230.76636278725692,387.37501432323313
9,5,15,2,diurnal,directional,HC_HI,160,2956,21187519,235.97211563905657,342.6595123131533
9,5,15,2,diurnal,directional,HC_HI,161,1178,21187519,284.40910194391165,429.17352331876805
9,5,15,2,diurnal,directional,HC_HI,162,28,21187519,273.7663627872569,375.1790816373745
9,5,15,2,diurnal,directional,HC_HI,163,1175,21187519,251.93048826595214,364.9309666903007
9,5,15,2,diurnal,directional,HC_HI,164,1404,21187519,315.38360192424614,416.2651970892049
9,5,15,2,diurnal,directional,HC_HI,165,505,21187519,231.39792547592094,348.3231844339901
9,5,15,2,diurnal,directional,HC_HI,166,389,21187519,228.65035635826348,346.0892569965823
9,5,15,2,diurnal,directional,HC_HI,167,2535,21187519,230.2651970892049,370.2651970892049
9,5,15,2,diurnal,directional,HC_HI,168,314,21187519,264.43081539499224,381.53720046008465
9,5,15,2,diurnal,directional,HC_HI,169,2380,21187519,229.83657316044972,332.6276249465162
9,5,15,2,diurnal,directional,HC_HI,170,2674,21187519,231.17480823168992,375.5983424972771
9,5,15,2,diurnal,directional,HC_HI,171,340,21187519,271.78567733742705,422.54842715072084
9,5,15,2,diurnal,directional,HC_HI,172,1267,21187519,248.45220156376405,328.45220156376405
9,5,15,2,diurnal,directional,HC_HI,173,2515,21187519,205.69996331672303,363.69996331672303
9,5,15,2,diurnal,directional,HC_HI,174,1206,21187519,251.93735243706703,384.0222603692316
9,5,15,2,diurnal,directional,HC_HI,175,1043,21187519,322.8216155668024,568.3036409051897
9,5,15,2,diurnal,directional,HC_HI,176,522,21187519,223.56422566242077,336.39792547592094
9,5,15,2,diurnal,directional,HC_HI,177,1174,21187519,218.10867301525673,397.1086730152567
9,5,15,2,diurnal,directional,HC_HI,178,236,21187519,279.3400372395921,428.3400372395921
9,5,15,2,diurnal,directional,HC_HI,179,1604,21187519,314.53213964094726,493.53213964094726
9,5,15,2,diurnal,directional,HC_HI,180,1508,21187519,254.3619639498604,429.94074145572864
9,5,15,2,diurnal,directional,HC_HI,181,2375,21187519,255.41699658661616,388.77065345109247
9,5,15,2,diurnal,directional,HC_HI,182,448,21187519,296.71694747244265,449.7509442544543
9,5,15,2,diurnal,directional,HC_HI,183,2866,21187519,294.20652639072864,416.20652639072864
9,5,15,2,diurnal,directional,HC_HI,184,2333,21187519,288.9060949822686,419.5006603248782
9,5,15,2,diurnal,directional,HC_HI,185,460,21187519,244.08918338872763,391.424376400443
9,5,15,2,diurnal,directional,HC_HI,186,1481,21187519,223.37847983355232,366.01341642224196
9,5,15,2,diurnal,directional,HC_HI,187,2231,21187519,206.99186862298927,348.835233429157
9,5,15,2,diurnal,directional,HC_HI,188,2162,21187519,236.4837022591156,375.4837022591156
9,5,15,2,diurnal,directional,HC_HI,189,1529,21187519,225.10003994714518,378.6276249465162
9,5,15,2,diurnal,directional,HC_HI,190,910,21187519,259.93991488046356,457.130399209395
9,5,15,2,diurnal,directional,HC_HI,191,1634,21187519,210.2651416726133,294.9103596779898
9,5,15,2,diurnal,directional,HC_HI,192,816,21187519,248.5038640734044,400.889559001302
9,5,15,2,diurnal,directional,HC_HI,193,1207,21187519,243.77217043224675,462.4386740952883
9,5,15,2,diurnal,directional,HC_HI,194,2498,21187519,289.13579280599765,412.13579280599765
9,5,15,2,diurnal,directional,HC_HI,195,2964,21187519,217.07388307550576,406.4822781224061
9,5,15,2,diurnal,directional,HC_HI,196,1481,21187519,223.37847983355232,366.01341642224196
9,5,15,2,diurnal,directional,HC_HI,197,1968,21187519,290.54872168962726,367.5148111114777
9,5,15,2,diurnal,directional,HC_HI,198,281,21187519,268.5608748039664,462.40910194391165
9,5,15,2,diurnal,directional,HC_HI,199,1043,21187519,322.8216155668024,568.3036409051897
9,5,15,2,diurnal,directional,HC_LI,0,2491,21187519,226.94529747835765,356.2615259863362
9,5,15,2,diurnal,directional,HC_LI,1,1452,21187519,271.5322326587602,420.3619639498604
9,5,15,2,diurnal,directional,HC_LI,2,2592,21187519,265.72495930653304,439.20652639072864
9,5,15,2,diurnal,directional,HC_LI,3,1158,21187519,241.94423398293742,345.3313166617784
9,5,15,2,diurnal,directional,HC_LI,4,2632,21187519,243.51029652200015,374.57054224703717
9,5,15,2,diurnal,directional,HC_LI,5,1256,21187519,276.93048826595214,484.93048826595214
9,5,15,2,diurnal,directional,HC_LI,6,900,21187519,271.08229525764034,476.13229973232774
9,5,15,2,diurnal,directional,HC_LI,7,367,21187519,271.89962133601034,399.6159194171548
9,5,15,2,diurnal,directional,HC_LI,8,839,21187519,267.36691242555077,403.36691242555077
9,5,15,2,diurnal,directional,HC_LI,9,2275,21187519,245.99186862298927,374.17930864162673
9,5,15,2,diurnal,directional,HC_LI,10,1342,21187519,215.97216028140878,399.370825644701
9,5,15,2,diurnal,directional,HC_LI,11,1845,21187519,256.13229973232774,438.13229973232774
9,5,15,2,diurnal,directional,HC_LI,12,1158,21187519,241.94423398293742,345.3313166617784
9,5,15,2,diurnal,directional,HC_LI,13,2941,21187519,291.12678968666864,422.12678968666864
9,5,15,2,diurnal,directional,HC_LI,14,869,21187519,239.6373687753154,297.6373687753154
9,5,15,2,diurnal,directional,HC_LI,15,819,21187519,248.29217662571017,429.29217662571017
9,5,15,2,diurnal,directional,HC_LI,16,2495,21187519,274.5413650061425,427.51029652200015
9,5,15,2,diurnal,directional,HC_LI,17,495,21187519,240.25382732722966,366.25382732722966
9,5,15,2,diurnal,directional,HC_LI,18,274,21187519,264.5143676119037,405.2803821529925
9,5,15,2,diurnal,directional,HC_LI,19,627,21187519,286.66685777646603,408.68194037982335
9,5,15,2,diurnal,directional,HC_LI,20,2093,21187519,217.36493595490825,341.3649359549082
9,5,15,2,diurnal,directional,HC_LI,21,844,21187519,333.225087570321,511.225087570321
9,5,15,2,diurnal,directional,HC_LI,22,2679,21187519,220.11967885160408,346.5130154208505
9,5,15,2,diurnal,directional,HC_LI,23,2030,21187519,263.1159013016569,449.1159013016569
9,5,15,2,diurnal,directional,HC_LI,24,2971,21187519,259.5322326587602,419.59639091816825
9,5,15,2,diurnal,directional,HC_LI,25,1954,21187519,292.95382732593674,395.8735612040497
9,5,15,2,diurnal,directional,HC_LI,26,2030,21187519,263.1159013016569,449.1159013016569
9,5,15,2,diurnal,directional,HC_LI,27,598,21187519,227.87356120404968,401.15459903797887
9,5,15,2,diurnal,directional,HC_LI,28,1832,21187519,282.9305621259248,386.7775908304677
9,5,15,2,diurnal,directional,HC_LI,29,1841,21187519,277.2331079252323,442.2331079252323
9,5,15,2,diurnal,directional,HC_LI,30,546,21187519,262.021332702712,377.021332702712
9,5,15,2,diurnal,directional,HC_LI,31,2906,21187519,246.59639091816823,426.5167438217153
9,5,15,2,diurnal,directional,HC_LI,32,1993,21187519,235.32617634953064,372.2658058146534
9,5,15,2,diurnal,directional,HC_LI,33,2495,21187519,274.5413650061425,427.51029652200015
9,5,15,2,diurnal,directional,HC_LI,34,514,21187519,289.0348433018983,358.0348433018983
9,5,15,2,diurnal,directional,HC_LI,35,948,21187519,277.5416209157831,368.7467542109578
9,5,15,2,diurnal,directional,HC_LI,36,1844,21187519,278.8166788858006,423.9311218784006
9,5,15,2,diurnal,directional,HC_LI,37,367,21187519,271.89962133601034,399.6159194171548
9,5,15,2,diurnal,directional,HC_LI,38,2319,21187519,221.50881568590447,309.1800643165026
9,5,15,2,diurnal,directional,HC_LI,39,902,21187519,265.44926582593007,415.6431948721453
9,5,15,2,diurnal,directional,HC_LI,40,2798,21187519,281.219718847294,403.9803537718174
9,5,15,2,diurnal,directional,HC_LI,41,2935,21187519,233.43867409528832,334.2958664309718
9,5,15,2,diurnal,directional,HC_LI,42,1080,21187519,250.46026703596692,394.94074145572864
9,5,15,2,diurnal,directional,HC_LI,43,2579,21187519,180.95664030379177,276.08948861910596
9,5,15,2,diurnal,directional,HC_LI,44,118,21187519,233.79430627426592,392.7943062742659
9,5,15,2,diurnal,directional,HC_LI,45,2921,21187519,259.6418836467332,401.225087570321
9,5,15,2,diurnal,directional,HC_LI,46,936,21187519,241.97321743788353,435.4001639633498
9,5,15,2,diurnal,directional,HC_LI,47,1432,21187519,237.98753776326055,450.59639091816825
9,5,15,2,diurnal,directional,HC_LI,48,1021,21187519,257.3299763242063,479.47658071765477
9,5,15,2,diurnal,directional,HC_LI,49,2798,21187519,281.219718847294,403.9803537718174
9,5,15,2,diurnal,directional,HC_LI,50,2935,21187519,233.43867409528832,334.2958664309718
9,5,15,2,diurnal,directional,HC_LI,51,1049,21187519,270.41158254882356,390.41158254882356
9,5,15,2,diurnal,directional,HC_LI,52,1845,21187519,256.13229973232774,438.13229973232774
9,5,15,2,diurnal,directional,HC_LI,53,1483,21187519,261.59639091816825,424.9916843729875
9,5,15,2,diurnal,directional,HC_LI,54,1764,21187519,266.95382732593674,469.3036409051897
9,5,15,2,diurnal,directional,HC_LI,55,2800,21187519,231.5221177129638,319.5221177129638
9,5,15,2,diurnal,directional,HC_LI,56,1080,21187519,250.46026703596692,394.94074145572864
9,5,15,2,diurnal,directional,HC_LI,57,2679,21187519,220.11967885160408,346.5130154208505
9,5,15,2,diurnal,directional,HC_LI,58,1483,21187519,261.59639091816825,424.9916843729875
9,5,15,2,diurnal,directional,HC_LI,59,2574,21187519,280.08472515379674,367.97654197989084
9,5,15,2,diurnal,directional,HC_LI,60,2935,21187519,233.43867409528832,334.2958664309718
9,5,15,2,diurnal,directional,HC_LI,61,728,21187519,252.31425375887906,377.3142537588791
9,5,15,2,diurnal,directional,HC_LI,62,465,21187519,268.53720046008465,358.9137371236566
9,5,15,2,diurnal,directional,HC_LI,63,2243,21187519,279.5006603248782,388.38755249610244
9,5,15,2,diurnal,directional,HC_LI,64,1914,21187519,251.1963846791116,422.46123205070415
9,5,15,2,diurnal,directional,HC_LI,65,2870,21187519,249.26580581465336,351.3991440925231
9,5,15,2,diurnal,directional,HC_LI,66,576,21187519,257.9501223438664,417.2192667118594
9,5,15,2,diurnal,directional,HC_LI,67,1768,21187519,265.4184904560461,352.12678968666864
9,5,15,2,diurnal,directional,HC_LI,68,2974,21187519,257.3683293494202,410.3683293494202
9,5,15,2,diurnal,directional,HC_LI,69,1832,21187519,282.9305621259248,386.7775908304677
9,5,15,2,diurnal,directional,HC_LI,70,1730,21187519,255.51674382171532,402.57054224703717
9,5,15,2,diurnal,directional,HC_LI,71,274,21187519,264.5143676119037,405.2803821529925
9,5,15,2,diurnal,directional,HC_LI,72,2352,21187519,260.9721602814088,398.2803821529925
9,5,15,2,diurnal,directional,HC_LI,73,34,21187519,255.15459903797887,410.7625803541939
9,5,15,2,diurnal,directional,HC_LI,74,1080,21187519,250.46026703596692,394.94074145572864
9,5,15,2,diurnal,directional,HC_LI,75,1806,21187519,262.9208791079835,339.4507372691137
9,5,15,2,diurnal,directional,HC_LI,76,2623,21187519,266.1159013016569,433.1159013016569
9,5,15,2,diurnal,directional,HC_LI,77,541,21187519,290.1000399471452,398.8737328799912
9,5,15,2,diurnal,directional,HC_LI,78,1547,21187519,261.47196741701725,413.47196741701725
9,5,15,2,diurnal,directional,HC_LI,79,2352,21187519,260.9721602814088,398.2803821529925
9,5,15,2,diurnal,directional,HC_LI,80,895,21187519,241.87464534537605,329.3550203734574
9,5,15,2,diurnal,directional,HC_LI,81,844,21187519,333.225087570321,511.225087570321
9,5,15,2,diurnal,directional,HC_LI,82,1213,21187519,275.60859898232434,434.466709660636
9,5,15,2,diurnal,directional,HC_LI,83,1695,21187519,243.20352212267838,443.20352212267835
9,5,15,2,diurnal,directional,HC_LI,84,1327,21187519,240.23310792523225,400.4589488575175
9,5,15,2,diurnal,directional,HC_LI,85,2875,21187519,255.44615944024076,366.3550203734574
9,5,15,2,diurnal,directional,HC_LI,86,2495,21187519,274.5413650061425,427.51029652200015
9,5,15,2,diurnal,directional,HC_LI,87,2830,21187519,234.54162091578308,358.94326430105474
9,5,15,2,diurnal,directional,HC_LI,88,1048,21187519,248.98171418200096,355.9817141820009
9,5,15,2,diurnal,directional,HC_LI,89,1128,21187519,230.34370576279406,285.34370576279406
9,5,15,2,diurnal,directional,HC_LI,90,1494,21187519,244.40238989743762,384.00992118312104
9,5,15,2,diurnal,directional,HC_LI,91,2291,21187519,247.40158834317072,402.933944907014
9,5,15,2,diurnal,directional,HC_LI,92,839,21187519,267.36691242555077,403.36691242555077
9,5,15,2,diurnal,directional,HC_LI,93,1350,21187519,298.9137371236566,492.9137371236566
9,5,15,2,diurnal,directional,HC_LI,94,1176,21187519,241.9060949822686,380.4934207926574
9,5,15,2,diurnal,directional,HC_LI,95,2906,21187519,246.59639091816823,426.5167438217153
9,5,15,2,diurnal,directional,HC_LI,96,10,21187519,263.29217662571017,392.29217662571017
9,5,15,2,diurnal,directional,HC_LI,97,1676,21187519,288.8001607295263,428.8001607295263
9,5,15,2,diurnal,directional,HC_LI,98,465,21187519,268.53720046008465,358.9137371236566
9,5,15,2,diurnal,directional,HC_LI,99,41,21187519,259.4708947041855,384.4708947041855
9,5,15,2,diurnal,directional,HC_LI,100,352,21187519,258.62790097709046,378.53121243315456
9,5,15,2,diurnal,directional,HC_LI,101,878,21187519,254.30904311545902,387.6841842454969
9,5,15,2,diurnal,directional,HC_LI,102,2742,21187519,260.13229973232774,383.35546660801157
9,5,15,2,diurnal,directional,HC_LI,103,598,21187519,227.87356120404968,401.15459903797887
9,5,15,2,diurnal,directional,HC_LI,104,2948,21187519,232.59639091816823,419.59639091816825
9,5,15,2,diurnal,directional,HC_LI,105,2083,21187519,227.24498694090917,459.24498694090914
9,5,15,2,diurnal,directional,HC_LI,106,1049,21187519,270.41158254882356,390.41158254882356
9,5,15,2,diurnal,directional,HC_LI,107,1589,21187519,253.85747426330065,370.8574742633007
9,5,15,2,diurnal,directional,HC_LI,108,1521,21187519,251.37666768278547,452.37666768278547
9,5,15,2,diurnal,directional,HC_LI,109,2767,21187519,274.69294835889383,411.38360192424614
9,5,15,2,diurnal,directional,HC_LI,110,878,21187519,254.30904311545902,387.6841842454969
9,5,15,2,diurnal,directional,HC_LI,111,1066,21187519,295.8784507670962,439.73792519191136
9,5,15,2,diurnal,directional,HC_LI,112,728,21187519,252.31425375887906,377.3142537588791
9,5,15,2,diurnal,directional,HC_LI,113,2795,21187519,229.98023375308415,389.9802337530841
9,5,15,2,diurnal,directional,HC_LI,114,1386,21187519,264.6186846952391,409.3638509361016
9,5,15,2,diurnal,directional,HC_LI,115,375,21187519,273.8491800046232,421.4589488575175
9,5,15,2,diurnal,directional,HC_LI,116,2723,21187519,253.57353862622932,399.51693155192794
9,5,15,2,diurnal,directional,HC_LI,117,656,21187519,276.7208459077914,446.63391531744116
9,5,15,2,diurnal,directional,HC_LI,118,367,21187519,271.89962133601034,399.6159194171548
9,5,15,2,diurnal,directional,HC_LI,119,701,21187519,226.97090937810032,371.0242016984233
9,5,15,2,diurnal,directional,HC_LI,120,1295,21187519,260.90310057947704,372.90310057947704
9,5,15,2,diurnal,directional,HC_LI,121,18,21187519,269.4986588210053,420.94892422501687
9,5,15,2,diurnal,directional,HC_LI,122,1814,21187519,265.1633029140834,373.51025744774597
9,5,15,2,diurnal,directional,HC_LI,123,2631,21187519,245.77065345109247,432.3036409051897
9,5,15,2,diurnal,directional,HC_LI,124,1158,21187519,241.94423398293742,345.3313166617784
9,5,15,2,diurnal,directional,HC_LI,125,627,21187519,286.66685777646603,408.68194037982335
9,5,15,2,diurnal,directional,HC_LI,126,1295,21187519,260.90310057947704,372.90310057947704
9,5,15,2,diurnal,directional,HC_LI,127,2818,21187519,228.17558992160812,423.3238304978871
9,5,15,2,diurnal,directional,HC_LI,128,2291,21187519,247.40158834317072,402.933944907014
9,5,15,2,diurnal,directional,HC_LI,129,2010,21187519,236.8980710805301,370.8980710805301
9,5,15,2,diurnal,directional,HC_LI,130,1771,21187519,250.72885273965207,355.7288527396521
9,5,15,2,diurnal,directional,HC_LI,131,2030,21187519,263.1159013016569,449.1159013016569
9,5,15,2,diurnal,directional,HC_LI,132,1021,21187519,257.3299763242063,479.47658071765477
9,5,15,2,diurnal,directional,HC_LI,133,606,21187519,228.81702768154685,369.2497620172369
9,5,15,2,diurnal,directional,HC_LI,134,273,21187519,266.19259597828477,468.02217763592216
9,5,15,2,diurnal,directional,HC_LI,135,401,21187519,228.72495930653307,398.0811280566988
9,5,15,2,diurnal,directional,HC_LI,136,1159,21187519,226.4390189188579,362.67232280214296
9,5,15,2,diurnal,directional,HC_LI,137,2772,21187519,270.8699024665175,512.3108505261569
9,5,15,2,diurnal,directional,HC_LI,138,1124,21187519,231.32721905053094,339.32721905053097
9,5,15,2,diurnal,directional,HC_LI,139,754,21187519,242.6134493343248,396.6134493343248
9,5,15,2,diurnal,directional,HC_LI,140,1732,21187519,288.29646351599274,429.2768439591622
9,5,15,2,diurnal,directional,HC_LI,141,2615,21187519,268.2651970892049,412.97698760214314
9,5,15,2,diurnal,directional,HC_LI,142,2818,21187519,228.17558992160812,423.3238304978871
9,5,15,2,diurnal,directional,HC_LI,143,457,21187519,291.3619639498604,580.3619639498604
9,5,15,2,diurnal,directional,HC_LI,144,2491,21187519,226.94529747835765,356.2615259863362
9,5,15,2,diurnal,directional,HC_LI,145,2336,21187519,251.56447593042608,416.83516689325256
9,5,15,2,diurnal,directional,HC_LI,146,1432,21187519,237.98753776326055,450.59639091816825
9,5,15,2,diurnal,directional,HC_LI,147,1704,21187519,245.56412373414162,394.89947888065933
9,5,15,2,diurnal,directional,HC_LI,148,2065,21187519,253.61591941715483,388.41088003231744
9,5,15,2,diurnal,directional,HC_LI,149,576,21187519,257.9501223438664,417.2192667118594
9,5,15,2,diurnal,directional,HC_LI,150,401,21187519,228.72495930653307,398.0811280566988
9,5,15,2,diurnal,directional,HC_LI,151,2765,21187519,256.3224543640596,419.3224543640596
9,5,15,2,diurnal,directional,HC_LI,152,638,21187519,289.2651970892049,458.57673680675725
9,5,15,2,diurnal,directional,HC_LI,153,2276,21187519,287.51029652200015,476.51029652200015
9,5,15,2,diurnal,directional,HC_LI,154,902,21187519,265.44926582593007,415.6431948721453
9,5,15,2,diurnal,directional,HC_LI,155,2971,21187519,259.5322326587602,419.59639091816825
9,5,15,2,diurnal,directional,HC_LI,156,1432,21187519,237.98753776326055,450.59639091816825
9,5,15,2,diurnal,directional,HC_LI,157,1764,21187519,266.95382732593674,469.3036409051897
9,5,15,2,diurnal,directional,HC_LI,158,2687,21187519,323.8735612040497,472.65252258946293
9,5,15,2,diurnal,directional,HC_LI,159,2276,21187519,287.51029652200015,476.51029652200015
9,5,15,2,diurnal,directional,HC_LI,160,2989,21187519,254.64403217324084,419.6440321732408
9,5,15,2,diurnal,directional,HC_LI,161,2276,21187519,287.51029652200015,476.51029652200015
9,5,15,2,diurnal,directional,HC_LI,162,1984,21187519,260.38755249610244,432.38755249610244
9,5,15,2,diurnal,directional,HC_LI,163,844,21187519,333.225087570321,511.225087570321
9,5,15,2,diurnal,directional,HC_LI,164,2083,21187519,227.24498694090917,459.24498694090914
9,5,15,2,diurnal,directional,HC_LI,165,900,21187519,271.08229525764034,476.13229973232774
9,5,15,2,diurnal,directional,HC_LI,166,598,21187519,227.87356120404968,401.15459903797887
9,5,15,2,diurnal,directional,HC_LI,167,2167,21187519,259.6885954321439,385.8424033584613
9,5,15,2,diurnal,directional,HC_LI,168,2921,21187519,259.6418836467332,401.225087570321
9,5,15,2,diurnal,directional,HC_LI,169,2795,21187519,229.98023375308415,389.9802337530841
9,5,15,2,diurnal,directional,HC_LI,170,1327,21187519,240.23310792523225,400.4589488575175
9,5,15,2,diurnal,directional,HC_LI,171,2167,21187519,259.6885954321439,385.8424033584613
9,5,15,2,diurnal,directional,HC_LI,172,2536,21187519,244.37085206708807,344.3692585672021
9,5,15,2,diurnal,directional,HC_LI,173,2818,21187519,228.17558992160812,423.3238304978871
9,5,15,2,diurnal,directional,HC_LI,174,2989,21187519,254.64403217324084,419.6440321732408
9,5,15,2,diurnal,directional,HC_LI,175,2921,21187519,259.6418836467332,401.225087570321
9,5,15,2,diurnal,directional,HC_LI,176,18,21187519,269.4986588210053,420.94892422501687
9,5,15,2,diurnal,directional,HC_LI,177,156,21187519,312.1000399471452,504.1000399471452
9,5,15,2,diurnal,directional,HC_LI,178,1828,21187519,249.6901901313317,368.5095658399486
9,5,15,2,diurnal,directional,HC_LI,179,2336,21187519,251.56447593042608,416.83516689325256
9,5,15,2,diurnal,directional,HC_LI,180,2690,21187519,256.20352212267835,410.2898007554017
9,5,15,2,diurnal,directional,HC_LI,181,2167,21187519,259.6885954321439,385.8424033584613
9,5,15,2,diurnal,directional,HC_LI,182,2275,21187519,245.99186862298927,374.17930864162673
9,5,15,2,diurnal,directional,HC_LI,183,2698,21187519,215.03418304145828,355.94074145572864
9,5,15,2,diurnal,directional,HC_LI,184,869,21187519,239.6373687753154,297.6373687753154
9,5,15,2,diurnal,directional,HC_LI,185,1159,21187519,226.4390189188579,362.67232280214296
9,5,15,2,diurnal,directional,HC_LI,186,2732,21187519,242.4837022591156,432.4837022591156
9,5,15,2,diurnal,directional,HC_LI,187,2875,21187519,255.44615944024076,366.3550203734574
9,5,15,2,diurnal,directional,HC_LI,188,2929,21187519,322.77217043224675,516.785677337427
9,5,15,2,diurnal,directional,HC_LI,189,754,21187519,242.6134493343248,396.6134493343248
9,5,15,2,diurnal,directional,HC_LI,190,465,21187519,268.53720046008465,358.9137371236566
9,5,15,2,diurnal,directional,HC_LI,191,576,21187519,257.9501223438664,417.2192667118594
9,5,15,2,diurnal,directional,HC_LI,192,514,21187519,289.0348433018983,358.0348433018983
9,5,15,2,diurnal,directional,HC_LI,193,2166,21187519,253.9405514389359,352.9405514389359
9,5,15,2,diurnal,directional,HC_LI,194,1483,21187519,261.59639091816825,424.9916843729875
9,5,15,2,diurnal,directional,HC_LI,195,465,21187519,268.53720046008465,358.9137371236566
9,5,15,2,diurnal,directional,HC_LI,196,1037,21187519,254.6270679511915,366.9721156390566
9,5,15,2,diurnal,directional,HC_LI,197,837,21187519,215.30867296821836,367.65144079321897
9,5,15,2,diurnal,directional,HC_LI,198,844,21187519,333.225087570321,511.225087570321
9,5,15,2,diurnal,directional,HC_LI,199,541,21187519,290.1000399471452,398.8737328799912
9,5,15,2,diurnal,directional,LC_HI,0,1837,21187519,269.8918681168399,398.2497620172369
9,5,15,2,diurnal,directional,LC_HI,1,149,21187519,259.5735386262293,416.34385839451227
9,5,15,2,diurnal,directional,LC_HI,2,1418,21187519,308.93991488046356,397.93991488046356
9,5,15,2,diurnal,directional,LC_HI,3,275,21187519,323.23691915466395,514.236919154664
9,5,15,2,diurnal,directional,LC_HI,4,605,21187519,245.16580664447415,340.3224543640596
9,5,15,2,diurnal,directional,LC_HI,5,439,21187519,300.35436679814205,489.35436679814205
9,5,15,2,diurnal,directional,LC_HI,6,1168,21187519,302.0281201720419,426.1661557499323
9,5,15,2,diurnal,directional,LC_HI,7,2137,21187519,309.34376262675124,470.34376262675124
9,5,15,2,diurnal,directional,LC_HI,8,2914,21187519,249.18006431650258,389.1800643165026
9,5,15,2,diurnal,directional,LC_HI,9,339,21187519,281.51029652200015,427.5095658399486
9,5,15,2,diurnal,directional,LC_HI,10,2914,21187519,249.18006431650258,389.1800643165026
9,5,15,2,diurnal,directional,LC_HI,11,434,21187519,203.34835972035913,275.3532294749326
9,5,15,2,diurnal,directional,LC_HI,12,875,21187519,250.53213964094726,372.2331079252323
9,5,15,2,diurnal,directional,LC_HI,13,27,21187519,253.9060949822686,421.9060949822686
9,5,15,2,diurnal,directional,LC_HI,14,82,21187519,255.34770510698448,406.93694511201153
9,5,15,2,diurnal,directional,LC_HI,15,751,21187519,279.96742588683384,488.96742588683384
9,5,15,2,diurnal,directional,LC_HI,16,1583,21187519,234.3263119817952,369.0743344314742
9,5,15,2,diurnal,directional,LC_HI,17,2590,21187519,282.29231057483565,395.29231057483565
9,5,15,2,diurnal,directional,LC_HI,18,492,21187519,224.98023375308415,324.9802337530841
9,5,15,2,diurnal,directional,LC_HI,19,1283,21187519,285.97654197989084,402.98753776326055
9,5,15,2,diurnal,directional,LC_HI,20,217,21187519,244.75025733278025,395.5217419801713
9,5,15,2,diurnal,directional,LC_HI,21,2179,21187519,247.1156393566826,354.1156393566826
9,5,15,2,diurnal,directional,LC_HI,22,1837,21187519,269.8918681168399,398.2497620172369
9,5,15,2,diurnal,directional,LC_HI,23,2907,21187519,295.0242016984233,422.93991488046356
9,5,15,2,diurnal,directional,LC_HI,24,1064,21187519,234.09396470451074,395.65252258946293
9,5,15,2,diurnal,directional,LC_HI,25,2663,21187519,290.4837022591156,494.49369542254993
9,5,15,2,diurnal,directional,LC_HI,26,310,21187519,276.40732821906084,416.21712583696825
9,5,15,2,diurnal,directional,LC_HI,27,492,21187519,224.98023375308415,324.9802337530841
9,5,15,2,diurnal,directional,LC_HI,28,1728,21187519,221.86231703739162,327.8623170373916
9,5,15,2,diurnal,directional,LC_HI,29,310,21187519,276.40732821906084,416.21712583696825
9,5,15,2,diurnal,directional,LC_HI,30,1245,21187519,239.88422267640465,329.1790816373745
9,5,15,2,diurnal,directional,LC_HI,31,1058,21187519,290.54872168962726,449.3898420101782
9,5,15,2,diurnal,directional,LC_HI,32,616,21187519,264.09396470451077,367.83280196704413
9,5,15,2,diurnal,directional,LC_HI,33,217,21187519,244.75025733278025,395.5217419801713
9,5,15,2,diurnal,directional,LC_HI,34,1592,21187519,258.1658066444742,405.41699658661616
9,5,15,2,diurnal,directional,LC_HI,35,1284,21187519,283.7574593853116,356.60802431074706
9,5,15,2,diurnal,directional,LC_HI,36,27,21187519,253.9060949822686,421.9060949822686
9,5,15,2,diurnal,directional,LC_HI,37,374,21187519,214.94892422501684,321.78467063703744
9,5,15,2,diurnal,directional,LC_HI,38,2240,21187519,246.73792519191133,373.73792519191136
9,5,15,2,diurnal,directional,LC_HI,39,439,21187519,300.35436679814205,489.35436679814205
9,5,15,2,diurnal,directional,LC_HI,40,275,21187519,323.23691915466395,514.236919154664
9,5,15,2,diurnal,directional,LC_HI,41,2823,21187519,236.53723339650807,345.3336202173432
9,5,15,2,diurnal,directional,LC_HI,42,1449,21187519,294.38630820100434,509.38630820100434
9,5,15,2,diurnal,directional,LC_HI,43,2179,21187519,247.1156393566826,354.1156393566826
9,5,15,2,diurnal,directional,LC_HI,44,1101,21187519,203.60859898232437,319.60859898232434
9,5,15,2,diurnal,directional,LC_HI,45,519,21187519,256.90310057947704,340.90310057947704
9,5,15,2,diurnal,directional,LC_HI,46,2140,21187519,296.6970924833902,483.6970924833902
9,5,15,2,diurnal,directional,LC_HI,47,751,21187519,279.96742588683384,488.96742588683384
9,5,15,2,diurnal,directional,LC_HI,48,2902,21187519,216.80320535463744,356.5536399429468
9,5,15,2,diurnal,directional,LC_HI,49,616,21187519,264.09396470451077,367.83280196704413
9,5,15,2,diurnal,directional,LC_HI,50,44,21187519,271.1159013016569,425.1039301907566
9,5,15,2,diurnal,directional,LC_HI,51,1591,21187519,288.73676516974484,373.46908372957836
9,5,15,2,diurnal,directional,LC_HI,52,567,21187519,192.37949752764072,247.11967885160408
9,5,15,2,diurnal,directional,LC_HI,53,1982,21187519,261.93735243706703,428.3638509361016
9,5,15,2,diurnal,directional,LC_HI,54,745,21187519,277.00992118312104,455.00992118312104
9,5,15,2,diurnal,directional,LC_HI,55,1004,21187519,314.51386966626706,445.2877757680403
9,5,15,2,diurnal,directional,LC_HI,56,519,21187519,256.90310057947704,340.90310057947704
9,5,15,2,diurnal,directional,LC_HI,57,2882,21187519,218.03418304145828,341.0341830414583
9,5,15,2,diurnal,directional,LC_HI,58,1374,21187519,229.8591650935473,330.8591650935473
9,5,15,2,diurnal,directional,LC_HI,59,586,21187519,262.7722697872928,397.44615944024076
9,5,15,2,diurnal,directional,LC_HI,60,1127,21187519,165.83280196704416,258.83280196704413
9,5,15,2,diurnal,directional,LC_HI,61,2140,21187519,296.6970924833902,483.6970924833902
9,5,15,2,diurnal,directional,LC_HI,62,1150,21187519,212.51386966626703,284.6423081947933
9,5,15,2,diurnal,directional,LC_HI,63,1485,21187519,249.58037438871702,395.580374388717
9,5,15,2,diurnal,directional,LC_HI,64,1297,21187519,205.7692383186121,363.4235425696321
9,5,15,2,diurnal,directional,LC_HI,65,1961,21187519,205.66934778055264,370.1908394016761
9,5,15,2,diurnal,directional,LC_HI,66,2027,21187519,240.1382064726272,301.1382064726272
9,5,15,2,diurnal,directional,LC_HI,67,2138,21187519,285.25662193549476,391.8238824919649
9,5,15,2,diurnal,directional,LC_HI,68,498,21187519,260.46123205070415,419.46123205070415
9,5,15,2,diurnal,directional,LC_HI,69,2488,21187519,256.7916532721334,406.7916532721334
9,5,15,2,diurnal,directional,LC_HI,70,1660,21187519,245.2898007554017,395.8216155668024
9,5,15,2,diurnal,directional,LC_HI,71,2190,21187519,271.4185084467132,380.4053556306178
9,5,15,2,diurnal,directional,LC_HI,72,1469,21187519,281.6134493343248,419.6134493343248
9,5,15,2,diurnal,directional,LC_HI,73,426,21187519,291.6373687753154,490.3619639498604
9,5,15,2,diurnal,directional,LC_HI,74,1004,21187519,314.51386966626706,445.2877757680403
9,5,15,2,diurnal,directional,LC_HI,75,1202,21187519,235.7155475872065,370.9618295766885
9,5,15,2,diurnal,directional,LC_HI,76,2058,21187519,192.6186846952391,293.6186846952391
9,5,15,2,diurnal,directional,LC_HI,77,1594,21187519,279.2395658152685,428.98186738702435
9,5,15,2,diurnal,directional,LC_HI,78,2370,21187519,188.2224002106446,303.37501432323313
9,5,15,2,diurnal,directional,LC_HI,79,2081,21187519,228.71694747244265,313.73139356392664
9,5,15,2,diurnal,directional,LC_HI,80,2570,21187519,260.48181950581096,373.7749471443223
9,5,15,2,diurnal,directional,LC_HI,81,2982,21187519,264.33213433503363,381.33213433503363
9,5,15,2,diurnal,directional,LC_HI,82,310,21187519,276.40732821906084,416.21712583696825
9,5,15,2,diurnal,directional,LC_HI,83,52,21187519,249.58037438871702,361.4053556306178
9,5,15,2,diurnal,directional,LC_HI,84,1317,21187519,229.12106304809396,327.28703009117226
9,5,15,2,diurnal,directional,LC_HI,85,1591,21187519,288.73676516974484,373.46908372957836
9,5,15,2,diurnal,directional,LC_HI,86,1079,21187519,213.06622097383715,309.839441234286
9,5,15,2,diurnal,directional,LC_HI,87,2268,21187519,286.40585145955066,454.5095658399486
9,5,15,2,diurnal,directional,LC_HI,88,1826,21187519,282.9923270371154,415.9923270371154
9,5,15,2,diurnal,directional,LC_HI,89,2274,21187519,201.17092859370732,305.6885954321439
9,5,15,2,diurnal,directional,LC_HI,90,1595,21187519,258.1196788516041,409.53121243315456
9,5,15,2,diurnal,directional,LC_HI,91,1272,21187519,218.29231057483565,329.21364012081597
9,5,15,2,diurnal,directional,LC_HI,92,1079,21187519,213.06622097383715,309.839441234286
9,5,15,2,diurnal,directional,LC_HI,93,534,21187519,222.89186811683987,344.8918681168399
9,5,15,2,diurnal,directional,LC_HI,94,557,21187519,245.5980404419634,356.8226855274707
9,5,15,2,diurnal,directional,LC_HI,95,550,21187519,229.55363994294683,335.13579280599765
9,5,15,2,diurnal,directional,LC_HI,96,2326,21187519,222.80565355902485,393.80565355902485
9,5,15,2,diurnal,directional,LC_HI,97,590,21187519,268.12678968666864,435.12678968666864
9,5,15,2,diurnal,directional,LC_HI,98,1317,21187519,229.12106304809396,327.28703009117226
9,5,15,2,diurnal,directional,LC_HI,99,52,21187519,249.58037438871702,361.4053556306178
9,5,15,2,diurnal,directional,LC_HI,100,550,21187519,229.55363994294683,335.13579280599765
9,5,15,2,diurnal,directional,LC_HI,101,378,21187519,268.9191975979837,389.9191975979837
9,5,15,2,diurnal,directional,LC_HI,102,870,21187519,266.87464534537605,359.3263119817952
9,5,15,2,diurnal,directional,LC_HI,103,513,21187519,304.9208791079835,446.6595123131533
9,5,15,2,diurnal,directional,LC_HI,104,1284,21187519,283.7574593853116,356.60802431074706
9,5,15,2,diurnal,directional,LC_HI,105,2958,21187519,285.4822781224061,412.3142537588791
9,5,15,2,diurnal,directional,LC_HI,106,1982,21187519,261.93735243706703,428.3638509361016
9,5,15,2,diurnal,directional,LC_HI,107,2265,21187519,238.28038215299253,409.2468289478468
9,5,15,2,diurnal,directional,LC_HI,108,359,21187519,244.49369542254993,386.49369542254993
9,5,15,2,diurnal,directional,LC_HI,109,616,21187519,264.09396470451077,367.83280196704413
9,5,15,2,diurnal,directional,LC_HI,110,534,21187519,222.89186811683987,344.8918681168399
9,5,15,2,diurnal,directional,LC_HI,111,605,21187519,245.16580664447415,340.3224543640596
9,5,15,2,diurnal,directional,LC_HI,112,255,21187519,230.66453454463704,275.66453454463704
9,5,15,2,diurnal,directional,LC_HI,113,1058,21187519,290.54872168962726,449.3898420101782
9,5,15,2,diurnal,directional,LC_HI,114,2722,21187519,272.5619430261178,409.5619430261178
9,5,15,2,diurnal,directional,LC_HI,115,928,21187519,250.27684395916216,400.86868788964966
9,5,15,2,diurnal,directional,LC_HI,116,2851,21187519,276.57359681663087,403.73792519191136
9,5,15,2,diurnal,directional,LC_HI,117,2914,21187519,249.18006431650258,389.1800643165026
9,5,15,2,diurnal,directional,LC_HI,118,1439,21187519,298.6885954321439,435.38360192424614
9,5,15,2,diurnal,directional,LC_HI,119,1064,21187519,234.09396470451074,395.65252258946293
9,5,15,2,diurnal,directional,LC_HI,120,2453,21187519,257.3142537588791,412.3142537588791
9,5,15,2,diurnal,directional,LC_HI,121,1459,21187519,190.1382064726272,334.51386966626706
9,5,15,2,diurnal,directional,LC_HI,122,1863,21187519,202.41849045604607,240.41849045604607
9,5,15,2,diurnal,directional,LC_HI,123,2419,21187519,284.9854836104961,401.40283485463317
9,5,15,2,diurnal,directional,LC_HI,124,2241,21187519,202.66908954894484,342.34370576279406
9,5,15,2,diurnal,directional,LC_HI,125,2027,21187519,240.1382064726272,301.1382064726272
9,5,15,2,diurnal,directional,LC_HI,126,616,21187519,264.09396470451077,367.83280196704413
9,5,15,2,diurnal,directional,LC_HI,127,374,21187519,214.94892422501684,321.78467063703744
9,5,15,2,diurnal,directional,LC_HI,128,590,21187519,268.12678968666864,435.12678968666864
9,5,15,2,diurnal,directional,LC_HI,129,492,21187519,224.98023375308415,324.9802337530841
9,5,15,2,diurnal,directional,LC_HI,130,2966,21187519,270.92662767656793,379.92662767656793
9,5,15,2,diurnal,directional,LC_HI,131,1592,21187519,258.1658066444742,405.41699658661616
9,5,15,2,diurnal,directional,LC_HI,132,1583,21187519,234.3263119817952,369.0743344314742
9,5,15,2,diurnal,directional,LC_HI,133,751,21187519,279.96742588683384,488.96742588683384
9,5,15,2,diurnal,directional,LC_HI,134,1499,21187519,272.2942226644152,385.3708520670881
9,5,15,2,diurnal,directional,LC_HI,135,513,21187519,304.9208791079835,446.6595123131533
9,5,15,2,diurnal,directional,LC_HI,136,2722,21187519,272.5619430261178,409.5619430261178
9,5,15,2,diurnal,directional,LC_HI,137,875,21187519,250.53213964094726,372.2331079252323
9,5,15,2,diurnal,directional,LC_HI,138,2915,21187519,257.0517409252707,383.0517409252707
9,5,15,2,diurnal,directional,LC_HI,139,1485,21187519,249.58037438871702,395.580374388717
9,5,15,2,diurnal,directional,LC_HI,140,2902,21187519,216.80320535463744,356.5536399429468
9,5,15,2,diurnal,directional,LC_HI,141,2138,21187519,285.25662193549476,391.8238824919649
9,5,15,2,diurnal,directional,LC_HI,142,2102,21187519,231.00817588545289,319.0081758854529
9,5,15,2,diurnal,directional,LC_HI,143,590,21187519,268.12678968666864,435.12678968666864
9,5,15,2,diurnal,directional,LC_HI,144,2810,21187519,244.40016396334983,381.4001639633498
9,5,15,2,diurnal,directional,LC_HI,145,1058,21187519,290.54872168962726,449.3898420101782
9,5,15,2,diurnal,directional,LC_HI,146,781,21187519,211.37666768278547,330.37666768278547
9,5,15,2,diurnal,directional,LC_HI,147,1253,21187519,266.51693155192794,391.51693155192794
9,5,15,2,diurnal,directional,LC_HI,148,1471,21187519,308.53720046008465,429.8388953938691
9,5,15,2,diurnal,directional,LC_HI,149,2138,21187519,285.25662193549476,391.8238824919649
9,5,15,2,diurnal,directional,LC_HI,150,1721,21187519,251.6525225894629,348.65252258946293
9,5,15,2,diurnal,directional,LC_HI,151,1969,21187519,249.933944907014,409.933944907014
9,5,15,2,diurnal,directional,LC_HI,152,605,21187519,245.16580664447415,340.3224543640596
9,5,15,2,diurnal,directional,LC_HI,153,693,21187519,285.6860256407017,462.00992118312104
9,5,15,2,diurnal,directional,LC_HI,154,2693,21187519,295.32253573543596,388.32253573543596
9,5,15,2,diurnal,directional,LC_HI,155,2058,21187519,192.6186846952391,293.6186846952391
9,5,15,2,diurnal,directional,LC_HI,156,2120,21187519,191.97321743788353,319.97321743788353
9,5,15,2,diurnal,directional,LC_HI,157,2232,21187519,251.7448475855483,417.9916843729875
9,5,15,2,diurnal,directional,LC_HI,158,693,21187519,285.6860256407017,462.00992118312104
9,5,15,2,diurnal,directional,LC_HI,159,2370,21187519,188.2224002106446,303.37501432323313
9,5,15,2,diurnal,directional,LC_HI,160,1696,21187519,285.54872168962726,395.54872168962726
9,5,15,2,diurnal,directional,LC_HI,161,2137,21187519,309.34376262675124,470.34376262675124
9,5,15,2,diurnal,directional,LC_HI,162,498,21187519,260.46123205070415,419.46123205070415
9,5,15,2,diurnal,directional,LC_HI,163,529,21187519,301.78567733742705,454.25437379386636
9,5,15,2,diurnal,directional,LC_HI,164,1728,21187519,221.86231703739162,327.8623170373916
9,5,15,2,diurnal,directional,LC_HI,165,1994,21187519,288.7489363141721,415.67232280214296
9,5,15,2,diurnal,directional,LC_HI,166,1205,21187519,227.71694747244265,357.80565355902485
9,5,15,2,diurnal,directional,LC_HI,167,781,21187519,211.37666768278547,330.37666768278547
9,5,15,2,diurnal,directional,LC_HI,168,834,21187519,231.71730320934856,393.6768086805939
9,5,15,2,diurnal,directional,LC_HI,169,1568,21187519,183.51481111147766,274.4934207926574
9,5,15,2,diurnal,directional,LC_HI,170,2429,21187519,305.6186846952391,424.6186846952391
9,5,15,2,diurnal,directional,LC_HI,171,1439,21187519,298.6885954321439,435.38360192424614
9,5,15,2,diurnal,directional,LC_HI,172,498,21187519,260.46123205070415,419.46123205070415
9,5,15,2,diurnal,directional,LC_HI,173,1738,21187519,252.71092517002927,375.71092517002927
9,5,15,2,diurnal,directional,LC_HI,174,1092,21187519,277.87638991524045,434.8692744893799
9,5,15,2,diurnal,directional,LC_HI,175,1150,21187519,212.51386966626703,284.6423081947933
9,5,15,2,diurnal,directional,LC_HI,176,2069,21187519,254.66908954894484,401.66908954894484
9,5,15,2,diurnal,directional,LC_HI,177,1738,21187519,252.71092517002927,375.71092517002927
9,5,15,2,diurnal,directional,LC_HI,178,1382,21187519,244.1382064726272,357.1382064726272
9,5,15,2,diurnal,directional,LC_HI,179,1728,21187519,221.86231703739162,327.8623170373916
9,5,15,2,diurnal,directional,LC_HI,180,1469,21187519,281.6134493343248,419.6134493343248
9,5,15,2,diurnal,directional,LC_HI,181,2370,21187519,188.2224002106446,303.37501432323313
9,5,15,2,diurnal,directional,LC_HI,182,545,21187519,344.9769094339031,442.48181950581096
9,5,15,2,diurnal,directional,LC_HI,183,605,21187519,245.16580664447415,340.3224543640596
9,5,15,2,diurnal,directional,LC_HI,184,2676,21187519,226.72495930653307,377.72495930653304
9,5,15,2,diurnal,directional,LC_HI,185,341,21187519,202.26152598633618,280.94529747835765
9,5,15,2,diurnal,directional,LC_HI,186,519,21187519,256.90310057947704,340.90310057947704
9,5,15,2,diurnal,directional,LC_HI,187,2950,21187519,229.86231703739162,367.8623170373916
9,5,15,2,diurnal,directional,LC_HI,188,1616,21187519,304.73559292877746,466.7448475855483
9,5,15,2,diurnal,directional,LC_HI,189,745,21187519,277.00992118312104,455.00992118312104
9,5,15,2,diurnal,directional,LC_HI,190,2511,21187519,207.6500603472332,259.6500603472332
9,5,15,2,diurnal,directional,LC_HI,191,2137,21187519,309.34376262675124,470.34376262675124
9,5,15,2,diurnal,directional,LC_HI,192,2161,21187519,180.34770510698448,202.87464534537605
9,5,15,2,diurnal,directional,LC_HI,193,1779,21187519,223.81470631326474,273.85918632741465
9,5,15,2,diurnal,directional,LC_HI,194,1817,21187519,337.9803537718174,530.5102965220001
9,5,15,2,diurnal,directional,LC_HI,195,1721,21187519,251.6525225894629,348.65252258946293
9,5,15,2,diurnal,directional,LC_HI,196,1526,21187519,255.30905066147574,413.6347239997599
9,5,15,2,diurnal,directional,LC_HI,197,823,21187519,241.73792519191133,345.51386966626706
9,5,15,2,diurnal,directional,LC_HI,198,2527,21187519,306.80565355902485,422.80565355902485
9,5,15,2,diurnal,directional,LC_HI,199,1994,21187519,288.7489363141721,415.67232280214296
9,5,15,2,diurnal,directional,LC_LI,0,938,21187519,288.3051062339002,442.9137371236566
9,5,15,2,diurnal,directional,LC_LI,1,2518,21187519,276.50386407340443,471.8335021715407
9,5,15,2,diurnal,directional,LC_LI,2,1307,21187519,226.37501432323313,341.90263037355396
9,5,15,2,diurnal,directional,LC_LI,3,2130,21187519,264.68602098238637,406.68602098238637
9,5,15,2,diurnal,directional,LC_LI,4,2733,21187519,290.9208791079835,446.47658071765477
9,5,15,2,diurnal,directional,LC_LI,5,20,21187519,239.79030798246572,362.7903079824657
9,5,15,2,diurnal,directional,LC_LI,6,2378,21187519,256.835233429157,445.5148111114777
9,5,15,2,diurnal,directional,LC_LI,7,589,21187519,241.16330291408337,398.9618295766885
9,5,15,2,diurnal,directional,LC_LI,8,527,21187519,276.1661557499323,378.1661557499323
9,5,15,2,diurnal,directional,LC_LI,9,850,21187519,268.20352212267835,416.9916843729875
9,5,15,2,diurnal,directional,LC_LI,10,1427,21187519,306.9194076523404,448.68602098238637
9,5,15,2,diurnal,directional,LC_LI,11,1641,21187519,240.98232862752167,373.49369542254993
9,5,15,2,diurnal,directional,LC_LI,12,2603,21187519,291.01341642224196,401.01341642224196
9,5,15,2,diurnal,directional,LC_LI,13,2472,21187519,273.34730050908746,400.37666768278547
9,5,15,2,diurnal,directional,LC_LI,14,2358,21187519,305.3674588445285,455.38630820100434
9,5,15,2,diurnal,directional,LC_LI,15,2860,21187519,239.93991488046356,431.6768086805939
9,5,15,2,diurnal,directional,LC_LI,16,560,21187519,194.5221177129638,266.383100399185
9,5,15,2,diurnal,directional,LC_LI,17,1427,21187519,306.9194076523404,448.68602098238637
9,5,15,2,diurnal,directional,LC_LI,18,1647,21187519,287.36691242555077,402.36691242555077
9,5,15,2,diurnal,directional,LC_LI,19,1495,21187519,260.2395658152685,386.03820284126465
9,5,15,2,diurnal,directional,LC_LI,20,2968,21187519,305.4602670359669,434.68602098238637
9,5,15,2,diurnal,directional,LC_LI,21,1118,21187519,253.40238989743762,427.4023898974376
9,5,15,2,diurnal,directional,LC_LI,22,561,21187519,257.6453131447775,405.6453131447775
9,5,15,2,diurnal,directional,LC_LI,23,830,21187519,249.36691242555077,372.36691242555077
9,5,15,2,diurnal,directional,LC_LI,24,1800,21187519,279.2651970892049,430.4679861621481
9,5,15,2,diurnal,directional,LC_LI,25,612,21187519,279.3708520670881,414.41158254882356
9,5,15,2,diurnal,directional,LC_LI,26,2968,21187519,305.4602670359669,434.68602098238637
9,5,15,2,diurnal,directional,LC_LI,27,2884,21187519,258.3299763242063,462.3299763242063
9,5,15,2,diurnal,directional,LC_LI,28,72,21187519,269.7509442544543,399.7509442544543
9,5,15,2,diurnal,directional,LC_LI,29,2694,21187519,272.1156393566826,401.1156393566826
9,5,15,2,diurnal,directional,LC_LI,30,363,21187519,237.79430627426592,384.7625803541939
9,5,15,2,diurnal,directional,LC_LI,31,976,21187519,253.85747426330065,370.94326430105474
9,5,15,2,diurnal,directional,LC_LI,32,1336,21187519,229.61591941715483,330.66685777646603
9,5,15,2,diurnal,directional,LC_LI,33,2595,21187519,308.56708844148505,483.5006603248782
9,5,15,2,diurnal,directional,LC_LI,34,830,21187519,249.36691242555077,372.36691242555077
9,5,15,2,diurnal,directional,LC_LI,35,1633,21187519,258.68213429127115,336.68213429127115
9,5,15,2,diurnal,directional,LC_LI,36,2829,21187519,263.0235432495771,380.71059897095125
9,5,15,2,diurnal,directional,LC_LI,37,336,21187519,256.2949477449582,410.31085052615686
9,5,15,2,diurnal,directional,LC_LI,38,2762,21187519,222.03260095491208,325.3638509361016
9,5,15,2,diurnal,directional,LC_LI,39,1890,21187519,216.73860974025595,309.7386097402559
9,5,15,2,diurnal,directional,LC_LI,40,2184,21187519,273.05678699233323,371.1086730152567
9,5,15,2,diurnal,directional,LC_LI,41,2267,21187519,229.4235425696321,349.21523816394483
9,5,15,2,diurnal,directional,LC_LI,42,1081,21187519,245.73676516974484,332.73676516974484
9,5,15,2,diurnal,directional,LC_LI,43,1171,21187519,281.08948861910596,400.839441234286
9,5,15,2,diurnal,directional,LC_LI,44,20,21187519,239.79030798246572,362.7903079824657
9,5,15,2,diurnal,directional,LC_LI,45,2762,21187519,222.03260095491208,325.3638509361016
9,5,15,2,diurnal,directional,LC_LI,46,1340,21187519,289.17016857385374,413.17016857385374
9,5,15,2,diurnal,directional,LC_LI,47,2176,21187519,281.2898007554017,428.2898007554017
9,5,15,2,diurnal,directional,LC_LI,48,140,21187519,238.08740337688835,426.1000399471452
9,5,15,2,diurnal,directional,LC_LI,49,20,21187519,239.79030798246572,362.7903079824657
9,5,15,2,diurnal,directional,LC_LI,50,1625,21187519,282.3741432225131,422.24498694090914
9,5,15,2,diurnal,directional,LC_LI,51,1920,21187519,255.81439656395682,409.81439656395685
9,5,15,2,diurnal,directional,LC_LI,52,1911,21187519,222.53942874323255,353.6841842454969
9,5,15,2,diurnal,directional,LC_LI,53,1091,21187519,273.9305621259248,342.50386407340443
9,5,15,2,diurnal,directional,LC_LI,54,2331,21187519,291.81439656395685,365.0994844268739
9,5,15,2,diurnal,directional,LC_LI,55,2155,21187519,265.68602098238637,449.0235432495771
9,5,15,2,diurnal,directional,LC_LI,56,1898,21187519,282.40585145955066,363.40585145955066
9,5,15,2,diurnal,directional,LC_LI,57,527,21187519,276.1661557499323,378.1661557499323
9,5,15,2,diurnal,directional,LC_LI,58,42,21187519,299.3142537588791,440.21523816394483
9,5,15,2,diurnal,directional,LC_LI,59,2267,21187519,229.4235425696321,349.21523816394483
9,5,15,2,diurnal,directional,LC_LI,60,1759,21187519,285.99993930107905,389.20352212267835
9,5,15,2,diurnal,directional,LC_LI,61,2733,21187519,290.9208791079835,446.47658071765477
9,5,15,2,diurnal,directional,LC_LI,62,136,21187519,237.61155063318247,337.61155063318245
9,5,15,2,diurnal,directional,LC_LI,63,935,21187519,314.90310057947704,413.90310057947704
9,5,15,2,diurnal,directional,LC_LI,64,1368,21187519,256.2803821529925,381.2803821529925
9,5,15,2,diurnal,directional,LC_LI,65,488,21187519,219.28777576804032,354.3086729682184
9,5,15,2,diurnal,directional,LC_LI,66,62,21187519,297.56708844148505,450.73308361371244
9,5,15,2,diurnal,directional,LC_LI,67,336,21187519,256.2949477449582,410.31085052615686
9,5,15,2,diurnal,directional,LC_LI,68,2728,21187519,304.05678699233323,411.26985588404096
9,5,15,2,diurnal,directional,LC_LI,69,865,21187519,289.6841842454969,459.1790816373745
9,5,15,2,diurnal,directional,LC_LI,70,1242,21187519,247.7355929287775,421.73676516974484
9,5,15,2,diurnal,directional,LC_LI,71,977,21187519,265.2849160799419,368.2849160799419
9,5,15,2,diurnal,directional,LC_LI,72,11,21187519,296.520464341996,425.520464341996
9,5,15,2,diurnal,directional,LC_LI,73,554,21187519,244.29586643097178,335.72475775170847
9,5,15,2,diurnal,directional,LC_LI,74,1171,21187519,281.08948861910596,400.839441234286
9,5,15,2,diurnal,directional,LC_LI,75,2198,21187519,278.42988592635726,436.42988592635726
9,5,15,2,diurnal,directional,LC_LI,76,1506,21187519,258.51029652200015,337.51029652200015
9,5,15,2,diurnal,directional,LC_LI,77,2518,21187519,276.50386407340443,471.8335021715407
9,5,15,2,diurnal,directional,LC_LI,78,346,21187519,241.5006603248782,375.392317141842
9,5,15,2,diurnal,directional,LC_LI,79,111,21187519,283.9721602814088,443.9721602814088
9,5,15,2,diurnal,directional,LC_LI,80,1316,21187519,251.24498694090917,411.73308361371244
9,5,15,2,diurnal,directional,LC_LI,81,1546,21187519,334.34385839451227,435.61155063318245
9,5,15,2,diurnal,directional,LC_LI,82,2831,21187519,240.81265500646745,321.81470631326476
9,5,15,2,diurnal,directional,LC_LI,83,1668,21187519,285.93048826595214,445.93048826595214
9,5,15,2,diurnal,directional,LC_LI,84,488,21187519,219.28777576804032,354.3086729682184
9,5,15,2,diurnal,directional,LC_LI,85,2520,21187519,215.0803961277365,415.25662193549476
9,5,15,2,diurnal,directional,LC_LI,86,2603,21187519,291.01341642224196,401.01341642224196
9,5,15,2,diurnal,directional,LC_LI,87,938,21187519,288.3051062339002,442.9137371236566
9,5,15,2,diurnal,directional,LC_LI,88,1365,21187519,294.08571595578206,452.8126550064675
9,5,15,2,diurnal,directional,LC_LI,89,1091,21187519,273.9305621259248,342.50386407340443
9,5,15,2,diurnal,directional,LC_LI,90,583,21187519,251.33213433503363,395.33213433503363
9,5,15,2,diurnal,directional,LC_LI,91,31,21187519,265.0662209738372,395.0348433018983
9,5,15,2,diurnal,directional,LC_LI,92,2037,21187519,212.51481111147766,333.5148111114777
9,5,15,2,diurnal,directional,LC_LI,93,865,21187519,289.6841842454969,459.1790816373745
9,5,15,2,diurnal,directional,LC_LI,94,2130,21187519,264.68602098238637,406.68602098238637
9,5,15,2,diurnal,directional,LC_LI,95,1152,21187519,290.60802431074706,465.466709660636
9,5,15,2,diurnal,directional,LC_LI,96,2860,21187519,239.93991488046356,431.6768086805939
9,5,15,2,diurnal,directional,LC_LI,97,583,21187519,251.33213433503363,395.33213433503363
9,5,15,2,diurnal,directional,LC_LI,98,1071,21187519,290.3785963437489,399.1315237240345
9,5,15,2,diurnal,directional,LC_LI,99,1365,21187519,294.08571595578206,452.8126550064675
9,5,15,2,diurnal,directional,LC_LI,100,1463,21187519,258.2395658152685,423.309043115459
9,5,15,2,diurnal,directional,LC_LI,101,266,21187519,247.68213429127115,373.68194037982335
9,5,15,2,diurnal,directional,LC_LI,102,1365,21187519,294.08571595578206,452.8126550064675
9,5,15,2,diurnal,directional,LC_LI,103,1051,21187519,300.53213964094726,389.1570812355969
9,5,15,2,diurnal,directional,LC_LI,104,1668,21187519,285.93048826595214,445.93048826595214
9,5,15,2,diurnal,directional,LC_LI,105,2945,21187519,334.2395658152685,440.3334922593845
9,5,15,2,diurnal,directional,LC_LI,106,2008,21187519,253.69996331672303,470.7749471443223
9,5,15,2,diurnal,directional,LC_LI,107,2920,21187519,269.2468289478468,344.23691915466395
9,5,15,2,diurnal,directional,LC_LI,108,71,21187519,254.7489363141721,413.3006594871883
9,5,15,2,diurnal,directional,LC_LI,109,2296,21187519,250.70304245317158,388.7030424531716
9,5,15,2,diurnal,directional,LC_LI,110,1276,21187519,207.76534740963848,373.2754467807474
9,5,15,2,diurnal,directional,LC_LI,111,1118,21187519,253.40238989743762,427.4023898974376
9,5,15,2,diurnal,directional,LC_LI,112,2829,21187519,263.0235432495771,380.71059897095125
9,5,15,2,diurnal,directional,LC_LI,113,2396,21187519,254.72084590779141,351.34770510698445
9,5,15,2,diurnal,directional,LC_LI,114,111,21187519,283.9721602814088,443.9721602814088
9,5,15,2,diurnal,directional,LC_LI,115,2694,21187519,272.1156393566826,401.1156393566826
9,5,15,2,diurnal,directional,LC_LI,116,72,21187519,269.7509442544543,399.7509442544543
9,5,15,2,diurnal,directional,LC_LI,117,1747,21187519,247.84154175080977,385.84154175080977
9,5,15,2,diurnal,directional,LC_LI,118,612,21187519,279.3708520670881,414.41158254882356
9,5,15,2,diurnal,directional,LC_LI,119,776,21187519,247.72084590779141,354.7208459077914
9,5,15,2,diurnal,directional,LC_LI,120,125,21187519,290.7030424531716,417.7160193689532
9,5,15,2,diurnal,directional,LC_LI,121,1495,21187519,260.2395658152685,386.03820284126465
9,5,15,2,diurnal,directional,LC_LI,122,2320,21187519,215.3400372395921,368.1159013016569
9,5,15,2,diurnal,directional,LC_LI,123,2467,21187519,240.87440328930782,401.4593926086308
9,5,15,2,diurnal,directional,LC_LI,124,71,21187519,254.7489363141721,413.3006594871883
9,5,15,2,diurnal,directional,LC_LI,125,1091,21187519,273.9305621259248,342.50386407340443
9,5,15,2,diurnal,directional,LC_LI,126,239,21187519,321.9534161166904,427.5722340395805
9,5,15,2,diurnal,directional,LC_LI,127,976,21187519,253.85747426330065,370.94326430105474
9,5,15,2,diurnal,directional,LC_LI,128,431,21187519,237.68418424549688,331.6841842454969
9,5,15,2,diurnal,directional,LC_LI,129,72,21187519,269.7509442544543,399.7509442544543
9,5,15,2,diurnal,directional,LC_LI,130,547,21187519,268.3550203734574,341.0380557058759
9,5,15,2,diurnal,directional,LC_LI,131,830,21187519,249.36691242555077,372.36691242555077
9,5,15,2,diurnal,directional,LC_LI,132,2920,21187519,269.2468289478468,344.23691915466395
9,5,15,2,diurnal,directional,LC_LI,133,1347,21187519,211.99232703711542,324.9923270371154
9,5,15,2,diurnal,directional,LC_LI,134,2001,21187519,297.73308361371244,442.7335716395574
9,5,15,2,diurnal,directional,LC_LI,135,1254,21187519,250.05678699233323,408.0217217868138
9,5,15,2,diurnal,directional,LC_LI,136,145,21187519,292.0380557058759,433.93991488046356
9,5,15,2,diurnal,directional,LC_LI,137,136,21187519,237.61155063318247,337.61155063318245
9,5,15,2,diurnal,directional,LC_LI,138,1997,21187519,259.78851413586426,397.8388953938691
9,5,15,2,diurnal,directional,LC_LI,139,2199,21187519,212.38360192424614,296.38360192424614
9,5,15,2,diurnal,directional,LC_LI,140,1878,21187519,236.96927735113962,376.9692773511396
9,5,15,2,diurnal,directional,LC_LI,141,1276,21187519,207.76534740963848,373.2754467807474
9,5,15,2,diurnal,directional,LC_LI,142,547,21187519,268.3550203734574,341.0380557058759
9,5,15,2,diurnal,directional,LC_LI,143,614,21187519,245.98548361049606,358.65144079321897
9,5,15,2,diurnal,directional,LC_LI,144,2497,21187519,238.33638808925804,365.8335021715407
9,5,15,2,diurnal,directional,LC_LI,145,1276,21187519,207.76534740963848,373.2754467807474
9,5,15,2,diurnal,directional,LC_LI,146,66,21187519,238.5428231865003,361.7155475872065
9,5,15,2,diurnal,directional,LC_LI,147,2760,21187519,244.30904311545902,405.3036409051897
9,5,15,2,diurnal,directional,LC_LI,148,935,21187519,314.90310057947704,413.90310057947704
9,5,15,2,diurnal,directional,LC_LI,149,145,21187519,292.0380557058759,433.93991488046356
9,5,15,2,diurnal,directional,LC_LI,150,824,21187519,315.58465818387276,415.3313166617784
9,5,15,2,diurnal,directional,LC_LI,151,1051,21187519,300.53213964094726,389.1570812355969
9,5,15,2,diurnal,directional,LC_LI,152,547,21187519,268.3550203734574,341.0380557058759
9,5,15,2,diurnal,directional,LC_LI,153,1304,21187519,279.3133763314871,413.56422566242077
9,5,15,2,diurnal,directional,LC_LI,154,560,21187519,194.5221177129638,266.383100399185
9,5,15,2,diurnal,directional,LC_LI,155,2518,21187519,276.50386407340443,471.8335021715407
9,5,15,2,diurnal,directional,LC_LI,156,15,21187519,294.8735612040497,432.8735612040497
9,5,15,2,diurnal,directional,LC_LI,157,2728,21187519,304.05678699233323,411.26985588404096
9,5,15,2,diurnal,directional,LC_LI,158,1094,21187519,294.73792519191136,410.37666768278547
9,5,15,2,diurnal,directional,LC_LI,159,1117,21187519,281.0242016984233,407.0242016984233
9,5,15,2,diurnal,directional,LC_LI,160,141,21187519,268.08538469532664,361.42988592635726
9,5,15,2,diurnal,directional,LC_LI,161,1104,21187519,224.36688303736548,335.3668830373655
9,5,15,2,diurnal,directional,LC_LI,162,1118,21187519,253.40238989743762,427.4023898974376
9,5,15,2,diurnal,directional,LC_LI,163,392,21187519,216.57385803956177,305.9566403037918
9,5,15,2,diurnal,directional,LC_LI,164,1463,21187519,258.2395658152685,423.309043115459
9,5,15,2,diurnal,directional,LC_LI,165,776,21187519,247.72084590779141,354.7208459077914
9,5,15,2,diurnal,directional,LC_LI,166,2378,21187519,256.835233429157,445.5148111114777
9,5,15,2,diurnal,directional,LC_LI,167,324,21187519,215.17456866169607,359.74919216189676
9,5,15,2,diurnal,directional,LC_LI,168,1579,21187519,228.83000447466253,333.25662193549476
9,5,15,2,diurnal,directional,LC_LI,169,2603,21187519,291.01341642224196,401.01341642224196
9,5,15,2,diurnal,directional,LC_LI,170,1890,21187519,216.73860974025595,309.7386097402559
9,5,15,2,diurnal,directional,LC_LI,171,2829,21187519,263.0235432495771,380.71059897095125
9,5,15,2,diurnal,directional,LC_LI,172,707,21187519,242.424376400443,421.424376400443
9,5,15,2,diurnal,directional,LC_LI,173,1770,21187519,215.1790816373745,262.54842715072084
9,5,15,2,diurnal,directional,LC_LI,174,2843,21187519,245.88558431584426,377.88558431584426
9,5,15,2,diurnal,directional,LC_LI,175,2518,21187519,276.50386407340443,471.8335021715407
9,5,15,2,diurnal,directional,LC_LI,176,1974,21187519,258.12678968666864,370.7078463921078
9,5,15,2,diurnal,directional,LC_LI,177,2159,21187519,293.2803821529925,378.46432852906094
9,5,15,2,diurnal,directional,LC_LI,178,2395,21187519,244.59060873147578,370.3907648515278
9,5,15,2,diurnal,directional,LC_LI,179,1242,21187519,247.7355929287775,421.73676516974484
9,5,15,2,diurnal,directional,LC_LI,180,125,21187519,290.7030424531716,417.7160193689532
9,5,15,2,diurnal,directional,LC_LI,181,1574,21187519,270.5413650061425,373.8582064054369
9,5,15,2,diurnal,directional,LC_LI,182,1974,21187519,258.12678968666864,370.7078463921078
9,5,15,2,diurnal,directional,LC_LI,183,1668,21187519,285.93048826595214,445.93048826595214
9,5,15,2,diurnal,directional,LC_LI,184,1991,21187519,258.40957659099047,407.81493207422983
9,5,15,2,diurnal,directional,LC_LI,185,140,21187519,238.08740337688835,426.1000399471452
9,5,15,2,diurnal,directional,LC_LI,186,830,21187519,249.36691242555077,372.36691242555077
9,5,15,2,diurnal,directional,LC_LI,187,452,21187519,253.28038215299253,402.2803821529925
9,5,15,2,diurnal,directional,LC_LI,188,1974,21187519,258.12678968666864,370.7078463921078
9,5,15,2,diurnal,directional,LC_LI,189,446,21187519,303.6503563582635,463.6503563582635
9,5,15,2,diurnal,directional,LC_LI,190,547,21187519,268.3550203734574,341.0380557058759
9,5,15,2,diurnal,directional,LC_LI,191,2233,21187519,208.59639091816823,399.59639091816825
9,5,15,2,diurnal,directional,LC_LI,192,527,21187519,276.1661557499323,378.1661557499323
9,5,15,2,diurnal,directional,LC_LI,193,1318,21187519,169.85820640543687,245.85820640543687
9,5,15,2,diurnal,directional,LC_LI,194,977,21187519,265.2849160799419,368.2849160799419
9,5,15,2,diurnal,directional,LC_LI,195,336,21187519,256.2949477449582,410.31085052615686
9,5,15,2,diurnal,directional,LC_LI,196,980,21187519,259.3619639498604,358.26602426347284
9,5,15,2,diurnal,directional,LC_LI,197,446,21187519,303.6503563582635,463.6503563582635
9,5,15,2,diurnal,directional,LC_LI,198,2835,21187519,289.42988592635726,417.3299763242063
9,5,15,2,diurnal,directional,LC_LI,199,2728,21187519,304.05678699233323,411.26985588404096
11,5,30,2,uniform,directional,random,0,235,21387525,252.0,395.0
11,5,30,2,uniform,directional,random,1,301,21387525,259.0,374.0
11,5,30,2,uniform,directional,random,2,2222,21387525,255.0,387.0
11,5,30,2,uniform,directional,random,3,216,21387525,270.0,363.0
11,5,30,2,uniform,directional,random,4,1597,21387525,249.0,397.0
11,5,30,2,uniform,directional,random,5,121,21387525,255.0,349.0
11,5,30,2,uniform,directional,random,6,2618,21387525,221.0,378.0
11,5,30,2,uniform,directional,random,7,2468,21387525,236.0,354.0
11,5,30,2,uniform,directional,random,8,2783,21387525,208.0,324.0
11,5,30,2,uniform,directional,random,9,2757,21387525,238.0,318.0
11,5,30,2,uniform,directional,random,10,1436,21387525,247.0,420.0
11,5,30,2,uniform,directional,random,11,2445,21387525,221.0,362.0
11,5,30,2,uniform,directional,random,12,2614,21387525,266.0,436.0
11,5,30,2,uniform,directional,random,13,1260,21387525,232.0,335.0
11,5,30,2,uniform,directional,random,14,2762,21387525,255.0,419.0
11,5,30,2,uniform,directional,random,15,1927,21387525,208.0,321.0
11,5,30,2,uniform,directional,random,16,1224,21387525,299.0,387.0
11,5,30,2,uniform,directional,random,17,2350,21387525,231.0,375.0
11,5,30,2,uniform,directional,random,18,867,21387525,240.0,355.0
11,5,30,2,uniform,directional,random,19,908,21387525,290.0,383.0
11,5,30,2,uniform,directional,random,20,2198,21387525,289.0,419.0
11,5,30,2,uniform,directional,random,21,826,21387525,275.0,423.0
11,5,30,2,uniform,directional,random,22,2436,21387525,227.0,384.0
11,5,30,2,uniform,directional,random,23,2671,21387525,225.0,349.0
11,5,30,2,uniform,directional,random,24,196,21387525,257.0,419.0
11,5,30,2,uniform,directional,random,25,640,21387525,256.0,355.0
11,5,30,2,uniform,directional,random,26,1515,21387525,265.0,410.0
11,5,30,2,uniform,directional,random,27,1072,21387525,222.0,321.0
11,5,30,2,uniform,directional,random,28,2457,21387525,251.0,462.0
11,5,30,2,uniform,directional,random,29,2001,21387525,241.0,392.0
11,5,30,2,uniform,directional,random,30,2690,21387525,213.0,382.0
11,5,30,2,uniform,directional,random,31,298,21387525,225.0,347.0
11,5,30,2,uniform,directional,random,32,931,21387525,265.0,386.0
11,5,30,2,uniform,directional,random,33,2654,21387525,260.0,405.0
11,5,30,2,uniform,directional,random,34,2520,21387525,298.0,428.0
11,5,30,2,uniform,directional,random,35,2723,21387525,283.0,455.0
11,5,30,2,uniform,directional,random,36,2521,21387525,207.0,352.0
11,5,30,2,uniform,directional,random,37,2544,21387525,236.0,380.0
11,5,30,2,uniform,directional,random,38,1025,21387525,279.0,462.0
11,5,30,2,uniform,directional,random,39,2869,21387525,246.0,379.0
11,5,30,2,uniform,directional,random,40,135,21387525,305.0,408.0
11,5,30,2,uniform,directional,random,41,2410,21387525,261.0,434.0
11,5,30,2,uniform,directional,random,42,2566,21387525,281.0,410.0
11,5,30,2,uniform,directional,random,43,1199,21387525,178.0,238.0
11,5,30,2,uniform,directional,random,44,500,21387525,193.0,306.0
11,5,30,2,uniform,directional,random,45,382,21387525,264.0,456.0
11,5,30,2,uniform,directional,random,46,2532,21387525,237.0,331.0
11,5,30,2,uniform,directional,random,47,1835,21387525,251.0,405.0
11,5,30,2,uniform,directional,random,48,816,21387525,245.0,385.0
11,5,30,2,uniform,directional,random,49,978,21387525,221.0,318.0
11,5,30,2,uniform,directional,random,50,1468,21387525,291.0,419.0
11,5,30,2,uniform,directional,random,51,1224,21387525,299.0,387.0
11,5,30,2,uniform,directional,random,52,971,21387525,220.0,353.0
11,5,30,2,uniform,directional,random,53,950,21387525,295.0,471.0
11,5,30,2,uniform,directional,random,54,1774,21387525,246.0,421.0
11,5,30,2,uniform,directional,random,55,2275,21387525,266.0,552.0
11,5,30,2,uniform,directional,random,56,1713,21387525,278.0,453.0
11,5,30,2,uniform,directional,random,57,1344,21387525,266.0,377.0
11,5,30,2,uniform,directional,random,58,1691,21387525,226.0,372.0
11,5,30,2,uniform,directional,random,59,912,21387525,262.0,404.0
11,5,30,2,uniform,directional,random,60,25,21387525,226.0,364.0
11,5,30,2,uniform,directional,random,61,1343,21387525,270.0,443.0
11,5,30,2,uniform,directional,random,62,2158,21387525,275.0,379.0
11,5,30,2,uniform,directional,random,63,1533,21387525,280.0,487.0
11,5,30,2,uniform,directional,random,64,1630,21387525,249.0,461.0
11,5,30,2,uniform,directional,random,65,1969,21387525,256.0,428.0
11,5,30,2,uniform,directional,random,66,2313,21387525,266.0,412.0
11,5,30,2,uniform,directional,random,67,906,21387525,260.0,357.0
11,5,30,2,uniform,directional,random,68,2865,21387525,208.0,308.0
11,5,30,2,uniform,directional,random,69,692,21387525,234.0,383.0
11,5,30,2,uniform,directional,random,70,2890,21387525,240.0,370.0
11,5,30,2,uniform,directional,random,71,1595,21387525,271.0,415.0
11,5,30,2,uniform,directional,random,72,932,21387525,265.0,394.0
11,5,30,2,uniform,directional,random,73,540,21387525,266.0,461.0
11,5,30,2,uniform,directional,random,74,2468,21387525,236.0,354.0
11,5,30,2,uniform,directional,random,75,690,21387525,251.0,422.0
11,5,30,2,uniform,directional,random,76,19,21387525,249.0,386.0
11,5,30,2,uniform,directional,random,77,1677,21387525,245.0,411.0
11,5,30,2,uniform,directional,random,78,5,21387525,225.0,370.0
11,5,30,2,uniform,directional,random,79,2284,21387525,237.0,320.0
11,5,30,2,uniform,directional,random,80,1474,21387525,245.0,527.0
11,5,30,2,uniform,directional,random,81,1705,21387525,296.0,399.0
11,5,30,2,uniform,directional,random,82,17,21387525,246.0,423.0
11,5,30,2,uniform,directional,random,83,939,21387525,245.0,329.0
11,5,30,2,uniform,directional,random,84,756,21387525,252.0,407.0
11,5,30,2,uniform,directional,random,85,184,21387525,249.0,382.0
11,5,30,2,uniform,directional,random,86,1129,21387525,255.0,354.0
11,5,30,2,uniform,directional,random,87,186,21387525,285.0,426.0
11,5,30,2,uniform,directional,random,88,2844,21387525,254.0,391.0
11,5,30,2,uniform,directional,random,89,2368,21387525,256.0,321.0
11,5,30,2,uniform,directional,random,90,1814,21387525,228.0,320.0
11,5,30,2,uniform,directional,random,91,2262,21387525,232.0,326.0
11,5,30,2,uniform,directional,random,92,2400,21387525,201.0,344.0
11,5,30,2,uniform,directional,random,93,229,21387525,270.0,389.0
11,5,30,2,uniform,directional,random,94,163,21387525,221.0,352.0
11,5,30,2,uniform,directional,random,95,32,21387525,256.0,467.0
11,5,30,2,uniform,directional,random,96,101,21387525,274.0,454.0
11,5,30,2,uniform,directional,random,97,746,21387525,284.0,441.0
11,5,30,2,uniform,directional,random,98,2926,21387525,280.0,498.0
11,5,30,2,uniform,directional,random,99,1580,21387525,237.0,348.0
11,5,30,2,uniform,directional,random,100,508,21387525,225.0,374.0
11,5,30,2,uniform,directional,random,101,632,21387525,285.0,340.0
11,5,30,2,uniform,directional,random,102,1735,21387525,221.0,351.0
11,5,30,2,uniform,directional,random,103,366,21387525,246.0,421.0
11,5,30,2,uniform,directional,random,104,852,21387525,288.0,461.0
11,5,30,2,uniform,directional,random,105,2376,21387525,261.0,345.0
11,5,30,2,uniform,directional,random,106,1893,21387525,315.0,531.0
11,5,30,2,uniform,directional,random,107,1501,21387525,221.0,341.0
11,5,30,2,uniform,directional,random,108,1018,21387525,240.0,427.0
11,5,30,2,uniform,directional,random,109,1823,21387525,266.0,349.0
11,5,30,2,uniform,directional,random,110,2260,21387525,203.0,341.0
11,5,30,2,uniform,directional,random,111,1836,21387525,271.0,442.0
11,5,30,2,uniform,directional,random,112,2606,21387525,260.0,420.0
11,5,30,2,uniform,directional,random,113,1766,21387525,261.0,423.0
11,5,30,2,uniform,directional,random,114,2775,21387525,241.0,413.0
11,5,30,2,uniform,directional,random,115,2151,21387525,172.0,305.0
11,5,30,2,uniform,directional,random,116,2774,21387525,270.0,330.0
11,5,30,2,uniform,directional,random,117,785,21387525,250.0,385.0
11,5,30,2,uniform,directional,random,118,727,21387525,212.0,322.0
11,5,30,2,uniform,directional,random,119,375,21387525,236.0,273.0
11,5,30,2,uniform,directional,random,120,1037,21387525,226.0,297.0
11,5,30,2,uniform,directional,random,121,2032,21387525,217.0,345.0
11,5,30,2,uniform,directional,random,122,1423,21387525,231.0,357.0
11,5,30,2,uniform,directional,random,123,1252,21387525,283.0,426.0
11,5,30,2,uniform,directional,random,124,2912,21387525,255.0,387.0
11,5,30,2,uniform,directional,random,125,1009,21387525,217.0,283.0
11,5,30,2,uniform,directional,random,126,1161,21387525,206.0,342.0
11,5,30,2,uniform,directional,random,127,1958,21387525,269.0,471.0
11,5,30,2,uniform,directional,random,128,2228,21387525,280.0,403.0
11,5,30,2,uniform,directional,random,129,2497,21387525,241.0,388.0
11,5,30,2,uniform,directional,random,130,114,21387525,191.0,377.0
11,5,30,2,uniform,directional,random,131,1987,21387525,274.0,413.0
11,5,30,2,uniform,directional,random,132,1323,21387525,236.0,425.0
11,5,30,2,uniform,directional,random,133,1967,21387525,260.0,394.0
11,5,30,2,uniform,directional,random,134,1248,21387525,226.0,378.0
11,5,30,2,uniform,directional,random,135,2630,21387525,269.0,408.0
11,5,30,2,uniform,directional,random,136,1338,21387525,240.0,481.0
11,5,30,2,uniform,directional,random,137,2960,21387525,251.0,369.0
11,5,30,2,uniform,directional,random,138,2150,21387525,256.0,442.0
11,5,30,2,uniform,directional,random,139,1680,21387525,201.0,300.0
11,5,30,2,uniform,directional,random,140,2552,21387525,236.0,356.0
11,5,30,2,uniform,directional,random,141,2870,21387525,255.0,420.0
11,5,30,2,uniform,directional,random,142,770,21387525,241.0,415.0
11,5,30,2,uniform,directional,random,143,2243,21387525,218.0,367.0
11,5,30,2,uniform,directional,random,144,2623,21387525,274.0,443.0
11,5,30,2,uniform,directional,random,145,2327,21387525,230.0,339.0
11,5,30,2,uniform,directional,random,146,1978,21387525,245.0,412.0
11,5,30,2,uniform,directional,random,147,705,21387525,247.0,396.0
11,5,30,2,uniform,directional,random,148,1227,21387525,280.0,427.0
11,5,30,2,uniform,directional,random,149,1428,21387525,260.0,399.0
11,5,30,2,uniform,directional,random,150,1254,21387525,251.0,329.0
11,5,30,2,uniform,directional,random,151,545,21387525,247.0,377.0
11,5,30,2,uniform,directional,random,152,577,21387525,245.0,363.0
11,5,30,2,uniform,directional,random,153,2627,21387525,300.0,492.0
11,5,30,2,uniform,directional,random,154,2680,21387525,231.0,372.0
11,5,30,2,uniform,directional,random,155,947,21387525,271.0,444.0
11,5,30,2,uniform,directional,random,156,2211,21387525,221.0,338.0
11,5,30,2,uniform,directional,random,157,1254,21387525,251.0,329.0
11,5,30,2,uniform,directional,random,158,614,21387525,280.0,426.0
11,5,30,2,uniform,directional,random,159,2298,21387525,250.0,431.0
11,5,30,2,uniform,directional,random,160,259,21387525,285.0,425.0
11,5,30,2,uniform,directional,random,161,2120,21387525,208.0,275.0
11,5,30,2,uniform,directional,random,162,1995,21387525,276.0,418.0
11,5,30,2,uniform,directional,random,163,88,21387525,295.0,481.0
11,5,30,2,uniform,directional,random,164,1030,21387525,255.0,466.0
11,5,30,2,uniform,directional,random,165,530,21387525,226.0,417.0
11,5,30,2,uniform,directional,random,166,799,21387525,280.0,432.0
11,5,30,2,uniform,directional,random,167,379,21387525,266.0,378.0
11,5,30,2,uniform,directional,random,168,2811,21387525,216.0,408.0
11,5,30,2,uniform,directional,random,169,2672,21387525,266.0,382.0
11,5,30,2,uniform,directional,random,170,2722,21387525,275.0,351.0
11,5,30,2,uniform,directional,random,171,2617,21387525,242.0,403.0
11,5,30,2,uniform,directional,random,172,253,21387525,265.0,475.0
11,5,30,2,uniform,directional,random,173,1957,21387525,284.0,381.0
11,5,30,2,uniform,directional,random,174,2004,21387525,251.0,405.0
11,5,30,2,uniform,directional,random,175,21,21387525,275.0,351.0
11,5,30,2,uniform,directional,random,176,731,21387525,314.0,420.0
11,5,30,2,uniform,directional,random,177,955,21387525,222.0,404.0
11,5,30,2,uniform,directional,random,178,2334,21387525,221.0,304.0
11,5,30,2,uniform,directional,random,179,1012,21387525,257.0,409.0
11,5,30,2,uniform,directional,random,180,1604,21387525,227.0,332.0
11,5,30,2,uniform,directional,random,181,258,21387525,211.0,343.0
11,5,30,2,uniform,directional,random,182,1976,21387525,251.0,369.0
11,5,30,2,uniform,directional,random,183,1538,21387525,313.0,507.0
11,5,30,2,uniform,directional,random,184,1542,21387525,264.0,328.0
11,5,30,2,uniform,directional,random,185,600,21387525,295.0,435.0
11,5,30,2,uniform,directional,random,186,1912,21387525,227.0,342.0
11,5,30,2,uniform,directional,random,187,2049,21387525,260.0,437.0
11,5,30,2,uniform,directional,random,188,531,21387525,255.0,390.0
11,5,30,2,uniform,directional,random,189,58,21387525,250.0,447.0
11,5,30,2,uniform,directional,random,190,771,21387525,275.0,377.0
11,5,30,2,uniform,directional,random,191,395,21387525,255.0,390.0
11,5,30,2,uniform,directional,random,192,2205,21387525,329.0,495.0
11,5,30,2,uniform,directional,random,193,861,21387525,250.0,415.0
11,5,30,2,uniform,directional,random,194,1821,21387525,261.0,367.0
11,5,30,2,uniform,directional,random,195,2227,21387525,279.0,460.0
11,5,30,2,uniform,directional,random,196,2415,21387525,285.0,403.0
11,5,30,2,uniform,directional,random,197,1255,21387525,231.0,374.0
11,5,30,2,uniform,directional,random,198,1398,21387525,246.0,439.0
11,5,30,2,uniform,directional,random,199,1883,21387525,256.0,340.0
11,5,30,2,uniform,directional,HC_HI,0,909,21387525,261.0,421.0
11,5,30,2,uniform,directional,HC_HI,1,2303,21387525,217.0,316.0
11,5,30,2,uniform,directional,HC_HI,2,484,21387525,251.0,414.0
11,5,30,2,uniform,directional,HC_HI,3,2292,21387525,250.0,389.0
11,5,30,2,uniform,directional,HC_HI,4,602,21387525,250.0,415.0
11,5,30,2,uniform,directional,HC_HI,5,592,21387525,209.0,389.0
11,5,30,2,uniform,directional,HC_HI,6,1867,21387525,300.0,449.0
11,5,30,2,uniform,directional,HC_HI,7,1162,21387525,295.0,437.0
11,5,30,2,uniform,directional,HC_HI,8,118,21387525,270.0,442.0
11,5,30,2,uniform,directional,HC_HI,9,630,21387525,308.0,431.0
11,5,30,2,uniform,directional,HC_HI,10,2846,21387525,245.0,444.0
11,5,30,2,uniform,directional,HC_HI,11,212,21387525,305.0,454.0
11,5,30,2,uniform,directional,HC_HI,12,839,21387525,279.0,451.0
11,5,30,2,uniform,directional,HC_HI,13,2507,21387525,267.0,425.0
11,5,30,2,uniform,directional,HC_HI,14,875,21387525,240.0,410.0
11,5,30,2,uniform,directional,HC_HI,15,2224,21387525,240.0,374.0
11,5,30,2,uniform,directional,HC_HI,16,2034,21387525,255.0,401.0
11,5,30,2,uniform,directional,HC_HI,17,845,21387525,198.0,334.0
11,5,30,2,uniform,directional,HC_HI,18,1552,21387525,217.0,352.0
11,5,30,2,uniform,directional,HC_HI,19,55,21387525,294.0,475.0
11,5,30,2,uniform,directional,HC_HI,20,2618,21387525,221.0,378.0
11,5,30,2,uniform,directional,HC_HI,21,2456,21387525,291.0,443.0
11,5,30,2,uniform,directional,HC_HI,22,1425,21387525,236.0,365.0
11,5,30,2,uniform,directional,HC_HI,23,1475,21387525,222.0,390.0
11,5,30,2,uniform,directional,HC_HI,24,1898,21387525,212.0,317.0
11,5,30,2,uniform,directional,HC_HI,25,592,21387525,209.0,389.0
11,5,30,2,uniform,directional,HC_HI,26,285,21387525,227.0,323.0
11,5,30,2,uniform,directional,HC_HI,27,123,21387525,227.0,385.0
11,5,30,2,uniform,directional,HC_HI,28,11,21387525,250.0,370.0
11,5,30,2,uniform,directional,HC_HI,29,1412,21387525,231.0,365.0
11,5,30,2,uniform,directional,HC_HI,30,461,21387525,259.0,444.0
11,5,30,2,uniform,directional,HC_HI,31,1147,21387525,227.0,371.0
11,5,30,2,uniform,directional,HC_HI,32,2867,21387525,291.0,483.0
11,5,30,2,uniform,directional,HC_HI,33,1763,21387525,253.0,467.0
11,5,30,2,uniform,directional,HC_HI,34,2212,21387525,284.0,472.0
11,5,30,2,uniform,directional,HC_HI,35,589,21387525,203.0,346.0
11,5,30,2,uniform,directional,HC_HI,36,573,21387525,246.0,427.0
11,5,30,2,uniform,directional,HC_HI,37,123,21387525,227.0,385.0
11,5,30,2,uniform,directional,HC_HI,38,1048,21387525,281.0,415.0
11,5,30,2,uniform,directional,HC_HI,39,573,21387525,246.0,427.0
11,5,30,2,uniform,directional,HC_HI,40,179,21387525,264.0,429.0
11,5,30,2,uniform,directional,HC_HI,41,1714,21387525,340.0,526.0
11,5,30,2,uniform,directional,HC_HI,42,1756,21387525,284.0,496.0
11,5,30,2,uniform,directional,HC_HI,43,2487,21387525,266.0,402.0
11,5,30,2,uniform,directional,HC_HI,44,1699,21387525,203.0,360.0
11,5,30,2,uniform,directional,HC_HI,45,915,21387525,264.0,352.0
11,5,30,2,uniform,directional,HC_HI,46,2781,21387525,237.0,389.0
11,5,30,2,uniform,directional,HC_HI,47,610,21387525,212.0,293.0
11,5,30,2,uniform,directional,HC_HI,48,97,21387525,287.0,392.0
11,5,30,2,uniform,directional,HC_HI,49,2507,21387525,267.0,425.0
11,5,30,2,uniform,directional,HC_HI,50,914,21387525,271.0,369.0
11,5,30,2,uniform,directional,HC_HI,51,852,21387525,288.0,461.0
11,5,30,2,uniform,directional,HC_HI,52,2475,21387525,278.0,397.0
11,5,30,2,uniform,directional,HC_HI,53,764,21387525,272.0,401.0
11,5,30,2,uniform,directional,HC_HI,54,1568,21387525,242.0,402.0
11,5,30,2,uniform,directional,HC_HI,55,2015,21387525,243.0,380.0
11,5,30,2,uniform,directional,HC_HI,56,118,21387525,270.0,442.0
11,5,30,2,uniform,directional,HC_HI,57,2846,21387525,245.0,444.0
11,5,30,2,uniform,directional,HC_HI,58,862,21387525,282.0,409.0
11,5,30,2,uniform,directional,HC_HI,59,2456,21387525,291.0,443.0
11,5,30,2,uniform,directional,HC_HI,60,2911,21387525,237.0,411.0
11,5,30,2,uniform,directional,HC_HI,61,265,21387525,193.0,316.0
11,5,30,2,uniform,directional,HC_HI,62,1773,21387525,295.0,410.0
11,5,30,2,uniform,directional,HC_HI,63,1088,21387525,251.0,385.0
11,5,30,2,uniform,directional,HC_HI,64,589,21387525,203.0,346.0
11,5,30,2,uniform,directional,HC_HI,65,915,21387525,264.0,352.0
11,5,30,2,uniform,directional,HC_HI,66,2447,21387525,177.0,304.0
11,5,30,2,uniform,directional,HC_HI,67,271,21387525,271.0,462.0
11,5,30,2,uniform,directional,HC_HI,68,839,21387525,279.0,451.0
11,5,30,2,uniform,directional,HC_HI,69,11,21387525,250.0,370.0
11,5,30,2,uniform,directional,HC_HI,70,1750,21387525,305.0,456.0
11,5,30,2,uniform,directional,HC_HI,71,820,21387525,303.0,433.0
11,5,30,2,uniform,directional,HC_HI,72,602,21387525,250.0,415.0
11,5,30,2,uniform,directional,HC_HI,73,2487,21387525,266.0,402.0
11,5,30,2,uniform,directional,HC_HI,74,914,21387525,271.0,369.0
11,5,30,2,uniform,directional,HC_HI,75,2212,21387525,284.0,472.0
11,5,30,2,uniform,directional,HC_HI,76,799,21387525,280.0,432.0
11,5,30,2,uniform,directional,HC_HI,77,2911,21387525,237.0,411.0
11,5,30,2,uniform,directional,HC_HI,78,2775,21387525,241.0,413.0
11,5,30,2,uniform,directional,HC_HI,79,2618,21387525,221.0,378.0
11,5,30,2,uniform,directional,HC_HI,80,118,21387525,270.0,442.0
11,5,30,2,uniform,directional,HC_HI,81,2883,21387525,237.0,372.0
11,5,30,2,uniform,directional,HC_HI,82,1282,21387525,202.0,332.0
11,5,30,2,uniform,directional,HC_HI,83,1907,21387525,318.0,428.0
11,5,30,2,uniform,directional,HC_HI,84,964,21387525,270.0,427.0
11,5,30,2,uniform,directional,HC_HI,85,606,21387525,270.0,443.0
11,5,30,2,uniform,directional,HC_HI,86,1756,21387525,284.0,496.0
11,5,30,2,uniform,directional,HC_HI,87,2729,21387525,309.0,435.0
11,5,30,2,uniform,directional,HC_HI,88,1019,21387525,270.0,384.0
11,5,30,2,uniform,directional,HC_HI,89,1652,21387525,315.0,500.0
11,5,30,2,uniform,directional,HC_HI,90,463,21387525,287.0,424.0
11,5,30,2,uniform,directional,HC_HI,91,2706,21387525,264.0,376.0
11,5,30,2,uniform,directional,HC_HI,92,431,21387525,256.0,382.0
11,5,30,2,uniform,directional,HC_HI,93,1898,21387525,212.0,317.0
11,5,30,2,uniform,directional,HC_HI,94,265,21387525,193.0,316.0
11,5,30,2,uniform,directional,HC_HI,95,1778,21387525,281.0,437.0
11,5,30,2,uniform,directional,HC_HI,96,2487,21387525,266.0,402.0
11,5,30,2,uniform,directional,HC_HI,97,845,21387525,198.0,334.0
11,5,30,2,uniform,directional,HC_HI,98,1568,21387525,242.0,402.0
11,5,30,2,uniform,directional,HC_HI,99,1177,21387525,276.0,418.0
11,5,30,2,uniform,directional,HC_HI,100,1119,21387525,276.0,484.0
11,5,30,2,uniform,directional,HC_HI,101,380,21387525,232.0,386.0
11,5,30,2,uniform,directional,HC_HI,102,2894,21387525,227.0,369.0
11,5,30,2,uniform,directional,HC_HI,103,1226,21387525,260.0,406.0
11,5,30,2,uniform,directional,HC_HI,104,1867,21387525,300.0,449.0
11,5,30,2,uniform,directional,HC_HI,105,1600,21387525,301.0,394.0
11,5,30,2,uniform,directional,HC_HI,106,735,21387525,286.0,449.0
11,5,30,2,uniform,directional,HC_HI,107,380,21387525,232.0,386.0
11,5,30,2,uniform,directional,HC_HI,108,622,21387525,242.0,427.0
11,5,30,2,uniform,directional,HC_HI,109,1278,21387525,220.0,381.0
11,5,30,2,uniform,directional,HC_HI,110,657,21387525,225.0,349.0
11,5,30,2,uniform,directional,HC_HI,111,815,21387525,300.0,458.0
11,5,30,2,uniform,directional,HC_HI,112,2906,21387525,280.0,441.0
11,5,30,2,uniform,directional,HC_HI,113,2846,21387525,245.0,444.0
11,5,30,2,uniform,directional,HC_HI,114,902,21387525,192.0,264.0
11,5,30,2,uniform,directional,HC_HI,115,1697,21387525,211.0,356.0
11,5,30,2,uniform,directional,HC_HI,116,630,21387525,308.0,431.0
11,5,30,2,uniform,directional,HC_HI,117,2456,21387525,291.0,443.0
11,5,30,2,uniform,directional,HC_HI,118,885,21387525,246.0,374.0
11,5,30,2,uniform,directional,HC_HI,119,2527,21387525,236.0,386.0
11,5,30,2,uniform,directional,HC_HI,120,2038,21387525,251.0,447.0
11,5,30,2,uniform,directional,HC_HI,121,2207,21387525,256.0,419.0
11,5,30,2,uniform,directional,HC_HI,122,1147,21387525,227.0,371.0
11,5,30,2,uniform,directional,HC_HI,123,166,21387525,259.0,384.0
11,5,30,2,uniform,directional,HC_HI,124,1893,21387525,315.0,531.0
11,5,30,2,uniform,directional,HC_HI,125,2303,21387525,217.0,316.0
11,5,30,2,uniform,directional,HC_HI,126,2689,21387525,223.0,342.0
11,5,30,2,uniform,directional,HC_HI,127,2601,21387525,211.0,367.0
11,5,30,2,uniform,directional,HC_HI,128,2207,21387525,256.0,419.0
11,5,30,2,uniform,directional,HC_HI,129,259,21387525,285.0,425.0
11,5,30,2,uniform,directional,HC_HI,130,2303,21387525,217.0,316.0
11,5,30,2,uniform,directional,HC_HI,131,1639,21387525,323.0,503.0
11,5,30,2,uniform,directional,HC_HI,132,592,21387525,209.0,389.0
11,5,30,2,uniform,directional,HC_HI,133,1773,21387525,295.0,410.0
11,5,30,2,uniform,directional,HC_HI,134,2739,21387525,260.0,332.0
11,5,30,2,uniform,directional,HC_HI,135,2403,21387525,261.0,347.0
11,5,30,2,uniform,directional,HC_HI,136,998,21387525,284.0,464.0
11,5,30,2,uniform,directional,HC_HI,137,1680,21387525,201.0,300.0
11,5,30,2,uniform,directional,HC_HI,138,297,21387525,279.0,469.0
11,5,30,2,uniform,directional,HC_HI,139,2689,21387525,223.0,342.0
11,5,30,2,uniform,directional,HC_HI,140,1741,21387525,192.0,321.0
11,5,30,2,uniform,directional,HC_HI,141,2449,21387525,252.0,369.0
11,5,30,2,uniform,directional,HC_HI,142,2762,21387525,255.0,419.0
11,5,30,2,uniform,directional,HC_HI,143,2033,21387525,227.0,396.0
11,5,30,2,uniform,directional,HC_HI,144,236,21387525,241.0,386.0
11,5,30,2,uniform,directional,HC_HI,145,2224,21387525,240.0,374.0
11,5,30,2,uniform,directional,HC_HI,146,622,21387525,242.0,427.0
11,5,30,2,uniform,directional,HC_HI,147,123,21387525,227.0,385.0
11,5,30,2,uniform,directional,HC_HI,148,2456,21387525,291.0,443.0
11,5,30,2,uniform,directional,HC_HI,149,596,21387525,226.0,287.0
11,5,30,2,uniform,directional,HC_HI,150,1177,21387525,276.0,418.0
11,5,30,2,uniform,directional,HC_HI,151,1475,21387525,222.0,390.0
11,5,30,2,uniform,directional,HC_HI,152,1867,21387525,300.0,449.0
11,5,30,2,uniform,directional,HC_HI,153,2307,21387525,269.0,462.0
11,5,30,2,uniform,directional,HC_HI,154,1088,21387525,251.0,385.0
11,5,30,2,uniform,directional,HC_HI,155,1697,21387525,211.0,356.0
11,5,30,2,uniform,directional,HC_HI,156,2555,21387525,187.0,272.0
11,5,30,2,uniform,directional,HC_HI,157,2618,21387525,221.0,378.0
11,5,30,2,uniform,directional,HC_HI,158,1743,21387525,236.0,308.0
11,5,30,2,uniform,directional,HC_HI,159,1756,21387525,284.0,496.0
11,5,30,2,uniform,directional,HC_HI,160,1231,21387525,260.0,422.0
11,5,30,2,uniform,directional,HC_HI,161,2212,21387525,284.0,472.0
11,5,30,2,uniform,directional,HC_HI,162,399,21387525,220.0,344.0
11,5,30,2,uniform,directional,HC_HI,163,265,21387525,193.0,316.0
11,5,30,2,uniform,directional,HC_HI,164,596,21387525,226.0,287.0
11,5,30,2,uniform,directional,HC_HI,165,1639,21387525,323.0,503.0
11,5,30,2,uniform,directional,HC_HI,166,1425,21387525,236.0,365.0
11,5,30,2,uniform,directional,HC_HI,167,29,21387525,280.0,418.0
11,5,30,2,uniform,directional,HC_HI,168,2170,21387525,267.0,405.0
11,5,30,2,uniform,directional,HC_HI,169,265,21387525,193.0,316.0
11,5,30,2,uniform,directional,HC_HI,170,52,21387525,274.0,486.0
11,5,30,2,uniform,directional,HC_HI,171,2764,21387525,232.0,342.0
11,5,30,2,uniform,directional,HC_HI,172,735,21387525,286.0,449.0
11,5,30,2,uniform,directional,HC_HI,173,2693,21387525,202.0,357.0
11,5,30,2,uniform,directional,HC_HI,174,285,21387525,227.0,323.0
11,5,30,2,uniform,directional,HC_HI,175,1741,21387525,192.0,321.0
11,5,30,2,uniform,directional,HC_HI,176,1773,21387525,295.0,410.0
11,5,30,2,uniform,directional,HC_HI,177,2690,21387525,213.0,382.0
11,5,30,2,uniform,directional,HC_HI,178,1898,21387525,212.0,317.0
11,5,30,2,uniform,directional,HC_HI,179,2015,21387525,243.0,380.0
11,5,30,2,uniform,directional,HC_HI,180,867,21387525,240.0,355.0
11,5,30,2,uniform,directional,HC_HI,181,2601,21387525,211.0,367.0
11,5,30,2,uniform,directional,HC_HI,182,1819,21387525,325.0,501.0
11,5,30,2,uniform,directional,HC_HI,183,2618,21387525,221.0,378.0
11,5,30,2,uniform,directional,HC_HI,184,1389,21387525,265.0,382.0
11,5,30,2,uniform,directional,HC_HI,185,1568,21387525,242.0,402.0
11,5,30,2,uniform,directional,HC_HI,186,1907,21387525,318.0,428.0
11,5,30,2,uniform,directional,HC_HI,187,1426,21387525,220.0,342.0
11,5,30,2,uniform,directional,HC_HI,188,1713,21387525,278.0,453.0
11,5,30,2,uniform,directional,HC_HI,189,2918,21387525,266.0,374.0
11,5,30,2,uniform,directional,HC_HI,190,2894,21387525,227.0,369.0
11,5,30,2,uniform,directional,HC_HI,191,799,21387525,280.0,432.0
11,5,30,2,uniform,directional,HC_HI,192,1425,21387525,236.0,365.0
11,5,30,2,uniform,directional,HC_HI,193,1743,21387525,236.0,308.0
11,5,30,2,uniform,directional,HC_HI,194,2690,21387525,213.0,382.0
11,5,30,2,uniform,directional,HC_HI,195,1278,21387525,220.0,381.0
11,5,30,2,uniform,directional,HC_HI,196,845,21387525,198.0,334.0
11,5,30,2,uniform,directional,HC_HI,197,2375,21387525,235.0,422.0
11,5,30,2,uniform,directional,HC_HI,198,2252,21387525,251.0,457.0
11,5,30,2,uniform,directional,HC_HI,199,1425,21387525,236.0,365.0
11,5,30,2,uniform,directional,HC_LI,0,2247,21387525,256.0,382.0
11,5,30,2,uniform,directional,HC_LI,1,130,21387525,251.0,407.0
11,5,30,2,uniform,directional,HC_LI,2,2056,21387525,208.0,381.0
11,5,30,2,uniform,directional,HC_LI,3,769,21387525,255.0,395.0
11,5,30,2,uniform,directional,HC_LI,4,180,21387525,192.0,331.0
11,5,30,2,uniform,directional,HC_LI,5,639,21387525,275.0,406.0
11,5,30,2,uniform,directional,HC_LI,6,2184,21387525,250.0,416.0
11,5,30,2,uniform,directional,HC_LI,7,2310,21387525,250.0,440.0
11,5,30,2,uniform,directional,HC_LI,8,713,21387525,259.0,353.0
11,5,30,2,uniform,directional,HC_LI,9,2557,21387525,289.0,407.0
11,5,30,2,uniform,directional,HC_LI,10,449,21387525,218.0,391.0
11,5,30,2,uniform,directional,HC_LI,11,1616,21387525,217.0,313.0
11,5,30,2,uniform,directional,HC_LI,12,1616,21387525,217.0,313.0
11,5,30,2,uniform,directional,HC_LI,13,222,21387525,227.0,342.0
11,5,30,2,uniform,directional,HC_LI,14,760,21387525,241.0,359.0
11,5,30,2,uniform,directional,HC_LI,15,2645,21387525,266.0,377.0
11,5,30,2,uniform,directional,HC_LI,16,574,21387525,274.0,439.0
11,5,30,2,uniform,directional,HC_LI,17,2238,21387525,217.0,358.0
11,5,30,2,uniform,directional,HC_LI,18,2103,21387525,221.0,398.0
11,5,30,2,uniform,directional,HC_LI,19,1154,21387525,231.0,346.0
11,5,30,2,uniform,directional,HC_LI,20,816,21387525,245.0,385.0
11,5,30,2,uniform,directional,HC_LI,21,1310,21387525,270.0,408.0
11,5,30,2,uniform,directional,HC_LI,22,65,21387525,245.0,413.0
11,5,30,2,uniform,directional,HC_LI,23,768,21387525,265.0,349.0
11,5,30,2,uniform,directional,HC_LI,24,1884,21387525,250.0,372.0
11,5,30,2,uniform,directional,HC_LI,25,2702,21387525,245.0,398.0
11,5,30,2,uniform,directional,HC_LI,26,1616,21387525,217.0,313.0
11,5,30,2,uniform,directional,HC_LI,27,1377,21387525,240.0,405.0
11,5,30,2,uniform,directional,HC_LI,28,1456,21387525,227.0,423.0
11,5,30,2,uniform,directional,HC_LI,29,1376,21387525,256.0,399.0
11,5,30,2,uniform,directional,HC_LI,30,789,21387525,231.0,371.0
11,5,30,2,uniform,directional,HC_LI,31,1790,21387525,251.0,379.0
11,5,30,2,uniform,directional,HC_LI,32,913,21387525,230.0,386.0
11,5,30,2,uniform,directional,HC_LI,33,410,21387525,281.0,379.0
11,5,30,2,uniform,directional,HC_LI,34,2002,21387525,261.0,384.0
11,5,30,2,uniform,directional,HC_LI,35,508,21387525,225.0,374.0
11,5,30,2,uniform,directional,HC_LI,36,2389,21387525,245.0,342.0
11,5,30,2,uniform,directional,HC_LI,37,840,21387525,238.0,421.0
11,5,30,2,uniform,directional,HC_LI,38,913,21387525,230.0,386.0
11,5,30,2,uniform,directional,HC_LI,39,2002,21387525,261.0,384.0
11,5,30,2,uniform,directional,HC_LI,40,1966,21387525,236.0,415.0
11,5,30,2,uniform,directional,HC_LI,41,2274,21387525,245.0,338.0
11,5,30,2,uniform,directional,HC_LI,42,2817,21387525,256.0,458.0
11,5,30,2,uniform,directional,HC_LI,43,2129,21387525,226.0,387.0
11,5,30,2,uniform,directional,HC_LI,44,1492,21387525,295.0,423.0
11,5,30,2,uniform,directional,HC_LI,45,2247,21387525,256.0,382.0
11,5,30,2,uniform,directional,HC_LI,46,1700,21387525,225.0,431.0
11,5,30,2,uniform,directional,HC_LI,47,1320,21387525,247.0,390.0
11,5,30,2,uniform,directional,HC_LI,48,1032,21387525,269.0,415.0
11,5,30,2,uniform,directional,HC_LI,49,1392,21387525,264.0,388.0
11,5,30,2,uniform,directional,HC_LI,50,613,21387525,261.0,391.0
11,5,30,2,uniform,directional,HC_LI,51,644,21387525,221.0,342.0
11,5,30,2,uniform,directional,HC_LI,52,1765,21387525,249.0,372.0
11,5,30,2,uniform,directional,HC_LI,53,2755,21387525,192.0,272.0
11,5,30,2,uniform,directional,HC_LI,54,2144,21387525,241.0,291.0
11,5,30,2,uniform,directional,HC_LI,55,2898,21387525,255.0,391.0
11,5,30,2,uniform,directional,HC_LI,56,597,21387525,271.0,428.0
11,5,30,2,uniform,directional,HC_LI,57,672,21387525,226.0,348.0
11,5,30,2,uniform,directional,HC_LI,58,1067,21387525,258.0,383.0
11,5,30,2,uniform,directional,HC_LI,59,2184,21387525,250.0,416.0
11,5,30,2,uniform,directional,HC_LI,60,2238,21387525,217.0,358.0
11,5,30,2,uniform,directional,HC_LI,61,2002,21387525,261.0,384.0
11,5,30,2,uniform,directional,HC_LI,62,2559,21387525,251.0,350.0
11,5,30,2,uniform,directional,HC_LI,63,1920,21387525,241.0,361.0
11,5,30,2,uniform,directional,HC_LI,64,571,21387525,232.0,361.0
11,5,30,2,uniform,directional,HC_LI,65,2755,21387525,192.0,272.0
11,5,30,2,uniform,directional,HC_LI,66,2274,21387525,245.0,338.0
11,5,30,2,uniform,directional,HC_LI,67,1178,21387525,226.0,360.0
11,5,30,2,uniform,directional,HC_LI,68,135,21387525,305.0,408.0
11,5,30,2,uniform,directional,HC_LI,69,2755,21387525,192.0,272.0
11,5,30,2,uniform,directional,HC_LI,70,2992,21387525,269.0,388.0
11,5,30,2,uniform,directional,HC_LI,71,2645,21387525,266.0,377.0
11,5,30,2,uniform,directional,HC_LI,72,291,21387525,246.0,386.0
11,5,30,2,uniform,directional,HC_LI,73,1028,21387525,235.0,379.0
11,5,30,2,uniform,directional,HC_LI,74,644,21387525,221.0,342.0
11,5,30,2,uniform,directional,HC_LI,75,2019,21387525,240.0,372.0
11,5,30,2,uniform,directional,HC_LI,76,2651,21387525,227.0,360.0
11,5,30,2,uniform,directional,HC_LI,77,1295,21387525,280.0,484.0
11,5,30,2,uniform,directional,HC_LI,78,2019,21387525,240.0,372.0
11,5,30,2,uniform,directional,HC_LI,79,2103,21387525,221.0,398.0
11,5,30,2,uniform,directional,HC_LI,80,913,21387525,230.0,386.0
11,5,30,2,uniform,directional,HC_LI,81,205,21387525,221.0,345.0
11,5,30,2,uniform,directional,HC_LI,82,1195,21387525,215.0,311.0
11,5,30,2,uniform,directional,HC_LI,83,859,21387525,237.0,406.0
11,5,30,2,uniform,directional,HC_LI,84,1761,21387525,242.0,378.0
11,5,30,2,uniform,directional,HC_LI,85,644,21387525,221.0,342.0
11,5,30,2,uniform,directional,HC_LI,86,334,21387525,264.0,446.0
11,5,30,2,uniform,directional,HC_LI,87,2274,21387525,245.0,338.0
11,5,30,2,uniform,directional,HC_LI,88,2110,21387525,279.0,392.0
11,5,30,2,uniform,directional,HC_LI,89,1761,21387525,242.0,378.0
11,5,30,2,uniform,directional,HC_LI,90,2461,21387525,254.0,408.0
11,5,30,2,uniform,directional,HC_LI,91,1062,21387525,240.0,378.0
11,5,30,2,uniform,directional,HC_LI,92,2498,21387525,285.0,353.0
11,5,30,2,uniform,directional,HC_LI,93,2079,21387525,207.0,394.0
11,5,30,2,uniform,directional,HC_LI,94,2166,21387525,201.0,327.0
11,5,30,2,uniform,directional,HC_LI,95,611,21387525,242.0,390.0
11,5,30,2,uniform,directional,HC_LI,96,2347,21387525,251.0,431.0
11,5,30,2,uniform,directional,HC_LI,97,135,21387525,305.0,408.0
11,5,30,2,uniform,directional,HC_LI,98,1067,21387525,258.0,383.0
11,5,30,2,uniform,directional,HC_LI,99,1497,21387525,289.0,460.0
11,5,30,2,uniform,directional,HC_LI,100,2103,21387525,221.0,398.0
11,5,30,2,uniform,directional,HC_LI,101,574,21387525,274.0,439.0
11,5,30,2,uniform,directional,HC_LI,102,2794,21387525,288.0,449.0
11,5,30,2,uniform,directional,HC_LI,103,2600,21387525,259.0,444.0
11,5,30,2,uniform,directional,HC_LI,104,1295,21387525,280.0,484.0
11,5,30,2,uniform,directional,HC_LI,105,2394,21387525,236.0,359.0
11,5,30,2,uniform,directional,HC_LI,106,2274,21387525,245.0,338.0
11,5,30,2,uniform,directional,HC_LI,107,2166,21387525,201.0,327.0
11,5,30,2,uniform,directional,HC_LI,108,1265,21387525,240.0,319.0
11,5,30,2,uniform,directional,HC_LI,109,191,21387525,271.0,437.0
11,5,30,2,uniform,directional,HC_LI,110,667,21387525,246.0,389.0
11,5,30,2,uniform,directional,HC_LI,111,1053,21387525,290.0,355.0
11,5,30,2,uniform,directional,HC_LI,112,1354,21387525,261.0,422.0
11,5,30,2,uniform,directional,HC_LI,113,1966,21387525,236.0,415.0
11,5,30,2,uniform,directional,HC_LI,114,2383,21387525,213.0,354.0
11,5,30,2,uniform,directional,HC_LI,115,58,21387525,250.0,447.0
11,5,30,2,uniform,directional,HC_LI,116,2963,21387525,221.0,334.0
11,5,30,2,uniform,directional,HC_LI,117,620,21387525,277.0,415.0
11,5,30,2,uniform,directional,HC_LI,118,2605,21387525,252.0,411.0
11,5,30,2,uniform,directional,HC_LI,119,1722,21387525,233.0,302.0
11,5,30,2,uniform,directional,HC_LI,120,672,21387525,226.0,348.0
11,5,30,2,uniform,directional,HC_LI,121,515,21387525,281.0,356.0
11,5,30,2,uniform,directional,HC_LI,122,993,21387525,249.0,438.0
11,5,30,2,uniform,directional,HC_LI,123,2001,21387525,241.0,392.0
11,5,30,2,uniform,directional,HC_LI,124,2175,21387525,227.0,390.0
11,5,30,2,uniform,directional,HC_LI,125,291,21387525,246.0,386.0
11,5,30,2,uniform,directional,HC_LI,126,2236,21387525,270.0,377.0
11,5,30,2,uniform,directional,HC_LI,127,1505,21387525,260.0,395.0
11,5,30,2,uniform,directional,HC_LI,128,1966,21387525,236.0,415.0
11,5,30,2,uniform,directional,HC_LI,129,183,21387525,279.0,345.0
11,5,30,2,uniform,directional,HC_LI,130,253,21387525,265.0,475.0
11,5,30,2,uniform,directional,HC_LI,131,2704,21387525,237.0,284.0
11,5,30,2,uniform,directional,HC_LI,132,1507,21387525,324.0,503.0
11,5,30,2,uniform,directional,HC_LI,133,515,21387525,281.0,356.0
11,5,30,2,uniform,directional,HC_LI,134,2306,21387525,255.0,399.0
11,5,30,2,uniform,directional,HC_LI,135,2195,21387525,257.0,415.0
11,5,30,2,uniform,directional,HC_LI,136,1178,21387525,226.0,360.0
11,5,30,2,uniform,directional,HC_LI,137,1336,21387525,259.0,351.0
11,5,30,2,uniform,directional,HC_LI,138,789,21387525,231.0,371.0
11,5,30,2,uniform,directional,HC_LI,139,85,21387525,251.0,388.0
11,5,30,2,uniform,directional,HC_LI,140,1295,21387525,280.0,484.0
11,5,30,2,uniform,directional,HC_LI,141,2184,21387525,250.0,416.0
11,5,30,2,uniform,directional,HC_LI,142,515,21387525,281.0,356.0
11,5,30,2,uniform,directional,HC_LI,143,351,21387525,221.0,328.0
11,5,30,2,uniform,directional,HC_LI,144,2461,21387525,254.0,408.0
11,5,30,2,uniform,directional,HC_LI,145,859,21387525,237.0,406.0
11,5,30,2,uniform,directional,HC_LI,146,135,21387525,305.0,408.0
11,5,30,2,uniform,directional,HC_LI,147,2596,21387525,216.0,355.0
11,5,30,2,uniform,directional,HC_LI,148,2765,21387525,236.0,362.0
11,5,30,2,uniform,directional,HC_LI,149,2168,21387525,226.0,375.0
11,5,30,2,uniform,directional,HC_LI,150,1708,21387525,260.0,409.0
11,5,30,2,uniform,directional,HC_LI,151,2347,21387525,251.0,431.0
11,5,30,2,uniform,directional,HC_LI,152,355,21387525,285.0,411.0
11,5,30,2,uniform,directional,HC_LI,153,837,21387525,231.0,333.0
11,5,30,2,uniform,directional,HC_LI,154,2238,21387525,217.0,358.0
11,5,30,2,uniform,directional,HC_LI,155,571,21387525,232.0,361.0
11,5,30,2,uniform,directional,HC_LI,156,1178,21387525,226.0,360.0
11,5,30,2,uniform,directional,HC_LI,157,2223,21387525,232.0,379.0
11,5,30,2,uniform,directional,HC_LI,158,1207,21387525,256.0,357.0
11,5,30,2,uniform,directional,HC_LI,159,1166,21387525,240.0,383.0
11,5,30,2,uniform,directional,HC_LI,160,1497,21387525,289.0,460.0
11,5,30,2,uniform,directional,HC_LI,161,779,21387525,264.0,414.0
11,5,30,2,uniform,directional,HC_LI,162,1761,21387525,242.0,378.0
11,5,30,2,uniform,directional,HC_LI,163,2184,21387525,250.0,416.0
11,5,30,2,uniform,directional,HC_LI,164,253,21387525,265.0,475.0
11,5,30,2,uniform,directional,HC_LI,165,913,21387525,230.0,386.0
11,5,30,2,uniform,directional,HC_LI,166,1914,21387525,232.0,370.0
11,5,30,2,uniform,directional,HC_LI,167,2816,21387525,231.0,369.0
11,5,30,2,uniform,directional,HC_LI,168,2746,21387525,226.0,384.0
11,5,30,2,uniform,directional,HC_LI,169,2765,21387525,236.0,362.0
11,5,30,2,uniform,directional,HC_LI,170,4,21387525,215.0,341.0
11,5,30,2,uniform,directional,HC_LI,171,962,21387525,256.0,388.0
11,5,30,2,uniform,directional,HC_LI,172,2274,21387525,245.0,338.0
11,5,30,2,uniform,directional,HC_LI,173,2120,21387525,208.0,275.0
11,5,30,2,uniform,directional,HC_LI,174,1154,21387525,231.0,346.0
11,5,30,2,uniform,directional,HC_LI,175,2761,21387525,292.0,434.0
11,5,30,2,uniform,directional,HC_LI,176,769,21387525,255.0,395.0
11,5,30,2,uniform,directional,HC_LI,177,840,21387525,238.0,421.0
11,5,30,2,uniform,directional,HC_LI,178,1812,21387525,300.0,482.0
11,5,30,2,uniform,directional,HC_LI,179,2309,21387525,211.0,397.0
11,5,30,2,uniform,directional,HC_LI,180,837,21387525,231.0,333.0
11,5,30,2,uniform,directional,HC_LI,181,992,21387525,319.0,466.0
11,5,30,2,uniform,directional,HC_LI,182,639,21387525,275.0,406.0
11,5,30,2,uniform,directional,HC_LI,183,57,21387525,309.0,476.0
11,5,30,2,uniform,directional,HC_LI,184,6,21387525,227.0,330.0
11,5,30,2,uniform,directional,HC_LI,185,2557,21387525,289.0,407.0
11,5,30,2,uniform,directional,HC_LI,186,2309,21387525,211.0,397.0
11,5,30,2,uniform,directional,HC_LI,187,1295,21387525,280.0,484.0
11,5,30,2,uniform,directional,HC_LI,188,2120,21387525,208.0,275.0
11,5,30,2,uniform,directional,HC_LI,189,2900,21387525,213.0,282.0
11,5,30,2,uniform,directional,HC_LI,190,508,21387525,225.0,374.0
11,5,30,2,uniform,directional,HC_LI,191,2238,21387525,217.0,358.0
11,5,30,2,uniform,directional,HC_LI,192,2904,21387525,290.0,484.0
11,5,30,2,uniform,directional,HC_LI,193,2746,21387525,226.0,384.0
11,5,30,2,uniform,directional,HC_LI,194,3,21387525,246.0,440.0
11,5,30,2,uniform,directional,HC_LI,195,713,21387525,259.0,353.0
11,5,30,2,uniform,directional,HC_LI,196,993,21387525,249.0,438.0
11,5,30,2,uniform,directional,HC_LI,197,1966,21387525,236.0,415.0
11,5,30,2,uniform,directional,HC_LI,198,1336,21387525,259.0,351.0
11,5,30,2,uniform,directional,HC_LI,199,993,21387525,249.0,438.0
11,5,30,2,uniform,directional,LC_HI,0,2111,21387525,295.0,442.0
11,5,30,2,uniform,directional,LC_HI,1,1796,21387525,187.0,293.0
11,5,30,2,uniform,directional,LC_HI,2,1499,21387525,290.0,513.0
11,5,30,2,uniform,directional,LC_HI,3,1553,21387525,188.0,363.0
11,5,30,2,uniform,directional,LC_HI,4,2832,21387525,251.0,367.0
11,5,30,2,uniform,directional,LC_HI,5,599,21387525,235.0,354.0
11,5,30,2,uniform,directional,LC_HI,6,1553,21387525,188.0,363.0
11,5,30,2,uniform,directional,LC_HI,7,1212,21387525,265.0,396.0
11,5,30,2,uniform,directional,LC_HI,8,445,21387525,239.0,341.0
11,5,30,2,uniform,directional,LC_HI,9,2466,21387525,261.0,364.0
11,5,30,2,uniform,directional,LC_HI,10,388,21387525,274.0,454.0
11,5,30,2,uniform,directional,LC_HI,11,91,21387525,255.0,428.0
11,5,30,2,uniform,directional,LC_HI,12,1529,21387525,210.0,342.0
11,5,30,2,uniform,directional,LC_HI,13,794,21387525,242.0,338.0
11,5,30,2,uniform,directional,LC_HI,14,2774,21387525,270.0,330.0
11,5,30,2,uniform,directional,LC_HI,15,1013,21387525,241.0,371.0
11,5,30,2,uniform,directional,LC_HI,16,2227,21387525,279.0,460.0
11,5,30,2,uniform,directional,LC_HI,17,1793,21387525,241.0,355.0
11,5,30,2,uniform,directional,LC_HI,18,1434,21387525,338.0,475.0
11,5,30,2,uniform,directional,LC_HI,19,1366,21387525,241.0,398.0
11,5,30,2,uniform,directional,LC_HI,20,2830,21387525,261.0,419.0
11,5,30,2,uniform,directional,LC_HI,21,935,21387525,227.0,354.0
11,5,30,2,uniform,directional,LC_HI,22,1911,21387525,270.0,434.0
11,5,30,2,uniform,directional,LC_HI,23,2466,21387525,261.0,364.0
11,5,30,2,uniform,directional,LC_HI,24,423,21387525,256.0,413.0
11,5,30,2,uniform,directional,LC_HI,25,758,21387525,305.0,406.0
11,5,30,2,uniform,directional,LC_HI,26,2245,21387525,254.0,457.0
11,5,30,2,uniform,directional,LC_HI,27,2985,21387525,232.0,351.0
11,5,30,2,uniform,directional,LC_HI,28,444,21387525,271.0,417.0
11,5,30,2,uniform,directional,LC_HI,29,2470,21387525,265.0,396.0
11,5,30,2,uniform,directional,LC_HI,30,1084,21387525,216.0,317.0
11,5,30,2,uniform,directional,LC_HI,31,884,21387525,295.0,451.0
11,5,30,2,uniform,directional,LC_HI,32,2913,21387525,305.0,413.0
11,5,30,2,uniform,directional,LC_HI,33,1739,21387525,242.0,318.0
11,5,30,2,uniform,directional,LC_HI,34,507,21387525,281.0,413.0
11,5,30,2,uniform,directional,LC_HI,35,935,21387525,227.0,354.0
11,5,30,2,uniform,directional,LC_HI,36,459,21387525,186.0,286.0
11,5,30,2,uniform,directional,LC_HI,37,1146,21387525,234.0,310.0
11,5,30,2,uniform,directional,LC_HI,38,2586,21387525,247.0,435.0
11,5,30,2,uniform,directional,LC_HI,39,1553,21387525,188.0,363.0
11,5,30,2,uniform,directional,LC_HI,40,2008,21387525,260.0,419.0
11,5,30,2,uniform,directional,LC_HI,41,1499,21387525,290.0,513.0
11,5,30,2,uniform,directional,LC_HI,42,2819,21387525,221.0,422.0
11,5,30,2,uniform,directional,LC_HI,43,2913,21387525,305.0,413.0
11,5,30,2,uniform,directional,LC_HI,44,232,21387525,267.0,415.0
11,5,30,2,uniform,directional,LC_HI,45,126,21387525,254.0,421.0
11,5,30,2,uniform,directional,LC_HI,46,638,21387525,291.0,434.0
11,5,30,2,uniform,directional,LC_HI,47,1823,21387525,266.0,349.0
11,5,30,2,uniform,directional,LC_HI,48,2929,21387525,258.0,397.0
11,5,30,2,uniform,directional,LC_HI,49,2357,21387525,216.0,318.0
11,5,30,2,uniform,directional,LC_HI,50,1559,21387525,271.0,386.0
11,5,30,2,uniform,directional,LC_HI,51,1988,21387525,260.0,350.0
11,5,30,2,uniform,directional,LC_HI,52,2513,21387525,320.0,453.0
11,5,30,2,uniform,directional,LC_HI,53,1468,21387525,291.0,419.0
11,5,30,2,uniform,directional,LC_HI,54,1051,21387525,269.0,360.0
11,5,30,2,uniform,directional,LC_HI,55,2569,21387525,319.0,438.0
11,5,30,2,uniform,directional,LC_HI,56,1468,21387525,291.0,419.0
11,5,30,2,uniform,directional,LC_HI,57,1963,21387525,271.0,376.0
11,5,30,2,uniform,directional,LC_HI,58,2858,21387525,243.0,345.0
11,5,30,2,uniform,directional,LC_HI,59,2083,21387525,296.0,475.0
11,5,30,2,uniform,directional,LC_HI,60,884,21387525,295.0,451.0
11,5,30,2,uniform,directional,LC_HI,61,841,21387525,241.0,363.0
11,5,30,2,uniform,directional,LC_HI,62,2231,21387525,330.0,451.0
11,5,30,2,uniform,directional,LC_HI,63,372,21387525,245.0,331.0
11,5,30,2,uniform,directional,LC_HI,64,2072,21387525,261.0,423.0
11,5,30,2,uniform,directional,LC_HI,65,2364,21387525,319.0,450.0
11,5,30,2,uniform,directional,LC_HI,66,1366,21387525,241.0,398.0
11,5,30,2,uniform,directional,LC_HI,67,1115,21387525,245.0,340.0
11,5,30,2,uniform,directional,LC_HI,68,864,21387525,290.0,436.0
11,5,30,2,uniform,directional,LC_HI,69,2959,21387525,246.0,358.0
11,5,30,2,uniform,directional,LC_HI,70,2062,21387525,276.0,372.0
11,5,30,2,uniform,directional,LC_HI,71,1840,21387525,242.0,353.0
11,5,30,2,uniform,directional,LC_HI,72,2929,21387525,258.0,397.0
11,5,30,2,uniform,directional,LC_HI,73,92,21387525,265.0,340.0
11,5,30,2,uniform,directional,LC_HI,74,626,21387525,260.0,371.0
11,5,30,2,uniform,directional,LC_HI,75,167,21387525,217.0,401.0
11,5,30,2,uniform,directional,LC_HI,76,2231,21387525,330.0,451.0
11,5,30,2,uniform,directional,LC_HI,77,1021,21387525,252.0,424.0
11,5,30,2,uniform,directional,LC_HI,78,792,21387525,208.0,372.0
11,5,30,2,uniform,directional,LC_HI,79,1527,21387525,212.0,292.0
11,5,30,2,uniform,directional,LC_HI,80,2985,21387525,232.0,351.0
11,5,30,2,uniform,directional,LC_HI,81,1582,21387525,260.0,456.0
11,5,30,2,uniform,directional,LC_HI,82,2959,21387525,246.0,358.0
11,5,30,2,uniform,directional,LC_HI,83,1434,21387525,338.0,475.0
11,5,30,2,uniform,directional,LC_HI,84,593,21387525,279.0,479.0
11,5,30,2,uniform,directional,LC_HI,85,1239,21387525,212.0,334.0
11,5,30,2,uniform,directional,LC_HI,86,466,21387525,236.0,410.0
11,5,30,2,uniform,directional,LC_HI,87,162,21387525,285.0,439.0
11,5,30,2,uniform,directional,LC_HI,88,2881,21387525,256.0,386.0
11,5,30,2,uniform,directional,LC_HI,89,71,21387525,308.0,473.0
11,5,30,2,uniform,directional,LC_HI,90,1315,21387525,305.0,404.0
11,5,30,2,uniform,directional,LC_HI,91,1559,21387525,271.0,386.0
11,5,30,2,uniform,directional,LC_HI,92,1315,21387525,305.0,404.0
11,5,30,2,uniform,directional,LC_HI,93,1366,21387525,241.0,398.0
11,5,30,2,uniform,directional,LC_HI,94,1406,21387525,222.0,347.0
11,5,30,2,uniform,directional,LC_HI,95,787,21387525,232.0,314.0
11,5,30,2,uniform,directional,LC_HI,96,935,21387525,227.0,354.0
11,5,30,2,uniform,directional,LC_HI,97,535,21387525,296.0,396.0
11,5,30,2,uniform,directional,LC_HI,98,167,21387525,217.0,401.0
11,5,30,2,uniform,directional,LC_HI,99,2858,21387525,243.0,345.0
11,5,30,2,uniform,directional,LC_HI,100,388,21387525,274.0,454.0
11,5,30,2,uniform,directional,LC_HI,101,1794,21387525,226.0,303.0
11,5,30,2,uniform,directional,LC_HI,102,518,21387525,192.0,259.0
11,5,30,2,uniform,directional,LC_HI,103,1629,21387525,237.0,409.0
11,5,30,2,uniform,directional,LC_HI,104,1355,21387525,241.0,407.0
11,5,30,2,uniform,directional,LC_HI,105,1069,21387525,270.0,423.0
11,5,30,2,uniform,directional,LC_HI,106,1559,21387525,271.0,386.0
11,5,30,2,uniform,directional,LC_HI,107,2420,21387525,221.0,369.0
11,5,30,2,uniform,directional,LC_HI,108,1725,21387525,270.0,403.0
11,5,30,2,uniform,directional,LC_HI,109,1329,21387525,250.0,396.0
11,5,30,2,uniform,directional,LC_HI,110,493,21387525,216.0,379.0
11,5,30,2,uniform,directional,LC_HI,111,2450,21387525,196.0,382.0
11,5,30,2,uniform,directional,LC_HI,112,2680,21387525,231.0,372.0
11,5,30,2,uniform,directional,LC_HI,113,1883,21387525,256.0,340.0
11,5,30,2,uniform,directional,LC_HI,114,1924,21387525,227.0,339.0
11,5,30,2,uniform,directional,LC_HI,115,182,21387525,269.0,434.0
11,5,30,2,uniform,directional,LC_HI,116,1405,21387525,217.0,335.0
11,5,30,2,uniform,directional,LC_HI,117,758,21387525,305.0,406.0
11,5,30,2,uniform,directional,LC_HI,118,2190,21387525,221.0,357.0
11,5,30,2,uniform,directional,LC_HI,119,2920,21387525,247.0,386.0
11,5,30,2,uniform,directional,LC_HI,120,378,21387525,276.0,363.0
11,5,30,2,uniform,directional,LC_HI,121,1794,21387525,226.0,303.0
11,5,30,2,uniform,directional,LC_HI,122,1629,21387525,237.0,409.0
11,5,30,2,uniform,directional,LC_HI,123,1629,21387525,237.0,409.0
11,5,30,2,uniform,directional,LC_HI,124,2699,21387525,239.0,386.0
11,5,30,2,uniform,directional,LC_HI,125,1952,21387525,265.0,402.0
11,5,30,2,uniform,directional,LC_HI,126,148,21387525,314.0,482.0
11,5,30,2,uniform,directional,LC_HI,127,794,21387525,242.0,338.0
11,5,30,2,uniform,directional,LC_HI,128,2978,21387525,252.0,436.0
11,5,30,2,uniform,directional,LC_HI,129,2130,21387525,227.0,355.0
11,5,30,2,uniform,directional,LC_HI,130,2920,21387525,247.0,386.0
11,5,30,2,uniform,directional,LC_HI,131,946,21387525,247.0,376.0
11,5,30,2,uniform,directional,LC_HI,132,203,21387525,270.0,426.0
11,5,30,2,uniform,directional,LC_HI,133,507,21387525,281.0,413.0
11,5,30,2,uniform,directional,LC_HI,134,518,21387525,192.0,259.0
11,5,30,2,uniform,directional,LC_HI,135,2802,21387525,276.0,478.0
11,5,30,2,uniform,directional,LC_HI,136,2830,21387525,261.0,419.0
11,5,30,2,uniform,directional,LC_HI,137,1823,21387525,266.0,349.0
11,5,30,2,uniform,directional,LC_HI,138,2402,21387525,222.0,389.0
11,5,30,2,uniform,directional,LC_HI,139,2083,21387525,296.0,475.0
11,5,30,2,uniform,directional,LC_HI,140,1419,21387525,242.0,385.0
11,5,30,2,uniform,directional,LC_HI,141,2031,21387525,266.0,430.0
11,5,30,2,uniform,directional,LC_HI,142,1304,21387525,208.0,346.0
11,5,30,2,uniform,directional,LC_HI,143,2319,21387525,260.0,371.0
11,5,30,2,uniform,directional,LC_HI,144,162,21387525,285.0,439.0
11,5,30,2,uniform,directional,LC_HI,145,1759,21387525,216.0,325.0
11,5,30,2,uniform,directional,LC_HI,146,178,21387525,198.0,244.0
11,5,30,2,uniform,directional,LC_HI,147,2319,21387525,260.0,371.0
11,5,30,2,uniform,directional,LC_HI,148,2569,21387525,319.0,438.0
11,5,30,2,uniform,directional,LC_HI,149,758,21387525,305.0,406.0
11,5,30,2,uniform,directional,LC_HI,150,1050,21387525,212.0,372.0
11,5,30,2,uniform,directional,LC_HI,151,1911,21387525,270.0,434.0
11,5,30,2,uniform,directional,LC_HI,152,1881,21387525,261.0,455.0
11,5,30,2,uniform,directional,LC_HI,153,1051,21387525,269.0,360.0
11,5,30,2,uniform,directional,LC_HI,154,1679,21387525,266.0,376.0
11,5,30,2,uniform,directional,LC_HI,155,2130,21387525,227.0,355.0
11,5,30,2,uniform,directional,LC_HI,156,208,21387525,269.0,362.0
11,5,30,2,uniform,directional,LC_HI,157,2190,21387525,221.0,357.0
11,5,30,2,uniform,directional,LC_HI,158,727,21387525,212.0,322.0
11,5,30,2,uniform,directional,LC_HI,159,2245,21387525,254.0,457.0
11,5,30,2,uniform,directional,LC_HI,160,126,21387525,254.0,421.0
11,5,30,2,uniform,directional,LC_HI,161,2724,21387525,235.0,413.0
11,5,30,2,uniform,directional,LC_HI,162,2130,21387525,227.0,355.0
11,5,30,2,uniform,directional,LC_HI,163,1739,21387525,242.0,318.0
11,5,30,2,uniform,directional,LC_HI,164,1239,21387525,212.0,334.0
11,5,30,2,uniform,directional,LC_HI,165,148,21387525,314.0,482.0
11,5,30,2,uniform,directional,LC_HI,166,559,21387525,193.0,288.0
11,5,30,2,uniform,directional,LC_HI,167,917,21387525,321.0,485.0
11,5,30,2,uniform,directional,LC_HI,168,2602,21387525,227.0,351.0
11,5,30,2,uniform,directional,LC_HI,169,2978,21387525,252.0,436.0
11,5,30,2,uniform,directional,LC_HI,170,1780,21387525,177.0,282.0
11,5,30,2,uniform,directional,LC_HI,171,2420,21387525,221.0,369.0
11,5,30,2,uniform,directional,LC_HI,172,1539,21387525,263.0,439.0
11,5,30,2,uniform,directional,LC_HI,173,1526,21387525,251.0,406.0
11,5,30,2,uniform,directional,LC_HI,174,898,21387525,256.0,450.0
11,5,30,2,uniform,directional,LC_HI,175,866,21387525,271.0,435.0
11,5,30,2,uniform,directional,LC_HI,176,2420,21387525,221.0,369.0
11,5,30,2,uniform,directional,LC_HI,177,325,21387525,272.0,404.0
11,5,30,2,uniform,directional,LC_HI,178,917,21387525,321.0,485.0
11,5,30,2,uniform,directional,LC_HI,179,560,21387525,251.0,342.0
11,5,30,2,uniform,directional,LC_HI,180,1284,21387525,260.0,400.0
11,5,30,2,uniform,directional,LC_HI,181,1069,21387525,270.0,423.0
11,5,30,2,uniform,directional,LC_HI,182,2858,21387525,243.0,345.0
11,5,30,2,uniform,directional,LC_HI,183,126,21387525,254.0,421.0
11,5,30,2,uniform,directional,LC_HI,184,958,21387525,222.0,320.0
11,5,30,2,uniform,directional,LC_HI,185,2151,21387525,172.0,305.0
11,5,30,2,uniform,directional,LC_HI,186,2114,21387525,222.0,283.0
11,5,30,2,uniform,directional,LC_HI,187,559,21387525,193.0,288.0
11,5,30,2,uniform,directional,LC_HI,188,1988,21387525,260.0,350.0
11,5,30,2,uniform,directional,LC_HI,189,586,21387525,247.0,411.0
11,5,30,2,uniform,directional,LC_HI,190,1780,21387525,177.0,282.0
11,5,30,2,uniform,directional,LC_HI,191,105,21387525,276.0,381.0
11,5,30,2,uniform,directional,LC_HI,192,1693,21387525,246.0,404.0
11,5,30,2,uniform,directional,LC_HI,193,2470,21387525,265.0,396.0
11,5,30,2,uniform,directional,LC_HI,194,450,21387525,212.0,361.0
11,5,30,2,uniform,directional,LC_HI,195,1796,21387525,187.0,293.0
11,5,30,2,uniform,directional,LC_HI,196,559,21387525,193.0,288.0
11,5,30,2,uniform,directional,LC_HI,197,450,21387525,212.0,361.0
11,5,30,2,uniform,directional,LC_HI,198,493,21387525,216.0,379.0
11,5,30,2,uniform,directional,LC_HI,199,1051,21387525,269.0,360.0
11,5,30,2,uniform,directional,LC_LI,0,1033,21387525,197.0,279.0
11,5,30,2,uniform,directional,LC_LI,1,226,21387525,280.0,451.0
11,5,30,2,uniform,directional,LC_LI,2,846,21387525,244.0,377.0
11,5,30,2,uniform,directional,LC_LI,3,1825,21387525,236.0,376.0
11,5,30,2,uniform,directional,LC_LI,4,968,21387525,256.0,408.0
11,5,30,2,uniform,directional,LC_LI,5,637,21387525,286.0,402.0
11,5,30,2,uniform,directional,LC_LI,6,1116,21387525,276.0,368.0
11,5,30,2,uniform,directional,LC_LI,7,1836,21387525,271.0,442.0
11,5,30,2,uniform,directional,LC_LI,8,1520,21387525,300.0,398.0
11,5,30,2,uniform,directional,LC_LI,9,2279,21387525,260.0,397.0
11,5,30,2,uniform,directional,LC_LI,10,772,21387525,241.0,382.0
11,5,30,2,uniform,directional,LC_LI,11,159,21387525,280.0,376.0
11,5,30,2,uniform,directional,LC_LI,12,2235,21387525,260.0,438.0
11,5,30,2,uniform,directional,LC_LI,13,2299,21387525,244.0,379.0
11,5,30,2,uniform,directional,LC_LI,14,968,21387525,256.0,408.0
11,5,30,2,uniform,directional,LC_LI,15,784,21387525,198.0,312.0
11,5,30,2,uniform,directional,LC_LI,16,1583,21387525,224.0,376.0
11,5,30,2,uniform,directional,LC_LI,17,514,21387525,183.0,231.0
11,5,30,2,uniform,directional,LC_LI,18,2189,21387525,251.0,423.0
11,5,30,2,uniform,directional,LC_LI,19,1843,21387525,270.0,368.0
11,5,30,2,uniform,directional,LC_LI,20,1958,21387525,269.0,471.0
11,5,30,2,uniform,directional,LC_LI,21,348,21387525,213.0,374.0
11,5,30,2,uniform,directional,LC_LI,22,2126,21387525,250.0,375.0
11,5,30,2,uniform,directional,LC_LI,23,1131,21387525,250.0,399.0
11,5,30,2,uniform,directional,LC_LI,24,1142,21387525,285.0,369.0
11,5,30,2,uniform,directional,LC_LI,25,2010,21387525,270.0,422.0
11,5,30,2,uniform,directional,LC_LI,26,1384,21387525,284.0,452.0
11,5,30,2,uniform,directional,LC_LI,27,796,21387525,306.0,485.0
11,5,30,2,uniform,directional,LC_LI,28,2,21387525,305.0,393.0
11,5,30,2,uniform,directional,LC_LI,29,1173,21387525,250.0,378.0
11,5,30,2,uniform,directional,LC_LI,30,809,21387525,250.0,364.0
11,5,30,2,uniform,directional,LC_LI,31,1292,21387525,215.0,344.0
11,5,30,2,uniform,directional,LC_LI,32,2134,21387525,280.0,387.0
11,5,30,2,uniform,directional,LC_LI,33,99,21387525,308.0,518.0
11,5,30,2,uniform,directional,LC_LI,34,1583,21387525,224.0,376.0
11,5,30,2,uniform,directional,LC_LI,35,1501,21387525,221.0,341.0
11,5,30,2,uniform,directional,LC_LI,36,99,21387525,308.0,518.0
11,5,30,2,uniform,directional,LC_LI,37,2322,21387525,265.0,425.0
11,5,30,2,uniform,directional,LC_LI,38,1058,21387525,259.0,381.0
11,5,30,2,uniform,directional,LC_LI,39,177,21387525,240.0,329.0
11,5,30,2,uniform,directional,LC_LI,40,2935,21387525,261.0,397.0
11,5,30,2,uniform,directional,LC_LI,41,2169,21387525,211.0,304.0
11,5,30,2,uniform,directional,LC_LI,42,2595,21387525,208.0,316.0
11,5,30,2,uniform,directional,LC_LI,43,1958,21387525,269.0,471.0
11,5,30,2,uniform,directional,LC_LI,44,1666,21387525,240.0,350.0
11,5,30,2,uniform,directional,LC_LI,45,2952,21387525,241.0,368.0
11,5,30,2,uniform,directional,LC_LI,46,645,21387525,255.0,401.0
11,5,30,2,uniform,directional,LC_LI,47,99,21387525,308.0,518.0
11,5,30,2,uniform,directional,LC_LI,48,1825,21387525,236.0,376.0
11,5,30,2,uniform,directional,LC_LI,49,303,21387525,270.0,499.0
11,5,30,2,uniform,directional,LC_LI,50,2235,21387525,260.0,438.0
11,5,30,2,uniform,directional,LC_LI,51,637,21387525,286.0,402.0
11,5,30,2,uniform,directional,LC_LI,52,2842,21387525,271.0,349.0
11,5,30,2,uniform,directional,LC_LI,53,149,21387525,192.0,359.0
11,5,30,2,uniform,directional,LC_LI,54,250,21387525,200.0,337.0
11,5,30,2,uniform,directional,LC_LI,55,2868,21387525,225.0,356.0
11,5,30,2,uniform,directional,LC_LI,56,2935,21387525,261.0,397.0
11,5,30,2,uniform,directional,LC_LI,57,1971,21387525,271.0,389.0
11,5,30,2,uniform,directional,LC_LI,58,235,21387525,252.0,395.0
11,5,30,2,uniform,directional,LC_LI,59,1176,21387525,235.0,361.0
11,5,30,2,uniform,directional,LC_LI,60,1486,21387525,275.0,434.0
11,5,30,2,uniform,directional,LC_LI,61,397,21387525,260.0,382.0
11,5,30,2,uniform,directional,LC_LI,62,2295,21387525,207.0,330.0
11,5,30,2,uniform,directional,LC_LI,63,349,21387525,280.0,434.0
11,5,30,2,uniform,directional,LC_LI,64,2009,21387525,216.0,313.0
11,5,30,2,uniform,directional,LC_LI,65,2010,21387525,270.0,422.0
11,5,30,2,uniform,directional,LC_LI,66,1709,21387525,206.0,336.0
11,5,30,2,uniform,directional,LC_LI,67,796,21387525,306.0,485.0
11,5,30,2,uniform,directional,LC_LI,68,428,21387525,237.0,394.0
11,5,30,2,uniform,directional,LC_LI,69,1709,21387525,206.0,336.0
11,5,30,2,uniform,directional,LC_LI,70,920,21387525,221.0,324.0
11,5,30,2,uniform,directional,LC_LI,71,848,21387525,237.0,352.0
11,5,30,2,uniform,directional,LC_LI,72,2335,21387525,256.0,430.0
11,5,30,2,uniform,directional,LC_LI,73,1129,21387525,255.0,354.0
11,5,30,2,uniform,directional,LC_LI,74,2524,21387525,226.0,352.0
11,5,30,2,uniform,directional,LC_LI,75,1129,21387525,255.0,354.0
11,5,30,2,uniform,directional,LC_LI,76,1589,21387525,237.0,329.0
11,5,30,2,uniform,directional,LC_LI,77,1858,21387525,295.0,423.0
11,5,30,2,uniform,directional,LC_LI,78,486,21387525,265.0,422.0
11,5,30,2,uniform,directional,LC_LI,79,2266,21387525,266.0,386.0
11,5,30,2,uniform,directional,LC_LI,80,1002,21387525,232.0,364.0
11,5,30,2,uniform,directional,LC_LI,81,2974,21387525,226.0,298.0
11,5,30,2,uniform,directional,LC_LI,82,556,21387525,289.0,457.0
11,5,30,2,uniform,directional,LC_LI,83,133,21387525,279.0,478.0
11,5,30,2,uniform,directional,LC_LI,84,1685,21387525,255.0,351.0
11,5,30,2,uniform,directional,LC_LI,85,1543,21387525,197.0,288.0
11,5,30,2,uniform,directional,LC_LI,86,2687,21387525,251.0,382.0
11,5,30,2,uniform,directional,LC_LI,87,2868,21387525,225.0,356.0
11,5,30,2,uniform,directional,LC_LI,88,811,21387525,227.0,366.0
11,5,30,2,uniform,directional,LC_LI,89,1066,21387525,257.0,411.0
11,5,30,2,uniform,directional,LC_LI,90,968,21387525,256.0,408.0
11,5,30,2,uniform,directional,LC_LI,91,1002,21387525,232.0,364.0
11,5,30,2,uniform,directional,LC_LI,92,1230,21387525,197.0,342.0
11,5,30,2,uniform,directional,LC_LI,93,1002,21387525,232.0,364.0
11,5,30,2,uniform,directional,LC_LI,94,903,21387525,270.0,342.0
11,5,30,2,uniform,directional,LC_LI,95,349,21387525,280.0,434.0
11,5,30,2,uniform,directional,LC_LI,96,1058,21387525,259.0,381.0
11,5,30,2,uniform,directional,LC_LI,97,2551,21387525,289.0,443.0
11,5,30,2,uniform,directional,LC_LI,98,2285,21387525,291.0,435.0
11,5,30,2,uniform,directional,LC_LI,99,2524,21387525,226.0,352.0
11,5,30,2,uniform,directional,LC_LI,100,1543,21387525,197.0,288.0
11,5,30,2,uniform,directional,LC_LI,101,532,21387525,260.0,360.0
11,5,30,2,uniform,directional,LC_LI,102,556,21387525,289.0,457.0
11,5,30,2,uniform,directional,LC_LI,103,1602,21387525,290.0,378.0
11,5,30,2,uniform,directional,LC_LI,104,2014,21387525,256.0,428.0
11,5,30,2,uniform,directional,LC_LI,105,303,21387525,270.0,499.0
11,5,30,2,uniform,directional,LC_LI,106,226,21387525,280.0,451.0
11,5,30,2,uniform,directional,LC_LI,107,2059,21387525,221.0,370.0
11,5,30,2,uniform,directional,LC_LI,108,2479,21387525,198.0,308.0
11,5,30,2,uniform,directional,LC_LI,109,1589,21387525,237.0,329.0
11,5,30,2,uniform,directional,LC_LI,110,2299,21387525,244.0,379.0
11,5,30,2,uniform,directional,LC_LI,111,556,21387525,289.0,457.0
11,5,30,2,uniform,directional,LC_LI,112,226,21387525,280.0,451.0
11,5,30,2,uniform,directional,LC_LI,113,968,21387525,256.0,408.0
11,5,30,2,uniform,directional,LC_LI,114,2672,21387525,266.0,382.0
11,5,30,2,uniform,directional,LC_LI,115,433,21387525,286.0,436.0
11,5,30,2,uniform,directional,LC_LI,116,2941,21387525,209.0,385.0
11,5,30,2,uniform,directional,LC_LI,117,774,21387525,202.0,325.0
11,5,30,2,uniform,directional,LC_LI,118,1870,21387525,246.0,430.0
11,5,30,2,uniform,directional,LC_LI,119,1923,21387525,217.0,319.0
11,5,30,2,uniform,directional,LC_LI,120,1230,21387525,197.0,342.0
11,5,30,2,uniform,directional,LC_LI,121,1685,21387525,255.0,351.0
11,5,30,2,uniform,directional,LC_LI,122,920,21387525,221.0,324.0
11,5,30,2,uniform,directional,LC_LI,123,2322,21387525,265.0,425.0
11,5,30,2,uniform,directional,LC_LI,124,1709,21387525,206.0,336.0
11,5,30,2,uniform,directional,LC_LI,125,1104,21387525,255.0,376.0
11,5,30,2,uniform,directional,LC_LI,126,1122,21387525,217.0,378.0
11,5,30,2,uniform,directional,LC_LI,127,1870,21387525,246.0,430.0
11,5,30,2,uniform,directional,LC_LI,128,2300,21387525,241.0,350.0
11,5,30,2,uniform,directional,LC_LI,129,846,21387525,244.0,377.0
11,5,30,2,uniform,directional,LC_LI,130,177,21387525,240.0,329.0
11,5,30,2,uniform,directional,LC_LI,131,1255,21387525,231.0,374.0
11,5,30,2,uniform,directional,LC_LI,132,2266,21387525,266.0,386.0
11,5,30,2,uniform,directional,LC_LI,133,513,21387525,286.0,437.0
11,5,30,2,uniform,directional,LC_LI,134,2322,21387525,265.0,425.0
11,5,30,2,uniform,directional,LC_LI,135,177,21387525,240.0,329.0
11,5,30,2,uniform,directional,LC_LI,136,551,21387525,251.0,395.0
11,5,30,2,uniform,directional,LC_LI,137,772,21387525,241.0,382.0
11,5,30,2,uniform,directional,LC_LI,138,2070,21387525,221.0,326.0
11,5,30,2,uniform,directional,LC_LI,139,2928,21387525,255.0,394.0
11,5,30,2,uniform,directional,LC_LI,140,2989,21387525,255.0,392.0
11,5,30,2,uniform,directional,LC_LI,141,1694,21387525,280.0,487.0
11,5,30,2,uniform,directional,LC_LI,142,2863,21387525,259.0,409.0
11,5,30,2,uniform,directional,LC_LI,143,250,21387525,200.0,337.0
11,5,30,2,uniform,directional,LC_LI,144,194,21387525,280.0,449.0
11,5,30,2,uniform,directional,LC_LI,145,2974,21387525,226.0,298.0
11,5,30,2,uniform,directional,LC_LI,146,1494,21387525,255.0,357.0
11,5,30,2,uniform,directional,LC_LI,147,116,21387525,284.0,427.0
11,5,30,2,uniform,directional,LC_LI,148,2757,21387525,238.0,318.0
11,5,30,2,uniform,directional,LC_LI,149,1900,21387525,218.0,344.0
11,5,30,2,uniform,directional,LC_LI,150,2285,21387525,291.0,435.0
11,5,30,2,uniform,directional,LC_LI,151,1653,21387525,220.0,379.0
11,5,30,2,uniform,directional,LC_LI,152,1900,21387525,218.0,344.0
11,5,30,2,uniform,directional,LC_LI,153,116,21387525,284.0,427.0
11,5,30,2,uniform,directional,LC_LI,154,2928,21387525,255.0,394.0
11,5,30,2,uniform,directional,LC_LI,155,556,21387525,289.0,457.0
11,5,30,2,uniform,directional,LC_LI,156,1871,21387525,225.0,367.0
11,5,30,2,uniform,directional,LC_LI,157,753,21387525,228.0,316.0
11,5,30,2,uniform,directional,LC_LI,158,1543,21387525,197.0,288.0
11,5,30,2,uniform,directional,LC_LI,159,1685,21387525,255.0,351.0
11,5,30,2,uniform,directional,LC_LI,160,2479,21387525,198.0,308.0
11,5,30,2,uniform,directional,LC_LI,161,1512,21387525,251.0,398.0
11,5,30,2,uniform,directional,LC_LI,162,903,21387525,270.0,342.0
11,5,30,2,uniform,directional,LC_LI,163,2138,21387525,265.0,411.0
11,5,30,2,uniform,directional,LC_LI,164,1666,21387525,240.0,350.0
11,5,30,2,uniform,directional,LC_LI,165,1064,21387525,221.0,337.0
11,5,30,2,uniform,directional,LC_LI,166,1033,21387525,197.0,279.0
11,5,30,2,uniform,directional,LC_LI,167,102,21387525,211.0,345.0
11,5,30,2,uniform,directional,LC_LI,168,1681,21387525,252.0,355.0
11,5,30,2,uniform,directional,LC_LI,169,376,21387525,256.0,377.0
11,5,30,2,uniform,directional,LC_LI,170,774,21387525,202.0,325.0
11,5,30,2,uniform,directional,LC_LI,171,514,21387525,183.0,231.0
11,5,30,2,uniform,directional,LC_LI,172,1836,21387525,271.0,442.0
11,5,30,2,uniform,directional,LC_LI,173,2577,21387525,241.0,408.0
11,5,30,2,uniform,directional,LC_LI,174,920,21387525,221.0,324.0
11,5,30,2,uniform,directional,LC_LI,175,1666,21387525,240.0,350.0
11,5,30,2,uniform,directional,LC_LI,176,2235,21387525,260.0,438.0
11,5,30,2,uniform,directional,LC_LI,177,645,21387525,255.0,401.0
11,5,30,2,uniform,directional,LC_LI,178,2928,21387525,255.0,394.0
11,5,30,2,uniform,directional,LC_LI,179,1520,21387525,300.0,398.0
11,5,30,2,uniform,directional,LC_LI,180,1635,21387525,276.0,420.0
11,5,30,2,uniform,directional,LC_LI,181,1858,21387525,295.0,423.0
11,5,30,2,uniform,directional,LC_LI,182,192,21387525,324.0,407.0
11,5,30,2,uniform,directional,LC_LI,183,2672,21387525,266.0,382.0
11,5,30,2,uniform,directional,LC_LI,184,633,21387525,250.0,377.0
11,5,30,2,uniform,directional,LC_LI,185,2335,21387525,256.0,430.0
11,5,30,2,uniform,directional,LC_LI,186,1002,21387525,232.0,364.0
11,5,30,2,uniform,directional,LC_LI,187,2266,21387525,266.0,386.0
11,5,30,2,uniform,directional,LC_LI,188,1870,21387525,246.0,430.0
11,5,30,2,uniform,directional,LC_LI,189,2863,21387525,259.0,409.0
11,5,30,2,uniform,directional,LC_LI,190,661,21387525,301.0,444.0
11,5,30,2,uniform,directional,LC_LI,191,868,21387525,227.0,292.0
11,5,30,2,uniform,directional,LC_LI,192,1502,21387525,255.0,391.0
11,5,30,2,uniform,directional,LC_LI,193,774,21387525,202.0,325.0
11,5,30,2,uniform,directional,LC_LI,194,1255,21387525,231.0,374.0
11,5,30,2,uniform,directional,LC_LI,195,803,21387525,262.0,365.0
11,5,30,2,uniform,directional,LC_LI,196,1486,21387525,275.0,434.0
11,5,30,2,uniform,directional,LC_LI,197,2530,21387525,216.0,333.0
11,5,30,2,uniform,directional,LC_LI,198,1666,21387525,240.0,350.0
11,5,30,2,uniform,directional,LC_LI,199,1486,21387525,275.0,434.0
