config_id,F,n_amrs,n_elevators,demand,size,policy,wave_id,makespan
1,3,5,2,uniform,8,P7_localsearch,0,71.0
1,3,5,2,uniform,8,P7_localsearch,1,38.0
1,3,5,2,uniform,8,P7_localsearch,2,62.0
1,3,5,2,uniform,8,P7_localsearch,3,43.0
1,3,5,2,uniform,8,P7_localsearch,4,57.0
1,3,5,2,uniform,8,P7_localsearch,5,43.0
1,3,5,2,uniform,8,P7_localsearch,6,75.0
1,3,5,2,uniform,8,P7_localsearch,7,57.0
1,3,5,2,uniform,8,P7_localsearch,8,51.0
1,3,5,2,uniform,8,P7_localsearch,9,65.0
1,3,5,2,uniform,8,P7_localsearch,10,51.0
1,3,5,2,uniform,8,P7_localsearch,11,52.0
1,3,5,2,uniform,8,P7_localsearch,12,47.0
1,3,5,2,uniform,8,P7_localsearch,13,71.0
1,3,5,2,uniform,8,P7_localsearch,14,48.0
1,3,5,2,uniform,8,P7_localsearch,15,57.0
1,3,5,2,uniform,8,P7_localsearch,16,43.0
1,3,5,2,uniform,8,P7_localsearch,17,47.0
1,3,5,2,uniform,8,P7_localsearch,18,52.0
1,3,5,2,uniform,8,P7_localsearch,19,48.0
1,3,5,2,uniform,8,P7_localsearch,20,72.0
1,3,5,2,uniform,8,P7_localsearch,21,81.0
1,3,5,2,uniform,8,P7_localsearch,22,79.0
1,3,5,2,uniform,8,P7_localsearch,23,38.0
1,3,5,2,uniform,8,P7_localsearch,24,66.0
1,3,5,2,uniform,8,P7_localsearch,25,61.0
1,3,5,2,uniform,8,P7_localsearch,26,53.0
1,3,5,2,uniform,8,P7_localsearch,27,33.0
1,3,5,2,uniform,8,P7_localsearch,28,43.0
1,3,5,2,uniform,8,P7_localsearch,29,47.0
1,3,5,2,uniform,8,P7_localsearch,30,62.0
1,3,5,2,uniform,8,P7_localsearch,31,57.0
1,3,5,2,uniform,8,P7_localsearch,32,47.0
1,3,5,2,uniform,8,P7_localsearch,33,52.0
1,3,5,2,uniform,8,P7_localsearch,34,47.0
1,3,5,2,uniform,8,P7_localsearch,35,52.0
1,3,5,2,uniform,8,P7_localsearch,36,90.0
1,3,5,2,uniform,8,P7_localsearch,37,43.0
1,3,5,2,uniform,8,P7_localsearch,38,62.0
1,3,5,2,uniform,8,P7_localsearch,39,52.0
1,3,5,2,uniform,8,P7_localsearch,40,33.0
1,3,5,2,uniform,8,P7_localsearch,41,71.0
1,3,5,2,uniform,8,P7_localsearch,42,42.0
1,3,5,2,uniform,8,P7_localsearch,43,88.0
1,3,5,2,uniform,8,P7_localsearch,44,66.0
1,3,5,2,uniform,8,P7_localsearch,45,48.0
1,3,5,2,uniform,8,P7_localsearch,46,43.0
1,3,5,2,uniform,8,P7_localsearch,47,47.0
1,3,5,2,uniform,8,P7_localsearch,48,90.0
1,3,5,2,uniform,8,P7_localsearch,49,61.0
1,3,5,2,uniform,8,P7_localsearch,50,61.0
1,3,5,2,uniform,8,P7_localsearch,51,75.0
1,3,5,2,uniform,8,P7_localsearch,52,76.0
1,3,5,2,uniform,8,P7_localsearch,53,61.0
1,3,5,2,uniform,8,P7_localsearch,54,47.0
1,3,5,2,uniform,8,P7_localsearch,55,57.0
1,3,5,2,uniform,8,P7_localsearch,56,65.0
1,3,5,2,uniform,8,P7_localsearch,57,80.0
1,3,5,2,uniform,8,P7_localsearch,58,57.0
1,3,5,2,uniform,8,P7_localsearch,59,42.0
1,3,5,2,uniform,8,P7_localsearch,60,57.0
1,3,5,2,uniform,8,P7_localsearch,61,52.0
1,3,5,2,uniform,8,P7_localsearch,62,47.0
1,3,5,2,uniform,8,P7_localsearch,63,80.0
1,3,5,2,uniform,8,P7_localsearch,64,43.0
1,3,5,2,uniform,8,P7_localsearch,65,47.0
1,3,5,2,uniform,8,P7_localsearch,66,70.0
1,3,5,2,uniform,8,P7_localsearch,67,56.0
1,3,5,2,uniform,8,P7_localsearch,68,38.0
1,3,5,2,uniform,8,P7_localsearch,69,57.0
1,3,5,2,uniform,8,P7_localsearch,70,56.0
1,3,5,2,uniform,8,P7_localsearch,71,62.0
1,3,5,2,uniform,8,P7_localsearch,72,47.0
1,3,5,2,uniform,8,P7_localsearch,73,52.0
1,3,5,2,uniform,8,P7_localsearch,74,57.0
1,3,5,2,uniform,8,P7_localsearch,75,47.0
1,3,5,2,uniform,8,P7_localsearch,76,81.0
1,3,5,2,uniform,8,P7_localsearch,77,52.0
1,3,5,2,uniform,8,P7_localsearch,78,47.0
1,3,5,2,uniform,8,P7_localsearch,79,48.0
1,3,5,2,uniform,8,P7_localsearch,80,48.0
1,3,5,2,uniform,8,P7_localsearch,81,61.0
1,3,5,2,uniform,8,P7_localsearch,82,52.0
1,3,5,2,uniform,8,P7_localsearch,83,57.0
1,3,5,2,uniform,8,P7_localsearch,84,75.0
1,3,5,2,uniform,8,P7_localsearch,85,51.0
1,3,5,2,uniform,8,P7_localsearch,86,71.0
1,3,5,2,uniform,8,P7_localsearch,87,47.0
1,3,5,2,uniform,8,P7_localsearch,88,47.0
1,3,5,2,uniform,8,P7_localsearch,89,56.0
1,3,5,2,uniform,8,P7_localsearch,90,62.0
1,3,5,2,uniform,8,P7_localsearch,91,43.0
1,3,5,2,uniform,8,P7_localsearch,92,62.0
1,3,5,2,uniform,8,P7_localsearch,93,47.0
1,3,5,2,uniform,8,P7_localsearch,94,71.0
1,3,5,2,uniform,8,P7_localsearch,95,46.0
1,3,5,2,uniform,8,P7_localsearch,96,48.0
1,3,5,2,uniform,8,P7_localsearch,97,47.0
1,3,5,2,uniform,8,P7_localsearch,98,47.0
1,3,5,2,uniform,8,P7_localsearch,99,34.0
1,3,5,2,uniform,8,P7_localsearch,100,72.0
1,3,5,2,uniform,8,P7_localsearch,101,43.0
1,3,5,2,uniform,8,P7_localsearch,102,48.0
1,3,5,2,uniform,8,P7_localsearch,103,47.0
1,3,5,2,uniform,8,P7_localsearch,104,43.0
1,3,5,2,uniform,8,P7_localsearch,105,66.0
1,3,5,2,uniform,8,P7_localsearch,106,47.0
1,3,5,2,uniform,8,P7_localsearch,107,52.0
1,3,5,2,uniform,8,P7_localsearch,108,42.0
1,3,5,2,uniform,8,P7_localsearch,109,43.0
1,3,5,2,uniform,8,P7_localsearch,110,67.0
1,3,5,2,uniform,8,P7_localsearch,111,80.0
1,3,5,2,uniform,8,P7_localsearch,112,67.0
1,3,5,2,uniform,8,P7_localsearch,113,72.0
1,3,5,2,uniform,8,P7_localsearch,114,52.0
1,3,5,2,uniform,8,P7_localsearch,115,66.0
1,3,5,2,uniform,8,P7_localsearch,116,81.0
1,3,5,2,uniform,8,P7_localsearch,117,76.0
1,3,5,2,uniform,8,P7_localsearch,118,48.0
1,3,5,2,uniform,8,P7_localsearch,119,52.0
1,3,5,2,uniform,8,P7_localsearch,120,89.0
1,3,5,2,uniform,8,P7_localsearch,121,71.0
1,3,5,2,uniform,8,P7_localsearch,122,61.0
1,3,5,2,uniform,8,P7_localsearch,123,48.0
1,3,5,2,uniform,8,P7_localsearch,124,48.0
1,3,5,2,uniform,8,P7_localsearch,125,47.0
1,3,5,2,uniform,8,P7_localsearch,126,38.0
1,3,5,2,uniform,8,P7_localsearch,127,61.0
1,3,5,2,uniform,8,P7_localsearch,128,47.0
1,3,5,2,uniform,8,P7_localsearch,129,38.0
1,3,5,2,uniform,8,P7_localsearch,130,47.0
1,3,5,2,uniform,8,P7_localsearch,131,57.0
1,3,5,2,uniform,8,P7_localsearch,132,57.0
1,3,5,2,uniform,8,P7_localsearch,133,81.0
1,3,5,2,uniform,8,P7_localsearch,134,43.0
1,3,5,2,uniform,8,P7_localsearch,135,71.0
1,3,5,2,uniform,8,P7_localsearch,136,38.0
1,3,5,2,uniform,8,P7_localsearch,137,62.0
1,3,5,2,uniform,8,P7_localsearch,138,81.0
1,3,5,2,uniform,8,P7_localsearch,139,57.0
1,3,5,2,uniform,8,P7_localsearch,140,60.0
1,3,5,2,uniform,8,P7_localsearch,141,76.0
1,3,5,2,uniform,8,P7_localsearch,142,52.0
1,3,5,2,uniform,8,P7_localsearch,143,66.0
1,3,5,2,uniform,8,P7_localsearch,144,52.0
1,3,5,2,uniform,8,P7_localsearch,145,76.0
1,3,5,2,uniform,8,P7_localsearch,146,57.0
1,3,5,2,uniform,8,P7_localsearch,147,56.0
1,3,5,2,uniform,8,P7_localsearch,148,67.0
1,3,5,2,uniform,8,P7_localsearch,149,66.0
1,3,5,2,uniform,8,P7_localsearch,150,57.0
1,3,5,2,uniform,8,P7_localsearch,151,62.0
1,3,5,2,uniform,8,P7_localsearch,152,77.0
1,3,5,2,uniform,8,P7_localsearch,153,66.0
1,3,5,2,uniform,8,P7_localsearch,154,80.0
1,3,5,2,uniform,8,P7_localsearch,155,43.0
1,3,5,2,uniform,8,P7_localsearch,156,51.0
1,3,5,2,uniform,8,P7_localsearch,157,57.0
1,3,5,2,uniform,8,P7_localsearch,158,85.0
1,3,5,2,uniform,8,P7_localsearch,159,52.0
1,3,5,2,uniform,8,P7_localsearch,160,52.0
1,3,5,2,uniform,8,P7_localsearch,161,38.0
1,3,5,2,uniform,8,P7_localsearch,162,75.0
1,3,5,2,uniform,8,P7_localsearch,163,56.0
1,3,5,2,uniform,8,P7_localsearch,164,43.0
1,3,5,2,uniform,8,P7_localsearch,165,66.0
1,3,5,2,uniform,8,P7_localsearch,166,38.0
1,3,5,2,uniform,8,P7_localsearch,167,71.0
1,3,5,2,uniform,8,P7_localsearch,168,47.0
1,3,5,2,uniform,8,P7_localsearch,169,43.0
1,3,5,2,uniform,8,P7_localsearch,170,52.0
1,3,5,2,uniform,8,P7_localsearch,171,38.0
1,3,5,2,uniform,8,P7_localsearch,172,66.0
1,3,5,2,uniform,8,P7_localsearch,173,60.0
1,3,5,2,uniform,8,P7_localsearch,174,66.0
1,3,5,2,uniform,8,P7_localsearch,175,46.0
1,3,5,2,uniform,8,P7_localsearch,176,71.0
1,3,5,2,uniform,8,P7_localsearch,177,48.0
1,3,5,2,uniform,8,P7_localsearch,178,51.0
1,3,5,2,uniform,8,P7_localsearch,179,57.0
1,3,5,2,uniform,8,P7_localsearch,180,70.0
1,3,5,2,uniform,8,P7_localsearch,181,43.0
1,3,5,2,uniform,8,P7_localsearch,182,60.0
1,3,5,2,uniform,8,P7_localsearch,183,57.0
1,3,5,2,uniform,8,P7_localsearch,184,71.0
1,3,5,2,uniform,8,P7_localsearch,185,80.0
1,3,5,2,uniform,8,P7_localsearch,186,70.0
1,3,5,2,uniform,8,P7_localsearch,187,67.0
1,3,5,2,uniform,8,P7_localsearch,188,85.0
1,3,5,2,uniform,8,P7_localsearch,189,85.0
1,3,5,2,uniform,8,P7_localsearch,190,47.0
1,3,5,2,uniform,8,P7_localsearch,191,80.0
1,3,5,2,uniform,8,P7_localsearch,192,52.0
1,3,5,2,uniform,8,P7_localsearch,193,52.0
1,3,5,2,uniform,8,P7_localsearch,194,48.0
1,3,5,2,uniform,8,P7_localsearch,195,76.0
1,3,5,2,uniform,8,P7_localsearch,196,52.0
1,3,5,2,uniform,8,P7_localsearch,197,56.0
1,3,5,2,uniform,8,P7_localsearch,198,53.0
1,3,5,2,uniform,8,P7_localsearch,199,65.0
1,3,5,2,uniform,30,P7_localsearch,0,254.0
1,3,5,2,uniform,30,P7_localsearch,1,259.0
1,3,5,2,uniform,30,P7_localsearch,2,284.0
1,3,5,2,uniform,30,P7_localsearch,3,279.0
1,3,5,2,uniform,30,P7_localsearch,4,270.0
1,3,5,2,uniform,30,P7_localsearch,5,234.0
1,3,5,2,uniform,30,P7_localsearch,6,272.0
1,3,5,2,uniform,30,P7_localsearch,7,260.0
1,3,5,2,uniform,30,P7_localsearch,8,289.0
1,3,5,2,uniform,30,P7_localsearch,9,222.0
1,3,5,2,uniform,30,P7_localsearch,10,249.0
1,3,5,2,uniform,30,P7_localsearch,11,254.0
1,3,5,2,uniform,30,P7_localsearch,12,241.0
1,3,5,2,uniform,30,P7_localsearch,13,213.0
1,3,5,2,uniform,30,P7_localsearch,14,332.0
1,3,5,2,uniform,30,P7_localsearch,15,249.0
1,3,5,2,uniform,30,P7_localsearch,16,270.0
1,3,5,2,uniform,30,P7_localsearch,17,254.0
1,3,5,2,uniform,30,P7_localsearch,18,240.0
1,3,5,2,uniform,30,P7_localsearch,19,280.0
1,3,5,2,uniform,30,P7_localsearch,20,249.0
1,3,5,2,uniform,30,P7_localsearch,21,261.0
1,3,5,2,uniform,30,P7_localsearch,22,268.0
1,3,5,2,uniform,30,P7_localsearch,23,291.0
1,3,5,2,uniform,30,P7_localsearch,24,270.0
1,3,5,2,uniform,30,P7_localsearch,25,250.0
1,3,5,2,uniform,30,P7_localsearch,26,353.0
1,3,5,2,uniform,30,P7_localsearch,27,251.0
1,3,5,2,uniform,30,P7_localsearch,28,243.0
1,3,5,2,uniform,30,P7_localsearch,29,284.0
1,3,5,2,uniform,30,P7_localsearch,30,269.0
1,3,5,2,uniform,30,P7_localsearch,31,246.0
1,3,5,2,uniform,30,P7_localsearch,32,240.0
1,3,5,2,uniform,30,P7_localsearch,33,279.0
1,3,5,2,uniform,30,P7_localsearch,34,231.0
1,3,5,2,uniform,30,P7_localsearch,35,216.0
1,3,5,2,uniform,30,P7_localsearch,36,227.0
1,3,5,2,uniform,30,P7_localsearch,37,265.0
1,3,5,2,uniform,30,P7_localsearch,38,199.0
1,3,5,2,uniform,30,P7_localsearch,39,263.0
1,3,5,2,uniform,30,P7_localsearch,40,256.0
1,3,5,2,uniform,30,P7_localsearch,41,297.0
1,3,5,2,uniform,30,P7_localsearch,42,243.0
1,3,5,2,uniform,30,P7_localsearch,43,226.0
1,3,5,2,uniform,30,P7_localsearch,44,266.0
1,3,5,2,uniform,30,P7_localsearch,45,216.0
1,3,5,2,uniform,30,P7_localsearch,46,244.0
1,3,5,2,uniform,30,P7_localsearch,47,236.0
1,3,5,2,uniform,30,P7_localsearch,48,246.0
1,3,5,2,uniform,30,P7_localsearch,49,256.0
1,3,5,2,uniform,30,P7_localsearch,50,254.0
1,3,5,2,uniform,30,P7_localsearch,51,300.0
1,3,5,2,uniform,30,P7_localsearch,52,283.0
1,3,5,2,uniform,30,P7_localsearch,53,239.0
1,3,5,2,uniform,30,P7_localsearch,54,247.0
1,3,5,2,uniform,30,P7_localsearch,55,227.0
1,3,5,2,uniform,30,P7_localsearch,56,259.0
1,3,5,2,uniform,30,P7_localsearch,57,281.0
1,3,5,2,uniform,30,P7_localsearch,58,289.0
1,3,5,2,uniform,30,P7_localsearch,59,252.0
1,3,5,2,uniform,30,P7_localsearch,60,298.0
1,3,5,2,uniform,30,P7_localsearch,61,263.0
1,3,5,2,uniform,30,P7_localsearch,62,312.0
1,3,5,2,uniform,30,P7_localsearch,63,210.0
1,3,5,2,uniform,30,P7_localsearch,64,269.0
1,3,5,2,uniform,30,P7_localsearch,65,242.0
1,3,5,2,uniform,30,P7_localsearch,66,299.0
1,3,5,2,uniform,30,P7_localsearch,67,270.0
1,3,5,2,uniform,30,P7_localsearch,68,273.0
1,3,5,2,uniform,30,P7_localsearch,69,313.0
1,3,5,2,uniform,30,P7_localsearch,70,255.0
1,3,5,2,uniform,30,P7_localsearch,71,229.0
1,3,5,2,uniform,30,P7_localsearch,72,274.0
1,3,5,2,uniform,30,P7_localsearch,73,245.0
1,3,5,2,uniform,30,P7_localsearch,74,245.0
1,3,5,2,uniform,30,P7_localsearch,75,227.0
1,3,5,2,uniform,30,P7_localsearch,76,278.0
1,3,5,2,uniform,30,P7_localsearch,77,226.0
1,3,5,2,uniform,30,P7_localsearch,78,226.0
1,3,5,2,uniform,30,P7_localsearch,79,281.0
1,3,5,2,uniform,30,P7_localsearch,80,257.0
1,3,5,2,uniform,30,P7_localsearch,81,270.0
1,3,5,2,uniform,30,P7_localsearch,82,232.0
1,3,5,2,uniform,30,P7_localsearch,83,294.0
1,3,5,2,uniform,30,P7_localsearch,84,247.0
1,3,5,2,uniform,30,P7_localsearch,85,278.0
1,3,5,2,uniform,30,P7_localsearch,86,276.0
1,3,5,2,uniform,30,P7_localsearch,87,240.0
1,3,5,2,uniform,30,P7_localsearch,88,265.0
1,3,5,2,uniform,30,P7_localsearch,89,255.0
1,3,5,2,uniform,30,P7_localsearch,90,297.0
1,3,5,2,uniform,30,P7_localsearch,91,315.0
1,3,5,2,uniform,30,P7_localsearch,92,292.0
1,3,5,2,uniform,30,P7_localsearch,93,251.0
1,3,5,2,uniform,30,P7_localsearch,94,222.0
1,3,5,2,uniform,30,P7_localsearch,95,245.0
1,3,5,2,uniform,30,P7_localsearch,96,288.0
1,3,5,2,uniform,30,P7_localsearch,97,222.0
1,3,5,2,uniform,30,P7_localsearch,98,231.0
1,3,5,2,uniform,30,P7_localsearch,99,184.0
1,3,5,2,uniform,30,P7_localsearch,100,274.0
1,3,5,2,uniform,30,P7_localsearch,101,235.0
1,3,5,2,uniform,30,P7_localsearch,102,258.0
1,3,5,2,uniform,30,P7_localsearch,103,264.0
1,3,5,2,uniform,30,P7_localsearch,104,258.0
1,3,5,2,uniform,30,P7_localsearch,105,270.0
1,3,5,2,uniform,30,P7_localsearch,106,221.0
1,3,5,2,uniform,30,P7_localsearch,107,256.0
1,3,5,2,uniform,30,P7_localsearch,108,231.0
1,3,5,2,uniform,30,P7_localsearch,109,279.0
1,3,5,2,uniform,30,P7_localsearch,110,316.0
1,3,5,2,uniform,30,P7_localsearch,111,306.0
1,3,5,2,uniform,30,P7_localsearch,112,257.0
1,3,5,2,uniform,30,P7_localsearch,113,256.0
1,3,5,2,uniform,30,P7_localsearch,114,259.0
1,3,5,2,uniform,30,P7_localsearch,115,283.0
1,3,5,2,uniform,30,P7_localsearch,116,268.0
1,3,5,2,uniform,30,P7_localsearch,117,279.0
1,3,5,2,uniform,30,P7_localsearch,118,231.0
1,3,5,2,uniform,30,P7_localsearch,119,221.0
1,3,5,2,uniform,30,P7_localsearch,120,231.0
1,3,5,2,uniform,30,P7_localsearch,121,295.0
1,3,5,2,uniform,30,P7_localsearch,122,249.0
1,3,5,2,uniform,30,P7_localsearch,123,244.0
1,3,5,2,uniform,30,P7_localsearch,124,285.0
1,3,5,2,uniform,30,P7_localsearch,125,188.0
1,3,5,2,uniform,30,P7_localsearch,126,220.0
1,3,5,2,uniform,30,P7_localsearch,127,302.0
1,3,5,2,uniform,30,P7_localsearch,128,292.0
1,3,5,2,uniform,30,P7_localsearch,129,283.0
1,3,5,2,uniform,30,P7_localsearch,130,231.0
1,3,5,2,uniform,30,P7_localsearch,131,252.0
1,3,5,2,uniform,30,P7_localsearch,132,269.0
1,3,5,2,uniform,30,P7_localsearch,133,254.0
1,3,5,2,uniform,30,P7_localsearch,134,230.0
1,3,5,2,uniform,30,P7_localsearch,135,260.0
1,3,5,2,uniform,30,P7_localsearch,136,236.0
1,3,5,2,uniform,30,P7_localsearch,137,254.0
1,3,5,2,uniform,30,P7_localsearch,138,297.0
1,3,5,2,uniform,30,P7_localsearch,139,221.0
1,3,5,2,uniform,30,P7_localsearch,140,278.0
1,3,5,2,uniform,30,P7_localsearch,141,278.0
1,3,5,2,uniform,30,P7_localsearch,142,255.0
1,3,5,2,uniform,30,P7_localsearch,143,282.0
1,3,5,2,uniform,30,P7_localsearch,144,216.0
1,3,5,2,uniform,30,P7_localsearch,145,206.0
1,3,5,2,uniform,30,P7_localsearch,146,250.0
1,3,5,2,uniform,30,P7_localsearch,147,222.0
1,3,5,2,uniform,30,P7_localsearch,148,274.0
1,3,5,2,uniform,30,P7_localsearch,149,249.0
1,3,5,2,uniform,30,P7_localsearch,150,269.0
1,3,5,2,uniform,30,P7_localsearch,151,241.0
1,3,5,2,uniform,30,P7_localsearch,152,292.0
1,3,5,2,uniform,30,P7_localsearch,153,199.0
1,3,5,2,uniform,30,P7_localsearch,154,251.0
1,3,5,2,uniform,30,P7_localsearch,155,225.0
1,3,5,2,uniform,30,P7_localsearch,156,287.0
1,3,5,2,uniform,30,P7_localsearch,157,299.0
1,3,5,2,uniform,30,P7_localsearch,158,255.0
1,3,5,2,uniform,30,P7_localsearch,159,294.0
1,3,5,2,uniform,30,P7_localsearch,160,263.0
1,3,5,2,uniform,30,P7_localsearch,161,227.0
1,3,5,2,uniform,30,P7_localsearch,162,270.0
1,3,5,2,uniform,30,P7_localsearch,163,322.0
1,3,5,2,uniform,30,P7_localsearch,164,303.0
1,3,5,2,uniform,30,P7_localsearch,165,236.0
1,3,5,2,uniform,30,P7_localsearch,166,258.0
1,3,5,2,uniform,30,P7_localsearch,167,264.0
1,3,5,2,uniform,30,P7_localsearch,168,246.0
1,3,5,2,uniform,30,P7_localsearch,169,249.0
1,3,5,2,uniform,30,P7_localsearch,170,289.0
1,3,5,2,uniform,30,P7_localsearch,171,251.0
1,3,5,2,uniform,30,P7_localsearch,172,217.0
1,3,5,2,uniform,30,P7_localsearch,173,228.0
1,3,5,2,uniform,30,P7_localsearch,174,250.0
1,3,5,2,uniform,30,P7_localsearch,175,236.0
1,3,5,2,uniform,30,P7_localsearch,176,325.0
1,3,5,2,uniform,30,P7_localsearch,177,244.0
1,3,5,2,uniform,30,P7_localsearch,178,305.0
1,3,5,2,uniform,30,P7_localsearch,179,310.0
1,3,5,2,uniform,30,P7_localsearch,180,255.0
1,3,5,2,uniform,30,P7_localsearch,181,262.0
1,3,5,2,uniform,30,P7_localsearch,182,297.0
1,3,5,2,uniform,30,P7_localsearch,183,250.0
1,3,5,2,uniform,30,P7_localsearch,184,263.0
1,3,5,2,uniform,30,P7_localsearch,185,298.0
1,3,5,2,uniform,30,P7_localsearch,186,245.0
1,3,5,2,uniform,30,P7_localsearch,187,290.0
1,3,5,2,uniform,30,P7_localsearch,188,292.0
1,3,5,2,uniform,30,P7_localsearch,189,301.0
1,3,5,2,uniform,30,P7_localsearch,190,227.0
1,3,5,2,uniform,30,P7_localsearch,191,285.0
1,3,5,2,uniform,30,P7_localsearch,192,241.0
1,3,5,2,uniform,30,P7_localsearch,193,216.0
1,3,5,2,uniform,30,P7_localsearch,194,249.0
1,3,5,2,uniform,30,P7_localsearch,195,261.0
1,3,5,2,uniform,30,P7_localsearch,196,229.0
1,3,5,2,uniform,30,P7_localsearch,197,288.0
1,3,5,2,uniform,30,P7_localsearch,198,283.0
1,3,5,2,uniform,30,P7_localsearch,199,273.0
3,3,15,2,clustered,8,P7_localsearch,0,33.0
3,3,15,2,clustered,8,P7_localsearch,1,57.0
3,3,15,2,clustered,8,P7_localsearch,2,57.0
3,3,15,2,clustered,8,P7_localsearch,3,42.0
3,3,15,2,clustered,8,P7_localsearch,4,52.0
3,3,15,2,clustered,8,P7_localsearch,5,43.0
3,3,15,2,clustered,8,P7_localsearch,6,33.0
3,3,15,2,clustered,8,P7_localsearch,7,71.0
3,3,15,2,clustered,8,P7_localsearch,8,38.0
3,3,15,2,clustered,8,P7_localsearch,9,33.0
3,3,15,2,clustered,8,P7_localsearch,10,33.0
3,3,15,2,clustered,8,P7_localsearch,11,57.0
3,3,15,2,clustered,8,P7_localsearch,12,57.0
3,3,15,2,clustered,8,P7_localsearch,13,33.0
3,3,15,2,clustered,8,P7_localsearch,14,33.0
3,3,15,2,clustered,8,P7_localsearch,15,42.0
3,3,15,2,clustered,8,P7_localsearch,16,33.0
3,3,15,2,clustered,8,P7_localsearch,17,57.0
3,3,15,2,clustered,8,P7_localsearch,18,52.0
3,3,15,2,clustered,8,P7_localsearch,19,33.0
3,3,15,2,clustered,8,P7_localsearch,20,38.0
3,3,15,2,clustered,8,P7_localsearch,21,57.0
3,3,15,2,clustered,8,P7_localsearch,22,47.0
3,3,15,2,clustered,8,P7_localsearch,23,81.0
3,3,15,2,clustered,8,P7_localsearch,24,57.0
3,3,15,2,clustered,8,P7_localsearch,25,52.0
3,3,15,2,clustered,8,P7_localsearch,26,52.0
3,3,15,2,clustered,8,P7_localsearch,27,52.0
3,3,15,2,clustered,8,P7_localsearch,28,33.0
3,3,15,2,clustered,8,P7_localsearch,29,57.0
3,3,15,2,clustered,8,P7_localsearch,30,95.0
3,3,15,2,clustered,8,P7_localsearch,31,33.0
3,3,15,2,clustered,8,P7_localsearch,32,42.0
3,3,15,2,clustered,8,P7_localsearch,33,57.0
3,3,15,2,clustered,8,P7_localsearch,34,33.0
3,3,15,2,clustered,8,P7_localsearch,35,33.0
3,3,15,2,clustered,8,P7_localsearch,36,33.0
3,3,15,2,clustered,8,P7_localsearch,37,57.0
3,3,15,2,clustered,8,P7_localsearch,38,100.0
3,3,15,2,clustered,8,P7_localsearch,39,71.0
3,3,15,2,clustered,8,P7_localsearch,40,43.0
3,3,15,2,clustered,8,P7_localsearch,41,33.0
3,3,15,2,clustered,8,P7_localsearch,42,38.0
3,3,15,2,clustered,8,P7_localsearch,43,62.0
3,3,15,2,clustered,8,P7_localsearch,44,100.0
3,3,15,2,clustered,8,P7_localsearch,45,43.0
3,3,15,2,clustered,8,P7_localsearch,46,38.0
3,3,15,2,clustered,8,P7_localsearch,47,47.0
3,3,15,2,clustered,8,P7_localsearch,48,43.0
3,3,15,2,clustered,8,P7_localsearch,49,62.0
3,3,15,2,clustered,8,P7_localsearch,50,76.0
3,3,15,2,clustered,8,P7_localsearch,51,57.0
3,3,15,2,clustered,8,P7_localsearch,52,71.0
3,3,15,2,clustered,8,P7_localsearch,53,57.0
3,3,15,2,clustered,8,P7_localsearch,54,52.0
3,3,15,2,clustered,8,P7_localsearch,55,33.0
3,3,15,2,clustered,8,P7_localsearch,56,76.0
3,3,15,2,clustered,8,P7_localsearch,57,47.0
3,3,15,2,clustered,8,P7_localsearch,58,76.0
3,3,15,2,clustered,8,P7_localsearch,59,33.0
3,3,15,2,clustered,8,P7_localsearch,60,38.0
3,3,15,2,clustered,8,P7_localsearch,61,52.0
3,3,15,2,clustered,8,P7_localsearch,62,52.0
3,3,15,2,clustered,8,P7_localsearch,63,33.0
3,3,15,2,clustered,8,P7_localsearch,64,47.0
3,3,15,2,clustered,8,P7_localsearch,65,33.0
3,3,15,2,clustered,8,P7_localsearch,66,57.0
3,3,15,2,clustered,8,P7_localsearch,67,38.0
3,3,15,2,clustered,8,P7_localsearch,68,119.0
3,3,15,2,clustered,8,P7_localsearch,69,57.0
3,3,15,2,clustered,8,P7_localsearch,70,76.0
3,3,15,2,clustered,8,P7_localsearch,71,71.0
3,3,15,2,clustered,8,P7_localsearch,72,81.0
3,3,15,2,clustered,8,P7_localsearch,73,52.0
3,3,15,2,clustered,8,P7_localsearch,74,114.0
3,3,15,2,clustered,8,P7_localsearch,75,47.0
3,3,15,2,clustered,8,P7_localsearch,76,38.0
3,3,15,2,clustered,8,P7_localsearch,77,33.0
3,3,15,2,clustered,8,P7_localsearch,78,38.0
3,3,15,2,clustered,8,P7_localsearch,79,86.0
3,3,15,2,clustered,8,P7_localsearch,80,76.0
3,3,15,2,clustered,8,P7_localsearch,81,71.0
3,3,15,2,clustered,8,P7_localsearch,82,90.0
3,3,15,2,clustered,8,P7_localsearch,83,52.0
3,3,15,2,clustered,8,P7_localsearch,84,66.0
3,3,15,2,clustered,8,P7_localsearch,85,43.0
3,3,15,2,clustered,8,P7_localsearch,86,43.0
3,3,15,2,clustered,8,P7_localsearch,87,52.0
3,3,15,2,clustered,8,P7_localsearch,88,33.0
3,3,15,2,clustered,8,P7_localsearch,89,76.0
3,3,15,2,clustered,8,P7_localsearch,90,33.0
3,3,15,2,clustered,8,P7_localsearch,91,67.0
3,3,15,2,clustered,8,P7_localsearch,92,47.0
3,3,15,2,clustered,8,P7_localsearch,93,57.0
3,3,15,2,clustered,8,P7_localsearch,94,76.0
3,3,15,2,clustered,8,P7_localsearch,95,62.0
3,3,15,2,clustered,8,P7_localsearch,96,38.0
3,3,15,2,clustered,8,P7_localsearch,97,90.0
3,3,15,2,clustered,8,P7_localsearch,98,52.0
3,3,15,2,clustered,8,P7_localsearch,99,57.0
3,3,15,2,clustered,8,P7_localsearch,100,33.0
3,3,15,2,clustered,8,P7_localsearch,101,52.0
3,3,15,2,clustered,8,P7_localsearch,102,33.0
3,3,15,2,clustered,8,P7_localsearch,103,47.0
3,3,15,2,clustered,8,P7_localsearch,104,52.0
3,3,15,2,clustered,8,P7_localsearch,105,38.0
3,3,15,2,clustered,8,P7_localsearch,106,62.0
3,3,15,2,clustered,8,P7_localsearch,107,76.0
3,3,15,2,clustered,8,P7_localsearch,108,62.0
3,3,15,2,clustered,8,P7_localsearch,109,57.0
3,3,15,2,clustered,8,P7_localsearch,110,61.0
3,3,15,2,clustered,8,P7_localsearch,111,33.0
3,3,15,2,clustered,8,P7_localsearch,112,62.0
3,3,15,2,clustered,8,P7_localsearch,113,57.0
3,3,15,2,clustered,8,P7_localsearch,114,38.0
3,3,15,2,clustered,8,P7_localsearch,115,52.0
3,3,15,2,clustered,8,P7_localsearch,116,90.0
3,3,15,2,clustered,8,P7_localsearch,117,33.0
3,3,15,2,clustered,8,P7_localsearch,118,33.0
3,3,15,2,clustered,8,P7_localsearch,119,43.0
3,3,15,2,clustered,8,P7_localsearch,120,33.0
3,3,15,2,clustered,8,P7_localsearch,121,37.0
3,3,15,2,clustered,8,P7_localsearch,122,52.0
3,3,15,2,clustered,8,P7_localsearch,123,66.0
3,3,15,2,clustered,8,P7_localsearch,124,33.0
3,3,15,2,clustered,8,P7_localsearch,125,62.0
3,3,15,2,clustered,8,P7_localsearch,126,57.0
3,3,15,2,clustered,8,P7_localsearch,127,67.0
3,3,15,2,clustered,8,P7_localsearch,128,52.0
3,3,15,2,clustered,8,P7_localsearch,129,47.0
3,3,15,2,clustered,8,P7_localsearch,130,76.0
3,3,15,2,clustered,8,P7_localsearch,131,52.0
3,3,15,2,clustered,8,P7_localsearch,132,81.0
3,3,15,2,clustered,8,P7_localsearch,133,47.0
3,3,15,2,clustered,8,P7_localsearch,134,75.0
3,3,15,2,clustered,8,P7_localsearch,135,33.0
3,3,15,2,clustered,8,P7_localsearch,136,57.0
3,3,15,2,clustered,8,P7_localsearch,137,57.0
3,3,15,2,clustered,8,P7_localsearch,138,57.0
3,3,15,2,clustered,8,P7_localsearch,139,52.0
3,3,15,2,clustered,8,P7_localsearch,140,71.0
3,3,15,2,clustered,8,P7_localsearch,141,52.0
3,3,15,2,clustered,8,P7_localsearch,142,67.0
3,3,15,2,clustered,8,P7_localsearch,143,52.0
3,3,15,2,clustered,8,P7_localsearch,144,47.0
3,3,15,2,clustered,8,P7_localsearch,145,81.0
3,3,15,2,clustered,8,P7_localsearch,146,43.0
3,3,15,2,clustered,8,P7_localsearch,147,47.0
3,3,15,2,clustered,8,P7_localsearch,148,76.0
3,3,15,2,clustered,8,P7_localsearch,149,43.0
3,3,15,2,clustered,8,P7_localsearch,150,71.0
3,3,15,2,clustered,8,P7_localsearch,151,100.0
3,3,15,2,clustered,8,P7_localsearch,152,33.0
3,3,15,2,clustered,8,P7_localsearch,153,57.0
3,3,15,2,clustered,8,P7_localsearch,154,100.0
3,3,15,2,clustered,8,P7_localsearch,155,33.0
3,3,15,2,clustered,8,P7_localsearch,156,57.0
3,3,15,2,clustered,8,P7_localsearch,157,33.0
3,3,15,2,clustered,8,P7_localsearch,158,33.0
3,3,15,2,clustered,8,P7_localsearch,159,52.0
3,3,15,2,clustered,8,P7_localsearch,160,66.0
3,3,15,2,clustered,8,P7_localsearch,161,33.0
3,3,15,2,clustered,8,P7_localsearch,162,81.0
3,3,15,2,clustered,8,P7_localsearch,163,38.0
3,3,15,2,clustered,8,P7_localsearch,164,43.0
3,3,15,2,clustered,8,P7_localsearch,165,52.0
3,3,15,2,clustered,8,P7_localsearch,166,71.0
3,3,15,2,clustered,8,P7_localsearch,167,52.0
3,3,15,2,clustered,8,P7_localsearch,168,52.0
3,3,15,2,clustered,8,P7_localsearch,169,52.0
3,3,15,2,clustered,8,P7_localsearch,170,57.0
3,3,15,2,clustered,8,P7_localsearch,171,47.0
3,3,15,2,clustered,8,P7_localsearch,172,62.0
3,3,15,2,clustered,8,P7_localsearch,173,71.0
3,3,15,2,clustered,8,P7_localsearch,174,57.0
3,3,15,2,clustered,8,P7_localsearch,175,33.0
3,3,15,2,clustered,8,P7_localsearch,176,33.0
3,3,15,2,clustered,8,P7_localsearch,177,38.0
3,3,15,2,clustered,8,P7_localsearch,178,56.0
3,3,15,2,clustered,8,P7_localsearch,179,66.0
3,3,15,2,clustered,8,P7_localsearch,180,100.0
3,3,15,2,clustered,8,P7_localsearch,181,52.0
3,3,15,2,clustered,8,P7_localsearch,182,38.0
3,3,15,2,clustered,8,P7_localsearch,183,33.0
3,3,15,2,clustered,8,P7_localsearch,184,47.0
3,3,15,2,clustered,8,P7_localsearch,185,81.0
3,3,15,2,clustered,8,P7_localsearch,186,33.0
3,3,15,2,clustered,8,P7_localsearch,187,47.0
3,3,15,2,clustered,8,P7_localsearch,188,38.0
3,3,15,2,clustered,8,P7_localsearch,189,76.0
3,3,15,2,clustered,8,P7_localsearch,190,47.0
3,3,15,2,clustered,8,P7_localsearch,191,57.0
3,3,15,2,clustered,8,P7_localsearch,192,57.0
3,3,15,2,clustered,8,P7_localsearch,193,76.0
3,3,15,2,clustered,8,P7_localsearch,194,76.0
3,3,15,2,clustered,8,P7_localsearch,195,33.0
3,3,15,2,clustered,8,P7_localsearch,196,66.0
3,3,15,2,clustered,8,P7_localsearch,197,76.0
3,3,15,2,clustered,8,P7_localsearch,198,66.0
3,3,15,2,clustered,8,P7_localsearch,199,81.0
3,3,15,2,clustered,30,P7_localsearch,0,304.0
3,3,15,2,clustered,30,P7_localsearch,1,282.0
3,3,15,2,clustered,30,P7_localsearch,2,233.0
3,3,15,2,clustered,30,P7_localsearch,3,282.0
3,3,15,2,clustered,30,P7_localsearch,4,292.0
3,3,15,2,clustered,30,P7_localsearch,5,319.0
3,3,15,2,clustered,30,P7_localsearch,6,315.0
3,3,15,2,clustered,30,P7_localsearch,7,272.0
3,3,15,2,clustered,30,P7_localsearch,8,277.0
3,3,15,2,clustered,30,P7_localsearch,9,263.0
3,3,15,2,clustered,30,P7_localsearch,10,282.0
3,3,15,2,clustered,30,P7_localsearch,11,319.0
3,3,15,2,clustered,30,P7_localsearch,12,282.0
3,3,15,2,clustered,30,P7_localsearch,13,272.0
3,3,15,2,clustered,30,P7_localsearch,14,360.0
3,3,15,2,clustered,30,P7_localsearch,15,276.0
3,3,15,2,clustered,30,P7_localsearch,16,296.0
3,3,15,2,clustered,30,P7_localsearch,17,258.0
3,3,15,2,clustered,30,P7_localsearch,18,310.0
3,3,15,2,clustered,30,P7_localsearch,19,338.0
3,3,15,2,clustered,30,P7_localsearch,20,296.0
3,3,15,2,clustered,30,P7_localsearch,21,287.0
3,3,15,2,clustered,30,P7_localsearch,22,289.0
3,3,15,2,clustered,30,P7_localsearch,23,277.0
3,3,15,2,clustered,30,P7_localsearch,24,282.0
3,3,15,2,clustered,30,P7_localsearch,25,320.0
3,3,15,2,clustered,30,P7_localsearch,26,268.0
3,3,15,2,clustered,30,P7_localsearch,27,273.0
3,3,15,2,clustered,30,P7_localsearch,28,305.0
3,3,15,2,clustered,30,P7_localsearch,29,257.0
3,3,15,2,clustered,30,P7_localsearch,30,229.0
3,3,15,2,clustered,30,P7_localsearch,31,335.0
3,3,15,2,clustered,30,P7_localsearch,32,251.0
3,3,15,2,clustered,30,P7_localsearch,33,238.0
3,3,15,2,clustered,30,P7_localsearch,34,301.0
3,3,15,2,clustered,30,P7_localsearch,35,244.0
3,3,15,2,clustered,30,P7_localsearch,36,296.0
3,3,15,2,clustered,30,P7_localsearch,37,281.0
3,3,15,2,clustered,30,P7_localsearch,38,297.0
3,3,15,2,clustered,30,P7_localsearch,39,258.0
3,3,15,2,clustered,30,P7_localsearch,40,277.0
3,3,15,2,clustered,30,P7_localsearch,41,238.0
3,3,15,2,clustered,30,P7_localsearch,42,260.0
3,3,15,2,clustered,30,P7_localsearch,43,281.0
3,3,15,2,clustered,30,P7_localsearch,44,278.0
3,3,15,2,clustered,30,P7_localsearch,45,343.0
3,3,15,2,clustered,30,P7_localsearch,46,304.0
3,3,15,2,clustered,30,P7_localsearch,47,324.0
3,3,15,2,clustered,30,P7_localsearch,48,272.0
3,3,15,2,clustered,30,P7_localsearch,49,210.0
3,3,15,2,clustered,30,P7_localsearch,50,264.0
3,3,15,2,clustered,30,P7_localsearch,51,243.0
3,3,15,2,clustered,30,P7_localsearch,52,292.0
3,3,15,2,clustered,30,P7_localsearch,53,277.0
3,3,15,2,clustered,30,P7_localsearch,54,299.0
3,3,15,2,clustered,30,P7_localsearch,55,312.0
3,3,15,2,clustered,30,P7_localsearch,56,271.0
3,3,15,2,clustered,30,P7_localsearch,57,306.0
3,3,15,2,clustered,30,P7_localsearch,58,280.0
3,3,15,2,clustered,30,P7_localsearch,59,290.0
3,3,15,2,clustered,30,P7_localsearch,60,317.0
3,3,15,2,clustered,30,P7_localsearch,61,223.0
3,3,15,2,clustered,30,P7_localsearch,62,239.0
3,3,15,2,clustered,30,P7_localsearch,63,276.0
3,3,15,2,clustered,30,P7_localsearch,64,306.0
3,3,15,2,clustered,30,P7_localsearch,65,267.0
3,3,15,2,clustered,30,P7_localsearch,66,278.0
3,3,15,2,clustered,30,P7_localsearch,67,301.0
3,3,15,2,clustered,30,P7_localsearch,68,302.0
3,3,15,2,clustered,30,P7_localsearch,69,230.0
3,3,15,2,clustered,30,P7_localsearch,70,297.0
3,3,15,2,clustered,30,P7_localsearch,71,288.0
3,3,15,2,clustered,30,P7_localsearch,72,276.0
3,3,15,2,clustered,30,P7_localsearch,73,281.0
3,3,15,2,clustered,30,P7_localsearch,74,286.0
3,3,15,2,clustered,30,P7_localsearch,75,221.0
3,3,15,2,clustered,30,P7_localsearch,76,263.0
3,3,15,2,clustered,30,P7_localsearch,77,290.0
3,3,15,2,clustered,30,P7_localsearch,78,243.0
3,3,15,2,clustered,30,P7_localsearch,79,328.0
3,3,15,2,clustered,30,P7_localsearch,80,282.0
3,3,15,2,clustered,30,P7_localsearch,81,248.0
3,3,15,2,clustered,30,P7_localsearch,82,254.0
3,3,15,2,clustered,30,P7_localsearch,83,344.0
3,3,15,2,clustered,30,P7_localsearch,84,320.0
3,3,15,2,clustered,30,P7_localsearch,85,273.0
3,3,15,2,clustered,30,P7_localsearch,86,238.0
3,3,15,2,clustered,30,P7_localsearch,87,276.0
3,3,15,2,clustered,30,P7_localsearch,88,276.0
3,3,15,2,clustered,30,P7_localsearch,89,263.0
3,3,15,2,clustered,30,P7_localsearch,90,253.0
3,3,15,2,clustered,30,P7_localsearch,91,313.0
3,3,15,2,clustered,30,P7_localsearch,92,286.0
3,3,15,2,clustered,30,P7_localsearch,93,238.0
3,3,15,2,clustered,30,P7_localsearch,94,305.0
3,3,15,2,clustered,30,P7_localsearch,95,247.0
3,3,15,2,clustered,30,P7_localsearch,96,252.0
3,3,15,2,clustered,30,P7_localsearch,97,252.0
3,3,15,2,clustered,30,P7_localsearch,98,244.0
3,3,15,2,clustered,30,P7_localsearch,99,309.0
3,3,15,2,clustered,30,P7_localsearch,100,319.0
3,3,15,2,clustered,30,P7_localsearch,101,267.0
3,3,15,2,clustered,30,P7_localsearch,102,276.0
3,3,15,2,clustered,30,P7_localsearch,103,274.0
3,3,15,2,clustered,30,P7_localsearch,104,301.0
3,3,15,2,clustered,30,P7_localsearch,105,249.0
3,3,15,2,clustered,30,P7_localsearch,106,300.0
3,3,15,2,clustered,30,P7_localsearch,107,282.0
3,3,15,2,clustered,30,P7_localsearch,108,268.0
3,3,15,2,clustered,30,P7_localsearch,109,278.0
3,3,15,2,clustered,30,P7_localsearch,110,268.0
3,3,15,2,clustered,30,P7_localsearch,111,259.0
3,3,15,2,clustered,30,P7_localsearch,112,314.0
3,3,15,2,clustered,30,P7_localsearch,113,287.0
3,3,15,2,clustered,30,P7_localsearch,114,235.0
3,3,15,2,clustered,30,P7_localsearch,115,305.0
3,3,15,2,clustered,30,P7_localsearch,116,277.0
3,3,15,2,clustered,30,P7_localsearch,117,271.0
3,3,15,2,clustered,30,P7_localsearch,118,267.0
3,3,15,2,clustered,30,P7_localsearch,119,296.0
3,3,15,2,clustered,30,P7_localsearch,120,263.0
3,3,15,2,clustered,30,P7_localsearch,121,257.0
3,3,15,2,clustered,30,P7_localsearch,122,277.0
3,3,15,2,clustered,30,P7_localsearch,123,338.0
3,3,15,2,clustered,30,P7_localsearch,124,233.0
3,3,15,2,clustered,30,P7_localsearch,125,285.0
3,3,15,2,clustered,30,P7_localsearch,126,248.0
3,3,15,2,clustered,30,P7_localsearch,127,219.0
3,3,15,2,clustered,30,P7_localsearch,128,280.0
3,3,15,2,clustered,30,P7_localsearch,129,276.0
3,3,15,2,clustered,30,P7_localsearch,130,267.0
3,3,15,2,clustered,30,P7_localsearch,131,259.0
3,3,15,2,clustered,30,P7_localsearch,132,206.0
3,3,15,2,clustered,30,P7_localsearch,133,294.0
3,3,15,2,clustered,30,P7_localsearch,134,267.0
3,3,15,2,clustered,30,P7_localsearch,135,230.0
3,3,15,2,clustered,30,P7_localsearch,136,286.0
3,3,15,2,clustered,30,P7_localsearch,137,302.0
3,3,15,2,clustered,30,P7_localsearch,138,281.0
3,3,15,2,clustered,30,P7_localsearch,139,305.0
3,3,15,2,clustered,30,P7_localsearch,140,276.0
3,3,15,2,clustered,30,P7_localsearch,141,291.0
3,3,15,2,clustered,30,P7_localsearch,142,253.0
3,3,15,2,clustered,30,P7_localsearch,143,287.0
3,3,15,2,clustered,30,P7_localsearch,144,229.0
3,3,15,2,clustered,30,P7_localsearch,145,239.0
3,3,15,2,clustered,30,P7_localsearch,146,253.0
3,3,15,2,clustered,30,P7_localsearch,147,272.0
3,3,15,2,clustered,30,P7_localsearch,148,268.0
3,3,15,2,clustered,30,P7_localsearch,149,310.0
3,3,15,2,clustered,30,P7_localsearch,150,257.0
3,3,15,2,clustered,30,P7_localsearch,151,300.0
3,3,15,2,clustered,30,P7_localsearch,152,229.0
3,3,15,2,clustered,30,P7_localsearch,153,291.0
3,3,15,2,clustered,30,P7_localsearch,154,300.0
3,3,15,2,clustered,30,P7_localsearch,155,257.0
3,3,15,2,clustered,30,P7_localsearch,156,268.0
3,3,15,2,clustered,30,P7_localsearch,157,276.0
3,3,15,2,clustered,30,P7_localsearch,158,239.0
3,3,15,2,clustered,30,P7_localsearch,159,253.0
3,3,15,2,clustered,30,P7_localsearch,160,248.0
3,3,15,2,clustered,30,P7_localsearch,161,287.0
3,3,15,2,clustered,30,P7_localsearch,162,271.0
3,3,15,2,clustered,30,P7_localsearch,163,292.0
3,3,15,2,clustered,30,P7_localsearch,164,251.0
3,3,15,2,clustered,30,P7_localsearch,165,228.0
3,3,15,2,clustered,30,P7_localsearch,166,292.0
3,3,15,2,clustered,30,P7_localsearch,167,334.0
3,3,15,2,clustered,30,P7_localsearch,168,247.0
3,3,15,2,clustered,30,P7_localsearch,169,262.0
3,3,15,2,clustered,30,P7_localsearch,170,335.0
3,3,15,2,clustered,30,P7_localsearch,171,243.0
3,3,15,2,clustered,30,P7_localsearch,172,248.0
3,3,15,2,clustered,30,P7_localsearch,173,272.0
3,3,15,2,clustered,30,P7_localsearch,174,248.0
3,3,15,2,clustered,30,P7_localsearch,175,319.0
3,3,15,2,clustered,30,P7_localsearch,176,248.0
3,3,15,2,clustered,30,P7_localsearch,177,290.0
3,3,15,2,clustered,30,P7_localsearch,178,258.0
3,3,15,2,clustered,30,P7_localsearch,179,305.0
3,3,15,2,clustered,30,P7_localsearch,180,287.0
3,3,15,2,clustered,30,P7_localsearch,181,295.0
3,3,15,2,clustered,30,P7_localsearch,182,315.0
3,3,15,2,clustered,30,P7_localsearch,183,363.0
3,3,15,2,clustered,30,P7_localsearch,184,315.0
3,3,15,2,clustered,30,P7_localsearch,185,253.0
3,3,15,2,clustered,30,P7_localsearch,186,248.0
3,3,15,2,clustered,30,P7_localsearch,187,315.0
3,3,15,2,clustered,30,P7_localsearch,188,239.0
3,3,15,2,clustered,30,P7_localsearch,189,253.0
3,3,15,2,clustered,30,P7_localsearch,190,277.0
3,3,15,2,clustered,30,P7_localsearch,191,319.0
3,3,15,2,clustered,30,P7_localsearch,192,253.0
3,3,15,2,clustered,30,P7_localsearch,193,297.0
3,3,15,2,clustered,30,P7_localsearch,194,249.0
3,3,15,2,clustered,30,P7_localsearch,195,253.0
3,3,15,2,clustered,30,P7_localsearch,196,266.0
3,3,15,2,clustered,30,P7_localsearch,197,254.0
3,3,15,2,clustered,30,P7_localsearch,198,300.0
3,3,15,2,clustered,30,P7_localsearch,199,314.0
5,3,30,2,diurnal,8,P7_localsearch,0,82.26498906568244
5,3,30,2,diurnal,8,P7_localsearch,1,75.30957966270232
5,3,30,2,diurnal,8,P7_localsearch,2,78.80767927920503
5,3,30,2,diurnal,8,P7_localsearch,3,62.01210570557295
5,3,30,2,diurnal,8,P7_localsearch,4,63.82954047209291
5,3,30,2,diurnal,8,P7_localsearch,5,77.13659712702744
5,3,30,2,diurnal,8,P7_localsearch,6,73.31938212413418
5,3,30,2,diurnal,8,P7_localsearch,7,67.00577394502983
5,3,30,2,diurnal,8,P7_localsearch,8,68.97525475037911
5,3,30,2,diurnal,8,P7_localsearch,9,76.80324927130802
5,3,30,2,diurnal,8,P7_localsearch,10,59.42122744459974
5,3,30,2,diurnal,8,P7_localsearch,11,66.48696158000914
5,3,30,2,diurnal,8,P7_localsearch,12,68.23168084926306
5,3,30,2,diurnal,8,P7_localsearch,13,74.20721738334393
5,3,30,2,diurnal,8,P7_localsearch,14,99.15401035782736
5,3,30,2,diurnal,8,P7_localsearch,15,57.331827477681884
5,3,30,2,diurnal,8,P7_localsearch,16,68.31938212413418
5,3,30,2,diurnal,8,P7_localsearch,17,69.2073230287969
5,3,30,2,diurnal,8,P7_localsearch,18,66.21918671326299
5,3,30,2,diurnal,8,P7_localsearch,19,78.87740580583423
5,3,30,2,diurnal,8,P7_localsearch,20,68.53295801674393
5,3,30,2,diurnal,8,P7_localsearch,21,74.89327723375342
5,3,30,2,diurnal,8,P7_localsearch,22,80.86935786495908
5,3,30,2,diurnal,8,P7_localsearch,23,89.84098341701196
5,3,30,2,diurnal,8,P7_localsearch,24,45.990533902613606
5,3,30,2,diurnal,8,P7_localsearch,25,67.25672778542445
5,3,30,2,diurnal,8,P7_localsearch,26,60.65520851453353
5,3,30,2,diurnal,8,P7_localsearch,27,65.84138205074484
5,3,30,2,diurnal,8,P7_localsearch,28,63.50565992407303
5,3,30,2,diurnal,8,P7_localsearch,29,106.275841549336
5,3,30,2,diurnal,8,P7_localsearch,30,70.45336216229144
5,3,30,2,diurnal,8,P7_localsearch,31,83.24645593252372
5,3,30,2,diurnal,8,P7_localsearch,32,54.653256404509094
5,3,30,2,diurnal,8,P7_localsearch,33,74.40432745053903
5,3,30,2,diurnal,8,P7_localsearch,34,79.7200495389807
5,3,30,2,diurnal,8,P7_localsearch,35,60.00470120574829
5,3,30,2,diurnal,8,P7_localsearch,36,84.27009206612857
5,3,30,2,diurnal,8,P7_localsearch,37,76.23971700062674
5,3,30,2,diurnal,8,P7_localsearch,38,65.93158224078431
5,3,30,2,diurnal,8,P7_localsearch,39,68.74666422830391
5,3,30,2,diurnal,8,P7_localsearch,40,65.3612013794997
5,3,30,2,diurnal,8,P7_localsearch,41,83.60718187174513
5,3,30,2,diurnal,8,P7_localsearch,42,72.25672778542445
5,3,30,2,diurnal,8,P7_localsearch,43,72.25325848174879
5,3,30,2,diurnal,8,P7_localsearch,44,83.83337273389603
5,3,30,2,diurnal,8,P7_localsearch,45,72.41477986224243
5,3,30,2,diurnal,8,P7_localsearch,46,73.22180906430154
5,3,30,2,diurnal,8,P7_localsearch,47,96.20990605722024
5,3,30,2,diurnal,8,P7_localsearch,48,76.50814669825314
5,3,30,2,diurnal,8,P7_localsearch,49,59.27100659268564
5,3,30,2,diurnal,8,P7_localsearch,50,63.97551357563092
5,3,30,2,diurnal,8,P7_localsearch,51,92.26859216813455
5,3,30,2,diurnal,8,P7_localsearch,52,76.50111405789596
5,3,30,2,diurnal,8,P7_localsearch,53,92.86054052211819
5,3,30,2,diurnal,8,P7_localsearch,54,65.94962460866026
5,3,30,2,diurnal,8,P7_localsearch,55,91.04227880501853
5,3,30,2,diurnal,8,P7_localsearch,56,71.35910443961328
5,3,30,2,diurnal,8,P7_localsearch,57,67.84652224593503
5,3,30,2,diurnal,8,P7_localsearch,58,72.49051428491808
5,3,30,2,diurnal,8,P7_localsearch,59,59.53881219859109
5,3,30,2,diurnal,8,P7_localsearch,60,96.5447065418893
5,3,30,2,diurnal,8,P7_localsearch,61,76.1914686218947
5,3,30,2,diurnal,8,P7_localsearch,62,62.80781943929624
5,3,30,2,diurnal,8,P7_localsearch,63,74.58459501435615
5,3,30,2,diurnal,8,P7_localsearch,64,90.91447793982219
5,3,30,2,diurnal,8,P7_localsearch,65,72.17705177937344
5,3,30,2,diurnal,8,P7_localsearch,66,61.0626984584695
5,3,30,2,diurnal,8,P7_localsearch,67,77.45233252884701
5,3,30,2,diurnal,8,P7_localsearch,68,70.5250117108162
5,3,30,2,diurnal,8,P7_localsearch,69,85.63815009661943
5,3,30,2,diurnal,8,P7_localsearch,70,100.4141360907952
5,3,30,2,diurnal,8,P7_localsearch,71,69.39087767433375
5,3,30,2,diurnal,8,P7_localsearch,72,104.74853797107089
5,3,30,2,diurnal,8,P7_localsearch,73,75.63131354862631
5,3,30,2,diurnal,8,P7_localsearch,74,57.06680665678503
5,3,30,2,diurnal,8,P7_localsearch,75,70.71808091947497
5,3,30,2,diurnal,8,P7_localsearch,76,62.00934886126855
5,3,30,2,diurnal,8,P7_localsearch,77,90.07250170205457
5,3,30,2,diurnal,8,P7_localsearch,78,69.41509792667209
5,3,30,2,diurnal,8,P7_localsearch,79,74.66002653361672
5,3,30,2,diurnal,8,P7_localsearch,80,71.68292581286336
5,3,30,2,diurnal,8,P7_localsearch,81,71.33308852785818
5,3,30,2,diurnal,8,P7_localsearch,82,73.37024684898682
5,3,30,2,diurnal,8,P7_localsearch,83,64.18197706955803
5,3,30,2,diurnal,8,P7_localsearch,84,74.25757612067002
5,3,30,2,diurnal,8,P7_localsearch,85,74.57495234186719
5,3,30,2,diurnal,8,P7_localsearch,86,77.99998655361742
5,3,30,2,diurnal,8,P7_localsearch,87,88.78402826441223
5,3,30,2,diurnal,8,P7_localsearch,88,97.99818291649991
5,3,30,2,diurnal,8,P7_localsearch,89,76.284987348318
5,3,30,2,diurnal,8,P7_localsearch,90,88.85129145767725
5,3,30,2,diurnal,8,P7_localsearch,91,99.27576958342678
5,3,30,2,diurnal,8,P7_localsearch,92,82.86780228891998
5,3,30,2,diurnal,8,P7_localsearch,93,64.81603937443155
5,3,30,2,diurnal,8,P7_localsearch,94,60.471090884038645
5,3,30,2,diurnal,8,P7_localsearch,95,63.52314547631086
5,3,30,2,diurnal,8,P7_localsearch,96,69.32566901074522
5,3,30,2,diurnal,8,P7_localsearch,97,86.20990605722024
5,3,30,2,diurnal,8,P7_localsearch,98,68.64864443045846
5,3,30,2,diurnal,8,P7_localsearch,99,81.96893370973518
5,3,30,2,diurnal,8,P7_localsearch,100,79.69320964940974
5,3,30,2,diurnal,8,P7_localsearch,101,52.437641015701885
5,3,30,2,diurnal,8,P7_localsearch,102,64.9844761112993
5,3,30,2,diurnal,8,P7_localsearch,103,79.70190448954102
5,3,30,2,diurnal,8,P7_localsearch,104,63.723807884297145
5,3,30,2,diurnal,8,P7_localsearch,105,74.25757612067002
5,3,30,2,diurnal,8,P7_localsearch,106,68.87426637684322
5,3,30,2,diurnal,8,P7_localsearch,107,73.26607226009241
5,3,30,2,diurnal,8,P7_localsearch,108,80.29709674108886
5,3,30,2,diurnal,8,P7_localsearch,109,77.72380788429714
5,3,30,2,diurnal,8,P7_localsearch,110,69.32929379705766
5,3,30,2,diurnal,8,P7_localsearch,111,68.51982637221118
5,3,30,2,diurnal,8,P7_localsearch,112,60.43427450544158
5,3,30,2,diurnal,8,P7_localsearch,113,77.36689767961019
5,3,30,2,diurnal,8,P7_localsearch,114,64.50744973255871
5,3,30,2,diurnal,8,P7_localsearch,115,83.65520851453353
5,3,30,2,diurnal,8,P7_localsearch,116,69.32409190741441
5,3,30,2,diurnal,8,P7_localsearch,117,108.89660432214899
5,3,30,2,diurnal,8,P7_localsearch,118,64.13007196766642
5,3,30,2,diurnal,8,P7_localsearch,119,60.43427450544158
5,3,30,2,diurnal,8,P7_localsearch,120,67.53169883226212
5,3,30,2,diurnal,8,P7_localsearch,121,70.83222946277043
5,3,30,2,diurnal,8,P7_localsearch,122,69.81126845153167
5,3,30,2,diurnal,8,P7_localsearch,123,65.96362413292127
5,3,30,2,diurnal,8,P7_localsearch,124,93.5994505669668
5,3,30,2,diurnal,8,P7_localsearch,125,58.79818940573084
5,3,30,2,diurnal,8,P7_localsearch,126,62.846522245935034
5,3,30,2,diurnal,8,P7_localsearch,127,117.78402826441223
5,3,30,2,diurnal,8,P7_localsearch,128,57.596544405022634
5,3,30,2,diurnal,8,P7_localsearch,129,91.64864443045846
5,3,30,2,diurnal,8,P7_localsearch,130,66.48696158000914
5,3,30,2,diurnal,8,P7_localsearch,131,78.89926172312776
5,3,30,2,diurnal,8,P7_localsearch,132,58.177051779373436
5,3,30,2,diurnal,8,P7_localsearch,133,77.01019051115676
5,3,30,2,diurnal,8,P7_localsearch,134,79.13631150321093
5,3,30,2,diurnal,8,P7_localsearch,135,98.53928688313266
5,3,30,2,diurnal,8,P7_localsearch,136,85.15040464030376
5,3,30,2,diurnal,8,P7_localsearch,137,74.75258510033493
5,3,30,2,diurnal,8,P7_localsearch,138,58.5102810390443
5,3,30,2,diurnal,8,P7_localsearch,139,85.09360289495825
5,3,30,2,diurnal,8,P7_localsearch,140,73.82217914816854
5,3,30,2,diurnal,8,P7_localsearch,141,65.75258510033493
5,3,30,2,diurnal,8,P7_localsearch,142,76.91447793982219
5,3,30,2,diurnal,8,P7_localsearch,143,60.25164927296869
5,3,30,2,diurnal,8,P7_localsearch,144,97.89327723375342
5,3,30,2,diurnal,8,P7_localsearch,145,74.48825503576266
5,3,30,2,diurnal,8,P7_localsearch,146,65.86899199328269
5,3,30,2,diurnal,8,P7_localsearch,147,89.18612143382776
5,3,30,2,diurnal,8,P7_localsearch,148,68.12841174012134
5,3,30,2,diurnal,8,P7_localsearch,149,95.37622475218339
5,3,30,2,diurnal,8,P7_localsearch,150,83.00470120574829
5,3,30,2,diurnal,8,P7_localsearch,151,65.67668548751774
5,3,30,2,diurnal,8,P7_localsearch,152,73.52824363395656
5,3,30,2,diurnal,8,P7_localsearch,153,100.82911931060973
5,3,30,2,diurnal,8,P7_localsearch,154,115.9019506731378
5,3,30,2,diurnal,8,P7_localsearch,155,84.2073230287969
5,3,30,2,diurnal,8,P7_localsearch,156,80.37622475218339
5,3,30,2,diurnal,8,P7_localsearch,157,85.8072475243184
5,3,30,2,diurnal,8,P7_localsearch,158,67.73228796375673
5,3,30,2,diurnal,8,P7_localsearch,159,82.52824363395656
5,3,30,2,diurnal,8,P7_localsearch,160,95.0708821831404
5,3,30,2,diurnal,8,P7_localsearch,161,106.84351499006787
5,3,30,2,diurnal,8,P7_localsearch,162,72.30017597580594
5,3,30,2,diurnal,8,P7_localsearch,163,79.47024435567101
5,3,30,2,diurnal,8,P7_localsearch,164,79.87998689073726
5,3,30,2,diurnal,8,P7_localsearch,165,76.52314547631086
5,3,30,2,diurnal,8,P7_localsearch,166,67.50111405789596
5,3,30,2,diurnal,8,P7_localsearch,167,70.71079012544251
5,3,30,2,diurnal,8,P7_localsearch,168,50.59153451499247
5,3,30,2,diurnal,8,P7_localsearch,169,75.0234115064277
5,3,30,2,diurnal,8,P7_localsearch,170,64.04829255712701
5,3,30,2,diurnal,8,P7_localsearch,171,75.09360289495825
5,3,30,2,diurnal,8,P7_localsearch,172,60.963624132921275
5,3,30,2,diurnal,8,P7_localsearch,173,84.10006175150481
5,3,30,2,diurnal,8,P7_localsearch,174,76.75704429416297
5,3,30,2,diurnal,8,P7_localsearch,175,65.83222946277043
5,3,30,2,diurnal,8,P7_localsearch,176,77.13777594442672
5,3,30,2,diurnal,8,P7_localsearch,177,89.37141382287865
5,3,30,2,diurnal,8,P7_localsearch,178,58.44467679132039
5,3,30,2,diurnal,8,P7_localsearch,179,59.453467411986836
5,3,30,2,diurnal,8,P7_localsearch,180,75.53463025245621
5,3,30,2,diurnal,8,P7_localsearch,181,75.48442697421487
5,3,30,2,diurnal,8,P7_localsearch,182,62.603537748714295
5,3,30,2,diurnal,8,P7_localsearch,183,69.89327723375342
5,3,30,2,diurnal,8,P7_localsearch,184,81.59654440502263
5,3,30,2,diurnal,8,P7_localsearch,185,72.78942786847529
5,3,30,2,diurnal,8,P7_localsearch,186,108.74068211971627
5,3,30,2,diurnal,8,P7_localsearch,187,74.62552517483786
5,3,30,2,diurnal,8,P7_localsearch,188,102.86217552432265
5,3,30,2,diurnal,8,P7_localsearch,189,80.12477539634554
5,3,30,2,diurnal,8,P7_localsearch,190,69.85129145767725
5,3,30,2,diurnal,8,P7_localsearch,191,107.12841370647482
5,3,30,2,diurnal,8,P7_localsearch,192,78.32409190741441
5,3,30,2,diurnal,8,P7_localsearch,193,108.86935786495908
5,3,30,2,diurnal,8,P7_localsearch,194,87.52824363395656
5,3,30,2,diurnal,8,P7_localsearch,195,73.22180906430154
5,3,30,2,diurnal,8,P7_localsearch,196,69.57929744396705
5,3,30,2,diurnal,8,P7_localsearch,197,76.23971700062674
5,3,30,2,diurnal,8,P7_localsearch,198,61.38288673905475
5,3,30,2,diurnal,8,P7_localsearch,199,65.57446499457804
5,3,30,2,diurnal,30,P7_localsearch,0,324.53928688313266
5,3,30,2,diurnal,30,P7_localsearch,1,310.0626984584695
5,3,30,2,diurnal,30,P7_localsearch,2,329.3711938682568
5,3,30,2,diurnal,30,P7_localsearch,3,350.5346302524562
5,3,30,2,diurnal,30,P7_localsearch,4,373.03194742229124
5,3,30,2,diurnal,30,P7_localsearch,5,233.71651008517753
5,3,30,2,diurnal,30,P7_localsearch,6,261.76700229756625
5,3,30,2,diurnal,30,P7_localsearch,7,254.87998689073726
5,3,30,2,diurnal,30,P7_localsearch,8,310.4145067855965
5,3,30,2,diurnal,30,P7_localsearch,9,265.5198263722112
5,3,30,2,diurnal,30,P7_localsearch,10,309.3650749149673
5,3,30,2,diurnal,30,P7_localsearch,11,262.27009206612854
5,3,30,2,diurnal,30,P7_localsearch,12,306.71402361337005
5,3,30,2,diurnal,30,P7_localsearch,13,305.15401035782736
5,3,30,2,diurnal,30,P7_localsearch,14,234.9755135756309
5,3,30,2,diurnal,30,P7_localsearch,15,259.57883444779304
5,3,30,2,diurnal,30,P7_localsearch,16,301.4376410157019
5,3,30,2,diurnal,30,P7_localsearch,17,270.8295404720929
5,3,30,2,diurnal,30,P7_localsearch,18,257.7854296710483
5,3,30,2,diurnal,30,P7_localsearch,19,338.39464358031125
5,3,30,2,diurnal,30,P7_localsearch,20,259.0725017020546
5,3,30,2,diurnal,30,P7_localsearch,21,230.33976665281185
5,3,30,2,diurnal,30,P7_localsearch,22,292.7078496522754
5,3,30,2,diurnal,30,P7_localsearch,23,238.48696158000914
5,3,30,2,diurnal,30,P7_localsearch,24,276.6239684681074
5,3,30,2,diurnal,30,P7_localsearch,25,319.3440224589387
5,3,30,2,diurnal,30,P7_localsearch,26,300.7108792260608
5,3,30,2,diurnal,30,P7_localsearch,27,293.4092875362323
5,3,30,2,diurnal,30,P7_localsearch,28,287.49214489719606
5,3,30,2,diurnal,30,P7_localsearch,29,303.42629136029046
5,3,30,2,diurnal,30,P7_localsearch,30,249.97458257842615
5,3,30,2,diurnal,30,P7_localsearch,31,322.803249271308
5,3,30,2,diurnal,30,P7_localsearch,32,263.574464994578
5,3,30,2,diurnal,30,P7_localsearch,33,299.3668976796102
5,3,30,2,diurnal,30,P7_localsearch,34,228.3443014130899
5,3,30,2,diurnal,30,P7_localsearch,35,288.2757695834268
5,3,30,2,diurnal,30,P7_localsearch,36,254.3548728320731
5,3,30,2,diurnal,30,P7_localsearch,37,287.84718875712144
5,3,30,2,diurnal,30,P7_localsearch,38,335.43548557578697
5,3,30,2,diurnal,30,P7_localsearch,39,263.1219812499084
5,3,30,2,diurnal,30,P7_localsearch,40,292.93132672905176
5,3,30,2,diurnal,30,P7_localsearch,41,277.72465676865636
5,3,30,2,diurnal,30,P7_localsearch,42,240.21918671326299
5,3,30,2,diurnal,30,P7_localsearch,43,310.27009206612854
5,3,30,2,diurnal,30,P7_localsearch,44,297.42721331995034
5,3,30,2,diurnal,30,P7_localsearch,45,282.44919953904747
5,3,30,2,diurnal,30,P7_localsearch,46,291.9999865536174
5,3,30,2,diurnal,30,P7_localsearch,47,239.98184101572247
5,3,30,2,diurnal,30,P7_localsearch,48,251.23952173820726
5,3,30,2,diurnal,30,P7_localsearch,49,254.21501767996244
5,3,30,2,diurnal,30,P7_localsearch,50,303.5578495298689
5,3,30,2,diurnal,30,P7_localsearch,51,295.08854653087656
5,3,30,2,diurnal,30,P7_localsearch,52,241.04227880501853
5,3,30,2,diurnal,30,P7_localsearch,53,296.9303838973009
5,3,30,2,diurnal,30,P7_localsearch,54,257.8939323291869
5,3,30,2,diurnal,30,P7_localsearch,55,240.50111405789596
5,3,30,2,diurnal,30,P7_localsearch,56,305.01210570557294
5,3,30,2,diurnal,30,P7_localsearch,57,284.718262715018
5,3,30,2,diurnal,30,P7_localsearch,58,259.4320136605661
5,3,30,2,diurnal,30,P7_localsearch,59,318.89327723375345
5,3,30,2,diurnal,30,P7_localsearch,60,225.18612143382776
5,3,30,2,diurnal,30,P7_localsearch,61,256.6437704410362
5,3,30,2,diurnal,30,P7_localsearch,62,293.40432745053903
5,3,30,2,diurnal,30,P7_localsearch,63,275.1914686218947
5,3,30,2,diurnal,30,P7_localsearch,64,316.4946687688598
5,3,30,2,diurnal,30,P7_localsearch,65,284.718262715018
5,3,30,2,diurnal,30,P7_localsearch,66,296.88887654450326
5,3,30,2,diurnal,30,P7_localsearch,67,263.99588631285377
5,3,30,2,diurnal,30,P7_localsearch,68,276.1300719676664
5,3,30,2,diurnal,30,P7_localsearch,69,330.8520971302222
5,3,30,2,diurnal,30,P7_localsearch,70,290.60040654469685
5,3,30,2,diurnal,30,P7_localsearch,71,322.12890529983645
5,3,30,2,diurnal,30,P7_localsearch,72,271.45538281318056
5,3,30,2,diurnal,30,P7_localsearch,73,311.81303451542556
5,3,30,2,diurnal,30,P7_localsearch,74,271.79143027485617
5,3,30,2,diurnal,30,P7_localsearch,75,280.4376410157019
5,3,30,2,diurnal,30,P7_localsearch,76,224.24320980548154
5,3,30,2,diurnal,30,P7_localsearch,77,293.718262715018
5,3,30,2,diurnal,30,P7_localsearch,78,247.61907102837367
5,3,30,2,diurnal,30,P7_localsearch,79,286.94962460866026
5,3,30,2,diurnal,30,P7_localsearch,80,293.88431688821197
5,3,30,2,diurnal,30,P7_localsearch,81,252.89393232918692
5,3,30,2,diurnal,30,P7_localsearch,82,268.72287038640286
5,3,30,2,diurnal,30,P7_localsearch,83,317.3501773366782
5,3,30,2,diurnal,30,P7_localsearch,84,287.4264229825292
5,3,30,2,diurnal,30,P7_localsearch,85,295.40432745053903
5,3,30,2,diurnal,30,P7_localsearch,86,293.7485379710709
5,3,30,2,diurnal,30,P7_localsearch,87,305.803249271308
5,3,30,2,diurnal,30,P7_localsearch,88,313.97205653707636
5,3,30,2,diurnal,30,P7_localsearch,89,265.854730424271
5,3,30,2,diurnal,30,P7_localsearch,90,283.21000537995747
5,3,30,2,diurnal,30,P7_localsearch,91,265.29552104668664
5,3,30,2,diurnal,30,P7_localsearch,92,281.6255251748379
5,3,30,2,diurnal,30,P7_localsearch,93,294.8725416641313
5,3,30,2,diurnal,30,P7_localsearch,94,319.08361775888386
5,3,30,2,diurnal,30,P7_localsearch,95,330.9221783635844
5,3,30,2,diurnal,30,P7_localsearch,96,244.50305116851806
5,3,30,2,diurnal,30,P7_localsearch,97,322.7421405761529
5,3,30,2,diurnal,30,P7_localsearch,98,262.7466746725553
5,3,30,2,diurnal,30,P7_localsearch,99,322.2532584817488
5,3,30,2,diurnal,30,P7_localsearch,100,255.97525475037912
5,3,30,2,diurnal,30,P7_localsearch,101,269.41016697116737
5,3,30,2,diurnal,30,P7_localsearch,102,224.35434837203266
5,3,30,2,diurnal,30,P7_localsearch,103,309.25672778542446
5,3,30,2,diurnal,30,P7_localsearch,104,292.718262715018
5,3,30,2,diurnal,30,P7_localsearch,105,241.42272159573855
5,3,30,2,diurnal,30,P7_localsearch,106,242.63815009661943
5,3,30,2,diurnal,30,P7_localsearch,107,284.8307456531504
5,3,30,2,diurnal,30,P7_localsearch,108,307.0103618544973
5,3,30,2,diurnal,30,P7_localsearch,109,269.82667754335137
5,3,30,2,diurnal,30,P7_localsearch,110,286.84138205074487
5,3,30,2,diurnal,30,P7_localsearch,111,297.42629136029046
5,3,30,2,diurnal,30,P7_localsearch,112,269.8605405221182
5,3,30,2,diurnal,30,P7_localsearch,113,291.07663058129384
5,3,30,2,diurnal,30,P7_localsearch,114,242.80428052069425
5,3,30,2,diurnal,30,P7_localsearch,115,233.2340980599254
5,3,30,2,diurnal,30,P7_localsearch,116,338.43548557578697
5,3,30,2,diurnal,30,P7_localsearch,117,219.50565992407303
5,3,30,2,diurnal,30,P7_localsearch,118,288.80344477789674
5,3,30,2,diurnal,30,P7_localsearch,119,309.3668976796102
5,3,30,2,diurnal,30,P7_localsearch,120,274.1653290235748
5,3,30,2,diurnal,30,P7_localsearch,121,310.01327197979606
5,3,30,2,diurnal,30,P7_localsearch,122,256.795611969957
5,3,30,2,diurnal,30,P7_localsearch,123,301.4882550357627
5,3,30,2,diurnal,30,P7_localsearch,124,224.9755135756309
5,3,30,2,diurnal,30,P7_localsearch,125,255.3762247521834
5,3,30,2,diurnal,30,P7_localsearch,126,311.7894278684753
5,3,30,2,diurnal,30,P7_localsearch,127,225.30957966270233
5,3,30,2,diurnal,30,P7_localsearch,128,324.01391275230577
5,3,30,2,diurnal,30,P7_localsearch,129,309.31960289461585
5,3,30,2,diurnal,30,P7_localsearch,130,301.4534674119868
5,3,30,2,diurnal,30,P7_localsearch,131,275.54315908563444
5,3,30,2,diurnal,30,P7_localsearch,132,298.8353080500307
5,3,30,2,diurnal,30,P7_localsearch,133,335.8078194392962
5,3,30,2,diurnal,30,P7_localsearch,134,231.25164927296868
5,3,30,2,diurnal,30,P7_localsearch,135,308.84652224593503
5,3,30,2,diurnal,30,P7_localsearch,136,266.4147798622424
5,3,30,2,diurnal,30,P7_localsearch,137,264.284987348318
5,3,30,2,diurnal,30,P7_localsearch,138,263.34937788205644
5,3,30,2,diurnal,30,P7_localsearch,139,287.4150979266721
5,3,30,2,diurnal,30,P7_localsearch,140,285.5656943125815
5,3,30,2,diurnal,30,P7_localsearch,141,223.50814669825314
5,3,30,2,diurnal,30,P7_localsearch,142,296.4923286622709
5,3,30,2,diurnal,30,P7_localsearch,143,274.8072475243184
5,3,30,2,diurnal,30,P7_localsearch,144,287.4329081314267
5,3,30,2,diurnal,30,P7_localsearch,145,341.48474853663595
5,3,30,2,diurnal,30,P7_localsearch,146,258.25757612067
5,3,30,2,diurnal,30,P7_localsearch,147,239.7895238790752
5,3,30,2,diurnal,30,P7_localsearch,148,229.9981829164999
5,3,30,2,diurnal,30,P7_localsearch,149,263.6071818717451
5,3,30,2,diurnal,30,P7_localsearch,150,272.23168084926306
5,3,30,2,diurnal,30,P7_localsearch,151,304.06715875841957
5,3,30,2,diurnal,30,P7_localsearch,152,279.0592448867303
5,3,30,2,diurnal,30,P7_localsearch,153,304.4141360907952
5,3,30,2,diurnal,30,P7_localsearch,154,276.0477342378639
5,3,30,2,diurnal,30,P7_localsearch,155,306.45335259778267
5,3,30,2,diurnal,30,P7_localsearch,156,268.0626984584695
5,3,30,2,diurnal,30,P7_localsearch,157,276.2701891191499
5,3,30,2,diurnal,30,P7_localsearch,158,260.61954859864557
5,3,30,2,diurnal,30,P7_localsearch,159,278.48209332817686
5,3,30,2,diurnal,30,P7_localsearch,160,279.1208923098541
5,3,30,2,diurnal,30,P7_localsearch,161,274.2113927039319
5,3,30,2,diurnal,30,P7_localsearch,162,256.80767927920505
5,3,30,2,diurnal,30,P7_localsearch,163,236.71942934939239
5,3,30,2,diurnal,30,P7_localsearch,164,267.452332528847
5,3,30,2,diurnal,30,P7_localsearch,165,273.24030256722875
5,3,30,2,diurnal,30,P7_localsearch,166,288.52738124842955
5,3,30,2,diurnal,30,P7_localsearch,167,270.4376410157019
5,3,30,2,diurnal,30,P7_localsearch,168,336.9302926559058
5,3,30,2,diurnal,30,P7_localsearch,169,283.4092875362323
5,3,30,2,diurnal,30,P7_localsearch,170,283.0626984584695
5,3,30,2,diurnal,30,P7_localsearch,171,296.6646827820284
5,3,30,2,diurnal,30,P7_localsearch,172,241.49607374417798
5,3,30,2,diurnal,30,P7_localsearch,173,304.6486444304585
5,3,30,2,diurnal,30,P7_localsearch,174,264.4712341535164
5,3,30,2,diurnal,30,P7_localsearch,175,300.531601263615
5,3,30,2,diurnal,30,P7_localsearch,176,280.0218997601477
5,3,30,2,diurnal,30,P7_localsearch,177,289.6313135486263
5,3,30,2,diurnal,30,P7_localsearch,178,306.83222946277044
5,3,30,2,diurnal,30,P7_localsearch,179,249.93858516394053
5,3,30,2,diurnal,30,P7_localsearch,180,303.54315908563444
5,3,30,2,diurnal,30,P7_localsearch,181,292.55168351946315
5,3,30,2,diurnal,30,P7_localsearch,182,281.9755135756309
5,3,30,2,diurnal,30,P7_localsearch,183,245.47123415351638
5,3,30,2,diurnal,30,P7_localsearch,184,299.2099060572202
5,3,30,2,diurnal,30,P7_localsearch,185,296.8520971302222
5,3,30,2,diurnal,30,P7_localsearch,186,297.36274002179255
5,3,30,2,diurnal,30,P7_localsearch,187,287.1815735302816
5,3,30,2,diurnal,30,P7_localsearch,188,259.1247753963455
5,3,30,2,diurnal,30,P7_localsearch,189,304.71651008517756
5,3,30,2,diurnal,30,P7_localsearch,190,244.20268398043754
5,3,30,2,diurnal,30,P7_localsearch,191,322.9382480185166
5,3,30,2,diurnal,30,P7_localsearch,192,261.44478151171234
5,3,30,2,diurnal,30,P7_localsearch,193,297.88887654450326
5,3,30,2,diurnal,30,P7_localsearch,194,288.25672778542446
5,3,30,2,diurnal,30,P7_localsearch,195,256.3001759758059
5,3,30,2,diurnal,30,P7_localsearch,196,276.39464358031125
5,3,30,2,diurnal,30,P7_localsearch,197,317.4946687688598
5,3,30,2,diurnal,30,P7_localsearch,198,323.9687169799931
5,3,30,2,diurnal,30,P7_localsearch,199,261.010035280334
7,5,5,2,clustered,8,P7_localsearch,0,75.0
7,5,5,2,clustered,8,P7_localsearch,1,57.0
7,5,5,2,clustered,8,P7_localsearch,2,105.0
7,5,5,2,clustered,8,P7_localsearch,3,52.0
7,5,5,2,clustered,8,P7_localsearch,4,57.0
7,5,5,2,clustered,8,P7_localsearch,5,61.0
7,5,5,2,clustered,8,P7_localsearch,6,52.0
7,5,5,2,clustered,8,P7_localsearch,7,81.0
7,5,5,2,clustered,8,P7_localsearch,8,62.0
7,5,5,2,clustered,8,P7_localsearch,9,66.0
7,5,5,2,clustered,8,P7_localsearch,10,76.0
7,5,5,2,clustered,8,P7_localsearch,11,92.0
7,5,5,2,clustered,8,P7_localsearch,12,95.0
7,5,5,2,clustered,8,P7_localsearch,13,62.0
7,5,5,2,clustered,8,P7_localsearch,14,101.0
7,5,5,2,clustered,8,P7_localsearch,15,67.0
7,5,5,2,clustered,8,P7_localsearch,16,70.0
7,5,5,2,clustered,8,P7_localsearch,17,143.0
7,5,5,2,clustered,8,P7_localsearch,18,85.0
7,5,5,2,clustered,8,P7_localsearch,19,62.0
7,5,5,2,clustered,8,P7_localsearch,20,52.0
7,5,5,2,clustered,8,P7_localsearch,21,52.0
7,5,5,2,clustered,8,P7_localsearch,22,67.0
7,5,5,2,clustered,8,P7_localsearch,23,52.0
7,5,5,2,clustered,8,P7_localsearch,24,81.0
7,5,5,2,clustered,8,P7_localsearch,25,80.0
7,5,5,2,clustered,8,P7_localsearch,26,76.0
7,5,5,2,clustered,8,P7_localsearch,27,60.0
7,5,5,2,clustered,8,P7_localsearch,28,79.0
7,5,5,2,clustered,8,P7_localsearch,29,57.0
7,5,5,2,clustered,8,P7_localsearch,30,57.0
7,5,5,2,clustered,8,P7_localsearch,31,72.0
7,5,5,2,clustered,8,P7_localsearch,32,72.0
7,5,5,2,clustered,8,P7_localsearch,33,71.0
7,5,5,2,clustered,8,P7_localsearch,34,100.0
7,5,5,2,clustered,8,P7_localsearch,35,52.0
7,5,5,2,clustered,8,P7_localsearch,36,67.0
7,5,5,2,clustered,8,P7_localsearch,37,90.0
7,5,5,2,clustered,8,P7_localsearch,38,80.0
7,5,5,2,clustered,8,P7_localsearch,39,57.0
7,5,5,2,clustered,8,P7_localsearch,40,76.0
7,5,5,2,clustered,8,P7_localsearch,41,77.0
7,5,5,2,clustered,8,P7_localsearch,42,90.0
7,5,5,2,clustered,8,P7_localsearch,43,52.0
7,5,5,2,clustered,8,P7_localsearch,44,70.0
7,5,5,2,clustered,8,P7_localsearch,45,75.0
7,5,5,2,clustered,8,P7_localsearch,46,57.0
7,5,5,2,clustered,8,P7_localsearch,47,113.0
7,5,5,2,clustered,8,P7_localsearch,48,76.0
7,5,5,2,clustered,8,P7_localsearch,49,65.0
7,5,5,2,clustered,8,P7_localsearch,50,66.0
7,5,5,2,clustered,8,P7_localsearch,51,100.0
7,5,5,2,clustered,8,P7_localsearch,52,76.0
7,5,5,2,clustered,8,P7_localsearch,53,114.0
7,5,5,2,clustered,8,P7_localsearch,54,85.0
7,5,5,2,clustered,8,P7_localsearch,55,48.0
7,5,5,2,clustered,8,P7_localsearch,56,80.0
7,5,5,2,clustered,8,P7_localsearch,57,43.0
7,5,5,2,clustered,8,P7_localsearch,58,109.0
7,5,5,2,clustered,8,P7_localsearch,59,91.0
7,5,5,2,clustered,8,P7_localsearch,60,109.0
7,5,5,2,clustered,8,P7_localsearch,61,52.0
7,5,5,2,clustered,8,P7_localsearch,62,53.0
7,5,5,2,clustered,8,P7_localsearch,63,90.0
7,5,5,2,clustered,8,P7_localsearch,64,52.0
7,5,5,2,clustered,8,P7_localsearch,65,81.0
7,5,5,2,clustered,8,P7_localsearch,66,58.0
7,5,5,2,clustered,8,P7_localsearch,67,72.0
7,5,5,2,clustered,8,P7_localsearch,68,106.0
7,5,5,2,clustered,8,P7_localsearch,69,95.0
7,5,5,2,clustered,8,P7_localsearch,70,96.0
7,5,5,2,clustered,8,P7_localsearch,71,52.0
7,5,5,2,clustered,8,P7_localsearch,72,71.0
7,5,5,2,clustered,8,P7_localsearch,73,52.0
7,5,5,2,clustered,8,P7_localsearch,74,61.0
7,5,5,2,clustered,8,P7_localsearch,75,86.0
7,5,5,2,clustered,8,P7_localsearch,76,85.0
7,5,5,2,clustered,8,P7_localsearch,77,86.0
7,5,5,2,clustered,8,P7_localsearch,78,57.0
7,5,5,2,clustered,8,P7_localsearch,79,48.0
7,5,5,2,clustered,8,P7_localsearch,80,86.0
7,5,5,2,clustered,8,P7_localsearch,81,81.0
7,5,5,2,clustered,8,P7_localsearch,82,53.0
7,5,5,2,clustered,8,P7_localsearch,83,52.0
7,5,5,2,clustered,8,P7_localsearch,84,85.0
7,5,5,2,clustered,8,P7_localsearch,85,53.0
7,5,5,2,clustered,8,P7_localsearch,86,104.0
7,5,5,2,clustered,8,P7_localsearch,87,48.0
7,5,5,2,clustered,8,P7_localsearch,88,76.0
7,5,5,2,clustered,8,P7_localsearch,89,48.0
7,5,5,2,clustered,8,P7_localsearch,90,61.0
7,5,5,2,clustered,8,P7_localsearch,91,85.0
7,5,5,2,clustered,8,P7_localsearch,92,60.0
7,5,5,2,clustered,8,P7_localsearch,93,119.0
7,5,5,2,clustered,8,P7_localsearch,94,96.0
7,5,5,2,clustered,8,P7_localsearch,95,71.0
7,5,5,2,clustered,8,P7_localsearch,96,48.0
7,5,5,2,clustered,8,P7_localsearch,97,85.0
7,5,5,2,clustered,8,P7_localsearch,98,57.0
7,5,5,2,clustered,8,P7_localsearch,99,72.0
7,5,5,2,clustered,8,P7_localsearch,100,76.0
7,5,5,2,clustered,8,P7_localsearch,101,43.0
7,5,5,2,clustered,8,P7_localsearch,102,71.0
7,5,5,2,clustered,8,P7_localsearch,103,67.0
7,5,5,2,clustered,8,P7_localsearch,104,53.0
7,5,5,2,clustered,8,P7_localsearch,105,115.0
7,5,5,2,clustered,8,P7_localsearch,106,95.0
7,5,5,2,clustered,8,P7_localsearch,107,48.0
7,5,5,2,clustered,8,P7_localsearch,108,71.0
7,5,5,2,clustered,8,P7_localsearch,109,105.0
7,5,5,2,clustered,8,P7_localsearch,110,76.0
7,5,5,2,clustered,8,P7_localsearch,111,66.0
7,5,5,2,clustered,8,P7_localsearch,112,52.0
7,5,5,2,clustered,8,P7_localsearch,113,84.0
7,5,5,2,clustered,8,P7_localsearch,114,77.0
7,5,5,2,clustered,8,P7_localsearch,115,80.0
7,5,5,2,clustered,8,P7_localsearch,116,61.0
7,5,5,2,clustered,8,P7_localsearch,117,57.0
7,5,5,2,clustered,8,P7_localsearch,118,72.0
7,5,5,2,clustered,8,P7_localsearch,119,65.0
7,5,5,2,clustered,8,P7_localsearch,120,57.0
7,5,5,2,clustered,8,P7_localsearch,121,100.0
7,5,5,2,clustered,8,P7_localsearch,122,81.0
7,5,5,2,clustered,8,P7_localsearch,123,62.0
7,5,5,2,clustered,8,P7_localsearch,124,114.0
7,5,5,2,clustered,8,P7_localsearch,125,67.0
7,5,5,2,clustered,8,P7_localsearch,126,57.0
7,5,5,2,clustered,8,P7_localsearch,127,99.0
7,5,5,2,clustered,8,P7_localsearch,128,43.0
7,5,5,2,clustered,8,P7_localsearch,129,52.0
7,5,5,2,clustered,8,P7_localsearch,130,76.0
7,5,5,2,clustered,8,P7_localsearch,131,86.0
7,5,5,2,clustered,8,P7_localsearch,132,71.0
7,5,5,2,clustered,8,P7_localsearch,133,72.0
7,5,5,2,clustered,8,P7_localsearch,134,86.0
7,5,5,2,clustered,8,P7_localsearch,135,43.0
7,5,5,2,clustered,8,P7_localsearch,136,48.0
7,5,5,2,clustered,8,P7_localsearch,137,48.0
7,5,5,2,clustered,8,P7_localsearch,138,86.0
7,5,5,2,clustered,8,P7_localsearch,139,81.0
7,5,5,2,clustered,8,P7_localsearch,140,48.0
7,5,5,2,clustered,8,P7_localsearch,141,76.0
7,5,5,2,clustered,8,P7_localsearch,142,114.0
7,5,5,2,clustered,8,P7_localsearch,143,90.0
7,5,5,2,clustered,8,P7_localsearch,144,110.0
7,5,5,2,clustered,8,P7_localsearch,145,60.0
7,5,5,2,clustered,8,P7_localsearch,146,66.0
7,5,5,2,clustered,8,P7_localsearch,147,57.0
7,5,5,2,clustered,8,P7_localsearch,148,99.0
7,5,5,2,clustered,8,P7_localsearch,149,57.0
7,5,5,2,clustered,8,P7_localsearch,150,95.0
7,5,5,2,clustered,8,P7_localsearch,151,57.0
7,5,5,2,clustered,8,P7_localsearch,152,76.0
7,5,5,2,clustered,8,P7_localsearch,153,80.0
7,5,5,2,clustered,8,P7_localsearch,154,57.0
7,5,5,2,clustered,8,P7_localsearch,155,72.0
7,5,5,2,clustered,8,P7_localsearch,156,104.0
7,5,5,2,clustered,8,P7_localsearch,157,62.0
7,5,5,2,clustered,8,P7_localsearch,158,66.0
7,5,5,2,clustered,8,P7_localsearch,159,89.0
7,5,5,2,clustered,8,P7_localsearch,160,67.0
7,5,5,2,clustered,8,P7_localsearch,161,71.0
7,5,5,2,clustered,8,P7_localsearch,162,92.0
7,5,5,2,clustered,8,P7_localsearch,163,105.0
7,5,5,2,clustered,8,P7_localsearch,164,62.0
7,5,5,2,clustered,8,P7_localsearch,165,86.0
7,5,5,2,clustered,8,P7_localsearch,166,109.0
7,5,5,2,clustered,8,P7_localsearch,167,94.0
7,5,5,2,clustered,8,P7_localsearch,168,53.0
7,5,5,2,clustered,8,P7_localsearch,169,81.0
7,5,5,2,clustered,8,P7_localsearch,170,61.0
7,5,5,2,clustered,8,P7_localsearch,171,114.0
7,5,5,2,clustered,8,P7_localsearch,172,75.0
7,5,5,2,clustered,8,P7_localsearch,173,109.0
7,5,5,2,clustered,8,P7_localsearch,174,62.0
7,5,5,2,clustered,8,P7_localsearch,175,86.0
7,5,5,2,clustered,8,P7_localsearch,176,71.0
7,5,5,2,clustered,8,P7_localsearch,177,76.0
7,5,5,2,clustered,8,P7_localsearch,178,62.0
7,5,5,2,clustered,8,P7_localsearch,179,62.0
7,5,5,2,clustered,8,P7_localsearch,180,109.0
7,5,5,2,clustered,8,P7_localsearch,181,79.0
7,5,5,2,clustered,8,P7_localsearch,182,67.0
7,5,5,2,clustered,8,P7_localsearch,183,81.0
7,5,5,2,clustered,8,P7_localsearch,184,90.0
7,5,5,2,clustered,8,P7_localsearch,185,90.0
7,5,5,2,clustered,8,P7_localsearch,186,81.0
7,5,5,2,clustered,8,P7_localsearch,187,62.0
7,5,5,2,clustered,8,P7_localsearch,188,57.0
7,5,5,2,clustered,8,P7_localsearch,189,43.0
7,5,5,2,clustered,8,P7_localsearch,190,72.0
7,5,5,2,clustered,8,P7_localsearch,191,43.0
7,5,5,2,clustered,8,P7_localsearch,192,115.0
7,5,5,2,clustered,8,P7_localsearch,193,52.0
7,5,5,2,clustered,8,P7_localsearch,194,48.0
7,5,5,2,clustered,8,P7_localsearch,195,58.0
7,5,5,2,clustered,8,P7_localsearch,196,61.0
7,5,5,2,clustered,8,P7_localsearch,197,57.0
7,5,5,2,clustered,8,P7_localsearch,198,99.0
7,5,5,2,clustered,8,P7_localsearch,199,81.0
7,5,5,2,clustered,30,P7_localsearch,0,423.0
7,5,5,2,clustered,30,P7_localsearch,1,296.0
7,5,5,2,clustered,30,P7_localsearch,2,280.0
7,5,5,2,clustered,30,P7_localsearch,3,414.0
7,5,5,2,clustered,30,P7_localsearch,4,319.0
7,5,5,2,clustered,30,P7_localsearch,5,436.0
7,5,5,2,clustered,30,P7_localsearch,6,372.0
7,5,5,2,clustered,30,P7_localsearch,7,379.0
7,5,5,2,clustered,30,P7_localsearch,8,483.0
7,5,5,2,clustered,30,P7_localsearch,9,343.0
7,5,5,2,clustered,30,P7_localsearch,10,403.0
7,5,5,2,clustered,30,P7_localsearch,11,395.0
7,5,5,2,clustered,30,P7_localsearch,12,415.0
7,5,5,2,clustered,30,P7_localsearch,13,310.0
7,5,5,2,clustered,30,P7_localsearch,14,281.0
7,5,5,2,clustered,30,P7_localsearch,15,431.0
7,5,5,2,clustered,30,P7_localsearch,16,360.0
7,5,5,2,clustered,30,P7_localsearch,17,376.0
7,5,5,2,clustered,30,P7_localsearch,18,370.0
7,5,5,2,clustered,30,P7_localsearch,19,345.0
7,5,5,2,clustered,30,P7_localsearch,20,376.0
7,5,5,2,clustered,30,P7_localsearch,21,415.0
7,5,5,2,clustered,30,P7_localsearch,22,398.0
7,5,5,2,clustered,30,P7_localsearch,23,341.0
7,5,5,2,clustered,30,P7_localsearch,24,352.0
7,5,5,2,clustered,30,P7_localsearch,25,350.0
7,5,5,2,clustered,30,P7_localsearch,26,319.0
7,5,5,2,clustered,30,P7_localsearch,27,297.0
7,5,5,2,clustered,30,P7_localsearch,28,284.0
7,5,5,2,clustered,30,P7_localsearch,29,341.0
7,5,5,2,clustered,30,P7_localsearch,30,446.0
7,5,5,2,clustered,30,P7_localsearch,31,357.0
7,5,5,2,clustered,30,P7_localsearch,32,371.0
7,5,5,2,clustered,30,P7_localsearch,33,396.0
7,5,5,2,clustered,30,P7_localsearch,34,420.0
7,5,5,2,clustered,30,P7_localsearch,35,347.0
7,5,5,2,clustered,30,P7_localsearch,36,422.0
7,5,5,2,clustered,30,P7_localsearch,37,314.0
7,5,5,2,clustered,30,P7_localsearch,38,490.0
7,5,5,2,clustered,30,P7_localsearch,39,387.0
7,5,5,2,clustered,30,P7_localsearch,40,435.0
7,5,5,2,clustered,30,P7_localsearch,41,328.0
7,5,5,2,clustered,30,P7_localsearch,42,360.0
7,5,5,2,clustered,30,P7_localsearch,43,407.0
7,5,5,2,clustered,30,P7_localsearch,44,303.0
7,5,5,2,clustered,30,P7_localsearch,45,461.0
7,5,5,2,clustered,30,P7_localsearch,46,299.0
7,5,5,2,clustered,30,P7_localsearch,47,265.0
7,5,5,2,clustered,30,P7_localsearch,48,364.0
7,5,5,2,clustered,30,P7_localsearch,49,447.0
7,5,5,2,clustered,30,P7_localsearch,50,280.0
7,5,5,2,clustered,30,P7_localsearch,51,353.0
7,5,5,2,clustered,30,P7_localsearch,52,344.0
7,5,5,2,clustered,30,P7_localsearch,53,304.0
7,5,5,2,clustered,30,P7_localsearch,54,319.0
7,5,5,2,clustered,30,P7_localsearch,55,379.0
7,5,5,2,clustered,30,P7_localsearch,56,352.0
7,5,5,2,clustered,30,P7_localsearch,57,347.0
7,5,5,2,clustered,30,P7_localsearch,58,343.0
7,5,5,2,clustered,30,P7_localsearch,59,350.0
7,5,5,2,clustered,30,P7_localsearch,60,324.0
7,5,5,2,clustered,30,P7_localsearch,61,317.0
7,5,5,2,clustered,30,P7_localsearch,62,324.0
7,5,5,2,clustered,30,P7_localsearch,63,334.0
7,5,5,2,clustered,30,P7_localsearch,64,371.0
7,5,5,2,clustered,30,P7_localsearch,65,424.0
7,5,5,2,clustered,30,P7_localsearch,66,373.0
7,5,5,2,clustered,30,P7_localsearch,67,321.0
7,5,5,2,clustered,30,P7_localsearch,68,409.0
7,5,5,2,clustered,30,P7_localsearch,69,281.0
7,5,5,2,clustered,30,P7_localsearch,70,365.0
7,5,5,2,clustered,30,P7_localsearch,71,360.0
7,5,5,2,clustered,30,P7_localsearch,72,363.0
7,5,5,2,clustered,30,P7_localsearch,73,435.0
7,5,5,2,clustered,30,P7_localsearch,74,426.0
7,5,5,2,clustered,30,P7_localsearch,75,394.0
7,5,5,2,clustered,30,P7_localsearch,76,393.0
7,5,5,2,clustered,30,P7_localsearch,77,420.0
7,5,5,2,clustered,30,P7_localsearch,78,396.0
7,5,5,2,clustered,30,P7_localsearch,79,298.0
7,5,5,2,clustered,30,P7_localsearch,80,453.0
7,5,5,2,clustered,30,P7_localsearch,81,414.0
7,5,5,2,clustered,30,P7_localsearch,82,394.0
7,5,5,2,clustered,30,P7_localsearch,83,425.0
7,5,5,2,clustered,30,P7_localsearch,84,420.0
7,5,5,2,clustered,30,P7_localsearch,85,387.0
7,5,5,2,clustered,30,P7_localsearch,86,414.0
7,5,5,2,clustered,30,P7_localsearch,87,353.0
7,5,5,2,clustered,30,P7_localsearch,88,338.0
7,5,5,2,clustered,30,P7_localsearch,89,338.0
7,5,5,2,clustered,30,P7_localsearch,90,385.0
7,5,5,2,clustered,30,P7_localsearch,91,336.0
7,5,5,2,clustered,30,P7_localsearch,92,337.0
7,5,5,2,clustered,30,P7_localsearch,93,453.0
7,5,5,2,clustered,30,P7_localsearch,94,374.0
7,5,5,2,clustered,30,P7_localsearch,95,357.0
7,5,5,2,clustered,30,P7_localsearch,96,479.0
7,5,5,2,clustered,30,P7_localsearch,97,429.0
7,5,5,2,clustered,30,P7_localsearch,98,400.0
7,5,5,2,clustered,30,P7_localsearch,99,372.0
7,5,5,2,clustered,30,P7_localsearch,100,351.0
7,5,5,2,clustered,30,P7_localsearch,101,433.0
7,5,5,2,clustered,30,P7_localsearch,102,409.0
7,5,5,2,clustered,30,P7_localsearch,103,432.0
7,5,5,2,clustered,30,P7_localsearch,104,349.0
7,5,5,2,clustered,30,P7_localsearch,105,380.0
7,5,5,2,clustered,30,P7_localsearch,106,505.0
7,5,5,2,clustered,30,P7_localsearch,107,395.0
7,5,5,2,clustered,30,P7_localsearch,108,395.0
7,5,5,2,clustered,30,P7_localsearch,109,332.0
7,5,5,2,clustered,30,P7_localsearch,110,362.0
7,5,5,2,clustered,30,P7_localsearch,111,384.0
7,5,5,2,clustered,30,P7_localsearch,112,405.0
7,5,5,2,clustered,30,P7_localsearch,113,437.0
7,5,5,2,clustered,30,P7_localsearch,114,373.0
7,5,5,2,clustered,30,P7_localsearch,115,331.0
7,5,5,2,clustered,30,P7_localsearch,116,417.0
7,5,5,2,clustered,30,P7_localsearch,117,484.0
7,5,5,2,clustered,30,P7_localsearch,118,371.0
7,5,5,2,clustered,30,P7_localsearch,119,406.0
7,5,5,2,clustered,30,P7_localsearch,120,372.0
7,5,5,2,clustered,30,P7_localsearch,121,391.0
7,5,5,2,clustered,30,P7_localsearch,122,375.0
7,5,5,2,clustered,30,P7_localsearch,123,382.0
7,5,5,2,clustered,30,P7_localsearch,124,313.0
7,5,5,2,clustered,30,P7_localsearch,125,334.0
7,5,5,2,clustered,30,P7_localsearch,126,393.0
7,5,5,2,clustered,30,P7_localsearch,127,390.0
7,5,5,2,clustered,30,P7_localsearch,128,351.0
7,5,5,2,clustered,30,P7_localsearch,129,489.0
7,5,5,2,clustered,30,P7_localsearch,130,420.0
7,5,5,2,clustered,30,P7_localsearch,131,384.0
7,5,5,2,clustered,30,P7_localsearch,132,395.0
7,5,5,2,clustered,30,P7_localsearch,133,371.0
7,5,5,2,clustered,30,P7_localsearch,134,421.0
7,5,5,2,clustered,30,P7_localsearch,135,391.0
7,5,5,2,clustered,30,P7_localsearch,136,328.0
7,5,5,2,clustered,30,P7_localsearch,137,381.0
7,5,5,2,clustered,30,P7_localsearch,138,370.0
7,5,5,2,clustered,30,P7_localsearch,139,337.0
7,5,5,2,clustered,30,P7_localsearch,140,359.0
7,5,5,2,clustered,30,P7_localsearch,141,381.0
7,5,5,2,clustered,30,P7_localsearch,142,434.0
7,5,5,2,clustered,30,P7_localsearch,143,361.0
7,5,5,2,clustered,30,P7_localsearch,144,445.0
7,5,5,2,clustered,30,P7_localsearch,145,384.0
7,5,5,2,clustered,30,P7_localsearch,146,323.0
7,5,5,2,clustered,30,P7_localsearch,147,388.0
7,5,5,2,clustered,30,P7_localsearch,148,303.0
7,5,5,2,clustered,30,P7_localsearch,149,444.0
7,5,5,2,clustered,30,P7_localsearch,150,339.0
7,5,5,2,clustered,30,P7_localsearch,151,342.0
7,5,5,2,clustered,30,P7_localsearch,152,430.0
7,5,5,2,clustered,30,P7_localsearch,153,385.0
7,5,5,2,clustered,30,P7_localsearch,154,347.0
7,5,5,2,clustered,30,P7_localsearch,155,304.0
7,5,5,2,clustered,30,P7_localsearch,156,357.0
7,5,5,2,clustered,30,P7_localsearch,157,347.0
7,5,5,2,clustered,30,P7_localsearch,158,372.0
7,5,5,2,clustered,30,P7_localsearch,159,374.0
7,5,5,2,clustered,30,P7_localsearch,160,371.0
7,5,5,2,clustered,30,P7_localsearch,161,388.0
7,5,5,2,clustered,30,P7_localsearch,162,329.0
7,5,5,2,clustered,30,P7_localsearch,163,320.0
7,5,5,2,clustered,30,P7_localsearch,164,360.0
7,5,5,2,clustered,30,P7_localsearch,165,349.0
7,5,5,2,clustered,30,P7_localsearch,166,449.0
7,5,5,2,clustered,30,P7_localsearch,167,363.0
7,5,5,2,clustered,30,P7_localsearch,168,361.0
7,5,5,2,clustered,30,P7_localsearch,169,357.0
7,5,5,2,clustered,30,P7_localsearch,170,372.0
7,5,5,2,clustered,30,P7_localsearch,171,409.0
7,5,5,2,clustered,30,P7_localsearch,172,380.0
7,5,5,2,clustered,30,P7_localsearch,173,356.0
7,5,5,2,clustered,30,P7_localsearch,174,425.0
7,5,5,2,clustered,30,P7_localsearch,175,451.0
7,5,5,2,clustered,30,P7_localsearch,176,486.0
7,5,5,2,clustered,30,P7_localsearch,177,371.0
7,5,5,2,clustered,30,P7_localsearch,178,405.0
7,5,5,2,clustered,30,P7_localsearch,179,410.0
7,5,5,2,clustered,30,P7_localsearch,180,394.0
7,5,5,2,clustered,30,P7_localsearch,181,352.0
7,5,5,2,clustered,30,P7_localsearch,182,473.0
7,5,5,2,clustered,30,P7_localsearch,183,477.0
7,5,5,2,clustered,30,P7_localsearch,184,366.0
7,5,5,2,clustered,30,P7_localsearch,185,377.0
7,5,5,2,clustered,30,P7_localsearch,186,348.0
7,5,5,2,clustered,30,P7_localsearch,187,335.0
7,5,5,2,clustered,30,P7_localsearch,188,343.0
7,5,5,2,clustered,30,P7_localsearch,189,372.0
7,5,5,2,clustered,30,P7_localsearch,190,402.0
7,5,5,2,clustered,30,P7_localsearch,191,318.0
7,5,5,2,clustered,30,P7_localsearch,192,387.0
7,5,5,2,clustered,30,P7_localsearch,193,466.0
7,5,5,2,clustered,30,P7_localsearch,194,360.0
7,5,5,2,clustered,30,P7_localsearch,195,324.0
7,5,5,2,clustered,30,P7_localsearch,196,351.0
7,5,5,2,clustered,30,P7_localsearch,197,376.0
7,5,5,2,clustered,30,P7_localsearch,198,443.0
7,5,5,2,clustered,30,P7_localsearch,199,348.0
9,5,15,2,diurnal,8,P7_localsearch,0,125.17480823168992
9,5,15,2,diurnal,8,P7_localsearch,1,92.15788918121126
9,5,15,2,diurnal,8,P7_localsearch,2,110.52211771296378
9,5,15,2,diurnal,8,P7_localsearch,3,109.81667888580063
9,5,15,2,diurnal,8,P7_localsearch,4,104.64367142720798
9,5,15,2,diurnal,8,P7_localsearch,5,107.41088003231742
9,5,15,2,diurnal,8,P7_localsearch,6,124.66908954894483
9,5,15,2,diurnal,8,P7_localsearch,7,115.86868788964966
9,5,15,2,diurnal,8,P7_localsearch,8,126.86868788964966
9,5,15,2,diurnal,8,P7_localsearch,9,127.57054224703715
9,5,15,2,diurnal,8,P7_localsearch,10,153.81265500646745
9,5,15,2,diurnal,8,P7_localsearch,11,123.28491607994192
9,5,15,2,diurnal,8,P7_localsearch,12,142.31085052615686
9,5,15,2,diurnal,8,P7_localsearch,13,108.4888672577971
9,5,15,2,diurnal,8,P7_localsearch,14,104.31337633148712
9,5,15,2,diurnal,8,P7_localsearch,15,91.2685430449292
9,5,15,2,diurnal,8,P7_localsearch,16,119.7653474096385
9,5,15,2,diurnal,8,P7_localsearch,17,120.21523816394483
9,5,15,2,diurnal,8,P7_localsearch,18,101.7653474096385
9,5,15,2,diurnal,8,P7_localsearch,19,131.68213429127115
9,5,15,2,diurnal,8,P7_localsearch,20,130.53223265876022
9,5,15,2,diurnal,8,P7_localsearch,21,110.8623170373916
9,5,15,2,diurnal,8,P7_localsearch,22,126.64319487214526
9,5,15,2,diurnal,8,P7_localsearch,23,97.91940765234037
9,5,15,2,diurnal,8,P7_localsearch,24,117.4816862648889
9,5,15,2,diurnal,8,P7_localsearch,25,106.6676653776965
9,5,15,2,diurnal,8,P7_localsearch,26,151.4567941048627
9,5,15,2,diurnal,8,P7_localsearch,27,138.25382732722966
9,5,15,2,diurnal,8,P7_localsearch,28,96.88558431584426
9,5,15,2,diurnal,8,P7_localsearch,29,99.47658071765477
9,5,15,2,diurnal,8,P7_localsearch,30,165.21523816394483
9,5,15,2,diurnal,8,P7_localsearch,31,94.87638991524045
9,5,15,2,diurnal,8,P7_localsearch,32,78.49342079265739
9,5,15,2,diurnal,8,P7_localsearch,33,113.93112187840057
9,5,15,2,diurnal,8,P7_localsearch,34,112.69852583684606
9,5,15,2,diurnal,8,P7_localsearch,35,101.16307555014296
9,5,15,2,diurnal,8,P7_localsearch,36,143.3263119817952
9,5,15,2,diurnal,8,P7_localsearch,37,117.6528335258365
9,5,15,2,diurnal,8,P7_localsearch,38,109.43081539499224
9,5,15,2,diurnal,8,P7_localsearch,39,103.0743344314742
9,5,15,2,diurnal,8,P7_localsearch,40,167.2764736967303
9,5,15,2,diurnal,8,P7_localsearch,41,158.0761752164304
9,5,15,2,diurnal,8,P7_localsearch,42,130.00817588545289
9,5,15,2,diurnal,8,P7_localsearch,43,100.61591941715483
9,5,15,2,diurnal,8,P7_localsearch,44,126.17558992160812
9,5,15,2,diurnal,8,P7_localsearch,45,88.83280196704416
9,5,15,2,diurnal,8,P7_localsearch,46,93.17456866169609
9,5,15,2,diurnal,8,P7_localsearch,47,108.33362021734321
9,5,15,2,diurnal,8,P7_localsearch,48,125.19780372856857
9,5,15,2,diurnal,8,P7_localsearch,49,123.68194037982332
9,5,15,2,diurnal,8,P7_localsearch,50,113.20352212267838
9,5,15,2,diurnal,8,P7_localsearch,51,120.20227763423915
9,5,15,2,diurnal,8,P7_localsearch,52,113.09388128145925
9,5,15,2,diurnal,8,P7_localsearch,53,177.20652639072864
9,5,15,2,diurnal,8,P7_localsearch,54,124.51301542085046
9,5,15,2,diurnal,8,P7_localsearch,55,130.78851413586426
9,5,15,2,diurnal,8,P7_localsearch,56,87.0743344314742
9,5,15,2,diurnal,8,P7_localsearch,57,103.83280196704416
9,5,15,2,diurnal,8,P7_localsearch,58,110.08740337688833
9,5,15,2,diurnal,8,P7_localsearch,59,150.9916843729875
9,5,15,2,diurnal,8,P7_localsearch,60,80.16580664447415
9,5,15,2,diurnal,8,P7_localsearch,61,105.3668830373655
9,5,15,2,diurnal,8,P7_localsearch,62,113.0217217868138
9,5,15,2,diurnal,8,P7_localsearch,63,124.64922631148308
9,5,15,2,diurnal,8,P7_localsearch,64,154.45220156376405
9,5,15,2,diurnal,8,P7_localsearch,65,114.89186811683989
9,5,15,2,diurnal,8,P7_localsearch,66,98.424376400443
9,5,15,2,diurnal,8,P7_localsearch,67,128.09388128145923
9,5,15,2,diurnal,8,P7_localsearch,68,116.12789045085694
9,5,15,2,diurnal,8,P7_localsearch,69,107.62790097709049
9,5,15,2,diurnal,8,P7_localsearch,70,92.2446542718179
9,5,15,2,diurnal,8,P7_localsearch,71,84.35616352573754
9,5,15,2,diurnal,8,P7_localsearch,72,117.424376400443
9,5,15,2,diurnal,8,P7_localsearch,73,134.37949752764072
9,5,15,2,diurnal,8,P7_localsearch,74,92.10992678478983
9,5,15,2,diurnal,8,P7_localsearch,75,126.48010093381556
9,5,15,2,diurnal,8,P7_localsearch,76,83.37207394579858
9,5,15,2,diurnal,8,P7_localsearch,77,119.83657316044972
9,5,15,2,diurnal,8,P7_localsearch,78,156.55803138138845
9,5,15,2,diurnal,8,P7_localsearch,79,159.6528418198838
9,5,15,2,diurnal,8,P7_localsearch,80,92.87373287999121
9,5,15,2,diurnal,8,P7_localsearch,81,114.20227763423915
9,5,15,2,diurnal,8,P7_localsearch,82,148.86927448937988
9,5,15,2,diurnal,8,P7_localsearch,83,136.0168110299514
9,5,15,2,diurnal,8,P7_localsearch,84,140.51481111147766
9,5,15,2,diurnal,8,P7_localsearch,85,93.65638133320276
9,5,15,2,diurnal,8,P7_localsearch,86,99.44784688422257
9,5,15,2,diurnal,8,P7_localsearch,87,123.16606328620091
9,5,15,2,diurnal,8,P7_localsearch,88,130.2942226644152
9,5,15,2,diurnal,8,P7_localsearch,89,130.6186846952391
9,5,15,2,diurnal,8,P7_localsearch,90,152.87464534537605
9,5,15,2,diurnal,8,P7_localsearch,91,119.57736365388146
9,5,15,2,diurnal,8,P7_localsearch,92,129.3400372395921
9,5,15,2,diurnal,8,P7_localsearch,93,115.41849045604606
9,5,15,2,diurnal,8,P7_localsearch,94,110.36925856720214
9,5,15,2,diurnal,8,P7_localsearch,95,106.35254081316151
9,5,15,2,diurnal,8,P7_localsearch,96,131.36764903264472
9,5,15,2,diurnal,8,P7_localsearch,97,118.45073726911372
9,5,15,2,diurnal,8,P7_localsearch,98,95.83350217154072
9,5,15,2,diurnal,8,P7_localsearch,99,109.75025733278025
9,5,15,2,diurnal,8,P7_localsearch,100,98.6676653776965
9,5,15,2,diurnal,8,P7_localsearch,101,174.6768086805939
9,5,15,2,diurnal,8,P7_localsearch,102,124.65006034723321
9,5,15,2,diurnal,8,P7_localsearch,103,133.97216028140878
9,5,15,2,diurnal,8,P7_localsearch,104,162.8784507670962
9,5,15,2,diurnal,8,P7_localsearch,105,122.76923831861211
9,5,15,2,diurnal,8,P7_localsearch,106,110.2446542718179
9,5,15,2,diurnal,8,P7_localsearch,107,95.8446452245179
9,5,15,2,diurnal,8,P7_localsearch,108,99.95664030379177
9,5,15,2,diurnal,8,P7_localsearch,109,98.21712583696825
9,5,15,2,diurnal,8,P7_localsearch,110,120.95908356099588
9,5,15,2,diurnal,8,P7_localsearch,111,122.26580581465336
9,5,15,2,diurnal,8,P7_localsearch,112,157.9060949822686
9,5,15,2,diurnal,8,P7_localsearch,113,93.08039612773649
9,5,15,2,diurnal,8,P7_localsearch,114,104.39076485152785
9,5,15,2,diurnal,8,P7_localsearch,115,93.37847983355233
9,5,15,2,diurnal,8,P7_localsearch,116,128.6529230685385
9,5,15,2,diurnal,8,P7_localsearch,117,156.72084590779141
9,5,15,2,diurnal,8,P7_localsearch,118,104.53223265876021
9,5,15,2,diurnal,8,P7_localsearch,119,112.69852583684606
9,5,15,2,diurnal,8,P7_localsearch,120,106.52211771296378
9,5,15,2,diurnal,8,P7_localsearch,121,149.30364090518967
9,5,15,2,diurnal,8,P7_localsearch,122,105.98232862752165
9,5,15,2,diurnal,8,P7_localsearch,123,136.44919480925694
9,5,15,2,diurnal,8,P7_localsearch,124,173.26152598633618
9,5,15,2,diurnal,8,P7_localsearch,125,114.55115292309964
9,5,15,2,diurnal,8,P7_localsearch,126,110.3668830373655
9,5,15,2,diurnal,8,P7_localsearch,127,139.38755249610242
9,5,15,2,diurnal,8,P7_localsearch,128,127.64319487214526
9,5,15,2,diurnal,8,P7_localsearch,129,100.47036730007522
9,5,15,2,diurnal,8,P7_localsearch,130,114.51436761190372
9,5,15,2,diurnal,8,P7_localsearch,131,95.94326430105474
9,5,15,2,diurnal,8,P7_localsearch,132,95.53223265876021
9,5,15,2,diurnal,8,P7_localsearch,133,133.53723339650807
9,5,15,2,diurnal,8,P7_localsearch,134,91.21364012081595
9,5,15,2,diurnal,8,P7_localsearch,135,136.93735243706703
9,5,15,2,diurnal,8,P7_localsearch,136,127.8446452245179
9,5,15,2,diurnal,8,P7_localsearch,137,115.17558992160812
9,5,15,2,diurnal,8,P7_localsearch,138,137.1908394016761
9,5,15,2,diurnal,8,P7_localsearch,139,106.28703009117227
9,5,15,2,diurnal,8,P7_localsearch,140,114.6528335258365
9,5,15,2,diurnal,8,P7_localsearch,141,93.39231714184201
9,5,15,2,diurnal,8,P7_localsearch,142,138.61591941715483
9,5,15,2,diurnal,8,P7_localsearch,143,88.80000157100488
9,5,15,2,diurnal,8,P7_localsearch,144,144.09843044128576
9,5,15,2,diurnal,8,P7_localsearch,145,116.78851413586426
9,5,15,2,diurnal,8,P7_localsearch,146,119.2685430449292
9,5,15,2,diurnal,8,P7_localsearch,147,121.11967885160408
9,5,15,2,diurnal,8,P7_localsearch,148,137.83280196704416
9,5,15,2,diurnal,8,P7_localsearch,149,101.39792547592093
9,5,15,2,diurnal,8,P7_localsearch,150,128.2651970892049
9,5,15,2,diurnal,8,P7_localsearch,151,99.37501432323312
9,5,15,2,diurnal,8,P7_localsearch,152,140.3224543640596
9,5,15,2,diurnal,8,P7_localsearch,153,146.98753776326055
9,5,15,2,diurnal,8,P7_localsearch,154,75.83703811967837
9,5,15,2,diurnal,8,P7_localsearch,155,119.28703009117227
9,5,15,2,diurnal,8,P7_localsearch,156,126.19780372856857
9,5,15,2,diurnal,8,P7_localsearch,157,106.69852583684606
9,5,15,2,diurnal,8,P7_localsearch,158,162.44177229145737
9,5,15,2,diurnal,8,P7_localsearch,159,141.7183887963924
9,5,15,2,diurnal,8,P7_localsearch,160,117.76258035419394
9,5,15,2,diurnal,8,P7_localsearch,161,137.84918000462318
9,5,15,2,diurnal,8,P7_localsearch,162,118.48989148211567
9,5,15,2,diurnal,8,P7_localsearch,163,124.36493595490825
9,5,15,2,diurnal,8,P7_localsearch,164,100.61591941715483
9,5,15,2,diurnal,8,P7_localsearch,165,137.11871432706047
9,5,15,2,diurnal,8,P7_localsearch,166,127.83280196704416
9,5,15,2,diurnal,8,P7_localsearch,167,135.34835972035913
9,5,15,2,diurnal,8,P7_localsearch,168,131.9405514389359
9,5,15,2,diurnal,8,P7_localsearch,169,116.91898633587743
9,5,15,2,diurnal,8,P7_localsearch,170,125.70304245317156
9,5,15,2,diurnal,8,P7_localsearch,171,127.39231714184201
9,5,15,2,diurnal,8,P7_localsearch,172,119.81667888580063
9,5,15,2,diurnal,8,P7_localsearch,173,107.80000157100488
9,5,15,2,diurnal,8,P7_localsearch,174,122.49342079265739
9,5,15,2,diurnal,8,P7_localsearch,175,98.93056212592475
9,5,15,2,diurnal,8,P7_localsearch,176,79.90263037355396
9,5,15,2,diurnal,8,P7_localsearch,177,104.40016396334981
9,5,15,2,diurnal,8,P7_localsearch,178,108.83280196704416
9,5,15,2,diurnal,8,P7_localsearch,179,95.62706795119149
9,5,15,2,diurnal,8,P7_localsearch,180,116.52211771296378
9,5,15,2,diurnal,8,P7_localsearch,181,172.37014385104652
9,5,15,2,diurnal,8,P7_localsearch,182,157.6901901313317
9,5,15,2,diurnal,8,P7_localsearch,183,113.6453131447775
9,5,15,2,diurnal,8,P7_localsearch,184,155.10601218028182
9,5,15,2,diurnal,8,P7_localsearch,185,118.1908394016761
9,5,15,2,diurnal,8,P7_localsearch,186,151.74675421095782
9,5,15,2,diurnal,8,P7_localsearch,187,108.71554758720649
9,5,15,2,diurnal,8,P7_localsearch,188,103.01681102995141
9,5,15,2,diurnal,8,P7_localsearch,189,132.7749471443223
9,5,15,2,diurnal,8,P7_localsearch,190,116.05678699233324
9,5,15,2,diurnal,8,P7_localsearch,191,78.48010093381556
9,5,15,2,diurnal,8,P7_localsearch,192,100.07617521643041
9,5,15,2,diurnal,8,P7_localsearch,193,86.20550148355494
9,5,15,2,diurnal,8,P7_localsearch,194,116.83516689325259
9,5,15,2,diurnal,8,P7_localsearch,195,100.74919216189676
9,5,15,2,diurnal,8,P7_localsearch,196,170.26657324514218
9,5,15,2,diurnal,8,P7_localsearch,197,103.2958664309718
9,5,15,2,diurnal,8,P7_localsearch,198,144.1660632862009
9,5,15,2,diurnal,8,P7_localsearch,199,154.95012234386638
9,5,15,2,diurnal,30,P7_localsearch,0,532.6704336385114
9,5,15,2,diurnal,30,P7_localsearch,1,439.9817141820009
9,5,15,2,diurnal,30,P7_localsearch,2,537.4091019439117
9,5,15,2,diurnal,30,P7_localsearch,3,512.8170276815468
9,5,15,2,diurnal,30,P7_localsearch,4,556.3400372395921
9,5,15,2,diurnal,30,P7_localsearch,5,479.90310057947704
9,5,15,2,diurnal,30,P7_localsearch,6,537.0822952576403
9,5,15,2,diurnal,30,P7_localsearch,7,480.12157660975583
9,5,15,2,diurnal,30,P7_localsearch,8,547.9590835609959
9,5,15,2,diurnal,30,P7_localsearch,9,573.6085989823243
9,5,15,2,diurnal,30,P7_localsearch,10,372.1748082316899
9,5,15,2,diurnal,30,P7_localsearch,11,546.1963846791116
9,5,15,2,diurnal,30,P7_localsearch,12,461.07388307550576
9,5,15,2,diurnal,30,P7_localsearch,13,499.77217043224675
9,5,15,2,diurnal,30,P7_localsearch,14,415.66934778055264
9,5,15,2,diurnal,30,P7_localsearch,15,590.5641237341416
9,5,15,2,diurnal,30,P7_localsearch,16,504.4567941048627
9,5,15,2,diurnal,30,P7_localsearch,17,503.0235432495771
9,5,15,2,diurnal,30,P7_localsearch,18,569.4643285290609
9,5,15,2,diurnal,30,P7_localsearch,19,527.5963909181683
9,5,15,2,diurnal,30,P7_localsearch,20,480.26602426347284
9,5,15,2,diurnal,30,P7_localsearch,21,491.7932478530076
9,5,15,2,diurnal,30,P7_localsearch,22,452.37501432323313
9,5,15,2,diurnal,30,P7_localsearch,23,568.0382028412646
9,5,15,2,diurnal,30,P7_localsearch,24,417.17352331876805
9,5,15,2,diurnal,30,P7_localsearch,25,560.3669124255507
9,5,15,2,diurnal,30,P7_localsearch,26,517.9709093781003
9,5,15,2,diurnal,30,P7_localsearch,27,461.7928406315883
9,5,15,2,diurnal,30,P7_localsearch,28,554.9817141820009
9,5,15,2,diurnal,30,P7_localsearch,29,524.6563813332027
9,5,15,2,diurnal,30,P7_localsearch,30,426.123468623911
9,5,15,2,diurnal,30,P7_localsearch,31,547.5095658399487
9,5,15,2,diurnal,30,P7_localsearch,32,565.7721704322468
9,5,15,2,diurnal,30,P7_localsearch,33,478.5574600141657
9,5,15,2,diurnal,30,P7_localsearch,34,508.2615259863362
9,5,15,2,diurnal,30,P7_localsearch,35,611.6110502659686
9,5,15,2,diurnal,30,P7_localsearch,36,557.8352334291569
9,5,15,2,diurnal,30,P7_localsearch,37,415.5322326587602
9,5,15,2,diurnal,30,P7_localsearch,38,538.5394287432325
9,5,15,2,diurnal,30,P7_localsearch,39,445.1942376173349
9,5,15,2,diurnal,30,P7_localsearch,40,538.9769876021431
9,5,15,2,diurnal,30,P7_localsearch,41,519.766807502821
9,5,15,2,diurnal,30,P7_localsearch,42,444.6528418198838
9,5,15,2,diurnal,30,P7_localsearch,43,557.9823286275216
9,5,15,2,diurnal,30,P7_localsearch,44,491.0994844268739
9,5,15,2,diurnal,30,P7_localsearch,45,457.7778195657023
9,5,15,2,diurnal,30,P7_localsearch,46,493.26602426347284
9,5,15,2,diurnal,30,P7_localsearch,47,430.73792519191136
9,5,15,2,diurnal,30,P7_localsearch,48,512.0853846953266
9,5,15,2,diurnal,30,P7_localsearch,49,609.699963316723
9,5,15,2,diurnal,30,P7_localsearch,50,479.9645438853522
9,5,15,2,diurnal,30,P7_localsearch,51,505.55803138138845
9,5,15,2,diurnal,30,P7_localsearch,52,415.28703009117226
9,5,15,2,diurnal,30,P7_localsearch,53,500.2377050207642
9,5,15,2,diurnal,30,P7_localsearch,54,491.2377050207642
9,5,15,2,diurnal,30,P7_localsearch,55,394.8591650935473
9,5,15,2,diurnal,30,P7_localsearch,56,537.3090506614758
9,5,15,2,diurnal,30,P7_localsearch,57,589.1357928059977
9,5,15,2,diurnal,30,P7_localsearch,58,574.9803537718174
9,5,15,2,diurnal,30,P7_localsearch,59,480.6704336385114
9,5,15,2,diurnal,30,P7_localsearch,60,506.34730050908746
9,5,15,2,diurnal,30,P7_localsearch,61,485.32253573543596
9,5,15,2,diurnal,30,P7_localsearch,62,572.0430919233272
9,5,15,2,diurnal,30,P7_localsearch,63,504.5951254420156
9,5,15,2,diurnal,30,P7_localsearch,64,457.889559001302
9,5,15,2,diurnal,30,P7_localsearch,65,511.38630820100434
9,5,15,2,diurnal,30,P7_localsearch,66,418.3842462297925
9,5,15,2,diurnal,30,P7_localsearch,67,531.707595869263
9,5,15,2,diurnal,30,P7_localsearch,68,513.9339449070139
9,5,15,2,diurnal,30,P7_localsearch,69,548.6529230685385
9,5,15,2,diurnal,30,P7_localsearch,70,542.5846581838728
9,5,15,2,diurnal,30,P7_localsearch,71,537.0242016984233
9,5,15,2,diurnal,30,P7_localsearch,72,442.7489363141721
9,5,15,2,diurnal,30,P7_localsearch,73,546.3543667981421
9,5,15,2,diurnal,30,P7_localsearch,74,426.86868788964966
9,5,15,2,diurnal,30,P7_localsearch,75,439.93991488046356
9,5,15,2,diurnal,30,P7_localsearch,76,472.0743344314742
9,5,15,2,diurnal,30,P7_localsearch,77,432.09388128145923
9,5,15,2,diurnal,30,P7_localsearch,78,573.9266276765679
9,5,15,2,diurnal,30,P7_localsearch,79,478.38630820100434
9,5,15,2,diurnal,30,P7_localsearch,80,497.95382732593674
9,5,15,2,diurnal,30,P7_localsearch,81,519.7594747298692
9,5,15,2,diurnal,30,P7_localsearch,82,505.2877757680403
9,5,15,2,diurnal,30,P7_localsearch,83,527.8980710805301
9,5,15,2,diurnal,30,P7_localsearch,84,514.8351668932526
9,5,15,2,diurnal,30,P7_localsearch,85,434.8365731604497
9,5,15,2,diurnal,30,P7_localsearch,86,642.7467542109578
9,5,15,2,diurnal,30,P7_localsearch,87,544.7173032093485
9,5,15,2,diurnal,30,P7_localsearch,88,520.8170276815468
9,5,15,2,diurnal,30,P7_localsearch,89,474.5148111114777
9,5,15,2,diurnal,30,P7_localsearch,90,528.4028348546332
9,5,15,2,diurnal,30,P7_localsearch,91,516.5067024373359
9,5,15,2,diurnal,30,P7_localsearch,92,464.1086730152567
9,5,15,2,diurnal,30,P7_localsearch,93,489.37949752764075
9,5,15,2,diurnal,30,P7_localsearch,94,521.5574600141657
9,5,15,2,diurnal,30,P7_localsearch,95,564.4765807176548
9,5,15,2,diurnal,30,P7_localsearch,96,459.8424033584613
9,5,15,2,diurnal,30,P7_localsearch,97,549.4073282190609
9,5,15,2,diurnal,30,P7_localsearch,98,452.5428231865003
9,5,15,2,diurnal,30,P7_localsearch,99,556.9431826488122
9,5,15,2,diurnal,30,P7_localsearch,100,537.3668830373655
9,5,15,2,diurnal,30,P7_localsearch,101,437.0694793054963
9,5,15,2,diurnal,30,P7_localsearch,102,425.1652909816806
9,5,15,2,diurnal,30,P7_localsearch,103,443.933944907014
9,5,15,2,diurnal,30,P7_localsearch,104,540.8126550064675
9,5,15,2,diurnal,30,P7_localsearch,105,509.1652909816806
9,5,15,2,diurnal,30,P7_localsearch,106,469.24498694090914
9,5,15,2,diurnal,30,P7_localsearch,107,544.4023898974376
9,5,15,2,diurnal,30,P7_localsearch,108,547.2665732451421
9,5,15,2,diurnal,30,P7_localsearch,109,451.202735838401
9,5,15,2,diurnal,30,P7_localsearch,110,530.9489242250169
9,5,15,2,diurnal,30,P7_localsearch,111,556.6134493343247
9,5,15,2,diurnal,30,P7_localsearch,112,503.39792547592094
9,5,15,2,diurnal,30,P7_localsearch,113,553.4282475156595
9,5,15,2,diurnal,30,P7_localsearch,114,531.5641237341416
9,5,15,2,diurnal,30,P7_localsearch,115,483.4655382267317
9,5,15,2,diurnal,30,P7_localsearch,116,503.8591650935473
9,5,15,2,diurnal,30,P7_localsearch,117,430.8226855274707
9,5,15,2,diurnal,30,P7_localsearch,118,590.4298859263572
9,5,15,2,diurnal,30,P7_localsearch,119,481.2224002106446
9,5,15,2,diurnal,30,P7_localsearch,120,488.5511529230996
9,5,15,2,diurnal,30,P7_localsearch,121,510.5148111114777
9,5,15,2,diurnal,30,P7_localsearch,122,446.09580125006687
9,5,15,2,diurnal,30,P7_localsearch,123,436.92662767656793
9,5,15,2,diurnal,30,P7_localsearch,124,482.8692744893799
9,5,15,2,diurnal,30,P7_localsearch,125,592.6693477805527
9,5,15,2,diurnal,30,P7_localsearch,126,412.32721905053097
9,5,15,2,diurnal,30,P7_localsearch,127,463.85918632741465
9,5,15,2,diurnal,30,P7_localsearch,128,419.7208459077914
9,5,15,2,diurnal,30,P7_localsearch,129,571.7173032093485
9,5,15,2,diurnal,30,P7_localsearch,130,448.7155475872065
9,5,15,2,diurnal,30,P7_localsearch,131,561.3437057627941
9,5,15,2,diurnal,30,P7_localsearch,132,502.520464341996
9,5,15,2,diurnal,30,P7_localsearch,133,446.44615944024076
9,5,15,2,diurnal,30,P7_localsearch,134,516.0847251537967
9,5,15,2,diurnal,30,P7_localsearch,135,398.9618295766885
9,5,15,2,diurnal,30,P7_localsearch,136,534.7932478530076
9,5,15,2,diurnal,30,P7_localsearch,137,549.686787888807
9,5,15,2,diurnal,30,P7_localsearch,138,587.6841842454969
9,5,15,2,diurnal,30,P7_localsearch,139,480.09396470451077
9,5,15,2,diurnal,30,P7_localsearch,140,508.0626452654975
9,5,15,2,diurnal,30,P7_localsearch,141,514.0517409252707
9,5,15,2,diurnal,30,P7_localsearch,142,460.9769094339031
9,5,15,2,diurnal,30,P7_localsearch,143,525.3133763314871
9,5,15,2,diurnal,30,P7_localsearch,144,572.3121454539211
9,5,15,2,diurnal,30,P7_localsearch,145,444.29281448573624
9,5,15,2,diurnal,30,P7_localsearch,146,535.7509442544542
9,5,15,2,diurnal,30,P7_localsearch,147,532.7155475872065
9,5,15,2,diurnal,30,P7_localsearch,148,462.8692950637138
9,5,15,2,diurnal,30,P7_localsearch,149,486.80320535463744
9,5,15,2,diurnal,30,P7_localsearch,150,514.9779681106386
9,5,15,2,diurnal,30,P7_localsearch,151,393.6768086805939
9,5,15,2,diurnal,30,P7_localsearch,152,514.6704336385114
9,5,15,2,diurnal,30,P7_localsearch,153,449.13229973232774
9,5,15,2,diurnal,30,P7_localsearch,154,517.5322326587602
9,5,15,2,diurnal,30,P7_localsearch,155,528.7247577517085
9,5,15,2,diurnal,30,P7_localsearch,156,530.8842226764046
9,5,15,2,diurnal,30,P7_localsearch,157,510.48168626488894
9,5,15,2,diurnal,30,P7_localsearch,158,583.5735968166309
9,5,15,2,diurnal,30,P7_localsearch,159,570.6085989823243
9,5,15,2,diurnal,30,P7_localsearch,160,574.2877757680403
9,5,15,2,diurnal,30,P7_localsearch,161,567.3674588445285
9,5,15,2,diurnal,30,P7_localsearch,162,484.3773266759555
9,5,15,2,diurnal,30,P7_localsearch,163,463.7183887963924
9,5,15,2,diurnal,30,P7_localsearch,164,588.7448475855483
9,5,15,2,diurnal,30,P7_localsearch,165,504.84197669055476
9,5,15,2,diurnal,30,P7_localsearch,166,539.6373687753154
9,5,15,2,diurnal,30,P7_localsearch,167,543.9266276765679
9,5,15,2,diurnal,30,P7_localsearch,168,442.54872168962726
9,5,15,2,diurnal,30,P7_localsearch,169,530.672322802143
9,5,15,2,diurnal,30,P7_localsearch,170,444.3313166617784
9,5,15,2,diurnal,30,P7_localsearch,171,443.2497620172369
9,5,15,2,diurnal,30,P7_localsearch,172,573.2660242634729
9,5,15,2,diurnal,30,P7_localsearch,173,482.97654197989084
9,5,15,2,diurnal,30,P7_localsearch,174,551.3638509361016
9,5,15,2,diurnal,30,P7_localsearch,175,472.5895262987742
9,5,15,2,diurnal,30,P7_localsearch,176,404.9817141820009
9,5,15,2,diurnal,30,P7_localsearch,177,442.3619639498604
9,5,15,2,diurnal,30,P7_localsearch,178,504.5217419801713
9,5,15,2,diurnal,30,P7_localsearch,179,509.2377050207642
9,5,15,2,diurnal,30,P7_localsearch,180,403.0803961277365
9,5,15,2,diurnal,30,P7_localsearch,181,534.4169965866162
9,5,15,2,diurnal,30,P7_localsearch,182,509.800818666989
9,5,15,2,diurnal,30,P7_localsearch,183,442.3238304978871
9,5,15,2,diurnal,30,P7_localsearch,184,472.9721602814088
9,5,15,2,diurnal,30,P7_localsearch,185,513.5963909181683
9,5,15,2,diurnal,30,P7_localsearch,186,577.7467542109578
9,5,15,2,diurnal,30,P7_localsearch,187,474.6970924833902
9,5,15,2,diurnal,30,P7_localsearch,188,573.5416209157831
9,5,15,2,diurnal,30,P7_localsearch,189,489.97321743788353
9,5,15,2,diurnal,30,P7_localsearch,190,451.7663627872569
9,5,15,2,diurnal,30,P7_localsearch,191,476.34770510698445
9,5,15,2,diurnal,30,P7_localsearch,192,563.7903079824657
9,5,15,2,diurnal,30,P7_localsearch,193,579.0662209738372
9,5,15,2,diurnal,30,P7_localsearch,194,501.8424033584613
9,5,15,2,diurnal,30,P7_localsearch,195,486.37666768278547
9,5,15,2,diurnal,30,P7_localsearch,196,488.3668830373655
9,5,15,2,diurnal,30,P7_localsearch,197,440.9916843729875
9,5,15,2,diurnal,30,P7_localsearch,198,386.2665732451422
9,5,15,2,diurnal,30,P7_localsearch,199,569.6595123131533
11,5,30,2,uniform,8,P7_localsearch,0,124.0
11,5,30,2,uniform,8,P7_localsearch,1,95.0
11,5,30,2,uniform,8,P7_localsearch,2,96.0
11,5,30,2,uniform,8,P7_localsearch,3,120.0
11,5,30,2,uniform,8,P7_localsearch,4,131.0
11,5,30,2,uniform,8,P7_localsearch,5,106.0
11,5,30,2,uniform,8,P7_localsearch,6,76.0
11,5,30,2,uniform,8,P7_localsearch,7,120.0
11,5,30,2,uniform,8,P7_localsearch,8,72.0
11,5,30,2,uniform,8,P7_localsearch,9,96.0
11,5,30,2,uniform,8,P7_localsearch,10,147.0
11,5,30,2,uniform,8,P7_localsearch,11,125.0
11,5,30,2,uniform,8,P7_localsearch,12,144.0
11,5,30,2,uniform,8,P7_localsearch,13,106.0
11,5,30,2,uniform,8,P7_localsearch,14,86.0
11,5,30,2,uniform,8,P7_localsearch,15,71.0
11,5,30,2,uniform,8,P7_localsearch,16,120.0
11,5,30,2,uniform,8,P7_localsearch,17,90.0
11,5,30,2,uniform,8,P7_localsearch,18,114.0
11,5,30,2,uniform,8,P7_localsearch,19,115.0
11,5,30,2,uniform,8,P7_localsearch,20,81.0
11,5,30,2,uniform,8,P7_localsearch,21,115.0
11,5,30,2,uniform,8,P7_localsearch,22,81.0
11,5,30,2,uniform,8,P7_localsearch,23,106.0
11,5,30,2,uniform,8,P7_localsearch,24,119.0
11,5,30,2,uniform,8,P7_localsearch,25,105.0
11,5,30,2,uniform,8,P7_localsearch,26,105.0
11,5,30,2,uniform,8,P7_localsearch,27,115.0
11,5,30,2,uniform,8,P7_localsearch,28,91.0
11,5,30,2,uniform,8,P7_localsearch,29,101.0
11,5,30,2,uniform,8,P7_localsearch,30,96.0
11,5,30,2,uniform,8,P7_localsearch,31,120.0
11,5,30,2,uniform,8,P7_localsearch,32,53.0
11,5,30,2,uniform,8,P7_localsearch,33,115.0
11,5,30,2,uniform,8,P7_localsearch,34,111.0
11,5,30,2,uniform,8,P7_localsearch,35,147.0
11,5,30,2,uniform,8,P7_localsearch,36,102.0
11,5,30,2,uniform,8,P7_localsearch,37,134.0
11,5,30,2,uniform,8,P7_localsearch,38,110.0
11,5,30,2,uniform,8,P7_localsearch,39,100.0
11,5,30,2,uniform,8,P7_localsearch,40,102.0
11,5,30,2,uniform,8,P7_localsearch,41,101.0
11,5,30,2,uniform,8,P7_localsearch,42,76.0
11,5,30,2,uniform,8,P7_localsearch,43,67.0
11,5,30,2,uniform,8,P7_localsearch,44,106.0
11,5,30,2,uniform,8,P7_localsearch,45,105.0
11,5,30,2,uniform,8,P7_localsearch,46,91.0
11,5,30,2,uniform,8,P7_localsearch,47,81.0
11,5,30,2,uniform,8,P7_localsearch,48,125.0
11,5,30,2,uniform,8,P7_localsearch,49,121.0
11,5,30,2,uniform,8,P7_localsearch,50,80.0
11,5,30,2,uniform,8,P7_localsearch,51,114.0
11,5,30,2,uniform,8,P7_localsearch,52,130.0
11,5,30,2,uniform,8,P7_localsearch,53,134.0
11,5,30,2,uniform,8,P7_localsearch,54,92.0
11,5,30,2,uniform,8,P7_localsearch,55,87.0
11,5,30,2,uniform,8,P7_localsearch,56,95.0
11,5,30,2,uniform,8,P7_localsearch,57,100.0
11,5,30,2,uniform,8,P7_localsearch,58,120.0
11,5,30,2,uniform,8,P7_localsearch,59,76.0
11,5,30,2,uniform,8,P7_localsearch,60,86.0
11,5,30,2,uniform,8,P7_localsearch,61,86.0
11,5,30,2,uniform,8,P7_localsearch,62,119.0
11,5,30,2,uniform,8,P7_localsearch,63,106.0
11,5,30,2,uniform,8,P7_localsearch,64,139.0
11,5,30,2,uniform,8,P7_localsearch,65,139.0
11,5,30,2,uniform,8,P7_localsearch,66,102.0
11,5,30,2,uniform,8,P7_localsearch,67,91.0
11,5,30,2,uniform,8,P7_localsearch,68,81.0
11,5,30,2,uniform,8,P7_localsearch,69,125.0
11,5,30,2,uniform,8,P7_localsearch,70,77.0
11,5,30,2,uniform,8,P7_localsearch,71,105.0
11,5,30,2,uniform,8,P7_localsearch,72,104.0
11,5,30,2,uniform,8,P7_localsearch,73,120.0
11,5,30,2,uniform,8,P7_localsearch,74,115.0
11,5,30,2,uniform,8,P7_localsearch,75,77.0
11,5,30,2,uniform,8,P7_localsearch,76,101.0
11,5,30,2,uniform,8,P7_localsearch,77,105.0
11,5,30,2,uniform,8,P7_localsearch,78,82.0
11,5,30,2,uniform,8,P7_localsearch,79,76.0
11,5,30,2,uniform,8,P7_localsearch,80,116.0
11,5,30,2,uniform,8,P7_localsearch,81,91.0
11,5,30,2,uniform,8,P7_localsearch,82,115.0
11,5,30,2,uniform,8,P7_localsearch,83,115.0
11,5,30,2,uniform,8,P7_localsearch,84,116.0
11,5,30,2,uniform,8,P7_localsearch,85,145.0
11,5,30,2,uniform,8,P7_localsearch,86,159.0
11,5,30,2,uniform,8,P7_localsearch,87,91.0
11,5,30,2,uniform,8,P7_localsearch,88,101.0
11,5,30,2,uniform,8,P7_localsearch,89,87.0
11,5,30,2,uniform,8,P7_localsearch,90,159.0
11,5,30,2,uniform,8,P7_localsearch,91,81.0
11,5,30,2,uniform,8,P7_localsearch,92,87.0
11,5,30,2,uniform,8,P7_localsearch,93,119.0
11,5,30,2,uniform,8,P7_localsearch,94,91.0
11,5,30,2,uniform,8,P7_localsearch,95,82.0
11,5,30,2,uniform,8,P7_localsearch,96,109.0
11,5,30,2,uniform,8,P7_localsearch,97,106.0
11,5,30,2,uniform,8,P7_localsearch,98,134.0
11,5,30,2,uniform,8,P7_localsearch,99,110.0
11,5,30,2,uniform,8,P7_localsearch,100,96.0
11,5,30,2,uniform,8,P7_localsearch,101,80.0
11,5,30,2,uniform,8,P7_localsearch,102,86.0
11,5,30,2,uniform,8,P7_localsearch,103,142.0
11,5,30,2,uniform,8,P7_localsearch,104,91.0
11,5,30,2,uniform,8,P7_localsearch,105,110.0
11,5,30,2,uniform,8,P7_localsearch,106,105.0
11,5,30,2,uniform,8,P7_localsearch,107,91.0
11,5,30,2,uniform,8,P7_localsearch,108,72.0
11,5,30,2,uniform,8,P7_localsearch,109,104.0
11,5,30,2,uniform,8,P7_localsearch,110,120.0
11,5,30,2,uniform,8,P7_localsearch,111,95.0
11,5,30,2,uniform,8,P7_localsearch,112,86.0
11,5,30,2,uniform,8,P7_localsearch,113,121.0
11,5,30,2,uniform,8,P7_localsearch,114,101.0
11,5,30,2,uniform,8,P7_localsearch,115,129.0
11,5,30,2,uniform,8,P7_localsearch,116,77.0
11,5,30,2,uniform,8,P7_localsearch,117,96.0
11,5,30,2,uniform,8,P7_localsearch,118,102.0
11,5,30,2,uniform,8,P7_localsearch,119,96.0
11,5,30,2,uniform,8,P7_localsearch,120,48.0
11,5,30,2,uniform,8,P7_localsearch,121,125.0
11,5,30,2,uniform,8,P7_localsearch,122,129.0
11,5,30,2,uniform,8,P7_localsearch,123,102.0
11,5,30,2,uniform,8,P7_localsearch,124,140.0
11,5,30,2,uniform,8,P7_localsearch,125,173.0
11,5,30,2,uniform,8,P7_localsearch,126,119.0
11,5,30,2,uniform,8,P7_localsearch,127,57.0
11,5,30,2,uniform,8,P7_localsearch,128,119.0
11,5,30,2,uniform,8,P7_localsearch,129,145.0
11,5,30,2,uniform,8,P7_localsearch,130,87.0
11,5,30,2,uniform,8,P7_localsearch,131,104.0
11,5,30,2,uniform,8,P7_localsearch,132,53.0
11,5,30,2,uniform,8,P7_localsearch,133,91.0
11,5,30,2,uniform,8,P7_localsearch,134,125.0
11,5,30,2,uniform,8,P7_localsearch,135,106.0
11,5,30,2,uniform,8,P7_localsearch,136,114.0
11,5,30,2,uniform,8,P7_localsearch,137,101.0
11,5,30,2,uniform,8,P7_localsearch,138,124.0
11,5,30,2,uniform,8,P7_localsearch,139,100.0
11,5,30,2,uniform,8,P7_localsearch,140,115.0
11,5,30,2,uniform,8,P7_localsearch,141,124.0
11,5,30,2,uniform,8,P7_localsearch,142,63.0
11,5,30,2,uniform,8,P7_localsearch,143,106.0
11,5,30,2,uniform,8,P7_localsearch,144,91.0
11,5,30,2,uniform,8,P7_localsearch,145,120.0
11,5,30,2,uniform,8,P7_localsearch,146,100.0
11,5,30,2,uniform,8,P7_localsearch,147,119.0
11,5,30,2,uniform,8,P7_localsearch,148,96.0
11,5,30,2,uniform,8,P7_localsearch,149,135.0
11,5,30,2,uniform,8,P7_localsearch,150,95.0
11,5,30,2,uniform,8,P7_localsearch,151,139.0
11,5,30,2,uniform,8,P7_localsearch,152,96.0
11,5,30,2,uniform,8,P7_localsearch,153,121.0
11,5,30,2,uniform,8,P7_localsearch,154,58.0
11,5,30,2,uniform,8,P7_localsearch,155,87.0
11,5,30,2,uniform,8,P7_localsearch,156,91.0
11,5,30,2,uniform,8,P7_localsearch,157,114.0
11,5,30,2,uniform,8,P7_localsearch,158,80.0
11,5,30,2,uniform,8,P7_localsearch,159,106.0
11,5,30,2,uniform,8,P7_localsearch,160,96.0
11,5,30,2,uniform,8,P7_localsearch,161,86.0
11,5,30,2,uniform,8,P7_localsearch,162,98.0
11,5,30,2,uniform,8,P7_localsearch,163,143.0
11,5,30,2,uniform,8,P7_localsearch,164,106.0
11,5,30,2,uniform,8,P7_localsearch,165,91.0
11,5,30,2,uniform,8,P7_localsearch,166,125.0
11,5,30,2,uniform,8,P7_localsearch,167,115.0
11,5,30,2,uniform,8,P7_localsearch,168,105.0
11,5,30,2,uniform,8,P7_localsearch,169,92.0
11,5,30,2,uniform,8,P7_localsearch,170,95.0
11,5,30,2,uniform,8,P7_localsearch,171,96.0
11,5,30,2,uniform,8,P7_localsearch,172,95.0
11,5,30,2,uniform,8,P7_localsearch,173,133.0
11,5,30,2,uniform,8,P7_localsearch,174,134.0
11,5,30,2,uniform,8,P7_localsearch,175,101.0
11,5,30,2,uniform,8,P7_localsearch,176,115.0
11,5,30,2,uniform,8,P7_localsearch,177,106.0
11,5,30,2,uniform,8,P7_localsearch,178,91.0
11,5,30,2,uniform,8,P7_localsearch,179,81.0
11,5,30,2,uniform,8,P7_localsearch,180,135.0
11,5,30,2,uniform,8,P7_localsearch,181,96.0
11,5,30,2,uniform,8,P7_localsearch,182,76.0
11,5,30,2,uniform,8,P7_localsearch,183,96.0
11,5,30,2,uniform,8,P7_localsearch,184,91.0
11,5,30,2,uniform,8,P7_localsearch,185,149.0
11,5,30,2,uniform,8,P7_localsearch,186,143.0
11,5,30,2,uniform,8,P7_localsearch,187,119.0
11,5,30,2,uniform,8,P7_localsearch,188,138.0
11,5,30,2,uniform,8,P7_localsearch,189,86.0
11,5,30,2,uniform,8,P7_localsearch,190,104.0
11,5,30,2,uniform,8,P7_localsearch,191,129.0
11,5,30,2,uniform,8,P7_localsearch,192,106.0
11,5,30,2,uniform,8,P7_localsearch,193,111.0
11,5,30,2,uniform,8,P7_localsearch,194,96.0
11,5,30,2,uniform,8,P7_localsearch,195,72.0
11,5,30,2,uniform,8,P7_localsearch,196,111.0
11,5,30,2,uniform,8,P7_localsearch,197,106.0
11,5,30,2,uniform,8,P7_localsearch,198,106.0
11,5,30,2,uniform,8,P7_localsearch,199,81.0
11,5,30,2,uniform,30,P7_localsearch,0,483.0
11,5,30,2,uniform,30,P7_localsearch,1,562.0
11,5,30,2,uniform,30,P7_localsearch,2,452.0
11,5,30,2,uniform,30,P7_localsearch,3,546.0
11,5,30,2,uniform,30,P7_localsearch,4,578.0
11,5,30,2,uniform,30,P7_localsearch,5,557.0
11,5,30,2,uniform,30,P7_localsearch,6,613.0
11,5,30,2,uniform,30,P7_localsearch,7,519.0
11,5,30,2,uniform,30,P7_localsearch,8,529.0
11,5,30,2,uniform,30,P7_localsearch,9,544.0
11,5,30,2,uniform,30,P7_localsearch,10,492.0
11,5,30,2,uniform,30,P7_localsearch,11,536.0
11,5,30,2,uniform,30,P7_localsearch,12,548.0
11,5,30,2,uniform,30,P7_localsearch,13,538.0
11,5,30,2,uniform,30,P7_localsearch,14,419.0
11,5,30,2,uniform,30,P7_localsearch,15,540.0
11,5,30,2,uniform,30,P7_localsearch,16,500.0
11,5,30,2,uniform,30,P7_localsearch,17,518.0
11,5,30,2,uniform,30,P7_localsearch,18,582.0
11,5,30,2,uniform,30,P7_localsearch,19,491.0
11,5,30,2,uniform,30,P7_localsearch,20,595.0
11,5,30,2,uniform,30,P7_localsearch,21,471.0
11,5,30,2,uniform,30,P7_localsearch,22,493.0
11,5,30,2,uniform,30,P7_localsearch,23,555.0
11,5,30,2,uniform,30,P7_localsearch,24,500.0
11,5,30,2,uniform,30,P7_localsearch,25,548.0
11,5,30,2,uniform,30,P7_localsearch,26,485.0
11,5,30,2,uniform,30,P7_localsearch,27,562.0
11,5,30,2,uniform,30,P7_localsearch,28,554.0
11,5,30,2,uniform,30,P7_localsearch,29,510.0
11,5,30,2,uniform,30,P7_localsearch,30,492.0
11,5,30,2,uniform,30,P7_localsearch,31,615.0
11,5,30,2,uniform,30,P7_localsearch,32,607.0
11,5,30,2,uniform,30,P7_localsearch,33,477.0
11,5,30,2,uniform,30,P7_localsearch,34,485.0
11,5,30,2,uniform,30,P7_localsearch,35,504.0
11,5,30,2,uniform,30,P7_localsearch,36,426.0
11,5,30,2,uniform,30,P7_localsearch,37,520.0
11,5,30,2,uniform,30,P7_localsearch,38,570.0
11,5,30,2,uniform,30,P7_localsearch,39,487.0
11,5,30,2,uniform,30,P7_localsearch,40,551.0
11,5,30,2,uniform,30,P7_localsearch,41,534.0
11,5,30,2,uniform,30,P7_localsearch,42,476.0
11,5,30,2,uniform,30,P7_localsearch,43,592.0
11,5,30,2,uniform,30,P7_localsearch,44,543.0
11,5,30,2,uniform,30,P7_localsearch,45,497.0
11,5,30,2,uniform,30,P7_localsearch,46,462.0
11,5,30,2,uniform,30,P7_localsearch,47,617.0
11,5,30,2,uniform,30,P7_localsearch,48,532.0
11,5,30,2,uniform,30,P7_localsearch,49,489.0
11,5,30,2,uniform,30,P7_localsearch,50,538.0
11,5,30,2,uniform,30,P7_localsearch,51,534.0
11,5,30,2,uniform,30,P7_localsearch,52,458.0
11,5,30,2,uniform,30,P7_localsearch,53,583.0
11,5,30,2,uniform,30,P7_localsearch,54,512.0
11,5,30,2,uniform,30,P7_localsearch,55,615.0
11,5,30,2,uniform,30,P7_localsearch,56,552.0
11,5,30,2,uniform,30,P7_localsearch,57,490.0
11,5,30,2,uniform,30,P7_localsearch,58,475.0
11,5,30,2,uniform,30,P7_localsearch,59,605.0
11,5,30,2,uniform,30,P7_localsearch,60,448.0
11,5,30,2,uniform,30,P7_localsearch,61,490.0
11,5,30,2,uniform,30,P7_localsearch,62,548.0
11,5,30,2,uniform,30,P7_localsearch,63,443.0
11,5,30,2,uniform,30,P7_localsearch,64,465.0
11,5,30,2,uniform,30,P7_localsearch,65,582.0
11,5,30,2,uniform,30,P7_localsearch,66,486.0
11,5,30,2,uniform,30,P7_localsearch,67,527.0
11,5,30,2,uniform,30,P7_localsearch,68,516.0
11,5,30,2,uniform,30,P7_localsearch,69,558.0
11,5,30,2,uniform,30,P7_localsearch,70,456.0
11,5,30,2,uniform,30,P7_localsearch,71,476.0
11,5,30,2,uniform,30,P7_localsearch,72,528.0
11,5,30,2,uniform,30,P7_localsearch,73,480.0
11,5,30,2,uniform,30,P7_localsearch,74,535.0
11,5,30,2,uniform,30,P7_localsearch,75,509.0
11,5,30,2,uniform,30,P7_localsearch,76,538.0
11,5,30,2,uniform,30,P7_localsearch,77,499.0
11,5,30,2,uniform,30,P7_localsearch,78,546.0
11,5,30,2,uniform,30,P7_localsearch,79,498.0
11,5,30,2,uniform,30,P7_localsearch,80,564.0
11,5,30,2,uniform,30,P7_localsearch,81,586.0
11,5,30,2,uniform,30,P7_localsearch,82,511.0
11,5,30,2,uniform,30,P7_localsearch,83,469.0
11,5,30,2,uniform,30,P7_localsearch,84,548.0
11,5,30,2,uniform,30,P7_localsearch,85,567.0
11,5,30,2,uniform,30,P7_localsearch,86,588.0
11,5,30,2,uniform,30,P7_localsearch,87,472.0
11,5,30,2,uniform,30,P7_localsearch,88,464.0
11,5,30,2,uniform,30,P7_localsearch,89,513.0
11,5,30,2,uniform,30,P7_localsearch,90,413.0
11,5,30,2,uniform,30,P7_localsearch,91,506.0
11,5,30,2,uniform,30,P7_localsearch,92,490.0
11,5,30,2,uniform,30,P7_localsearch,93,467.0
11,5,30,2,uniform,30,P7_localsearch,94,495.0
11,5,30,2,uniform,30,P7_localsearch,95,639.0
11,5,30,2,uniform,30,P7_localsearch,96,531.0
11,5,30,2,uniform,30,P7_localsearch,97,485.0
11,5,30,2,uniform,30,P7_localsearch,98,522.0
11,5,30,2,uniform,30,P7_localsearch,99,447.0
11,5,30,2,uniform,30,P7_localsearch,100,545.0
11,5,30,2,uniform,30,P7_localsearch,101,558.0
11,5,30,2,uniform,30,P7_localsearch,102,568.0
11,5,30,2,uniform,30,P7_localsearch,103,538.0
11,5,30,2,uniform,30,P7_localsearch,104,520.0
11,5,30,2,uniform,30,P7_localsearch,105,480.0
11,5,30,2,uniform,30,P7_localsearch,106,563.0
11,5,30,2,uniform,30,P7_localsearch,107,507.0
11,5,30,2,uniform,30,P7_localsearch,108,452.0
11,5,30,2,uniform,30,P7_localsearch,109,571.0
11,5,30,2,uniform,30,P7_localsearch,110,547.0
11,5,30,2,uniform,30,P7_localsearch,111,503.0
11,5,30,2,uniform,30,P7_localsearch,112,553.0
11,5,30,2,uniform,30,P7_localsearch,113,481.0
11,5,30,2,uniform,30,P7_localsearch,114,486.0
11,5,30,2,uniform,30,P7_localsearch,115,627.0
11,5,30,2,uniform,30,P7_localsearch,116,510.0
11,5,30,2,uniform,30,P7_localsearch,117,528.0
11,5,30,2,uniform,30,P7_localsearch,118,452.0
11,5,30,2,uniform,30,P7_localsearch,119,595.0
11,5,30,2,uniform,30,P7_localsearch,120,598.0
11,5,30,2,uniform,30,P7_localsearch,121,530.0
11,5,30,2,uniform,30,P7_localsearch,122,563.0
11,5,30,2,uniform,30,P7_localsearch,123,497.0
11,5,30,2,uniform,30,P7_localsearch,124,560.0
11,5,30,2,uniform,30,P7_localsearch,125,561.0
11,5,30,2,uniform,30,P7_localsearch,126,471.0
11,5,30,2,uniform,30,P7_localsearch,127,551.0
11,5,30,2,uniform,30,P7_localsearch,128,537.0
11,5,30,2,uniform,30,P7_localsearch,129,489.0
11,5,30,2,uniform,30,P7_localsearch,130,480.0
11,5,30,2,uniform,30,P7_localsearch,131,536.0
11,5,30,2,uniform,30,P7_localsearch,132,537.0
11,5,30,2,uniform,30,P7_localsearch,133,473.0
11,5,30,2,uniform,30,P7_localsearch,134,558.0
11,5,30,2,uniform,30,P7_localsearch,135,533.0
11,5,30,2,uniform,30,P7_localsearch,136,504.0
11,5,30,2,uniform,30,P7_localsearch,137,622.0
11,5,30,2,uniform,30,P7_localsearch,138,538.0
11,5,30,2,uniform,30,P7_localsearch,139,439.0
11,5,30,2,uniform,30,P7_localsearch,140,500.0
11,5,30,2,uniform,30,P7_localsearch,141,644.0
11,5,30,2,uniform,30,P7_localsearch,142,493.0
11,5,30,2,uniform,30,P7_localsearch,143,495.0
11,5,30,2,uniform,30,P7_localsearch,144,445.0
11,5,30,2,uniform,30,P7_localsearch,145,492.0
11,5,30,2,uniform,30,P7_localsearch,146,535.0
11,5,30,2,uniform,30,P7_localsearch,147,472.0
11,5,30,2,uniform,30,P7_localsearch,148,533.0
11,5,30,2,uniform,30,P7_localsearch,149,480.0
11,5,30,2,uniform,30,P7_localsearch,150,507.0
11,5,30,2,uniform,30,P7_localsearch,151,545.0
11,5,30,2,uniform,30,P7_localsearch,152,474.0
11,5,30,2,uniform,30,P7_localsearch,153,501.0
11,5,30,2,uniform,30,P7_localsearch,154,485.0
11,5,30,2,uniform,30,P7_localsearch,155,524.0
11,5,30,2,uniform,30,P7_localsearch,156,546.0
11,5,30,2,uniform,30,P7_localsearch,157,608.0
11,5,30,2,uniform,30,P7_localsearch,158,545.0
11,5,30,2,uniform,30,P7_localsearch,159,506.0
11,5,30,2,uniform,30,P7_localsearch,160,514.0
11,5,30,2,uniform,30,P7_localsearch,161,467.0
11,5,30,2,uniform,30,P7_localsearch,162,522.0
11,5,30,2,uniform,30,P7_localsearch,163,597.0
11,5,30,2,uniform,30,P7_localsearch,164,465.0
11,5,30,2,uniform,30,P7_localsearch,165,465.0
11,5,30,2,uniform,30,P7_localsearch,166,511.0
11,5,30,2,uniform,30,P7_localsearch,167,505.0
11,5,30,2,uniform,30,P7_localsearch,168,512.0
11,5,30,2,uniform,30,P7_localsearch,169,561.0
11,5,30,2,uniform,30,P7_localsearch,170,540.0
11,5,30,2,uniform,30,P7_localsearch,171,531.0
11,5,30,2,uniform,30,P7_localsearch,172,528.0
11,5,30,2,uniform,30,P7_localsearch,173,530.0
11,5,30,2,uniform,30,P7_localsearch,174,513.0
11,5,30,2,uniform,30,P7_localsearch,175,531.0
11,5,30,2,uniform,30,P7_localsearch,176,548.0
11,5,30,2,uniform,30,P7_localsearch,177,518.0
11,5,30,2,uniform,30,P7_localsearch,178,465.0
11,5,30,2,uniform,30,P7_localsearch,179,589.0
11,5,30,2,uniform,30,P7_localsearch,180,494.0
11,5,30,2,uniform,30,P7_localsearch,181,497.0
11,5,30,2,uniform,30,P7_localsearch,182,485.0
11,5,30,2,uniform,30,P7_localsearch,183,465.0
11,5,30,2,uniform,30,P7_localsearch,184,512.0
11,5,30,2,uniform,30,P7_localsearch,185,510.0
11,5,30,2,uniform,30,P7_localsearch,186,538.0
11,5,30,2,uniform,30,P7_localsearch,187,522.0
11,5,30,2,uniform,30,P7_localsearch,188,439.0
11,5,30,2,uniform,30,P7_localsearch,189,525.0
11,5,30,2,uniform,30,P7_localsearch,190,553.0
11,5,30,2,uniform,30,P7_localsearch,191,523.0
11,5,30,2,uniform,30,P7_localsearch,192,567.0
11,5,30,2,uniform,30,P7_localsearch,193,507.0
11,5,30,2,uniform,30,P7_localsearch,194,590.0
11,5,30,2,uniform,30,P7_localsearch,195,574.0
11,5,30,2,uniform,30,P7_localsearch,196,471.0
11,5,30,2,uniform,30,P7_localsearch,197,568.0
11,5,30,2,uniform,30,P7_localsearch,198,565.0
11,5,30,2,uniform,30,P7_localsearch,199,562.0
