config_id,F,n_amrs,n_elevators,demand,size,arm,ops_policy,wave_id,makespan
1,3,5,2,uniform,8,random,fifo,0,109.0
1,3,5,2,uniform,8,random,fifo,1,80.0
1,3,5,2,uniform,8,random,fifo,2,143.0
1,3,5,2,uniform,8,random,fifo,3,109.0
1,3,5,2,uniform,8,random,fifo,4,100.0
1,3,5,2,uniform,8,random,fifo,5,76.0
1,3,5,2,uniform,8,random,fifo,6,81.0
1,3,5,2,uniform,8,random,fifo,7,112.0
1,3,5,2,uniform,8,random,fifo,8,90.0
1,3,5,2,uniform,8,random,fifo,9,71.0
1,3,5,2,uniform,8,random,fifo,10,119.0
1,3,5,2,uniform,8,random,fifo,11,114.0
1,3,5,2,uniform,8,random,fifo,12,113.0
1,3,5,2,uniform,8,random,fifo,13,118.0
1,3,5,2,uniform,8,random,fifo,14,109.0
1,3,5,2,uniform,8,random,fifo,15,113.0
1,3,5,2,uniform,8,random,fifo,16,109.0
1,3,5,2,uniform,8,random,fifo,17,100.0
1,3,5,2,uniform,8,random,fifo,18,118.0
1,3,5,2,uniform,8,random,fifo,19,100.0
1,3,5,2,uniform,8,random,fifo,20,71.0
1,3,5,2,uniform,8,random,fifo,21,99.0
1,3,5,2,uniform,8,random,fifo,22,113.0
1,3,5,2,uniform,8,random,fifo,23,81.0
1,3,5,2,uniform,8,random,fifo,24,80.0
1,3,5,2,uniform,8,random,fifo,25,132.0
1,3,5,2,uniform,8,random,fifo,26,123.0
1,3,5,2,uniform,8,random,fifo,27,112.0
1,3,5,2,uniform,8,random,fifo,28,114.0
1,3,5,2,uniform,8,random,fifo,29,85.0
1,3,5,2,uniform,8,random,fifo,30,142.0
1,3,5,2,uniform,8,random,fifo,31,114.0
1,3,5,2,uniform,8,random,fifo,32,113.0
1,3,5,2,uniform,8,random,fifo,33,76.0
1,3,5,2,uniform,8,random,fifo,34,147.0
1,3,5,2,uniform,8,random,fifo,35,95.0
1,3,5,2,uniform,8,random,fifo,36,80.0
1,3,5,2,uniform,8,random,fifo,37,128.0
1,3,5,2,uniform,8,random,fifo,38,108.0
1,3,5,2,uniform,8,random,fifo,39,118.0
1,3,5,2,uniform,8,random,fifo,40,103.0
1,3,5,2,uniform,8,random,fifo,41,93.0
1,3,5,2,uniform,8,random,fifo,42,89.0
1,3,5,2,uniform,8,random,fifo,43,113.0
1,3,5,2,uniform,8,random,fifo,44,123.0
1,3,5,2,uniform,8,random,fifo,45,99.0
1,3,5,2,uniform,8,random,fifo,46,66.0
1,3,5,2,uniform,8,random,fifo,47,100.0
1,3,5,2,uniform,8,random,fifo,48,85.0
1,3,5,2,uniform,8,random,fifo,49,81.0
1,3,5,2,uniform,8,random,fifo,50,71.0
1,3,5,2,uniform,8,random,fifo,51,85.0
1,3,5,2,uniform,8,random,fifo,52,109.0
1,3,5,2,uniform,8,random,fifo,53,119.0
1,3,5,2,uniform,8,random,fifo,54,133.0
1,3,5,2,uniform,8,random,fifo,55,99.0
1,3,5,2,uniform,8,random,fifo,56,105.0
1,3,5,2,uniform,8,random,fifo,57,119.0
1,3,5,2,uniform,8,random,fifo,58,129.0
1,3,5,2,uniform,8,random,fifo,59,105.0
1,3,5,2,uniform,8,random,fifo,60,76.0
1,3,5,2,uniform,8,random,fifo,61,109.0
1,3,5,2,uniform,8,random,fifo,62,95.0
1,3,5,2,uniform,8,random,fifo,63,128.0
1,3,5,2,uniform,8,random,fifo,64,138.0
1,3,5,2,uniform,8,random,fifo,65,128.0
1,3,5,2,uniform,8,random,fifo,66,133.0
1,3,5,2,uniform,8,random,fifo,67,76.0
1,3,5,2,uniform,8,random,fifo,68,85.0
1,3,5,2,uniform,8,random,fifo,69,137.0
1,3,5,2,uniform,8,random,fifo,70,38.0
1,3,5,2,uniform,8,random,fifo,71,109.0
1,3,5,2,uniform,8,random,fifo,72,94.0
1,3,5,2,uniform,8,random,fifo,73,90.0
1,3,5,2,uniform,8,random,fifo,74,132.0
1,3,5,2,uniform,8,random,fifo,75,119.0
1,3,5,2,uniform,8,random,fifo,76,123.0
1,3,5,2,uniform,8,random,fifo,77,81.0
1,3,5,2,uniform,8,random,fifo,78,95.0
1,3,5,2,uniform,8,random,fifo,79,119.0
1,3,5,2,uniform,8,random,fifo,80,99.0
1,3,5,2,uniform,8,random,fifo,81,86.0
1,3,5,2,uniform,8,random,fifo,82,85.0
1,3,5,2,uniform,8,random,fifo,83,128.0
1,3,5,2,uniform,8,random,fifo,84,99.0
1,3,5,2,uniform,8,random,fifo,85,103.0
1,3,5,2,uniform,8,random,fifo,86,137.0
1,3,5,2,uniform,8,random,fifo,87,76.0
1,3,5,2,uniform,8,random,fifo,88,95.0
1,3,5,2,uniform,8,random,fifo,89,96.0
1,3,5,2,uniform,8,random,fifo,90,95.0
1,3,5,2,uniform,8,random,fifo,91,132.0
1,3,5,2,uniform,8,random,fifo,92,95.0
1,3,5,2,uniform,8,random,fifo,93,89.0
1,3,5,2,uniform,8,random,fifo,94,118.0
1,3,5,2,uniform,8,random,fifo,95,104.0
1,3,5,2,uniform,8,random,fifo,96,76.0
1,3,5,2,uniform,8,random,fifo,97,103.0
1,3,5,2,uniform,8,random,fifo,98,114.0
1,3,5,2,uniform,8,random,fifo,99,134.0
1,3,5,2,uniform,8,random,fifo,100,65.0
1,3,5,2,uniform,8,random,fifo,101,95.0
1,3,5,2,uniform,8,random,fifo,102,66.0
1,3,5,2,uniform,8,random,fifo,103,128.0
1,3,5,2,uniform,8,random,fifo,104,95.0
1,3,5,2,uniform,8,random,fifo,105,94.0
1,3,5,2,uniform,8,random,fifo,106,90.0
1,3,5,2,uniform,8,random,fifo,107,90.0
1,3,5,2,uniform,8,random,fifo,108,114.0
1,3,5,2,uniform,8,random,fifo,109,66.0
1,3,5,2,uniform,8,random,fifo,110,124.0
1,3,5,2,uniform,8,random,fifo,111,118.0
1,3,5,2,uniform,8,random,fifo,112,118.0
1,3,5,2,uniform,8,random,fifo,113,118.0
1,3,5,2,uniform,8,random,fifo,114,138.0
1,3,5,2,uniform,8,random,fifo,115,86.0
1,3,5,2,uniform,8,random,fifo,116,100.0
1,3,5,2,uniform,8,random,fifo,117,128.0
1,3,5,2,uniform,8,random,fifo,118,85.0
1,3,5,2,uniform,8,random,fifo,119,109.0
1,3,5,2,uniform,8,random,fifo,120,71.0
1,3,5,2,uniform,8,random,fifo,121,119.0
1,3,5,2,uniform,8,random,fifo,122,57.0
1,3,5,2,uniform,8,random,fifo,123,109.0
1,3,5,2,uniform,8,random,fifo,124,113.0
1,3,5,2,uniform,8,random,fifo,125,123.0
1,3,5,2,uniform,8,random,fifo,126,85.0
1,3,5,2,uniform,8,random,fifo,127,119.0
1,3,5,2,uniform,8,random,fifo,128,90.0
1,3,5,2,uniform,8,random,fifo,129,129.0
1,3,5,2,uniform,8,random,fifo,130,128.0
1,3,5,2,uniform,8,random,fifo,131,100.0
1,3,5,2,uniform,8,random,fifo,132,99.0
1,3,5,2,uniform,8,random,fifo,133,80.0
1,3,5,2,uniform,8,random,fifo,134,119.0
1,3,5,2,uniform,8,random,fifo,135,85.0
1,3,5,2,uniform,8,random,fifo,136,104.0
1,3,5,2,uniform,8,random,fifo,137,86.0
1,3,5,2,uniform,8,random,fifo,138,90.0
1,3,5,2,uniform,8,random,fifo,139,71.0
1,3,5,2,uniform,8,random,fifo,140,119.0
1,3,5,2,uniform,8,random,fifo,141,71.0
1,3,5,2,uniform,8,random,fifo,142,100.0
1,3,5,2,uniform,8,random,fifo,143,123.0
1,3,5,2,uniform,8,random,fifo,144,90.0
1,3,5,2,uniform,8,random,fifo,145,94.0
1,3,5,2,uniform,8,random,fifo,146,108.0
1,3,5,2,uniform,8,random,fifo,147,114.0
1,3,5,2,uniform,8,random,fifo,148,110.0
1,3,5,2,uniform,8,random,fifo,149,71.0
1,3,5,2,uniform,8,random,fifo,150,162.0
1,3,5,2,uniform,8,random,fifo,151,62.0
1,3,5,2,uniform,8,random,fifo,152,71.0
1,3,5,2,uniform,8,random,fifo,153,90.0
1,3,5,2,uniform,8,random,fifo,154,110.0
1,3,5,2,uniform,8,random,fifo,155,138.0
1,3,5,2,uniform,8,random,fifo,156,71.0
1,3,5,2,uniform,8,random,fifo,157,127.0
1,3,5,2,uniform,8,random,fifo,158,109.0
1,3,5,2,uniform,8,random,fifo,159,104.0
1,3,5,2,uniform,8,random,fifo,160,76.0
1,3,5,2,uniform,8,random,fifo,161,90.0
1,3,5,2,uniform,8,random,fifo,162,86.0
1,3,5,2,uniform,8,random,fifo,163,72.0
1,3,5,2,uniform,8,random,fifo,164,99.0
1,3,5,2,uniform,8,random,fifo,165,90.0
1,3,5,2,uniform,8,random,fifo,166,124.0
1,3,5,2,uniform,8,random,fifo,167,62.0
1,3,5,2,uniform,8,random,fifo,168,132.0
1,3,5,2,uniform,8,random,fifo,169,104.0
1,3,5,2,uniform,8,random,fifo,170,100.0
1,3,5,2,uniform,8,random,fifo,171,123.0
1,3,5,2,uniform,8,random,fifo,172,90.0
1,3,5,2,uniform,8,random,fifo,173,109.0
1,3,5,2,uniform,8,random,fifo,174,86.0
1,3,5,2,uniform,8,random,fifo,175,119.0
1,3,5,2,uniform,8,random,fifo,176,113.0
1,3,5,2,uniform,8,random,fifo,177,95.0
1,3,5,2,uniform,8,random,fifo,178,76.0
1,3,5,2,uniform,8,random,fifo,179,147.0
1,3,5,2,uniform,8,random,fifo,180,57.0
1,3,5,2,uniform,8,random,fifo,181,85.0
1,3,5,2,uniform,8,random,fifo,182,142.0
1,3,5,2,uniform,8,random,fifo,183,148.0
1,3,5,2,uniform,8,random,fifo,184,105.0
1,3,5,2,uniform,8,random,fifo,185,109.0
1,3,5,2,uniform,8,random,fifo,186,129.0
1,3,5,2,uniform,8,random,fifo,187,80.0
1,3,5,2,uniform,8,random,fifo,188,71.0
1,3,5,2,uniform,8,random,fifo,189,95.0
1,3,5,2,uniform,8,random,fifo,190,105.0
1,3,5,2,uniform,8,random,fifo,191,137.0
1,3,5,2,uniform,8,random,fifo,192,76.0
1,3,5,2,uniform,8,random,fifo,193,109.0
1,3,5,2,uniform,8,random,fifo,194,85.0
1,3,5,2,uniform,8,random,fifo,195,147.0
1,3,5,2,uniform,8,random,fifo,196,99.0
1,3,5,2,uniform,8,random,fifo,197,99.0
1,3,5,2,uniform,8,random,fifo,198,85.0
1,3,5,2,uniform,8,random,fifo,199,76.0
1,3,5,2,uniform,8,random,cluster,0,118.0
1,3,5,2,uniform,8,random,cluster,1,100.0
1,3,5,2,uniform,8,random,cluster,2,109.0
1,3,5,2,uniform,8,random,cluster,3,90.0
1,3,5,2,uniform,8,random,cluster,4,104.0
1,3,5,2,uniform,8,random,cluster,5,65.0
1,3,5,2,uniform,8,random,cluster,6,71.0
1,3,5,2,uniform,8,random,cluster,7,71.0
1,3,5,2,uniform,8,random,cluster,8,81.0
1,3,5,2,uniform,8,random,cluster,9,66.0
1,3,5,2,uniform,8,random,cluster,10,114.0
1,3,5,2,uniform,8,random,cluster,11,100.0
1,3,5,2,uniform,8,random,cluster,12,99.0
1,3,5,2,uniform,8,random,cluster,13,81.0
1,3,5,2,uniform,8,random,cluster,14,61.0
1,3,5,2,uniform,8,random,cluster,15,104.0
1,3,5,2,uniform,8,random,cluster,16,109.0
1,3,5,2,uniform,8,random,cluster,17,109.0
1,3,5,2,uniform,8,random,cluster,18,66.0
1,3,5,2,uniform,8,random,cluster,19,110.0
1,3,5,2,uniform,8,random,cluster,20,80.0
1,3,5,2,uniform,8,random,cluster,21,85.0
1,3,5,2,uniform,8,random,cluster,22,85.0
1,3,5,2,uniform,8,random,cluster,23,81.0
1,3,5,2,uniform,8,random,cluster,24,100.0
1,3,5,2,uniform,8,random,cluster,25,134.0
1,3,5,2,uniform,8,random,cluster,26,85.0
1,3,5,2,uniform,8,random,cluster,27,71.0
1,3,5,2,uniform,8,random,cluster,28,80.0
1,3,5,2,uniform,8,random,cluster,29,99.0
1,3,5,2,uniform,8,random,cluster,30,75.0
1,3,5,2,uniform,8,random,cluster,31,86.0
1,3,5,2,uniform,8,random,cluster,32,95.0
1,3,5,2,uniform,8,random,cluster,33,61.0
1,3,5,2,uniform,8,random,cluster,34,109.0
1,3,5,2,uniform,8,random,cluster,35,66.0
1,3,5,2,uniform,8,random,cluster,36,47.0
1,3,5,2,uniform,8,random,cluster,37,114.0
1,3,5,2,uniform,8,random,cluster,38,85.0
1,3,5,2,uniform,8,random,cluster,39,86.0
1,3,5,2,uniform,8,random,cluster,40,99.0
1,3,5,2,uniform,8,random,cluster,41,114.0
1,3,5,2,uniform,8,random,cluster,42,71.0
1,3,5,2,uniform,8,random,cluster,43,90.0
1,3,5,2,uniform,8,random,cluster,44,90.0
1,3,5,2,uniform,8,random,cluster,45,81.0
1,3,5,2,uniform,8,random,cluster,46,95.0
1,3,5,2,uniform,8,random,cluster,47,76.0
1,3,5,2,uniform,8,random,cluster,48,80.0
1,3,5,2,uniform,8,random,cluster,49,90.0
1,3,5,2,uniform,8,random,cluster,50,71.0
1,3,5,2,uniform,8,random,cluster,51,114.0
1,3,5,2,uniform,8,random,cluster,52,104.0
1,3,5,2,uniform,8,random,cluster,53,90.0
1,3,5,2,uniform,8,random,cluster,54,95.0
1,3,5,2,uniform,8,random,cluster,55,104.0
1,3,5,2,uniform,8,random,cluster,56,99.0
1,3,5,2,uniform,8,random,cluster,57,85.0
1,3,5,2,uniform,8,random,cluster,58,95.0
1,3,5,2,uniform,8,random,cluster,59,85.0
1,3,5,2,uniform,8,random,cluster,60,85.0
1,3,5,2,uniform,8,random,cluster,61,80.0
1,3,5,2,uniform,8,random,cluster,62,95.0
1,3,5,2,uniform,8,random,cluster,63,118.0
1,3,5,2,uniform,8,random,cluster,64,90.0
1,3,5,2,uniform,8,random,cluster,65,100.0
1,3,5,2,uniform,8,random,cluster,66,95.0
1,3,5,2,uniform,8,random,cluster,67,61.0
1,3,5,2,uniform,8,random,cluster,68,95.0
1,3,5,2,uniform,8,random,cluster,69,133.0
1,3,5,2,uniform,8,random,cluster,70,38.0
1,3,5,2,uniform,8,random,cluster,71,71.0
1,3,5,2,uniform,8,random,cluster,72,85.0
1,3,5,2,uniform,8,random,cluster,73,85.0
1,3,5,2,uniform,8,random,cluster,74,76.0
1,3,5,2,uniform,8,random,cluster,75,104.0
1,3,5,2,uniform,8,random,cluster,76,138.0
1,3,5,2,uniform,8,random,cluster,77,90.0
1,3,5,2,uniform,8,random,cluster,78,100.0
1,3,5,2,uniform,8,random,cluster,79,84.0
1,3,5,2,uniform,8,random,cluster,80,75.0
1,3,5,2,uniform,8,random,cluster,81,100.0
1,3,5,2,uniform,8,random,cluster,82,95.0
1,3,5,2,uniform,8,random,cluster,83,80.0
1,3,5,2,uniform,8,random,cluster,84,118.0
1,3,5,2,uniform,8,random,cluster,85,109.0
1,3,5,2,uniform,8,random,cluster,86,128.0
1,3,5,2,uniform,8,random,cluster,87,91.0
1,3,5,2,uniform,8,random,cluster,88,66.0
1,3,5,2,uniform,8,random,cluster,89,111.0
1,3,5,2,uniform,8,random,cluster,90,91.0
1,3,5,2,uniform,8,random,cluster,91,104.0
1,3,5,2,uniform,8,random,cluster,92,71.0
1,3,5,2,uniform,8,random,cluster,93,118.0
1,3,5,2,uniform,8,random,cluster,94,138.0
1,3,5,2,uniform,8,random,cluster,95,71.0
1,3,5,2,uniform,8,random,cluster,96,76.0
1,3,5,2,uniform,8,random,cluster,97,94.0
1,3,5,2,uniform,8,random,cluster,98,105.0
1,3,5,2,uniform,8,random,cluster,99,76.0
1,3,5,2,uniform,8,random,cluster,100,53.0
1,3,5,2,uniform,8,random,cluster,101,67.0
1,3,5,2,uniform,8,random,cluster,102,71.0
1,3,5,2,uniform,8,random,cluster,103,123.0
1,3,5,2,uniform,8,random,cluster,104,80.0
1,3,5,2,uniform,8,random,cluster,105,90.0
1,3,5,2,uniform,8,random,cluster,106,66.0
1,3,5,2,uniform,8,random,cluster,107,71.0
1,3,5,2,uniform,8,random,cluster,108,105.0
1,3,5,2,uniform,8,random,cluster,109,66.0
1,3,5,2,uniform,8,random,cluster,110,109.0
1,3,5,2,uniform,8,random,cluster,111,134.0
1,3,5,2,uniform,8,random,cluster,112,134.0
1,3,5,2,uniform,8,random,cluster,113,99.0
1,3,5,2,uniform,8,random,cluster,114,95.0
1,3,5,2,uniform,8,random,cluster,115,100.0
1,3,5,2,uniform,8,random,cluster,116,86.0
1,3,5,2,uniform,8,random,cluster,117,115.0
1,3,5,2,uniform,8,random,cluster,118,80.0
1,3,5,2,uniform,8,random,cluster,119,75.0
1,3,5,2,uniform,8,random,cluster,120,95.0
1,3,5,2,uniform,8,random,cluster,121,90.0
1,3,5,2,uniform,8,random,cluster,122,76.0
1,3,5,2,uniform,8,random,cluster,123,109.0
1,3,5,2,uniform,8,random,cluster,124,99.0
1,3,5,2,uniform,8,random,cluster,125,90.0
1,3,5,2,uniform,8,random,cluster,126,75.0
1,3,5,2,uniform,8,random,cluster,127,95.0
1,3,5,2,uniform,8,random,cluster,128,70.0
1,3,5,2,uniform,8,random,cluster,129,90.0
1,3,5,2,uniform,8,random,cluster,130,114.0
1,3,5,2,uniform,8,random,cluster,131,86.0
1,3,5,2,uniform,8,random,cluster,132,104.0
1,3,5,2,uniform,8,random,cluster,133,66.0
1,3,5,2,uniform,8,random,cluster,134,119.0
1,3,5,2,uniform,8,random,cluster,135,61.0
1,3,5,2,uniform,8,random,cluster,136,91.0
1,3,5,2,uniform,8,random,cluster,137,120.0
1,3,5,2,uniform,8,random,cluster,138,66.0
1,3,5,2,uniform,8,random,cluster,139,66.0
1,3,5,2,uniform,8,random,cluster,140,114.0
1,3,5,2,uniform,8,random,cluster,141,80.0
1,3,5,2,uniform,8,random,cluster,142,105.0
1,3,5,2,uniform,8,random,cluster,143,104.0
1,3,5,2,uniform,8,random,cluster,144,109.0
1,3,5,2,uniform,8,random,cluster,145,70.0
1,3,5,2,uniform,8,random,cluster,146,75.0
1,3,5,2,uniform,8,random,cluster,147,90.0
1,3,5,2,uniform,8,random,cluster,148,76.0
1,3,5,2,uniform,8,random,cluster,149,66.0
1,3,5,2,uniform,8,random,cluster,150,94.0
1,3,5,2,uniform,8,random,cluster,151,104.0
1,3,5,2,uniform,8,random,cluster,152,71.0
1,3,5,2,uniform,8,random,cluster,153,85.0
1,3,5,2,uniform,8,random,cluster,154,72.0
1,3,5,2,uniform,8,random,cluster,155,114.0
1,3,5,2,uniform,8,random,cluster,156,71.0
1,3,5,2,uniform,8,random,cluster,157,108.0
1,3,5,2,uniform,8,random,cluster,158,81.0
1,3,5,2,uniform,8,random,cluster,159,76.0
1,3,5,2,uniform,8,random,cluster,160,81.0
1,3,5,2,uniform,8,random,cluster,161,85.0
1,3,5,2,uniform,8,random,cluster,162,80.0
1,3,5,2,uniform,8,random,cluster,163,71.0
1,3,5,2,uniform,8,random,cluster,164,123.0
1,3,5,2,uniform,8,random,cluster,165,80.0
1,3,5,2,uniform,8,random,cluster,166,105.0
1,3,5,2,uniform,8,random,cluster,167,104.0
1,3,5,2,uniform,8,random,cluster,168,123.0
1,3,5,2,uniform,8,random,cluster,169,56.0
1,3,5,2,uniform,8,random,cluster,170,124.0
1,3,5,2,uniform,8,random,cluster,171,95.0
1,3,5,2,uniform,8,random,cluster,172,85.0
1,3,5,2,uniform,8,random,cluster,173,104.0
1,3,5,2,uniform,8,random,cluster,174,129.0
1,3,5,2,uniform,8,random,cluster,175,90.0
1,3,5,2,uniform,8,random,cluster,176,94.0
1,3,5,2,uniform,8,random,cluster,177,100.0
1,3,5,2,uniform,8,random,cluster,178,62.0
1,3,5,2,uniform,8,random,cluster,179,123.0
1,3,5,2,uniform,8,random,cluster,180,81.0
1,3,5,2,uniform,8,random,cluster,181,95.0
1,3,5,2,uniform,8,random,cluster,182,137.0
1,3,5,2,uniform,8,random,cluster,183,110.0
1,3,5,2,uniform,8,random,cluster,184,71.0
1,3,5,2,uniform,8,random,cluster,185,104.0
1,3,5,2,uniform,8,random,cluster,186,119.0
1,3,5,2,uniform,8,random,cluster,187,57.0
1,3,5,2,uniform,8,random,cluster,188,66.0
1,3,5,2,uniform,8,random,cluster,189,100.0
1,3,5,2,uniform,8,random,cluster,190,81.0
1,3,5,2,uniform,8,random,cluster,191,133.0
1,3,5,2,uniform,8,random,cluster,192,76.0
1,3,5,2,uniform,8,random,cluster,193,108.0
1,3,5,2,uniform,8,random,cluster,194,95.0
1,3,5,2,uniform,8,random,cluster,195,99.0
1,3,5,2,uniform,8,random,cluster,196,94.0
1,3,5,2,uniform,8,random,cluster,197,66.0
1,3,5,2,uniform,8,random,cluster,198,76.0
1,3,5,2,uniform,8,random,cluster,199,66.0
1,3,5,2,uniform,8,phi_corner,fifo,0,119.0
1,3,5,2,uniform,8,phi_corner,fifo,1,119.0
1,3,5,2,uniform,8,phi_corner,fifo,2,118.0
1,3,5,2,uniform,8,phi_corner,fifo,3,76.0
1,3,5,2,uniform,8,phi_corner,fifo,4,71.0
1,3,5,2,uniform,8,phi_corner,fifo,5,80.0
1,3,5,2,uniform,8,phi_corner,fifo,6,100.0
1,3,5,2,uniform,8,phi_corner,fifo,7,142.0
1,3,5,2,uniform,8,phi_corner,fifo,8,124.0
1,3,5,2,uniform,8,phi_corner,fifo,9,72.0
1,3,5,2,uniform,8,phi_corner,fifo,10,85.0
1,3,5,2,uniform,8,phi_corner,fifo,11,99.0
1,3,5,2,uniform,8,phi_corner,fifo,12,109.0
1,3,5,2,uniform,8,phi_corner,fifo,13,66.0
1,3,5,2,uniform,8,phi_corner,fifo,14,113.0
1,3,5,2,uniform,8,phi_corner,fifo,15,100.0
1,3,5,2,uniform,8,phi_corner,fifo,16,138.0
1,3,5,2,uniform,8,phi_corner,fifo,17,104.0
1,3,5,2,uniform,8,phi_corner,fifo,18,76.0
1,3,5,2,uniform,8,phi_corner,fifo,19,109.0
1,3,5,2,uniform,8,phi_corner,fifo,20,86.0
1,3,5,2,uniform,8,phi_corner,fifo,21,103.0
1,3,5,2,uniform,8,phi_corner,fifo,22,118.0
1,3,5,2,uniform,8,phi_corner,fifo,23,71.0
1,3,5,2,uniform,8,phi_corner,fifo,24,76.0
1,3,5,2,uniform,8,phi_corner,fifo,25,57.0
1,3,5,2,uniform,8,phi_corner,fifo,26,119.0
1,3,5,2,uniform,8,phi_corner,fifo,27,72.0
1,3,5,2,uniform,8,phi_corner,fifo,28,99.0
1,3,5,2,uniform,8,phi_corner,fifo,29,100.0
1,3,5,2,uniform,8,phi_corner,fifo,30,113.0
1,3,5,2,uniform,8,phi_corner,fifo,31,109.0
1,3,5,2,uniform,8,phi_corner,fifo,32,76.0
1,3,5,2,uniform,8,phi_corner,fifo,33,67.0
1,3,5,2,uniform,8,phi_corner,fifo,34,109.0
1,3,5,2,uniform,8,phi_corner,fifo,35,109.0
1,3,5,2,uniform,8,phi_corner,fifo,36,133.0
1,3,5,2,uniform,8,phi_corner,fifo,37,71.0
1,3,5,2,uniform,8,phi_corner,fifo,38,76.0
1,3,5,2,uniform,8,phi_corner,fifo,39,80.0
1,3,5,2,uniform,8,phi_corner,fifo,40,75.0
1,3,5,2,uniform,8,phi_corner,fifo,41,117.0
1,3,5,2,uniform,8,phi_corner,fifo,42,80.0
1,3,5,2,uniform,8,phi_corner,fifo,43,99.0
1,3,5,2,uniform,8,phi_corner,fifo,44,109.0
1,3,5,2,uniform,8,phi_corner,fifo,45,72.0
1,3,5,2,uniform,8,phi_corner,fifo,46,81.0
1,3,5,2,uniform,8,phi_corner,fifo,47,114.0
1,3,5,2,uniform,8,phi_corner,fifo,48,75.0
1,3,5,2,uniform,8,phi_corner,fifo,49,109.0
1,3,5,2,uniform,8,phi_corner,fifo,50,94.0
1,3,5,2,uniform,8,phi_corner,fifo,51,119.0
1,3,5,2,uniform,8,phi_corner,fifo,52,129.0
1,3,5,2,uniform,8,phi_corner,fifo,53,86.0
1,3,5,2,uniform,8,phi_corner,fifo,54,109.0
1,3,5,2,uniform,8,phi_corner,fifo,55,85.0
1,3,5,2,uniform,8,phi_corner,fifo,56,99.0
1,3,5,2,uniform,8,phi_corner,fifo,57,100.0
1,3,5,2,uniform,8,phi_corner,fifo,58,100.0
1,3,5,2,uniform,8,phi_corner,fifo,59,104.0
1,3,5,2,uniform,8,phi_corner,fifo,60,90.0
1,3,5,2,uniform,8,phi_corner,fifo,61,104.0
1,3,5,2,uniform,8,phi_corner,fifo,62,132.0
1,3,5,2,uniform,8,phi_corner,fifo,63,85.0
1,3,5,2,uniform,8,phi_corner,fifo,64,133.0
1,3,5,2,uniform,8,phi_corner,fifo,65,66.0
1,3,5,2,uniform,8,phi_corner,fifo,66,128.0
1,3,5,2,uniform,8,phi_corner,fifo,67,90.0
1,3,5,2,uniform,8,phi_corner,fifo,68,114.0
1,3,5,2,uniform,8,phi_corner,fifo,69,66.0
1,3,5,2,uniform,8,phi_corner,fifo,70,119.0
1,3,5,2,uniform,8,phi_corner,fifo,71,85.0
1,3,5,2,uniform,8,phi_corner,fifo,72,90.0
1,3,5,2,uniform,8,phi_corner,fifo,73,86.0
1,3,5,2,uniform,8,phi_corner,fifo,74,80.0
1,3,5,2,uniform,8,phi_corner,fifo,75,72.0
1,3,5,2,uniform,8,phi_corner,fifo,76,99.0
1,3,5,2,uniform,8,phi_corner,fifo,77,66.0
1,3,5,2,uniform,8,phi_corner,fifo,78,84.0
1,3,5,2,uniform,8,phi_corner,fifo,79,99.0
1,3,5,2,uniform,8,phi_corner,fifo,80,80.0
1,3,5,2,uniform,8,phi_corner,fifo,81,100.0
1,3,5,2,uniform,8,phi_corner,fifo,82,81.0
1,3,5,2,uniform,8,phi_corner,fifo,83,109.0
1,3,5,2,uniform,8,phi_corner,fifo,84,76.0
1,3,5,2,uniform,8,phi_corner,fifo,85,100.0
1,3,5,2,uniform,8,phi_corner,fifo,86,85.0
1,3,5,2,uniform,8,phi_corner,fifo,87,124.0
1,3,5,2,uniform,8,phi_corner,fifo,88,88.0
1,3,5,2,uniform,8,phi_corner,fifo,89,71.0
1,3,5,2,uniform,8,phi_corner,fifo,90,124.0
1,3,5,2,uniform,8,phi_corner,fifo,91,66.0
1,3,5,2,uniform,8,phi_corner,fifo,92,115.0
1,3,5,2,uniform,8,phi_corner,fifo,93,71.0
1,3,5,2,uniform,8,phi_corner,fifo,94,90.0
1,3,5,2,uniform,8,phi_corner,fifo,95,115.0
1,3,5,2,uniform,8,phi_corner,fifo,96,109.0
1,3,5,2,uniform,8,phi_corner,fifo,97,85.0
1,3,5,2,uniform,8,phi_corner,fifo,98,109.0
1,3,5,2,uniform,8,phi_corner,fifo,99,109.0
1,3,5,2,uniform,8,phi_corner,fifo,100,95.0
1,3,5,2,uniform,8,phi_corner,fifo,101,105.0
1,3,5,2,uniform,8,phi_corner,fifo,102,124.0
1,3,5,2,uniform,8,phi_corner,fifo,103,99.0
1,3,5,2,uniform,8,phi_corner,fifo,104,109.0
1,3,5,2,uniform,8,phi_corner,fifo,105,71.0
1,3,5,2,uniform,8,phi_corner,fifo,106,71.0
1,3,5,2,uniform,8,phi_corner,fifo,107,109.0
1,3,5,2,uniform,8,phi_corner,fifo,108,84.0
1,3,5,2,uniform,8,phi_corner,fifo,109,99.0
1,3,5,2,uniform,8,phi_corner,fifo,110,61.0
1,3,5,2,uniform,8,phi_corner,fifo,111,96.0
1,3,5,2,uniform,8,phi_corner,fifo,112,71.0
1,3,5,2,uniform,8,phi_corner,fifo,113,108.0
1,3,5,2,uniform,8,phi_corner,fifo,114,85.0
1,3,5,2,uniform,8,phi_corner,fifo,115,66.0
1,3,5,2,uniform,8,phi_corner,fifo,116,114.0
1,3,5,2,uniform,8,phi_corner,fifo,117,80.0
1,3,5,2,uniform,8,phi_corner,fifo,118,76.0
1,3,5,2,uniform,8,phi_corner,fifo,119,133.0
1,3,5,2,uniform,8,phi_corner,fifo,120,99.0
1,3,5,2,uniform,8,phi_corner,fifo,121,133.0
1,3,5,2,uniform,8,phi_corner,fifo,122,109.0
1,3,5,2,uniform,8,phi_corner,fifo,123,71.0
1,3,5,2,uniform,8,phi_corner,fifo,124,104.0
1,3,5,2,uniform,8,phi_corner,fifo,125,75.0
1,3,5,2,uniform,8,phi_corner,fifo,126,89.0
1,3,5,2,uniform,8,phi_corner,fifo,127,109.0
1,3,5,2,uniform,8,phi_corner,fifo,128,129.0
1,3,5,2,uniform,8,phi_corner,fifo,129,80.0
1,3,5,2,uniform,8,phi_corner,fifo,130,71.0
1,3,5,2,uniform,8,phi_corner,fifo,131,158.0
1,3,5,2,uniform,8,phi_corner,fifo,132,47.0
1,3,5,2,uniform,8,phi_corner,fifo,133,100.0
1,3,5,2,uniform,8,phi_corner,fifo,134,95.0
1,3,5,2,uniform,8,phi_corner,fifo,135,109.0
1,3,5,2,uniform,8,phi_corner,fifo,136,109.0
1,3,5,2,uniform,8,phi_corner,fifo,137,80.0
1,3,5,2,uniform,8,phi_corner,fifo,138,115.0
1,3,5,2,uniform,8,phi_corner,fifo,139,139.0
1,3,5,2,uniform,8,phi_corner,fifo,140,108.0
1,3,5,2,uniform,8,phi_corner,fifo,141,133.0
1,3,5,2,uniform,8,phi_corner,fifo,142,90.0
1,3,5,2,uniform,8,phi_corner,fifo,143,71.0
1,3,5,2,uniform,8,phi_corner,fifo,144,81.0
1,3,5,2,uniform,8,phi_corner,fifo,145,66.0
1,3,5,2,uniform,8,phi_corner,fifo,146,147.0
1,3,5,2,uniform,8,phi_corner,fifo,147,80.0
1,3,5,2,uniform,8,phi_corner,fifo,148,80.0
1,3,5,2,uniform,8,phi_corner,fifo,149,100.0
1,3,5,2,uniform,8,phi_corner,fifo,150,95.0
1,3,5,2,uniform,8,phi_corner,fifo,151,100.0
1,3,5,2,uniform,8,phi_corner,fifo,152,99.0
1,3,5,2,uniform,8,phi_corner,fifo,153,95.0
1,3,5,2,uniform,8,phi_corner,fifo,154,80.0
1,3,5,2,uniform,8,phi_corner,fifo,155,105.0
1,3,5,2,uniform,8,phi_corner,fifo,156,109.0
1,3,5,2,uniform,8,phi_corner,fifo,157,89.0
1,3,5,2,uniform,8,phi_corner,fifo,158,104.0
1,3,5,2,uniform,8,phi_corner,fifo,159,95.0
1,3,5,2,uniform,8,phi_corner,fifo,160,67.0
1,3,5,2,uniform,8,phi_corner,fifo,161,95.0
1,3,5,2,uniform,8,phi_corner,fifo,162,118.0
1,3,5,2,uniform,8,phi_corner,fifo,163,133.0
1,3,5,2,uniform,8,phi_corner,fifo,164,84.0
1,3,5,2,uniform,8,phi_corner,fifo,165,66.0
1,3,5,2,uniform,8,phi_corner,fifo,166,104.0
1,3,5,2,uniform,8,phi_corner,fifo,167,80.0
1,3,5,2,uniform,8,phi_corner,fifo,168,119.0
1,3,5,2,uniform,8,phi_corner,fifo,169,71.0
1,3,5,2,uniform,8,phi_corner,fifo,170,99.0
1,3,5,2,uniform,8,phi_corner,fifo,171,108.0
1,3,5,2,uniform,8,phi_corner,fifo,172,95.0
1,3,5,2,uniform,8,phi_corner,fifo,173,61.0
1,3,5,2,uniform,8,phi_corner,fifo,174,85.0
1,3,5,2,uniform,8,phi_corner,fifo,175,47.0
1,3,5,2,uniform,8,phi_corner,fifo,176,66.0
1,3,5,2,uniform,8,phi_corner,fifo,177,133.0
1,3,5,2,uniform,8,phi_corner,fifo,178,108.0
1,3,5,2,uniform,8,phi_corner,fifo,179,89.0
1,3,5,2,uniform,8,phi_corner,fifo,180,84.0
1,3,5,2,uniform,8,phi_corner,fifo,181,80.0
1,3,5,2,uniform,8,phi_corner,fifo,182,118.0
1,3,5,2,uniform,8,phi_corner,fifo,183,85.0
1,3,5,2,uniform,8,phi_corner,fifo,184,138.0
1,3,5,2,uniform,8,phi_corner,fifo,185,85.0
1,3,5,2,uniform,8,phi_corner,fifo,186,129.0
1,3,5,2,uniform,8,phi_corner,fifo,187,124.0
1,3,5,2,uniform,8,phi_corner,fifo,188,80.0
1,3,5,2,uniform,8,phi_corner,fifo,189,128.0
1,3,5,2,uniform,8,phi_corner,fifo,190,104.0
1,3,5,2,uniform,8,phi_corner,fifo,191,147.0
1,3,5,2,uniform,8,phi_corner,fifo,192,100.0
1,3,5,2,uniform,8,phi_corner,fifo,193,94.0
1,3,5,2,uniform,8,phi_corner,fifo,194,72.0
1,3,5,2,uniform,8,phi_corner,fifo,195,89.0
1,3,5,2,uniform,8,phi_corner,fifo,196,90.0
1,3,5,2,uniform,8,phi_corner,fifo,197,109.0
1,3,5,2,uniform,8,phi_corner,fifo,198,80.0
1,3,5,2,uniform,8,phi_corner,fifo,199,71.0
1,3,5,2,uniform,8,phi_corner,cluster,0,95.0
1,3,5,2,uniform,8,phi_corner,cluster,1,76.0
1,3,5,2,uniform,8,phi_corner,cluster,2,104.0
1,3,5,2,uniform,8,phi_corner,cluster,3,80.0
1,3,5,2,uniform,8,phi_corner,cluster,4,66.0
1,3,5,2,uniform,8,phi_corner,cluster,5,75.0
1,3,5,2,uniform,8,phi_corner,cluster,6,95.0
1,3,5,2,uniform,8,phi_corner,cluster,7,89.0
1,3,5,2,uniform,8,phi_corner,cluster,8,105.0
1,3,5,2,uniform,8,phi_corner,cluster,9,81.0
1,3,5,2,uniform,8,phi_corner,cluster,10,99.0
1,3,5,2,uniform,8,phi_corner,cluster,11,95.0
1,3,5,2,uniform,8,phi_corner,cluster,12,90.0
1,3,5,2,uniform,8,phi_corner,cluster,13,81.0
1,3,5,2,uniform,8,phi_corner,cluster,14,104.0
1,3,5,2,uniform,8,phi_corner,cluster,15,95.0
1,3,5,2,uniform,8,phi_corner,cluster,16,110.0
1,3,5,2,uniform,8,phi_corner,cluster,17,105.0
1,3,5,2,uniform,8,phi_corner,cluster,18,85.0
1,3,5,2,uniform,8,phi_corner,cluster,19,105.0
1,3,5,2,uniform,8,phi_corner,cluster,20,57.0
1,3,5,2,uniform,8,phi_corner,cluster,21,114.0
1,3,5,2,uniform,8,phi_corner,cluster,22,104.0
1,3,5,2,uniform,8,phi_corner,cluster,23,67.0
1,3,5,2,uniform,8,phi_corner,cluster,24,80.0
1,3,5,2,uniform,8,phi_corner,cluster,25,76.0
1,3,5,2,uniform,8,phi_corner,cluster,26,100.0
1,3,5,2,uniform,8,phi_corner,cluster,27,71.0
1,3,5,2,uniform,8,phi_corner,cluster,28,75.0
1,3,5,2,uniform,8,phi_corner,cluster,29,57.0
1,3,5,2,uniform,8,phi_corner,cluster,30,104.0
1,3,5,2,uniform,8,phi_corner,cluster,31,85.0
1,3,5,2,uniform,8,phi_corner,cluster,32,81.0
1,3,5,2,uniform,8,phi_corner,cluster,33,76.0
1,3,5,2,uniform,8,phi_corner,cluster,34,90.0
1,3,5,2,uniform,8,phi_corner,cluster,35,123.0
1,3,5,2,uniform,8,phi_corner,cluster,36,109.0
1,3,5,2,uniform,8,phi_corner,cluster,37,104.0
1,3,5,2,uniform,8,phi_corner,cluster,38,90.0
1,3,5,2,uniform,8,phi_corner,cluster,39,62.0
1,3,5,2,uniform,8,phi_corner,cluster,40,66.0
1,3,5,2,uniform,8,phi_corner,cluster,41,104.0
1,3,5,2,uniform,8,phi_corner,cluster,42,75.0
1,3,5,2,uniform,8,phi_corner,cluster,43,75.0
1,3,5,2,uniform,8,phi_corner,cluster,44,65.0
1,3,5,2,uniform,8,phi_corner,cluster,45,71.0
1,3,5,2,uniform,8,phi_corner,cluster,46,85.0
1,3,5,2,uniform,8,phi_corner,cluster,47,76.0
1,3,5,2,uniform,8,phi_corner,cluster,48,57.0
1,3,5,2,uniform,8,phi_corner,cluster,49,95.0
1,3,5,2,uniform,8,phi_corner,cluster,50,85.0
1,3,5,2,uniform,8,phi_corner,cluster,51,85.0
1,3,5,2,uniform,8,phi_corner,cluster,52,114.0
1,3,5,2,uniform,8,phi_corner,cluster,53,57.0
1,3,5,2,uniform,8,phi_corner,cluster,54,85.0
1,3,5,2,uniform,8,phi_corner,cluster,55,48.0
1,3,5,2,uniform,8,phi_corner,cluster,56,119.0
1,3,5,2,uniform,8,phi_corner,cluster,57,57.0
1,3,5,2,uniform,8,phi_corner,cluster,58,67.0
1,3,5,2,uniform,8,phi_corner,cluster,59,133.0
1,3,5,2,uniform,8,phi_corner,cluster,60,95.0
1,3,5,2,uniform,8,phi_corner,cluster,61,71.0
1,3,5,2,uniform,8,phi_corner,cluster,62,80.0
1,3,5,2,uniform,8,phi_corner,cluster,63,104.0
1,3,5,2,uniform,8,phi_corner,cluster,64,109.0
1,3,5,2,uniform,8,phi_corner,cluster,65,94.0
1,3,5,2,uniform,8,phi_corner,cluster,66,90.0
1,3,5,2,uniform,8,phi_corner,cluster,67,95.0
1,3,5,2,uniform,8,phi_corner,cluster,68,76.0
1,3,5,2,uniform,8,phi_corner,cluster,69,94.0
1,3,5,2,uniform,8,phi_corner,cluster,70,100.0
1,3,5,2,uniform,8,phi_corner,cluster,71,90.0
1,3,5,2,uniform,8,phi_corner,cluster,72,67.0
1,3,5,2,uniform,8,phi_corner,cluster,73,57.0
1,3,5,2,uniform,8,phi_corner,cluster,74,66.0
1,3,5,2,uniform,8,phi_corner,cluster,75,81.0
1,3,5,2,uniform,8,phi_corner,cluster,76,119.0
1,3,5,2,uniform,8,phi_corner,cluster,77,56.0
1,3,5,2,uniform,8,phi_corner,cluster,78,70.0
1,3,5,2,uniform,8,phi_corner,cluster,79,81.0
1,3,5,2,uniform,8,phi_corner,cluster,80,128.0
1,3,5,2,uniform,8,phi_corner,cluster,81,95.0
1,3,5,2,uniform,8,phi_corner,cluster,82,57.0
1,3,5,2,uniform,8,phi_corner,cluster,83,123.0
1,3,5,2,uniform,8,phi_corner,cluster,84,81.0
1,3,5,2,uniform,8,phi_corner,cluster,85,71.0
1,3,5,2,uniform,8,phi_corner,cluster,86,52.0
1,3,5,2,uniform,8,phi_corner,cluster,87,70.0
1,3,5,2,uniform,8,phi_corner,cluster,88,99.0
1,3,5,2,uniform,8,phi_corner,cluster,89,104.0
1,3,5,2,uniform,8,phi_corner,cluster,90,96.0
1,3,5,2,uniform,8,phi_corner,cluster,91,52.0
1,3,5,2,uniform,8,phi_corner,cluster,92,81.0
1,3,5,2,uniform,8,phi_corner,cluster,93,66.0
1,3,5,2,uniform,8,phi_corner,cluster,94,61.0
1,3,5,2,uniform,8,phi_corner,cluster,95,81.0
1,3,5,2,uniform,8,phi_corner,cluster,96,85.0
1,3,5,2,uniform,8,phi_corner,cluster,97,114.0
1,3,5,2,uniform,8,phi_corner,cluster,98,104.0
1,3,5,2,uniform,8,phi_corner,cluster,99,95.0
1,3,5,2,uniform,8,phi_corner,cluster,100,76.0
1,3,5,2,uniform,8,phi_corner,cluster,101,85.0
1,3,5,2,uniform,8,phi_corner,cluster,102,105.0
1,3,5,2,uniform,8,phi_corner,cluster,103,99.0
1,3,5,2,uniform,8,phi_corner,cluster,104,95.0
1,3,5,2,uniform,8,phi_corner,cluster,105,100.0
1,3,5,2,uniform,8,phi_corner,cluster,106,89.0
1,3,5,2,uniform,8,phi_corner,cluster,107,104.0
1,3,5,2,uniform,8,phi_corner,cluster,108,70.0
1,3,5,2,uniform,8,phi_corner,cluster,109,90.0
1,3,5,2,uniform,8,phi_corner,cluster,110,94.0
1,3,5,2,uniform,8,phi_corner,cluster,111,76.0
1,3,5,2,uniform,8,phi_corner,cluster,112,66.0
1,3,5,2,uniform,8,phi_corner,cluster,113,109.0
1,3,5,2,uniform,8,phi_corner,cluster,114,114.0
1,3,5,2,uniform,8,phi_corner,cluster,115,71.0
1,3,5,2,uniform,8,phi_corner,cluster,116,76.0
1,3,5,2,uniform,8,phi_corner,cluster,117,128.0
1,3,5,2,uniform,8,phi_corner,cluster,118,80.0
1,3,5,2,uniform,8,phi_corner,cluster,119,109.0
1,3,5,2,uniform,8,phi_corner,cluster,120,85.0
1,3,5,2,uniform,8,phi_corner,cluster,121,95.0
1,3,5,2,uniform,8,phi_corner,cluster,122,100.0
1,3,5,2,uniform,8,phi_corner,cluster,123,89.0
1,3,5,2,uniform,8,phi_corner,cluster,124,56.0
1,3,5,2,uniform,8,phi_corner,cluster,125,85.0
1,3,5,2,uniform,8,phi_corner,cluster,126,123.0
1,3,5,2,uniform,8,phi_corner,cluster,127,110.0
1,3,5,2,uniform,8,phi_corner,cluster,128,90.0
1,3,5,2,uniform,8,phi_corner,cluster,129,75.0
1,3,5,2,uniform,8,phi_corner,cluster,130,89.0
1,3,5,2,uniform,8,phi_corner,cluster,131,119.0
1,3,5,2,uniform,8,phi_corner,cluster,132,62.0
1,3,5,2,uniform,8,phi_corner,cluster,133,90.0
1,3,5,2,uniform,8,phi_corner,cluster,134,95.0
1,3,5,2,uniform,8,phi_corner,cluster,135,80.0
1,3,5,2,uniform,8,phi_corner,cluster,136,95.0
1,3,5,2,uniform,8,phi_corner,cluster,137,99.0
1,3,5,2,uniform,8,phi_corner,cluster,138,81.0
1,3,5,2,uniform,8,phi_corner,cluster,139,100.0
1,3,5,2,uniform,8,phi_corner,cluster,140,109.0
1,3,5,2,uniform,8,phi_corner,cluster,141,95.0
1,3,5,2,uniform,8,phi_corner,cluster,142,61.0
1,3,5,2,uniform,8,phi_corner,cluster,143,89.0
1,3,5,2,uniform,8,phi_corner,cluster,144,80.0
1,3,5,2,uniform,8,phi_corner,cluster,145,56.0
1,3,5,2,uniform,8,phi_corner,cluster,146,94.0
1,3,5,2,uniform,8,phi_corner,cluster,147,62.0
1,3,5,2,uniform,8,phi_corner,cluster,148,133.0
1,3,5,2,uniform,8,phi_corner,cluster,149,57.0
1,3,5,2,uniform,8,phi_corner,cluster,150,85.0
1,3,5,2,uniform,8,phi_corner,cluster,151,85.0
1,3,5,2,uniform,8,phi_corner,cluster,152,123.0
1,3,5,2,uniform,8,phi_corner,cluster,153,85.0
1,3,5,2,uniform,8,phi_corner,cluster,154,80.0
1,3,5,2,uniform,8,phi_corner,cluster,155,85.0
1,3,5,2,uniform,8,phi_corner,cluster,156,90.0
1,3,5,2,uniform,8,phi_corner,cluster,157,114.0
1,3,5,2,uniform,8,phi_corner,cluster,158,56.0
1,3,5,2,uniform,8,phi_corner,cluster,159,95.0
1,3,5,2,uniform,8,phi_corner,cluster,160,76.0
1,3,5,2,uniform,8,phi_corner,cluster,161,95.0
1,3,5,2,uniform,8,phi_corner,cluster,162,104.0
1,3,5,2,uniform,8,phi_corner,cluster,163,95.0
1,3,5,2,uniform,8,phi_corner,cluster,164,70.0
1,3,5,2,uniform,8,phi_corner,cluster,165,94.0
1,3,5,2,uniform,8,phi_corner,cluster,166,133.0
1,3,5,2,uniform,8,phi_corner,cluster,167,133.0
1,3,5,2,uniform,8,phi_corner,cluster,168,104.0
1,3,5,2,uniform,8,phi_corner,cluster,169,90.0
1,3,5,2,uniform,8,phi_corner,cluster,170,99.0
1,3,5,2,uniform,8,phi_corner,cluster,171,128.0
1,3,5,2,uniform,8,phi_corner,cluster,172,94.0
1,3,5,2,uniform,8,phi_corner,cluster,173,94.0
1,3,5,2,uniform,8,phi_corner,cluster,174,80.0
1,3,5,2,uniform,8,phi_corner,cluster,175,62.0
1,3,5,2,uniform,8,phi_corner,cluster,176,56.0
1,3,5,2,uniform,8,phi_corner,cluster,177,109.0
1,3,5,2,uniform,8,phi_corner,cluster,178,109.0
1,3,5,2,uniform,8,phi_corner,cluster,179,99.0
1,3,5,2,uniform,8,phi_corner,cluster,180,84.0
1,3,5,2,uniform,8,phi_corner,cluster,181,99.0
1,3,5,2,uniform,8,phi_corner,cluster,182,105.0
1,3,5,2,uniform,8,phi_corner,cluster,183,80.0
1,3,5,2,uniform,8,phi_corner,cluster,184,110.0
1,3,5,2,uniform,8,phi_corner,cluster,185,52.0
1,3,5,2,uniform,8,phi_corner,cluster,186,90.0
1,3,5,2,uniform,8,phi_corner,cluster,187,96.0
1,3,5,2,uniform,8,phi_corner,cluster,188,90.0
1,3,5,2,uniform,8,phi_corner,cluster,189,90.0
1,3,5,2,uniform,8,phi_corner,cluster,190,120.0
1,3,5,2,uniform,8,phi_corner,cluster,191,128.0
1,3,5,2,uniform,8,phi_corner,cluster,192,67.0
1,3,5,2,uniform,8,phi_corner,cluster,193,80.0
1,3,5,2,uniform,8,phi_corner,cluster,194,81.0
1,3,5,2,uniform,8,phi_corner,cluster,195,99.0
1,3,5,2,uniform,8,phi_corner,cluster,196,80.0
1,3,5,2,uniform,8,phi_corner,cluster,197,80.0
1,3,5,2,uniform,8,phi_corner,cluster,198,75.0
1,3,5,2,uniform,8,phi_corner,cluster,199,66.0
1,3,5,2,uniform,30,random,fifo,0,259.0
1,3,5,2,uniform,30,random,fifo,1,284.0
1,3,5,2,uniform,30,random,fifo,2,307.0
1,3,5,2,uniform,30,random,fifo,3,398.0
1,3,5,2,uniform,30,random,fifo,4,393.0
1,3,5,2,uniform,30,random,fifo,5,292.0
1,3,5,2,uniform,30,random,fifo,6,436.0
1,3,5,2,uniform,30,random,fifo,7,260.0
1,3,5,2,uniform,30,random,fifo,8,346.0
1,3,5,2,uniform,30,random,fifo,9,328.0
1,3,5,2,uniform,30,random,fifo,10,406.0
1,3,5,2,uniform,30,random,fifo,11,369.0
1,3,5,2,uniform,30,random,fifo,12,401.0
1,3,5,2,uniform,30,random,fifo,13,320.0
1,3,5,2,uniform,30,random,fifo,14,364.0
1,3,5,2,uniform,30,random,fifo,15,353.0
1,3,5,2,uniform,30,random,fifo,16,294.0
1,3,5,2,uniform,30,random,fifo,17,450.0
1,3,5,2,uniform,30,random,fifo,18,277.0
1,3,5,2,uniform,30,random,fifo,19,302.0
1,3,5,2,uniform,30,random,fifo,20,321.0
1,3,5,2,uniform,30,random,fifo,21,341.0
1,3,5,2,uniform,30,random,fifo,22,425.0
1,3,5,2,uniform,30,random,fifo,23,360.0
1,3,5,2,uniform,30,random,fifo,24,381.0
1,3,5,2,uniform,30,random,fifo,25,263.0
1,3,5,2,uniform,30,random,fifo,26,379.0
1,3,5,2,uniform,30,random,fifo,27,343.0
1,3,5,2,uniform,30,random,fifo,28,365.0
1,3,5,2,uniform,30,random,fifo,29,378.0
1,3,5,2,uniform,30,random,fifo,30,355.0
1,3,5,2,uniform,30,random,fifo,31,384.0
1,3,5,2,uniform,30,random,fifo,32,336.0
1,3,5,2,uniform,30,random,fifo,33,259.0
1,3,5,2,uniform,30,random,fifo,34,381.0
1,3,5,2,uniform,30,random,fifo,35,261.0
1,3,5,2,uniform,30,random,fifo,36,331.0
1,3,5,2,uniform,30,random,fifo,37,312.0
1,3,5,2,uniform,30,random,fifo,38,287.0
1,3,5,2,uniform,30,random,fifo,39,288.0
1,3,5,2,uniform,30,random,fifo,40,401.0
1,3,5,2,uniform,30,random,fifo,41,368.0
1,3,5,2,uniform,30,random,fifo,42,349.0
1,3,5,2,uniform,30,random,fifo,43,322.0
1,3,5,2,uniform,30,random,fifo,44,316.0
1,3,5,2,uniform,30,random,fifo,45,315.0
1,3,5,2,uniform,30,random,fifo,46,353.0
1,3,5,2,uniform,30,random,fifo,47,367.0
1,3,5,2,uniform,30,random,fifo,48,391.0
1,3,5,2,uniform,30,random,fifo,49,325.0
1,3,5,2,uniform,30,random,fifo,50,293.0
1,3,5,2,uniform,30,random,fifo,51,355.0
1,3,5,2,uniform,30,random,fifo,52,346.0
1,3,5,2,uniform,30,random,fifo,53,312.0
1,3,5,2,uniform,30,random,fifo,54,358.0
1,3,5,2,uniform,30,random,fifo,55,336.0
1,3,5,2,uniform,30,random,fifo,56,293.0
1,3,5,2,uniform,30,random,fifo,57,412.0
1,3,5,2,uniform,30,random,fifo,58,422.0
1,3,5,2,uniform,30,random,fifo,59,313.0
1,3,5,2,uniform,30,random,fifo,60,381.0
1,3,5,2,uniform,30,random,fifo,61,276.0
1,3,5,2,uniform,30,random,fifo,62,340.0
1,3,5,2,uniform,30,random,fifo,63,371.0
1,3,5,2,uniform,30,random,fifo,64,345.0
1,3,5,2,uniform,30,random,fifo,65,333.0
1,3,5,2,uniform,30,random,fifo,66,246.0
1,3,5,2,uniform,30,random,fifo,67,368.0
1,3,5,2,uniform,30,random,fifo,68,326.0
1,3,5,2,uniform,30,random,fifo,69,320.0
1,3,5,2,uniform,30,random,fifo,70,380.0
1,3,5,2,uniform,30,random,fifo,71,422.0
1,3,5,2,uniform,30,random,fifo,72,366.0
1,3,5,2,uniform,30,random,fifo,73,338.0
1,3,5,2,uniform,30,random,fifo,74,336.0
1,3,5,2,uniform,30,random,fifo,75,345.0
1,3,5,2,uniform,30,random,fifo,76,378.0
1,3,5,2,uniform,30,random,fifo,77,351.0
1,3,5,2,uniform,30,random,fifo,78,366.0
1,3,5,2,uniform,30,random,fifo,79,360.0
1,3,5,2,uniform,30,random,fifo,80,425.0
1,3,5,2,uniform,30,random,fifo,81,321.0
1,3,5,2,uniform,30,random,fifo,82,375.0
1,3,5,2,uniform,30,random,fifo,83,312.0
1,3,5,2,uniform,30,random,fifo,84,356.0
1,3,5,2,uniform,30,random,fifo,85,293.0
1,3,5,2,uniform,30,random,fifo,86,345.0
1,3,5,2,uniform,30,random,fifo,87,355.0
1,3,5,2,uniform,30,random,fifo,88,293.0
1,3,5,2,uniform,30,random,fifo,89,363.0
1,3,5,2,uniform,30,random,fifo,90,364.0
1,3,5,2,uniform,30,random,fifo,91,263.0
1,3,5,2,uniform,30,random,fifo,92,323.0
1,3,5,2,uniform,30,random,fifo,93,441.0
1,3,5,2,uniform,30,random,fifo,94,395.0
1,3,5,2,uniform,30,random,fifo,95,316.0
1,3,5,2,uniform,30,random,fifo,96,291.0
1,3,5,2,uniform,30,random,fifo,97,328.0
1,3,5,2,uniform,30,random,fifo,98,294.0
1,3,5,2,uniform,30,random,fifo,99,258.0
1,3,5,2,uniform,30,random,fifo,100,311.0
1,3,5,2,uniform,30,random,fifo,101,343.0
1,3,5,2,uniform,30,random,fifo,102,335.0
1,3,5,2,uniform,30,random,fifo,103,355.0
1,3,5,2,uniform,30,random,fifo,104,304.0
1,3,5,2,uniform,30,random,fifo,105,248.0
1,3,5,2,uniform,30,random,fifo,106,336.0
1,3,5,2,uniform,30,random,fifo,107,370.0
1,3,5,2,uniform,30,random,fifo,108,344.0
1,3,5,2,uniform,30,random,fifo,109,335.0
1,3,5,2,uniform,30,random,fifo,110,354.0
1,3,5,2,uniform,30,random,fifo,111,344.0
1,3,5,2,uniform,30,random,fifo,112,322.0
1,3,5,2,uniform,30,random,fifo,113,330.0
1,3,5,2,uniform,30,random,fifo,114,364.0
1,3,5,2,uniform,30,random,fifo,115,379.0
1,3,5,2,uniform,30,random,fifo,116,323.0
1,3,5,2,uniform,30,random,fifo,117,402.0
1,3,5,2,uniform,30,random,fifo,118,292.0
1,3,5,2,uniform,30,random,fifo,119,363.0
1,3,5,2,uniform,30,random,fifo,120,274.0
1,3,5,2,uniform,30,random,fifo,121,444.0
1,3,5,2,uniform,30,random,fifo,122,352.0
1,3,5,2,uniform,30,random,fifo,123,331.0
1,3,5,2,uniform,30,random,fifo,124,345.0
1,3,5,2,uniform,30,random,fifo,125,364.0
1,3,5,2,uniform,30,random,fifo,126,303.0
1,3,5,2,uniform,30,random,fifo,127,319.0
1,3,5,2,uniform,30,random,fifo,128,306.0
1,3,5,2,uniform,30,random,fifo,129,334.0
1,3,5,2,uniform,30,random,fifo,130,310.0
1,3,5,2,uniform,30,random,fifo,131,336.0
1,3,5,2,uniform,30,random,fifo,132,305.0
1,3,5,2,uniform,30,random,fifo,133,289.0
1,3,5,2,uniform,30,random,fifo,134,313.0
1,3,5,2,uniform,30,random,fifo,135,370.0
1,3,5,2,uniform,30,random,fifo,136,336.0
1,3,5,2,uniform,30,random,fifo,137,313.0
1,3,5,2,uniform,30,random,fifo,138,376.0
1,3,5,2,uniform,30,random,fifo,139,314.0
1,3,5,2,uniform,30,random,fifo,140,340.0
1,3,5,2,uniform,30,random,fifo,141,424.0
1,3,5,2,uniform,30,random,fifo,142,283.0
1,3,5,2,uniform,30,random,fifo,143,397.0
1,3,5,2,uniform,30,random,fifo,144,388.0
1,3,5,2,uniform,30,random,fifo,145,358.0
1,3,5,2,uniform,30,random,fifo,146,340.0
1,3,5,2,uniform,30,random,fifo,147,388.0
1,3,5,2,uniform,30,random,fifo,148,354.0
1,3,5,2,uniform,30,random,fifo,149,402.0
1,3,5,2,uniform,30,random,fifo,150,380.0
1,3,5,2,uniform,30,random,fifo,151,375.0
1,3,5,2,uniform,30,random,fifo,152,409.0
1,3,5,2,uniform,30,random,fifo,153,302.0
1,3,5,2,uniform,30,random,fifo,154,352.0
1,3,5,2,uniform,30,random,fifo,155,299.0
1,3,5,2,uniform,30,random,fifo,156,460.0
1,3,5,2,uniform,30,random,fifo,157,351.0
1,3,5,2,uniform,30,random,fifo,158,283.0
1,3,5,2,uniform,30,random,fifo,159,302.0
1,3,5,2,uniform,30,random,fifo,160,284.0
1,3,5,2,uniform,30,random,fifo,161,340.0
1,3,5,2,uniform,30,random,fifo,162,320.0
1,3,5,2,uniform,30,random,fifo,163,331.0
1,3,5,2,uniform,30,random,fifo,164,373.0
1,3,5,2,uniform,30,random,fifo,165,305.0
1,3,5,2,uniform,30,random,fifo,166,330.0
1,3,5,2,uniform,30,random,fifo,167,326.0
1,3,5,2,uniform,30,random,fifo,168,360.0
1,3,5,2,uniform,30,random,fifo,169,311.0
1,3,5,2,uniform,30,random,fifo,170,362.0
1,3,5,2,uniform,30,random,fifo,171,329.0
1,3,5,2,uniform,30,random,fifo,172,438.0
1,3,5,2,uniform,30,random,fifo,173,331.0
1,3,5,2,uniform,30,random,fifo,174,446.0
1,3,5,2,uniform,30,random,fifo,175,364.0
1,3,5,2,uniform,30,random,fifo,176,284.0
1,3,5,2,uniform,30,random,fifo,177,387.0
1,3,5,2,uniform,30,random,fifo,178,260.0
1,3,5,2,uniform,30,random,fifo,179,315.0
1,3,5,2,uniform,30,random,fifo,180,407.0
1,3,5,2,uniform,30,random,fifo,181,322.0
1,3,5,2,uniform,30,random,fifo,182,306.0
1,3,5,2,uniform,30,random,fifo,183,363.0
1,3,5,2,uniform,30,random,fifo,184,322.0
1,3,5,2,uniform,30,random,fifo,185,421.0
1,3,5,2,uniform,30,random,fifo,186,370.0
1,3,5,2,uniform,30,random,fifo,187,310.0
1,3,5,2,uniform,30,random,fifo,188,379.0
1,3,5,2,uniform,30,random,fifo,189,275.0
1,3,5,2,uniform,30,random,fifo,190,269.0
1,3,5,2,uniform,30,random,fifo,191,373.0
1,3,5,2,uniform,30,random,fifo,192,398.0
1,3,5,2,uniform,30,random,fifo,193,318.0
1,3,5,2,uniform,30,random,fifo,194,369.0
1,3,5,2,uniform,30,random,fifo,195,341.0
1,3,5,2,uniform,30,random,fifo,196,330.0
1,3,5,2,uniform,30,random,fifo,197,402.0
1,3,5,2,uniform,30,random,fifo,198,313.0
1,3,5,2,uniform,30,random,fifo,199,316.0
1,3,5,2,uniform,30,random,cluster,0,271.0
1,3,5,2,uniform,30,random,cluster,1,285.0
1,3,5,2,uniform,30,random,cluster,2,323.0
1,3,5,2,uniform,30,random,cluster,3,370.0
1,3,5,2,uniform,30,random,cluster,4,307.0
1,3,5,2,uniform,30,random,cluster,5,270.0
1,3,5,2,uniform,30,random,cluster,6,336.0
1,3,5,2,uniform,30,random,cluster,7,304.0
1,3,5,2,uniform,30,random,cluster,8,312.0
1,3,5,2,uniform,30,random,cluster,9,313.0
1,3,5,2,uniform,30,random,cluster,10,307.0
1,3,5,2,uniform,30,random,cluster,11,352.0
1,3,5,2,uniform,30,random,cluster,12,284.0
1,3,5,2,uniform,30,random,cluster,13,322.0
1,3,5,2,uniform,30,random,cluster,14,315.0
1,3,5,2,uniform,30,random,cluster,15,345.0
1,3,5,2,uniform,30,random,cluster,16,308.0
1,3,5,2,uniform,30,random,cluster,17,344.0
1,3,5,2,uniform,30,random,cluster,18,296.0
1,3,5,2,uniform,30,random,cluster,19,264.0
1,3,5,2,uniform,30,random,cluster,20,385.0
1,3,5,2,uniform,30,random,cluster,21,304.0
1,3,5,2,uniform,30,random,cluster,22,359.0
1,3,5,2,uniform,30,random,cluster,23,318.0
1,3,5,2,uniform,30,random,cluster,24,378.0
1,3,5,2,uniform,30,random,cluster,25,322.0
1,3,5,2,uniform,30,random,cluster,26,368.0
1,3,5,2,uniform,30,random,cluster,27,335.0
1,3,5,2,uniform,30,random,cluster,28,331.0
1,3,5,2,uniform,30,random,cluster,29,288.0
1,3,5,2,uniform,30,random,cluster,30,350.0
1,3,5,2,uniform,30,random,cluster,31,426.0
1,3,5,2,uniform,30,random,cluster,32,344.0
1,3,5,2,uniform,30,random,cluster,33,276.0
1,3,5,2,uniform,30,random,cluster,34,318.0
1,3,5,2,uniform,30,random,cluster,35,256.0
1,3,5,2,uniform,30,random,cluster,36,303.0
1,3,5,2,uniform,30,random,cluster,37,302.0
1,3,5,2,uniform,30,random,cluster,38,274.0
1,3,5,2,uniform,30,random,cluster,39,236.0
1,3,5,2,uniform,30,random,cluster,40,376.0
1,3,5,2,uniform,30,random,cluster,41,325.0
1,3,5,2,uniform,30,random,cluster,42,350.0
1,3,5,2,uniform,30,random,cluster,43,313.0
1,3,5,2,uniform,30,random,cluster,44,238.0
1,3,5,2,uniform,30,random,cluster,45,305.0
1,3,5,2,uniform,30,random,cluster,46,313.0
1,3,5,2,uniform,30,random,cluster,47,298.0
1,3,5,2,uniform,30,random,cluster,48,359.0
1,3,5,2,uniform,30,random,cluster,49,264.0
1,3,5,2,uniform,30,random,cluster,50,246.0
1,3,5,2,uniform,30,random,cluster,51,317.0
1,3,5,2,uniform,30,random,cluster,52,279.0
1,3,5,2,uniform,30,random,cluster,53,317.0
1,3,5,2,uniform,30,random,cluster,54,293.0
1,3,5,2,uniform,30,random,cluster,55,276.0
1,3,5,2,uniform,30,random,cluster,56,318.0
1,3,5,2,uniform,30,random,cluster,57,292.0
1,3,5,2,uniform,30,random,cluster,58,342.0
1,3,5,2,uniform,30,random,cluster,59,291.0
1,3,5,2,uniform,30,random,cluster,60,370.0
1,3,5,2,uniform,30,random,cluster,61,275.0
1,3,5,2,uniform,30,random,cluster,62,288.0
1,3,5,2,uniform,30,random,cluster,63,390.0
1,3,5,2,uniform,30,random,cluster,64,301.0
1,3,5,2,uniform,30,random,cluster,65,270.0
1,3,5,2,uniform,30,random,cluster,66,274.0
1,3,5,2,uniform,30,random,cluster,67,327.0
1,3,5,2,uniform,30,random,cluster,68,269.0
1,3,5,2,uniform,30,random,cluster,69,327.0
1,3,5,2,uniform,30,random,cluster,70,341.0
1,3,5,2,uniform,30,random,cluster,71,297.0
1,3,5,2,uniform,30,random,cluster,72,324.0
1,3,5,2,uniform,30,random,cluster,73,375.0
1,3,5,2,uniform,30,random,cluster,74,270.0
1,3,5,2,uniform,30,random,cluster,75,364.0
1,3,5,2,uniform,30,random,cluster,76,341.0
1,3,5,2,uniform,30,random,cluster,77,300.0
1,3,5,2,uniform,30,random,cluster,78,289.0
1,3,5,2,uniform,30,random,cluster,79,315.0
1,3,5,2,uniform,30,random,cluster,80,336.0
1,3,5,2,uniform,30,random,cluster,81,296.0
1,3,5,2,uniform,30,random,cluster,82,370.0
1,3,5,2,uniform,30,random,cluster,83,288.0
1,3,5,2,uniform,30,random,cluster,84,265.0
1,3,5,2,uniform,30,random,cluster,85,304.0
1,3,5,2,uniform,30,random,cluster,86,301.0
1,3,5,2,uniform,30,random,cluster,87,310.0
1,3,5,2,uniform,30,random,cluster,88,293.0
1,3,5,2,uniform,30,random,cluster,89,331.0
1,3,5,2,uniform,30,random,cluster,90,257.0
1,3,5,2,uniform,30,random,cluster,91,344.0
1,3,5,2,uniform,30,random,cluster,92,300.0
1,3,5,2,uniform,30,random,cluster,93,360.0
1,3,5,2,uniform,30,random,cluster,94,330.0
1,3,5,2,uniform,30,random,cluster,95,321.0
1,3,5,2,uniform,30,random,cluster,96,301.0
1,3,5,2,uniform,30,random,cluster,97,272.0
1,3,5,2,uniform,30,random,cluster,98,327.0
1,3,5,2,uniform,30,random,cluster,99,294.0
1,3,5,2,uniform,30,random,cluster,100,340.0
1,3,5,2,uniform,30,random,cluster,101,342.0
1,3,5,2,uniform,30,random,cluster,102,259.0
1,3,5,2,uniform,30,random,cluster,103,394.0
1,3,5,2,uniform,30,random,cluster,104,269.0
1,3,5,2,uniform,30,random,cluster,105,279.0
1,3,5,2,uniform,30,random,cluster,106,277.0
1,3,5,2,uniform,30,random,cluster,107,354.0
1,3,5,2,uniform,30,random,cluster,108,337.0
1,3,5,2,uniform,30,random,cluster,109,354.0
1,3,5,2,uniform,30,random,cluster,110,335.0
1,3,5,2,uniform,30,random,cluster,111,306.0
1,3,5,2,uniform,30,random,cluster,112,303.0
1,3,5,2,uniform,30,random,cluster,113,288.0
1,3,5,2,uniform,30,random,cluster,114,260.0
1,3,5,2,uniform,30,random,cluster,115,344.0
1,3,5,2,uniform,30,random,cluster,116,291.0
1,3,5,2,uniform,30,random,cluster,117,355.0
1,3,5,2,uniform,30,random,cluster,118,304.0
1,3,5,2,uniform,30,random,cluster,119,344.0
1,3,5,2,uniform,30,random,cluster,120,242.0
1,3,5,2,uniform,30,random,cluster,121,345.0
1,3,5,2,uniform,30,random,cluster,122,301.0
1,3,5,2,uniform,30,random,cluster,123,350.0
1,3,5,2,uniform,30,random,cluster,124,308.0
1,3,5,2,uniform,30,random,cluster,125,336.0
1,3,5,2,uniform,30,random,cluster,126,346.0
1,3,5,2,uniform,30,random,cluster,127,282.0
1,3,5,2,uniform,30,random,cluster,128,322.0
1,3,5,2,uniform,30,random,cluster,129,314.0
1,3,5,2,uniform,30,random,cluster,130,307.0
1,3,5,2,uniform,30,random,cluster,131,276.0
1,3,5,2,uniform,30,random,cluster,132,254.0
1,3,5,2,uniform,30,random,cluster,133,301.0
1,3,5,2,uniform,30,random,cluster,134,232.0
1,3,5,2,uniform,30,random,cluster,135,255.0
1,3,5,2,uniform,30,random,cluster,136,326.0
1,3,5,2,uniform,30,random,cluster,137,322.0
1,3,5,2,uniform,30,random,cluster,138,377.0
1,3,5,2,uniform,30,random,cluster,139,268.0
1,3,5,2,uniform,30,random,cluster,140,293.0
1,3,5,2,uniform,30,random,cluster,141,332.0
1,3,5,2,uniform,30,random,cluster,142,289.0
1,3,5,2,uniform,30,random,cluster,143,298.0
1,3,5,2,uniform,30,random,cluster,144,308.0
1,3,5,2,uniform,30,random,cluster,145,278.0
1,3,5,2,uniform,30,random,cluster,146,265.0
1,3,5,2,uniform,30,random,cluster,147,308.0
1,3,5,2,uniform,30,random,cluster,148,367.0
1,3,5,2,uniform,30,random,cluster,149,302.0
1,3,5,2,uniform,30,random,cluster,150,256.0
1,3,5,2,uniform,30,random,cluster,151,345.0
1,3,5,2,uniform,30,random,cluster,152,264.0
1,3,5,2,uniform,30,random,cluster,153,334.0
1,3,5,2,uniform,30,random,cluster,154,298.0
1,3,5,2,uniform,30,random,cluster,155,251.0
1,3,5,2,uniform,30,random,cluster,156,364.0
1,3,5,2,uniform,30,random,cluster,157,298.0
1,3,5,2,uniform,30,random,cluster,158,289.0
1,3,5,2,uniform,30,random,cluster,159,246.0
1,3,5,2,uniform,30,random,cluster,160,309.0
1,3,5,2,uniform,30,random,cluster,161,349.0
1,3,5,2,uniform,30,random,cluster,162,307.0
1,3,5,2,uniform,30,random,cluster,163,270.0
1,3,5,2,uniform,30,random,cluster,164,383.0
1,3,5,2,uniform,30,random,cluster,165,259.0
1,3,5,2,uniform,30,random,cluster,166,237.0
1,3,5,2,uniform,30,random,cluster,167,375.0
1,3,5,2,uniform,30,random,cluster,168,303.0
1,3,5,2,uniform,30,random,cluster,169,340.0
1,3,5,2,uniform,30,random,cluster,170,356.0
1,3,5,2,uniform,30,random,cluster,171,288.0
1,3,5,2,uniform,30,random,cluster,172,351.0
1,3,5,2,uniform,30,random,cluster,173,350.0
1,3,5,2,uniform,30,random,cluster,174,304.0
1,3,5,2,uniform,30,random,cluster,175,387.0
1,3,5,2,uniform,30,random,cluster,176,292.0
1,3,5,2,uniform,30,random,cluster,177,337.0
1,3,5,2,uniform,30,random,cluster,178,264.0
1,3,5,2,uniform,30,random,cluster,179,330.0
1,3,5,2,uniform,30,random,cluster,180,332.0
1,3,5,2,uniform,30,random,cluster,181,345.0
1,3,5,2,uniform,30,random,cluster,182,270.0
1,3,5,2,uniform,30,random,cluster,183,278.0
1,3,5,2,uniform,30,random,cluster,184,336.0
1,3,5,2,uniform,30,random,cluster,185,311.0
1,3,5,2,uniform,30,random,cluster,186,255.0
1,3,5,2,uniform,30,random,cluster,187,259.0
1,3,5,2,uniform,30,random,cluster,188,345.0
1,3,5,2,uniform,30,random,cluster,189,278.0
1,3,5,2,uniform,30,random,cluster,190,273.0
1,3,5,2,uniform,30,random,cluster,191,404.0
1,3,5,2,uniform,30,random,cluster,192,372.0
1,3,5,2,uniform,30,random,cluster,193,323.0
1,3,5,2,uniform,30,random,cluster,194,331.0
1,3,5,2,uniform,30,random,cluster,195,295.0
1,3,5,2,uniform,30,random,cluster,196,322.0
1,3,5,2,uniform,30,random,cluster,197,327.0
1,3,5,2,uniform,30,random,cluster,198,317.0
1,3,5,2,uniform,30,random,cluster,199,315.0
1,3,5,2,uniform,30,phi_corner,fifo,0,324.0
1,3,5,2,uniform,30,phi_corner,fifo,1,387.0
1,3,5,2,uniform,30,phi_corner,fifo,2,320.0
1,3,5,2,uniform,30,phi_corner,fifo,3,246.0
1,3,5,2,uniform,30,phi_corner,fifo,4,403.0
1,3,5,2,uniform,30,phi_corner,fifo,5,277.0
1,3,5,2,uniform,30,phi_corner,fifo,6,282.0
1,3,5,2,uniform,30,phi_corner,fifo,7,320.0
1,3,5,2,uniform,30,phi_corner,fifo,8,387.0
1,3,5,2,uniform,30,phi_corner,fifo,9,307.0
1,3,5,2,uniform,30,phi_corner,fifo,10,310.0
1,3,5,2,uniform,30,phi_corner,fifo,11,396.0
1,3,5,2,uniform,30,phi_corner,fifo,12,302.0
1,3,5,2,uniform,30,phi_corner,fifo,13,312.0
1,3,5,2,uniform,30,phi_corner,fifo,14,241.0
1,3,5,2,uniform,30,phi_corner,fifo,15,368.0
1,3,5,2,uniform,30,phi_corner,fifo,16,368.0
1,3,5,2,uniform,30,phi_corner,fifo,17,339.0
1,3,5,2,uniform,30,phi_corner,fifo,18,387.0
1,3,5,2,uniform,30,phi_corner,fifo,19,325.0
1,3,5,2,uniform,30,phi_corner,fifo,20,327.0
1,3,5,2,uniform,30,phi_corner,fifo,21,359.0
1,3,5,2,uniform,30,phi_corner,fifo,22,293.0
1,3,5,2,uniform,30,phi_corner,fifo,23,359.0
1,3,5,2,uniform,30,phi_corner,fifo,24,359.0
1,3,5,2,uniform,30,phi_corner,fifo,25,331.0
1,3,5,2,uniform,30,phi_corner,fifo,26,344.0
1,3,5,2,uniform,30,phi_corner,fifo,27,318.0
1,3,5,2,uniform,30,phi_corner,fifo,28,322.0
1,3,5,2,uniform,30,phi_corner,fifo,29,363.0
1,3,5,2,uniform,30,phi_corner,fifo,30,283.0
1,3,5,2,uniform,30,phi_corner,fifo,31,317.0
1,3,5,2,uniform,30,phi_corner,fifo,32,392.0
1,3,5,2,uniform,30,phi_corner,fifo,33,311.0
1,3,5,2,uniform,30,phi_corner,fifo,34,403.0
1,3,5,2,uniform,30,phi_corner,fifo,35,302.0
1,3,5,2,uniform,30,phi_corner,fifo,36,326.0
1,3,5,2,uniform,30,phi_corner,fifo,37,285.0
1,3,5,2,uniform,30,phi_corner,fifo,38,441.0
1,3,5,2,uniform,30,phi_corner,fifo,39,354.0
1,3,5,2,uniform,30,phi_corner,fifo,40,311.0
1,3,5,2,uniform,30,phi_corner,fifo,41,292.0
1,3,5,2,uniform,30,phi_corner,fifo,42,359.0
1,3,5,2,uniform,30,phi_corner,fifo,43,287.0
1,3,5,2,uniform,30,phi_corner,fifo,44,288.0
1,3,5,2,uniform,30,phi_corner,fifo,45,217.0
1,3,5,2,uniform,30,phi_corner,fifo,46,359.0
1,3,5,2,uniform,30,phi_corner,fifo,47,368.0
1,3,5,2,uniform,30,phi_corner,fifo,48,283.0
1,3,5,2,uniform,30,phi_corner,fifo,49,266.0
1,3,5,2,uniform,30,phi_corner,fifo,50,332.0
1,3,5,2,uniform,30,phi_corner,fifo,51,286.0
1,3,5,2,uniform,30,phi_corner,fifo,52,291.0
1,3,5,2,uniform,30,phi_corner,fifo,53,338.0
1,3,5,2,uniform,30,phi_corner,fifo,54,272.0
1,3,5,2,uniform,30,phi_corner,fifo,55,310.0
1,3,5,2,uniform,30,phi_corner,fifo,56,369.0
1,3,5,2,uniform,30,phi_corner,fifo,57,342.0
1,3,5,2,uniform,30,phi_corner,fifo,58,332.0
1,3,5,2,uniform,30,phi_corner,fifo,59,310.0
1,3,5,2,uniform,30,phi_corner,fifo,60,369.0
1,3,5,2,uniform,30,phi_corner,fifo,61,302.0
1,3,5,2,uniform,30,phi_corner,fifo,62,327.0
1,3,5,2,uniform,30,phi_corner,fifo,63,269.0
1,3,5,2,uniform,30,phi_corner,fifo,64,311.0
1,3,5,2,uniform,30,phi_corner,fifo,65,287.0
1,3,5,2,uniform,30,phi_corner,fifo,66,312.0
1,3,5,2,uniform,30,phi_corner,fifo,67,288.0
1,3,5,2,uniform,30,phi_corner,fifo,68,236.0
1,3,5,2,uniform,30,phi_corner,fifo,69,310.0
1,3,5,2,uniform,30,phi_corner,fifo,70,279.0
1,3,5,2,uniform,30,phi_corner,fifo,71,320.0
1,3,5,2,uniform,30,phi_corner,fifo,72,331.0
1,3,5,2,uniform,30,phi_corner,fifo,73,402.0
1,3,5,2,uniform,30,phi_corner,fifo,74,291.0
1,3,5,2,uniform,30,phi_corner,fifo,75,277.0
1,3,5,2,uniform,30,phi_corner,fifo,76,257.0
1,3,5,2,uniform,30,phi_corner,fifo,77,288.0
1,3,5,2,uniform,30,phi_corner,fifo,78,364.0
1,3,5,2,uniform,30,phi_corner,fifo,79,331.0
1,3,5,2,uniform,30,phi_corner,fifo,80,322.0
1,3,5,2,uniform,30,phi_corner,fifo,81,398.0
1,3,5,2,uniform,30,phi_corner,fifo,82,273.0
1,3,5,2,uniform,30,phi_corner,fifo,83,311.0
1,3,5,2,uniform,30,phi_corner,fifo,84,354.0
1,3,5,2,uniform,30,phi_corner,fifo,85,368.0
1,3,5,2,uniform,30,phi_corner,fifo,86,273.0
1,3,5,2,uniform,30,phi_corner,fifo,87,368.0
1,3,5,2,uniform,30,phi_corner,fifo,88,357.0
1,3,5,2,uniform,30,phi_corner,fifo,89,275.0
1,3,5,2,uniform,30,phi_corner,fifo,90,307.0
1,3,5,2,uniform,30,phi_corner,fifo,91,312.0
1,3,5,2,uniform,30,phi_corner,fifo,92,296.0
1,3,5,2,uniform,30,phi_corner,fifo,93,283.0
1,3,5,2,uniform,30,phi_corner,fifo,94,354.0
1,3,5,2,uniform,30,phi_corner,fifo,95,402.0
1,3,5,2,uniform,30,phi_corner,fifo,96,370.0
1,3,5,2,uniform,30,phi_corner,fifo,97,363.0
1,3,5,2,uniform,30,phi_corner,fifo,98,285.0
1,3,5,2,uniform,30,phi_corner,fifo,99,255.0
1,3,5,2,uniform,30,phi_corner,fifo,100,398.0
1,3,5,2,uniform,30,phi_corner,fifo,101,381.0
1,3,5,2,uniform,30,phi_corner,fifo,102,334.0
1,3,5,2,uniform,30,phi_corner,fifo,103,459.0
1,3,5,2,uniform,30,phi_corner,fifo,104,331.0
1,3,5,2,uniform,30,phi_corner,fifo,105,372.0
1,3,5,2,uniform,30,phi_corner,fifo,106,372.0
1,3,5,2,uniform,30,phi_corner,fifo,107,316.0
1,3,5,2,uniform,30,phi_corner,fifo,108,317.0
1,3,5,2,uniform,30,phi_corner,fifo,109,311.0
1,3,5,2,uniform,30,phi_corner,fifo,110,349.0
1,3,5,2,uniform,30,phi_corner,fifo,111,349.0
1,3,5,2,uniform,30,phi_corner,fifo,112,334.0
1,3,5,2,uniform,30,phi_corner,fifo,113,264.0
1,3,5,2,uniform,30,phi_corner,fifo,114,272.0
1,3,5,2,uniform,30,phi_corner,fifo,115,393.0
1,3,5,2,uniform,30,phi_corner,fifo,116,327.0
1,3,5,2,uniform,30,phi_corner,fifo,117,299.0
1,3,5,2,uniform,30,phi_corner,fifo,118,368.0
1,3,5,2,uniform,30,phi_corner,fifo,119,245.0
1,3,5,2,uniform,30,phi_corner,fifo,120,315.0
1,3,5,2,uniform,30,phi_corner,fifo,121,272.0
1,3,5,2,uniform,30,phi_corner,fifo,122,307.0
1,3,5,2,uniform,30,phi_corner,fifo,123,340.0
1,3,5,2,uniform,30,phi_corner,fifo,124,313.0
1,3,5,2,uniform,30,phi_corner,fifo,125,296.0
1,3,5,2,uniform,30,phi_corner,fifo,126,319.0
1,3,5,2,uniform,30,phi_corner,fifo,127,359.0
1,3,5,2,uniform,30,phi_corner,fifo,128,381.0
1,3,5,2,uniform,30,phi_corner,fifo,129,331.0
1,3,5,2,uniform,30,phi_corner,fifo,130,277.0
1,3,5,2,uniform,30,phi_corner,fifo,131,369.0
1,3,5,2,uniform,30,phi_corner,fifo,132,296.0
1,3,5,2,uniform,30,phi_corner,fifo,133,300.0
1,3,5,2,uniform,30,phi_corner,fifo,134,272.0
1,3,5,2,uniform,30,phi_corner,fifo,135,272.0
1,3,5,2,uniform,30,phi_corner,fifo,136,360.0
1,3,5,2,uniform,30,phi_corner,fifo,137,312.0
1,3,5,2,uniform,30,phi_corner,fifo,138,322.0
1,3,5,2,uniform,30,phi_corner,fifo,139,354.0
1,3,5,2,uniform,30,phi_corner,fifo,140,368.0
1,3,5,2,uniform,30,phi_corner,fifo,141,360.0
1,3,5,2,uniform,30,phi_corner,fifo,142,396.0
1,3,5,2,uniform,30,phi_corner,fifo,143,385.0
1,3,5,2,uniform,30,phi_corner,fifo,144,387.0
1,3,5,2,uniform,30,phi_corner,fifo,145,319.0
1,3,5,2,uniform,30,phi_corner,fifo,146,246.0
1,3,5,2,uniform,30,phi_corner,fifo,147,357.0
1,3,5,2,uniform,30,phi_corner,fifo,148,372.0
1,3,5,2,uniform,30,phi_corner,fifo,149,381.0
1,3,5,2,uniform,30,phi_corner,fifo,150,246.0
1,3,5,2,uniform,30,phi_corner,fifo,151,316.0
1,3,5,2,uniform,30,phi_corner,fifo,152,348.0
1,3,5,2,uniform,30,phi_corner,fifo,153,369.0
1,3,5,2,uniform,30,phi_corner,fifo,154,313.0
1,3,5,2,uniform,30,phi_corner,fifo,155,285.0
1,3,5,2,uniform,30,phi_corner,fifo,156,359.0
1,3,5,2,uniform,30,phi_corner,fifo,157,378.0
1,3,5,2,uniform,30,phi_corner,fifo,158,349.0
1,3,5,2,uniform,30,phi_corner,fifo,159,311.0
1,3,5,2,uniform,30,phi_corner,fifo,160,364.0
1,3,5,2,uniform,30,phi_corner,fifo,161,322.0
1,3,5,2,uniform,30,phi_corner,fifo,162,359.0
1,3,5,2,uniform,30,phi_corner,fifo,163,385.0
1,3,5,2,uniform,30,phi_corner,fifo,164,311.0
1,3,5,2,uniform,30,phi_corner,fifo,165,363.0
1,3,5,2,uniform,30,phi_corner,fifo,166,355.0
1,3,5,2,uniform,30,phi_corner,fifo,167,330.0
1,3,5,2,uniform,30,phi_corner,fifo,168,336.0
1,3,5,2,uniform,30,phi_corner,fifo,169,319.0
1,3,5,2,uniform,30,phi_corner,fifo,170,296.0
1,3,5,2,uniform,30,phi_corner,fifo,171,378.0
1,3,5,2,uniform,30,phi_corner,fifo,172,273.0
1,3,5,2,uniform,30,phi_corner,fifo,173,251.0
1,3,5,2,uniform,30,phi_corner,fifo,174,307.0
1,3,5,2,uniform,30,phi_corner,fifo,175,318.0
1,3,5,2,uniform,30,phi_corner,fifo,176,272.0
1,3,5,2,uniform,30,phi_corner,fifo,177,334.0
1,3,5,2,uniform,30,phi_corner,fifo,178,289.0
1,3,5,2,uniform,30,phi_corner,fifo,179,359.0
1,3,5,2,uniform,30,phi_corner,fifo,180,278.0
1,3,5,2,uniform,30,phi_corner,fifo,181,367.0
1,3,5,2,uniform,30,phi_corner,fifo,182,339.0
1,3,5,2,uniform,30,phi_corner,fifo,183,292.0
1,3,5,2,uniform,30,phi_corner,fifo,184,287.0
1,3,5,2,uniform,30,phi_corner,fifo,185,336.0
1,3,5,2,uniform,30,phi_corner,fifo,186,359.0
1,3,5,2,uniform,30,phi_corner,fifo,187,339.0
1,3,5,2,uniform,30,phi_corner,fifo,188,255.0
1,3,5,2,uniform,30,phi_corner,fifo,189,355.0
1,3,5,2,uniform,30,phi_corner,fifo,190,246.0
1,3,5,2,uniform,30,phi_corner,fifo,191,296.0
1,3,5,2,uniform,30,phi_corner,fifo,192,283.0
1,3,5,2,uniform,30,phi_corner,fifo,193,283.0
1,3,5,2,uniform,30,phi_corner,fifo,194,369.0
1,3,5,2,uniform,30,phi_corner,fifo,195,257.0
1,3,5,2,uniform,30,phi_corner,fifo,196,306.0
1,3,5,2,uniform,30,phi_corner,fifo,197,246.0
1,3,5,2,uniform,30,phi_corner,fifo,198,292.0
1,3,5,2,uniform,30,phi_corner,fifo,199,360.0
1,3,5,2,uniform,30,phi_corner,cluster,0,290.0
1,3,5,2,uniform,30,phi_corner,cluster,1,360.0
1,3,5,2,uniform,30,phi_corner,cluster,2,293.0
1,3,5,2,uniform,30,phi_corner,cluster,3,274.0
1,3,5,2,uniform,30,phi_corner,cluster,4,322.0
1,3,5,2,uniform,30,phi_corner,cluster,5,231.0
1,3,5,2,uniform,30,phi_corner,cluster,6,282.0
1,3,5,2,uniform,30,phi_corner,cluster,7,293.0
1,3,5,2,uniform,30,phi_corner,cluster,8,326.0
1,3,5,2,uniform,30,phi_corner,cluster,9,274.0
1,3,5,2,uniform,30,phi_corner,cluster,10,259.0
1,3,5,2,uniform,30,phi_corner,cluster,11,311.0
1,3,5,2,uniform,30,phi_corner,cluster,12,296.0
1,3,5,2,uniform,30,phi_corner,cluster,13,324.0
1,3,5,2,uniform,30,phi_corner,cluster,14,246.0
1,3,5,2,uniform,30,phi_corner,cluster,15,367.0
1,3,5,2,uniform,30,phi_corner,cluster,16,274.0
1,3,5,2,uniform,30,phi_corner,cluster,17,338.0
1,3,5,2,uniform,30,phi_corner,cluster,18,326.0
1,3,5,2,uniform,30,phi_corner,cluster,19,266.0
1,3,5,2,uniform,30,phi_corner,cluster,20,259.0
1,3,5,2,uniform,30,phi_corner,cluster,21,321.0
1,3,5,2,uniform,30,phi_corner,cluster,22,247.0
1,3,5,2,uniform,30,phi_corner,cluster,23,321.0
1,3,5,2,uniform,30,phi_corner,cluster,24,314.0
1,3,5,2,uniform,30,phi_corner,cluster,25,285.0
1,3,5,2,uniform,30,phi_corner,cluster,26,336.0
1,3,5,2,uniform,30,phi_corner,cluster,27,269.0
1,3,5,2,uniform,30,phi_corner,cluster,28,283.0
1,3,5,2,uniform,30,phi_corner,cluster,29,305.0
1,3,5,2,uniform,30,phi_corner,cluster,30,327.0
1,3,5,2,uniform,30,phi_corner,cluster,31,280.0
1,3,5,2,uniform,30,phi_corner,cluster,32,263.0
1,3,5,2,uniform,30,phi_corner,cluster,33,287.0
1,3,5,2,uniform,30,phi_corner,cluster,34,322.0
1,3,5,2,uniform,30,phi_corner,cluster,35,283.0
1,3,5,2,uniform,30,phi_corner,cluster,36,313.0
1,3,5,2,uniform,30,phi_corner,cluster,37,255.0
1,3,5,2,uniform,30,phi_corner,cluster,38,398.0
1,3,5,2,uniform,30,phi_corner,cluster,39,265.0
1,3,5,2,uniform,30,phi_corner,cluster,40,264.0
1,3,5,2,uniform,30,phi_corner,cluster,41,304.0
1,3,5,2,uniform,30,phi_corner,cluster,42,321.0
1,3,5,2,uniform,30,phi_corner,cluster,43,321.0
1,3,5,2,uniform,30,phi_corner,cluster,44,311.0
1,3,5,2,uniform,30,phi_corner,cluster,45,265.0
1,3,5,2,uniform,30,phi_corner,cluster,46,314.0
1,3,5,2,uniform,30,phi_corner,cluster,47,274.0
1,3,5,2,uniform,30,phi_corner,cluster,48,290.0
1,3,5,2,uniform,30,phi_corner,cluster,49,239.0
1,3,5,2,uniform,30,phi_corner,cluster,50,298.0
1,3,5,2,uniform,30,phi_corner,cluster,51,339.0
1,3,5,2,uniform,30,phi_corner,cluster,52,312.0
1,3,5,2,uniform,30,phi_corner,cluster,53,315.0
1,3,5,2,uniform,30,phi_corner,cluster,54,312.0
1,3,5,2,uniform,30,phi_corner,cluster,55,259.0
1,3,5,2,uniform,30,phi_corner,cluster,56,245.0
1,3,5,2,uniform,30,phi_corner,cluster,57,303.0
1,3,5,2,uniform,30,phi_corner,cluster,58,313.0
1,3,5,2,uniform,30,phi_corner,cluster,59,302.0
1,3,5,2,uniform,30,phi_corner,cluster,60,293.0
1,3,5,2,uniform,30,phi_corner,cluster,61,283.0
1,3,5,2,uniform,30,phi_corner,cluster,62,274.0
1,3,5,2,uniform,30,phi_corner,cluster,63,240.0
1,3,5,2,uniform,30,phi_corner,cluster,64,298.0
1,3,5,2,uniform,30,phi_corner,cluster,65,288.0
1,3,5,2,uniform,30,phi_corner,cluster,66,324.0
1,3,5,2,uniform,30,phi_corner,cluster,67,311.0
1,3,5,2,uniform,30,phi_corner,cluster,68,265.0
1,3,5,2,uniform,30,phi_corner,cluster,69,346.0
1,3,5,2,uniform,30,phi_corner,cluster,70,303.0
1,3,5,2,uniform,30,phi_corner,cluster,71,293.0
1,3,5,2,uniform,30,phi_corner,cluster,72,279.0
1,3,5,2,uniform,30,phi_corner,cluster,73,317.0
1,3,5,2,uniform,30,phi_corner,cluster,74,312.0
1,3,5,2,uniform,30,phi_corner,cluster,75,231.0
1,3,5,2,uniform,30,phi_corner,cluster,76,216.0
1,3,5,2,uniform,30,phi_corner,cluster,77,311.0
1,3,5,2,uniform,30,phi_corner,cluster,78,303.0
1,3,5,2,uniform,30,phi_corner,cluster,79,289.0
1,3,5,2,uniform,30,phi_corner,cluster,80,214.0
1,3,5,2,uniform,30,phi_corner,cluster,81,370.0
1,3,5,2,uniform,30,phi_corner,cluster,82,285.0
1,3,5,2,uniform,30,phi_corner,cluster,83,298.0
1,3,5,2,uniform,30,phi_corner,cluster,84,265.0
1,3,5,2,uniform,30,phi_corner,cluster,85,276.0
1,3,5,2,uniform,30,phi_corner,cluster,86,285.0
1,3,5,2,uniform,30,phi_corner,cluster,87,367.0
1,3,5,2,uniform,30,phi_corner,cluster,88,254.0
1,3,5,2,uniform,30,phi_corner,cluster,89,278.0
1,3,5,2,uniform,30,phi_corner,cluster,90,274.0
1,3,5,2,uniform,30,phi_corner,cluster,91,324.0
1,3,5,2,uniform,30,phi_corner,cluster,92,287.0
1,3,5,2,uniform,30,phi_corner,cluster,93,327.0
1,3,5,2,uniform,30,phi_corner,cluster,94,265.0
1,3,5,2,uniform,30,phi_corner,cluster,95,317.0
1,3,5,2,uniform,30,phi_corner,cluster,96,278.0
1,3,5,2,uniform,30,phi_corner,cluster,97,305.0
1,3,5,2,uniform,30,phi_corner,cluster,98,255.0
1,3,5,2,uniform,30,phi_corner,cluster,99,262.0
1,3,5,2,uniform,30,phi_corner,cluster,100,370.0
1,3,5,2,uniform,30,phi_corner,cluster,101,242.0
1,3,5,2,uniform,30,phi_corner,cluster,102,331.0
1,3,5,2,uniform,30,phi_corner,cluster,103,356.0
1,3,5,2,uniform,30,phi_corner,cluster,104,251.0
1,3,5,2,uniform,30,phi_corner,cluster,105,321.0
1,3,5,2,uniform,30,phi_corner,cluster,106,242.0
1,3,5,2,uniform,30,phi_corner,cluster,107,240.0
1,3,5,2,uniform,30,phi_corner,cluster,108,293.0
1,3,5,2,uniform,30,phi_corner,cluster,109,314.0
1,3,5,2,uniform,30,phi_corner,cluster,110,287.0
1,3,5,2,uniform,30,phi_corner,cluster,111,287.0
1,3,5,2,uniform,30,phi_corner,cluster,112,331.0
1,3,5,2,uniform,30,phi_corner,cluster,113,217.0
1,3,5,2,uniform,30,phi_corner,cluster,114,306.0
1,3,5,2,uniform,30,phi_corner,cluster,115,318.0
1,3,5,2,uniform,30,phi_corner,cluster,116,316.0
1,3,5,2,uniform,30,phi_corner,cluster,117,198.0
1,3,5,2,uniform,30,phi_corner,cluster,118,276.0
1,3,5,2,uniform,30,phi_corner,cluster,119,290.0
1,3,5,2,uniform,30,phi_corner,cluster,120,297.0
1,3,5,2,uniform,30,phi_corner,cluster,121,306.0
1,3,5,2,uniform,30,phi_corner,cluster,122,283.0
1,3,5,2,uniform,30,phi_corner,cluster,123,349.0
1,3,5,2,uniform,30,phi_corner,cluster,124,248.0
1,3,5,2,uniform,30,phi_corner,cluster,125,287.0
1,3,5,2,uniform,30,phi_corner,cluster,126,255.0
1,3,5,2,uniform,30,phi_corner,cluster,127,321.0
1,3,5,2,uniform,30,phi_corner,cluster,128,242.0
1,3,5,2,uniform,30,phi_corner,cluster,129,251.0
1,3,5,2,uniform,30,phi_corner,cluster,130,231.0
1,3,5,2,uniform,30,phi_corner,cluster,131,331.0
1,3,5,2,uniform,30,phi_corner,cluster,132,252.0
1,3,5,2,uniform,30,phi_corner,cluster,133,236.0
1,3,5,2,uniform,30,phi_corner,cluster,134,312.0
1,3,5,2,uniform,30,phi_corner,cluster,135,306.0
1,3,5,2,uniform,30,phi_corner,cluster,136,235.0
1,3,5,2,uniform,30,phi_corner,cluster,137,324.0
1,3,5,2,uniform,30,phi_corner,cluster,138,283.0
1,3,5,2,uniform,30,phi_corner,cluster,139,367.0
1,3,5,2,uniform,30,phi_corner,cluster,140,367.0
1,3,5,2,uniform,30,phi_corner,cluster,141,235.0
1,3,5,2,uniform,30,phi_corner,cluster,142,311.0
1,3,5,2,uniform,30,phi_corner,cluster,143,351.0
1,3,5,2,uniform,30,phi_corner,cluster,144,326.0
1,3,5,2,uniform,30,phi_corner,cluster,145,282.0
1,3,5,2,uniform,30,phi_corner,cluster,146,264.0
1,3,5,2,uniform,30,phi_corner,cluster,147,254.0
1,3,5,2,uniform,30,phi_corner,cluster,148,321.0
1,3,5,2,uniform,30,phi_corner,cluster,149,242.0
1,3,5,2,uniform,30,phi_corner,cluster,150,264.0
1,3,5,2,uniform,30,phi_corner,cluster,151,316.0
1,3,5,2,uniform,30,phi_corner,cluster,152,303.0
1,3,5,2,uniform,30,phi_corner,cluster,153,293.0
1,3,5,2,uniform,30,phi_corner,cluster,154,248.0
1,3,5,2,uniform,30,phi_corner,cluster,155,255.0
1,3,5,2,uniform,30,phi_corner,cluster,156,314.0
1,3,5,2,uniform,30,phi_corner,cluster,157,288.0
1,3,5,2,uniform,30,phi_corner,cluster,158,287.0
1,3,5,2,uniform,30,phi_corner,cluster,159,264.0
1,3,5,2,uniform,30,phi_corner,cluster,160,335.0
1,3,5,2,uniform,30,phi_corner,cluster,161,283.0
1,3,5,2,uniform,30,phi_corner,cluster,162,321.0
1,3,5,2,uniform,30,phi_corner,cluster,163,351.0
1,3,5,2,uniform,30,phi_corner,cluster,164,314.0
1,3,5,2,uniform,30,phi_corner,cluster,165,305.0
1,3,5,2,uniform,30,phi_corner,cluster,166,246.0
1,3,5,2,uniform,30,phi_corner,cluster,167,237.0
1,3,5,2,uniform,30,phi_corner,cluster,168,276.0
1,3,5,2,uniform,30,phi_corner,cluster,169,282.0
1,3,5,2,uniform,30,phi_corner,cluster,170,287.0
1,3,5,2,uniform,30,phi_corner,cluster,171,288.0
1,3,5,2,uniform,30,phi_corner,cluster,172,285.0
1,3,5,2,uniform,30,phi_corner,cluster,173,230.0
1,3,5,2,uniform,30,phi_corner,cluster,174,283.0
1,3,5,2,uniform,30,phi_corner,cluster,175,269.0
1,3,5,2,uniform,30,phi_corner,cluster,176,306.0
1,3,5,2,uniform,30,phi_corner,cluster,177,235.0
1,3,5,2,uniform,30,phi_corner,cluster,178,309.0
1,3,5,2,uniform,30,phi_corner,cluster,179,321.0
1,3,5,2,uniform,30,phi_corner,cluster,180,246.0
1,3,5,2,uniform,30,phi_corner,cluster,181,266.0
1,3,5,2,uniform,30,phi_corner,cluster,182,322.0
1,3,5,2,uniform,30,phi_corner,cluster,183,291.0
1,3,5,2,uniform,30,phi_corner,cluster,184,278.0
1,3,5,2,uniform,30,phi_corner,cluster,185,276.0
1,3,5,2,uniform,30,phi_corner,cluster,186,321.0
1,3,5,2,uniform,30,phi_corner,cluster,187,338.0
1,3,5,2,uniform,30,phi_corner,cluster,188,262.0
1,3,5,2,uniform,30,phi_corner,cluster,189,290.0
1,3,5,2,uniform,30,phi_corner,cluster,190,274.0
1,3,5,2,uniform,30,phi_corner,cluster,191,316.0
1,3,5,2,uniform,30,phi_corner,cluster,192,290.0
1,3,5,2,uniform,30,phi_corner,cluster,193,336.0
1,3,5,2,uniform,30,phi_corner,cluster,194,293.0
1,3,5,2,uniform,30,phi_corner,cluster,195,216.0
1,3,5,2,uniform,30,phi_corner,cluster,196,227.0
1,3,5,2,uniform,30,phi_corner,cluster,197,274.0
1,3,5,2,uniform,30,phi_corner,cluster,198,291.0
1,3,5,2,uniform,30,phi_corner,cluster,199,339.0
3,3,15,2,clustered,8,random,fifo,0,114.0
3,3,15,2,clustered,8,random,fifo,1,114.0
3,3,15,2,clustered,8,random,fifo,2,95.0
3,3,15,2,clustered,8,random,fifo,3,119.0
3,3,15,2,clustered,8,random,fifo,4,114.0
3,3,15,2,clustered,8,random,fifo,5,66.0
3,3,15,2,clustered,8,random,fifo,6,109.0
3,3,15,2,clustered,8,random,fifo,7,90.0
3,3,15,2,clustered,8,random,fifo,8,109.0
3,3,15,2,clustered,8,random,fifo,9,76.0
3,3,15,2,clustered,8,random,fifo,10,95.0
3,3,15,2,clustered,8,random,fifo,11,86.0
3,3,15,2,clustered,8,random,fifo,12,100.0
3,3,15,2,clustered,8,random,fifo,13,119.0
3,3,15,2,clustered,8,random,fifo,14,114.0
3,3,15,2,clustered,8,random,fifo,15,81.0
3,3,15,2,clustered,8,random,fifo,16,62.0
3,3,15,2,clustered,8,random,fifo,17,95.0
3,3,15,2,clustered,8,random,fifo,18,105.0
3,3,15,2,clustered,8,random,fifo,19,114.0
3,3,15,2,clustered,8,random,fifo,20,57.0
3,3,15,2,clustered,8,random,fifo,21,119.0
3,3,15,2,clustered,8,random,fifo,22,81.0
3,3,15,2,clustered,8,random,fifo,23,118.0
3,3,15,2,clustered,8,random,fifo,24,109.0
3,3,15,2,clustered,8,random,fifo,25,86.0
3,3,15,2,clustered,8,random,fifo,26,90.0
3,3,15,2,clustered,8,random,fifo,27,76.0
3,3,15,2,clustered,8,random,fifo,28,114.0
3,3,15,2,clustered,8,random,fifo,29,94.0
3,3,15,2,clustered,8,random,fifo,30,113.0
3,3,15,2,clustered,8,random,fifo,31,71.0
3,3,15,2,clustered,8,random,fifo,32,81.0
3,3,15,2,clustered,8,random,fifo,33,71.0
3,3,15,2,clustered,8,random,fifo,34,76.0
3,3,15,2,clustered,8,random,fifo,35,86.0
3,3,15,2,clustered,8,random,fifo,36,81.0
3,3,15,2,clustered,8,random,fifo,37,95.0
3,3,15,2,clustered,8,random,fifo,38,85.0
3,3,15,2,clustered,8,random,fifo,39,114.0
3,3,15,2,clustered,8,random,fifo,40,71.0
3,3,15,2,clustered,8,random,fifo,41,104.0
3,3,15,2,clustered,8,random,fifo,42,81.0
3,3,15,2,clustered,8,random,fifo,43,104.0
3,3,15,2,clustered,8,random,fifo,44,114.0
3,3,15,2,clustered,8,random,fifo,45,138.0
3,3,15,2,clustered,8,random,fifo,46,138.0
3,3,15,2,clustered,8,random,fifo,47,114.0
3,3,15,2,clustered,8,random,fifo,48,133.0
3,3,15,2,clustered,8,random,fifo,49,61.0
3,3,15,2,clustered,8,random,fifo,50,110.0
3,3,15,2,clustered,8,random,fifo,51,66.0
3,3,15,2,clustered,8,random,fifo,52,124.0
3,3,15,2,clustered,8,random,fifo,53,124.0
3,3,15,2,clustered,8,random,fifo,54,133.0
3,3,15,2,clustered,8,random,fifo,55,86.0
3,3,15,2,clustered,8,random,fifo,56,52.0
3,3,15,2,clustered,8,random,fifo,57,71.0
3,3,15,2,clustered,8,random,fifo,58,138.0
3,3,15,2,clustered,8,random,fifo,59,100.0
3,3,15,2,clustered,8,random,fifo,60,114.0
3,3,15,2,clustered,8,random,fifo,61,71.0
3,3,15,2,clustered,8,random,fifo,62,71.0
3,3,15,2,clustered,8,random,fifo,63,81.0
3,3,15,2,clustered,8,random,fifo,64,104.0
3,3,15,2,clustered,8,random,fifo,65,123.0
3,3,15,2,clustered,8,random,fifo,66,118.0
3,3,15,2,clustered,8,random,fifo,67,109.0
3,3,15,2,clustered,8,random,fifo,68,71.0
3,3,15,2,clustered,8,random,fifo,69,109.0
3,3,15,2,clustered,8,random,fifo,70,100.0
3,3,15,2,clustered,8,random,fifo,71,95.0
3,3,15,2,clustered,8,random,fifo,72,90.0
3,3,15,2,clustered,8,random,fifo,73,119.0
3,3,15,2,clustered,8,random,fifo,74,143.0
3,3,15,2,clustered,8,random,fifo,75,85.0
3,3,15,2,clustered,8,random,fifo,76,119.0
3,3,15,2,clustered,8,random,fifo,77,57.0
3,3,15,2,clustered,8,random,fifo,78,114.0
3,3,15,2,clustered,8,random,fifo,79,100.0
3,3,15,2,clustered,8,random,fifo,80,104.0
3,3,15,2,clustered,8,random,fifo,81,62.0
3,3,15,2,clustered,8,random,fifo,82,76.0
3,3,15,2,clustered,8,random,fifo,83,76.0
3,3,15,2,clustered,8,random,fifo,84,114.0
3,3,15,2,clustered,8,random,fifo,85,76.0
3,3,15,2,clustered,8,random,fifo,86,100.0
3,3,15,2,clustered,8,random,fifo,87,76.0
3,3,15,2,clustered,8,random,fifo,88,57.0
3,3,15,2,clustered,8,random,fifo,89,119.0
3,3,15,2,clustered,8,random,fifo,90,119.0
3,3,15,2,clustered,8,random,fifo,91,90.0
3,3,15,2,clustered,8,random,fifo,92,114.0
3,3,15,2,clustered,8,random,fifo,93,114.0
3,3,15,2,clustered,8,random,fifo,94,76.0
3,3,15,2,clustered,8,random,fifo,95,81.0
3,3,15,2,clustered,8,random,fifo,96,119.0
3,3,15,2,clustered,8,random,fifo,97,76.0
3,3,15,2,clustered,8,random,fifo,98,128.0
3,3,15,2,clustered,8,random,fifo,99,80.0
3,3,15,2,clustered,8,random,fifo,100,66.0
3,3,15,2,clustered,8,random,fifo,101,147.0
3,3,15,2,clustered,8,random,fifo,102,100.0
3,3,15,2,clustered,8,random,fifo,103,114.0
3,3,15,2,clustered,8,random,fifo,104,100.0
3,3,15,2,clustered,8,random,fifo,105,142.0
3,3,15,2,clustered,8,random,fifo,106,80.0
3,3,15,2,clustered,8,random,fifo,107,81.0
3,3,15,2,clustered,8,random,fifo,108,104.0
3,3,15,2,clustered,8,random,fifo,109,90.0
3,3,15,2,clustered,8,random,fifo,110,113.0
3,3,15,2,clustered,8,random,fifo,111,99.0
3,3,15,2,clustered,8,random,fifo,112,94.0
3,3,15,2,clustered,8,random,fifo,113,90.0
3,3,15,2,clustered,8,random,fifo,114,156.0
3,3,15,2,clustered,8,random,fifo,115,33.0
3,3,15,2,clustered,8,random,fifo,116,95.0
3,3,15,2,clustered,8,random,fifo,117,76.0
3,3,15,2,clustered,8,random,fifo,118,90.0
3,3,15,2,clustered,8,random,fifo,119,99.0
3,3,15,2,clustered,8,random,fifo,120,86.0
3,3,15,2,clustered,8,random,fifo,121,100.0
3,3,15,2,clustered,8,random,fifo,122,114.0
3,3,15,2,clustered,8,random,fifo,123,114.0
3,3,15,2,clustered,8,random,fifo,124,114.0
3,3,15,2,clustered,8,random,fifo,125,123.0
3,3,15,2,clustered,8,random,fifo,126,76.0
3,3,15,2,clustered,8,random,fifo,127,114.0
3,3,15,2,clustered,8,random,fifo,128,137.0
3,3,15,2,clustered,8,random,fifo,129,80.0
3,3,15,2,clustered,8,random,fifo,130,95.0
3,3,15,2,clustered,8,random,fifo,131,81.0
3,3,15,2,clustered,8,random,fifo,132,100.0
3,3,15,2,clustered,8,random,fifo,133,128.0
3,3,15,2,clustered,8,random,fifo,134,81.0
3,3,15,2,clustered,8,random,fifo,135,95.0
3,3,15,2,clustered,8,random,fifo,136,118.0
3,3,15,2,clustered,8,random,fifo,137,147.0
3,3,15,2,clustered,8,random,fifo,138,133.0
3,3,15,2,clustered,8,random,fifo,139,152.0
3,3,15,2,clustered,8,random,fifo,140,95.0
3,3,15,2,clustered,8,random,fifo,141,71.0
3,3,15,2,clustered,8,random,fifo,142,85.0
3,3,15,2,clustered,8,random,fifo,143,119.0
3,3,15,2,clustered,8,random,fifo,144,109.0
3,3,15,2,clustered,8,random,fifo,145,105.0
3,3,15,2,clustered,8,random,fifo,146,114.0
3,3,15,2,clustered,8,random,fifo,147,152.0
3,3,15,2,clustered,8,random,fifo,148,90.0
3,3,15,2,clustered,8,random,fifo,149,95.0
3,3,15,2,clustered,8,random,fifo,150,100.0
3,3,15,2,clustered,8,random,fifo,151,100.0
3,3,15,2,clustered,8,random,fifo,152,114.0
3,3,15,2,clustered,8,random,fifo,153,104.0
3,3,15,2,clustered,8,random,fifo,154,114.0
3,3,15,2,clustered,8,random,fifo,155,128.0
3,3,15,2,clustered,8,random,fifo,156,76.0
3,3,15,2,clustered,8,random,fifo,157,119.0
3,3,15,2,clustered,8,random,fifo,158,76.0
3,3,15,2,clustered,8,random,fifo,159,114.0
3,3,15,2,clustered,8,random,fifo,160,104.0
3,3,15,2,clustered,8,random,fifo,161,114.0
3,3,15,2,clustered,8,random,fifo,162,76.0
3,3,15,2,clustered,8,random,fifo,163,100.0
3,3,15,2,clustered,8,random,fifo,164,81.0
3,3,15,2,clustered,8,random,fifo,165,95.0
3,3,15,2,clustered,8,random,fifo,166,90.0
3,3,15,2,clustered,8,random,fifo,167,95.0
3,3,15,2,clustered,8,random,fifo,168,128.0
3,3,15,2,clustered,8,random,fifo,169,114.0
3,3,15,2,clustered,8,random,fifo,170,95.0
3,3,15,2,clustered,8,random,fifo,171,119.0
3,3,15,2,clustered,8,random,fifo,172,114.0
3,3,15,2,clustered,8,random,fifo,173,133.0
3,3,15,2,clustered,8,random,fifo,174,123.0
3,3,15,2,clustered,8,random,fifo,175,85.0
3,3,15,2,clustered,8,random,fifo,176,109.0
3,3,15,2,clustered,8,random,fifo,177,100.0
3,3,15,2,clustered,8,random,fifo,178,114.0
3,3,15,2,clustered,8,random,fifo,179,109.0
3,3,15,2,clustered,8,random,fifo,180,81.0
3,3,15,2,clustered,8,random,fifo,181,119.0
3,3,15,2,clustered,8,random,fifo,182,90.0
3,3,15,2,clustered,8,random,fifo,183,81.0
3,3,15,2,clustered,8,random,fifo,184,104.0
3,3,15,2,clustered,8,random,fifo,185,81.0
3,3,15,2,clustered,8,random,fifo,186,114.0
3,3,15,2,clustered,8,random,fifo,187,94.0
3,3,15,2,clustered,8,random,fifo,188,95.0
3,3,15,2,clustered,8,random,fifo,189,85.0
3,3,15,2,clustered,8,random,fifo,190,76.0
3,3,15,2,clustered,8,random,fifo,191,152.0
3,3,15,2,clustered,8,random,fifo,192,76.0
3,3,15,2,clustered,8,random,fifo,193,114.0
3,3,15,2,clustered,8,random,fifo,194,128.0
3,3,15,2,clustered,8,random,fifo,195,71.0
3,3,15,2,clustered,8,random,fifo,196,128.0
3,3,15,2,clustered,8,random,fifo,197,114.0
3,3,15,2,clustered,8,random,fifo,198,81.0
3,3,15,2,clustered,8,random,fifo,199,100.0
3,3,15,2,clustered,8,random,cluster,0,81.0
3,3,15,2,clustered,8,random,cluster,1,81.0
3,3,15,2,clustered,8,random,cluster,2,90.0
3,3,15,2,clustered,8,random,cluster,3,86.0
3,3,15,2,clustered,8,random,cluster,4,67.0
3,3,15,2,clustered,8,random,cluster,5,57.0
3,3,15,2,clustered,8,random,cluster,6,71.0
3,3,15,2,clustered,8,random,cluster,7,66.0
3,3,15,2,clustered,8,random,cluster,8,71.0
3,3,15,2,clustered,8,random,cluster,9,90.0
3,3,15,2,clustered,8,random,cluster,10,57.0
3,3,15,2,clustered,8,random,cluster,11,95.0
3,3,15,2,clustered,8,random,cluster,12,81.0
3,3,15,2,clustered,8,random,cluster,13,90.0
3,3,15,2,clustered,8,random,cluster,14,76.0
3,3,15,2,clustered,8,random,cluster,15,57.0
3,3,15,2,clustered,8,random,cluster,16,62.0
3,3,15,2,clustered,8,random,cluster,17,95.0
3,3,15,2,clustered,8,random,cluster,18,100.0
3,3,15,2,clustered,8,random,cluster,19,81.0
3,3,15,2,clustered,8,random,cluster,20,57.0
3,3,15,2,clustered,8,random,cluster,21,81.0
3,3,15,2,clustered,8,random,cluster,22,71.0
3,3,15,2,clustered,8,random,cluster,23,100.0
3,3,15,2,clustered,8,random,cluster,24,105.0
3,3,15,2,clustered,8,random,cluster,25,62.0
3,3,15,2,clustered,8,random,cluster,26,81.0
3,3,15,2,clustered,8,random,cluster,27,76.0
3,3,15,2,clustered,8,random,cluster,28,86.0
3,3,15,2,clustered,8,random,cluster,29,75.0
3,3,15,2,clustered,8,random,cluster,30,119.0
3,3,15,2,clustered,8,random,cluster,31,71.0
3,3,15,2,clustered,8,random,cluster,32,81.0
3,3,15,2,clustered,8,random,cluster,33,81.0
3,3,15,2,clustered,8,random,cluster,34,90.0
3,3,15,2,clustered,8,random,cluster,35,57.0
3,3,15,2,clustered,8,random,cluster,36,100.0
3,3,15,2,clustered,8,random,cluster,37,86.0
3,3,15,2,clustered,8,random,cluster,38,66.0
3,3,15,2,clustered,8,random,cluster,39,86.0
3,3,15,2,clustered,8,random,cluster,40,76.0
3,3,15,2,clustered,8,random,cluster,41,67.0
3,3,15,2,clustered,8,random,cluster,42,95.0
3,3,15,2,clustered,8,random,cluster,43,81.0
3,3,15,2,clustered,8,random,cluster,44,76.0
3,3,15,2,clustered,8,random,cluster,45,114.0
3,3,15,2,clustered,8,random,cluster,46,105.0
3,3,15,2,clustered,8,random,cluster,47,114.0
3,3,15,2,clustered,8,random,cluster,48,90.0
3,3,15,2,clustered,8,random,cluster,49,71.0
3,3,15,2,clustered,8,random,cluster,50,95.0
3,3,15,2,clustered,8,random,cluster,51,71.0
3,3,15,2,clustered,8,random,cluster,52,100.0
3,3,15,2,clustered,8,random,cluster,53,124.0
3,3,15,2,clustered,8,random,cluster,54,100.0
3,3,15,2,clustered,8,random,cluster,55,57.0
3,3,15,2,clustered,8,random,cluster,56,52.0
3,3,15,2,clustered,8,random,cluster,57,81.0
3,3,15,2,clustered,8,random,cluster,58,100.0
3,3,15,2,clustered,8,random,cluster,59,86.0
3,3,15,2,clustered,8,random,cluster,60,81.0
3,3,15,2,clustered,8,random,cluster,61,57.0
3,3,15,2,clustered,8,random,cluster,62,57.0
3,3,15,2,clustered,8,random,cluster,63,57.0
3,3,15,2,clustered,8,random,cluster,64,66.0
3,3,15,2,clustered,8,random,cluster,65,86.0
3,3,15,2,clustered,8,random,cluster,66,104.0
3,3,15,2,clustered,8,random,cluster,67,76.0
3,3,15,2,clustered,8,random,cluster,68,71.0
3,3,15,2,clustered,8,random,cluster,69,124.0
3,3,15,2,clustered,8,random,cluster,70,90.0
3,3,15,2,clustered,8,random,cluster,71,95.0
3,3,15,2,clustered,8,random,cluster,72,100.0
3,3,15,2,clustered,8,random,cluster,73,76.0
3,3,15,2,clustered,8,random,cluster,74,143.0
3,3,15,2,clustered,8,random,cluster,75,100.0
3,3,15,2,clustered,8,random,cluster,76,81.0
3,3,15,2,clustered,8,random,cluster,77,57.0
3,3,15,2,clustered,8,random,cluster,78,81.0
3,3,15,2,clustered,8,random,cluster,79,100.0
3,3,15,2,clustered,8,random,cluster,80,95.0
3,3,15,2,clustered,8,random,cluster,81,57.0
3,3,15,2,clustered,8,random,cluster,82,66.0
3,3,15,2,clustered,8,random,cluster,83,52.0
3,3,15,2,clustered,8,random,cluster,84,76.0
3,3,15,2,clustered,8,random,cluster,85,76.0
3,3,15,2,clustered,8,random,cluster,86,81.0
3,3,15,2,clustered,8,random,cluster,87,67.0
3,3,15,2,clustered,8,random,cluster,88,67.0
3,3,15,2,clustered,8,random,cluster,89,76.0
3,3,15,2,clustered,8,random,cluster,90,119.0
3,3,15,2,clustered,8,random,cluster,91,95.0
3,3,15,2,clustered,8,random,cluster,92,62.0
3,3,15,2,clustered,8,random,cluster,93,81.0
3,3,15,2,clustered,8,random,cluster,94,76.0
3,3,15,2,clustered,8,random,cluster,95,95.0
3,3,15,2,clustered,8,random,cluster,96,76.0
3,3,15,2,clustered,8,random,cluster,97,71.0
3,3,15,2,clustered,8,random,cluster,98,138.0
3,3,15,2,clustered,8,random,cluster,99,90.0
3,3,15,2,clustered,8,random,cluster,100,85.0
3,3,15,2,clustered,8,random,cluster,101,114.0
3,3,15,2,clustered,8,random,cluster,102,76.0
3,3,15,2,clustered,8,random,cluster,103,95.0
3,3,15,2,clustered,8,random,cluster,104,76.0
3,3,15,2,clustered,8,random,cluster,105,104.0
3,3,15,2,clustered,8,random,cluster,106,66.0
3,3,15,2,clustered,8,random,cluster,107,71.0
3,3,15,2,clustered,8,random,cluster,108,123.0
3,3,15,2,clustered,8,random,cluster,109,90.0
3,3,15,2,clustered,8,random,cluster,110,90.0
3,3,15,2,clustered,8,random,cluster,111,90.0
3,3,15,2,clustered,8,random,cluster,112,75.0
3,3,15,2,clustered,8,random,cluster,113,66.0
3,3,15,2,clustered,8,random,cluster,114,90.0
3,3,15,2,clustered,8,random,cluster,115,33.0
3,3,15,2,clustered,8,random,cluster,116,95.0
3,3,15,2,clustered,8,random,cluster,117,76.0
3,3,15,2,clustered,8,random,cluster,118,90.0
3,3,15,2,clustered,8,random,cluster,119,90.0
3,3,15,2,clustered,8,random,cluster,120,72.0
3,3,15,2,clustered,8,random,cluster,121,81.0
3,3,15,2,clustered,8,random,cluster,122,90.0
3,3,15,2,clustered,8,random,cluster,123,76.0
3,3,15,2,clustered,8,random,cluster,124,62.0
3,3,15,2,clustered,8,random,cluster,125,109.0
3,3,15,2,clustered,8,random,cluster,126,76.0
3,3,15,2,clustered,8,random,cluster,127,67.0
3,3,15,2,clustered,8,random,cluster,128,119.0
3,3,15,2,clustered,8,random,cluster,129,90.0
3,3,15,2,clustered,8,random,cluster,130,86.0
3,3,15,2,clustered,8,random,cluster,131,71.0
3,3,15,2,clustered,8,random,cluster,132,76.0
3,3,15,2,clustered,8,random,cluster,133,95.0
3,3,15,2,clustered,8,random,cluster,134,86.0
3,3,15,2,clustered,8,random,cluster,135,76.0
3,3,15,2,clustered,8,random,cluster,136,100.0
3,3,15,2,clustered,8,random,cluster,137,105.0
3,3,15,2,clustered,8,random,cluster,138,95.0
3,3,15,2,clustered,8,random,cluster,139,109.0
3,3,15,2,clustered,8,random,cluster,140,57.0
3,3,15,2,clustered,8,random,cluster,141,66.0
3,3,15,2,clustered,8,random,cluster,142,81.0
3,3,15,2,clustered,8,random,cluster,143,81.0
3,3,15,2,clustered,8,random,cluster,144,105.0
3,3,15,2,clustered,8,random,cluster,145,90.0
3,3,15,2,clustered,8,random,cluster,146,85.0
3,3,15,2,clustered,8,random,cluster,147,119.0
3,3,15,2,clustered,8,random,cluster,148,76.0
3,3,15,2,clustered,8,random,cluster,149,57.0
3,3,15,2,clustered,8,random,cluster,150,119.0
3,3,15,2,clustered,8,random,cluster,151,86.0
3,3,15,2,clustered,8,random,cluster,152,76.0
3,3,15,2,clustered,8,random,cluster,153,66.0
3,3,15,2,clustered,8,random,cluster,154,76.0
3,3,15,2,clustered,8,random,cluster,155,66.0
3,3,15,2,clustered,8,random,cluster,156,76.0
3,3,15,2,clustered,8,random,cluster,157,100.0
3,3,15,2,clustered,8,random,cluster,158,76.0
3,3,15,2,clustered,8,random,cluster,159,85.0
3,3,15,2,clustered,8,random,cluster,160,66.0
3,3,15,2,clustered,8,random,cluster,161,67.0
3,3,15,2,clustered,8,random,cluster,162,76.0
3,3,15,2,clustered,8,random,cluster,163,100.0
3,3,15,2,clustered,8,random,cluster,164,81.0
3,3,15,2,clustered,8,random,cluster,165,85.0
3,3,15,2,clustered,8,random,cluster,166,86.0
3,3,15,2,clustered,8,random,cluster,167,62.0
3,3,15,2,clustered,8,random,cluster,168,109.0
3,3,15,2,clustered,8,random,cluster,169,81.0
3,3,15,2,clustered,8,random,cluster,170,62.0
3,3,15,2,clustered,8,random,cluster,171,95.0
3,3,15,2,clustered,8,random,cluster,172,81.0
3,3,15,2,clustered,8,random,cluster,173,91.0
3,3,15,2,clustered,8,random,cluster,174,95.0
3,3,15,2,clustered,8,random,cluster,175,71.0
3,3,15,2,clustered,8,random,cluster,176,85.0
3,3,15,2,clustered,8,random,cluster,177,95.0
3,3,15,2,clustered,8,random,cluster,178,95.0
3,3,15,2,clustered,8,random,cluster,179,86.0
3,3,15,2,clustered,8,random,cluster,180,67.0
3,3,15,2,clustered,8,random,cluster,181,100.0
3,3,15,2,clustered,8,random,cluster,182,104.0
3,3,15,2,clustered,8,random,cluster,183,76.0
3,3,15,2,clustered,8,random,cluster,184,81.0
3,3,15,2,clustered,8,random,cluster,185,81.0
3,3,15,2,clustered,8,random,cluster,186,95.0
3,3,15,2,clustered,8,random,cluster,187,95.0
3,3,15,2,clustered,8,random,cluster,188,62.0
3,3,15,2,clustered,8,random,cluster,189,100.0
3,3,15,2,clustered,8,random,cluster,190,57.0
3,3,15,2,clustered,8,random,cluster,191,128.0
3,3,15,2,clustered,8,random,cluster,192,76.0
3,3,15,2,clustered,8,random,cluster,193,76.0
3,3,15,2,clustered,8,random,cluster,194,81.0
3,3,15,2,clustered,8,random,cluster,195,57.0
3,3,15,2,clustered,8,random,cluster,196,133.0
3,3,15,2,clustered,8,random,cluster,197,91.0
3,3,15,2,clustered,8,random,cluster,198,57.0
3,3,15,2,clustered,8,random,cluster,199,100.0
3,3,15,2,clustered,8,phi_corner,fifo,0,57.0
3,3,15,2,clustered,8,phi_corner,fifo,1,119.0
3,3,15,2,clustered,8,phi_corner,fifo,2,62.0
3,3,15,2,clustered,8,phi_corner,fifo,3,66.0
3,3,15,2,clustered,8,phi_corner,fifo,4,105.0
3,3,15,2,clustered,8,phi_corner,fifo,5,71.0
3,3,15,2,clustered,8,phi_corner,fifo,6,95.0
3,3,15,2,clustered,8,phi_corner,fifo,7,90.0
3,3,15,2,clustered,8,phi_corner,fifo,8,52.0
3,3,15,2,clustered,8,phi_corner,fifo,9,71.0
3,3,15,2,clustered,8,phi_corner,fifo,10,90.0
3,3,15,2,clustered,8,phi_corner,fifo,11,71.0
3,3,15,2,clustered,8,phi_corner,fifo,12,124.0
3,3,15,2,clustered,8,phi_corner,fifo,13,105.0
3,3,15,2,clustered,8,phi_corner,fifo,14,33.0
3,3,15,2,clustered,8,phi_corner,fifo,15,71.0
3,3,15,2,clustered,8,phi_corner,fifo,16,85.0
3,3,15,2,clustered,8,phi_corner,fifo,17,133.0
3,3,15,2,clustered,8,phi_corner,fifo,18,124.0
3,3,15,2,clustered,8,phi_corner,fifo,19,52.0
3,3,15,2,clustered,8,phi_corner,fifo,20,138.0
3,3,15,2,clustered,8,phi_corner,fifo,21,119.0
3,3,15,2,clustered,8,phi_corner,fifo,22,71.0
3,3,15,2,clustered,8,phi_corner,fifo,23,119.0
3,3,15,2,clustered,8,phi_corner,fifo,24,52.0
3,3,15,2,clustered,8,phi_corner,fifo,25,62.0
3,3,15,2,clustered,8,phi_corner,fifo,26,95.0
3,3,15,2,clustered,8,phi_corner,fifo,27,85.0
3,3,15,2,clustered,8,phi_corner,fifo,28,71.0
3,3,15,2,clustered,8,phi_corner,fifo,29,71.0
3,3,15,2,clustered,8,phi_corner,fifo,30,95.0
3,3,15,2,clustered,8,phi_corner,fifo,31,71.0
3,3,15,2,clustered,8,phi_corner,fifo,32,119.0
3,3,15,2,clustered,8,phi_corner,fifo,33,57.0
3,3,15,2,clustered,8,phi_corner,fifo,34,109.0
3,3,15,2,clustered,8,phi_corner,fifo,35,47.0
3,3,15,2,clustered,8,phi_corner,fifo,36,71.0
3,3,15,2,clustered,8,phi_corner,fifo,37,57.0
3,3,15,2,clustered,8,phi_corner,fifo,38,105.0
3,3,15,2,clustered,8,phi_corner,fifo,39,90.0
3,3,15,2,clustered,8,phi_corner,fifo,40,100.0
3,3,15,2,clustered,8,phi_corner,fifo,41,85.0
3,3,15,2,clustered,8,phi_corner,fifo,42,57.0
3,3,15,2,clustered,8,phi_corner,fifo,43,95.0
3,3,15,2,clustered,8,phi_corner,fifo,44,119.0
3,3,15,2,clustered,8,phi_corner,fifo,45,71.0
3,3,15,2,clustered,8,phi_corner,fifo,46,119.0
3,3,15,2,clustered,8,phi_corner,fifo,47,47.0
3,3,15,2,clustered,8,phi_corner,fifo,48,100.0
3,3,15,2,clustered,8,phi_corner,fifo,49,76.0
3,3,15,2,clustered,8,phi_corner,fifo,50,33.0
3,3,15,2,clustered,8,phi_corner,fifo,51,71.0
3,3,15,2,clustered,8,phi_corner,fifo,52,66.0
3,3,15,2,clustered,8,phi_corner,fifo,53,33.0
3,3,15,2,clustered,8,phi_corner,fifo,54,124.0
3,3,15,2,clustered,8,phi_corner,fifo,55,57.0
3,3,15,2,clustered,8,phi_corner,fifo,56,57.0
3,3,15,2,clustered,8,phi_corner,fifo,57,52.0
3,3,15,2,clustered,8,phi_corner,fifo,58,71.0
3,3,15,2,clustered,8,phi_corner,fifo,59,90.0
3,3,15,2,clustered,8,phi_corner,fifo,60,57.0
3,3,15,2,clustered,8,phi_corner,fifo,61,47.0
3,3,15,2,clustered,8,phi_corner,fifo,62,90.0
3,3,15,2,clustered,8,phi_corner,fifo,63,95.0
3,3,15,2,clustered,8,phi_corner,fifo,64,157.0
3,3,15,2,clustered,8,phi_corner,fifo,65,66.0
3,3,15,2,clustered,8,phi_corner,fifo,66,57.0
3,3,15,2,clustered,8,phi_corner,fifo,67,138.0
3,3,15,2,clustered,8,phi_corner,fifo,68,76.0
3,3,15,2,clustered,8,phi_corner,fifo,69,90.0
3,3,15,2,clustered,8,phi_corner,fifo,70,47.0
3,3,15,2,clustered,8,phi_corner,fifo,71,100.0
3,3,15,2,clustered,8,phi_corner,fifo,72,119.0
3,3,15,2,clustered,8,phi_corner,fifo,73,81.0
3,3,15,2,clustered,8,phi_corner,fifo,74,57.0
3,3,15,2,clustered,8,phi_corner,fifo,75,75.0
3,3,15,2,clustered,8,phi_corner,fifo,76,71.0
3,3,15,2,clustered,8,phi_corner,fifo,77,71.0
3,3,15,2,clustered,8,phi_corner,fifo,78,57.0
3,3,15,2,clustered,8,phi_corner,fifo,79,71.0
3,3,15,2,clustered,8,phi_corner,fifo,80,47.0
3,3,15,2,clustered,8,phi_corner,fifo,81,95.0
3,3,15,2,clustered,8,phi_corner,fifo,82,52.0
3,3,15,2,clustered,8,phi_corner,fifo,83,124.0
3,3,15,2,clustered,8,phi_corner,fifo,84,71.0
3,3,15,2,clustered,8,phi_corner,fifo,85,76.0
3,3,15,2,clustered,8,phi_corner,fifo,86,52.0
3,3,15,2,clustered,8,phi_corner,fifo,87,124.0
3,3,15,2,clustered,8,phi_corner,fifo,88,104.0
3,3,15,2,clustered,8,phi_corner,fifo,89,66.0
3,3,15,2,clustered,8,phi_corner,fifo,90,138.0
3,3,15,2,clustered,8,phi_corner,fifo,91,138.0
3,3,15,2,clustered,8,phi_corner,fifo,92,71.0
3,3,15,2,clustered,8,phi_corner,fifo,93,66.0
3,3,15,2,clustered,8,phi_corner,fifo,94,95.0
3,3,15,2,clustered,8,phi_corner,fifo,95,143.0
3,3,15,2,clustered,8,phi_corner,fifo,96,119.0
3,3,15,2,clustered,8,phi_corner,fifo,97,95.0
3,3,15,2,clustered,8,phi_corner,fifo,98,95.0
3,3,15,2,clustered,8,phi_corner,fifo,99,57.0
3,3,15,2,clustered,8,phi_corner,fifo,100,133.0
3,3,15,2,clustered,8,phi_corner,fifo,101,66.0
3,3,15,2,clustered,8,phi_corner,fifo,102,57.0
3,3,15,2,clustered,8,phi_corner,fifo,103,47.0
3,3,15,2,clustered,8,phi_corner,fifo,104,47.0
3,3,15,2,clustered,8,phi_corner,fifo,105,61.0
3,3,15,2,clustered,8,phi_corner,fifo,106,52.0
3,3,15,2,clustered,8,phi_corner,fifo,107,95.0
3,3,15,2,clustered,8,phi_corner,fifo,108,119.0
3,3,15,2,clustered,8,phi_corner,fifo,109,95.0
3,3,15,2,clustered,8,phi_corner,fifo,110,133.0
3,3,15,2,clustered,8,phi_corner,fifo,111,66.0
3,3,15,2,clustered,8,phi_corner,fifo,112,52.0
3,3,15,2,clustered,8,phi_corner,fifo,113,100.0
3,3,15,2,clustered,8,phi_corner,fifo,114,71.0
3,3,15,2,clustered,8,phi_corner,fifo,115,76.0
3,3,15,2,clustered,8,phi_corner,fifo,116,119.0
3,3,15,2,clustered,8,phi_corner,fifo,117,95.0
3,3,15,2,clustered,8,phi_corner,fifo,118,61.0
3,3,15,2,clustered,8,phi_corner,fifo,119,71.0
3,3,15,2,clustered,8,phi_corner,fifo,120,71.0
3,3,15,2,clustered,8,phi_corner,fifo,121,71.0
3,3,15,2,clustered,8,phi_corner,fifo,122,52.0
3,3,15,2,clustered,8,phi_corner,fifo,123,57.0
3,3,15,2,clustered,8,phi_corner,fifo,124,71.0
3,3,15,2,clustered,8,phi_corner,fifo,125,71.0
3,3,15,2,clustered,8,phi_corner,fifo,126,119.0
3,3,15,2,clustered,8,phi_corner,fifo,127,61.0
3,3,15,2,clustered,8,phi_corner,fifo,128,52.0
3,3,15,2,clustered,8,phi_corner,fifo,129,95.0
3,3,15,2,clustered,8,phi_corner,fifo,130,57.0
3,3,15,2,clustered,8,phi_corner,fifo,131,90.0
3,3,15,2,clustered,8,phi_corner,fifo,132,66.0
3,3,15,2,clustered,8,phi_corner,fifo,133,33.0
3,3,15,2,clustered,8,phi_corner,fifo,134,100.0
3,3,15,2,clustered,8,phi_corner,fifo,135,71.0
3,3,15,2,clustered,8,phi_corner,fifo,136,52.0
3,3,15,2,clustered,8,phi_corner,fifo,137,90.0
3,3,15,2,clustered,8,phi_corner,fifo,138,90.0
3,3,15,2,clustered,8,phi_corner,fifo,139,61.0
3,3,15,2,clustered,8,phi_corner,fifo,140,76.0
3,3,15,2,clustered,8,phi_corner,fifo,141,57.0
3,3,15,2,clustered,8,phi_corner,fifo,142,128.0
3,3,15,2,clustered,8,phi_corner,fifo,143,76.0
3,3,15,2,clustered,8,phi_corner,fifo,144,61.0
3,3,15,2,clustered,8,phi_corner,fifo,145,38.0
3,3,15,2,clustered,8,phi_corner,fifo,146,47.0
3,3,15,2,clustered,8,phi_corner,fifo,147,71.0
3,3,15,2,clustered,8,phi_corner,fifo,148,52.0
3,3,15,2,clustered,8,phi_corner,fifo,149,76.0
3,3,15,2,clustered,8,phi_corner,fifo,150,76.0
3,3,15,2,clustered,8,phi_corner,fifo,151,71.0
3,3,15,2,clustered,8,phi_corner,fifo,152,76.0
3,3,15,2,clustered,8,phi_corner,fifo,153,124.0
3,3,15,2,clustered,8,phi_corner,fifo,154,66.0
3,3,15,2,clustered,8,phi_corner,fifo,155,33.0
3,3,15,2,clustered,8,phi_corner,fifo,156,52.0
3,3,15,2,clustered,8,phi_corner,fifo,157,90.0
3,3,15,2,clustered,8,phi_corner,fifo,158,62.0
3,3,15,2,clustered,8,phi_corner,fifo,159,76.0
3,3,15,2,clustered,8,phi_corner,fifo,160,124.0
3,3,15,2,clustered,8,phi_corner,fifo,161,119.0
3,3,15,2,clustered,8,phi_corner,fifo,162,76.0
3,3,15,2,clustered,8,phi_corner,fifo,163,100.0
3,3,15,2,clustered,8,phi_corner,fifo,164,57.0
3,3,15,2,clustered,8,phi_corner,fifo,165,52.0
3,3,15,2,clustered,8,phi_corner,fifo,166,90.0
3,3,15,2,clustered,8,phi_corner,fifo,167,95.0
3,3,15,2,clustered,8,phi_corner,fifo,168,95.0
3,3,15,2,clustered,8,phi_corner,fifo,169,95.0
3,3,15,2,clustered,8,phi_corner,fifo,170,47.0
3,3,15,2,clustered,8,phi_corner,fifo,171,95.0
3,3,15,2,clustered,8,phi_corner,fifo,172,71.0
3,3,15,2,clustered,8,phi_corner,fifo,173,47.0
3,3,15,2,clustered,8,phi_corner,fifo,174,119.0
3,3,15,2,clustered,8,phi_corner,fifo,175,95.0
3,3,15,2,clustered,8,phi_corner,fifo,176,86.0
3,3,15,2,clustered,8,phi_corner,fifo,177,129.0
3,3,15,2,clustered,8,phi_corner,fifo,178,71.0
3,3,15,2,clustered,8,phi_corner,fifo,179,71.0
3,3,15,2,clustered,8,phi_corner,fifo,180,51.0
3,3,15,2,clustered,8,phi_corner,fifo,181,119.0
3,3,15,2,clustered,8,phi_corner,fifo,182,76.0
3,3,15,2,clustered,8,phi_corner,fifo,183,71.0
3,3,15,2,clustered,8,phi_corner,fifo,184,71.0
3,3,15,2,clustered,8,phi_corner,fifo,185,100.0
3,3,15,2,clustered,8,phi_corner,fifo,186,71.0
3,3,15,2,clustered,8,phi_corner,fifo,187,76.0
3,3,15,2,clustered,8,phi_corner,fifo,188,71.0
3,3,15,2,clustered,8,phi_corner,fifo,189,76.0
3,3,15,2,clustered,8,phi_corner,fifo,190,71.0
3,3,15,2,clustered,8,phi_corner,fifo,191,57.0
3,3,15,2,clustered,8,phi_corner,fifo,192,33.0
3,3,15,2,clustered,8,phi_corner,fifo,193,104.0
3,3,15,2,clustered,8,phi_corner,fifo,194,133.0
3,3,15,2,clustered,8,phi_corner,fifo,195,95.0
3,3,15,2,clustered,8,phi_corner,fifo,196,138.0
3,3,15,2,clustered,8,phi_corner,fifo,197,71.0
3,3,15,2,clustered,8,phi_corner,fifo,198,90.0
3,3,15,2,clustered,8,phi_corner,fifo,199,76.0
3,3,15,2,clustered,8,phi_corner,cluster,0,57.0
3,3,15,2,clustered,8,phi_corner,cluster,1,143.0
3,3,15,2,clustered,8,phi_corner,cluster,2,76.0
3,3,15,2,clustered,8,phi_corner,cluster,3,62.0
3,3,15,2,clustered,8,phi_corner,cluster,4,105.0
3,3,15,2,clustered,8,phi_corner,cluster,5,76.0
3,3,15,2,clustered,8,phi_corner,cluster,6,57.0
3,3,15,2,clustered,8,phi_corner,cluster,7,52.0
3,3,15,2,clustered,8,phi_corner,cluster,8,57.0
3,3,15,2,clustered,8,phi_corner,cluster,9,57.0
3,3,15,2,clustered,8,phi_corner,cluster,10,71.0
3,3,15,2,clustered,8,phi_corner,cluster,11,57.0
3,3,15,2,clustered,8,phi_corner,cluster,12,143.0
3,3,15,2,clustered,8,phi_corner,cluster,13,119.0
3,3,15,2,clustered,8,phi_corner,cluster,14,33.0
3,3,15,2,clustered,8,phi_corner,cluster,15,57.0
3,3,15,2,clustered,8,phi_corner,cluster,16,71.0
3,3,15,2,clustered,8,phi_corner,cluster,17,100.0
3,3,15,2,clustered,8,phi_corner,cluster,18,100.0
3,3,15,2,clustered,8,phi_corner,cluster,19,57.0
3,3,15,2,clustered,8,phi_corner,cluster,20,119.0
3,3,15,2,clustered,8,phi_corner,cluster,21,105.0
3,3,15,2,clustered,8,phi_corner,cluster,22,66.0
3,3,15,2,clustered,8,phi_corner,cluster,23,81.0
3,3,15,2,clustered,8,phi_corner,cluster,24,62.0
3,3,15,2,clustered,8,phi_corner,cluster,25,76.0
3,3,15,2,clustered,8,phi_corner,cluster,26,57.0
3,3,15,2,clustered,8,phi_corner,cluster,27,71.0
3,3,15,2,clustered,8,phi_corner,cluster,28,71.0
3,3,15,2,clustered,8,phi_corner,cluster,29,71.0
3,3,15,2,clustered,8,phi_corner,cluster,30,57.0
3,3,15,2,clustered,8,phi_corner,cluster,31,57.0
3,3,15,2,clustered,8,phi_corner,cluster,32,138.0
3,3,15,2,clustered,8,phi_corner,cluster,33,57.0
3,3,15,2,clustered,8,phi_corner,cluster,34,143.0
3,3,15,2,clustered,8,phi_corner,cluster,35,47.0
3,3,15,2,clustered,8,phi_corner,cluster,36,57.0
3,3,15,2,clustered,8,phi_corner,cluster,37,57.0
3,3,15,2,clustered,8,phi_corner,cluster,38,119.0
3,3,15,2,clustered,8,phi_corner,cluster,39,76.0
3,3,15,2,clustered,8,phi_corner,cluster,40,100.0
3,3,15,2,clustered,8,phi_corner,cluster,41,71.0
3,3,15,2,clustered,8,phi_corner,cluster,42,57.0
3,3,15,2,clustered,8,phi_corner,cluster,43,57.0
3,3,15,2,clustered,8,phi_corner,cluster,44,119.0
3,3,15,2,clustered,8,phi_corner,cluster,45,71.0
3,3,15,2,clustered,8,phi_corner,cluster,46,119.0
3,3,15,2,clustered,8,phi_corner,cluster,47,47.0
3,3,15,2,clustered,8,phi_corner,cluster,48,100.0
3,3,15,2,clustered,8,phi_corner,cluster,49,62.0
3,3,15,2,clustered,8,phi_corner,cluster,50,33.0
3,3,15,2,clustered,8,phi_corner,cluster,51,57.0
3,3,15,2,clustered,8,phi_corner,cluster,52,76.0
3,3,15,2,clustered,8,phi_corner,cluster,53,33.0
3,3,15,2,clustered,8,phi_corner,cluster,54,86.0
3,3,15,2,clustered,8,phi_corner,cluster,55,57.0
3,3,15,2,clustered,8,phi_corner,cluster,56,57.0
3,3,15,2,clustered,8,phi_corner,cluster,57,52.0
3,3,15,2,clustered,8,phi_corner,cluster,58,57.0
3,3,15,2,clustered,8,phi_corner,cluster,59,52.0
3,3,15,2,clustered,8,phi_corner,cluster,60,57.0
3,3,15,2,clustered,8,phi_corner,cluster,61,47.0
3,3,15,2,clustered,8,phi_corner,cluster,62,57.0
3,3,15,2,clustered,8,phi_corner,cluster,63,57.0
3,3,15,2,clustered,8,phi_corner,cluster,64,119.0
3,3,15,2,clustered,8,phi_corner,cluster,65,85.0
3,3,15,2,clustered,8,phi_corner,cluster,66,57.0
3,3,15,2,clustered,8,phi_corner,cluster,67,114.0
3,3,15,2,clustered,8,phi_corner,cluster,68,52.0
3,3,15,2,clustered,8,phi_corner,cluster,69,57.0
3,3,15,2,clustered,8,phi_corner,cluster,70,47.0
3,3,15,2,clustered,8,phi_corner,cluster,71,86.0
3,3,15,2,clustered,8,phi_corner,cluster,72,124.0
3,3,15,2,clustered,8,phi_corner,cluster,73,62.0
3,3,15,2,clustered,8,phi_corner,cluster,74,57.0
3,3,15,2,clustered,8,phi_corner,cluster,75,85.0
3,3,15,2,clustered,8,phi_corner,cluster,76,57.0
3,3,15,2,clustered,8,phi_corner,cluster,77,62.0
3,3,15,2,clustered,8,phi_corner,cluster,78,57.0
3,3,15,2,clustered,8,phi_corner,cluster,79,57.0
3,3,15,2,clustered,8,phi_corner,cluster,80,57.0
3,3,15,2,clustered,8,phi_corner,cluster,81,57.0
3,3,15,2,clustered,8,phi_corner,cluster,82,57.0
3,3,15,2,clustered,8,phi_corner,cluster,83,119.0
3,3,15,2,clustered,8,phi_corner,cluster,84,71.0
3,3,15,2,clustered,8,phi_corner,cluster,85,57.0
3,3,15,2,clustered,8,phi_corner,cluster,86,52.0
3,3,15,2,clustered,8,phi_corner,cluster,87,143.0
3,3,15,2,clustered,8,phi_corner,cluster,88,94.0
3,3,15,2,clustered,8,phi_corner,cluster,89,71.0
3,3,15,2,clustered,8,phi_corner,cluster,90,119.0
3,3,15,2,clustered,8,phi_corner,cluster,91,100.0
3,3,15,2,clustered,8,phi_corner,cluster,92,71.0
3,3,15,2,clustered,8,phi_corner,cluster,93,76.0
3,3,15,2,clustered,8,phi_corner,cluster,94,57.0
3,3,15,2,clustered,8,phi_corner,cluster,95,119.0
3,3,15,2,clustered,8,phi_corner,cluster,96,119.0
3,3,15,2,clustered,8,phi_corner,cluster,97,57.0
3,3,15,2,clustered,8,phi_corner,cluster,98,62.0
3,3,15,2,clustered,8,phi_corner,cluster,99,57.0
3,3,15,2,clustered,8,phi_corner,cluster,100,100.0
3,3,15,2,clustered,8,phi_corner,cluster,101,57.0
3,3,15,2,clustered,8,phi_corner,cluster,102,57.0
3,3,15,2,clustered,8,phi_corner,cluster,103,47.0
3,3,15,2,clustered,8,phi_corner,cluster,104,47.0
3,3,15,2,clustered,8,phi_corner,cluster,105,71.0
3,3,15,2,clustered,8,phi_corner,cluster,106,52.0
3,3,15,2,clustered,8,phi_corner,cluster,107,57.0
3,3,15,2,clustered,8,phi_corner,cluster,108,81.0
3,3,15,2,clustered,8,phi_corner,cluster,109,57.0
3,3,15,2,clustered,8,phi_corner,cluster,110,148.0
3,3,15,2,clustered,8,phi_corner,cluster,111,71.0
3,3,15,2,clustered,8,phi_corner,cluster,112,52.0
3,3,15,2,clustered,8,phi_corner,cluster,113,57.0
3,3,15,2,clustered,8,phi_corner,cluster,114,57.0
3,3,15,2,clustered,8,phi_corner,cluster,115,52.0
3,3,15,2,clustered,8,phi_corner,cluster,116,119.0
3,3,15,2,clustered,8,phi_corner,cluster,117,57.0
3,3,15,2,clustered,8,phi_corner,cluster,118,61.0
3,3,15,2,clustered,8,phi_corner,cluster,119,57.0
3,3,15,2,clustered,8,phi_corner,cluster,120,57.0
3,3,15,2,clustered,8,phi_corner,cluster,121,71.0
3,3,15,2,clustered,8,phi_corner,cluster,122,57.0
3,3,15,2,clustered,8,phi_corner,cluster,123,57.0
3,3,15,2,clustered,8,phi_corner,cluster,124,57.0
3,3,15,2,clustered,8,phi_corner,cluster,125,57.0
3,3,15,2,clustered,8,phi_corner,cluster,126,105.0
3,3,15,2,clustered,8,phi_corner,cluster,127,76.0
3,3,15,2,clustered,8,phi_corner,cluster,128,52.0
3,3,15,2,clustered,8,phi_corner,cluster,129,57.0
3,3,15,2,clustered,8,phi_corner,cluster,130,57.0
3,3,15,2,clustered,8,phi_corner,cluster,131,57.0
3,3,15,2,clustered,8,phi_corner,cluster,132,71.0
3,3,15,2,clustered,8,phi_corner,cluster,133,33.0
3,3,15,2,clustered,8,phi_corner,cluster,134,57.0
3,3,15,2,clustered,8,phi_corner,cluster,135,57.0
3,3,15,2,clustered,8,phi_corner,cluster,136,52.0
3,3,15,2,clustered,8,phi_corner,cluster,137,57.0
3,3,15,2,clustered,8,phi_corner,cluster,138,71.0
3,3,15,2,clustered,8,phi_corner,cluster,139,61.0
3,3,15,2,clustered,8,phi_corner,cluster,140,52.0
3,3,15,2,clustered,8,phi_corner,cluster,141,57.0
3,3,15,2,clustered,8,phi_corner,cluster,142,124.0
3,3,15,2,clustered,8,phi_corner,cluster,143,85.0
3,3,15,2,clustered,8,phi_corner,cluster,144,76.0
3,3,15,2,clustered,8,phi_corner,cluster,145,38.0
3,3,15,2,clustered,8,phi_corner,cluster,146,47.0
3,3,15,2,clustered,8,phi_corner,cluster,147,57.0
3,3,15,2,clustered,8,phi_corner,cluster,148,52.0
3,3,15,2,clustered,8,phi_corner,cluster,149,52.0
3,3,15,2,clustered,8,phi_corner,cluster,150,52.0
3,3,15,2,clustered,8,phi_corner,cluster,151,71.0
3,3,15,2,clustered,8,phi_corner,cluster,152,52.0
3,3,15,2,clustered,8,phi_corner,cluster,153,138.0
3,3,15,2,clustered,8,phi_corner,cluster,154,57.0
3,3,15,2,clustered,8,phi_corner,cluster,155,38.0
3,3,15,2,clustered,8,phi_corner,cluster,156,47.0
3,3,15,2,clustered,8,phi_corner,cluster,157,57.0
3,3,15,2,clustered,8,phi_corner,cluster,158,62.0
3,3,15,2,clustered,8,phi_corner,cluster,159,57.0
3,3,15,2,clustered,8,phi_corner,cluster,160,129.0
3,3,15,2,clustered,8,phi_corner,cluster,161,119.0
3,3,15,2,clustered,8,phi_corner,cluster,162,52.0
3,3,15,2,clustered,8,phi_corner,cluster,163,157.0
3,3,15,2,clustered,8,phi_corner,cluster,164,76.0
3,3,15,2,clustered,8,phi_corner,cluster,165,62.0
3,3,15,2,clustered,8,phi_corner,cluster,166,52.0
3,3,15,2,clustered,8,phi_corner,cluster,167,57.0
3,3,15,2,clustered,8,phi_corner,cluster,168,57.0
3,3,15,2,clustered,8,phi_corner,cluster,169,57.0
3,3,15,2,clustered,8,phi_corner,cluster,170,57.0
3,3,15,2,clustered,8,phi_corner,cluster,171,57.0
3,3,15,2,clustered,8,phi_corner,cluster,172,71.0
3,3,15,2,clustered,8,phi_corner,cluster,173,57.0
3,3,15,2,clustered,8,phi_corner,cluster,174,105.0
3,3,15,2,clustered,8,phi_corner,cluster,175,57.0
3,3,15,2,clustered,8,phi_corner,cluster,176,86.0
3,3,15,2,clustered,8,phi_corner,cluster,177,129.0
3,3,15,2,clustered,8,phi_corner,cluster,178,57.0
3,3,15,2,clustered,8,phi_corner,cluster,179,57.0
3,3,15,2,clustered,8,phi_corner,cluster,180,61.0
3,3,15,2,clustered,8,phi_corner,cluster,181,119.0
3,3,15,2,clustered,8,phi_corner,cluster,182,62.0
3,3,15,2,clustered,8,phi_corner,cluster,183,57.0
3,3,15,2,clustered,8,phi_corner,cluster,184,76.0
3,3,15,2,clustered,8,phi_corner,cluster,185,100.0
3,3,15,2,clustered,8,phi_corner,cluster,186,90.0
3,3,15,2,clustered,8,phi_corner,cluster,187,85.0
3,3,15,2,clustered,8,phi_corner,cluster,188,71.0
3,3,15,2,clustered,8,phi_corner,cluster,189,62.0
3,3,15,2,clustered,8,phi_corner,cluster,190,62.0
3,3,15,2,clustered,8,phi_corner,cluster,191,57.0
3,3,15,2,clustered,8,phi_corner,cluster,192,33.0
3,3,15,2,clustered,8,phi_corner,cluster,193,94.0
3,3,15,2,clustered,8,phi_corner,cluster,194,100.0
3,3,15,2,clustered,8,phi_corner,cluster,195,57.0
3,3,15,2,clustered,8,phi_corner,cluster,196,100.0
3,3,15,2,clustered,8,phi_corner,cluster,197,71.0
3,3,15,2,clustered,8,phi_corner,cluster,198,57.0
3,3,15,2,clustered,8,phi_corner,cluster,199,76.0
3,3,15,2,clustered,30,random,fifo,0,343.0
3,3,15,2,clustered,30,random,fifo,1,314.0
3,3,15,2,clustered,30,random,fifo,2,319.0
3,3,15,2,clustered,30,random,fifo,3,259.0
3,3,15,2,clustered,30,random,fifo,4,344.0
3,3,15,2,clustered,30,random,fifo,5,348.0
3,3,15,2,clustered,30,random,fifo,6,310.0
3,3,15,2,clustered,30,random,fifo,7,366.0
3,3,15,2,clustered,30,random,fifo,8,348.0
3,3,15,2,clustered,30,random,fifo,9,290.0
3,3,15,2,clustered,30,random,fifo,10,320.0
3,3,15,2,clustered,30,random,fifo,11,354.0
3,3,15,2,clustered,30,random,fifo,12,364.0
3,3,15,2,clustered,30,random,fifo,13,358.0
3,3,15,2,clustered,30,random,fifo,14,340.0
3,3,15,2,clustered,30,random,fifo,15,449.0
3,3,15,2,clustered,30,random,fifo,16,429.0
3,3,15,2,clustered,30,random,fifo,17,352.0
3,3,15,2,clustered,30,random,fifo,18,363.0
3,3,15,2,clustered,30,random,fifo,19,286.0
3,3,15,2,clustered,30,random,fifo,20,314.0
3,3,15,2,clustered,30,random,fifo,21,376.0
3,3,15,2,clustered,30,random,fifo,22,375.0
3,3,15,2,clustered,30,random,fifo,23,405.0
3,3,15,2,clustered,30,random,fifo,24,328.0
3,3,15,2,clustered,30,random,fifo,25,347.0
3,3,15,2,clustered,30,random,fifo,26,333.0
3,3,15,2,clustered,30,random,fifo,27,392.0
3,3,15,2,clustered,30,random,fifo,28,329.0
3,3,15,2,clustered,30,random,fifo,29,276.0
3,3,15,2,clustered,30,random,fifo,30,319.0
3,3,15,2,clustered,30,random,fifo,31,386.0
3,3,15,2,clustered,30,random,fifo,32,357.0
3,3,15,2,clustered,30,random,fifo,33,371.0
3,3,15,2,clustered,30,random,fifo,34,400.0
3,3,15,2,clustered,30,random,fifo,35,423.0
3,3,15,2,clustered,30,random,fifo,36,346.0
3,3,15,2,clustered,30,random,fifo,37,349.0
3,3,15,2,clustered,30,random,fifo,38,334.0
3,3,15,2,clustered,30,random,fifo,39,353.0
3,3,15,2,clustered,30,random,fifo,40,358.0
3,3,15,2,clustered,30,random,fifo,41,357.0
3,3,15,2,clustered,30,random,fifo,42,328.0
3,3,15,2,clustered,30,random,fifo,43,324.0
3,3,15,2,clustered,30,random,fifo,44,430.0
3,3,15,2,clustered,30,random,fifo,45,386.0
3,3,15,2,clustered,30,random,fifo,46,358.0
3,3,15,2,clustered,30,random,fifo,47,296.0
3,3,15,2,clustered,30,random,fifo,48,378.0
3,3,15,2,clustered,30,random,fifo,49,349.0
3,3,15,2,clustered,30,random,fifo,50,361.0
3,3,15,2,clustered,30,random,fifo,51,350.0
3,3,15,2,clustered,30,random,fifo,52,391.0
3,3,15,2,clustered,30,random,fifo,53,272.0
3,3,15,2,clustered,30,random,fifo,54,276.0
3,3,15,2,clustered,30,random,fifo,55,393.0
3,3,15,2,clustered,30,random,fifo,56,331.0
3,3,15,2,clustered,30,random,fifo,57,393.0
3,3,15,2,clustered,30,random,fifo,58,354.0
3,3,15,2,clustered,30,random,fifo,59,386.0
3,3,15,2,clustered,30,random,fifo,60,330.0
3,3,15,2,clustered,30,random,fifo,61,415.0
3,3,15,2,clustered,30,random,fifo,62,357.0
3,3,15,2,clustered,30,random,fifo,63,323.0
3,3,15,2,clustered,30,random,fifo,64,376.0
3,3,15,2,clustered,30,random,fifo,65,349.0
3,3,15,2,clustered,30,random,fifo,66,416.0
3,3,15,2,clustered,30,random,fifo,67,296.0
3,3,15,2,clustered,30,random,fifo,68,358.0
3,3,15,2,clustered,30,random,fifo,69,435.0
3,3,15,2,clustered,30,random,fifo,70,381.0
3,3,15,2,clustered,30,random,fifo,71,334.0
3,3,15,2,clustered,30,random,fifo,72,329.0
3,3,15,2,clustered,30,random,fifo,73,328.0
3,3,15,2,clustered,30,random,fifo,74,342.0
3,3,15,2,clustered,30,random,fifo,75,362.0
3,3,15,2,clustered,30,random,fifo,76,377.0
3,3,15,2,clustered,30,random,fifo,77,349.0
3,3,15,2,clustered,30,random,fifo,78,395.0
3,3,15,2,clustered,30,random,fifo,79,367.0
3,3,15,2,clustered,30,random,fifo,80,392.0
3,3,15,2,clustered,30,random,fifo,81,373.0
3,3,15,2,clustered,30,random,fifo,82,281.0
3,3,15,2,clustered,30,random,fifo,83,411.0
3,3,15,2,clustered,30,random,fifo,84,406.0
3,3,15,2,clustered,30,random,fifo,85,377.0
3,3,15,2,clustered,30,random,fifo,86,387.0
3,3,15,2,clustered,30,random,fifo,87,339.0
3,3,15,2,clustered,30,random,fifo,88,349.0
3,3,15,2,clustered,30,random,fifo,89,301.0
3,3,15,2,clustered,30,random,fifo,90,386.0
3,3,15,2,clustered,30,random,fifo,91,363.0
3,3,15,2,clustered,30,random,fifo,92,283.0
3,3,15,2,clustered,30,random,fifo,93,307.0
3,3,15,2,clustered,30,random,fifo,94,366.0
3,3,15,2,clustered,30,random,fifo,95,320.0
3,3,15,2,clustered,30,random,fifo,96,354.0
3,3,15,2,clustered,30,random,fifo,97,327.0
3,3,15,2,clustered,30,random,fifo,98,296.0
3,3,15,2,clustered,30,random,fifo,99,348.0
3,3,15,2,clustered,30,random,fifo,100,386.0
3,3,15,2,clustered,30,random,fifo,101,434.0
3,3,15,2,clustered,30,random,fifo,102,329.0
3,3,15,2,clustered,30,random,fifo,103,301.0
3,3,15,2,clustered,30,random,fifo,104,402.0
3,3,15,2,clustered,30,random,fifo,105,358.0
3,3,15,2,clustered,30,random,fifo,106,325.0
3,3,15,2,clustered,30,random,fifo,107,357.0
3,3,15,2,clustered,30,random,fifo,108,376.0
3,3,15,2,clustered,30,random,fifo,109,357.0
3,3,15,2,clustered,30,random,fifo,110,372.0
3,3,15,2,clustered,30,random,fifo,111,387.0
3,3,15,2,clustered,30,random,fifo,112,339.0
3,3,15,2,clustered,30,random,fifo,113,329.0
3,3,15,2,clustered,30,random,fifo,114,411.0
3,3,15,2,clustered,30,random,fifo,115,387.0
3,3,15,2,clustered,30,random,fifo,116,349.0
3,3,15,2,clustered,30,random,fifo,117,364.0
3,3,15,2,clustered,30,random,fifo,118,396.0
3,3,15,2,clustered,30,random,fifo,119,382.0
3,3,15,2,clustered,30,random,fifo,120,319.0
3,3,15,2,clustered,30,random,fifo,121,348.0
3,3,15,2,clustered,30,random,fifo,122,333.0
3,3,15,2,clustered,30,random,fifo,123,349.0
3,3,15,2,clustered,30,random,fifo,124,355.0
3,3,15,2,clustered,30,random,fifo,125,320.0
3,3,15,2,clustered,30,random,fifo,126,430.0
3,3,15,2,clustered,30,random,fifo,127,363.0
3,3,15,2,clustered,30,random,fifo,128,329.0
3,3,15,2,clustered,30,random,fifo,129,357.0
3,3,15,2,clustered,30,random,fifo,130,376.0
3,3,15,2,clustered,30,random,fifo,131,349.0
3,3,15,2,clustered,30,random,fifo,132,353.0
3,3,15,2,clustered,30,random,fifo,133,352.0
3,3,15,2,clustered,30,random,fifo,134,334.0
3,3,15,2,clustered,30,random,fifo,135,361.0
3,3,15,2,clustered,30,random,fifo,136,395.0
3,3,15,2,clustered,30,random,fifo,137,324.0
3,3,15,2,clustered,30,random,fifo,138,311.0
3,3,15,2,clustered,30,random,fifo,139,428.0
3,3,15,2,clustered,30,random,fifo,140,377.0
3,3,15,2,clustered,30,random,fifo,141,375.0
3,3,15,2,clustered,30,random,fifo,142,353.0
3,3,15,2,clustered,30,random,fifo,143,329.0
3,3,15,2,clustered,30,random,fifo,144,357.0
3,3,15,2,clustered,30,random,fifo,145,346.0
3,3,15,2,clustered,30,random,fifo,146,314.0
3,3,15,2,clustered,30,random,fifo,147,343.0
3,3,15,2,clustered,30,random,fifo,148,337.0
3,3,15,2,clustered,30,random,fifo,149,363.0
3,3,15,2,clustered,30,random,fifo,150,371.0
3,3,15,2,clustered,30,random,fifo,151,376.0
3,3,15,2,clustered,30,random,fifo,152,434.0
3,3,15,2,clustered,30,random,fifo,153,402.0
3,3,15,2,clustered,30,random,fifo,154,363.0
3,3,15,2,clustered,30,random,fifo,155,339.0
3,3,15,2,clustered,30,random,fifo,156,380.0
3,3,15,2,clustered,30,random,fifo,157,317.0
3,3,15,2,clustered,30,random,fifo,158,289.0
3,3,15,2,clustered,30,random,fifo,159,354.0
3,3,15,2,clustered,30,random,fifo,160,330.0
3,3,15,2,clustered,30,random,fifo,161,329.0
3,3,15,2,clustered,30,random,fifo,162,353.0
3,3,15,2,clustered,30,random,fifo,163,329.0
3,3,15,2,clustered,30,random,fifo,164,326.0
3,3,15,2,clustered,30,random,fifo,165,362.0
3,3,15,2,clustered,30,random,fifo,166,315.0
3,3,15,2,clustered,30,random,fifo,167,371.0
3,3,15,2,clustered,30,random,fifo,168,392.0
3,3,15,2,clustered,30,random,fifo,169,349.0
3,3,15,2,clustered,30,random,fifo,170,343.0
3,3,15,2,clustered,30,random,fifo,171,376.0
3,3,15,2,clustered,30,random,fifo,172,338.0
3,3,15,2,clustered,30,random,fifo,173,358.0
3,3,15,2,clustered,30,random,fifo,174,366.0
3,3,15,2,clustered,30,random,fifo,175,363.0
3,3,15,2,clustered,30,random,fifo,176,325.0
3,3,15,2,clustered,30,random,fifo,177,367.0
3,3,15,2,clustered,30,random,fifo,178,324.0
3,3,15,2,clustered,30,random,fifo,179,311.0
3,3,15,2,clustered,30,random,fifo,180,358.0
3,3,15,2,clustered,30,random,fifo,181,338.0
3,3,15,2,clustered,30,random,fifo,182,323.0
3,3,15,2,clustered,30,random,fifo,183,307.0
3,3,15,2,clustered,30,random,fifo,184,376.0
3,3,15,2,clustered,30,random,fifo,185,362.0
3,3,15,2,clustered,30,random,fifo,186,310.0
3,3,15,2,clustered,30,random,fifo,187,294.0
3,3,15,2,clustered,30,random,fifo,188,362.0
3,3,15,2,clustered,30,random,fifo,189,394.0
3,3,15,2,clustered,30,random,fifo,190,397.0
3,3,15,2,clustered,30,random,fifo,191,304.0
3,3,15,2,clustered,30,random,fifo,192,380.0
3,3,15,2,clustered,30,random,fifo,193,382.0
3,3,15,2,clustered,30,random,fifo,194,347.0
3,3,15,2,clustered,30,random,fifo,195,353.0
3,3,15,2,clustered,30,random,fifo,196,392.0
3,3,15,2,clustered,30,random,fifo,197,376.0
3,3,15,2,clustered,30,random,fifo,198,310.0
3,3,15,2,clustered,30,random,fifo,199,314.0
3,3,15,2,clustered,30,random,cluster,0,261.0
3,3,15,2,clustered,30,random,cluster,1,334.0
3,3,15,2,clustered,30,random,cluster,2,275.0
3,3,15,2,clustered,30,random,cluster,3,258.0
3,3,15,2,clustered,30,random,cluster,4,320.0
3,3,15,2,clustered,30,random,cluster,5,319.0
3,3,15,2,clustered,30,random,cluster,6,330.0
3,3,15,2,clustered,30,random,cluster,7,302.0
3,3,15,2,clustered,30,random,cluster,8,314.0
3,3,15,2,clustered,30,random,cluster,9,301.0
3,3,15,2,clustered,30,random,cluster,10,282.0
3,3,15,2,clustered,30,random,cluster,11,329.0
3,3,15,2,clustered,30,random,cluster,12,305.0
3,3,15,2,clustered,30,random,cluster,13,277.0
3,3,15,2,clustered,30,random,cluster,14,297.0
3,3,15,2,clustered,30,random,cluster,15,306.0
3,3,15,2,clustered,30,random,cluster,16,329.0
3,3,15,2,clustered,30,random,cluster,17,319.0
3,3,15,2,clustered,30,random,cluster,18,310.0
3,3,15,2,clustered,30,random,cluster,19,281.0
3,3,15,2,clustered,30,random,cluster,20,277.0
3,3,15,2,clustered,30,random,cluster,21,291.0
3,3,15,2,clustered,30,random,cluster,22,290.0
3,3,15,2,clustered,30,random,cluster,23,343.0
3,3,15,2,clustered,30,random,cluster,24,300.0
3,3,15,2,clustered,30,random,cluster,25,309.0
3,3,15,2,clustered,30,random,cluster,26,339.0
3,3,15,2,clustered,30,random,cluster,27,344.0
3,3,15,2,clustered,30,random,cluster,28,320.0
3,3,15,2,clustered,30,random,cluster,29,262.0
3,3,15,2,clustered,30,random,cluster,30,281.0
3,3,15,2,clustered,30,random,cluster,31,330.0
3,3,15,2,clustered,30,random,cluster,32,323.0
3,3,15,2,clustered,30,random,cluster,33,353.0
3,3,15,2,clustered,30,random,cluster,34,314.0
3,3,15,2,clustered,30,random,cluster,35,328.0
3,3,15,2,clustered,30,random,cluster,36,303.0
3,3,15,2,clustered,30,random,cluster,37,334.0
3,3,15,2,clustered,30,random,cluster,38,348.0
3,3,15,2,clustered,30,random,cluster,39,263.0
3,3,15,2,clustered,30,random,cluster,40,299.0
3,3,15,2,clustered,30,random,cluster,41,323.0
3,3,15,2,clustered,30,random,cluster,42,262.0
3,3,15,2,clustered,30,random,cluster,43,274.0
3,3,15,2,clustered,30,random,cluster,44,354.0
3,3,15,2,clustered,30,random,cluster,45,315.0
3,3,15,2,clustered,30,random,cluster,46,320.0
3,3,15,2,clustered,30,random,cluster,47,276.0
3,3,15,2,clustered,30,random,cluster,48,307.0
3,3,15,2,clustered,30,random,cluster,49,282.0
3,3,15,2,clustered,30,random,cluster,50,347.0
3,3,15,2,clustered,30,random,cluster,51,322.0
3,3,15,2,clustered,30,random,cluster,52,296.0
3,3,15,2,clustered,30,random,cluster,53,258.0
3,3,15,2,clustered,30,random,cluster,54,256.0
3,3,15,2,clustered,30,random,cluster,55,302.0
3,3,15,2,clustered,30,random,cluster,56,301.0
3,3,15,2,clustered,30,random,cluster,57,335.0
3,3,15,2,clustered,30,random,cluster,58,296.0
3,3,15,2,clustered,30,random,cluster,59,349.0
3,3,15,2,clustered,30,random,cluster,60,296.0
3,3,15,2,clustered,30,random,cluster,61,315.0
3,3,15,2,clustered,30,random,cluster,62,305.0
3,3,15,2,clustered,30,random,cluster,63,281.0
3,3,15,2,clustered,30,random,cluster,64,310.0
3,3,15,2,clustered,30,random,cluster,65,291.0
3,3,15,2,clustered,30,random,cluster,66,311.0
3,3,15,2,clustered,30,random,cluster,67,296.0
3,3,15,2,clustered,30,random,cluster,68,305.0
3,3,15,2,clustered,30,random,cluster,69,316.0
3,3,15,2,clustered,30,random,cluster,70,281.0
3,3,15,2,clustered,30,random,cluster,71,281.0
3,3,15,2,clustered,30,random,cluster,72,295.0
3,3,15,2,clustered,30,random,cluster,73,295.0
3,3,15,2,clustered,30,random,cluster,74,309.0
3,3,15,2,clustered,30,random,cluster,75,353.0
3,3,15,2,clustered,30,random,cluster,76,301.0
3,3,15,2,clustered,30,random,cluster,77,297.0
3,3,15,2,clustered,30,random,cluster,78,324.0
3,3,15,2,clustered,30,random,cluster,79,286.0
3,3,15,2,clustered,30,random,cluster,80,296.0
3,3,15,2,clustered,30,random,cluster,81,328.0
3,3,15,2,clustered,30,random,cluster,82,266.0
3,3,15,2,clustered,30,random,cluster,83,319.0
3,3,15,2,clustered,30,random,cluster,84,311.0
3,3,15,2,clustered,30,random,cluster,85,314.0
3,3,15,2,clustered,30,random,cluster,86,305.0
3,3,15,2,clustered,30,random,cluster,87,263.0
3,3,15,2,clustered,30,random,cluster,88,310.0
3,3,15,2,clustered,30,random,cluster,89,281.0
3,3,15,2,clustered,30,random,cluster,90,304.0
3,3,15,2,clustered,30,random,cluster,91,324.0
3,3,15,2,clustered,30,random,cluster,92,258.0
3,3,15,2,clustered,30,random,cluster,93,325.0
3,3,15,2,clustered,30,random,cluster,94,337.0
3,3,15,2,clustered,30,random,cluster,95,282.0
3,3,15,2,clustered,30,random,cluster,96,330.0
3,3,15,2,clustered,30,random,cluster,97,270.0
3,3,15,2,clustered,30,random,cluster,98,263.0
3,3,15,2,clustered,30,random,cluster,99,282.0
3,3,15,2,clustered,30,random,cluster,100,296.0
3,3,15,2,clustered,30,random,cluster,101,318.0
3,3,15,2,clustered,30,random,cluster,102,295.0
3,3,15,2,clustered,30,random,cluster,103,247.0
3,3,15,2,clustered,30,random,cluster,104,322.0
3,3,15,2,clustered,30,random,cluster,105,277.0
3,3,15,2,clustered,30,random,cluster,106,296.0
3,3,15,2,clustered,30,random,cluster,107,323.0
3,3,15,2,clustered,30,random,cluster,108,305.0
3,3,15,2,clustered,30,random,cluster,109,285.0
3,3,15,2,clustered,30,random,cluster,110,304.0
3,3,15,2,clustered,30,random,cluster,111,325.0
3,3,15,2,clustered,30,random,cluster,112,284.0
3,3,15,2,clustered,30,random,cluster,113,266.0
3,3,15,2,clustered,30,random,cluster,114,287.0
3,3,15,2,clustered,30,random,cluster,115,300.0
3,3,15,2,clustered,30,random,cluster,116,330.0
3,3,15,2,clustered,30,random,cluster,117,301.0
3,3,15,2,clustered,30,random,cluster,118,320.0
3,3,15,2,clustered,30,random,cluster,119,291.0
3,3,15,2,clustered,30,random,cluster,120,238.0
3,3,15,2,clustered,30,random,cluster,121,291.0
3,3,15,2,clustered,30,random,cluster,122,284.0
3,3,15,2,clustered,30,random,cluster,123,258.0
3,3,15,2,clustered,30,random,cluster,124,350.0
3,3,15,2,clustered,30,random,cluster,125,306.0
3,3,15,2,clustered,30,random,cluster,126,325.0
3,3,15,2,clustered,30,random,cluster,127,335.0
3,3,15,2,clustered,30,random,cluster,128,248.0
3,3,15,2,clustered,30,random,cluster,129,272.0
3,3,15,2,clustered,30,random,cluster,130,323.0
3,3,15,2,clustered,30,random,cluster,131,320.0
3,3,15,2,clustered,30,random,cluster,132,304.0
3,3,15,2,clustered,30,random,cluster,133,286.0
3,3,15,2,clustered,30,random,cluster,134,276.0
3,3,15,2,clustered,30,random,cluster,135,313.0
3,3,15,2,clustered,30,random,cluster,136,286.0
3,3,15,2,clustered,30,random,cluster,137,334.0
3,3,15,2,clustered,30,random,cluster,138,302.0
3,3,15,2,clustered,30,random,cluster,139,304.0
3,3,15,2,clustered,30,random,cluster,140,334.0
3,3,15,2,clustered,30,random,cluster,141,323.0
3,3,15,2,clustered,30,random,cluster,142,277.0
3,3,15,2,clustered,30,random,cluster,143,257.0
3,3,15,2,clustered,30,random,cluster,144,267.0
3,3,15,2,clustered,30,random,cluster,145,302.0
3,3,15,2,clustered,30,random,cluster,146,312.0
3,3,15,2,clustered,30,random,cluster,147,319.0
3,3,15,2,clustered,30,random,cluster,148,268.0
3,3,15,2,clustered,30,random,cluster,149,300.0
3,3,15,2,clustered,30,random,cluster,150,309.0
3,3,15,2,clustered,30,random,cluster,151,329.0
3,3,15,2,clustered,30,random,cluster,152,325.0
3,3,15,2,clustered,30,random,cluster,153,374.0
3,3,15,2,clustered,30,random,cluster,154,291.0
3,3,15,2,clustered,30,random,cluster,155,282.0
3,3,15,2,clustered,30,random,cluster,156,286.0
3,3,15,2,clustered,30,random,cluster,157,220.0
3,3,15,2,clustered,30,random,cluster,158,266.0
3,3,15,2,clustered,30,random,cluster,159,283.0
3,3,15,2,clustered,30,random,cluster,160,296.0
3,3,15,2,clustered,30,random,cluster,161,309.0
3,3,15,2,clustered,30,random,cluster,162,294.0
3,3,15,2,clustered,30,random,cluster,163,306.0
3,3,15,2,clustered,30,random,cluster,164,283.0
3,3,15,2,clustered,30,random,cluster,165,299.0
3,3,15,2,clustered,30,random,cluster,166,298.0
3,3,15,2,clustered,30,random,cluster,167,324.0
3,3,15,2,clustered,30,random,cluster,168,301.0
3,3,15,2,clustered,30,random,cluster,169,311.0
3,3,15,2,clustered,30,random,cluster,170,300.0
3,3,15,2,clustered,30,random,cluster,171,314.0
3,3,15,2,clustered,30,random,cluster,172,329.0
3,3,15,2,clustered,30,random,cluster,173,273.0
3,3,15,2,clustered,30,random,cluster,174,309.0
3,3,15,2,clustered,30,random,cluster,175,334.0
3,3,15,2,clustered,30,random,cluster,176,239.0
3,3,15,2,clustered,30,random,cluster,177,266.0
3,3,15,2,clustered,30,random,cluster,178,291.0
3,3,15,2,clustered,30,random,cluster,179,306.0
3,3,15,2,clustered,30,random,cluster,180,324.0
3,3,15,2,clustered,30,random,cluster,181,348.0
3,3,15,2,clustered,30,random,cluster,182,324.0
3,3,15,2,clustered,30,random,cluster,183,278.0
3,3,15,2,clustered,30,random,cluster,184,291.0
3,3,15,2,clustered,30,random,cluster,185,327.0
3,3,15,2,clustered,30,random,cluster,186,295.0
3,3,15,2,clustered,30,random,cluster,187,293.0
3,3,15,2,clustered,30,random,cluster,188,329.0
3,3,15,2,clustered,30,random,cluster,189,319.0
3,3,15,2,clustered,30,random,cluster,190,316.0
3,3,15,2,clustered,30,random,cluster,191,280.0
3,3,15,2,clustered,30,random,cluster,192,295.0
3,3,15,2,clustered,30,random,cluster,193,343.0
3,3,15,2,clustered,30,random,cluster,194,280.0
3,3,15,2,clustered,30,random,cluster,195,296.0
3,3,15,2,clustered,30,random,cluster,196,309.0
3,3,15,2,clustered,30,random,cluster,197,290.0
3,3,15,2,clustered,30,random,cluster,198,311.0
3,3,15,2,clustered,30,random,cluster,199,310.0
3,3,15,2,clustered,30,phi_corner,fifo,0,319.0
3,3,15,2,clustered,30,phi_corner,fifo,1,356.0
3,3,15,2,clustered,30,phi_corner,fifo,2,367.0
3,3,15,2,clustered,30,phi_corner,fifo,3,271.0
3,3,15,2,clustered,30,phi_corner,fifo,4,325.0
3,3,15,2,clustered,30,phi_corner,fifo,5,430.0
3,3,15,2,clustered,30,phi_corner,fifo,6,361.0
3,3,15,2,clustered,30,phi_corner,fifo,7,317.0
3,3,15,2,clustered,30,phi_corner,fifo,8,297.0
3,3,15,2,clustered,30,phi_corner,fifo,9,290.0
3,3,15,2,clustered,30,phi_corner,fifo,10,351.0
3,3,15,2,clustered,30,phi_corner,fifo,11,324.0
3,3,15,2,clustered,30,phi_corner,fifo,12,305.0
3,3,15,2,clustered,30,phi_corner,fifo,13,406.0
3,3,15,2,clustered,30,phi_corner,fifo,14,285.0
3,3,15,2,clustered,30,phi_corner,fifo,15,289.0
3,3,15,2,clustered,30,phi_corner,fifo,16,328.0
3,3,15,2,clustered,30,phi_corner,fifo,17,295.0
3,3,15,2,clustered,30,phi_corner,fifo,18,299.0
3,3,15,2,clustered,30,phi_corner,fifo,19,344.0
3,3,15,2,clustered,30,phi_corner,fifo,20,343.0
3,3,15,2,clustered,30,phi_corner,fifo,21,300.0
3,3,15,2,clustered,30,phi_corner,fifo,22,292.0
3,3,15,2,clustered,30,phi_corner,fifo,23,344.0
3,3,15,2,clustered,30,phi_corner,fifo,24,280.0
3,3,15,2,clustered,30,phi_corner,fifo,25,319.0
3,3,15,2,clustered,30,phi_corner,fifo,26,300.0
3,3,15,2,clustered,30,phi_corner,fifo,27,338.0
3,3,15,2,clustered,30,phi_corner,fifo,28,282.0
3,3,15,2,clustered,30,phi_corner,fifo,29,291.0
3,3,15,2,clustered,30,phi_corner,fifo,30,343.0
3,3,15,2,clustered,30,phi_corner,fifo,31,314.0
3,3,15,2,clustered,30,phi_corner,fifo,32,291.0
3,3,15,2,clustered,30,phi_corner,fifo,33,301.0
3,3,15,2,clustered,30,phi_corner,fifo,34,275.0
3,3,15,2,clustered,30,phi_corner,fifo,35,293.0
3,3,15,2,clustered,30,phi_corner,fifo,36,362.0
3,3,15,2,clustered,30,phi_corner,fifo,37,391.0
3,3,15,2,clustered,30,phi_corner,fifo,38,361.0
3,3,15,2,clustered,30,phi_corner,fifo,39,361.0
3,3,15,2,clustered,30,phi_corner,fifo,40,353.0
3,3,15,2,clustered,30,phi_corner,fifo,41,328.0
3,3,15,2,clustered,30,phi_corner,fifo,42,334.0
3,3,15,2,clustered,30,phi_corner,fifo,43,405.0
3,3,15,2,clustered,30,phi_corner,fifo,44,367.0
3,3,15,2,clustered,30,phi_corner,fifo,45,440.0
3,3,15,2,clustered,30,phi_corner,fifo,46,352.0
3,3,15,2,clustered,30,phi_corner,fifo,47,316.0
3,3,15,2,clustered,30,phi_corner,fifo,48,314.0
3,3,15,2,clustered,30,phi_corner,fifo,49,366.0
3,3,15,2,clustered,30,phi_corner,fifo,50,315.0
3,3,15,2,clustered,30,phi_corner,fifo,51,353.0
3,3,15,2,clustered,30,phi_corner,fifo,52,334.0
3,3,15,2,clustered,30,phi_corner,fifo,53,328.0
3,3,15,2,clustered,30,phi_corner,fifo,54,330.0
3,3,15,2,clustered,30,phi_corner,fifo,55,289.0
3,3,15,2,clustered,30,phi_corner,fifo,56,365.0
3,3,15,2,clustered,30,phi_corner,fifo,57,278.0
3,3,15,2,clustered,30,phi_corner,fifo,58,280.0
3,3,15,2,clustered,30,phi_corner,fifo,59,324.0
3,3,15,2,clustered,30,phi_corner,fifo,60,366.0
3,3,15,2,clustered,30,phi_corner,fifo,61,316.0
3,3,15,2,clustered,30,phi_corner,fifo,62,325.0
3,3,15,2,clustered,30,phi_corner,fifo,63,293.0
3,3,15,2,clustered,30,phi_corner,fifo,64,402.0
3,3,15,2,clustered,30,phi_corner,fifo,65,329.0
3,3,15,2,clustered,30,phi_corner,fifo,66,313.0
3,3,15,2,clustered,30,phi_corner,fifo,67,268.0
3,3,15,2,clustered,30,phi_corner,fifo,68,316.0
3,3,15,2,clustered,30,phi_corner,fifo,69,319.0
3,3,15,2,clustered,30,phi_corner,fifo,70,319.0
3,3,15,2,clustered,30,phi_corner,fifo,71,339.0
3,3,15,2,clustered,30,phi_corner,fifo,72,333.0
3,3,15,2,clustered,30,phi_corner,fifo,73,335.0
3,3,15,2,clustered,30,phi_corner,fifo,74,391.0
3,3,15,2,clustered,30,phi_corner,fifo,75,280.0
3,3,15,2,clustered,30,phi_corner,fifo,76,290.0
3,3,15,2,clustered,30,phi_corner,fifo,77,386.0
3,3,15,2,clustered,30,phi_corner,fifo,78,303.0
3,3,15,2,clustered,30,phi_corner,fifo,79,430.0
3,3,15,2,clustered,30,phi_corner,fifo,80,292.0
3,3,15,2,clustered,30,phi_corner,fifo,81,289.0
3,3,15,2,clustered,30,phi_corner,fifo,82,304.0
3,3,15,2,clustered,30,phi_corner,fifo,83,334.0
3,3,15,2,clustered,30,phi_corner,fifo,84,405.0
3,3,15,2,clustered,30,phi_corner,fifo,85,294.0
3,3,15,2,clustered,30,phi_corner,fifo,86,304.0
3,3,15,2,clustered,30,phi_corner,fifo,87,289.0
3,3,15,2,clustered,30,phi_corner,fifo,88,303.0
3,3,15,2,clustered,30,phi_corner,fifo,89,296.0
3,3,15,2,clustered,30,phi_corner,fifo,90,314.0
3,3,15,2,clustered,30,phi_corner,fifo,91,295.0
3,3,15,2,clustered,30,phi_corner,fifo,92,319.0
3,3,15,2,clustered,30,phi_corner,fifo,93,371.0
3,3,15,2,clustered,30,phi_corner,fifo,94,315.0
3,3,15,2,clustered,30,phi_corner,fifo,95,315.0
3,3,15,2,clustered,30,phi_corner,fifo,96,334.0
3,3,15,2,clustered,30,phi_corner,fifo,97,296.0
3,3,15,2,clustered,30,phi_corner,fifo,98,366.0
3,3,15,2,clustered,30,phi_corner,fifo,99,378.0
3,3,15,2,clustered,30,phi_corner,fifo,100,354.0
3,3,15,2,clustered,30,phi_corner,fifo,101,296.0
3,3,15,2,clustered,30,phi_corner,fifo,102,318.0
3,3,15,2,clustered,30,phi_corner,fifo,103,325.0
3,3,15,2,clustered,30,phi_corner,fifo,104,354.0
3,3,15,2,clustered,30,phi_corner,fifo,105,286.0
3,3,15,2,clustered,30,phi_corner,fifo,106,324.0
3,3,15,2,clustered,30,phi_corner,fifo,107,377.0
3,3,15,2,clustered,30,phi_corner,fifo,108,302.0
3,3,15,2,clustered,30,phi_corner,fifo,109,319.0
3,3,15,2,clustered,30,phi_corner,fifo,110,386.0
3,3,15,2,clustered,30,phi_corner,fifo,111,280.0
3,3,15,2,clustered,30,phi_corner,fifo,112,323.0
3,3,15,2,clustered,30,phi_corner,fifo,113,366.0
3,3,15,2,clustered,30,phi_corner,fifo,114,347.0
3,3,15,2,clustered,30,phi_corner,fifo,115,334.0
3,3,15,2,clustered,30,phi_corner,fifo,116,358.0
3,3,15,2,clustered,30,phi_corner,fifo,117,343.0
3,3,15,2,clustered,30,phi_corner,fifo,118,430.0
3,3,15,2,clustered,30,phi_corner,fifo,119,290.0
3,3,15,2,clustered,30,phi_corner,fifo,120,329.0
3,3,15,2,clustered,30,phi_corner,fifo,121,323.0
3,3,15,2,clustered,30,phi_corner,fifo,122,297.0
3,3,15,2,clustered,30,phi_corner,fifo,123,316.0
3,3,15,2,clustered,30,phi_corner,fifo,124,233.0
3,3,15,2,clustered,30,phi_corner,fifo,125,378.0
3,3,15,2,clustered,30,phi_corner,fifo,126,314.0
3,3,15,2,clustered,30,phi_corner,fifo,127,339.0
3,3,15,2,clustered,30,phi_corner,fifo,128,293.0
3,3,15,2,clustered,30,phi_corner,fifo,129,301.0
3,3,15,2,clustered,30,phi_corner,fifo,130,267.0
3,3,15,2,clustered,30,phi_corner,fifo,131,282.0
3,3,15,2,clustered,30,phi_corner,fifo,132,311.0
3,3,15,2,clustered,30,phi_corner,fifo,133,339.0
3,3,15,2,clustered,30,phi_corner,fifo,134,339.0
3,3,15,2,clustered,30,phi_corner,fifo,135,316.0
3,3,15,2,clustered,30,phi_corner,fifo,136,306.0
3,3,15,2,clustered,30,phi_corner,fifo,137,285.0
3,3,15,2,clustered,30,phi_corner,fifo,138,310.0
3,3,15,2,clustered,30,phi_corner,fifo,139,406.0
3,3,15,2,clustered,30,phi_corner,fifo,140,328.0
3,3,15,2,clustered,30,phi_corner,fifo,141,319.0
3,3,15,2,clustered,30,phi_corner,fifo,142,319.0
3,3,15,2,clustered,30,phi_corner,fifo,143,347.0
3,3,15,2,clustered,30,phi_corner,fifo,144,286.0
3,3,15,2,clustered,30,phi_corner,fifo,145,348.0
3,3,15,2,clustered,30,phi_corner,fifo,146,291.0
3,3,15,2,clustered,30,phi_corner,fifo,147,282.0
3,3,15,2,clustered,30,phi_corner,fifo,148,314.0
3,3,15,2,clustered,30,phi_corner,fifo,149,377.0
3,3,15,2,clustered,30,phi_corner,fifo,150,391.0
3,3,15,2,clustered,30,phi_corner,fifo,151,338.0
3,3,15,2,clustered,30,phi_corner,fifo,152,343.0
3,3,15,2,clustered,30,phi_corner,fifo,153,271.0
3,3,15,2,clustered,30,phi_corner,fifo,154,267.0
3,3,15,2,clustered,30,phi_corner,fifo,155,300.0
3,3,15,2,clustered,30,phi_corner,fifo,156,333.0
3,3,15,2,clustered,30,phi_corner,fifo,157,294.0
3,3,15,2,clustered,30,phi_corner,fifo,158,358.0
3,3,15,2,clustered,30,phi_corner,fifo,159,297.0
3,3,15,2,clustered,30,phi_corner,fifo,160,315.0
3,3,15,2,clustered,30,phi_corner,fifo,161,309.0
3,3,15,2,clustered,30,phi_corner,fifo,162,305.0
3,3,15,2,clustered,30,phi_corner,fifo,163,310.0
3,3,15,2,clustered,30,phi_corner,fifo,164,339.0
3,3,15,2,clustered,30,phi_corner,fifo,165,320.0
3,3,15,2,clustered,30,phi_corner,fifo,166,386.0
3,3,15,2,clustered,30,phi_corner,fifo,167,319.0
3,3,15,2,clustered,30,phi_corner,fifo,168,314.0
3,3,15,2,clustered,30,phi_corner,fifo,169,252.0
3,3,15,2,clustered,30,phi_corner,fifo,170,257.0
3,3,15,2,clustered,30,phi_corner,fifo,171,410.0
3,3,15,2,clustered,30,phi_corner,fifo,172,358.0
3,3,15,2,clustered,30,phi_corner,fifo,173,319.0
3,3,15,2,clustered,30,phi_corner,fifo,174,301.0
3,3,15,2,clustered,30,phi_corner,fifo,175,363.0
3,3,15,2,clustered,30,phi_corner,fifo,176,330.0
3,3,15,2,clustered,30,phi_corner,fifo,177,276.0
3,3,15,2,clustered,30,phi_corner,fifo,178,351.0
3,3,15,2,clustered,30,phi_corner,fifo,179,300.0
3,3,15,2,clustered,30,phi_corner,fifo,180,367.0
3,3,15,2,clustered,30,phi_corner,fifo,181,317.0
3,3,15,2,clustered,30,phi_corner,fifo,182,352.0
3,3,15,2,clustered,30,phi_corner,fifo,183,358.0
3,3,15,2,clustered,30,phi_corner,fifo,184,314.0
3,3,15,2,clustered,30,phi_corner,fifo,185,278.0
3,3,15,2,clustered,30,phi_corner,fifo,186,290.0
3,3,15,2,clustered,30,phi_corner,fifo,187,333.0
3,3,15,2,clustered,30,phi_corner,fifo,188,347.0
3,3,15,2,clustered,30,phi_corner,fifo,189,319.0
3,3,15,2,clustered,30,phi_corner,fifo,190,424.0
3,3,15,2,clustered,30,phi_corner,fifo,191,326.0
3,3,15,2,clustered,30,phi_corner,fifo,192,372.0
3,3,15,2,clustered,30,phi_corner,fifo,193,295.0
3,3,15,2,clustered,30,phi_corner,fifo,194,362.0
3,3,15,2,clustered,30,phi_corner,fifo,195,325.0
3,3,15,2,clustered,30,phi_corner,fifo,196,304.0
3,3,15,2,clustered,30,phi_corner,fifo,197,315.0
3,3,15,2,clustered,30,phi_corner,fifo,198,367.0
3,3,15,2,clustered,30,phi_corner,fifo,199,352.0
3,3,15,2,clustered,30,phi_corner,cluster,0,281.0
3,3,15,2,clustered,30,phi_corner,cluster,1,253.0
3,3,15,2,clustered,30,phi_corner,cluster,2,272.0
3,3,15,2,clustered,30,phi_corner,cluster,3,261.0
3,3,15,2,clustered,30,phi_corner,cluster,4,286.0
3,3,15,2,clustered,30,phi_corner,cluster,5,310.0
3,3,15,2,clustered,30,phi_corner,cluster,6,275.0
3,3,15,2,clustered,30,phi_corner,cluster,7,297.0
3,3,15,2,clustered,30,phi_corner,cluster,8,281.0
3,3,15,2,clustered,30,phi_corner,cluster,9,251.0
3,3,15,2,clustered,30,phi_corner,cluster,10,290.0
3,3,15,2,clustered,30,phi_corner,cluster,11,291.0
3,3,15,2,clustered,30,phi_corner,cluster,12,278.0
3,3,15,2,clustered,30,phi_corner,cluster,13,311.0
3,3,15,2,clustered,30,phi_corner,cluster,14,294.0
3,3,15,2,clustered,30,phi_corner,cluster,15,266.0
3,3,15,2,clustered,30,phi_corner,cluster,16,262.0
3,3,15,2,clustered,30,phi_corner,cluster,17,267.0
3,3,15,2,clustered,30,phi_corner,cluster,18,261.0
3,3,15,2,clustered,30,phi_corner,cluster,19,286.0
3,3,15,2,clustered,30,phi_corner,cluster,20,261.0
3,3,15,2,clustered,30,phi_corner,cluster,21,240.0
3,3,15,2,clustered,30,phi_corner,cluster,22,192.0
3,3,15,2,clustered,30,phi_corner,cluster,23,286.0
3,3,15,2,clustered,30,phi_corner,cluster,24,290.0
3,3,15,2,clustered,30,phi_corner,cluster,25,281.0
3,3,15,2,clustered,30,phi_corner,cluster,26,266.0
3,3,15,2,clustered,30,phi_corner,cluster,27,282.0
3,3,15,2,clustered,30,phi_corner,cluster,28,282.0
3,3,15,2,clustered,30,phi_corner,cluster,29,261.0
3,3,15,2,clustered,30,phi_corner,cluster,30,267.0
3,3,15,2,clustered,30,phi_corner,cluster,31,300.0
3,3,15,2,clustered,30,phi_corner,cluster,32,294.0
3,3,15,2,clustered,30,phi_corner,cluster,33,243.0
3,3,15,2,clustered,30,phi_corner,cluster,34,266.0
3,3,15,2,clustered,30,phi_corner,cluster,35,275.0
3,3,15,2,clustered,30,phi_corner,cluster,36,377.0
3,3,15,2,clustered,30,phi_corner,cluster,37,356.0
3,3,15,2,clustered,30,phi_corner,cluster,38,257.0
3,3,15,2,clustered,30,phi_corner,cluster,39,275.0
3,3,15,2,clustered,30,phi_corner,cluster,40,287.0
3,3,15,2,clustered,30,phi_corner,cluster,41,291.0
3,3,15,2,clustered,30,phi_corner,cluster,42,272.0
3,3,15,2,clustered,30,phi_corner,cluster,43,268.0
3,3,15,2,clustered,30,phi_corner,cluster,44,338.0
3,3,15,2,clustered,30,phi_corner,cluster,45,349.0
3,3,15,2,clustered,30,phi_corner,cluster,46,295.0
3,3,15,2,clustered,30,phi_corner,cluster,47,268.0
3,3,15,2,clustered,30,phi_corner,cluster,48,290.0
3,3,15,2,clustered,30,phi_corner,cluster,49,300.0
3,3,15,2,clustered,30,phi_corner,cluster,50,249.0
3,3,15,2,clustered,30,phi_corner,cluster,51,313.0
3,3,15,2,clustered,30,phi_corner,cluster,52,261.0
3,3,15,2,clustered,30,phi_corner,cluster,53,290.0
3,3,15,2,clustered,30,phi_corner,cluster,54,287.0
3,3,15,2,clustered,30,phi_corner,cluster,55,266.0
3,3,15,2,clustered,30,phi_corner,cluster,56,307.0
3,3,15,2,clustered,30,phi_corner,cluster,57,288.0
3,3,15,2,clustered,30,phi_corner,cluster,58,270.0
3,3,15,2,clustered,30,phi_corner,cluster,59,309.0
3,3,15,2,clustered,30,phi_corner,cluster,60,299.0
3,3,15,2,clustered,30,phi_corner,cluster,61,268.0
3,3,15,2,clustered,30,phi_corner,cluster,62,286.0
3,3,15,2,clustered,30,phi_corner,cluster,63,270.0
3,3,15,2,clustered,30,phi_corner,cluster,64,368.0
3,3,15,2,clustered,30,phi_corner,cluster,65,257.0
3,3,15,2,clustered,30,phi_corner,cluster,66,261.0
3,3,15,2,clustered,30,phi_corner,cluster,67,249.0
3,3,15,2,clustered,30,phi_corner,cluster,68,268.0
3,3,15,2,clustered,30,phi_corner,cluster,69,286.0
3,3,15,2,clustered,30,phi_corner,cluster,70,282.0
3,3,15,2,clustered,30,phi_corner,cluster,71,290.0
3,3,15,2,clustered,30,phi_corner,cluster,72,286.0
3,3,15,2,clustered,30,phi_corner,cluster,73,301.0
3,3,15,2,clustered,30,phi_corner,cluster,74,300.0
3,3,15,2,clustered,30,phi_corner,cluster,75,271.0
3,3,15,2,clustered,30,phi_corner,cluster,76,267.0
3,3,15,2,clustered,30,phi_corner,cluster,77,325.0
3,3,15,2,clustered,30,phi_corner,cluster,78,284.0
3,3,15,2,clustered,30,phi_corner,cluster,79,310.0
3,3,15,2,clustered,30,phi_corner,cluster,80,249.0
3,3,15,2,clustered,30,phi_corner,cluster,81,266.0
3,3,15,2,clustered,30,phi_corner,cluster,82,272.0
3,3,15,2,clustered,30,phi_corner,cluster,83,263.0
3,3,15,2,clustered,30,phi_corner,cluster,84,268.0
3,3,15,2,clustered,30,phi_corner,cluster,85,263.0
3,3,15,2,clustered,30,phi_corner,cluster,86,258.0
3,3,15,2,clustered,30,phi_corner,cluster,87,266.0
3,3,15,2,clustered,30,phi_corner,cluster,88,284.0
3,3,15,2,clustered,30,phi_corner,cluster,89,325.0
3,3,15,2,clustered,30,phi_corner,cluster,90,252.0
3,3,15,2,clustered,30,phi_corner,cluster,91,253.0
3,3,15,2,clustered,30,phi_corner,cluster,92,276.0
3,3,15,2,clustered,30,phi_corner,cluster,93,373.0
3,3,15,2,clustered,30,phi_corner,cluster,94,268.0
3,3,15,2,clustered,30,phi_corner,cluster,95,285.0
3,3,15,2,clustered,30,phi_corner,cluster,96,333.0
3,3,15,2,clustered,30,phi_corner,cluster,97,325.0
3,3,15,2,clustered,30,phi_corner,cluster,98,266.0
3,3,15,2,clustered,30,phi_corner,cluster,99,300.0
3,3,15,2,clustered,30,phi_corner,cluster,100,268.0
3,3,15,2,clustered,30,phi_corner,cluster,101,263.0
3,3,15,2,clustered,30,phi_corner,cluster,102,295.0
3,3,15,2,clustered,30,phi_corner,cluster,103,286.0
3,3,15,2,clustered,30,phi_corner,cluster,104,268.0
3,3,15,2,clustered,30,phi_corner,cluster,105,261.0
3,3,15,2,clustered,30,phi_corner,cluster,106,310.0
3,3,15,2,clustered,30,phi_corner,cluster,107,280.0
3,3,15,2,clustered,30,phi_corner,cluster,108,305.0
3,3,15,2,clustered,30,phi_corner,cluster,109,276.0
3,3,15,2,clustered,30,phi_corner,cluster,110,334.0
3,3,15,2,clustered,30,phi_corner,cluster,111,271.0
3,3,15,2,clustered,30,phi_corner,cluster,112,290.0
3,3,15,2,clustered,30,phi_corner,cluster,113,300.0
3,3,15,2,clustered,30,phi_corner,cluster,114,308.0
3,3,15,2,clustered,30,phi_corner,cluster,115,262.0
3,3,15,2,clustered,30,phi_corner,cluster,116,267.0
3,3,15,2,clustered,30,phi_corner,cluster,117,271.0
3,3,15,2,clustered,30,phi_corner,cluster,118,310.0
3,3,15,2,clustered,30,phi_corner,cluster,119,267.0
3,3,15,2,clustered,30,phi_corner,cluster,120,257.0
3,3,15,2,clustered,30,phi_corner,cluster,121,290.0
3,3,15,2,clustered,30,phi_corner,cluster,122,258.0
3,3,15,2,clustered,30,phi_corner,cluster,123,281.0
3,3,15,2,clustered,30,phi_corner,cluster,124,238.0
3,3,15,2,clustered,30,phi_corner,cluster,125,300.0
3,3,15,2,clustered,30,phi_corner,cluster,126,300.0
3,3,15,2,clustered,30,phi_corner,cluster,127,272.0
3,3,15,2,clustered,30,phi_corner,cluster,128,270.0
3,3,15,2,clustered,30,phi_corner,cluster,129,264.0
3,3,15,2,clustered,30,phi_corner,cluster,130,252.0
3,3,15,2,clustered,30,phi_corner,cluster,131,282.0
3,3,15,2,clustered,30,phi_corner,cluster,132,264.0
3,3,15,2,clustered,30,phi_corner,cluster,133,277.0
3,3,15,2,clustered,30,phi_corner,cluster,134,272.0
3,3,15,2,clustered,30,phi_corner,cluster,135,281.0
3,3,15,2,clustered,30,phi_corner,cluster,136,291.0
3,3,15,2,clustered,30,phi_corner,cluster,137,266.0
3,3,15,2,clustered,30,phi_corner,cluster,138,311.0
3,3,15,2,clustered,30,phi_corner,cluster,139,311.0
3,3,15,2,clustered,30,phi_corner,cluster,140,291.0
3,3,15,2,clustered,30,phi_corner,cluster,141,286.0
3,3,15,2,clustered,30,phi_corner,cluster,142,276.0
3,3,15,2,clustered,30,phi_corner,cluster,143,308.0
3,3,15,2,clustered,30,phi_corner,cluster,144,261.0
3,3,15,2,clustered,30,phi_corner,cluster,145,282.0
3,3,15,2,clustered,30,phi_corner,cluster,146,294.0
3,3,15,2,clustered,30,phi_corner,cluster,147,282.0
3,3,15,2,clustered,30,phi_corner,cluster,148,290.0
3,3,15,2,clustered,30,phi_corner,cluster,149,248.0
3,3,15,2,clustered,30,phi_corner,cluster,150,356.0
3,3,15,2,clustered,30,phi_corner,cluster,151,353.0
3,3,15,2,clustered,30,phi_corner,cluster,152,271.0
3,3,15,2,clustered,30,phi_corner,cluster,153,257.0
3,3,15,2,clustered,30,phi_corner,cluster,154,252.0
3,3,15,2,clustered,30,phi_corner,cluster,155,280.0
3,3,15,2,clustered,30,phi_corner,cluster,156,299.0
3,3,15,2,clustered,30,phi_corner,cluster,157,271.0
3,3,15,2,clustered,30,phi_corner,cluster,158,296.0
3,3,15,2,clustered,30,phi_corner,cluster,159,281.0
3,3,15,2,clustered,30,phi_corner,cluster,160,264.0
3,3,15,2,clustered,30,phi_corner,cluster,161,300.0
3,3,15,2,clustered,30,phi_corner,cluster,162,278.0
3,3,15,2,clustered,30,phi_corner,cluster,163,311.0
3,3,15,2,clustered,30,phi_corner,cluster,164,277.0
3,3,15,2,clustered,30,phi_corner,cluster,165,285.0
3,3,15,2,clustered,30,phi_corner,cluster,166,332.0
3,3,15,2,clustered,30,phi_corner,cluster,167,252.0
3,3,15,2,clustered,30,phi_corner,cluster,168,281.0
3,3,15,2,clustered,30,phi_corner,cluster,169,214.0
3,3,15,2,clustered,30,phi_corner,cluster,170,248.0
3,3,15,2,clustered,30,phi_corner,cluster,171,361.0
3,3,15,2,clustered,30,phi_corner,cluster,172,296.0
3,3,15,2,clustered,30,phi_corner,cluster,173,276.0
3,3,15,2,clustered,30,phi_corner,cluster,174,264.0
3,3,15,2,clustered,30,phi_corner,cluster,175,258.0
3,3,15,2,clustered,30,phi_corner,cluster,176,310.0
3,3,15,2,clustered,30,phi_corner,cluster,177,256.0
3,3,15,2,clustered,30,phi_corner,cluster,178,284.0
3,3,15,2,clustered,30,phi_corner,cluster,179,280.0
3,3,15,2,clustered,30,phi_corner,cluster,180,266.0
3,3,15,2,clustered,30,phi_corner,cluster,181,220.0
3,3,15,2,clustered,30,phi_corner,cluster,182,319.0
3,3,15,2,clustered,30,phi_corner,cluster,183,267.0
3,3,15,2,clustered,30,phi_corner,cluster,184,281.0
3,3,15,2,clustered,30,phi_corner,cluster,185,288.0
3,3,15,2,clustered,30,phi_corner,cluster,186,224.0
3,3,15,2,clustered,30,phi_corner,cluster,187,280.0
3,3,15,2,clustered,30,phi_corner,cluster,188,308.0
3,3,15,2,clustered,30,phi_corner,cluster,189,264.0
3,3,15,2,clustered,30,phi_corner,cluster,190,288.0
3,3,15,2,clustered,30,phi_corner,cluster,191,264.0
3,3,15,2,clustered,30,phi_corner,cluster,192,277.0
3,3,15,2,clustered,30,phi_corner,cluster,193,290.0
3,3,15,2,clustered,30,phi_corner,cluster,194,272.0
3,3,15,2,clustered,30,phi_corner,cluster,195,262.0
3,3,15,2,clustered,30,phi_corner,cluster,196,271.0
3,3,15,2,clustered,30,phi_corner,cluster,197,328.0
3,3,15,2,clustered,30,phi_corner,cluster,198,277.0
3,3,15,2,clustered,30,phi_corner,cluster,199,319.0
5,3,30,2,diurnal,8,random,fifo,0,138.91447793982218
5,3,30,2,diurnal,8,random,fifo,1,97.13007196766642
5,3,30,2,diurnal,8,random,fifo,2,148.0329494312971
5,3,30,2,diurnal,8,random,fifo,3,120.60498630139853
5,3,30,2,diurnal,8,random,fifo,4,125.53295801674393
5,3,30,2,diurnal,8,random,fifo,5,135.96871697999308
5,3,30,2,diurnal,8,random,fifo,6,160.8866454756413
5,3,30,2,diurnal,8,random,fifo,7,160.63382848410671
5,3,30,2,diurnal,8,random,fifo,8,130.87301639159733
5,3,30,2,diurnal,8,random,fifo,9,113.79280149884359
5,3,30,2,diurnal,8,random,fifo,10,95.15040464030376
5,3,30,2,diurnal,8,random,fifo,11,117.27009206612857
5,3,30,2,diurnal,8,random,fifo,12,130.048292557127
5,3,30,2,diurnal,8,random,fifo,13,149.26859216813455
5,3,30,2,diurnal,8,random,fifo,14,116.11786265001746
5,3,30,2,diurnal,8,random,fifo,15,137.72746620790957
5,3,30,2,diurnal,8,random,fifo,16,97.18197706955803
5,3,30,2,diurnal,8,random,fifo,17,147.44919953904747
5,3,30,2,diurnal,8,random,fifo,18,135.8866454756413
5,3,30,2,diurnal,8,random,fifo,19,105.2573987952262
5,3,30,2,diurnal,8,random,fifo,20,137.8353080500307
5,3,30,2,diurnal,8,random,fifo,21,91.13659712702744
5,3,30,2,diurnal,8,random,fifo,22,116.8866454756413
5,3,30,2,diurnal,8,random,fifo,23,101.74667467255526
5,3,30,2,diurnal,8,random,fifo,24,110.07072163195812
5,3,30,2,diurnal,8,random,fifo,25,126.79143027485618
5,3,30,2,diurnal,8,random,fifo,26,105.89862651065715
5,3,30,2,diurnal,8,random,fifo,27,130.275841549336
5,3,30,2,diurnal,8,random,fifo,28,164.22180906430154
5,3,30,2,diurnal,8,random,fifo,29,90.12477539634554
5,3,30,2,diurnal,8,random,fifo,30,98.08634453429032
5,3,30,2,diurnal,8,random,fifo,31,120.97192319333924
5,3,30,2,diurnal,8,random,fifo,32,97.71777959580517
5,3,30,2,diurnal,8,random,fifo,33,121.7120442742313
5,3,30,2,diurnal,8,random,fifo,34,127.08854653087653
5,3,30,2,diurnal,8,random,fifo,35,126.63681111932908
5,3,30,2,diurnal,8,random,fifo,36,124.18869507106875
5,3,30,2,diurnal,8,random,fifo,37,117.48825503576266
5,3,30,2,diurnal,8,random,fifo,38,104.25650428830379
5,3,30,2,diurnal,8,random,fifo,39,114.89941383423421
5,3,30,2,diurnal,8,random,fifo,40,121.26607226009241
5,3,30,2,diurnal,8,random,fifo,41,169.1198535755591
5,3,30,2,diurnal,8,random,fifo,42,138.42642298252917
5,3,30,2,diurnal,8,random,fifo,43,110.01003528033405
5,3,30,2,diurnal,8,random,fifo,44,114.41477986224243
5,3,30,2,diurnal,8,random,fifo,45,76.83914172230087
5,3,30,2,diurnal,8,random,fifo,46,113.12477539634554
5,3,30,2,diurnal,8,random,fifo,47,99.06276272607187
5,3,30,2,diurnal,8,random,fifo,48,112.67853115288588
5,3,30,2,diurnal,8,random,fifo,49,120.8295404720929
5,3,30,2,diurnal,8,random,fifo,50,121.15017522688895
5,3,30,2,diurnal,8,random,fifo,51,102.32566901074522
5,3,30,2,diurnal,8,random,fifo,52,134.62452459196467
5,3,30,2,diurnal,8,random,fifo,53,107.9844761112993
5,3,30,2,diurnal,8,random,fifo,54,122.84138205074484
5,3,30,2,diurnal,8,random,fifo,55,130.08361775888386
5,3,30,2,diurnal,8,random,fifo,56,98.3500872691594
5,3,30,2,diurnal,8,random,fifo,57,120.20950809406848
5,3,30,2,diurnal,8,random,fifo,58,116.07072163195812
5,3,30,2,diurnal,8,random,fifo,59,111.86780228891998
5,3,30,2,diurnal,8,random,fifo,60,126.4151688071889
5,3,30,2,diurnal,8,random,fifo,61,143.854730424271
5,3,30,2,diurnal,8,random,fifo,62,120.74020690601701
5,3,30,2,diurnal,8,random,fifo,63,148.73752820288297
5,3,30,2,diurnal,8,random,fifo,64,137.11581689476458
5,3,30,2,diurnal,8,random,fifo,65,139.73752820288297
5,3,30,2,diurnal,8,random,fifo,66,97.47109088403865
5,3,30,2,diurnal,8,random,fifo,67,118.79280149884359
5,3,30,2,diurnal,8,random,fifo,68,120.25325848174879
5,3,30,2,diurnal,8,random,fifo,69,137.3549848568137
5,3,30,2,diurnal,8,random,fifo,70,140.14510288590955
5,3,30,2,diurnal,8,random,fifo,71,113.53645944381111
5,3,30,2,diurnal,8,random,fifo,72,110.98429609026587
5,3,30,2,diurnal,8,random,fifo,73,144.7078496522754
5,3,30,2,diurnal,8,random,fifo,74,104.27576958342678
5,3,30,2,diurnal,8,random,fifo,75,101.00187903304592
5,3,30,2,diurnal,8,random,fifo,76,142.71942934939239
5,3,30,2,diurnal,8,random,fifo,77,149.26859216813455
5,3,30,2,diurnal,8,random,fifo,78,91.75704429416297
5,3,30,2,diurnal,8,random,fifo,79,128.5364594438111
5,3,30,2,diurnal,8,random,fifo,80,157.4320136605661
5,3,30,2,diurnal,8,random,fifo,81,133.4376410157019
5,3,30,2,diurnal,8,random,fifo,82,114.89941383423421
5,3,30,2,diurnal,8,random,fifo,83,104.12089230985411
5,3,30,2,diurnal,8,random,fifo,84,101.92217836358444
5,3,30,2,diurnal,8,random,fifo,85,100.10721044693503
5,3,30,2,diurnal,8,random,fifo,86,98.13007196766642
5,3,30,2,diurnal,8,random,fifo,87,129.884316888212
5,3,30,2,diurnal,8,random,fifo,88,137.83862561590507
5,3,30,2,diurnal,8,random,fifo,89,142.71942934939239
5,3,30,2,diurnal,8,random,fifo,90,134.04227880501853
5,3,30,2,diurnal,8,random,fifo,91,132.8258713351051
5,3,30,2,diurnal,8,random,fifo,92,95.63815009661943
5,3,30,2,diurnal,8,random,fifo,93,151.71826271501797
5,3,30,2,diurnal,8,random,fifo,94,109.53463025245621
5,3,30,2,diurnal,8,random,fifo,95,129.3650749149673
5,3,30,2,diurnal,8,random,fifo,96,106.68130902308293
5,3,30,2,diurnal,8,random,fifo,97,159.3929189262734
5,3,30,2,diurnal,8,random,fifo,98,130.1409954588285
5,3,30,2,diurnal,8,random,fifo,99,126.09340443152763
5,3,30,2,diurnal,8,random,fifo,100,118.85967452101258
5,3,30,2,diurnal,8,random,fifo,101,110.49051428491808
5,3,30,2,diurnal,8,random,fifo,102,118.79280149884359
5,3,30,2,diurnal,8,random,fifo,103,102.7108792260608
5,3,30,2,diurnal,8,random,fifo,104,117.96913810001809
5,3,30,2,diurnal,8,random,fifo,105,105.28568264634873
5,3,30,2,diurnal,8,random,fifo,106,118.11581689476458
5,3,30,2,diurnal,8,random,fifo,107,100.13973302478296
5,3,30,2,diurnal,8,random,fifo,108,113.8353080500307
5,3,30,2,diurnal,8,random,fifo,109,106.64941892916923
5,3,30,2,diurnal,8,random,fifo,110,71.734878198514
5,3,30,2,diurnal,8,random,fifo,111,143.89862651065715
5,3,30,2,diurnal,8,random,fifo,112,122.83862561590507
5,3,30,2,diurnal,8,random,fifo,113,125.7120442742313
5,3,30,2,diurnal,8,random,fifo,114,110.82911931060973
5,3,30,2,diurnal,8,random,fifo,115,131.13886690279793
5,3,30,2,diurnal,8,random,fifo,116,140.01391275230577
5,3,30,2,diurnal,8,random,fifo,117,109.78333407194314
5,3,30,2,diurnal,8,random,fifo,118,110.01003528033405
5,3,30,2,diurnal,8,random,fifo,119,116.07072163195812
5,3,30,2,diurnal,8,random,fifo,120,126.87998689073726
5,3,30,2,diurnal,8,random,fifo,121,130.8435149900679
5,3,30,2,diurnal,8,random,fifo,122,120.45233252884701
5,3,30,2,diurnal,8,random,fifo,123,143.54315908563441
5,3,30,2,diurnal,8,random,fifo,124,162.07296519823984
5,3,30,2,diurnal,8,random,fifo,125,124.91447793982219
5,3,30,2,diurnal,8,random,fifo,126,124.91447793982219
5,3,30,2,diurnal,8,random,fifo,127,114.53645944381111
5,3,30,2,diurnal,8,random,fifo,128,125.87301639159733
5,3,30,2,diurnal,8,random,fifo,129,107.05232858347956
5,3,30,2,diurnal,8,random,fifo,130,106.54352873922451
5,3,30,2,diurnal,8,random,fifo,131,103.72932357401197
5,3,30,2,diurnal,8,random,fifo,132,109.00934886126855
5,3,30,2,diurnal,8,random,fifo,133,118.38288673905475
5,3,30,2,diurnal,8,random,fifo,134,114.78542967104832
5,3,30,2,diurnal,8,random,fifo,135,107.70483372071389
5,3,30,2,diurnal,8,random,fifo,136,93.40432745053903
5,3,30,2,diurnal,8,random,fifo,137,111.68130902308293
5,3,30,2,diurnal,8,random,fifo,138,167.2100053799575
5,3,30,2,diurnal,8,random,fifo,139,160.34991150343734
5,3,30,2,diurnal,8,random,fifo,140,130.89926172312778
5,3,30,2,diurnal,8,random,fifo,141,133.01291683201572
5,3,30,2,diurnal,8,random,fifo,142,127.50111405789596
5,3,30,2,diurnal,8,random,fifo,143,74.32409190741441
5,3,30,2,diurnal,8,random,fifo,144,112.46546230269038
5,3,30,2,diurnal,8,random,fifo,145,111.23168084926306
5,3,30,2,diurnal,8,random,fifo,146,163.22180906430154
5,3,30,2,diurnal,8,random,fifo,147,128.18157353028158
5,3,30,2,diurnal,8,random,fifo,148,137.58459501435615
5,3,30,2,diurnal,8,random,fifo,149,126.3500872691594
5,3,30,2,diurnal,8,random,fifo,150,132.02625158845805
5,3,30,2,diurnal,8,random,fifo,151,118.4160922682836
5,3,30,2,diurnal,8,random,fifo,152,90.48474853663595
5,3,30,2,diurnal,8,random,fifo,153,140.26859216813455
5,3,30,2,diurnal,8,random,fifo,154,90.63815009661943
5,3,30,2,diurnal,8,random,fifo,155,128.98936263636787
5,3,30,2,diurnal,8,random,fifo,156,152.79280149884357
5,3,30,2,diurnal,8,random,fifo,157,115.87426637684322
5,3,30,2,diurnal,8,random,fifo,158,111.76388909465837
5,3,30,2,diurnal,8,random,fifo,159,112.01036185449735
5,3,30,2,diurnal,8,random,fifo,160,154.53928688313266
5,3,30,2,diurnal,8,random,fifo,161,113.01210570557295
5,3,30,2,diurnal,8,random,fifo,162,125.51982637221118
5,3,30,2,diurnal,8,random,fifo,163,160.92062404666223
5,3,30,2,diurnal,8,random,fifo,164,107.08361775888385
5,3,30,2,diurnal,8,random,fifo,165,131.69320964940974
5,3,30,2,diurnal,8,random,fifo,166,150.63382848410671
5,3,30,2,diurnal,8,random,fifo,167,107.41450678559646
5,3,30,2,diurnal,8,random,fifo,168,101.00187903304592
5,3,30,2,diurnal,8,random,fifo,169,148.0329494312971
5,3,30,2,diurnal,8,random,fifo,170,112.74667467255526
5,3,30,2,diurnal,8,random,fifo,171,130.20721738334393
5,3,30,2,diurnal,8,random,fifo,172,110.44467679132039
5,3,30,2,diurnal,8,random,fifo,173,138.40928753623228
5,3,30,2,diurnal,8,random,fifo,174,94.80428052069425
5,3,30,2,diurnal,8,random,fifo,175,127.41509792667209
5,3,30,2,diurnal,8,random,fifo,176,157.13274399771268
5,3,30,2,diurnal,8,random,fifo,177,107.53928688313266
5,3,30,2,diurnal,8,random,fifo,178,120.64864443045846
5,3,30,2,diurnal,8,random,fifo,179,121.01391275230576
5,3,30,2,diurnal,8,random,fifo,180,153.49051428491808
5,3,30,2,diurnal,8,random,fifo,181,148.40410859737338
5,3,30,2,diurnal,8,random,fifo,182,115.71550868849205
5,3,30,2,diurnal,8,random,fifo,183,126.20268398043754
5,3,30,2,diurnal,8,random,fifo,184,134.89862651065715
5,3,30,2,diurnal,8,random,fifo,185,147.61954859864554
5,3,30,2,diurnal,8,random,fifo,186,160.11581689476458
5,3,30,2,diurnal,8,random,fifo,187,101.00187903304592
5,3,30,2,diurnal,8,random,fifo,188,107.84718875712147
5,3,30,2,diurnal,8,random,fifo,189,118.71826271501797
5,3,30,2,diurnal,8,random,fifo,190,120.25325848174879
5,3,30,2,diurnal,8,random,fifo,191,140.275841549336
5,3,30,2,diurnal,8,random,fifo,192,128.85209713022223
5,3,30,2,diurnal,8,random,fifo,193,96.39464358031123
5,3,30,2,diurnal,8,random,fifo,194,124.56989137933175
5,3,30,2,diurnal,8,random,fifo,195,133.2100053799575
5,3,30,2,diurnal,8,random,fifo,196,118.80324927130802
5,3,30,2,diurnal,8,random,fifo,197,152.81512962258384
5,3,30,2,diurnal,8,random,fifo,198,86.25672778542445
5,3,30,2,diurnal,8,random,fifo,199,158.15436261514998
5,3,30,2,diurnal,8,random,cluster,0,126.89393232918692
5,3,30,2,diurnal,8,random,cluster,1,76.99681387930524
5,3,30,2,diurnal,8,random,cluster,2,124.03294943129711
5,3,30,2,diurnal,8,random,cluster,3,125.60498630139853
5,3,30,2,diurnal,8,random,cluster,4,118.14657144987558
5,3,30,2,diurnal,8,random,cluster,5,144.96871697999308
5,3,30,2,diurnal,8,random,cluster,6,160.8866454756413
5,3,30,2,diurnal,8,random,cluster,7,119.63344071505978
5,3,30,2,diurnal,8,random,cluster,8,135.87301639159733
5,3,30,2,diurnal,8,random,cluster,9,123.79280149884359
5,3,30,2,diurnal,8,random,cluster,10,95.15040464030376
5,3,30,2,diurnal,8,random,cluster,11,121.27009206612857
5,3,30,2,diurnal,8,random,cluster,12,107.04829255712701
5,3,30,2,diurnal,8,random,cluster,13,116.26859216813455
5,3,30,2,diurnal,8,random,cluster,14,135.11786265001746
5,3,30,2,diurnal,8,random,cluster,15,118.72746620790956
5,3,30,2,diurnal,8,random,cluster,16,102.18197706955803
5,3,30,2,diurnal,8,random,cluster,17,119.284987348318
5,3,30,2,diurnal,8,random,cluster,18,165.8866454756413
5,3,30,2,diurnal,8,random,cluster,19,122.31740111793906
5,3,30,2,diurnal,8,random,cluster,20,119.71402361337006
5,3,30,2,diurnal,8,random,cluster,21,115.13659712702744
5,3,30,2,diurnal,8,random,cluster,22,88.8866454756413
5,3,30,2,diurnal,8,random,cluster,23,115.60498630139853
5,3,30,2,diurnal,8,random,cluster,24,125.07072163195812
5,3,30,2,diurnal,8,random,cluster,25,88.79143027485618
5,3,30,2,diurnal,8,random,cluster,26,115.89862651065715
5,3,30,2,diurnal,8,random,cluster,27,108.80324927130802
5,3,30,2,diurnal,8,random,cluster,28,144.22180906430154
5,3,30,2,diurnal,8,random,cluster,29,85.12477539634554
5,3,30,2,diurnal,8,random,cluster,30,88.08634453429032
5,3,30,2,diurnal,8,random,cluster,31,104.84652224593503
5,3,30,2,diurnal,8,random,cluster,32,102.62396846810742
5,3,30,2,diurnal,8,random,cluster,33,110.73228796375673
5,3,30,2,diurnal,8,random,cluster,34,106.42839512708349
5,3,30,2,diurnal,8,random,cluster,35,148.81757216554126
5,3,30,2,diurnal,8,random,cluster,36,119.42721331995034
5,3,30,2,diurnal,8,random,cluster,37,102.84718875712147
5,3,30,2,diurnal,8,random,cluster,38,121.26607226009241
5,3,30,2,diurnal,8,random,cluster,39,90.89941383423421
5,3,30,2,diurnal,8,random,cluster,40,112.26607226009241
5,3,30,2,diurnal,8,random,cluster,41,155.1198535755591
5,3,30,2,diurnal,8,random,cluster,42,118.56234173042854
5,3,30,2,diurnal,8,random,cluster,43,130.97487389910026
5,3,30,2,diurnal,8,random,cluster,44,137.41523727478096
5,3,30,2,diurnal,8,random,cluster,45,76.43764101570189
5,3,30,2,diurnal,8,random,cluster,46,107.46244698783357
5,3,30,2,diurnal,8,random,cluster,47,95.15040464030376
5,3,30,2,diurnal,8,random,cluster,48,117.11786265001746
5,3,30,2,diurnal,8,random,cluster,49,110.8295404720929
5,3,30,2,diurnal,8,random,cluster,50,105.46073057564043
5,3,30,2,diurnal,8,random,cluster,51,112.75446872650971
5,3,30,2,diurnal,8,random,cluster,52,129.2532584817488
5,3,30,2,diurnal,8,random,cluster,53,109.71826271501797
5,3,30,2,diurnal,8,random,cluster,54,120.8846583915372
5,3,30,2,diurnal,8,random,cluster,55,152.81757216554126
5,3,30,2,diurnal,8,random,cluster,56,98.3500872691594
5,3,30,2,diurnal,8,random,cluster,57,137.33145911115236
5,3,30,2,diurnal,8,random,cluster,58,115.53160126361503
5,3,30,2,diurnal,8,random,cluster,59,122.71808091947497
5,3,30,2,diurnal,8,random,cluster,60,121.4151688071889
5,3,30,2,diurnal,8,random,cluster,61,140.26607226009241
5,3,30,2,diurnal,8,random,cluster,62,122.86057605285214
5,3,30,2,diurnal,8,random,cluster,63,105.83074565315039
5,3,30,2,diurnal,8,random,cluster,64,124.26498906568244
5,3,30,2,diurnal,8,random,cluster,65,148.6848204921124
5,3,30,2,diurnal,8,random,cluster,66,121.47109088403865
5,3,30,2,diurnal,8,random,cluster,67,122.27009206612857
5,3,30,2,diurnal,8,random,cluster,68,109.94883662326272
5,3,30,2,diurnal,8,random,cluster,69,102.46244698783357
5,3,30,2,diurnal,8,random,cluster,70,112.27009206612857
5,3,30,2,diurnal,8,random,cluster,71,124.884316888212
5,3,30,2,diurnal,8,random,cluster,72,134.98429609026587
5,3,30,2,diurnal,8,random,cluster,73,133.40058572855415
5,3,30,2,diurnal,8,random,cluster,74,99.45335259778268
5,3,30,2,diurnal,8,random,cluster,75,130.00187903304592
5,3,30,2,diurnal,8,random,cluster,76,142.71942934939239
5,3,30,2,diurnal,8,random,cluster,77,135.26859216813455
5,3,30,2,diurnal,8,random,cluster,78,95.75704429416297
5,3,30,2,diurnal,8,random,cluster,79,119.53645944381111
5,3,30,2,diurnal,8,random,cluster,80,126.13007196766642
5,3,30,2,diurnal,8,random,cluster,81,118.43764101570189
5,3,30,2,diurnal,8,random,cluster,82,90.89941383423421
5,3,30,2,diurnal,8,random,cluster,83,100.42642298252916
5,3,30,2,diurnal,8,random,cluster,84,96.92217836358444
5,3,30,2,diurnal,8,random,cluster,85,121.99818291649991
5,3,30,2,diurnal,8,random,cluster,86,107.13007196766642
5,3,30,2,diurnal,8,random,cluster,87,91.884316888212
5,3,30,2,diurnal,8,random,cluster,88,122.83862561590507
5,3,30,2,diurnal,8,random,cluster,89,142.71942934939239
5,3,30,2,diurnal,8,random,cluster,90,141.96362413292127
5,3,30,2,diurnal,8,random,cluster,91,119.61927342012463
5,3,30,2,diurnal,8,random,cluster,92,95.63815009661943
5,3,30,2,diurnal,8,random,cluster,93,140.34125069429112
5,3,30,2,diurnal,8,random,cluster,94,117.47109088403865
5,3,30,2,diurnal,8,random,cluster,95,139.3650749149673
5,3,30,2,diurnal,8,random,cluster,96,119.73752820288297
5,3,30,2,diurnal,8,random,cluster,97,120.30405507309652
5,3,30,2,diurnal,8,random,cluster,98,125.1409954588285
5,3,30,2,diurnal,8,random,cluster,99,127.37622475218339
5,3,30,2,diurnal,8,random,cluster,100,99.31871568407757
5,3,30,2,diurnal,8,random,cluster,101,132.74068211971627
5,3,30,2,diurnal,8,random,cluster,102,122.27009206612857
5,3,30,2,diurnal,8,random,cluster,103,126.7108792260608
5,3,30,2,diurnal,8,random,cluster,104,141.96913810001809
5,3,30,2,diurnal,8,random,cluster,105,100.28568264634873
5,3,30,2,diurnal,8,random,cluster,106,114.41523727478098
5,3,30,2,diurnal,8,random,cluster,107,113.13307811340752
5,3,30,2,diurnal,8,random,cluster,108,126.47024435567101
5,3,30,2,diurnal,8,random,cluster,109,118.30957966270232
5,3,30,2,diurnal,8,random,cluster,110,100.734878198514
5,3,30,2,diurnal,8,random,cluster,111,129.89862651065715
5,3,30,2,diurnal,8,random,cluster,112,122.83862561590507
5,3,30,2,diurnal,8,random,cluster,113,182.89862651065715
5,3,30,2,diurnal,8,random,cluster,114,124.82911931060973
5,3,30,2,diurnal,8,random,cluster,115,133.3650749149673
5,3,30,2,diurnal,8,random,cluster,116,131.01391275230577
5,3,30,2,diurnal,8,random,cluster,117,128.78333407194316
5,3,30,2,diurnal,8,random,cluster,118,130.97487389910026
5,3,30,2,diurnal,8,random,cluster,119,115.53160126361503
5,3,30,2,diurnal,8,random,cluster,120,163.97487389910026
5,3,30,2,diurnal,8,random,cluster,121,101.78200962700666
5,3,30,2,diurnal,8,random,cluster,122,127.09241620287895
5,3,30,2,diurnal,8,random,cluster,123,105.54315908563441
5,3,30,2,diurnal,8,random,cluster,124,133.07296519823984
5,3,30,2,diurnal,8,random,cluster,125,107.74347049714639
5,3,30,2,diurnal,8,random,cluster,126,105.91447793982219
5,3,30,2,diurnal,8,random,cluster,127,116.59153451499247
5,3,30,2,diurnal,8,random,cluster,128,120.57047073080703
5,3,30,2,diurnal,8,random,cluster,129,111.90781032371194
5,3,30,2,diurnal,8,random,cluster,130,97.54352873922451
5,3,30,2,diurnal,8,random,cluster,131,93.72932357401197
5,3,30,2,diurnal,8,random,cluster,132,102.5250117108162
5,3,30,2,diurnal,8,random,cluster,133,130.3437655132119
5,3,30,2,diurnal,8,random,cluster,134,133.78542967104832
5,3,30,2,diurnal,8,random,cluster,135,145.71651008517753
5,3,30,2,diurnal,8,random,cluster,136,112.40432745053903
5,3,30,2,diurnal,8,random,cluster,137,110.61927342012463
5,3,30,2,diurnal,8,random,cluster,138,137.2100053799575
5,3,30,2,diurnal,8,random,cluster,139,137.34991150343734
5,3,30,2,diurnal,8,random,cluster,140,107.70031899443008
5,3,30,2,diurnal,8,random,cluster,141,133.01291683201572
5,3,30,2,diurnal,8,random,cluster,142,125.71987897247399
5,3,30,2,diurnal,8,random,cluster,143,69.32409190741441
5,3,30,2,diurnal,8,random,cluster,144,108.89660432214899
5,3,30,2,diurnal,8,random,cluster,145,100.09360289495825
5,3,30,2,diurnal,8,random,cluster,146,140.05232858347955
5,3,30,2,diurnal,8,random,cluster,147,118.12477539634554
5,3,30,2,diurnal,8,random,cluster,148,126.37119386825677
5,3,30,2,diurnal,8,random,cluster,149,108.19060520173105
5,3,30,2,diurnal,8,random,cluster,150,113.97619508125356
5,3,30,2,diurnal,8,random,cluster,151,104.4160922682836
5,3,30,2,diurnal,8,random,cluster,152,130.93038389730089
5,3,30,2,diurnal,8,random,cluster,153,140.26859216813455
5,3,30,2,diurnal,8,random,cluster,154,105.63815009661943
5,3,30,2,diurnal,8,random,cluster,155,133.98936263636787
5,3,30,2,diurnal,8,random,cluster,156,152.3650749149673
5,3,30,2,diurnal,8,random,cluster,157,117.31561496219902
5,3,30,2,diurnal,8,random,cluster,158,123.12477539634554
5,3,30,2,diurnal,8,random,cluster,159,89.01036185449735
5,3,30,2,diurnal,8,random,cluster,160,152.284987348318
5,3,30,2,diurnal,8,random,cluster,161,127.69320964940974
5,3,30,2,diurnal,8,random,cluster,162,98.05618142459579
5,3,30,2,diurnal,8,random,cluster,163,136.92062404666223
5,3,30,2,diurnal,8,random,cluster,164,113.79280149884359
5,3,30,2,diurnal,8,random,cluster,165,136.69320964940974
5,3,30,2,diurnal,8,random,cluster,166,128.803249271308
5,3,30,2,diurnal,8,random,cluster,167,103.18612143382776
5,3,30,2,diurnal,8,random,cluster,168,130.00187903304592
5,3,30,2,diurnal,8,random,cluster,169,124.03294943129711
5,3,30,2,diurnal,8,random,cluster,170,98.74667467255526
5,3,30,2,diurnal,8,random,cluster,171,140.20721738334393
5,3,30,2,diurnal,8,random,cluster,172,103.47123415351636
5,3,30,2,diurnal,8,random,cluster,173,100.8295404720929
5,3,30,2,diurnal,8,random,cluster,174,99.09360289495825
5,3,30,2,diurnal,8,random,cluster,175,132.85967452101258
5,3,30,2,diurnal,8,random,cluster,176,143.13274399771268
5,3,30,2,diurnal,8,random,cluster,177,96.44478151171232
5,3,30,2,diurnal,8,random,cluster,178,112.27009206612857
5,3,30,2,diurnal,8,random,cluster,179,112.01391275230576
5,3,30,2,diurnal,8,random,cluster,180,125.84351499006787
5,3,30,2,diurnal,8,random,cluster,181,125.37472410426827
5,3,30,2,diurnal,8,random,cluster,182,126.26607226009241
5,3,30,2,diurnal,8,random,cluster,183,141.20268398043754
5,3,30,2,diurnal,8,random,cluster,184,101.89862651065715
5,3,30,2,diurnal,8,random,cluster,185,141.57883444779304
5,3,30,2,diurnal,8,random,cluster,186,127.11581689476458
5,3,30,2,diurnal,8,random,cluster,187,130.00187903304592
5,3,30,2,diurnal,8,random,cluster,188,106.78942786847529
5,3,30,2,diurnal,8,random,cluster,189,94.71826271501797
5,3,30,2,diurnal,8,random,cluster,190,106.31938212413418
5,3,30,2,diurnal,8,random,cluster,191,129.90290164189878
5,3,30,2,diurnal,8,random,cluster,192,120.20662009349714
5,3,30,2,diurnal,8,random,cluster,193,106.39464358031123
5,3,30,2,diurnal,8,random,cluster,194,136.71079012544251
5,3,30,2,diurnal,8,random,cluster,195,128.2100053799575
5,3,30,2,diurnal,8,random,cluster,196,116.73983532435527
5,3,30,2,diurnal,8,random,cluster,197,124.81512962258384
5,3,30,2,diurnal,8,random,cluster,198,86.25672778542445
5,3,30,2,diurnal,8,random,cluster,199,123.83556660840732
5,3,30,2,diurnal,8,phi_corner,fifo,0,125.45233252884701
5,3,30,2,diurnal,8,phi_corner,fifo,1,139.48252149524595
5,3,30,2,diurnal,8,phi_corner,fifo,2,143.63344071505978
5,3,30,2,diurnal,8,phi_corner,fifo,3,101.10818456895737
5,3,30,2,diurnal,8,phi_corner,fifo,4,138.42272159573855
5,3,30,2,diurnal,8,phi_corner,fifo,5,111.80767927920503
5,3,30,2,diurnal,8,phi_corner,fifo,6,148.0329494312971
5,3,30,2,diurnal,8,phi_corner,fifo,7,152.0700304374395
5,3,30,2,diurnal,8,phi_corner,fifo,8,90.43465326975547
5,3,30,2,diurnal,8,phi_corner,fifo,9,148.0329494312971
5,3,30,2,diurnal,8,phi_corner,fifo,10,135.53160126361502
5,3,30,2,diurnal,8,phi_corner,fifo,11,143.63344071505978
5,3,30,2,diurnal,8,phi_corner,fifo,12,140.275841549336
5,3,30,2,diurnal,8,phi_corner,fifo,13,116.87729365551434
5,3,30,2,diurnal,8,phi_corner,fifo,14,123.8353080500307
5,3,30,2,diurnal,8,phi_corner,fifo,15,106.75293550891499
5,3,30,2,diurnal,8,phi_corner,fifo,16,123.48474853663595
5,3,30,2,diurnal,8,phi_corner,fifo,17,169.63382848410671
5,3,30,2,diurnal,8,phi_corner,fifo,18,171.72746620790957
5,3,30,2,diurnal,8,phi_corner,fifo,19,117.39087767433375
5,3,30,2,diurnal,8,phi_corner,fifo,20,127.43143484722917
5,3,30,2,diurnal,8,phi_corner,fifo,21,93.00470120574829
5,3,30,2,diurnal,8,phi_corner,fifo,22,119.25650428830379
5,3,30,2,diurnal,8,phi_corner,fifo,23,118.19147262069455
5,3,30,2,diurnal,8,phi_corner,fifo,24,135.53160126361502
5,3,30,2,diurnal,8,phi_corner,fifo,25,116.42122744459974
5,3,30,2,diurnal,8,phi_corner,fifo,26,99.8353080500307
5,3,30,2,diurnal,8,phi_corner,fifo,27,117.27009206612857
5,3,30,2,diurnal,8,phi_corner,fifo,28,65.5250117108162
5,3,30,2,diurnal,8,phi_corner,fifo,29,117.09241620287895
5,3,30,2,diurnal,8,phi_corner,fifo,30,120.5102810390443
5,3,30,2,diurnal,8,phi_corner,fifo,31,135.53160126361502
5,3,30,2,diurnal,8,phi_corner,fifo,32,139.22180906430154
5,3,30,2,diurnal,8,phi_corner,fifo,33,93.35434837203266
5,3,30,2,diurnal,8,phi_corner,fifo,34,123.8353080500307
5,3,30,2,diurnal,8,phi_corner,fifo,35,158.96871697999308
5,3,30,2,diurnal,8,phi_corner,fifo,36,121.04829255712701
5,3,30,2,diurnal,8,phi_corner,fifo,37,140.470244355671
5,3,30,2,diurnal,8,phi_corner,fifo,38,113.89660432214899
5,3,30,2,diurnal,8,phi_corner,fifo,39,137.71942934939239
5,3,30,2,diurnal,8,phi_corner,fifo,40,118.96913810001809
5,3,30,2,diurnal,8,phi_corner,fifo,41,121.71651008517753
5,3,30,2,diurnal,8,phi_corner,fifo,42,110.97525475037911
5,3,30,2,diurnal,8,phi_corner,fifo,43,132.96913810001809
5,3,30,2,diurnal,8,phi_corner,fifo,44,117.27009206612857
5,3,30,2,diurnal,8,phi_corner,fifo,45,126.99818291649991
5,3,30,2,diurnal,8,phi_corner,fifo,46,121.93038389730087
5,3,30,2,diurnal,8,phi_corner,fifo,47,104.89941383423421
5,3,30,2,diurnal,8,phi_corner,fifo,48,117.09241620287895
5,3,30,2,diurnal,8,phi_corner,fifo,49,117.31561496219902
5,3,30,2,diurnal,8,phi_corner,fifo,50,100.6035377487143
5,3,30,2,diurnal,8,phi_corner,fifo,51,118.19147262069455
5,3,30,2,diurnal,8,phi_corner,fifo,52,139.64529766243172
5,3,30,2,diurnal,8,phi_corner,fifo,53,114.42272159573854
5,3,30,2,diurnal,8,phi_corner,fifo,54,173.20662009349712
5,3,30,2,diurnal,8,phi_corner,fifo,55,115.25325848174879
5,3,30,2,diurnal,8,phi_corner,fifo,56,163.72380788429714
5,3,30,2,diurnal,8,phi_corner,fifo,57,116.56569431258153
5,3,30,2,diurnal,8,phi_corner,fifo,58,82.09211660349055
5,3,30,2,diurnal,8,phi_corner,fifo,59,120.5102810390443
5,3,30,2,diurnal,8,phi_corner,fifo,60,159.37119386825677
5,3,30,2,diurnal,8,phi_corner,fifo,61,120.4151688071889
5,3,30,2,diurnal,8,phi_corner,fifo,62,93.00470120574829
5,3,30,2,diurnal,8,phi_corner,fifo,63,115.854730424271
5,3,30,2,diurnal,8,phi_corner,fifo,64,102.08361775888385
5,3,30,2,diurnal,8,phi_corner,fifo,65,127.2791302546587
5,3,30,2,diurnal,8,phi_corner,fifo,66,101.10818456895737
5,3,30,2,diurnal,8,phi_corner,fifo,67,170.48252149524595
5,3,30,2,diurnal,8,phi_corner,fifo,68,92.14510288590955
5,3,30,2,diurnal,8,phi_corner,fifo,69,143.2100053799575
5,3,30,2,diurnal,8,phi_corner,fifo,70,118.96913810001809
5,3,30,2,diurnal,8,phi_corner,fifo,71,116.62584587281648
5,3,30,2,diurnal,8,phi_corner,fifo,72,90.7022774521403
5,3,30,2,diurnal,8,phi_corner,fifo,73,171.72746620790957
5,3,30,2,diurnal,8,phi_corner,fifo,74,105.2573987952262
5,3,30,2,diurnal,8,phi_corner,fifo,75,152.0700304374395
5,3,30,2,diurnal,8,phi_corner,fifo,76,111.22180906430154
5,3,30,2,diurnal,8,phi_corner,fifo,77,163.72380788429714
5,3,30,2,diurnal,8,phi_corner,fifo,78,113.89660432214899
5,3,30,2,diurnal,8,phi_corner,fifo,79,114.6035377487143
5,3,30,2,diurnal,8,phi_corner,fifo,80,138.57047073080702
5,3,30,2,diurnal,8,phi_corner,fifo,81,139.64529766243172
5,3,30,2,diurnal,8,phi_corner,fifo,82,96.9302926559058
5,3,30,2,diurnal,8,phi_corner,fifo,83,165.87998689073726
5,3,30,2,diurnal,8,phi_corner,fifo,84,158.96871697999308
5,3,30,2,diurnal,8,phi_corner,fifo,85,105.79695570595777
5,3,30,2,diurnal,8,phi_corner,fifo,86,116.71320971448807
5,3,30,2,diurnal,8,phi_corner,fifo,87,105.28568264634873
5,3,30,2,diurnal,8,phi_corner,fifo,88,134.20662009349712
5,3,30,2,diurnal,8,phi_corner,fifo,89,108.06276272607187
5,3,30,2,diurnal,8,phi_corner,fifo,90,108.49607374417799
5,3,30,2,diurnal,8,phi_corner,fifo,91,103.22459740405442
5,3,30,2,diurnal,8,phi_corner,fifo,92,88.7120442742313
5,3,30,2,diurnal,8,phi_corner,fifo,93,140.90781032371194
5,3,30,2,diurnal,8,phi_corner,fifo,94,109.19147262069455
5,3,30,2,diurnal,8,phi_corner,fifo,95,135.93824801851662
5,3,30,2,diurnal,8,phi_corner,fifo,96,135.93824801851662
5,3,30,2,diurnal,8,phi_corner,fifo,97,117.39087767433375
5,3,30,2,diurnal,8,phi_corner,fifo,98,126.99818291649991
5,3,30,2,diurnal,8,phi_corner,fifo,99,65.5250117108162
5,3,30,2,diurnal,8,phi_corner,fifo,100,86.734878198514
5,3,30,2,diurnal,8,phi_corner,fifo,101,103.22459740405442
5,3,30,2,diurnal,8,phi_corner,fifo,102,101.10818456895737
5,3,30,2,diurnal,8,phi_corner,fifo,103,85.0384298235286
5,3,30,2,diurnal,8,phi_corner,fifo,104,105.28568264634873
5,3,30,2,diurnal,8,phi_corner,fifo,105,130.86054052211819
5,3,30,2,diurnal,8,phi_corner,fifo,106,109.71826271501797
5,3,30,2,diurnal,8,phi_corner,fifo,107,111.12841174012134
5,3,30,2,diurnal,8,phi_corner,fifo,108,90.7022774521403
5,3,30,2,diurnal,8,phi_corner,fifo,109,109.42272159573854
5,3,30,2,diurnal,8,phi_corner,fifo,110,140.275841549336
5,3,30,2,diurnal,8,phi_corner,fifo,111,113.44919953904748
5,3,30,2,diurnal,8,phi_corner,fifo,112,116.42122744459974
5,3,30,2,diurnal,8,phi_corner,fifo,113,105.28568264634873
5,3,30,2,diurnal,8,phi_corner,fifo,114,88.07663058129383
5,3,30,2,diurnal,8,phi_corner,fifo,115,116.71320971448807
5,3,30,2,diurnal,8,phi_corner,fifo,116,91.13659712702744
5,3,30,2,diurnal,8,phi_corner,fifo,117,123.58076277051299
5,3,30,2,diurnal,8,phi_corner,fifo,118,97.90781032371194
5,3,30,2,diurnal,8,phi_corner,fifo,119,115.45538281318056
5,3,30,2,diurnal,8,phi_corner,fifo,120,120.20662009349714
5,3,30,2,diurnal,8,phi_corner,fifo,121,113.89941383423421
5,3,30,2,diurnal,8,phi_corner,fifo,122,137.71942934939239
5,3,30,2,diurnal,8,phi_corner,fifo,123,120.5102810390443
5,3,30,2,diurnal,8,phi_corner,fifo,124,169.63382848410671
5,3,30,2,diurnal,8,phi_corner,fifo,125,126.27018911914988
5,3,30,2,diurnal,8,phi_corner,fifo,126,102.08361775888385
5,3,30,2,diurnal,8,phi_corner,fifo,127,124.25325848174879
5,3,30,2,diurnal,8,phi_corner,fifo,128,103.19263132863178
5,3,30,2,diurnal,8,phi_corner,fifo,129,83.18811717204862
5,3,30,2,diurnal,8,phi_corner,fifo,130,90.43465326975547
5,3,30,2,diurnal,8,phi_corner,fifo,131,90.48474853663595
5,3,30,2,diurnal,8,phi_corner,fifo,132,135.34125069429112
5,3,30,2,diurnal,8,phi_corner,fifo,133,127.36274002179252
5,3,30,2,diurnal,8,phi_corner,fifo,134,97.13007196766642
5,3,30,2,diurnal,8,phi_corner,fifo,135,113.89660432214899
5,3,30,2,diurnal,8,phi_corner,fifo,136,117.47109088403865
5,3,30,2,diurnal,8,phi_corner,fifo,137,85.0384298235286
5,3,30,2,diurnal,8,phi_corner,fifo,138,96.9302926559058
5,3,30,2,diurnal,8,phi_corner,fifo,139,71.734878198514
5,3,30,2,diurnal,8,phi_corner,fifo,140,72.43290813142669
5,3,30,2,diurnal,8,phi_corner,fifo,141,80.6594168961952
5,3,30,2,diurnal,8,phi_corner,fifo,142,110.53160126361503
5,3,30,2,diurnal,8,phi_corner,fifo,143,83.4741114400806
5,3,30,2,diurnal,8,phi_corner,fifo,144,125.45233252884701
5,3,30,2,diurnal,8,phi_corner,fifo,145,173.20662009349712
5,3,30,2,diurnal,8,phi_corner,fifo,146,127.2791302546587
5,3,30,2,diurnal,8,phi_corner,fifo,147,139.48252149524595
5,3,30,2,diurnal,8,phi_corner,fifo,148,116.49232866227089
5,3,30,2,diurnal,8,phi_corner,fifo,149,117.12198124990839
5,3,30,2,diurnal,8,phi_corner,fifo,150,171.72746620790957
5,3,30,2,diurnal,8,phi_corner,fifo,151,93.00470120574829
5,3,30,2,diurnal,8,phi_corner,fifo,152,93.00470120574829
5,3,30,2,diurnal,8,phi_corner,fifo,153,139.71550868849204
5,3,30,2,diurnal,8,phi_corner,fifo,154,87.89327723375342
5,3,30,2,diurnal,8,phi_corner,fifo,155,141.46244698783357
5,3,30,2,diurnal,8,phi_corner,fifo,156,93.27009206612857
5,3,30,2,diurnal,8,phi_corner,fifo,157,134.2573987952262
5,3,30,2,diurnal,8,phi_corner,fifo,158,139.48252149524595
5,3,30,2,diurnal,8,phi_corner,fifo,159,170.48252149524595
5,3,30,2,diurnal,8,phi_corner,fifo,160,118.06276272607187
5,3,30,2,diurnal,8,phi_corner,fifo,161,128.896604322149
5,3,30,2,diurnal,8,phi_corner,fifo,162,144.5447065418893
5,3,30,2,diurnal,8,phi_corner,fifo,163,109.71826271501797
5,3,30,2,diurnal,8,phi_corner,fifo,164,137.71942934939239
5,3,30,2,diurnal,8,phi_corner,fifo,165,117.31561496219902
5,3,30,2,diurnal,8,phi_corner,fifo,166,115.45538281318056
5,3,30,2,diurnal,8,phi_corner,fifo,167,99.25016845903855
5,3,30,2,diurnal,8,phi_corner,fifo,168,148.2532584817488
5,3,30,2,diurnal,8,phi_corner,fifo,169,89.05748590487997
5,3,30,2,diurnal,8,phi_corner,fifo,170,132.96913810001809
5,3,30,2,diurnal,8,phi_corner,fifo,171,101.75293550891499
5,3,30,2,diurnal,8,phi_corner,fifo,172,109.71826271501797
5,3,30,2,diurnal,8,phi_corner,fifo,173,105.79695570595777
5,3,30,2,diurnal,8,phi_corner,fifo,174,121.93038389730087
5,3,30,2,diurnal,8,phi_corner,fifo,175,117.88887654450325
5,3,30,2,diurnal,8,phi_corner,fifo,176,123.84069247400758
5,3,30,2,diurnal,8,phi_corner,fifo,177,120.20662009349714
5,3,30,2,diurnal,8,phi_corner,fifo,178,93.35434837203266
5,3,30,2,diurnal,8,phi_corner,fifo,179,138.40928753623228
5,3,30,2,diurnal,8,phi_corner,fifo,180,123.58076277051299
5,3,30,2,diurnal,8,phi_corner,fifo,181,124.31960289461587
5,3,30,2,diurnal,8,phi_corner,fifo,182,144.5447065418893
5,3,30,2,diurnal,8,phi_corner,fifo,183,83.18811717204862
5,3,30,2,diurnal,8,phi_corner,fifo,184,156.86935786495908
5,3,30,2,diurnal,8,phi_corner,fifo,185,105.25672778542445
5,3,30,2,diurnal,8,phi_corner,fifo,186,96.54315908563441
5,3,30,2,diurnal,8,phi_corner,fifo,187,95.83556660840732
5,3,30,2,diurnal,8,phi_corner,fifo,188,102.33976665281185
5,3,30,2,diurnal,8,phi_corner,fifo,189,134.20662009349712
5,3,30,2,diurnal,8,phi_corner,fifo,190,141.0626984584695
5,3,30,2,diurnal,8,phi_corner,fifo,191,87.85281002528023
5,3,30,2,diurnal,8,phi_corner,fifo,192,126.27018911914988
5,3,30,2,diurnal,8,phi_corner,fifo,193,86.734878198514
5,3,30,2,diurnal,8,phi_corner,fifo,194,121.04829255712701
5,3,30,2,diurnal,8,phi_corner,fifo,195,138.41413609079518
5,3,30,2,diurnal,8,phi_corner,fifo,196,112.89327723375342
5,3,30,2,diurnal,8,phi_corner,fifo,197,110.97525475037911
5,3,30,2,diurnal,8,phi_corner,fifo,198,161.8406924740076
5,3,30,2,diurnal,8,phi_corner,fifo,199,99.6594168961952
5,3,30,2,diurnal,8,phi_corner,cluster,0,125.45233252884701
5,3,30,2,diurnal,8,phi_corner,cluster,1,129.48252149524595
5,3,30,2,diurnal,8,phi_corner,cluster,2,120.73752820288297
5,3,30,2,diurnal,8,phi_corner,cluster,3,97.87740580583423
5,3,30,2,diurnal,8,phi_corner,cluster,4,114.734878198514
5,3,30,2,diurnal,8,phi_corner,cluster,5,126.25164927296869
5,3,30,2,diurnal,8,phi_corner,cluster,6,151.57883444779304
5,3,30,2,diurnal,8,phi_corner,cluster,7,148.0700304374395
5,3,30,2,diurnal,8,phi_corner,cluster,8,109.43465326975547
5,3,30,2,diurnal,8,phi_corner,cluster,9,119.03294943129711
5,3,30,2,diurnal,8,phi_corner,cluster,10,121.53160126361503
5,3,30,2,diurnal,8,phi_corner,cluster,11,120.73752820288297
5,3,30,2,diurnal,8,phi_corner,cluster,12,129.90290164189878
5,3,30,2,diurnal,8,phi_corner,cluster,13,104.86935786495908
5,3,30,2,diurnal,8,phi_corner,cluster,14,137.8353080500307
5,3,30,2,diurnal,8,phi_corner,cluster,15,86.23952173820727
5,3,30,2,diurnal,8,phi_corner,cluster,16,123.48474853663595
5,3,30,2,diurnal,8,phi_corner,cluster,17,148.8863237144937
5,3,30,2,diurnal,8,phi_corner,cluster,18,157.803249271308
5,3,30,2,diurnal,8,phi_corner,cluster,19,99.43764101570189
5,3,30,2,diurnal,8,phi_corner,cluster,20,108.43143484722917
5,3,30,2,diurnal,8,phi_corner,cluster,21,102.2073230287969
5,3,30,2,diurnal,8,phi_corner,cluster,22,115.25650428830379
5,3,30,2,diurnal,8,phi_corner,cluster,23,104.19060520173105
5,3,30,2,diurnal,8,phi_corner,cluster,24,121.53160126361503
5,3,30,2,diurnal,8,phi_corner,cluster,25,116.42122744459974
5,3,30,2,diurnal,8,phi_corner,cluster,26,78.25757612067002
5,3,30,2,diurnal,8,phi_corner,cluster,27,121.27009206612857
5,3,30,2,diurnal,8,phi_corner,cluster,28,65.5250117108162
5,3,30,2,diurnal,8,phi_corner,cluster,29,108.09241620287895
5,3,30,2,diurnal,8,phi_corner,cluster,30,150.470244355671
5,3,30,2,diurnal,8,phi_corner,cluster,31,121.53160126361503
5,3,30,2,diurnal,8,phi_corner,cluster,32,106.72287038640289
5,3,30,2,diurnal,8,phi_corner,cluster,33,98.35434837203266
5,3,30,2,diurnal,8,phi_corner,cluster,34,137.8353080500307
5,3,30,2,diurnal,8,phi_corner,cluster,35,125.96871697999308
5,3,30,2,diurnal,8,phi_corner,cluster,36,147.45335259778267
5,3,30,2,diurnal,8,phi_corner,cluster,37,104.05541229740116
5,3,30,2,diurnal,8,phi_corner,cluster,38,113.89660432214899
5,3,30,2,diurnal,8,phi_corner,cluster,39,99.18195110262764
5,3,30,2,diurnal,8,phi_corner,cluster,40,103.96913810001809
5,3,30,2,diurnal,8,phi_corner,cluster,41,126.71651008517753
5,3,30,2,diurnal,8,phi_corner,cluster,42,125.97525475037911
5,3,30,2,diurnal,8,phi_corner,cluster,43,117.74539601205157
5,3,30,2,diurnal,8,phi_corner,cluster,44,121.27009206612857
5,3,30,2,diurnal,8,phi_corner,cluster,45,115.64529766243172
5,3,30,2,diurnal,8,phi_corner,cluster,46,154.93038389730089
5,3,30,2,diurnal,8,phi_corner,cluster,47,76.89941383423421
5,3,30,2,diurnal,8,phi_corner,cluster,48,108.09241620287895
5,3,30,2,diurnal,8,phi_corner,cluster,49,143.07296519823984
5,3,30,2,diurnal,8,phi_corner,cluster,50,109.6035377487143
5,3,30,2,diurnal,8,phi_corner,cluster,51,104.19060520173105
5,3,30,2,diurnal,8,phi_corner,cluster,52,135.86217552432265
5,3,30,2,diurnal,8,phi_corner,cluster,53,115.64864443045846
5,3,30,2,diurnal,8,phi_corner,cluster,54,137.80087060312388
5,3,30,2,diurnal,8,phi_corner,cluster,55,111.25325848174879
5,3,30,2,diurnal,8,phi_corner,cluster,56,129.72380788429714
5,3,30,2,diurnal,8,phi_corner,cluster,57,119.64529766243172
5,3,30,2,diurnal,8,phi_corner,cluster,58,79.47109088403865
5,3,30,2,diurnal,8,phi_corner,cluster,59,150.470244355671
5,3,30,2,diurnal,8,phi_corner,cluster,60,135.37119386825677
5,3,30,2,diurnal,8,phi_corner,cluster,61,112.70031899443008
5,3,30,2,diurnal,8,phi_corner,cluster,62,102.2073230287969
5,3,30,2,diurnal,8,phi_corner,cluster,63,129.48252149524595
5,3,30,2,diurnal,8,phi_corner,cluster,64,128.19446857309728
5,3,30,2,diurnal,8,phi_corner,cluster,65,119.74853797107089
5,3,30,2,diurnal,8,phi_corner,cluster,66,97.87740580583423
5,3,30,2,diurnal,8,phi_corner,cluster,67,171.48252149524595
5,3,30,2,diurnal,8,phi_corner,cluster,68,96.14510288590955
5,3,30,2,diurnal,8,phi_corner,cluster,69,148.2100053799575
5,3,30,2,diurnal,8,phi_corner,cluster,70,103.96913810001809
5,3,30,2,diurnal,8,phi_corner,cluster,71,85.42721331995034
5,3,30,2,diurnal,8,phi_corner,cluster,72,105.7022774521403
5,3,30,2,diurnal,8,phi_corner,cluster,73,157.803249271308
5,3,30,2,diurnal,8,phi_corner,cluster,74,105.2573987952262
5,3,30,2,diurnal,8,phi_corner,cluster,75,148.0700304374395
5,3,30,2,diurnal,8,phi_corner,cluster,76,76.43764101570189
5,3,30,2,diurnal,8,phi_corner,cluster,77,129.72380788429714
5,3,30,2,diurnal,8,phi_corner,cluster,78,113.89660432214899
5,3,30,2,diurnal,8,phi_corner,cluster,79,147.8406924740076
5,3,30,2,diurnal,8,phi_corner,cluster,80,157.48252149524595
5,3,30,2,diurnal,8,phi_corner,cluster,81,135.86217552432265
5,3,30,2,diurnal,8,phi_corner,cluster,82,94.89993722605783
5,3,30,2,diurnal,8,phi_corner,cluster,83,135.71320971448807
5,3,30,2,diurnal,8,phi_corner,cluster,84,125.96871697999308
5,3,30,2,diurnal,8,phi_corner,cluster,85,84.47123415351636
5,3,30,2,diurnal,8,phi_corner,cluster,86,111.71320971448807
5,3,30,2,diurnal,8,phi_corner,cluster,87,100.28568264634873
5,3,30,2,diurnal,8,phi_corner,cluster,88,139.20662009349712
5,3,30,2,diurnal,8,phi_corner,cluster,89,95.59654440502263
5,3,30,2,diurnal,8,phi_corner,cluster,90,103.49607374417799
5,3,30,2,diurnal,8,phi_corner,cluster,91,136.719878972474
5,3,30,2,diurnal,8,phi_corner,cluster,92,98.5994505669668
5,3,30,2,diurnal,8,phi_corner,cluster,93,129.90781032371194
5,3,30,2,diurnal,8,phi_corner,cluster,94,113.11511413610171
5,3,30,2,diurnal,8,phi_corner,cluster,95,129.74020690601702
5,3,30,2,diurnal,8,phi_corner,cluster,96,129.74020690601702
5,3,30,2,diurnal,8,phi_corner,cluster,97,99.43764101570189
5,3,30,2,diurnal,8,phi_corner,cluster,98,115.64529766243172
5,3,30,2,diurnal,8,phi_corner,cluster,99,65.5250117108162
5,3,30,2,diurnal,8,phi_corner,cluster,100,83.50744973255871
5,3,30,2,diurnal,8,phi_corner,cluster,101,136.719878972474
5,3,30,2,diurnal,8,phi_corner,cluster,102,97.87740580583423
5,3,30,2,diurnal,8,phi_corner,cluster,103,85.0384298235286
5,3,30,2,diurnal,8,phi_corner,cluster,104,100.28568264634873
5,3,30,2,diurnal,8,phi_corner,cluster,105,99.79280149884359
5,3,30,2,diurnal,8,phi_corner,cluster,106,109.71826271501797
5,3,30,2,diurnal,8,phi_corner,cluster,107,115.75476050182176
5,3,30,2,diurnal,8,phi_corner,cluster,108,105.7022774521403
5,3,30,2,diurnal,8,phi_corner,cluster,109,104.42272159573854
5,3,30,2,diurnal,8,phi_corner,cluster,110,139.6178650472055
5,3,30,2,diurnal,8,phi_corner,cluster,111,115.62320148725209
5,3,30,2,diurnal,8,phi_corner,cluster,112,116.42122744459974
5,3,30,2,diurnal,8,phi_corner,cluster,113,100.28568264634873
5,3,30,2,diurnal,8,phi_corner,cluster,114,92.56687130483901
5,3,30,2,diurnal,8,phi_corner,cluster,115,111.71320971448807
5,3,30,2,diurnal,8,phi_corner,cluster,116,115.13659712702744
5,3,30,2,diurnal,8,phi_corner,cluster,117,138.580762770513
5,3,30,2,diurnal,8,phi_corner,cluster,118,110.8320489905308
5,3,30,2,diurnal,8,phi_corner,cluster,119,128.68090578108186
5,3,30,2,diurnal,8,phi_corner,cluster,120,123.30070520331687
5,3,30,2,diurnal,8,phi_corner,cluster,121,94.89941383423421
5,3,30,2,diurnal,8,phi_corner,cluster,122,99.18195110262764
5,3,30,2,diurnal,8,phi_corner,cluster,123,150.470244355671
5,3,30,2,diurnal,8,phi_corner,cluster,124,148.8863237144937
5,3,30,2,diurnal,8,phi_corner,cluster,125,112.47024435567101
5,3,30,2,diurnal,8,phi_corner,cluster,126,128.19446857309728
5,3,30,2,diurnal,8,phi_corner,cluster,127,96.25325848174879
5,3,30,2,diurnal,8,phi_corner,cluster,128,102.81603937443155
5,3,30,2,diurnal,8,phi_corner,cluster,129,96.97551357563091
5,3,30,2,diurnal,8,phi_corner,cluster,130,109.43465326975547
5,3,30,2,diurnal,8,phi_corner,cluster,131,100.43290813142669
5,3,30,2,diurnal,8,phi_corner,cluster,132,107.34125069429112
5,3,30,2,diurnal,8,phi_corner,cluster,133,137.36274002179252
5,3,30,2,diurnal,8,phi_corner,cluster,134,76.99681387930524
5,3,30,2,diurnal,8,phi_corner,cluster,135,113.89660432214899
5,3,30,2,diurnal,8,phi_corner,cluster,136,95.81757216554125
5,3,30,2,diurnal,8,phi_corner,cluster,137,85.0384298235286
5,3,30,2,diurnal,8,phi_corner,cluster,138,94.89993722605783
5,3,30,2,diurnal,8,phi_corner,cluster,139,100.734878198514
5,3,30,2,diurnal,8,phi_corner,cluster,140,77.43290813142669
5,3,30,2,diurnal,8,phi_corner,cluster,141,80.35910443961328
5,3,30,2,diurnal,8,phi_corner,cluster,142,115.36689767961019
5,3,30,2,diurnal,8,phi_corner,cluster,143,96.64529766243172
5,3,30,2,diurnal,8,phi_corner,cluster,144,125.45233252884701
5,3,30,2,diurnal,8,phi_corner,cluster,145,137.80087060312388
5,3,30,2,diurnal,8,phi_corner,cluster,146,119.74853797107089
5,3,30,2,diurnal,8,phi_corner,cluster,147,129.48252149524595
5,3,30,2,diurnal,8,phi_corner,cluster,148,130.22180906430154
5,3,30,2,diurnal,8,phi_corner,cluster,149,107.12198124990839
5,3,30,2,diurnal,8,phi_corner,cluster,150,157.803249271308
5,3,30,2,diurnal,8,phi_corner,cluster,151,102.2073230287969
5,3,30,2,diurnal,8,phi_corner,cluster,152,102.2073230287969
5,3,30,2,diurnal,8,phi_corner,cluster,153,139.71550868849204
5,3,30,2,diurnal,8,phi_corner,cluster,154,87.89327723375342
5,3,30,2,diurnal,8,phi_corner,cluster,155,135.71320971448807
5,3,30,2,diurnal,8,phi_corner,cluster,156,93.27009206612857
5,3,30,2,diurnal,8,phi_corner,cluster,157,134.2573987952262
5,3,30,2,diurnal,8,phi_corner,cluster,158,129.48252149524595
5,3,30,2,diurnal,8,phi_corner,cluster,159,171.48252149524595
5,3,30,2,diurnal,8,phi_corner,cluster,160,92.27018911914988
5,3,30,2,diurnal,8,phi_corner,cluster,161,123.89660432214899
5,3,30,2,diurnal,8,phi_corner,cluster,162,96.5447065418893
5,3,30,2,diurnal,8,phi_corner,cluster,163,109.71826271501797
5,3,30,2,diurnal,8,phi_corner,cluster,164,99.18195110262764
5,3,30,2,diurnal,8,phi_corner,cluster,165,143.07296519823984
5,3,30,2,diurnal,8,phi_corner,cluster,166,128.68090578108186
5,3,30,2,diurnal,8,phi_corner,cluster,167,99.25016845903855
5,3,30,2,diurnal,8,phi_corner,cluster,168,137.8406924740076
5,3,30,2,diurnal,8,phi_corner,cluster,169,78.00470120574829
5,3,30,2,diurnal,8,phi_corner,cluster,170,117.74539601205157
5,3,30,2,diurnal,8,phi_corner,cluster,171,87.75293550891499
5,3,30,2,diurnal,8,phi_corner,cluster,172,109.71826271501797
5,3,30,2,diurnal,8,phi_corner,cluster,173,84.47123415351636
5,3,30,2,diurnal,8,phi_corner,cluster,174,154.93038389730089
5,3,30,2,diurnal,8,phi_corner,cluster,175,127.88887654450325
5,3,30,2,diurnal,8,phi_corner,cluster,176,162.8406924740076
5,3,30,2,diurnal,8,phi_corner,cluster,177,123.30070520331687
5,3,30,2,diurnal,8,phi_corner,cluster,178,98.35434837203266
5,3,30,2,diurnal,8,phi_corner,cluster,179,100.8295404720929
5,3,30,2,diurnal,8,phi_corner,cluster,180,138.580762770513
5,3,30,2,diurnal,8,phi_corner,cluster,181,154.20662009349712
5,3,30,2,diurnal,8,phi_corner,cluster,182,96.5447065418893
5,3,30,2,diurnal,8,phi_corner,cluster,183,96.97551357563091
5,3,30,2,diurnal,8,phi_corner,cluster,184,149.84718875712147
5,3,30,2,diurnal,8,phi_corner,cluster,185,92.54352873922451
5,3,30,2,diurnal,8,phi_corner,cluster,186,91.54315908563441
5,3,30,2,diurnal,8,phi_corner,cluster,187,94.0384298235286
5,3,30,2,diurnal,8,phi_corner,cluster,188,88.2340980599254
5,3,30,2,diurnal,8,phi_corner,cluster,189,139.20662009349712
5,3,30,2,diurnal,8,phi_corner,cluster,190,152.20990605722022
5,3,30,2,diurnal,8,phi_corner,cluster,191,94.0234115064277
5,3,30,2,diurnal,8,phi_corner,cluster,192,112.47024435567101
5,3,30,2,diurnal,8,phi_corner,cluster,193,83.50744973255871
5,3,30,2,diurnal,8,phi_corner,cluster,194,147.45335259778267
5,3,30,2,diurnal,8,phi_corner,cluster,195,145.45346741198682
5,3,30,2,diurnal,8,phi_corner,cluster,196,87.89327723375342
5,3,30,2,diurnal,8,phi_corner,cluster,197,125.97525475037911
5,3,30,2,diurnal,8,phi_corner,cluster,198,123.84069247400758
5,3,30,2,diurnal,8,phi_corner,cluster,199,99.6594168961952
5,3,30,2,diurnal,30,random,fifo,0,329.98429609026584
5,3,30,2,diurnal,30,random,fifo,1,397.63382848410674
5,3,30,2,diurnal,30,random,fifo,2,409.6334407150598
5,3,30,2,diurnal,30,random,fifo,3,316.35434837203263
5,3,30,2,diurnal,30,random,fifo,4,381.6646827820284
5,3,30,2,diurnal,30,random,fifo,5,399.40410859737335
5,3,30,2,diurnal,30,random,fifo,6,362.58925641551275
5,3,30,2,diurnal,30,random,fifo,7,393.3208395213117
5,3,30,2,diurnal,30,random,fifo,8,360.68292581286335
5,3,30,2,diurnal,30,random,fifo,9,291.86057605285214
5,3,30,2,diurnal,30,random,fifo,10,365.1327439977127
5,3,30,2,diurnal,30,random,fifo,11,382.53928688313266
5,3,30,2,diurnal,30,random,fifo,12,417.19060520173105
5,3,30,2,diurnal,30,random,fifo,13,322.0329494312971
5,3,30,2,diurnal,30,random,fifo,14,334.3834206630538
5,3,30,2,diurnal,30,random,fifo,15,363.37622475218336
5,3,30,2,diurnal,30,random,fifo,16,334.7108792260608
5,3,30,2,diurnal,30,random,fifo,17,458.9385851639405
5,3,30,2,diurnal,30,random,fifo,18,435.00934886126856
5,3,30,2,diurnal,30,random,fifo,19,307.24495686024625
5,3,30,2,diurnal,30,random,fifo,20,415.3501773366782
5,3,30,2,diurnal,30,random,fifo,21,417.5446362985637
5,3,30,2,diurnal,30,random,fifo,22,390.15436261515
5,3,30,2,diurnal,30,random,fifo,23,377.2701891191499
5,3,30,2,diurnal,30,random,fifo,24,381.1327439977127
5,3,30,2,diurnal,30,random,fifo,25,403.0921166034906
5,3,30,2,diurnal,30,random,fifo,26,377.977423081049
5,3,30,2,diurnal,30,random,fifo,27,327.84652224593503
5,3,30,2,diurnal,30,random,fifo,28,323.24067725406866
5,3,30,2,diurnal,30,random,fifo,29,371.8072475243184
5,3,30,2,diurnal,30,random,fifo,30,334.81517905332413
5,3,30,2,diurnal,30,random,fifo,31,366.90781032371194
5,3,30,2,diurnal,30,random,fifo,32,384.07296519823984
5,3,30,2,diurnal,30,random,fifo,33,285.4879596185851
5,3,30,2,diurnal,30,random,fifo,34,414.21000537995747
5,3,30,2,diurnal,30,random,fifo,35,335.35910443961325
5,3,30,2,diurnal,30,random,fifo,36,386.75071550035545
5,3,30,2,diurnal,30,random,fifo,37,336.9755135756309
5,3,30,2,diurnal,30,random,fifo,38,390.3834206630538
5,3,30,2,diurnal,30,random,fifo,39,376.854730424271
5,3,30,2,diurnal,30,random,fifo,40,390.24030256722875
5,3,30,2,diurnal,30,random,fifo,41,375.4160922682836
5,3,30,2,diurnal,30,random,fifo,42,359.8520971302222
5,3,30,2,diurnal,30,random,fifo,43,305.06276272607187
5,3,30,2,diurnal,30,random,fifo,44,350.0103618544973
5,3,30,2,diurnal,30,random,fifo,45,347.3925700566109
5,3,30,2,diurnal,30,random,fifo,46,341.1770517793734
5,3,30,2,diurnal,30,random,fifo,47,301.05232858347955
5,3,30,2,diurnal,30,random,fifo,48,416.70031899443006
5,3,30,2,diurnal,30,random,fifo,49,322.7862556784914
5,3,30,2,diurnal,30,random,fifo,50,391.2660722600924
5,3,30,2,diurnal,30,random,fifo,51,309.23971700062674
5,3,30,2,diurnal,30,random,fifo,52,389.49662002019335
5,3,30,2,diurnal,30,random,fifo,53,355.5329580167439
5,3,30,2,diurnal,30,random,fifo,54,322.05748590487997
5,3,30,2,diurnal,30,random,fifo,55,417.0329494312971
5,3,30,2,diurnal,30,random,fifo,56,313.90805072921376
5,3,30,2,diurnal,30,random,fifo,57,390.6443583321975
5,3,30,2,diurnal,30,random,fifo,58,318.81757216554126
5,3,30,2,diurnal,30,random,fifo,59,369.29709674108886
5,3,30,2,diurnal,30,random,fifo,60,318.4844269742149
5,3,30,2,diurnal,30,random,fifo,61,429.41516880718893
5,3,30,2,diurnal,30,random,fifo,62,323.73752820288297
5,3,30,2,diurnal,30,random,fifo,63,314.93158224078434
5,3,30,2,diurnal,30,random,fifo,64,318.13659712702747
5,3,30,2,diurnal,30,random,fifo,65,282.3440224589387
5,3,30,2,diurnal,30,random,fifo,66,414.41516880718893
5,3,30,2,diurnal,30,random,fifo,67,367.7108792260608
5,3,30,2,diurnal,30,random,fifo,68,402.29709674108886
5,3,30,2,diurnal,30,random,fifo,69,401.7132097144881
5,3,30,2,diurnal,30,random,fifo,70,360.90805072921376
5,3,30,2,diurnal,30,random,fifo,71,375.2660722600924
5,3,30,2,diurnal,30,random,fifo,72,288.68077973743624
5,3,30,2,diurnal,30,random,fifo,73,369.97487389910026
5,3,30,2,diurnal,30,random,fifo,74,408.13973302478297
5,3,30,2,diurnal,30,random,fifo,75,347.98429609026584
5,3,30,2,diurnal,30,random,fifo,76,387.06276272607187
5,3,30,2,diurnal,30,random,fifo,77,337.3931779735221
5,3,30,2,diurnal,30,random,fifo,78,387.275841549336
5,3,30,2,diurnal,30,random,fifo,79,411.2660722600924
5,3,30,2,diurnal,30,random,fifo,80,369.08634453429033
5,3,30,2,diurnal,30,random,fifo,81,380.7485379710709
5,3,30,2,diurnal,30,random,fifo,82,346.4376410157019
5,3,30,2,diurnal,30,random,fifo,83,384.10818456895737
5,3,30,2,diurnal,30,random,fifo,84,274.7078496522754
5,3,30,2,diurnal,30,random,fifo,85,449.56234173042856
5,3,30,2,diurnal,30,random,fifo,86,432.8008706031239
5,3,30,2,diurnal,30,random,fifo,87,309.07296519823984
5,3,30,2,diurnal,30,random,fifo,88,387.9745319385705
5,3,30,2,diurnal,30,random,fifo,89,485.26859216813455
5,3,30,2,diurnal,30,random,fifo,90,427.2660722600924
5,3,30,2,diurnal,30,random,fifo,91,352.3711938682568
5,3,30,2,diurnal,30,random,fifo,92,355.8406924740076
5,3,30,2,diurnal,30,random,fifo,93,334.92055875105405
5,3,30,2,diurnal,30,random,fifo,94,444.3612013794997
5,3,30,2,diurnal,30,random,fifo,95,415.2255665241672
5,3,30,2,diurnal,30,random,fifo,96,400.54315908563444
5,3,30,2,diurnal,30,random,fifo,97,329.275841549336
5,3,30,2,diurnal,30,random,fifo,98,349.5250117108162
5,3,30,2,diurnal,30,random,fifo,99,355.8353080500307
5,3,30,2,diurnal,30,random,fifo,100,404.6071818717451
5,3,30,2,diurnal,30,random,fifo,101,309.6313135486263
5,3,30,2,diurnal,30,random,fifo,102,346.1172886956917
5,3,30,2,diurnal,30,random,fifo,103,387.86780228891996
5,3,30,2,diurnal,30,random,fifo,104,350.8994138342342
5,3,30,2,diurnal,30,random,fifo,105,357.0047012057483
5,3,30,2,diurnal,30,random,fifo,106,364.11786265001746
5,3,30,2,diurnal,30,random,fifo,107,342.854730424271
5,3,30,2,diurnal,30,random,fifo,108,356.2113927039319
5,3,30,2,diurnal,30,random,fifo,109,323.6178650472055
5,3,30,2,diurnal,30,random,fifo,110,293.94962460866026
5,3,30,2,diurnal,30,random,fifo,111,400.24030256722875
5,3,30,2,diurnal,30,random,fifo,112,312.74068211971627
5,3,30,2,diurnal,30,random,fifo,113,380.54315908563444
5,3,30,2,diurnal,30,random,fifo,114,334.32566901074523
5,3,30,2,diurnal,30,random,fifo,115,388.6437704410362
5,3,30,2,diurnal,30,random,fifo,116,320.34991150343734
5,3,30,2,diurnal,30,random,fifo,117,476.1377759444267
5,3,30,2,diurnal,30,random,fifo,118,388.6437704410362
5,3,30,2,diurnal,30,random,fifo,119,418.81757216554126
5,3,30,2,diurnal,30,random,fifo,120,353.7854296710483
5,3,30,2,diurnal,30,random,fifo,121,365.56234173042856
5,3,30,2,diurnal,30,random,fifo,122,386.8725416641313
5,3,30,2,diurnal,30,random,fifo,123,329.470244355671
5,3,30,2,diurnal,30,random,fifo,124,302.47109088403863
5,3,30,2,diurnal,30,random,fifo,125,354.85129145767723
5,3,30,2,diurnal,30,random,fifo,126,351.90781032371194
5,3,30,2,diurnal,30,random,fifo,127,355.0626984584695
5,3,30,2,diurnal,30,random,fifo,128,347.3330885278582
5,3,30,2,diurnal,30,random,fifo,129,410.62771987886674
5,3,30,2,diurnal,30,random,fifo,130,373.22907033210055
5,3,30,2,diurnal,30,random,fifo,131,347.04227880501855
5,3,30,2,diurnal,30,random,fifo,132,348.7544687265097
5,3,30,2,diurnal,30,random,fifo,133,421.5250117108162
5,3,30,2,diurnal,30,random,fifo,134,382.09118079062335
5,3,30,2,diurnal,30,random,fifo,135,398.37622475218336
5,3,30,2,diurnal,30,random,fifo,136,332.70200067557414
5,3,30,2,diurnal,30,random,fifo,137,392.1247753963455
5,3,30,2,diurnal,30,random,fifo,138,384.6035377487143
5,3,30,2,diurnal,30,random,fifo,139,389.89862651065715
5,3,30,2,diurnal,30,random,fifo,140,347.41666378185937
5,3,30,2,diurnal,30,random,fifo,141,334.2427913231933
5,3,30,2,diurnal,30,random,fifo,142,384.89862651065715
5,3,30,2,diurnal,30,random,fifo,143,428.90781032371194
5,3,30,2,diurnal,30,random,fifo,144,437.9755135756309
5,3,30,2,diurnal,30,random,fifo,145,293.94962460866026
5,3,30,2,diurnal,30,random,fifo,146,402.70031899443006
5,3,30,2,diurnal,30,random,fifo,147,426.5446362985637
5,3,30,2,diurnal,30,random,fifo,148,288.9616056418926
5,3,30,2,diurnal,30,random,fifo,149,413.9689337097352
5,3,30,2,diurnal,30,random,fifo,150,310.9893626363679
5,3,30,2,diurnal,30,random,fifo,151,355.5329580167439
5,3,30,2,diurnal,30,random,fifo,152,314.34125069429115
5,3,30,2,diurnal,30,random,fifo,153,312.15040464030375
5,3,30,2,diurnal,30,random,fifo,154,395.7466642283039
5,3,30,2,diurnal,30,random,fifo,155,310.71651008517756
5,3,30,2,diurnal,30,random,fifo,156,380.26859216813455
5,3,30,2,diurnal,30,random,fifo,157,378.5250117108162
5,3,30,2,diurnal,30,random,fifo,158,382.62771987886674
5,3,30,2,diurnal,30,random,fifo,159,335.8353080500307
5,3,30,2,diurnal,30,random,fifo,160,325.4844269742149
5,3,30,2,diurnal,30,random,fifo,161,364.0700304374395
5,3,30,2,diurnal,30,random,fifo,162,448.1000617515048
5,3,30,2,diurnal,30,random,fifo,163,296.2330419304908
5,3,30,2,diurnal,30,random,fifo,164,332.61954859864557
5,3,30,2,diurnal,30,random,fifo,165,329.13886690279793
5,3,30,2,diurnal,30,random,fifo,166,372.85281002528023
5,3,30,2,diurnal,30,random,fifo,167,394.90805072921376
5,3,30,2,diurnal,30,random,fifo,168,321.01210570557294
5,3,30,2,diurnal,30,random,fifo,169,310.7120442742313
5,3,30,2,diurnal,30,random,fifo,170,337.5749523418672
5,3,30,2,diurnal,30,random,fifo,171,387.69835385842185
5,3,30,2,diurnal,30,random,fifo,172,453.7108792260608
5,3,30,2,diurnal,30,random,fifo,173,420.3187156840776
5,3,30,2,diurnal,30,random,fifo,174,289.7466642283039
5,3,30,2,diurnal,30,random,fifo,175,414.3925700566109
5,3,30,2,diurnal,30,random,fifo,176,340.2464559325237
5,3,30,2,diurnal,30,random,fifo,177,328.4587589270157
5,3,30,2,diurnal,30,random,fifo,178,364.48209332817686
5,3,30,2,diurnal,30,random,fifo,179,311.1649200747209
5,3,30,2,diurnal,30,random,fifo,180,351.24030256722875
5,3,30,2,diurnal,30,random,fifo,181,364.0700304374395
5,3,30,2,diurnal,30,random,fifo,182,437.2095080940685
5,3,30,2,diurnal,30,random,fifo,183,427.803249271308
5,3,30,2,diurnal,30,random,fifo,184,383.85613179383347
5,3,30,2,diurnal,30,random,fifo,185,367.7108792260608
5,3,30,2,diurnal,30,random,fifo,186,339.88887654450326
5,3,30,2,diurnal,30,random,fifo,187,368.90805072921376
5,3,30,2,diurnal,30,random,fifo,188,361.89327723375345
5,3,30,2,diurnal,30,random,fifo,189,386.7379630358209
5,3,30,2,diurnal,30,random,fifo,190,358.1409954588285
5,3,30,2,diurnal,30,random,fifo,191,362.05232858347955
5,3,30,2,diurnal,30,random,fifo,192,344.64614502734526
5,3,30,2,diurnal,30,random,fifo,193,380.7800397016281
5,3,30,2,diurnal,30,random,fifo,194,365.08361775888386
5,3,30,2,diurnal,30,random,fifo,195,329.275841549336
5,3,30,2,diurnal,30,random,fifo,196,390.3500872691594
5,3,30,2,diurnal,30,random,fifo,197,373.09118079062335
5,3,30,2,diurnal,30,random,fifo,198,342.05232858347955
5,3,30,2,diurnal,30,random,fifo,199,366.0592448867303
5,3,30,2,diurnal,30,random,cluster,0,262.64553008821787
5,3,30,2,diurnal,30,random,cluster,1,325.63382848410674
5,3,30,2,diurnal,30,random,cluster,2,338.6334407150598
5,3,30,2,diurnal,30,random,cluster,3,349.4923286622709
5,3,30,2,diurnal,30,random,cluster,4,321.6646827820284
5,3,30,2,diurnal,30,random,cluster,5,363.40410859737335
5,3,30,2,diurnal,30,random,cluster,6,313.58925641551275
5,3,30,2,diurnal,30,random,cluster,7,324.3208395213117
5,3,30,2,diurnal,30,random,cluster,8,308.68292581286335
5,3,30,2,diurnal,30,random,cluster,9,278.45289167960107
5,3,30,2,diurnal,30,random,cluster,10,318.1327439977127
5,3,30,2,diurnal,30,random,cluster,11,325.53928688313266
5,3,30,2,diurnal,30,random,cluster,12,331.30957966270233
5,3,30,2,diurnal,30,random,cluster,13,276.0329494312971
5,3,30,2,diurnal,30,random,cluster,14,341.5250117108162
5,3,30,2,diurnal,30,random,cluster,15,321.37622475218336
5,3,30,2,diurnal,30,random,cluster,16,272.7108792260608
5,3,30,2,diurnal,30,random,cluster,17,361.9385851639405
5,3,30,2,diurnal,30,random,cluster,18,384.00934886126856
5,3,30,2,diurnal,30,random,cluster,19,276.24495686024625
5,3,30,2,diurnal,30,random,cluster,20,345.3501773366782
5,3,30,2,diurnal,30,random,cluster,21,316.5446362985637
5,3,30,2,diurnal,30,random,cluster,22,324.15436261515
5,3,30,2,diurnal,30,random,cluster,23,288.2701891191499
5,3,30,2,diurnal,30,random,cluster,24,369.1327439977127
5,3,30,2,diurnal,30,random,cluster,25,346.0921166034906
5,3,30,2,diurnal,30,random,cluster,26,340.9221783635844
5,3,30,2,diurnal,30,random,cluster,27,263.57929744396705
5,3,30,2,diurnal,30,random,cluster,28,251.24067725406866
5,3,30,2,diurnal,30,random,cluster,29,307.2464559325237
5,3,30,2,diurnal,30,random,cluster,30,263.81517905332413
5,3,30,2,diurnal,30,random,cluster,31,303.90781032371194
5,3,30,2,diurnal,30,random,cluster,32,307.6174564918159
5,3,30,2,diurnal,30,random,cluster,33,237.48795961858508
5,3,30,2,diurnal,30,random,cluster,34,308.00934886126856
5,3,30,2,diurnal,30,random,cluster,35,287.3174011179391
5,3,30,2,diurnal,30,random,cluster,36,350.69835385842185
5,3,30,2,diurnal,30,random,cluster,37,288.4141360907952
5,3,30,2,diurnal,30,random,cluster,38,372.3834206630538
5,3,30,2,diurnal,30,random,cluster,39,330.4741114400806
5,3,30,2,diurnal,30,random,cluster,40,343.24030256722875
5,3,30,2,diurnal,30,random,cluster,41,319.4160922682836
5,3,30,2,diurnal,30,random,cluster,42,312.8520971302222
5,3,30,2,diurnal,30,random,cluster,43,279.7854296710483
5,3,30,2,diurnal,30,random,cluster,44,285.75476050182175
5,3,30,2,diurnal,30,random,cluster,45,305.3925700566109
5,3,30,2,diurnal,30,random,cluster,46,281.35147275555926
5,3,30,2,diurnal,30,random,cluster,47,263.05232858347955
5,3,30,2,diurnal,30,random,cluster,48,298.70031899443006
5,3,30,2,diurnal,30,random,cluster,49,275.9689337097352
5,3,30,2,diurnal,30,random,cluster,50,349.2660722600924
5,3,30,2,diurnal,30,random,cluster,51,269.1649200747209
5,3,30,2,diurnal,30,random,cluster,52,327.49662002019335
5,3,30,2,diurnal,30,random,cluster,53,286.5329580167439
5,3,30,2,diurnal,30,random,cluster,54,309.7854296710483
5,3,30,2,diurnal,30,random,cluster,55,351.0329494312971
5,3,30,2,diurnal,30,random,cluster,56,241.90805072921373
5,3,30,2,diurnal,30,random,cluster,57,309.6443583321975
5,3,30,2,diurnal,30,random,cluster,58,341.718262715018
5,3,30,2,diurnal,30,random,cluster,59,316.29709674108886
5,3,30,2,diurnal,30,random,cluster,60,327.4844269742149
5,3,30,2,diurnal,30,random,cluster,61,348.41516880718893
5,3,30,2,diurnal,30,random,cluster,62,297.73752820288297
5,3,30,2,diurnal,30,random,cluster,63,271.42272159573855
5,3,30,2,diurnal,30,random,cluster,64,251.13659712702744
5,3,30,2,diurnal,30,random,cluster,65,217.71808091947497
5,3,30,2,diurnal,30,random,cluster,66,339.41516880718893
5,3,30,2,diurnal,30,random,cluster,67,297.7108792260608
5,3,30,2,diurnal,30,random,cluster,68,284.37622475218336
5,3,30,2,diurnal,30,random,cluster,69,396.9303838973009
5,3,30,2,diurnal,30,random,cluster,70,341.90805072921376
5,3,30,2,diurnal,30,random,cluster,71,362.2660722600924
5,3,30,2,diurnal,30,random,cluster,72,278.68077973743624
5,3,30,2,diurnal,30,random,cluster,73,337.97487389910026
5,3,30,2,diurnal,30,random,cluster,74,342.13973302478297
5,3,30,2,diurnal,30,random,cluster,75,310.98429609026584
5,3,30,2,diurnal,30,random,cluster,76,337.10818456895737
5,3,30,2,diurnal,30,random,cluster,77,313.3931779735221
5,3,30,2,diurnal,30,random,cluster,78,343.6071818717451
5,3,30,2,diurnal,30,random,cluster,79,310.2660722600924
5,3,30,2,diurnal,30,random,cluster,80,298.30957966270233
5,3,30,2,diurnal,30,random,cluster,81,282.3195872482732
5,3,30,2,diurnal,30,random,cluster,82,299.4376410157019
5,3,30,2,diurnal,30,random,cluster,83,342.10818456895737
5,3,30,2,diurnal,30,random,cluster,84,231.7078496522754
5,3,30,2,diurnal,30,random,cluster,85,360.56234173042856
5,3,30,2,diurnal,30,random,cluster,86,351.8008706031239
5,3,30,2,diurnal,30,random,cluster,87,233.07296519823984
5,3,30,2,diurnal,30,random,cluster,88,315.9745319385705
5,3,30,2,diurnal,30,random,cluster,89,409.26859216813455
5,3,30,2,diurnal,30,random,cluster,90,363.2660722600924
5,3,30,2,diurnal,30,random,cluster,91,303.7854296710483
5,3,30,2,diurnal,30,random,cluster,92,292.4150979266721
5,3,30,2,diurnal,30,random,cluster,93,301.92055875105405
5,3,30,2,diurnal,30,random,cluster,94,355.3612013794997
5,3,30,2,diurnal,30,random,cluster,95,330.2255665241672
5,3,30,2,diurnal,30,random,cluster,96,357.531601263615
5,3,30,2,diurnal,30,random,cluster,97,335.275841549336
5,3,30,2,diurnal,30,random,cluster,98,277.5250117108162
5,3,30,2,diurnal,30,random,cluster,99,355.8596745210126
5,3,30,2,diurnal,30,random,cluster,100,348.6071818717451
5,3,30,2,diurnal,30,random,cluster,101,254.74667467255526
5,3,30,2,diurnal,30,random,cluster,102,294.06276272607187
5,3,30,2,diurnal,30,random,cluster,103,340.86780228891996
5,3,30,2,diurnal,30,random,cluster,104,309.8994138342342
5,3,30,2,diurnal,30,random,cluster,105,306.0047012057483
5,3,30,2,diurnal,30,random,cluster,106,296.11786265001746
5,3,30,2,diurnal,30,random,cluster,107,307.1283047532323
5,3,30,2,diurnal,30,random,cluster,108,294.2113927039319
5,3,30,2,diurnal,30,random,cluster,109,286.6178650472055
5,3,30,2,diurnal,30,random,cluster,110,288.94962460866026
5,3,30,2,diurnal,30,random,cluster,111,323.21000537995747
5,3,30,2,diurnal,30,random,cluster,112,288.74068211971627
5,3,30,2,diurnal,30,random,cluster,113,347.54315908563444
5,3,30,2,diurnal,30,random,cluster,114,303.5250117108162
5,3,30,2,diurnal,30,random,cluster,115,279.6437704410362
5,3,30,2,diurnal,30,random,cluster,116,287.34991150343734
5,3,30,2,diurnal,30,random,cluster,117,328.1377759444267
5,3,30,2,diurnal,30,random,cluster,118,279.6437704410362
5,3,30,2,diurnal,30,random,cluster,119,290.81757216554126
5,3,30,2,diurnal,30,random,cluster,120,314.45289167960107
5,3,30,2,diurnal,30,random,cluster,121,270.56234173042856
5,3,30,2,diurnal,30,random,cluster,122,319.2073230287969
5,3,30,2,diurnal,30,random,cluster,123,306.470244355671
5,3,30,2,diurnal,30,random,cluster,124,262.8078194392962
5,3,30,2,diurnal,30,random,cluster,125,273.09118079062335
5,3,30,2,diurnal,30,random,cluster,126,348.90781032371194
5,3,30,2,diurnal,30,random,cluster,127,329.9303838973009
5,3,30,2,diurnal,30,random,cluster,128,285.3330885278582
5,3,30,2,diurnal,30,random,cluster,129,348.62771987886674
5,3,30,2,diurnal,30,random,cluster,130,278.22907033210055
5,3,30,2,diurnal,30,random,cluster,131,358.04227880501855
5,3,30,2,diurnal,30,random,cluster,132,320.1198535755591
5,3,30,2,diurnal,30,random,cluster,133,355.5250117108162
5,3,30,2,diurnal,30,random,cluster,134,300.09118079062335
5,3,30,2,diurnal,30,random,cluster,135,287.2245974040544
5,3,30,2,diurnal,30,random,cluster,136,237.6035377487143
5,3,30,2,diurnal,30,random,cluster,137,322.1247753963455
5,3,30,2,diurnal,30,random,cluster,138,361.6035377487143
5,3,30,2,diurnal,30,random,cluster,139,324.89862651065715
5,3,30,2,diurnal,30,random,cluster,140,260.41666378185937
5,3,30,2,diurnal,30,random,cluster,141,262.2427913231933
5,3,30,2,diurnal,30,random,cluster,142,319.89862651065715
5,3,30,2,diurnal,30,random,cluster,143,309.90781032371194
5,3,30,2,diurnal,30,random,cluster,144,331.5845950143562
5,3,30,2,diurnal,30,random,cluster,145,288.94962460866026
5,3,30,2,diurnal,30,random,cluster,146,346.13973302478297
5,3,30,2,diurnal,30,random,cluster,147,339.5446362985637
5,3,30,2,diurnal,30,random,cluster,148,254.13631150321095
5,3,30,2,diurnal,30,random,cluster,149,379.9689337097352
5,3,30,2,diurnal,30,random,cluster,150,251.98936263636787
5,3,30,2,diurnal,30,random,cluster,151,286.5329580167439
5,3,30,2,diurnal,30,random,cluster,152,295.34125069429115
5,3,30,2,diurnal,30,random,cluster,153,282.470244355671
5,3,30,2,diurnal,30,random,cluster,154,357.7466642283039
5,3,30,2,diurnal,30,random,cluster,155,239.71651008517753
5,3,30,2,diurnal,30,random,cluster,156,347.26859216813455
5,3,30,2,diurnal,30,random,cluster,157,288.5250117108162
5,3,30,2,diurnal,30,random,cluster,158,305.62771987886674
5,3,30,2,diurnal,30,random,cluster,159,268.8353080500307
5,3,30,2,diurnal,30,random,cluster,160,301.85129145767723
5,3,30,2,diurnal,30,random,cluster,161,275.9798220826812
5,3,30,2,diurnal,30,random,cluster,162,374.1000617515048
5,3,30,2,diurnal,30,random,cluster,163,289.28568264634873
5,3,30,2,diurnal,30,random,cluster,164,273.61954859864557
5,3,30,2,diurnal,30,random,cluster,165,308.284987348318
5,3,30,2,diurnal,30,random,cluster,166,339.2066200934971
5,3,30,2,diurnal,30,random,cluster,167,305.7074606937613
5,3,30,2,diurnal,30,random,cluster,168,294.854730424271
5,3,30,2,diurnal,30,random,cluster,169,238.7120442742313
5,3,30,2,diurnal,30,random,cluster,170,311.1219812499084
5,3,30,2,diurnal,30,random,cluster,171,334.69835385842185
5,3,30,2,diurnal,30,random,cluster,172,296.7108792260608
5,3,30,2,diurnal,30,random,cluster,173,357.83222946277044
5,3,30,2,diurnal,30,random,cluster,174,280.7466642283039
5,3,30,2,diurnal,30,random,cluster,175,308.0292879475504
5,3,30,2,diurnal,30,random,cluster,176,297.2464559325237
5,3,30,2,diurnal,30,random,cluster,177,333.6049863013985
5,3,30,2,diurnal,30,random,cluster,178,331.48209332817686
5,3,30,2,diurnal,30,random,cluster,179,320.34125069429115
5,3,30,2,diurnal,30,random,cluster,180,297.24030256722875
5,3,30,2,diurnal,30,random,cluster,181,275.9798220826812
5,3,30,2,diurnal,30,random,cluster,182,343.2095080940685
5,3,30,2,diurnal,30,random,cluster,183,345.803249271308
5,3,30,2,diurnal,30,random,cluster,184,330.85613179383347
5,3,30,2,diurnal,30,random,cluster,185,297.7108792260608
5,3,30,2,diurnal,30,random,cluster,186,302.88887654450326
5,3,30,2,diurnal,30,random,cluster,187,338.09340443152763
5,3,30,2,diurnal,30,random,cluster,188,311.89327723375345
5,3,30,2,diurnal,30,random,cluster,189,321.7379630358209
5,3,30,2,diurnal,30,random,cluster,190,343.1409954588285
5,3,30,2,diurnal,30,random,cluster,191,257.8307456531504
5,3,30,2,diurnal,30,random,cluster,192,281.64614502734526
5,3,30,2,diurnal,30,random,cluster,193,301.7800397016281
5,3,30,2,diurnal,30,random,cluster,194,282.1300719676664
5,3,30,2,diurnal,30,random,cluster,195,335.275841549336
5,3,30,2,diurnal,30,random,cluster,196,296.3500872691594
5,3,30,2,diurnal,30,random,cluster,197,354.09118079062335
5,3,30,2,diurnal,30,random,cluster,198,315.05232858347955
5,3,30,2,diurnal,30,random,cluster,199,318.0592448867303
5,3,30,2,diurnal,30,phi_corner,fifo,0,359.89327723375345
5,3,30,2,diurnal,30,phi_corner,fifo,1,340.4539699142573
5,3,30,2,diurnal,30,phi_corner,fifo,2,368.4376410157019
5,3,30,2,diurnal,30,phi_corner,fifo,3,320.284987348318
5,3,30,2,diurnal,30,phi_corner,fifo,4,345.7421405761529
5,3,30,2,diurnal,30,phi_corner,fifo,5,334.92055875105405
5,3,30,2,diurnal,30,phi_corner,fifo,6,306.09241620287895
5,3,30,2,diurnal,30,phi_corner,fifo,7,319.7800397016281
5,3,30,2,diurnal,30,phi_corner,fifo,8,354.718262715018
5,3,30,2,diurnal,30,phi_corner,fifo,9,328.86057605285214
5,3,30,2,diurnal,30,phi_corner,fifo,10,322.0329494312971
5,3,30,2,diurnal,30,phi_corner,fifo,11,354.62771987886674
5,3,30,2,diurnal,30,phi_corner,fifo,12,426.84214595388494
5,3,30,2,diurnal,30,phi_corner,fifo,13,329.89862651065715
5,3,30,2,diurnal,30,phi_corner,fifo,14,317.2675425562883
5,3,30,2,diurnal,30,phi_corner,fifo,15,337.24067725406866
5,3,30,2,diurnal,30,phi_corner,fifo,16,345.4941618151514
5,3,30,2,diurnal,30,phi_corner,fifo,17,392.79143027485617
5,3,30,2,diurnal,30,phi_corner,fifo,18,405.315614962199
5,3,30,2,diurnal,30,phi_corner,fifo,19,337.24067725406866
5,3,30,2,diurnal,30,phi_corner,fifo,20,398.56234173042856
5,3,30,2,diurnal,30,phi_corner,fifo,21,321.21501767996244
5,3,30,2,diurnal,30,phi_corner,fifo,22,335.20721738334396
5,3,30,2,diurnal,30,phi_corner,fifo,23,315.85129145767723
5,3,30,2,diurnal,30,phi_corner,fifo,24,378.74068211971627
5,3,30,2,diurnal,30,phi_corner,fifo,25,431.19263132863176
5,3,30,2,diurnal,30,phi_corner,fifo,26,291.13631150321095
5,3,30,2,diurnal,30,phi_corner,fifo,27,392.79143027485617
5,3,30,2,diurnal,30,phi_corner,fifo,28,293.4147798622424
5,3,30,2,diurnal,30,phi_corner,fifo,29,340.4539699142573
5,3,30,2,diurnal,30,phi_corner,fifo,30,395.8689919932827
5,3,30,2,diurnal,30,phi_corner,fifo,31,402.7434704971464
5,3,30,2,diurnal,30,phi_corner,fifo,32,327.75704429416294
5,3,30,2,diurnal,30,phi_corner,fifo,33,379.2791302546587
5,3,30,2,diurnal,30,phi_corner,fifo,34,371.6381500966194
5,3,30,2,diurnal,30,phi_corner,fifo,35,460.9745825784262
5,3,30,2,diurnal,30,phi_corner,fifo,36,411.3929189262734
5,3,30,2,diurnal,30,phi_corner,fifo,37,327.75704429416294
5,3,30,2,diurnal,30,phi_corner,fifo,38,320.284987348318
5,3,30,2,diurnal,30,phi_corner,fifo,39,334.45131328362595
5,3,30,2,diurnal,30,phi_corner,fifo,40,306.09241620287895
5,3,30,2,diurnal,30,phi_corner,fifo,41,375.4825214952459
5,3,30,2,diurnal,30,phi_corner,fifo,42,333.0081358052138
5,3,30,2,diurnal,30,phi_corner,fifo,43,276.4587589270157
5,3,30,2,diurnal,30,phi_corner,fifo,44,343.2372292406823
5,3,30,2,diurnal,30,phi_corner,fifo,45,364.1327439977127
5,3,30,2,diurnal,30,phi_corner,fifo,46,351.98429609026584
5,3,30,2,diurnal,30,phi_corner,fifo,47,396.7078496522754
5,3,30,2,diurnal,30,phi_corner,fifo,48,384.55745011102806
5,3,30,2,diurnal,30,phi_corner,fifo,49,411.25016845903855
5,3,30,2,diurnal,30,phi_corner,fifo,50,348.3174011179391
5,3,30,2,diurnal,30,phi_corner,fifo,51,480.2095080940685
5,3,30,2,diurnal,30,phi_corner,fifo,52,354.0262515884581
5,3,30,2,diurnal,30,phi_corner,fifo,53,320.89862651065715
5,3,30,2,diurnal,30,phi_corner,fifo,54,434.5578495298689
5,3,30,2,diurnal,30,phi_corner,fifo,55,317.2675425562883
5,3,30,2,diurnal,30,phi_corner,fifo,56,374.6334407150598
5,3,30,2,diurnal,30,phi_corner,fifo,57,291.05232858347955
5,3,30,2,diurnal,30,phi_corner,fifo,58,315.85129145767723
5,3,30,2,diurnal,30,phi_corner,fifo,59,345.4941618151514
5,3,30,2,diurnal,30,phi_corner,fifo,60,374.45336216229146
5,3,30,2,diurnal,30,phi_corner,fifo,61,378.74068211971627
5,3,30,2,diurnal,30,phi_corner,fifo,62,412.61954859864557
5,3,30,2,diurnal,30,phi_corner,fifo,63,341.8406924740076
5,3,30,2,diurnal,30,phi_corner,fifo,64,399.8291193106097
5,3,30,2,diurnal,30,phi_corner,fifo,65,344.9206240466622
5,3,30,2,diurnal,30,phi_corner,fifo,66,384.55745011102806
5,3,30,2,diurnal,30,phi_corner,fifo,67,281.8939323291869
5,3,30,2,diurnal,30,phi_corner,fifo,68,380.6035377487143
5,3,30,2,diurnal,30,phi_corner,fifo,69,359.89327723375345
5,3,30,2,diurnal,30,phi_corner,fifo,70,333.32966556207447
5,3,30,2,diurnal,30,phi_corner,fifo,71,315.09407933667825
5,3,30,2,diurnal,30,phi_corner,fifo,72,354.0262515884581
5,3,30,2,diurnal,30,phi_corner,fifo,73,452.6334407150598
5,3,30,2,diurnal,30,phi_corner,fifo,74,362.58925641551275
5,3,30,2,diurnal,30,phi_corner,fifo,75,337.24067725406866
5,3,30,2,diurnal,30,phi_corner,fifo,76,282.3440224589387
5,3,30,2,diurnal,30,phi_corner,fifo,77,344.5446362985637
5,3,30,2,diurnal,30,phi_corner,fifo,78,343.2372292406823
5,3,30,2,diurnal,30,phi_corner,fifo,79,305.2218090643015
5,3,30,2,diurnal,30,phi_corner,fifo,80,426.84214595388494
5,3,30,2,diurnal,30,phi_corner,fifo,81,434.5578495298689
5,3,30,2,diurnal,30,phi_corner,fifo,82,389.3187156840776
5,3,30,2,diurnal,30,phi_corner,fifo,83,350.1309890968005
5,3,30,2,diurnal,30,phi_corner,fifo,84,344.4882550357627
5,3,30,2,diurnal,30,phi_corner,fifo,85,316.1861214338278
5,3,30,2,diurnal,30,phi_corner,fifo,86,321.21501767996244
5,3,30,2,diurnal,30,phi_corner,fifo,87,333.32966556207447
5,3,30,2,diurnal,30,phi_corner,fifo,88,385.7895238790752
5,3,30,2,diurnal,30,phi_corner,fifo,89,398.470244355671
5,3,30,2,diurnal,30,phi_corner,fifo,90,308.9333606271076
5,3,30,2,diurnal,30,phi_corner,fifo,91,365.68090578108183
5,3,30,2,diurnal,30,phi_corner,fifo,92,314.13659712702747
5,3,30,2,diurnal,30,phi_corner,fifo,93,316.1861214338278
5,3,30,2,diurnal,30,phi_corner,fifo,94,395.8689919932827
5,3,30,2,diurnal,30,phi_corner,fifo,95,341.8406924740076
5,3,30,2,diurnal,30,phi_corner,fifo,96,380.6035377487143
5,3,30,2,diurnal,30,phi_corner,fifo,97,345.7421405761529
5,3,30,2,diurnal,30,phi_corner,fifo,98,317.2675425562883
5,3,30,2,diurnal,30,phi_corner,fifo,99,345.4882550357627
5,3,30,2,diurnal,30,phi_corner,fifo,100,405.315614962199
5,3,30,2,diurnal,30,phi_corner,fifo,101,325.275841549336
5,3,30,2,diurnal,30,phi_corner,fifo,102,306.20721738334396
5,3,30,2,diurnal,30,phi_corner,fifo,103,329.89862651065715
5,3,30,2,diurnal,30,phi_corner,fifo,104,411.3929189262734
5,3,30,2,diurnal,30,phi_corner,fifo,105,420.6368111193291
5,3,30,2,diurnal,30,phi_corner,fifo,106,325.275841549336
5,3,30,2,diurnal,30,phi_corner,fifo,107,340.4539699142573
5,3,30,2,diurnal,30,phi_corner,fifo,108,281.8939323291869
5,3,30,2,diurnal,30,phi_corner,fifo,109,273.34937788205644
5,3,30,2,diurnal,30,phi_corner,fifo,110,328.86057605285214
5,3,30,2,diurnal,30,phi_corner,fifo,111,312.1198535755591
5,3,30,2,diurnal,30,phi_corner,fifo,112,416.8291193106097
5,3,30,2,diurnal,30,phi_corner,fifo,113,416.85129145767723
5,3,30,2,diurnal,30,phi_corner,fifo,114,376.9689337097352
5,3,30,2,diurnal,30,phi_corner,fifo,115,411.3929189262734
5,3,30,2,diurnal,30,phi_corner,fifo,116,378.74068211971627
5,3,30,2,diurnal,30,phi_corner,fifo,117,392.40760002677575
5,3,30,2,diurnal,30,phi_corner,fifo,118,345.81757216554126
5,3,30,2,diurnal,30,phi_corner,fifo,119,399.8291193106097
5,3,30,2,diurnal,30,phi_corner,fifo,120,374.45336216229146
5,3,30,2,diurnal,30,phi_corner,fifo,121,384.4530867633975
5,3,30,2,diurnal,30,phi_corner,fifo,122,390.3040550730965
5,3,30,2,diurnal,30,phi_corner,fifo,123,365.68090578108183
5,3,30,2,diurnal,30,phi_corner,fifo,124,322.1247753963455
5,3,30,2,diurnal,30,phi_corner,fifo,125,370.8406924740076
5,3,30,2,diurnal,30,phi_corner,fifo,126,344.9206240466622
5,3,30,2,diurnal,30,phi_corner,fifo,127,300.9981829164999
5,3,30,2,diurnal,30,phi_corner,fifo,128,315.85129145767723
5,3,30,2,diurnal,30,phi_corner,fifo,129,341.8406924740076
5,3,30,2,diurnal,30,phi_corner,fifo,130,417.854730424271
5,3,30,2,diurnal,30,phi_corner,fifo,131,273.13886690279793
5,3,30,2,diurnal,30,phi_corner,fifo,132,350.1309890968005
5,3,30,2,diurnal,30,phi_corner,fifo,133,374.7274662079096
5,3,30,2,diurnal,30,phi_corner,fifo,134,350.1283047532323
5,3,30,2,diurnal,30,phi_corner,fifo,135,357.6646827820284
5,3,30,2,diurnal,30,phi_corner,fifo,136,340.85613179383347
5,3,30,2,diurnal,30,phi_corner,fifo,137,315.010035280334
5,3,30,2,diurnal,30,phi_corner,fifo,138,374.7274662079096
5,3,30,2,diurnal,30,phi_corner,fifo,139,337.24067725406866
5,3,30,2,diurnal,30,phi_corner,fifo,140,306.09241620287895
5,3,30,2,diurnal,30,phi_corner,fifo,141,339.2330419304908
5,3,30,2,diurnal,30,phi_corner,fifo,142,403.4607305756404
5,3,30,2,diurnal,30,phi_corner,fifo,143,379.5346302524562
5,3,30,2,diurnal,30,phi_corner,fifo,144,350.1283047532323
5,3,30,2,diurnal,30,phi_corner,fifo,145,374.6334407150598
5,3,30,2,diurnal,30,phi_corner,fifo,146,333.6239684681074
5,3,30,2,diurnal,30,phi_corner,fifo,147,350.144626803012
5,3,30,2,diurnal,30,phi_corner,fifo,148,377.7048337207139
5,3,30,2,diurnal,30,phi_corner,fifo,149,392.34937788205644
5,3,30,2,diurnal,30,phi_corner,fifo,150,331.0561814245958
5,3,30,2,diurnal,30,phi_corner,fifo,151,344.15436261515
5,3,30,2,diurnal,30,phi_corner,fifo,152,389.3187156840776
5,3,30,2,diurnal,30,phi_corner,fifo,153,335.20721738334396
5,3,30,2,diurnal,30,phi_corner,fifo,154,358.08854653087656
5,3,30,2,diurnal,30,phi_corner,fifo,155,438.1198535755591
5,3,30,2,diurnal,30,phi_corner,fifo,156,320.81512962258387
5,3,30,2,diurnal,30,phi_corner,fifo,157,327.75704429416294
5,3,30,2,diurnal,30,phi_corner,fifo,158,325.275841549336
5,3,30,2,diurnal,30,phi_corner,fifo,159,315.10818456895737
5,3,30,2,diurnal,30,phi_corner,fifo,160,399.8291193106097
5,3,30,2,diurnal,30,phi_corner,fifo,161,354.0262515884581
5,3,30,2,diurnal,30,phi_corner,fifo,162,341.8406924740076
5,3,30,2,diurnal,30,phi_corner,fifo,163,282.3440224589387
5,3,30,2,diurnal,30,phi_corner,fifo,164,375.2660722600924
5,3,30,2,diurnal,30,phi_corner,fifo,165,399.15857198646904
5,3,30,2,diurnal,30,phi_corner,fifo,166,411.45289167960107
5,3,30,2,diurnal,30,phi_corner,fifo,167,395.8689919932827
5,3,30,2,diurnal,30,phi_corner,fifo,168,354.21552154739027
5,3,30,2,diurnal,30,phi_corner,fifo,169,354.0262515884581
5,3,30,2,diurnal,30,phi_corner,fifo,170,338.0384298235286
5,3,30,2,diurnal,30,phi_corner,fifo,171,416.8291193106097
5,3,30,2,diurnal,30,phi_corner,fifo,172,319.7800397016281
5,3,30,2,diurnal,30,phi_corner,fifo,173,325.275841549336
5,3,30,2,diurnal,30,phi_corner,fifo,174,359.89327723375345
5,3,30,2,diurnal,30,phi_corner,fifo,175,476.1377759444267
5,3,30,2,diurnal,30,phi_corner,fifo,176,427.23971700062674
5,3,30,2,diurnal,30,phi_corner,fifo,177,418.854730424271
5,3,30,2,diurnal,30,phi_corner,fifo,178,430.1000617515048
5,3,30,2,diurnal,30,phi_corner,fifo,179,417.854730424271
5,3,30,2,diurnal,30,phi_corner,fifo,180,358.08854653087656
5,3,30,2,diurnal,30,phi_corner,fifo,181,354.0262515884581
5,3,30,2,diurnal,30,phi_corner,fifo,182,386.9221783635844
5,3,30,2,diurnal,30,phi_corner,fifo,183,401.3443014130899
5,3,30,2,diurnal,30,phi_corner,fifo,184,363.45289167960107
5,3,30,2,diurnal,30,phi_corner,fifo,185,379.89862651065715
5,3,30,2,diurnal,30,phi_corner,fifo,186,402.4825214952459
5,3,30,2,diurnal,30,phi_corner,fifo,187,293.4147798622424
5,3,30,2,diurnal,30,phi_corner,fifo,188,314.13659712702747
5,3,30,2,diurnal,30,phi_corner,fifo,189,379.5346302524562
5,3,30,2,diurnal,30,phi_corner,fifo,190,384.55745011102806
5,3,30,2,diurnal,30,phi_corner,fifo,191,385.7895238790752
5,3,30,2,diurnal,30,phi_corner,fifo,192,344.5446362985637
5,3,30,2,diurnal,30,phi_corner,fifo,193,460.9745825784262
5,3,30,2,diurnal,30,phi_corner,fifo,194,337.24067725406866
5,3,30,2,diurnal,30,phi_corner,fifo,195,395.8689919932827
5,3,30,2,diurnal,30,phi_corner,fifo,196,402.4825214952459
5,3,30,2,diurnal,30,phi_corner,fifo,197,417.5446362985637
5,3,30,2,diurnal,30,phi_corner,fifo,198,375.4825214952459
5,3,30,2,diurnal,30,phi_corner,fifo,199,315.85129145767723
5,3,30,2,diurnal,30,phi_corner,cluster,0,315.96362413292127
5,3,30,2,diurnal,30,phi_corner,cluster,1,273.3332726911
5,3,30,2,diurnal,30,phi_corner,cluster,2,341.4376410157019
5,3,30,2,diurnal,30,phi_corner,cluster,3,298.284987348318
5,3,30,2,diurnal,30,phi_corner,cluster,4,276.7421405761529
5,3,30,2,diurnal,30,phi_corner,cluster,5,301.92055875105405
5,3,30,2,diurnal,30,phi_corner,cluster,6,306.09241620287895
5,3,30,2,diurnal,30,phi_corner,cluster,7,292.4150979266721
5,3,30,2,diurnal,30,phi_corner,cluster,8,283.718262715018
5,3,30,2,diurnal,30,phi_corner,cluster,9,273.4005857285541
5,3,30,2,diurnal,30,phi_corner,cluster,10,276.0329494312971
5,3,30,2,diurnal,30,phi_corner,cluster,11,314.72932357401197
5,3,30,2,diurnal,30,phi_corner,cluster,12,344.71651008517756
5,3,30,2,diurnal,30,phi_corner,cluster,13,273.85129145767723
5,3,30,2,diurnal,30,phi_corner,cluster,14,321.0103618544973
5,3,30,2,diurnal,30,phi_corner,cluster,15,261.24067725406866
5,3,30,2,diurnal,30,phi_corner,cluster,16,268.2066200934971
5,3,30,2,diurnal,30,phi_corner,cluster,17,342.8685873300204
5,3,30,2,diurnal,30,phi_corner,cluster,18,313.0129168320157
5,3,30,2,diurnal,30,phi_corner,cluster,19,261.24067725406866
5,3,30,2,diurnal,30,phi_corner,cluster,20,326.56234173042856
5,3,30,2,diurnal,30,phi_corner,cluster,21,239.18612143382776
5,3,30,2,diurnal,30,phi_corner,cluster,22,306.20721738334396
5,3,30,2,diurnal,30,phi_corner,cluster,23,250.92055875105405
5,3,30,2,diurnal,30,phi_corner,cluster,24,325.4314348472292
5,3,30,2,diurnal,30,phi_corner,cluster,25,301.19263132863176
5,3,30,2,diurnal,30,phi_corner,cluster,26,268.13631150321095
5,3,30,2,diurnal,30,phi_corner,cluster,27,342.8685873300204
5,3,30,2,diurnal,30,phi_corner,cluster,28,276.87426637684325
5,3,30,2,diurnal,30,phi_corner,cluster,29,273.3332726911
5,3,30,2,diurnal,30,phi_corner,cluster,30,335.701904489541
5,3,30,2,diurnal,30,phi_corner,cluster,31,328.8373474969728
5,3,30,2,diurnal,30,phi_corner,cluster,32,267.9687169799931
5,3,30,2,diurnal,30,phi_corner,cluster,33,333.73752820288297
5,3,30,2,diurnal,30,phi_corner,cluster,34,329.6381500966194
5,3,30,2,diurnal,30,phi_corner,cluster,35,322.9745825784262
5,3,30,2,diurnal,30,phi_corner,cluster,36,321.3929189262734
5,3,30,2,diurnal,30,phi_corner,cluster,37,267.9687169799931
5,3,30,2,diurnal,30,phi_corner,cluster,38,298.284987348318
5,3,30,2,diurnal,30,phi_corner,cluster,39,321.35434837203263
5,3,30,2,diurnal,30,phi_corner,cluster,40,306.09241620287895
5,3,30,2,diurnal,30,phi_corner,cluster,41,338.4825214952459
5,3,30,2,diurnal,30,phi_corner,cluster,42,304.0081358052138
5,3,30,2,diurnal,30,phi_corner,cluster,43,275.4587589270157
5,3,30,2,diurnal,30,phi_corner,cluster,44,240.63815009661943
5,3,30,2,diurnal,30,phi_corner,cluster,45,331.1327439977127
5,3,30,2,diurnal,30,phi_corner,cluster,46,310.98429609026584
5,3,30,2,diurnal,30,phi_corner,cluster,47,340.7078496522754
5,3,30,2,diurnal,30,phi_corner,cluster,48,301.9999865536174
5,3,30,2,diurnal,30,phi_corner,cluster,49,323.0101905111568
5,3,30,2,diurnal,30,phi_corner,cluster,50,258.3174011179391
5,3,30,2,diurnal,30,phi_corner,cluster,51,396.531601263615
5,3,30,2,diurnal,30,phi_corner,cluster,52,337.0262515884581
5,3,30,2,diurnal,30,phi_corner,cluster,53,267.89862651065715
5,3,30,2,diurnal,30,phi_corner,cluster,54,374.5578495298689
5,3,30,2,diurnal,30,phi_corner,cluster,55,321.0103618544973
5,3,30,2,diurnal,30,phi_corner,cluster,56,372.6334407150598
5,3,30,2,diurnal,30,phi_corner,cluster,57,238.9755135756309
5,3,30,2,diurnal,30,phi_corner,cluster,58,250.92055875105405
5,3,30,2,diurnal,30,phi_corner,cluster,59,268.2066200934971
5,3,30,2,diurnal,30,phi_corner,cluster,60,314.6190710283737
5,3,30,2,diurnal,30,phi_corner,cluster,61,325.4314348472292
5,3,30,2,diurnal,30,phi_corner,cluster,62,313.89862651065715
5,3,30,2,diurnal,30,phi_corner,cluster,63,332.8406924740076
5,3,30,2,diurnal,30,phi_corner,cluster,64,308.8291193106097
5,3,30,2,diurnal,30,phi_corner,cluster,65,292.9206240466622
5,3,30,2,diurnal,30,phi_corner,cluster,66,301.9999865536174
5,3,30,2,diurnal,30,phi_corner,cluster,67,280.97487389910026
5,3,30,2,diurnal,30,phi_corner,cluster,68,296.8221791481685
5,3,30,2,diurnal,30,phi_corner,cluster,69,315.96362413292127
5,3,30,2,diurnal,30,phi_corner,cluster,70,303.37622475218336
5,3,30,2,diurnal,30,phi_corner,cluster,71,307.34125069429115
5,3,30,2,diurnal,30,phi_corner,cluster,72,337.0262515884581
5,3,30,2,diurnal,30,phi_corner,cluster,73,335.5250117108162
5,3,30,2,diurnal,30,phi_corner,cluster,74,313.58925641551275
5,3,30,2,diurnal,30,phi_corner,cluster,75,261.24067725406866
5,3,30,2,diurnal,30,phi_corner,cluster,76,217.71808091947497
5,3,30,2,diurnal,30,phi_corner,cluster,77,299.45538281318056
5,3,30,2,diurnal,30,phi_corner,cluster,78,240.63815009661943
5,3,30,2,diurnal,30,phi_corner,cluster,79,262.52824363395655
5,3,30,2,diurnal,30,phi_corner,cluster,80,344.71651008517756
5,3,30,2,diurnal,30,phi_corner,cluster,81,374.5578495298689
5,3,30,2,diurnal,30,phi_corner,cluster,82,296.3187156840776
5,3,30,2,diurnal,30,phi_corner,cluster,83,259.1309890968005
5,3,30,2,diurnal,30,phi_corner,cluster,84,292.4882550357627
5,3,30,2,diurnal,30,phi_corner,cluster,85,302.81603937443157
5,3,30,2,diurnal,30,phi_corner,cluster,86,239.18612143382776
5,3,30,2,diurnal,30,phi_corner,cluster,87,303.37622475218336
5,3,30,2,diurnal,30,phi_corner,cluster,88,325.7895238790752
5,3,30,2,diurnal,30,phi_corner,cluster,89,369.470244355671
5,3,30,2,diurnal,30,phi_corner,cluster,90,267.9221783635844
5,3,30,2,diurnal,30,phi_corner,cluster,91,343.68090578108183
5,3,30,2,diurnal,30,phi_corner,cluster,92,261.13659712702747
5,3,30,2,diurnal,30,phi_corner,cluster,93,302.81603937443157
5,3,30,2,diurnal,30,phi_corner,cluster,94,335.701904489541
5,3,30,2,diurnal,30,phi_corner,cluster,95,332.8406924740076
5,3,30,2,diurnal,30,phi_corner,cluster,96,296.8221791481685
5,3,30,2,diurnal,30,phi_corner,cluster,97,276.7421405761529
5,3,30,2,diurnal,30,phi_corner,cluster,98,321.0103618544973
5,3,30,2,diurnal,30,phi_corner,cluster,99,282.4882550357627
5,3,30,2,diurnal,30,phi_corner,cluster,100,313.0129168320157
5,3,30,2,diurnal,30,phi_corner,cluster,101,307.275841549336
5,3,30,2,diurnal,30,phi_corner,cluster,102,244.20721738334393
5,3,30,2,diurnal,30,phi_corner,cluster,103,273.85129145767723
5,3,30,2,diurnal,30,phi_corner,cluster,104,321.3929189262734
5,3,30,2,diurnal,30,phi_corner,cluster,105,356.2532584817488
5,3,30,2,diurnal,30,phi_corner,cluster,106,307.275841549336
5,3,30,2,diurnal,30,phi_corner,cluster,107,273.3332726911
5,3,30,2,diurnal,30,phi_corner,cluster,108,280.97487389910026
5,3,30,2,diurnal,30,phi_corner,cluster,109,235.34937788205644
5,3,30,2,diurnal,30,phi_corner,cluster,110,273.4005857285541
5,3,30,2,diurnal,30,phi_corner,cluster,111,246.65941689619518
5,3,30,2,diurnal,30,phi_corner,cluster,112,333.8291193106097
5,3,30,2,diurnal,30,phi_corner,cluster,113,327.49662002019335
5,3,30,2,diurnal,30,phi_corner,cluster,114,375.9689337097352
5,3,30,2,diurnal,30,phi_corner,cluster,115,321.3929189262734
5,3,30,2,diurnal,30,phi_corner,cluster,116,325.4314348472292
5,3,30,2,diurnal,30,phi_corner,cluster,117,287.8992617231278
5,3,30,2,diurnal,30,phi_corner,cluster,118,280.01822901164377
5,3,30,2,diurnal,30,phi_corner,cluster,119,308.8291193106097
5,3,30,2,diurnal,30,phi_corner,cluster,120,314.6190710283737
5,3,30,2,diurnal,30,phi_corner,cluster,121,308.4530867633975
5,3,30,2,diurnal,30,phi_corner,cluster,122,349.3040550730965
5,3,30,2,diurnal,30,phi_corner,cluster,123,343.68090578108183
5,3,30,2,diurnal,30,phi_corner,cluster,124,275.1247753963455
5,3,30,2,diurnal,30,phi_corner,cluster,125,292.63382848410674
5,3,30,2,diurnal,30,phi_corner,cluster,126,292.9206240466622
5,3,30,2,diurnal,30,phi_corner,cluster,127,276.9981829164999
5,3,30,2,diurnal,30,phi_corner,cluster,128,250.92055875105405
5,3,30,2,diurnal,30,phi_corner,cluster,129,332.8406924740076
5,3,30,2,diurnal,30,phi_corner,cluster,130,348.90781032371194
5,3,30,2,diurnal,30,phi_corner,cluster,131,255.25757612067002
5,3,30,2,diurnal,30,phi_corner,cluster,132,259.1309890968005
5,3,30,2,diurnal,30,phi_corner,cluster,133,293.7274662079096
5,3,30,2,diurnal,30,phi_corner,cluster,134,302.1283047532323
5,3,30,2,diurnal,30,phi_corner,cluster,135,280.6646827820284
5,3,30,2,diurnal,30,phi_corner,cluster,136,267.0477342378639
5,3,30,2,diurnal,30,phi_corner,cluster,137,268.010035280334
5,3,30,2,diurnal,30,phi_corner,cluster,138,293.7274662079096
5,3,30,2,diurnal,30,phi_corner,cluster,139,261.24067725406866
5,3,30,2,diurnal,30,phi_corner,cluster,140,306.09241620287895
5,3,30,2,diurnal,30,phi_corner,cluster,141,273.2330419304908
5,3,30,2,diurnal,30,phi_corner,cluster,142,342.4607305756404
5,3,30,2,diurnal,30,phi_corner,cluster,143,381.9687169799931
5,3,30,2,diurnal,30,phi_corner,cluster,144,302.1283047532323
5,3,30,2,diurnal,30,phi_corner,cluster,145,372.6334407150598
5,3,30,2,diurnal,30,phi_corner,cluster,146,335.6239684681074
5,3,30,2,diurnal,30,phi_corner,cluster,147,280.2638261185268
5,3,30,2,diurnal,30,phi_corner,cluster,148,291.7048337207139
5,3,30,2,diurnal,30,phi_corner,cluster,149,340.34937788205644
5,3,30,2,diurnal,30,phi_corner,cluster,150,290.42721331995034
5,3,30,2,diurnal,30,phi_corner,cluster,151,282.15436261515
5,3,30,2,diurnal,30,phi_corner,cluster,152,296.3187156840776
5,3,30,2,diurnal,30,phi_corner,cluster,153,306.20721738334396
5,3,30,2,diurnal,30,phi_corner,cluster,154,345.08854653087656
5,3,30,2,diurnal,30,phi_corner,cluster,155,331.4005857285541
5,3,30,2,diurnal,30,phi_corner,cluster,156,274.81512962258387
5,3,30,2,diurnal,30,phi_corner,cluster,157,267.9687169799931
5,3,30,2,diurnal,30,phi_corner,cluster,158,307.275841549336
5,3,30,2,diurnal,30,phi_corner,cluster,159,257.12841174012135
5,3,30,2,diurnal,30,phi_corner,cluster,160,308.8291193106097
5,3,30,2,diurnal,30,phi_corner,cluster,161,337.0262515884581
5,3,30,2,diurnal,30,phi_corner,cluster,162,332.8406924740076
5,3,30,2,diurnal,30,phi_corner,cluster,163,217.71808091947497
5,3,30,2,diurnal,30,phi_corner,cluster,164,362.2660722600924
5,3,30,2,diurnal,30,phi_corner,cluster,165,323.15857198646904
5,3,30,2,diurnal,30,phi_corner,cluster,166,320.0575331596135
5,3,30,2,diurnal,30,phi_corner,cluster,167,335.701904489541
5,3,30,2,diurnal,30,phi_corner,cluster,168,336.8258713351051
5,3,30,2,diurnal,30,phi_corner,cluster,169,337.0262515884581
5,3,30,2,diurnal,30,phi_corner,cluster,170,312.35434837203263
5,3,30,2,diurnal,30,phi_corner,cluster,171,333.8291193106097
5,3,30,2,diurnal,30,phi_corner,cluster,172,292.4150979266721
5,3,30,2,diurnal,30,phi_corner,cluster,173,307.275841549336
5,3,30,2,diurnal,30,phi_corner,cluster,174,315.96362413292127
5,3,30,2,diurnal,30,phi_corner,cluster,175,328.1377759444267
5,3,30,2,diurnal,30,phi_corner,cluster,176,347.23971700062674
5,3,30,2,diurnal,30,phi_corner,cluster,177,317.2791302546587
5,3,30,2,diurnal,30,phi_corner,cluster,178,316.1000617515048
5,3,30,2,diurnal,30,phi_corner,cluster,179,348.90781032371194
5,3,30,2,diurnal,30,phi_corner,cluster,180,345.08854653087656
5,3,30,2,diurnal,30,phi_corner,cluster,181,337.0262515884581
5,3,30,2,diurnal,30,phi_corner,cluster,182,324.9221783635844
5,3,30,2,diurnal,30,phi_corner,cluster,183,302.7194293493924
5,3,30,2,diurnal,30,phi_corner,cluster,184,321.45289167960107
5,3,30,2,diurnal,30,phi_corner,cluster,185,280.89862651065715
5,3,30,2,diurnal,30,phi_corner,cluster,186,307.4825214952459
5,3,30,2,diurnal,30,phi_corner,cluster,187,276.87426637684325
5,3,30,2,diurnal,30,phi_corner,cluster,188,261.13659712702747
5,3,30,2,diurnal,30,phi_corner,cluster,189,381.9687169799931
5,3,30,2,diurnal,30,phi_corner,cluster,190,301.9999865536174
5,3,30,2,diurnal,30,phi_corner,cluster,191,325.7895238790752
5,3,30,2,diurnal,30,phi_corner,cluster,192,299.45538281318056
5,3,30,2,diurnal,30,phi_corner,cluster,193,322.9745825784262
5,3,30,2,diurnal,30,phi_corner,cluster,194,261.24067725406866
5,3,30,2,diurnal,30,phi_corner,cluster,195,335.701904489541
5,3,30,2,diurnal,30,phi_corner,cluster,196,307.4825214952459
5,3,30,2,diurnal,30,phi_corner,cluster,197,316.5446362985637
5,3,30,2,diurnal,30,phi_corner,cluster,198,338.4825214952459
5,3,30,2,diurnal,30,phi_corner,cluster,199,250.92055875105405
7,5,5,2,clustered,8,random,fifo,0,101.0
7,5,5,2,clustered,8,random,fifo,1,173.0
7,5,5,2,clustered,8,random,fifo,2,177.0
7,5,5,2,clustered,8,random,fifo,3,134.0
7,5,5,2,clustered,8,random,fifo,4,150.0
7,5,5,2,clustered,8,random,fifo,5,81.0
7,5,5,2,clustered,8,random,fifo,6,134.0
7,5,5,2,clustered,8,random,fifo,7,187.0
7,5,5,2,clustered,8,random,fifo,8,145.0
7,5,5,2,clustered,8,random,fifo,9,162.0
7,5,5,2,clustered,8,random,fifo,10,143.0
7,5,5,2,clustered,8,random,fifo,11,193.0
7,5,5,2,clustered,8,random,fifo,12,212.0
7,5,5,2,clustered,8,random,fifo,13,177.0
7,5,5,2,clustered,8,random,fifo,14,110.0
7,5,5,2,clustered,8,random,fifo,15,174.0
7,5,5,2,clustered,8,random,fifo,16,177.0
7,5,5,2,clustered,8,random,fifo,17,164.0
7,5,5,2,clustered,8,random,fifo,18,145.0
7,5,5,2,clustered,8,random,fifo,19,187.0
7,5,5,2,clustered,8,random,fifo,20,158.0
7,5,5,2,clustered,8,random,fifo,21,150.0
7,5,5,2,clustered,8,random,fifo,22,120.0
7,5,5,2,clustered,8,random,fifo,23,173.0
7,5,5,2,clustered,8,random,fifo,24,172.0
7,5,5,2,clustered,8,random,fifo,25,163.0
7,5,5,2,clustered,8,random,fifo,26,124.0
7,5,5,2,clustered,8,random,fifo,27,140.0
7,5,5,2,clustered,8,random,fifo,28,143.0
7,5,5,2,clustered,8,random,fifo,29,148.0
7,5,5,2,clustered,8,random,fifo,30,168.0
7,5,5,2,clustered,8,random,fifo,31,153.0
7,5,5,2,clustered,8,random,fifo,32,174.0
7,5,5,2,clustered,8,random,fifo,33,110.0
7,5,5,2,clustered,8,random,fifo,34,134.0
7,5,5,2,clustered,8,random,fifo,35,91.0
7,5,5,2,clustered,8,random,fifo,36,96.0
7,5,5,2,clustered,8,random,fifo,37,159.0
7,5,5,2,clustered,8,random,fifo,38,158.0
7,5,5,2,clustered,8,random,fifo,39,173.0
7,5,5,2,clustered,8,random,fifo,40,124.0
7,5,5,2,clustered,8,random,fifo,41,114.0
7,5,5,2,clustered,8,random,fifo,42,148.0
7,5,5,2,clustered,8,random,fifo,43,115.0
7,5,5,2,clustered,8,random,fifo,44,120.0
7,5,5,2,clustered,8,random,fifo,45,178.0
7,5,5,2,clustered,8,random,fifo,46,125.0
7,5,5,2,clustered,8,random,fifo,47,187.0
7,5,5,2,clustered,8,random,fifo,48,162.0
7,5,5,2,clustered,8,random,fifo,49,177.0
7,5,5,2,clustered,8,random,fifo,50,191.0
7,5,5,2,clustered,8,random,fifo,51,130.0
7,5,5,2,clustered,8,random,fifo,52,133.0
7,5,5,2,clustered,8,random,fifo,53,217.0
7,5,5,2,clustered,8,random,fifo,54,194.0
7,5,5,2,clustered,8,random,fifo,55,115.0
7,5,5,2,clustered,8,random,fifo,56,130.0
7,5,5,2,clustered,8,random,fifo,57,105.0
7,5,5,2,clustered,8,random,fifo,58,187.0
7,5,5,2,clustered,8,random,fifo,59,99.0
7,5,5,2,clustered,8,random,fifo,60,125.0
7,5,5,2,clustered,8,random,fifo,61,114.0
7,5,5,2,clustered,8,random,fifo,62,116.0
7,5,5,2,clustered,8,random,fifo,63,130.0
7,5,5,2,clustered,8,random,fifo,64,143.0
7,5,5,2,clustered,8,random,fifo,65,210.0
7,5,5,2,clustered,8,random,fifo,66,202.0
7,5,5,2,clustered,8,random,fifo,67,183.0
7,5,5,2,clustered,8,random,fifo,68,124.0
7,5,5,2,clustered,8,random,fifo,69,101.0
7,5,5,2,clustered,8,random,fifo,70,114.0
7,5,5,2,clustered,8,random,fifo,71,129.0
7,5,5,2,clustered,8,random,fifo,72,134.0
7,5,5,2,clustered,8,random,fifo,73,105.0
7,5,5,2,clustered,8,random,fifo,74,128.0
7,5,5,2,clustered,8,random,fifo,75,124.0
7,5,5,2,clustered,8,random,fifo,76,149.0
7,5,5,2,clustered,8,random,fifo,77,164.0
7,5,5,2,clustered,8,random,fifo,78,127.0
7,5,5,2,clustered,8,random,fifo,79,142.0
7,5,5,2,clustered,8,random,fifo,80,100.0
7,5,5,2,clustered,8,random,fifo,81,173.0
7,5,5,2,clustered,8,random,fifo,82,130.0
7,5,5,2,clustered,8,random,fifo,83,148.0
7,5,5,2,clustered,8,random,fifo,84,154.0
7,5,5,2,clustered,8,random,fifo,85,144.0
7,5,5,2,clustered,8,random,fifo,86,109.0
7,5,5,2,clustered,8,random,fifo,87,153.0
7,5,5,2,clustered,8,random,fifo,88,182.0
7,5,5,2,clustered,8,random,fifo,89,108.0
7,5,5,2,clustered,8,random,fifo,90,201.0
7,5,5,2,clustered,8,random,fifo,91,148.0
7,5,5,2,clustered,8,random,fifo,92,173.0
7,5,5,2,clustered,8,random,fifo,93,158.0
7,5,5,2,clustered,8,random,fifo,94,134.0
7,5,5,2,clustered,8,random,fifo,95,149.0
7,5,5,2,clustered,8,random,fifo,96,152.0
7,5,5,2,clustered,8,random,fifo,97,128.0
7,5,5,2,clustered,8,random,fifo,98,124.0
7,5,5,2,clustered,8,random,fifo,99,143.0
7,5,5,2,clustered,8,random,fifo,100,153.0
7,5,5,2,clustered,8,random,fifo,101,120.0
7,5,5,2,clustered,8,random,fifo,102,201.0
7,5,5,2,clustered,8,random,fifo,103,168.0
7,5,5,2,clustered,8,random,fifo,104,119.0
7,5,5,2,clustered,8,random,fifo,105,128.0
7,5,5,2,clustered,8,random,fifo,106,133.0
7,5,5,2,clustered,8,random,fifo,107,187.0
7,5,5,2,clustered,8,random,fifo,108,143.0
7,5,5,2,clustered,8,random,fifo,109,149.0
7,5,5,2,clustered,8,random,fifo,110,212.0
7,5,5,2,clustered,8,random,fifo,111,163.0
7,5,5,2,clustered,8,random,fifo,112,139.0
7,5,5,2,clustered,8,random,fifo,113,124.0
7,5,5,2,clustered,8,random,fifo,114,129.0
7,5,5,2,clustered,8,random,fifo,115,133.0
7,5,5,2,clustered,8,random,fifo,116,163.0
7,5,5,2,clustered,8,random,fifo,117,105.0
7,5,5,2,clustered,8,random,fifo,118,153.0
7,5,5,2,clustered,8,random,fifo,119,95.0
7,5,5,2,clustered,8,random,fifo,120,167.0
7,5,5,2,clustered,8,random,fifo,121,120.0
7,5,5,2,clustered,8,random,fifo,122,128.0
7,5,5,2,clustered,8,random,fifo,123,217.0
7,5,5,2,clustered,8,random,fifo,124,158.0
7,5,5,2,clustered,8,random,fifo,125,123.0
7,5,5,2,clustered,8,random,fifo,126,95.0
7,5,5,2,clustered,8,random,fifo,127,168.0
7,5,5,2,clustered,8,random,fifo,128,162.0
7,5,5,2,clustered,8,random,fifo,129,100.0
7,5,5,2,clustered,8,random,fifo,130,185.0
7,5,5,2,clustered,8,random,fifo,131,86.0
7,5,5,2,clustered,8,random,fifo,132,187.0
7,5,5,2,clustered,8,random,fifo,133,110.0
7,5,5,2,clustered,8,random,fifo,134,154.0
7,5,5,2,clustered,8,random,fifo,135,134.0
7,5,5,2,clustered,8,random,fifo,136,149.0
7,5,5,2,clustered,8,random,fifo,137,133.0
7,5,5,2,clustered,8,random,fifo,138,124.0
7,5,5,2,clustered,8,random,fifo,139,104.0
7,5,5,2,clustered,8,random,fifo,140,202.0
7,5,5,2,clustered,8,random,fifo,141,162.0
7,5,5,2,clustered,8,random,fifo,142,128.0
7,5,5,2,clustered,8,random,fifo,143,114.0
7,5,5,2,clustered,8,random,fifo,144,149.0
7,5,5,2,clustered,8,random,fifo,145,139.0
7,5,5,2,clustered,8,random,fifo,146,212.0
7,5,5,2,clustered,8,random,fifo,147,157.0
7,5,5,2,clustered,8,random,fifo,148,124.0
7,5,5,2,clustered,8,random,fifo,149,183.0
7,5,5,2,clustered,8,random,fifo,150,138.0
7,5,5,2,clustered,8,random,fifo,151,143.0
7,5,5,2,clustered,8,random,fifo,152,134.0
7,5,5,2,clustered,8,random,fifo,153,130.0
7,5,5,2,clustered,8,random,fifo,154,192.0
7,5,5,2,clustered,8,random,fifo,155,95.0
7,5,5,2,clustered,8,random,fifo,156,152.0
7,5,5,2,clustered,8,random,fifo,157,123.0
7,5,5,2,clustered,8,random,fifo,158,124.0
7,5,5,2,clustered,8,random,fifo,159,206.0
7,5,5,2,clustered,8,random,fifo,160,142.0
7,5,5,2,clustered,8,random,fifo,161,192.0
7,5,5,2,clustered,8,random,fifo,162,134.0
7,5,5,2,clustered,8,random,fifo,163,130.0
7,5,5,2,clustered,8,random,fifo,164,143.0
7,5,5,2,clustered,8,random,fifo,165,171.0
7,5,5,2,clustered,8,random,fifo,166,133.0
7,5,5,2,clustered,8,random,fifo,167,158.0
7,5,5,2,clustered,8,random,fifo,168,197.0
7,5,5,2,clustered,8,random,fifo,169,119.0
7,5,5,2,clustered,8,random,fifo,170,115.0
7,5,5,2,clustered,8,random,fifo,171,149.0
7,5,5,2,clustered,8,random,fifo,172,148.0
7,5,5,2,clustered,8,random,fifo,173,177.0
7,5,5,2,clustered,8,random,fifo,174,149.0
7,5,5,2,clustered,8,random,fifo,175,110.0
7,5,5,2,clustered,8,random,fifo,176,159.0
7,5,5,2,clustered,8,random,fifo,177,101.0
7,5,5,2,clustered,8,random,fifo,178,198.0
7,5,5,2,clustered,8,random,fifo,179,130.0
7,5,5,2,clustered,8,random,fifo,180,134.0
7,5,5,2,clustered,8,random,fifo,181,124.0
7,5,5,2,clustered,8,random,fifo,182,144.0
7,5,5,2,clustered,8,random,fifo,183,196.0
7,5,5,2,clustered,8,random,fifo,184,153.0
7,5,5,2,clustered,8,random,fifo,185,163.0
7,5,5,2,clustered,8,random,fifo,186,139.0
7,5,5,2,clustered,8,random,fifo,187,147.0
7,5,5,2,clustered,8,random,fifo,188,91.0
7,5,5,2,clustered,8,random,fifo,189,177.0
7,5,5,2,clustered,8,random,fifo,190,212.0
7,5,5,2,clustered,8,random,fifo,191,124.0
7,5,5,2,clustered,8,random,fifo,192,129.0
7,5,5,2,clustered,8,random,fifo,193,162.0
7,5,5,2,clustered,8,random,fifo,194,155.0
7,5,5,2,clustered,8,random,fifo,195,171.0
7,5,5,2,clustered,8,random,fifo,196,188.0
7,5,5,2,clustered,8,random,fifo,197,115.0
7,5,5,2,clustered,8,random,fifo,198,129.0
7,5,5,2,clustered,8,random,fifo,199,158.0
7,5,5,2,clustered,8,random,cluster,0,77.0
7,5,5,2,clustered,8,random,cluster,1,115.0
7,5,5,2,clustered,8,random,cluster,2,153.0
7,5,5,2,clustered,8,random,cluster,3,90.0
7,5,5,2,clustered,8,random,cluster,4,174.0
7,5,5,2,clustered,8,random,cluster,5,81.0
7,5,5,2,clustered,8,random,cluster,6,111.0
7,5,5,2,clustered,8,random,cluster,7,172.0
7,5,5,2,clustered,8,random,cluster,8,105.0
7,5,5,2,clustered,8,random,cluster,9,173.0
7,5,5,2,clustered,8,random,cluster,10,110.0
7,5,5,2,clustered,8,random,cluster,11,154.0
7,5,5,2,clustered,8,random,cluster,12,125.0
7,5,5,2,clustered,8,random,cluster,13,134.0
7,5,5,2,clustered,8,random,cluster,14,85.0
7,5,5,2,clustered,8,random,cluster,15,155.0
7,5,5,2,clustered,8,random,cluster,16,130.0
7,5,5,2,clustered,8,random,cluster,17,172.0
7,5,5,2,clustered,8,random,cluster,18,130.0
7,5,5,2,clustered,8,random,cluster,19,139.0
7,5,5,2,clustered,8,random,cluster,20,192.0
7,5,5,2,clustered,8,random,cluster,21,100.0
7,5,5,2,clustered,8,random,cluster,22,138.0
7,5,5,2,clustered,8,random,cluster,23,115.0
7,5,5,2,clustered,8,random,cluster,24,110.0
7,5,5,2,clustered,8,random,cluster,25,188.0
7,5,5,2,clustered,8,random,cluster,26,139.0
7,5,5,2,clustered,8,random,cluster,27,145.0
7,5,5,2,clustered,8,random,cluster,28,167.0
7,5,5,2,clustered,8,random,cluster,29,91.0
7,5,5,2,clustered,8,random,cluster,30,135.0
7,5,5,2,clustered,8,random,cluster,31,158.0
7,5,5,2,clustered,8,random,cluster,32,178.0
7,5,5,2,clustered,8,random,cluster,33,105.0
7,5,5,2,clustered,8,random,cluster,34,90.0
7,5,5,2,clustered,8,random,cluster,35,95.0
7,5,5,2,clustered,8,random,cluster,36,139.0
7,5,5,2,clustered,8,random,cluster,37,138.0
7,5,5,2,clustered,8,random,cluster,38,192.0
7,5,5,2,clustered,8,random,cluster,39,109.0
7,5,5,2,clustered,8,random,cluster,40,159.0
7,5,5,2,clustered,8,random,cluster,41,66.0
7,5,5,2,clustered,8,random,cluster,42,110.0
7,5,5,2,clustered,8,random,cluster,43,52.0
7,5,5,2,clustered,8,random,cluster,44,119.0
7,5,5,2,clustered,8,random,cluster,45,167.0
7,5,5,2,clustered,8,random,cluster,46,100.0
7,5,5,2,clustered,8,random,cluster,47,158.0
7,5,5,2,clustered,8,random,cluster,48,142.0
7,5,5,2,clustered,8,random,cluster,49,149.0
7,5,5,2,clustered,8,random,cluster,50,187.0
7,5,5,2,clustered,8,random,cluster,51,144.0
7,5,5,2,clustered,8,random,cluster,52,104.0
7,5,5,2,clustered,8,random,cluster,53,105.0
7,5,5,2,clustered,8,random,cluster,54,133.0
7,5,5,2,clustered,8,random,cluster,55,115.0
7,5,5,2,clustered,8,random,cluster,56,130.0
7,5,5,2,clustered,8,random,cluster,57,86.0
7,5,5,2,clustered,8,random,cluster,58,172.0
7,5,5,2,clustered,8,random,cluster,59,95.0
7,5,5,2,clustered,8,random,cluster,60,86.0
7,5,5,2,clustered,8,random,cluster,61,100.0
7,5,5,2,clustered,8,random,cluster,62,120.0
7,5,5,2,clustered,8,random,cluster,63,86.0
7,5,5,2,clustered,8,random,cluster,64,203.0
7,5,5,2,clustered,8,random,cluster,65,206.0
7,5,5,2,clustered,8,random,cluster,66,134.0
7,5,5,2,clustered,8,random,cluster,67,144.0
7,5,5,2,clustered,8,random,cluster,68,135.0
7,5,5,2,clustered,8,random,cluster,69,85.0
7,5,5,2,clustered,8,random,cluster,70,90.0
7,5,5,2,clustered,8,random,cluster,71,95.0
7,5,5,2,clustered,8,random,cluster,72,129.0
7,5,5,2,clustered,8,random,cluster,73,100.0
7,5,5,2,clustered,8,random,cluster,74,133.0
7,5,5,2,clustered,8,random,cluster,75,133.0
7,5,5,2,clustered,8,random,cluster,76,124.0
7,5,5,2,clustered,8,random,cluster,77,119.0
7,5,5,2,clustered,8,random,cluster,78,207.0
7,5,5,2,clustered,8,random,cluster,79,100.0
7,5,5,2,clustered,8,random,cluster,80,71.0
7,5,5,2,clustered,8,random,cluster,81,198.0
7,5,5,2,clustered,8,random,cluster,82,130.0
7,5,5,2,clustered,8,random,cluster,83,163.0
7,5,5,2,clustered,8,random,cluster,84,144.0
7,5,5,2,clustered,8,random,cluster,85,95.0
7,5,5,2,clustered,8,random,cluster,86,133.0
7,5,5,2,clustered,8,random,cluster,87,158.0
7,5,5,2,clustered,8,random,cluster,88,168.0
7,5,5,2,clustered,8,random,cluster,89,119.0
7,5,5,2,clustered,8,random,cluster,90,206.0
7,5,5,2,clustered,8,random,cluster,91,168.0
7,5,5,2,clustered,8,random,cluster,92,165.0
7,5,5,2,clustered,8,random,cluster,93,158.0
7,5,5,2,clustered,8,random,cluster,94,115.0
7,5,5,2,clustered,8,random,cluster,95,135.0
7,5,5,2,clustered,8,random,cluster,96,182.0
7,5,5,2,clustered,8,random,cluster,97,84.0
7,5,5,2,clustered,8,random,cluster,98,76.0
7,5,5,2,clustered,8,random,cluster,99,168.0
7,5,5,2,clustered,8,random,cluster,100,158.0
7,5,5,2,clustered,8,random,cluster,101,144.0
7,5,5,2,clustered,8,random,cluster,102,149.0
7,5,5,2,clustered,8,random,cluster,103,148.0
7,5,5,2,clustered,8,random,cluster,104,153.0
7,5,5,2,clustered,8,random,cluster,105,95.0
7,5,5,2,clustered,8,random,cluster,106,177.0
7,5,5,2,clustered,8,random,cluster,107,198.0
7,5,5,2,clustered,8,random,cluster,108,138.0
7,5,5,2,clustered,8,random,cluster,109,124.0
7,5,5,2,clustered,8,random,cluster,110,144.0
7,5,5,2,clustered,8,random,cluster,111,119.0
7,5,5,2,clustered,8,random,cluster,112,115.0
7,5,5,2,clustered,8,random,cluster,113,95.0
7,5,5,2,clustered,8,random,cluster,114,158.0
7,5,5,2,clustered,8,random,cluster,115,134.0
7,5,5,2,clustered,8,random,cluster,116,129.0
7,5,5,2,clustered,8,random,cluster,117,100.0
7,5,5,2,clustered,8,random,cluster,118,120.0
7,5,5,2,clustered,8,random,cluster,119,139.0
7,5,5,2,clustered,8,random,cluster,120,153.0
7,5,5,2,clustered,8,random,cluster,121,86.0
7,5,5,2,clustered,8,random,cluster,122,162.0
7,5,5,2,clustered,8,random,cluster,123,158.0
7,5,5,2,clustered,8,random,cluster,124,177.0
7,5,5,2,clustered,8,random,cluster,125,129.0
7,5,5,2,clustered,8,random,cluster,126,115.0
7,5,5,2,clustered,8,random,cluster,127,134.0
7,5,5,2,clustered,8,random,cluster,128,163.0
7,5,5,2,clustered,8,random,cluster,129,129.0
7,5,5,2,clustered,8,random,cluster,130,158.0
7,5,5,2,clustered,8,random,cluster,131,66.0
7,5,5,2,clustered,8,random,cluster,132,148.0
7,5,5,2,clustered,8,random,cluster,133,105.0
7,5,5,2,clustered,8,random,cluster,134,130.0
7,5,5,2,clustered,8,random,cluster,135,115.0
7,5,5,2,clustered,8,random,cluster,136,111.0
7,5,5,2,clustered,8,random,cluster,137,114.0
7,5,5,2,clustered,8,random,cluster,138,129.0
7,5,5,2,clustered,8,random,cluster,139,71.0
7,5,5,2,clustered,8,random,cluster,140,134.0
7,5,5,2,clustered,8,random,cluster,141,139.0
7,5,5,2,clustered,8,random,cluster,142,128.0
7,5,5,2,clustered,8,random,cluster,143,110.0
7,5,5,2,clustered,8,random,cluster,144,95.0
7,5,5,2,clustered,8,random,cluster,145,144.0
7,5,5,2,clustered,8,random,cluster,146,144.0
7,5,5,2,clustered,8,random,cluster,147,134.0
7,5,5,2,clustered,8,random,cluster,148,139.0
7,5,5,2,clustered,8,random,cluster,149,183.0
7,5,5,2,clustered,8,random,cluster,150,138.0
7,5,5,2,clustered,8,random,cluster,151,100.0
7,5,5,2,clustered,8,random,cluster,152,129.0
7,5,5,2,clustered,8,random,cluster,153,120.0
7,5,5,2,clustered,8,random,cluster,154,154.0
7,5,5,2,clustered,8,random,cluster,155,109.0
7,5,5,2,clustered,8,random,cluster,156,149.0
7,5,5,2,clustered,8,random,cluster,157,157.0
7,5,5,2,clustered,8,random,cluster,158,71.0
7,5,5,2,clustered,8,random,cluster,159,172.0
7,5,5,2,clustered,8,random,cluster,160,100.0
7,5,5,2,clustered,8,random,cluster,161,119.0
7,5,5,2,clustered,8,random,cluster,162,115.0
7,5,5,2,clustered,8,random,cluster,163,110.0
7,5,5,2,clustered,8,random,cluster,164,139.0
7,5,5,2,clustered,8,random,cluster,165,114.0
7,5,5,2,clustered,8,random,cluster,166,134.0
7,5,5,2,clustered,8,random,cluster,167,143.0
7,5,5,2,clustered,8,random,cluster,168,193.0
7,5,5,2,clustered,8,random,cluster,169,100.0
7,5,5,2,clustered,8,random,cluster,170,125.0
7,5,5,2,clustered,8,random,cluster,171,192.0
7,5,5,2,clustered,8,random,cluster,172,139.0
7,5,5,2,clustered,8,random,cluster,173,154.0
7,5,5,2,clustered,8,random,cluster,174,168.0
7,5,5,2,clustered,8,random,cluster,175,85.0
7,5,5,2,clustered,8,random,cluster,176,138.0
7,5,5,2,clustered,8,random,cluster,177,96.0
7,5,5,2,clustered,8,random,cluster,178,203.0
7,5,5,2,clustered,8,random,cluster,179,124.0
7,5,5,2,clustered,8,random,cluster,180,189.0
7,5,5,2,clustered,8,random,cluster,181,104.0
7,5,5,2,clustered,8,random,cluster,182,144.0
7,5,5,2,clustered,8,random,cluster,183,177.0
7,5,5,2,clustered,8,random,cluster,184,120.0
7,5,5,2,clustered,8,random,cluster,185,144.0
7,5,5,2,clustered,8,random,cluster,186,149.0
7,5,5,2,clustered,8,random,cluster,187,139.0
7,5,5,2,clustered,8,random,cluster,188,96.0
7,5,5,2,clustered,8,random,cluster,189,168.0
7,5,5,2,clustered,8,random,cluster,190,178.0
7,5,5,2,clustered,8,random,cluster,191,124.0
7,5,5,2,clustered,8,random,cluster,192,133.0
7,5,5,2,clustered,8,random,cluster,193,168.0
7,5,5,2,clustered,8,random,cluster,194,120.0
7,5,5,2,clustered,8,random,cluster,195,147.0
7,5,5,2,clustered,8,random,cluster,196,168.0
7,5,5,2,clustered,8,random,cluster,197,183.0
7,5,5,2,clustered,8,random,cluster,198,202.0
7,5,5,2,clustered,8,random,cluster,199,96.0
7,5,5,2,clustered,8,phi_corner,fifo,0,95.0
7,5,5,2,clustered,8,phi_corner,fifo,1,130.0
7,5,5,2,clustered,8,phi_corner,fifo,2,149.0
7,5,5,2,clustered,8,phi_corner,fifo,3,143.0
7,5,5,2,clustered,8,phi_corner,fifo,4,115.0
7,5,5,2,clustered,8,phi_corner,fifo,5,139.0
7,5,5,2,clustered,8,phi_corner,fifo,6,116.0
7,5,5,2,clustered,8,phi_corner,fifo,7,119.0
7,5,5,2,clustered,8,phi_corner,fifo,8,132.0
7,5,5,2,clustered,8,phi_corner,fifo,9,130.0
7,5,5,2,clustered,8,phi_corner,fifo,10,127.0
7,5,5,2,clustered,8,phi_corner,fifo,11,96.0
7,5,5,2,clustered,8,phi_corner,fifo,12,114.0
7,5,5,2,clustered,8,phi_corner,fifo,13,100.0
7,5,5,2,clustered,8,phi_corner,fifo,14,115.0
7,5,5,2,clustered,8,phi_corner,fifo,15,154.0
7,5,5,2,clustered,8,phi_corner,fifo,16,167.0
7,5,5,2,clustered,8,phi_corner,fifo,17,159.0
7,5,5,2,clustered,8,phi_corner,fifo,18,96.0
7,5,5,2,clustered,8,phi_corner,fifo,19,134.0
7,5,5,2,clustered,8,phi_corner,fifo,20,110.0
7,5,5,2,clustered,8,phi_corner,fifo,21,81.0
7,5,5,2,clustered,8,phi_corner,fifo,22,129.0
7,5,5,2,clustered,8,phi_corner,fifo,23,111.0
7,5,5,2,clustered,8,phi_corner,fifo,24,71.0
7,5,5,2,clustered,8,phi_corner,fifo,25,96.0
7,5,5,2,clustered,8,phi_corner,fifo,26,104.0
7,5,5,2,clustered,8,phi_corner,fifo,27,114.0
7,5,5,2,clustered,8,phi_corner,fifo,28,158.0
7,5,5,2,clustered,8,phi_corner,fifo,29,105.0
7,5,5,2,clustered,8,phi_corner,fifo,30,120.0
7,5,5,2,clustered,8,phi_corner,fifo,31,163.0
7,5,5,2,clustered,8,phi_corner,fifo,32,81.0
7,5,5,2,clustered,8,phi_corner,fifo,33,139.0
7,5,5,2,clustered,8,phi_corner,fifo,34,116.0
7,5,5,2,clustered,8,phi_corner,fifo,35,90.0
7,5,5,2,clustered,8,phi_corner,fifo,36,128.0
7,5,5,2,clustered,8,phi_corner,fifo,37,129.0
7,5,5,2,clustered,8,phi_corner,fifo,38,96.0
7,5,5,2,clustered,8,phi_corner,fifo,39,96.0
7,5,5,2,clustered,8,phi_corner,fifo,40,115.0
7,5,5,2,clustered,8,phi_corner,fifo,41,158.0
7,5,5,2,clustered,8,phi_corner,fifo,42,124.0
7,5,5,2,clustered,8,phi_corner,fifo,43,183.0
7,5,5,2,clustered,8,phi_corner,fifo,44,95.0
7,5,5,2,clustered,8,phi_corner,fifo,45,81.0
7,5,5,2,clustered,8,phi_corner,fifo,46,91.0
7,5,5,2,clustered,8,phi_corner,fifo,47,79.0
7,5,5,2,clustered,8,phi_corner,fifo,48,119.0
7,5,5,2,clustered,8,phi_corner,fifo,49,163.0
7,5,5,2,clustered,8,phi_corner,fifo,50,105.0
7,5,5,2,clustered,8,phi_corner,fifo,51,157.0
7,5,5,2,clustered,8,phi_corner,fifo,52,125.0
7,5,5,2,clustered,8,phi_corner,fifo,53,158.0
7,5,5,2,clustered,8,phi_corner,fifo,54,124.0
7,5,5,2,clustered,8,phi_corner,fifo,55,202.0
7,5,5,2,clustered,8,phi_corner,fifo,56,147.0
7,5,5,2,clustered,8,phi_corner,fifo,57,110.0
7,5,5,2,clustered,8,phi_corner,fifo,58,90.0
7,5,5,2,clustered,8,phi_corner,fifo,59,82.0
7,5,5,2,clustered,8,phi_corner,fifo,60,90.0
7,5,5,2,clustered,8,phi_corner,fifo,61,124.0
7,5,5,2,clustered,8,phi_corner,fifo,62,129.0
7,5,5,2,clustered,8,phi_corner,fifo,63,139.0
7,5,5,2,clustered,8,phi_corner,fifo,64,129.0
7,5,5,2,clustered,8,phi_corner,fifo,65,124.0
7,5,5,2,clustered,8,phi_corner,fifo,66,178.0
7,5,5,2,clustered,8,phi_corner,fifo,67,91.0
7,5,5,2,clustered,8,phi_corner,fifo,68,153.0
7,5,5,2,clustered,8,phi_corner,fifo,69,91.0
7,5,5,2,clustered,8,phi_corner,fifo,70,130.0
7,5,5,2,clustered,8,phi_corner,fifo,71,130.0
7,5,5,2,clustered,8,phi_corner,fifo,72,119.0
7,5,5,2,clustered,8,phi_corner,fifo,73,96.0
7,5,5,2,clustered,8,phi_corner,fifo,74,71.0
7,5,5,2,clustered,8,phi_corner,fifo,75,182.0
7,5,5,2,clustered,8,phi_corner,fifo,76,82.0
7,5,5,2,clustered,8,phi_corner,fifo,77,138.0
7,5,5,2,clustered,8,phi_corner,fifo,78,81.0
7,5,5,2,clustered,8,phi_corner,fifo,79,118.0
7,5,5,2,clustered,8,phi_corner,fifo,80,237.0
7,5,5,2,clustered,8,phi_corner,fifo,81,109.0
7,5,5,2,clustered,8,phi_corner,fifo,82,99.0
7,5,5,2,clustered,8,phi_corner,fifo,83,90.0
7,5,5,2,clustered,8,phi_corner,fifo,84,106.0
7,5,5,2,clustered,8,phi_corner,fifo,85,94.0
7,5,5,2,clustered,8,phi_corner,fifo,86,143.0
7,5,5,2,clustered,8,phi_corner,fifo,87,159.0
7,5,5,2,clustered,8,phi_corner,fifo,88,120.0
7,5,5,2,clustered,8,phi_corner,fifo,89,167.0
7,5,5,2,clustered,8,phi_corner,fifo,90,125.0
7,5,5,2,clustered,8,phi_corner,fifo,91,119.0
7,5,5,2,clustered,8,phi_corner,fifo,92,135.0
7,5,5,2,clustered,8,phi_corner,fifo,93,90.0
7,5,5,2,clustered,8,phi_corner,fifo,94,119.0
7,5,5,2,clustered,8,phi_corner,fifo,95,108.0
7,5,5,2,clustered,8,phi_corner,fifo,96,62.0
7,5,5,2,clustered,8,phi_corner,fifo,97,143.0
7,5,5,2,clustered,8,phi_corner,fifo,98,124.0
7,5,5,2,clustered,8,phi_corner,fifo,99,149.0
7,5,5,2,clustered,8,phi_corner,fifo,100,237.0
7,5,5,2,clustered,8,phi_corner,fifo,101,104.0
7,5,5,2,clustered,8,phi_corner,fifo,102,120.0
7,5,5,2,clustered,8,phi_corner,fifo,103,110.0
7,5,5,2,clustered,8,phi_corner,fifo,104,138.0
7,5,5,2,clustered,8,phi_corner,fifo,105,121.0
7,5,5,2,clustered,8,phi_corner,fifo,106,85.0
7,5,5,2,clustered,8,phi_corner,fifo,107,183.0
7,5,5,2,clustered,8,phi_corner,fifo,108,167.0
7,5,5,2,clustered,8,phi_corner,fifo,109,162.0
7,5,5,2,clustered,8,phi_corner,fifo,110,119.0
7,5,5,2,clustered,8,phi_corner,fifo,111,212.0
7,5,5,2,clustered,8,phi_corner,fifo,112,145.0
7,5,5,2,clustered,8,phi_corner,fifo,113,124.0
7,5,5,2,clustered,8,phi_corner,fifo,114,86.0
7,5,5,2,clustered,8,phi_corner,fifo,115,90.0
7,5,5,2,clustered,8,phi_corner,fifo,116,119.0
7,5,5,2,clustered,8,phi_corner,fifo,117,129.0
7,5,5,2,clustered,8,phi_corner,fifo,118,110.0
7,5,5,2,clustered,8,phi_corner,fifo,119,81.0
7,5,5,2,clustered,8,phi_corner,fifo,120,81.0
7,5,5,2,clustered,8,phi_corner,fifo,121,105.0
7,5,5,2,clustered,8,phi_corner,fifo,122,162.0
7,5,5,2,clustered,8,phi_corner,fifo,123,99.0
7,5,5,2,clustered,8,phi_corner,fifo,124,148.0
7,5,5,2,clustered,8,phi_corner,fifo,125,143.0
7,5,5,2,clustered,8,phi_corner,fifo,126,81.0
7,5,5,2,clustered,8,phi_corner,fifo,127,124.0
7,5,5,2,clustered,8,phi_corner,fifo,128,104.0
7,5,5,2,clustered,8,phi_corner,fifo,129,120.0
7,5,5,2,clustered,8,phi_corner,fifo,130,178.0
7,5,5,2,clustered,8,phi_corner,fifo,131,101.0
7,5,5,2,clustered,8,phi_corner,fifo,132,132.0
7,5,5,2,clustered,8,phi_corner,fifo,133,143.0
7,5,5,2,clustered,8,phi_corner,fifo,134,138.0
7,5,5,2,clustered,8,phi_corner,fifo,135,143.0
7,5,5,2,clustered,8,phi_corner,fifo,136,158.0
7,5,5,2,clustered,8,phi_corner,fifo,137,124.0
7,5,5,2,clustered,8,phi_corner,fifo,138,110.0
7,5,5,2,clustered,8,phi_corner,fifo,139,149.0
7,5,5,2,clustered,8,phi_corner,fifo,140,105.0
7,5,5,2,clustered,8,phi_corner,fifo,141,124.0
7,5,5,2,clustered,8,phi_corner,fifo,142,115.0
7,5,5,2,clustered,8,phi_corner,fifo,143,158.0
7,5,5,2,clustered,8,phi_corner,fifo,144,94.0
7,5,5,2,clustered,8,phi_corner,fifo,145,115.0
7,5,5,2,clustered,8,phi_corner,fifo,146,81.0
7,5,5,2,clustered,8,phi_corner,fifo,147,124.0
7,5,5,2,clustered,8,phi_corner,fifo,148,139.0
7,5,5,2,clustered,8,phi_corner,fifo,149,90.0
7,5,5,2,clustered,8,phi_corner,fifo,150,124.0
7,5,5,2,clustered,8,phi_corner,fifo,151,124.0
7,5,5,2,clustered,8,phi_corner,fifo,152,101.0
7,5,5,2,clustered,8,phi_corner,fifo,153,100.0
7,5,5,2,clustered,8,phi_corner,fifo,154,134.0
7,5,5,2,clustered,8,phi_corner,fifo,155,143.0
7,5,5,2,clustered,8,phi_corner,fifo,156,139.0
7,5,5,2,clustered,8,phi_corner,fifo,157,163.0
7,5,5,2,clustered,8,phi_corner,fifo,158,138.0
7,5,5,2,clustered,8,phi_corner,fifo,159,100.0
7,5,5,2,clustered,8,phi_corner,fifo,160,104.0
7,5,5,2,clustered,8,phi_corner,fifo,161,62.0
7,5,5,2,clustered,8,phi_corner,fifo,162,179.0
7,5,5,2,clustered,8,phi_corner,fifo,163,96.0
7,5,5,2,clustered,8,phi_corner,fifo,164,115.0
7,5,5,2,clustered,8,phi_corner,fifo,165,154.0
7,5,5,2,clustered,8,phi_corner,fifo,166,96.0
7,5,5,2,clustered,8,phi_corner,fifo,167,116.0
7,5,5,2,clustered,8,phi_corner,fifo,168,124.0
7,5,5,2,clustered,8,phi_corner,fifo,169,143.0
7,5,5,2,clustered,8,phi_corner,fifo,170,158.0
7,5,5,2,clustered,8,phi_corner,fifo,171,148.0
7,5,5,2,clustered,8,phi_corner,fifo,172,105.0
7,5,5,2,clustered,8,phi_corner,fifo,173,76.0
7,5,5,2,clustered,8,phi_corner,fifo,174,114.0
7,5,5,2,clustered,8,phi_corner,fifo,175,178.0
7,5,5,2,clustered,8,phi_corner,fifo,176,120.0
7,5,5,2,clustered,8,phi_corner,fifo,177,133.0
7,5,5,2,clustered,8,phi_corner,fifo,178,53.0
7,5,5,2,clustered,8,phi_corner,fifo,179,152.0
7,5,5,2,clustered,8,phi_corner,fifo,180,66.0
7,5,5,2,clustered,8,phi_corner,fifo,181,94.0
7,5,5,2,clustered,8,phi_corner,fifo,182,110.0
7,5,5,2,clustered,8,phi_corner,fifo,183,134.0
7,5,5,2,clustered,8,phi_corner,fifo,184,130.0
7,5,5,2,clustered,8,phi_corner,fifo,185,91.0
7,5,5,2,clustered,8,phi_corner,fifo,186,89.0
7,5,5,2,clustered,8,phi_corner,fifo,187,62.0
7,5,5,2,clustered,8,phi_corner,fifo,188,105.0
7,5,5,2,clustered,8,phi_corner,fifo,189,111.0
7,5,5,2,clustered,8,phi_corner,fifo,190,119.0
7,5,5,2,clustered,8,phi_corner,fifo,191,95.0
7,5,5,2,clustered,8,phi_corner,fifo,192,90.0
7,5,5,2,clustered,8,phi_corner,fifo,193,113.0
7,5,5,2,clustered,8,phi_corner,fifo,194,81.0
7,5,5,2,clustered,8,phi_corner,fifo,195,124.0
7,5,5,2,clustered,8,phi_corner,fifo,196,119.0
7,5,5,2,clustered,8,phi_corner,fifo,197,124.0
7,5,5,2,clustered,8,phi_corner,fifo,198,163.0
7,5,5,2,clustered,8,phi_corner,fifo,199,124.0
7,5,5,2,clustered,8,phi_corner,cluster,0,114.0
7,5,5,2,clustered,8,phi_corner,cluster,1,130.0
7,5,5,2,clustered,8,phi_corner,cluster,2,158.0
7,5,5,2,clustered,8,phi_corner,cluster,3,129.0
7,5,5,2,clustered,8,phi_corner,cluster,4,52.0
7,5,5,2,clustered,8,phi_corner,cluster,5,119.0
7,5,5,2,clustered,8,phi_corner,cluster,6,116.0
7,5,5,2,clustered,8,phi_corner,cluster,7,124.0
7,5,5,2,clustered,8,phi_corner,cluster,8,109.0
7,5,5,2,clustered,8,phi_corner,cluster,9,62.0
7,5,5,2,clustered,8,phi_corner,cluster,10,81.0
7,5,5,2,clustered,8,phi_corner,cluster,11,119.0
7,5,5,2,clustered,8,phi_corner,cluster,12,105.0
7,5,5,2,clustered,8,phi_corner,cluster,13,148.0
7,5,5,2,clustered,8,phi_corner,cluster,14,115.0
7,5,5,2,clustered,8,phi_corner,cluster,15,105.0
7,5,5,2,clustered,8,phi_corner,cluster,16,143.0
7,5,5,2,clustered,8,phi_corner,cluster,17,116.0
7,5,5,2,clustered,8,phi_corner,cluster,18,77.0
7,5,5,2,clustered,8,phi_corner,cluster,19,128.0
7,5,5,2,clustered,8,phi_corner,cluster,20,124.0
7,5,5,2,clustered,8,phi_corner,cluster,21,129.0
7,5,5,2,clustered,8,phi_corner,cluster,22,95.0
7,5,5,2,clustered,8,phi_corner,cluster,23,120.0
7,5,5,2,clustered,8,phi_corner,cluster,24,67.0
7,5,5,2,clustered,8,phi_corner,cluster,25,115.0
7,5,5,2,clustered,8,phi_corner,cluster,26,120.0
7,5,5,2,clustered,8,phi_corner,cluster,27,85.0
7,5,5,2,clustered,8,phi_corner,cluster,28,149.0
7,5,5,2,clustered,8,phi_corner,cluster,29,129.0
7,5,5,2,clustered,8,phi_corner,cluster,30,76.0
7,5,5,2,clustered,8,phi_corner,cluster,31,105.0
7,5,5,2,clustered,8,phi_corner,cluster,32,124.0
7,5,5,2,clustered,8,phi_corner,cluster,33,149.0
7,5,5,2,clustered,8,phi_corner,cluster,34,116.0
7,5,5,2,clustered,8,phi_corner,cluster,35,134.0
7,5,5,2,clustered,8,phi_corner,cluster,36,105.0
7,5,5,2,clustered,8,phi_corner,cluster,37,105.0
7,5,5,2,clustered,8,phi_corner,cluster,38,119.0
7,5,5,2,clustered,8,phi_corner,cluster,39,77.0
7,5,5,2,clustered,8,phi_corner,cluster,40,85.0
7,5,5,2,clustered,8,phi_corner,cluster,41,168.0
7,5,5,2,clustered,8,phi_corner,cluster,42,111.0
7,5,5,2,clustered,8,phi_corner,cluster,43,134.0
7,5,5,2,clustered,8,phi_corner,cluster,44,90.0
7,5,5,2,clustered,8,phi_corner,cluster,45,81.0
7,5,5,2,clustered,8,phi_corner,cluster,46,106.0
7,5,5,2,clustered,8,phi_corner,cluster,47,104.0
7,5,5,2,clustered,8,phi_corner,cluster,48,100.0
7,5,5,2,clustered,8,phi_corner,cluster,49,115.0
7,5,5,2,clustered,8,phi_corner,cluster,50,61.0
7,5,5,2,clustered,8,phi_corner,cluster,51,109.0
7,5,5,2,clustered,8,phi_corner,cluster,52,86.0
7,5,5,2,clustered,8,phi_corner,cluster,53,96.0
7,5,5,2,clustered,8,phi_corner,cluster,54,120.0
7,5,5,2,clustered,8,phi_corner,cluster,55,139.0
7,5,5,2,clustered,8,phi_corner,cluster,56,139.0
7,5,5,2,clustered,8,phi_corner,cluster,57,129.0
7,5,5,2,clustered,8,phi_corner,cluster,58,134.0
7,5,5,2,clustered,8,phi_corner,cluster,59,86.0
7,5,5,2,clustered,8,phi_corner,cluster,60,134.0
7,5,5,2,clustered,8,phi_corner,cluster,61,125.0
7,5,5,2,clustered,8,phi_corner,cluster,62,119.0
7,5,5,2,clustered,8,phi_corner,cluster,63,115.0
7,5,5,2,clustered,8,phi_corner,cluster,64,105.0
7,5,5,2,clustered,8,phi_corner,cluster,65,129.0
7,5,5,2,clustered,8,phi_corner,cluster,66,86.0
7,5,5,2,clustered,8,phi_corner,cluster,67,105.0
7,5,5,2,clustered,8,phi_corner,cluster,68,144.0
7,5,5,2,clustered,8,phi_corner,cluster,69,111.0
7,5,5,2,clustered,8,phi_corner,cluster,70,62.0
7,5,5,2,clustered,8,phi_corner,cluster,71,130.0
7,5,5,2,clustered,8,phi_corner,cluster,72,81.0
7,5,5,2,clustered,8,phi_corner,cluster,73,115.0
7,5,5,2,clustered,8,phi_corner,cluster,74,76.0
7,5,5,2,clustered,8,phi_corner,cluster,75,168.0
7,5,5,2,clustered,8,phi_corner,cluster,76,86.0
7,5,5,2,clustered,8,phi_corner,cluster,77,119.0
7,5,5,2,clustered,8,phi_corner,cluster,78,81.0
7,5,5,2,clustered,8,phi_corner,cluster,79,100.0
7,5,5,2,clustered,8,phi_corner,cluster,80,145.0
7,5,5,2,clustered,8,phi_corner,cluster,81,104.0
7,5,5,2,clustered,8,phi_corner,cluster,82,95.0
7,5,5,2,clustered,8,phi_corner,cluster,83,134.0
7,5,5,2,clustered,8,phi_corner,cluster,84,87.0
7,5,5,2,clustered,8,phi_corner,cluster,85,100.0
7,5,5,2,clustered,8,phi_corner,cluster,86,86.0
7,5,5,2,clustered,8,phi_corner,cluster,87,139.0
7,5,5,2,clustered,8,phi_corner,cluster,88,76.0
7,5,5,2,clustered,8,phi_corner,cluster,89,143.0
7,5,5,2,clustered,8,phi_corner,cluster,90,86.0
7,5,5,2,clustered,8,phi_corner,cluster,91,76.0
7,5,5,2,clustered,8,phi_corner,cluster,92,81.0
7,5,5,2,clustered,8,phi_corner,cluster,93,81.0
7,5,5,2,clustered,8,phi_corner,cluster,94,124.0
7,5,5,2,clustered,8,phi_corner,cluster,95,153.0
7,5,5,2,clustered,8,phi_corner,cluster,96,57.0
7,5,5,2,clustered,8,phi_corner,cluster,97,105.0
7,5,5,2,clustered,8,phi_corner,cluster,98,90.0
7,5,5,2,clustered,8,phi_corner,cluster,99,124.0
7,5,5,2,clustered,8,phi_corner,cluster,100,145.0
7,5,5,2,clustered,8,phi_corner,cluster,101,120.0
7,5,5,2,clustered,8,phi_corner,cluster,102,76.0
7,5,5,2,clustered,8,phi_corner,cluster,103,129.0
7,5,5,2,clustered,8,phi_corner,cluster,104,149.0
7,5,5,2,clustered,8,phi_corner,cluster,105,92.0
7,5,5,2,clustered,8,phi_corner,cluster,106,95.0
7,5,5,2,clustered,8,phi_corner,cluster,107,134.0
7,5,5,2,clustered,8,phi_corner,cluster,108,125.0
7,5,5,2,clustered,8,phi_corner,cluster,109,148.0
7,5,5,2,clustered,8,phi_corner,cluster,110,81.0
7,5,5,2,clustered,8,phi_corner,cluster,111,164.0
7,5,5,2,clustered,8,phi_corner,cluster,112,67.0
7,5,5,2,clustered,8,phi_corner,cluster,113,129.0
7,5,5,2,clustered,8,phi_corner,cluster,114,76.0
7,5,5,2,clustered,8,phi_corner,cluster,115,105.0
7,5,5,2,clustered,8,phi_corner,cluster,116,124.0
7,5,5,2,clustered,8,phi_corner,cluster,117,110.0
7,5,5,2,clustered,8,phi_corner,cluster,118,139.0
7,5,5,2,clustered,8,phi_corner,cluster,119,81.0
7,5,5,2,clustered,8,phi_corner,cluster,120,95.0
7,5,5,2,clustered,8,phi_corner,cluster,121,80.0
7,5,5,2,clustered,8,phi_corner,cluster,122,115.0
7,5,5,2,clustered,8,phi_corner,cluster,123,95.0
7,5,5,2,clustered,8,phi_corner,cluster,124,148.0
7,5,5,2,clustered,8,phi_corner,cluster,125,129.0
7,5,5,2,clustered,8,phi_corner,cluster,126,81.0
7,5,5,2,clustered,8,phi_corner,cluster,127,104.0
7,5,5,2,clustered,8,phi_corner,cluster,128,105.0
7,5,5,2,clustered,8,phi_corner,cluster,129,76.0
7,5,5,2,clustered,8,phi_corner,cluster,130,86.0
7,5,5,2,clustered,8,phi_corner,cluster,131,57.0
7,5,5,2,clustered,8,phi_corner,cluster,132,109.0
7,5,5,2,clustered,8,phi_corner,cluster,133,129.0
7,5,5,2,clustered,8,phi_corner,cluster,134,93.0
7,5,5,2,clustered,8,phi_corner,cluster,135,129.0
7,5,5,2,clustered,8,phi_corner,cluster,136,192.0
7,5,5,2,clustered,8,phi_corner,cluster,137,101.0
7,5,5,2,clustered,8,phi_corner,cluster,138,110.0
7,5,5,2,clustered,8,phi_corner,cluster,139,154.0
7,5,5,2,clustered,8,phi_corner,cluster,140,57.0
7,5,5,2,clustered,8,phi_corner,cluster,141,110.0
7,5,5,2,clustered,8,phi_corner,cluster,142,115.0
7,5,5,2,clustered,8,phi_corner,cluster,143,91.0
7,5,5,2,clustered,8,phi_corner,cluster,144,134.0
7,5,5,2,clustered,8,phi_corner,cluster,145,52.0
7,5,5,2,clustered,8,phi_corner,cluster,146,81.0
7,5,5,2,clustered,8,phi_corner,cluster,147,105.0
7,5,5,2,clustered,8,phi_corner,cluster,148,81.0
7,5,5,2,clustered,8,phi_corner,cluster,149,134.0
7,5,5,2,clustered,8,phi_corner,cluster,150,110.0
7,5,5,2,clustered,8,phi_corner,cluster,151,111.0
7,5,5,2,clustered,8,phi_corner,cluster,152,57.0
7,5,5,2,clustered,8,phi_corner,cluster,153,125.0
7,5,5,2,clustered,8,phi_corner,cluster,154,115.0
7,5,5,2,clustered,8,phi_corner,cluster,155,86.0
7,5,5,2,clustered,8,phi_corner,cluster,156,149.0
7,5,5,2,clustered,8,phi_corner,cluster,157,115.0
7,5,5,2,clustered,8,phi_corner,cluster,158,119.0
7,5,5,2,clustered,8,phi_corner,cluster,159,115.0
7,5,5,2,clustered,8,phi_corner,cluster,160,95.0
7,5,5,2,clustered,8,phi_corner,cluster,161,57.0
7,5,5,2,clustered,8,phi_corner,cluster,162,173.0
7,5,5,2,clustered,8,phi_corner,cluster,163,86.0
7,5,5,2,clustered,8,phi_corner,cluster,164,139.0
7,5,5,2,clustered,8,phi_corner,cluster,165,124.0
7,5,5,2,clustered,8,phi_corner,cluster,166,86.0
7,5,5,2,clustered,8,phi_corner,cluster,167,116.0
7,5,5,2,clustered,8,phi_corner,cluster,168,105.0
7,5,5,2,clustered,8,phi_corner,cluster,169,139.0
7,5,5,2,clustered,8,phi_corner,cluster,170,96.0
7,5,5,2,clustered,8,phi_corner,cluster,171,130.0
7,5,5,2,clustered,8,phi_corner,cluster,172,129.0
7,5,5,2,clustered,8,phi_corner,cluster,173,81.0
7,5,5,2,clustered,8,phi_corner,cluster,174,163.0
7,5,5,2,clustered,8,phi_corner,cluster,175,86.0
7,5,5,2,clustered,8,phi_corner,cluster,176,105.0
7,5,5,2,clustered,8,phi_corner,cluster,177,134.0
7,5,5,2,clustered,8,phi_corner,cluster,178,57.0
7,5,5,2,clustered,8,phi_corner,cluster,179,119.0
7,5,5,2,clustered,8,phi_corner,cluster,180,76.0
7,5,5,2,clustered,8,phi_corner,cluster,181,76.0
7,5,5,2,clustered,8,phi_corner,cluster,182,110.0
7,5,5,2,clustered,8,phi_corner,cluster,183,145.0
7,5,5,2,clustered,8,phi_corner,cluster,184,62.0
7,5,5,2,clustered,8,phi_corner,cluster,185,81.0
7,5,5,2,clustered,8,phi_corner,cluster,186,110.0
7,5,5,2,clustered,8,phi_corner,cluster,187,57.0
7,5,5,2,clustered,8,phi_corner,cluster,188,58.0
7,5,5,2,clustered,8,phi_corner,cluster,189,120.0
7,5,5,2,clustered,8,phi_corner,cluster,190,105.0
7,5,5,2,clustered,8,phi_corner,cluster,191,76.0
7,5,5,2,clustered,8,phi_corner,cluster,192,81.0
7,5,5,2,clustered,8,phi_corner,cluster,193,105.0
7,5,5,2,clustered,8,phi_corner,cluster,194,95.0
7,5,5,2,clustered,8,phi_corner,cluster,195,104.0
7,5,5,2,clustered,8,phi_corner,cluster,196,120.0
7,5,5,2,clustered,8,phi_corner,cluster,197,158.0
7,5,5,2,clustered,8,phi_corner,cluster,198,100.0
7,5,5,2,clustered,8,phi_corner,cluster,199,101.0
7,5,5,2,clustered,30,random,fifo,0,557.0
7,5,5,2,clustered,30,random,fifo,1,510.0
7,5,5,2,clustered,30,random,fifo,2,487.0
7,5,5,2,clustered,30,random,fifo,3,523.0
7,5,5,2,clustered,30,random,fifo,4,505.0
7,5,5,2,clustered,30,random,fifo,5,439.0
7,5,5,2,clustered,30,random,fifo,6,608.0
7,5,5,2,clustered,30,random,fifo,7,500.0
7,5,5,2,clustered,30,random,fifo,8,570.0
7,5,5,2,clustered,30,random,fifo,9,555.0
7,5,5,2,clustered,30,random,fifo,10,619.0
7,5,5,2,clustered,30,random,fifo,11,508.0
7,5,5,2,clustered,30,random,fifo,12,482.0
7,5,5,2,clustered,30,random,fifo,13,624.0
7,5,5,2,clustered,30,random,fifo,14,448.0
7,5,5,2,clustered,30,random,fifo,15,438.0
7,5,5,2,clustered,30,random,fifo,16,485.0
7,5,5,2,clustered,30,random,fifo,17,600.0
7,5,5,2,clustered,30,random,fifo,18,532.0
7,5,5,2,clustered,30,random,fifo,19,604.0
7,5,5,2,clustered,30,random,fifo,20,589.0
7,5,5,2,clustered,30,random,fifo,21,508.0
7,5,5,2,clustered,30,random,fifo,22,438.0
7,5,5,2,clustered,30,random,fifo,23,526.0
7,5,5,2,clustered,30,random,fifo,24,485.0
7,5,5,2,clustered,30,random,fifo,25,493.0
7,5,5,2,clustered,30,random,fifo,26,455.0
7,5,5,2,clustered,30,random,fifo,27,519.0
7,5,5,2,clustered,30,random,fifo,28,593.0
7,5,5,2,clustered,30,random,fifo,29,443.0
7,5,5,2,clustered,30,random,fifo,30,543.0
7,5,5,2,clustered,30,random,fifo,31,526.0
7,5,5,2,clustered,30,random,fifo,32,457.0
7,5,5,2,clustered,30,random,fifo,33,590.0
7,5,5,2,clustered,30,random,fifo,34,447.0
7,5,5,2,clustered,30,random,fifo,35,589.0
7,5,5,2,clustered,30,random,fifo,36,531.0
7,5,5,2,clustered,30,random,fifo,37,531.0
7,5,5,2,clustered,30,random,fifo,38,477.0
7,5,5,2,clustered,30,random,fifo,39,429.0
7,5,5,2,clustered,30,random,fifo,40,455.0
7,5,5,2,clustered,30,random,fifo,41,482.0
7,5,5,2,clustered,30,random,fifo,42,606.0
7,5,5,2,clustered,30,random,fifo,43,542.0
7,5,5,2,clustered,30,random,fifo,44,481.0
7,5,5,2,clustered,30,random,fifo,45,462.0
7,5,5,2,clustered,30,random,fifo,46,579.0
7,5,5,2,clustered,30,random,fifo,47,504.0
7,5,5,2,clustered,30,random,fifo,48,435.0
7,5,5,2,clustered,30,random,fifo,49,567.0
7,5,5,2,clustered,30,random,fifo,50,492.0
7,5,5,2,clustered,30,random,fifo,51,577.0
7,5,5,2,clustered,30,random,fifo,52,366.0
7,5,5,2,clustered,30,random,fifo,53,554.0
7,5,5,2,clustered,30,random,fifo,54,413.0
7,5,5,2,clustered,30,random,fifo,55,441.0
7,5,5,2,clustered,30,random,fifo,56,619.0
7,5,5,2,clustered,30,random,fifo,57,463.0
7,5,5,2,clustered,30,random,fifo,58,624.0
7,5,5,2,clustered,30,random,fifo,59,494.0
7,5,5,2,clustered,30,random,fifo,60,543.0
7,5,5,2,clustered,30,random,fifo,61,544.0
7,5,5,2,clustered,30,random,fifo,62,436.0
7,5,5,2,clustered,30,random,fifo,63,538.0
7,5,5,2,clustered,30,random,fifo,64,376.0
7,5,5,2,clustered,30,random,fifo,65,500.0
7,5,5,2,clustered,30,random,fifo,66,551.0
7,5,5,2,clustered,30,random,fifo,67,500.0
7,5,5,2,clustered,30,random,fifo,68,538.0
7,5,5,2,clustered,30,random,fifo,69,467.0
7,5,5,2,clustered,30,random,fifo,70,509.0
7,5,5,2,clustered,30,random,fifo,71,425.0
7,5,5,2,clustered,30,random,fifo,72,494.0
7,5,5,2,clustered,30,random,fifo,73,532.0
7,5,5,2,clustered,30,random,fifo,74,623.0
7,5,5,2,clustered,30,random,fifo,75,447.0
7,5,5,2,clustered,30,random,fifo,76,533.0
7,5,5,2,clustered,30,random,fifo,77,531.0
7,5,5,2,clustered,30,random,fifo,78,458.0
7,5,5,2,clustered,30,random,fifo,79,597.0
7,5,5,2,clustered,30,random,fifo,80,517.0
7,5,5,2,clustered,30,random,fifo,81,477.0
7,5,5,2,clustered,30,random,fifo,82,476.0
7,5,5,2,clustered,30,random,fifo,83,550.0
7,5,5,2,clustered,30,random,fifo,84,529.0
7,5,5,2,clustered,30,random,fifo,85,512.0
7,5,5,2,clustered,30,random,fifo,86,588.0
7,5,5,2,clustered,30,random,fifo,87,565.0
7,5,5,2,clustered,30,random,fifo,88,608.0
7,5,5,2,clustered,30,random,fifo,89,555.0
7,5,5,2,clustered,30,random,fifo,90,421.0
7,5,5,2,clustered,30,random,fifo,91,447.0
7,5,5,2,clustered,30,random,fifo,92,415.0
7,5,5,2,clustered,30,random,fifo,93,556.0
7,5,5,2,clustered,30,random,fifo,94,410.0
7,5,5,2,clustered,30,random,fifo,95,565.0
7,5,5,2,clustered,30,random,fifo,96,650.0
7,5,5,2,clustered,30,random,fifo,97,666.0
7,5,5,2,clustered,30,random,fifo,98,458.0
7,5,5,2,clustered,30,random,fifo,99,526.0
7,5,5,2,clustered,30,random,fifo,100,521.0
7,5,5,2,clustered,30,random,fifo,101,583.0
7,5,5,2,clustered,30,random,fifo,102,493.0
7,5,5,2,clustered,30,random,fifo,103,558.0
7,5,5,2,clustered,30,random,fifo,104,589.0
7,5,5,2,clustered,30,random,fifo,105,416.0
7,5,5,2,clustered,30,random,fifo,106,375.0
7,5,5,2,clustered,30,random,fifo,107,622.0
7,5,5,2,clustered,30,random,fifo,108,689.0
7,5,5,2,clustered,30,random,fifo,109,427.0
7,5,5,2,clustered,30,random,fifo,110,591.0
7,5,5,2,clustered,30,random,fifo,111,654.0
7,5,5,2,clustered,30,random,fifo,112,452.0
7,5,5,2,clustered,30,random,fifo,113,448.0
7,5,5,2,clustered,30,random,fifo,114,442.0
7,5,5,2,clustered,30,random,fifo,115,521.0
7,5,5,2,clustered,30,random,fifo,116,440.0
7,5,5,2,clustered,30,random,fifo,117,379.0
7,5,5,2,clustered,30,random,fifo,118,452.0
7,5,5,2,clustered,30,random,fifo,119,490.0
7,5,5,2,clustered,30,random,fifo,120,457.0
7,5,5,2,clustered,30,random,fifo,121,550.0
7,5,5,2,clustered,30,random,fifo,122,527.0
7,5,5,2,clustered,30,random,fifo,123,456.0
7,5,5,2,clustered,30,random,fifo,124,481.0
7,5,5,2,clustered,30,random,fifo,125,512.0
7,5,5,2,clustered,30,random,fifo,126,590.0
7,5,5,2,clustered,30,random,fifo,127,525.0
7,5,5,2,clustered,30,random,fifo,128,551.0
7,5,5,2,clustered,30,random,fifo,129,390.0
7,5,5,2,clustered,30,random,fifo,130,536.0
7,5,5,2,clustered,30,random,fifo,131,454.0
7,5,5,2,clustered,30,random,fifo,132,454.0
7,5,5,2,clustered,30,random,fifo,133,363.0
7,5,5,2,clustered,30,random,fifo,134,583.0
7,5,5,2,clustered,30,random,fifo,135,590.0
7,5,5,2,clustered,30,random,fifo,136,559.0
7,5,5,2,clustered,30,random,fifo,137,505.0
7,5,5,2,clustered,30,random,fifo,138,389.0
7,5,5,2,clustered,30,random,fifo,139,528.0
7,5,5,2,clustered,30,random,fifo,140,553.0
7,5,5,2,clustered,30,random,fifo,141,344.0
7,5,5,2,clustered,30,random,fifo,142,534.0
7,5,5,2,clustered,30,random,fifo,143,499.0
7,5,5,2,clustered,30,random,fifo,144,595.0
7,5,5,2,clustered,30,random,fifo,145,610.0
7,5,5,2,clustered,30,random,fifo,146,489.0
7,5,5,2,clustered,30,random,fifo,147,537.0
7,5,5,2,clustered,30,random,fifo,148,545.0
7,5,5,2,clustered,30,random,fifo,149,462.0
7,5,5,2,clustered,30,random,fifo,150,623.0
7,5,5,2,clustered,30,random,fifo,151,467.0
7,5,5,2,clustered,30,random,fifo,152,456.0
7,5,5,2,clustered,30,random,fifo,153,488.0
7,5,5,2,clustered,30,random,fifo,154,526.0
7,5,5,2,clustered,30,random,fifo,155,570.0
7,5,5,2,clustered,30,random,fifo,156,613.0
7,5,5,2,clustered,30,random,fifo,157,689.0
7,5,5,2,clustered,30,random,fifo,158,569.0
7,5,5,2,clustered,30,random,fifo,159,537.0
7,5,5,2,clustered,30,random,fifo,160,536.0
7,5,5,2,clustered,30,random,fifo,161,547.0
7,5,5,2,clustered,30,random,fifo,162,420.0
7,5,5,2,clustered,30,random,fifo,163,437.0
7,5,5,2,clustered,30,random,fifo,164,545.0
7,5,5,2,clustered,30,random,fifo,165,560.0
7,5,5,2,clustered,30,random,fifo,166,556.0
7,5,5,2,clustered,30,random,fifo,167,452.0
7,5,5,2,clustered,30,random,fifo,168,475.0
7,5,5,2,clustered,30,random,fifo,169,454.0
7,5,5,2,clustered,30,random,fifo,170,502.0
7,5,5,2,clustered,30,random,fifo,171,478.0
7,5,5,2,clustered,30,random,fifo,172,641.0
7,5,5,2,clustered,30,random,fifo,173,479.0
7,5,5,2,clustered,30,random,fifo,174,523.0
7,5,5,2,clustered,30,random,fifo,175,618.0
7,5,5,2,clustered,30,random,fifo,176,520.0
7,5,5,2,clustered,30,random,fifo,177,492.0
7,5,5,2,clustered,30,random,fifo,178,375.0
7,5,5,2,clustered,30,random,fifo,179,486.0
7,5,5,2,clustered,30,random,fifo,180,486.0
7,5,5,2,clustered,30,random,fifo,181,522.0
7,5,5,2,clustered,30,random,fifo,182,542.0
7,5,5,2,clustered,30,random,fifo,183,497.0
7,5,5,2,clustered,30,random,fifo,184,472.0
7,5,5,2,clustered,30,random,fifo,185,636.0
7,5,5,2,clustered,30,random,fifo,186,610.0
7,5,5,2,clustered,30,random,fifo,187,559.0
7,5,5,2,clustered,30,random,fifo,188,378.0
7,5,5,2,clustered,30,random,fifo,189,475.0
7,5,5,2,clustered,30,random,fifo,190,450.0
7,5,5,2,clustered,30,random,fifo,191,532.0
7,5,5,2,clustered,30,random,fifo,192,470.0
7,5,5,2,clustered,30,random,fifo,193,503.0
7,5,5,2,clustered,30,random,fifo,194,477.0
7,5,5,2,clustered,30,random,fifo,195,489.0
7,5,5,2,clustered,30,random,fifo,196,513.0
7,5,5,2,clustered,30,random,fifo,197,588.0
7,5,5,2,clustered,30,random,fifo,198,532.0
7,5,5,2,clustered,30,random,fifo,199,342.0
7,5,5,2,clustered,30,random,cluster,0,455.0
7,5,5,2,clustered,30,random,cluster,1,469.0
7,5,5,2,clustered,30,random,cluster,2,453.0
7,5,5,2,clustered,30,random,cluster,3,515.0
7,5,5,2,clustered,30,random,cluster,4,491.0
7,5,5,2,clustered,30,random,cluster,5,441.0
7,5,5,2,clustered,30,random,cluster,6,517.0
7,5,5,2,clustered,30,random,cluster,7,399.0
7,5,5,2,clustered,30,random,cluster,8,472.0
7,5,5,2,clustered,30,random,cluster,9,420.0
7,5,5,2,clustered,30,random,cluster,10,495.0
7,5,5,2,clustered,30,random,cluster,11,472.0
7,5,5,2,clustered,30,random,cluster,12,454.0
7,5,5,2,clustered,30,random,cluster,13,447.0
7,5,5,2,clustered,30,random,cluster,14,537.0
7,5,5,2,clustered,30,random,cluster,15,353.0
7,5,5,2,clustered,30,random,cluster,16,448.0
7,5,5,2,clustered,30,random,cluster,17,507.0
7,5,5,2,clustered,30,random,cluster,18,556.0
7,5,5,2,clustered,30,random,cluster,19,473.0
7,5,5,2,clustered,30,random,cluster,20,518.0
7,5,5,2,clustered,30,random,cluster,21,429.0
7,5,5,2,clustered,30,random,cluster,22,390.0
7,5,5,2,clustered,30,random,cluster,23,565.0
7,5,5,2,clustered,30,random,cluster,24,373.0
7,5,5,2,clustered,30,random,cluster,25,408.0
7,5,5,2,clustered,30,random,cluster,26,439.0
7,5,5,2,clustered,30,random,cluster,27,545.0
7,5,5,2,clustered,30,random,cluster,28,507.0
7,5,5,2,clustered,30,random,cluster,29,410.0
7,5,5,2,clustered,30,random,cluster,30,482.0
7,5,5,2,clustered,30,random,cluster,31,508.0
7,5,5,2,clustered,30,random,cluster,32,430.0
7,5,5,2,clustered,30,random,cluster,33,527.0
7,5,5,2,clustered,30,random,cluster,34,502.0
7,5,5,2,clustered,30,random,cluster,35,500.0
7,5,5,2,clustered,30,random,cluster,36,449.0
7,5,5,2,clustered,30,random,cluster,37,558.0
7,5,5,2,clustered,30,random,cluster,38,412.0
7,5,5,2,clustered,30,random,cluster,39,417.0
7,5,5,2,clustered,30,random,cluster,40,414.0
7,5,5,2,clustered,30,random,cluster,41,416.0
7,5,5,2,clustered,30,random,cluster,42,581.0
7,5,5,2,clustered,30,random,cluster,43,533.0
7,5,5,2,clustered,30,random,cluster,44,436.0
7,5,5,2,clustered,30,random,cluster,45,424.0
7,5,5,2,clustered,30,random,cluster,46,487.0
7,5,5,2,clustered,30,random,cluster,47,491.0
7,5,5,2,clustered,30,random,cluster,48,336.0
7,5,5,2,clustered,30,random,cluster,49,473.0
7,5,5,2,clustered,30,random,cluster,50,453.0
7,5,5,2,clustered,30,random,cluster,51,438.0
7,5,5,2,clustered,30,random,cluster,52,371.0
7,5,5,2,clustered,30,random,cluster,53,527.0
7,5,5,2,clustered,30,random,cluster,54,435.0
7,5,5,2,clustered,30,random,cluster,55,458.0
7,5,5,2,clustered,30,random,cluster,56,454.0
7,5,5,2,clustered,30,random,cluster,57,436.0
7,5,5,2,clustered,30,random,cluster,58,488.0
7,5,5,2,clustered,30,random,cluster,59,478.0
7,5,5,2,clustered,30,random,cluster,60,465.0
7,5,5,2,clustered,30,random,cluster,61,477.0
7,5,5,2,clustered,30,random,cluster,62,402.0
7,5,5,2,clustered,30,random,cluster,63,420.0
7,5,5,2,clustered,30,random,cluster,64,381.0
7,5,5,2,clustered,30,random,cluster,65,439.0
7,5,5,2,clustered,30,random,cluster,66,441.0
7,5,5,2,clustered,30,random,cluster,67,522.0
7,5,5,2,clustered,30,random,cluster,68,487.0
7,5,5,2,clustered,30,random,cluster,69,555.0
7,5,5,2,clustered,30,random,cluster,70,505.0
7,5,5,2,clustered,30,random,cluster,71,421.0
7,5,5,2,clustered,30,random,cluster,72,385.0
7,5,5,2,clustered,30,random,cluster,73,448.0
7,5,5,2,clustered,30,random,cluster,74,553.0
7,5,5,2,clustered,30,random,cluster,75,455.0
7,5,5,2,clustered,30,random,cluster,76,505.0
7,5,5,2,clustered,30,random,cluster,77,455.0
7,5,5,2,clustered,30,random,cluster,78,437.0
7,5,5,2,clustered,30,random,cluster,79,469.0
7,5,5,2,clustered,30,random,cluster,80,433.0
7,5,5,2,clustered,30,random,cluster,81,400.0
7,5,5,2,clustered,30,random,cluster,82,449.0
7,5,5,2,clustered,30,random,cluster,83,429.0
7,5,5,2,clustered,30,random,cluster,84,473.0
7,5,5,2,clustered,30,random,cluster,85,434.0
7,5,5,2,clustered,30,random,cluster,86,503.0
7,5,5,2,clustered,30,random,cluster,87,480.0
7,5,5,2,clustered,30,random,cluster,88,517.0
7,5,5,2,clustered,30,random,cluster,89,417.0
7,5,5,2,clustered,30,random,cluster,90,426.0
7,5,5,2,clustered,30,random,cluster,91,420.0
7,5,5,2,clustered,30,random,cluster,92,429.0
7,5,5,2,clustered,30,random,cluster,93,451.0
7,5,5,2,clustered,30,random,cluster,94,333.0
7,5,5,2,clustered,30,random,cluster,95,540.0
7,5,5,2,clustered,30,random,cluster,96,530.0
7,5,5,2,clustered,30,random,cluster,97,568.0
7,5,5,2,clustered,30,random,cluster,98,383.0
7,5,5,2,clustered,30,random,cluster,99,454.0
7,5,5,2,clustered,30,random,cluster,100,453.0
7,5,5,2,clustered,30,random,cluster,101,586.0
7,5,5,2,clustered,30,random,cluster,102,384.0
7,5,5,2,clustered,30,random,cluster,103,478.0
7,5,5,2,clustered,30,random,cluster,104,516.0
7,5,5,2,clustered,30,random,cluster,105,408.0
7,5,5,2,clustered,30,random,cluster,106,355.0
7,5,5,2,clustered,30,random,cluster,107,553.0
7,5,5,2,clustered,30,random,cluster,108,576.0
7,5,5,2,clustered,30,random,cluster,109,293.0
7,5,5,2,clustered,30,random,cluster,110,523.0
7,5,5,2,clustered,30,random,cluster,111,493.0
7,5,5,2,clustered,30,random,cluster,112,387.0
7,5,5,2,clustered,30,random,cluster,113,394.0
7,5,5,2,clustered,30,random,cluster,114,432.0
7,5,5,2,clustered,30,random,cluster,115,412.0
7,5,5,2,clustered,30,random,cluster,116,362.0
7,5,5,2,clustered,30,random,cluster,117,323.0
7,5,5,2,clustered,30,random,cluster,118,469.0
7,5,5,2,clustered,30,random,cluster,119,429.0
7,5,5,2,clustered,30,random,cluster,120,420.0
7,5,5,2,clustered,30,random,cluster,121,546.0
7,5,5,2,clustered,30,random,cluster,122,525.0
7,5,5,2,clustered,30,random,cluster,123,421.0
7,5,5,2,clustered,30,random,cluster,124,411.0
7,5,5,2,clustered,30,random,cluster,125,477.0
7,5,5,2,clustered,30,random,cluster,126,505.0
7,5,5,2,clustered,30,random,cluster,127,439.0
7,5,5,2,clustered,30,random,cluster,128,519.0
7,5,5,2,clustered,30,random,cluster,129,417.0
7,5,5,2,clustered,30,random,cluster,130,493.0
7,5,5,2,clustered,30,random,cluster,131,374.0
7,5,5,2,clustered,30,random,cluster,132,476.0
7,5,5,2,clustered,30,random,cluster,133,364.0
7,5,5,2,clustered,30,random,cluster,134,547.0
7,5,5,2,clustered,30,random,cluster,135,489.0
7,5,5,2,clustered,30,random,cluster,136,510.0
7,5,5,2,clustered,30,random,cluster,137,481.0
7,5,5,2,clustered,30,random,cluster,138,361.0
7,5,5,2,clustered,30,random,cluster,139,419.0
7,5,5,2,clustered,30,random,cluster,140,426.0
7,5,5,2,clustered,30,random,cluster,141,303.0
7,5,5,2,clustered,30,random,cluster,142,443.0
7,5,5,2,clustered,30,random,cluster,143,470.0
7,5,5,2,clustered,30,random,cluster,144,475.0
7,5,5,2,clustered,30,random,cluster,145,509.0
7,5,5,2,clustered,30,random,cluster,146,411.0
7,5,5,2,clustered,30,random,cluster,147,455.0
7,5,5,2,clustered,30,random,cluster,148,494.0
7,5,5,2,clustered,30,random,cluster,149,323.0
7,5,5,2,clustered,30,random,cluster,150,594.0
7,5,5,2,clustered,30,random,cluster,151,444.0
7,5,5,2,clustered,30,random,cluster,152,368.0
7,5,5,2,clustered,30,random,cluster,153,422.0
7,5,5,2,clustered,30,random,cluster,154,484.0
7,5,5,2,clustered,30,random,cluster,155,482.0
7,5,5,2,clustered,30,random,cluster,156,521.0
7,5,5,2,clustered,30,random,cluster,157,576.0
7,5,5,2,clustered,30,random,cluster,158,460.0
7,5,5,2,clustered,30,random,cluster,159,584.0
7,5,5,2,clustered,30,random,cluster,160,439.0
7,5,5,2,clustered,30,random,cluster,161,421.0
7,5,5,2,clustered,30,random,cluster,162,436.0
7,5,5,2,clustered,30,random,cluster,163,430.0
7,5,5,2,clustered,30,random,cluster,164,484.0
7,5,5,2,clustered,30,random,cluster,165,460.0
7,5,5,2,clustered,30,random,cluster,166,459.0
7,5,5,2,clustered,30,random,cluster,167,448.0
7,5,5,2,clustered,30,random,cluster,168,439.0
7,5,5,2,clustered,30,random,cluster,169,562.0
7,5,5,2,clustered,30,random,cluster,170,457.0
7,5,5,2,clustered,30,random,cluster,171,470.0
7,5,5,2,clustered,30,random,cluster,172,502.0
7,5,5,2,clustered,30,random,cluster,173,335.0
7,5,5,2,clustered,30,random,cluster,174,515.0
7,5,5,2,clustered,30,random,cluster,175,572.0
7,5,5,2,clustered,30,random,cluster,176,516.0
7,5,5,2,clustered,30,random,cluster,177,450.0
7,5,5,2,clustered,30,random,cluster,178,355.0
7,5,5,2,clustered,30,random,cluster,179,435.0
7,5,5,2,clustered,30,random,cluster,180,482.0
7,5,5,2,clustered,30,random,cluster,181,424.0
7,5,5,2,clustered,30,random,cluster,182,425.0
7,5,5,2,clustered,30,random,cluster,183,478.0
7,5,5,2,clustered,30,random,cluster,184,387.0
7,5,5,2,clustered,30,random,cluster,185,505.0
7,5,5,2,clustered,30,random,cluster,186,520.0
7,5,5,2,clustered,30,random,cluster,187,509.0
7,5,5,2,clustered,30,random,cluster,188,372.0
7,5,5,2,clustered,30,random,cluster,189,414.0
7,5,5,2,clustered,30,random,cluster,190,431.0
7,5,5,2,clustered,30,random,cluster,191,556.0
7,5,5,2,clustered,30,random,cluster,192,410.0
7,5,5,2,clustered,30,random,cluster,193,445.0
7,5,5,2,clustered,30,random,cluster,194,484.0
7,5,5,2,clustered,30,random,cluster,195,444.0
7,5,5,2,clustered,30,random,cluster,196,386.0
7,5,5,2,clustered,30,random,cluster,197,380.0
7,5,5,2,clustered,30,random,cluster,198,349.0
7,5,5,2,clustered,30,random,cluster,199,364.0
7,5,5,2,clustered,30,phi_corner,fifo,0,407.0
7,5,5,2,clustered,30,phi_corner,fifo,1,461.0
7,5,5,2,clustered,30,phi_corner,fifo,2,427.0
7,5,5,2,clustered,30,phi_corner,fifo,3,466.0
7,5,5,2,clustered,30,phi_corner,fifo,4,474.0
7,5,5,2,clustered,30,phi_corner,fifo,5,477.0
7,5,5,2,clustered,30,phi_corner,fifo,6,334.0
7,5,5,2,clustered,30,phi_corner,fifo,7,502.0
7,5,5,2,clustered,30,phi_corner,fifo,8,621.0
7,5,5,2,clustered,30,phi_corner,fifo,9,550.0
7,5,5,2,clustered,30,phi_corner,fifo,10,451.0
7,5,5,2,clustered,30,phi_corner,fifo,11,459.0
7,5,5,2,clustered,30,phi_corner,fifo,12,478.0
7,5,5,2,clustered,30,phi_corner,fifo,13,406.0
7,5,5,2,clustered,30,phi_corner,fifo,14,459.0
7,5,5,2,clustered,30,phi_corner,fifo,15,469.0
7,5,5,2,clustered,30,phi_corner,fifo,16,476.0
7,5,5,2,clustered,30,phi_corner,fifo,17,380.0
7,5,5,2,clustered,30,phi_corner,fifo,18,555.0
7,5,5,2,clustered,30,phi_corner,fifo,19,420.0
7,5,5,2,clustered,30,phi_corner,fifo,20,493.0
7,5,5,2,clustered,30,phi_corner,fifo,21,396.0
7,5,5,2,clustered,30,phi_corner,fifo,22,536.0
7,5,5,2,clustered,30,phi_corner,fifo,23,420.0
7,5,5,2,clustered,30,phi_corner,fifo,24,363.0
7,5,5,2,clustered,30,phi_corner,fifo,25,477.0
7,5,5,2,clustered,30,phi_corner,fifo,26,450.0
7,5,5,2,clustered,30,phi_corner,fifo,27,457.0
7,5,5,2,clustered,30,phi_corner,fifo,28,531.0
7,5,5,2,clustered,30,phi_corner,fifo,29,415.0
7,5,5,2,clustered,30,phi_corner,fifo,30,469.0
7,5,5,2,clustered,30,phi_corner,fifo,31,363.0
7,5,5,2,clustered,30,phi_corner,fifo,32,481.0
7,5,5,2,clustered,30,phi_corner,fifo,33,460.0
7,5,5,2,clustered,30,phi_corner,fifo,34,478.0
7,5,5,2,clustered,30,phi_corner,fifo,35,448.0
7,5,5,2,clustered,30,phi_corner,fifo,36,406.0
7,5,5,2,clustered,30,phi_corner,fifo,37,443.0
7,5,5,2,clustered,30,phi_corner,fifo,38,477.0
7,5,5,2,clustered,30,phi_corner,fifo,39,483.0
7,5,5,2,clustered,30,phi_corner,fifo,40,467.0
7,5,5,2,clustered,30,phi_corner,fifo,41,377.0
7,5,5,2,clustered,30,phi_corner,fifo,42,493.0
7,5,5,2,clustered,30,phi_corner,fifo,43,553.0
7,5,5,2,clustered,30,phi_corner,fifo,44,502.0
7,5,5,2,clustered,30,phi_corner,fifo,45,481.0
7,5,5,2,clustered,30,phi_corner,fifo,46,393.0
7,5,5,2,clustered,30,phi_corner,fifo,47,427.0
7,5,5,2,clustered,30,phi_corner,fifo,48,449.0
7,5,5,2,clustered,30,phi_corner,fifo,49,482.0
7,5,5,2,clustered,30,phi_corner,fifo,50,342.0
7,5,5,2,clustered,30,phi_corner,fifo,51,448.0
7,5,5,2,clustered,30,phi_corner,fifo,52,483.0
7,5,5,2,clustered,30,phi_corner,fifo,53,383.0
7,5,5,2,clustered,30,phi_corner,fifo,54,420.0
7,5,5,2,clustered,30,phi_corner,fifo,55,483.0
7,5,5,2,clustered,30,phi_corner,fifo,56,450.0
7,5,5,2,clustered,30,phi_corner,fifo,57,391.0
7,5,5,2,clustered,30,phi_corner,fifo,58,456.0
7,5,5,2,clustered,30,phi_corner,fifo,59,443.0
7,5,5,2,clustered,30,phi_corner,fifo,60,469.0
7,5,5,2,clustered,30,phi_corner,fifo,61,531.0
7,5,5,2,clustered,30,phi_corner,fifo,62,455.0
7,5,5,2,clustered,30,phi_corner,fifo,63,517.0
7,5,5,2,clustered,30,phi_corner,fifo,64,449.0
7,5,5,2,clustered,30,phi_corner,fifo,65,410.0
7,5,5,2,clustered,30,phi_corner,fifo,66,375.0
7,5,5,2,clustered,30,phi_corner,fifo,67,477.0
7,5,5,2,clustered,30,phi_corner,fifo,68,461.0
7,5,5,2,clustered,30,phi_corner,fifo,69,497.0
7,5,5,2,clustered,30,phi_corner,fifo,70,585.0
7,5,5,2,clustered,30,phi_corner,fifo,71,448.0
7,5,5,2,clustered,30,phi_corner,fifo,72,405.0
7,5,5,2,clustered,30,phi_corner,fifo,73,521.0
7,5,5,2,clustered,30,phi_corner,fifo,74,494.0
7,5,5,2,clustered,30,phi_corner,fifo,75,425.0
7,5,5,2,clustered,30,phi_corner,fifo,76,407.0
7,5,5,2,clustered,30,phi_corner,fifo,77,507.0
7,5,5,2,clustered,30,phi_corner,fifo,78,406.0
7,5,5,2,clustered,30,phi_corner,fifo,79,498.0
7,5,5,2,clustered,30,phi_corner,fifo,80,483.0
7,5,5,2,clustered,30,phi_corner,fifo,81,405.0
7,5,5,2,clustered,30,phi_corner,fifo,82,548.0
7,5,5,2,clustered,30,phi_corner,fifo,83,453.0
7,5,5,2,clustered,30,phi_corner,fifo,84,475.0
7,5,5,2,clustered,30,phi_corner,fifo,85,483.0
7,5,5,2,clustered,30,phi_corner,fifo,86,482.0
7,5,5,2,clustered,30,phi_corner,fifo,87,531.0
7,5,5,2,clustered,30,phi_corner,fifo,88,422.0
7,5,5,2,clustered,30,phi_corner,fifo,89,469.0
7,5,5,2,clustered,30,phi_corner,fifo,90,435.0
7,5,5,2,clustered,30,phi_corner,fifo,91,550.0
7,5,5,2,clustered,30,phi_corner,fifo,92,447.0
7,5,5,2,clustered,30,phi_corner,fifo,93,427.0
7,5,5,2,clustered,30,phi_corner,fifo,94,621.0
7,5,5,2,clustered,30,phi_corner,fifo,95,391.0
7,5,5,2,clustered,30,phi_corner,fifo,96,450.0
7,5,5,2,clustered,30,phi_corner,fifo,97,448.0
7,5,5,2,clustered,30,phi_corner,fifo,98,494.0
7,5,5,2,clustered,30,phi_corner,fifo,99,595.0
7,5,5,2,clustered,30,phi_corner,fifo,100,451.0
7,5,5,2,clustered,30,phi_corner,fifo,101,469.0
7,5,5,2,clustered,30,phi_corner,fifo,102,569.0
7,5,5,2,clustered,30,phi_corner,fifo,103,377.0
7,5,5,2,clustered,30,phi_corner,fifo,104,367.0
7,5,5,2,clustered,30,phi_corner,fifo,105,507.0
7,5,5,2,clustered,30,phi_corner,fifo,106,478.0
7,5,5,2,clustered,30,phi_corner,fifo,107,513.0
7,5,5,2,clustered,30,phi_corner,fifo,108,425.0
7,5,5,2,clustered,30,phi_corner,fifo,109,425.0
7,5,5,2,clustered,30,phi_corner,fifo,110,367.0
7,5,5,2,clustered,30,phi_corner,fifo,111,383.0
7,5,5,2,clustered,30,phi_corner,fifo,112,497.0
7,5,5,2,clustered,30,phi_corner,fifo,113,448.0
7,5,5,2,clustered,30,phi_corner,fifo,114,553.0
7,5,5,2,clustered,30,phi_corner,fifo,115,455.0
7,5,5,2,clustered,30,phi_corner,fifo,116,409.0
7,5,5,2,clustered,30,phi_corner,fifo,117,503.0
7,5,5,2,clustered,30,phi_corner,fifo,118,458.0
7,5,5,2,clustered,30,phi_corner,fifo,119,509.0
7,5,5,2,clustered,30,phi_corner,fifo,120,457.0
7,5,5,2,clustered,30,phi_corner,fifo,121,450.0
7,5,5,2,clustered,30,phi_corner,fifo,122,450.0
7,5,5,2,clustered,30,phi_corner,fifo,123,370.0
7,5,5,2,clustered,30,phi_corner,fifo,124,474.0
7,5,5,2,clustered,30,phi_corner,fifo,125,424.0
7,5,5,2,clustered,30,phi_corner,fifo,126,420.0
7,5,5,2,clustered,30,phi_corner,fifo,127,497.0
7,5,5,2,clustered,30,phi_corner,fifo,128,410.0
7,5,5,2,clustered,30,phi_corner,fifo,129,477.0
7,5,5,2,clustered,30,phi_corner,fifo,130,478.0
7,5,5,2,clustered,30,phi_corner,fifo,131,483.0
7,5,5,2,clustered,30,phi_corner,fifo,132,450.0
7,5,5,2,clustered,30,phi_corner,fifo,133,383.0
7,5,5,2,clustered,30,phi_corner,fifo,134,517.0
7,5,5,2,clustered,30,phi_corner,fifo,135,449.0
7,5,5,2,clustered,30,phi_corner,fifo,136,476.0
7,5,5,2,clustered,30,phi_corner,fifo,137,550.0
7,5,5,2,clustered,30,phi_corner,fifo,138,405.0
7,5,5,2,clustered,30,phi_corner,fifo,139,488.0
7,5,5,2,clustered,30,phi_corner,fifo,140,346.0
7,5,5,2,clustered,30,phi_corner,fifo,141,457.0
7,5,5,2,clustered,30,phi_corner,fifo,142,497.0
7,5,5,2,clustered,30,phi_corner,fifo,143,477.0
7,5,5,2,clustered,30,phi_corner,fifo,144,487.0
7,5,5,2,clustered,30,phi_corner,fifo,145,450.0
7,5,5,2,clustered,30,phi_corner,fifo,146,502.0
7,5,5,2,clustered,30,phi_corner,fifo,147,520.0
7,5,5,2,clustered,30,phi_corner,fifo,148,474.0
7,5,5,2,clustered,30,phi_corner,fifo,149,517.0
7,5,5,2,clustered,30,phi_corner,fifo,150,553.0
7,5,5,2,clustered,30,phi_corner,fifo,151,407.0
7,5,5,2,clustered,30,phi_corner,fifo,152,342.0
7,5,5,2,clustered,30,phi_corner,fifo,153,415.0
7,5,5,2,clustered,30,phi_corner,fifo,154,405.0
7,5,5,2,clustered,30,phi_corner,fifo,155,494.0
7,5,5,2,clustered,30,phi_corner,fifo,156,475.0
7,5,5,2,clustered,30,phi_corner,fifo,157,515.0
7,5,5,2,clustered,30,phi_corner,fifo,158,440.0
7,5,5,2,clustered,30,phi_corner,fifo,159,440.0
7,5,5,2,clustered,30,phi_corner,fifo,160,543.0
7,5,5,2,clustered,30,phi_corner,fifo,161,410.0
7,5,5,2,clustered,30,phi_corner,fifo,162,517.0
7,5,5,2,clustered,30,phi_corner,fifo,163,481.0
7,5,5,2,clustered,30,phi_corner,fifo,164,346.0
7,5,5,2,clustered,30,phi_corner,fifo,165,471.0
7,5,5,2,clustered,30,phi_corner,fifo,166,459.0
7,5,5,2,clustered,30,phi_corner,fifo,167,474.0
7,5,5,2,clustered,30,phi_corner,fifo,168,342.0
7,5,5,2,clustered,30,phi_corner,fifo,169,402.0
7,5,5,2,clustered,30,phi_corner,fifo,170,453.0
7,5,5,2,clustered,30,phi_corner,fifo,171,420.0
7,5,5,2,clustered,30,phi_corner,fifo,172,461.0
7,5,5,2,clustered,30,phi_corner,fifo,173,481.0
7,5,5,2,clustered,30,phi_corner,fifo,174,448.0
7,5,5,2,clustered,30,phi_corner,fifo,175,450.0
7,5,5,2,clustered,30,phi_corner,fifo,176,482.0
7,5,5,2,clustered,30,phi_corner,fifo,177,405.0
7,5,5,2,clustered,30,phi_corner,fifo,178,371.0
7,5,5,2,clustered,30,phi_corner,fifo,179,422.0
7,5,5,2,clustered,30,phi_corner,fifo,180,452.0
7,5,5,2,clustered,30,phi_corner,fifo,181,517.0
7,5,5,2,clustered,30,phi_corner,fifo,182,568.0
7,5,5,2,clustered,30,phi_corner,fifo,183,453.0
7,5,5,2,clustered,30,phi_corner,fifo,184,483.0
7,5,5,2,clustered,30,phi_corner,fifo,185,440.0
7,5,5,2,clustered,30,phi_corner,fifo,186,518.0
7,5,5,2,clustered,30,phi_corner,fifo,187,346.0
7,5,5,2,clustered,30,phi_corner,fifo,188,456.0
7,5,5,2,clustered,30,phi_corner,fifo,189,474.0
7,5,5,2,clustered,30,phi_corner,fifo,190,380.0
7,5,5,2,clustered,30,phi_corner,fifo,191,457.0
7,5,5,2,clustered,30,phi_corner,fifo,192,477.0
7,5,5,2,clustered,30,phi_corner,fifo,193,440.0
7,5,5,2,clustered,30,phi_corner,fifo,194,469.0
7,5,5,2,clustered,30,phi_corner,fifo,195,512.0
7,5,5,2,clustered,30,phi_corner,fifo,196,513.0
7,5,5,2,clustered,30,phi_corner,fifo,197,460.0
7,5,5,2,clustered,30,phi_corner,fifo,198,436.0
7,5,5,2,clustered,30,phi_corner,fifo,199,420.0
7,5,5,2,clustered,30,phi_corner,cluster,0,478.0
7,5,5,2,clustered,30,phi_corner,cluster,1,395.0
7,5,5,2,clustered,30,phi_corner,cluster,2,372.0
7,5,5,2,clustered,30,phi_corner,cluster,3,428.0
7,5,5,2,clustered,30,phi_corner,cluster,4,527.0
7,5,5,2,clustered,30,phi_corner,cluster,5,387.0
7,5,5,2,clustered,30,phi_corner,cluster,6,345.0
7,5,5,2,clustered,30,phi_corner,cluster,7,406.0
7,5,5,2,clustered,30,phi_corner,cluster,8,511.0
7,5,5,2,clustered,30,phi_corner,cluster,9,355.0
7,5,5,2,clustered,30,phi_corner,cluster,10,435.0
7,5,5,2,clustered,30,phi_corner,cluster,11,441.0
7,5,5,2,clustered,30,phi_corner,cluster,12,412.0
7,5,5,2,clustered,30,phi_corner,cluster,13,404.0
7,5,5,2,clustered,30,phi_corner,cluster,14,441.0
7,5,5,2,clustered,30,phi_corner,cluster,15,440.0
7,5,5,2,clustered,30,phi_corner,cluster,16,449.0
7,5,5,2,clustered,30,phi_corner,cluster,17,371.0
7,5,5,2,clustered,30,phi_corner,cluster,18,435.0
7,5,5,2,clustered,30,phi_corner,cluster,19,461.0
7,5,5,2,clustered,30,phi_corner,cluster,20,406.0
7,5,5,2,clustered,30,phi_corner,cluster,21,454.0
7,5,5,2,clustered,30,phi_corner,cluster,22,479.0
7,5,5,2,clustered,30,phi_corner,cluster,23,420.0
7,5,5,2,clustered,30,phi_corner,cluster,24,373.0
7,5,5,2,clustered,30,phi_corner,cluster,25,390.0
7,5,5,2,clustered,30,phi_corner,cluster,26,440.0
7,5,5,2,clustered,30,phi_corner,cluster,27,493.0
7,5,5,2,clustered,30,phi_corner,cluster,28,491.0
7,5,5,2,clustered,30,phi_corner,cluster,29,358.0
7,5,5,2,clustered,30,phi_corner,cluster,30,469.0
7,5,5,2,clustered,30,phi_corner,cluster,31,373.0
7,5,5,2,clustered,30,phi_corner,cluster,32,485.0
7,5,5,2,clustered,30,phi_corner,cluster,33,428.0
7,5,5,2,clustered,30,phi_corner,cluster,34,470.0
7,5,5,2,clustered,30,phi_corner,cluster,35,437.0
7,5,5,2,clustered,30,phi_corner,cluster,36,404.0
7,5,5,2,clustered,30,phi_corner,cluster,37,410.0
7,5,5,2,clustered,30,phi_corner,cluster,38,449.0
7,5,5,2,clustered,30,phi_corner,cluster,39,437.0
7,5,5,2,clustered,30,phi_corner,cluster,40,405.0
7,5,5,2,clustered,30,phi_corner,cluster,41,449.0
7,5,5,2,clustered,30,phi_corner,cluster,42,406.0
7,5,5,2,clustered,30,phi_corner,cluster,43,479.0
7,5,5,2,clustered,30,phi_corner,cluster,44,457.0
7,5,5,2,clustered,30,phi_corner,cluster,45,463.0
7,5,5,2,clustered,30,phi_corner,cluster,46,367.0
7,5,5,2,clustered,30,phi_corner,cluster,47,372.0
7,5,5,2,clustered,30,phi_corner,cluster,48,429.0
7,5,5,2,clustered,30,phi_corner,cluster,49,398.0
7,5,5,2,clustered,30,phi_corner,cluster,50,364.0
7,5,5,2,clustered,30,phi_corner,cluster,51,437.0
7,5,5,2,clustered,30,phi_corner,cluster,52,452.0
7,5,5,2,clustered,30,phi_corner,cluster,53,416.0
7,5,5,2,clustered,30,phi_corner,cluster,54,341.0
7,5,5,2,clustered,30,phi_corner,cluster,55,452.0
7,5,5,2,clustered,30,phi_corner,cluster,56,464.0
7,5,5,2,clustered,30,phi_corner,cluster,57,402.0
7,5,5,2,clustered,30,phi_corner,cluster,58,368.0
7,5,5,2,clustered,30,phi_corner,cluster,59,410.0
7,5,5,2,clustered,30,phi_corner,cluster,60,469.0
7,5,5,2,clustered,30,phi_corner,cluster,61,421.0
7,5,5,2,clustered,30,phi_corner,cluster,62,447.0
7,5,5,2,clustered,30,phi_corner,cluster,63,453.0
7,5,5,2,clustered,30,phi_corner,cluster,64,429.0
7,5,5,2,clustered,30,phi_corner,cluster,65,396.0
7,5,5,2,clustered,30,phi_corner,cluster,66,422.0
7,5,5,2,clustered,30,phi_corner,cluster,67,387.0
7,5,5,2,clustered,30,phi_corner,cluster,68,395.0
7,5,5,2,clustered,30,phi_corner,cluster,69,419.0
7,5,5,2,clustered,30,phi_corner,cluster,70,526.0
7,5,5,2,clustered,30,phi_corner,cluster,71,437.0
7,5,5,2,clustered,30,phi_corner,cluster,72,372.0
7,5,5,2,clustered,30,phi_corner,cluster,73,415.0
7,5,5,2,clustered,30,phi_corner,cluster,74,476.0
7,5,5,2,clustered,30,phi_corner,cluster,75,380.0
7,5,5,2,clustered,30,phi_corner,cluster,76,478.0
7,5,5,2,clustered,30,phi_corner,cluster,77,390.0
7,5,5,2,clustered,30,phi_corner,cluster,78,404.0
7,5,5,2,clustered,30,phi_corner,cluster,79,387.0
7,5,5,2,clustered,30,phi_corner,cluster,80,462.0
7,5,5,2,clustered,30,phi_corner,cluster,81,372.0
7,5,5,2,clustered,30,phi_corner,cluster,82,396.0
7,5,5,2,clustered,30,phi_corner,cluster,83,365.0
7,5,5,2,clustered,30,phi_corner,cluster,84,465.0
7,5,5,2,clustered,30,phi_corner,cluster,85,366.0
7,5,5,2,clustered,30,phi_corner,cluster,86,409.0
7,5,5,2,clustered,30,phi_corner,cluster,87,491.0
7,5,5,2,clustered,30,phi_corner,cluster,88,454.0
7,5,5,2,clustered,30,phi_corner,cluster,89,440.0
7,5,5,2,clustered,30,phi_corner,cluster,90,363.0
7,5,5,2,clustered,30,phi_corner,cluster,91,355.0
7,5,5,2,clustered,30,phi_corner,cluster,92,440.0
7,5,5,2,clustered,30,phi_corner,cluster,93,375.0
7,5,5,2,clustered,30,phi_corner,cluster,94,511.0
7,5,5,2,clustered,30,phi_corner,cluster,95,406.0
7,5,5,2,clustered,30,phi_corner,cluster,96,440.0
7,5,5,2,clustered,30,phi_corner,cluster,97,437.0
7,5,5,2,clustered,30,phi_corner,cluster,98,476.0
7,5,5,2,clustered,30,phi_corner,cluster,99,499.0
7,5,5,2,clustered,30,phi_corner,cluster,100,435.0
7,5,5,2,clustered,30,phi_corner,cluster,101,469.0
7,5,5,2,clustered,30,phi_corner,cluster,102,403.0
7,5,5,2,clustered,30,phi_corner,cluster,103,449.0
7,5,5,2,clustered,30,phi_corner,cluster,104,344.0
7,5,5,2,clustered,30,phi_corner,cluster,105,390.0
7,5,5,2,clustered,30,phi_corner,cluster,106,412.0
7,5,5,2,clustered,30,phi_corner,cluster,107,414.0
7,5,5,2,clustered,30,phi_corner,cluster,108,429.0
7,5,5,2,clustered,30,phi_corner,cluster,109,429.0
7,5,5,2,clustered,30,phi_corner,cluster,110,344.0
7,5,5,2,clustered,30,phi_corner,cluster,111,416.0
7,5,5,2,clustered,30,phi_corner,cluster,112,419.0
7,5,5,2,clustered,30,phi_corner,cluster,113,437.0
7,5,5,2,clustered,30,phi_corner,cluster,114,479.0
7,5,5,2,clustered,30,phi_corner,cluster,115,447.0
7,5,5,2,clustered,30,phi_corner,cluster,116,303.0
7,5,5,2,clustered,30,phi_corner,cluster,117,469.0
7,5,5,2,clustered,30,phi_corner,cluster,118,386.0
7,5,5,2,clustered,30,phi_corner,cluster,119,367.0
7,5,5,2,clustered,30,phi_corner,cluster,120,493.0
7,5,5,2,clustered,30,phi_corner,cluster,121,460.0
7,5,5,2,clustered,30,phi_corner,cluster,122,464.0
7,5,5,2,clustered,30,phi_corner,cluster,123,313.0
7,5,5,2,clustered,30,phi_corner,cluster,124,409.0
7,5,5,2,clustered,30,phi_corner,cluster,125,453.0
7,5,5,2,clustered,30,phi_corner,cluster,126,341.0
7,5,5,2,clustered,30,phi_corner,cluster,127,440.0
7,5,5,2,clustered,30,phi_corner,cluster,128,396.0
7,5,5,2,clustered,30,phi_corner,cluster,129,390.0
7,5,5,2,clustered,30,phi_corner,cluster,130,473.0
7,5,5,2,clustered,30,phi_corner,cluster,131,462.0
7,5,5,2,clustered,30,phi_corner,cluster,132,440.0
7,5,5,2,clustered,30,phi_corner,cluster,133,416.0
7,5,5,2,clustered,30,phi_corner,cluster,134,401.0
7,5,5,2,clustered,30,phi_corner,cluster,135,429.0
7,5,5,2,clustered,30,phi_corner,cluster,136,449.0
7,5,5,2,clustered,30,phi_corner,cluster,137,355.0
7,5,5,2,clustered,30,phi_corner,cluster,138,372.0
7,5,5,2,clustered,30,phi_corner,cluster,139,387.0
7,5,5,2,clustered,30,phi_corner,cluster,140,356.0
7,5,5,2,clustered,30,phi_corner,cluster,141,493.0
7,5,5,2,clustered,30,phi_corner,cluster,142,419.0
7,5,5,2,clustered,30,phi_corner,cluster,143,387.0
7,5,5,2,clustered,30,phi_corner,cluster,144,406.0
7,5,5,2,clustered,30,phi_corner,cluster,145,464.0
7,5,5,2,clustered,30,phi_corner,cluster,146,406.0
7,5,5,2,clustered,30,phi_corner,cluster,147,468.0
7,5,5,2,clustered,30,phi_corner,cluster,148,409.0
7,5,5,2,clustered,30,phi_corner,cluster,149,453.0
7,5,5,2,clustered,30,phi_corner,cluster,150,479.0
7,5,5,2,clustered,30,phi_corner,cluster,151,478.0
7,5,5,2,clustered,30,phi_corner,cluster,152,364.0
7,5,5,2,clustered,30,phi_corner,cluster,153,358.0
7,5,5,2,clustered,30,phi_corner,cluster,154,372.0
7,5,5,2,clustered,30,phi_corner,cluster,155,476.0
7,5,5,2,clustered,30,phi_corner,cluster,156,470.0
7,5,5,2,clustered,30,phi_corner,cluster,157,415.0
7,5,5,2,clustered,30,phi_corner,cluster,158,324.0
7,5,5,2,clustered,30,phi_corner,cluster,159,311.0
7,5,5,2,clustered,30,phi_corner,cluster,160,387.0
7,5,5,2,clustered,30,phi_corner,cluster,161,329.0
7,5,5,2,clustered,30,phi_corner,cluster,162,401.0
7,5,5,2,clustered,30,phi_corner,cluster,163,485.0
7,5,5,2,clustered,30,phi_corner,cluster,164,355.0
7,5,5,2,clustered,30,phi_corner,cluster,165,511.0
7,5,5,2,clustered,30,phi_corner,cluster,166,384.0
7,5,5,2,clustered,30,phi_corner,cluster,167,527.0
7,5,5,2,clustered,30,phi_corner,cluster,168,364.0
7,5,5,2,clustered,30,phi_corner,cluster,169,410.0
7,5,5,2,clustered,30,phi_corner,cluster,170,431.0
7,5,5,2,clustered,30,phi_corner,cluster,171,420.0
7,5,5,2,clustered,30,phi_corner,cluster,172,395.0
7,5,5,2,clustered,30,phi_corner,cluster,173,463.0
7,5,5,2,clustered,30,phi_corner,cluster,174,371.0
7,5,5,2,clustered,30,phi_corner,cluster,175,460.0
7,5,5,2,clustered,30,phi_corner,cluster,176,408.0
7,5,5,2,clustered,30,phi_corner,cluster,177,372.0
7,5,5,2,clustered,30,phi_corner,cluster,178,401.0
7,5,5,2,clustered,30,phi_corner,cluster,179,339.0
7,5,5,2,clustered,30,phi_corner,cluster,180,318.0
7,5,5,2,clustered,30,phi_corner,cluster,181,453.0
7,5,5,2,clustered,30,phi_corner,cluster,182,541.0
7,5,5,2,clustered,30,phi_corner,cluster,183,365.0
7,5,5,2,clustered,30,phi_corner,cluster,184,462.0
7,5,5,2,clustered,30,phi_corner,cluster,185,311.0
7,5,5,2,clustered,30,phi_corner,cluster,186,499.0
7,5,5,2,clustered,30,phi_corner,cluster,187,356.0
7,5,5,2,clustered,30,phi_corner,cluster,188,489.0
7,5,5,2,clustered,30,phi_corner,cluster,189,527.0
7,5,5,2,clustered,30,phi_corner,cluster,190,371.0
7,5,5,2,clustered,30,phi_corner,cluster,191,465.0
7,5,5,2,clustered,30,phi_corner,cluster,192,449.0
7,5,5,2,clustered,30,phi_corner,cluster,193,324.0
7,5,5,2,clustered,30,phi_corner,cluster,194,469.0
7,5,5,2,clustered,30,phi_corner,cluster,195,477.0
7,5,5,2,clustered,30,phi_corner,cluster,196,376.0
7,5,5,2,clustered,30,phi_corner,cluster,197,428.0
7,5,5,2,clustered,30,phi_corner,cluster,198,424.0
7,5,5,2,clustered,30,phi_corner,cluster,199,461.0
9,5,15,2,diurnal,8,random,fifo,0,248.87356120404968
9,5,15,2,diurnal,8,random,fifo,1,125.20550148355494
9,5,15,2,diurnal,8,random,fifo,2,191.30867296821836
9,5,15,2,diurnal,8,random,fifo,3,164.5217419801713
9,5,15,2,diurnal,8,random,fifo,4,164.21364012081597
9,5,15,2,diurnal,8,random,fifo,5,232.04309192332715
9,5,15,2,diurnal,8,random,fifo,6,136.95940817896897
9,5,15,2,diurnal,8,random,fifo,7,198.08948861910596
9,5,15,2,diurnal,8,random,fifo,8,228.68418424549688
9,5,15,2,diurnal,8,random,fifo,9,193.10726111679355
9,5,15,2,diurnal,8,random,fifo,10,194.09948442687391
9,5,15,2,diurnal,8,random,fifo,11,148.4053556306178
9,5,15,2,diurnal,8,random,fifo,12,243.72475775170847
9,5,15,2,diurnal,8,random,fifo,13,232.50881568590447
9,5,15,2,diurnal,8,random,fifo,14,207.06047864338362
9,5,15,2,diurnal,8,random,fifo,15,184.94074145572864
9,5,15,2,diurnal,8,random,fifo,16,215.91919759798375
9,5,15,2,diurnal,8,random,fifo,17,183.3334922593845
9,5,15,2,diurnal,8,random,fifo,18,211.50881568590447
9,5,15,2,diurnal,8,random,fifo,19,265.3785963437489
9,5,15,2,diurnal,8,random,fifo,20,257.23691915466395
9,5,15,2,diurnal,8,random,fifo,21,164.49506987729092
9,5,15,2,diurnal,8,random,fifo,22,284.41158254882356
9,5,15,2,diurnal,8,random,fifo,23,177.3619639498604
9,5,15,2,diurnal,8,random,fifo,24,202.91898633587743
9,5,15,2,diurnal,8,random,fifo,25,205.61591941715483
9,5,15,2,diurnal,8,random,fifo,26,249.4235425696321
9,5,15,2,diurnal,8,random,fifo,27,251.25662193549476
9,5,15,2,diurnal,8,random,fifo,28,214.11590130165686
9,5,15,2,diurnal,8,random,fifo,29,232.7448475855483
9,5,15,2,diurnal,8,random,fifo,30,269.4708947041855
9,5,15,2,diurnal,8,random,fifo,31,189.9765419798908
9,5,15,2,diurnal,8,random,fifo,32,255.64403217324084
9,5,15,2,diurnal,8,random,fifo,33,207.84240335846133
9,5,15,2,diurnal,8,random,fifo,34,248.26640299097926
9,5,15,2,diurnal,8,random,fifo,35,206.71601936895317
9,5,15,2,diurnal,8,random,fifo,36,296.7948529204171
9,5,15,2,diurnal,8,random,fifo,37,157.5006603248782
9,5,15,2,diurnal,8,random,fifo,38,157.46123205070415
9,5,15,2,diurnal,8,random,fifo,39,218.71092517002927
9,5,15,2,diurnal,8,random,fifo,40,201.17352331876808
9,5,15,2,diurnal,8,random,fifo,41,145.51693155192794
9,5,15,2,diurnal,8,random,fifo,42,191.13579280599765
9,5,15,2,diurnal,8,random,fifo,43,207.94529747835765
9,5,15,2,diurnal,8,random,fifo,44,226.08472515379677
9,5,15,2,diurnal,8,random,fifo,45,183.1790816373745
9,5,15,2,diurnal,8,random,fifo,46,248.12678968666862
9,5,15,2,diurnal,8,random,fifo,47,221.29494774495822
9,5,15,2,diurnal,8,random,fifo,48,234.19134149696885
9,5,15,2,diurnal,8,random,fifo,49,202.51386966626703
9,5,15,2,diurnal,8,random,fifo,50,184.30905066147574
9,5,15,2,diurnal,8,random,fifo,51,223.28038215299253
9,5,15,2,diurnal,8,random,fifo,52,208.97698760214317
9,5,15,2,diurnal,8,random,fifo,53,271.09580125006687
9,5,15,2,diurnal,8,random,fifo,54,224.7749471443223
9,5,15,2,diurnal,8,random,fifo,55,263.78567733742705
9,5,15,2,diurnal,8,random,fifo,56,224.64367142720798
9,5,15,2,diurnal,8,random,fifo,57,202.93096669030072
9,5,15,2,diurnal,8,random,fifo,58,161.64922631148306
9,5,15,2,diurnal,8,random,fifo,59,168.81702768154685
9,5,15,2,diurnal,8,random,fifo,60,192.72495930653307
9,5,15,2,diurnal,8,random,fifo,61,201.6500603472332
9,5,15,2,diurnal,8,random,fifo,62,254.46123205070415
9,5,15,2,diurnal,8,random,fifo,63,193.96182957668853
9,5,15,2,diurnal,8,random,fifo,64,216.30510623390018
9,5,15,2,diurnal,8,random,fifo,65,135.83523342915697
9,5,15,2,diurnal,8,random,fifo,66,248.51481111147766
9,5,15,2,diurnal,8,random,fifo,67,215.55746001416574
9,5,15,2,diurnal,8,random,fifo,68,250.42988592635726
9,5,15,2,diurnal,8,random,fifo,69,212.51301542085048
9,5,15,2,diurnal,8,random,fifo,70,216.40238989743762
9,5,15,2,diurnal,8,random,fifo,71,253.5038640734044
9,5,15,2,diurnal,8,random,fifo,72,198.00817588545289
9,5,15,2,diurnal,8,random,fifo,73,193.2497620172369
9,5,15,2,diurnal,8,random,fifo,74,188.68418424549688
9,5,15,2,diurnal,8,random,fifo,75,149.75025733278025
9,5,15,2,diurnal,8,random,fifo,76,257.73308361371244
9,5,15,2,diurnal,8,random,fifo,77,174.50154294568816
9,5,15,2,diurnal,8,random,fifo,78,162.84197669055476
9,5,15,2,diurnal,8,random,fifo,79,179.0803961277365
9,5,15,2,diurnal,8,random,fifo,80,182.17016857385372
9,5,15,2,diurnal,8,random,fifo,81,157.71601936895317
9,5,15,2,diurnal,8,random,fifo,82,167.06264526549754
9,5,15,2,diurnal,8,random,fifo,83,268.48010093381555
9,5,15,2,diurnal,8,random,fifo,84,130.16615574993227
9,5,15,2,diurnal,8,random,fifo,85,154.95940817896897
9,5,15,2,diurnal,8,random,fifo,86,206.94892422501684
9,5,15,2,diurnal,8,random,fifo,87,163.94318264881224
9,5,15,2,diurnal,8,random,fifo,88,195.83280196704416
9,5,15,2,diurnal,8,random,fifo,89,218.76506341219516
9,5,15,2,diurnal,8,random,fifo,90,192.77065345109247
9,5,15,2,diurnal,8,random,fifo,91,213.47196741701725
9,5,15,2,diurnal,8,random,fifo,92,195.37082564470094
9,5,15,2,diurnal,8,random,fifo,93,166.5601192272853
9,5,15,2,diurnal,8,random,fifo,94,212.51301542085048
9,5,15,2,diurnal,8,random,fifo,95,246.01630257782324
9,5,15,2,diurnal,8,random,fifo,96,184.81439656395682
9,5,15,2,diurnal,8,random,fifo,97,243.98171418200096
9,5,15,2,diurnal,8,random,fifo,98,214.28777576804032
9,5,15,2,diurnal,8,random,fifo,99,177.5217419801713
9,5,15,2,diurnal,8,random,fifo,100,212.51481111147766
9,5,15,2,diurnal,8,random,fifo,101,228.80081866698904
9,5,15,2,diurnal,8,random,fifo,102,156.7078463921078
9,5,15,2,diurnal,8,random,fifo,103,133.2651416726133
9,5,15,2,diurnal,8,random,fifo,104,168.30905066147574
9,5,15,2,diurnal,8,random,fifo,105,208.49506987729092
9,5,15,2,diurnal,8,random,fifo,106,174.13152372403448
9,5,15,2,diurnal,8,random,fifo,107,177.8143566041026
9,5,15,2,diurnal,8,random,fifo,108,256.6901901313317
9,5,15,2,diurnal,8,random,fifo,109,218.6860256407017
9,5,15,2,diurnal,8,random,fifo,110,190.36251579237413
9,5,15,2,diurnal,8,random,fifo,111,153.51301542085048
9,5,15,2,diurnal,8,random,fifo,112,184.26640299097926
9,5,15,2,diurnal,8,random,fifo,113,238.2446542718179
9,5,15,2,diurnal,8,random,fifo,114,175.56422566242077
9,5,15,2,diurnal,8,random,fifo,115,264.7999910381796
9,5,15,2,diurnal,8,random,fifo,116,133.65144079321897
9,5,15,2,diurnal,8,random,fifo,117,241.35494569184272
9,5,15,2,diurnal,8,random,fifo,118,274.4593926086308
9,5,15,2,diurnal,8,random,fifo,119,192.28703009117226
9,5,15,2,diurnal,8,random,fifo,120,123.71601936895317
9,5,15,2,diurnal,8,random,fifo,121,206.98033416629187
9,5,15,2,diurnal,8,random,fifo,122,225.06047864338362
9,5,15,2,diurnal,8,random,fifo,123,220.91919759798375
9,5,15,2,diurnal,8,random,fifo,124,197.64367142720798
9,5,15,2,diurnal,8,random,fifo,125,167.259968147026
9,5,15,2,diurnal,8,random,fifo,126,168.43081539499224
9,5,15,2,diurnal,8,random,fifo,127,250.69996331672303
9,5,15,2,diurnal,8,random,fifo,128,312.56422566242077
9,5,15,2,diurnal,8,random,fifo,129,204.41850844671322
9,5,15,2,diurnal,8,random,fifo,130,231.37666768278547
9,5,15,2,diurnal,8,random,fifo,131,215.93056212592475
9,5,15,2,diurnal,8,random,fifo,132,216.64018696173434
9,5,15,2,diurnal,8,random,fifo,133,181.40238989743762
9,5,15,2,diurnal,8,random,fifo,134,163.03260095491208
9,5,15,2,diurnal,8,random,fifo,135,194.4567941048627
9,5,15,2,diurnal,8,random,fifo,136,215.0822952576403
9,5,15,2,diurnal,8,random,fifo,137,177.98548361049606
9,5,15,2,diurnal,8,random,fifo,138,249.65951231315327
9,5,15,2,diurnal,8,random,fifo,139,229.7125009751765
9,5,15,2,diurnal,8,random,fifo,140,223.34376262675124
9,5,15,2,diurnal,8,random,fifo,141,196.97260874731728
9,5,15,2,diurnal,8,random,fifo,142,206.2651416726133
9,5,15,2,diurnal,8,random,fifo,143,124.66453454463702
9,5,15,2,diurnal,8,random,fifo,144,222.72495930653307
9,5,15,2,diurnal,8,random,fifo,145,189.4934207926574
9,5,15,2,diurnal,8,random,fifo,146,234.42988592635726
9,5,15,2,diurnal,8,random,fifo,147,207.57673680675725
9,5,15,2,diurnal,8,random,fifo,148,171.50154294568816
9,5,15,2,diurnal,8,random,fifo,149,174.47196741701725
9,5,15,2,diurnal,8,random,fifo,150,231.2192667118594
9,5,15,2,diurnal,8,random,fifo,151,182.6500603472332
9,5,15,2,diurnal,8,random,fifo,152,180.19246172769365
9,5,15,2,diurnal,8,random,fifo,153,149.17092859370732
9,5,15,2,diurnal,8,random,fifo,154,226.23691915466395
9,5,15,2,diurnal,8,random,fifo,155,212.38360192424614
9,5,15,2,diurnal,8,random,fifo,156,227.88558431584426
9,5,15,2,diurnal,8,random,fifo,157,182.5143676119037
9,5,15,2,diurnal,8,random,fifo,158,217.78467063703744
9,5,15,2,diurnal,8,random,fifo,159,224.11590130165686
9,5,15,2,diurnal,8,random,fifo,160,122.08948861910595
9,5,15,2,diurnal,8,random,fifo,161,218.69709248339018
9,5,15,2,diurnal,8,random,fifo,162,209.9405514389359
9,5,15,2,diurnal,8,random,fifo,163,170.72084590779141
9,5,15,2,diurnal,8,random,fifo,164,241.35494569184272
9,5,15,2,diurnal,8,random,fifo,165,178.89186811683987
9,5,15,2,diurnal,8,random,fifo,166,250.64403217324084
9,5,15,2,diurnal,8,random,fifo,167,240.16580664447415
9,5,15,2,diurnal,8,random,fifo,168,283.9305621259248
9,5,15,2,diurnal,8,random,fifo,169,153.89186811683987
9,5,15,2,diurnal,8,random,fifo,170,188.1790816373745
9,5,15,2,diurnal,8,random,fifo,171,230.44784688422257
9,5,15,2,diurnal,8,random,fifo,172,159.62826539690244
9,5,15,2,diurnal,8,random,fifo,173,214.5217419801713
9,5,15,2,diurnal,8,random,fifo,174,214.78567733742707
9,5,15,2,diurnal,8,random,fifo,175,190.37666768278547
9,5,15,2,diurnal,8,random,fifo,176,207.72495930653307
9,5,15,2,diurnal,8,random,fifo,177,244.85976113904013
9,5,15,2,diurnal,8,random,fifo,178,223.84154175080977
9,5,15,2,diurnal,8,random,fifo,179,221.64319487214527
9,5,15,2,diurnal,8,random,fifo,180,190.3449799348632
9,5,15,2,diurnal,8,random,fifo,181,154.2192667118594
9,5,15,2,diurnal,8,random,fifo,182,215.02133270271202
9,5,15,2,diurnal,8,random,fifo,183,191.2964635159927
9,5,15,2,diurnal,8,random,fifo,184,190.74675421095782
9,5,15,2,diurnal,8,random,fifo,185,237.25662193549476
9,5,15,2,diurnal,8,random,fifo,186,143.94892422501684
9,5,15,2,diurnal,8,random,fifo,187,215.37082564470094
9,5,15,2,diurnal,8,random,fifo,188,146.29494774495822
9,5,15,2,diurnal,8,random,fifo,189,271.09580125006687
9,5,15,2,diurnal,8,random,fifo,190,252.97090937810032
9,5,15,2,diurnal,8,random,fifo,191,226.09843044128576
9,5,15,2,diurnal,8,random,fifo,192,227.53723339650807
9,5,15,2,diurnal,8,random,fifo,193,204.93056212592475
9,5,15,2,diurnal,8,random,fifo,194,185.42988592635726
9,5,15,2,diurnal,8,random,fifo,195,203.36925856720214
9,5,15,2,diurnal,8,random,fifo,196,189.06947930549632
9,5,15,2,diurnal,8,random,fifo,197,197.84240335846133
9,5,15,2,diurnal,8,random,fifo,198,184.1156393566826
9,5,15,2,diurnal,8,random,fifo,199,283.9305621259248
9,5,15,2,diurnal,8,random,cluster,0,215.99232703711542
9,5,15,2,diurnal,8,random,cluster,1,158.56708844148505
9,5,15,2,diurnal,8,random,cluster,2,147.30867296821836
9,5,15,2,diurnal,8,random,cluster,3,160.5217419801713
9,5,15,2,diurnal,8,random,cluster,4,182.64367142720798
9,5,15,2,diurnal,8,random,cluster,5,271.04309192332715
9,5,15,2,diurnal,8,random,cluster,6,128.83703811967837
9,5,15,2,diurnal,8,random,cluster,7,160.34770510698448
9,5,15,2,diurnal,8,random,cluster,8,170.68418424549688
9,5,15,2,diurnal,8,random,cluster,9,231.79324785300759
9,5,15,2,diurnal,8,random,cluster,10,229.09948442687391
9,5,15,2,diurnal,8,random,cluster,11,153.8143566041026
9,5,15,2,diurnal,8,random,cluster,12,220.53720046008465
9,5,15,2,diurnal,8,random,cluster,13,217.50881568590447
9,5,15,2,diurnal,8,random,cluster,14,195.55363994294683
9,5,15,2,diurnal,8,random,cluster,15,238.349938036127
9,5,15,2,diurnal,8,random,cluster,16,150.47196741701725
9,5,15,2,diurnal,8,random,cluster,17,241.3334922593845
9,5,15,2,diurnal,8,random,cluster,18,240.26580581465336
9,5,15,2,diurnal,8,random,cluster,19,319.3785963437489
9,5,15,2,diurnal,8,random,cluster,20,262.37207394579855
9,5,15,2,diurnal,8,random,cluster,21,193.36764903264472
9,5,15,2,diurnal,8,random,cluster,22,211.41158254882356
9,5,15,2,diurnal,8,random,cluster,23,201.3619639498604
9,5,15,2,diurnal,8,random,cluster,24,222.91898633587743
9,5,15,2,diurnal,8,random,cluster,25,182.4871766376774
9,5,15,2,diurnal,8,random,cluster,26,236.69996331672303
9,5,15,2,diurnal,8,random,cluster,27,232.25662193549476
9,5,15,2,diurnal,8,random,cluster,28,154.79430627426592
9,5,15,2,diurnal,8,random,cluster,29,236.7448475855483
9,5,15,2,diurnal,8,random,cluster,30,239.4708947041855
9,5,15,2,diurnal,8,random,cluster,31,163.30364090518967
9,5,15,2,diurnal,8,random,cluster,32,245.64403217324084
9,5,15,2,diurnal,8,random,cluster,33,187.84240335846133
9,5,15,2,diurnal,8,random,cluster,34,230.94527591206227
9,5,15,2,diurnal,8,random,cluster,35,139.27684395916216
9,5,15,2,diurnal,8,random,cluster,36,281.7948529204171
9,5,15,2,diurnal,8,random,cluster,37,175.9405514389359
9,5,15,2,diurnal,8,random,cluster,38,171.46123205070415
9,5,15,2,diurnal,8,random,cluster,39,170.26640299097926
9,5,15,2,diurnal,8,random,cluster,40,155.17352331876808
9,5,15,2,diurnal,8,random,cluster,41,143.1660632862009
9,5,15,2,diurnal,8,random,cluster,42,221.13579280599765
9,5,15,2,diurnal,8,random,cluster,43,194.4589488575175
9,5,15,2,diurnal,8,random,cluster,44,232.08472515379677
9,5,15,2,diurnal,8,random,cluster,45,191.10003994714518
9,5,15,2,diurnal,8,random,cluster,46,219.12678968666862
9,5,15,2,diurnal,8,random,cluster,47,241.5006603248782
9,5,15,2,diurnal,8,random,cluster,48,263.19134149696885
9,5,15,2,diurnal,8,random,cluster,49,212.51386966626703
9,5,15,2,diurnal,8,random,cluster,50,203.02217763592216
9,5,15,2,diurnal,8,random,cluster,51,292.2803821529925
9,5,15,2,diurnal,8,random,cluster,52,257.97698760214314
9,5,15,2,diurnal,8,random,cluster,53,210.32997632420629
9,5,15,2,diurnal,8,random,cluster,54,193.2497620172369
9,5,15,2,diurnal,8,random,cluster,55,243.8001607295263
9,5,15,2,diurnal,8,random,cluster,56,205.3231844339901
9,5,15,2,diurnal,8,random,cluster,57,239.19246172769365
9,5,15,2,diurnal,8,random,cluster,58,159.79284063158832
9,5,15,2,diurnal,8,random,cluster,59,198.81702768154685
9,5,15,2,diurnal,8,random,cluster,60,213.78467063703744
9,5,15,2,diurnal,8,random,cluster,61,211.26602426347284
9,5,15,2,diurnal,8,random,cluster,62,195.46123205070415
9,5,15,2,diurnal,8,random,cluster,63,227.96182957668853
9,5,15,2,diurnal,8,random,cluster,64,228.74023904533112
9,5,15,2,diurnal,8,random,cluster,65,119.15459903797888
9,5,15,2,diurnal,8,random,cluster,66,169.30867296821836
9,5,15,2,diurnal,8,random,cluster,67,217.36688303736548
9,5,15,2,diurnal,8,random,cluster,68,222.76636278725692
9,5,15,2,diurnal,8,random,cluster,69,228.19686146528818
9,5,15,2,diurnal,8,random,cluster,70,216.40238989743762
9,5,15,2,diurnal,8,random,cluster,71,199.5038640734044
9,5,15,2,diurnal,8,random,cluster,72,209.80081866698904
9,5,15,2,diurnal,8,random,cluster,73,197.95908356099588
9,5,15,2,diurnal,8,random,cluster,74,171.31085052615686
9,5,15,2,diurnal,8,random,cluster,75,165.24498694090917
9,5,15,2,diurnal,8,random,cluster,76,251.71730320934856
9,5,15,2,diurnal,8,random,cluster,77,170.50154294568816
9,5,15,2,diurnal,8,random,cluster,78,164.86929506371385
9,5,15,2,diurnal,8,random,cluster,79,243.4589488575175
9,5,15,2,diurnal,8,random,cluster,80,174.85747426330065
9,5,15,2,diurnal,8,random,cluster,81,125.95908356099588
9,5,15,2,diurnal,8,random,cluster,82,181.93112187840057
9,5,15,2,diurnal,8,random,cluster,83,264.130399209395
9,5,15,2,diurnal,8,random,cluster,84,153.86927448937988
9,5,15,2,diurnal,8,random,cluster,85,170.67043363851138
9,5,15,2,diurnal,8,random,cluster,86,190.39878336857282
9,5,15,2,diurnal,8,random,cluster,87,202.10003994714518
9,5,15,2,diurnal,8,random,cluster,88,176.933944907014
9,5,15,2,diurnal,8,random,cluster,89,214.76506341219516
9,5,15,2,diurnal,8,random,cluster,90,186.71059897095125
9,5,15,2,diurnal,8,random,cluster,91,208.47196741701725
9,5,15,2,diurnal,8,random,cluster,92,169.6860256407017
9,5,15,2,diurnal,8,random,cluster,93,152.09396470451074
9,5,15,2,diurnal,8,random,cluster,94,228.19686146528818
9,5,15,2,diurnal,8,random,cluster,95,228.01630257782324
9,5,15,2,diurnal,8,random,cluster,96,168.81439656395682
9,5,15,2,diurnal,8,random,cluster,97,229.98171418200096
9,5,15,2,diurnal,8,random,cluster,98,170.28777576804032
9,5,15,2,diurnal,8,random,cluster,99,164.5217419801713
9,5,15,2,diurnal,8,random,cluster,100,206.13579280599765
9,5,15,2,diurnal,8,random,cluster,101,195.4816862648889
9,5,15,2,diurnal,8,random,cluster,102,156.7078463921078
9,5,15,2,diurnal,8,random,cluster,103,182.64922631148306
9,5,15,2,diurnal,8,random,cluster,104,152.83703811967837
9,5,15,2,diurnal,8,random,cluster,105,251.49506987729092
9,5,15,2,diurnal,8,random,cluster,106,159.56447593042608
9,5,15,2,diurnal,8,random,cluster,107,151.8351668932526
9,5,15,2,diurnal,8,random,cluster,108,216.61591941715483
9,5,15,2,diurnal,8,random,cluster,109,229.4028348546332
9,5,15,2,diurnal,8,random,cluster,110,215.36251579237413
9,5,15,2,diurnal,8,random,cluster,111,260.5130154208505
9,5,15,2,diurnal,8,random,cluster,112,229.26640299097926
9,5,15,2,diurnal,8,random,cluster,113,251.30364090518967
9,5,15,2,diurnal,8,random,cluster,114,176.56422566242077
9,5,15,2,diurnal,8,random,cluster,115,269.466709660636
9,5,15,2,diurnal,8,random,cluster,116,158.43867409528832
9,5,15,2,diurnal,8,random,cluster,117,237.35494569184272
9,5,15,2,diurnal,8,random,cluster,118,187.76636278725692
9,5,15,2,diurnal,8,random,cluster,119,241.79165327213337
9,5,15,2,diurnal,8,random,cluster,120,126.10992678478983
9,5,15,2,diurnal,8,random,cluster,121,213.51481111147766
9,5,15,2,diurnal,8,random,cluster,122,188.85747426330065
9,5,15,2,diurnal,8,random,cluster,123,206.91919759798375
9,5,15,2,diurnal,8,random,cluster,124,177.30510623390018
9,5,15,2,diurnal,8,random,cluster,125,192.23048195457363
9,5,15,2,diurnal,8,random,cluster,126,173.30905066147574
9,5,15,2,diurnal,8,random,cluster,127,224.3619639498604
9,5,15,2,diurnal,8,random,cluster,128,307.56422566242077
9,5,15,2,diurnal,8,random,cluster,129,248.41850844671322
9,5,15,2,diurnal,8,random,cluster,130,226.81702768154685
9,5,15,2,diurnal,8,random,cluster,131,278.9305621259248
9,5,15,2,diurnal,8,random,cluster,132,241.64018696173434
9,5,15,2,diurnal,8,random,cluster,133,208.19259597828474
9,5,15,2,diurnal,8,random,cluster,134,146.77568785168208
9,5,15,2,diurnal,8,random,cluster,135,192.0761752164304
9,5,15,2,diurnal,8,random,cluster,136,243.9405514389359
9,5,15,2,diurnal,8,random,cluster,137,163.98548361049606
9,5,15,2,diurnal,8,random,cluster,138,246.20652639072864
9,5,15,2,diurnal,8,random,cluster,139,252.10726111679355
9,5,15,2,diurnal,8,random,cluster,140,164.97796811063864
9,5,15,2,diurnal,8,random,cluster,141,191.97260874731728
9,5,15,2,diurnal,8,random,cluster,142,188.60859898232437
9,5,15,2,diurnal,8,random,cluster,143,152.73139356392667
9,5,15,2,diurnal,8,random,cluster,144,266.72495930653304
9,5,15,2,diurnal,8,random,cluster,145,179.4934207926574
9,5,15,2,diurnal,8,random,cluster,146,204.42988592635726
9,5,15,2,diurnal,8,random,cluster,147,195.85976113904013
9,5,15,2,diurnal,8,random,cluster,148,160.50154294568816
9,5,15,2,diurnal,8,random,cluster,149,197.86231703739162
9,5,15,2,diurnal,8,random,cluster,150,241.3863082010043
9,5,15,2,diurnal,8,random,cluster,151,223.41088003231744
9,5,15,2,diurnal,8,random,cluster,152,138.19246172769365
9,5,15,2,diurnal,8,random,cluster,153,156.202735838401
9,5,15,2,diurnal,8,random,cluster,154,228.3438583945123
9,5,15,2,diurnal,8,random,cluster,155,226.39076485152785
9,5,15,2,diurnal,8,random,cluster,156,278.3487233137216
9,5,15,2,diurnal,8,random,cluster,157,157.5143676119037
9,5,15,2,diurnal,8,random,cluster,158,239.44177229145737
9,5,15,2,diurnal,8,random,cluster,159,242.11590130165686
9,5,15,2,diurnal,8,random,cluster,160,115.92662767656796
9,5,15,2,diurnal,8,random,cluster,161,258.6970924833902
9,5,15,2,diurnal,8,random,cluster,162,205.9405514389359
9,5,15,2,diurnal,8,random,cluster,163,182.5095658399486
9,5,15,2,diurnal,8,random,cluster,164,237.35494569184272
9,5,15,2,diurnal,8,random,cluster,165,169.13579280599765
9,5,15,2,diurnal,8,random,cluster,166,231.6186846952391
9,5,15,2,diurnal,8,random,cluster,167,272.9534161166904
9,5,15,2,diurnal,8,random,cluster,168,284.9305621259248
9,5,15,2,diurnal,8,random,cluster,169,168.89186811683987
9,5,15,2,diurnal,8,random,cluster,170,173.1790816373745
9,5,15,2,diurnal,8,random,cluster,171,135.51693155192794
9,5,15,2,diurnal,8,random,cluster,172,159.62826539690244
9,5,15,2,diurnal,8,random,cluster,173,197.8216155668024
9,5,15,2,diurnal,8,random,cluster,174,235.26580581465336
9,5,15,2,diurnal,8,random,cluster,175,174.37666768278547
9,5,15,2,diurnal,8,random,cluster,176,217.72495930653307
9,5,15,2,diurnal,8,random,cluster,177,263.50670243733595
9,5,15,2,diurnal,8,random,cluster,178,217.20550148355494
9,5,15,2,diurnal,8,random,cluster,179,181.64319487214527
9,5,15,2,diurnal,8,random,cluster,180,218.35546660801157
9,5,15,2,diurnal,8,random,cluster,181,217.2192667118594
9,5,15,2,diurnal,8,random,cluster,182,184.29231057483565
9,5,15,2,diurnal,8,random,cluster,183,170.9916843729875
9,5,15,2,diurnal,8,random,cluster,184,224.74675421095782
9,5,15,2,diurnal,8,random,cluster,185,204.80000157100488
9,5,15,2,diurnal,8,random,cluster,186,153.94892422501684
9,5,15,2,diurnal,8,random,cluster,187,176.37082564470094
9,5,15,2,diurnal,8,random,cluster,188,116.29494774495821
9,5,15,2,diurnal,8,random,cluster,189,210.32997632420629
9,5,15,2,diurnal,8,random,cluster,190,237.97090937810032
9,5,15,2,diurnal,8,random,cluster,191,252.97698760214317
9,5,15,2,diurnal,8,random,cluster,192,167.17456866169607
9,5,15,2,diurnal,8,random,cluster,193,207.6529230685385
9,5,15,2,diurnal,8,random,cluster,194,221.16307555014296
9,5,15,2,diurnal,8,random,cluster,195,165.36691242555077
9,5,15,2,diurnal,8,random,cluster,196,261.8426546134489
9,5,15,2,diurnal,8,random,cluster,197,237.6525225894629
9,5,15,2,diurnal,8,random,cluster,198,203.01341642224196
9,5,15,2,diurnal,8,random,cluster,199,284.9305621259248
9,5,15,2,diurnal,8,phi_corner,fifo,0,196.08925699658232
9,5,15,2,diurnal,8,phi_corner,fifo,1,151.7078463921078
9,5,15,2,diurnal,8,phi_corner,fifo,2,220.29494774495822
9,5,15,2,diurnal,8,phi_corner,fifo,3,214.43867409528832
9,5,15,2,diurnal,8,phi_corner,fifo,4,215.11871432706047
9,5,15,2,diurnal,8,phi_corner,fifo,5,177.47658071765477
9,5,15,2,diurnal,8,phi_corner,fifo,6,225.51025744774597
9,5,15,2,diurnal,8,phi_corner,fifo,7,142.31085052615686
9,5,15,2,diurnal,8,phi_corner,fifo,8,239.3449799348632
9,5,15,2,diurnal,8,phi_corner,fifo,9,181.25382732722966
9,5,15,2,diurnal,8,phi_corner,fifo,10,162.8226855274707
9,5,15,2,diurnal,8,phi_corner,fifo,11,151.71694747244265
9,5,15,2,diurnal,8,phi_corner,fifo,12,311.84154175080977
9,5,15,2,diurnal,8,phi_corner,fifo,13,164.7368635654138
9,5,15,2,diurnal,8,phi_corner,fifo,14,214.77226978729283
9,5,15,2,diurnal,8,phi_corner,fifo,15,197.09396470451074
9,5,15,2,diurnal,8,phi_corner,fifo,16,175.46553822673172
9,5,15,2,diurnal,8,phi_corner,fifo,17,248.4837022591156
9,5,15,2,diurnal,8,phi_corner,fifo,18,196.08925699658232
9,5,15,2,diurnal,8,phi_corner,fifo,19,167.8784507670962
9,5,15,2,diurnal,8,phi_corner,fifo,20,208.5038640734044
9,5,15,2,diurnal,8,phi_corner,fifo,21,155.01341642224196
9,5,15,2,diurnal,8,phi_corner,fifo,22,234.7368635654138
9,5,15,2,diurnal,8,phi_corner,fifo,23,124.8446452245179
9,5,15,2,diurnal,8,phi_corner,fifo,24,177.47658071765477
9,5,15,2,diurnal,8,phi_corner,fifo,25,188.48181950581096
9,5,15,2,diurnal,8,phi_corner,fifo,26,223.20352212267838
9,5,15,2,diurnal,8,phi_corner,fifo,27,160.70759586926295
9,5,15,2,diurnal,8,phi_corner,fifo,28,163.87516384608773
9,5,15,2,diurnal,8,phi_corner,fifo,29,183.91898633587743
9,5,15,2,diurnal,8,phi_corner,fifo,30,206.08918338872763
9,5,15,2,diurnal,8,phi_corner,fifo,31,204.41699658661616
9,5,15,2,diurnal,8,phi_corner,fifo,32,170.71694747244265
9,5,15,2,diurnal,8,phi_corner,fifo,33,177.98548361049606
9,5,15,2,diurnal,8,phi_corner,fifo,34,147.97211563905657
9,5,15,2,diurnal,8,phi_corner,fifo,35,214.3674588445285
9,5,15,2,diurnal,8,phi_corner,fifo,36,258.4235425696321
9,5,15,2,diurnal,8,phi_corner,fifo,37,118.62790097709049
9,5,15,2,diurnal,8,phi_corner,fifo,38,238.12106304809396
9,5,15,2,diurnal,8,phi_corner,fifo,39,158.84918000462318
9,5,15,2,diurnal,8,phi_corner,fifo,40,188.27544678074742
9,5,15,2,diurnal,8,phi_corner,fifo,41,129.95908356099588
9,5,15,2,diurnal,8,phi_corner,fifo,42,197.27939059175827
9,5,15,2,diurnal,8,phi_corner,fifo,43,242.26998488419545
9,5,15,2,diurnal,8,phi_corner,fifo,44,207.94326430105474
9,5,15,2,diurnal,8,phi_corner,fifo,45,226.82476369047382
9,5,15,2,diurnal,8,phi_corner,fifo,46,169.71730320934856
9,5,15,2,diurnal,8,phi_corner,fifo,47,220.29494774495822
9,5,15,2,diurnal,8,phi_corner,fifo,48,226.19708117874177
9,5,15,2,diurnal,8,phi_corner,fifo,49,239.63391531744116
9,5,15,2,diurnal,8,phi_corner,fifo,50,223.20352212267838
9,5,15,2,diurnal,8,phi_corner,fifo,51,176.68859543214393
9,5,15,2,diurnal,8,phi_corner,fifo,52,103.39231714184201
9,5,15,2,diurnal,8,phi_corner,fifo,53,158.84918000462318
9,5,15,2,diurnal,8,phi_corner,fifo,54,186.83657316044972
9,5,15,2,diurnal,8,phi_corner,fifo,55,185.6728112257551
9,5,15,2,diurnal,8,phi_corner,fifo,56,164.7368635654138
9,5,15,2,diurnal,8,phi_corner,fifo,57,242.69709248339018
9,5,15,2,diurnal,8,phi_corner,fifo,58,223.49369542254993
9,5,15,2,diurnal,8,phi_corner,fifo,59,260.32721905053097
9,5,15,2,diurnal,8,phi_corner,fifo,60,191.2764736967303
9,5,15,2,diurnal,8,phi_corner,fifo,61,234.16484323049158
9,5,15,2,diurnal,8,phi_corner,fifo,62,259.3276691245801
9,5,15,2,diurnal,8,phi_corner,fifo,63,208.45220156376405
9,5,15,2,diurnal,8,phi_corner,fifo,64,214.3674588445285
9,5,15,2,diurnal,8,phi_corner,fifo,65,186.03820284126465
9,5,15,2,diurnal,8,phi_corner,fifo,66,168.00817588545289
9,5,15,2,diurnal,8,phi_corner,fifo,67,252.51693155192794
9,5,15,2,diurnal,8,phi_corner,fifo,68,242.54872168962726
9,5,15,2,diurnal,8,phi_corner,fifo,69,165.35546660801157
9,5,15,2,diurnal,8,phi_corner,fifo,70,197.19686146528818
9,5,15,2,diurnal,8,phi_corner,fifo,71,204.35502037345742
9,5,15,2,diurnal,8,phi_corner,fifo,72,177.47658071765477
9,5,15,2,diurnal,8,phi_corner,fifo,73,184.92087910798355
9,5,15,2,diurnal,8,phi_corner,fifo,74,199.81493207422983
9,5,15,2,diurnal,8,phi_corner,fifo,75,191.86927448937988
9,5,15,2,diurnal,8,phi_corner,fifo,76,204.41699658661616
9,5,15,2,diurnal,8,phi_corner,fifo,77,181.64319487214527
9,5,15,2,diurnal,8,phi_corner,fifo,78,149.75025733278025
9,5,15,2,diurnal,8,phi_corner,fifo,79,205.74675421095782
9,5,15,2,diurnal,8,phi_corner,fifo,80,155.01341642224196
9,5,15,2,diurnal,8,phi_corner,fifo,81,208.45220156376405
9,5,15,2,diurnal,8,phi_corner,fifo,82,188.54872168962726
9,5,15,2,diurnal,8,phi_corner,fifo,83,189.37207394579858
9,5,15,2,diurnal,8,phi_corner,fifo,84,188.54872168962726
9,5,15,2,diurnal,8,phi_corner,fifo,85,223.7948529204171
9,5,15,2,diurnal,8,phi_corner,fifo,86,240.30904311545902
9,5,15,2,diurnal,8,phi_corner,fifo,87,242.26998488419545
9,5,15,2,diurnal,8,phi_corner,fifo,88,216.1215766097558
9,5,15,2,diurnal,8,phi_corner,fifo,89,222.1322997323277
9,5,15,2,diurnal,8,phi_corner,fifo,90,185.6728112257551
9,5,15,2,diurnal,8,phi_corner,fifo,91,187.20652639072864
9,5,15,2,diurnal,8,phi_corner,fifo,92,223.81702768154685
9,5,15,2,diurnal,8,phi_corner,fifo,93,229.8994788806593
9,5,15,2,diurnal,8,phi_corner,fifo,94,200.26602426347284
9,5,15,2,diurnal,8,phi_corner,fifo,95,133.87440328930782
9,5,15,2,diurnal,8,phi_corner,fifo,96,152.28491607994192
9,5,15,2,diurnal,8,phi_corner,fifo,97,269.7509442544543
9,5,15,2,diurnal,8,phi_corner,fifo,98,168.94423398293742
9,5,15,2,diurnal,8,phi_corner,fifo,99,218.72885273965207
9,5,15,2,diurnal,8,phi_corner,fifo,100,185.6728112257551
9,5,15,2,diurnal,8,phi_corner,fifo,101,239.63391531744116
9,5,15,2,diurnal,8,phi_corner,fifo,102,270.5133527023191
9,5,15,2,diurnal,8,phi_corner,fifo,103,231.91373712365655
9,5,15,2,diurnal,8,phi_corner,fifo,104,216.25382732722966
9,5,15,2,diurnal,8,phi_corner,fifo,105,205.7183887963924
9,5,15,2,diurnal,8,phi_corner,fifo,106,146.09948442687391
9,5,15,2,diurnal,8,phi_corner,fifo,107,194.83944123428606
9,5,15,2,diurnal,8,phi_corner,fifo,108,206.64018696173434
9,5,15,2,diurnal,8,phi_corner,fifo,109,232.64018696173434
9,5,15,2,diurnal,8,phi_corner,fifo,110,189.16615574993227
9,5,15,2,diurnal,8,phi_corner,fifo,111,216.79324785300759
9,5,15,2,diurnal,8,phi_corner,fifo,112,211.69996331672303
9,5,15,2,diurnal,8,phi_corner,fifo,113,191.94527591206227
9,5,15,2,diurnal,8,phi_corner,fifo,114,219.17352331876808
9,5,15,2,diurnal,8,phi_corner,fifo,115,158.57353862622932
9,5,15,2,diurnal,8,phi_corner,fifo,116,248.37414322251314
9,5,15,2,diurnal,8,phi_corner,fifo,117,161.05783416449265
9,5,15,2,diurnal,8,phi_corner,fifo,118,173.97321743788353
9,5,15,2,diurnal,8,phi_corner,fifo,119,155.01341642224196
9,5,15,2,diurnal,8,phi_corner,fifo,120,171.3263119817952
9,5,15,2,diurnal,8,phi_corner,fifo,121,193.96927735113962
9,5,15,2,diurnal,8,phi_corner,fifo,122,226.82476369047382
9,5,15,2,diurnal,8,phi_corner,fifo,123,234.16484323049158
9,5,15,2,diurnal,8,phi_corner,fifo,124,271.95940817896894
9,5,15,2,diurnal,8,phi_corner,fifo,125,183.79430627426592
9,5,15,2,diurnal,8,phi_corner,fifo,126,197.27939059175827
9,5,15,2,diurnal,8,phi_corner,fifo,127,231.79324785300759
9,5,15,2,diurnal,8,phi_corner,fifo,128,184.30905066147574
9,5,15,2,diurnal,8,phi_corner,fifo,129,186.19134149696885
9,5,15,2,diurnal,8,phi_corner,fifo,130,152.58037438871702
9,5,15,2,diurnal,8,phi_corner,fifo,131,242.26998488419545
9,5,15,2,diurnal,8,phi_corner,fifo,132,192.5983424972771
9,5,15,2,diurnal,8,phi_corner,fifo,133,186.19134149696885
9,5,15,2,diurnal,8,phi_corner,fifo,134,199.77781956570234
9,5,15,2,diurnal,8,phi_corner,fifo,135,220.28298655060772
9,5,15,2,diurnal,8,phi_corner,fifo,136,208.45220156376405
9,5,15,2,diurnal,8,phi_corner,fifo,137,207.5980404419634
9,5,15,2,diurnal,8,phi_corner,fifo,138,192.5983424972771
9,5,15,2,diurnal,8,phi_corner,fifo,139,178.08918338872763
9,5,15,2,diurnal,8,phi_corner,fifo,140,200.26602426347284
9,5,15,2,diurnal,8,phi_corner,fifo,141,173.14025323175622
9,5,15,2,diurnal,8,phi_corner,fifo,142,196.08925699658232
9,5,15,2,diurnal,8,phi_corner,fifo,143,219.19134149696885
9,5,15,2,diurnal,8,phi_corner,fifo,144,171.40732821906084
9,5,15,2,diurnal,8,phi_corner,fifo,145,186.19134149696885
9,5,15,2,diurnal,8,phi_corner,fifo,146,215.93056212592475
9,5,15,2,diurnal,8,phi_corner,fifo,147,204.6453131447775
9,5,15,2,diurnal,8,phi_corner,fifo,148,257.7288527396521
9,5,15,2,diurnal,8,phi_corner,fifo,149,196.55746001416574
9,5,15,2,diurnal,8,phi_corner,fifo,150,119.33131666177836
9,5,15,2,diurnal,8,phi_corner,fifo,151,178.08918338872763
9,5,15,2,diurnal,8,phi_corner,fifo,152,162.37859634374888
9,5,15,2,diurnal,8,phi_corner,fifo,153,191.94527591206227
9,5,15,2,diurnal,8,phi_corner,fifo,154,239.63391531744116
9,5,15,2,diurnal,8,phi_corner,fifo,155,181.70759586926295
9,5,15,2,diurnal,8,phi_corner,fifo,156,145.51693155192794
9,5,15,2,diurnal,8,phi_corner,fifo,157,142.31085052615686
9,5,15,2,diurnal,8,phi_corner,fifo,158,141.02354324957705
9,5,15,2,diurnal,8,phi_corner,fifo,159,208.92662767656796
9,5,15,2,diurnal,8,phi_corner,fifo,160,236.39914409252313
9,5,15,2,diurnal,8,phi_corner,fifo,161,174.83944123428606
9,5,15,2,diurnal,8,phi_corner,fifo,162,218.75947472986928
9,5,15,2,diurnal,8,phi_corner,fifo,163,208.88422267640465
9,5,15,2,diurnal,8,phi_corner,fifo,164,211.69996331672303
9,5,15,2,diurnal,8,phi_corner,fifo,165,199.51029652200015
9,5,15,2,diurnal,8,phi_corner,fifo,166,219.19134149696885
9,5,15,2,diurnal,8,phi_corner,fifo,167,206.08918338872763
9,5,15,2,diurnal,8,phi_corner,fifo,168,208.88422267640465
9,5,15,2,diurnal,8,phi_corner,fifo,169,132.54136500614248
9,5,15,2,diurnal,8,phi_corner,fifo,170,119.33131666177836
9,5,15,2,diurnal,8,phi_corner,fifo,171,222.1322997323277
9,5,15,2,diurnal,8,phi_corner,fifo,172,258.4235425696321
9,5,15,2,diurnal,8,phi_corner,fifo,173,144.84265461344887
9,5,15,2,diurnal,8,phi_corner,fifo,174,222.1322997323277
9,5,15,2,diurnal,8,phi_corner,fifo,175,182.92662767656796
9,5,15,2,diurnal,8,phi_corner,fifo,176,169.71730320934856
9,5,15,2,diurnal,8,phi_corner,fifo,177,210.91940765234037
9,5,15,2,diurnal,8,phi_corner,fifo,178,184.30905066147574
9,5,15,2,diurnal,8,phi_corner,fifo,179,181.36227748274433
9,5,15,2,diurnal,8,phi_corner,fifo,180,220.1790816373745
9,5,15,2,diurnal,8,phi_corner,fifo,181,204.41699658661616
9,5,15,2,diurnal,8,phi_corner,fifo,182,163.94318264881224
9,5,15,2,diurnal,8,phi_corner,fifo,183,149.1790816373745
9,5,15,2,diurnal,8,phi_corner,fifo,184,182.92662767656796
9,5,15,2,diurnal,8,phi_corner,fifo,185,154.82476369047382
9,5,15,2,diurnal,8,phi_corner,fifo,186,149.1790816373745
9,5,15,2,diurnal,8,phi_corner,fifo,187,189.37207394579858
9,5,15,2,diurnal,8,phi_corner,fifo,188,228.8994788806593
9,5,15,2,diurnal,8,phi_corner,fifo,189,217.6134493343248
9,5,15,2,diurnal,8,phi_corner,fifo,190,242.54872168962726
9,5,15,2,diurnal,8,phi_corner,fifo,191,133.65144079321897
9,5,15,2,diurnal,8,phi_corner,fifo,192,149.36764903264472
9,5,15,2,diurnal,8,phi_corner,fifo,193,207.94326430105474
9,5,15,2,diurnal,8,phi_corner,fifo,194,192.0761752164304
9,5,15,2,diurnal,8,phi_corner,fifo,195,194.83944123428606
9,5,15,2,diurnal,8,phi_corner,fifo,196,156.41088003231744
9,5,15,2,diurnal,8,phi_corner,fifo,197,221.07388307550576
9,5,15,2,diurnal,8,phi_corner,fifo,198,257.3299763242063
9,5,15,2,diurnal,8,phi_corner,fifo,199,218.75947472986928
9,5,15,2,diurnal,8,phi_corner,cluster,0,169.32617634953064
9,5,15,2,diurnal,8,phi_corner,cluster,1,164.7078463921078
9,5,15,2,diurnal,8,phi_corner,cluster,2,265.309043115459
9,5,15,2,diurnal,8,phi_corner,cluster,3,272.02532257047824
9,5,15,2,diurnal,8,phi_corner,cluster,4,202.53213964094726
9,5,15,2,diurnal,8,phi_corner,cluster,5,210.47658071765477
9,5,15,2,diurnal,8,phi_corner,cluster,6,209.78467063703744
9,5,15,2,diurnal,8,phi_corner,cluster,7,161.89962133601037
9,5,15,2,diurnal,8,phi_corner,cluster,8,234.3449799348632
9,5,15,2,diurnal,8,phi_corner,cluster,9,214.28777576804032
9,5,15,2,diurnal,8,phi_corner,cluster,10,163.8226855274707
9,5,15,2,diurnal,8,phi_corner,cluster,11,127.71694747244264
9,5,15,2,diurnal,8,phi_corner,cluster,12,272.84154175080977
9,5,15,2,diurnal,8,phi_corner,cluster,13,145.72084590779141
9,5,15,2,diurnal,8,phi_corner,cluster,14,200.77226978729283
9,5,15,2,diurnal,8,phi_corner,cluster,15,157.47727173655372
9,5,15,2,diurnal,8,phi_corner,cluster,16,155.4390189188579
9,5,15,2,diurnal,8,phi_corner,cluster,17,263.4837022591156
9,5,15,2,diurnal,8,phi_corner,cluster,18,169.32617634953064
9,5,15,2,diurnal,8,phi_corner,cluster,19,138.8784507670962
9,5,15,2,diurnal,8,phi_corner,cluster,20,218.5038640734044
9,5,15,2,diurnal,8,phi_corner,cluster,21,150.01341642224196
9,5,15,2,diurnal,8,phi_corner,cluster,22,208.2497620172369
9,5,15,2,diurnal,8,phi_corner,cluster,23,138.08925699658232
9,5,15,2,diurnal,8,phi_corner,cluster,24,210.47658071765477
9,5,15,2,diurnal,8,phi_corner,cluster,25,193.48181950581096
9,5,15,2,diurnal,8,phi_corner,cluster,26,247.33213433503363
9,5,15,2,diurnal,8,phi_corner,cluster,27,170.70759586926295
9,5,15,2,diurnal,8,phi_corner,cluster,28,171.36227748274433
9,5,15,2,diurnal,8,phi_corner,cluster,29,169.91898633587743
9,5,15,2,diurnal,8,phi_corner,cluster,30,211.08918338872763
9,5,15,2,diurnal,8,phi_corner,cluster,31,163.31337633148712
9,5,15,2,diurnal,8,phi_corner,cluster,32,186.05783416449265
9,5,15,2,diurnal,8,phi_corner,cluster,33,163.98548361049606
9,5,15,2,diurnal,8,phi_corner,cluster,34,143.94326430105474
9,5,15,2,diurnal,8,phi_corner,cluster,35,195.28777576804032
9,5,15,2,diurnal,8,phi_corner,cluster,36,220.4235425696321
9,5,15,2,diurnal,8,phi_corner,cluster,37,153.16529098168058
9,5,15,2,diurnal,8,phi_corner,cluster,38,217.12106304809396
9,5,15,2,diurnal,8,phi_corner,cluster,39,180.69852583684604
9,5,15,2,diurnal,8,phi_corner,cluster,40,195.93694511201153
9,5,15,2,diurnal,8,phi_corner,cluster,41,130.67043363851138
9,5,15,2,diurnal,8,phi_corner,cluster,42,226.27939059175827
9,5,15,2,diurnal,8,phi_corner,cluster,43,173.41158254882356
9,5,15,2,diurnal,8,phi_corner,cluster,44,173.25437379386636
9,5,15,2,diurnal,8,phi_corner,cluster,45,248.41850844671322
9,5,15,2,diurnal,8,phi_corner,cluster,46,157.47658071765477
9,5,15,2,diurnal,8,phi_corner,cluster,47,265.309043115459
9,5,15,2,diurnal,8,phi_corner,cluster,48,237.19708117874177
9,5,15,2,diurnal,8,phi_corner,cluster,49,215.63391531744116
9,5,15,2,diurnal,8,phi_corner,cluster,50,247.33213433503363
9,5,15,2,diurnal,8,phi_corner,cluster,51,173.18006431650258
9,5,15,2,diurnal,8,phi_corner,cluster,52,127.80000157100488
9,5,15,2,diurnal,8,phi_corner,cluster,53,180.69852583684604
9,5,15,2,diurnal,8,phi_corner,cluster,54,156.44919480925694
9,5,15,2,diurnal,8,phi_corner,cluster,55,204.6728112257551
9,5,15,2,diurnal,8,phi_corner,cluster,56,145.72084590779141
9,5,15,2,diurnal,8,phi_corner,cluster,57,242.51301542085048
9,5,15,2,diurnal,8,phi_corner,cluster,58,180.95249924973024
9,5,15,2,diurnal,8,phi_corner,cluster,59,211.32721905053094
9,5,15,2,diurnal,8,phi_corner,cluster,60,197.62762494651622
9,5,15,2,diurnal,8,phi_corner,cluster,61,179.349938036127
9,5,15,2,diurnal,8,phi_corner,cluster,62,264.3276691245801
9,5,15,2,diurnal,8,phi_corner,cluster,63,177.90263037355396
9,5,15,2,diurnal,8,phi_corner,cluster,64,195.28777576804032
9,5,15,2,diurnal,8,phi_corner,cluster,65,212.03820284126465
9,5,15,2,diurnal,8,phi_corner,cluster,66,192.4852743723278
9,5,15,2,diurnal,8,phi_corner,cluster,67,180.51693155192794
9,5,15,2,diurnal,8,phi_corner,cluster,68,271.0326009549121
9,5,15,2,diurnal,8,phi_corner,cluster,69,174.17480823168992
9,5,15,2,diurnal,8,phi_corner,cluster,70,187.93048826595214
9,5,15,2,diurnal,8,phi_corner,cluster,71,185.35502037345742
9,5,15,2,diurnal,8,phi_corner,cluster,72,210.47658071765477
9,5,15,2,diurnal,8,phi_corner,cluster,73,146.7749471443223
9,5,15,2,diurnal,8,phi_corner,cluster,74,165.81493207422983
9,5,15,2,diurnal,8,phi_corner,cluster,75,186.86927448937988
9,5,15,2,diurnal,8,phi_corner,cluster,76,163.31337633148712
9,5,15,2,diurnal,8,phi_corner,cluster,77,191.7775908304677
9,5,15,2,diurnal,8,phi_corner,cluster,78,165.24498694090917
9,5,15,2,diurnal,8,phi_corner,cluster,79,197.888497780681
9,5,15,2,diurnal,8,phi_corner,cluster,80,150.01341642224196
9,5,15,2,diurnal,8,phi_corner,cluster,81,177.90263037355396
9,5,15,2,diurnal,8,phi_corner,cluster,82,176.98023375308415
9,5,15,2,diurnal,8,phi_corner,cluster,83,154.37207394579858
9,5,15,2,diurnal,8,phi_corner,cluster,84,176.98023375308415
9,5,15,2,diurnal,8,phi_corner,cluster,85,164.07388307550576
9,5,15,2,diurnal,8,phi_corner,cluster,86,216.30904311545902
9,5,15,2,diurnal,8,phi_corner,cluster,87,173.41158254882356
9,5,15,2,diurnal,8,phi_corner,cluster,88,191.1215766097558
9,5,15,2,diurnal,8,phi_corner,cluster,89,197.09843044128576
9,5,15,2,diurnal,8,phi_corner,cluster,90,204.6728112257551
9,5,15,2,diurnal,8,phi_corner,cluster,91,202.94892422501684
9,5,15,2,diurnal,8,phi_corner,cluster,92,213.81702768154685
9,5,15,2,diurnal,8,phi_corner,cluster,93,190.8994788806593
9,5,15,2,diurnal,8,phi_corner,cluster,94,190.26602426347284
9,5,15,2,diurnal,8,phi_corner,cluster,95,160.89939585294434
9,5,15,2,diurnal,8,phi_corner,cluster,96,192.09580125006687
9,5,15,2,diurnal,8,phi_corner,cluster,97,269.7509442544543
9,5,15,2,diurnal,8,phi_corner,cluster,98,217.09580125006687
9,5,15,2,diurnal,8,phi_corner,cluster,99,175.72885273965207
9,5,15,2,diurnal,8,phi_corner,cluster,100,204.6728112257551
9,5,15,2,diurnal,8,phi_corner,cluster,101,215.63391531744116
9,5,15,2,diurnal,8,phi_corner,cluster,102,275.5133527023191
9,5,15,2,diurnal,8,phi_corner,cluster,103,227.91373712365655
9,5,15,2,diurnal,8,phi_corner,cluster,104,213.39076485152785
9,5,15,2,diurnal,8,phi_corner,cluster,105,194.7183887963924
9,5,15,2,diurnal,8,phi_corner,cluster,106,132.86868788964966
9,5,15,2,diurnal,8,phi_corner,cluster,107,203.19259597828474
9,5,15,2,diurnal,8,phi_corner,cluster,108,154.97796811063864
9,5,15,2,diurnal,8,phi_corner,cluster,109,216.08918338872763
9,5,15,2,diurnal,8,phi_corner,cluster,110,194.73860974025595
9,5,15,2,diurnal,8,phi_corner,cluster,111,167.79324785300759
9,5,15,2,diurnal,8,phi_corner,cluster,112,201.69996331672303
9,5,15,2,diurnal,8,phi_corner,cluster,113,182.0803961277365
9,5,15,2,diurnal,8,phi_corner,cluster,114,249.35322947493262
9,5,15,2,diurnal,8,phi_corner,cluster,115,197.8143566041026
9,5,15,2,diurnal,8,phi_corner,cluster,116,224.65951231315327
9,5,15,2,diurnal,8,phi_corner,cluster,117,146.80000157100488
9,5,15,2,diurnal,8,phi_corner,cluster,118,224.42980919930176
9,5,15,2,diurnal,8,phi_corner,cluster,119,150.01341642224196
9,5,15,2,diurnal,8,phi_corner,cluster,120,176.71694747244265
9,5,15,2,diurnal,8,phi_corner,cluster,121,194.87356120404968
9,5,15,2,diurnal,8,phi_corner,cluster,122,248.41850844671322
9,5,15,2,diurnal,8,phi_corner,cluster,123,179.349938036127
9,5,15,2,diurnal,8,phi_corner,cluster,124,271.19708117874177
9,5,15,2,diurnal,8,phi_corner,cluster,125,199.97260874731728
9,5,15,2,diurnal,8,phi_corner,cluster,126,226.27939059175827
9,5,15,2,diurnal,8,phi_corner,cluster,127,226.47658071765477
9,5,15,2,diurnal,8,phi_corner,cluster,128,203.02217763592216
9,5,15,2,diurnal,8,phi_corner,cluster,129,187.31085052615686
9,5,15,2,diurnal,8,phi_corner,cluster,130,136.87373287999122
9,5,15,2,diurnal,8,phi_corner,cluster,131,173.41158254882356
9,5,15,2,diurnal,8,phi_corner,cluster,132,195.80000157100488
9,5,15,2,diurnal,8,phi_corner,cluster,133,187.31085052615686
9,5,15,2,diurnal,8,phi_corner,cluster,134,173.5217419801713
9,5,15,2,diurnal,8,phi_corner,cluster,135,229.77217043224675
9,5,15,2,diurnal,8,phi_corner,cluster,136,177.90263037355396
9,5,15,2,diurnal,8,phi_corner,cluster,137,154.4852743723278
9,5,15,2,diurnal,8,phi_corner,cluster,138,195.80000157100488
9,5,15,2,diurnal,8,phi_corner,cluster,139,182.0281201720419
9,5,15,2,diurnal,8,phi_corner,cluster,140,190.26602426347284
9,5,15,2,diurnal,8,phi_corner,cluster,141,178.14025323175622
9,5,15,2,diurnal,8,phi_corner,cluster,142,169.32617634953064
9,5,15,2,diurnal,8,phi_corner,cluster,143,153.31337633148712
9,5,15,2,diurnal,8,phi_corner,cluster,144,161.40732821906084
9,5,15,2,diurnal,8,phi_corner,cluster,145,187.31085052615686
9,5,15,2,diurnal,8,phi_corner,cluster,146,278.9305621259248
9,5,15,2,diurnal,8,phi_corner,cluster,147,196.4888672577971
9,5,15,2,diurnal,8,phi_corner,cluster,148,281.7288527396521
9,5,15,2,diurnal,8,phi_corner,cluster,149,167.3619639498604
9,5,15,2,diurnal,8,phi_corner,cluster,150,165.76534740963848
9,5,15,2,diurnal,8,phi_corner,cluster,151,182.0281201720419
9,5,15,2,diurnal,8,phi_corner,cluster,152,138.64319487214527
9,5,15,2,diurnal,8,phi_corner,cluster,153,182.0803961277365
9,5,15,2,diurnal,8,phi_corner,cluster,154,215.63391531744116
9,5,15,2,diurnal,8,phi_corner,cluster,155,175.72475775170847
9,5,15,2,diurnal,8,phi_corner,cluster,156,143.1660632862009
9,5,15,2,diurnal,8,phi_corner,cluster,157,161.89962133601037
9,5,15,2,diurnal,8,phi_corner,cluster,158,116.2446542718179
9,5,15,2,diurnal,8,phi_corner,cluster,159,188.10867301525673
9,5,15,2,diurnal,8,phi_corner,cluster,160,225.19246172769365
9,5,15,2,diurnal,8,phi_corner,cluster,161,155.83944123428606
9,5,15,2,diurnal,8,phi_corner,cluster,162,192.50881568590447
9,5,15,2,diurnal,8,phi_corner,cluster,163,226.53213964094726
9,5,15,2,diurnal,8,phi_corner,cluster,164,201.69996331672303
9,5,15,2,diurnal,8,phi_corner,cluster,165,187.58465818387276
9,5,15,2,diurnal,8,phi_corner,cluster,166,153.31337633148712
9,5,15,2,diurnal,8,phi_corner,cluster,167,211.08918338872763
9,5,15,2,diurnal,8,phi_corner,cluster,168,226.53213964094726
9,5,15,2,diurnal,8,phi_corner,cluster,169,117.33638808925805
9,5,15,2,diurnal,8,phi_corner,cluster,170,165.76534740963848
9,5,15,2,diurnal,8,phi_corner,cluster,171,197.09843044128576
9,5,15,2,diurnal,8,phi_corner,cluster,172,220.4235425696321
9,5,15,2,diurnal,8,phi_corner,cluster,173,199.67043363851138
9,5,15,2,diurnal,8,phi_corner,cluster,174,197.09843044128576
9,5,15,2,diurnal,8,phi_corner,cluster,175,193.92662767656796
9,5,15,2,diurnal,8,phi_corner,cluster,176,157.47658071765477
9,5,15,2,diurnal,8,phi_corner,cluster,177,180.91940765234037
9,5,15,2,diurnal,8,phi_corner,cluster,178,203.02217763592216
9,5,15,2,diurnal,8,phi_corner,cluster,179,215.36227748274433
9,5,15,2,diurnal,8,phi_corner,cluster,180,215.1790816373745
9,5,15,2,diurnal,8,phi_corner,cluster,181,163.31337633148712
9,5,15,2,diurnal,8,phi_corner,cluster,182,202.10003994714518
9,5,15,2,diurnal,8,phi_corner,cluster,183,129.87516384608773
9,5,15,2,diurnal,8,phi_corner,cluster,184,193.92662767656796
9,5,15,2,diurnal,8,phi_corner,cluster,185,161.7078463921078
9,5,15,2,diurnal,8,phi_corner,cluster,186,129.87516384608773
9,5,15,2,diurnal,8,phi_corner,cluster,187,154.37207394579858
9,5,15,2,diurnal,8,phi_corner,cluster,188,202.19708117874177
9,5,15,2,diurnal,8,phi_corner,cluster,189,198.90310057947707
9,5,15,2,diurnal,8,phi_corner,cluster,190,271.0326009549121
9,5,15,2,diurnal,8,phi_corner,cluster,191,158.43867409528832
9,5,15,2,diurnal,8,phi_corner,cluster,192,141.02354324957705
9,5,15,2,diurnal,8,phi_corner,cluster,193,173.25437379386636
9,5,15,2,diurnal,8,phi_corner,cluster,194,217.82476369047382
9,5,15,2,diurnal,8,phi_corner,cluster,195,203.19259597828474
9,5,15,2,diurnal,8,phi_corner,cluster,196,180.69852583684604
9,5,15,2,diurnal,8,phi_corner,cluster,197,170.80565355902485
9,5,15,2,diurnal,8,phi_corner,cluster,198,233.32997632420629
9,5,15,2,diurnal,8,phi_corner,cluster,199,192.50881568590447
9,5,15,2,diurnal,30,random,fifo,0,679.7448475855483
9,5,15,2,diurnal,30,random,fifo,1,708.699963316723
9,5,15,2,diurnal,30,random,fifo,2,668.7379251919114
9,5,15,2,diurnal,30,random,fifo,3,773.3784798335523
9,5,15,2,diurnal,30,random,fifo,4,656.7160193689532
9,5,15,2,diurnal,30,random,fifo,5,634.8247636904738
9,5,15,2,diurnal,30,random,fifo,6,703.5580313813884
9,5,15,2,diurnal,30,random,fifo,7,601.839441234286
9,5,15,2,diurnal,30,random,fifo,8,633.7932478530076
9,5,15,2,diurnal,30,random,fifo,9,777.9765419798908
9,5,15,2,diurnal,30,random,fifo,10,689.7105989709512
9,5,15,2,diurnal,30,random,fifo,11,524.1755899216081
9,5,15,2,diurnal,30,random,fifo,12,612.3487233137216
9,5,15,2,diurnal,30,random,fifo,13,564.6690895489448
9,5,15,2,diurnal,30,random,fifo,14,733.7448475855483
9,5,15,2,diurnal,30,random,fifo,15,604.4667096606361
9,5,15,2,diurnal,30,random,fifo,16,760.2698558840409
9,5,15,2,diurnal,30,random,fifo,17,688.7749471443224
9,5,15,2,diurnal,30,random,fifo,18,790.7903079824657
9,5,15,2,diurnal,30,random,fifo,19,584.5773636538814
9,5,15,2,diurnal,30,random,fifo,20,567.2497620172369
9,5,15,2,diurnal,30,random,fifo,21,613.3133763314871
9,5,15,2,diurnal,30,random,fifo,22,660.2449869409091
9,5,15,2,diurnal,30,random,fifo,23,638.9726087473173
9,5,15,2,diurnal,30,random,fifo,24,668.4282475156595
9,5,15,2,diurnal,30,random,fifo,25,638.953083953963
9,5,15,2,diurnal,30,random,fifo,26,567.2065263907286
9,5,15,2,diurnal,30,random,fifo,27,622.3006594871883
9,5,15,2,diurnal,30,random,fifo,28,599.3263119817952
9,5,15,2,diurnal,30,random,fifo,29,642.9405514389359
9,5,15,2,diurnal,30,random,fifo,30,641.9590835609959
9,5,15,2,diurnal,30,random,fifo,31,483.61155063318245
9,5,15,2,diurnal,30,random,fifo,32,678.3090506614758
9,5,15,2,diurnal,30,random,fifo,33,619.021332702712
9,5,15,2,diurnal,30,random,fifo,34,633.9339449070139
9,5,15,2,diurnal,30,random,fifo,35,602.3155733336234
9,5,15,2,diurnal,30,random,fifo,36,730.3449799348632
9,5,15,2,diurnal,30,random,fifo,37,640.0803961277365
9,5,15,2,diurnal,30,random,fifo,38,530.9381247105177
9,5,15,2,diurnal,30,random,fifo,39,570.9721602814088
9,5,15,2,diurnal,30,random,fifo,40,645.8056535590249
9,5,15,2,diurnal,30,random,fifo,41,715.9208791079835
9,5,15,2,diurnal,30,random,fifo,42,570.3839912373335
9,5,15,2,diurnal,30,random,fifo,43,621.4561003040674
9,5,15,2,diurnal,30,random,fifo,44,596.123468623911
9,5,15,2,diurnal,30,random,fifo,45,678.2699848841954
9,5,15,2,diurnal,30,random,fifo,46,688.3720739457985
9,5,15,2,diurnal,30,random,fifo,47,767.785677337427
9,5,15,2,diurnal,30,random,fifo,48,758.8692950637138
9,5,15,2,diurnal,30,random,fifo,49,697.5015429456881
9,5,15,2,diurnal,30,random,fifo,50,649.8918681168399
9,5,15,2,diurnal,30,random,fifo,51,585.2870300911723
9,5,15,2,diurnal,30,random,fifo,52,639.3437626267512
9,5,15,2,diurnal,30,random,fifo,53,775.5846581838728
9,5,15,2,diurnal,30,random,fifo,54,622.4028348546332
9,5,15,2,diurnal,30,random,fifo,55,622.0604786433836
9,5,15,2,diurnal,30,random,fifo,56,836.724959306533
9,5,15,2,diurnal,30,random,fifo,57,649.5773636538814
9,5,15,2,diurnal,30,random,fifo,58,696.3336202173432
9,5,15,2,diurnal,30,random,fifo,59,631.7078463921077
9,5,15,2,diurnal,30,random,fifo,60,621.3750143232331
9,5,15,2,diurnal,30,random,fifo,61,710.688595432144
9,5,15,2,diurnal,30,random,fifo,62,608.9923270371154
9,5,15,2,diurnal,30,random,fifo,63,714.6928973110603
9,5,15,2,diurnal,30,random,fifo,64,727.1159013016569
9,5,15,2,diurnal,30,random,fifo,65,657.1748082316899
9,5,15,2,diurnal,30,random,fifo,66,745.7386097402559
9,5,15,2,diurnal,30,random,fifo,67,719.3561635257375
9,5,15,2,diurnal,30,random,fifo,68,646.4235425696321
9,5,15,2,diurnal,30,random,fifo,69,594.6418836467333
9,5,15,2,diurnal,30,random,fifo,70,804.3086729682184
9,5,15,2,diurnal,30,random,fifo,71,738.9538273259368
9,5,15,2,diurnal,30,random,fifo,72,648.7467542109578
9,5,15,2,diurnal,30,random,fifo,73,706.8480997044351
9,5,15,2,diurnal,30,random,fifo,74,686.013416422242
9,5,15,2,diurnal,30,random,fifo,75,645.322535735436
9,5,15,2,diurnal,30,random,fifo,76,633.3625157923741
9,5,15,2,diurnal,30,random,fifo,77,552.8247636904738
9,5,15,2,diurnal,30,random,fifo,78,612.5484271507208
9,5,15,2,diurnal,30,random,fifo,79,634.4023898974376
9,5,15,2,diurnal,30,random,fifo,80,595.794852920417
9,5,15,2,diurnal,30,random,fifo,81,785.130399209395
9,5,15,2,diurnal,30,random,fifo,82,715.9817141820009
9,5,15,2,diurnal,30,random,fifo,83,601.839441234286
9,5,15,2,diurnal,30,random,fifo,84,684.4491948092569
9,5,15,2,diurnal,30,random,fifo,85,669.2468289478468
9,5,15,2,diurnal,30,random,fifo,86,755.4708947041855
9,5,15,2,diurnal,30,random,fifo,87,520.8842226764046
9,5,15,2,diurnal,30,random,fifo,88,717.5372333965081
9,5,15,2,diurnal,30,random,fifo,89,683.1267896866686
9,5,15,2,diurnal,30,random,fifo,90,679.1790816373746
9,5,15,2,diurnal,30,random,fifo,91,714.4589488575175
9,5,15,2,diurnal,30,random,fifo,92,604.6901901313317
9,5,15,2,diurnal,30,random,fifo,93,658.5601192272853
9,5,15,2,diurnal,30,random,fifo,94,580.7950577200644
9,5,15,2,diurnal,30,random,fifo,95,633.7183887963924
9,5,15,2,diurnal,30,random,fifo,96,743.8591650935473
9,5,15,2,diurnal,30,random,fifo,97,645.2921766257102
9,5,15,2,diurnal,30,random,fifo,98,775.5846581838728
9,5,15,2,diurnal,30,random,fifo,99,679.8744032893078
9,5,15,2,diurnal,30,random,fifo,100,563.4073282190609
9,5,15,2,diurnal,30,random,fifo,101,650.4460733671385
9,5,15,2,diurnal,30,random,fifo,102,657.9305621259248
9,5,15,2,diurnal,30,random,fifo,103,818.1000399471452
9,5,15,2,diurnal,30,random,fifo,104,666.9657239686562
9,5,15,2,diurnal,30,random,fifo,105,740.9803537718174
9,5,15,2,diurnal,30,random,fifo,106,627.8591650935473
9,5,15,2,diurnal,30,random,fifo,107,624.0221776359222
9,5,15,2,diurnal,30,random,fifo,108,582.902630373554
9,5,15,2,diurnal,30,random,fifo,109,786.7916532721333
9,5,15,2,diurnal,30,random,fifo,110,713.9818673870243
9,5,15,2,diurnal,30,random,fifo,111,662.9803341662919
9,5,15,2,diurnal,30,random,fifo,112,586.2065263907286
9,5,15,2,diurnal,30,random,fifo,113,633.8491800046231
9,5,15,2,diurnal,30,random,fifo,114,747.5580313813884
9,5,15,2,diurnal,30,random,fifo,115,748.9381247105177
9,5,15,2,diurnal,30,random,fifo,116,719.6492263114831
9,5,15,2,diurnal,30,random,fifo,117,626.6768086805939
9,5,15,2,diurnal,30,random,fifo,118,603.4655382267317
9,5,15,2,diurnal,30,random,fifo,119,592.213640120816
9,5,15,2,diurnal,30,random,fifo,120,633.9452759120622
9,5,15,2,diurnal,30,random,fifo,121,763.672322802143
9,5,15,2,diurnal,30,random,fifo,122,649.4986588210053
9,5,15,2,diurnal,30,random,fifo,123,611.7491921618968
9,5,15,2,diurnal,30,random,fifo,124,590.8446452245179
9,5,15,2,diurnal,30,random,fifo,125,656.3766676827854
9,5,15,2,diurnal,30,random,fifo,126,781.5130154208505
9,5,15,2,diurnal,30,random,fifo,127,764.123468623911
9,5,15,2,diurnal,30,random,fifo,128,732.8351668932526
9,5,15,2,diurnal,30,random,fifo,129,634.9765419798908
9,5,15,2,diurnal,30,random,fifo,130,732.2764736967304
9,5,15,2,diurnal,30,random,fifo,131,695.3973220212166
9,5,15,2,diurnal,30,random,fifo,132,727.1793086416267
9,5,15,2,diurnal,30,random,fifo,133,738.8247636904738
9,5,15,2,diurnal,30,random,fifo,134,622.3006594871883
9,5,15,2,diurnal,30,random,fifo,135,716.6440321732408
9,5,15,2,diurnal,30,random,fifo,136,671.6085989823243
9,5,15,2,diurnal,30,random,fifo,137,682.5735386262293
9,5,15,2,diurnal,30,random,fifo,138,760.0626452654975
9,5,15,2,diurnal,30,random,fifo,139,764.7489363141722
9,5,15,2,diurnal,30,random,fifo,140,614.4417722914574
9,5,15,2,diurnal,30,random,fifo,141,566.2923105748357
9,5,15,2,diurnal,30,random,fifo,142,678.7386097402559
9,5,15,2,diurnal,30,random,fifo,143,639.9534161166904
9,5,15,2,diurnal,30,random,fifo,144,678.2065263907286
9,5,15,2,diurnal,30,random,fifo,145,758.8591650935473
9,5,15,2,diurnal,30,random,fifo,146,625.6860256407017
9,5,15,2,diurnal,30,random,fifo,147,771.1039301907566
9,5,15,2,diurnal,30,random,fifo,148,553.4667096606361
9,5,15,2,diurnal,30,random,fifo,149,695.6525225894629
9,5,15,2,diurnal,30,random,fifo,150,713.7846706370374
9,5,15,2,diurnal,30,random,fifo,151,536.4690837295784
9,5,15,2,diurnal,30,random,fifo,152,658.0430919233272
9,5,15,2,diurnal,30,random,fifo,153,717.7706534510925
9,5,15,2,diurnal,30,random,fifo,154,700.686787888807
9,5,15,2,diurnal,30,random,fifo,155,679.9060949822685
9,5,15,2,diurnal,30,random,fifo,156,634.6115506331824
9,5,15,2,diurnal,30,random,fifo,157,668.2615259863362
9,5,15,2,diurnal,30,random,fifo,158,649.5148111114777
9,5,15,2,diurnal,30,random,fifo,159,685.4028348546332
9,5,15,2,diurnal,30,random,fifo,160,679.3785963437489
9,5,15,2,diurnal,30,random,fifo,161,652.4023898974376
9,5,15,2,diurnal,30,random,fifo,162,608.688595432144
9,5,15,2,diurnal,30,random,fifo,163,571.3400372395921
9,5,15,2,diurnal,30,random,fifo,164,676.3437057627941
9,5,15,2,diurnal,30,random,fifo,165,599.3263119817952
9,5,15,2,diurnal,30,random,fifo,166,611.7491921618968
9,5,15,2,diurnal,30,random,fifo,167,750.4837022591156
9,5,15,2,diurnal,30,random,fifo,168,606.5773636538814
9,5,15,2,diurnal,30,random,fifo,169,607.1031674614255
9,5,15,2,diurnal,30,random,fifo,170,780.5951254420156
9,5,15,2,diurnal,30,random,fifo,171,711.6528418198839
9,5,15,2,diurnal,30,random,fifo,172,666.9657239686562
9,5,15,2,diurnal,30,random,fifo,173,751.6159194171548
9,5,15,2,diurnal,30,random,fifo,174,742.3973220212166
9,5,15,2,diurnal,30,random,fifo,175,621.2468289478468
9,5,15,2,diurnal,30,random,fifo,176,761.2065263907286
9,5,15,2,diurnal,30,random,fifo,177,647.1060121802818
9,5,15,2,diurnal,30,random,fifo,178,515.5735386262293
9,5,15,2,diurnal,30,random,fifo,179,723.013416422242
9,5,15,2,diurnal,30,random,fifo,180,583.5413650061425
9,5,15,2,diurnal,30,random,fifo,181,733.7999910381795
9,5,15,2,diurnal,30,random,fifo,182,685.4028348546332
9,5,15,2,diurnal,30,random,fifo,183,672.5601192272853
9,5,15,2,diurnal,30,random,fifo,184,630.3773266759555
9,5,15,2,diurnal,30,random,fifo,185,699.4001639633498
9,5,15,2,diurnal,30,random,fifo,186,542.3741432225131
9,5,15,2,diurnal,30,random,fifo,187,719.6492263114831
9,5,15,2,diurnal,30,random,fifo,188,722.173523318768
9,5,15,2,diurnal,30,random,fifo,189,619.7030424531715
9,5,15,2,diurnal,30,random,fifo,190,722.4690837295784
9,5,15,2,diurnal,30,random,fifo,191,641.4298859263572
9,5,15,2,diurnal,30,random,fifo,192,655.5088156859044
9,5,15,2,diurnal,30,random,fifo,193,689.7105989709512
9,5,15,2,diurnal,30,random,fifo,194,728.5767368067573
9,5,15,2,diurnal,30,random,fifo,195,534.9823286275216
9,5,15,2,diurnal,30,random,fifo,196,667.3701438510466
9,5,15,2,diurnal,30,random,fifo,197,647.7943062742659
9,5,15,2,diurnal,30,random,fifo,198,597.7491921618968
9,5,15,2,diurnal,30,random,fifo,199,670.5735386262293
9,5,15,2,diurnal,30,random,cluster,0,574.8735612040497
9,5,15,2,diurnal,30,random,cluster,1,669.699963316723
9,5,15,2,diurnal,30,random,cluster,2,659.7379251919114
9,5,15,2,diurnal,30,random,cluster,3,620.2152381639448
9,5,15,2,diurnal,30,random,cluster,4,502.0235432495771
9,5,15,2,diurnal,30,random,cluster,5,540.8247636904738
9,5,15,2,diurnal,30,random,cluster,6,487.45220156376405
9,5,15,2,diurnal,30,random,cluster,7,552.6401869617343
9,5,15,2,diurnal,30,random,cluster,8,535.7932478530076
9,5,15,2,diurnal,30,random,cluster,9,659.9765419798908
9,5,15,2,diurnal,30,random,cluster,10,546.7105989709512
9,5,15,2,diurnal,30,random,cluster,11,536.1755899216081
9,5,15,2,diurnal,30,random,cluster,12,593.3487233137216
9,5,15,2,diurnal,30,random,cluster,13,567.6690895489448
9,5,15,2,diurnal,30,random,cluster,14,606.8855843158442
9,5,15,2,diurnal,30,random,cluster,15,508.466709660636
9,5,15,2,diurnal,30,random,cluster,16,567.3299763242063
9,5,15,2,diurnal,30,random,cluster,17,559.7749471443224
9,5,15,2,diurnal,30,random,cluster,18,668.7903079824657
9,5,15,2,diurnal,30,random,cluster,19,518.5773636538814
9,5,15,2,diurnal,30,random,cluster,20,560.2497620172369
9,5,15,2,diurnal,30,random,cluster,21,509.12157660975583
9,5,15,2,diurnal,30,random,cluster,22,513.2449869409091
9,5,15,2,diurnal,30,random,cluster,23,586.9726087473173
9,5,15,2,diurnal,30,random,cluster,24,477.4386740952883
9,5,15,2,diurnal,30,random,cluster,25,528.4871766376774
9,5,15,2,diurnal,30,random,cluster,26,698.2065263907286
9,5,15,2,diurnal,30,random,cluster,27,668.0578341644926
9,5,15,2,diurnal,30,random,cluster,28,546.3263119817952
9,5,15,2,diurnal,30,random,cluster,29,716.9405514389359
9,5,15,2,diurnal,30,random,cluster,30,500.9726087473173
9,5,15,2,diurnal,30,random,cluster,31,459.92662767656793
9,5,15,2,diurnal,30,random,cluster,32,571.3090506614758
9,5,15,2,diurnal,30,random,cluster,33,498.021332702712
9,5,15,2,diurnal,30,random,cluster,34,556.2877757680403
9,5,15,2,diurnal,30,random,cluster,35,536.3155733336234
9,5,15,2,diurnal,30,random,cluster,36,535.3449799348632
9,5,15,2,diurnal,30,random,cluster,37,632.3449799348632
9,5,15,2,diurnal,30,random,cluster,38,494.9381247105177
9,5,15,2,diurnal,30,random,cluster,39,488.2651416726133
9,5,15,2,diurnal,30,random,cluster,40,572.3550203734574
9,5,15,2,diurnal,30,random,cluster,41,598.9208791079835
9,5,15,2,diurnal,30,random,cluster,42,470.3839912373335
9,5,15,2,diurnal,30,random,cluster,43,607.4561003040674
9,5,15,2,diurnal,30,random,cluster,44,629.123468623911
9,5,15,2,diurnal,30,random,cluster,45,659.7030424531715
9,5,15,2,diurnal,30,random,cluster,46,657.4023898974376
9,5,15,2,diurnal,30,random,cluster,47,599.3863082010043
9,5,15,2,diurnal,30,random,cluster,48,663.510257447746
9,5,15,2,diurnal,30,random,cluster,49,582.2764736967304
9,5,15,2,diurnal,30,random,cluster,50,520.8918681168399
9,5,15,2,diurnal,30,random,cluster,51,486.28703009117226
9,5,15,2,diurnal,30,random,cluster,52,548.4184904560461
9,5,15,2,diurnal,30,random,cluster,53,650.1970811787418
9,5,15,2,diurnal,30,random,cluster,54,556.4028348546332
9,5,15,2,diurnal,30,random,cluster,55,458.80565355902485
9,5,15,2,diurnal,30,random,cluster,56,572.1357928059977
9,5,15,2,diurnal,30,random,cluster,57,454.349938036127
9,5,15,2,diurnal,30,random,cluster,58,614.3336202173432
9,5,15,2,diurnal,30,random,cluster,59,517.9489242250169
9,5,15,2,diurnal,30,random,cluster,60,563.7030424531715
9,5,15,2,diurnal,30,random,cluster,61,546.688595432144
9,5,15,2,diurnal,30,random,cluster,62,609.9923270371154
9,5,15,2,diurnal,30,random,cluster,63,580.225087570321
9,5,15,2,diurnal,30,random,cluster,64,509.8574742633007
9,5,15,2,diurnal,30,random,cluster,65,460.65144079321897
9,5,15,2,diurnal,30,random,cluster,66,630.1745686616961
9,5,15,2,diurnal,30,random,cluster,67,504.62790097709046
9,5,15,2,diurnal,30,random,cluster,68,549.5487216896272
9,5,15,2,diurnal,30,random,cluster,69,485.6418836467332
9,5,15,2,diurnal,30,random,cluster,70,612.4108800323174
9,5,15,2,diurnal,30,random,cluster,71,515.9538273259368
9,5,15,2,diurnal,30,random,cluster,72,421.8335021715407
9,5,15,2,diurnal,30,random,cluster,73,513.3625157923741
9,5,15,2,diurnal,30,random,cluster,74,592.013416422242
9,5,15,2,diurnal,30,random,cluster,75,444.26985588404096
9,5,15,2,diurnal,30,random,cluster,76,560.3625157923741
9,5,15,2,diurnal,30,random,cluster,77,600.8247636904738
9,5,15,2,diurnal,30,random,cluster,78,448.1748082316899
9,5,15,2,diurnal,30,random,cluster,79,534.4115825488236
9,5,15,2,diurnal,30,random,cluster,80,620.794852920417
9,5,15,2,diurnal,30,random,cluster,81,625.130399209395
9,5,15,2,diurnal,30,random,cluster,82,581.9823286275216
9,5,15,2,diurnal,30,random,cluster,83,552.6401869617343
9,5,15,2,diurnal,30,random,cluster,84,701.838895393869
9,5,15,2,diurnal,30,random,cluster,85,576.7692383186121
9,5,15,2,diurnal,30,random,cluster,86,577.4708947041855
9,5,15,2,diurnal,30,random,cluster,87,613.8842226764046
9,5,15,2,diurnal,30,random,cluster,88,772.5372333965081
9,5,15,2,diurnal,30,random,cluster,89,570.1267896866686
9,5,15,2,diurnal,30,random,cluster,90,519.1790816373746
9,5,15,2,diurnal,30,random,cluster,91,642.4589488575175
9,5,15,2,diurnal,30,random,cluster,92,456.6901901313317
9,5,15,2,diurnal,30,random,cluster,93,553.5601192272853
9,5,15,2,diurnal,30,random,cluster,94,484.57385803956174
9,5,15,2,diurnal,30,random,cluster,95,626.643671427208
9,5,15,2,diurnal,30,random,cluster,96,605.8591650935473
9,5,15,2,diurnal,30,random,cluster,97,554.2921766257102
9,5,15,2,diurnal,30,random,cluster,98,650.1970811787418
9,5,15,2,diurnal,30,random,cluster,99,627.0184318882781
9,5,15,2,diurnal,30,random,cluster,100,490.40732821906084
9,5,15,2,diurnal,30,random,cluster,101,574.2793905917583
9,5,15,2,diurnal,30,random,cluster,102,594.9305621259248
9,5,15,2,diurnal,30,random,cluster,103,603.2566219354948
9,5,15,2,diurnal,30,random,cluster,104,551.9657239686562
9,5,15,2,diurnal,30,random,cluster,105,597.9803537718174
9,5,15,2,diurnal,30,random,cluster,106,566.8591650935473
9,5,15,2,diurnal,30,random,cluster,107,632.0221776359222
9,5,15,2,diurnal,30,random,cluster,108,444.90263037355396
9,5,15,2,diurnal,30,random,cluster,109,602.7916532721333
9,5,15,2,diurnal,30,random,cluster,110,589.9818673870243
9,5,15,2,diurnal,30,random,cluster,111,527.9803341662919
9,5,15,2,diurnal,30,random,cluster,112,463.73792519191136
9,5,15,2,diurnal,30,random,cluster,113,512.8491800046231
9,5,15,2,diurnal,30,random,cluster,114,756.6159194171548
9,5,15,2,diurnal,30,random,cluster,115,521.7247577517085
9,5,15,2,diurnal,30,random,cluster,116,579.7448475855483
9,5,15,2,diurnal,30,random,cluster,117,462.6768086805939
9,5,15,2,diurnal,30,random,cluster,118,534.4655382267317
9,5,15,2,diurnal,30,random,cluster,119,583.9916843729875
9,5,15,2,diurnal,30,random,cluster,120,498.8335021715407
9,5,15,2,diurnal,30,random,cluster,121,572.580374388717
9,5,15,2,diurnal,30,random,cluster,122,577.4986588210053
9,5,15,2,diurnal,30,random,cluster,123,619.7491921618968
9,5,15,2,diurnal,30,random,cluster,124,495.73308361371244
9,5,15,2,diurnal,30,random,cluster,125,587.2192667118594
9,5,15,2,diurnal,30,random,cluster,126,621.5130154208505
9,5,15,2,diurnal,30,random,cluster,127,693.123468623911
9,5,15,2,diurnal,30,random,cluster,128,656.8351668932526
9,5,15,2,diurnal,30,random,cluster,129,460.6453131447775
9,5,15,2,diurnal,30,random,cluster,130,552.2764736967304
9,5,15,2,diurnal,30,random,cluster,131,520.3973220212166
9,5,15,2,diurnal,30,random,cluster,132,592.6500603472332
9,5,15,2,diurnal,30,random,cluster,133,484.8247636904738
9,5,15,2,diurnal,30,random,cluster,134,668.0578341644926
9,5,15,2,diurnal,30,random,cluster,135,595.6440321732408
9,5,15,2,diurnal,30,random,cluster,136,556.6159194171548
9,5,15,2,diurnal,30,random,cluster,137,630.5735386262293
9,5,15,2,diurnal,30,random,cluster,138,606.5773636538814
9,5,15,2,diurnal,30,random,cluster,139,565.7489363141722
9,5,15,2,diurnal,30,random,cluster,140,552.2699848841954
9,5,15,2,diurnal,30,random,cluster,141,698.9432643010548
9,5,15,2,diurnal,30,random,cluster,142,569.7386097402559
9,5,15,2,diurnal,30,random,cluster,143,540.9534161166904
9,5,15,2,diurnal,30,random,cluster,144,626.2065263907286
9,5,15,2,diurnal,30,random,cluster,145,576.1963846791116
9,5,15,2,diurnal,30,random,cluster,146,462.2658058146534
9,5,15,2,diurnal,30,random,cluster,147,528.1039301907566
9,5,15,2,diurnal,30,random,cluster,148,511.9311218784006
9,5,15,2,diurnal,30,random,cluster,149,679.6525225894629
9,5,15,2,diurnal,30,random,cluster,150,537.8996213360103
9,5,15,2,diurnal,30,random,cluster,151,469.25996814702603
9,5,15,2,diurnal,30,random,cluster,152,548.2065263907286
9,5,15,2,diurnal,30,random,cluster,153,600.7706534510925
9,5,15,2,diurnal,30,random,cluster,154,583.686787888807
9,5,15,2,diurnal,30,random,cluster,155,542.9803537718174
9,5,15,2,diurnal,30,random,cluster,156,556.0168110299514
9,5,15,2,diurnal,30,random,cluster,157,631.4593926086309
9,5,15,2,diurnal,30,random,cluster,158,506.5148111114777
9,5,15,2,diurnal,30,random,cluster,159,455.40283485463317
9,5,15,2,diurnal,30,random,cluster,160,520.3785963437489
9,5,15,2,diurnal,30,random,cluster,161,542.4023898974376
9,5,15,2,diurnal,30,random,cluster,162,605.688595432144
9,5,15,2,diurnal,30,random,cluster,163,562.3400372395921
9,5,15,2,diurnal,30,random,cluster,164,678.3437057627941
9,5,15,2,diurnal,30,random,cluster,165,546.3263119817952
9,5,15,2,diurnal,30,random,cluster,166,619.7491921618968
9,5,15,2,diurnal,30,random,cluster,167,589.4108800323174
9,5,15,2,diurnal,30,random,cluster,168,533.5773636538814
9,5,15,2,diurnal,30,random,cluster,169,561.1031674614255
9,5,15,2,diurnal,30,random,cluster,170,505.5951254420156
9,5,15,2,diurnal,30,random,cluster,171,661.7386097402559
9,5,15,2,diurnal,30,random,cluster,172,551.9657239686562
9,5,15,2,diurnal,30,random,cluster,173,571.6159194171548
9,5,15,2,diurnal,30,random,cluster,174,471.3973220212166
9,5,15,2,diurnal,30,random,cluster,175,583.7125009751765
9,5,15,2,diurnal,30,random,cluster,176,703.2065263907286
9,5,15,2,diurnal,30,random,cluster,177,534.4298091993018
9,5,15,2,diurnal,30,random,cluster,178,594.2449869409091
9,5,15,2,diurnal,30,random,cluster,179,555.013416422242
9,5,15,2,diurnal,30,random,cluster,180,521.5413650061425
9,5,15,2,diurnal,30,random,cluster,181,555.800818666989
9,5,15,2,diurnal,30,random,cluster,182,455.40283485463317
9,5,15,2,diurnal,30,random,cluster,183,668.5601192272853
9,5,15,2,diurnal,30,random,cluster,184,535.7355929287775
9,5,15,2,diurnal,30,random,cluster,185,572.4001639633498
9,5,15,2,diurnal,30,random,cluster,186,521.3741432225131
9,5,15,2,diurnal,30,random,cluster,187,579.7448475855483
9,5,15,2,diurnal,30,random,cluster,188,508.17352331876805
9,5,15,2,diurnal,30,random,cluster,189,410.89962133601034
9,5,15,2,diurnal,30,random,cluster,190,489.44615944024076
9,5,15,2,diurnal,30,random,cluster,191,552.7173032093485
9,5,15,2,diurnal,30,random,cluster,192,557.9452759120622
9,5,15,2,diurnal,30,random,cluster,193,553.7105989709512
9,5,15,2,diurnal,30,random,cluster,194,602.5767368067573
9,5,15,2,diurnal,30,random,cluster,195,541.4507372691137
9,5,15,2,diurnal,30,random,cluster,196,588.3701438510466
9,5,15,2,diurnal,30,random,cluster,197,499.17092859370734
9,5,15,2,diurnal,30,random,cluster,198,567.1748082316899
9,5,15,2,diurnal,30,random,cluster,199,493.6841842454969
9,5,15,2,diurnal,30,phi_corner,fifo,0,576.4589488575175
9,5,15,2,diurnal,30,phi_corner,fifo,1,654.2377050207642
9,5,15,2,diurnal,30,phi_corner,fifo,2,717.7706534510925
9,5,15,2,diurnal,30,phi_corner,fifo,3,699.8032053546374
9,5,15,2,diurnal,30,phi_corner,fifo,4,655.3483597203591
9,5,15,2,diurnal,30,phi_corner,fifo,5,714.4950698772909
9,5,15,2,diurnal,30,phi_corner,fifo,6,719.5312124331546
9,5,15,2,diurnal,30,phi_corner,fifo,7,681.3842462297926
9,5,15,2,diurnal,30,phi_corner,fifo,8,684.225087570321
9,5,15,2,diurnal,30,phi_corner,fifo,9,678.7846706370374
9,5,15,2,diurnal,30,phi_corner,fifo,10,603.4567941048626
9,5,15,2,diurnal,30,phi_corner,fifo,11,705.3766676827854
9,5,15,2,diurnal,30,phi_corner,fifo,12,701.5413650061425
9,5,15,2,diurnal,30,phi_corner,fifo,13,624.4561003040674
9,5,15,2,diurnal,30,phi_corner,fifo,14,617.4871766376774
9,5,15,2,diurnal,30,phi_corner,fifo,15,624.8574742633007
9,5,15,2,diurnal,30,phi_corner,fifo,16,638.4837022591156
9,5,15,2,diurnal,30,phi_corner,fifo,17,631.2377050207642
9,5,15,2,diurnal,30,phi_corner,fifo,18,737.3720739457985
9,5,15,2,diurnal,30,phi_corner,fifo,19,724.322535735436
9,5,15,2,diurnal,30,phi_corner,fifo,20,721.5312124331546
9,5,15,2,diurnal,30,phi_corner,fifo,21,607.1031674614255
9,5,15,2,diurnal,30,phi_corner,fifo,22,646.3701438510466
9,5,15,2,diurnal,30,phi_corner,fifo,23,741.9407414557286
9,5,15,2,diurnal,30,phi_corner,fifo,24,721.5312124331546
9,5,15,2,diurnal,30,phi_corner,fifo,25,627.5416209157831
9,5,15,2,diurnal,30,phi_corner,fifo,26,669.7173032093485
9,5,15,2,diurnal,30,phi_corner,fifo,27,557.874645345376
9,5,15,2,diurnal,30,phi_corner,fifo,28,667.7650634121951
9,5,15,2,diurnal,30,phi_corner,fifo,29,648.3313166617784
9,5,15,2,diurnal,30,phi_corner,fifo,30,554.3836019242461
9,5,15,2,diurnal,30,phi_corner,fifo,31,598.7778195657023
9,5,15,2,diurnal,30,phi_corner,fifo,32,631.2377050207642
9,5,15,2,diurnal,30,phi_corner,fifo,33,666.9881271528479
9,5,15,2,diurnal,30,phi_corner,fifo,34,701.5413650061425
9,5,15,2,diurnal,30,phi_corner,fifo,35,737.3720739457985
9,5,15,2,diurnal,30,phi_corner,fifo,36,622.0604786433836
9,5,15,2,diurnal,30,phi_corner,fifo,37,638.4837022591156
9,5,15,2,diurnal,30,phi_corner,fifo,38,701.5413650061425
9,5,15,2,diurnal,30,phi_corner,fifo,39,676.2171258369683
9,5,15,2,diurnal,30,phi_corner,fifo,40,503.87516384608773
9,5,15,2,diurnal,30,phi_corner,fifo,41,576.4589488575175
9,5,15,2,diurnal,30,phi_corner,fifo,42,805.4282475156595
9,5,15,2,diurnal,30,phi_corner,fifo,43,667.7650634121951
9,5,15,2,diurnal,30,phi_corner,fifo,44,759.7368635654138
9,5,15,2,diurnal,30,phi_corner,fifo,45,710.3108505261569
9,5,15,2,diurnal,30,phi_corner,fifo,46,756.2651970892049
9,5,15,2,diurnal,30,phi_corner,fifo,47,721.5312124331546
9,5,15,2,diurnal,30,phi_corner,fifo,48,628.8737328799912
9,5,15,2,diurnal,30,phi_corner,fifo,49,606.6860209823864
9,5,15,2,diurnal,30,phi_corner,fifo,50,651.3619639498604
9,5,15,2,diurnal,30,phi_corner,fifo,51,628.8737328799912
9,5,15,2,diurnal,30,phi_corner,fifo,52,634.8247636904738
9,5,15,2,diurnal,30,phi_corner,fifo,53,553.3477051069844
9,5,15,2,diurnal,30,phi_corner,fifo,54,689.8000015710049
9,5,15,2,diurnal,30,phi_corner,fifo,55,628.4184904560461
9,5,15,2,diurnal,30,phi_corner,fifo,56,723.5951254420156
9,5,15,2,diurnal,30,phi_corner,fifo,57,630.4390189188579
9,5,15,2,diurnal,30,phi_corner,fifo,58,627.8591650935473
9,5,15,2,diurnal,30,phi_corner,fifo,59,635.8351668932526
9,5,15,2,diurnal,30,phi_corner,fifo,60,697.9779681106386
9,5,15,2,diurnal,30,phi_corner,fifo,61,628.4184904560461
9,5,15,2,diurnal,30,phi_corner,fifo,62,598.4852743723278
9,5,15,2,diurnal,30,phi_corner,fifo,63,557.874645345376
9,5,15,2,diurnal,30,phi_corner,fifo,64,781.6186846952392
9,5,15,2,diurnal,30,phi_corner,fifo,65,684.225087570321
9,5,15,2,diurnal,30,phi_corner,fifo,66,628.4184904560461
9,5,15,2,diurnal,30,phi_corner,fifo,67,648.3313166617784
9,5,15,2,diurnal,30,phi_corner,fifo,68,606.6860209823864
9,5,15,2,diurnal,30,phi_corner,fifo,69,685.1039301907566
9,5,15,2,diurnal,30,phi_corner,fifo,70,700.686787888807
9,5,15,2,diurnal,30,phi_corner,fifo,71,805.4282475156595
9,5,15,2,diurnal,30,phi_corner,fifo,72,700.686787888807
9,5,15,2,diurnal,30,phi_corner,fifo,73,641.3900171984972
9,5,15,2,diurnal,30,phi_corner,fifo,74,715.1099267847899
9,5,15,2,diurnal,30,phi_corner,fifo,75,622.0604786433836
9,5,15,2,diurnal,30,phi_corner,fifo,76,607.1031674614255
9,5,15,2,diurnal,30,phi_corner,fifo,77,635.8351668932526
9,5,15,2,diurnal,30,phi_corner,fifo,78,573.4390189188579
9,5,15,2,diurnal,30,phi_corner,fifo,79,705.3766676827854
9,5,15,2,diurnal,30,phi_corner,fifo,80,744.1968614652882
9,5,15,2,diurnal,30,phi_corner,fifo,81,676.130399209395
9,5,15,2,diurnal,30,phi_corner,fifo,82,640.0151841669674
9,5,15,2,diurnal,30,phi_corner,fifo,83,697.9779681106386
9,5,15,2,diurnal,30,phi_corner,fifo,84,760.2651970892049
9,5,15,2,diurnal,30,phi_corner,fifo,85,563.4073282190609
9,5,15,2,diurnal,30,phi_corner,fifo,86,574.6819403798233
9,5,15,2,diurnal,30,phi_corner,fifo,87,680.1648432304916
9,5,15,2,diurnal,30,phi_corner,fifo,88,724.1658066444742
9,5,15,2,diurnal,30,phi_corner,fifo,89,598.7778195657023
9,5,15,2,diurnal,30,phi_corner,fifo,90,569.7335716395573
9,5,15,2,diurnal,30,phi_corner,fifo,91,756.2651970892049
9,5,15,2,diurnal,30,phi_corner,fifo,92,598.4852743723278
9,5,15,2,diurnal,30,phi_corner,fifo,93,483.61155063318245
9,5,15,2,diurnal,30,phi_corner,fifo,94,638.4837022591156
9,5,15,2,diurnal,30,phi_corner,fifo,95,765.1086730152567
9,5,15,2,diurnal,30,phi_corner,fifo,96,586.3545432917651
9,5,15,2,diurnal,30,phi_corner,fifo,97,658.9769094339031
9,5,15,2,diurnal,30,phi_corner,fifo,98,638.4837022591156
9,5,15,2,diurnal,30,phi_corner,fifo,99,723.5951254420156
9,5,15,2,diurnal,30,phi_corner,fifo,100,611.2849160799419
9,5,15,2,diurnal,30,phi_corner,fifo,101,643.9657239686562
9,5,15,2,diurnal,30,phi_corner,fifo,102,503.87516384608773
9,5,15,2,diurnal,30,phi_corner,fifo,103,654.2377050207642
9,5,15,2,diurnal,30,phi_corner,fifo,104,561.8751638460877
9,5,15,2,diurnal,30,phi_corner,fifo,105,583.5416209157831
9,5,15,2,diurnal,30,phi_corner,fifo,106,510.392317141842
9,5,15,2,diurnal,30,phi_corner,fifo,107,699.8032053546374
9,5,15,2,diurnal,30,phi_corner,fifo,108,755.1709285937073
9,5,15,2,diurnal,30,phi_corner,fifo,109,760.2651970892049
9,5,15,2,diurnal,30,phi_corner,fifo,110,673.9407414557286
9,5,15,2,diurnal,30,phi_corner,fifo,111,685.1039301907566
9,5,15,2,diurnal,30,phi_corner,fifo,112,678.9116343759894
9,5,15,2,diurnal,30,phi_corner,fifo,113,709.6401869617343
9,5,15,2,diurnal,30,phi_corner,fifo,114,574.6819403798233
9,5,15,2,diurnal,30,phi_corner,fifo,115,631.3142537588791
9,5,15,2,diurnal,30,phi_corner,fifo,116,645.6453131447774
9,5,15,2,diurnal,30,phi_corner,fifo,117,671.6085989823243
9,5,15,2,diurnal,30,phi_corner,fifo,118,838.4073282190609
9,5,15,2,diurnal,30,phi_corner,fifo,119,689.4719674170173
9,5,15,2,diurnal,30,phi_corner,fifo,120,697.9779681106386
9,5,15,2,diurnal,30,phi_corner,fifo,121,678.3086729682184
9,5,15,2,diurnal,30,phi_corner,fifo,122,583.8994788806593
9,5,15,2,diurnal,30,phi_corner,fifo,123,635.8351668932526
9,5,15,2,diurnal,30,phi_corner,fifo,124,561.8751638460877
9,5,15,2,diurnal,30,phi_corner,fifo,125,663.5722340395805
9,5,15,2,diurnal,30,phi_corner,fifo,126,569.9721156390566
9,5,15,2,diurnal,30,phi_corner,fifo,127,652.7330836137124
9,5,15,2,diurnal,30,phi_corner,fifo,128,705.3766676827854
9,5,15,2,diurnal,30,phi_corner,fifo,129,724.322535735436
9,5,15,2,diurnal,30,phi_corner,fifo,130,555.1924617276936
9,5,15,2,diurnal,30,phi_corner,fifo,131,630.4390189188579
9,5,15,2,diurnal,30,phi_corner,fifo,132,677.3622774827443
9,5,15,2,diurnal,30,phi_corner,fifo,133,558.6314879655991
9,5,15,2,diurnal,30,phi_corner,fifo,134,628.4184904560461
9,5,15,2,diurnal,30,phi_corner,fifo,135,582.4058514595506
9,5,15,2,diurnal,30,phi_corner,fifo,136,743.779424471019
9,5,15,2,diurnal,30,phi_corner,fifo,137,732.903100579477
9,5,15,2,diurnal,30,phi_corner,fifo,138,741.9407414557286
9,5,15,2,diurnal,30,phi_corner,fifo,139,599.3973220212166
9,5,15,2,diurnal,30,phi_corner,fifo,140,697.7903079824657
9,5,15,2,diurnal,30,phi_corner,fifo,141,598.7778195657023
9,5,15,2,diurnal,30,phi_corner,fifo,142,598.7778195657023
9,5,15,2,diurnal,30,phi_corner,fifo,143,722.0761752164304
9,5,15,2,diurnal,30,phi_corner,fifo,144,701.5413650061425
9,5,15,2,diurnal,30,phi_corner,fifo,145,621.6690895489448
9,5,15,2,diurnal,30,phi_corner,fifo,146,711.2764736967304
9,5,15,2,diurnal,30,phi_corner,fifo,147,545.6860209823864
9,5,15,2,diurnal,30,phi_corner,fifo,148,744.1968614652882
9,5,15,2,diurnal,30,phi_corner,fifo,149,697.9779681106386
9,5,15,2,diurnal,30,phi_corner,fifo,150,630.6860256407017
9,5,15,2,diurnal,30,phi_corner,fifo,151,651.3619639498604
9,5,15,2,diurnal,30,phi_corner,fifo,152,714.1701685738537
9,5,15,2,diurnal,30,phi_corner,fifo,153,651.3619639498604
9,5,15,2,diurnal,30,phi_corner,fifo,154,636.7885141358643
9,5,15,2,diurnal,30,phi_corner,fifo,155,684.4491948092569
9,5,15,2,diurnal,30,phi_corner,fifo,156,697.4091019439117
9,5,15,2,diurnal,30,phi_corner,fifo,157,631.3142537588791
9,5,15,2,diurnal,30,phi_corner,fifo,158,671.8426546134489
9,5,15,2,diurnal,30,phi_corner,fifo,159,719.5312124331546
9,5,15,2,diurnal,30,phi_corner,fifo,160,621.6690895489448
9,5,15,2,diurnal,30,phi_corner,fifo,161,643.0604786433836
9,5,15,2,diurnal,30,phi_corner,fifo,162,796.7749471443224
9,5,15,2,diurnal,30,phi_corner,fifo,163,706.8480997044351
9,5,15,2,diurnal,30,phi_corner,fifo,164,618.903100579477
9,5,15,2,diurnal,30,phi_corner,fifo,165,772.9765419798908
9,5,15,2,diurnal,30,phi_corner,fifo,166,677.9802337530841
9,5,15,2,diurnal,30,phi_corner,fifo,167,732.903100579477
9,5,15,2,diurnal,30,phi_corner,fifo,168,583.5416209157831
9,5,15,2,diurnal,30,phi_corner,fifo,169,574.6819403798233
9,5,15,2,diurnal,30,phi_corner,fifo,170,678.7846706370374
9,5,15,2,diurnal,30,phi_corner,fifo,171,685.9594081789689
9,5,15,2,diurnal,30,phi_corner,fifo,172,697.3622774827443
9,5,15,2,diurnal,30,phi_corner,fifo,173,641.2171258369683
9,5,15,2,diurnal,30,phi_corner,fifo,174,684.4491948092569
9,5,15,2,diurnal,30,phi_corner,fifo,175,705.6423081947933
9,5,15,2,diurnal,30,phi_corner,fifo,176,678.9116343759894
9,5,15,2,diurnal,30,phi_corner,fifo,177,781.6186846952392
9,5,15,2,diurnal,30,phi_corner,fifo,178,685.1039301907566
9,5,15,2,diurnal,30,phi_corner,fifo,179,634.8247636904738
9,5,15,2,diurnal,30,phi_corner,fifo,180,628.8737328799912
9,5,15,2,diurnal,30,phi_corner,fifo,181,705.6423081947933
9,5,15,2,diurnal,30,phi_corner,fifo,182,647.3730262409931
9,5,15,2,diurnal,30,phi_corner,fifo,183,721.5312124331546
9,5,15,2,diurnal,30,phi_corner,fifo,184,678.7846706370374
9,5,15,2,diurnal,30,phi_corner,fifo,185,706.8480997044351
9,5,15,2,diurnal,30,phi_corner,fifo,186,705.6423081947933
9,5,15,2,diurnal,30,phi_corner,fifo,187,697.2538273272296
9,5,15,2,diurnal,30,phi_corner,fifo,188,695.9060949822685
9,5,15,2,diurnal,30,phi_corner,fifo,189,699.8032053546374
9,5,15,2,diurnal,30,phi_corner,fifo,190,652.9721156390566
9,5,15,2,diurnal,30,phi_corner,fifo,191,510.392317141842
9,5,15,2,diurnal,30,phi_corner,fifo,192,619.3313166617784
9,5,15,2,diurnal,30,phi_corner,fifo,193,655.2768439591622
9,5,15,2,diurnal,30,phi_corner,fifo,194,440.2022776342392
9,5,15,2,diurnal,30,phi_corner,fifo,195,675.3794975276408
9,5,15,2,diurnal,30,phi_corner,fifo,196,619.3313166617784
9,5,15,2,diurnal,30,phi_corner,fifo,197,675.3794975276408
9,5,15,2,diurnal,30,phi_corner,fifo,198,666.1315237240344
9,5,15,2,diurnal,30,phi_corner,fifo,199,583.8994788806593
9,5,15,2,diurnal,30,phi_corner,cluster,0,412.0743344314742
9,5,15,2,diurnal,30,phi_corner,cluster,1,491.5217419801713
9,5,15,2,diurnal,30,phi_corner,cluster,2,600.7706534510925
9,5,15,2,diurnal,30,phi_corner,cluster,3,543.6159194171548
9,5,15,2,diurnal,30,phi_corner,cluster,4,505.3483597203591
9,5,15,2,diurnal,30,phi_corner,cluster,5,594.9116343759894
9,5,15,2,diurnal,30,phi_corner,cluster,6,642.5312124331546
9,5,15,2,diurnal,30,phi_corner,cluster,7,556.3842462297926
9,5,15,2,diurnal,30,phi_corner,cluster,8,667.4934207926574
9,5,15,2,diurnal,30,phi_corner,cluster,9,607.8735612040497
9,5,15,2,diurnal,30,phi_corner,cluster,10,477.5511529230996
9,5,15,2,diurnal,30,phi_corner,cluster,11,574.3766676827854
9,5,15,2,diurnal,30,phi_corner,cluster,12,592.5413650061425
9,5,15,2,diurnal,30,phi_corner,cluster,13,587.4561003040674
9,5,15,2,diurnal,30,phi_corner,cluster,14,676.4871766376774
9,5,15,2,diurnal,30,phi_corner,cluster,15,557.0604786433836
9,5,15,2,diurnal,30,phi_corner,cluster,16,656.4837022591156
9,5,15,2,diurnal,30,phi_corner,cluster,17,603.3108505261569
9,5,15,2,diurnal,30,phi_corner,cluster,18,489.9918686229893
9,5,15,2,diurnal,30,phi_corner,cluster,19,582.0803961277365
9,5,15,2,diurnal,30,phi_corner,cluster,20,686.4115825488236
9,5,15,2,diurnal,30,phi_corner,cluster,21,561.1031674614255
9,5,15,2,diurnal,30,phi_corner,cluster,22,627.1970811787418
9,5,15,2,diurnal,30,phi_corner,cluster,23,565.9407414557286
9,5,15,2,diurnal,30,phi_corner,cluster,24,686.4115825488236
9,5,15,2,diurnal,30,phi_corner,cluster,25,497.5416209157831
9,5,15,2,diurnal,30,phi_corner,cluster,26,484.71730320934853
9,5,15,2,diurnal,30,phi_corner,cluster,27,474.87464534537605
9,5,15,2,diurnal,30,phi_corner,cluster,28,543.7650634121951
9,5,15,2,diurnal,30,phi_corner,cluster,29,557.3313166617784
9,5,15,2,diurnal,30,phi_corner,cluster,30,548.3836019242461
9,5,15,2,diurnal,30,phi_corner,cluster,31,605.5372004600847
9,5,15,2,diurnal,30,phi_corner,cluster,32,603.3108505261569
9,5,15,2,diurnal,30,phi_corner,cluster,33,535.8163276848876
9,5,15,2,diurnal,30,phi_corner,cluster,34,592.5413650061425
9,5,15,2,diurnal,30,phi_corner,cluster,35,489.9918686229893
9,5,15,2,diurnal,30,phi_corner,cluster,36,458.80565355902485
9,5,15,2,diurnal,30,phi_corner,cluster,37,656.4837022591156
9,5,15,2,diurnal,30,phi_corner,cluster,38,592.5413650061425
9,5,15,2,diurnal,30,phi_corner,cluster,39,754.013416422242
9,5,15,2,diurnal,30,phi_corner,cluster,40,451.89962133601034
9,5,15,2,diurnal,30,phi_corner,cluster,41,412.0743344314742
9,5,15,2,diurnal,30,phi_corner,cluster,42,678.4282475156595
9,5,15,2,diurnal,30,phi_corner,cluster,43,543.7650634121951
9,5,15,2,diurnal,30,phi_corner,cluster,44,614.1908394016762
9,5,15,2,diurnal,30,phi_corner,cluster,45,573.1942376173349
9,5,15,2,diurnal,30,phi_corner,cluster,46,587.2651970892049
9,5,15,2,diurnal,30,phi_corner,cluster,47,686.4115825488236
9,5,15,2,diurnal,30,phi_corner,cluster,48,603.9916843729875
9,5,15,2,diurnal,30,phi_corner,cluster,49,543.5148111114777
9,5,15,2,diurnal,30,phi_corner,cluster,50,542.1060121802818
9,5,15,2,diurnal,30,phi_corner,cluster,51,603.9916843729875
9,5,15,2,diurnal,30,phi_corner,cluster,52,540.8247636904738
9,5,15,2,diurnal,30,phi_corner,cluster,53,454.3525408131615
9,5,15,2,diurnal,30,phi_corner,cluster,54,619.8000015710049
9,5,15,2,diurnal,30,phi_corner,cluster,55,745.4184904560461
9,5,15,2,diurnal,30,phi_corner,cluster,56,473.5951254420156
9,5,15,2,diurnal,30,phi_corner,cluster,57,510.08571595578206
9,5,15,2,diurnal,30,phi_corner,cluster,58,566.8591650935473
9,5,15,2,diurnal,30,phi_corner,cluster,59,463.83516689325256
9,5,15,2,diurnal,30,phi_corner,cluster,60,484.46908372957836
9,5,15,2,diurnal,30,phi_corner,cluster,61,745.4184904560461
9,5,15,2,diurnal,30,phi_corner,cluster,62,554.4852743723278
9,5,15,2,diurnal,30,phi_corner,cluster,63,474.87464534537605
9,5,15,2,diurnal,30,phi_corner,cluster,64,597.7903079824657
9,5,15,2,diurnal,30,phi_corner,cluster,65,667.4934207926574
9,5,15,2,diurnal,30,phi_corner,cluster,66,745.4184904560461
9,5,15,2,diurnal,30,phi_corner,cluster,67,557.3313166617784
9,5,15,2,diurnal,30,phi_corner,cluster,68,543.5148111114777
9,5,15,2,diurnal,30,phi_corner,cluster,69,588.1039301907566
9,5,15,2,diurnal,30,phi_corner,cluster,70,583.686787888807
9,5,15,2,diurnal,30,phi_corner,cluster,71,678.4282475156595
9,5,15,2,diurnal,30,phi_corner,cluster,72,583.686787888807
9,5,15,2,diurnal,30,phi_corner,cluster,73,592.3900171984972
9,5,15,2,diurnal,30,phi_corner,cluster,74,631.0847251537967
9,5,15,2,diurnal,30,phi_corner,cluster,75,458.80565355902485
9,5,15,2,diurnal,30,phi_corner,cluster,76,561.1031674614255
9,5,15,2,diurnal,30,phi_corner,cluster,77,463.83516689325256
9,5,15,2,diurnal,30,phi_corner,cluster,78,500.48181950581096
9,5,15,2,diurnal,30,phi_corner,cluster,79,574.3766676827854
9,5,15,2,diurnal,30,phi_corner,cluster,80,575.1925959782848
9,5,15,2,diurnal,30,phi_corner,cluster,81,560.5484271507208
9,5,15,2,diurnal,30,phi_corner,cluster,82,666.0151841669674
9,5,15,2,diurnal,30,phi_corner,cluster,83,484.46908372957836
9,5,15,2,diurnal,30,phi_corner,cluster,84,590.2651970892049
9,5,15,2,diurnal,30,phi_corner,cluster,85,490.40732821906084
9,5,15,2,diurnal,30,phi_corner,cluster,86,550.6819403798233
9,5,15,2,diurnal,30,phi_corner,cluster,87,549.1648432304916
9,5,15,2,diurnal,30,phi_corner,cluster,88,586.6431948721453
9,5,15,2,diurnal,30,phi_corner,cluster,89,605.5372004600847
9,5,15,2,diurnal,30,phi_corner,cluster,90,590.5095658399487
9,5,15,2,diurnal,30,phi_corner,cluster,91,587.2651970892049
9,5,15,2,diurnal,30,phi_corner,cluster,92,554.4852743723278
9,5,15,2,diurnal,30,phi_corner,cluster,93,441.1196788516041
9,5,15,2,diurnal,30,phi_corner,cluster,94,656.4837022591156
9,5,15,2,diurnal,30,phi_corner,cluster,95,580.1086730152567
9,5,15,2,diurnal,30,phi_corner,cluster,96,468.35454329176514
9,5,15,2,diurnal,30,phi_corner,cluster,97,494.9769094339031
9,5,15,2,diurnal,30,phi_corner,cluster,98,656.4837022591156
9,5,15,2,diurnal,30,phi_corner,cluster,99,473.5951254420156
9,5,15,2,diurnal,30,phi_corner,cluster,100,693.2849160799419
9,5,15,2,diurnal,30,phi_corner,cluster,101,653.8300044746625
9,5,15,2,diurnal,30,phi_corner,cluster,102,451.89962133601034
9,5,15,2,diurnal,30,phi_corner,cluster,103,491.5217419801713
9,5,15,2,diurnal,30,phi_corner,cluster,104,437.70759586926295
9,5,15,2,diurnal,30,phi_corner,cluster,105,463.5536399429468
9,5,15,2,diurnal,30,phi_corner,cluster,106,557.392317141842
9,5,15,2,diurnal,30,phi_corner,cluster,107,543.6159194171548
9,5,15,2,diurnal,30,phi_corner,cluster,108,623.3155733336234
9,5,15,2,diurnal,30,phi_corner,cluster,109,590.2651970892049
9,5,15,2,diurnal,30,phi_corner,cluster,110,498.35454329176514
9,5,15,2,diurnal,30,phi_corner,cluster,111,588.1039301907566
9,5,15,2,diurnal,30,phi_corner,cluster,112,611.3006594871883
9,5,15,2,diurnal,30,phi_corner,cluster,113,531.6401869617343
9,5,15,2,diurnal,30,phi_corner,cluster,114,550.6819403798233
9,5,15,2,diurnal,30,phi_corner,cluster,115,499.3142537588791
9,5,15,2,diurnal,30,phi_corner,cluster,116,617.6085989823243
9,5,15,2,diurnal,30,phi_corner,cluster,117,556.6159194171548
9,5,15,2,diurnal,30,phi_corner,cluster,118,709.0221776359222
9,5,15,2,diurnal,30,phi_corner,cluster,119,570.4719674170173
9,5,15,2,diurnal,30,phi_corner,cluster,120,484.46908372957836
9,5,15,2,diurnal,30,phi_corner,cluster,121,524.7775908304677
9,5,15,2,diurnal,30,phi_corner,cluster,122,503.89947888065933
9,5,15,2,diurnal,30,phi_corner,cluster,123,463.83516689325256
9,5,15,2,diurnal,30,phi_corner,cluster,124,405.87516384608773
9,5,15,2,diurnal,30,phi_corner,cluster,125,773.5722340395805
9,5,15,2,diurnal,30,phi_corner,cluster,126,459.89939585294434
9,5,15,2,diurnal,30,phi_corner,cluster,127,561.7330836137124
9,5,15,2,diurnal,30,phi_corner,cluster,128,574.3766676827854
9,5,15,2,diurnal,30,phi_corner,cluster,129,582.0803961277365
9,5,15,2,diurnal,30,phi_corner,cluster,130,504.735736973102
9,5,15,2,diurnal,30,phi_corner,cluster,131,510.08571595578206
9,5,15,2,diurnal,30,phi_corner,cluster,132,531.6401869617343
9,5,15,2,diurnal,30,phi_corner,cluster,133,420.63148796559915
9,5,15,2,diurnal,30,phi_corner,cluster,134,745.4184904560461
9,5,15,2,diurnal,30,phi_corner,cluster,135,526.4058514595506
9,5,15,2,diurnal,30,phi_corner,cluster,136,632.779424471019
9,5,15,2,diurnal,30,phi_corner,cluster,137,546.903100579477
9,5,15,2,diurnal,30,phi_corner,cluster,138,565.9407414557286
9,5,15,2,diurnal,30,phi_corner,cluster,139,530.3973220212166
9,5,15,2,diurnal,30,phi_corner,cluster,140,582.4719674170173
9,5,15,2,diurnal,30,phi_corner,cluster,141,605.5372004600847
9,5,15,2,diurnal,30,phi_corner,cluster,142,605.5372004600847
9,5,15,2,diurnal,30,phi_corner,cluster,143,639.9818673870243
9,5,15,2,diurnal,30,phi_corner,cluster,144,592.5413650061425
9,5,15,2,diurnal,30,phi_corner,cluster,145,513.8744032893078
9,5,15,2,diurnal,30,phi_corner,cluster,146,640.9339449070139
9,5,15,2,diurnal,30,phi_corner,cluster,147,531.009921183121
9,5,15,2,diurnal,30,phi_corner,cluster,148,575.1925959782848
9,5,15,2,diurnal,30,phi_corner,cluster,149,484.46908372957836
9,5,15,2,diurnal,30,phi_corner,cluster,150,615.9407414557286
9,5,15,2,diurnal,30,phi_corner,cluster,151,542.1060121802818
9,5,15,2,diurnal,30,phi_corner,cluster,152,690.1701685738537
9,5,15,2,diurnal,30,phi_corner,cluster,153,542.1060121802818
9,5,15,2,diurnal,30,phi_corner,cluster,154,606.4115825488236
9,5,15,2,diurnal,30,phi_corner,cluster,155,701.838895393869
9,5,15,2,diurnal,30,phi_corner,cluster,156,659.4091019439117
9,5,15,2,diurnal,30,phi_corner,cluster,157,499.3142537588791
9,5,15,2,diurnal,30,phi_corner,cluster,158,589.7467542109578
9,5,15,2,diurnal,30,phi_corner,cluster,159,642.5312124331546
9,5,15,2,diurnal,30,phi_corner,cluster,160,513.8744032893078
9,5,15,2,diurnal,30,phi_corner,cluster,161,595.0604786433836
9,5,15,2,diurnal,30,phi_corner,cluster,162,667.7749471443224
9,5,15,2,diurnal,30,phi_corner,cluster,163,513.3625157923741
9,5,15,2,diurnal,30,phi_corner,cluster,164,568.9060949822685
9,5,15,2,diurnal,30,phi_corner,cluster,165,634.9765419798908
9,5,15,2,diurnal,30,phi_corner,cluster,166,610.9802337530841
9,5,15,2,diurnal,30,phi_corner,cluster,167,546.903100579477
9,5,15,2,diurnal,30,phi_corner,cluster,168,463.5536399429468
9,5,15,2,diurnal,30,phi_corner,cluster,169,550.6819403798233
9,5,15,2,diurnal,30,phi_corner,cluster,170,607.8735612040497
9,5,15,2,diurnal,30,phi_corner,cluster,171,571.9594081789689
9,5,15,2,diurnal,30,phi_corner,cluster,172,679.3622774827443
9,5,15,2,diurnal,30,phi_corner,cluster,173,535.2171258369683
9,5,15,2,diurnal,30,phi_corner,cluster,174,701.838895393869
9,5,15,2,diurnal,30,phi_corner,cluster,175,501.6423081947933
9,5,15,2,diurnal,30,phi_corner,cluster,176,611.3006594871883
9,5,15,2,diurnal,30,phi_corner,cluster,177,597.7903079824657
9,5,15,2,diurnal,30,phi_corner,cluster,178,588.1039301907566
9,5,15,2,diurnal,30,phi_corner,cluster,179,540.8247636904738
9,5,15,2,diurnal,30,phi_corner,cluster,180,603.9916843729875
9,5,15,2,diurnal,30,phi_corner,cluster,181,501.6423081947933
9,5,15,2,diurnal,30,phi_corner,cluster,182,515.4719674170173
9,5,15,2,diurnal,30,phi_corner,cluster,183,686.4115825488236
9,5,15,2,diurnal,30,phi_corner,cluster,184,607.8735612040497
9,5,15,2,diurnal,30,phi_corner,cluster,185,513.3625157923741
9,5,15,2,diurnal,30,phi_corner,cluster,186,501.6423081947933
9,5,15,2,diurnal,30,phi_corner,cluster,187,566.2538273272296
9,5,15,2,diurnal,30,phi_corner,cluster,188,595.9060949822685
9,5,15,2,diurnal,30,phi_corner,cluster,189,543.6159194171548
9,5,15,2,diurnal,30,phi_corner,cluster,190,519.707595869263
9,5,15,2,diurnal,30,phi_corner,cluster,191,557.392317141842
9,5,15,2,diurnal,30,phi_corner,cluster,192,588.3313166617784
9,5,15,2,diurnal,30,phi_corner,cluster,193,513.2768439591622
9,5,15,2,diurnal,30,phi_corner,cluster,194,456.0081758854529
9,5,15,2,diurnal,30,phi_corner,cluster,195,596.3794975276408
9,5,15,2,diurnal,30,phi_corner,cluster,196,588.3313166617784
9,5,15,2,diurnal,30,phi_corner,cluster,197,596.3794975276408
9,5,15,2,diurnal,30,phi_corner,cluster,198,515.1315237240344
9,5,15,2,diurnal,30,phi_corner,cluster,199,503.89947888065933
11,5,30,2,uniform,8,random,fifo,0,187.0
11,5,30,2,uniform,8,random,fifo,1,281.0
11,5,30,2,uniform,8,random,fifo,2,237.0
11,5,30,2,uniform,8,random,fifo,3,286.0
11,5,30,2,uniform,8,random,fifo,4,232.0
11,5,30,2,uniform,8,random,fifo,5,202.0
11,5,30,2,uniform,8,random,fifo,6,208.0
11,5,30,2,uniform,8,random,fifo,7,252.0
11,5,30,2,uniform,8,random,fifo,8,271.0
11,5,30,2,uniform,8,random,fifo,9,198.0
11,5,30,2,uniform,8,random,fifo,10,153.0
11,5,30,2,uniform,8,random,fifo,11,227.0
11,5,30,2,uniform,8,random,fifo,12,217.0
11,5,30,2,uniform,8,random,fifo,13,164.0
11,5,30,2,uniform,8,random,fifo,14,213.0
11,5,30,2,uniform,8,random,fifo,15,188.0
11,5,30,2,uniform,8,random,fifo,16,188.0
11,5,30,2,uniform,8,random,fifo,17,208.0
11,5,30,2,uniform,8,random,fifo,18,247.0
11,5,30,2,uniform,8,random,fifo,19,193.0
11,5,30,2,uniform,8,random,fifo,20,96.0
11,5,30,2,uniform,8,random,fifo,21,169.0
11,5,30,2,uniform,8,random,fifo,22,217.0
11,5,30,2,uniform,8,random,fifo,23,226.0
11,5,30,2,uniform,8,random,fifo,24,201.0
11,5,30,2,uniform,8,random,fifo,25,179.0
11,5,30,2,uniform,8,random,fifo,26,110.0
11,5,30,2,uniform,8,random,fifo,27,172.0
11,5,30,2,uniform,8,random,fifo,28,179.0
11,5,30,2,uniform,8,random,fifo,29,125.0
11,5,30,2,uniform,8,random,fifo,30,165.0
11,5,30,2,uniform,8,random,fifo,31,178.0
11,5,30,2,uniform,8,random,fifo,32,178.0
11,5,30,2,uniform,8,random,fifo,33,153.0
11,5,30,2,uniform,8,random,fifo,34,193.0
11,5,30,2,uniform,8,random,fifo,35,198.0
11,5,30,2,uniform,8,random,fifo,36,183.0
11,5,30,2,uniform,8,random,fifo,37,208.0
11,5,30,2,uniform,8,random,fifo,38,226.0
11,5,30,2,uniform,8,random,fifo,39,164.0
11,5,30,2,uniform,8,random,fifo,40,208.0
11,5,30,2,uniform,8,random,fifo,41,192.0
11,5,30,2,uniform,8,random,fifo,42,216.0
11,5,30,2,uniform,8,random,fifo,43,202.0
11,5,30,2,uniform,8,random,fifo,44,203.0
11,5,30,2,uniform,8,random,fifo,45,272.0
11,5,30,2,uniform,8,random,fifo,46,212.0
11,5,30,2,uniform,8,random,fifo,47,202.0
11,5,30,2,uniform,8,random,fifo,48,169.0
11,5,30,2,uniform,8,random,fifo,49,232.0
11,5,30,2,uniform,8,random,fifo,50,208.0
11,5,30,2,uniform,8,random,fifo,51,207.0
11,5,30,2,uniform,8,random,fifo,52,163.0
11,5,30,2,uniform,8,random,fifo,53,208.0
11,5,30,2,uniform,8,random,fifo,54,159.0
11,5,30,2,uniform,8,random,fifo,55,232.0
11,5,30,2,uniform,8,random,fifo,56,189.0
11,5,30,2,uniform,8,random,fifo,57,178.0
11,5,30,2,uniform,8,random,fifo,58,194.0
11,5,30,2,uniform,8,random,fifo,59,197.0
11,5,30,2,uniform,8,random,fifo,60,227.0
11,5,30,2,uniform,8,random,fifo,61,163.0
11,5,30,2,uniform,8,random,fifo,62,178.0
11,5,30,2,uniform,8,random,fifo,63,153.0
11,5,30,2,uniform,8,random,fifo,64,213.0
11,5,30,2,uniform,8,random,fifo,65,221.0
11,5,30,2,uniform,8,random,fifo,66,231.0
11,5,30,2,uniform,8,random,fifo,67,179.0
11,5,30,2,uniform,8,random,fifo,68,227.0
11,5,30,2,uniform,8,random,fifo,69,227.0
11,5,30,2,uniform,8,random,fifo,70,145.0
11,5,30,2,uniform,8,random,fifo,71,178.0
11,5,30,2,uniform,8,random,fifo,72,197.0
11,5,30,2,uniform,8,random,fifo,73,179.0
11,5,30,2,uniform,8,random,fifo,74,291.0
11,5,30,2,uniform,8,random,fifo,75,174.0
11,5,30,2,uniform,8,random,fifo,76,198.0
11,5,30,2,uniform,8,random,fifo,77,142.0
11,5,30,2,uniform,8,random,fifo,78,129.0
11,5,30,2,uniform,8,random,fifo,79,134.0
11,5,30,2,uniform,8,random,fifo,80,189.0
11,5,30,2,uniform,8,random,fifo,81,197.0
11,5,30,2,uniform,8,random,fifo,82,179.0
11,5,30,2,uniform,8,random,fifo,83,168.0
11,5,30,2,uniform,8,random,fifo,84,266.0
11,5,30,2,uniform,8,random,fifo,85,227.0
11,5,30,2,uniform,8,random,fifo,86,187.0
11,5,30,2,uniform,8,random,fifo,87,125.0
11,5,30,2,uniform,8,random,fifo,88,183.0
11,5,30,2,uniform,8,random,fifo,89,161.0
11,5,30,2,uniform,8,random,fifo,90,193.0
11,5,30,2,uniform,8,random,fifo,91,271.0
11,5,30,2,uniform,8,random,fifo,92,217.0
11,5,30,2,uniform,8,random,fifo,93,125.0
11,5,30,2,uniform,8,random,fifo,94,208.0
11,5,30,2,uniform,8,random,fifo,95,238.0
11,5,30,2,uniform,8,random,fifo,96,154.0
11,5,30,2,uniform,8,random,fifo,97,222.0
11,5,30,2,uniform,8,random,fifo,98,175.0
11,5,30,2,uniform,8,random,fifo,99,227.0
11,5,30,2,uniform,8,random,fifo,100,188.0
11,5,30,2,uniform,8,random,fifo,101,213.0
11,5,30,2,uniform,8,random,fifo,102,207.0
11,5,30,2,uniform,8,random,fifo,103,193.0
11,5,30,2,uniform,8,random,fifo,104,183.0
11,5,30,2,uniform,8,random,fifo,105,281.0
11,5,30,2,uniform,8,random,fifo,106,261.0
11,5,30,2,uniform,8,random,fifo,107,213.0
11,5,30,2,uniform,8,random,fifo,108,183.0
11,5,30,2,uniform,8,random,fifo,109,193.0
11,5,30,2,uniform,8,random,fifo,110,267.0
11,5,30,2,uniform,8,random,fifo,111,233.0
11,5,30,2,uniform,8,random,fifo,112,179.0
11,5,30,2,uniform,8,random,fifo,113,187.0
11,5,30,2,uniform,8,random,fifo,114,277.0
11,5,30,2,uniform,8,random,fifo,115,198.0
11,5,30,2,uniform,8,random,fifo,116,197.0
11,5,30,2,uniform,8,random,fifo,117,188.0
11,5,30,2,uniform,8,random,fifo,118,198.0
11,5,30,2,uniform,8,random,fifo,119,228.0
11,5,30,2,uniform,8,random,fifo,120,188.0
11,5,30,2,uniform,8,random,fifo,121,159.0
11,5,30,2,uniform,8,random,fifo,122,173.0
11,5,30,2,uniform,8,random,fifo,123,174.0
11,5,30,2,uniform,8,random,fifo,124,167.0
11,5,30,2,uniform,8,random,fifo,125,173.0
11,5,30,2,uniform,8,random,fifo,126,140.0
11,5,30,2,uniform,8,random,fifo,127,218.0
11,5,30,2,uniform,8,random,fifo,128,164.0
11,5,30,2,uniform,8,random,fifo,129,173.0
11,5,30,2,uniform,8,random,fifo,130,193.0
11,5,30,2,uniform,8,random,fifo,131,197.0
11,5,30,2,uniform,8,random,fifo,132,174.0
11,5,30,2,uniform,8,random,fifo,133,237.0
11,5,30,2,uniform,8,random,fifo,134,144.0
11,5,30,2,uniform,8,random,fifo,135,208.0
11,5,30,2,uniform,8,random,fifo,136,216.0
11,5,30,2,uniform,8,random,fifo,137,178.0
11,5,30,2,uniform,8,random,fifo,138,217.0
11,5,30,2,uniform,8,random,fifo,139,227.0
11,5,30,2,uniform,8,random,fifo,140,192.0
11,5,30,2,uniform,8,random,fifo,141,196.0
11,5,30,2,uniform,8,random,fifo,142,204.0
11,5,30,2,uniform,8,random,fifo,143,197.0
11,5,30,2,uniform,8,random,fifo,144,227.0
11,5,30,2,uniform,8,random,fifo,145,216.0
11,5,30,2,uniform,8,random,fifo,146,192.0
11,5,30,2,uniform,8,random,fifo,147,208.0
11,5,30,2,uniform,8,random,fifo,148,231.0
11,5,30,2,uniform,8,random,fifo,149,199.0
11,5,30,2,uniform,8,random,fifo,150,247.0
11,5,30,2,uniform,8,random,fifo,151,159.0
11,5,30,2,uniform,8,random,fifo,152,174.0
11,5,30,2,uniform,8,random,fifo,153,183.0
11,5,30,2,uniform,8,random,fifo,154,178.0
11,5,30,2,uniform,8,random,fifo,155,202.0
11,5,30,2,uniform,8,random,fifo,156,187.0
11,5,30,2,uniform,8,random,fifo,157,178.0
11,5,30,2,uniform,8,random,fifo,158,183.0
11,5,30,2,uniform,8,random,fifo,159,159.0
11,5,30,2,uniform,8,random,fifo,160,168.0
11,5,30,2,uniform,8,random,fifo,161,183.0
11,5,30,2,uniform,8,random,fifo,162,198.0
11,5,30,2,uniform,8,random,fifo,163,158.0
11,5,30,2,uniform,8,random,fifo,164,207.0
11,5,30,2,uniform,8,random,fifo,165,192.0
11,5,30,2,uniform,8,random,fifo,166,247.0
11,5,30,2,uniform,8,random,fifo,167,164.0
11,5,30,2,uniform,8,random,fifo,168,228.0
11,5,30,2,uniform,8,random,fifo,169,202.0
11,5,30,2,uniform,8,random,fifo,170,173.0
11,5,30,2,uniform,8,random,fifo,171,237.0
11,5,30,2,uniform,8,random,fifo,172,218.0
11,5,30,2,uniform,8,random,fifo,173,256.0
11,5,30,2,uniform,8,random,fifo,174,221.0
11,5,30,2,uniform,8,random,fifo,175,241.0
11,5,30,2,uniform,8,random,fifo,176,221.0
11,5,30,2,uniform,8,random,fifo,177,218.0
11,5,30,2,uniform,8,random,fifo,178,158.0
11,5,30,2,uniform,8,random,fifo,179,144.0
11,5,30,2,uniform,8,random,fifo,180,157.0
11,5,30,2,uniform,8,random,fifo,181,172.0
11,5,30,2,uniform,8,random,fifo,182,175.0
11,5,30,2,uniform,8,random,fifo,183,198.0
11,5,30,2,uniform,8,random,fifo,184,177.0
11,5,30,2,uniform,8,random,fifo,185,251.0
11,5,30,2,uniform,8,random,fifo,186,198.0
11,5,30,2,uniform,8,random,fifo,187,232.0
11,5,30,2,uniform,8,random,fifo,188,183.0
11,5,30,2,uniform,8,random,fifo,189,212.0
11,5,30,2,uniform,8,random,fifo,190,158.0
11,5,30,2,uniform,8,random,fifo,191,271.0
11,5,30,2,uniform,8,random,fifo,192,222.0
11,5,30,2,uniform,8,random,fifo,193,207.0
11,5,30,2,uniform,8,random,fifo,194,202.0
11,5,30,2,uniform,8,random,fifo,195,129.0
11,5,30,2,uniform,8,random,fifo,196,221.0
11,5,30,2,uniform,8,random,fifo,197,163.0
11,5,30,2,uniform,8,random,fifo,198,189.0
11,5,30,2,uniform,8,random,fifo,199,222.0
11,5,30,2,uniform,8,random,cluster,0,183.0
11,5,30,2,uniform,8,random,cluster,1,212.0
11,5,30,2,uniform,8,random,cluster,2,183.0
11,5,30,2,uniform,8,random,cluster,3,218.0
11,5,30,2,uniform,8,random,cluster,4,198.0
11,5,30,2,uniform,8,random,cluster,5,193.0
11,5,30,2,uniform,8,random,cluster,6,217.0
11,5,30,2,uniform,8,random,cluster,7,232.0
11,5,30,2,uniform,8,random,cluster,8,188.0
11,5,30,2,uniform,8,random,cluster,9,174.0
11,5,30,2,uniform,8,random,cluster,10,194.0
11,5,30,2,uniform,8,random,cluster,11,213.0
11,5,30,2,uniform,8,random,cluster,12,198.0
11,5,30,2,uniform,8,random,cluster,13,228.0
11,5,30,2,uniform,8,random,cluster,14,213.0
11,5,30,2,uniform,8,random,cluster,15,217.0
11,5,30,2,uniform,8,random,cluster,16,173.0
11,5,30,2,uniform,8,random,cluster,17,193.0
11,5,30,2,uniform,8,random,cluster,18,194.0
11,5,30,2,uniform,8,random,cluster,19,183.0
11,5,30,2,uniform,8,random,cluster,20,86.0
11,5,30,2,uniform,8,random,cluster,21,183.0
11,5,30,2,uniform,8,random,cluster,22,208.0
11,5,30,2,uniform,8,random,cluster,23,208.0
11,5,30,2,uniform,8,random,cluster,24,246.0
11,5,30,2,uniform,8,random,cluster,25,165.0
11,5,30,2,uniform,8,random,cluster,26,135.0
11,5,30,2,uniform,8,random,cluster,27,172.0
11,5,30,2,uniform,8,random,cluster,28,149.0
11,5,30,2,uniform,8,random,cluster,29,144.0
11,5,30,2,uniform,8,random,cluster,30,160.0
11,5,30,2,uniform,8,random,cluster,31,208.0
11,5,30,2,uniform,8,random,cluster,32,183.0
11,5,30,2,uniform,8,random,cluster,33,153.0
11,5,30,2,uniform,8,random,cluster,34,179.0
11,5,30,2,uniform,8,random,cluster,35,179.0
11,5,30,2,uniform,8,random,cluster,36,197.0
11,5,30,2,uniform,8,random,cluster,37,178.0
11,5,30,2,uniform,8,random,cluster,38,168.0
11,5,30,2,uniform,8,random,cluster,39,150.0
11,5,30,2,uniform,8,random,cluster,40,212.0
11,5,30,2,uniform,8,random,cluster,41,158.0
11,5,30,2,uniform,8,random,cluster,42,198.0
11,5,30,2,uniform,8,random,cluster,43,183.0
11,5,30,2,uniform,8,random,cluster,44,217.0
11,5,30,2,uniform,8,random,cluster,45,228.0
11,5,30,2,uniform,8,random,cluster,46,168.0
11,5,30,2,uniform,8,random,cluster,47,177.0
11,5,30,2,uniform,8,random,cluster,48,183.0
11,5,30,2,uniform,8,random,cluster,49,213.0
11,5,30,2,uniform,8,random,cluster,50,174.0
11,5,30,2,uniform,8,random,cluster,51,130.0
11,5,30,2,uniform,8,random,cluster,52,154.0
11,5,30,2,uniform,8,random,cluster,53,189.0
11,5,30,2,uniform,8,random,cluster,54,173.0
11,5,30,2,uniform,8,random,cluster,55,178.0
11,5,30,2,uniform,8,random,cluster,56,204.0
11,5,30,2,uniform,8,random,cluster,57,197.0
11,5,30,2,uniform,8,random,cluster,58,173.0
11,5,30,2,uniform,8,random,cluster,59,203.0
11,5,30,2,uniform,8,random,cluster,60,193.0
11,5,30,2,uniform,8,random,cluster,61,154.0
11,5,30,2,uniform,8,random,cluster,62,199.0
11,5,30,2,uniform,8,random,cluster,63,173.0
11,5,30,2,uniform,8,random,cluster,64,183.0
11,5,30,2,uniform,8,random,cluster,65,183.0
11,5,30,2,uniform,8,random,cluster,66,217.0
11,5,30,2,uniform,8,random,cluster,67,140.0
11,5,30,2,uniform,8,random,cluster,68,212.0
11,5,30,2,uniform,8,random,cluster,69,238.0
11,5,30,2,uniform,8,random,cluster,70,153.0
11,5,30,2,uniform,8,random,cluster,71,188.0
11,5,30,2,uniform,8,random,cluster,72,172.0
11,5,30,2,uniform,8,random,cluster,73,170.0
11,5,30,2,uniform,8,random,cluster,74,193.0
11,5,30,2,uniform,8,random,cluster,75,155.0
11,5,30,2,uniform,8,random,cluster,76,174.0
11,5,30,2,uniform,8,random,cluster,77,133.0
11,5,30,2,uniform,8,random,cluster,78,198.0
11,5,30,2,uniform,8,random,cluster,79,105.0
11,5,30,2,uniform,8,random,cluster,80,164.0
11,5,30,2,uniform,8,random,cluster,81,187.0
11,5,30,2,uniform,8,random,cluster,82,178.0
11,5,30,2,uniform,8,random,cluster,83,168.0
11,5,30,2,uniform,8,random,cluster,84,227.0
11,5,30,2,uniform,8,random,cluster,85,198.0
11,5,30,2,uniform,8,random,cluster,86,211.0
11,5,30,2,uniform,8,random,cluster,87,154.0
11,5,30,2,uniform,8,random,cluster,88,124.0
11,5,30,2,uniform,8,random,cluster,89,158.0
11,5,30,2,uniform,8,random,cluster,90,198.0
11,5,30,2,uniform,8,random,cluster,91,231.0
11,5,30,2,uniform,8,random,cluster,92,266.0
11,5,30,2,uniform,8,random,cluster,93,130.0
11,5,30,2,uniform,8,random,cluster,94,227.0
11,5,30,2,uniform,8,random,cluster,95,167.0
11,5,30,2,uniform,8,random,cluster,96,144.0
11,5,30,2,uniform,8,random,cluster,97,174.0
11,5,30,2,uniform,8,random,cluster,98,174.0
11,5,30,2,uniform,8,random,cluster,99,237.0
11,5,30,2,uniform,8,random,cluster,100,140.0
11,5,30,2,uniform,8,random,cluster,101,179.0
11,5,30,2,uniform,8,random,cluster,102,241.0
11,5,30,2,uniform,8,random,cluster,103,217.0
11,5,30,2,uniform,8,random,cluster,104,198.0
11,5,30,2,uniform,8,random,cluster,105,212.0
11,5,30,2,uniform,8,random,cluster,106,154.0
11,5,30,2,uniform,8,random,cluster,107,232.0
11,5,30,2,uniform,8,random,cluster,108,232.0
11,5,30,2,uniform,8,random,cluster,109,145.0
11,5,30,2,uniform,8,random,cluster,110,243.0
11,5,30,2,uniform,8,random,cluster,111,178.0
11,5,30,2,uniform,8,random,cluster,112,193.0
11,5,30,2,uniform,8,random,cluster,113,171.0
11,5,30,2,uniform,8,random,cluster,114,237.0
11,5,30,2,uniform,8,random,cluster,115,199.0
11,5,30,2,uniform,8,random,cluster,116,216.0
11,5,30,2,uniform,8,random,cluster,117,163.0
11,5,30,2,uniform,8,random,cluster,118,174.0
11,5,30,2,uniform,8,random,cluster,119,177.0
11,5,30,2,uniform,8,random,cluster,120,222.0
11,5,30,2,uniform,8,random,cluster,121,203.0
11,5,30,2,uniform,8,random,cluster,122,163.0
11,5,30,2,uniform,8,random,cluster,123,145.0
11,5,30,2,uniform,8,random,cluster,124,154.0
11,5,30,2,uniform,8,random,cluster,125,144.0
11,5,30,2,uniform,8,random,cluster,126,159.0
11,5,30,2,uniform,8,random,cluster,127,183.0
11,5,30,2,uniform,8,random,cluster,128,164.0
11,5,30,2,uniform,8,random,cluster,129,187.0
11,5,30,2,uniform,8,random,cluster,130,179.0
11,5,30,2,uniform,8,random,cluster,131,154.0
11,5,30,2,uniform,8,random,cluster,132,169.0
11,5,30,2,uniform,8,random,cluster,133,194.0
11,5,30,2,uniform,8,random,cluster,134,114.0
11,5,30,2,uniform,8,random,cluster,135,203.0
11,5,30,2,uniform,8,random,cluster,136,172.0
11,5,30,2,uniform,8,random,cluster,137,163.0
11,5,30,2,uniform,8,random,cluster,138,158.0
11,5,30,2,uniform,8,random,cluster,139,148.0
11,5,30,2,uniform,8,random,cluster,140,217.0
11,5,30,2,uniform,8,random,cluster,141,153.0
11,5,30,2,uniform,8,random,cluster,142,192.0
11,5,30,2,uniform,8,random,cluster,143,196.0
11,5,30,2,uniform,8,random,cluster,144,213.0
11,5,30,2,uniform,8,random,cluster,145,193.0
11,5,30,2,uniform,8,random,cluster,146,153.0
11,5,30,2,uniform,8,random,cluster,147,203.0
11,5,30,2,uniform,8,random,cluster,148,222.0
11,5,30,2,uniform,8,random,cluster,149,198.0
11,5,30,2,uniform,8,random,cluster,150,213.0
11,5,30,2,uniform,8,random,cluster,151,159.0
11,5,30,2,uniform,8,random,cluster,152,159.0
11,5,30,2,uniform,8,random,cluster,153,154.0
11,5,30,2,uniform,8,random,cluster,154,208.0
11,5,30,2,uniform,8,random,cluster,155,188.0
11,5,30,2,uniform,8,random,cluster,156,139.0
11,5,30,2,uniform,8,random,cluster,157,212.0
11,5,30,2,uniform,8,random,cluster,158,194.0
11,5,30,2,uniform,8,random,cluster,159,183.0
11,5,30,2,uniform,8,random,cluster,160,192.0
11,5,30,2,uniform,8,random,cluster,161,173.0
11,5,30,2,uniform,8,random,cluster,162,179.0
11,5,30,2,uniform,8,random,cluster,163,169.0
11,5,30,2,uniform,8,random,cluster,164,213.0
11,5,30,2,uniform,8,random,cluster,165,183.0
11,5,30,2,uniform,8,random,cluster,166,208.0
11,5,30,2,uniform,8,random,cluster,167,194.0
11,5,30,2,uniform,8,random,cluster,168,228.0
11,5,30,2,uniform,8,random,cluster,169,198.0
11,5,30,2,uniform,8,random,cluster,170,193.0
11,5,30,2,uniform,8,random,cluster,171,178.0
11,5,30,2,uniform,8,random,cluster,172,213.0
11,5,30,2,uniform,8,random,cluster,173,227.0
11,5,30,2,uniform,8,random,cluster,174,212.0
11,5,30,2,uniform,8,random,cluster,175,207.0
11,5,30,2,uniform,8,random,cluster,176,178.0
11,5,30,2,uniform,8,random,cluster,177,218.0
11,5,30,2,uniform,8,random,cluster,178,173.0
11,5,30,2,uniform,8,random,cluster,179,148.0
11,5,30,2,uniform,8,random,cluster,180,144.0
11,5,30,2,uniform,8,random,cluster,181,144.0
11,5,30,2,uniform,8,random,cluster,182,175.0
11,5,30,2,uniform,8,random,cluster,183,193.0
11,5,30,2,uniform,8,random,cluster,184,197.0
11,5,30,2,uniform,8,random,cluster,185,228.0
11,5,30,2,uniform,8,random,cluster,186,188.0
11,5,30,2,uniform,8,random,cluster,187,184.0
11,5,30,2,uniform,8,random,cluster,188,178.0
11,5,30,2,uniform,8,random,cluster,189,212.0
11,5,30,2,uniform,8,random,cluster,190,202.0
11,5,30,2,uniform,8,random,cluster,191,237.0
11,5,30,2,uniform,8,random,cluster,192,222.0
11,5,30,2,uniform,8,random,cluster,193,169.0
11,5,30,2,uniform,8,random,cluster,194,223.0
11,5,30,2,uniform,8,random,cluster,195,148.0
11,5,30,2,uniform,8,random,cluster,196,212.0
11,5,30,2,uniform,8,random,cluster,197,188.0
11,5,30,2,uniform,8,random,cluster,198,213.0
11,5,30,2,uniform,8,random,cluster,199,212.0
11,5,30,2,uniform,8,phi_corner,fifo,0,174.0
11,5,30,2,uniform,8,phi_corner,fifo,1,180.0
11,5,30,2,uniform,8,phi_corner,fifo,2,186.0
11,5,30,2,uniform,8,phi_corner,fifo,3,168.0
11,5,30,2,uniform,8,phi_corner,fifo,4,222.0
11,5,30,2,uniform,8,phi_corner,fifo,5,182.0
11,5,30,2,uniform,8,phi_corner,fifo,6,251.0
11,5,30,2,uniform,8,phi_corner,fifo,7,183.0
11,5,30,2,uniform,8,phi_corner,fifo,8,100.0
11,5,30,2,uniform,8,phi_corner,fifo,9,198.0
11,5,30,2,uniform,8,phi_corner,fifo,10,174.0
11,5,30,2,uniform,8,phi_corner,fifo,11,222.0
11,5,30,2,uniform,8,phi_corner,fifo,12,150.0
11,5,30,2,uniform,8,phi_corner,fifo,13,194.0
11,5,30,2,uniform,8,phi_corner,fifo,14,232.0
11,5,30,2,uniform,8,phi_corner,fifo,15,206.0
11,5,30,2,uniform,8,phi_corner,fifo,16,186.0
11,5,30,2,uniform,8,phi_corner,fifo,17,212.0
11,5,30,2,uniform,8,phi_corner,fifo,18,202.0
11,5,30,2,uniform,8,phi_corner,fifo,19,168.0
11,5,30,2,uniform,8,phi_corner,fifo,20,184.0
11,5,30,2,uniform,8,phi_corner,fifo,21,193.0
11,5,30,2,uniform,8,phi_corner,fifo,22,213.0
11,5,30,2,uniform,8,phi_corner,fifo,23,214.0
11,5,30,2,uniform,8,phi_corner,fifo,24,198.0
11,5,30,2,uniform,8,phi_corner,fifo,25,184.0
11,5,30,2,uniform,8,phi_corner,fifo,26,153.0
11,5,30,2,uniform,8,phi_corner,fifo,27,134.0
11,5,30,2,uniform,8,phi_corner,fifo,28,197.0
11,5,30,2,uniform,8,phi_corner,fifo,29,109.0
11,5,30,2,uniform,8,phi_corner,fifo,30,227.0
11,5,30,2,uniform,8,phi_corner,fifo,31,173.0
11,5,30,2,uniform,8,phi_corner,fifo,32,135.0
11,5,30,2,uniform,8,phi_corner,fifo,33,198.0
11,5,30,2,uniform,8,phi_corner,fifo,34,125.0
11,5,30,2,uniform,8,phi_corner,fifo,35,257.0
11,5,30,2,uniform,8,phi_corner,fifo,36,173.0
11,5,30,2,uniform,8,phi_corner,fifo,37,96.0
11,5,30,2,uniform,8,phi_corner,fifo,38,178.0
11,5,30,2,uniform,8,phi_corner,fifo,39,153.0
11,5,30,2,uniform,8,phi_corner,fifo,40,182.0
11,5,30,2,uniform,8,phi_corner,fifo,41,198.0
11,5,30,2,uniform,8,phi_corner,fifo,42,186.0
11,5,30,2,uniform,8,phi_corner,fifo,43,241.0
11,5,30,2,uniform,8,phi_corner,fifo,44,106.0
11,5,30,2,uniform,8,phi_corner,fifo,45,193.0
11,5,30,2,uniform,8,phi_corner,fifo,46,154.0
11,5,30,2,uniform,8,phi_corner,fifo,47,157.0
11,5,30,2,uniform,8,phi_corner,fifo,48,196.0
11,5,30,2,uniform,8,phi_corner,fifo,49,192.0
11,5,30,2,uniform,8,phi_corner,fifo,50,109.0
11,5,30,2,uniform,8,phi_corner,fifo,51,184.0
11,5,30,2,uniform,8,phi_corner,fifo,52,192.0
11,5,30,2,uniform,8,phi_corner,fifo,53,198.0
11,5,30,2,uniform,8,phi_corner,fifo,54,198.0
11,5,30,2,uniform,8,phi_corner,fifo,55,156.0
11,5,30,2,uniform,8,phi_corner,fifo,56,214.0
11,5,30,2,uniform,8,phi_corner,fifo,57,184.0
11,5,30,2,uniform,8,phi_corner,fifo,58,177.0
11,5,30,2,uniform,8,phi_corner,fifo,59,153.0
11,5,30,2,uniform,8,phi_corner,fifo,60,218.0
11,5,30,2,uniform,8,phi_corner,fifo,61,198.0
11,5,30,2,uniform,8,phi_corner,fifo,62,154.0
11,5,30,2,uniform,8,phi_corner,fifo,63,212.0
11,5,30,2,uniform,8,phi_corner,fifo,64,199.0
11,5,30,2,uniform,8,phi_corner,fifo,65,198.0
11,5,30,2,uniform,8,phi_corner,fifo,66,247.0
11,5,30,2,uniform,8,phi_corner,fifo,67,223.0
11,5,30,2,uniform,8,phi_corner,fifo,68,193.0
11,5,30,2,uniform,8,phi_corner,fifo,69,202.0
11,5,30,2,uniform,8,phi_corner,fifo,70,178.0
11,5,30,2,uniform,8,phi_corner,fifo,71,257.0
11,5,30,2,uniform,8,phi_corner,fifo,72,169.0
11,5,30,2,uniform,8,phi_corner,fifo,73,226.0
11,5,30,2,uniform,8,phi_corner,fifo,74,222.0
11,5,30,2,uniform,8,phi_corner,fifo,75,153.0
11,5,30,2,uniform,8,phi_corner,fifo,76,163.0
11,5,30,2,uniform,8,phi_corner,fifo,77,222.0
11,5,30,2,uniform,8,phi_corner,fifo,78,159.0
11,5,30,2,uniform,8,phi_corner,fifo,79,178.0
11,5,30,2,uniform,8,phi_corner,fifo,80,207.0
11,5,30,2,uniform,8,phi_corner,fifo,81,178.0
11,5,30,2,uniform,8,phi_corner,fifo,82,140.0
11,5,30,2,uniform,8,phi_corner,fifo,83,221.0
11,5,30,2,uniform,8,phi_corner,fifo,84,154.0
11,5,30,2,uniform,8,phi_corner,fifo,85,197.0
11,5,30,2,uniform,8,phi_corner,fifo,86,172.0
11,5,30,2,uniform,8,phi_corner,fifo,87,211.0
11,5,30,2,uniform,8,phi_corner,fifo,88,164.0
11,5,30,2,uniform,8,phi_corner,fifo,89,197.0
11,5,30,2,uniform,8,phi_corner,fifo,90,197.0
11,5,30,2,uniform,8,phi_corner,fifo,91,197.0
11,5,30,2,uniform,8,phi_corner,fifo,92,154.0
11,5,30,2,uniform,8,phi_corner,fifo,93,111.0
11,5,30,2,uniform,8,phi_corner,fifo,94,169.0
11,5,30,2,uniform,8,phi_corner,fifo,95,222.0
11,5,30,2,uniform,8,phi_corner,fifo,96,159.0
11,5,30,2,uniform,8,phi_corner,fifo,97,192.0
11,5,30,2,uniform,8,phi_corner,fifo,98,148.0
11,5,30,2,uniform,8,phi_corner,fifo,99,214.0
11,5,30,2,uniform,8,phi_corner,fifo,100,197.0
11,5,30,2,uniform,8,phi_corner,fifo,101,182.0
11,5,30,2,uniform,8,phi_corner,fifo,102,242.0
11,5,30,2,uniform,8,phi_corner,fifo,103,243.0
11,5,30,2,uniform,8,phi_corner,fifo,104,178.0
11,5,30,2,uniform,8,phi_corner,fifo,105,226.0
11,5,30,2,uniform,8,phi_corner,fifo,106,180.0
11,5,30,2,uniform,8,phi_corner,fifo,107,237.0
11,5,30,2,uniform,8,phi_corner,fifo,108,242.0
11,5,30,2,uniform,8,phi_corner,fifo,109,217.0
11,5,30,2,uniform,8,phi_corner,fifo,110,179.0
11,5,30,2,uniform,8,phi_corner,fifo,111,179.0
11,5,30,2,uniform,8,phi_corner,fifo,112,183.0
11,5,30,2,uniform,8,phi_corner,fifo,113,217.0
11,5,30,2,uniform,8,phi_corner,fifo,114,186.0
11,5,30,2,uniform,8,phi_corner,fifo,115,218.0
11,5,30,2,uniform,8,phi_corner,fifo,116,164.0
11,5,30,2,uniform,8,phi_corner,fifo,117,145.0
11,5,30,2,uniform,8,phi_corner,fifo,118,182.0
11,5,30,2,uniform,8,phi_corner,fifo,119,173.0
11,5,30,2,uniform,8,phi_corner,fifo,120,179.0
11,5,30,2,uniform,8,phi_corner,fifo,121,173.0
11,5,30,2,uniform,8,phi_corner,fifo,122,197.0
11,5,30,2,uniform,8,phi_corner,fifo,123,139.0
11,5,30,2,uniform,8,phi_corner,fifo,124,173.0
11,5,30,2,uniform,8,phi_corner,fifo,125,182.0
11,5,30,2,uniform,8,phi_corner,fifo,126,198.0
11,5,30,2,uniform,8,phi_corner,fifo,127,178.0
11,5,30,2,uniform,8,phi_corner,fifo,128,197.0
11,5,30,2,uniform,8,phi_corner,fifo,129,226.0
11,5,30,2,uniform,8,phi_corner,fifo,130,226.0
11,5,30,2,uniform,8,phi_corner,fifo,131,211.0
11,5,30,2,uniform,8,phi_corner,fifo,132,233.0
11,5,30,2,uniform,8,phi_corner,fifo,133,157.0
11,5,30,2,uniform,8,phi_corner,fifo,134,251.0
11,5,30,2,uniform,8,phi_corner,fifo,135,261.0
11,5,30,2,uniform,8,phi_corner,fifo,136,164.0
11,5,30,2,uniform,8,phi_corner,fifo,137,140.0
11,5,30,2,uniform,8,phi_corner,fifo,138,198.0
11,5,30,2,uniform,8,phi_corner,fifo,139,197.0
11,5,30,2,uniform,8,phi_corner,fifo,140,182.0
11,5,30,2,uniform,8,phi_corner,fifo,141,178.0
11,5,30,2,uniform,8,phi_corner,fifo,142,183.0
11,5,30,2,uniform,8,phi_corner,fifo,143,197.0
11,5,30,2,uniform,8,phi_corner,fifo,144,164.0
11,5,30,2,uniform,8,phi_corner,fifo,145,242.0
11,5,30,2,uniform,8,phi_corner,fifo,146,242.0
11,5,30,2,uniform,8,phi_corner,fifo,147,184.0
11,5,30,2,uniform,8,phi_corner,fifo,148,188.0
11,5,30,2,uniform,8,phi_corner,fifo,149,198.0
11,5,30,2,uniform,8,phi_corner,fifo,150,187.0
11,5,30,2,uniform,8,phi_corner,fifo,151,183.0
11,5,30,2,uniform,8,phi_corner,fifo,152,177.0
11,5,30,2,uniform,8,phi_corner,fifo,153,129.0
11,5,30,2,uniform,8,phi_corner,fifo,154,183.0
11,5,30,2,uniform,8,phi_corner,fifo,155,183.0
11,5,30,2,uniform,8,phi_corner,fifo,156,139.0
11,5,30,2,uniform,8,phi_corner,fifo,157,129.0
11,5,30,2,uniform,8,phi_corner,fifo,158,183.0
11,5,30,2,uniform,8,phi_corner,fifo,159,226.0
11,5,30,2,uniform,8,phi_corner,fifo,160,193.0
11,5,30,2,uniform,8,phi_corner,fifo,161,198.0
11,5,30,2,uniform,8,phi_corner,fifo,162,213.0
11,5,30,2,uniform,8,phi_corner,fifo,163,241.0
11,5,30,2,uniform,8,phi_corner,fifo,164,197.0
11,5,30,2,uniform,8,phi_corner,fifo,165,226.0
11,5,30,2,uniform,8,phi_corner,fifo,166,213.0
11,5,30,2,uniform,8,phi_corner,fifo,167,208.0
11,5,30,2,uniform,8,phi_corner,fifo,168,271.0
11,5,30,2,uniform,8,phi_corner,fifo,169,154.0
11,5,30,2,uniform,8,phi_corner,fifo,170,183.0
11,5,30,2,uniform,8,phi_corner,fifo,171,140.0
11,5,30,2,uniform,8,phi_corner,fifo,172,213.0
11,5,30,2,uniform,8,phi_corner,fifo,173,179.0
11,5,30,2,uniform,8,phi_corner,fifo,174,237.0
11,5,30,2,uniform,8,phi_corner,fifo,175,217.0
11,5,30,2,uniform,8,phi_corner,fifo,176,180.0
11,5,30,2,uniform,8,phi_corner,fifo,177,135.0
11,5,30,2,uniform,8,phi_corner,fifo,178,179.0
11,5,30,2,uniform,8,phi_corner,fifo,179,143.0
11,5,30,2,uniform,8,phi_corner,fifo,180,222.0
11,5,30,2,uniform,8,phi_corner,fifo,181,243.0
11,5,30,2,uniform,8,phi_corner,fifo,182,212.0
11,5,30,2,uniform,8,phi_corner,fifo,183,169.0
11,5,30,2,uniform,8,phi_corner,fifo,184,242.0
11,5,30,2,uniform,8,phi_corner,fifo,185,198.0
11,5,30,2,uniform,8,phi_corner,fifo,186,182.0
11,5,30,2,uniform,8,phi_corner,fifo,187,241.0
11,5,30,2,uniform,8,phi_corner,fifo,188,178.0
11,5,30,2,uniform,8,phi_corner,fifo,189,173.0
11,5,30,2,uniform,8,phi_corner,fifo,190,226.0
11,5,30,2,uniform,8,phi_corner,fifo,191,192.0
11,5,30,2,uniform,8,phi_corner,fifo,192,188.0
11,5,30,2,uniform,8,phi_corner,fifo,193,184.0
11,5,30,2,uniform,8,phi_corner,fifo,194,237.0
11,5,30,2,uniform,8,phi_corner,fifo,195,188.0
11,5,30,2,uniform,8,phi_corner,fifo,196,164.0
11,5,30,2,uniform,8,phi_corner,fifo,197,184.0
11,5,30,2,uniform,8,phi_corner,fifo,198,172.0
11,5,30,2,uniform,8,phi_corner,fifo,199,217.0
11,5,30,2,uniform,8,phi_corner,cluster,0,199.0
11,5,30,2,uniform,8,phi_corner,cluster,1,179.0
11,5,30,2,uniform,8,phi_corner,cluster,2,168.0
11,5,30,2,uniform,8,phi_corner,cluster,3,119.0
11,5,30,2,uniform,8,phi_corner,cluster,4,237.0
11,5,30,2,uniform,8,phi_corner,cluster,5,192.0
11,5,30,2,uniform,8,phi_corner,cluster,6,246.0
11,5,30,2,uniform,8,phi_corner,cluster,7,211.0
11,5,30,2,uniform,8,phi_corner,cluster,8,96.0
11,5,30,2,uniform,8,phi_corner,cluster,9,158.0
11,5,30,2,uniform,8,phi_corner,cluster,10,178.0
11,5,30,2,uniform,8,phi_corner,cluster,11,222.0
11,5,30,2,uniform,8,phi_corner,cluster,12,131.0
11,5,30,2,uniform,8,phi_corner,cluster,13,203.0
11,5,30,2,uniform,8,phi_corner,cluster,14,192.0
11,5,30,2,uniform,8,phi_corner,cluster,15,163.0
11,5,30,2,uniform,8,phi_corner,cluster,16,168.0
11,5,30,2,uniform,8,phi_corner,cluster,17,213.0
11,5,30,2,uniform,8,phi_corner,cluster,18,193.0
11,5,30,2,uniform,8,phi_corner,cluster,19,148.0
11,5,30,2,uniform,8,phi_corner,cluster,20,208.0
11,5,30,2,uniform,8,phi_corner,cluster,21,175.0
11,5,30,2,uniform,8,phi_corner,cluster,22,184.0
11,5,30,2,uniform,8,phi_corner,cluster,23,198.0
11,5,30,2,uniform,8,phi_corner,cluster,24,135.0
11,5,30,2,uniform,8,phi_corner,cluster,25,145.0
11,5,30,2,uniform,8,phi_corner,cluster,26,144.0
11,5,30,2,uniform,8,phi_corner,cluster,27,100.0
11,5,30,2,uniform,8,phi_corner,cluster,28,178.0
11,5,30,2,uniform,8,phi_corner,cluster,29,153.0
11,5,30,2,uniform,8,phi_corner,cluster,30,217.0
11,5,30,2,uniform,8,phi_corner,cluster,31,218.0
11,5,30,2,uniform,8,phi_corner,cluster,32,121.0
11,5,30,2,uniform,8,phi_corner,cluster,33,135.0
11,5,30,2,uniform,8,phi_corner,cluster,34,121.0
11,5,30,2,uniform,8,phi_corner,cluster,35,218.0
11,5,30,2,uniform,8,phi_corner,cluster,36,134.0
11,5,30,2,uniform,8,phi_corner,cluster,37,86.0
11,5,30,2,uniform,8,phi_corner,cluster,38,169.0
11,5,30,2,uniform,8,phi_corner,cluster,39,153.0
11,5,30,2,uniform,8,phi_corner,cluster,40,114.0
11,5,30,2,uniform,8,phi_corner,cluster,41,174.0
11,5,30,2,uniform,8,phi_corner,cluster,42,168.0
11,5,30,2,uniform,8,phi_corner,cluster,43,193.0
11,5,30,2,uniform,8,phi_corner,cluster,44,145.0
11,5,30,2,uniform,8,phi_corner,cluster,45,130.0
11,5,30,2,uniform,8,phi_corner,cluster,46,193.0
11,5,30,2,uniform,8,phi_corner,cluster,47,148.0
11,5,30,2,uniform,8,phi_corner,cluster,48,168.0
11,5,30,2,uniform,8,phi_corner,cluster,49,168.0
11,5,30,2,uniform,8,phi_corner,cluster,50,153.0
11,5,30,2,uniform,8,phi_corner,cluster,51,208.0
11,5,30,2,uniform,8,phi_corner,cluster,52,177.0
11,5,30,2,uniform,8,phi_corner,cluster,53,158.0
11,5,30,2,uniform,8,phi_corner,cluster,54,178.0
11,5,30,2,uniform,8,phi_corner,cluster,55,135.0
11,5,30,2,uniform,8,phi_corner,cluster,56,174.0
11,5,30,2,uniform,8,phi_corner,cluster,57,145.0
11,5,30,2,uniform,8,phi_corner,cluster,58,119.0
11,5,30,2,uniform,8,phi_corner,cluster,59,217.0
11,5,30,2,uniform,8,phi_corner,cluster,60,184.0
11,5,30,2,uniform,8,phi_corner,cluster,61,174.0
11,5,30,2,uniform,8,phi_corner,cluster,62,193.0
11,5,30,2,uniform,8,phi_corner,cluster,63,242.0
11,5,30,2,uniform,8,phi_corner,cluster,64,219.0
11,5,30,2,uniform,8,phi_corner,cluster,65,194.0
11,5,30,2,uniform,8,phi_corner,cluster,66,203.0
11,5,30,2,uniform,8,phi_corner,cluster,67,192.0
11,5,30,2,uniform,8,phi_corner,cluster,68,168.0
11,5,30,2,uniform,8,phi_corner,cluster,69,198.0
11,5,30,2,uniform,8,phi_corner,cluster,70,202.0
11,5,30,2,uniform,8,phi_corner,cluster,71,193.0
11,5,30,2,uniform,8,phi_corner,cluster,72,179.0
11,5,30,2,uniform,8,phi_corner,cluster,73,168.0
11,5,30,2,uniform,8,phi_corner,cluster,74,222.0
11,5,30,2,uniform,8,phi_corner,cluster,75,129.0
11,5,30,2,uniform,8,phi_corner,cluster,76,188.0
11,5,30,2,uniform,8,phi_corner,cluster,77,174.0
11,5,30,2,uniform,8,phi_corner,cluster,78,131.0
11,5,30,2,uniform,8,phi_corner,cluster,79,149.0
11,5,30,2,uniform,8,phi_corner,cluster,80,162.0
11,5,30,2,uniform,8,phi_corner,cluster,81,114.0
11,5,30,2,uniform,8,phi_corner,cluster,82,175.0
11,5,30,2,uniform,8,phi_corner,cluster,83,168.0
11,5,30,2,uniform,8,phi_corner,cluster,84,193.0
11,5,30,2,uniform,8,phi_corner,cluster,85,149.0
11,5,30,2,uniform,8,phi_corner,cluster,86,168.0
11,5,30,2,uniform,8,phi_corner,cluster,87,178.0
11,5,30,2,uniform,8,phi_corner,cluster,88,173.0
11,5,30,2,uniform,8,phi_corner,cluster,89,208.0
11,5,30,2,uniform,8,phi_corner,cluster,90,149.0
11,5,30,2,uniform,8,phi_corner,cluster,91,237.0
11,5,30,2,uniform,8,phi_corner,cluster,92,140.0
11,5,30,2,uniform,8,phi_corner,cluster,93,106.0
11,5,30,2,uniform,8,phi_corner,cluster,94,179.0
11,5,30,2,uniform,8,phi_corner,cluster,95,222.0
11,5,30,2,uniform,8,phi_corner,cluster,96,125.0
11,5,30,2,uniform,8,phi_corner,cluster,97,168.0
11,5,30,2,uniform,8,phi_corner,cluster,98,186.0
11,5,30,2,uniform,8,phi_corner,cluster,99,198.0
11,5,30,2,uniform,8,phi_corner,cluster,100,237.0
11,5,30,2,uniform,8,phi_corner,cluster,101,159.0
11,5,30,2,uniform,8,phi_corner,cluster,102,242.0
11,5,30,2,uniform,8,phi_corner,cluster,103,165.0
11,5,30,2,uniform,8,phi_corner,cluster,104,169.0
11,5,30,2,uniform,8,phi_corner,cluster,105,207.0
11,5,30,2,uniform,8,phi_corner,cluster,106,179.0
11,5,30,2,uniform,8,phi_corner,cluster,107,218.0
11,5,30,2,uniform,8,phi_corner,cluster,108,174.0
11,5,30,2,uniform,8,phi_corner,cluster,109,174.0
11,5,30,2,uniform,8,phi_corner,cluster,110,198.0
11,5,30,2,uniform,8,phi_corner,cluster,111,170.0
11,5,30,2,uniform,8,phi_corner,cluster,112,198.0
11,5,30,2,uniform,8,phi_corner,cluster,113,158.0
11,5,30,2,uniform,8,phi_corner,cluster,114,163.0
11,5,30,2,uniform,8,phi_corner,cluster,115,198.0
11,5,30,2,uniform,8,phi_corner,cluster,116,173.0
11,5,30,2,uniform,8,phi_corner,cluster,117,111.0
11,5,30,2,uniform,8,phi_corner,cluster,118,114.0
11,5,30,2,uniform,8,phi_corner,cluster,119,179.0
11,5,30,2,uniform,8,phi_corner,cluster,120,169.0
11,5,30,2,uniform,8,phi_corner,cluster,121,159.0
11,5,30,2,uniform,8,phi_corner,cluster,122,178.0
11,5,30,2,uniform,8,phi_corner,cluster,123,153.0
11,5,30,2,uniform,8,phi_corner,cluster,124,134.0
11,5,30,2,uniform,8,phi_corner,cluster,125,148.0
11,5,30,2,uniform,8,phi_corner,cluster,126,121.0
11,5,30,2,uniform,8,phi_corner,cluster,127,114.0
11,5,30,2,uniform,8,phi_corner,cluster,128,208.0
11,5,30,2,uniform,8,phi_corner,cluster,129,207.0
11,5,30,2,uniform,8,phi_corner,cluster,130,168.0
11,5,30,2,uniform,8,phi_corner,cluster,131,189.0
11,5,30,2,uniform,8,phi_corner,cluster,132,257.0
11,5,30,2,uniform,8,phi_corner,cluster,133,148.0
11,5,30,2,uniform,8,phi_corner,cluster,134,246.0
11,5,30,2,uniform,8,phi_corner,cluster,135,237.0
11,5,30,2,uniform,8,phi_corner,cluster,136,149.0
11,5,30,2,uniform,8,phi_corner,cluster,137,144.0
11,5,30,2,uniform,8,phi_corner,cluster,138,121.0
11,5,30,2,uniform,8,phi_corner,cluster,139,149.0
11,5,30,2,uniform,8,phi_corner,cluster,140,148.0
11,5,30,2,uniform,8,phi_corner,cluster,141,202.0
11,5,30,2,uniform,8,phi_corner,cluster,142,159.0
11,5,30,2,uniform,8,phi_corner,cluster,143,164.0
11,5,30,2,uniform,8,phi_corner,cluster,144,192.0
11,5,30,2,uniform,8,phi_corner,cluster,145,174.0
11,5,30,2,uniform,8,phi_corner,cluster,146,193.0
11,5,30,2,uniform,8,phi_corner,cluster,147,203.0
11,5,30,2,uniform,8,phi_corner,cluster,148,228.0
11,5,30,2,uniform,8,phi_corner,cluster,149,174.0
11,5,30,2,uniform,8,phi_corner,cluster,150,221.0
11,5,30,2,uniform,8,phi_corner,cluster,151,211.0
11,5,30,2,uniform,8,phi_corner,cluster,152,158.0
11,5,30,2,uniform,8,phi_corner,cluster,153,105.0
11,5,30,2,uniform,8,phi_corner,cluster,154,198.0
11,5,30,2,uniform,8,phi_corner,cluster,155,159.0
11,5,30,2,uniform,8,phi_corner,cluster,156,153.0
11,5,30,2,uniform,8,phi_corner,cluster,157,198.0
11,5,30,2,uniform,8,phi_corner,cluster,158,198.0
11,5,30,2,uniform,8,phi_corner,cluster,159,207.0
11,5,30,2,uniform,8,phi_corner,cluster,160,130.0
11,5,30,2,uniform,8,phi_corner,cluster,161,174.0
11,5,30,2,uniform,8,phi_corner,cluster,162,208.0
11,5,30,2,uniform,8,phi_corner,cluster,163,201.0
11,5,30,2,uniform,8,phi_corner,cluster,164,164.0
11,5,30,2,uniform,8,phi_corner,cluster,165,173.0
11,5,30,2,uniform,8,phi_corner,cluster,166,184.0
11,5,30,2,uniform,8,phi_corner,cluster,167,209.0
11,5,30,2,uniform,8,phi_corner,cluster,168,237.0
11,5,30,2,uniform,8,phi_corner,cluster,169,140.0
11,5,30,2,uniform,8,phi_corner,cluster,170,159.0
11,5,30,2,uniform,8,phi_corner,cluster,171,144.0
11,5,30,2,uniform,8,phi_corner,cluster,172,184.0
11,5,30,2,uniform,8,phi_corner,cluster,173,116.0
11,5,30,2,uniform,8,phi_corner,cluster,174,232.0
11,5,30,2,uniform,8,phi_corner,cluster,175,223.0
11,5,30,2,uniform,8,phi_corner,cluster,176,179.0
11,5,30,2,uniform,8,phi_corner,cluster,177,121.0
11,5,30,2,uniform,8,phi_corner,cluster,178,169.0
11,5,30,2,uniform,8,phi_corner,cluster,179,163.0
11,5,30,2,uniform,8,phi_corner,cluster,180,212.0
11,5,30,2,uniform,8,phi_corner,cluster,181,165.0
11,5,30,2,uniform,8,phi_corner,cluster,182,213.0
11,5,30,2,uniform,8,phi_corner,cluster,183,199.0
11,5,30,2,uniform,8,phi_corner,cluster,184,193.0
11,5,30,2,uniform,8,phi_corner,cluster,185,168.0
11,5,30,2,uniform,8,phi_corner,cluster,186,144.0
11,5,30,2,uniform,8,phi_corner,cluster,187,169.0
11,5,30,2,uniform,8,phi_corner,cluster,188,150.0
11,5,30,2,uniform,8,phi_corner,cluster,189,159.0
11,5,30,2,uniform,8,phi_corner,cluster,190,207.0
11,5,30,2,uniform,8,phi_corner,cluster,191,177.0
11,5,30,2,uniform,8,phi_corner,cluster,192,217.0
11,5,30,2,uniform,8,phi_corner,cluster,193,144.0
11,5,30,2,uniform,8,phi_corner,cluster,194,218.0
11,5,30,2,uniform,8,phi_corner,cluster,195,217.0
11,5,30,2,uniform,8,phi_corner,cluster,196,170.0
11,5,30,2,uniform,8,phi_corner,cluster,197,208.0
11,5,30,2,uniform,8,phi_corner,cluster,198,168.0
11,5,30,2,uniform,8,phi_corner,cluster,199,174.0
11,5,30,2,uniform,30,random,fifo,0,666.0
11,5,30,2,uniform,30,random,fifo,1,700.0
11,5,30,2,uniform,30,random,fifo,2,782.0
11,5,30,2,uniform,30,random,fifo,3,753.0
11,5,30,2,uniform,30,random,fifo,4,777.0
11,5,30,2,uniform,30,random,fifo,5,668.0
11,5,30,2,uniform,30,random,fifo,6,649.0
11,5,30,2,uniform,30,random,fifo,7,748.0
11,5,30,2,uniform,30,random,fifo,8,705.0
11,5,30,2,uniform,30,random,fifo,9,646.0
11,5,30,2,uniform,30,random,fifo,10,677.0
11,5,30,2,uniform,30,random,fifo,11,664.0
11,5,30,2,uniform,30,random,fifo,12,662.0
11,5,30,2,uniform,30,random,fifo,13,668.0
11,5,30,2,uniform,30,random,fifo,14,747.0
11,5,30,2,uniform,30,random,fifo,15,640.0
11,5,30,2,uniform,30,random,fifo,16,847.0
11,5,30,2,uniform,30,random,fifo,17,655.0
11,5,30,2,uniform,30,random,fifo,18,581.0
11,5,30,2,uniform,30,random,fifo,19,630.0
11,5,30,2,uniform,30,random,fifo,20,813.0
11,5,30,2,uniform,30,random,fifo,21,694.0
11,5,30,2,uniform,30,random,fifo,22,790.0
11,5,30,2,uniform,30,random,fifo,23,670.0
11,5,30,2,uniform,30,random,fifo,24,754.0
11,5,30,2,uniform,30,random,fifo,25,814.0
11,5,30,2,uniform,30,random,fifo,26,609.0
11,5,30,2,uniform,30,random,fifo,27,748.0
11,5,30,2,uniform,30,random,fifo,28,616.0
11,5,30,2,uniform,30,random,fifo,29,691.0
11,5,30,2,uniform,30,random,fifo,30,669.0
11,5,30,2,uniform,30,random,fifo,31,652.0
11,5,30,2,uniform,30,random,fifo,32,635.0
11,5,30,2,uniform,30,random,fifo,33,582.0
11,5,30,2,uniform,30,random,fifo,34,814.0
11,5,30,2,uniform,30,random,fifo,35,702.0
11,5,30,2,uniform,30,random,fifo,36,600.0
11,5,30,2,uniform,30,random,fifo,37,719.0
11,5,30,2,uniform,30,random,fifo,38,817.0
11,5,30,2,uniform,30,random,fifo,39,616.0
11,5,30,2,uniform,30,random,fifo,40,701.0
11,5,30,2,uniform,30,random,fifo,41,636.0
11,5,30,2,uniform,30,random,fifo,42,737.0
11,5,30,2,uniform,30,random,fifo,43,577.0
11,5,30,2,uniform,30,random,fifo,44,647.0
11,5,30,2,uniform,30,random,fifo,45,689.0
11,5,30,2,uniform,30,random,fifo,46,703.0
11,5,30,2,uniform,30,random,fifo,47,722.0
11,5,30,2,uniform,30,random,fifo,48,759.0
11,5,30,2,uniform,30,random,fifo,49,763.0
11,5,30,2,uniform,30,random,fifo,50,796.0
11,5,30,2,uniform,30,random,fifo,51,619.0
11,5,30,2,uniform,30,random,fifo,52,679.0
11,5,30,2,uniform,30,random,fifo,53,796.0
11,5,30,2,uniform,30,random,fifo,54,784.0
11,5,30,2,uniform,30,random,fifo,55,772.0
11,5,30,2,uniform,30,random,fifo,56,758.0
11,5,30,2,uniform,30,random,fifo,57,797.0
11,5,30,2,uniform,30,random,fifo,58,760.0
11,5,30,2,uniform,30,random,fifo,59,585.0
11,5,30,2,uniform,30,random,fifo,60,768.0
11,5,30,2,uniform,30,random,fifo,61,674.0
11,5,30,2,uniform,30,random,fifo,62,638.0
11,5,30,2,uniform,30,random,fifo,63,662.0
11,5,30,2,uniform,30,random,fifo,64,693.0
11,5,30,2,uniform,30,random,fifo,65,745.0
11,5,30,2,uniform,30,random,fifo,66,818.0
11,5,30,2,uniform,30,random,fifo,67,650.0
11,5,30,2,uniform,30,random,fifo,68,786.0
11,5,30,2,uniform,30,random,fifo,69,774.0
11,5,30,2,uniform,30,random,fifo,70,691.0
11,5,30,2,uniform,30,random,fifo,71,715.0
11,5,30,2,uniform,30,random,fifo,72,672.0
11,5,30,2,uniform,30,random,fifo,73,700.0
11,5,30,2,uniform,30,random,fifo,74,730.0
11,5,30,2,uniform,30,random,fifo,75,704.0
11,5,30,2,uniform,30,random,fifo,76,660.0
11,5,30,2,uniform,30,random,fifo,77,731.0
11,5,30,2,uniform,30,random,fifo,78,681.0
11,5,30,2,uniform,30,random,fifo,79,757.0
11,5,30,2,uniform,30,random,fifo,80,679.0
11,5,30,2,uniform,30,random,fifo,81,622.0
11,5,30,2,uniform,30,random,fifo,82,681.0
11,5,30,2,uniform,30,random,fifo,83,607.0
11,5,30,2,uniform,30,random,fifo,84,616.0
11,5,30,2,uniform,30,random,fifo,85,787.0
11,5,30,2,uniform,30,random,fifo,86,678.0
11,5,30,2,uniform,30,random,fifo,87,751.0
11,5,30,2,uniform,30,random,fifo,88,739.0
11,5,30,2,uniform,30,random,fifo,89,740.0
11,5,30,2,uniform,30,random,fifo,90,593.0
11,5,30,2,uniform,30,random,fifo,91,676.0
11,5,30,2,uniform,30,random,fifo,92,661.0
11,5,30,2,uniform,30,random,fifo,93,587.0
11,5,30,2,uniform,30,random,fifo,94,680.0
11,5,30,2,uniform,30,random,fifo,95,684.0
11,5,30,2,uniform,30,random,fifo,96,660.0
11,5,30,2,uniform,30,random,fifo,97,680.0
11,5,30,2,uniform,30,random,fifo,98,760.0
11,5,30,2,uniform,30,random,fifo,99,714.0
11,5,30,2,uniform,30,random,fifo,100,886.0
11,5,30,2,uniform,30,random,fifo,101,600.0
11,5,30,2,uniform,30,random,fifo,102,728.0
11,5,30,2,uniform,30,random,fifo,103,777.0
11,5,30,2,uniform,30,random,fifo,104,667.0
11,5,30,2,uniform,30,random,fifo,105,740.0
11,5,30,2,uniform,30,random,fifo,106,626.0
11,5,30,2,uniform,30,random,fifo,107,676.0
11,5,30,2,uniform,30,random,fifo,108,529.0
11,5,30,2,uniform,30,random,fifo,109,583.0
11,5,30,2,uniform,30,random,fifo,110,675.0
11,5,30,2,uniform,30,random,fifo,111,744.0
11,5,30,2,uniform,30,random,fifo,112,611.0
11,5,30,2,uniform,30,random,fifo,113,676.0
11,5,30,2,uniform,30,random,fifo,114,689.0
11,5,30,2,uniform,30,random,fifo,115,604.0
11,5,30,2,uniform,30,random,fifo,116,718.0
11,5,30,2,uniform,30,random,fifo,117,725.0
11,5,30,2,uniform,30,random,fifo,118,604.0
11,5,30,2,uniform,30,random,fifo,119,701.0
11,5,30,2,uniform,30,random,fifo,120,744.0
11,5,30,2,uniform,30,random,fifo,121,695.0
11,5,30,2,uniform,30,random,fifo,122,660.0
11,5,30,2,uniform,30,random,fifo,123,660.0
11,5,30,2,uniform,30,random,fifo,124,729.0
11,5,30,2,uniform,30,random,fifo,125,673.0
11,5,30,2,uniform,30,random,fifo,126,816.0
11,5,30,2,uniform,30,random,fifo,127,597.0
11,5,30,2,uniform,30,random,fifo,128,796.0
11,5,30,2,uniform,30,random,fifo,129,650.0
11,5,30,2,uniform,30,random,fifo,130,755.0
11,5,30,2,uniform,30,random,fifo,131,693.0
11,5,30,2,uniform,30,random,fifo,132,715.0
11,5,30,2,uniform,30,random,fifo,133,564.0
11,5,30,2,uniform,30,random,fifo,134,729.0
11,5,30,2,uniform,30,random,fifo,135,663.0
11,5,30,2,uniform,30,random,fifo,136,571.0
11,5,30,2,uniform,30,random,fifo,137,748.0
11,5,30,2,uniform,30,random,fifo,138,600.0
11,5,30,2,uniform,30,random,fifo,139,683.0
11,5,30,2,uniform,30,random,fifo,140,719.0
11,5,30,2,uniform,30,random,fifo,141,669.0
11,5,30,2,uniform,30,random,fifo,142,651.0
11,5,30,2,uniform,30,random,fifo,143,664.0
11,5,30,2,uniform,30,random,fifo,144,533.0
11,5,30,2,uniform,30,random,fifo,145,650.0
11,5,30,2,uniform,30,random,fifo,146,723.0
11,5,30,2,uniform,30,random,fifo,147,565.0
11,5,30,2,uniform,30,random,fifo,148,744.0
11,5,30,2,uniform,30,random,fifo,149,655.0
11,5,30,2,uniform,30,random,fifo,150,740.0
11,5,30,2,uniform,30,random,fifo,151,722.0
11,5,30,2,uniform,30,random,fifo,152,737.0
11,5,30,2,uniform,30,random,fifo,153,768.0
11,5,30,2,uniform,30,random,fifo,154,625.0
11,5,30,2,uniform,30,random,fifo,155,740.0
11,5,30,2,uniform,30,random,fifo,156,609.0
11,5,30,2,uniform,30,random,fifo,157,672.0
11,5,30,2,uniform,30,random,fifo,158,742.0
11,5,30,2,uniform,30,random,fifo,159,680.0
11,5,30,2,uniform,30,random,fifo,160,615.0
11,5,30,2,uniform,30,random,fifo,161,647.0
11,5,30,2,uniform,30,random,fifo,162,764.0
11,5,30,2,uniform,30,random,fifo,163,720.0
11,5,30,2,uniform,30,random,fifo,164,686.0
11,5,30,2,uniform,30,random,fifo,165,818.0
11,5,30,2,uniform,30,random,fifo,166,658.0
11,5,30,2,uniform,30,random,fifo,167,543.0
11,5,30,2,uniform,30,random,fifo,168,733.0
11,5,30,2,uniform,30,random,fifo,169,616.0
11,5,30,2,uniform,30,random,fifo,170,813.0
11,5,30,2,uniform,30,random,fifo,171,770.0
11,5,30,2,uniform,30,random,fifo,172,744.0
11,5,30,2,uniform,30,random,fifo,173,771.0
11,5,30,2,uniform,30,random,fifo,174,671.0
11,5,30,2,uniform,30,random,fifo,175,454.0
11,5,30,2,uniform,30,random,fifo,176,661.0
11,5,30,2,uniform,30,random,fifo,177,708.0
11,5,30,2,uniform,30,random,fifo,178,733.0
11,5,30,2,uniform,30,random,fifo,179,753.0
11,5,30,2,uniform,30,random,fifo,180,720.0
11,5,30,2,uniform,30,random,fifo,181,674.0
11,5,30,2,uniform,30,random,fifo,182,618.0
11,5,30,2,uniform,30,random,fifo,183,729.0
11,5,30,2,uniform,30,random,fifo,184,735.0
11,5,30,2,uniform,30,random,fifo,185,697.0
11,5,30,2,uniform,30,random,fifo,186,827.0
11,5,30,2,uniform,30,random,fifo,187,696.0
11,5,30,2,uniform,30,random,fifo,188,670.0
11,5,30,2,uniform,30,random,fifo,189,573.0
11,5,30,2,uniform,30,random,fifo,190,593.0
11,5,30,2,uniform,30,random,fifo,191,581.0
11,5,30,2,uniform,30,random,fifo,192,666.0
11,5,30,2,uniform,30,random,fifo,193,862.0
11,5,30,2,uniform,30,random,fifo,194,729.0
11,5,30,2,uniform,30,random,fifo,195,848.0
11,5,30,2,uniform,30,random,fifo,196,654.0
11,5,30,2,uniform,30,random,fifo,197,638.0
11,5,30,2,uniform,30,random,fifo,198,600.0
11,5,30,2,uniform,30,random,fifo,199,688.0
11,5,30,2,uniform,30,random,cluster,0,535.0
11,5,30,2,uniform,30,random,cluster,1,614.0
11,5,30,2,uniform,30,random,cluster,2,612.0
11,5,30,2,uniform,30,random,cluster,3,647.0
11,5,30,2,uniform,30,random,cluster,4,577.0
11,5,30,2,uniform,30,random,cluster,5,556.0
11,5,30,2,uniform,30,random,cluster,6,505.0
11,5,30,2,uniform,30,random,cluster,7,672.0
11,5,30,2,uniform,30,random,cluster,8,420.0
11,5,30,2,uniform,30,random,cluster,9,633.0
11,5,30,2,uniform,30,random,cluster,10,602.0
11,5,30,2,uniform,30,random,cluster,11,587.0
11,5,30,2,uniform,30,random,cluster,12,476.0
11,5,30,2,uniform,30,random,cluster,13,507.0
11,5,30,2,uniform,30,random,cluster,14,544.0
11,5,30,2,uniform,30,random,cluster,15,598.0
11,5,30,2,uniform,30,random,cluster,16,686.0
11,5,30,2,uniform,30,random,cluster,17,535.0
11,5,30,2,uniform,30,random,cluster,18,530.0
11,5,30,2,uniform,30,random,cluster,19,536.0
11,5,30,2,uniform,30,random,cluster,20,508.0
11,5,30,2,uniform,30,random,cluster,21,578.0
11,5,30,2,uniform,30,random,cluster,22,584.0
11,5,30,2,uniform,30,random,cluster,23,531.0
11,5,30,2,uniform,30,random,cluster,24,715.0
11,5,30,2,uniform,30,random,cluster,25,618.0
11,5,30,2,uniform,30,random,cluster,26,511.0
11,5,30,2,uniform,30,random,cluster,27,614.0
11,5,30,2,uniform,30,random,cluster,28,525.0
11,5,30,2,uniform,30,random,cluster,29,587.0
11,5,30,2,uniform,30,random,cluster,30,564.0
11,5,30,2,uniform,30,random,cluster,31,529.0
11,5,30,2,uniform,30,random,cluster,32,520.0
11,5,30,2,uniform,30,random,cluster,33,568.0
11,5,30,2,uniform,30,random,cluster,34,618.0
11,5,30,2,uniform,30,random,cluster,35,638.0
11,5,30,2,uniform,30,random,cluster,36,564.0
11,5,30,2,uniform,30,random,cluster,37,609.0
11,5,30,2,uniform,30,random,cluster,38,559.0
11,5,30,2,uniform,30,random,cluster,39,544.0
11,5,30,2,uniform,30,random,cluster,40,507.0
11,5,30,2,uniform,30,random,cluster,41,626.0
11,5,30,2,uniform,30,random,cluster,42,573.0
11,5,30,2,uniform,30,random,cluster,43,511.0
11,5,30,2,uniform,30,random,cluster,44,550.0
11,5,30,2,uniform,30,random,cluster,45,482.0
11,5,30,2,uniform,30,random,cluster,46,609.0
11,5,30,2,uniform,30,random,cluster,47,550.0
11,5,30,2,uniform,30,random,cluster,48,686.0
11,5,30,2,uniform,30,random,cluster,49,613.0
11,5,30,2,uniform,30,random,cluster,50,637.0
11,5,30,2,uniform,30,random,cluster,51,669.0
11,5,30,2,uniform,30,random,cluster,52,579.0
11,5,30,2,uniform,30,random,cluster,53,638.0
11,5,30,2,uniform,30,random,cluster,54,705.0
11,5,30,2,uniform,30,random,cluster,55,672.0
11,5,30,2,uniform,30,random,cluster,56,574.0
11,5,30,2,uniform,30,random,cluster,57,657.0
11,5,30,2,uniform,30,random,cluster,58,541.0
11,5,30,2,uniform,30,random,cluster,59,496.0
11,5,30,2,uniform,30,random,cluster,60,661.0
11,5,30,2,uniform,30,random,cluster,61,625.0
11,5,30,2,uniform,30,random,cluster,62,526.0
11,5,30,2,uniform,30,random,cluster,63,487.0
11,5,30,2,uniform,30,random,cluster,64,547.0
11,5,30,2,uniform,30,random,cluster,65,657.0
11,5,30,2,uniform,30,random,cluster,66,514.0
11,5,30,2,uniform,30,random,cluster,67,609.0
11,5,30,2,uniform,30,random,cluster,68,606.0
11,5,30,2,uniform,30,random,cluster,69,618.0
11,5,30,2,uniform,30,random,cluster,70,559.0
11,5,30,2,uniform,30,random,cluster,71,585.0
11,5,30,2,uniform,30,random,cluster,72,588.0
11,5,30,2,uniform,30,random,cluster,73,555.0
11,5,30,2,uniform,30,random,cluster,74,756.0
11,5,30,2,uniform,30,random,cluster,75,599.0
11,5,30,2,uniform,30,random,cluster,76,588.0
11,5,30,2,uniform,30,random,cluster,77,594.0
11,5,30,2,uniform,30,random,cluster,78,585.0
11,5,30,2,uniform,30,random,cluster,79,653.0
11,5,30,2,uniform,30,random,cluster,80,588.0
11,5,30,2,uniform,30,random,cluster,81,466.0
11,5,30,2,uniform,30,random,cluster,82,503.0
11,5,30,2,uniform,30,random,cluster,83,580.0
11,5,30,2,uniform,30,random,cluster,84,647.0
11,5,30,2,uniform,30,random,cluster,85,508.0
11,5,30,2,uniform,30,random,cluster,86,660.0
11,5,30,2,uniform,30,random,cluster,87,594.0
11,5,30,2,uniform,30,random,cluster,88,546.0
11,5,30,2,uniform,30,random,cluster,89,624.0
11,5,30,2,uniform,30,random,cluster,90,530.0
11,5,30,2,uniform,30,random,cluster,91,628.0
11,5,30,2,uniform,30,random,cluster,92,496.0
11,5,30,2,uniform,30,random,cluster,93,567.0
11,5,30,2,uniform,30,random,cluster,94,553.0
11,5,30,2,uniform,30,random,cluster,95,586.0
11,5,30,2,uniform,30,random,cluster,96,578.0
11,5,30,2,uniform,30,random,cluster,97,609.0
11,5,30,2,uniform,30,random,cluster,98,633.0
11,5,30,2,uniform,30,random,cluster,99,612.0
11,5,30,2,uniform,30,random,cluster,100,678.0
11,5,30,2,uniform,30,random,cluster,101,480.0
11,5,30,2,uniform,30,random,cluster,102,521.0
11,5,30,2,uniform,30,random,cluster,103,663.0
11,5,30,2,uniform,30,random,cluster,104,547.0
11,5,30,2,uniform,30,random,cluster,105,573.0
11,5,30,2,uniform,30,random,cluster,106,540.0
11,5,30,2,uniform,30,random,cluster,107,557.0
11,5,30,2,uniform,30,random,cluster,108,547.0
11,5,30,2,uniform,30,random,cluster,109,506.0
11,5,30,2,uniform,30,random,cluster,110,499.0
11,5,30,2,uniform,30,random,cluster,111,584.0
11,5,30,2,uniform,30,random,cluster,112,480.0
11,5,30,2,uniform,30,random,cluster,113,575.0
11,5,30,2,uniform,30,random,cluster,114,604.0
11,5,30,2,uniform,30,random,cluster,115,518.0
11,5,30,2,uniform,30,random,cluster,116,618.0
11,5,30,2,uniform,30,random,cluster,117,529.0
11,5,30,2,uniform,30,random,cluster,118,518.0
11,5,30,2,uniform,30,random,cluster,119,609.0
11,5,30,2,uniform,30,random,cluster,120,609.0
11,5,30,2,uniform,30,random,cluster,121,642.0
11,5,30,2,uniform,30,random,cluster,122,578.0
11,5,30,2,uniform,30,random,cluster,123,597.0
11,5,30,2,uniform,30,random,cluster,124,549.0
11,5,30,2,uniform,30,random,cluster,125,511.0
11,5,30,2,uniform,30,random,cluster,126,662.0
11,5,30,2,uniform,30,random,cluster,127,544.0
11,5,30,2,uniform,30,random,cluster,128,589.0
11,5,30,2,uniform,30,random,cluster,129,604.0
11,5,30,2,uniform,30,random,cluster,130,599.0
11,5,30,2,uniform,30,random,cluster,131,522.0
11,5,30,2,uniform,30,random,cluster,132,595.0
11,5,30,2,uniform,30,random,cluster,133,474.0
11,5,30,2,uniform,30,random,cluster,134,572.0
11,5,30,2,uniform,30,random,cluster,135,489.0
11,5,30,2,uniform,30,random,cluster,136,485.0
11,5,30,2,uniform,30,random,cluster,137,608.0
11,5,30,2,uniform,30,random,cluster,138,556.0
11,5,30,2,uniform,30,random,cluster,139,584.0
11,5,30,2,uniform,30,random,cluster,140,618.0
11,5,30,2,uniform,30,random,cluster,141,561.0
11,5,30,2,uniform,30,random,cluster,142,588.0
11,5,30,2,uniform,30,random,cluster,143,555.0
11,5,30,2,uniform,30,random,cluster,144,505.0
11,5,30,2,uniform,30,random,cluster,145,680.0
11,5,30,2,uniform,30,random,cluster,146,535.0
11,5,30,2,uniform,30,random,cluster,147,579.0
11,5,30,2,uniform,30,random,cluster,148,609.0
11,5,30,2,uniform,30,random,cluster,149,583.0
11,5,30,2,uniform,30,random,cluster,150,676.0
11,5,30,2,uniform,30,random,cluster,151,543.0
11,5,30,2,uniform,30,random,cluster,152,560.0
11,5,30,2,uniform,30,random,cluster,153,661.0
11,5,30,2,uniform,30,random,cluster,154,535.0
11,5,30,2,uniform,30,random,cluster,155,573.0
11,5,30,2,uniform,30,random,cluster,156,512.0
11,5,30,2,uniform,30,random,cluster,157,498.0
11,5,30,2,uniform,30,random,cluster,158,554.0
11,5,30,2,uniform,30,random,cluster,159,535.0
11,5,30,2,uniform,30,random,cluster,160,471.0
11,5,30,2,uniform,30,random,cluster,161,540.0
11,5,30,2,uniform,30,random,cluster,162,633.0
11,5,30,2,uniform,30,random,cluster,163,619.0
11,5,30,2,uniform,30,random,cluster,164,568.0
11,5,30,2,uniform,30,random,cluster,165,678.0
11,5,30,2,uniform,30,random,cluster,166,585.0
11,5,30,2,uniform,30,random,cluster,167,451.0
11,5,30,2,uniform,30,random,cluster,168,579.0
11,5,30,2,uniform,30,random,cluster,169,577.0
11,5,30,2,uniform,30,random,cluster,170,599.0
11,5,30,2,uniform,30,random,cluster,171,631.0
11,5,30,2,uniform,30,random,cluster,172,609.0
11,5,30,2,uniform,30,random,cluster,173,656.0
11,5,30,2,uniform,30,random,cluster,174,516.0
11,5,30,2,uniform,30,random,cluster,175,435.0
11,5,30,2,uniform,30,random,cluster,176,482.0
11,5,30,2,uniform,30,random,cluster,177,632.0
11,5,30,2,uniform,30,random,cluster,178,549.0
11,5,30,2,uniform,30,random,cluster,179,646.0
11,5,30,2,uniform,30,random,cluster,180,569.0
11,5,30,2,uniform,30,random,cluster,181,500.0
11,5,30,2,uniform,30,random,cluster,182,447.0
11,5,30,2,uniform,30,random,cluster,183,604.0
11,5,30,2,uniform,30,random,cluster,184,634.0
11,5,30,2,uniform,30,random,cluster,185,574.0
11,5,30,2,uniform,30,random,cluster,186,583.0
11,5,30,2,uniform,30,random,cluster,187,622.0
11,5,30,2,uniform,30,random,cluster,188,583.0
11,5,30,2,uniform,30,random,cluster,189,560.0
11,5,30,2,uniform,30,random,cluster,190,598.0
11,5,30,2,uniform,30,random,cluster,191,477.0
11,5,30,2,uniform,30,random,cluster,192,535.0
11,5,30,2,uniform,30,random,cluster,193,672.0
11,5,30,2,uniform,30,random,cluster,194,637.0
11,5,30,2,uniform,30,random,cluster,195,565.0
11,5,30,2,uniform,30,random,cluster,196,511.0
11,5,30,2,uniform,30,random,cluster,197,575.0
11,5,30,2,uniform,30,random,cluster,198,556.0
11,5,30,2,uniform,30,random,cluster,199,666.0
11,5,30,2,uniform,30,phi_corner,fifo,0,733.0
11,5,30,2,uniform,30,phi_corner,fifo,1,758.0
11,5,30,2,uniform,30,phi_corner,fifo,2,639.0
11,5,30,2,uniform,30,phi_corner,fifo,3,585.0
11,5,30,2,uniform,30,phi_corner,fifo,4,721.0
11,5,30,2,uniform,30,phi_corner,fifo,5,710.0
11,5,30,2,uniform,30,phi_corner,fifo,6,663.0
11,5,30,2,uniform,30,phi_corner,fifo,7,701.0
11,5,30,2,uniform,30,phi_corner,fifo,8,782.0
11,5,30,2,uniform,30,phi_corner,fifo,9,693.0
11,5,30,2,uniform,30,phi_corner,fifo,10,696.0
11,5,30,2,uniform,30,phi_corner,fifo,11,787.0
11,5,30,2,uniform,30,phi_corner,fifo,12,701.0
11,5,30,2,uniform,30,phi_corner,fifo,13,553.0
11,5,30,2,uniform,30,phi_corner,fifo,14,728.0
11,5,30,2,uniform,30,phi_corner,fifo,15,739.0
11,5,30,2,uniform,30,phi_corner,fifo,16,592.0
11,5,30,2,uniform,30,phi_corner,fifo,17,787.0
11,5,30,2,uniform,30,phi_corner,fifo,18,706.0
11,5,30,2,uniform,30,phi_corner,fifo,19,701.0
11,5,30,2,uniform,30,phi_corner,fifo,20,833.0
11,5,30,2,uniform,30,phi_corner,fifo,21,760.0
11,5,30,2,uniform,30,phi_corner,fifo,22,694.0
11,5,30,2,uniform,30,phi_corner,fifo,23,763.0
11,5,30,2,uniform,30,phi_corner,fifo,24,593.0
11,5,30,2,uniform,30,phi_corner,fifo,25,772.0
11,5,30,2,uniform,30,phi_corner,fifo,26,634.0
11,5,30,2,uniform,30,phi_corner,fifo,27,681.0
11,5,30,2,uniform,30,phi_corner,fifo,28,772.0
11,5,30,2,uniform,30,phi_corner,fifo,29,701.0
11,5,30,2,uniform,30,phi_corner,fifo,30,667.0
11,5,30,2,uniform,30,phi_corner,fifo,31,748.0
11,5,30,2,uniform,30,phi_corner,fifo,32,607.0
11,5,30,2,uniform,30,phi_corner,fifo,33,696.0
11,5,30,2,uniform,30,phi_corner,fifo,34,674.0
11,5,30,2,uniform,30,phi_corner,fifo,35,631.0
11,5,30,2,uniform,30,phi_corner,fifo,36,728.0
11,5,30,2,uniform,30,phi_corner,fifo,37,650.0
11,5,30,2,uniform,30,phi_corner,fifo,38,668.0
11,5,30,2,uniform,30,phi_corner,fifo,39,701.0
11,5,30,2,uniform,30,phi_corner,fifo,40,633.0
11,5,30,2,uniform,30,phi_corner,fifo,41,597.0
11,5,30,2,uniform,30,phi_corner,fifo,42,675.0
11,5,30,2,uniform,30,phi_corner,fifo,43,638.0
11,5,30,2,uniform,30,phi_corner,fifo,44,758.0
11,5,30,2,uniform,30,phi_corner,fifo,45,743.0
11,5,30,2,uniform,30,phi_corner,fifo,46,639.0
11,5,30,2,uniform,30,phi_corner,fifo,47,704.0
11,5,30,2,uniform,30,phi_corner,fifo,48,740.0
11,5,30,2,uniform,30,phi_corner,fifo,49,738.0
11,5,30,2,uniform,30,phi_corner,fifo,50,820.0
11,5,30,2,uniform,30,phi_corner,fifo,51,736.0
11,5,30,2,uniform,30,phi_corner,fifo,52,798.0
11,5,30,2,uniform,30,phi_corner,fifo,53,718.0
11,5,30,2,uniform,30,phi_corner,fifo,54,692.0
11,5,30,2,uniform,30,phi_corner,fifo,55,704.0
11,5,30,2,uniform,30,phi_corner,fifo,56,782.0
11,5,30,2,uniform,30,phi_corner,fifo,57,690.0
11,5,30,2,uniform,30,phi_corner,fifo,58,639.0
11,5,30,2,uniform,30,phi_corner,fifo,59,598.0
11,5,30,2,uniform,30,phi_corner,fifo,60,712.0
11,5,30,2,uniform,30,phi_corner,fifo,61,677.0
11,5,30,2,uniform,30,phi_corner,fifo,62,647.0
11,5,30,2,uniform,30,phi_corner,fifo,63,701.0
11,5,30,2,uniform,30,phi_corner,fifo,64,655.0
11,5,30,2,uniform,30,phi_corner,fifo,65,782.0
11,5,30,2,uniform,30,phi_corner,fifo,66,780.0
11,5,30,2,uniform,30,phi_corner,fifo,67,699.0
11,5,30,2,uniform,30,phi_corner,fifo,68,607.0
11,5,30,2,uniform,30,phi_corner,fifo,69,663.0
11,5,30,2,uniform,30,phi_corner,fifo,70,650.0
11,5,30,2,uniform,30,phi_corner,fifo,71,733.0
11,5,30,2,uniform,30,phi_corner,fifo,72,699.0
11,5,30,2,uniform,30,phi_corner,fifo,73,636.0
11,5,30,2,uniform,30,phi_corner,fifo,74,676.0
11,5,30,2,uniform,30,phi_corner,fifo,75,729.0
11,5,30,2,uniform,30,phi_corner,fifo,76,745.0
11,5,30,2,uniform,30,phi_corner,fifo,77,768.0
11,5,30,2,uniform,30,phi_corner,fifo,78,622.0
11,5,30,2,uniform,30,phi_corner,fifo,79,718.0
11,5,30,2,uniform,30,phi_corner,fifo,80,646.0
11,5,30,2,uniform,30,phi_corner,fifo,81,787.0
11,5,30,2,uniform,30,phi_corner,fifo,82,690.0
11,5,30,2,uniform,30,phi_corner,fifo,83,697.0
11,5,30,2,uniform,30,phi_corner,fifo,84,693.0
11,5,30,2,uniform,30,phi_corner,fifo,85,754.0
11,5,30,2,uniform,30,phi_corner,fifo,86,820.0
11,5,30,2,uniform,30,phi_corner,fifo,87,710.0
11,5,30,2,uniform,30,phi_corner,fifo,88,625.0
11,5,30,2,uniform,30,phi_corner,fifo,89,632.0
11,5,30,2,uniform,30,phi_corner,fifo,90,652.0
11,5,30,2,uniform,30,phi_corner,fifo,91,772.0
11,5,30,2,uniform,30,phi_corner,fifo,92,657.0
11,5,30,2,uniform,30,phi_corner,fifo,93,758.0
11,5,30,2,uniform,30,phi_corner,fifo,94,607.0
11,5,30,2,uniform,30,phi_corner,fifo,95,684.0
11,5,30,2,uniform,30,phi_corner,fifo,96,676.0
11,5,30,2,uniform,30,phi_corner,fifo,97,701.0
11,5,30,2,uniform,30,phi_corner,fifo,98,642.0
11,5,30,2,uniform,30,phi_corner,fifo,99,593.0
11,5,30,2,uniform,30,phi_corner,fifo,100,704.0
11,5,30,2,uniform,30,phi_corner,fifo,101,703.0
11,5,30,2,uniform,30,phi_corner,fifo,102,590.0
11,5,30,2,uniform,30,phi_corner,fifo,103,693.0
11,5,30,2,uniform,30,phi_corner,fifo,104,728.0
11,5,30,2,uniform,30,phi_corner,fifo,105,675.0
11,5,30,2,uniform,30,phi_corner,fifo,106,625.0
11,5,30,2,uniform,30,phi_corner,fifo,107,619.0
11,5,30,2,uniform,30,phi_corner,fifo,108,663.0
11,5,30,2,uniform,30,phi_corner,fifo,109,763.0
11,5,30,2,uniform,30,phi_corner,fifo,110,706.0
11,5,30,2,uniform,30,phi_corner,fifo,111,674.0
11,5,30,2,uniform,30,phi_corner,fifo,112,727.0
11,5,30,2,uniform,30,phi_corner,fifo,113,726.0
11,5,30,2,uniform,30,phi_corner,fifo,114,698.0
11,5,30,2,uniform,30,phi_corner,fifo,115,743.0
11,5,30,2,uniform,30,phi_corner,fifo,116,723.0
11,5,30,2,uniform,30,phi_corner,fifo,117,693.0
11,5,30,2,uniform,30,phi_corner,fifo,118,640.0
11,5,30,2,uniform,30,phi_corner,fifo,119,681.0
11,5,30,2,uniform,30,phi_corner,fifo,120,622.0
11,5,30,2,uniform,30,phi_corner,fifo,121,758.0
11,5,30,2,uniform,30,phi_corner,fifo,122,586.0
11,5,30,2,uniform,30,phi_corner,fifo,123,640.0
11,5,30,2,uniform,30,phi_corner,fifo,124,722.0
11,5,30,2,uniform,30,phi_corner,fifo,125,593.0
11,5,30,2,uniform,30,phi_corner,fifo,126,603.0
11,5,30,2,uniform,30,phi_corner,fifo,127,765.0
11,5,30,2,uniform,30,phi_corner,fifo,128,653.0
11,5,30,2,uniform,30,phi_corner,fifo,129,662.0
11,5,30,2,uniform,30,phi_corner,fifo,130,632.0
11,5,30,2,uniform,30,phi_corner,fifo,131,642.0
11,5,30,2,uniform,30,phi_corner,fifo,132,665.0
11,5,30,2,uniform,30,phi_corner,fifo,133,650.0
11,5,30,2,uniform,30,phi_corner,fifo,134,650.0
11,5,30,2,uniform,30,phi_corner,fifo,135,695.0
11,5,30,2,uniform,30,phi_corner,fifo,136,774.0
11,5,30,2,uniform,30,phi_corner,fifo,137,695.0
11,5,30,2,uniform,30,phi_corner,fifo,138,585.0
11,5,30,2,uniform,30,phi_corner,fifo,139,724.0
11,5,30,2,uniform,30,phi_corner,fifo,140,743.0
11,5,30,2,uniform,30,phi_corner,fifo,141,663.0
11,5,30,2,uniform,30,phi_corner,fifo,142,758.0
11,5,30,2,uniform,30,phi_corner,fifo,143,704.0
11,5,30,2,uniform,30,phi_corner,fifo,144,706.0
11,5,30,2,uniform,30,phi_corner,fifo,145,723.0
11,5,30,2,uniform,30,phi_corner,fifo,146,693.0
11,5,30,2,uniform,30,phi_corner,fifo,147,622.0
11,5,30,2,uniform,30,phi_corner,fifo,148,724.0
11,5,30,2,uniform,30,phi_corner,fifo,149,663.0
11,5,30,2,uniform,30,phi_corner,fifo,150,703.0
11,5,30,2,uniform,30,phi_corner,fifo,151,763.0
11,5,30,2,uniform,30,phi_corner,fifo,152,680.0
11,5,30,2,uniform,30,phi_corner,fifo,153,646.0
11,5,30,2,uniform,30,phi_corner,fifo,154,636.0
11,5,30,2,uniform,30,phi_corner,fifo,155,714.0
11,5,30,2,uniform,30,phi_corner,fifo,156,710.0
11,5,30,2,uniform,30,phi_corner,fifo,157,701.0
11,5,30,2,uniform,30,phi_corner,fifo,158,657.0
11,5,30,2,uniform,30,phi_corner,fifo,159,689.0
11,5,30,2,uniform,30,phi_corner,fifo,160,700.0
11,5,30,2,uniform,30,phi_corner,fifo,161,724.0
11,5,30,2,uniform,30,phi_corner,fifo,162,782.0
11,5,30,2,uniform,30,phi_corner,fifo,163,706.0
11,5,30,2,uniform,30,phi_corner,fifo,164,639.0
11,5,30,2,uniform,30,phi_corner,fifo,165,670.0
11,5,30,2,uniform,30,phi_corner,fifo,166,699.0
11,5,30,2,uniform,30,phi_corner,fifo,167,631.0
11,5,30,2,uniform,30,phi_corner,fifo,168,763.0
11,5,30,2,uniform,30,phi_corner,fifo,169,745.0
11,5,30,2,uniform,30,phi_corner,fifo,170,622.0
11,5,30,2,uniform,30,phi_corner,fifo,171,640.0
11,5,30,2,uniform,30,phi_corner,fifo,172,662.0
11,5,30,2,uniform,30,phi_corner,fifo,173,768.0
11,5,30,2,uniform,30,phi_corner,fifo,174,710.0
11,5,30,2,uniform,30,phi_corner,fifo,175,641.0
11,5,30,2,uniform,30,phi_corner,fifo,176,650.0
11,5,30,2,uniform,30,phi_corner,fifo,177,629.0
11,5,30,2,uniform,30,phi_corner,fifo,178,686.0
11,5,30,2,uniform,30,phi_corner,fifo,179,760.0
11,5,30,2,uniform,30,phi_corner,fifo,180,674.0
11,5,30,2,uniform,30,phi_corner,fifo,181,816.0
11,5,30,2,uniform,30,phi_corner,fifo,182,748.0
11,5,30,2,uniform,30,phi_corner,fifo,183,597.0
11,5,30,2,uniform,30,phi_corner,fifo,184,570.0
11,5,30,2,uniform,30,phi_corner,fifo,185,758.0
11,5,30,2,uniform,30,phi_corner,fifo,186,652.0
11,5,30,2,uniform,30,phi_corner,fifo,187,803.0
11,5,30,2,uniform,30,phi_corner,fifo,188,845.0
11,5,30,2,uniform,30,phi_corner,fifo,189,760.0
11,5,30,2,uniform,30,phi_corner,fifo,190,727.0
11,5,30,2,uniform,30,phi_corner,fifo,191,758.0
11,5,30,2,uniform,30,phi_corner,fifo,192,664.0
11,5,30,2,uniform,30,phi_corner,fifo,193,722.0
11,5,30,2,uniform,30,phi_corner,fifo,194,663.0
11,5,30,2,uniform,30,phi_corner,fifo,195,743.0
11,5,30,2,uniform,30,phi_corner,fifo,196,681.0
11,5,30,2,uniform,30,phi_corner,fifo,197,760.0
11,5,30,2,uniform,30,phi_corner,fifo,198,710.0
11,5,30,2,uniform,30,phi_corner,fifo,199,710.0
11,5,30,2,uniform,30,phi_corner,cluster,0,549.0
11,5,30,2,uniform,30,phi_corner,cluster,1,628.0
11,5,30,2,uniform,30,phi_corner,cluster,2,473.0
11,5,30,2,uniform,30,phi_corner,cluster,3,524.0
11,5,30,2,uniform,30,phi_corner,cluster,4,624.0
11,5,30,2,uniform,30,phi_corner,cluster,5,593.0
11,5,30,2,uniform,30,phi_corner,cluster,6,552.0
11,5,30,2,uniform,30,phi_corner,cluster,7,521.0
11,5,30,2,uniform,30,phi_corner,cluster,8,531.0
11,5,30,2,uniform,30,phi_corner,cluster,9,646.0
11,5,30,2,uniform,30,phi_corner,cluster,10,563.0
11,5,30,2,uniform,30,phi_corner,cluster,11,665.0
11,5,30,2,uniform,30,phi_corner,cluster,12,521.0
11,5,30,2,uniform,30,phi_corner,cluster,13,457.0
11,5,30,2,uniform,30,phi_corner,cluster,14,525.0
11,5,30,2,uniform,30,phi_corner,cluster,15,579.0
11,5,30,2,uniform,30,phi_corner,cluster,16,403.0
11,5,30,2,uniform,30,phi_corner,cluster,17,665.0
11,5,30,2,uniform,30,phi_corner,cluster,18,584.0
11,5,30,2,uniform,30,phi_corner,cluster,19,603.0
11,5,30,2,uniform,30,phi_corner,cluster,20,598.0
11,5,30,2,uniform,30,phi_corner,cluster,21,583.0
11,5,30,2,uniform,30,phi_corner,cluster,22,593.0
11,5,30,2,uniform,30,phi_corner,cluster,23,608.0
11,5,30,2,uniform,30,phi_corner,cluster,24,415.0
11,5,30,2,uniform,30,phi_corner,cluster,25,672.0
11,5,30,2,uniform,30,phi_corner,cluster,26,594.0
11,5,30,2,uniform,30,phi_corner,cluster,27,559.0
11,5,30,2,uniform,30,phi_corner,cluster,28,739.0
11,5,30,2,uniform,30,phi_corner,cluster,29,584.0
11,5,30,2,uniform,30,phi_corner,cluster,30,529.0
11,5,30,2,uniform,30,phi_corner,cluster,31,695.0
11,5,30,2,uniform,30,phi_corner,cluster,32,613.0
11,5,30,2,uniform,30,phi_corner,cluster,33,563.0
11,5,30,2,uniform,30,phi_corner,cluster,34,613.0
11,5,30,2,uniform,30,phi_corner,cluster,35,548.0
11,5,30,2,uniform,30,phi_corner,cluster,36,525.0
11,5,30,2,uniform,30,phi_corner,cluster,37,598.0
11,5,30,2,uniform,30,phi_corner,cluster,38,637.0
11,5,30,2,uniform,30,phi_corner,cluster,39,580.0
11,5,30,2,uniform,30,phi_corner,cluster,40,592.0
11,5,30,2,uniform,30,phi_corner,cluster,41,539.0
11,5,30,2,uniform,30,phi_corner,cluster,42,492.0
11,5,30,2,uniform,30,phi_corner,cluster,43,638.0
11,5,30,2,uniform,30,phi_corner,cluster,44,588.0
11,5,30,2,uniform,30,phi_corner,cluster,45,521.0
11,5,30,2,uniform,30,phi_corner,cluster,46,511.0
11,5,30,2,uniform,30,phi_corner,cluster,47,588.0
11,5,30,2,uniform,30,phi_corner,cluster,48,573.0
11,5,30,2,uniform,30,phi_corner,cluster,49,456.0
11,5,30,2,uniform,30,phi_corner,cluster,50,670.0
11,5,30,2,uniform,30,phi_corner,cluster,51,600.0
11,5,30,2,uniform,30,phi_corner,cluster,52,478.0
11,5,30,2,uniform,30,phi_corner,cluster,53,661.0
11,5,30,2,uniform,30,phi_corner,cluster,54,579.0
11,5,30,2,uniform,30,phi_corner,cluster,55,591.0
11,5,30,2,uniform,30,phi_corner,cluster,56,531.0
11,5,30,2,uniform,30,phi_corner,cluster,57,504.0
11,5,30,2,uniform,30,phi_corner,cluster,58,473.0
11,5,30,2,uniform,30,phi_corner,cluster,59,564.0
11,5,30,2,uniform,30,phi_corner,cluster,60,543.0
11,5,30,2,uniform,30,phi_corner,cluster,61,633.0
11,5,30,2,uniform,30,phi_corner,cluster,62,589.0
11,5,30,2,uniform,30,phi_corner,cluster,63,584.0
11,5,30,2,uniform,30,phi_corner,cluster,64,662.0
11,5,30,2,uniform,30,phi_corner,cluster,65,531.0
11,5,30,2,uniform,30,phi_corner,cluster,66,588.0
11,5,30,2,uniform,30,phi_corner,cluster,67,632.0
11,5,30,2,uniform,30,phi_corner,cluster,68,575.0
11,5,30,2,uniform,30,phi_corner,cluster,69,552.0
11,5,30,2,uniform,30,phi_corner,cluster,70,598.0
11,5,30,2,uniform,30,phi_corner,cluster,71,594.0
11,5,30,2,uniform,30,phi_corner,cluster,72,593.0
11,5,30,2,uniform,30,phi_corner,cluster,73,532.0
11,5,30,2,uniform,30,phi_corner,cluster,74,525.0
11,5,30,2,uniform,30,phi_corner,cluster,75,582.0
11,5,30,2,uniform,30,phi_corner,cluster,76,546.0
11,5,30,2,uniform,30,phi_corner,cluster,77,608.0
11,5,30,2,uniform,30,phi_corner,cluster,78,535.0
11,5,30,2,uniform,30,phi_corner,cluster,79,570.0
11,5,30,2,uniform,30,phi_corner,cluster,80,633.0
11,5,30,2,uniform,30,phi_corner,cluster,81,613.0
11,5,30,2,uniform,30,phi_corner,cluster,82,504.0
11,5,30,2,uniform,30,phi_corner,cluster,83,606.0
11,5,30,2,uniform,30,phi_corner,cluster,84,646.0
11,5,30,2,uniform,30,phi_corner,cluster,85,637.0
11,5,30,2,uniform,30,phi_corner,cluster,86,656.0
11,5,30,2,uniform,30,phi_corner,cluster,87,604.0
11,5,30,2,uniform,30,phi_corner,cluster,88,535.0
11,5,30,2,uniform,30,phi_corner,cluster,89,593.0
11,5,30,2,uniform,30,phi_corner,cluster,90,520.0
11,5,30,2,uniform,30,phi_corner,cluster,91,739.0
11,5,30,2,uniform,30,phi_corner,cluster,92,624.0
11,5,30,2,uniform,30,phi_corner,cluster,93,628.0
11,5,30,2,uniform,30,phi_corner,cluster,94,575.0
11,5,30,2,uniform,30,phi_corner,cluster,95,622.0
11,5,30,2,uniform,30,phi_corner,cluster,96,525.0
11,5,30,2,uniform,30,phi_corner,cluster,97,584.0
11,5,30,2,uniform,30,phi_corner,cluster,98,597.0
11,5,30,2,uniform,30,phi_corner,cluster,99,549.0
11,5,30,2,uniform,30,phi_corner,cluster,100,591.0
11,5,30,2,uniform,30,phi_corner,cluster,101,609.0
11,5,30,2,uniform,30,phi_corner,cluster,102,587.0
11,5,30,2,uniform,30,phi_corner,cluster,103,630.0
11,5,30,2,uniform,30,phi_corner,cluster,104,653.0
11,5,30,2,uniform,30,phi_corner,cluster,105,492.0
11,5,30,2,uniform,30,phi_corner,cluster,106,535.0
11,5,30,2,uniform,30,phi_corner,cluster,107,457.0
11,5,30,2,uniform,30,phi_corner,cluster,108,552.0
11,5,30,2,uniform,30,phi_corner,cluster,109,624.0
11,5,30,2,uniform,30,phi_corner,cluster,110,549.0
11,5,30,2,uniform,30,phi_corner,cluster,111,613.0
11,5,30,2,uniform,30,phi_corner,cluster,112,665.0
11,5,30,2,uniform,30,phi_corner,cluster,113,613.0
11,5,30,2,uniform,30,phi_corner,cluster,114,633.0
11,5,30,2,uniform,30,phi_corner,cluster,115,618.0
11,5,30,2,uniform,30,phi_corner,cluster,116,584.0
11,5,30,2,uniform,30,phi_corner,cluster,117,661.0
11,5,30,2,uniform,30,phi_corner,cluster,118,607.0
11,5,30,2,uniform,30,phi_corner,cluster,119,559.0
11,5,30,2,uniform,30,phi_corner,cluster,120,466.0
11,5,30,2,uniform,30,phi_corner,cluster,121,602.0
11,5,30,2,uniform,30,phi_corner,cluster,122,578.0
11,5,30,2,uniform,30,phi_corner,cluster,123,481.0
11,5,30,2,uniform,30,phi_corner,cluster,124,632.0
11,5,30,2,uniform,30,phi_corner,cluster,125,549.0
11,5,30,2,uniform,30,phi_corner,cluster,126,585.0
11,5,30,2,uniform,30,phi_corner,cluster,127,704.0
11,5,30,2,uniform,30,phi_corner,cluster,128,476.0
11,5,30,2,uniform,30,phi_corner,cluster,129,532.0
11,5,30,2,uniform,30,phi_corner,cluster,130,593.0
11,5,30,2,uniform,30,phi_corner,cluster,131,597.0
11,5,30,2,uniform,30,phi_corner,cluster,132,536.0
11,5,30,2,uniform,30,phi_corner,cluster,133,609.0
11,5,30,2,uniform,30,phi_corner,cluster,134,459.0
11,5,30,2,uniform,30,phi_corner,cluster,135,609.0
11,5,30,2,uniform,30,phi_corner,cluster,136,675.0
11,5,30,2,uniform,30,phi_corner,cluster,137,579.0
11,5,30,2,uniform,30,phi_corner,cluster,138,524.0
11,5,30,2,uniform,30,phi_corner,cluster,139,670.0
11,5,30,2,uniform,30,phi_corner,cluster,140,618.0
11,5,30,2,uniform,30,phi_corner,cluster,141,552.0
11,5,30,2,uniform,30,phi_corner,cluster,142,602.0
11,5,30,2,uniform,30,phi_corner,cluster,143,591.0
11,5,30,2,uniform,30,phi_corner,cluster,144,581.0
11,5,30,2,uniform,30,phi_corner,cluster,145,559.0
11,5,30,2,uniform,30,phi_corner,cluster,146,646.0
11,5,30,2,uniform,30,phi_corner,cluster,147,466.0
11,5,30,2,uniform,30,phi_corner,cluster,148,670.0
11,5,30,2,uniform,30,phi_corner,cluster,149,592.0
11,5,30,2,uniform,30,phi_corner,cluster,150,550.0
11,5,30,2,uniform,30,phi_corner,cluster,151,653.0
11,5,30,2,uniform,30,phi_corner,cluster,152,535.0
11,5,30,2,uniform,30,phi_corner,cluster,153,633.0
11,5,30,2,uniform,30,phi_corner,cluster,154,608.0
11,5,30,2,uniform,30,phi_corner,cluster,155,650.0
11,5,30,2,uniform,30,phi_corner,cluster,156,521.0
11,5,30,2,uniform,30,phi_corner,cluster,157,603.0
11,5,30,2,uniform,30,phi_corner,cluster,158,575.0
11,5,30,2,uniform,30,phi_corner,cluster,159,676.0
11,5,30,2,uniform,30,phi_corner,cluster,160,507.0
11,5,30,2,uniform,30,phi_corner,cluster,161,670.0
11,5,30,2,uniform,30,phi_corner,cluster,162,531.0
11,5,30,2,uniform,30,phi_corner,cluster,163,584.0
11,5,30,2,uniform,30,phi_corner,cluster,164,511.0
11,5,30,2,uniform,30,phi_corner,cluster,165,604.0
11,5,30,2,uniform,30,phi_corner,cluster,166,632.0
11,5,30,2,uniform,30,phi_corner,cluster,167,548.0
11,5,30,2,uniform,30,phi_corner,cluster,168,624.0
11,5,30,2,uniform,30,phi_corner,cluster,169,546.0
11,5,30,2,uniform,30,phi_corner,cluster,170,466.0
11,5,30,2,uniform,30,phi_corner,cluster,171,481.0
11,5,30,2,uniform,30,phi_corner,cluster,172,532.0
11,5,30,2,uniform,30,phi_corner,cluster,173,608.0
11,5,30,2,uniform,30,phi_corner,cluster,174,593.0
11,5,30,2,uniform,30,phi_corner,cluster,175,567.0
11,5,30,2,uniform,30,phi_corner,cluster,176,609.0
11,5,30,2,uniform,30,phi_corner,cluster,177,534.0
11,5,30,2,uniform,30,phi_corner,cluster,178,550.0
11,5,30,2,uniform,30,phi_corner,cluster,179,583.0
11,5,30,2,uniform,30,phi_corner,cluster,180,613.0
11,5,30,2,uniform,30,phi_corner,cluster,181,617.0
11,5,30,2,uniform,30,phi_corner,cluster,182,695.0
11,5,30,2,uniform,30,phi_corner,cluster,183,539.0
11,5,30,2,uniform,30,phi_corner,cluster,184,544.0
11,5,30,2,uniform,30,phi_corner,cluster,185,628.0
11,5,30,2,uniform,30,phi_corner,cluster,186,517.0
11,5,30,2,uniform,30,phi_corner,cluster,187,638.0
11,5,30,2,uniform,30,phi_corner,cluster,188,584.0
11,5,30,2,uniform,30,phi_corner,cluster,189,603.0
11,5,30,2,uniform,30,phi_corner,cluster,190,665.0
11,5,30,2,uniform,30,phi_corner,cluster,191,628.0
11,5,30,2,uniform,30,phi_corner,cluster,192,564.0
11,5,30,2,uniform,30,phi_corner,cluster,193,608.0
11,5,30,2,uniform,30,phi_corner,cluster,194,592.0
11,5,30,2,uniform,30,phi_corner,cluster,195,618.0
11,5,30,2,uniform,30,phi_corner,cluster,196,559.0
11,5,30,2,uniform,30,phi_corner,cluster,197,603.0
11,5,30,2,uniform,30,phi_corner,cluster,198,521.0
11,5,30,2,uniform,30,phi_corner,cluster,199,578.0
