config_id,F,n_amrs,n_elevators,demand,model,size,policy,makespan
1,3,5,2,uniform,batched,8,P0_random,76.0
1,3,5,2,uniform,batched,8,P0_random,118.0
1,3,5,2,uniform,batched,8,P0_random,133.0
1,3,5,2,uniform,batched,8,P0_random,95.0
1,3,5,2,uniform,batched,8,P0_random,123.0
1,3,5,2,uniform,batched,8,P0_random,110.0
1,3,5,2,uniform,batched,8,P0_random,113.0
1,3,5,2,uniform,batched,8,P0_random,114.0
1,3,5,2,uniform,batched,8,P0_random,114.0
1,3,5,2,uniform,batched,8,P0_random,118.0
1,3,5,2,uniform,batched,8,P0_random,96.0
1,3,5,2,uniform,batched,8,P0_random,119.0
1,3,5,2,uniform,batched,8,P0_random,74.0
1,3,5,2,uniform,batched,8,P0_random,110.0
1,3,5,2,uniform,batched,8,P0_random,105.0
1,3,5,2,uniform,batched,8,P0_random,81.0
1,3,5,2,uniform,batched,8,P0_random,123.0
1,3,5,2,uniform,batched,8,P0_random,109.0
1,3,5,2,uniform,batched,8,P0_random,114.0
1,3,5,2,uniform,batched,8,P0_random,80.0
1,3,5,2,uniform,batched,8,P0_random,118.0
1,3,5,2,uniform,batched,8,P0_random,90.0
1,3,5,2,uniform,batched,8,P0_random,104.0
1,3,5,2,uniform,batched,8,P0_random,89.0
1,3,5,2,uniform,batched,8,P0_random,103.0
1,3,5,2,uniform,batched,8,P0_random,90.0
1,3,5,2,uniform,batched,8,P0_random,133.0
1,3,5,2,uniform,batched,8,P0_random,76.0
1,3,5,2,uniform,batched,8,P0_random,122.0
1,3,5,2,uniform,batched,8,P0_random,129.0
1,3,5,2,uniform,batched,8,P0_random,119.0
1,3,5,2,uniform,batched,8,P0_random,95.0
1,3,5,2,uniform,batched,8,P0_random,147.0
1,3,5,2,uniform,batched,8,P0_random,123.0
1,3,5,2,uniform,batched,8,P0_random,104.0
1,3,5,2,uniform,batched,8,P0_random,95.0
1,3,5,2,uniform,batched,8,P0_random,113.0
1,3,5,2,uniform,batched,8,P0_random,76.0
1,3,5,2,uniform,batched,8,P0_random,85.0
1,3,5,2,uniform,batched,8,P0_random,104.0
1,3,5,2,uniform,batched,8,P0_random,81.0
1,3,5,2,uniform,batched,8,P0_random,105.0
1,3,5,2,uniform,batched,8,P0_random,127.0
1,3,5,2,uniform,batched,8,P0_random,123.0
1,3,5,2,uniform,batched,8,P0_random,113.0
1,3,5,2,uniform,batched,8,P0_random,95.0
1,3,5,2,uniform,batched,8,P0_random,81.0
1,3,5,2,uniform,batched,8,P0_random,118.0
1,3,5,2,uniform,batched,8,P0_random,123.0
1,3,5,2,uniform,batched,8,P0_random,81.0
1,3,5,2,uniform,batched,8,P0_random,103.0
1,3,5,2,uniform,batched,8,P0_random,99.0
1,3,5,2,uniform,batched,8,P0_random,114.0
1,3,5,2,uniform,batched,8,P0_random,95.0
1,3,5,2,uniform,batched,8,P0_random,114.0
1,3,5,2,uniform,batched,8,P0_random,86.0
1,3,5,2,uniform,batched,8,P0_random,66.0
1,3,5,2,uniform,batched,8,P0_random,90.0
1,3,5,2,uniform,batched,8,P0_random,70.0
1,3,5,2,uniform,batched,8,P0_random,109.0
1,3,5,2,uniform,batched,8,P0_random,99.0
1,3,5,2,uniform,batched,8,P0_random,119.0
1,3,5,2,uniform,batched,8,P0_random,90.0
1,3,5,2,uniform,batched,8,P0_random,124.0
1,3,5,2,uniform,batched,8,P0_random,99.0
1,3,5,2,uniform,batched,8,P0_random,104.0
1,3,5,2,uniform,batched,8,P0_random,85.0
1,3,5,2,uniform,batched,8,P0_random,133.0
1,3,5,2,uniform,batched,8,P0_random,109.0
1,3,5,2,uniform,batched,8,P0_random,90.0
1,3,5,2,uniform,batched,8,P0_random,89.0
1,3,5,2,uniform,batched,8,P0_random,108.0
1,3,5,2,uniform,batched,8,P0_random,108.0
1,3,5,2,uniform,batched,8,P0_random,129.0
1,3,5,2,uniform,batched,8,P0_random,105.0
1,3,5,2,uniform,batched,8,P0_random,110.0
1,3,5,2,uniform,batched,8,P0_random,114.0
1,3,5,2,uniform,batched,8,P0_random,84.0
1,3,5,2,uniform,batched,8,P0_random,81.0
1,3,5,2,uniform,batched,8,P0_random,119.0
1,3,5,2,uniform,batched,8,P0_random,129.0
1,3,5,2,uniform,batched,8,P0_random,133.0
1,3,5,2,uniform,batched,8,P0_random,113.0
1,3,5,2,uniform,batched,8,P0_random,109.0
1,3,5,2,uniform,batched,8,P0_random,105.0
1,3,5,2,uniform,batched,8,P0_random,115.0
1,3,5,2,uniform,batched,8,P0_random,89.0
1,3,5,2,uniform,batched,8,P0_random,110.0
1,3,5,2,uniform,batched,8,P0_random,91.0
1,3,5,2,uniform,batched,8,P0_random,104.0
1,3,5,2,uniform,batched,8,P0_random,100.0
1,3,5,2,uniform,batched,8,P0_random,109.0
1,3,5,2,uniform,batched,8,P0_random,114.0
1,3,5,2,uniform,batched,8,P0_random,104.0
1,3,5,2,uniform,batched,8,P0_random,109.0
1,3,5,2,uniform,batched,8,P0_random,105.0
1,3,5,2,uniform,batched,8,P0_random,94.0
1,3,5,2,uniform,batched,8,P0_random,123.0
1,3,5,2,uniform,batched,8,P0_random,128.0
1,3,5,2,uniform,batched,8,P0_random,115.0
1,3,5,2,uniform,batched,8,P0_random,104.0
1,3,5,2,uniform,batched,8,P0_random,104.0
1,3,5,2,uniform,batched,8,P0_random,81.0
1,3,5,2,uniform,batched,8,P0_random,104.0
1,3,5,2,uniform,batched,8,P0_random,85.0
1,3,5,2,uniform,batched,8,P0_random,85.0
1,3,5,2,uniform,batched,8,P0_random,95.0
1,3,5,2,uniform,batched,8,P0_random,85.0
1,3,5,2,uniform,batched,8,P0_random,128.0
1,3,5,2,uniform,batched,8,P0_random,104.0
1,3,5,2,uniform,batched,8,P0_random,93.0
1,3,5,2,uniform,batched,8,P0_random,90.0
1,3,5,2,uniform,batched,8,P0_random,90.0
1,3,5,2,uniform,batched,8,P0_random,86.0
1,3,5,2,uniform,batched,8,P0_random,90.0
1,3,5,2,uniform,batched,8,P0_random,119.0
1,3,5,2,uniform,batched,8,P0_random,81.0
1,3,5,2,uniform,batched,8,P0_random,76.0
1,3,5,2,uniform,batched,8,P0_random,128.0
1,3,5,2,uniform,batched,8,P0_random,99.0
1,3,5,2,uniform,batched,8,P0_random,109.0
1,3,5,2,uniform,batched,8,P0_random,104.0
1,3,5,2,uniform,batched,8,P0_random,104.0
1,3,5,2,uniform,batched,8,P0_random,99.0
1,3,5,2,uniform,batched,8,P0_random,100.0
1,3,5,2,uniform,batched,8,P0_random,90.0
1,3,5,2,uniform,batched,8,P0_random,109.0
1,3,5,2,uniform,batched,8,P0_random,108.0
1,3,5,2,uniform,batched,8,P0_random,76.0
1,3,5,2,uniform,batched,8,P0_random,142.0
1,3,5,2,uniform,batched,8,P0_random,76.0
1,3,5,2,uniform,batched,8,P0_random,118.0
1,3,5,2,uniform,batched,8,P0_random,104.0
1,3,5,2,uniform,batched,8,P0_random,118.0
1,3,5,2,uniform,batched,8,P0_random,114.0
1,3,5,2,uniform,batched,8,P0_random,89.0
1,3,5,2,uniform,batched,8,P0_random,85.0
1,3,5,2,uniform,batched,8,P0_random,81.0
1,3,5,2,uniform,batched,8,P0_random,109.0
1,3,5,2,uniform,batched,8,P0_random,119.0
1,3,5,2,uniform,batched,8,P0_random,108.0
1,3,5,2,uniform,batched,8,P0_random,153.0
1,3,5,2,uniform,batched,8,P0_random,109.0
1,3,5,2,uniform,batched,8,P0_random,105.0
1,3,5,2,uniform,batched,8,P0_random,104.0
1,3,5,2,uniform,batched,8,P0_random,90.0
1,3,5,2,uniform,batched,8,P0_random,76.0
1,3,5,2,uniform,batched,8,P0_random,85.0
1,3,5,2,uniform,batched,8,P0_random,138.0
1,3,5,2,uniform,batched,8,P0_random,99.0
1,3,5,2,uniform,batched,8,P0_random,86.0
1,3,5,2,uniform,batched,8,P0_random,113.0
1,3,5,2,uniform,batched,8,P0_random,71.0
1,3,5,2,uniform,batched,8,P0_random,90.0
1,3,5,2,uniform,batched,8,P0_random,90.0
1,3,5,2,uniform,batched,8,P0_random,95.0
1,3,5,2,uniform,batched,8,P0_random,81.0
1,3,5,2,uniform,batched,8,P0_random,89.0
1,3,5,2,uniform,batched,8,P0_random,156.0
1,3,5,2,uniform,batched,8,P0_random,143.0
1,3,5,2,uniform,batched,8,P0_random,85.0
1,3,5,2,uniform,batched,8,P0_random,95.0
1,3,5,2,uniform,batched,8,P0_random,85.0
1,3,5,2,uniform,batched,8,P0_random,113.0
1,3,5,2,uniform,batched,8,P0_random,124.0
1,3,5,2,uniform,batched,8,P0_random,104.0
1,3,5,2,uniform,batched,8,P0_random,99.0
1,3,5,2,uniform,batched,8,P0_random,123.0
1,3,5,2,uniform,batched,8,P0_random,57.0
1,3,5,2,uniform,batched,8,P0_random,109.0
1,3,5,2,uniform,batched,8,P0_random,115.0
1,3,5,2,uniform,batched,8,P0_random,65.0
1,3,5,2,uniform,batched,8,P0_random,71.0
1,3,5,2,uniform,batched,8,P0_random,109.0
1,3,5,2,uniform,batched,8,P0_random,80.0
1,3,5,2,uniform,batched,8,P0_random,61.0
1,3,5,2,uniform,batched,8,P0_random,109.0
1,3,5,2,uniform,batched,8,P0_random,119.0
1,3,5,2,uniform,batched,8,P0_random,109.0
1,3,5,2,uniform,batched,8,P0_random,85.0
1,3,5,2,uniform,batched,8,P0_random,108.0
1,3,5,2,uniform,batched,8,P0_random,109.0
1,3,5,2,uniform,batched,8,P0_random,66.0
1,3,5,2,uniform,batched,8,P0_random,133.0
1,3,5,2,uniform,batched,8,P0_random,166.0
1,3,5,2,uniform,batched,8,P0_random,119.0
1,3,5,2,uniform,batched,8,P0_random,95.0
1,3,5,2,uniform,batched,8,P0_random,119.0
1,3,5,2,uniform,batched,8,P0_random,99.0
1,3,5,2,uniform,batched,8,P0_random,67.0
1,3,5,2,uniform,batched,8,P0_random,94.0
1,3,5,2,uniform,batched,8,P0_random,114.0
1,3,5,2,uniform,batched,8,P0_random,104.0
1,3,5,2,uniform,batched,8,P0_random,71.0
1,3,5,2,uniform,batched,8,P0_random,114.0
1,3,5,2,uniform,batched,8,P0_random,118.0
1,3,5,2,uniform,batched,8,P0_random,118.0
1,3,5,2,uniform,batched,8,P0_random,81.0
1,3,5,2,uniform,batched,8,P0_random,95.0
1,3,5,2,uniform,batched,8,P0_random,123.0
1,3,5,2,uniform,batched,8,P1_dest_cluster,119.0
1,3,5,2,uniform,batched,8,P1_dest_cluster,100.0
1,3,5,2,uniform,batched,8,P1_dest_cluster,109.0
1,3,5,2,uniform,batched,8,P1_dest_cluster,119.0
1,3,5,2,uniform,batched,8,P1_dest_cluster,84.0
1,3,5,2,uniform,batched,8,P1_dest_cluster,143.0
1,3,5,2,uniform,batched,8,P1_dest_cluster,118.0
1,3,5,2,uniform,batched,8,P1_dest_cluster,71.0
1,3,5,2,uniform,batched,8,P1_dest_cluster,104.0
1,3,5,2,uniform,batched,8,P1_dest_cluster,133.0
1,3,5,2,uniform,batched,8,P1_dest_cluster,90.0
1,3,5,2,uniform,batched,8,P1_dest_cluster,104.0
1,3,5,2,uniform,batched,8,P1_dest_cluster,77.0
1,3,5,2,uniform,batched,8,P1_dest_cluster,85.0
1,3,5,2,uniform,batched,8,P1_dest_cluster,85.0
1,3,5,2,uniform,batched,8,P1_dest_cluster,80.0
1,3,5,2,uniform,batched,8,P1_dest_cluster,99.0
1,3,5,2,uniform,batched,8,P1_dest_cluster,119.0
1,3,5,2,uniform,batched,8,P1_dest_cluster,61.0
1,3,5,2,uniform,batched,8,P1_dest_cluster,132.0
1,3,5,2,uniform,batched,8,P1_dest_cluster,93.0
1,3,5,2,uniform,batched,8,P1_dest_cluster,109.0
1,3,5,2,uniform,batched,8,P1_dest_cluster,72.0
1,3,5,2,uniform,batched,8,P1_dest_cluster,124.0
1,3,5,2,uniform,batched,8,P1_dest_cluster,99.0
1,3,5,2,uniform,batched,8,P1_dest_cluster,118.0
1,3,5,2,uniform,batched,8,P1_dest_cluster,109.0
1,3,5,2,uniform,batched,8,P1_dest_cluster,104.0
1,3,5,2,uniform,batched,8,P1_dest_cluster,72.0
1,3,5,2,uniform,batched,8,P1_dest_cluster,76.0
1,3,5,2,uniform,batched,8,P1_dest_cluster,147.0
1,3,5,2,uniform,batched,8,P1_dest_cluster,123.0
1,3,5,2,uniform,batched,8,P1_dest_cluster,114.0
1,3,5,2,uniform,batched,8,P1_dest_cluster,114.0
1,3,5,2,uniform,batched,8,P1_dest_cluster,99.0
1,3,5,2,uniform,batched,8,P1_dest_cluster,75.0
1,3,5,2,uniform,batched,8,P1_dest_cluster,119.0
1,3,5,2,uniform,batched,8,P1_dest_cluster,70.0
1,3,5,2,uniform,batched,8,P1_dest_cluster,133.0
1,3,5,2,uniform,batched,8,P1_dest_cluster,76.0
1,3,5,2,uniform,batched,8,P1_dest_cluster,100.0
1,3,5,2,uniform,batched,8,P1_dest_cluster,119.0
1,3,5,2,uniform,batched,8,P1_dest_cluster,124.0
1,3,5,2,uniform,batched,8,P1_dest_cluster,118.0
1,3,5,2,uniform,batched,8,P1_dest_cluster,132.0
1,3,5,2,uniform,batched,8,P1_dest_cluster,81.0
1,3,5,2,uniform,batched,8,P1_dest_cluster,86.0
1,3,5,2,uniform,batched,8,P1_dest_cluster,119.0
1,3,5,2,uniform,batched,8,P1_dest_cluster,118.0
1,3,5,2,uniform,batched,8,P1_dest_cluster,123.0
1,3,5,2,uniform,batched,8,P1_dest_cluster,99.0
1,3,5,2,uniform,batched,8,P1_dest_cluster,90.0
1,3,5,2,uniform,batched,8,P1_dest_cluster,114.0
1,3,5,2,uniform,batched,8,P1_dest_cluster,100.0
1,3,5,2,uniform,batched,8,P1_dest_cluster,109.0
1,3,5,2,uniform,batched,8,P1_dest_cluster,123.0
1,3,5,2,uniform,batched,8,P1_dest_cluster,75.0
1,3,5,2,uniform,batched,8,P1_dest_cluster,52.0
1,3,5,2,uniform,batched,8,P1_dest_cluster,132.0
1,3,5,2,uniform,batched,8,P1_dest_cluster,90.0
1,3,5,2,uniform,batched,8,P1_dest_cluster,71.0
1,3,5,2,uniform,batched,8,P1_dest_cluster,67.0
1,3,5,2,uniform,batched,8,P1_dest_cluster,84.0
1,3,5,2,uniform,batched,8,P1_dest_cluster,128.0
1,3,5,2,uniform,batched,8,P1_dest_cluster,100.0
1,3,5,2,uniform,batched,8,P1_dest_cluster,123.0
1,3,5,2,uniform,batched,8,P1_dest_cluster,105.0
1,3,5,2,uniform,batched,8,P1_dest_cluster,90.0
1,3,5,2,uniform,batched,8,P1_dest_cluster,100.0
1,3,5,2,uniform,batched,8,P1_dest_cluster,137.0
1,3,5,2,uniform,batched,8,P1_dest_cluster,75.0
1,3,5,2,uniform,batched,8,P1_dest_cluster,166.0
1,3,5,2,uniform,batched,8,P1_dest_cluster,85.0
1,3,5,2,uniform,batched,8,P1_dest_cluster,90.0
1,3,5,2,uniform,batched,8,P1_dest_cluster,100.0
1,3,5,2,uniform,batched,8,P1_dest_cluster,95.0
1,3,5,2,uniform,batched,8,P1_dest_cluster,90.0
1,3,5,2,uniform,batched,8,P1_dest_cluster,113.0
1,3,5,2,uniform,batched,8,P1_dest_cluster,114.0
1,3,5,2,uniform,batched,8,P1_dest_cluster,99.0
1,3,5,2,uniform,batched,8,P1_dest_cluster,114.0
1,3,5,2,uniform,batched,8,P1_dest_cluster,118.0
1,3,5,2,uniform,batched,8,P1_dest_cluster,113.0
1,3,5,2,uniform,batched,8,P1_dest_cluster,100.0
1,3,5,2,uniform,batched,8,P1_dest_cluster,123.0
1,3,5,2,uniform,batched,8,P1_dest_cluster,119.0
1,3,5,2,uniform,batched,8,P1_dest_cluster,89.0
1,3,5,2,uniform,batched,8,P1_dest_cluster,104.0
1,3,5,2,uniform,batched,8,P1_dest_cluster,129.0
1,3,5,2,uniform,batched,8,P1_dest_cluster,148.0
1,3,5,2,uniform,batched,8,P1_dest_cluster,138.0
1,3,5,2,uniform,batched,8,P1_dest_cluster,147.0
1,3,5,2,uniform,batched,8,P1_dest_cluster,85.0
1,3,5,2,uniform,batched,8,P1_dest_cluster,109.0
1,3,5,2,uniform,batched,8,P1_dest_cluster,90.0
1,3,5,2,uniform,batched,8,P1_dest_cluster,105.0
1,3,5,2,uniform,batched,8,P1_dest_cluster,113.0
1,3,5,2,uniform,batched,8,P1_dest_cluster,99.0
1,3,5,2,uniform,batched,8,P1_dest_cluster,133.0
1,3,5,2,uniform,batched,8,P1_dest_cluster,76.0
1,3,5,2,uniform,batched,8,P1_dest_cluster,57.0
1,3,5,2,uniform,batched,8,P1_dest_cluster,108.0
1,3,5,2,uniform,batched,8,P1_dest_cluster,133.0
1,3,5,2,uniform,batched,8,P1_dest_cluster,114.0
1,3,5,2,uniform,batched,8,P1_dest_cluster,152.0
1,3,5,2,uniform,batched,8,P1_dest_cluster,71.0
1,3,5,2,uniform,batched,8,P1_dest_cluster,85.0
1,3,5,2,uniform,batched,8,P1_dest_cluster,95.0
1,3,5,2,uniform,batched,8,P1_dest_cluster,138.0
1,3,5,2,uniform,batched,8,P1_dest_cluster,75.0
1,3,5,2,uniform,batched,8,P1_dest_cluster,94.0
1,3,5,2,uniform,batched,8,P1_dest_cluster,104.0
1,3,5,2,uniform,batched,8,P1_dest_cluster,62.0
1,3,5,2,uniform,batched,8,P1_dest_cluster,104.0
1,3,5,2,uniform,batched,8,P1_dest_cluster,74.0
1,3,5,2,uniform,batched,8,P1_dest_cluster,113.0
1,3,5,2,uniform,batched,8,P1_dest_cluster,90.0
1,3,5,2,uniform,batched,8,P1_dest_cluster,129.0
1,3,5,2,uniform,batched,8,P1_dest_cluster,104.0
1,3,5,2,uniform,batched,8,P1_dest_cluster,90.0
1,3,5,2,uniform,batched,8,P1_dest_cluster,133.0
1,3,5,2,uniform,batched,8,P1_dest_cluster,90.0
1,3,5,2,uniform,batched,8,P1_dest_cluster,109.0
1,3,5,2,uniform,batched,8,P1_dest_cluster,76.0
1,3,5,2,uniform,batched,8,P1_dest_cluster,115.0
1,3,5,2,uniform,batched,8,P1_dest_cluster,104.0
1,3,5,2,uniform,batched,8,P1_dest_cluster,100.0
1,3,5,2,uniform,batched,8,P1_dest_cluster,100.0
1,3,5,2,uniform,batched,8,P1_dest_cluster,133.0
1,3,5,2,uniform,batched,8,P1_dest_cluster,71.0
1,3,5,2,uniform,batched,8,P1_dest_cluster,94.0
1,3,5,2,uniform,batched,8,P1_dest_cluster,118.0
1,3,5,2,uniform,batched,8,P1_dest_cluster,152.0
1,3,5,2,uniform,batched,8,P1_dest_cluster,123.0
1,3,5,2,uniform,batched,8,P1_dest_cluster,119.0
1,3,5,2,uniform,batched,8,P1_dest_cluster,94.0
1,3,5,2,uniform,batched,8,P1_dest_cluster,124.0
1,3,5,2,uniform,batched,8,P1_dest_cluster,99.0
1,3,5,2,uniform,batched,8,P1_dest_cluster,85.0
1,3,5,2,uniform,batched,8,P1_dest_cluster,124.0
1,3,5,2,uniform,batched,8,P1_dest_cluster,123.0
1,3,5,2,uniform,batched,8,P1_dest_cluster,90.0
1,3,5,2,uniform,batched,8,P1_dest_cluster,103.0
1,3,5,2,uniform,batched,8,P1_dest_cluster,127.0
1,3,5,2,uniform,batched,8,P1_dest_cluster,62.0
1,3,5,2,uniform,batched,8,P1_dest_cluster,113.0
1,3,5,2,uniform,batched,8,P1_dest_cluster,95.0
1,3,5,2,uniform,batched,8,P1_dest_cluster,119.0
1,3,5,2,uniform,batched,8,P1_dest_cluster,96.0
1,3,5,2,uniform,batched,8,P1_dest_cluster,113.0
1,3,5,2,uniform,batched,8,P1_dest_cluster,100.0
1,3,5,2,uniform,batched,8,P1_dest_cluster,100.0
1,3,5,2,uniform,batched,8,P1_dest_cluster,114.0
1,3,5,2,uniform,batched,8,P1_dest_cluster,71.0
1,3,5,2,uniform,batched,8,P1_dest_cluster,57.0
1,3,5,2,uniform,batched,8,P1_dest_cluster,75.0
1,3,5,2,uniform,batched,8,P1_dest_cluster,118.0
1,3,5,2,uniform,batched,8,P1_dest_cluster,129.0
1,3,5,2,uniform,batched,8,P1_dest_cluster,108.0
1,3,5,2,uniform,batched,8,P1_dest_cluster,113.0
1,3,5,2,uniform,batched,8,P1_dest_cluster,118.0
1,3,5,2,uniform,batched,8,P1_dest_cluster,124.0
1,3,5,2,uniform,batched,8,P1_dest_cluster,123.0
1,3,5,2,uniform,batched,8,P1_dest_cluster,89.0
1,3,5,2,uniform,batched,8,P1_dest_cluster,47.0
1,3,5,2,uniform,batched,8,P1_dest_cluster,129.0
1,3,5,2,uniform,batched,8,P1_dest_cluster,90.0
1,3,5,2,uniform,batched,8,P1_dest_cluster,113.0
1,3,5,2,uniform,batched,8,P1_dest_cluster,85.0
1,3,5,2,uniform,batched,8,P1_dest_cluster,94.0
1,3,5,2,uniform,batched,8,P1_dest_cluster,86.0
1,3,5,2,uniform,batched,8,P1_dest_cluster,62.0
1,3,5,2,uniform,batched,8,P1_dest_cluster,104.0
1,3,5,2,uniform,batched,8,P1_dest_cluster,100.0
1,3,5,2,uniform,batched,8,P1_dest_cluster,110.0
1,3,5,2,uniform,batched,8,P1_dest_cluster,89.0
1,3,5,2,uniform,batched,8,P1_dest_cluster,80.0
1,3,5,2,uniform,batched,8,P1_dest_cluster,104.0
1,3,5,2,uniform,batched,8,P1_dest_cluster,114.0
1,3,5,2,uniform,batched,8,P1_dest_cluster,123.0
1,3,5,2,uniform,batched,8,P1_dest_cluster,123.0
1,3,5,2,uniform,batched,8,P1_dest_cluster,100.0
1,3,5,2,uniform,batched,8,P1_dest_cluster,90.0
1,3,5,2,uniform,batched,8,P1_dest_cluster,99.0
1,3,5,2,uniform,batched,8,P1_dest_cluster,104.0
1,3,5,2,uniform,batched,8,P1_dest_cluster,76.0
1,3,5,2,uniform,batched,8,P1_dest_cluster,123.0
1,3,5,2,uniform,batched,8,P1_dest_cluster,113.0
1,3,5,2,uniform,batched,8,P1_dest_cluster,110.0
1,3,5,2,uniform,batched,8,P1_dest_cluster,123.0
1,3,5,2,uniform,batched,8,P1_dest_cluster,104.0
1,3,5,2,uniform,batched,8,P1_dest_cluster,90.0
1,3,5,2,uniform,batched,8,P1_dest_cluster,108.0
1,3,5,2,uniform,batched,8,P1_dest_cluster,128.0
1,3,5,2,uniform,batched,8,P1_dest_cluster,100.0
1,3,5,2,uniform,batched,8,P1_dest_cluster,133.0
1,3,5,2,uniform,batched,8,P1_dest_cluster,90.0
1,3,5,2,uniform,batched,8,P1_dest_cluster,141.0
1,3,5,2,uniform,batched,8,P1_dest_cluster,71.0
1,3,5,2,uniform,batched,8,P1_dest_cluster,100.0
1,3,5,2,uniform,batched,8,P2_cardinality,67.0
1,3,5,2,uniform,batched,8,P2_cardinality,100.0
1,3,5,2,uniform,batched,8,P2_cardinality,76.0
1,3,5,2,uniform,batched,8,P2_cardinality,80.0
1,3,5,2,uniform,batched,8,P2_cardinality,99.0
1,3,5,2,uniform,batched,8,P2_cardinality,104.0
1,3,5,2,uniform,batched,8,P2_cardinality,95.0
1,3,5,2,uniform,batched,8,P2_cardinality,66.0
1,3,5,2,uniform,batched,8,P2_cardinality,118.0
1,3,5,2,uniform,batched,8,P2_cardinality,104.0
1,3,5,2,uniform,batched,8,P2_cardinality,103.0
1,3,5,2,uniform,batched,8,P2_cardinality,81.0
1,3,5,2,uniform,batched,8,P2_cardinality,100.0
1,3,5,2,uniform,batched,8,P2_cardinality,96.0
1,3,5,2,uniform,batched,8,P2_cardinality,80.0
1,3,5,2,uniform,batched,8,P2_cardinality,91.0
1,3,5,2,uniform,batched,8,P2_cardinality,100.0
1,3,5,2,uniform,batched,8,P2_cardinality,71.0
1,3,5,2,uniform,batched,8,P2_cardinality,76.0
1,3,5,2,uniform,batched,8,P2_cardinality,81.0
1,3,5,2,uniform,batched,8,P2_cardinality,81.0
1,3,5,2,uniform,batched,8,P2_cardinality,80.0
1,3,5,2,uniform,batched,8,P2_cardinality,104.0
1,3,5,2,uniform,batched,8,P2_cardinality,71.0
1,3,5,2,uniform,batched,8,P2_cardinality,142.0
1,3,5,2,uniform,batched,8,P2_cardinality,72.0
1,3,5,2,uniform,batched,8,P2_cardinality,119.0
1,3,5,2,uniform,batched,8,P2_cardinality,76.0
1,3,5,2,uniform,batched,8,P2_cardinality,104.0
1,3,5,2,uniform,batched,8,P2_cardinality,75.0
1,3,5,2,uniform,batched,8,P2_cardinality,71.0
1,3,5,2,uniform,batched,8,P2_cardinality,71.0
1,3,5,2,uniform,batched,8,P2_cardinality,71.0
1,3,5,2,uniform,batched,8,P2_cardinality,104.0
1,3,5,2,uniform,batched,8,P2_cardinality,95.0
1,3,5,2,uniform,batched,8,P2_cardinality,105.0
1,3,5,2,uniform,batched,8,P2_cardinality,85.0
1,3,5,2,uniform,batched,8,P2_cardinality,95.0
1,3,5,2,uniform,batched,8,P2_cardinality,80.0
1,3,5,2,uniform,batched,8,P2_cardinality,52.0
1,3,5,2,uniform,batched,8,P2_cardinality,67.0
1,3,5,2,uniform,batched,8,P2_cardinality,57.0
1,3,5,2,uniform,batched,8,P2_cardinality,85.0
1,3,5,2,uniform,batched,8,P2_cardinality,86.0
1,3,5,2,uniform,batched,8,P2_cardinality,95.0
1,3,5,2,uniform,batched,8,P2_cardinality,57.0
1,3,5,2,uniform,batched,8,P2_cardinality,100.0
1,3,5,2,uniform,batched,8,P2_cardinality,95.0
1,3,5,2,uniform,batched,8,P2_cardinality,105.0
1,3,5,2,uniform,batched,8,P2_cardinality,86.0
1,3,5,2,uniform,batched,8,P2_cardinality,113.0
1,3,5,2,uniform,batched,8,P2_cardinality,57.0
1,3,5,2,uniform,batched,8,P2_cardinality,100.0
1,3,5,2,uniform,batched,8,P2_cardinality,95.0
1,3,5,2,uniform,batched,8,P2_cardinality,109.0
1,3,5,2,uniform,batched,8,P2_cardinality,71.0
1,3,5,2,uniform,batched,8,P2_cardinality,109.0
1,3,5,2,uniform,batched,8,P2_cardinality,128.0
1,3,5,2,uniform,batched,8,P2_cardinality,109.0
1,3,5,2,uniform,batched,8,P2_cardinality,95.0
1,3,5,2,uniform,batched,8,P2_cardinality,67.0
1,3,5,2,uniform,batched,8,P2_cardinality,86.0
1,3,5,2,uniform,batched,8,P2_cardinality,95.0
1,3,5,2,uniform,batched,8,P2_cardinality,119.0
1,3,5,2,uniform,batched,8,P2_cardinality,85.0
1,3,5,2,uniform,batched,8,P2_cardinality,48.0
1,3,5,2,uniform,batched,8,P2_cardinality,86.0
1,3,5,2,uniform,batched,8,P2_cardinality,76.0
1,3,5,2,uniform,batched,8,P2_cardinality,76.0
1,3,5,2,uniform,batched,8,P2_cardinality,128.0
1,3,5,2,uniform,batched,8,P2_cardinality,95.0
1,3,5,2,uniform,batched,8,P2_cardinality,128.0
1,3,5,2,uniform,batched,8,P2_cardinality,72.0
1,3,5,2,uniform,batched,8,P2_cardinality,100.0
1,3,5,2,uniform,batched,8,P2_cardinality,86.0
1,3,5,2,uniform,batched,8,P2_cardinality,129.0
1,3,5,2,uniform,batched,8,P2_cardinality,99.0
1,3,5,2,uniform,batched,8,P2_cardinality,90.0
1,3,5,2,uniform,batched,8,P2_cardinality,115.0
1,3,5,2,uniform,batched,8,P2_cardinality,76.0
1,3,5,2,uniform,batched,8,P2_cardinality,76.0
1,3,5,2,uniform,batched,8,P2_cardinality,108.0
1,3,5,2,uniform,batched,8,P2_cardinality,118.0
1,3,5,2,uniform,batched,8,P2_cardinality,113.0
1,3,5,2,uniform,batched,8,P2_cardinality,95.0
1,3,5,2,uniform,batched,8,P2_cardinality,81.0
1,3,5,2,uniform,batched,8,P2_cardinality,65.0
1,3,5,2,uniform,batched,8,P2_cardinality,91.0
1,3,5,2,uniform,batched,8,P2_cardinality,114.0
1,3,5,2,uniform,batched,8,P2_cardinality,76.0
1,3,5,2,uniform,batched,8,P2_cardinality,114.0
1,3,5,2,uniform,batched,8,P2_cardinality,71.0
1,3,5,2,uniform,batched,8,P2_cardinality,71.0
1,3,5,2,uniform,batched,8,P2_cardinality,71.0
1,3,5,2,uniform,batched,8,P2_cardinality,85.0
1,3,5,2,uniform,batched,8,P2_cardinality,57.0
1,3,5,2,uniform,batched,8,P2_cardinality,66.0
1,3,5,2,uniform,batched,8,P2_cardinality,95.0
1,3,5,2,uniform,batched,8,P2_cardinality,148.0
1,3,5,2,uniform,batched,8,P2_cardinality,90.0
1,3,5,2,uniform,batched,8,P2_cardinality,98.0
1,3,5,2,uniform,batched,8,P2_cardinality,85.0
1,3,5,2,uniform,batched,8,P2_cardinality,118.0
1,3,5,2,uniform,batched,8,P2_cardinality,109.0
1,3,5,2,uniform,batched,8,P2_cardinality,71.0
1,3,5,2,uniform,batched,8,P2_cardinality,86.0
1,3,5,2,uniform,batched,8,P2_cardinality,57.0
1,3,5,2,uniform,batched,8,P2_cardinality,103.0
1,3,5,2,uniform,batched,8,P2_cardinality,90.0
1,3,5,2,uniform,batched,8,P2_cardinality,81.0
1,3,5,2,uniform,batched,8,P2_cardinality,109.0
1,3,5,2,uniform,batched,8,P2_cardinality,76.0
1,3,5,2,uniform,batched,8,P2_cardinality,76.0
1,3,5,2,uniform,batched,8,P2_cardinality,80.0
1,3,5,2,uniform,batched,8,P2_cardinality,99.0
1,3,5,2,uniform,batched,8,P2_cardinality,66.0
1,3,5,2,uniform,batched,8,P2_cardinality,47.0
1,3,5,2,uniform,batched,8,P2_cardinality,100.0
1,3,5,2,uniform,batched,8,P2_cardinality,76.0
1,3,5,2,uniform,batched,8,P2_cardinality,85.0
1,3,5,2,uniform,batched,8,P2_cardinality,114.0
1,3,5,2,uniform,batched,8,P2_cardinality,109.0
1,3,5,2,uniform,batched,8,P2_cardinality,62.0
1,3,5,2,uniform,batched,8,P2_cardinality,90.0
1,3,5,2,uniform,batched,8,P2_cardinality,90.0
1,3,5,2,uniform,batched,8,P2_cardinality,99.0
1,3,5,2,uniform,batched,8,P2_cardinality,85.0
1,3,5,2,uniform,batched,8,P2_cardinality,114.0
1,3,5,2,uniform,batched,8,P2_cardinality,109.0
1,3,5,2,uniform,batched,8,P2_cardinality,89.0
1,3,5,2,uniform,batched,8,P2_cardinality,95.0
1,3,5,2,uniform,batched,8,P2_cardinality,76.0
1,3,5,2,uniform,batched,8,P2_cardinality,118.0
1,3,5,2,uniform,batched,8,P2_cardinality,104.0
1,3,5,2,uniform,batched,8,P2_cardinality,72.0
1,3,5,2,uniform,batched,8,P2_cardinality,124.0
1,3,5,2,uniform,batched,8,P2_cardinality,110.0
1,3,5,2,uniform,batched,8,P2_cardinality,75.0
1,3,5,2,uniform,batched,8,P2_cardinality,76.0
1,3,5,2,uniform,batched,8,P2_cardinality,104.0
1,3,5,2,uniform,batched,8,P2_cardinality,94.0
1,3,5,2,uniform,batched,8,P2_cardinality,57.0
1,3,5,2,uniform,batched,8,P2_cardinality,100.0
1,3,5,2,uniform,batched,8,P2_cardinality,119.0
1,3,5,2,uniform,batched,8,P2_cardinality,123.0
1,3,5,2,uniform,batched,8,P2_cardinality,67.0
1,3,5,2,uniform,batched,8,P2_cardinality,57.0
1,3,5,2,uniform,batched,8,P2_cardinality,90.0
1,3,5,2,uniform,batched,8,P2_cardinality,109.0
1,3,5,2,uniform,batched,8,P2_cardinality,113.0
1,3,5,2,uniform,batched,8,P2_cardinality,76.0
1,3,5,2,uniform,batched,8,P2_cardinality,119.0
1,3,5,2,uniform,batched,8,P2_cardinality,80.0
1,3,5,2,uniform,batched,8,P2_cardinality,57.0
1,3,5,2,uniform,batched,8,P2_cardinality,71.0
1,3,5,2,uniform,batched,8,P2_cardinality,118.0
1,3,5,2,uniform,batched,8,P2_cardinality,71.0
1,3,5,2,uniform,batched,8,P2_cardinality,90.0
1,3,5,2,uniform,batched,8,P2_cardinality,104.0
1,3,5,2,uniform,batched,8,P2_cardinality,66.0
1,3,5,2,uniform,batched,8,P2_cardinality,61.0
1,3,5,2,uniform,batched,8,P2_cardinality,67.0
1,3,5,2,uniform,batched,8,P2_cardinality,43.0
1,3,5,2,uniform,batched,8,P2_cardinality,76.0
1,3,5,2,uniform,batched,8,P2_cardinality,119.0
1,3,5,2,uniform,batched,8,P2_cardinality,57.0
1,3,5,2,uniform,batched,8,P2_cardinality,76.0
1,3,5,2,uniform,batched,8,P2_cardinality,85.0
1,3,5,2,uniform,batched,8,P2_cardinality,119.0
1,3,5,2,uniform,batched,8,P2_cardinality,76.0
1,3,5,2,uniform,batched,8,P2_cardinality,100.0
1,3,5,2,uniform,batched,8,P2_cardinality,85.0
1,3,5,2,uniform,batched,8,P2_cardinality,70.0
1,3,5,2,uniform,batched,8,P2_cardinality,90.0
1,3,5,2,uniform,batched,8,P2_cardinality,114.0
1,3,5,2,uniform,batched,8,P2_cardinality,94.0
1,3,5,2,uniform,batched,8,P2_cardinality,119.0
1,3,5,2,uniform,batched,8,P2_cardinality,105.0
1,3,5,2,uniform,batched,8,P2_cardinality,76.0
1,3,5,2,uniform,batched,8,P2_cardinality,100.0
1,3,5,2,uniform,batched,8,P2_cardinality,100.0
1,3,5,2,uniform,batched,8,P2_cardinality,81.0
1,3,5,2,uniform,batched,8,P2_cardinality,81.0
1,3,5,2,uniform,batched,8,P2_cardinality,85.0
1,3,5,2,uniform,batched,8,P2_cardinality,115.0
1,3,5,2,uniform,batched,8,P2_cardinality,52.0
1,3,5,2,uniform,batched,8,P2_cardinality,95.0
1,3,5,2,uniform,batched,8,P2_cardinality,85.0
1,3,5,2,uniform,batched,8,P2_cardinality,90.0
1,3,5,2,uniform,batched,8,P2_cardinality,99.0
1,3,5,2,uniform,batched,8,P2_cardinality,104.0
1,3,5,2,uniform,batched,8,P2_cardinality,90.0
1,3,5,2,uniform,batched,8,P2_cardinality,80.0
1,3,5,2,uniform,batched,8,P2_cardinality,85.0
1,3,5,2,uniform,batched,8,P2_cardinality,70.0
1,3,5,2,uniform,batched,8,P2_cardinality,114.0
1,3,5,2,uniform,batched,8,P2_cardinality,86.0
1,3,5,2,uniform,batched,8,P2_cardinality,104.0
1,3,5,2,uniform,batched,8,P2_cardinality,90.0
1,3,5,2,uniform,batched,8,P2_cardinality,104.0
1,3,5,2,uniform,batched,8,P3_dir_balanced,118.0
1,3,5,2,uniform,batched,8,P3_dir_balanced,118.0
1,3,5,2,uniform,batched,8,P3_dir_balanced,138.0
1,3,5,2,uniform,batched,8,P3_dir_balanced,123.0
1,3,5,2,uniform,batched,8,P3_dir_balanced,109.0
1,3,5,2,uniform,batched,8,P3_dir_balanced,128.0
1,3,5,2,uniform,batched,8,P3_dir_balanced,104.0
1,3,5,2,uniform,batched,8,P3_dir_balanced,90.0
1,3,5,2,uniform,batched,8,P3_dir_balanced,142.0
1,3,5,2,uniform,batched,8,P3_dir_balanced,99.0
1,3,5,2,uniform,batched,8,P3_dir_balanced,109.0
1,3,5,2,uniform,batched,8,P3_dir_balanced,90.0
1,3,5,2,uniform,batched,8,P3_dir_balanced,114.0
1,3,5,2,uniform,batched,8,P3_dir_balanced,95.0
1,3,5,2,uniform,batched,8,P3_dir_balanced,100.0
1,3,5,2,uniform,batched,8,P3_dir_balanced,80.0
1,3,5,2,uniform,batched,8,P3_dir_balanced,142.0
1,3,5,2,uniform,batched,8,P3_dir_balanced,95.0
1,3,5,2,uniform,batched,8,P3_dir_balanced,113.0
1,3,5,2,uniform,batched,8,P3_dir_balanced,114.0
1,3,5,2,uniform,batched,8,P3_dir_balanced,109.0
1,3,5,2,uniform,batched,8,P3_dir_balanced,138.0
1,3,5,2,uniform,batched,8,P3_dir_balanced,71.0
1,3,5,2,uniform,batched,8,P3_dir_balanced,108.0
1,3,5,2,uniform,batched,8,P3_dir_balanced,85.0
1,3,5,2,uniform,batched,8,P3_dir_balanced,80.0
1,3,5,2,uniform,batched,8,P3_dir_balanced,67.0
1,3,5,2,uniform,batched,8,P3_dir_balanced,80.0
1,3,5,2,uniform,batched,8,P3_dir_balanced,104.0
1,3,5,2,uniform,batched,8,P3_dir_balanced,100.0
1,3,5,2,uniform,batched,8,P3_dir_balanced,104.0
1,3,5,2,uniform,batched,8,P3_dir_balanced,104.0
1,3,5,2,uniform,batched,8,P3_dir_balanced,133.0
1,3,5,2,uniform,batched,8,P3_dir_balanced,100.0
1,3,5,2,uniform,batched,8,P3_dir_balanced,80.0
1,3,5,2,uniform,batched,8,P3_dir_balanced,114.0
1,3,5,2,uniform,batched,8,P3_dir_balanced,99.0
1,3,5,2,uniform,batched,8,P3_dir_balanced,75.0
1,3,5,2,uniform,batched,8,P3_dir_balanced,123.0
1,3,5,2,uniform,batched,8,P3_dir_balanced,66.0
1,3,5,2,uniform,batched,8,P3_dir_balanced,99.0
1,3,5,2,uniform,batched,8,P3_dir_balanced,86.0
1,3,5,2,uniform,batched,8,P3_dir_balanced,128.0
1,3,5,2,uniform,batched,8,P3_dir_balanced,90.0
1,3,5,2,uniform,batched,8,P3_dir_balanced,71.0
1,3,5,2,uniform,batched,8,P3_dir_balanced,133.0
1,3,5,2,uniform,batched,8,P3_dir_balanced,94.0
1,3,5,2,uniform,batched,8,P3_dir_balanced,99.0
1,3,5,2,uniform,batched,8,P3_dir_balanced,118.0
1,3,5,2,uniform,batched,8,P3_dir_balanced,118.0
1,3,5,2,uniform,batched,8,P3_dir_balanced,94.0
1,3,5,2,uniform,batched,8,P3_dir_balanced,113.0
1,3,5,2,uniform,batched,8,P3_dir_balanced,152.0
1,3,5,2,uniform,batched,8,P3_dir_balanced,138.0
1,3,5,2,uniform,batched,8,P3_dir_balanced,90.0
1,3,5,2,uniform,batched,8,P3_dir_balanced,114.0
1,3,5,2,uniform,batched,8,P3_dir_balanced,85.0
1,3,5,2,uniform,batched,8,P3_dir_balanced,147.0
1,3,5,2,uniform,batched,8,P3_dir_balanced,152.0
1,3,5,2,uniform,batched,8,P3_dir_balanced,104.0
1,3,5,2,uniform,batched,8,P3_dir_balanced,109.0
1,3,5,2,uniform,batched,8,P3_dir_balanced,62.0
1,3,5,2,uniform,batched,8,P3_dir_balanced,147.0
1,3,5,2,uniform,batched,8,P3_dir_balanced,108.0
1,3,5,2,uniform,batched,8,P3_dir_balanced,113.0
1,3,5,2,uniform,batched,8,P3_dir_balanced,128.0
1,3,5,2,uniform,batched,8,P3_dir_balanced,80.0
1,3,5,2,uniform,batched,8,P3_dir_balanced,152.0
1,3,5,2,uniform,batched,8,P3_dir_balanced,119.0
1,3,5,2,uniform,batched,8,P3_dir_balanced,95.0
1,3,5,2,uniform,batched,8,P3_dir_balanced,85.0
1,3,5,2,uniform,batched,8,P3_dir_balanced,100.0
1,3,5,2,uniform,batched,8,P3_dir_balanced,90.0
1,3,5,2,uniform,batched,8,P3_dir_balanced,104.0
1,3,5,2,uniform,batched,8,P3_dir_balanced,99.0
1,3,5,2,uniform,batched,8,P3_dir_balanced,95.0
1,3,5,2,uniform,batched,8,P3_dir_balanced,123.0
1,3,5,2,uniform,batched,8,P3_dir_balanced,104.0
1,3,5,2,uniform,batched,8,P3_dir_balanced,100.0
1,3,5,2,uniform,batched,8,P3_dir_balanced,75.0
1,3,5,2,uniform,batched,8,P3_dir_balanced,85.0
1,3,5,2,uniform,batched,8,P3_dir_balanced,71.0
1,3,5,2,uniform,batched,8,P3_dir_balanced,113.0
1,3,5,2,uniform,batched,8,P3_dir_balanced,90.0
1,3,5,2,uniform,batched,8,P3_dir_balanced,86.0
1,3,5,2,uniform,batched,8,P3_dir_balanced,85.0
1,3,5,2,uniform,batched,8,P3_dir_balanced,95.0
1,3,5,2,uniform,batched,8,P3_dir_balanced,104.0
1,3,5,2,uniform,batched,8,P3_dir_balanced,100.0
1,3,5,2,uniform,batched,8,P3_dir_balanced,123.0
1,3,5,2,uniform,batched,8,P3_dir_balanced,75.0
1,3,5,2,uniform,batched,8,P3_dir_balanced,76.0
1,3,5,2,uniform,batched,8,P3_dir_balanced,129.0
1,3,5,2,uniform,batched,8,P3_dir_balanced,81.0
1,3,5,2,uniform,batched,8,P3_dir_balanced,152.0
1,3,5,2,uniform,batched,8,P3_dir_balanced,118.0
1,3,5,2,uniform,batched,8,P3_dir_balanced,79.0
1,3,5,2,uniform,batched,8,P3_dir_balanced,90.0
1,3,5,2,uniform,batched,8,P3_dir_balanced,90.0
1,3,5,2,uniform,batched,8,P3_dir_balanced,93.0
1,3,5,2,uniform,batched,8,P3_dir_balanced,80.0
1,3,5,2,uniform,batched,8,P3_dir_balanced,95.0
1,3,5,2,uniform,batched,8,P3_dir_balanced,109.0
1,3,5,2,uniform,batched,8,P3_dir_balanced,100.0
1,3,5,2,uniform,batched,8,P3_dir_balanced,99.0
1,3,5,2,uniform,batched,8,P3_dir_balanced,113.0
1,3,5,2,uniform,batched,8,P3_dir_balanced,90.0
1,3,5,2,uniform,batched,8,P3_dir_balanced,99.0
1,3,5,2,uniform,batched,8,P3_dir_balanced,104.0
1,3,5,2,uniform,batched,8,P3_dir_balanced,109.0
1,3,5,2,uniform,batched,8,P3_dir_balanced,104.0
1,3,5,2,uniform,batched,8,P3_dir_balanced,124.0
1,3,5,2,uniform,batched,8,P3_dir_balanced,90.0
1,3,5,2,uniform,batched,8,P3_dir_balanced,99.0
1,3,5,2,uniform,batched,8,P3_dir_balanced,86.0
1,3,5,2,uniform,batched,8,P3_dir_balanced,119.0
1,3,5,2,uniform,batched,8,P3_dir_balanced,95.0
1,3,5,2,uniform,batched,8,P3_dir_balanced,109.0
1,3,5,2,uniform,batched,8,P3_dir_balanced,133.0
1,3,5,2,uniform,batched,8,P3_dir_balanced,94.0
1,3,5,2,uniform,batched,8,P3_dir_balanced,100.0
1,3,5,2,uniform,batched,8,P3_dir_balanced,99.0
1,3,5,2,uniform,batched,8,P3_dir_balanced,119.0
1,3,5,2,uniform,batched,8,P3_dir_balanced,113.0
1,3,5,2,uniform,batched,8,P3_dir_balanced,147.0
1,3,5,2,uniform,batched,8,P3_dir_balanced,114.0
1,3,5,2,uniform,batched,8,P3_dir_balanced,89.0
1,3,5,2,uniform,batched,8,P3_dir_balanced,81.0
1,3,5,2,uniform,batched,8,P3_dir_balanced,95.0
1,3,5,2,uniform,batched,8,P3_dir_balanced,90.0
1,3,5,2,uniform,batched,8,P3_dir_balanced,76.0
1,3,5,2,uniform,batched,8,P3_dir_balanced,123.0
1,3,5,2,uniform,batched,8,P3_dir_balanced,67.0
1,3,5,2,uniform,batched,8,P3_dir_balanced,109.0
1,3,5,2,uniform,batched,8,P3_dir_balanced,129.0
1,3,5,2,uniform,batched,8,P3_dir_balanced,114.0
1,3,5,2,uniform,batched,8,P3_dir_balanced,99.0
1,3,5,2,uniform,batched,8,P3_dir_balanced,99.0
1,3,5,2,uniform,batched,8,P3_dir_balanced,123.0
1,3,5,2,uniform,batched,8,P3_dir_balanced,114.0
1,3,5,2,uniform,batched,8,P3_dir_balanced,129.0
1,3,5,2,uniform,batched,8,P3_dir_balanced,119.0
1,3,5,2,uniform,batched,8,P3_dir_balanced,128.0
1,3,5,2,uniform,batched,8,P3_dir_balanced,86.0
1,3,5,2,uniform,batched,8,P3_dir_balanced,110.0
1,3,5,2,uniform,batched,8,P3_dir_balanced,109.0
1,3,5,2,uniform,batched,8,P3_dir_balanced,85.0
1,3,5,2,uniform,batched,8,P3_dir_balanced,76.0
1,3,5,2,uniform,batched,8,P3_dir_balanced,114.0
1,3,5,2,uniform,batched,8,P3_dir_balanced,129.0
1,3,5,2,uniform,batched,8,P3_dir_balanced,143.0
1,3,5,2,uniform,batched,8,P3_dir_balanced,80.0
1,3,5,2,uniform,batched,8,P3_dir_balanced,109.0
1,3,5,2,uniform,batched,8,P3_dir_balanced,123.0
1,3,5,2,uniform,batched,8,P3_dir_balanced,85.0
1,3,5,2,uniform,batched,8,P3_dir_balanced,109.0
1,3,5,2,uniform,batched,8,P3_dir_balanced,142.0
1,3,5,2,uniform,batched,8,P3_dir_balanced,113.0
1,3,5,2,uniform,batched,8,P3_dir_balanced,98.0
1,3,5,2,uniform,batched,8,P3_dir_balanced,113.0
1,3,5,2,uniform,batched,8,P3_dir_balanced,143.0
1,3,5,2,uniform,batched,8,P3_dir_balanced,85.0
1,3,5,2,uniform,batched,8,P3_dir_balanced,95.0
1,3,5,2,uniform,batched,8,P3_dir_balanced,113.0
1,3,5,2,uniform,batched,8,P3_dir_balanced,133.0
1,3,5,2,uniform,batched,8,P3_dir_balanced,119.0
1,3,5,2,uniform,batched,8,P3_dir_balanced,104.0
1,3,5,2,uniform,batched,8,P3_dir_balanced,133.0
1,3,5,2,uniform,batched,8,P3_dir_balanced,80.0
1,3,5,2,uniform,batched,8,P3_dir_balanced,127.0
1,3,5,2,uniform,batched,8,P3_dir_balanced,85.0
1,3,5,2,uniform,batched,8,P3_dir_balanced,104.0
1,3,5,2,uniform,batched,8,P3_dir_balanced,104.0
1,3,5,2,uniform,batched,8,P3_dir_balanced,104.0
1,3,5,2,uniform,batched,8,P3_dir_balanced,114.0
1,3,5,2,uniform,batched,8,P3_dir_balanced,104.0
1,3,5,2,uniform,batched,8,P3_dir_balanced,148.0
1,3,5,2,uniform,batched,8,P3_dir_balanced,113.0
1,3,5,2,uniform,batched,8,P3_dir_balanced,95.0
1,3,5,2,uniform,batched,8,P3_dir_balanced,118.0
1,3,5,2,uniform,batched,8,P3_dir_balanced,104.0
1,3,5,2,uniform,batched,8,P3_dir_balanced,99.0
1,3,5,2,uniform,batched,8,P3_dir_balanced,67.0
1,3,5,2,uniform,batched,8,P3_dir_balanced,96.0
1,3,5,2,uniform,batched,8,P3_dir_balanced,123.0
1,3,5,2,uniform,batched,8,P3_dir_balanced,142.0
1,3,5,2,uniform,batched,8,P3_dir_balanced,76.0
1,3,5,2,uniform,batched,8,P3_dir_balanced,123.0
1,3,5,2,uniform,batched,8,P3_dir_balanced,114.0
1,3,5,2,uniform,batched,8,P3_dir_balanced,148.0
1,3,5,2,uniform,batched,8,P3_dir_balanced,85.0
1,3,5,2,uniform,batched,8,P3_dir_balanced,143.0
1,3,5,2,uniform,batched,8,P3_dir_balanced,153.0
1,3,5,2,uniform,batched,8,P3_dir_balanced,94.0
1,3,5,2,uniform,batched,8,P3_dir_balanced,94.0
1,3,5,2,uniform,batched,8,P3_dir_balanced,99.0
1,3,5,2,uniform,batched,8,P3_dir_balanced,123.0
1,3,5,2,uniform,batched,8,P3_dir_balanced,99.0
1,3,5,2,uniform,batched,8,P3_dir_balanced,128.0
1,3,5,2,uniform,batched,8,P3_dir_balanced,71.0
1,3,5,2,uniform,batched,8,P4_temporal,114.0
1,3,5,2,uniform,batched,8,P4_temporal,48.0
1,3,5,2,uniform,batched,8,P4_temporal,57.0
1,3,5,2,uniform,batched,8,P4_temporal,94.0
1,3,5,2,uniform,batched,8,P4_temporal,114.0
1,3,5,2,uniform,batched,8,P4_temporal,123.0
1,3,5,2,uniform,batched,8,P4_temporal,108.0
1,3,5,2,uniform,batched,8,P4_temporal,104.0
1,3,5,2,uniform,batched,8,P4_temporal,134.0
1,3,5,2,uniform,batched,8,P4_temporal,66.0
1,3,5,2,uniform,batched,8,P4_temporal,94.0
1,3,5,2,uniform,batched,8,P4_temporal,114.0
1,3,5,2,uniform,batched,8,P4_temporal,81.0
1,3,5,2,uniform,batched,8,P4_temporal,114.0
1,3,5,2,uniform,batched,8,P4_temporal,85.0
1,3,5,2,uniform,batched,8,P4_temporal,76.0
1,3,5,2,uniform,batched,8,P4_temporal,115.0
1,3,5,2,uniform,batched,8,P4_temporal,80.0
1,3,5,2,uniform,batched,8,P4_temporal,104.0
1,3,5,2,uniform,batched,8,P4_temporal,109.0
1,3,5,2,uniform,batched,8,P4_temporal,94.0
1,3,5,2,uniform,batched,8,P4_temporal,100.0
1,3,5,2,uniform,batched,8,P4_temporal,90.0
1,3,5,2,uniform,batched,8,P4_temporal,95.0
1,3,5,2,uniform,batched,8,P4_temporal,128.0
1,3,5,2,uniform,batched,8,P4_temporal,118.0
1,3,5,2,uniform,batched,8,P4_temporal,104.0
1,3,5,2,uniform,batched,8,P4_temporal,99.0
1,3,5,2,uniform,batched,8,P4_temporal,85.0
1,3,5,2,uniform,batched,8,P4_temporal,75.0
1,3,5,2,uniform,batched,8,P4_temporal,115.0
1,3,5,2,uniform,batched,8,P4_temporal,113.0
1,3,5,2,uniform,batched,8,P4_temporal,99.0
1,3,5,2,uniform,batched,8,P4_temporal,123.0
1,3,5,2,uniform,batched,8,P4_temporal,152.0
1,3,5,2,uniform,batched,8,P4_temporal,104.0
1,3,5,2,uniform,batched,8,P4_temporal,105.0
1,3,5,2,uniform,batched,8,P4_temporal,129.0
1,3,5,2,uniform,batched,8,P4_temporal,114.0
1,3,5,2,uniform,batched,8,P4_temporal,85.0
1,3,5,2,uniform,batched,8,P4_temporal,148.0
1,3,5,2,uniform,batched,8,P4_temporal,98.0
1,3,5,2,uniform,batched,8,P4_temporal,72.0
1,3,5,2,uniform,batched,8,P4_temporal,94.0
1,3,5,2,uniform,batched,8,P4_temporal,81.0
1,3,5,2,uniform,batched,8,P4_temporal,105.0
1,3,5,2,uniform,batched,8,P4_temporal,100.0
1,3,5,2,uniform,batched,8,P4_temporal,89.0
1,3,5,2,uniform,batched,8,P4_temporal,81.0
1,3,5,2,uniform,batched,8,P4_temporal,76.0
1,3,5,2,uniform,batched,8,P4_temporal,110.0
1,3,5,2,uniform,batched,8,P4_temporal,113.0
1,3,5,2,uniform,batched,8,P4_temporal,71.0
1,3,5,2,uniform,batched,8,P4_temporal,114.0
1,3,5,2,uniform,batched,8,P4_temporal,104.0
1,3,5,2,uniform,batched,8,P4_temporal,110.0
1,3,5,2,uniform,batched,8,P4_temporal,104.0
1,3,5,2,uniform,batched,8,P4_temporal,114.0
1,3,5,2,uniform,batched,8,P4_temporal,133.0
1,3,5,2,uniform,batched,8,P4_temporal,91.0
1,3,5,2,uniform,batched,8,P4_temporal,123.0
1,3,5,2,uniform,batched,8,P4_temporal,100.0
1,3,5,2,uniform,batched,8,P4_temporal,100.0
1,3,5,2,uniform,batched,8,P4_temporal,76.0
1,3,5,2,uniform,batched,8,P4_temporal,118.0
1,3,5,2,uniform,batched,8,P4_temporal,114.0
1,3,5,2,uniform,batched,8,P4_temporal,90.0
1,3,5,2,uniform,batched,8,P4_temporal,76.0
1,3,5,2,uniform,batched,8,P4_temporal,123.0
1,3,5,2,uniform,batched,8,P4_temporal,100.0
1,3,5,2,uniform,batched,8,P4_temporal,104.0
1,3,5,2,uniform,batched,8,P4_temporal,94.0
1,3,5,2,uniform,batched,8,P4_temporal,113.0
1,3,5,2,uniform,batched,8,P4_temporal,114.0
1,3,5,2,uniform,batched,8,P4_temporal,85.0
1,3,5,2,uniform,batched,8,P4_temporal,90.0
1,3,5,2,uniform,batched,8,P4_temporal,104.0
1,3,5,2,uniform,batched,8,P4_temporal,113.0
1,3,5,2,uniform,batched,8,P4_temporal,123.0
1,3,5,2,uniform,batched,8,P4_temporal,128.0
1,3,5,2,uniform,batched,8,P4_temporal,90.0
1,3,5,2,uniform,batched,8,P4_temporal,113.0
1,3,5,2,uniform,batched,8,P4_temporal,71.0
1,3,5,2,uniform,batched,8,P4_temporal,95.0
1,3,5,2,uniform,batched,8,P4_temporal,90.0
1,3,5,2,uniform,batched,8,P4_temporal,128.0
1,3,5,2,uniform,batched,8,P4_temporal,109.0
1,3,5,2,uniform,batched,8,P4_temporal,113.0
1,3,5,2,uniform,batched,8,P4_temporal,100.0
1,3,5,2,uniform,batched,8,P4_temporal,113.0
1,3,5,2,uniform,batched,8,P4_temporal,90.0
1,3,5,2,uniform,batched,8,P4_temporal,114.0
1,3,5,2,uniform,batched,8,P4_temporal,62.0
1,3,5,2,uniform,batched,8,P4_temporal,81.0
1,3,5,2,uniform,batched,8,P4_temporal,108.0
1,3,5,2,uniform,batched,8,P4_temporal,113.0
1,3,5,2,uniform,batched,8,P4_temporal,66.0
1,3,5,2,uniform,batched,8,P4_temporal,114.0
1,3,5,2,uniform,batched,8,P4_temporal,104.0
1,3,5,2,uniform,batched,8,P4_temporal,104.0
1,3,5,2,uniform,batched,8,P4_temporal,95.0
1,3,5,2,uniform,batched,8,P4_temporal,76.0
1,3,5,2,uniform,batched,8,P4_temporal,128.0
1,3,5,2,uniform,batched,8,P4_temporal,108.0
1,3,5,2,uniform,batched,8,P4_temporal,90.0
1,3,5,2,uniform,batched,8,P4_temporal,108.0
1,3,5,2,uniform,batched,8,P4_temporal,95.0
1,3,5,2,uniform,batched,8,P4_temporal,80.0
1,3,5,2,uniform,batched,8,P4_temporal,109.0
1,3,5,2,uniform,batched,8,P4_temporal,108.0
1,3,5,2,uniform,batched,8,P4_temporal,89.0
1,3,5,2,uniform,batched,8,P4_temporal,61.0
1,3,5,2,uniform,batched,8,P4_temporal,114.0
1,3,5,2,uniform,batched,8,P4_temporal,61.0
1,3,5,2,uniform,batched,8,P4_temporal,139.0
1,3,5,2,uniform,batched,8,P4_temporal,134.0
1,3,5,2,uniform,batched,8,P4_temporal,118.0
1,3,5,2,uniform,batched,8,P4_temporal,104.0
1,3,5,2,uniform,batched,8,P4_temporal,94.0
1,3,5,2,uniform,batched,8,P4_temporal,76.0
1,3,5,2,uniform,batched,8,P4_temporal,104.0
1,3,5,2,uniform,batched,8,P4_temporal,114.0
1,3,5,2,uniform,batched,8,P4_temporal,119.0
1,3,5,2,uniform,batched,8,P4_temporal,142.0
1,3,5,2,uniform,batched,8,P4_temporal,113.0
1,3,5,2,uniform,batched,8,P4_temporal,95.0
1,3,5,2,uniform,batched,8,P4_temporal,133.0
1,3,5,2,uniform,batched,8,P4_temporal,124.0
1,3,5,2,uniform,batched,8,P4_temporal,126.0
1,3,5,2,uniform,batched,8,P4_temporal,99.0
1,3,5,2,uniform,batched,8,P4_temporal,85.0
1,3,5,2,uniform,batched,8,P4_temporal,104.0
1,3,5,2,uniform,batched,8,P4_temporal,104.0
1,3,5,2,uniform,batched,8,P4_temporal,100.0
1,3,5,2,uniform,batched,8,P4_temporal,57.0
1,3,5,2,uniform,batched,8,P4_temporal,90.0
1,3,5,2,uniform,batched,8,P4_temporal,95.0
1,3,5,2,uniform,batched,8,P4_temporal,128.0
1,3,5,2,uniform,batched,8,P4_temporal,71.0
1,3,5,2,uniform,batched,8,P4_temporal,128.0
1,3,5,2,uniform,batched,8,P4_temporal,99.0
1,3,5,2,uniform,batched,8,P4_temporal,114.0
1,3,5,2,uniform,batched,8,P4_temporal,119.0
1,3,5,2,uniform,batched,8,P4_temporal,113.0
1,3,5,2,uniform,batched,8,P4_temporal,52.0
1,3,5,2,uniform,batched,8,P4_temporal,118.0
1,3,5,2,uniform,batched,8,P4_temporal,108.0
1,3,5,2,uniform,batched,8,P4_temporal,75.0
1,3,5,2,uniform,batched,8,P4_temporal,118.0
1,3,5,2,uniform,batched,8,P4_temporal,104.0
1,3,5,2,uniform,batched,8,P4_temporal,76.0
1,3,5,2,uniform,batched,8,P4_temporal,71.0
1,3,5,2,uniform,batched,8,P4_temporal,81.0
1,3,5,2,uniform,batched,8,P4_temporal,94.0
1,3,5,2,uniform,batched,8,P4_temporal,118.0
1,3,5,2,uniform,batched,8,P4_temporal,66.0
1,3,5,2,uniform,batched,8,P4_temporal,104.0
1,3,5,2,uniform,batched,8,P4_temporal,99.0
1,3,5,2,uniform,batched,8,P4_temporal,119.0
1,3,5,2,uniform,batched,8,P4_temporal,105.0
1,3,5,2,uniform,batched,8,P4_temporal,99.0
1,3,5,2,uniform,batched,8,P4_temporal,104.0
1,3,5,2,uniform,batched,8,P4_temporal,129.0
1,3,5,2,uniform,batched,8,P4_temporal,90.0
1,3,5,2,uniform,batched,8,P4_temporal,94.0
1,3,5,2,uniform,batched,8,P4_temporal,104.0
1,3,5,2,uniform,batched,8,P4_temporal,99.0
1,3,5,2,uniform,batched,8,P4_temporal,132.0
1,3,5,2,uniform,batched,8,P4_temporal,71.0
1,3,5,2,uniform,batched,8,P4_temporal,81.0
1,3,5,2,uniform,batched,8,P4_temporal,85.0
1,3,5,2,uniform,batched,8,P4_temporal,100.0
1,3,5,2,uniform,batched,8,P4_temporal,123.0
1,3,5,2,uniform,batched,8,P4_temporal,124.0
1,3,5,2,uniform,batched,8,P4_temporal,133.0
1,3,5,2,uniform,batched,8,P4_temporal,85.0
1,3,5,2,uniform,batched,8,P4_temporal,124.0
1,3,5,2,uniform,batched,8,P4_temporal,124.0
1,3,5,2,uniform,batched,8,P4_temporal,114.0
1,3,5,2,uniform,batched,8,P4_temporal,142.0
1,3,5,2,uniform,batched,8,P4_temporal,123.0
1,3,5,2,uniform,batched,8,P4_temporal,142.0
1,3,5,2,uniform,batched,8,P4_temporal,66.0
1,3,5,2,uniform,batched,8,P4_temporal,90.0
1,3,5,2,uniform,batched,8,P4_temporal,109.0
1,3,5,2,uniform,batched,8,P4_temporal,122.0
1,3,5,2,uniform,batched,8,P4_temporal,75.0
1,3,5,2,uniform,batched,8,P4_temporal,104.0
1,3,5,2,uniform,batched,8,P4_temporal,123.0
1,3,5,2,uniform,batched,8,P4_temporal,89.0
1,3,5,2,uniform,batched,8,P4_temporal,113.0
1,3,5,2,uniform,batched,8,P4_temporal,71.0
1,3,5,2,uniform,batched,8,P4_temporal,66.0
1,3,5,2,uniform,batched,8,P4_temporal,95.0
1,3,5,2,uniform,batched,8,P4_temporal,119.0
1,3,5,2,uniform,batched,8,P4_temporal,81.0
1,3,5,2,uniform,batched,8,P4_temporal,118.0
1,3,5,2,uniform,batched,8,P4_temporal,86.0
1,3,5,2,uniform,batched,8,P4_temporal,114.0
1,3,5,2,uniform,batched,8,P4_temporal,113.0
1,3,5,2,uniform,batched,8,P5_phi,75.0
1,3,5,2,uniform,batched,8,P5_phi,95.0
1,3,5,2,uniform,batched,8,P5_phi,71.0
1,3,5,2,uniform,batched,8,P5_phi,110.0
1,3,5,2,uniform,batched,8,P5_phi,52.0
1,3,5,2,uniform,batched,8,P5_phi,71.0
1,3,5,2,uniform,batched,8,P5_phi,89.0
1,3,5,2,uniform,batched,8,P5_phi,52.0
1,3,5,2,uniform,batched,8,P5_phi,114.0
1,3,5,2,uniform,batched,8,P5_phi,90.0
1,3,5,2,uniform,batched,8,P5_phi,109.0
1,3,5,2,uniform,batched,8,P5_phi,93.0
1,3,5,2,uniform,batched,8,P5_phi,57.0
1,3,5,2,uniform,batched,8,P5_phi,113.0
1,3,5,2,uniform,batched,8,P5_phi,95.0
1,3,5,2,uniform,batched,8,P5_phi,93.0
1,3,5,2,uniform,batched,8,P5_phi,38.0
1,3,5,2,uniform,batched,8,P5_phi,99.0
1,3,5,2,uniform,batched,8,P5_phi,114.0
1,3,5,2,uniform,batched,8,P5_phi,90.0
1,3,5,2,uniform,batched,8,P5_phi,57.0
1,3,5,2,uniform,batched,8,P5_phi,52.0
1,3,5,2,uniform,batched,8,P5_phi,95.0
1,3,5,2,uniform,batched,8,P5_phi,66.0
1,3,5,2,uniform,batched,8,P5_phi,104.0
1,3,5,2,uniform,batched,8,P5_phi,90.0
1,3,5,2,uniform,batched,8,P5_phi,61.0
1,3,5,2,uniform,batched,8,P5_phi,114.0
1,3,5,2,uniform,batched,8,P5_phi,85.0
1,3,5,2,uniform,batched,8,P5_phi,95.0
1,3,5,2,uniform,batched,8,P5_phi,100.0
1,3,5,2,uniform,batched,8,P5_phi,81.0
1,3,5,2,uniform,batched,8,P5_phi,57.0
1,3,5,2,uniform,batched,8,P5_phi,99.0
1,3,5,2,uniform,batched,8,P5_phi,95.0
1,3,5,2,uniform,batched,8,P5_phi,75.0
1,3,5,2,uniform,batched,8,P5_phi,81.0
1,3,5,2,uniform,batched,8,P5_phi,85.0
1,3,5,2,uniform,batched,8,P5_phi,104.0
1,3,5,2,uniform,batched,8,P5_phi,86.0
1,3,5,2,uniform,batched,8,P5_phi,90.0
1,3,5,2,uniform,batched,8,P5_phi,81.0
1,3,5,2,uniform,batched,8,P5_phi,99.0
1,3,5,2,uniform,batched,8,P5_phi,95.0
1,3,5,2,uniform,batched,8,P5_phi,86.0
1,3,5,2,uniform,batched,8,P5_phi,99.0
1,3,5,2,uniform,batched,8,P5_phi,52.0
1,3,5,2,uniform,batched,8,P5_phi,90.0
1,3,5,2,uniform,batched,8,P5_phi,66.0
1,3,5,2,uniform,batched,8,P5_phi,100.0
1,3,5,2,uniform,batched,8,P5_phi,95.0
1,3,5,2,uniform,batched,8,P5_phi,52.0
1,3,5,2,uniform,batched,8,P5_phi,62.0
1,3,5,2,uniform,batched,8,P5_phi,52.0
1,3,5,2,uniform,batched,8,P5_phi,76.0
1,3,5,2,uniform,batched,8,P5_phi,76.0
1,3,5,2,uniform,batched,8,P5_phi,99.0
1,3,5,2,uniform,batched,8,P5_phi,100.0
1,3,5,2,uniform,batched,8,P5_phi,95.0
1,3,5,2,uniform,batched,8,P5_phi,61.0
1,3,5,2,uniform,batched,8,P5_phi,95.0
1,3,5,2,uniform,batched,8,P5_phi,104.0
1,3,5,2,uniform,batched,8,P5_phi,144.0
1,3,5,2,uniform,batched,8,P5_phi,119.0
1,3,5,2,uniform,batched,8,P5_phi,52.0
1,3,5,2,uniform,batched,8,P5_phi,76.0
1,3,5,2,uniform,batched,8,P5_phi,94.0
1,3,5,2,uniform,batched,8,P5_phi,124.0
1,3,5,2,uniform,batched,8,P5_phi,90.0
1,3,5,2,uniform,batched,8,P5_phi,66.0
1,3,5,2,uniform,batched,8,P5_phi,104.0
1,3,5,2,uniform,batched,8,P5_phi,162.0
1,3,5,2,uniform,batched,8,P5_phi,113.0
1,3,5,2,uniform,batched,8,P5_phi,138.0
1,3,5,2,uniform,batched,8,P5_phi,113.0
1,3,5,2,uniform,batched,8,P5_phi,99.0
1,3,5,2,uniform,batched,8,P5_phi,99.0
1,3,5,2,uniform,batched,8,P5_phi,52.0
1,3,5,2,uniform,batched,8,P5_phi,66.0
1,3,5,2,uniform,batched,8,P5_phi,139.0
1,3,5,2,uniform,batched,8,P5_phi,71.0
1,3,5,2,uniform,batched,8,P5_phi,99.0
1,3,5,2,uniform,batched,8,P5_phi,95.0
1,3,5,2,uniform,batched,8,P5_phi,95.0
1,3,5,2,uniform,batched,8,P5_phi,66.0
1,3,5,2,uniform,batched,8,P5_phi,104.0
1,3,5,2,uniform,batched,8,P5_phi,76.0
1,3,5,2,uniform,batched,8,P5_phi,57.0
1,3,5,2,uniform,batched,8,P5_phi,85.0
1,3,5,2,uniform,batched,8,P5_phi,109.0
1,3,5,2,uniform,batched,8,P5_phi,66.0
1,3,5,2,uniform,batched,8,P5_phi,114.0
1,3,5,2,uniform,batched,8,P5_phi,114.0
1,3,5,2,uniform,batched,8,P5_phi,94.0
1,3,5,2,uniform,batched,8,P5_phi,66.0
1,3,5,2,uniform,batched,8,P5_phi,105.0
1,3,5,2,uniform,batched,8,P5_phi,118.0
1,3,5,2,uniform,batched,8,P5_phi,103.0
1,3,5,2,uniform,batched,8,P5_phi,123.0
1,3,5,2,uniform,batched,8,P5_phi,95.0
1,3,5,2,uniform,batched,8,P5_phi,62.0
1,3,5,2,uniform,batched,8,P5_phi,95.0
1,3,5,2,uniform,batched,8,P5_phi,99.0
1,3,5,2,uniform,batched,8,P5_phi,95.0
1,3,5,2,uniform,batched,8,P5_phi,95.0
1,3,5,2,uniform,batched,8,P5_phi,100.0
1,3,5,2,uniform,batched,8,P5_phi,104.0
1,3,5,2,uniform,batched,8,P5_phi,94.0
1,3,5,2,uniform,batched,8,P5_phi,100.0
1,3,5,2,uniform,batched,8,P5_phi,104.0
1,3,5,2,uniform,batched,8,P5_phi,99.0
1,3,5,2,uniform,batched,8,P5_phi,129.0
1,3,5,2,uniform,batched,8,P5_phi,71.0
1,3,5,2,uniform,batched,8,P5_phi,91.0
1,3,5,2,uniform,batched,8,P5_phi,89.0
1,3,5,2,uniform,batched,8,P5_phi,66.0
1,3,5,2,uniform,batched,8,P5_phi,52.0
1,3,5,2,uniform,batched,8,P5_phi,95.0
1,3,5,2,uniform,batched,8,P5_phi,75.0
1,3,5,2,uniform,batched,8,P5_phi,61.0
1,3,5,2,uniform,batched,8,P5_phi,114.0
1,3,5,2,uniform,batched,8,P5_phi,85.0
1,3,5,2,uniform,batched,8,P5_phi,99.0
1,3,5,2,uniform,batched,8,P5_phi,124.0
1,3,5,2,uniform,batched,8,P5_phi,99.0
1,3,5,2,uniform,batched,8,P5_phi,61.0
1,3,5,2,uniform,batched,8,P5_phi,80.0
1,3,5,2,uniform,batched,8,P5_phi,100.0
1,3,5,2,uniform,batched,8,P5_phi,71.0
1,3,5,2,uniform,batched,8,P5_phi,52.0
1,3,5,2,uniform,batched,8,P5_phi,89.0
1,3,5,2,uniform,batched,8,P5_phi,100.0
1,3,5,2,uniform,batched,8,P5_phi,76.0
1,3,5,2,uniform,batched,8,P5_phi,71.0
1,3,5,2,uniform,batched,8,P5_phi,104.0
1,3,5,2,uniform,batched,8,P5_phi,67.0
1,3,5,2,uniform,batched,8,P5_phi,66.0
1,3,5,2,uniform,batched,8,P5_phi,95.0
1,3,5,2,uniform,batched,8,P5_phi,93.0
1,3,5,2,uniform,batched,8,P5_phi,104.0
1,3,5,2,uniform,batched,8,P5_phi,66.0
1,3,5,2,uniform,batched,8,P5_phi,94.0
1,3,5,2,uniform,batched,8,P5_phi,104.0
1,3,5,2,uniform,batched,8,P5_phi,71.0
1,3,5,2,uniform,batched,8,P5_phi,95.0
1,3,5,2,uniform,batched,8,P5_phi,100.0
1,3,5,2,uniform,batched,8,P5_phi,95.0
1,3,5,2,uniform,batched,8,P5_phi,95.0
1,3,5,2,uniform,batched,8,P5_phi,62.0
1,3,5,2,uniform,batched,8,P5_phi,57.0
1,3,5,2,uniform,batched,8,P5_phi,109.0
1,3,5,2,uniform,batched,8,P5_phi,109.0
1,3,5,2,uniform,batched,8,P5_phi,66.0
1,3,5,2,uniform,batched,8,P5_phi,94.0
1,3,5,2,uniform,batched,8,P5_phi,76.0
1,3,5,2,uniform,batched,8,P5_phi,95.0
1,3,5,2,uniform,batched,8,P5_phi,80.0
1,3,5,2,uniform,batched,8,P5_phi,91.0
1,3,5,2,uniform,batched,8,P5_phi,76.0
1,3,5,2,uniform,batched,8,P5_phi,52.0
1,3,5,2,uniform,batched,8,P5_phi,75.0
1,3,5,2,uniform,batched,8,P5_phi,86.0
1,3,5,2,uniform,batched,8,P5_phi,119.0
1,3,5,2,uniform,batched,8,P5_phi,99.0
1,3,5,2,uniform,batched,8,P5_phi,127.0
1,3,5,2,uniform,batched,8,P5_phi,76.0
1,3,5,2,uniform,batched,8,P5_phi,76.0
1,3,5,2,uniform,batched,8,P5_phi,118.0
1,3,5,2,uniform,batched,8,P5_phi,109.0
1,3,5,2,uniform,batched,8,P5_phi,113.0
1,3,5,2,uniform,batched,8,P5_phi,71.0
1,3,5,2,uniform,batched,8,P5_phi,94.0
1,3,5,2,uniform,batched,8,P5_phi,109.0
1,3,5,2,uniform,batched,8,P5_phi,71.0
1,3,5,2,uniform,batched,8,P5_phi,89.0
1,3,5,2,uniform,batched,8,P5_phi,99.0
1,3,5,2,uniform,batched,8,P5_phi,80.0
1,3,5,2,uniform,batched,8,P5_phi,109.0
1,3,5,2,uniform,batched,8,P5_phi,118.0
1,3,5,2,uniform,batched,8,P5_phi,61.0
1,3,5,2,uniform,batched,8,P5_phi,104.0
1,3,5,2,uniform,batched,8,P5_phi,70.0
1,3,5,2,uniform,batched,8,P5_phi,93.0
1,3,5,2,uniform,batched,8,P5_phi,114.0
1,3,5,2,uniform,batched,8,P5_phi,100.0
1,3,5,2,uniform,batched,8,P5_phi,52.0
1,3,5,2,uniform,batched,8,P5_phi,95.0
1,3,5,2,uniform,batched,8,P5_phi,142.0
1,3,5,2,uniform,batched,8,P5_phi,71.0
1,3,5,2,uniform,batched,8,P5_phi,76.0
1,3,5,2,uniform,batched,8,P5_phi,142.0
1,3,5,2,uniform,batched,8,P5_phi,57.0
1,3,5,2,uniform,batched,8,P5_phi,72.0
1,3,5,2,uniform,batched,8,P5_phi,118.0
1,3,5,2,uniform,batched,8,P5_phi,139.0
1,3,5,2,uniform,batched,8,P5_phi,76.0
1,3,5,2,uniform,batched,8,P5_phi,118.0
1,3,5,2,uniform,batched,8,P5_phi,162.0
1,3,5,2,uniform,batched,8,P5_phi,76.0
1,3,5,2,uniform,batched,8,P5_phi,95.0
1,3,5,2,uniform,batched,8,P6_spo_tree,114.0
1,3,5,2,uniform,batched,8,P6_spo_tree,109.0
1,3,5,2,uniform,batched,8,P6_spo_tree,114.0
1,3,5,2,uniform,batched,8,P6_spo_tree,80.0
1,3,5,2,uniform,batched,8,P6_spo_tree,66.0
1,3,5,2,uniform,batched,8,P6_spo_tree,114.0
1,3,5,2,uniform,batched,8,P6_spo_tree,90.0
1,3,5,2,uniform,batched,8,P6_spo_tree,118.0
1,3,5,2,uniform,batched,8,P6_spo_tree,94.0
1,3,5,2,uniform,batched,8,P6_spo_tree,100.0
1,3,5,2,uniform,batched,8,P6_spo_tree,133.0
1,3,5,2,uniform,batched,8,P6_spo_tree,100.0
1,3,5,2,uniform,batched,8,P6_spo_tree,94.0
1,3,5,2,uniform,batched,8,P6_spo_tree,80.0
1,3,5,2,uniform,batched,8,P6_spo_tree,94.0
1,3,5,2,uniform,batched,8,P6_spo_tree,114.0
1,3,5,2,uniform,batched,8,P6_spo_tree,104.0
1,3,5,2,uniform,batched,8,P6_spo_tree,89.0
1,3,5,2,uniform,batched,8,P6_spo_tree,119.0
1,3,5,2,uniform,batched,8,P6_spo_tree,104.0
1,3,5,2,uniform,batched,8,P6_spo_tree,110.0
1,3,5,2,uniform,batched,8,P6_spo_tree,143.0
1,3,5,2,uniform,batched,8,P6_spo_tree,104.0
1,3,5,2,uniform,batched,8,P6_spo_tree,95.0
1,3,5,2,uniform,batched,8,P6_spo_tree,89.0
1,3,5,2,uniform,batched,8,P6_spo_tree,162.0
1,3,5,2,uniform,batched,8,P6_spo_tree,118.0
1,3,5,2,uniform,batched,8,P6_spo_tree,61.0
1,3,5,2,uniform,batched,8,P6_spo_tree,119.0
1,3,5,2,uniform,batched,8,P6_spo_tree,91.0
1,3,5,2,uniform,batched,8,P6_spo_tree,94.0
1,3,5,2,uniform,batched,8,P6_spo_tree,104.0
1,3,5,2,uniform,batched,8,P6_spo_tree,119.0
1,3,5,2,uniform,batched,8,P6_spo_tree,80.0
1,3,5,2,uniform,batched,8,P6_spo_tree,113.0
1,3,5,2,uniform,batched,8,P6_spo_tree,75.0
1,3,5,2,uniform,batched,8,P6_spo_tree,100.0
1,3,5,2,uniform,batched,8,P6_spo_tree,99.0
1,3,5,2,uniform,batched,8,P6_spo_tree,66.0
1,3,5,2,uniform,batched,8,P6_spo_tree,95.0
1,3,5,2,uniform,batched,8,P6_spo_tree,104.0
1,3,5,2,uniform,batched,8,P6_spo_tree,113.0
1,3,5,2,uniform,batched,8,P6_spo_tree,76.0
1,3,5,2,uniform,batched,8,P6_spo_tree,99.0
1,3,5,2,uniform,batched,8,P6_spo_tree,114.0
1,3,5,2,uniform,batched,8,P6_spo_tree,100.0
1,3,5,2,uniform,batched,8,P6_spo_tree,119.0
1,3,5,2,uniform,batched,8,P6_spo_tree,109.0
1,3,5,2,uniform,batched,8,P6_spo_tree,93.0
1,3,5,2,uniform,batched,8,P6_spo_tree,104.0
1,3,5,2,uniform,batched,8,P6_spo_tree,100.0
1,3,5,2,uniform,batched,8,P6_spo_tree,148.0
1,3,5,2,uniform,batched,8,P6_spo_tree,66.0
1,3,5,2,uniform,batched,8,P6_spo_tree,132.0
1,3,5,2,uniform,batched,8,P6_spo_tree,99.0
1,3,5,2,uniform,batched,8,P6_spo_tree,95.0
1,3,5,2,uniform,batched,8,P6_spo_tree,148.0
1,3,5,2,uniform,batched,8,P6_spo_tree,104.0
1,3,5,2,uniform,batched,8,P6_spo_tree,118.0
1,3,5,2,uniform,batched,8,P6_spo_tree,109.0
1,3,5,2,uniform,batched,8,P6_spo_tree,86.0
1,3,5,2,uniform,batched,8,P6_spo_tree,52.0
1,3,5,2,uniform,batched,8,P6_spo_tree,109.0
1,3,5,2,uniform,batched,8,P6_spo_tree,76.0
1,3,5,2,uniform,batched,8,P6_spo_tree,71.0
1,3,5,2,uniform,batched,8,P6_spo_tree,119.0
1,3,5,2,uniform,batched,8,P6_spo_tree,95.0
1,3,5,2,uniform,batched,8,P6_spo_tree,61.0
1,3,5,2,uniform,batched,8,P6_spo_tree,100.0
1,3,5,2,uniform,batched,8,P6_spo_tree,86.0
1,3,5,2,uniform,batched,8,P6_spo_tree,109.0
1,3,5,2,uniform,batched,8,P6_spo_tree,71.0
1,3,5,2,uniform,batched,8,P6_spo_tree,124.0
1,3,5,2,uniform,batched,8,P6_spo_tree,113.0
1,3,5,2,uniform,batched,8,P6_spo_tree,86.0
1,3,5,2,uniform,batched,8,P6_spo_tree,81.0
1,3,5,2,uniform,batched,8,P6_spo_tree,81.0
1,3,5,2,uniform,batched,8,P6_spo_tree,104.0
1,3,5,2,uniform,batched,8,P6_spo_tree,142.0
1,3,5,2,uniform,batched,8,P6_spo_tree,132.0
1,3,5,2,uniform,batched,8,P6_spo_tree,90.0
1,3,5,2,uniform,batched,8,P6_spo_tree,104.0
1,3,5,2,uniform,batched,8,P6_spo_tree,95.0
1,3,5,2,uniform,batched,8,P6_spo_tree,99.0
1,3,5,2,uniform,batched,8,P6_spo_tree,90.0
1,3,5,2,uniform,batched,8,P6_spo_tree,100.0
1,3,5,2,uniform,batched,8,P6_spo_tree,98.0
1,3,5,2,uniform,batched,8,P6_spo_tree,86.0
1,3,5,2,uniform,batched,8,P6_spo_tree,104.0
1,3,5,2,uniform,batched,8,P6_spo_tree,114.0
1,3,5,2,uniform,batched,8,P6_spo_tree,104.0
1,3,5,2,uniform,batched,8,P6_spo_tree,114.0
1,3,5,2,uniform,batched,8,P6_spo_tree,104.0
1,3,5,2,uniform,batched,8,P6_spo_tree,104.0
1,3,5,2,uniform,batched,8,P6_spo_tree,81.0
1,3,5,2,uniform,batched,8,P6_spo_tree,81.0
1,3,5,2,uniform,batched,8,P6_spo_tree,95.0
1,3,5,2,uniform,batched,8,P6_spo_tree,123.0
1,3,5,2,uniform,batched,8,P6_spo_tree,100.0
1,3,5,2,uniform,batched,8,P6_spo_tree,95.0
1,3,5,2,uniform,batched,8,P6_spo_tree,71.0
1,3,5,2,uniform,batched,8,P6_spo_tree,142.0
1,3,5,2,uniform,batched,8,P6_spo_tree,100.0
1,3,5,2,uniform,batched,8,P6_spo_tree,71.0
1,3,5,2,uniform,batched,8,P6_spo_tree,108.0
1,3,5,2,uniform,batched,8,P6_spo_tree,85.0
1,3,5,2,uniform,batched,8,P6_spo_tree,95.0
1,3,5,2,uniform,batched,8,P6_spo_tree,71.0
1,3,5,2,uniform,batched,8,P6_spo_tree,95.0
1,3,5,2,uniform,batched,8,P6_spo_tree,104.0
1,3,5,2,uniform,batched,8,P6_spo_tree,108.0
1,3,5,2,uniform,batched,8,P6_spo_tree,71.0
1,3,5,2,uniform,batched,8,P6_spo_tree,113.0
1,3,5,2,uniform,batched,8,P6_spo_tree,81.0
1,3,5,2,uniform,batched,8,P6_spo_tree,99.0
1,3,5,2,uniform,batched,8,P6_spo_tree,71.0
1,3,5,2,uniform,batched,8,P6_spo_tree,113.0
1,3,5,2,uniform,batched,8,P6_spo_tree,66.0
1,3,5,2,uniform,batched,8,P6_spo_tree,99.0
1,3,5,2,uniform,batched,8,P6_spo_tree,104.0
1,3,5,2,uniform,batched,8,P6_spo_tree,66.0
1,3,5,2,uniform,batched,8,P6_spo_tree,100.0
1,3,5,2,uniform,batched,8,P6_spo_tree,80.0
1,3,5,2,uniform,batched,8,P6_spo_tree,80.0
1,3,5,2,uniform,batched,8,P6_spo_tree,74.0
1,3,5,2,uniform,batched,8,P6_spo_tree,104.0
1,3,5,2,uniform,batched,8,P6_spo_tree,71.0
1,3,5,2,uniform,batched,8,P6_spo_tree,71.0
1,3,5,2,uniform,batched,8,P6_spo_tree,94.0
1,3,5,2,uniform,batched,8,P6_spo_tree,75.0
1,3,5,2,uniform,batched,8,P6_spo_tree,142.0
1,3,5,2,uniform,batched,8,P6_spo_tree,76.0
1,3,5,2,uniform,batched,8,P6_spo_tree,80.0
1,3,5,2,uniform,batched,8,P6_spo_tree,124.0
1,3,5,2,uniform,batched,8,P6_spo_tree,118.0
1,3,5,2,uniform,batched,8,P6_spo_tree,133.0
1,3,5,2,uniform,batched,8,P6_spo_tree,104.0
1,3,5,2,uniform,batched,8,P6_spo_tree,104.0
1,3,5,2,uniform,batched,8,P6_spo_tree,100.0
1,3,5,2,uniform,batched,8,P6_spo_tree,104.0
1,3,5,2,uniform,batched,8,P6_spo_tree,99.0
1,3,5,2,uniform,batched,8,P6_spo_tree,114.0
1,3,5,2,uniform,batched,8,P6_spo_tree,76.0
1,3,5,2,uniform,batched,8,P6_spo_tree,76.0
1,3,5,2,uniform,batched,8,P6_spo_tree,99.0
1,3,5,2,uniform,batched,8,P6_spo_tree,61.0
1,3,5,2,uniform,batched,8,P6_spo_tree,76.0
1,3,5,2,uniform,batched,8,P6_spo_tree,105.0
1,3,5,2,uniform,batched,8,P6_spo_tree,84.0
1,3,5,2,uniform,batched,8,P6_spo_tree,71.0
1,3,5,2,uniform,batched,8,P6_spo_tree,74.0
1,3,5,2,uniform,batched,8,P6_spo_tree,109.0
1,3,5,2,uniform,batched,8,P6_spo_tree,99.0
1,3,5,2,uniform,batched,8,P6_spo_tree,47.0
1,3,5,2,uniform,batched,8,P6_spo_tree,90.0
1,3,5,2,uniform,batched,8,P6_spo_tree,90.0
1,3,5,2,uniform,batched,8,P6_spo_tree,109.0
1,3,5,2,uniform,batched,8,P6_spo_tree,118.0
1,3,5,2,uniform,batched,8,P6_spo_tree,99.0
1,3,5,2,uniform,batched,8,P6_spo_tree,109.0
1,3,5,2,uniform,batched,8,P6_spo_tree,104.0
1,3,5,2,uniform,batched,8,P6_spo_tree,76.0
1,3,5,2,uniform,batched,8,P6_spo_tree,99.0
1,3,5,2,uniform,batched,8,P6_spo_tree,122.0
1,3,5,2,uniform,batched,8,P6_spo_tree,99.0
1,3,5,2,uniform,batched,8,P6_spo_tree,94.0
1,3,5,2,uniform,batched,8,P6_spo_tree,109.0
1,3,5,2,uniform,batched,8,P6_spo_tree,76.0
1,3,5,2,uniform,batched,8,P6_spo_tree,100.0
1,3,5,2,uniform,batched,8,P6_spo_tree,66.0
1,3,5,2,uniform,batched,8,P6_spo_tree,75.0
1,3,5,2,uniform,batched,8,P6_spo_tree,80.0
1,3,5,2,uniform,batched,8,P6_spo_tree,123.0
1,3,5,2,uniform,batched,8,P6_spo_tree,108.0
1,3,5,2,uniform,batched,8,P6_spo_tree,148.0
1,3,5,2,uniform,batched,8,P6_spo_tree,115.0
1,3,5,2,uniform,batched,8,P6_spo_tree,147.0
1,3,5,2,uniform,batched,8,P6_spo_tree,80.0
1,3,5,2,uniform,batched,8,P6_spo_tree,95.0
1,3,5,2,uniform,batched,8,P6_spo_tree,128.0
1,3,5,2,uniform,batched,8,P6_spo_tree,114.0
1,3,5,2,uniform,batched,8,P6_spo_tree,109.0
1,3,5,2,uniform,batched,8,P6_spo_tree,109.0
1,3,5,2,uniform,batched,8,P6_spo_tree,100.0
1,3,5,2,uniform,batched,8,P6_spo_tree,99.0
1,3,5,2,uniform,batched,8,P6_spo_tree,86.0
1,3,5,2,uniform,batched,8,P6_spo_tree,147.0
1,3,5,2,uniform,batched,8,P6_spo_tree,109.0
1,3,5,2,uniform,batched,8,P6_spo_tree,81.0
1,3,5,2,uniform,batched,8,P6_spo_tree,90.0
1,3,5,2,uniform,batched,8,P6_spo_tree,99.0
1,3,5,2,uniform,batched,8,P6_spo_tree,71.0
1,3,5,2,uniform,batched,8,P6_spo_tree,80.0
1,3,5,2,uniform,batched,8,P6_spo_tree,94.0
1,3,5,2,uniform,batched,8,P6_spo_tree,81.0
1,3,5,2,uniform,batched,8,P6_spo_tree,105.0
1,3,5,2,uniform,batched,8,P6_spo_tree,66.0
1,3,5,2,uniform,batched,8,P6_spo_tree,104.0
1,3,5,2,uniform,batched,8,P6_spo_tree,113.0
1,3,5,2,uniform,batched,8,P6_spo_tree,57.0
1,3,5,2,uniform,batched,30,P0_random,450.0
1,3,5,2,uniform,batched,30,P0_random,421.0
1,3,5,2,uniform,batched,30,P0_random,309.0
1,3,5,2,uniform,batched,30,P0_random,264.0
1,3,5,2,uniform,batched,30,P0_random,399.0
1,3,5,2,uniform,batched,30,P0_random,360.0
1,3,5,2,uniform,batched,30,P0_random,314.0
1,3,5,2,uniform,batched,30,P0_random,344.0
1,3,5,2,uniform,batched,30,P0_random,374.0
1,3,5,2,uniform,batched,30,P0_random,330.0
1,3,5,2,uniform,batched,30,P0_random,352.0
1,3,5,2,uniform,batched,30,P0_random,387.0
1,3,5,2,uniform,batched,30,P0_random,395.0
1,3,5,2,uniform,batched,30,P0_random,318.0
1,3,5,2,uniform,batched,30,P0_random,396.0
1,3,5,2,uniform,batched,30,P0_random,333.0
1,3,5,2,uniform,batched,30,P0_random,333.0
1,3,5,2,uniform,batched,30,P0_random,259.0
1,3,5,2,uniform,batched,30,P0_random,339.0
1,3,5,2,uniform,batched,30,P0_random,382.0
1,3,5,2,uniform,batched,30,P0_random,295.0
1,3,5,2,uniform,batched,30,P0_random,321.0
1,3,5,2,uniform,batched,30,P0_random,377.0
1,3,5,2,uniform,batched,30,P0_random,331.0
1,3,5,2,uniform,batched,30,P0_random,308.0
1,3,5,2,uniform,batched,30,P0_random,400.0
1,3,5,2,uniform,batched,30,P0_random,331.0
1,3,5,2,uniform,batched,30,P0_random,410.0
1,3,5,2,uniform,batched,30,P0_random,351.0
1,3,5,2,uniform,batched,30,P0_random,352.0
1,3,5,2,uniform,batched,30,P0_random,315.0
1,3,5,2,uniform,batched,30,P0_random,311.0
1,3,5,2,uniform,batched,30,P0_random,358.0
1,3,5,2,uniform,batched,30,P0_random,377.0
1,3,5,2,uniform,batched,30,P0_random,345.0
1,3,5,2,uniform,batched,30,P0_random,254.0
1,3,5,2,uniform,batched,30,P0_random,271.0
1,3,5,2,uniform,batched,30,P0_random,397.0
1,3,5,2,uniform,batched,30,P0_random,346.0
1,3,5,2,uniform,batched,30,P0_random,293.0
1,3,5,2,uniform,batched,30,P0_random,342.0
1,3,5,2,uniform,batched,30,P0_random,263.0
1,3,5,2,uniform,batched,30,P0_random,284.0
1,3,5,2,uniform,batched,30,P0_random,291.0
1,3,5,2,uniform,batched,30,P0_random,332.0
1,3,5,2,uniform,batched,30,P0_random,362.0
1,3,5,2,uniform,batched,30,P0_random,361.0
1,3,5,2,uniform,batched,30,P0_random,253.0
1,3,5,2,uniform,batched,30,P0_random,364.0
1,3,5,2,uniform,batched,30,P0_random,286.0
1,3,5,2,uniform,batched,30,P0_random,335.0
1,3,5,2,uniform,batched,30,P0_random,316.0
1,3,5,2,uniform,batched,30,P0_random,388.0
1,3,5,2,uniform,batched,30,P0_random,357.0
1,3,5,2,uniform,batched,30,P0_random,356.0
1,3,5,2,uniform,batched,30,P0_random,316.0
1,3,5,2,uniform,batched,30,P0_random,360.0
1,3,5,2,uniform,batched,30,P0_random,428.0
1,3,5,2,uniform,batched,30,P0_random,365.0
1,3,5,2,uniform,batched,30,P0_random,320.0
1,3,5,2,uniform,batched,30,P0_random,311.0
1,3,5,2,uniform,batched,30,P0_random,394.0
1,3,5,2,uniform,batched,30,P0_random,291.0
1,3,5,2,uniform,batched,30,P0_random,327.0
1,3,5,2,uniform,batched,30,P0_random,341.0
1,3,5,2,uniform,batched,30,P0_random,336.0
1,3,5,2,uniform,batched,30,P0_random,279.0
1,3,5,2,uniform,batched,30,P0_random,382.0
1,3,5,2,uniform,batched,30,P0_random,385.0
1,3,5,2,uniform,batched,30,P0_random,354.0
1,3,5,2,uniform,batched,30,P0_random,332.0
1,3,5,2,uniform,batched,30,P0_random,312.0
1,3,5,2,uniform,batched,30,P0_random,346.0
1,3,5,2,uniform,batched,30,P0_random,388.0
1,3,5,2,uniform,batched,30,P0_random,327.0
1,3,5,2,uniform,batched,30,P0_random,307.0
1,3,5,2,uniform,batched,30,P0_random,322.0
1,3,5,2,uniform,batched,30,P0_random,443.0
1,3,5,2,uniform,batched,30,P0_random,344.0
1,3,5,2,uniform,batched,30,P0_random,346.0
1,3,5,2,uniform,batched,30,P0_random,386.0
1,3,5,2,uniform,batched,30,P0_random,373.0
1,3,5,2,uniform,batched,30,P0_random,341.0
1,3,5,2,uniform,batched,30,P0_random,333.0
1,3,5,2,uniform,batched,30,P0_random,380.0
1,3,5,2,uniform,batched,30,P0_random,363.0
1,3,5,2,uniform,batched,30,P0_random,327.0
1,3,5,2,uniform,batched,30,P0_random,235.0
1,3,5,2,uniform,batched,30,P0_random,322.0
1,3,5,2,uniform,batched,30,P0_random,359.0
1,3,5,2,uniform,batched,30,P0_random,332.0
1,3,5,2,uniform,batched,30,P0_random,298.0
1,3,5,2,uniform,batched,30,P0_random,345.0
1,3,5,2,uniform,batched,30,P0_random,422.0
1,3,5,2,uniform,batched,30,P0_random,317.0
1,3,5,2,uniform,batched,30,P0_random,350.0
1,3,5,2,uniform,batched,30,P0_random,352.0
1,3,5,2,uniform,batched,30,P0_random,315.0
1,3,5,2,uniform,batched,30,P0_random,415.0
1,3,5,2,uniform,batched,30,P0_random,267.0
1,3,5,2,uniform,batched,30,P0_random,311.0
1,3,5,2,uniform,batched,30,P0_random,369.0
1,3,5,2,uniform,batched,30,P0_random,365.0
1,3,5,2,uniform,batched,30,P0_random,350.0
1,3,5,2,uniform,batched,30,P0_random,358.0
1,3,5,2,uniform,batched,30,P0_random,365.0
1,3,5,2,uniform,batched,30,P0_random,334.0
1,3,5,2,uniform,batched,30,P0_random,363.0
1,3,5,2,uniform,batched,30,P0_random,395.0
1,3,5,2,uniform,batched,30,P0_random,287.0
1,3,5,2,uniform,batched,30,P0_random,382.0
1,3,5,2,uniform,batched,30,P0_random,387.0
1,3,5,2,uniform,batched,30,P0_random,326.0
1,3,5,2,uniform,batched,30,P0_random,345.0
1,3,5,2,uniform,batched,30,P0_random,327.0
1,3,5,2,uniform,batched,30,P0_random,378.0
1,3,5,2,uniform,batched,30,P0_random,374.0
1,3,5,2,uniform,batched,30,P0_random,358.0
1,3,5,2,uniform,batched,30,P0_random,279.0
1,3,5,2,uniform,batched,30,P0_random,319.0
1,3,5,2,uniform,batched,30,P0_random,435.0
1,3,5,2,uniform,batched,30,P0_random,366.0
1,3,5,2,uniform,batched,30,P0_random,235.0
1,3,5,2,uniform,batched,30,P0_random,397.0
1,3,5,2,uniform,batched,30,P0_random,340.0
1,3,5,2,uniform,batched,30,P0_random,425.0
1,3,5,2,uniform,batched,30,P0_random,301.0
1,3,5,2,uniform,batched,30,P0_random,340.0
1,3,5,2,uniform,batched,30,P0_random,349.0
1,3,5,2,uniform,batched,30,P0_random,403.0
1,3,5,2,uniform,batched,30,P0_random,287.0
1,3,5,2,uniform,batched,30,P0_random,330.0
1,3,5,2,uniform,batched,30,P0_random,289.0
1,3,5,2,uniform,batched,30,P0_random,275.0
1,3,5,2,uniform,batched,30,P0_random,317.0
1,3,5,2,uniform,batched,30,P0_random,340.0
1,3,5,2,uniform,batched,30,P0_random,334.0
1,3,5,2,uniform,batched,30,P0_random,270.0
1,3,5,2,uniform,batched,30,P0_random,331.0
1,3,5,2,uniform,batched,30,P0_random,336.0
1,3,5,2,uniform,batched,30,P0_random,345.0
1,3,5,2,uniform,batched,30,P0_random,321.0
1,3,5,2,uniform,batched,30,P0_random,322.0
1,3,5,2,uniform,batched,30,P0_random,269.0
1,3,5,2,uniform,batched,30,P0_random,346.0
1,3,5,2,uniform,batched,30,P0_random,382.0
1,3,5,2,uniform,batched,30,P0_random,464.0
1,3,5,2,uniform,batched,30,P0_random,336.0
1,3,5,2,uniform,batched,30,P0_random,253.0
1,3,5,2,uniform,batched,30,P0_random,362.0
1,3,5,2,uniform,batched,30,P0_random,336.0
1,3,5,2,uniform,batched,30,P0_random,357.0
1,3,5,2,uniform,batched,30,P0_random,397.0
1,3,5,2,uniform,batched,30,P0_random,317.0
1,3,5,2,uniform,batched,30,P0_random,402.0
1,3,5,2,uniform,batched,30,P0_random,355.0
1,3,5,2,uniform,batched,30,P0_random,358.0
1,3,5,2,uniform,batched,30,P0_random,356.0
1,3,5,2,uniform,batched,30,P0_random,364.0
1,3,5,2,uniform,batched,30,P0_random,312.0
1,3,5,2,uniform,batched,30,P0_random,330.0
1,3,5,2,uniform,batched,30,P0_random,382.0
1,3,5,2,uniform,batched,30,P0_random,344.0
1,3,5,2,uniform,batched,30,P0_random,348.0
1,3,5,2,uniform,batched,30,P0_random,348.0
1,3,5,2,uniform,batched,30,P0_random,331.0
1,3,5,2,uniform,batched,30,P0_random,356.0
1,3,5,2,uniform,batched,30,P0_random,334.0
1,3,5,2,uniform,batched,30,P0_random,406.0
1,3,5,2,uniform,batched,30,P0_random,336.0
1,3,5,2,uniform,batched,30,P0_random,308.0
1,3,5,2,uniform,batched,30,P0_random,346.0
1,3,5,2,uniform,batched,30,P0_random,426.0
1,3,5,2,uniform,batched,30,P0_random,321.0
1,3,5,2,uniform,batched,30,P0_random,370.0
1,3,5,2,uniform,batched,30,P0_random,369.0
1,3,5,2,uniform,batched,30,P0_random,377.0
1,3,5,2,uniform,batched,30,P0_random,353.0
1,3,5,2,uniform,batched,30,P0_random,359.0
1,3,5,2,uniform,batched,30,P0_random,305.0
1,3,5,2,uniform,batched,30,P0_random,416.0
1,3,5,2,uniform,batched,30,P0_random,359.0
1,3,5,2,uniform,batched,30,P0_random,349.0
1,3,5,2,uniform,batched,30,P0_random,376.0
1,3,5,2,uniform,batched,30,P0_random,302.0
1,3,5,2,uniform,batched,30,P0_random,348.0
1,3,5,2,uniform,batched,30,P0_random,329.0
1,3,5,2,uniform,batched,30,P0_random,323.0
1,3,5,2,uniform,batched,30,P0_random,387.0
1,3,5,2,uniform,batched,30,P0_random,281.0
1,3,5,2,uniform,batched,30,P0_random,364.0
1,3,5,2,uniform,batched,30,P0_random,264.0
1,3,5,2,uniform,batched,30,P0_random,362.0
1,3,5,2,uniform,batched,30,P0_random,283.0
1,3,5,2,uniform,batched,30,P0_random,324.0
1,3,5,2,uniform,batched,30,P0_random,329.0
1,3,5,2,uniform,batched,30,P0_random,330.0
1,3,5,2,uniform,batched,30,P0_random,378.0
1,3,5,2,uniform,batched,30,P0_random,406.0
1,3,5,2,uniform,batched,30,P0_random,324.0
1,3,5,2,uniform,batched,30,P1_dest_cluster,378.0
1,3,5,2,uniform,batched,30,P1_dest_cluster,275.0
1,3,5,2,uniform,batched,30,P1_dest_cluster,297.0
1,3,5,2,uniform,batched,30,P1_dest_cluster,314.0
1,3,5,2,uniform,batched,30,P1_dest_cluster,335.0
1,3,5,2,uniform,batched,30,P1_dest_cluster,303.0
1,3,5,2,uniform,batched,30,P1_dest_cluster,398.0
1,3,5,2,uniform,batched,30,P1_dest_cluster,309.0
1,3,5,2,uniform,batched,30,P1_dest_cluster,331.0
1,3,5,2,uniform,batched,30,P1_dest_cluster,388.0
1,3,5,2,uniform,batched,30,P1_dest_cluster,267.0
1,3,5,2,uniform,batched,30,P1_dest_cluster,346.0
1,3,5,2,uniform,batched,30,P1_dest_cluster,424.0
1,3,5,2,uniform,batched,30,P1_dest_cluster,320.0
1,3,5,2,uniform,batched,30,P1_dest_cluster,320.0
1,3,5,2,uniform,batched,30,P1_dest_cluster,406.0
1,3,5,2,uniform,batched,30,P1_dest_cluster,336.0
1,3,5,2,uniform,batched,30,P1_dest_cluster,374.0
1,3,5,2,uniform,batched,30,P1_dest_cluster,352.0
1,3,5,2,uniform,batched,30,P1_dest_cluster,348.0
1,3,5,2,uniform,batched,30,P1_dest_cluster,298.0
1,3,5,2,uniform,batched,30,P1_dest_cluster,341.0
1,3,5,2,uniform,batched,30,P1_dest_cluster,346.0
1,3,5,2,uniform,batched,30,P1_dest_cluster,274.0
1,3,5,2,uniform,batched,30,P1_dest_cluster,364.0
1,3,5,2,uniform,batched,30,P1_dest_cluster,242.0
1,3,5,2,uniform,batched,30,P1_dest_cluster,315.0
1,3,5,2,uniform,batched,30,P1_dest_cluster,374.0
1,3,5,2,uniform,batched,30,P1_dest_cluster,260.0
1,3,5,2,uniform,batched,30,P1_dest_cluster,331.0
1,3,5,2,uniform,batched,30,P1_dest_cluster,384.0
1,3,5,2,uniform,batched,30,P1_dest_cluster,354.0
1,3,5,2,uniform,batched,30,P1_dest_cluster,267.0
1,3,5,2,uniform,batched,30,P1_dest_cluster,322.0
1,3,5,2,uniform,batched,30,P1_dest_cluster,332.0
1,3,5,2,uniform,batched,30,P1_dest_cluster,322.0
1,3,5,2,uniform,batched,30,P1_dest_cluster,302.0
1,3,5,2,uniform,batched,30,P1_dest_cluster,350.0
1,3,5,2,uniform,batched,30,P1_dest_cluster,328.0
1,3,5,2,uniform,batched,30,P1_dest_cluster,347.0
1,3,5,2,uniform,batched,30,P1_dest_cluster,297.0
1,3,5,2,uniform,batched,30,P1_dest_cluster,336.0
1,3,5,2,uniform,batched,30,P1_dest_cluster,376.0
1,3,5,2,uniform,batched,30,P1_dest_cluster,334.0
1,3,5,2,uniform,batched,30,P1_dest_cluster,374.0
1,3,5,2,uniform,batched,30,P1_dest_cluster,292.0
1,3,5,2,uniform,batched,30,P1_dest_cluster,294.0
1,3,5,2,uniform,batched,30,P1_dest_cluster,303.0
1,3,5,2,uniform,batched,30,P1_dest_cluster,286.0
1,3,5,2,uniform,batched,30,P1_dest_cluster,377.0
1,3,5,2,uniform,batched,30,P1_dest_cluster,288.0
1,3,5,2,uniform,batched,30,P1_dest_cluster,378.0
1,3,5,2,uniform,batched,30,P1_dest_cluster,291.0
1,3,5,2,uniform,batched,30,P1_dest_cluster,363.0
1,3,5,2,uniform,batched,30,P1_dest_cluster,350.0
1,3,5,2,uniform,batched,30,P1_dest_cluster,371.0
1,3,5,2,uniform,batched,30,P1_dest_cluster,354.0
1,3,5,2,uniform,batched,30,P1_dest_cluster,316.0
1,3,5,2,uniform,batched,30,P1_dest_cluster,304.0
1,3,5,2,uniform,batched,30,P1_dest_cluster,379.0
1,3,5,2,uniform,batched,30,P1_dest_cluster,305.0
1,3,5,2,uniform,batched,30,P1_dest_cluster,340.0
1,3,5,2,uniform,batched,30,P1_dest_cluster,311.0
1,3,5,2,uniform,batched,30,P1_dest_cluster,316.0
1,3,5,2,uniform,batched,30,P1_dest_cluster,318.0
1,3,5,2,uniform,batched,30,P1_dest_cluster,365.0
1,3,5,2,uniform,batched,30,P1_dest_cluster,334.0
1,3,5,2,uniform,batched,30,P1_dest_cluster,419.0
1,3,5,2,uniform,batched,30,P1_dest_cluster,361.0
1,3,5,2,uniform,batched,30,P1_dest_cluster,345.0
1,3,5,2,uniform,batched,30,P1_dest_cluster,288.0
1,3,5,2,uniform,batched,30,P1_dest_cluster,283.0
1,3,5,2,uniform,batched,30,P1_dest_cluster,455.0
1,3,5,2,uniform,batched,30,P1_dest_cluster,311.0
1,3,5,2,uniform,batched,30,P1_dest_cluster,308.0
1,3,5,2,uniform,batched,30,P1_dest_cluster,278.0
1,3,5,2,uniform,batched,30,P1_dest_cluster,321.0
1,3,5,2,uniform,batched,30,P1_dest_cluster,317.0
1,3,5,2,uniform,batched,30,P1_dest_cluster,280.0
1,3,5,2,uniform,batched,30,P1_dest_cluster,304.0
1,3,5,2,uniform,batched,30,P1_dest_cluster,291.0
1,3,5,2,uniform,batched,30,P1_dest_cluster,345.0
1,3,5,2,uniform,batched,30,P1_dest_cluster,373.0
1,3,5,2,uniform,batched,30,P1_dest_cluster,392.0
1,3,5,2,uniform,batched,30,P1_dest_cluster,411.0
1,3,5,2,uniform,batched,30,P1_dest_cluster,368.0
1,3,5,2,uniform,batched,30,P1_dest_cluster,360.0
1,3,5,2,uniform,batched,30,P1_dest_cluster,373.0
1,3,5,2,uniform,batched,30,P1_dest_cluster,284.0
1,3,5,2,uniform,batched,30,P1_dest_cluster,331.0
1,3,5,2,uniform,batched,30,P1_dest_cluster,289.0
1,3,5,2,uniform,batched,30,P1_dest_cluster,350.0
1,3,5,2,uniform,batched,30,P1_dest_cluster,373.0
1,3,5,2,uniform,batched,30,P1_dest_cluster,335.0
1,3,5,2,uniform,batched,30,P1_dest_cluster,303.0
1,3,5,2,uniform,batched,30,P1_dest_cluster,378.0
1,3,5,2,uniform,batched,30,P1_dest_cluster,326.0
1,3,5,2,uniform,batched,30,P1_dest_cluster,316.0
1,3,5,2,uniform,batched,30,P1_dest_cluster,292.0
1,3,5,2,uniform,batched,30,P1_dest_cluster,279.0
1,3,5,2,uniform,batched,30,P1_dest_cluster,313.0
1,3,5,2,uniform,batched,30,P1_dest_cluster,349.0
1,3,5,2,uniform,batched,30,P1_dest_cluster,379.0
1,3,5,2,uniform,batched,30,P1_dest_cluster,415.0
1,3,5,2,uniform,batched,30,P1_dest_cluster,409.0
1,3,5,2,uniform,batched,30,P1_dest_cluster,311.0
1,3,5,2,uniform,batched,30,P1_dest_cluster,283.0
1,3,5,2,uniform,batched,30,P1_dest_cluster,307.0
1,3,5,2,uniform,batched,30,P1_dest_cluster,306.0
1,3,5,2,uniform,batched,30,P1_dest_cluster,321.0
1,3,5,2,uniform,batched,30,P1_dest_cluster,327.0
1,3,5,2,uniform,batched,30,P1_dest_cluster,360.0
1,3,5,2,uniform,batched,30,P1_dest_cluster,390.0
1,3,5,2,uniform,batched,30,P1_dest_cluster,359.0
1,3,5,2,uniform,batched,30,P1_dest_cluster,237.0
1,3,5,2,uniform,batched,30,P1_dest_cluster,275.0
1,3,5,2,uniform,batched,30,P1_dest_cluster,323.0
1,3,5,2,uniform,batched,30,P1_dest_cluster,377.0
1,3,5,2,uniform,batched,30,P1_dest_cluster,379.0
1,3,5,2,uniform,batched,30,P1_dest_cluster,440.0
1,3,5,2,uniform,batched,30,P1_dest_cluster,293.0
1,3,5,2,uniform,batched,30,P1_dest_cluster,350.0
1,3,5,2,uniform,batched,30,P1_dest_cluster,363.0
1,3,5,2,uniform,batched,30,P1_dest_cluster,340.0
1,3,5,2,uniform,batched,30,P1_dest_cluster,284.0
1,3,5,2,uniform,batched,30,P1_dest_cluster,400.0
1,3,5,2,uniform,batched,30,P1_dest_cluster,327.0
1,3,5,2,uniform,batched,30,P1_dest_cluster,361.0
1,3,5,2,uniform,batched,30,P1_dest_cluster,409.0
1,3,5,2,uniform,batched,30,P1_dest_cluster,282.0
1,3,5,2,uniform,batched,30,P1_dest_cluster,406.0
1,3,5,2,uniform,batched,30,P1_dest_cluster,244.0
1,3,5,2,uniform,batched,30,P1_dest_cluster,315.0
1,3,5,2,uniform,batched,30,P1_dest_cluster,297.0
1,3,5,2,uniform,batched,30,P1_dest_cluster,388.0
1,3,5,2,uniform,batched,30,P1_dest_cluster,363.0
1,3,5,2,uniform,batched,30,P1_dest_cluster,328.0
1,3,5,2,uniform,batched,30,P1_dest_cluster,345.0
1,3,5,2,uniform,batched,30,P1_dest_cluster,368.0
1,3,5,2,uniform,batched,30,P1_dest_cluster,291.0
1,3,5,2,uniform,batched,30,P1_dest_cluster,301.0
1,3,5,2,uniform,batched,30,P1_dest_cluster,316.0
1,3,5,2,uniform,batched,30,P1_dest_cluster,355.0
1,3,5,2,uniform,batched,30,P1_dest_cluster,344.0
1,3,5,2,uniform,batched,30,P1_dest_cluster,378.0
1,3,5,2,uniform,batched,30,P1_dest_cluster,387.0
1,3,5,2,uniform,batched,30,P1_dest_cluster,384.0
1,3,5,2,uniform,batched,30,P1_dest_cluster,388.0
1,3,5,2,uniform,batched,30,P1_dest_cluster,341.0
1,3,5,2,uniform,batched,30,P1_dest_cluster,459.0
1,3,5,2,uniform,batched,30,P1_dest_cluster,374.0
1,3,5,2,uniform,batched,30,P1_dest_cluster,392.0
1,3,5,2,uniform,batched,30,P1_dest_cluster,291.0
1,3,5,2,uniform,batched,30,P1_dest_cluster,398.0
1,3,5,2,uniform,batched,30,P1_dest_cluster,320.0
1,3,5,2,uniform,batched,30,P1_dest_cluster,378.0
1,3,5,2,uniform,batched,30,P1_dest_cluster,345.0
1,3,5,2,uniform,batched,30,P1_dest_cluster,427.0
1,3,5,2,uniform,batched,30,P1_dest_cluster,412.0
1,3,5,2,uniform,batched,30,P1_dest_cluster,327.0
1,3,5,2,uniform,batched,30,P1_dest_cluster,336.0
1,3,5,2,uniform,batched,30,P1_dest_cluster,270.0
1,3,5,2,uniform,batched,30,P1_dest_cluster,372.0
1,3,5,2,uniform,batched,30,P1_dest_cluster,332.0
1,3,5,2,uniform,batched,30,P1_dest_cluster,256.0
1,3,5,2,uniform,batched,30,P1_dest_cluster,306.0
1,3,5,2,uniform,batched,30,P1_dest_cluster,322.0
1,3,5,2,uniform,batched,30,P1_dest_cluster,360.0
1,3,5,2,uniform,batched,30,P1_dest_cluster,342.0
1,3,5,2,uniform,batched,30,P1_dest_cluster,339.0
1,3,5,2,uniform,batched,30,P1_dest_cluster,314.0
1,3,5,2,uniform,batched,30,P1_dest_cluster,355.0
1,3,5,2,uniform,batched,30,P1_dest_cluster,425.0
1,3,5,2,uniform,batched,30,P1_dest_cluster,382.0
1,3,5,2,uniform,batched,30,P1_dest_cluster,374.0
1,3,5,2,uniform,batched,30,P1_dest_cluster,236.0
1,3,5,2,uniform,batched,30,P1_dest_cluster,341.0
1,3,5,2,uniform,batched,30,P1_dest_cluster,363.0
1,3,5,2,uniform,batched,30,P1_dest_cluster,420.0
1,3,5,2,uniform,batched,30,P1_dest_cluster,306.0
1,3,5,2,uniform,batched,30,P1_dest_cluster,316.0
1,3,5,2,uniform,batched,30,P1_dest_cluster,339.0
1,3,5,2,uniform,batched,30,P1_dest_cluster,336.0
1,3,5,2,uniform,batched,30,P1_dest_cluster,374.0
1,3,5,2,uniform,batched,30,P1_dest_cluster,378.0
1,3,5,2,uniform,batched,30,P1_dest_cluster,358.0
1,3,5,2,uniform,batched,30,P1_dest_cluster,387.0
1,3,5,2,uniform,batched,30,P1_dest_cluster,341.0
1,3,5,2,uniform,batched,30,P1_dest_cluster,384.0
1,3,5,2,uniform,batched,30,P1_dest_cluster,364.0
1,3,5,2,uniform,batched,30,P1_dest_cluster,388.0
1,3,5,2,uniform,batched,30,P1_dest_cluster,316.0
1,3,5,2,uniform,batched,30,P1_dest_cluster,324.0
1,3,5,2,uniform,batched,30,P1_dest_cluster,273.0
1,3,5,2,uniform,batched,30,P1_dest_cluster,426.0
1,3,5,2,uniform,batched,30,P1_dest_cluster,312.0
1,3,5,2,uniform,batched,30,P1_dest_cluster,298.0
1,3,5,2,uniform,batched,30,P1_dest_cluster,293.0
1,3,5,2,uniform,batched,30,P1_dest_cluster,378.0
1,3,5,2,uniform,batched,30,P1_dest_cluster,383.0
1,3,5,2,uniform,batched,30,P2_cardinality,345.0
1,3,5,2,uniform,batched,30,P2_cardinality,283.0
1,3,5,2,uniform,batched,30,P2_cardinality,379.0
1,3,5,2,uniform,batched,30,P2_cardinality,342.0
1,3,5,2,uniform,batched,30,P2_cardinality,340.0
1,3,5,2,uniform,batched,30,P2_cardinality,334.0
1,3,5,2,uniform,batched,30,P2_cardinality,344.0
1,3,5,2,uniform,batched,30,P2_cardinality,344.0
1,3,5,2,uniform,batched,30,P2_cardinality,312.0
1,3,5,2,uniform,batched,30,P2_cardinality,333.0
1,3,5,2,uniform,batched,30,P2_cardinality,334.0
1,3,5,2,uniform,batched,30,P2_cardinality,303.0
1,3,5,2,uniform,batched,30,P2_cardinality,348.0
1,3,5,2,uniform,batched,30,P2_cardinality,311.0
1,3,5,2,uniform,batched,30,P2_cardinality,333.0
1,3,5,2,uniform,batched,30,P2_cardinality,379.0
1,3,5,2,uniform,batched,30,P2_cardinality,304.0
1,3,5,2,uniform,batched,30,P2_cardinality,313.0
1,3,5,2,uniform,batched,30,P2_cardinality,279.0
1,3,5,2,uniform,batched,30,P2_cardinality,278.0
1,3,5,2,uniform,batched,30,P2_cardinality,388.0
1,3,5,2,uniform,batched,30,P2_cardinality,295.0
1,3,5,2,uniform,batched,30,P2_cardinality,345.0
1,3,5,2,uniform,batched,30,P2_cardinality,304.0
1,3,5,2,uniform,batched,30,P2_cardinality,283.0
1,3,5,2,uniform,batched,30,P2_cardinality,288.0
1,3,5,2,uniform,batched,30,P2_cardinality,354.0
1,3,5,2,uniform,batched,30,P2_cardinality,338.0
1,3,5,2,uniform,batched,30,P2_cardinality,305.0
1,3,5,2,uniform,batched,30,P2_cardinality,308.0
1,3,5,2,uniform,batched,30,P2_cardinality,361.0
1,3,5,2,uniform,batched,30,P2_cardinality,332.0
1,3,5,2,uniform,batched,30,P2_cardinality,326.0
1,3,5,2,uniform,batched,30,P2_cardinality,304.0
1,3,5,2,uniform,batched,30,P2_cardinality,345.0
1,3,5,2,uniform,batched,30,P2_cardinality,361.0
1,3,5,2,uniform,batched,30,P2_cardinality,352.0
1,3,5,2,uniform,batched,30,P2_cardinality,288.0
1,3,5,2,uniform,batched,30,P2_cardinality,318.0
1,3,5,2,uniform,batched,30,P2_cardinality,368.0
1,3,5,2,uniform,batched,30,P2_cardinality,309.0
1,3,5,2,uniform,batched,30,P2_cardinality,290.0
1,3,5,2,uniform,batched,30,P2_cardinality,241.0
1,3,5,2,uniform,batched,30,P2_cardinality,326.0
1,3,5,2,uniform,batched,30,P2_cardinality,321.0
1,3,5,2,uniform,batched,30,P2_cardinality,300.0
1,3,5,2,uniform,batched,30,P2_cardinality,297.0
1,3,5,2,uniform,batched,30,P2_cardinality,332.0
1,3,5,2,uniform,batched,30,P2_cardinality,279.0
1,3,5,2,uniform,batched,30,P2_cardinality,320.0
1,3,5,2,uniform,batched,30,P2_cardinality,345.0
1,3,5,2,uniform,batched,30,P2_cardinality,246.0
1,3,5,2,uniform,batched,30,P2_cardinality,360.0
1,3,5,2,uniform,batched,30,P2_cardinality,307.0
1,3,5,2,uniform,batched,30,P2_cardinality,260.0
1,3,5,2,uniform,batched,30,P2_cardinality,345.0
1,3,5,2,uniform,batched,30,P2_cardinality,341.0
1,3,5,2,uniform,batched,30,P2_cardinality,339.0
1,3,5,2,uniform,batched,30,P2_cardinality,359.0
1,3,5,2,uniform,batched,30,P2_cardinality,246.0
1,3,5,2,uniform,batched,30,P2_cardinality,278.0
1,3,5,2,uniform,batched,30,P2_cardinality,397.0
1,3,5,2,uniform,batched,30,P2_cardinality,322.0
1,3,5,2,uniform,batched,30,P2_cardinality,292.0
1,3,5,2,uniform,batched,30,P2_cardinality,321.0
1,3,5,2,uniform,batched,30,P2_cardinality,264.0
1,3,5,2,uniform,batched,30,P2_cardinality,300.0
1,3,5,2,uniform,batched,30,P2_cardinality,278.0
1,3,5,2,uniform,batched,30,P2_cardinality,344.0
1,3,5,2,uniform,batched,30,P2_cardinality,379.0
1,3,5,2,uniform,batched,30,P2_cardinality,358.0
1,3,5,2,uniform,batched,30,P2_cardinality,266.0
1,3,5,2,uniform,batched,30,P2_cardinality,330.0
1,3,5,2,uniform,batched,30,P2_cardinality,323.0
1,3,5,2,uniform,batched,30,P2_cardinality,358.0
1,3,5,2,uniform,batched,30,P2_cardinality,274.0
1,3,5,2,uniform,batched,30,P2_cardinality,298.0
1,3,5,2,uniform,batched,30,P2_cardinality,303.0
1,3,5,2,uniform,batched,30,P2_cardinality,302.0
1,3,5,2,uniform,batched,30,P2_cardinality,298.0
1,3,5,2,uniform,batched,30,P2_cardinality,285.0
1,3,5,2,uniform,batched,30,P2_cardinality,295.0
1,3,5,2,uniform,batched,30,P2_cardinality,246.0
1,3,5,2,uniform,batched,30,P2_cardinality,374.0
1,3,5,2,uniform,batched,30,P2_cardinality,283.0
1,3,5,2,uniform,batched,30,P2_cardinality,266.0
1,3,5,2,uniform,batched,30,P2_cardinality,363.0
1,3,5,2,uniform,batched,30,P2_cardinality,360.0
1,3,5,2,uniform,batched,30,P2_cardinality,284.0
1,3,5,2,uniform,batched,30,P2_cardinality,336.0
1,3,5,2,uniform,batched,30,P2_cardinality,274.0
1,3,5,2,uniform,batched,30,P2_cardinality,334.0
1,3,5,2,uniform,batched,30,P2_cardinality,235.0
1,3,5,2,uniform,batched,30,P2_cardinality,307.0
1,3,5,2,uniform,batched,30,P2_cardinality,354.0
1,3,5,2,uniform,batched,30,P2_cardinality,374.0
1,3,5,2,uniform,batched,30,P2_cardinality,318.0
1,3,5,2,uniform,batched,30,P2_cardinality,307.0
1,3,5,2,uniform,batched,30,P2_cardinality,315.0
1,3,5,2,uniform,batched,30,P2_cardinality,350.0
1,3,5,2,uniform,batched,30,P2_cardinality,416.0
1,3,5,2,uniform,batched,30,P2_cardinality,289.0
1,3,5,2,uniform,batched,30,P2_cardinality,379.0
1,3,5,2,uniform,batched,30,P2_cardinality,236.0
1,3,5,2,uniform,batched,30,P2_cardinality,294.0
1,3,5,2,uniform,batched,30,P2_cardinality,291.0
1,3,5,2,uniform,batched,30,P2_cardinality,251.0
1,3,5,2,uniform,batched,30,P2_cardinality,326.0
1,3,5,2,uniform,batched,30,P2_cardinality,353.0
1,3,5,2,uniform,batched,30,P2_cardinality,384.0
1,3,5,2,uniform,batched,30,P2_cardinality,245.0
1,3,5,2,uniform,batched,30,P2_cardinality,260.0
1,3,5,2,uniform,batched,30,P2_cardinality,384.0
1,3,5,2,uniform,batched,30,P2_cardinality,337.0
1,3,5,2,uniform,batched,30,P2_cardinality,302.0
1,3,5,2,uniform,batched,30,P2_cardinality,417.0
1,3,5,2,uniform,batched,30,P2_cardinality,335.0
1,3,5,2,uniform,batched,30,P2_cardinality,360.0
1,3,5,2,uniform,batched,30,P2_cardinality,331.0
1,3,5,2,uniform,batched,30,P2_cardinality,323.0
1,3,5,2,uniform,batched,30,P2_cardinality,311.0
1,3,5,2,uniform,batched,30,P2_cardinality,220.0
1,3,5,2,uniform,batched,30,P2_cardinality,298.0
1,3,5,2,uniform,batched,30,P2_cardinality,269.0
1,3,5,2,uniform,batched,30,P2_cardinality,341.0
1,3,5,2,uniform,batched,30,P2_cardinality,298.0
1,3,5,2,uniform,batched,30,P2_cardinality,327.0
1,3,5,2,uniform,batched,30,P2_cardinality,363.0
1,3,5,2,uniform,batched,30,P2_cardinality,401.0
1,3,5,2,uniform,batched,30,P2_cardinality,321.0
1,3,5,2,uniform,batched,30,P2_cardinality,394.0
1,3,5,2,uniform,batched,30,P2_cardinality,269.0
1,3,5,2,uniform,batched,30,P2_cardinality,311.0
1,3,5,2,uniform,batched,30,P2_cardinality,319.0
1,3,5,2,uniform,batched,30,P2_cardinality,298.0
1,3,5,2,uniform,batched,30,P2_cardinality,273.0
1,3,5,2,uniform,batched,30,P2_cardinality,288.0
1,3,5,2,uniform,batched,30,P2_cardinality,298.0
1,3,5,2,uniform,batched,30,P2_cardinality,286.0
1,3,5,2,uniform,batched,30,P2_cardinality,341.0
1,3,5,2,uniform,batched,30,P2_cardinality,268.0
1,3,5,2,uniform,batched,30,P2_cardinality,352.0
1,3,5,2,uniform,batched,30,P2_cardinality,283.0
1,3,5,2,uniform,batched,30,P2_cardinality,289.0
1,3,5,2,uniform,batched,30,P2_cardinality,382.0
1,3,5,2,uniform,batched,30,P2_cardinality,302.0
1,3,5,2,uniform,batched,30,P2_cardinality,297.0
1,3,5,2,uniform,batched,30,P2_cardinality,327.0
1,3,5,2,uniform,batched,30,P2_cardinality,333.0
1,3,5,2,uniform,batched,30,P2_cardinality,349.0
1,3,5,2,uniform,batched,30,P2_cardinality,287.0
1,3,5,2,uniform,batched,30,P2_cardinality,344.0
1,3,5,2,uniform,batched,30,P2_cardinality,321.0
1,3,5,2,uniform,batched,30,P2_cardinality,359.0
1,3,5,2,uniform,batched,30,P2_cardinality,330.0
1,3,5,2,uniform,batched,30,P2_cardinality,364.0
1,3,5,2,uniform,batched,30,P2_cardinality,322.0
1,3,5,2,uniform,batched,30,P2_cardinality,329.0
1,3,5,2,uniform,batched,30,P2_cardinality,263.0
1,3,5,2,uniform,batched,30,P2_cardinality,311.0
1,3,5,2,uniform,batched,30,P2_cardinality,365.0
1,3,5,2,uniform,batched,30,P2_cardinality,358.0
1,3,5,2,uniform,batched,30,P2_cardinality,398.0
1,3,5,2,uniform,batched,30,P2_cardinality,321.0
1,3,5,2,uniform,batched,30,P2_cardinality,384.0
1,3,5,2,uniform,batched,30,P2_cardinality,363.0
1,3,5,2,uniform,batched,30,P2_cardinality,293.0
1,3,5,2,uniform,batched,30,P2_cardinality,296.0
1,3,5,2,uniform,batched,30,P2_cardinality,302.0
1,3,5,2,uniform,batched,30,P2_cardinality,283.0
1,3,5,2,uniform,batched,30,P2_cardinality,323.0
1,3,5,2,uniform,batched,30,P2_cardinality,355.0
1,3,5,2,uniform,batched,30,P2_cardinality,273.0
1,3,5,2,uniform,batched,30,P2_cardinality,318.0
1,3,5,2,uniform,batched,30,P2_cardinality,332.0
1,3,5,2,uniform,batched,30,P2_cardinality,328.0
1,3,5,2,uniform,batched,30,P2_cardinality,311.0
1,3,5,2,uniform,batched,30,P2_cardinality,272.0
1,3,5,2,uniform,batched,30,P2_cardinality,276.0
1,3,5,2,uniform,batched,30,P2_cardinality,354.0
1,3,5,2,uniform,batched,30,P2_cardinality,361.0
1,3,5,2,uniform,batched,30,P2_cardinality,274.0
1,3,5,2,uniform,batched,30,P2_cardinality,320.0
1,3,5,2,uniform,batched,30,P2_cardinality,321.0
1,3,5,2,uniform,batched,30,P2_cardinality,324.0
1,3,5,2,uniform,batched,30,P2_cardinality,344.0
1,3,5,2,uniform,batched,30,P2_cardinality,268.0
1,3,5,2,uniform,batched,30,P2_cardinality,318.0
1,3,5,2,uniform,batched,30,P2_cardinality,316.0
1,3,5,2,uniform,batched,30,P2_cardinality,304.0
1,3,5,2,uniform,batched,30,P2_cardinality,274.0
1,3,5,2,uniform,batched,30,P2_cardinality,359.0
1,3,5,2,uniform,batched,30,P2_cardinality,331.0
1,3,5,2,uniform,batched,30,P2_cardinality,374.0
1,3,5,2,uniform,batched,30,P2_cardinality,355.0
1,3,5,2,uniform,batched,30,P2_cardinality,285.0
1,3,5,2,uniform,batched,30,P2_cardinality,340.0
1,3,5,2,uniform,batched,30,P2_cardinality,341.0
1,3,5,2,uniform,batched,30,P2_cardinality,318.0
1,3,5,2,uniform,batched,30,P2_cardinality,326.0
1,3,5,2,uniform,batched,30,P3_dir_balanced,364.0
1,3,5,2,uniform,batched,30,P3_dir_balanced,362.0
1,3,5,2,uniform,batched,30,P3_dir_balanced,358.0
1,3,5,2,uniform,batched,30,P3_dir_balanced,429.0
1,3,5,2,uniform,batched,30,P3_dir_balanced,292.0
1,3,5,2,uniform,batched,30,P3_dir_balanced,375.0
1,3,5,2,uniform,batched,30,P3_dir_balanced,355.0
1,3,5,2,uniform,batched,30,P3_dir_balanced,484.0
1,3,5,2,uniform,batched,30,P3_dir_balanced,360.0
1,3,5,2,uniform,batched,30,P3_dir_balanced,369.0
1,3,5,2,uniform,batched,30,P3_dir_balanced,273.0
1,3,5,2,uniform,batched,30,P3_dir_balanced,316.0
1,3,5,2,uniform,batched,30,P3_dir_balanced,282.0
1,3,5,2,uniform,batched,30,P3_dir_balanced,318.0
1,3,5,2,uniform,batched,30,P3_dir_balanced,288.0
1,3,5,2,uniform,batched,30,P3_dir_balanced,344.0
1,3,5,2,uniform,batched,30,P3_dir_balanced,331.0
1,3,5,2,uniform,batched,30,P3_dir_balanced,270.0
1,3,5,2,uniform,batched,30,P3_dir_balanced,367.0
1,3,5,2,uniform,batched,30,P3_dir_balanced,332.0
1,3,5,2,uniform,batched,30,P3_dir_balanced,309.0
1,3,5,2,uniform,batched,30,P3_dir_balanced,327.0
1,3,5,2,uniform,batched,30,P3_dir_balanced,383.0
1,3,5,2,uniform,batched,30,P3_dir_balanced,329.0
1,3,5,2,uniform,batched,30,P3_dir_balanced,384.0
1,3,5,2,uniform,batched,30,P3_dir_balanced,388.0
1,3,5,2,uniform,batched,30,P3_dir_balanced,310.0
1,3,5,2,uniform,batched,30,P3_dir_balanced,326.0
1,3,5,2,uniform,batched,30,P3_dir_balanced,293.0
1,3,5,2,uniform,batched,30,P3_dir_balanced,328.0
1,3,5,2,uniform,batched,30,P3_dir_balanced,301.0
1,3,5,2,uniform,batched,30,P3_dir_balanced,401.0
1,3,5,2,uniform,batched,30,P3_dir_balanced,342.0
1,3,5,2,uniform,batched,30,P3_dir_balanced,357.0
1,3,5,2,uniform,batched,30,P3_dir_balanced,292.0
1,3,5,2,uniform,batched,30,P3_dir_balanced,411.0
1,3,5,2,uniform,batched,30,P3_dir_balanced,449.0
1,3,5,2,uniform,batched,30,P3_dir_balanced,375.0
1,3,5,2,uniform,batched,30,P3_dir_balanced,362.0
1,3,5,2,uniform,batched,30,P3_dir_balanced,300.0
1,3,5,2,uniform,batched,30,P3_dir_balanced,348.0
1,3,5,2,uniform,batched,30,P3_dir_balanced,344.0
1,3,5,2,uniform,batched,30,P3_dir_balanced,338.0
1,3,5,2,uniform,batched,30,P3_dir_balanced,325.0
1,3,5,2,uniform,batched,30,P3_dir_balanced,202.0
1,3,5,2,uniform,batched,30,P3_dir_balanced,335.0
1,3,5,2,uniform,batched,30,P3_dir_balanced,325.0
1,3,5,2,uniform,batched,30,P3_dir_balanced,317.0
1,3,5,2,uniform,batched,30,P3_dir_balanced,345.0
1,3,5,2,uniform,batched,30,P3_dir_balanced,377.0
1,3,5,2,uniform,batched,30,P3_dir_balanced,355.0
1,3,5,2,uniform,batched,30,P3_dir_balanced,345.0
1,3,5,2,uniform,batched,30,P3_dir_balanced,288.0
1,3,5,2,uniform,batched,30,P3_dir_balanced,401.0
1,3,5,2,uniform,batched,30,P3_dir_balanced,348.0
1,3,5,2,uniform,batched,30,P3_dir_balanced,315.0
1,3,5,2,uniform,batched,30,P3_dir_balanced,322.0
1,3,5,2,uniform,batched,30,P3_dir_balanced,342.0
1,3,5,2,uniform,batched,30,P3_dir_balanced,402.0
1,3,5,2,uniform,batched,30,P3_dir_balanced,290.0
1,3,5,2,uniform,batched,30,P3_dir_balanced,466.0
1,3,5,2,uniform,batched,30,P3_dir_balanced,335.0
1,3,5,2,uniform,batched,30,P3_dir_balanced,406.0
1,3,5,2,uniform,batched,30,P3_dir_balanced,307.0
1,3,5,2,uniform,batched,30,P3_dir_balanced,320.0
1,3,5,2,uniform,batched,30,P3_dir_balanced,316.0
1,3,5,2,uniform,batched,30,P3_dir_balanced,235.0
1,3,5,2,uniform,batched,30,P3_dir_balanced,345.0
1,3,5,2,uniform,batched,30,P3_dir_balanced,297.0
1,3,5,2,uniform,batched,30,P3_dir_balanced,302.0
1,3,5,2,uniform,batched,30,P3_dir_balanced,244.0
1,3,5,2,uniform,batched,30,P3_dir_balanced,367.0
1,3,5,2,uniform,batched,30,P3_dir_balanced,368.0
1,3,5,2,uniform,batched,30,P3_dir_balanced,334.0
1,3,5,2,uniform,batched,30,P3_dir_balanced,367.0
1,3,5,2,uniform,batched,30,P3_dir_balanced,246.0
1,3,5,2,uniform,batched,30,P3_dir_balanced,288.0
1,3,5,2,uniform,batched,30,P3_dir_balanced,286.0
1,3,5,2,uniform,batched,30,P3_dir_balanced,332.0
1,3,5,2,uniform,batched,30,P3_dir_balanced,411.0
1,3,5,2,uniform,batched,30,P3_dir_balanced,391.0
1,3,5,2,uniform,batched,30,P3_dir_balanced,246.0
1,3,5,2,uniform,batched,30,P3_dir_balanced,331.0
1,3,5,2,uniform,batched,30,P3_dir_balanced,293.0
1,3,5,2,uniform,batched,30,P3_dir_balanced,382.0
1,3,5,2,uniform,batched,30,P3_dir_balanced,397.0
1,3,5,2,uniform,batched,30,P3_dir_balanced,287.0
1,3,5,2,uniform,batched,30,P3_dir_balanced,357.0
1,3,5,2,uniform,batched,30,P3_dir_balanced,397.0
1,3,5,2,uniform,batched,30,P3_dir_balanced,335.0
1,3,5,2,uniform,batched,30,P3_dir_balanced,344.0
1,3,5,2,uniform,batched,30,P3_dir_balanced,343.0
1,3,5,2,uniform,batched,30,P3_dir_balanced,332.0
1,3,5,2,uniform,batched,30,P3_dir_balanced,373.0
1,3,5,2,uniform,batched,30,P3_dir_balanced,258.0
1,3,5,2,uniform,batched,30,P3_dir_balanced,325.0
1,3,5,2,uniform,batched,30,P3_dir_balanced,309.0
1,3,5,2,uniform,batched,30,P3_dir_balanced,331.0
1,3,5,2,uniform,batched,30,P3_dir_balanced,332.0
1,3,5,2,uniform,batched,30,P3_dir_balanced,202.0
1,3,5,2,uniform,batched,30,P3_dir_balanced,327.0
1,3,5,2,uniform,batched,30,P3_dir_balanced,323.0
1,3,5,2,uniform,batched,30,P3_dir_balanced,269.0
1,3,5,2,uniform,batched,30,P3_dir_balanced,311.0
1,3,5,2,uniform,batched,30,P3_dir_balanced,319.0
1,3,5,2,uniform,batched,30,P3_dir_balanced,390.0
1,3,5,2,uniform,batched,30,P3_dir_balanced,347.0
1,3,5,2,uniform,batched,30,P3_dir_balanced,350.0
1,3,5,2,uniform,batched,30,P3_dir_balanced,374.0
1,3,5,2,uniform,batched,30,P3_dir_balanced,328.0
1,3,5,2,uniform,batched,30,P3_dir_balanced,383.0
1,3,5,2,uniform,batched,30,P3_dir_balanced,444.0
1,3,5,2,uniform,batched,30,P3_dir_balanced,360.0
1,3,5,2,uniform,batched,30,P3_dir_balanced,334.0
1,3,5,2,uniform,batched,30,P3_dir_balanced,404.0
1,3,5,2,uniform,batched,30,P3_dir_balanced,352.0
1,3,5,2,uniform,batched,30,P3_dir_balanced,345.0
1,3,5,2,uniform,batched,30,P3_dir_balanced,345.0
1,3,5,2,uniform,batched,30,P3_dir_balanced,302.0
1,3,5,2,uniform,batched,30,P3_dir_balanced,348.0
1,3,5,2,uniform,batched,30,P3_dir_balanced,383.0
1,3,5,2,uniform,batched,30,P3_dir_balanced,401.0
1,3,5,2,uniform,batched,30,P3_dir_balanced,354.0
1,3,5,2,uniform,batched,30,P3_dir_balanced,307.0
1,3,5,2,uniform,batched,30,P3_dir_balanced,341.0
1,3,5,2,uniform,batched,30,P3_dir_balanced,363.0
1,3,5,2,uniform,batched,30,P3_dir_balanced,269.0
1,3,5,2,uniform,batched,30,P3_dir_balanced,334.0
1,3,5,2,uniform,batched,30,P3_dir_balanced,354.0
1,3,5,2,uniform,batched,30,P3_dir_balanced,301.0
1,3,5,2,uniform,batched,30,P3_dir_balanced,279.0
1,3,5,2,uniform,batched,30,P3_dir_balanced,340.0
1,3,5,2,uniform,batched,30,P3_dir_balanced,316.0
1,3,5,2,uniform,batched,30,P3_dir_balanced,334.0
1,3,5,2,uniform,batched,30,P3_dir_balanced,292.0
1,3,5,2,uniform,batched,30,P3_dir_balanced,291.0
1,3,5,2,uniform,batched,30,P3_dir_balanced,349.0
1,3,5,2,uniform,batched,30,P3_dir_balanced,324.0
1,3,5,2,uniform,batched,30,P3_dir_balanced,288.0
1,3,5,2,uniform,batched,30,P3_dir_balanced,316.0
1,3,5,2,uniform,batched,30,P3_dir_balanced,383.0
1,3,5,2,uniform,batched,30,P3_dir_balanced,373.0
1,3,5,2,uniform,batched,30,P3_dir_balanced,300.0
1,3,5,2,uniform,batched,30,P3_dir_balanced,327.0
1,3,5,2,uniform,batched,30,P3_dir_balanced,382.0
1,3,5,2,uniform,batched,30,P3_dir_balanced,326.0
1,3,5,2,uniform,batched,30,P3_dir_balanced,336.0
1,3,5,2,uniform,batched,30,P3_dir_balanced,393.0
1,3,5,2,uniform,batched,30,P3_dir_balanced,292.0
1,3,5,2,uniform,batched,30,P3_dir_balanced,376.0
1,3,5,2,uniform,batched,30,P3_dir_balanced,368.0
1,3,5,2,uniform,batched,30,P3_dir_balanced,293.0
1,3,5,2,uniform,batched,30,P3_dir_balanced,369.0
1,3,5,2,uniform,batched,30,P3_dir_balanced,406.0
1,3,5,2,uniform,batched,30,P3_dir_balanced,316.0
1,3,5,2,uniform,batched,30,P3_dir_balanced,331.0
1,3,5,2,uniform,batched,30,P3_dir_balanced,355.0
1,3,5,2,uniform,batched,30,P3_dir_balanced,264.0
1,3,5,2,uniform,batched,30,P3_dir_balanced,373.0
1,3,5,2,uniform,batched,30,P3_dir_balanced,398.0
1,3,5,2,uniform,batched,30,P3_dir_balanced,298.0
1,3,5,2,uniform,batched,30,P3_dir_balanced,298.0
1,3,5,2,uniform,batched,30,P3_dir_balanced,360.0
1,3,5,2,uniform,batched,30,P3_dir_balanced,354.0
1,3,5,2,uniform,batched,30,P3_dir_balanced,335.0
1,3,5,2,uniform,batched,30,P3_dir_balanced,335.0
1,3,5,2,uniform,batched,30,P3_dir_balanced,324.0
1,3,5,2,uniform,batched,30,P3_dir_balanced,376.0
1,3,5,2,uniform,batched,30,P3_dir_balanced,377.0
1,3,5,2,uniform,batched,30,P3_dir_balanced,335.0
1,3,5,2,uniform,batched,30,P3_dir_balanced,328.0
1,3,5,2,uniform,batched,30,P3_dir_balanced,362.0
1,3,5,2,uniform,batched,30,P3_dir_balanced,441.0
1,3,5,2,uniform,batched,30,P3_dir_balanced,351.0
1,3,5,2,uniform,batched,30,P3_dir_balanced,403.0
1,3,5,2,uniform,batched,30,P3_dir_balanced,393.0
1,3,5,2,uniform,batched,30,P3_dir_balanced,348.0
1,3,5,2,uniform,batched,30,P3_dir_balanced,292.0
1,3,5,2,uniform,batched,30,P3_dir_balanced,354.0
1,3,5,2,uniform,batched,30,P3_dir_balanced,298.0
1,3,5,2,uniform,batched,30,P3_dir_balanced,345.0
1,3,5,2,uniform,batched,30,P3_dir_balanced,323.0
1,3,5,2,uniform,batched,30,P3_dir_balanced,454.0
1,3,5,2,uniform,batched,30,P3_dir_balanced,296.0
1,3,5,2,uniform,batched,30,P3_dir_balanced,328.0
1,3,5,2,uniform,batched,30,P3_dir_balanced,331.0
1,3,5,2,uniform,batched,30,P3_dir_balanced,308.0
1,3,5,2,uniform,batched,30,P3_dir_balanced,316.0
1,3,5,2,uniform,batched,30,P3_dir_balanced,373.0
1,3,5,2,uniform,batched,30,P3_dir_balanced,392.0
1,3,5,2,uniform,batched,30,P3_dir_balanced,378.0
1,3,5,2,uniform,batched,30,P3_dir_balanced,388.0
1,3,5,2,uniform,batched,30,P3_dir_balanced,352.0
1,3,5,2,uniform,batched,30,P3_dir_balanced,351.0
1,3,5,2,uniform,batched,30,P3_dir_balanced,414.0
1,3,5,2,uniform,batched,30,P3_dir_balanced,334.0
1,3,5,2,uniform,batched,30,P3_dir_balanced,388.0
1,3,5,2,uniform,batched,30,P3_dir_balanced,391.0
1,3,5,2,uniform,batched,30,P3_dir_balanced,343.0
1,3,5,2,uniform,batched,30,P3_dir_balanced,360.0
1,3,5,2,uniform,batched,30,P4_temporal,355.0
1,3,5,2,uniform,batched,30,P4_temporal,392.0
1,3,5,2,uniform,batched,30,P4_temporal,296.0
1,3,5,2,uniform,batched,30,P4_temporal,345.0
1,3,5,2,uniform,batched,30,P4_temporal,436.0
1,3,5,2,uniform,batched,30,P4_temporal,368.0
1,3,5,2,uniform,batched,30,P4_temporal,290.0
1,3,5,2,uniform,batched,30,P4_temporal,345.0
1,3,5,2,uniform,batched,30,P4_temporal,339.0
1,3,5,2,uniform,batched,30,P4_temporal,344.0
1,3,5,2,uniform,batched,30,P4_temporal,335.0
1,3,5,2,uniform,batched,30,P4_temporal,380.0
1,3,5,2,uniform,batched,30,P4_temporal,389.0
1,3,5,2,uniform,batched,30,P4_temporal,335.0
1,3,5,2,uniform,batched,30,P4_temporal,353.0
1,3,5,2,uniform,batched,30,P4_temporal,316.0
1,3,5,2,uniform,batched,30,P4_temporal,368.0
1,3,5,2,uniform,batched,30,P4_temporal,364.0
1,3,5,2,uniform,batched,30,P4_temporal,397.0
1,3,5,2,uniform,batched,30,P4_temporal,358.0
1,3,5,2,uniform,batched,30,P4_temporal,342.0
1,3,5,2,uniform,batched,30,P4_temporal,360.0
1,3,5,2,uniform,batched,30,P4_temporal,285.0
1,3,5,2,uniform,batched,30,P4_temporal,381.0
1,3,5,2,uniform,batched,30,P4_temporal,378.0
1,3,5,2,uniform,batched,30,P4_temporal,363.0
1,3,5,2,uniform,batched,30,P4_temporal,382.0
1,3,5,2,uniform,batched,30,P4_temporal,336.0
1,3,5,2,uniform,batched,30,P4_temporal,345.0
1,3,5,2,uniform,batched,30,P4_temporal,359.0
1,3,5,2,uniform,batched,30,P4_temporal,318.0
1,3,5,2,uniform,batched,30,P4_temporal,317.0
1,3,5,2,uniform,batched,30,P4_temporal,329.0
1,3,5,2,uniform,batched,30,P4_temporal,392.0
1,3,5,2,uniform,batched,30,P4_temporal,365.0
1,3,5,2,uniform,batched,30,P4_temporal,384.0
1,3,5,2,uniform,batched,30,P4_temporal,312.0
1,3,5,2,uniform,batched,30,P4_temporal,398.0
1,3,5,2,uniform,batched,30,P4_temporal,354.0
1,3,5,2,uniform,batched,30,P4_temporal,295.0
1,3,5,2,uniform,batched,30,P4_temporal,318.0
1,3,5,2,uniform,batched,30,P4_temporal,374.0
1,3,5,2,uniform,batched,30,P4_temporal,364.0
1,3,5,2,uniform,batched,30,P4_temporal,308.0
1,3,5,2,uniform,batched,30,P4_temporal,369.0
1,3,5,2,uniform,batched,30,P4_temporal,340.0
1,3,5,2,uniform,batched,30,P4_temporal,330.0
1,3,5,2,uniform,batched,30,P4_temporal,379.0
1,3,5,2,uniform,batched,30,P4_temporal,287.0
1,3,5,2,uniform,batched,30,P4_temporal,327.0
1,3,5,2,uniform,batched,30,P4_temporal,356.0
1,3,5,2,uniform,batched,30,P4_temporal,423.0
1,3,5,2,uniform,batched,30,P4_temporal,411.0
1,3,5,2,uniform,batched,30,P4_temporal,314.0
1,3,5,2,uniform,batched,30,P4_temporal,305.0
1,3,5,2,uniform,batched,30,P4_temporal,313.0
1,3,5,2,uniform,batched,30,P4_temporal,347.0
1,3,5,2,uniform,batched,30,P4_temporal,356.0
1,3,5,2,uniform,batched,30,P4_temporal,339.0
1,3,5,2,uniform,batched,30,P4_temporal,352.0
1,3,5,2,uniform,batched,30,P4_temporal,365.0
1,3,5,2,uniform,batched,30,P4_temporal,307.0
1,3,5,2,uniform,batched,30,P4_temporal,410.0
1,3,5,2,uniform,batched,30,P4_temporal,320.0
1,3,5,2,uniform,batched,30,P4_temporal,331.0
1,3,5,2,uniform,batched,30,P4_temporal,374.0
1,3,5,2,uniform,batched,30,P4_temporal,339.0
1,3,5,2,uniform,batched,30,P4_temporal,381.0
1,3,5,2,uniform,batched,30,P4_temporal,372.0
1,3,5,2,uniform,batched,30,P4_temporal,366.0
1,3,5,2,uniform,batched,30,P4_temporal,348.0
1,3,5,2,uniform,batched,30,P4_temporal,406.0
1,3,5,2,uniform,batched,30,P4_temporal,356.0
1,3,5,2,uniform,batched,30,P4_temporal,369.0
1,3,5,2,uniform,batched,30,P4_temporal,294.0
1,3,5,2,uniform,batched,30,P4_temporal,331.0
1,3,5,2,uniform,batched,30,P4_temporal,298.0
1,3,5,2,uniform,batched,30,P4_temporal,350.0
1,3,5,2,uniform,batched,30,P4_temporal,335.0
1,3,5,2,uniform,batched,30,P4_temporal,381.0
1,3,5,2,uniform,batched,30,P4_temporal,388.0
1,3,5,2,uniform,batched,30,P4_temporal,292.0
1,3,5,2,uniform,batched,30,P4_temporal,330.0
1,3,5,2,uniform,batched,30,P4_temporal,351.0
1,3,5,2,uniform,batched,30,P4_temporal,374.0
1,3,5,2,uniform,batched,30,P4_temporal,344.0
1,3,5,2,uniform,batched,30,P4_temporal,317.0
1,3,5,2,uniform,batched,30,P4_temporal,316.0
1,3,5,2,uniform,batched,30,P4_temporal,338.0
1,3,5,2,uniform,batched,30,P4_temporal,322.0
1,3,5,2,uniform,batched,30,P4_temporal,347.0
1,3,5,2,uniform,batched,30,P4_temporal,244.0
1,3,5,2,uniform,batched,30,P4_temporal,270.0
1,3,5,2,uniform,batched,30,P4_temporal,268.0
1,3,5,2,uniform,batched,30,P4_temporal,315.0
1,3,5,2,uniform,batched,30,P4_temporal,327.0
1,3,5,2,uniform,batched,30,P4_temporal,358.0
1,3,5,2,uniform,batched,30,P4_temporal,358.0
1,3,5,2,uniform,batched,30,P4_temporal,369.0
1,3,5,2,uniform,batched,30,P4_temporal,412.0
1,3,5,2,uniform,batched,30,P4_temporal,364.0
1,3,5,2,uniform,batched,30,P4_temporal,366.0
1,3,5,2,uniform,batched,30,P4_temporal,340.0
1,3,5,2,uniform,batched,30,P4_temporal,357.0
1,3,5,2,uniform,batched,30,P4_temporal,313.0
1,3,5,2,uniform,batched,30,P4_temporal,381.0
1,3,5,2,uniform,batched,30,P4_temporal,270.0
1,3,5,2,uniform,batched,30,P4_temporal,308.0
1,3,5,2,uniform,batched,30,P4_temporal,310.0
1,3,5,2,uniform,batched,30,P4_temporal,292.0
1,3,5,2,uniform,batched,30,P4_temporal,340.0
1,3,5,2,uniform,batched,30,P4_temporal,334.0
1,3,5,2,uniform,batched,30,P4_temporal,329.0
1,3,5,2,uniform,batched,30,P4_temporal,315.0
1,3,5,2,uniform,batched,30,P4_temporal,288.0
1,3,5,2,uniform,batched,30,P4_temporal,320.0
1,3,5,2,uniform,batched,30,P4_temporal,314.0
1,3,5,2,uniform,batched,30,P4_temporal,318.0
1,3,5,2,uniform,batched,30,P4_temporal,350.0
1,3,5,2,uniform,batched,30,P4_temporal,302.0
1,3,5,2,uniform,batched,30,P4_temporal,350.0
1,3,5,2,uniform,batched,30,P4_temporal,303.0
1,3,5,2,uniform,batched,30,P4_temporal,312.0
1,3,5,2,uniform,batched,30,P4_temporal,395.0
1,3,5,2,uniform,batched,30,P4_temporal,418.0
1,3,5,2,uniform,batched,30,P4_temporal,324.0
1,3,5,2,uniform,batched,30,P4_temporal,331.0
1,3,5,2,uniform,batched,30,P4_temporal,379.0
1,3,5,2,uniform,batched,30,P4_temporal,350.0
1,3,5,2,uniform,batched,30,P4_temporal,302.0
1,3,5,2,uniform,batched,30,P4_temporal,332.0
1,3,5,2,uniform,batched,30,P4_temporal,355.0
1,3,5,2,uniform,batched,30,P4_temporal,344.0
1,3,5,2,uniform,batched,30,P4_temporal,307.0
1,3,5,2,uniform,batched,30,P4_temporal,341.0
1,3,5,2,uniform,batched,30,P4_temporal,316.0
1,3,5,2,uniform,batched,30,P4_temporal,286.0
1,3,5,2,uniform,batched,30,P4_temporal,319.0
1,3,5,2,uniform,batched,30,P4_temporal,279.0
1,3,5,2,uniform,batched,30,P4_temporal,293.0
1,3,5,2,uniform,batched,30,P4_temporal,340.0
1,3,5,2,uniform,batched,30,P4_temporal,312.0
1,3,5,2,uniform,batched,30,P4_temporal,279.0
1,3,5,2,uniform,batched,30,P4_temporal,349.0
1,3,5,2,uniform,batched,30,P4_temporal,266.0
1,3,5,2,uniform,batched,30,P4_temporal,360.0
1,3,5,2,uniform,batched,30,P4_temporal,356.0
1,3,5,2,uniform,batched,30,P4_temporal,360.0
1,3,5,2,uniform,batched,30,P4_temporal,302.0
1,3,5,2,uniform,batched,30,P4_temporal,351.0
1,3,5,2,uniform,batched,30,P4_temporal,353.0
1,3,5,2,uniform,batched,30,P4_temporal,364.0
1,3,5,2,uniform,batched,30,P4_temporal,397.0
1,3,5,2,uniform,batched,30,P4_temporal,379.0
1,3,5,2,uniform,batched,30,P4_temporal,360.0
1,3,5,2,uniform,batched,30,P4_temporal,253.0
1,3,5,2,uniform,batched,30,P4_temporal,321.0
1,3,5,2,uniform,batched,30,P4_temporal,303.0
1,3,5,2,uniform,batched,30,P4_temporal,478.0
1,3,5,2,uniform,batched,30,P4_temporal,382.0
1,3,5,2,uniform,batched,30,P4_temporal,312.0
1,3,5,2,uniform,batched,30,P4_temporal,357.0
1,3,5,2,uniform,batched,30,P4_temporal,312.0
1,3,5,2,uniform,batched,30,P4_temporal,326.0
1,3,5,2,uniform,batched,30,P4_temporal,348.0
1,3,5,2,uniform,batched,30,P4_temporal,398.0
1,3,5,2,uniform,batched,30,P4_temporal,330.0
1,3,5,2,uniform,batched,30,P4_temporal,343.0
1,3,5,2,uniform,batched,30,P4_temporal,374.0
1,3,5,2,uniform,batched,30,P4_temporal,330.0
1,3,5,2,uniform,batched,30,P4_temporal,317.0
1,3,5,2,uniform,batched,30,P4_temporal,469.0
1,3,5,2,uniform,batched,30,P4_temporal,325.0
1,3,5,2,uniform,batched,30,P4_temporal,361.0
1,3,5,2,uniform,batched,30,P4_temporal,344.0
1,3,5,2,uniform,batched,30,P4_temporal,357.0
1,3,5,2,uniform,batched,30,P4_temporal,356.0
1,3,5,2,uniform,batched,30,P4_temporal,407.0
1,3,5,2,uniform,batched,30,P4_temporal,350.0
1,3,5,2,uniform,batched,30,P4_temporal,415.0
1,3,5,2,uniform,batched,30,P4_temporal,330.0
1,3,5,2,uniform,batched,30,P4_temporal,360.0
1,3,5,2,uniform,batched,30,P4_temporal,360.0
1,3,5,2,uniform,batched,30,P4_temporal,395.0
1,3,5,2,uniform,batched,30,P4_temporal,349.0
1,3,5,2,uniform,batched,30,P4_temporal,340.0
1,3,5,2,uniform,batched,30,P4_temporal,316.0
1,3,5,2,uniform,batched,30,P4_temporal,338.0
1,3,5,2,uniform,batched,30,P4_temporal,342.0
1,3,5,2,uniform,batched,30,P4_temporal,369.0
1,3,5,2,uniform,batched,30,P4_temporal,370.0
1,3,5,2,uniform,batched,30,P4_temporal,246.0
1,3,5,2,uniform,batched,30,P4_temporal,274.0
1,3,5,2,uniform,batched,30,P4_temporal,364.0
1,3,5,2,uniform,batched,30,P4_temporal,372.0
1,3,5,2,uniform,batched,30,P4_temporal,311.0
1,3,5,2,uniform,batched,30,P4_temporal,307.0
1,3,5,2,uniform,batched,30,P4_temporal,327.0
1,3,5,2,uniform,batched,30,P4_temporal,468.0
1,3,5,2,uniform,batched,30,P4_temporal,345.0
1,3,5,2,uniform,batched,30,P5_phi,324.0
1,3,5,2,uniform,batched,30,P5_phi,355.0
1,3,5,2,uniform,batched,30,P5_phi,306.0
1,3,5,2,uniform,batched,30,P5_phi,344.0
1,3,5,2,uniform,batched,30,P5_phi,255.0
1,3,5,2,uniform,batched,30,P5_phi,302.0
1,3,5,2,uniform,batched,30,P5_phi,325.0
1,3,5,2,uniform,batched,30,P5_phi,326.0
1,3,5,2,uniform,batched,30,P5_phi,238.0
1,3,5,2,uniform,batched,30,P5_phi,240.0
1,3,5,2,uniform,batched,30,P5_phi,324.0
1,3,5,2,uniform,batched,30,P5_phi,240.0
1,3,5,2,uniform,batched,30,P5_phi,273.0
1,3,5,2,uniform,batched,30,P5_phi,383.0
1,3,5,2,uniform,batched,30,P5_phi,354.0
1,3,5,2,uniform,batched,30,P5_phi,273.0
1,3,5,2,uniform,batched,30,P5_phi,302.0
1,3,5,2,uniform,batched,30,P5_phi,326.0
1,3,5,2,uniform,batched,30,P5_phi,316.0
1,3,5,2,uniform,batched,30,P5_phi,346.0
1,3,5,2,uniform,batched,30,P5_phi,305.0
1,3,5,2,uniform,batched,30,P5_phi,284.0
1,3,5,2,uniform,batched,30,P5_phi,234.0
1,3,5,2,uniform,batched,30,P5_phi,231.0
1,3,5,2,uniform,batched,30,P5_phi,290.0
1,3,5,2,uniform,batched,30,P5_phi,312.0
1,3,5,2,uniform,batched,30,P5_phi,306.0
1,3,5,2,uniform,batched,30,P5_phi,293.0
1,3,5,2,uniform,batched,30,P5_phi,321.0
1,3,5,2,uniform,batched,30,P5_phi,326.0
1,3,5,2,uniform,batched,30,P5_phi,293.0
1,3,5,2,uniform,batched,30,P5_phi,284.0
1,3,5,2,uniform,batched,30,P5_phi,312.0
1,3,5,2,uniform,batched,30,P5_phi,321.0
1,3,5,2,uniform,batched,30,P5_phi,268.0
1,3,5,2,uniform,batched,30,P5_phi,398.0
1,3,5,2,uniform,batched,30,P5_phi,341.0
1,3,5,2,uniform,batched,30,P5_phi,326.0
1,3,5,2,uniform,batched,30,P5_phi,327.0
1,3,5,2,uniform,batched,30,P5_phi,320.0
1,3,5,2,uniform,batched,30,P5_phi,331.0
1,3,5,2,uniform,batched,30,P5_phi,331.0
1,3,5,2,uniform,batched,30,P5_phi,336.0
1,3,5,2,uniform,batched,30,P5_phi,376.0
1,3,5,2,uniform,batched,30,P5_phi,288.0
1,3,5,2,uniform,batched,30,P5_phi,365.0
1,3,5,2,uniform,batched,30,P5_phi,298.0
1,3,5,2,uniform,batched,30,P5_phi,305.0
1,3,5,2,uniform,batched,30,P5_phi,327.0
1,3,5,2,uniform,batched,30,P5_phi,306.0
1,3,5,2,uniform,batched,30,P5_phi,330.0
1,3,5,2,uniform,batched,30,P5_phi,344.0
1,3,5,2,uniform,batched,30,P5_phi,291.0
1,3,5,2,uniform,batched,30,P5_phi,312.0
1,3,5,2,uniform,batched,30,P5_phi,302.0
1,3,5,2,uniform,batched,30,P5_phi,265.0
1,3,5,2,uniform,batched,30,P5_phi,308.0
1,3,5,2,uniform,batched,30,P5_phi,298.0
1,3,5,2,uniform,batched,30,P5_phi,330.0
1,3,5,2,uniform,batched,30,P5_phi,286.0
1,3,5,2,uniform,batched,30,P5_phi,330.0
1,3,5,2,uniform,batched,30,P5_phi,365.0
1,3,5,2,uniform,batched,30,P5_phi,302.0
1,3,5,2,uniform,batched,30,P5_phi,317.0
1,3,5,2,uniform,batched,30,P5_phi,306.0
1,3,5,2,uniform,batched,30,P5_phi,370.0
1,3,5,2,uniform,batched,30,P5_phi,254.0
1,3,5,2,uniform,batched,30,P5_phi,275.0
1,3,5,2,uniform,batched,30,P5_phi,354.0
1,3,5,2,uniform,batched,30,P5_phi,316.0
1,3,5,2,uniform,batched,30,P5_phi,255.0
1,3,5,2,uniform,batched,30,P5_phi,295.0
1,3,5,2,uniform,batched,30,P5_phi,398.0
1,3,5,2,uniform,batched,30,P5_phi,300.0
1,3,5,2,uniform,batched,30,P5_phi,365.0
1,3,5,2,uniform,batched,30,P5_phi,342.0
1,3,5,2,uniform,batched,30,P5_phi,329.0
1,3,5,2,uniform,batched,30,P5_phi,386.0
1,3,5,2,uniform,batched,30,P5_phi,258.0
1,3,5,2,uniform,batched,30,P5_phi,285.0
1,3,5,2,uniform,batched,30,P5_phi,344.0
1,3,5,2,uniform,batched,30,P5_phi,384.0
1,3,5,2,uniform,batched,30,P5_phi,306.0
1,3,5,2,uniform,batched,30,P5_phi,386.0
1,3,5,2,uniform,batched,30,P5_phi,311.0
1,3,5,2,uniform,batched,30,P5_phi,336.0
1,3,5,2,uniform,batched,30,P5_phi,346.0
1,3,5,2,uniform,batched,30,P5_phi,264.0
1,3,5,2,uniform,batched,30,P5_phi,305.0
1,3,5,2,uniform,batched,30,P5_phi,292.0
1,3,5,2,uniform,batched,30,P5_phi,351.0
1,3,5,2,uniform,batched,30,P5_phi,252.0
1,3,5,2,uniform,batched,30,P5_phi,278.0
1,3,5,2,uniform,batched,30,P5_phi,298.0
1,3,5,2,uniform,batched,30,P5_phi,303.0
1,3,5,2,uniform,batched,30,P5_phi,295.0
1,3,5,2,uniform,batched,30,P5_phi,327.0
1,3,5,2,uniform,batched,30,P5_phi,297.0
1,3,5,2,uniform,batched,30,P5_phi,297.0
1,3,5,2,uniform,batched,30,P5_phi,324.0
1,3,5,2,uniform,batched,30,P5_phi,349.0
1,3,5,2,uniform,batched,30,P5_phi,383.0
1,3,5,2,uniform,batched,30,P5_phi,289.0
1,3,5,2,uniform,batched,30,P5_phi,416.0
1,3,5,2,uniform,batched,30,P5_phi,309.0
1,3,5,2,uniform,batched,30,P5_phi,288.0
1,3,5,2,uniform,batched,30,P5_phi,305.0
1,3,5,2,uniform,batched,30,P5_phi,271.0
1,3,5,2,uniform,batched,30,P5_phi,231.0
1,3,5,2,uniform,batched,30,P5_phi,268.0
1,3,5,2,uniform,batched,30,P5_phi,364.0
1,3,5,2,uniform,batched,30,P5_phi,326.0
1,3,5,2,uniform,batched,30,P5_phi,319.0
1,3,5,2,uniform,batched,30,P5_phi,342.0
1,3,5,2,uniform,batched,30,P5_phi,217.0
1,3,5,2,uniform,batched,30,P5_phi,342.0
1,3,5,2,uniform,batched,30,P5_phi,305.0
1,3,5,2,uniform,batched,30,P5_phi,274.0
1,3,5,2,uniform,batched,30,P5_phi,268.0
1,3,5,2,uniform,batched,30,P5_phi,319.0
1,3,5,2,uniform,batched,30,P5_phi,320.0
1,3,5,2,uniform,batched,30,P5_phi,317.0
1,3,5,2,uniform,batched,30,P5_phi,273.0
1,3,5,2,uniform,batched,30,P5_phi,336.0
1,3,5,2,uniform,batched,30,P5_phi,293.0
1,3,5,2,uniform,batched,30,P5_phi,306.0
1,3,5,2,uniform,batched,30,P5_phi,336.0
1,3,5,2,uniform,batched,30,P5_phi,364.0
1,3,5,2,uniform,batched,30,P5_phi,382.0
1,3,5,2,uniform,batched,30,P5_phi,360.0
1,3,5,2,uniform,batched,30,P5_phi,317.0
1,3,5,2,uniform,batched,30,P5_phi,288.0
1,3,5,2,uniform,batched,30,P5_phi,384.0
1,3,5,2,uniform,batched,30,P5_phi,302.0
1,3,5,2,uniform,batched,30,P5_phi,336.0
1,3,5,2,uniform,batched,30,P5_phi,254.0
1,3,5,2,uniform,batched,30,P5_phi,324.0
1,3,5,2,uniform,batched,30,P5_phi,306.0
1,3,5,2,uniform,batched,30,P5_phi,365.0
1,3,5,2,uniform,batched,30,P5_phi,356.0
1,3,5,2,uniform,batched,30,P5_phi,334.0
1,3,5,2,uniform,batched,30,P5_phi,356.0
1,3,5,2,uniform,batched,30,P5_phi,321.0
1,3,5,2,uniform,batched,30,P5_phi,364.0
1,3,5,2,uniform,batched,30,P5_phi,299.0
1,3,5,2,uniform,batched,30,P5_phi,325.0
1,3,5,2,uniform,batched,30,P5_phi,302.0
1,3,5,2,uniform,batched,30,P5_phi,291.0
1,3,5,2,uniform,batched,30,P5_phi,312.0
1,3,5,2,uniform,batched,30,P5_phi,326.0
1,3,5,2,uniform,batched,30,P5_phi,281.0
1,3,5,2,uniform,batched,30,P5_phi,335.0
1,3,5,2,uniform,batched,30,P5_phi,320.0
1,3,5,2,uniform,batched,30,P5_phi,352.0
1,3,5,2,uniform,batched,30,P5_phi,341.0
1,3,5,2,uniform,batched,30,P5_phi,316.0
1,3,5,2,uniform,batched,30,P5_phi,327.0
1,3,5,2,uniform,batched,30,P5_phi,321.0
1,3,5,2,uniform,batched,30,P5_phi,349.0
1,3,5,2,uniform,batched,30,P5_phi,324.0
1,3,5,2,uniform,batched,30,P5_phi,317.0
1,3,5,2,uniform,batched,30,P5_phi,300.0
1,3,5,2,uniform,batched,30,P5_phi,336.0
1,3,5,2,uniform,batched,30,P5_phi,383.0
1,3,5,2,uniform,batched,30,P5_phi,342.0
1,3,5,2,uniform,batched,30,P5_phi,231.0
1,3,5,2,uniform,batched,30,P5_phi,303.0
1,3,5,2,uniform,batched,30,P5_phi,337.0
1,3,5,2,uniform,batched,30,P5_phi,373.0
1,3,5,2,uniform,batched,30,P5_phi,343.0
1,3,5,2,uniform,batched,30,P5_phi,298.0
1,3,5,2,uniform,batched,30,P5_phi,329.0
1,3,5,2,uniform,batched,30,P5_phi,360.0
1,3,5,2,uniform,batched,30,P5_phi,279.0
1,3,5,2,uniform,batched,30,P5_phi,385.0
1,3,5,2,uniform,batched,30,P5_phi,336.0
1,3,5,2,uniform,batched,30,P5_phi,331.0
1,3,5,2,uniform,batched,30,P5_phi,374.0
1,3,5,2,uniform,batched,30,P5_phi,327.0
1,3,5,2,uniform,batched,30,P5_phi,285.0
1,3,5,2,uniform,batched,30,P5_phi,293.0
1,3,5,2,uniform,batched,30,P5_phi,299.0
1,3,5,2,uniform,batched,30,P5_phi,289.0
1,3,5,2,uniform,batched,30,P5_phi,330.0
1,3,5,2,uniform,batched,30,P5_phi,217.0
1,3,5,2,uniform,batched,30,P5_phi,296.0
1,3,5,2,uniform,batched,30,P5_phi,252.0
1,3,5,2,uniform,batched,30,P5_phi,279.0
1,3,5,2,uniform,batched,30,P5_phi,281.0
1,3,5,2,uniform,batched,30,P5_phi,355.0
1,3,5,2,uniform,batched,30,P5_phi,334.0
1,3,5,2,uniform,batched,30,P5_phi,398.0
1,3,5,2,uniform,batched,30,P5_phi,290.0
1,3,5,2,uniform,batched,30,P5_phi,306.0
1,3,5,2,uniform,batched,30,P5_phi,289.0
1,3,5,2,uniform,batched,30,P5_phi,391.0
1,3,5,2,uniform,batched,30,P5_phi,372.0
1,3,5,2,uniform,batched,30,P5_phi,312.0
1,3,5,2,uniform,batched,30,P5_phi,291.0
1,3,5,2,uniform,batched,30,P5_phi,365.0
1,3,5,2,uniform,batched,30,P6_spo_tree,351.0
1,3,5,2,uniform,batched,30,P6_spo_tree,334.0
1,3,5,2,uniform,batched,30,P6_spo_tree,364.0
1,3,5,2,uniform,batched,30,P6_spo_tree,259.0
1,3,5,2,uniform,batched,30,P6_spo_tree,412.0
1,3,5,2,uniform,batched,30,P6_spo_tree,320.0
1,3,5,2,uniform,batched,30,P6_spo_tree,279.0
1,3,5,2,uniform,batched,30,P6_spo_tree,264.0
1,3,5,2,uniform,batched,30,P6_spo_tree,374.0
1,3,5,2,uniform,batched,30,P6_spo_tree,265.0
1,3,5,2,uniform,batched,30,P6_spo_tree,305.0
1,3,5,2,uniform,batched,30,P6_spo_tree,252.0
1,3,5,2,uniform,batched,30,P6_spo_tree,316.0
1,3,5,2,uniform,batched,30,P6_spo_tree,266.0
1,3,5,2,uniform,batched,30,P6_spo_tree,364.0
1,3,5,2,uniform,batched,30,P6_spo_tree,286.0
1,3,5,2,uniform,batched,30,P6_spo_tree,344.0
1,3,5,2,uniform,batched,30,P6_spo_tree,312.0
1,3,5,2,uniform,batched,30,P6_spo_tree,287.0
1,3,5,2,uniform,batched,30,P6_spo_tree,354.0
1,3,5,2,uniform,batched,30,P6_spo_tree,350.0
1,3,5,2,uniform,batched,30,P6_spo_tree,347.0
1,3,5,2,uniform,batched,30,P6_spo_tree,350.0
1,3,5,2,uniform,batched,30,P6_spo_tree,380.0
1,3,5,2,uniform,batched,30,P6_spo_tree,331.0
1,3,5,2,uniform,batched,30,P6_spo_tree,335.0
1,3,5,2,uniform,batched,30,P6_spo_tree,241.0
1,3,5,2,uniform,batched,30,P6_spo_tree,290.0
1,3,5,2,uniform,batched,30,P6_spo_tree,320.0
1,3,5,2,uniform,batched,30,P6_spo_tree,325.0
1,3,5,2,uniform,batched,30,P6_spo_tree,246.0
1,3,5,2,uniform,batched,30,P6_spo_tree,308.0
1,3,5,2,uniform,batched,30,P6_spo_tree,396.0
1,3,5,2,uniform,batched,30,P6_spo_tree,289.0
1,3,5,2,uniform,batched,30,P6_spo_tree,332.0
1,3,5,2,uniform,batched,30,P6_spo_tree,282.0
1,3,5,2,uniform,batched,30,P6_spo_tree,260.0
1,3,5,2,uniform,batched,30,P6_spo_tree,302.0
1,3,5,2,uniform,batched,30,P6_spo_tree,306.0
1,3,5,2,uniform,batched,30,P6_spo_tree,383.0
1,3,5,2,uniform,batched,30,P6_spo_tree,350.0
1,3,5,2,uniform,batched,30,P6_spo_tree,310.0
1,3,5,2,uniform,batched,30,P6_spo_tree,313.0
1,3,5,2,uniform,batched,30,P6_spo_tree,368.0
1,3,5,2,uniform,batched,30,P6_spo_tree,332.0
1,3,5,2,uniform,batched,30,P6_spo_tree,240.0
1,3,5,2,uniform,batched,30,P6_spo_tree,365.0
1,3,5,2,uniform,batched,30,P6_spo_tree,245.0
1,3,5,2,uniform,batched,30,P6_spo_tree,362.0
1,3,5,2,uniform,batched,30,P6_spo_tree,374.0
1,3,5,2,uniform,batched,30,P6_spo_tree,399.0
1,3,5,2,uniform,batched,30,P6_spo_tree,339.0
1,3,5,2,uniform,batched,30,P6_spo_tree,355.0
1,3,5,2,uniform,batched,30,P6_spo_tree,316.0
1,3,5,2,uniform,batched,30,P6_spo_tree,340.0
1,3,5,2,uniform,batched,30,P6_spo_tree,286.0
1,3,5,2,uniform,batched,30,P6_spo_tree,302.0
1,3,5,2,uniform,batched,30,P6_spo_tree,303.0
1,3,5,2,uniform,batched,30,P6_spo_tree,349.0
1,3,5,2,uniform,batched,30,P6_spo_tree,292.0
1,3,5,2,uniform,batched,30,P6_spo_tree,314.0
1,3,5,2,uniform,batched,30,P6_spo_tree,316.0
1,3,5,2,uniform,batched,30,P6_spo_tree,339.0
1,3,5,2,uniform,batched,30,P6_spo_tree,316.0
1,3,5,2,uniform,batched,30,P6_spo_tree,298.0
1,3,5,2,uniform,batched,30,P6_spo_tree,372.0
1,3,5,2,uniform,batched,30,P6_spo_tree,279.0
1,3,5,2,uniform,batched,30,P6_spo_tree,354.0
1,3,5,2,uniform,batched,30,P6_spo_tree,287.0
1,3,5,2,uniform,batched,30,P6_spo_tree,304.0
1,3,5,2,uniform,batched,30,P6_spo_tree,336.0
1,3,5,2,uniform,batched,30,P6_spo_tree,321.0
1,3,5,2,uniform,batched,30,P6_spo_tree,355.0
1,3,5,2,uniform,batched,30,P6_spo_tree,364.0
1,3,5,2,uniform,batched,30,P6_spo_tree,336.0
1,3,5,2,uniform,batched,30,P6_spo_tree,340.0
1,3,5,2,uniform,batched,30,P6_spo_tree,310.0
1,3,5,2,uniform,batched,30,P6_spo_tree,330.0
1,3,5,2,uniform,batched,30,P6_spo_tree,294.0
1,3,5,2,uniform,batched,30,P6_spo_tree,288.0
1,3,5,2,uniform,batched,30,P6_spo_tree,240.0
1,3,5,2,uniform,batched,30,P6_spo_tree,245.0
1,3,5,2,uniform,batched,30,P6_spo_tree,321.0
1,3,5,2,uniform,batched,30,P6_spo_tree,360.0
1,3,5,2,uniform,batched,30,P6_spo_tree,290.0
1,3,5,2,uniform,batched,30,P6_spo_tree,345.0
1,3,5,2,uniform,batched,30,P6_spo_tree,255.0
1,3,5,2,uniform,batched,30,P6_spo_tree,289.0
1,3,5,2,uniform,batched,30,P6_spo_tree,289.0
1,3,5,2,uniform,batched,30,P6_spo_tree,317.0
1,3,5,2,uniform,batched,30,P6_spo_tree,307.0
1,3,5,2,uniform,batched,30,P6_spo_tree,315.0
1,3,5,2,uniform,batched,30,P6_spo_tree,298.0
1,3,5,2,uniform,batched,30,P6_spo_tree,358.0
1,3,5,2,uniform,batched,30,P6_spo_tree,236.0
1,3,5,2,uniform,batched,30,P6_spo_tree,283.0
1,3,5,2,uniform,batched,30,P6_spo_tree,306.0
1,3,5,2,uniform,batched,30,P6_spo_tree,280.0
1,3,5,2,uniform,batched,30,P6_spo_tree,347.0
1,3,5,2,uniform,batched,30,P6_spo_tree,349.0
1,3,5,2,uniform,batched,30,P6_spo_tree,296.0
1,3,5,2,uniform,batched,30,P6_spo_tree,355.0
1,3,5,2,uniform,batched,30,P6_spo_tree,368.0
1,3,5,2,uniform,batched,30,P6_spo_tree,369.0
1,3,5,2,uniform,batched,30,P6_spo_tree,392.0
1,3,5,2,uniform,batched,30,P6_spo_tree,349.0
1,3,5,2,uniform,batched,30,P6_spo_tree,348.0
1,3,5,2,uniform,batched,30,P6_spo_tree,309.0
1,3,5,2,uniform,batched,30,P6_spo_tree,365.0
1,3,5,2,uniform,batched,30,P6_spo_tree,308.0
1,3,5,2,uniform,batched,30,P6_spo_tree,349.0
1,3,5,2,uniform,batched,30,P6_spo_tree,301.0
1,3,5,2,uniform,batched,30,P6_spo_tree,335.0
1,3,5,2,uniform,batched,30,P6_spo_tree,304.0
1,3,5,2,uniform,batched,30,P6_spo_tree,358.0
1,3,5,2,uniform,batched,30,P6_spo_tree,360.0
1,3,5,2,uniform,batched,30,P6_spo_tree,263.0
1,3,5,2,uniform,batched,30,P6_spo_tree,393.0
1,3,5,2,uniform,batched,30,P6_spo_tree,355.0
1,3,5,2,uniform,batched,30,P6_spo_tree,327.0
1,3,5,2,uniform,batched,30,P6_spo_tree,283.0
1,3,5,2,uniform,batched,30,P6_spo_tree,327.0
1,3,5,2,uniform,batched,30,P6_spo_tree,383.0
1,3,5,2,uniform,batched,30,P6_spo_tree,368.0
1,3,5,2,uniform,batched,30,P6_spo_tree,354.0
1,3,5,2,uniform,batched,30,P6_spo_tree,368.0
1,3,5,2,uniform,batched,30,P6_spo_tree,355.0
1,3,5,2,uniform,batched,30,P6_spo_tree,327.0
1,3,5,2,uniform,batched,30,P6_spo_tree,388.0
1,3,5,2,uniform,batched,30,P6_spo_tree,220.0
1,3,5,2,uniform,batched,30,P6_spo_tree,306.0
1,3,5,2,uniform,batched,30,P6_spo_tree,317.0
1,3,5,2,uniform,batched,30,P6_spo_tree,291.0
1,3,5,2,uniform,batched,30,P6_spo_tree,259.0
1,3,5,2,uniform,batched,30,P6_spo_tree,339.0
1,3,5,2,uniform,batched,30,P6_spo_tree,365.0
1,3,5,2,uniform,batched,30,P6_spo_tree,312.0
1,3,5,2,uniform,batched,30,P6_spo_tree,340.0
1,3,5,2,uniform,batched,30,P6_spo_tree,306.0
1,3,5,2,uniform,batched,30,P6_spo_tree,378.0
1,3,5,2,uniform,batched,30,P6_spo_tree,365.0
1,3,5,2,uniform,batched,30,P6_spo_tree,286.0
1,3,5,2,uniform,batched,30,P6_spo_tree,383.0
1,3,5,2,uniform,batched,30,P6_spo_tree,359.0
1,3,5,2,uniform,batched,30,P6_spo_tree,374.0
1,3,5,2,uniform,batched,30,P6_spo_tree,331.0
1,3,5,2,uniform,batched,30,P6_spo_tree,253.0
1,3,5,2,uniform,batched,30,P6_spo_tree,383.0
1,3,5,2,uniform,batched,30,P6_spo_tree,303.0
1,3,5,2,uniform,batched,30,P6_spo_tree,264.0
1,3,5,2,uniform,batched,30,P6_spo_tree,297.0
1,3,5,2,uniform,batched,30,P6_spo_tree,384.0
1,3,5,2,uniform,batched,30,P6_spo_tree,321.0
1,3,5,2,uniform,batched,30,P6_spo_tree,335.0
1,3,5,2,uniform,batched,30,P6_spo_tree,352.0
1,3,5,2,uniform,batched,30,P6_spo_tree,331.0
1,3,5,2,uniform,batched,30,P6_spo_tree,327.0
1,3,5,2,uniform,batched,30,P6_spo_tree,360.0
1,3,5,2,uniform,batched,30,P6_spo_tree,331.0
1,3,5,2,uniform,batched,30,P6_spo_tree,374.0
1,3,5,2,uniform,batched,30,P6_spo_tree,253.0
1,3,5,2,uniform,batched,30,P6_spo_tree,317.0
1,3,5,2,uniform,batched,30,P6_spo_tree,355.0
1,3,5,2,uniform,batched,30,P6_spo_tree,289.0
1,3,5,2,uniform,batched,30,P6_spo_tree,297.0
1,3,5,2,uniform,batched,30,P6_spo_tree,330.0
1,3,5,2,uniform,batched,30,P6_spo_tree,318.0
1,3,5,2,uniform,batched,30,P6_spo_tree,379.0
1,3,5,2,uniform,batched,30,P6_spo_tree,265.0
1,3,5,2,uniform,batched,30,P6_spo_tree,338.0
1,3,5,2,uniform,batched,30,P6_spo_tree,325.0
1,3,5,2,uniform,batched,30,P6_spo_tree,273.0
1,3,5,2,uniform,batched,30,P6_spo_tree,339.0
1,3,5,2,uniform,batched,30,P6_spo_tree,348.0
1,3,5,2,uniform,batched,30,P6_spo_tree,263.0
1,3,5,2,uniform,batched,30,P6_spo_tree,380.0
1,3,5,2,uniform,batched,30,P6_spo_tree,343.0
1,3,5,2,uniform,batched,30,P6_spo_tree,292.0
1,3,5,2,uniform,batched,30,P6_spo_tree,354.0
1,3,5,2,uniform,batched,30,P6_spo_tree,295.0
1,3,5,2,uniform,batched,30,P6_spo_tree,389.0
1,3,5,2,uniform,batched,30,P6_spo_tree,357.0
1,3,5,2,uniform,batched,30,P6_spo_tree,345.0
1,3,5,2,uniform,batched,30,P6_spo_tree,384.0
1,3,5,2,uniform,batched,30,P6_spo_tree,318.0
1,3,5,2,uniform,batched,30,P6_spo_tree,329.0
1,3,5,2,uniform,batched,30,P6_spo_tree,401.0
1,3,5,2,uniform,batched,30,P6_spo_tree,325.0
1,3,5,2,uniform,batched,30,P6_spo_tree,303.0
1,3,5,2,uniform,batched,30,P6_spo_tree,399.0
1,3,5,2,uniform,batched,30,P6_spo_tree,293.0
1,3,5,2,uniform,batched,30,P6_spo_tree,412.0
1,3,5,2,uniform,batched,30,P6_spo_tree,392.0
1,3,5,2,uniform,batched,30,P6_spo_tree,366.0
1,3,5,2,uniform,batched,30,P6_spo_tree,240.0
1,3,5,2,uniform,batched,30,P6_spo_tree,269.0
1,3,5,2,uniform,batched,30,P6_spo_tree,336.0
1,3,5,2,uniform,batched,30,P6_spo_tree,319.0
1,3,5,2,uniform,batched,30,P6_spo_tree,350.0
1,3,5,2,uniform,batched,30,P6_spo_tree,344.0
3,3,15,2,clustered,batched,8,P0_random,81.0
3,3,15,2,clustered,batched,8,P0_random,66.0
3,3,15,2,clustered,batched,8,P0_random,129.0
3,3,15,2,clustered,batched,8,P0_random,76.0
3,3,15,2,clustered,batched,8,P0_random,95.0
3,3,15,2,clustered,batched,8,P0_random,128.0
3,3,15,2,clustered,batched,8,P0_random,104.0
3,3,15,2,clustered,batched,8,P0_random,143.0
3,3,15,2,clustered,batched,8,P0_random,66.0
3,3,15,2,clustered,batched,8,P0_random,90.0
3,3,15,2,clustered,batched,8,P0_random,119.0
3,3,15,2,clustered,batched,8,P0_random,100.0
3,3,15,2,clustered,batched,8,P0_random,105.0
3,3,15,2,clustered,batched,8,P0_random,95.0
3,3,15,2,clustered,batched,8,P0_random,118.0
3,3,15,2,clustered,batched,8,P0_random,118.0
3,3,15,2,clustered,batched,8,P0_random,71.0
3,3,15,2,clustered,batched,8,P0_random,110.0
3,3,15,2,clustered,batched,8,P0_random,109.0
3,3,15,2,clustered,batched,8,P0_random,114.0
3,3,15,2,clustered,batched,8,P0_random,95.0
3,3,15,2,clustered,batched,8,P0_random,90.0
3,3,15,2,clustered,batched,8,P0_random,152.0
3,3,15,2,clustered,batched,8,P0_random,114.0
3,3,15,2,clustered,batched,8,P0_random,143.0
3,3,15,2,clustered,batched,8,P0_random,100.0
3,3,15,2,clustered,batched,8,P0_random,138.0
3,3,15,2,clustered,batched,8,P0_random,90.0
3,3,15,2,clustered,batched,8,P0_random,109.0
3,3,15,2,clustered,batched,8,P0_random,86.0
3,3,15,2,clustered,batched,8,P0_random,119.0
3,3,15,2,clustered,batched,8,P0_random,86.0
3,3,15,2,clustered,batched,8,P0_random,71.0
3,3,15,2,clustered,batched,8,P0_random,129.0
3,3,15,2,clustered,batched,8,P0_random,119.0
3,3,15,2,clustered,batched,8,P0_random,100.0
3,3,15,2,clustered,batched,8,P0_random,66.0
3,3,15,2,clustered,batched,8,P0_random,100.0
3,3,15,2,clustered,batched,8,P0_random,70.0
3,3,15,2,clustered,batched,8,P0_random,57.0
3,3,15,2,clustered,batched,8,P0_random,133.0
3,3,15,2,clustered,batched,8,P0_random,104.0
3,3,15,2,clustered,batched,8,P0_random,90.0
3,3,15,2,clustered,batched,8,P0_random,81.0
3,3,15,2,clustered,batched,8,P0_random,105.0
3,3,15,2,clustered,batched,8,P0_random,85.0
3,3,15,2,clustered,batched,8,P0_random,114.0
3,3,15,2,clustered,batched,8,P0_random,104.0
3,3,15,2,clustered,batched,8,P0_random,90.0
3,3,15,2,clustered,batched,8,P0_random,100.0
3,3,15,2,clustered,batched,8,P0_random,100.0
3,3,15,2,clustered,batched,8,P0_random,95.0
3,3,15,2,clustered,batched,8,P0_random,105.0
3,3,15,2,clustered,batched,8,P0_random,95.0
3,3,15,2,clustered,batched,8,P0_random,114.0
3,3,15,2,clustered,batched,8,P0_random,90.0
3,3,15,2,clustered,batched,8,P0_random,76.0
3,3,15,2,clustered,batched,8,P0_random,114.0
3,3,15,2,clustered,batched,8,P0_random,137.0
3,3,15,2,clustered,batched,8,P0_random,105.0
3,3,15,2,clustered,batched,8,P0_random,114.0
3,3,15,2,clustered,batched,8,P0_random,119.0
3,3,15,2,clustered,batched,8,P0_random,100.0
3,3,15,2,clustered,batched,8,P0_random,81.0
3,3,15,2,clustered,batched,8,P0_random,90.0
3,3,15,2,clustered,batched,8,P0_random,71.0
3,3,15,2,clustered,batched,8,P0_random,81.0
3,3,15,2,clustered,batched,8,P0_random,52.0
3,3,15,2,clustered,batched,8,P0_random,110.0
3,3,15,2,clustered,batched,8,P0_random,85.0
3,3,15,2,clustered,batched,8,P0_random,114.0
3,3,15,2,clustered,batched,8,P0_random,129.0
3,3,15,2,clustered,batched,8,P0_random,95.0
3,3,15,2,clustered,batched,8,P0_random,81.0
3,3,15,2,clustered,batched,8,P0_random,100.0
3,3,15,2,clustered,batched,8,P0_random,76.0
3,3,15,2,clustered,batched,8,P0_random,90.0
3,3,15,2,clustered,batched,8,P0_random,76.0
3,3,15,2,clustered,batched,8,P0_random,119.0
3,3,15,2,clustered,batched,8,P0_random,90.0
3,3,15,2,clustered,batched,8,P0_random,128.0
3,3,15,2,clustered,batched,8,P0_random,143.0
3,3,15,2,clustered,batched,8,P0_random,81.0
3,3,15,2,clustered,batched,8,P0_random,89.0
3,3,15,2,clustered,batched,8,P0_random,109.0
3,3,15,2,clustered,batched,8,P0_random,105.0
3,3,15,2,clustered,batched,8,P0_random,161.0
3,3,15,2,clustered,batched,8,P0_random,66.0
3,3,15,2,clustered,batched,8,P0_random,71.0
3,3,15,2,clustered,batched,8,P0_random,71.0
3,3,15,2,clustered,batched,8,P0_random,114.0
3,3,15,2,clustered,batched,8,P0_random,124.0
3,3,15,2,clustered,batched,8,P0_random,114.0
3,3,15,2,clustered,batched,8,P0_random,85.0
3,3,15,2,clustered,batched,8,P0_random,124.0
3,3,15,2,clustered,batched,8,P0_random,86.0
3,3,15,2,clustered,batched,8,P0_random,152.0
3,3,15,2,clustered,batched,8,P0_random,133.0
3,3,15,2,clustered,batched,8,P0_random,100.0
3,3,15,2,clustered,batched,8,P0_random,104.0
3,3,15,2,clustered,batched,8,P0_random,57.0
3,3,15,2,clustered,batched,8,P0_random,71.0
3,3,15,2,clustered,batched,8,P0_random,95.0
3,3,15,2,clustered,batched,8,P0_random,109.0
3,3,15,2,clustered,batched,8,P0_random,81.0
3,3,15,2,clustered,batched,8,P0_random,81.0
3,3,15,2,clustered,batched,8,P0_random,128.0
3,3,15,2,clustered,batched,8,P0_random,109.0
3,3,15,2,clustered,batched,8,P0_random,100.0
3,3,15,2,clustered,batched,8,P0_random,152.0
3,3,15,2,clustered,batched,8,P0_random,52.0
3,3,15,2,clustered,batched,8,P0_random,128.0
3,3,15,2,clustered,batched,8,P0_random,100.0
3,3,15,2,clustered,batched,8,P0_random,52.0
3,3,15,2,clustered,batched,8,P0_random,86.0
3,3,15,2,clustered,batched,8,P0_random,114.0
3,3,15,2,clustered,batched,8,P0_random,114.0
3,3,15,2,clustered,batched,8,P0_random,123.0
3,3,15,2,clustered,batched,8,P0_random,90.0
3,3,15,2,clustered,batched,8,P0_random,105.0
3,3,15,2,clustered,batched,8,P0_random,105.0
3,3,15,2,clustered,batched,8,P0_random,104.0
3,3,15,2,clustered,batched,8,P0_random,114.0
3,3,15,2,clustered,batched,8,P0_random,152.0
3,3,15,2,clustered,batched,8,P0_random,105.0
3,3,15,2,clustered,batched,8,P0_random,114.0
3,3,15,2,clustered,batched,8,P0_random,81.0
3,3,15,2,clustered,batched,8,P0_random,123.0
3,3,15,2,clustered,batched,8,P0_random,109.0
3,3,15,2,clustered,batched,8,P0_random,76.0
3,3,15,2,clustered,batched,8,P0_random,104.0
3,3,15,2,clustered,batched,8,P0_random,104.0
3,3,15,2,clustered,batched,8,P0_random,114.0
3,3,15,2,clustered,batched,8,P0_random,57.0
3,3,15,2,clustered,batched,8,P0_random,76.0
3,3,15,2,clustered,batched,8,P0_random,95.0
3,3,15,2,clustered,batched,8,P0_random,71.0
3,3,15,2,clustered,batched,8,P0_random,100.0
3,3,15,2,clustered,batched,8,P0_random,99.0
3,3,15,2,clustered,batched,8,P0_random,109.0
3,3,15,2,clustered,batched,8,P0_random,133.0
3,3,15,2,clustered,batched,8,P0_random,85.0
3,3,15,2,clustered,batched,8,P0_random,76.0
3,3,15,2,clustered,batched,8,P0_random,81.0
3,3,15,2,clustered,batched,8,P0_random,80.0
3,3,15,2,clustered,batched,8,P0_random,105.0
3,3,15,2,clustered,batched,8,P0_random,86.0
3,3,15,2,clustered,batched,8,P0_random,81.0
3,3,15,2,clustered,batched,8,P0_random,76.0
3,3,15,2,clustered,batched,8,P0_random,109.0
3,3,15,2,clustered,batched,8,P0_random,71.0
3,3,15,2,clustered,batched,8,P0_random,71.0
3,3,15,2,clustered,batched,8,P0_random,81.0
3,3,15,2,clustered,batched,8,P0_random,76.0
3,3,15,2,clustered,batched,8,P0_random,90.0
3,3,15,2,clustered,batched,8,P0_random,90.0
3,3,15,2,clustered,batched,8,P0_random,76.0
3,3,15,2,clustered,batched,8,P0_random,104.0
3,3,15,2,clustered,batched,8,P0_random,114.0
3,3,15,2,clustered,batched,8,P0_random,114.0
3,3,15,2,clustered,batched,8,P0_random,76.0
3,3,15,2,clustered,batched,8,P0_random,104.0
3,3,15,2,clustered,batched,8,P0_random,95.0
3,3,15,2,clustered,batched,8,P0_random,81.0
3,3,15,2,clustered,batched,8,P0_random,85.0
3,3,15,2,clustered,batched,8,P0_random,81.0
3,3,15,2,clustered,batched,8,P0_random,95.0
3,3,15,2,clustered,batched,8,P0_random,119.0
3,3,15,2,clustered,batched,8,P0_random,67.0
3,3,15,2,clustered,batched,8,P0_random,147.0
3,3,15,2,clustered,batched,8,P0_random,90.0
3,3,15,2,clustered,batched,8,P0_random,124.0
3,3,15,2,clustered,batched,8,P0_random,90.0
3,3,15,2,clustered,batched,8,P0_random,71.0
3,3,15,2,clustered,batched,8,P0_random,152.0
3,3,15,2,clustered,batched,8,P0_random,104.0
3,3,15,2,clustered,batched,8,P0_random,109.0
3,3,15,2,clustered,batched,8,P0_random,61.0
3,3,15,2,clustered,batched,8,P0_random,76.0
3,3,15,2,clustered,batched,8,P0_random,119.0
3,3,15,2,clustered,batched,8,P0_random,81.0
3,3,15,2,clustered,batched,8,P0_random,76.0
3,3,15,2,clustered,batched,8,P0_random,114.0
3,3,15,2,clustered,batched,8,P0_random,76.0
3,3,15,2,clustered,batched,8,P0_random,143.0
3,3,15,2,clustered,batched,8,P0_random,114.0
3,3,15,2,clustered,batched,8,P0_random,133.0
3,3,15,2,clustered,batched,8,P0_random,71.0
3,3,15,2,clustered,batched,8,P0_random,81.0
3,3,15,2,clustered,batched,8,P0_random,100.0
3,3,15,2,clustered,batched,8,P0_random,80.0
3,3,15,2,clustered,batched,8,P0_random,133.0
3,3,15,2,clustered,batched,8,P0_random,100.0
3,3,15,2,clustered,batched,8,P0_random,114.0
3,3,15,2,clustered,batched,8,P0_random,100.0
3,3,15,2,clustered,batched,8,P0_random,71.0
3,3,15,2,clustered,batched,8,P0_random,138.0
3,3,15,2,clustered,batched,8,P0_random,119.0
3,3,15,2,clustered,batched,8,P0_random,99.0
3,3,15,2,clustered,batched,8,P0_random,52.0
3,3,15,2,clustered,batched,8,P1_dest_cluster,119.0
3,3,15,2,clustered,batched,8,P1_dest_cluster,114.0
3,3,15,2,clustered,batched,8,P1_dest_cluster,90.0
3,3,15,2,clustered,batched,8,P1_dest_cluster,81.0
3,3,15,2,clustered,batched,8,P1_dest_cluster,114.0
3,3,15,2,clustered,batched,8,P1_dest_cluster,95.0
3,3,15,2,clustered,batched,8,P1_dest_cluster,76.0
3,3,15,2,clustered,batched,8,P1_dest_cluster,133.0
3,3,15,2,clustered,batched,8,P1_dest_cluster,124.0
3,3,15,2,clustered,batched,8,P1_dest_cluster,90.0
3,3,15,2,clustered,batched,8,P1_dest_cluster,152.0
3,3,15,2,clustered,batched,8,P1_dest_cluster,133.0
3,3,15,2,clustered,batched,8,P1_dest_cluster,81.0
3,3,15,2,clustered,batched,8,P1_dest_cluster,90.0
3,3,15,2,clustered,batched,8,P1_dest_cluster,52.0
3,3,15,2,clustered,batched,8,P1_dest_cluster,66.0
3,3,15,2,clustered,batched,8,P1_dest_cluster,152.0
3,3,15,2,clustered,batched,8,P1_dest_cluster,90.0
3,3,15,2,clustered,batched,8,P1_dest_cluster,90.0
3,3,15,2,clustered,batched,8,P1_dest_cluster,95.0
3,3,15,2,clustered,batched,8,P1_dest_cluster,90.0
3,3,15,2,clustered,batched,8,P1_dest_cluster,95.0
3,3,15,2,clustered,batched,8,P1_dest_cluster,138.0
3,3,15,2,clustered,batched,8,P1_dest_cluster,81.0
3,3,15,2,clustered,batched,8,P1_dest_cluster,86.0
3,3,15,2,clustered,batched,8,P1_dest_cluster,114.0
3,3,15,2,clustered,batched,8,P1_dest_cluster,76.0
3,3,15,2,clustered,batched,8,P1_dest_cluster,76.0
3,3,15,2,clustered,batched,8,P1_dest_cluster,81.0
3,3,15,2,clustered,batched,8,P1_dest_cluster,81.0
3,3,15,2,clustered,batched,8,P1_dest_cluster,110.0
3,3,15,2,clustered,batched,8,P1_dest_cluster,114.0
3,3,15,2,clustered,batched,8,P1_dest_cluster,52.0
3,3,15,2,clustered,batched,8,P1_dest_cluster,114.0
3,3,15,2,clustered,batched,8,P1_dest_cluster,133.0
3,3,15,2,clustered,batched,8,P1_dest_cluster,81.0
3,3,15,2,clustered,batched,8,P1_dest_cluster,66.0
3,3,15,2,clustered,batched,8,P1_dest_cluster,114.0
3,3,15,2,clustered,batched,8,P1_dest_cluster,157.0
3,3,15,2,clustered,batched,8,P1_dest_cluster,71.0
3,3,15,2,clustered,batched,8,P1_dest_cluster,104.0
3,3,15,2,clustered,batched,8,P1_dest_cluster,119.0
3,3,15,2,clustered,batched,8,P1_dest_cluster,114.0
3,3,15,2,clustered,batched,8,P1_dest_cluster,100.0
3,3,15,2,clustered,batched,8,P1_dest_cluster,81.0
3,3,15,2,clustered,batched,8,P1_dest_cluster,81.0
3,3,15,2,clustered,batched,8,P1_dest_cluster,95.0
3,3,15,2,clustered,batched,8,P1_dest_cluster,119.0
3,3,15,2,clustered,batched,8,P1_dest_cluster,114.0
3,3,15,2,clustered,batched,8,P1_dest_cluster,90.0
3,3,15,2,clustered,batched,8,P1_dest_cluster,71.0
3,3,15,2,clustered,batched,8,P1_dest_cluster,95.0
3,3,15,2,clustered,batched,8,P1_dest_cluster,86.0
3,3,15,2,clustered,batched,8,P1_dest_cluster,76.0
3,3,15,2,clustered,batched,8,P1_dest_cluster,119.0
3,3,15,2,clustered,batched,8,P1_dest_cluster,95.0
3,3,15,2,clustered,batched,8,P1_dest_cluster,114.0
3,3,15,2,clustered,batched,8,P1_dest_cluster,114.0
3,3,15,2,clustered,batched,8,P1_dest_cluster,90.0
3,3,15,2,clustered,batched,8,P1_dest_cluster,95.0
3,3,15,2,clustered,batched,8,P1_dest_cluster,76.0
3,3,15,2,clustered,batched,8,P1_dest_cluster,114.0
3,3,15,2,clustered,batched,8,P1_dest_cluster,114.0
3,3,15,2,clustered,batched,8,P1_dest_cluster,152.0
3,3,15,2,clustered,batched,8,P1_dest_cluster,90.0
3,3,15,2,clustered,batched,8,P1_dest_cluster,66.0
3,3,15,2,clustered,batched,8,P1_dest_cluster,90.0
3,3,15,2,clustered,batched,8,P1_dest_cluster,133.0
3,3,15,2,clustered,batched,8,P1_dest_cluster,114.0
3,3,15,2,clustered,batched,8,P1_dest_cluster,119.0
3,3,15,2,clustered,batched,8,P1_dest_cluster,114.0
3,3,15,2,clustered,batched,8,P1_dest_cluster,114.0
3,3,15,2,clustered,batched,8,P1_dest_cluster,114.0
3,3,15,2,clustered,batched,8,P1_dest_cluster,152.0
3,3,15,2,clustered,batched,8,P1_dest_cluster,90.0
3,3,15,2,clustered,batched,8,P1_dest_cluster,138.0
3,3,15,2,clustered,batched,8,P1_dest_cluster,38.0
3,3,15,2,clustered,batched,8,P1_dest_cluster,81.0
3,3,15,2,clustered,batched,8,P1_dest_cluster,133.0
3,3,15,2,clustered,batched,8,P1_dest_cluster,100.0
3,3,15,2,clustered,batched,8,P1_dest_cluster,76.0
3,3,15,2,clustered,batched,8,P1_dest_cluster,38.0
3,3,15,2,clustered,batched,8,P1_dest_cluster,81.0
3,3,15,2,clustered,batched,8,P1_dest_cluster,114.0
3,3,15,2,clustered,batched,8,P1_dest_cluster,138.0
3,3,15,2,clustered,batched,8,P1_dest_cluster,133.0
3,3,15,2,clustered,batched,8,P1_dest_cluster,114.0
3,3,15,2,clustered,batched,8,P1_dest_cluster,95.0
3,3,15,2,clustered,batched,8,P1_dest_cluster,114.0
3,3,15,2,clustered,batched,8,P1_dest_cluster,38.0
3,3,15,2,clustered,batched,8,P1_dest_cluster,105.0
3,3,15,2,clustered,batched,8,P1_dest_cluster,114.0
3,3,15,2,clustered,batched,8,P1_dest_cluster,100.0
3,3,15,2,clustered,batched,8,P1_dest_cluster,95.0
3,3,15,2,clustered,batched,8,P1_dest_cluster,76.0
3,3,15,2,clustered,batched,8,P1_dest_cluster,81.0
3,3,15,2,clustered,batched,8,P1_dest_cluster,104.0
3,3,15,2,clustered,batched,8,P1_dest_cluster,33.0
3,3,15,2,clustered,batched,8,P1_dest_cluster,57.0
3,3,15,2,clustered,batched,8,P1_dest_cluster,119.0
3,3,15,2,clustered,batched,8,P1_dest_cluster,90.0
3,3,15,2,clustered,batched,8,P1_dest_cluster,76.0
3,3,15,2,clustered,batched,8,P1_dest_cluster,114.0
3,3,15,2,clustered,batched,8,P1_dest_cluster,81.0
3,3,15,2,clustered,batched,8,P1_dest_cluster,105.0
3,3,15,2,clustered,batched,8,P1_dest_cluster,71.0
3,3,15,2,clustered,batched,8,P1_dest_cluster,114.0
3,3,15,2,clustered,batched,8,P1_dest_cluster,90.0
3,3,15,2,clustered,batched,8,P1_dest_cluster,124.0
3,3,15,2,clustered,batched,8,P1_dest_cluster,86.0
3,3,15,2,clustered,batched,8,P1_dest_cluster,138.0
3,3,15,2,clustered,batched,8,P1_dest_cluster,95.0
3,3,15,2,clustered,batched,8,P1_dest_cluster,76.0
3,3,15,2,clustered,batched,8,P1_dest_cluster,105.0
3,3,15,2,clustered,batched,8,P1_dest_cluster,100.0
3,3,15,2,clustered,batched,8,P1_dest_cluster,114.0
3,3,15,2,clustered,batched,8,P1_dest_cluster,114.0
3,3,15,2,clustered,batched,8,P1_dest_cluster,124.0
3,3,15,2,clustered,batched,8,P1_dest_cluster,71.0
3,3,15,2,clustered,batched,8,P1_dest_cluster,114.0
3,3,15,2,clustered,batched,8,P1_dest_cluster,114.0
3,3,15,2,clustered,batched,8,P1_dest_cluster,114.0
3,3,15,2,clustered,batched,8,P1_dest_cluster,95.0
3,3,15,2,clustered,batched,8,P1_dest_cluster,81.0
3,3,15,2,clustered,batched,8,P1_dest_cluster,114.0
3,3,15,2,clustered,batched,8,P1_dest_cluster,152.0
3,3,15,2,clustered,batched,8,P1_dest_cluster,57.0
3,3,15,2,clustered,batched,8,P1_dest_cluster,81.0
3,3,15,2,clustered,batched,8,P1_dest_cluster,100.0
3,3,15,2,clustered,batched,8,P1_dest_cluster,152.0
3,3,15,2,clustered,batched,8,P1_dest_cluster,76.0
3,3,15,2,clustered,batched,8,P1_dest_cluster,133.0
3,3,15,2,clustered,batched,8,P1_dest_cluster,71.0
3,3,15,2,clustered,batched,8,P1_dest_cluster,95.0
3,3,15,2,clustered,batched,8,P1_dest_cluster,90.0
3,3,15,2,clustered,batched,8,P1_dest_cluster,95.0
3,3,15,2,clustered,batched,8,P1_dest_cluster,95.0
3,3,15,2,clustered,batched,8,P1_dest_cluster,90.0
3,3,15,2,clustered,batched,8,P1_dest_cluster,76.0
3,3,15,2,clustered,batched,8,P1_dest_cluster,66.0
3,3,15,2,clustered,batched,8,P1_dest_cluster,76.0
3,3,15,2,clustered,batched,8,P1_dest_cluster,90.0
3,3,15,2,clustered,batched,8,P1_dest_cluster,95.0
3,3,15,2,clustered,batched,8,P1_dest_cluster,133.0
3,3,15,2,clustered,batched,8,P1_dest_cluster,95.0
3,3,15,2,clustered,batched,8,P1_dest_cluster,100.0
3,3,15,2,clustered,batched,8,P1_dest_cluster,114.0
3,3,15,2,clustered,batched,8,P1_dest_cluster,110.0
3,3,15,2,clustered,batched,8,P1_dest_cluster,100.0
3,3,15,2,clustered,batched,8,P1_dest_cluster,81.0
3,3,15,2,clustered,batched,8,P1_dest_cluster,95.0
3,3,15,2,clustered,batched,8,P1_dest_cluster,100.0
3,3,15,2,clustered,batched,8,P1_dest_cluster,76.0
3,3,15,2,clustered,batched,8,P1_dest_cluster,114.0
3,3,15,2,clustered,batched,8,P1_dest_cluster,124.0
3,3,15,2,clustered,batched,8,P1_dest_cluster,90.0
3,3,15,2,clustered,batched,8,P1_dest_cluster,90.0
3,3,15,2,clustered,batched,8,P1_dest_cluster,81.0
3,3,15,2,clustered,batched,8,P1_dest_cluster,90.0
3,3,15,2,clustered,batched,8,P1_dest_cluster,81.0
3,3,15,2,clustered,batched,8,P1_dest_cluster,81.0
3,3,15,2,clustered,batched,8,P1_dest_cluster,95.0
3,3,15,2,clustered,batched,8,P1_dest_cluster,152.0
3,3,15,2,clustered,batched,8,P1_dest_cluster,124.0
3,3,15,2,clustered,batched,8,P1_dest_cluster,57.0
3,3,15,2,clustered,batched,8,P1_dest_cluster,95.0
3,3,15,2,clustered,batched,8,P1_dest_cluster,66.0
3,3,15,2,clustered,batched,8,P1_dest_cluster,90.0
3,3,15,2,clustered,batched,8,P1_dest_cluster,57.0
3,3,15,2,clustered,batched,8,P1_dest_cluster,114.0
3,3,15,2,clustered,batched,8,P1_dest_cluster,152.0
3,3,15,2,clustered,batched,8,P1_dest_cluster,52.0
3,3,15,2,clustered,batched,8,P1_dest_cluster,71.0
3,3,15,2,clustered,batched,8,P1_dest_cluster,81.0
3,3,15,2,clustered,batched,8,P1_dest_cluster,81.0
3,3,15,2,clustered,batched,8,P1_dest_cluster,109.0
3,3,15,2,clustered,batched,8,P1_dest_cluster,81.0
3,3,15,2,clustered,batched,8,P1_dest_cluster,114.0
3,3,15,2,clustered,batched,8,P1_dest_cluster,81.0
3,3,15,2,clustered,batched,8,P1_dest_cluster,33.0
3,3,15,2,clustered,batched,8,P1_dest_cluster,104.0
3,3,15,2,clustered,batched,8,P1_dest_cluster,76.0
3,3,15,2,clustered,batched,8,P1_dest_cluster,90.0
3,3,15,2,clustered,batched,8,P1_dest_cluster,90.0
3,3,15,2,clustered,batched,8,P1_dest_cluster,100.0
3,3,15,2,clustered,batched,8,P1_dest_cluster,114.0
3,3,15,2,clustered,batched,8,P1_dest_cluster,128.0
3,3,15,2,clustered,batched,8,P1_dest_cluster,81.0
3,3,15,2,clustered,batched,8,P1_dest_cluster,81.0
3,3,15,2,clustered,batched,8,P1_dest_cluster,114.0
3,3,15,2,clustered,batched,8,P1_dest_cluster,143.0
3,3,15,2,clustered,batched,8,P1_dest_cluster,57.0
3,3,15,2,clustered,batched,8,P1_dest_cluster,57.0
3,3,15,2,clustered,batched,8,P1_dest_cluster,86.0
3,3,15,2,clustered,batched,8,P1_dest_cluster,114.0
3,3,15,2,clustered,batched,8,P1_dest_cluster,76.0
3,3,15,2,clustered,batched,8,P1_dest_cluster,76.0
3,3,15,2,clustered,batched,8,P1_dest_cluster,90.0
3,3,15,2,clustered,batched,8,P1_dest_cluster,114.0
3,3,15,2,clustered,batched,8,P1_dest_cluster,71.0
3,3,15,2,clustered,batched,8,P2_cardinality,128.0
3,3,15,2,clustered,batched,8,P2_cardinality,90.0
3,3,15,2,clustered,batched,8,P2_cardinality,119.0
3,3,15,2,clustered,batched,8,P2_cardinality,57.0
3,3,15,2,clustered,batched,8,P2_cardinality,76.0
3,3,15,2,clustered,batched,8,P2_cardinality,114.0
3,3,15,2,clustered,batched,8,P2_cardinality,95.0
3,3,15,2,clustered,batched,8,P2_cardinality,128.0
3,3,15,2,clustered,batched,8,P2_cardinality,76.0
3,3,15,2,clustered,batched,8,P2_cardinality,81.0
3,3,15,2,clustered,batched,8,P2_cardinality,100.0
3,3,15,2,clustered,batched,8,P2_cardinality,138.0
3,3,15,2,clustered,batched,8,P2_cardinality,138.0
3,3,15,2,clustered,batched,8,P2_cardinality,100.0
3,3,15,2,clustered,batched,8,P2_cardinality,57.0
3,3,15,2,clustered,batched,8,P2_cardinality,104.0
3,3,15,2,clustered,batched,8,P2_cardinality,119.0
3,3,15,2,clustered,batched,8,P2_cardinality,119.0
3,3,15,2,clustered,batched,8,P2_cardinality,133.0
3,3,15,2,clustered,batched,8,P2_cardinality,119.0
3,3,15,2,clustered,batched,8,P2_cardinality,57.0
3,3,15,2,clustered,batched,8,P2_cardinality,119.0
3,3,15,2,clustered,batched,8,P2_cardinality,123.0
3,3,15,2,clustered,batched,8,P2_cardinality,100.0
3,3,15,2,clustered,batched,8,P2_cardinality,114.0
3,3,15,2,clustered,batched,8,P2_cardinality,95.0
3,3,15,2,clustered,batched,8,P2_cardinality,90.0
3,3,15,2,clustered,batched,8,P2_cardinality,66.0
3,3,15,2,clustered,batched,8,P2_cardinality,119.0
3,3,15,2,clustered,batched,8,P2_cardinality,128.0
3,3,15,2,clustered,batched,8,P2_cardinality,71.0
3,3,15,2,clustered,batched,8,P2_cardinality,114.0
3,3,15,2,clustered,batched,8,P2_cardinality,95.0
3,3,15,2,clustered,batched,8,P2_cardinality,100.0
3,3,15,2,clustered,batched,8,P2_cardinality,95.0
3,3,15,2,clustered,batched,8,P2_cardinality,90.0
3,3,15,2,clustered,batched,8,P2_cardinality,66.0
3,3,15,2,clustered,batched,8,P2_cardinality,123.0
3,3,15,2,clustered,batched,8,P2_cardinality,95.0
3,3,15,2,clustered,batched,8,P2_cardinality,81.0
3,3,15,2,clustered,batched,8,P2_cardinality,100.0
3,3,15,2,clustered,batched,8,P2_cardinality,90.0
3,3,15,2,clustered,batched,8,P2_cardinality,100.0
3,3,15,2,clustered,batched,8,P2_cardinality,138.0
3,3,15,2,clustered,batched,8,P2_cardinality,114.0
3,3,15,2,clustered,batched,8,P2_cardinality,114.0
3,3,15,2,clustered,batched,8,P2_cardinality,119.0
3,3,15,2,clustered,batched,8,P2_cardinality,90.0
3,3,15,2,clustered,batched,8,P2_cardinality,105.0
3,3,15,2,clustered,batched,8,P2_cardinality,133.0
3,3,15,2,clustered,batched,8,P2_cardinality,66.0
3,3,15,2,clustered,batched,8,P2_cardinality,90.0
3,3,15,2,clustered,batched,8,P2_cardinality,47.0
3,3,15,2,clustered,batched,8,P2_cardinality,152.0
3,3,15,2,clustered,batched,8,P2_cardinality,157.0
3,3,15,2,clustered,batched,8,P2_cardinality,138.0
3,3,15,2,clustered,batched,8,P2_cardinality,47.0
3,3,15,2,clustered,batched,8,P2_cardinality,71.0
3,3,15,2,clustered,batched,8,P2_cardinality,95.0
3,3,15,2,clustered,batched,8,P2_cardinality,85.0
3,3,15,2,clustered,batched,8,P2_cardinality,105.0
3,3,15,2,clustered,batched,8,P2_cardinality,52.0
3,3,15,2,clustered,batched,8,P2_cardinality,133.0
3,3,15,2,clustered,batched,8,P2_cardinality,76.0
3,3,15,2,clustered,batched,8,P2_cardinality,114.0
3,3,15,2,clustered,batched,8,P2_cardinality,143.0
3,3,15,2,clustered,batched,8,P2_cardinality,86.0
3,3,15,2,clustered,batched,8,P2_cardinality,95.0
3,3,15,2,clustered,batched,8,P2_cardinality,80.0
3,3,15,2,clustered,batched,8,P2_cardinality,95.0
3,3,15,2,clustered,batched,8,P2_cardinality,71.0
3,3,15,2,clustered,batched,8,P2_cardinality,66.0
3,3,15,2,clustered,batched,8,P2_cardinality,152.0
3,3,15,2,clustered,batched,8,P2_cardinality,62.0
3,3,15,2,clustered,batched,8,P2_cardinality,95.0
3,3,15,2,clustered,batched,8,P2_cardinality,95.0
3,3,15,2,clustered,batched,8,P2_cardinality,95.0
3,3,15,2,clustered,batched,8,P2_cardinality,66.0
3,3,15,2,clustered,batched,8,P2_cardinality,114.0
3,3,15,2,clustered,batched,8,P2_cardinality,52.0
3,3,15,2,clustered,batched,8,P2_cardinality,57.0
3,3,15,2,clustered,batched,8,P2_cardinality,76.0
3,3,15,2,clustered,batched,8,P2_cardinality,90.0
3,3,15,2,clustered,batched,8,P2_cardinality,128.0
3,3,15,2,clustered,batched,8,P2_cardinality,105.0
3,3,15,2,clustered,batched,8,P2_cardinality,100.0
3,3,15,2,clustered,batched,8,P2_cardinality,95.0
3,3,15,2,clustered,batched,8,P2_cardinality,157.0
3,3,15,2,clustered,batched,8,P2_cardinality,76.0
3,3,15,2,clustered,batched,8,P2_cardinality,95.0
3,3,15,2,clustered,batched,8,P2_cardinality,57.0
3,3,15,2,clustered,batched,8,P2_cardinality,71.0
3,3,15,2,clustered,batched,8,P2_cardinality,133.0
3,3,15,2,clustered,batched,8,P2_cardinality,114.0
3,3,15,2,clustered,batched,8,P2_cardinality,143.0
3,3,15,2,clustered,batched,8,P2_cardinality,81.0
3,3,15,2,clustered,batched,8,P2_cardinality,52.0
3,3,15,2,clustered,batched,8,P2_cardinality,95.0
3,3,15,2,clustered,batched,8,P2_cardinality,104.0
3,3,15,2,clustered,batched,8,P2_cardinality,100.0
3,3,15,2,clustered,batched,8,P2_cardinality,100.0
3,3,15,2,clustered,batched,8,P2_cardinality,95.0
3,3,15,2,clustered,batched,8,P2_cardinality,57.0
3,3,15,2,clustered,batched,8,P2_cardinality,57.0
3,3,15,2,clustered,batched,8,P2_cardinality,81.0
3,3,15,2,clustered,batched,8,P2_cardinality,123.0
3,3,15,2,clustered,batched,8,P2_cardinality,81.0
3,3,15,2,clustered,batched,8,P2_cardinality,95.0
3,3,15,2,clustered,batched,8,P2_cardinality,76.0
3,3,15,2,clustered,batched,8,P2_cardinality,95.0
3,3,15,2,clustered,batched,8,P2_cardinality,57.0
3,3,15,2,clustered,batched,8,P2_cardinality,104.0
3,3,15,2,clustered,batched,8,P2_cardinality,152.0
3,3,15,2,clustered,batched,8,P2_cardinality,100.0
3,3,15,2,clustered,batched,8,P2_cardinality,62.0
3,3,15,2,clustered,batched,8,P2_cardinality,76.0
3,3,15,2,clustered,batched,8,P2_cardinality,114.0
3,3,15,2,clustered,batched,8,P2_cardinality,95.0
3,3,15,2,clustered,batched,8,P2_cardinality,105.0
3,3,15,2,clustered,batched,8,P2_cardinality,119.0
3,3,15,2,clustered,batched,8,P2_cardinality,128.0
3,3,15,2,clustered,batched,8,P2_cardinality,110.0
3,3,15,2,clustered,batched,8,P2_cardinality,71.0
3,3,15,2,clustered,batched,8,P2_cardinality,133.0
3,3,15,2,clustered,batched,8,P2_cardinality,62.0
3,3,15,2,clustered,batched,8,P2_cardinality,114.0
3,3,15,2,clustered,batched,8,P2_cardinality,57.0
3,3,15,2,clustered,batched,8,P2_cardinality,114.0
3,3,15,2,clustered,batched,8,P2_cardinality,124.0
3,3,15,2,clustered,batched,8,P2_cardinality,119.0
3,3,15,2,clustered,batched,8,P2_cardinality,86.0
3,3,15,2,clustered,batched,8,P2_cardinality,62.0
3,3,15,2,clustered,batched,8,P2_cardinality,71.0
3,3,15,2,clustered,batched,8,P2_cardinality,152.0
3,3,15,2,clustered,batched,8,P2_cardinality,95.0
3,3,15,2,clustered,batched,8,P2_cardinality,85.0
3,3,15,2,clustered,batched,8,P2_cardinality,89.0
3,3,15,2,clustered,batched,8,P2_cardinality,99.0
3,3,15,2,clustered,batched,8,P2_cardinality,81.0
3,3,15,2,clustered,batched,8,P2_cardinality,76.0
3,3,15,2,clustered,batched,8,P2_cardinality,76.0
3,3,15,2,clustered,batched,8,P2_cardinality,119.0
3,3,15,2,clustered,batched,8,P2_cardinality,71.0
3,3,15,2,clustered,batched,8,P2_cardinality,100.0
3,3,15,2,clustered,batched,8,P2_cardinality,76.0
3,3,15,2,clustered,batched,8,P2_cardinality,90.0
3,3,15,2,clustered,batched,8,P2_cardinality,100.0
3,3,15,2,clustered,batched,8,P2_cardinality,119.0
3,3,15,2,clustered,batched,8,P2_cardinality,76.0
3,3,15,2,clustered,batched,8,P2_cardinality,105.0
3,3,15,2,clustered,batched,8,P2_cardinality,95.0
3,3,15,2,clustered,batched,8,P2_cardinality,105.0
3,3,15,2,clustered,batched,8,P2_cardinality,100.0
3,3,15,2,clustered,batched,8,P2_cardinality,71.0
3,3,15,2,clustered,batched,8,P2_cardinality,71.0
3,3,15,2,clustered,batched,8,P2_cardinality,119.0
3,3,15,2,clustered,batched,8,P2_cardinality,57.0
3,3,15,2,clustered,batched,8,P2_cardinality,100.0
3,3,15,2,clustered,batched,8,P2_cardinality,76.0
3,3,15,2,clustered,batched,8,P2_cardinality,62.0
3,3,15,2,clustered,batched,8,P2_cardinality,133.0
3,3,15,2,clustered,batched,8,P2_cardinality,118.0
3,3,15,2,clustered,batched,8,P2_cardinality,114.0
3,3,15,2,clustered,batched,8,P2_cardinality,114.0
3,3,15,2,clustered,batched,8,P2_cardinality,100.0
3,3,15,2,clustered,batched,8,P2_cardinality,114.0
3,3,15,2,clustered,batched,8,P2_cardinality,76.0
3,3,15,2,clustered,batched,8,P2_cardinality,133.0
3,3,15,2,clustered,batched,8,P2_cardinality,71.0
3,3,15,2,clustered,batched,8,P2_cardinality,85.0
3,3,15,2,clustered,batched,8,P2_cardinality,104.0
3,3,15,2,clustered,batched,8,P2_cardinality,99.0
3,3,15,2,clustered,batched,8,P2_cardinality,100.0
3,3,15,2,clustered,batched,8,P2_cardinality,90.0
3,3,15,2,clustered,batched,8,P2_cardinality,95.0
3,3,15,2,clustered,batched,8,P2_cardinality,128.0
3,3,15,2,clustered,batched,8,P2_cardinality,119.0
3,3,15,2,clustered,batched,8,P2_cardinality,85.0
3,3,15,2,clustered,batched,8,P2_cardinality,105.0
3,3,15,2,clustered,batched,8,P2_cardinality,109.0
3,3,15,2,clustered,batched,8,P2_cardinality,81.0
3,3,15,2,clustered,batched,8,P2_cardinality,90.0
3,3,15,2,clustered,batched,8,P2_cardinality,85.0
3,3,15,2,clustered,batched,8,P2_cardinality,161.0
3,3,15,2,clustered,batched,8,P2_cardinality,71.0
3,3,15,2,clustered,batched,8,P2_cardinality,118.0
3,3,15,2,clustered,batched,8,P2_cardinality,119.0
3,3,15,2,clustered,batched,8,P2_cardinality,76.0
3,3,15,2,clustered,batched,8,P2_cardinality,105.0
3,3,15,2,clustered,batched,8,P2_cardinality,114.0
3,3,15,2,clustered,batched,8,P2_cardinality,133.0
3,3,15,2,clustered,batched,8,P2_cardinality,62.0
3,3,15,2,clustered,batched,8,P2_cardinality,95.0
3,3,15,2,clustered,batched,8,P2_cardinality,66.0
3,3,15,2,clustered,batched,8,P2_cardinality,76.0
3,3,15,2,clustered,batched,8,P2_cardinality,66.0
3,3,15,2,clustered,batched,8,P2_cardinality,70.0
3,3,15,2,clustered,batched,8,P2_cardinality,57.0
3,3,15,2,clustered,batched,8,P2_cardinality,100.0
3,3,15,2,clustered,batched,8,P2_cardinality,95.0
3,3,15,2,clustered,batched,8,P3_dir_balanced,114.0
3,3,15,2,clustered,batched,8,P3_dir_balanced,95.0
3,3,15,2,clustered,batched,8,P3_dir_balanced,123.0
3,3,15,2,clustered,batched,8,P3_dir_balanced,66.0
3,3,15,2,clustered,batched,8,P3_dir_balanced,85.0
3,3,15,2,clustered,batched,8,P3_dir_balanced,128.0
3,3,15,2,clustered,batched,8,P3_dir_balanced,100.0
3,3,15,2,clustered,batched,8,P3_dir_balanced,114.0
3,3,15,2,clustered,batched,8,P3_dir_balanced,105.0
3,3,15,2,clustered,batched,8,P3_dir_balanced,76.0
3,3,15,2,clustered,batched,8,P3_dir_balanced,119.0
3,3,15,2,clustered,batched,8,P3_dir_balanced,114.0
3,3,15,2,clustered,batched,8,P3_dir_balanced,95.0
3,3,15,2,clustered,batched,8,P3_dir_balanced,95.0
3,3,15,2,clustered,batched,8,P3_dir_balanced,114.0
3,3,15,2,clustered,batched,8,P3_dir_balanced,114.0
3,3,15,2,clustered,batched,8,P3_dir_balanced,90.0
3,3,15,2,clustered,batched,8,P3_dir_balanced,119.0
3,3,15,2,clustered,batched,8,P3_dir_balanced,104.0
3,3,15,2,clustered,batched,8,P3_dir_balanced,152.0
3,3,15,2,clustered,batched,8,P3_dir_balanced,95.0
3,3,15,2,clustered,batched,8,P3_dir_balanced,81.0
3,3,15,2,clustered,batched,8,P3_dir_balanced,81.0
3,3,15,2,clustered,batched,8,P3_dir_balanced,81.0
3,3,15,2,clustered,batched,8,P3_dir_balanced,86.0
3,3,15,2,clustered,batched,8,P3_dir_balanced,114.0
3,3,15,2,clustered,batched,8,P3_dir_balanced,128.0
3,3,15,2,clustered,batched,8,P3_dir_balanced,81.0
3,3,15,2,clustered,batched,8,P3_dir_balanced,99.0
3,3,15,2,clustered,batched,8,P3_dir_balanced,76.0
3,3,15,2,clustered,batched,8,P3_dir_balanced,95.0
3,3,15,2,clustered,batched,8,P3_dir_balanced,114.0
3,3,15,2,clustered,batched,8,P3_dir_balanced,119.0
3,3,15,2,clustered,batched,8,P3_dir_balanced,81.0
3,3,15,2,clustered,batched,8,P3_dir_balanced,128.0
3,3,15,2,clustered,batched,8,P3_dir_balanced,85.0
3,3,15,2,clustered,batched,8,P3_dir_balanced,109.0
3,3,15,2,clustered,batched,8,P3_dir_balanced,76.0
3,3,15,2,clustered,batched,8,P3_dir_balanced,85.0
3,3,15,2,clustered,batched,8,P3_dir_balanced,114.0
3,3,15,2,clustered,batched,8,P3_dir_balanced,100.0
3,3,15,2,clustered,batched,8,P3_dir_balanced,110.0
3,3,15,2,clustered,batched,8,P3_dir_balanced,105.0
3,3,15,2,clustered,batched,8,P3_dir_balanced,114.0
3,3,15,2,clustered,batched,8,P3_dir_balanced,70.0
3,3,15,2,clustered,batched,8,P3_dir_balanced,119.0
3,3,15,2,clustered,batched,8,P3_dir_balanced,124.0
3,3,15,2,clustered,batched,8,P3_dir_balanced,86.0
3,3,15,2,clustered,batched,8,P3_dir_balanced,123.0
3,3,15,2,clustered,batched,8,P3_dir_balanced,76.0
3,3,15,2,clustered,batched,8,P3_dir_balanced,128.0
3,3,15,2,clustered,batched,8,P3_dir_balanced,95.0
3,3,15,2,clustered,batched,8,P3_dir_balanced,109.0
3,3,15,2,clustered,batched,8,P3_dir_balanced,119.0
3,3,15,2,clustered,batched,8,P3_dir_balanced,114.0
3,3,15,2,clustered,batched,8,P3_dir_balanced,114.0
3,3,15,2,clustered,batched,8,P3_dir_balanced,105.0
3,3,15,2,clustered,batched,8,P3_dir_balanced,114.0
3,3,15,2,clustered,batched,8,P3_dir_balanced,114.0
3,3,15,2,clustered,batched,8,P3_dir_balanced,119.0
3,3,15,2,clustered,batched,8,P3_dir_balanced,119.0
3,3,15,2,clustered,batched,8,P3_dir_balanced,143.0
3,3,15,2,clustered,batched,8,P3_dir_balanced,100.0
3,3,15,2,clustered,batched,8,P3_dir_balanced,109.0
3,3,15,2,clustered,batched,8,P3_dir_balanced,76.0
3,3,15,2,clustered,batched,8,P3_dir_balanced,114.0
3,3,15,2,clustered,batched,8,P3_dir_balanced,133.0
3,3,15,2,clustered,batched,8,P3_dir_balanced,119.0
3,3,15,2,clustered,batched,8,P3_dir_balanced,114.0
3,3,15,2,clustered,batched,8,P3_dir_balanced,114.0
3,3,15,2,clustered,batched,8,P3_dir_balanced,123.0
3,3,15,2,clustered,batched,8,P3_dir_balanced,133.0
3,3,15,2,clustered,batched,8,P3_dir_balanced,114.0
3,3,15,2,clustered,batched,8,P3_dir_balanced,114.0
3,3,15,2,clustered,batched,8,P3_dir_balanced,114.0
3,3,15,2,clustered,batched,8,P3_dir_balanced,114.0
3,3,15,2,clustered,batched,8,P3_dir_balanced,119.0
3,3,15,2,clustered,batched,8,P3_dir_balanced,81.0
3,3,15,2,clustered,batched,8,P3_dir_balanced,114.0
3,3,15,2,clustered,batched,8,P3_dir_balanced,81.0
3,3,15,2,clustered,batched,8,P3_dir_balanced,100.0
3,3,15,2,clustered,batched,8,P3_dir_balanced,76.0
3,3,15,2,clustered,batched,8,P3_dir_balanced,90.0
3,3,15,2,clustered,batched,8,P3_dir_balanced,76.0
3,3,15,2,clustered,batched,8,P3_dir_balanced,104.0
3,3,15,2,clustered,batched,8,P3_dir_balanced,114.0
3,3,15,2,clustered,batched,8,P3_dir_balanced,119.0
3,3,15,2,clustered,batched,8,P3_dir_balanced,104.0
3,3,15,2,clustered,batched,8,P3_dir_balanced,95.0
3,3,15,2,clustered,batched,8,P3_dir_balanced,95.0
3,3,15,2,clustered,batched,8,P3_dir_balanced,109.0
3,3,15,2,clustered,batched,8,P3_dir_balanced,114.0
3,3,15,2,clustered,batched,8,P3_dir_balanced,95.0
3,3,15,2,clustered,batched,8,P3_dir_balanced,81.0
3,3,15,2,clustered,batched,8,P3_dir_balanced,100.0
3,3,15,2,clustered,batched,8,P3_dir_balanced,90.0
3,3,15,2,clustered,batched,8,P3_dir_balanced,91.0
3,3,15,2,clustered,batched,8,P3_dir_balanced,85.0
3,3,15,2,clustered,batched,8,P3_dir_balanced,85.0
3,3,15,2,clustered,batched,8,P3_dir_balanced,104.0
3,3,15,2,clustered,batched,8,P3_dir_balanced,71.0
3,3,15,2,clustered,batched,8,P3_dir_balanced,133.0
3,3,15,2,clustered,batched,8,P3_dir_balanced,66.0
3,3,15,2,clustered,batched,8,P3_dir_balanced,76.0
3,3,15,2,clustered,batched,8,P3_dir_balanced,119.0
3,3,15,2,clustered,batched,8,P3_dir_balanced,85.0
3,3,15,2,clustered,batched,8,P3_dir_balanced,114.0
3,3,15,2,clustered,batched,8,P3_dir_balanced,152.0
3,3,15,2,clustered,batched,8,P3_dir_balanced,114.0
3,3,15,2,clustered,batched,8,P3_dir_balanced,109.0
3,3,15,2,clustered,batched,8,P3_dir_balanced,100.0
3,3,15,2,clustered,batched,8,P3_dir_balanced,114.0
3,3,15,2,clustered,batched,8,P3_dir_balanced,90.0
3,3,15,2,clustered,batched,8,P3_dir_balanced,114.0
3,3,15,2,clustered,batched,8,P3_dir_balanced,119.0
3,3,15,2,clustered,batched,8,P3_dir_balanced,81.0
3,3,15,2,clustered,batched,8,P3_dir_balanced,81.0
3,3,15,2,clustered,batched,8,P3_dir_balanced,90.0
3,3,15,2,clustered,batched,8,P3_dir_balanced,76.0
3,3,15,2,clustered,batched,8,P3_dir_balanced,100.0
3,3,15,2,clustered,batched,8,P3_dir_balanced,100.0
3,3,15,2,clustered,batched,8,P3_dir_balanced,114.0
3,3,15,2,clustered,batched,8,P3_dir_balanced,100.0
3,3,15,2,clustered,batched,8,P3_dir_balanced,81.0
3,3,15,2,clustered,batched,8,P3_dir_balanced,152.0
3,3,15,2,clustered,batched,8,P3_dir_balanced,95.0
3,3,15,2,clustered,batched,8,P3_dir_balanced,100.0
3,3,15,2,clustered,batched,8,P3_dir_balanced,76.0
3,3,15,2,clustered,batched,8,P3_dir_balanced,81.0
3,3,15,2,clustered,batched,8,P3_dir_balanced,76.0
3,3,15,2,clustered,batched,8,P3_dir_balanced,104.0
3,3,15,2,clustered,batched,8,P3_dir_balanced,100.0
3,3,15,2,clustered,batched,8,P3_dir_balanced,95.0
3,3,15,2,clustered,batched,8,P3_dir_balanced,110.0
3,3,15,2,clustered,batched,8,P3_dir_balanced,95.0
3,3,15,2,clustered,batched,8,P3_dir_balanced,81.0
3,3,15,2,clustered,batched,8,P3_dir_balanced,114.0
3,3,15,2,clustered,batched,8,P3_dir_balanced,105.0
3,3,15,2,clustered,batched,8,P3_dir_balanced,81.0
3,3,15,2,clustered,batched,8,P3_dir_balanced,75.0
3,3,15,2,clustered,batched,8,P3_dir_balanced,90.0
3,3,15,2,clustered,batched,8,P3_dir_balanced,114.0
3,3,15,2,clustered,batched,8,P3_dir_balanced,104.0
3,3,15,2,clustered,batched,8,P3_dir_balanced,100.0
3,3,15,2,clustered,batched,8,P3_dir_balanced,95.0
3,3,15,2,clustered,batched,8,P3_dir_balanced,95.0
3,3,15,2,clustered,batched,8,P3_dir_balanced,114.0
3,3,15,2,clustered,batched,8,P3_dir_balanced,76.0
3,3,15,2,clustered,batched,8,P3_dir_balanced,114.0
3,3,15,2,clustered,batched,8,P3_dir_balanced,95.0
3,3,15,2,clustered,batched,8,P3_dir_balanced,114.0
3,3,15,2,clustered,batched,8,P3_dir_balanced,81.0
3,3,15,2,clustered,batched,8,P3_dir_balanced,114.0
3,3,15,2,clustered,batched,8,P3_dir_balanced,119.0
3,3,15,2,clustered,batched,8,P3_dir_balanced,128.0
3,3,15,2,clustered,batched,8,P3_dir_balanced,114.0
3,3,15,2,clustered,batched,8,P3_dir_balanced,114.0
3,3,15,2,clustered,batched,8,P3_dir_balanced,76.0
3,3,15,2,clustered,batched,8,P3_dir_balanced,119.0
3,3,15,2,clustered,batched,8,P3_dir_balanced,100.0
3,3,15,2,clustered,batched,8,P3_dir_balanced,128.0
3,3,15,2,clustered,batched,8,P3_dir_balanced,105.0
3,3,15,2,clustered,batched,8,P3_dir_balanced,85.0
3,3,15,2,clustered,batched,8,P3_dir_balanced,95.0
3,3,15,2,clustered,batched,8,P3_dir_balanced,109.0
3,3,15,2,clustered,batched,8,P3_dir_balanced,100.0
3,3,15,2,clustered,batched,8,P3_dir_balanced,109.0
3,3,15,2,clustered,batched,8,P3_dir_balanced,100.0
3,3,15,2,clustered,batched,8,P3_dir_balanced,95.0
3,3,15,2,clustered,batched,8,P3_dir_balanced,124.0
3,3,15,2,clustered,batched,8,P3_dir_balanced,62.0
3,3,15,2,clustered,batched,8,P3_dir_balanced,81.0
3,3,15,2,clustered,batched,8,P3_dir_balanced,124.0
3,3,15,2,clustered,batched,8,P3_dir_balanced,81.0
3,3,15,2,clustered,batched,8,P3_dir_balanced,124.0
3,3,15,2,clustered,batched,8,P3_dir_balanced,109.0
3,3,15,2,clustered,batched,8,P3_dir_balanced,114.0
3,3,15,2,clustered,batched,8,P3_dir_balanced,124.0
3,3,15,2,clustered,batched,8,P3_dir_balanced,71.0
3,3,15,2,clustered,batched,8,P3_dir_balanced,109.0
3,3,15,2,clustered,batched,8,P3_dir_balanced,114.0
3,3,15,2,clustered,batched,8,P3_dir_balanced,100.0
3,3,15,2,clustered,batched,8,P3_dir_balanced,95.0
3,3,15,2,clustered,batched,8,P3_dir_balanced,109.0
3,3,15,2,clustered,batched,8,P3_dir_balanced,109.0
3,3,15,2,clustered,batched,8,P3_dir_balanced,128.0
3,3,15,2,clustered,batched,8,P3_dir_balanced,152.0
3,3,15,2,clustered,batched,8,P3_dir_balanced,95.0
3,3,15,2,clustered,batched,8,P3_dir_balanced,114.0
3,3,15,2,clustered,batched,8,P3_dir_balanced,110.0
3,3,15,2,clustered,batched,8,P3_dir_balanced,123.0
3,3,15,2,clustered,batched,8,P3_dir_balanced,128.0
3,3,15,2,clustered,batched,8,P3_dir_balanced,76.0
3,3,15,2,clustered,batched,8,P3_dir_balanced,152.0
3,3,15,2,clustered,batched,8,P3_dir_balanced,123.0
3,3,15,2,clustered,batched,8,P3_dir_balanced,80.0
3,3,15,2,clustered,batched,8,P3_dir_balanced,104.0
3,3,15,2,clustered,batched,8,P3_dir_balanced,104.0
3,3,15,2,clustered,batched,8,P3_dir_balanced,114.0
3,3,15,2,clustered,batched,8,P3_dir_balanced,90.0
3,3,15,2,clustered,batched,8,P4_temporal,47.0
3,3,15,2,clustered,batched,8,P4_temporal,152.0
3,3,15,2,clustered,batched,8,P4_temporal,114.0
3,3,15,2,clustered,batched,8,P4_temporal,104.0
3,3,15,2,clustered,batched,8,P4_temporal,80.0
3,3,15,2,clustered,batched,8,P4_temporal,119.0
3,3,15,2,clustered,batched,8,P4_temporal,114.0
3,3,15,2,clustered,batched,8,P4_temporal,71.0
3,3,15,2,clustered,batched,8,P4_temporal,123.0
3,3,15,2,clustered,batched,8,P4_temporal,76.0
3,3,15,2,clustered,batched,8,P4_temporal,124.0
3,3,15,2,clustered,batched,8,P4_temporal,133.0
3,3,15,2,clustered,batched,8,P4_temporal,86.0
3,3,15,2,clustered,batched,8,P4_temporal,76.0
3,3,15,2,clustered,batched,8,P4_temporal,119.0
3,3,15,2,clustered,batched,8,P4_temporal,114.0
3,3,15,2,clustered,batched,8,P4_temporal,66.0
3,3,15,2,clustered,batched,8,P4_temporal,104.0
3,3,15,2,clustered,batched,8,P4_temporal,133.0
3,3,15,2,clustered,batched,8,P4_temporal,94.0
3,3,15,2,clustered,batched,8,P4_temporal,114.0
3,3,15,2,clustered,batched,8,P4_temporal,90.0
3,3,15,2,clustered,batched,8,P4_temporal,95.0
3,3,15,2,clustered,batched,8,P4_temporal,114.0
3,3,15,2,clustered,batched,8,P4_temporal,119.0
3,3,15,2,clustered,batched,8,P4_temporal,114.0
3,3,15,2,clustered,batched,8,P4_temporal,114.0
3,3,15,2,clustered,batched,8,P4_temporal,124.0
3,3,15,2,clustered,batched,8,P4_temporal,100.0
3,3,15,2,clustered,batched,8,P4_temporal,109.0
3,3,15,2,clustered,batched,8,P4_temporal,95.0
3,3,15,2,clustered,batched,8,P4_temporal,76.0
3,3,15,2,clustered,batched,8,P4_temporal,100.0
3,3,15,2,clustered,batched,8,P4_temporal,81.0
3,3,15,2,clustered,batched,8,P4_temporal,95.0
3,3,15,2,clustered,batched,8,P4_temporal,66.0
3,3,15,2,clustered,batched,8,P4_temporal,114.0
3,3,15,2,clustered,batched,8,P4_temporal,90.0
3,3,15,2,clustered,batched,8,P4_temporal,81.0
3,3,15,2,clustered,batched,8,P4_temporal,119.0
3,3,15,2,clustered,batched,8,P4_temporal,104.0
3,3,15,2,clustered,batched,8,P4_temporal,91.0
3,3,15,2,clustered,batched,8,P4_temporal,86.0
3,3,15,2,clustered,batched,8,P4_temporal,128.0
3,3,15,2,clustered,batched,8,P4_temporal,90.0
3,3,15,2,clustered,batched,8,P4_temporal,90.0
3,3,15,2,clustered,batched,8,P4_temporal,129.0
3,3,15,2,clustered,batched,8,P4_temporal,105.0
3,3,15,2,clustered,batched,8,P4_temporal,105.0
3,3,15,2,clustered,batched,8,P4_temporal,104.0
3,3,15,2,clustered,batched,8,P4_temporal,118.0
3,3,15,2,clustered,batched,8,P4_temporal,100.0
3,3,15,2,clustered,batched,8,P4_temporal,66.0
3,3,15,2,clustered,batched,8,P4_temporal,119.0
3,3,15,2,clustered,batched,8,P4_temporal,94.0
3,3,15,2,clustered,batched,8,P4_temporal,114.0
3,3,15,2,clustered,batched,8,P4_temporal,76.0
3,3,15,2,clustered,batched,8,P4_temporal,124.0
3,3,15,2,clustered,batched,8,P4_temporal,99.0
3,3,15,2,clustered,batched,8,P4_temporal,105.0
3,3,15,2,clustered,batched,8,P4_temporal,114.0
3,3,15,2,clustered,batched,8,P4_temporal,157.0
3,3,15,2,clustered,batched,8,P4_temporal,100.0
3,3,15,2,clustered,batched,8,P4_temporal,57.0
3,3,15,2,clustered,batched,8,P4_temporal,90.0
3,3,15,2,clustered,batched,8,P4_temporal,90.0
3,3,15,2,clustered,batched,8,P4_temporal,114.0
3,3,15,2,clustered,batched,8,P4_temporal,71.0
3,3,15,2,clustered,batched,8,P4_temporal,95.0
3,3,15,2,clustered,batched,8,P4_temporal,100.0
3,3,15,2,clustered,batched,8,P4_temporal,95.0
3,3,15,2,clustered,batched,8,P4_temporal,114.0
3,3,15,2,clustered,batched,8,P4_temporal,114.0
3,3,15,2,clustered,batched,8,P4_temporal,128.0
3,3,15,2,clustered,batched,8,P4_temporal,95.0
3,3,15,2,clustered,batched,8,P4_temporal,152.0
3,3,15,2,clustered,batched,8,P4_temporal,114.0
3,3,15,2,clustered,batched,8,P4_temporal,114.0
3,3,15,2,clustered,batched,8,P4_temporal,81.0
3,3,15,2,clustered,batched,8,P4_temporal,119.0
3,3,15,2,clustered,batched,8,P4_temporal,95.0
3,3,15,2,clustered,batched,8,P4_temporal,76.0
3,3,15,2,clustered,batched,8,P4_temporal,143.0
3,3,15,2,clustered,batched,8,P4_temporal,114.0
3,3,15,2,clustered,batched,8,P4_temporal,90.0
3,3,15,2,clustered,batched,8,P4_temporal,119.0
3,3,15,2,clustered,batched,8,P4_temporal,57.0
3,3,15,2,clustered,batched,8,P4_temporal,109.0
3,3,15,2,clustered,batched,8,P4_temporal,124.0
3,3,15,2,clustered,batched,8,P4_temporal,142.0
3,3,15,2,clustered,batched,8,P4_temporal,138.0
3,3,15,2,clustered,batched,8,P4_temporal,114.0
3,3,15,2,clustered,batched,8,P4_temporal,109.0
3,3,15,2,clustered,batched,8,P4_temporal,114.0
3,3,15,2,clustered,batched,8,P4_temporal,52.0
3,3,15,2,clustered,batched,8,P4_temporal,104.0
3,3,15,2,clustered,batched,8,P4_temporal,105.0
3,3,15,2,clustered,batched,8,P4_temporal,90.0
3,3,15,2,clustered,batched,8,P4_temporal,114.0
3,3,15,2,clustered,batched,8,P4_temporal,71.0
3,3,15,2,clustered,batched,8,P4_temporal,114.0
3,3,15,2,clustered,batched,8,P4_temporal,100.0
3,3,15,2,clustered,batched,8,P4_temporal,95.0
3,3,15,2,clustered,batched,8,P4_temporal,90.0
3,3,15,2,clustered,batched,8,P4_temporal,100.0
3,3,15,2,clustered,batched,8,P4_temporal,119.0
3,3,15,2,clustered,batched,8,P4_temporal,47.0
3,3,15,2,clustered,batched,8,P4_temporal,95.0
3,3,15,2,clustered,batched,8,P4_temporal,89.0
3,3,15,2,clustered,batched,8,P4_temporal,114.0
3,3,15,2,clustered,batched,8,P4_temporal,114.0
3,3,15,2,clustered,batched,8,P4_temporal,119.0
3,3,15,2,clustered,batched,8,P4_temporal,138.0
3,3,15,2,clustered,batched,8,P4_temporal,114.0
3,3,15,2,clustered,batched,8,P4_temporal,132.0
3,3,15,2,clustered,batched,8,P4_temporal,90.0
3,3,15,2,clustered,batched,8,P4_temporal,119.0
3,3,15,2,clustered,batched,8,P4_temporal,100.0
3,3,15,2,clustered,batched,8,P4_temporal,137.0
3,3,15,2,clustered,batched,8,P4_temporal,100.0
3,3,15,2,clustered,batched,8,P4_temporal,95.0
3,3,15,2,clustered,batched,8,P4_temporal,90.0
3,3,15,2,clustered,batched,8,P4_temporal,66.0
3,3,15,2,clustered,batched,8,P4_temporal,119.0
3,3,15,2,clustered,batched,8,P4_temporal,52.0
3,3,15,2,clustered,batched,8,P4_temporal,114.0
3,3,15,2,clustered,batched,8,P4_temporal,114.0
3,3,15,2,clustered,batched,8,P4_temporal,128.0
3,3,15,2,clustered,batched,8,P4_temporal,104.0
3,3,15,2,clustered,batched,8,P4_temporal,138.0
3,3,15,2,clustered,batched,8,P4_temporal,100.0
3,3,15,2,clustered,batched,8,P4_temporal,124.0
3,3,15,2,clustered,batched,8,P4_temporal,71.0
3,3,15,2,clustered,batched,8,P4_temporal,153.0
3,3,15,2,clustered,batched,8,P4_temporal,71.0
3,3,15,2,clustered,batched,8,P4_temporal,119.0
3,3,15,2,clustered,batched,8,P4_temporal,80.0
3,3,15,2,clustered,batched,8,P4_temporal,76.0
3,3,15,2,clustered,batched,8,P4_temporal,124.0
3,3,15,2,clustered,batched,8,P4_temporal,119.0
3,3,15,2,clustered,batched,8,P4_temporal,119.0
3,3,15,2,clustered,batched,8,P4_temporal,133.0
3,3,15,2,clustered,batched,8,P4_temporal,76.0
3,3,15,2,clustered,batched,8,P4_temporal,128.0
3,3,15,2,clustered,batched,8,P4_temporal,100.0
3,3,15,2,clustered,batched,8,P4_temporal,114.0
3,3,15,2,clustered,batched,8,P4_temporal,62.0
3,3,15,2,clustered,batched,8,P4_temporal,105.0
3,3,15,2,clustered,batched,8,P4_temporal,105.0
3,3,15,2,clustered,batched,8,P4_temporal,118.0
3,3,15,2,clustered,batched,8,P4_temporal,71.0
3,3,15,2,clustered,batched,8,P4_temporal,95.0
3,3,15,2,clustered,batched,8,P4_temporal,66.0
3,3,15,2,clustered,batched,8,P4_temporal,95.0
3,3,15,2,clustered,batched,8,P4_temporal,119.0
3,3,15,2,clustered,batched,8,P4_temporal,85.0
3,3,15,2,clustered,batched,8,P4_temporal,124.0
3,3,15,2,clustered,batched,8,P4_temporal,119.0
3,3,15,2,clustered,batched,8,P4_temporal,47.0
3,3,15,2,clustered,batched,8,P4_temporal,66.0
3,3,15,2,clustered,batched,8,P4_temporal,143.0
3,3,15,2,clustered,batched,8,P4_temporal,119.0
3,3,15,2,clustered,batched,8,P4_temporal,90.0
3,3,15,2,clustered,batched,8,P4_temporal,95.0
3,3,15,2,clustered,batched,8,P4_temporal,114.0
3,3,15,2,clustered,batched,8,P4_temporal,75.0
3,3,15,2,clustered,batched,8,P4_temporal,76.0
3,3,15,2,clustered,batched,8,P4_temporal,152.0
3,3,15,2,clustered,batched,8,P4_temporal,119.0
3,3,15,2,clustered,batched,8,P4_temporal,119.0
3,3,15,2,clustered,batched,8,P4_temporal,119.0
3,3,15,2,clustered,batched,8,P4_temporal,114.0
3,3,15,2,clustered,batched,8,P4_temporal,90.0
3,3,15,2,clustered,batched,8,P4_temporal,129.0
3,3,15,2,clustered,batched,8,P4_temporal,119.0
3,3,15,2,clustered,batched,8,P4_temporal,76.0
3,3,15,2,clustered,batched,8,P4_temporal,100.0
3,3,15,2,clustered,batched,8,P4_temporal,71.0
3,3,15,2,clustered,batched,8,P4_temporal,109.0
3,3,15,2,clustered,batched,8,P4_temporal,114.0
3,3,15,2,clustered,batched,8,P4_temporal,114.0
3,3,15,2,clustered,batched,8,P4_temporal,67.0
3,3,15,2,clustered,batched,8,P4_temporal,123.0
3,3,15,2,clustered,batched,8,P4_temporal,114.0
3,3,15,2,clustered,batched,8,P4_temporal,100.0
3,3,15,2,clustered,batched,8,P4_temporal,114.0
3,3,15,2,clustered,batched,8,P4_temporal,143.0
3,3,15,2,clustered,batched,8,P4_temporal,104.0
3,3,15,2,clustered,batched,8,P4_temporal,76.0
3,3,15,2,clustered,batched,8,P4_temporal,62.0
3,3,15,2,clustered,batched,8,P4_temporal,110.0
3,3,15,2,clustered,batched,8,P4_temporal,105.0
3,3,15,2,clustered,batched,8,P4_temporal,71.0
3,3,15,2,clustered,batched,8,P4_temporal,95.0
3,3,15,2,clustered,batched,8,P4_temporal,81.0
3,3,15,2,clustered,batched,8,P4_temporal,90.0
3,3,15,2,clustered,batched,8,P4_temporal,90.0
3,3,15,2,clustered,batched,8,P4_temporal,157.0
3,3,15,2,clustered,batched,8,P4_temporal,100.0
3,3,15,2,clustered,batched,8,P4_temporal,119.0
3,3,15,2,clustered,batched,8,P5_phi,76.0
3,3,15,2,clustered,batched,8,P5_phi,90.0
3,3,15,2,clustered,batched,8,P5_phi,138.0
3,3,15,2,clustered,batched,8,P5_phi,129.0
3,3,15,2,clustered,batched,8,P5_phi,80.0
3,3,15,2,clustered,batched,8,P5_phi,66.0
3,3,15,2,clustered,batched,8,P5_phi,76.0
3,3,15,2,clustered,batched,8,P5_phi,95.0
3,3,15,2,clustered,batched,8,P5_phi,95.0
3,3,15,2,clustered,batched,8,P5_phi,61.0
3,3,15,2,clustered,batched,8,P5_phi,90.0
3,3,15,2,clustered,batched,8,P5_phi,57.0
3,3,15,2,clustered,batched,8,P5_phi,52.0
3,3,15,2,clustered,batched,8,P5_phi,76.0
3,3,15,2,clustered,batched,8,P5_phi,57.0
3,3,15,2,clustered,batched,8,P5_phi,100.0
3,3,15,2,clustered,batched,8,P5_phi,90.0
3,3,15,2,clustered,batched,8,P5_phi,57.0
3,3,15,2,clustered,batched,8,P5_phi,124.0
3,3,15,2,clustered,batched,8,P5_phi,157.0
3,3,15,2,clustered,batched,8,P5_phi,133.0
3,3,15,2,clustered,batched,8,P5_phi,95.0
3,3,15,2,clustered,batched,8,P5_phi,61.0
3,3,15,2,clustered,batched,8,P5_phi,57.0
3,3,15,2,clustered,batched,8,P5_phi,47.0
3,3,15,2,clustered,batched,8,P5_phi,128.0
3,3,15,2,clustered,batched,8,P5_phi,80.0
3,3,15,2,clustered,batched,8,P5_phi,71.0
3,3,15,2,clustered,batched,8,P5_phi,133.0
3,3,15,2,clustered,batched,8,P5_phi,71.0
3,3,15,2,clustered,batched,8,P5_phi,52.0
3,3,15,2,clustered,batched,8,P5_phi,52.0
3,3,15,2,clustered,batched,8,P5_phi,138.0
3,3,15,2,clustered,batched,8,P5_phi,90.0
3,3,15,2,clustered,batched,8,P5_phi,33.0
3,3,15,2,clustered,batched,8,P5_phi,33.0
3,3,15,2,clustered,batched,8,P5_phi,71.0
3,3,15,2,clustered,batched,8,P5_phi,71.0
3,3,15,2,clustered,batched,8,P5_phi,75.0
3,3,15,2,clustered,batched,8,P5_phi,119.0
3,3,15,2,clustered,batched,8,P5_phi,52.0
3,3,15,2,clustered,batched,8,P5_phi,57.0
3,3,15,2,clustered,batched,8,P5_phi,133.0
3,3,15,2,clustered,batched,8,P5_phi,57.0
3,3,15,2,clustered,batched,8,P5_phi,57.0
3,3,15,2,clustered,batched,8,P5_phi,61.0
3,3,15,2,clustered,batched,8,P5_phi,90.0
3,3,15,2,clustered,batched,8,P5_phi,71.0
3,3,15,2,clustered,batched,8,P5_phi,119.0
3,3,15,2,clustered,batched,8,P5_phi,90.0
3,3,15,2,clustered,batched,8,P5_phi,71.0
3,3,15,2,clustered,batched,8,P5_phi,62.0
3,3,15,2,clustered,batched,8,P5_phi,90.0
3,3,15,2,clustered,batched,8,P5_phi,76.0
3,3,15,2,clustered,batched,8,P5_phi,76.0
3,3,15,2,clustered,batched,8,P5_phi,142.0
3,3,15,2,clustered,batched,8,P5_phi,114.0
3,3,15,2,clustered,batched,8,P5_phi,56.0
3,3,15,2,clustered,batched,8,P5_phi,133.0
3,3,15,2,clustered,batched,8,P5_phi,76.0
3,3,15,2,clustered,batched,8,P5_phi,119.0
3,3,15,2,clustered,batched,8,P5_phi,128.0
3,3,15,2,clustered,batched,8,P5_phi,90.0
3,3,15,2,clustered,batched,8,P5_phi,71.0
3,3,15,2,clustered,batched,8,P5_phi,38.0
3,3,15,2,clustered,batched,8,P5_phi,71.0
3,3,15,2,clustered,batched,8,P5_phi,95.0
3,3,15,2,clustered,batched,8,P5_phi,138.0
3,3,15,2,clustered,batched,8,P5_phi,138.0
3,3,15,2,clustered,batched,8,P5_phi,52.0
3,3,15,2,clustered,batched,8,P5_phi,66.0
3,3,15,2,clustered,batched,8,P5_phi,47.0
3,3,15,2,clustered,batched,8,P5_phi,33.0
3,3,15,2,clustered,batched,8,P5_phi,81.0
3,3,15,2,clustered,batched,8,P5_phi,52.0
3,3,15,2,clustered,batched,8,P5_phi,52.0
3,3,15,2,clustered,batched,8,P5_phi,57.0
3,3,15,2,clustered,batched,8,P5_phi,100.0
3,3,15,2,clustered,batched,8,P5_phi,119.0
3,3,15,2,clustered,batched,8,P5_phi,119.0
3,3,15,2,clustered,batched,8,P5_phi,81.0
3,3,15,2,clustered,batched,8,P5_phi,119.0
3,3,15,2,clustered,batched,8,P5_phi,110.0
3,3,15,2,clustered,batched,8,P5_phi,57.0
3,3,15,2,clustered,batched,8,P5_phi,52.0
3,3,15,2,clustered,batched,8,P5_phi,90.0
3,3,15,2,clustered,batched,8,P5_phi,57.0
3,3,15,2,clustered,batched,8,P5_phi,61.0
3,3,15,2,clustered,batched,8,P5_phi,71.0
3,3,15,2,clustered,batched,8,P5_phi,95.0
3,3,15,2,clustered,batched,8,P5_phi,129.0
3,3,15,2,clustered,batched,8,P5_phi,76.0
3,3,15,2,clustered,batched,8,P5_phi,76.0
3,3,15,2,clustered,batched,8,P5_phi,52.0
3,3,15,2,clustered,batched,8,P5_phi,52.0
3,3,15,2,clustered,batched,8,P5_phi,71.0
3,3,15,2,clustered,batched,8,P5_phi,76.0
3,3,15,2,clustered,batched,8,P5_phi,47.0
3,3,15,2,clustered,batched,8,P5_phi,143.0
3,3,15,2,clustered,batched,8,P5_phi,90.0
3,3,15,2,clustered,batched,8,P5_phi,71.0
3,3,15,2,clustered,batched,8,P5_phi,66.0
3,3,15,2,clustered,batched,8,P5_phi,52.0
3,3,15,2,clustered,batched,8,P5_phi,76.0
3,3,15,2,clustered,batched,8,P5_phi,57.0
3,3,15,2,clustered,batched,8,P5_phi,81.0
3,3,15,2,clustered,batched,8,P5_phi,71.0
3,3,15,2,clustered,batched,8,P5_phi,57.0
3,3,15,2,clustered,batched,8,P5_phi,76.0
3,3,15,2,clustered,batched,8,P5_phi,47.0
3,3,15,2,clustered,batched,8,P5_phi,119.0
3,3,15,2,clustered,batched,8,P5_phi,66.0
3,3,15,2,clustered,batched,8,P5_phi,71.0
3,3,15,2,clustered,batched,8,P5_phi,66.0
3,3,15,2,clustered,batched,8,P5_phi,66.0
3,3,15,2,clustered,batched,8,P5_phi,124.0
3,3,15,2,clustered,batched,8,P5_phi,119.0
3,3,15,2,clustered,batched,8,P5_phi,90.0
3,3,15,2,clustered,batched,8,P5_phi,100.0
3,3,15,2,clustered,batched,8,P5_phi,47.0
3,3,15,2,clustered,batched,8,P5_phi,86.0
3,3,15,2,clustered,batched,8,P5_phi,86.0
3,3,15,2,clustered,batched,8,P5_phi,80.0
3,3,15,2,clustered,batched,8,P5_phi,76.0
3,3,15,2,clustered,batched,8,P5_phi,143.0
3,3,15,2,clustered,batched,8,P5_phi,56.0
3,3,15,2,clustered,batched,8,P5_phi,100.0
3,3,15,2,clustered,batched,8,P5_phi,71.0
3,3,15,2,clustered,batched,8,P5_phi,128.0
3,3,15,2,clustered,batched,8,P5_phi,76.0
3,3,15,2,clustered,batched,8,P5_phi,110.0
3,3,15,2,clustered,batched,8,P5_phi,100.0
3,3,15,2,clustered,batched,8,P5_phi,33.0
3,3,15,2,clustered,batched,8,P5_phi,71.0
3,3,15,2,clustered,batched,8,P5_phi,148.0
3,3,15,2,clustered,batched,8,P5_phi,86.0
3,3,15,2,clustered,batched,8,P5_phi,128.0
3,3,15,2,clustered,batched,8,P5_phi,119.0
3,3,15,2,clustered,batched,8,P5_phi,90.0
3,3,15,2,clustered,batched,8,P5_phi,66.0
3,3,15,2,clustered,batched,8,P5_phi,56.0
3,3,15,2,clustered,batched,8,P5_phi,90.0
3,3,15,2,clustered,batched,8,P5_phi,90.0
3,3,15,2,clustered,batched,8,P5_phi,80.0
3,3,15,2,clustered,batched,8,P5_phi,81.0
3,3,15,2,clustered,batched,8,P5_phi,52.0
3,3,15,2,clustered,batched,8,P5_phi,100.0
3,3,15,2,clustered,batched,8,P5_phi,124.0
3,3,15,2,clustered,batched,8,P5_phi,62.0
3,3,15,2,clustered,batched,8,P5_phi,71.0
3,3,15,2,clustered,batched,8,P5_phi,71.0
3,3,15,2,clustered,batched,8,P5_phi,71.0
3,3,15,2,clustered,batched,8,P5_phi,90.0
3,3,15,2,clustered,batched,8,P5_phi,138.0
3,3,15,2,clustered,batched,8,P5_phi,52.0
3,3,15,2,clustered,batched,8,P5_phi,66.0
3,3,15,2,clustered,batched,8,P5_phi,38.0
3,3,15,2,clustered,batched,8,P5_phi,95.0
3,3,15,2,clustered,batched,8,P5_phi,71.0
3,3,15,2,clustered,batched,8,P5_phi,90.0
3,3,15,2,clustered,batched,8,P5_phi,71.0
3,3,15,2,clustered,batched,8,P5_phi,100.0
3,3,15,2,clustered,batched,8,P5_phi,71.0
3,3,15,2,clustered,batched,8,P5_phi,52.0
3,3,15,2,clustered,batched,8,P5_phi,143.0
3,3,15,2,clustered,batched,8,P5_phi,71.0
3,3,15,2,clustered,batched,8,P5_phi,33.0
3,3,15,2,clustered,batched,8,P5_phi,71.0
3,3,15,2,clustered,batched,8,P5_phi,100.0
3,3,15,2,clustered,batched,8,P5_phi,52.0
3,3,15,2,clustered,batched,8,P5_phi,124.0
3,3,15,2,clustered,batched,8,P5_phi,76.0
3,3,15,2,clustered,batched,8,P5_phi,66.0
3,3,15,2,clustered,batched,8,P5_phi,52.0
3,3,15,2,clustered,batched,8,P5_phi,76.0
3,3,15,2,clustered,batched,8,P5_phi,133.0
3,3,15,2,clustered,batched,8,P5_phi,57.0
3,3,15,2,clustered,batched,8,P5_phi,95.0
3,3,15,2,clustered,batched,8,P5_phi,95.0
3,3,15,2,clustered,batched,8,P5_phi,71.0
3,3,15,2,clustered,batched,8,P5_phi,95.0
3,3,15,2,clustered,batched,8,P5_phi,33.0
3,3,15,2,clustered,batched,8,P5_phi,90.0
3,3,15,2,clustered,batched,8,P5_phi,62.0
3,3,15,2,clustered,batched,8,P5_phi,95.0
3,3,15,2,clustered,batched,8,P5_phi,90.0
3,3,15,2,clustered,batched,8,P5_phi,124.0
3,3,15,2,clustered,batched,8,P5_phi,95.0
3,3,15,2,clustered,batched,8,P5_phi,71.0
3,3,15,2,clustered,batched,8,P5_phi,110.0
3,3,15,2,clustered,batched,8,P5_phi,66.0
3,3,15,2,clustered,batched,8,P5_phi,76.0
3,3,15,2,clustered,batched,8,P5_phi,71.0
3,3,15,2,clustered,batched,8,P5_phi,52.0
3,3,15,2,clustered,batched,8,P5_phi,52.0
3,3,15,2,clustered,batched,8,P5_phi,95.0
3,3,15,2,clustered,batched,8,P5_phi,124.0
3,3,15,2,clustered,batched,8,P5_phi,71.0
3,3,15,2,clustered,batched,8,P5_phi,52.0
3,3,15,2,clustered,batched,8,P5_phi,71.0
3,3,15,2,clustered,batched,8,P6_spo_tree,67.0
3,3,15,2,clustered,batched,8,P6_spo_tree,105.0
3,3,15,2,clustered,batched,8,P6_spo_tree,57.0
3,3,15,2,clustered,batched,8,P6_spo_tree,86.0
3,3,15,2,clustered,batched,8,P6_spo_tree,52.0
3,3,15,2,clustered,batched,8,P6_spo_tree,52.0
3,3,15,2,clustered,batched,8,P6_spo_tree,71.0
3,3,15,2,clustered,batched,8,P6_spo_tree,90.0
3,3,15,2,clustered,batched,8,P6_spo_tree,76.0
3,3,15,2,clustered,batched,8,P6_spo_tree,95.0
3,3,15,2,clustered,batched,8,P6_spo_tree,95.0
3,3,15,2,clustered,batched,8,P6_spo_tree,76.0
3,3,15,2,clustered,batched,8,P6_spo_tree,71.0
3,3,15,2,clustered,batched,8,P6_spo_tree,90.0
3,3,15,2,clustered,batched,8,P6_spo_tree,133.0
3,3,15,2,clustered,batched,8,P6_spo_tree,90.0
3,3,15,2,clustered,batched,8,P6_spo_tree,76.0
3,3,15,2,clustered,batched,8,P6_spo_tree,66.0
3,3,15,2,clustered,batched,8,P6_spo_tree,71.0
3,3,15,2,clustered,batched,8,P6_spo_tree,90.0
3,3,15,2,clustered,batched,8,P6_spo_tree,57.0
3,3,15,2,clustered,batched,8,P6_spo_tree,90.0
3,3,15,2,clustered,batched,8,P6_spo_tree,119.0
3,3,15,2,clustered,batched,8,P6_spo_tree,76.0
3,3,15,2,clustered,batched,8,P6_spo_tree,143.0
3,3,15,2,clustered,batched,8,P6_spo_tree,123.0
3,3,15,2,clustered,batched,8,P6_spo_tree,71.0
3,3,15,2,clustered,batched,8,P6_spo_tree,104.0
3,3,15,2,clustered,batched,8,P6_spo_tree,119.0
3,3,15,2,clustered,batched,8,P6_spo_tree,95.0
3,3,15,2,clustered,batched,8,P6_spo_tree,114.0
3,3,15,2,clustered,batched,8,P6_spo_tree,90.0
3,3,15,2,clustered,batched,8,P6_spo_tree,119.0
3,3,15,2,clustered,batched,8,P6_spo_tree,66.0
3,3,15,2,clustered,batched,8,P6_spo_tree,90.0
3,3,15,2,clustered,batched,8,P6_spo_tree,81.0
3,3,15,2,clustered,batched,8,P6_spo_tree,95.0
3,3,15,2,clustered,batched,8,P6_spo_tree,161.0
3,3,15,2,clustered,batched,8,P6_spo_tree,80.0
3,3,15,2,clustered,batched,8,P6_spo_tree,123.0
3,3,15,2,clustered,batched,8,P6_spo_tree,114.0
3,3,15,2,clustered,batched,8,P6_spo_tree,90.0
3,3,15,2,clustered,batched,8,P6_spo_tree,138.0
3,3,15,2,clustered,batched,8,P6_spo_tree,95.0
3,3,15,2,clustered,batched,8,P6_spo_tree,99.0
3,3,15,2,clustered,batched,8,P6_spo_tree,128.0
3,3,15,2,clustered,batched,8,P6_spo_tree,124.0
3,3,15,2,clustered,batched,8,P6_spo_tree,71.0
3,3,15,2,clustered,batched,8,P6_spo_tree,52.0
3,3,15,2,clustered,batched,8,P6_spo_tree,71.0
3,3,15,2,clustered,batched,8,P6_spo_tree,80.0
3,3,15,2,clustered,batched,8,P6_spo_tree,123.0
3,3,15,2,clustered,batched,8,P6_spo_tree,62.0
3,3,15,2,clustered,batched,8,P6_spo_tree,85.0
3,3,15,2,clustered,batched,8,P6_spo_tree,114.0
3,3,15,2,clustered,batched,8,P6_spo_tree,57.0
3,3,15,2,clustered,batched,8,P6_spo_tree,138.0
3,3,15,2,clustered,batched,8,P6_spo_tree,95.0
3,3,15,2,clustered,batched,8,P6_spo_tree,114.0
3,3,15,2,clustered,batched,8,P6_spo_tree,52.0
3,3,15,2,clustered,batched,8,P6_spo_tree,157.0
3,3,15,2,clustered,batched,8,P6_spo_tree,133.0
3,3,15,2,clustered,batched,8,P6_spo_tree,99.0
3,3,15,2,clustered,batched,8,P6_spo_tree,80.0
3,3,15,2,clustered,batched,8,P6_spo_tree,66.0
3,3,15,2,clustered,batched,8,P6_spo_tree,52.0
3,3,15,2,clustered,batched,8,P6_spo_tree,119.0
3,3,15,2,clustered,batched,8,P6_spo_tree,128.0
3,3,15,2,clustered,batched,8,P6_spo_tree,71.0
3,3,15,2,clustered,batched,8,P6_spo_tree,57.0
3,3,15,2,clustered,batched,8,P6_spo_tree,104.0
3,3,15,2,clustered,batched,8,P6_spo_tree,89.0
3,3,15,2,clustered,batched,8,P6_spo_tree,100.0
3,3,15,2,clustered,batched,8,P6_spo_tree,128.0
3,3,15,2,clustered,batched,8,P6_spo_tree,57.0
3,3,15,2,clustered,batched,8,P6_spo_tree,57.0
3,3,15,2,clustered,batched,8,P6_spo_tree,75.0
3,3,15,2,clustered,batched,8,P6_spo_tree,71.0
3,3,15,2,clustered,batched,8,P6_spo_tree,123.0
3,3,15,2,clustered,batched,8,P6_spo_tree,95.0
3,3,15,2,clustered,batched,8,P6_spo_tree,124.0
3,3,15,2,clustered,batched,8,P6_spo_tree,104.0
3,3,15,2,clustered,batched,8,P6_spo_tree,90.0
3,3,15,2,clustered,batched,8,P6_spo_tree,95.0
3,3,15,2,clustered,batched,8,P6_spo_tree,119.0
3,3,15,2,clustered,batched,8,P6_spo_tree,57.0
3,3,15,2,clustered,batched,8,P6_spo_tree,114.0
3,3,15,2,clustered,batched,8,P6_spo_tree,90.0
3,3,15,2,clustered,batched,8,P6_spo_tree,114.0
3,3,15,2,clustered,batched,8,P6_spo_tree,133.0
3,3,15,2,clustered,batched,8,P6_spo_tree,152.0
3,3,15,2,clustered,batched,8,P6_spo_tree,104.0
3,3,15,2,clustered,batched,8,P6_spo_tree,66.0
3,3,15,2,clustered,batched,8,P6_spo_tree,94.0
3,3,15,2,clustered,batched,8,P6_spo_tree,57.0
3,3,15,2,clustered,batched,8,P6_spo_tree,52.0
3,3,15,2,clustered,batched,8,P6_spo_tree,52.0
3,3,15,2,clustered,batched,8,P6_spo_tree,66.0
3,3,15,2,clustered,batched,8,P6_spo_tree,57.0
3,3,15,2,clustered,batched,8,P6_spo_tree,90.0
3,3,15,2,clustered,batched,8,P6_spo_tree,76.0
3,3,15,2,clustered,batched,8,P6_spo_tree,109.0
3,3,15,2,clustered,batched,8,P6_spo_tree,128.0
3,3,15,2,clustered,batched,8,P6_spo_tree,62.0
3,3,15,2,clustered,batched,8,P6_spo_tree,133.0
3,3,15,2,clustered,batched,8,P6_spo_tree,129.0
3,3,15,2,clustered,batched,8,P6_spo_tree,119.0
3,3,15,2,clustered,batched,8,P6_spo_tree,128.0
3,3,15,2,clustered,batched,8,P6_spo_tree,57.0
3,3,15,2,clustered,batched,8,P6_spo_tree,71.0
3,3,15,2,clustered,batched,8,P6_spo_tree,128.0
3,3,15,2,clustered,batched,8,P6_spo_tree,80.0
3,3,15,2,clustered,batched,8,P6_spo_tree,81.0
3,3,15,2,clustered,batched,8,P6_spo_tree,119.0
3,3,15,2,clustered,batched,8,P6_spo_tree,71.0
3,3,15,2,clustered,batched,8,P6_spo_tree,110.0
3,3,15,2,clustered,batched,8,P6_spo_tree,57.0
3,3,15,2,clustered,batched,8,P6_spo_tree,76.0
3,3,15,2,clustered,batched,8,P6_spo_tree,57.0
3,3,15,2,clustered,batched,8,P6_spo_tree,95.0
3,3,15,2,clustered,batched,8,P6_spo_tree,71.0
3,3,15,2,clustered,batched,8,P6_spo_tree,118.0
3,3,15,2,clustered,batched,8,P6_spo_tree,95.0
3,3,15,2,clustered,batched,8,P6_spo_tree,61.0
3,3,15,2,clustered,batched,8,P6_spo_tree,62.0
3,3,15,2,clustered,batched,8,P6_spo_tree,57.0
3,3,15,2,clustered,batched,8,P6_spo_tree,76.0
3,3,15,2,clustered,batched,8,P6_spo_tree,95.0
3,3,15,2,clustered,batched,8,P6_spo_tree,57.0
3,3,15,2,clustered,batched,8,P6_spo_tree,52.0
3,3,15,2,clustered,batched,8,P6_spo_tree,86.0
3,3,15,2,clustered,batched,8,P6_spo_tree,57.0
3,3,15,2,clustered,batched,8,P6_spo_tree,66.0
3,3,15,2,clustered,batched,8,P6_spo_tree,95.0
3,3,15,2,clustered,batched,8,P6_spo_tree,66.0
3,3,15,2,clustered,batched,8,P6_spo_tree,57.0
3,3,15,2,clustered,batched,8,P6_spo_tree,86.0
3,3,15,2,clustered,batched,8,P6_spo_tree,81.0
3,3,15,2,clustered,batched,8,P6_spo_tree,100.0
3,3,15,2,clustered,batched,8,P6_spo_tree,52.0
3,3,15,2,clustered,batched,8,P6_spo_tree,66.0
3,3,15,2,clustered,batched,8,P6_spo_tree,52.0
3,3,15,2,clustered,batched,8,P6_spo_tree,119.0
3,3,15,2,clustered,batched,8,P6_spo_tree,76.0
3,3,15,2,clustered,batched,8,P6_spo_tree,90.0
3,3,15,2,clustered,batched,8,P6_spo_tree,71.0
3,3,15,2,clustered,batched,8,P6_spo_tree,71.0
3,3,15,2,clustered,batched,8,P6_spo_tree,109.0
3,3,15,2,clustered,batched,8,P6_spo_tree,124.0
3,3,15,2,clustered,batched,8,P6_spo_tree,124.0
3,3,15,2,clustered,batched,8,P6_spo_tree,71.0
3,3,15,2,clustered,batched,8,P6_spo_tree,71.0
3,3,15,2,clustered,batched,8,P6_spo_tree,71.0
3,3,15,2,clustered,batched,8,P6_spo_tree,66.0
3,3,15,2,clustered,batched,8,P6_spo_tree,95.0
3,3,15,2,clustered,batched,8,P6_spo_tree,124.0
3,3,15,2,clustered,batched,8,P6_spo_tree,47.0
3,3,15,2,clustered,batched,8,P6_spo_tree,95.0
3,3,15,2,clustered,batched,8,P6_spo_tree,38.0
3,3,15,2,clustered,batched,8,P6_spo_tree,90.0
3,3,15,2,clustered,batched,8,P6_spo_tree,66.0
3,3,15,2,clustered,batched,8,P6_spo_tree,33.0
3,3,15,2,clustered,batched,8,P6_spo_tree,104.0
3,3,15,2,clustered,batched,8,P6_spo_tree,80.0
3,3,15,2,clustered,batched,8,P6_spo_tree,52.0
3,3,15,2,clustered,batched,8,P6_spo_tree,80.0
3,3,15,2,clustered,batched,8,P6_spo_tree,84.0
3,3,15,2,clustered,batched,8,P6_spo_tree,90.0
3,3,15,2,clustered,batched,8,P6_spo_tree,71.0
3,3,15,2,clustered,batched,8,P6_spo_tree,71.0
3,3,15,2,clustered,batched,8,P6_spo_tree,76.0
3,3,15,2,clustered,batched,8,P6_spo_tree,33.0
3,3,15,2,clustered,batched,8,P6_spo_tree,57.0
3,3,15,2,clustered,batched,8,P6_spo_tree,33.0
3,3,15,2,clustered,batched,8,P6_spo_tree,66.0
3,3,15,2,clustered,batched,8,P6_spo_tree,85.0
3,3,15,2,clustered,batched,8,P6_spo_tree,86.0
3,3,15,2,clustered,batched,8,P6_spo_tree,71.0
3,3,15,2,clustered,batched,8,P6_spo_tree,57.0
3,3,15,2,clustered,batched,8,P6_spo_tree,95.0
3,3,15,2,clustered,batched,8,P6_spo_tree,95.0
3,3,15,2,clustered,batched,8,P6_spo_tree,94.0
3,3,15,2,clustered,batched,8,P6_spo_tree,95.0
3,3,15,2,clustered,batched,8,P6_spo_tree,124.0
3,3,15,2,clustered,batched,8,P6_spo_tree,57.0
3,3,15,2,clustered,batched,8,P6_spo_tree,71.0
3,3,15,2,clustered,batched,8,P6_spo_tree,138.0
3,3,15,2,clustered,batched,8,P6_spo_tree,66.0
3,3,15,2,clustered,batched,8,P6_spo_tree,76.0
3,3,15,2,clustered,batched,8,P6_spo_tree,66.0
3,3,15,2,clustered,batched,8,P6_spo_tree,71.0
3,3,15,2,clustered,batched,8,P6_spo_tree,76.0
3,3,15,2,clustered,batched,8,P6_spo_tree,62.0
3,3,15,2,clustered,batched,8,P6_spo_tree,61.0
3,3,15,2,clustered,batched,8,P6_spo_tree,62.0
3,3,15,2,clustered,batched,8,P6_spo_tree,95.0
3,3,15,2,clustered,batched,8,P6_spo_tree,128.0
3,3,15,2,clustered,batched,8,P6_spo_tree,114.0
3,3,15,2,clustered,batched,8,P6_spo_tree,95.0
3,3,15,2,clustered,batched,8,P6_spo_tree,52.0
3,3,15,2,clustered,batched,30,P0_random,320.0
3,3,15,2,clustered,batched,30,P0_random,281.0
3,3,15,2,clustered,batched,30,P0_random,380.0
3,3,15,2,clustered,batched,30,P0_random,345.0
3,3,15,2,clustered,batched,30,P0_random,400.0
3,3,15,2,clustered,batched,30,P0_random,347.0
3,3,15,2,clustered,batched,30,P0_random,368.0
3,3,15,2,clustered,batched,30,P0_random,367.0
3,3,15,2,clustered,batched,30,P0_random,306.0
3,3,15,2,clustered,batched,30,P0_random,335.0
3,3,15,2,clustered,batched,30,P0_random,354.0
3,3,15,2,clustered,batched,30,P0_random,285.0
3,3,15,2,clustered,batched,30,P0_random,411.0
3,3,15,2,clustered,batched,30,P0_random,344.0
3,3,15,2,clustered,batched,30,P0_random,347.0
3,3,15,2,clustered,batched,30,P0_random,323.0
3,3,15,2,clustered,batched,30,P0_random,415.0
3,3,15,2,clustered,batched,30,P0_random,352.0
3,3,15,2,clustered,batched,30,P0_random,354.0
3,3,15,2,clustered,batched,30,P0_random,384.0
3,3,15,2,clustered,batched,30,P0_random,291.0
3,3,15,2,clustered,batched,30,P0_random,405.0
3,3,15,2,clustered,batched,30,P0_random,320.0
3,3,15,2,clustered,batched,30,P0_random,288.0
3,3,15,2,clustered,batched,30,P0_random,383.0
3,3,15,2,clustered,batched,30,P0_random,291.0
3,3,15,2,clustered,batched,30,P0_random,334.0
3,3,15,2,clustered,batched,30,P0_random,334.0
3,3,15,2,clustered,batched,30,P0_random,338.0
3,3,15,2,clustered,batched,30,P0_random,315.0
3,3,15,2,clustered,batched,30,P0_random,310.0
3,3,15,2,clustered,batched,30,P0_random,371.0
3,3,15,2,clustered,batched,30,P0_random,396.0
3,3,15,2,clustered,batched,30,P0_random,352.0
3,3,15,2,clustered,batched,30,P0_random,352.0
3,3,15,2,clustered,batched,30,P0_random,366.0
3,3,15,2,clustered,batched,30,P0_random,335.0
3,3,15,2,clustered,batched,30,P0_random,357.0
3,3,15,2,clustered,batched,30,P0_random,290.0
3,3,15,2,clustered,batched,30,P0_random,377.0
3,3,15,2,clustered,batched,30,P0_random,334.0
3,3,15,2,clustered,batched,30,P0_random,323.0
3,3,15,2,clustered,batched,30,P0_random,357.0
3,3,15,2,clustered,batched,30,P0_random,401.0
3,3,15,2,clustered,batched,30,P0_random,403.0
3,3,15,2,clustered,batched,30,P0_random,353.0
3,3,15,2,clustered,batched,30,P0_random,349.0
3,3,15,2,clustered,batched,30,P0_random,372.0
3,3,15,2,clustered,batched,30,P0_random,282.0
3,3,15,2,clustered,batched,30,P0_random,405.0
3,3,15,2,clustered,batched,30,P0_random,358.0
3,3,15,2,clustered,batched,30,P0_random,284.0
3,3,15,2,clustered,batched,30,P0_random,370.0
3,3,15,2,clustered,batched,30,P0_random,357.0
3,3,15,2,clustered,batched,30,P0_random,407.0
3,3,15,2,clustered,batched,30,P0_random,373.0
3,3,15,2,clustered,batched,30,P0_random,343.0
3,3,15,2,clustered,batched,30,P0_random,343.0
3,3,15,2,clustered,batched,30,P0_random,368.0
3,3,15,2,clustered,batched,30,P0_random,319.0
3,3,15,2,clustered,batched,30,P0_random,415.0
3,3,15,2,clustered,batched,30,P0_random,372.0
3,3,15,2,clustered,batched,30,P0_random,304.0
3,3,15,2,clustered,batched,30,P0_random,375.0
3,3,15,2,clustered,batched,30,P0_random,353.0
3,3,15,2,clustered,batched,30,P0_random,385.0
3,3,15,2,clustered,batched,30,P0_random,339.0
3,3,15,2,clustered,batched,30,P0_random,383.0
3,3,15,2,clustered,batched,30,P0_random,387.0
3,3,15,2,clustered,batched,30,P0_random,373.0
3,3,15,2,clustered,batched,30,P0_random,284.0
3,3,15,2,clustered,batched,30,P0_random,406.0
3,3,15,2,clustered,batched,30,P0_random,378.0
3,3,15,2,clustered,batched,30,P0_random,358.0
3,3,15,2,clustered,batched,30,P0_random,358.0
3,3,15,2,clustered,batched,30,P0_random,304.0
3,3,15,2,clustered,batched,30,P0_random,386.0
3,3,15,2,clustered,batched,30,P0_random,348.0
3,3,15,2,clustered,batched,30,P0_random,390.0
3,3,15,2,clustered,batched,30,P0_random,348.0
3,3,15,2,clustered,batched,30,P0_random,319.0
3,3,15,2,clustered,batched,30,P0_random,338.0
3,3,15,2,clustered,batched,30,P0_random,357.0
3,3,15,2,clustered,batched,30,P0_random,333.0
3,3,15,2,clustered,batched,30,P0_random,349.0
3,3,15,2,clustered,batched,30,P0_random,349.0
3,3,15,2,clustered,batched,30,P0_random,266.0
3,3,15,2,clustered,batched,30,P0_random,362.0
3,3,15,2,clustered,batched,30,P0_random,372.0
3,3,15,2,clustered,batched,30,P0_random,343.0
3,3,15,2,clustered,batched,30,P0_random,344.0
3,3,15,2,clustered,batched,30,P0_random,334.0
3,3,15,2,clustered,batched,30,P0_random,388.0
3,3,15,2,clustered,batched,30,P0_random,291.0
3,3,15,2,clustered,batched,30,P0_random,458.0
3,3,15,2,clustered,batched,30,P0_random,385.0
3,3,15,2,clustered,batched,30,P0_random,396.0
3,3,15,2,clustered,batched,30,P0_random,353.0
3,3,15,2,clustered,batched,30,P0_random,305.0
3,3,15,2,clustered,batched,30,P0_random,345.0
3,3,15,2,clustered,batched,30,P0_random,347.0
3,3,15,2,clustered,batched,30,P0_random,333.0
3,3,15,2,clustered,batched,30,P0_random,373.0
3,3,15,2,clustered,batched,30,P0_random,315.0
3,3,15,2,clustered,batched,30,P0_random,333.0
3,3,15,2,clustered,batched,30,P0_random,348.0
3,3,15,2,clustered,batched,30,P0_random,278.0
3,3,15,2,clustered,batched,30,P0_random,415.0
3,3,15,2,clustered,batched,30,P0_random,430.0
3,3,15,2,clustered,batched,30,P0_random,407.0
3,3,15,2,clustered,batched,30,P0_random,348.0
3,3,15,2,clustered,batched,30,P0_random,353.0
3,3,15,2,clustered,batched,30,P0_random,315.0
3,3,15,2,clustered,batched,30,P0_random,362.0
3,3,15,2,clustered,batched,30,P0_random,324.0
3,3,15,2,clustered,batched,30,P0_random,366.0
3,3,15,2,clustered,batched,30,P0_random,364.0
3,3,15,2,clustered,batched,30,P0_random,347.0
3,3,15,2,clustered,batched,30,P0_random,377.0
3,3,15,2,clustered,batched,30,P0_random,377.0
3,3,15,2,clustered,batched,30,P0_random,349.0
3,3,15,2,clustered,batched,30,P0_random,309.0
3,3,15,2,clustered,batched,30,P0_random,377.0
3,3,15,2,clustered,batched,30,P0_random,387.0
3,3,15,2,clustered,batched,30,P0_random,342.0
3,3,15,2,clustered,batched,30,P0_random,314.0
3,3,15,2,clustered,batched,30,P0_random,333.0
3,3,15,2,clustered,batched,30,P0_random,377.0
3,3,15,2,clustered,batched,30,P0_random,358.0
3,3,15,2,clustered,batched,30,P0_random,391.0
3,3,15,2,clustered,batched,30,P0_random,352.0
3,3,15,2,clustered,batched,30,P0_random,368.0
3,3,15,2,clustered,batched,30,P0_random,306.0
3,3,15,2,clustered,batched,30,P0_random,333.0
3,3,15,2,clustered,batched,30,P0_random,358.0
3,3,15,2,clustered,batched,30,P0_random,373.0
3,3,15,2,clustered,batched,30,P0_random,429.0
3,3,15,2,clustered,batched,30,P0_random,449.0
3,3,15,2,clustered,batched,30,P0_random,306.0
3,3,15,2,clustered,batched,30,P0_random,433.0
3,3,15,2,clustered,batched,30,P0_random,377.0
3,3,15,2,clustered,batched,30,P0_random,335.0
3,3,15,2,clustered,batched,30,P0_random,353.0
3,3,15,2,clustered,batched,30,P0_random,365.0
3,3,15,2,clustered,batched,30,P0_random,254.0
3,3,15,2,clustered,batched,30,P0_random,381.0
3,3,15,2,clustered,batched,30,P0_random,300.0
3,3,15,2,clustered,batched,30,P0_random,340.0
3,3,15,2,clustered,batched,30,P0_random,415.0
3,3,15,2,clustered,batched,30,P0_random,278.0
3,3,15,2,clustered,batched,30,P0_random,345.0
3,3,15,2,clustered,batched,30,P0_random,311.0
3,3,15,2,clustered,batched,30,P0_random,339.0
3,3,15,2,clustered,batched,30,P0_random,289.0
3,3,15,2,clustered,batched,30,P0_random,378.0
3,3,15,2,clustered,batched,30,P0_random,338.0
3,3,15,2,clustered,batched,30,P0_random,253.0
3,3,15,2,clustered,batched,30,P0_random,373.0
3,3,15,2,clustered,batched,30,P0_random,363.0
3,3,15,2,clustered,batched,30,P0_random,357.0
3,3,15,2,clustered,batched,30,P0_random,326.0
3,3,15,2,clustered,batched,30,P0_random,416.0
3,3,15,2,clustered,batched,30,P0_random,352.0
3,3,15,2,clustered,batched,30,P0_random,396.0
3,3,15,2,clustered,batched,30,P0_random,382.0
3,3,15,2,clustered,batched,30,P0_random,353.0
3,3,15,2,clustered,batched,30,P0_random,362.0
3,3,15,2,clustered,batched,30,P0_random,363.0
3,3,15,2,clustered,batched,30,P0_random,324.0
3,3,15,2,clustered,batched,30,P0_random,328.0
3,3,15,2,clustered,batched,30,P0_random,354.0
3,3,15,2,clustered,batched,30,P0_random,358.0
3,3,15,2,clustered,batched,30,P0_random,387.0
3,3,15,2,clustered,batched,30,P0_random,325.0
3,3,15,2,clustered,batched,30,P0_random,395.0
3,3,15,2,clustered,batched,30,P0_random,416.0
3,3,15,2,clustered,batched,30,P0_random,258.0
3,3,15,2,clustered,batched,30,P0_random,377.0
3,3,15,2,clustered,batched,30,P0_random,371.0
3,3,15,2,clustered,batched,30,P0_random,372.0
3,3,15,2,clustered,batched,30,P0_random,381.0
3,3,15,2,clustered,batched,30,P0_random,401.0
3,3,15,2,clustered,batched,30,P0_random,343.0
3,3,15,2,clustered,batched,30,P0_random,387.0
3,3,15,2,clustered,batched,30,P0_random,377.0
3,3,15,2,clustered,batched,30,P0_random,339.0
3,3,15,2,clustered,batched,30,P0_random,392.0
3,3,15,2,clustered,batched,30,P0_random,335.0
3,3,15,2,clustered,batched,30,P0_random,299.0
3,3,15,2,clustered,batched,30,P0_random,308.0
3,3,15,2,clustered,batched,30,P0_random,395.0
3,3,15,2,clustered,batched,30,P0_random,344.0
3,3,15,2,clustered,batched,30,P0_random,400.0
3,3,15,2,clustered,batched,30,P0_random,408.0
3,3,15,2,clustered,batched,30,P0_random,304.0
3,3,15,2,clustered,batched,30,P0_random,381.0
3,3,15,2,clustered,batched,30,P0_random,382.0
3,3,15,2,clustered,batched,30,P0_random,438.0
3,3,15,2,clustered,batched,30,P0_random,386.0
3,3,15,2,clustered,batched,30,P0_random,287.0
3,3,15,2,clustered,batched,30,P1_dest_cluster,280.0
3,3,15,2,clustered,batched,30,P1_dest_cluster,352.0
3,3,15,2,clustered,batched,30,P1_dest_cluster,377.0
3,3,15,2,clustered,batched,30,P1_dest_cluster,320.0
3,3,15,2,clustered,batched,30,P1_dest_cluster,357.0
3,3,15,2,clustered,batched,30,P1_dest_cluster,296.0
3,3,15,2,clustered,batched,30,P1_dest_cluster,329.0
3,3,15,2,clustered,batched,30,P1_dest_cluster,400.0
3,3,15,2,clustered,batched,30,P1_dest_cluster,367.0
3,3,15,2,clustered,batched,30,P1_dest_cluster,319.0
3,3,15,2,clustered,batched,30,P1_dest_cluster,318.0
3,3,15,2,clustered,batched,30,P1_dest_cluster,354.0
3,3,15,2,clustered,batched,30,P1_dest_cluster,300.0
3,3,15,2,clustered,batched,30,P1_dest_cluster,411.0
3,3,15,2,clustered,batched,30,P1_dest_cluster,396.0
3,3,15,2,clustered,batched,30,P1_dest_cluster,340.0
3,3,15,2,clustered,batched,30,P1_dest_cluster,338.0
3,3,15,2,clustered,batched,30,P1_dest_cluster,382.0
3,3,15,2,clustered,batched,30,P1_dest_cluster,296.0
3,3,15,2,clustered,batched,30,P1_dest_cluster,291.0
3,3,15,2,clustered,batched,30,P1_dest_cluster,381.0
3,3,15,2,clustered,batched,30,P1_dest_cluster,340.0
3,3,15,2,clustered,batched,30,P1_dest_cluster,434.0
3,3,15,2,clustered,batched,30,P1_dest_cluster,362.0
3,3,15,2,clustered,batched,30,P1_dest_cluster,406.0
3,3,15,2,clustered,batched,30,P1_dest_cluster,315.0
3,3,15,2,clustered,batched,30,P1_dest_cluster,325.0
3,3,15,2,clustered,batched,30,P1_dest_cluster,372.0
3,3,15,2,clustered,batched,30,P1_dest_cluster,401.0
3,3,15,2,clustered,batched,30,P1_dest_cluster,387.0
3,3,15,2,clustered,batched,30,P1_dest_cluster,272.0
3,3,15,2,clustered,batched,30,P1_dest_cluster,287.0
3,3,15,2,clustered,batched,30,P1_dest_cluster,315.0
3,3,15,2,clustered,batched,30,P1_dest_cluster,357.0
3,3,15,2,clustered,batched,30,P1_dest_cluster,381.0
3,3,15,2,clustered,batched,30,P1_dest_cluster,305.0
3,3,15,2,clustered,batched,30,P1_dest_cluster,392.0
3,3,15,2,clustered,batched,30,P1_dest_cluster,333.0
3,3,15,2,clustered,batched,30,P1_dest_cluster,405.0
3,3,15,2,clustered,batched,30,P1_dest_cluster,349.0
3,3,15,2,clustered,batched,30,P1_dest_cluster,309.0
3,3,15,2,clustered,batched,30,P1_dest_cluster,324.0
3,3,15,2,clustered,batched,30,P1_dest_cluster,377.0
3,3,15,2,clustered,batched,30,P1_dest_cluster,305.0
3,3,15,2,clustered,batched,30,P1_dest_cluster,330.0
3,3,15,2,clustered,batched,30,P1_dest_cluster,358.0
3,3,15,2,clustered,batched,30,P1_dest_cluster,281.0
3,3,15,2,clustered,batched,30,P1_dest_cluster,319.0
3,3,15,2,clustered,batched,30,P1_dest_cluster,362.0
3,3,15,2,clustered,batched,30,P1_dest_cluster,316.0
3,3,15,2,clustered,batched,30,P1_dest_cluster,343.0
3,3,15,2,clustered,batched,30,P1_dest_cluster,366.0
3,3,15,2,clustered,batched,30,P1_dest_cluster,324.0
3,3,15,2,clustered,batched,30,P1_dest_cluster,335.0
3,3,15,2,clustered,batched,30,P1_dest_cluster,335.0
3,3,15,2,clustered,batched,30,P1_dest_cluster,348.0
3,3,15,2,clustered,batched,30,P1_dest_cluster,397.0
3,3,15,2,clustered,batched,30,P1_dest_cluster,387.0
3,3,15,2,clustered,batched,30,P1_dest_cluster,310.0
3,3,15,2,clustered,batched,30,P1_dest_cluster,386.0
3,3,15,2,clustered,batched,30,P1_dest_cluster,275.0
3,3,15,2,clustered,batched,30,P1_dest_cluster,367.0
3,3,15,2,clustered,batched,30,P1_dest_cluster,343.0
3,3,15,2,clustered,batched,30,P1_dest_cluster,395.0
3,3,15,2,clustered,batched,30,P1_dest_cluster,415.0
3,3,15,2,clustered,batched,30,P1_dest_cluster,325.0
3,3,15,2,clustered,batched,30,P1_dest_cluster,324.0
3,3,15,2,clustered,batched,30,P1_dest_cluster,401.0
3,3,15,2,clustered,batched,30,P1_dest_cluster,371.0
3,3,15,2,clustered,batched,30,P1_dest_cluster,334.0
3,3,15,2,clustered,batched,30,P1_dest_cluster,373.0
3,3,15,2,clustered,batched,30,P1_dest_cluster,368.0
3,3,15,2,clustered,batched,30,P1_dest_cluster,371.0
3,3,15,2,clustered,batched,30,P1_dest_cluster,382.0
3,3,15,2,clustered,batched,30,P1_dest_cluster,349.0
3,3,15,2,clustered,batched,30,P1_dest_cluster,333.0
3,3,15,2,clustered,batched,30,P1_dest_cluster,337.0
3,3,15,2,clustered,batched,30,P1_dest_cluster,287.0
3,3,15,2,clustered,batched,30,P1_dest_cluster,344.0
3,3,15,2,clustered,batched,30,P1_dest_cluster,338.0
3,3,15,2,clustered,batched,30,P1_dest_cluster,435.0
3,3,15,2,clustered,batched,30,P1_dest_cluster,377.0
3,3,15,2,clustered,batched,30,P1_dest_cluster,367.0
3,3,15,2,clustered,batched,30,P1_dest_cluster,320.0
3,3,15,2,clustered,batched,30,P1_dest_cluster,328.0
3,3,15,2,clustered,batched,30,P1_dest_cluster,316.0
3,3,15,2,clustered,batched,30,P1_dest_cluster,343.0
3,3,15,2,clustered,batched,30,P1_dest_cluster,338.0
3,3,15,2,clustered,batched,30,P1_dest_cluster,363.0
3,3,15,2,clustered,batched,30,P1_dest_cluster,402.0
3,3,15,2,clustered,batched,30,P1_dest_cluster,444.0
3,3,15,2,clustered,batched,30,P1_dest_cluster,415.0
3,3,15,2,clustered,batched,30,P1_dest_cluster,400.0
3,3,15,2,clustered,batched,30,P1_dest_cluster,358.0
3,3,15,2,clustered,batched,30,P1_dest_cluster,382.0
3,3,15,2,clustered,batched,30,P1_dest_cluster,353.0
3,3,15,2,clustered,batched,30,P1_dest_cluster,372.0
3,3,15,2,clustered,batched,30,P1_dest_cluster,337.0
3,3,15,2,clustered,batched,30,P1_dest_cluster,347.0
3,3,15,2,clustered,batched,30,P1_dest_cluster,281.0
3,3,15,2,clustered,batched,30,P1_dest_cluster,405.0
3,3,15,2,clustered,batched,30,P1_dest_cluster,377.0
3,3,15,2,clustered,batched,30,P1_dest_cluster,372.0
3,3,15,2,clustered,batched,30,P1_dest_cluster,410.0
3,3,15,2,clustered,batched,30,P1_dest_cluster,385.0
3,3,15,2,clustered,batched,30,P1_dest_cluster,333.0
3,3,15,2,clustered,batched,30,P1_dest_cluster,377.0
3,3,15,2,clustered,batched,30,P1_dest_cluster,415.0
3,3,15,2,clustered,batched,30,P1_dest_cluster,344.0
3,3,15,2,clustered,batched,30,P1_dest_cluster,305.0
3,3,15,2,clustered,batched,30,P1_dest_cluster,313.0
3,3,15,2,clustered,batched,30,P1_dest_cluster,379.0
3,3,15,2,clustered,batched,30,P1_dest_cluster,325.0
3,3,15,2,clustered,batched,30,P1_dest_cluster,382.0
3,3,15,2,clustered,batched,30,P1_dest_cluster,328.0
3,3,15,2,clustered,batched,30,P1_dest_cluster,323.0
3,3,15,2,clustered,batched,30,P1_dest_cluster,385.0
3,3,15,2,clustered,batched,30,P1_dest_cluster,304.0
3,3,15,2,clustered,batched,30,P1_dest_cluster,304.0
3,3,15,2,clustered,batched,30,P1_dest_cluster,377.0
3,3,15,2,clustered,batched,30,P1_dest_cluster,424.0
3,3,15,2,clustered,batched,30,P1_dest_cluster,333.0
3,3,15,2,clustered,batched,30,P1_dest_cluster,297.0
3,3,15,2,clustered,batched,30,P1_dest_cluster,376.0
3,3,15,2,clustered,batched,30,P1_dest_cluster,282.0
3,3,15,2,clustered,batched,30,P1_dest_cluster,368.0
3,3,15,2,clustered,batched,30,P1_dest_cluster,373.0
3,3,15,2,clustered,batched,30,P1_dest_cluster,319.0
3,3,15,2,clustered,batched,30,P1_dest_cluster,326.0
3,3,15,2,clustered,batched,30,P1_dest_cluster,373.0
3,3,15,2,clustered,batched,30,P1_dest_cluster,430.0
3,3,15,2,clustered,batched,30,P1_dest_cluster,383.0
3,3,15,2,clustered,batched,30,P1_dest_cluster,344.0
3,3,15,2,clustered,batched,30,P1_dest_cluster,328.0
3,3,15,2,clustered,batched,30,P1_dest_cluster,305.0
3,3,15,2,clustered,batched,30,P1_dest_cluster,367.0
3,3,15,2,clustered,batched,30,P1_dest_cluster,347.0
3,3,15,2,clustered,batched,30,P1_dest_cluster,305.0
3,3,15,2,clustered,batched,30,P1_dest_cluster,334.0
3,3,15,2,clustered,batched,30,P1_dest_cluster,381.0
3,3,15,2,clustered,batched,30,P1_dest_cluster,400.0
3,3,15,2,clustered,batched,30,P1_dest_cluster,301.0
3,3,15,2,clustered,batched,30,P1_dest_cluster,324.0
3,3,15,2,clustered,batched,30,P1_dest_cluster,377.0
3,3,15,2,clustered,batched,30,P1_dest_cluster,320.0
3,3,15,2,clustered,batched,30,P1_dest_cluster,267.0
3,3,15,2,clustered,batched,30,P1_dest_cluster,343.0
3,3,15,2,clustered,batched,30,P1_dest_cluster,343.0
3,3,15,2,clustered,batched,30,P1_dest_cluster,343.0
3,3,15,2,clustered,batched,30,P1_dest_cluster,368.0
3,3,15,2,clustered,batched,30,P1_dest_cluster,363.0
3,3,15,2,clustered,batched,30,P1_dest_cluster,386.0
3,3,15,2,clustered,batched,30,P1_dest_cluster,372.0
3,3,15,2,clustered,batched,30,P1_dest_cluster,334.0
3,3,15,2,clustered,batched,30,P1_dest_cluster,339.0
3,3,15,2,clustered,batched,30,P1_dest_cluster,335.0
3,3,15,2,clustered,batched,30,P1_dest_cluster,408.0
3,3,15,2,clustered,batched,30,P1_dest_cluster,381.0
3,3,15,2,clustered,batched,30,P1_dest_cluster,354.0
3,3,15,2,clustered,batched,30,P1_dest_cluster,301.0
3,3,15,2,clustered,batched,30,P1_dest_cluster,400.0
3,3,15,2,clustered,batched,30,P1_dest_cluster,358.0
3,3,15,2,clustered,batched,30,P1_dest_cluster,395.0
3,3,15,2,clustered,batched,30,P1_dest_cluster,326.0
3,3,15,2,clustered,batched,30,P1_dest_cluster,388.0
3,3,15,2,clustered,batched,30,P1_dest_cluster,354.0
3,3,15,2,clustered,batched,30,P1_dest_cluster,339.0
3,3,15,2,clustered,batched,30,P1_dest_cluster,333.0
3,3,15,2,clustered,batched,30,P1_dest_cluster,337.0
3,3,15,2,clustered,batched,30,P1_dest_cluster,368.0
3,3,15,2,clustered,batched,30,P1_dest_cluster,401.0
3,3,15,2,clustered,batched,30,P1_dest_cluster,320.0
3,3,15,2,clustered,batched,30,P1_dest_cluster,330.0
3,3,15,2,clustered,batched,30,P1_dest_cluster,319.0
3,3,15,2,clustered,batched,30,P1_dest_cluster,319.0
3,3,15,2,clustered,batched,30,P1_dest_cluster,319.0
3,3,15,2,clustered,batched,30,P1_dest_cluster,356.0
3,3,15,2,clustered,batched,30,P1_dest_cluster,385.0
3,3,15,2,clustered,batched,30,P1_dest_cluster,328.0
3,3,15,2,clustered,batched,30,P1_dest_cluster,364.0
3,3,15,2,clustered,batched,30,P1_dest_cluster,377.0
3,3,15,2,clustered,batched,30,P1_dest_cluster,301.0
3,3,15,2,clustered,batched,30,P1_dest_cluster,392.0
3,3,15,2,clustered,batched,30,P1_dest_cluster,430.0
3,3,15,2,clustered,batched,30,P1_dest_cluster,382.0
3,3,15,2,clustered,batched,30,P1_dest_cluster,390.0
3,3,15,2,clustered,batched,30,P1_dest_cluster,405.0
3,3,15,2,clustered,batched,30,P1_dest_cluster,348.0
3,3,15,2,clustered,batched,30,P1_dest_cluster,411.0
3,3,15,2,clustered,batched,30,P1_dest_cluster,324.0
3,3,15,2,clustered,batched,30,P1_dest_cluster,377.0
3,3,15,2,clustered,batched,30,P1_dest_cluster,322.0
3,3,15,2,clustered,batched,30,P1_dest_cluster,452.0
3,3,15,2,clustered,batched,30,P1_dest_cluster,400.0
3,3,15,2,clustered,batched,30,P1_dest_cluster,335.0
3,3,15,2,clustered,batched,30,P1_dest_cluster,305.0
3,3,15,2,clustered,batched,30,P1_dest_cluster,376.0
3,3,15,2,clustered,batched,30,P1_dest_cluster,433.0
3,3,15,2,clustered,batched,30,P1_dest_cluster,352.0
3,3,15,2,clustered,batched,30,P1_dest_cluster,291.0
3,3,15,2,clustered,batched,30,P2_cardinality,309.0
3,3,15,2,clustered,batched,30,P2_cardinality,357.0
3,3,15,2,clustered,batched,30,P2_cardinality,405.0
3,3,15,2,clustered,batched,30,P2_cardinality,330.0
3,3,15,2,clustered,batched,30,P2_cardinality,353.0
3,3,15,2,clustered,batched,30,P2_cardinality,318.0
3,3,15,2,clustered,batched,30,P2_cardinality,367.0
3,3,15,2,clustered,batched,30,P2_cardinality,353.0
3,3,15,2,clustered,batched,30,P2_cardinality,387.0
3,3,15,2,clustered,batched,30,P2_cardinality,320.0
3,3,15,2,clustered,batched,30,P2_cardinality,297.0
3,3,15,2,clustered,batched,30,P2_cardinality,271.0
3,3,15,2,clustered,batched,30,P2_cardinality,348.0
3,3,15,2,clustered,batched,30,P2_cardinality,438.0
3,3,15,2,clustered,batched,30,P2_cardinality,396.0
3,3,15,2,clustered,batched,30,P2_cardinality,390.0
3,3,15,2,clustered,batched,30,P2_cardinality,377.0
3,3,15,2,clustered,batched,30,P2_cardinality,349.0
3,3,15,2,clustered,batched,30,P2_cardinality,411.0
3,3,15,2,clustered,batched,30,P2_cardinality,340.0
3,3,15,2,clustered,batched,30,P2_cardinality,310.0
3,3,15,2,clustered,batched,30,P2_cardinality,377.0
3,3,15,2,clustered,batched,30,P2_cardinality,329.0
3,3,15,2,clustered,batched,30,P2_cardinality,325.0
3,3,15,2,clustered,batched,30,P2_cardinality,299.0
3,3,15,2,clustered,batched,30,P2_cardinality,353.0
3,3,15,2,clustered,batched,30,P2_cardinality,315.0
3,3,15,2,clustered,batched,30,P2_cardinality,333.0
3,3,15,2,clustered,batched,30,P2_cardinality,315.0
3,3,15,2,clustered,batched,30,P2_cardinality,357.0
3,3,15,2,clustered,batched,30,P2_cardinality,365.0
3,3,15,2,clustered,batched,30,P2_cardinality,315.0
3,3,15,2,clustered,batched,30,P2_cardinality,320.0
3,3,15,2,clustered,batched,30,P2_cardinality,349.0
3,3,15,2,clustered,batched,30,P2_cardinality,382.0
3,3,15,2,clustered,batched,30,P2_cardinality,338.0
3,3,15,2,clustered,batched,30,P2_cardinality,300.0
3,3,15,2,clustered,batched,30,P2_cardinality,305.0
3,3,15,2,clustered,batched,30,P2_cardinality,324.0
3,3,15,2,clustered,batched,30,P2_cardinality,410.0
3,3,15,2,clustered,batched,30,P2_cardinality,306.0
3,3,15,2,clustered,batched,30,P2_cardinality,387.0
3,3,15,2,clustered,batched,30,P2_cardinality,320.0
3,3,15,2,clustered,batched,30,P2_cardinality,372.0
3,3,15,2,clustered,batched,30,P2_cardinality,297.0
3,3,15,2,clustered,batched,30,P2_cardinality,334.0
3,3,15,2,clustered,batched,30,P2_cardinality,357.0
3,3,15,2,clustered,batched,30,P2_cardinality,300.0
3,3,15,2,clustered,batched,30,P2_cardinality,299.0
3,3,15,2,clustered,batched,30,P2_cardinality,339.0
3,3,15,2,clustered,batched,30,P2_cardinality,378.0
3,3,15,2,clustered,batched,30,P2_cardinality,337.0
3,3,15,2,clustered,batched,30,P2_cardinality,339.0
3,3,15,2,clustered,batched,30,P2_cardinality,348.0
3,3,15,2,clustered,batched,30,P2_cardinality,386.0
3,3,15,2,clustered,batched,30,P2_cardinality,334.0
3,3,15,2,clustered,batched,30,P2_cardinality,345.0
3,3,15,2,clustered,batched,30,P2_cardinality,316.0
3,3,15,2,clustered,batched,30,P2_cardinality,315.0
3,3,15,2,clustered,batched,30,P2_cardinality,299.0
3,3,15,2,clustered,batched,30,P2_cardinality,318.0
3,3,15,2,clustered,batched,30,P2_cardinality,296.0
3,3,15,2,clustered,batched,30,P2_cardinality,287.0
3,3,15,2,clustered,batched,30,P2_cardinality,387.0
3,3,15,2,clustered,batched,30,P2_cardinality,316.0
3,3,15,2,clustered,batched,30,P2_cardinality,367.0
3,3,15,2,clustered,batched,30,P2_cardinality,321.0
3,3,15,2,clustered,batched,30,P2_cardinality,328.0
3,3,15,2,clustered,batched,30,P2_cardinality,346.0
3,3,15,2,clustered,batched,30,P2_cardinality,428.0
3,3,15,2,clustered,batched,30,P2_cardinality,359.0
3,3,15,2,clustered,batched,30,P2_cardinality,296.0
3,3,15,2,clustered,batched,30,P2_cardinality,358.0
3,3,15,2,clustered,batched,30,P2_cardinality,354.0
3,3,15,2,clustered,batched,30,P2_cardinality,357.0
3,3,15,2,clustered,batched,30,P2_cardinality,296.0
3,3,15,2,clustered,batched,30,P2_cardinality,410.0
3,3,15,2,clustered,batched,30,P2_cardinality,339.0
3,3,15,2,clustered,batched,30,P2_cardinality,335.0
3,3,15,2,clustered,batched,30,P2_cardinality,315.0
3,3,15,2,clustered,batched,30,P2_cardinality,377.0
3,3,15,2,clustered,batched,30,P2_cardinality,363.0
3,3,15,2,clustered,batched,30,P2_cardinality,325.0
3,3,15,2,clustered,batched,30,P2_cardinality,352.0
3,3,15,2,clustered,batched,30,P2_cardinality,319.0
3,3,15,2,clustered,batched,30,P2_cardinality,385.0
3,3,15,2,clustered,batched,30,P2_cardinality,347.0
3,3,15,2,clustered,batched,30,P2_cardinality,300.0
3,3,15,2,clustered,batched,30,P2_cardinality,366.0
3,3,15,2,clustered,batched,30,P2_cardinality,387.0
3,3,15,2,clustered,batched,30,P2_cardinality,319.0
3,3,15,2,clustered,batched,30,P2_cardinality,319.0
3,3,15,2,clustered,batched,30,P2_cardinality,386.0
3,3,15,2,clustered,batched,30,P2_cardinality,304.0
3,3,15,2,clustered,batched,30,P2_cardinality,371.0
3,3,15,2,clustered,batched,30,P2_cardinality,363.0
3,3,15,2,clustered,batched,30,P2_cardinality,290.0
3,3,15,2,clustered,batched,30,P2_cardinality,315.0
3,3,15,2,clustered,batched,30,P2_cardinality,342.0
3,3,15,2,clustered,batched,30,P2_cardinality,343.0
3,3,15,2,clustered,batched,30,P2_cardinality,394.0
3,3,15,2,clustered,batched,30,P2_cardinality,324.0
3,3,15,2,clustered,batched,30,P2_cardinality,292.0
3,3,15,2,clustered,batched,30,P2_cardinality,304.0
3,3,15,2,clustered,batched,30,P2_cardinality,306.0
3,3,15,2,clustered,batched,30,P2_cardinality,295.0
3,3,15,2,clustered,batched,30,P2_cardinality,348.0
3,3,15,2,clustered,batched,30,P2_cardinality,348.0
3,3,15,2,clustered,batched,30,P2_cardinality,373.0
3,3,15,2,clustered,batched,30,P2_cardinality,291.0
3,3,15,2,clustered,batched,30,P2_cardinality,320.0
3,3,15,2,clustered,batched,30,P2_cardinality,326.0
3,3,15,2,clustered,batched,30,P2_cardinality,296.0
3,3,15,2,clustered,batched,30,P2_cardinality,271.0
3,3,15,2,clustered,batched,30,P2_cardinality,405.0
3,3,15,2,clustered,batched,30,P2_cardinality,398.0
3,3,15,2,clustered,batched,30,P2_cardinality,301.0
3,3,15,2,clustered,batched,30,P2_cardinality,348.0
3,3,15,2,clustered,batched,30,P2_cardinality,368.0
3,3,15,2,clustered,batched,30,P2_cardinality,392.0
3,3,15,2,clustered,batched,30,P2_cardinality,325.0
3,3,15,2,clustered,batched,30,P2_cardinality,328.0
3,3,15,2,clustered,batched,30,P2_cardinality,319.0
3,3,15,2,clustered,batched,30,P2_cardinality,292.0
3,3,15,2,clustered,batched,30,P2_cardinality,425.0
3,3,15,2,clustered,batched,30,P2_cardinality,460.0
3,3,15,2,clustered,batched,30,P2_cardinality,342.0
3,3,15,2,clustered,batched,30,P2_cardinality,363.0
3,3,15,2,clustered,batched,30,P2_cardinality,416.0
3,3,15,2,clustered,batched,30,P2_cardinality,305.0
3,3,15,2,clustered,batched,30,P2_cardinality,272.0
3,3,15,2,clustered,batched,30,P2_cardinality,386.0
3,3,15,2,clustered,batched,30,P2_cardinality,349.0
3,3,15,2,clustered,batched,30,P2_cardinality,366.0
3,3,15,2,clustered,batched,30,P2_cardinality,281.0
3,3,15,2,clustered,batched,30,P2_cardinality,391.0
3,3,15,2,clustered,batched,30,P2_cardinality,396.0
3,3,15,2,clustered,batched,30,P2_cardinality,323.0
3,3,15,2,clustered,batched,30,P2_cardinality,358.0
3,3,15,2,clustered,batched,30,P2_cardinality,368.0
3,3,15,2,clustered,batched,30,P2_cardinality,377.0
3,3,15,2,clustered,batched,30,P2_cardinality,381.0
3,3,15,2,clustered,batched,30,P2_cardinality,301.0
3,3,15,2,clustered,batched,30,P2_cardinality,425.0
3,3,15,2,clustered,batched,30,P2_cardinality,377.0
3,3,15,2,clustered,batched,30,P2_cardinality,287.0
3,3,15,2,clustered,batched,30,P2_cardinality,310.0
3,3,15,2,clustered,batched,30,P2_cardinality,340.0
3,3,15,2,clustered,batched,30,P2_cardinality,359.0
3,3,15,2,clustered,batched,30,P2_cardinality,439.0
3,3,15,2,clustered,batched,30,P2_cardinality,359.0
3,3,15,2,clustered,batched,30,P2_cardinality,273.0
3,3,15,2,clustered,batched,30,P2_cardinality,401.0
3,3,15,2,clustered,batched,30,P2_cardinality,306.0
3,3,15,2,clustered,batched,30,P2_cardinality,364.0
3,3,15,2,clustered,batched,30,P2_cardinality,438.0
3,3,15,2,clustered,batched,30,P2_cardinality,425.0
3,3,15,2,clustered,batched,30,P2_cardinality,400.0
3,3,15,2,clustered,batched,30,P2_cardinality,325.0
3,3,15,2,clustered,batched,30,P2_cardinality,382.0
3,3,15,2,clustered,batched,30,P2_cardinality,347.0
3,3,15,2,clustered,batched,30,P2_cardinality,377.0
3,3,15,2,clustered,batched,30,P2_cardinality,335.0
3,3,15,2,clustered,batched,30,P2_cardinality,367.0
3,3,15,2,clustered,batched,30,P2_cardinality,340.0
3,3,15,2,clustered,batched,30,P2_cardinality,358.0
3,3,15,2,clustered,batched,30,P2_cardinality,348.0
3,3,15,2,clustered,batched,30,P2_cardinality,310.0
3,3,15,2,clustered,batched,30,P2_cardinality,306.0
3,3,15,2,clustered,batched,30,P2_cardinality,319.0
3,3,15,2,clustered,batched,30,P2_cardinality,405.0
3,3,15,2,clustered,batched,30,P2_cardinality,353.0
3,3,15,2,clustered,batched,30,P2_cardinality,324.0
3,3,15,2,clustered,batched,30,P2_cardinality,339.0
3,3,15,2,clustered,batched,30,P2_cardinality,339.0
3,3,15,2,clustered,batched,30,P2_cardinality,357.0
3,3,15,2,clustered,batched,30,P2_cardinality,353.0
3,3,15,2,clustered,batched,30,P2_cardinality,376.0
3,3,15,2,clustered,batched,30,P2_cardinality,368.0
3,3,15,2,clustered,batched,30,P2_cardinality,344.0
3,3,15,2,clustered,batched,30,P2_cardinality,335.0
3,3,15,2,clustered,batched,30,P2_cardinality,292.0
3,3,15,2,clustered,batched,30,P2_cardinality,315.0
3,3,15,2,clustered,batched,30,P2_cardinality,367.0
3,3,15,2,clustered,batched,30,P2_cardinality,335.0
3,3,15,2,clustered,batched,30,P2_cardinality,315.0
3,3,15,2,clustered,batched,30,P2_cardinality,348.0
3,3,15,2,clustered,batched,30,P2_cardinality,315.0
3,3,15,2,clustered,batched,30,P2_cardinality,368.0
3,3,15,2,clustered,batched,30,P2_cardinality,377.0
3,3,15,2,clustered,batched,30,P2_cardinality,357.0
3,3,15,2,clustered,batched,30,P2_cardinality,396.0
3,3,15,2,clustered,batched,30,P2_cardinality,370.0
3,3,15,2,clustered,batched,30,P2_cardinality,353.0
3,3,15,2,clustered,batched,30,P2_cardinality,306.0
3,3,15,2,clustered,batched,30,P2_cardinality,306.0
3,3,15,2,clustered,batched,30,P2_cardinality,301.0
3,3,15,2,clustered,batched,30,P2_cardinality,338.0
3,3,15,2,clustered,batched,30,P2_cardinality,400.0
3,3,15,2,clustered,batched,30,P2_cardinality,324.0
3,3,15,2,clustered,batched,30,P3_dir_balanced,371.0
3,3,15,2,clustered,batched,30,P3_dir_balanced,305.0
3,3,15,2,clustered,batched,30,P3_dir_balanced,395.0
3,3,15,2,clustered,batched,30,P3_dir_balanced,362.0
3,3,15,2,clustered,batched,30,P3_dir_balanced,377.0
3,3,15,2,clustered,batched,30,P3_dir_balanced,385.0
3,3,15,2,clustered,batched,30,P3_dir_balanced,382.0
3,3,15,2,clustered,batched,30,P3_dir_balanced,331.0
3,3,15,2,clustered,batched,30,P3_dir_balanced,425.0
3,3,15,2,clustered,batched,30,P3_dir_balanced,305.0
3,3,15,2,clustered,batched,30,P3_dir_balanced,396.0
3,3,15,2,clustered,batched,30,P3_dir_balanced,368.0
3,3,15,2,clustered,batched,30,P3_dir_balanced,382.0
3,3,15,2,clustered,batched,30,P3_dir_balanced,310.0
3,3,15,2,clustered,batched,30,P3_dir_balanced,377.0
3,3,15,2,clustered,batched,30,P3_dir_balanced,381.0
3,3,15,2,clustered,batched,30,P3_dir_balanced,334.0
3,3,15,2,clustered,batched,30,P3_dir_balanced,429.0
3,3,15,2,clustered,batched,30,P3_dir_balanced,421.0
3,3,15,2,clustered,batched,30,P3_dir_balanced,402.0
3,3,15,2,clustered,batched,30,P3_dir_balanced,368.0
3,3,15,2,clustered,batched,30,P3_dir_balanced,381.0
3,3,15,2,clustered,batched,30,P3_dir_balanced,343.0
3,3,15,2,clustered,batched,30,P3_dir_balanced,320.0
3,3,15,2,clustered,batched,30,P3_dir_balanced,352.0
3,3,15,2,clustered,batched,30,P3_dir_balanced,423.0
3,3,15,2,clustered,batched,30,P3_dir_balanced,407.0
3,3,15,2,clustered,batched,30,P3_dir_balanced,444.0
3,3,15,2,clustered,batched,30,P3_dir_balanced,382.0
3,3,15,2,clustered,batched,30,P3_dir_balanced,313.0
3,3,15,2,clustered,batched,30,P3_dir_balanced,435.0
3,3,15,2,clustered,batched,30,P3_dir_balanced,382.0
3,3,15,2,clustered,batched,30,P3_dir_balanced,328.0
3,3,15,2,clustered,batched,30,P3_dir_balanced,306.0
3,3,15,2,clustered,batched,30,P3_dir_balanced,377.0
3,3,15,2,clustered,batched,30,P3_dir_balanced,362.0
3,3,15,2,clustered,batched,30,P3_dir_balanced,324.0
3,3,15,2,clustered,batched,30,P3_dir_balanced,300.0
3,3,15,2,clustered,batched,30,P3_dir_balanced,358.0
3,3,15,2,clustered,batched,30,P3_dir_balanced,339.0
3,3,15,2,clustered,batched,30,P3_dir_balanced,377.0
3,3,15,2,clustered,batched,30,P3_dir_balanced,333.0
3,3,15,2,clustered,batched,30,P3_dir_balanced,380.0
3,3,15,2,clustered,batched,30,P3_dir_balanced,362.0
3,3,15,2,clustered,batched,30,P3_dir_balanced,281.0
3,3,15,2,clustered,batched,30,P3_dir_balanced,386.0
3,3,15,2,clustered,batched,30,P3_dir_balanced,396.0
3,3,15,2,clustered,batched,30,P3_dir_balanced,421.0
3,3,15,2,clustered,batched,30,P3_dir_balanced,291.0
3,3,15,2,clustered,batched,30,P3_dir_balanced,390.0
3,3,15,2,clustered,batched,30,P3_dir_balanced,405.0
3,3,15,2,clustered,batched,30,P3_dir_balanced,400.0
3,3,15,2,clustered,batched,30,P3_dir_balanced,358.0
3,3,15,2,clustered,batched,30,P3_dir_balanced,378.0
3,3,15,2,clustered,batched,30,P3_dir_balanced,361.0
3,3,15,2,clustered,batched,30,P3_dir_balanced,378.0
3,3,15,2,clustered,batched,30,P3_dir_balanced,334.0
3,3,15,2,clustered,batched,30,P3_dir_balanced,372.0
3,3,15,2,clustered,batched,30,P3_dir_balanced,324.0
3,3,15,2,clustered,batched,30,P3_dir_balanced,338.0
3,3,15,2,clustered,batched,30,P3_dir_balanced,425.0
3,3,15,2,clustered,batched,30,P3_dir_balanced,338.0
3,3,15,2,clustered,batched,30,P3_dir_balanced,377.0
3,3,15,2,clustered,batched,30,P3_dir_balanced,340.0
3,3,15,2,clustered,batched,30,P3_dir_balanced,377.0
3,3,15,2,clustered,batched,30,P3_dir_balanced,381.0
3,3,15,2,clustered,batched,30,P3_dir_balanced,348.0
3,3,15,2,clustered,batched,30,P3_dir_balanced,310.0
3,3,15,2,clustered,batched,30,P3_dir_balanced,311.0
3,3,15,2,clustered,batched,30,P3_dir_balanced,419.0
3,3,15,2,clustered,batched,30,P3_dir_balanced,419.0
3,3,15,2,clustered,batched,30,P3_dir_balanced,395.0
3,3,15,2,clustered,batched,30,P3_dir_balanced,409.0
3,3,15,2,clustered,batched,30,P3_dir_balanced,425.0
3,3,15,2,clustered,batched,30,P3_dir_balanced,350.0
3,3,15,2,clustered,batched,30,P3_dir_balanced,407.0
3,3,15,2,clustered,batched,30,P3_dir_balanced,363.0
3,3,15,2,clustered,batched,30,P3_dir_balanced,367.0
3,3,15,2,clustered,batched,30,P3_dir_balanced,390.0
3,3,15,2,clustered,batched,30,P3_dir_balanced,305.0
3,3,15,2,clustered,batched,30,P3_dir_balanced,316.0
3,3,15,2,clustered,batched,30,P3_dir_balanced,377.0
3,3,15,2,clustered,batched,30,P3_dir_balanced,410.0
3,3,15,2,clustered,batched,30,P3_dir_balanced,377.0
3,3,15,2,clustered,batched,30,P3_dir_balanced,386.0
3,3,15,2,clustered,batched,30,P3_dir_balanced,377.0
3,3,15,2,clustered,batched,30,P3_dir_balanced,383.0
3,3,15,2,clustered,batched,30,P3_dir_balanced,344.0
3,3,15,2,clustered,batched,30,P3_dir_balanced,361.0
3,3,15,2,clustered,batched,30,P3_dir_balanced,377.0
3,3,15,2,clustered,batched,30,P3_dir_balanced,362.0
3,3,15,2,clustered,batched,30,P3_dir_balanced,371.0
3,3,15,2,clustered,batched,30,P3_dir_balanced,419.0
3,3,15,2,clustered,batched,30,P3_dir_balanced,419.0
3,3,15,2,clustered,batched,30,P3_dir_balanced,387.0
3,3,15,2,clustered,batched,30,P3_dir_balanced,375.0
3,3,15,2,clustered,batched,30,P3_dir_balanced,373.0
3,3,15,2,clustered,batched,30,P3_dir_balanced,386.0
3,3,15,2,clustered,batched,30,P3_dir_balanced,286.0
3,3,15,2,clustered,batched,30,P3_dir_balanced,386.0
3,3,15,2,clustered,batched,30,P3_dir_balanced,386.0
3,3,15,2,clustered,batched,30,P3_dir_balanced,357.0
3,3,15,2,clustered,batched,30,P3_dir_balanced,406.0
3,3,15,2,clustered,batched,30,P3_dir_balanced,434.0
3,3,15,2,clustered,batched,30,P3_dir_balanced,391.0
3,3,15,2,clustered,batched,30,P3_dir_balanced,362.0
3,3,15,2,clustered,batched,30,P3_dir_balanced,372.0
3,3,15,2,clustered,batched,30,P3_dir_balanced,326.0
3,3,15,2,clustered,batched,30,P3_dir_balanced,406.0
3,3,15,2,clustered,batched,30,P3_dir_balanced,383.0
3,3,15,2,clustered,batched,30,P3_dir_balanced,372.0
3,3,15,2,clustered,batched,30,P3_dir_balanced,309.0
3,3,15,2,clustered,batched,30,P3_dir_balanced,361.0
3,3,15,2,clustered,batched,30,P3_dir_balanced,320.0
3,3,15,2,clustered,batched,30,P3_dir_balanced,367.0
3,3,15,2,clustered,batched,30,P3_dir_balanced,335.0
3,3,15,2,clustered,batched,30,P3_dir_balanced,333.0
3,3,15,2,clustered,batched,30,P3_dir_balanced,329.0
3,3,15,2,clustered,batched,30,P3_dir_balanced,325.0
3,3,15,2,clustered,batched,30,P3_dir_balanced,310.0
3,3,15,2,clustered,batched,30,P3_dir_balanced,377.0
3,3,15,2,clustered,batched,30,P3_dir_balanced,353.0
3,3,15,2,clustered,batched,30,P3_dir_balanced,353.0
3,3,15,2,clustered,batched,30,P3_dir_balanced,315.0
3,3,15,2,clustered,batched,30,P3_dir_balanced,375.0
3,3,15,2,clustered,batched,30,P3_dir_balanced,381.0
3,3,15,2,clustered,batched,30,P3_dir_balanced,304.0
3,3,15,2,clustered,batched,30,P3_dir_balanced,373.0
3,3,15,2,clustered,batched,30,P3_dir_balanced,372.0
3,3,15,2,clustered,batched,30,P3_dir_balanced,434.0
3,3,15,2,clustered,batched,30,P3_dir_balanced,382.0
3,3,15,2,clustered,batched,30,P3_dir_balanced,409.0
3,3,15,2,clustered,batched,30,P3_dir_balanced,353.0
3,3,15,2,clustered,batched,30,P3_dir_balanced,347.0
3,3,15,2,clustered,batched,30,P3_dir_balanced,343.0
3,3,15,2,clustered,batched,30,P3_dir_balanced,397.0
3,3,15,2,clustered,batched,30,P3_dir_balanced,352.0
3,3,15,2,clustered,batched,30,P3_dir_balanced,368.0
3,3,15,2,clustered,batched,30,P3_dir_balanced,382.0
3,3,15,2,clustered,batched,30,P3_dir_balanced,334.0
3,3,15,2,clustered,batched,30,P3_dir_balanced,362.0
3,3,15,2,clustered,batched,30,P3_dir_balanced,333.0
3,3,15,2,clustered,batched,30,P3_dir_balanced,347.0
3,3,15,2,clustered,batched,30,P3_dir_balanced,382.0
3,3,15,2,clustered,batched,30,P3_dir_balanced,305.0
3,3,15,2,clustered,batched,30,P3_dir_balanced,352.0
3,3,15,2,clustered,batched,30,P3_dir_balanced,349.0
3,3,15,2,clustered,batched,30,P3_dir_balanced,328.0
3,3,15,2,clustered,batched,30,P3_dir_balanced,358.0
3,3,15,2,clustered,batched,30,P3_dir_balanced,396.0
3,3,15,2,clustered,batched,30,P3_dir_balanced,433.0
3,3,15,2,clustered,batched,30,P3_dir_balanced,447.0
3,3,15,2,clustered,batched,30,P3_dir_balanced,357.0
3,3,15,2,clustered,batched,30,P3_dir_balanced,347.0
3,3,15,2,clustered,batched,30,P3_dir_balanced,377.0
3,3,15,2,clustered,batched,30,P3_dir_balanced,340.0
3,3,15,2,clustered,batched,30,P3_dir_balanced,338.0
3,3,15,2,clustered,batched,30,P3_dir_balanced,377.0
3,3,15,2,clustered,batched,30,P3_dir_balanced,382.0
3,3,15,2,clustered,batched,30,P3_dir_balanced,310.0
3,3,15,2,clustered,batched,30,P3_dir_balanced,386.0
3,3,15,2,clustered,batched,30,P3_dir_balanced,421.0
3,3,15,2,clustered,batched,30,P3_dir_balanced,329.0
3,3,15,2,clustered,batched,30,P3_dir_balanced,364.0
3,3,15,2,clustered,batched,30,P3_dir_balanced,319.0
3,3,15,2,clustered,batched,30,P3_dir_balanced,353.0
3,3,15,2,clustered,batched,30,P3_dir_balanced,309.0
3,3,15,2,clustered,batched,30,P3_dir_balanced,382.0
3,3,15,2,clustered,batched,30,P3_dir_balanced,358.0
3,3,15,2,clustered,batched,30,P3_dir_balanced,319.0
3,3,15,2,clustered,batched,30,P3_dir_balanced,357.0
3,3,15,2,clustered,batched,30,P3_dir_balanced,316.0
3,3,15,2,clustered,batched,30,P3_dir_balanced,355.0
3,3,15,2,clustered,batched,30,P3_dir_balanced,353.0
3,3,15,2,clustered,batched,30,P3_dir_balanced,349.0
3,3,15,2,clustered,batched,30,P3_dir_balanced,347.0
3,3,15,2,clustered,batched,30,P3_dir_balanced,343.0
3,3,15,2,clustered,batched,30,P3_dir_balanced,272.0
3,3,15,2,clustered,batched,30,P3_dir_balanced,311.0
3,3,15,2,clustered,batched,30,P3_dir_balanced,324.0
3,3,15,2,clustered,batched,30,P3_dir_balanced,371.0
3,3,15,2,clustered,batched,30,P3_dir_balanced,370.0
3,3,15,2,clustered,batched,30,P3_dir_balanced,425.0
3,3,15,2,clustered,batched,30,P3_dir_balanced,372.0
3,3,15,2,clustered,batched,30,P3_dir_balanced,353.0
3,3,15,2,clustered,batched,30,P3_dir_balanced,347.0
3,3,15,2,clustered,batched,30,P3_dir_balanced,350.0
3,3,15,2,clustered,batched,30,P3_dir_balanced,335.0
3,3,15,2,clustered,batched,30,P3_dir_balanced,435.0
3,3,15,2,clustered,batched,30,P3_dir_balanced,297.0
3,3,15,2,clustered,batched,30,P3_dir_balanced,392.0
3,3,15,2,clustered,batched,30,P3_dir_balanced,361.0
3,3,15,2,clustered,batched,30,P3_dir_balanced,383.0
3,3,15,2,clustered,batched,30,P3_dir_balanced,368.0
3,3,15,2,clustered,batched,30,P3_dir_balanced,392.0
3,3,15,2,clustered,batched,30,P3_dir_balanced,358.0
3,3,15,2,clustered,batched,30,P3_dir_balanced,344.0
3,3,15,2,clustered,batched,30,P3_dir_balanced,427.0
3,3,15,2,clustered,batched,30,P3_dir_balanced,377.0
3,3,15,2,clustered,batched,30,P3_dir_balanced,349.0
3,3,15,2,clustered,batched,30,P4_temporal,304.0
3,3,15,2,clustered,batched,30,P4_temporal,329.0
3,3,15,2,clustered,batched,30,P4_temporal,377.0
3,3,15,2,clustered,batched,30,P4_temporal,376.0
3,3,15,2,clustered,batched,30,P4_temporal,349.0
3,3,15,2,clustered,batched,30,P4_temporal,386.0
3,3,15,2,clustered,batched,30,P4_temporal,320.0
3,3,15,2,clustered,batched,30,P4_temporal,360.0
3,3,15,2,clustered,batched,30,P4_temporal,276.0
3,3,15,2,clustered,batched,30,P4_temporal,344.0
3,3,15,2,clustered,batched,30,P4_temporal,334.0
3,3,15,2,clustered,batched,30,P4_temporal,368.0
3,3,15,2,clustered,batched,30,P4_temporal,343.0
3,3,15,2,clustered,batched,30,P4_temporal,458.0
3,3,15,2,clustered,batched,30,P4_temporal,318.0
3,3,15,2,clustered,batched,30,P4_temporal,287.0
3,3,15,2,clustered,batched,30,P4_temporal,383.0
3,3,15,2,clustered,batched,30,P4_temporal,348.0
3,3,15,2,clustered,batched,30,P4_temporal,376.0
3,3,15,2,clustered,batched,30,P4_temporal,339.0
3,3,15,2,clustered,batched,30,P4_temporal,434.0
3,3,15,2,clustered,batched,30,P4_temporal,454.0
3,3,15,2,clustered,batched,30,P4_temporal,382.0
3,3,15,2,clustered,batched,30,P4_temporal,364.0
3,3,15,2,clustered,batched,30,P4_temporal,313.0
3,3,15,2,clustered,batched,30,P4_temporal,341.0
3,3,15,2,clustered,batched,30,P4_temporal,409.0
3,3,15,2,clustered,batched,30,P4_temporal,353.0
3,3,15,2,clustered,batched,30,P4_temporal,275.0
3,3,15,2,clustered,batched,30,P4_temporal,363.0
3,3,15,2,clustered,batched,30,P4_temporal,345.0
3,3,15,2,clustered,batched,30,P4_temporal,357.0
3,3,15,2,clustered,batched,30,P4_temporal,352.0
3,3,15,2,clustered,batched,30,P4_temporal,362.0
3,3,15,2,clustered,batched,30,P4_temporal,400.0
3,3,15,2,clustered,batched,30,P4_temporal,358.0
3,3,15,2,clustered,batched,30,P4_temporal,352.0
3,3,15,2,clustered,batched,30,P4_temporal,363.0
3,3,15,2,clustered,batched,30,P4_temporal,301.0
3,3,15,2,clustered,batched,30,P4_temporal,396.0
3,3,15,2,clustered,batched,30,P4_temporal,386.0
3,3,15,2,clustered,batched,30,P4_temporal,378.0
3,3,15,2,clustered,batched,30,P4_temporal,334.0
3,3,15,2,clustered,batched,30,P4_temporal,266.0
3,3,15,2,clustered,batched,30,P4_temporal,357.0
3,3,15,2,clustered,batched,30,P4_temporal,372.0
3,3,15,2,clustered,batched,30,P4_temporal,415.0
3,3,15,2,clustered,batched,30,P4_temporal,333.0
3,3,15,2,clustered,batched,30,P4_temporal,348.0
3,3,15,2,clustered,batched,30,P4_temporal,287.0
3,3,15,2,clustered,batched,30,P4_temporal,377.0
3,3,15,2,clustered,batched,30,P4_temporal,324.0
3,3,15,2,clustered,batched,30,P4_temporal,338.0
3,3,15,2,clustered,batched,30,P4_temporal,333.0
3,3,15,2,clustered,batched,30,P4_temporal,319.0
3,3,15,2,clustered,batched,30,P4_temporal,308.0
3,3,15,2,clustered,batched,30,P4_temporal,371.0
3,3,15,2,clustered,batched,30,P4_temporal,343.0
3,3,15,2,clustered,batched,30,P4_temporal,357.0
3,3,15,2,clustered,batched,30,P4_temporal,438.0
3,3,15,2,clustered,batched,30,P4_temporal,341.0
3,3,15,2,clustered,batched,30,P4_temporal,400.0
3,3,15,2,clustered,batched,30,P4_temporal,357.0
3,3,15,2,clustered,batched,30,P4_temporal,386.0
3,3,15,2,clustered,batched,30,P4_temporal,376.0
3,3,15,2,clustered,batched,30,P4_temporal,324.0
3,3,15,2,clustered,batched,30,P4_temporal,278.0
3,3,15,2,clustered,batched,30,P4_temporal,382.0
3,3,15,2,clustered,batched,30,P4_temporal,371.0
3,3,15,2,clustered,batched,30,P4_temporal,349.0
3,3,15,2,clustered,batched,30,P4_temporal,354.0
3,3,15,2,clustered,batched,30,P4_temporal,333.0
3,3,15,2,clustered,batched,30,P4_temporal,377.0
3,3,15,2,clustered,batched,30,P4_temporal,353.0
3,3,15,2,clustered,batched,30,P4_temporal,324.0
3,3,15,2,clustered,batched,30,P4_temporal,349.0
3,3,15,2,clustered,batched,30,P4_temporal,348.0
3,3,15,2,clustered,batched,30,P4_temporal,377.0
3,3,15,2,clustered,batched,30,P4_temporal,362.0
3,3,15,2,clustered,batched,30,P4_temporal,406.0
3,3,15,2,clustered,batched,30,P4_temporal,395.0
3,3,15,2,clustered,batched,30,P4_temporal,353.0
3,3,15,2,clustered,batched,30,P4_temporal,347.0
3,3,15,2,clustered,batched,30,P4_temporal,379.0
3,3,15,2,clustered,batched,30,P4_temporal,375.0
3,3,15,2,clustered,batched,30,P4_temporal,382.0
3,3,15,2,clustered,batched,30,P4_temporal,361.0
3,3,15,2,clustered,batched,30,P4_temporal,276.0
3,3,15,2,clustered,batched,30,P4_temporal,333.0
3,3,15,2,clustered,batched,30,P4_temporal,401.0
3,3,15,2,clustered,batched,30,P4_temporal,324.0
3,3,15,2,clustered,batched,30,P4_temporal,416.0
3,3,15,2,clustered,batched,30,P4_temporal,382.0
3,3,15,2,clustered,batched,30,P4_temporal,334.0
3,3,15,2,clustered,batched,30,P4_temporal,396.0
3,3,15,2,clustered,batched,30,P4_temporal,372.0
3,3,15,2,clustered,batched,30,P4_temporal,397.0
3,3,15,2,clustered,batched,30,P4_temporal,309.0
3,3,15,2,clustered,batched,30,P4_temporal,305.0
3,3,15,2,clustered,batched,30,P4_temporal,366.0
3,3,15,2,clustered,batched,30,P4_temporal,381.0
3,3,15,2,clustered,batched,30,P4_temporal,305.0
3,3,15,2,clustered,batched,30,P4_temporal,377.0
3,3,15,2,clustered,batched,30,P4_temporal,395.0
3,3,15,2,clustered,batched,30,P4_temporal,286.0
3,3,15,2,clustered,batched,30,P4_temporal,320.0
3,3,15,2,clustered,batched,30,P4_temporal,324.0
3,3,15,2,clustered,batched,30,P4_temporal,324.0
3,3,15,2,clustered,batched,30,P4_temporal,405.0
3,3,15,2,clustered,batched,30,P4_temporal,373.0
3,3,15,2,clustered,batched,30,P4_temporal,297.0
3,3,15,2,clustered,batched,30,P4_temporal,390.0
3,3,15,2,clustered,batched,30,P4_temporal,287.0
3,3,15,2,clustered,batched,30,P4_temporal,301.0
3,3,15,2,clustered,batched,30,P4_temporal,320.0
3,3,15,2,clustered,batched,30,P4_temporal,429.0
3,3,15,2,clustered,batched,30,P4_temporal,301.0
3,3,15,2,clustered,batched,30,P4_temporal,301.0
3,3,15,2,clustered,batched,30,P4_temporal,270.0
3,3,15,2,clustered,batched,30,P4_temporal,406.0
3,3,15,2,clustered,batched,30,P4_temporal,396.0
3,3,15,2,clustered,batched,30,P4_temporal,382.0
3,3,15,2,clustered,batched,30,P4_temporal,405.0
3,3,15,2,clustered,batched,30,P4_temporal,307.0
3,3,15,2,clustered,batched,30,P4_temporal,373.0
3,3,15,2,clustered,batched,30,P4_temporal,340.0
3,3,15,2,clustered,batched,30,P4_temporal,358.0
3,3,15,2,clustered,batched,30,P4_temporal,392.0
3,3,15,2,clustered,batched,30,P4_temporal,390.0
3,3,15,2,clustered,batched,30,P4_temporal,338.0
3,3,15,2,clustered,batched,30,P4_temporal,400.0
3,3,15,2,clustered,batched,30,P4_temporal,357.0
3,3,15,2,clustered,batched,30,P4_temporal,435.0
3,3,15,2,clustered,batched,30,P4_temporal,363.0
3,3,15,2,clustered,batched,30,P4_temporal,425.0
3,3,15,2,clustered,batched,30,P4_temporal,383.0
3,3,15,2,clustered,batched,30,P4_temporal,411.0
3,3,15,2,clustered,batched,30,P4_temporal,396.0
3,3,15,2,clustered,batched,30,P4_temporal,284.0
3,3,15,2,clustered,batched,30,P4_temporal,371.0
3,3,15,2,clustered,batched,30,P4_temporal,372.0
3,3,15,2,clustered,batched,30,P4_temporal,297.0
3,3,15,2,clustered,batched,30,P4_temporal,353.0
3,3,15,2,clustered,batched,30,P4_temporal,319.0
3,3,15,2,clustered,batched,30,P4_temporal,324.0
3,3,15,2,clustered,batched,30,P4_temporal,301.0
3,3,15,2,clustered,batched,30,P4_temporal,349.0
3,3,15,2,clustered,batched,30,P4_temporal,362.0
3,3,15,2,clustered,batched,30,P4_temporal,357.0
3,3,15,2,clustered,batched,30,P4_temporal,352.0
3,3,15,2,clustered,batched,30,P4_temporal,324.0
3,3,15,2,clustered,batched,30,P4_temporal,424.0
3,3,15,2,clustered,batched,30,P4_temporal,381.0
3,3,15,2,clustered,batched,30,P4_temporal,278.0
3,3,15,2,clustered,batched,30,P4_temporal,353.0
3,3,15,2,clustered,batched,30,P4_temporal,433.0
3,3,15,2,clustered,batched,30,P4_temporal,295.0
3,3,15,2,clustered,batched,30,P4_temporal,373.0
3,3,15,2,clustered,batched,30,P4_temporal,343.0
3,3,15,2,clustered,batched,30,P4_temporal,286.0
3,3,15,2,clustered,batched,30,P4_temporal,349.0
3,3,15,2,clustered,batched,30,P4_temporal,354.0
3,3,15,2,clustered,batched,30,P4_temporal,435.0
3,3,15,2,clustered,batched,30,P4_temporal,396.0
3,3,15,2,clustered,batched,30,P4_temporal,319.0
3,3,15,2,clustered,batched,30,P4_temporal,315.0
3,3,15,2,clustered,batched,30,P4_temporal,382.0
3,3,15,2,clustered,batched,30,P4_temporal,324.0
3,3,15,2,clustered,batched,30,P4_temporal,400.0
3,3,15,2,clustered,batched,30,P4_temporal,360.0
3,3,15,2,clustered,batched,30,P4_temporal,416.0
3,3,15,2,clustered,batched,30,P4_temporal,357.0
3,3,15,2,clustered,batched,30,P4_temporal,304.0
3,3,15,2,clustered,batched,30,P4_temporal,291.0
3,3,15,2,clustered,batched,30,P4_temporal,340.0
3,3,15,2,clustered,batched,30,P4_temporal,405.0
3,3,15,2,clustered,batched,30,P4_temporal,338.0
3,3,15,2,clustered,batched,30,P4_temporal,372.0
3,3,15,2,clustered,batched,30,P4_temporal,416.0
3,3,15,2,clustered,batched,30,P4_temporal,362.0
3,3,15,2,clustered,batched,30,P4_temporal,405.0
3,3,15,2,clustered,batched,30,P4_temporal,387.0
3,3,15,2,clustered,batched,30,P4_temporal,343.0
3,3,15,2,clustered,batched,30,P4_temporal,377.0
3,3,15,2,clustered,batched,30,P4_temporal,377.0
3,3,15,2,clustered,batched,30,P4_temporal,373.0
3,3,15,2,clustered,batched,30,P4_temporal,349.0
3,3,15,2,clustered,batched,30,P4_temporal,293.0
3,3,15,2,clustered,batched,30,P4_temporal,358.0
3,3,15,2,clustered,batched,30,P4_temporal,377.0
3,3,15,2,clustered,batched,30,P4_temporal,338.0
3,3,15,2,clustered,batched,30,P4_temporal,315.0
3,3,15,2,clustered,batched,30,P4_temporal,372.0
3,3,15,2,clustered,batched,30,P4_temporal,390.0
3,3,15,2,clustered,batched,30,P4_temporal,348.0
3,3,15,2,clustered,batched,30,P4_temporal,310.0
3,3,15,2,clustered,batched,30,P4_temporal,377.0
3,3,15,2,clustered,batched,30,P4_temporal,315.0
3,3,15,2,clustered,batched,30,P4_temporal,329.0
3,3,15,2,clustered,batched,30,P4_temporal,372.0
3,3,15,2,clustered,batched,30,P5_phi,311.0
3,3,15,2,clustered,batched,30,P5_phi,258.0
3,3,15,2,clustered,batched,30,P5_phi,382.0
3,3,15,2,clustered,batched,30,P5_phi,285.0
3,3,15,2,clustered,batched,30,P5_phi,315.0
3,3,15,2,clustered,batched,30,P5_phi,276.0
3,3,15,2,clustered,batched,30,P5_phi,409.0
3,3,15,2,clustered,batched,30,P5_phi,258.0
3,3,15,2,clustered,batched,30,P5_phi,377.0
3,3,15,2,clustered,batched,30,P5_phi,334.0
3,3,15,2,clustered,batched,30,P5_phi,328.0
3,3,15,2,clustered,batched,30,P5_phi,306.0
3,3,15,2,clustered,batched,30,P5_phi,197.0
3,3,15,2,clustered,batched,30,P5_phi,345.0
3,3,15,2,clustered,batched,30,P5_phi,291.0
3,3,15,2,clustered,batched,30,P5_phi,357.0
3,3,15,2,clustered,batched,30,P5_phi,285.0
3,3,15,2,clustered,batched,30,P5_phi,262.0
3,3,15,2,clustered,batched,30,P5_phi,416.0
3,3,15,2,clustered,batched,30,P5_phi,333.0
3,3,15,2,clustered,batched,30,P5_phi,347.0
3,3,15,2,clustered,batched,30,P5_phi,298.0
3,3,15,2,clustered,batched,30,P5_phi,319.0
3,3,15,2,clustered,batched,30,P5_phi,362.0
3,3,15,2,clustered,batched,30,P5_phi,335.0
3,3,15,2,clustered,batched,30,P5_phi,336.0
3,3,15,2,clustered,batched,30,P5_phi,323.0
3,3,15,2,clustered,batched,30,P5_phi,338.0
3,3,15,2,clustered,batched,30,P5_phi,314.0
3,3,15,2,clustered,batched,30,P5_phi,385.0
3,3,15,2,clustered,batched,30,P5_phi,377.0
3,3,15,2,clustered,batched,30,P5_phi,356.0
3,3,15,2,clustered,batched,30,P5_phi,416.0
3,3,15,2,clustered,batched,30,P5_phi,295.0
3,3,15,2,clustered,batched,30,P5_phi,385.0
3,3,15,2,clustered,batched,30,P5_phi,338.0
3,3,15,2,clustered,batched,30,P5_phi,348.0
3,3,15,2,clustered,batched,30,P5_phi,371.0
3,3,15,2,clustered,batched,30,P5_phi,385.0
3,3,15,2,clustered,batched,30,P5_phi,405.0
3,3,15,2,clustered,batched,30,P5_phi,348.0
3,3,15,2,clustered,batched,30,P5_phi,353.0
3,3,15,2,clustered,batched,30,P5_phi,251.0
3,3,15,2,clustered,batched,30,P5_phi,293.0
3,3,15,2,clustered,batched,30,P5_phi,367.0
3,3,15,2,clustered,batched,30,P5_phi,388.0
3,3,15,2,clustered,batched,30,P5_phi,366.0
3,3,15,2,clustered,batched,30,P5_phi,370.0
3,3,15,2,clustered,batched,30,P5_phi,396.0
3,3,15,2,clustered,batched,30,P5_phi,415.0
3,3,15,2,clustered,batched,30,P5_phi,335.0
3,3,15,2,clustered,batched,30,P5_phi,333.0
3,3,15,2,clustered,batched,30,P5_phi,333.0
3,3,15,2,clustered,batched,30,P5_phi,334.0
3,3,15,2,clustered,batched,30,P5_phi,385.0
3,3,15,2,clustered,batched,30,P5_phi,415.0
3,3,15,2,clustered,batched,30,P5_phi,319.0
3,3,15,2,clustered,batched,30,P5_phi,304.0
3,3,15,2,clustered,batched,30,P5_phi,372.0
3,3,15,2,clustered,batched,30,P5_phi,308.0
3,3,15,2,clustered,batched,30,P5_phi,248.0
3,3,15,2,clustered,batched,30,P5_phi,348.0
3,3,15,2,clustered,batched,30,P5_phi,280.0
3,3,15,2,clustered,batched,30,P5_phi,377.0
3,3,15,2,clustered,batched,30,P5_phi,301.0
3,3,15,2,clustered,batched,30,P5_phi,319.0
3,3,15,2,clustered,batched,30,P5_phi,291.0
3,3,15,2,clustered,batched,30,P5_phi,367.0
3,3,15,2,clustered,batched,30,P5_phi,258.0
3,3,15,2,clustered,batched,30,P5_phi,333.0
3,3,15,2,clustered,batched,30,P5_phi,336.0
3,3,15,2,clustered,batched,30,P5_phi,415.0
3,3,15,2,clustered,batched,30,P5_phi,302.0
3,3,15,2,clustered,batched,30,P5_phi,372.0
3,3,15,2,clustered,batched,30,P5_phi,313.0
3,3,15,2,clustered,batched,30,P5_phi,362.0
3,3,15,2,clustered,batched,30,P5_phi,295.0
3,3,15,2,clustered,batched,30,P5_phi,305.0
3,3,15,2,clustered,batched,30,P5_phi,305.0
3,3,15,2,clustered,batched,30,P5_phi,334.0
3,3,15,2,clustered,batched,30,P5_phi,251.0
3,3,15,2,clustered,batched,30,P5_phi,314.0
3,3,15,2,clustered,batched,30,P5_phi,410.0
3,3,15,2,clustered,batched,30,P5_phi,329.0
3,3,15,2,clustered,batched,30,P5_phi,332.0
3,3,15,2,clustered,batched,30,P5_phi,248.0
3,3,15,2,clustered,batched,30,P5_phi,343.0
3,3,15,2,clustered,batched,30,P5_phi,301.0
3,3,15,2,clustered,batched,30,P5_phi,345.0
3,3,15,2,clustered,batched,30,P5_phi,334.0
3,3,15,2,clustered,batched,30,P5_phi,383.0
3,3,15,2,clustered,batched,30,P5_phi,314.0
3,3,15,2,clustered,batched,30,P5_phi,335.0
3,3,15,2,clustered,batched,30,P5_phi,328.0
3,3,15,2,clustered,batched,30,P5_phi,344.0
3,3,15,2,clustered,batched,30,P5_phi,353.0
3,3,15,2,clustered,batched,30,P5_phi,343.0
3,3,15,2,clustered,batched,30,P5_phi,351.0
3,3,15,2,clustered,batched,30,P5_phi,298.0
3,3,15,2,clustered,batched,30,P5_phi,334.0
3,3,15,2,clustered,batched,30,P5_phi,282.0
3,3,15,2,clustered,batched,30,P5_phi,281.0
3,3,15,2,clustered,batched,30,P5_phi,309.0
3,3,15,2,clustered,batched,30,P5_phi,319.0
3,3,15,2,clustered,batched,30,P5_phi,305.0
3,3,15,2,clustered,batched,30,P5_phi,332.0
3,3,15,2,clustered,batched,30,P5_phi,343.0
3,3,15,2,clustered,batched,30,P5_phi,309.0
3,3,15,2,clustered,batched,30,P5_phi,348.0
3,3,15,2,clustered,batched,30,P5_phi,348.0
3,3,15,2,clustered,batched,30,P5_phi,370.0
3,3,15,2,clustered,batched,30,P5_phi,337.0
3,3,15,2,clustered,batched,30,P5_phi,268.0
3,3,15,2,clustered,batched,30,P5_phi,343.0
3,3,15,2,clustered,batched,30,P5_phi,320.0
3,3,15,2,clustered,batched,30,P5_phi,291.0
3,3,15,2,clustered,batched,30,P5_phi,391.0
3,3,15,2,clustered,batched,30,P5_phi,385.0
3,3,15,2,clustered,batched,30,P5_phi,306.0
3,3,15,2,clustered,batched,30,P5_phi,353.0
3,3,15,2,clustered,batched,30,P5_phi,323.0
3,3,15,2,clustered,batched,30,P5_phi,263.0
3,3,15,2,clustered,batched,30,P5_phi,310.0
3,3,15,2,clustered,batched,30,P5_phi,347.0
3,3,15,2,clustered,batched,30,P5_phi,328.0
3,3,15,2,clustered,batched,30,P5_phi,328.0
3,3,15,2,clustered,batched,30,P5_phi,335.0
3,3,15,2,clustered,batched,30,P5_phi,310.0
3,3,15,2,clustered,batched,30,P5_phi,300.0
3,3,15,2,clustered,batched,30,P5_phi,313.0
3,3,15,2,clustered,batched,30,P5_phi,267.0
3,3,15,2,clustered,batched,30,P5_phi,306.0
3,3,15,2,clustered,batched,30,P5_phi,391.0
3,3,15,2,clustered,batched,30,P5_phi,320.0
3,3,15,2,clustered,batched,30,P5_phi,363.0
3,3,15,2,clustered,batched,30,P5_phi,277.0
3,3,15,2,clustered,batched,30,P5_phi,343.0
3,3,15,2,clustered,batched,30,P5_phi,310.0
3,3,15,2,clustered,batched,30,P5_phi,409.0
3,3,15,2,clustered,batched,30,P5_phi,305.0
3,3,15,2,clustered,batched,30,P5_phi,295.0
3,3,15,2,clustered,batched,30,P5_phi,270.0
3,3,15,2,clustered,batched,30,P5_phi,415.0
3,3,15,2,clustered,batched,30,P5_phi,278.0
3,3,15,2,clustered,batched,30,P5_phi,295.0
3,3,15,2,clustered,batched,30,P5_phi,272.0
3,3,15,2,clustered,batched,30,P5_phi,320.0
3,3,15,2,clustered,batched,30,P5_phi,438.0
3,3,15,2,clustered,batched,30,P5_phi,300.0
3,3,15,2,clustered,batched,30,P5_phi,323.0
3,3,15,2,clustered,batched,30,P5_phi,333.0
3,3,15,2,clustered,batched,30,P5_phi,343.0
3,3,15,2,clustered,batched,30,P5_phi,324.0
3,3,15,2,clustered,batched,30,P5_phi,289.0
3,3,15,2,clustered,batched,30,P5_phi,333.0
3,3,15,2,clustered,batched,30,P5_phi,319.0
3,3,15,2,clustered,batched,30,P5_phi,334.0
3,3,15,2,clustered,batched,30,P5_phi,268.0
3,3,15,2,clustered,batched,30,P5_phi,295.0
3,3,15,2,clustered,batched,30,P5_phi,343.0
3,3,15,2,clustered,batched,30,P5_phi,348.0
3,3,15,2,clustered,batched,30,P5_phi,334.0
3,3,15,2,clustered,batched,30,P5_phi,372.0
3,3,15,2,clustered,batched,30,P5_phi,300.0
3,3,15,2,clustered,batched,30,P5_phi,328.0
3,3,15,2,clustered,batched,30,P5_phi,286.0
3,3,15,2,clustered,batched,30,P5_phi,338.0
3,3,15,2,clustered,batched,30,P5_phi,315.0
3,3,15,2,clustered,batched,30,P5_phi,377.0
3,3,15,2,clustered,batched,30,P5_phi,305.0
3,3,15,2,clustered,batched,30,P5_phi,262.0
3,3,15,2,clustered,batched,30,P5_phi,333.0
3,3,15,2,clustered,batched,30,P5_phi,258.0
3,3,15,2,clustered,batched,30,P5_phi,353.0
3,3,15,2,clustered,batched,30,P5_phi,311.0
3,3,15,2,clustered,batched,30,P5_phi,258.0
3,3,15,2,clustered,batched,30,P5_phi,353.0
3,3,15,2,clustered,batched,30,P5_phi,349.0
3,3,15,2,clustered,batched,30,P5_phi,300.0
3,3,15,2,clustered,batched,30,P5_phi,348.0
3,3,15,2,clustered,batched,30,P5_phi,334.0
3,3,15,2,clustered,batched,30,P5_phi,396.0
3,3,15,2,clustered,batched,30,P5_phi,365.0
3,3,15,2,clustered,batched,30,P5_phi,287.0
3,3,15,2,clustered,batched,30,P5_phi,305.0
3,3,15,2,clustered,batched,30,P5_phi,323.0
3,3,15,2,clustered,batched,30,P5_phi,351.0
3,3,15,2,clustered,batched,30,P5_phi,320.0
3,3,15,2,clustered,batched,30,P5_phi,305.0
3,3,15,2,clustered,batched,30,P5_phi,287.0
3,3,15,2,clustered,batched,30,P5_phi,320.0
3,3,15,2,clustered,batched,30,P5_phi,289.0
3,3,15,2,clustered,batched,30,P5_phi,306.0
3,3,15,2,clustered,batched,30,P5_phi,348.0
3,3,15,2,clustered,batched,30,P5_phi,357.0
3,3,15,2,clustered,batched,30,P5_phi,319.0
3,3,15,2,clustered,batched,30,P5_phi,383.0
3,3,15,2,clustered,batched,30,P5_phi,309.0
3,3,15,2,clustered,batched,30,P5_phi,344.0
3,3,15,2,clustered,batched,30,P5_phi,291.0
3,3,15,2,clustered,batched,30,P6_spo_tree,348.0
3,3,15,2,clustered,batched,30,P6_spo_tree,330.0
3,3,15,2,clustered,batched,30,P6_spo_tree,413.0
3,3,15,2,clustered,batched,30,P6_spo_tree,377.0
3,3,15,2,clustered,batched,30,P6_spo_tree,371.0
3,3,15,2,clustered,batched,30,P6_spo_tree,383.0
3,3,15,2,clustered,batched,30,P6_spo_tree,340.0
3,3,15,2,clustered,batched,30,P6_spo_tree,425.0
3,3,15,2,clustered,batched,30,P6_spo_tree,424.0
3,3,15,2,clustered,batched,30,P6_spo_tree,328.0
3,3,15,2,clustered,batched,30,P6_spo_tree,310.0
3,3,15,2,clustered,batched,30,P6_spo_tree,348.0
3,3,15,2,clustered,batched,30,P6_spo_tree,328.0
3,3,15,2,clustered,batched,30,P6_spo_tree,363.0
3,3,15,2,clustered,batched,30,P6_spo_tree,358.0
3,3,15,2,clustered,batched,30,P6_spo_tree,357.0
3,3,15,2,clustered,batched,30,P6_spo_tree,334.0
3,3,15,2,clustered,batched,30,P6_spo_tree,324.0
3,3,15,2,clustered,batched,30,P6_spo_tree,381.0
3,3,15,2,clustered,batched,30,P6_spo_tree,397.0
3,3,15,2,clustered,batched,30,P6_spo_tree,423.0
3,3,15,2,clustered,batched,30,P6_spo_tree,267.0
3,3,15,2,clustered,batched,30,P6_spo_tree,357.0
3,3,15,2,clustered,batched,30,P6_spo_tree,415.0
3,3,15,2,clustered,batched,30,P6_spo_tree,354.0
3,3,15,2,clustered,batched,30,P6_spo_tree,415.0
3,3,15,2,clustered,batched,30,P6_spo_tree,369.0
3,3,15,2,clustered,batched,30,P6_spo_tree,415.0
3,3,15,2,clustered,batched,30,P6_spo_tree,323.0
3,3,15,2,clustered,batched,30,P6_spo_tree,309.0
3,3,15,2,clustered,batched,30,P6_spo_tree,309.0
3,3,15,2,clustered,batched,30,P6_spo_tree,358.0
3,3,15,2,clustered,batched,30,P6_spo_tree,375.0
3,3,15,2,clustered,batched,30,P6_spo_tree,377.0
3,3,15,2,clustered,batched,30,P6_spo_tree,316.0
3,3,15,2,clustered,batched,30,P6_spo_tree,342.0
3,3,15,2,clustered,batched,30,P6_spo_tree,305.0
3,3,15,2,clustered,batched,30,P6_spo_tree,314.0
3,3,15,2,clustered,batched,30,P6_spo_tree,358.0
3,3,15,2,clustered,batched,30,P6_spo_tree,347.0
3,3,15,2,clustered,batched,30,P6_spo_tree,348.0
3,3,15,2,clustered,batched,30,P6_spo_tree,353.0
3,3,15,2,clustered,batched,30,P6_spo_tree,401.0
3,3,15,2,clustered,batched,30,P6_spo_tree,372.0
3,3,15,2,clustered,batched,30,P6_spo_tree,353.0
3,3,15,2,clustered,batched,30,P6_spo_tree,301.0
3,3,15,2,clustered,batched,30,P6_spo_tree,390.0
3,3,15,2,clustered,batched,30,P6_spo_tree,385.0
3,3,15,2,clustered,batched,30,P6_spo_tree,409.0
3,3,15,2,clustered,batched,30,P6_spo_tree,300.0
3,3,15,2,clustered,batched,30,P6_spo_tree,400.0
3,3,15,2,clustered,batched,30,P6_spo_tree,400.0
3,3,15,2,clustered,batched,30,P6_spo_tree,362.0
3,3,15,2,clustered,batched,30,P6_spo_tree,334.0
3,3,15,2,clustered,batched,30,P6_spo_tree,377.0
3,3,15,2,clustered,batched,30,P6_spo_tree,383.0
3,3,15,2,clustered,batched,30,P6_spo_tree,321.0
3,3,15,2,clustered,batched,30,P6_spo_tree,396.0
3,3,15,2,clustered,batched,30,P6_spo_tree,257.0
3,3,15,2,clustered,batched,30,P6_spo_tree,329.0
3,3,15,2,clustered,batched,30,P6_spo_tree,358.0
3,3,15,2,clustered,batched,30,P6_spo_tree,310.0
3,3,15,2,clustered,batched,30,P6_spo_tree,328.0
3,3,15,2,clustered,batched,30,P6_spo_tree,372.0
3,3,15,2,clustered,batched,30,P6_spo_tree,327.0
3,3,15,2,clustered,batched,30,P6_spo_tree,310.0
3,3,15,2,clustered,batched,30,P6_spo_tree,362.0
3,3,15,2,clustered,batched,30,P6_spo_tree,290.0
3,3,15,2,clustered,batched,30,P6_spo_tree,328.0
3,3,15,2,clustered,batched,30,P6_spo_tree,357.0
3,3,15,2,clustered,batched,30,P6_spo_tree,401.0
3,3,15,2,clustered,batched,30,P6_spo_tree,358.0
3,3,15,2,clustered,batched,30,P6_spo_tree,352.0
3,3,15,2,clustered,batched,30,P6_spo_tree,309.0
3,3,15,2,clustered,batched,30,P6_spo_tree,343.0
3,3,15,2,clustered,batched,30,P6_spo_tree,415.0
3,3,15,2,clustered,batched,30,P6_spo_tree,335.0
3,3,15,2,clustered,batched,30,P6_spo_tree,368.0
3,3,15,2,clustered,batched,30,P6_spo_tree,281.0
3,3,15,2,clustered,batched,30,P6_spo_tree,323.0
3,3,15,2,clustered,batched,30,P6_spo_tree,266.0
3,3,15,2,clustered,batched,30,P6_spo_tree,364.0
3,3,15,2,clustered,batched,30,P6_spo_tree,392.0
3,3,15,2,clustered,batched,30,P6_spo_tree,400.0
3,3,15,2,clustered,batched,30,P6_spo_tree,390.0
3,3,15,2,clustered,batched,30,P6_spo_tree,328.0
3,3,15,2,clustered,batched,30,P6_spo_tree,329.0
3,3,15,2,clustered,batched,30,P6_spo_tree,397.0
3,3,15,2,clustered,batched,30,P6_spo_tree,299.0
3,3,15,2,clustered,batched,30,P6_spo_tree,352.0
3,3,15,2,clustered,batched,30,P6_spo_tree,347.0
3,3,15,2,clustered,batched,30,P6_spo_tree,410.0
3,3,15,2,clustered,batched,30,P6_spo_tree,354.0
3,3,15,2,clustered,batched,30,P6_spo_tree,367.0
3,3,15,2,clustered,batched,30,P6_spo_tree,372.0
3,3,15,2,clustered,batched,30,P6_spo_tree,310.0
3,3,15,2,clustered,batched,30,P6_spo_tree,387.0
3,3,15,2,clustered,batched,30,P6_spo_tree,352.0
3,3,15,2,clustered,batched,30,P6_spo_tree,406.0
3,3,15,2,clustered,batched,30,P6_spo_tree,367.0
3,3,15,2,clustered,batched,30,P6_spo_tree,381.0
3,3,15,2,clustered,batched,30,P6_spo_tree,334.0
3,3,15,2,clustered,batched,30,P6_spo_tree,359.0
3,3,15,2,clustered,batched,30,P6_spo_tree,395.0
3,3,15,2,clustered,batched,30,P6_spo_tree,272.0
3,3,15,2,clustered,batched,30,P6_spo_tree,333.0
3,3,15,2,clustered,batched,30,P6_spo_tree,431.0
3,3,15,2,clustered,batched,30,P6_spo_tree,314.0
3,3,15,2,clustered,batched,30,P6_spo_tree,266.0
3,3,15,2,clustered,batched,30,P6_spo_tree,318.0
3,3,15,2,clustered,batched,30,P6_spo_tree,430.0
3,3,15,2,clustered,batched,30,P6_spo_tree,299.0
3,3,15,2,clustered,batched,30,P6_spo_tree,363.0
3,3,15,2,clustered,batched,30,P6_spo_tree,328.0
3,3,15,2,clustered,batched,30,P6_spo_tree,278.0
3,3,15,2,clustered,batched,30,P6_spo_tree,400.0
3,3,15,2,clustered,batched,30,P6_spo_tree,362.0
3,3,15,2,clustered,batched,30,P6_spo_tree,371.0
3,3,15,2,clustered,batched,30,P6_spo_tree,367.0
3,3,15,2,clustered,batched,30,P6_spo_tree,340.0
3,3,15,2,clustered,batched,30,P6_spo_tree,315.0
3,3,15,2,clustered,batched,30,P6_spo_tree,368.0
3,3,15,2,clustered,batched,30,P6_spo_tree,358.0
3,3,15,2,clustered,batched,30,P6_spo_tree,398.0
3,3,15,2,clustered,batched,30,P6_spo_tree,309.0
3,3,15,2,clustered,batched,30,P6_spo_tree,354.0
3,3,15,2,clustered,batched,30,P6_spo_tree,362.0
3,3,15,2,clustered,batched,30,P6_spo_tree,371.0
3,3,15,2,clustered,batched,30,P6_spo_tree,230.0
3,3,15,2,clustered,batched,30,P6_spo_tree,367.0
3,3,15,2,clustered,batched,30,P6_spo_tree,377.0
3,3,15,2,clustered,batched,30,P6_spo_tree,316.0
3,3,15,2,clustered,batched,30,P6_spo_tree,348.0
3,3,15,2,clustered,batched,30,P6_spo_tree,352.0
3,3,15,2,clustered,batched,30,P6_spo_tree,334.0
3,3,15,2,clustered,batched,30,P6_spo_tree,333.0
3,3,15,2,clustered,batched,30,P6_spo_tree,339.0
3,3,15,2,clustered,batched,30,P6_spo_tree,401.0
3,3,15,2,clustered,batched,30,P6_spo_tree,409.0
3,3,15,2,clustered,batched,30,P6_spo_tree,323.0
3,3,15,2,clustered,batched,30,P6_spo_tree,353.0
3,3,15,2,clustered,batched,30,P6_spo_tree,286.0
3,3,15,2,clustered,batched,30,P6_spo_tree,397.0
3,3,15,2,clustered,batched,30,P6_spo_tree,352.0
3,3,15,2,clustered,batched,30,P6_spo_tree,348.0
3,3,15,2,clustered,batched,30,P6_spo_tree,320.0
3,3,15,2,clustered,batched,30,P6_spo_tree,334.0
3,3,15,2,clustered,batched,30,P6_spo_tree,357.0
3,3,15,2,clustered,batched,30,P6_spo_tree,335.0
3,3,15,2,clustered,batched,30,P6_spo_tree,372.0
3,3,15,2,clustered,batched,30,P6_spo_tree,344.0
3,3,15,2,clustered,batched,30,P6_spo_tree,377.0
3,3,15,2,clustered,batched,30,P6_spo_tree,348.0
3,3,15,2,clustered,batched,30,P6_spo_tree,315.0
3,3,15,2,clustered,batched,30,P6_spo_tree,352.0
3,3,15,2,clustered,batched,30,P6_spo_tree,381.0
3,3,15,2,clustered,batched,30,P6_spo_tree,395.0
3,3,15,2,clustered,batched,30,P6_spo_tree,358.0
3,3,15,2,clustered,batched,30,P6_spo_tree,383.0
3,3,15,2,clustered,batched,30,P6_spo_tree,357.0
3,3,15,2,clustered,batched,30,P6_spo_tree,288.0
3,3,15,2,clustered,batched,30,P6_spo_tree,330.0
3,3,15,2,clustered,batched,30,P6_spo_tree,396.0
3,3,15,2,clustered,batched,30,P6_spo_tree,284.0
3,3,15,2,clustered,batched,30,P6_spo_tree,330.0
3,3,15,2,clustered,batched,30,P6_spo_tree,444.0
3,3,15,2,clustered,batched,30,P6_spo_tree,281.0
3,3,15,2,clustered,batched,30,P6_spo_tree,344.0
3,3,15,2,clustered,batched,30,P6_spo_tree,347.0
3,3,15,2,clustered,batched,30,P6_spo_tree,320.0
3,3,15,2,clustered,batched,30,P6_spo_tree,362.0
3,3,15,2,clustered,batched,30,P6_spo_tree,415.0
3,3,15,2,clustered,batched,30,P6_spo_tree,353.0
3,3,15,2,clustered,batched,30,P6_spo_tree,330.0
3,3,15,2,clustered,batched,30,P6_spo_tree,395.0
3,3,15,2,clustered,batched,30,P6_spo_tree,405.0
3,3,15,2,clustered,batched,30,P6_spo_tree,348.0
3,3,15,2,clustered,batched,30,P6_spo_tree,324.0
3,3,15,2,clustered,batched,30,P6_spo_tree,423.0
3,3,15,2,clustered,batched,30,P6_spo_tree,377.0
3,3,15,2,clustered,batched,30,P6_spo_tree,333.0
3,3,15,2,clustered,batched,30,P6_spo_tree,381.0
3,3,15,2,clustered,batched,30,P6_spo_tree,319.0
3,3,15,2,clustered,batched,30,P6_spo_tree,323.0
3,3,15,2,clustered,batched,30,P6_spo_tree,342.0
3,3,15,2,clustered,batched,30,P6_spo_tree,433.0
3,3,15,2,clustered,batched,30,P6_spo_tree,377.0
3,3,15,2,clustered,batched,30,P6_spo_tree,343.0
3,3,15,2,clustered,batched,30,P6_spo_tree,401.0
3,3,15,2,clustered,batched,30,P6_spo_tree,305.0
3,3,15,2,clustered,batched,30,P6_spo_tree,371.0
3,3,15,2,clustered,batched,30,P6_spo_tree,420.0
3,3,15,2,clustered,batched,30,P6_spo_tree,299.0
3,3,15,2,clustered,batched,30,P6_spo_tree,386.0
3,3,15,2,clustered,batched,30,P6_spo_tree,373.0
3,3,15,2,clustered,batched,30,P6_spo_tree,330.0
3,3,15,2,clustered,batched,30,P6_spo_tree,364.0
3,3,15,2,clustered,batched,30,P6_spo_tree,340.0
3,3,15,2,clustered,batched,30,P6_spo_tree,382.0
3,3,15,2,clustered,batched,30,P6_spo_tree,353.0
5,3,30,2,diurnal,batched,8,P0_random,177.09211660349055
5,3,30,2,diurnal,batched,8,P0_random,99.30070520331687
5,3,30,2,diurnal,batched,8,P0_random,107.27100659268564
5,3,30,2,diurnal,batched,8,P0_random,145.3437655132119
5,3,30,2,diurnal,batched,8,P0_random,93.04829255712701
5,3,30,2,diurnal,batched,8,P0_random,139.15857198646904
5,3,30,2,diurnal,batched,8,P0_random,150.89393232918692
5,3,30,2,diurnal,batched,8,P0_random,95.86935786495908
5,3,30,2,diurnal,batched,8,P0_random,139.13777594442672
5,3,30,2,diurnal,batched,8,P0_random,155.79280149884357
5,3,30,2,diurnal,batched,8,P0_random,138.15040464030375
5,3,30,2,diurnal,batched,8,P0_random,161.71826271501797
5,3,30,2,diurnal,batched,8,P0_random,135.93038389730089
5,3,30,2,diurnal,batched,8,P0_random,119.68292581286336
5,3,30,2,diurnal,batched,8,P0_random,138.284987348318
5,3,30,2,diurnal,batched,8,P0_random,150.10006175150482
5,3,30,2,diurnal,batched,8,P0_random,95.25650428830379
5,3,30,2,diurnal,batched,8,P0_random,130.27100659268564
5,3,30,2,diurnal,batched,8,P0_random,138.0329494312971
5,3,30,2,diurnal,batched,8,P0_random,129.7120442742313
5,3,30,2,diurnal,batched,8,P0_random,73.23168084926306
5,3,30,2,diurnal,batched,8,P0_random,113.61954859864554
5,3,30,2,diurnal,batched,8,P0_random,128.3660320001112
5,3,30,2,diurnal,batched,8,P0_random,117.08361775888385
5,3,30,2,diurnal,batched,8,P0_random,149.1409954588285
5,3,30,2,diurnal,batched,8,P0_random,139.74020690601702
5,3,30,2,diurnal,batched,8,P0_random,96.5102810390443
5,3,30,2,diurnal,batched,8,P0_random,173.41450678559647
5,3,30,2,diurnal,batched,8,P0_random,133.97742308104898
5,3,30,2,diurnal,batched,8,P0_random,130.71651008517753
5,3,30,2,diurnal,batched,8,P0_random,157.45065810903574
5,3,30,2,diurnal,batched,8,P0_random,107.24645593252372
5,3,30,2,diurnal,batched,8,P0_random,98.61785939638722
5,3,30,2,diurnal,batched,8,P0_random,108.97458257842615
5,3,30,2,diurnal,batched,8,P0_random,125.16019691102431
5,3,30,2,diurnal,batched,8,P0_random,112.81517905332412
5,3,30,2,diurnal,batched,8,P0_random,147.96893370973518
5,3,30,2,diurnal,batched,8,P0_random,117.67853115288588
5,3,30,2,diurnal,batched,8,P0_random,144.1409954588285
5,3,30,2,diurnal,batched,8,P0_random,103.00470120574829
5,3,30,2,diurnal,batched,8,P0_random,151.75711810124534
5,3,30,2,diurnal,batched,8,P0_random,156.70200067557417
5,3,30,2,diurnal,batched,8,P0_random,91.24030256722875
5,3,30,2,diurnal,batched,8,P0_random,146.49662002019335
5,3,30,2,diurnal,batched,8,P0_random,127.49214489719606
5,3,30,2,diurnal,batched,8,P0_random,86.79818940573084
5,3,30,2,diurnal,batched,8,P0_random,125.89288355088053
5,3,30,2,diurnal,batched,8,P0_random,108.03194742229124
5,3,30,2,diurnal,batched,8,P0_random,98.7078496522754
5,3,30,2,diurnal,batched,8,P0_random,120.61885756644945
5,3,30,2,diurnal,batched,8,P0_random,105.24279132319325
5,3,30,2,diurnal,batched,8,P0_random,140.71651008517753
5,3,30,2,diurnal,batched,8,P0_random,105.2986165974238
5,3,30,2,diurnal,batched,8,P0_random,153.64529766243172
5,3,30,2,diurnal,batched,8,P0_random,115.32566901074522
5,3,30,2,diurnal,batched,8,P0_random,111.42839512708349
5,3,30,2,diurnal,batched,8,P0_random,135.82217914816854
5,3,30,2,diurnal,batched,8,P0_random,86.70037080154388
5,3,30,2,diurnal,batched,8,P0_random,84.32929379705766
5,3,30,2,diurnal,batched,8,P0_random,106.62584587281648
5,3,30,2,diurnal,batched,8,P0_random,132.2791302546587
5,3,30,2,diurnal,batched,8,P0_random,96.64435833219751
5,3,30,2,diurnal,batched,8,P0_random,159.0575331596135
5,3,30,2,diurnal,batched,8,P0_random,157.79969433070335
5,3,30,2,diurnal,batched,8,P0_random,122.24645593252372
5,3,30,2,diurnal,batched,8,P0_random,113.73296465218728
5,3,30,2,diurnal,batched,8,P0_random,111.37472410426827
5,3,30,2,diurnal,batched,8,P0_random,139.60498630139853
5,3,30,2,diurnal,batched,8,P0_random,97.93038389730087
5,3,30,2,diurnal,batched,8,P0_random,93.69835385842185
5,3,30,2,diurnal,batched,8,P0_random,148.71550868849204
5,3,30,2,diurnal,batched,8,P0_random,131.7487611063204
5,3,30,2,diurnal,batched,8,P0_random,109.93336062710762
5,3,30,2,diurnal,batched,8,P0_random,145.05232858347955
5,3,30,2,diurnal,batched,8,P0_random,125.8846583915372
5,3,30,2,diurnal,batched,8,P0_random,105.45065810903574
5,3,30,2,diurnal,batched,8,P0_random,134.26859216813455
5,3,30,2,diurnal,batched,8,P0_random,107.74876110632039
5,3,30,2,diurnal,batched,8,P0_random,86.45065810903574
5,3,30,2,diurnal,batched,8,P0_random,122.72932357401197
5,3,30,2,diurnal,batched,8,P0_random,147.896604322149
5,3,30,2,diurnal,batched,8,P0_random,120.03294943129711
5,3,30,2,diurnal,batched,8,P0_random,119.62452459196467
5,3,30,2,diurnal,batched,8,P0_random,106.62584587281648
5,3,30,2,diurnal,batched,8,P0_random,138.25672778542446
5,3,30,2,diurnal,batched,8,P0_random,136.53928688313266
5,3,30,2,diurnal,batched,8,P0_random,85.01036185449735
5,3,30,2,diurnal,batched,8,P0_random,135.3208395213117
5,3,30,2,diurnal,batched,8,P0_random,139.97205653707636
5,3,30,2,diurnal,batched,8,P0_random,135.22180906430154
5,3,30,2,diurnal,batched,8,P0_random,134.86780228891996
5,3,30,2,diurnal,batched,8,P0_random,139.53160126361502
5,3,30,2,diurnal,batched,8,P0_random,113.43143484722917
5,3,30,2,diurnal,batched,8,P0_random,119.8846583915372
5,3,30,2,diurnal,batched,8,P0_random,131.7078496522754
5,3,30,2,diurnal,batched,8,P0_random,139.7895238790752
5,3,30,2,diurnal,batched,8,P0_random,91.64864443045846
5,3,30,2,diurnal,batched,8,P0_random,119.20990605722024
5,3,30,2,diurnal,batched,8,P0_random,148.09211660349055
5,3,30,2,diurnal,batched,8,P0_random,137.4160922682836
5,3,30,2,diurnal,batched,8,P0_random,135.35598270645173
5,3,30,2,diurnal,batched,8,P0_random,105.64941892916923
5,3,30,2,diurnal,batched,8,P0_random,110.10620326459592
5,3,30,2,diurnal,batched,8,P0_random,109.11857772712926
5,3,30,2,diurnal,batched,8,P0_random,142.75704429416297
5,3,30,2,diurnal,batched,8,P0_random,148.73752820288297
5,3,30,2,diurnal,batched,8,P0_random,122.57446499457804
5,3,30,2,diurnal,batched,8,P0_random,98.32929379705766
5,3,30,2,diurnal,batched,8,P0_random,95.54613786036236
5,3,30,2,diurnal,batched,8,P0_random,113.21139270393186
5,3,30,2,diurnal,batched,8,P0_random,129.96871697999308
5,3,30,2,diurnal,batched,8,P0_random,94.71826271501797
5,3,30,2,diurnal,batched,8,P0_random,142.35910443961328
5,3,30,2,diurnal,batched,8,P0_random,106.78952387907519
5,3,30,2,diurnal,batched,8,P0_random,119.87254166413126
5,3,30,2,diurnal,batched,8,P0_random,144.11786265001746
5,3,30,2,diurnal,batched,8,P0_random,122.85613179383344
5,3,30,2,diurnal,batched,8,P0_random,157.4941618151514
5,3,30,2,diurnal,batched,8,P0_random,148.09211660349055
5,3,30,2,diurnal,batched,8,P0_random,103.49214489719606
5,3,30,2,diurnal,batched,8,P0_random,120.54352873922451
5,3,30,2,diurnal,batched,8,P0_random,140.09118079062335
5,3,30,2,diurnal,batched,8,P0_random,111.65520851453353
5,3,30,2,diurnal,batched,8,P0_random,74.45336216229144
5,3,30,2,diurnal,batched,8,P0_random,122.06276272607187
5,3,30,2,diurnal,batched,8,P0_random,120.4151688071889
5,3,30,2,diurnal,batched,8,P0_random,99.52738124842953
5,3,30,2,diurnal,batched,8,P0_random,132.1309890968005
5,3,30,2,diurnal,batched,8,P0_random,144.4923286622709
5,3,30,2,diurnal,batched,8,P0_random,103.70190448954102
5,3,30,2,diurnal,batched,8,P0_random,145.53928688313266
5,3,30,2,diurnal,batched,8,P0_random,153.55745011102806
5,3,30,2,diurnal,batched,8,P0_random,101.24067725406866
5,3,30,2,diurnal,batched,8,P0_random,118.47123415351636
5,3,30,2,diurnal,batched,8,P0_random,86.62320148725209
5,3,30,2,diurnal,batched,8,P0_random,114.33308852785818
5,3,30,2,diurnal,batched,8,P0_random,115.63344071505978
5,3,30,2,diurnal,batched,8,P0_random,65.57446499457804
5,3,30,2,diurnal,batched,8,P0_random,142.71826271501797
5,3,30,2,diurnal,batched,8,P0_random,157.0700304374395
5,3,30,2,diurnal,batched,8,P0_random,115.92055875105403
5,3,30,2,diurnal,batched,8,P0_random,138.31960289461585
5,3,30,2,diurnal,batched,8,P0_random,122.57446499457804
5,3,30,2,diurnal,batched,8,P0_random,147.795611969957
5,3,30,2,diurnal,batched,8,P0_random,134.884316888212
5,3,30,2,diurnal,batched,8,P0_random,107.1309890968005
5,3,30,2,diurnal,batched,8,P0_random,120.93038389730087
5,3,30,2,diurnal,batched,8,P0_random,87.97487389910027
5,3,30,2,diurnal,batched,8,P0_random,85.26382611852682
5,3,30,2,diurnal,batched,8,P0_random,110.9302926559058
5,3,30,2,diurnal,batched,8,P0_random,188.57883444779304
5,3,30,2,diurnal,batched,8,P0_random,115.11728869569168
5,3,30,2,diurnal,batched,8,P0_random,92.62584587281648
5,3,30,2,diurnal,batched,8,P0_random,109.4160922682836
5,3,30,2,diurnal,batched,8,P0_random,114.19446857309728
5,3,30,2,diurnal,batched,8,P0_random,114.55745011102807
5,3,30,2,diurnal,batched,8,P0_random,105.89611646660987
5,3,30,2,diurnal,batched,8,P0_random,127.55648552772729
5,3,30,2,diurnal,batched,8,P0_random,181.20662009349712
5,3,30,2,diurnal,batched,8,P0_random,127.00619829610308
5,3,30,2,diurnal,batched,8,P0_random,93.31740111793906
5,3,30,2,diurnal,batched,8,P0_random,154.05232858347955
5,3,30,2,diurnal,batched,8,P0_random,150.24098544003607
5,3,30,2,diurnal,batched,8,P0_random,110.03294943129711
5,3,30,2,diurnal,batched,8,P0_random,136.35434837203266
5,3,30,2,diurnal,batched,8,P0_random,135.97205653707636
5,3,30,2,diurnal,batched,8,P0_random,128.6848204921124
5,3,30,2,diurnal,batched,8,P0_random,136.1219812499084
5,3,30,2,diurnal,batched,8,P0_random,115.19841590422688
5,3,30,2,diurnal,batched,8,P0_random,103.83222946277043
5,3,30,2,diurnal,batched,8,P0_random,128.3660320001112
5,3,30,2,diurnal,batched,8,P0_random,120.68130902308293
5,3,30,2,diurnal,batched,8,P0_random,86.79561196995701
5,3,30,2,diurnal,batched,8,P0_random,73.39257005661094
5,3,30,2,diurnal,batched,8,P0_random,135.05924488673034
5,3,30,2,diurnal,batched,8,P0_random,137.68077973743624
5,3,30,2,diurnal,batched,8,P0_random,162.49607374417798
5,3,30,2,diurnal,batched,8,P0_random,129.4193535509614
5,3,30,2,diurnal,batched,8,P0_random,140.98184101572247
5,3,30,2,diurnal,batched,8,P0_random,112.92062404666223
5,3,30,2,diurnal,batched,8,P0_random,136.08361775888386
5,3,30,2,diurnal,batched,8,P0_random,115.09211660349055
5,3,30,2,diurnal,batched,8,P0_random,129.55745011102806
5,3,30,2,diurnal,batched,8,P0_random,80.01210570557295
5,3,30,2,diurnal,batched,8,P0_random,150.10006175150482
5,3,30,2,diurnal,batched,8,P0_random,170.8406924740076
5,3,30,2,diurnal,batched,8,P0_random,145.62396846810742
5,3,30,2,diurnal,batched,8,P0_random,141.69320964940974
5,3,30,2,diurnal,batched,8,P0_random,90.19060520173105
5,3,30,2,diurnal,batched,8,P0_random,110.59818265941061
5,3,30,2,diurnal,batched,8,P0_random,142.284987348318
5,3,30,2,diurnal,batched,8,P0_random,169.8866454756413
5,3,30,2,diurnal,batched,8,P0_random,103.70031899443008
5,3,30,2,diurnal,batched,8,P0_random,136.1198535755591
5,3,30,2,diurnal,batched,8,P0_random,139.97205653707636
5,3,30,2,diurnal,batched,8,P0_random,150.74068211971627
5,3,30,2,diurnal,batched,8,P0_random,144.26607226009241
5,3,30,2,diurnal,batched,8,P0_random,107.4528916796011
5,3,30,2,diurnal,batched,8,P0_random,97.97453193857054
5,3,30,2,diurnal,batched,8,P0_random,157.69126734051798
5,3,30,2,diurnal,batched,8,P1_dest_cluster,126.275841549336
5,3,30,2,diurnal,batched,8,P1_dest_cluster,118.76700229756624
5,3,30,2,diurnal,batched,8,P1_dest_cluster,105.24279132319325
5,3,30,2,diurnal,batched,8,P1_dest_cluster,122.82587133510509
5,3,30,2,diurnal,batched,8,P1_dest_cluster,83.74667467255526
5,3,30,2,diurnal,batched,8,P1_dest_cluster,94.35498485681369
5,3,30,2,diurnal,batched,8,P1_dest_cluster,146.22907033210055
5,3,30,2,diurnal,batched,8,P1_dest_cluster,126.61027589977245
5,3,30,2,diurnal,batched,8,P1_dest_cluster,132.88887654450326
5,3,30,2,diurnal,batched,8,P1_dest_cluster,91.79511088849631
5,3,30,2,diurnal,batched,8,P1_dest_cluster,126.07663058129383
5,3,30,2,diurnal,batched,8,P1_dest_cluster,98.40432745053903
5,3,30,2,diurnal,batched,8,P1_dest_cluster,95.13973302478296
5,3,30,2,diurnal,batched,8,P1_dest_cluster,117.24645593252372
5,3,30,2,diurnal,batched,8,P1_dest_cluster,107.27100659268564
5,3,30,2,diurnal,batched,8,P1_dest_cluster,132.8406924740076
5,3,30,2,diurnal,batched,8,P1_dest_cluster,101.73752820288297
5,3,30,2,diurnal,batched,8,P1_dest_cluster,104.6594168961952
5,3,30,2,diurnal,batched,8,P1_dest_cluster,109.4160922682836
5,3,30,2,diurnal,batched,8,P1_dest_cluster,129.45065810903574
5,3,30,2,diurnal,batched,8,P1_dest_cluster,125.05924488673034
5,3,30,2,diurnal,batched,8,P1_dest_cluster,174.470244355671
5,3,30,2,diurnal,batched,8,P1_dest_cluster,129.64529766243172
5,3,30,2,diurnal,batched,8,P1_dest_cluster,101.54352873922451
5,3,30,2,diurnal,batched,8,P1_dest_cluster,113.73796303582088
5,3,30,2,diurnal,batched,8,P1_dest_cluster,93.31740111793906
5,3,30,2,diurnal,batched,8,P1_dest_cluster,98.91476946616649
5,3,30,2,diurnal,batched,8,P1_dest_cluster,117.57446499457804
5,3,30,2,diurnal,batched,8,P1_dest_cluster,109.2986165974238
5,3,30,2,diurnal,batched,8,P1_dest_cluster,130.7894278684753
5,3,30,2,diurnal,batched,8,P1_dest_cluster,165.01327197979603
5,3,30,2,diurnal,batched,8,P1_dest_cluster,142.60836238595917
5,3,30,2,diurnal,batched,8,P1_dest_cluster,125.8846583915372
5,3,30,2,diurnal,batched,8,P1_dest_cluster,112.3612013794997
5,3,30,2,diurnal,batched,8,P1_dest_cluster,117.62552517483786
5,3,30,2,diurnal,batched,8,P1_dest_cluster,114.07250170205457
5,3,30,2,diurnal,batched,8,P1_dest_cluster,115.15857198646903
5,3,30,2,diurnal,batched,8,P1_dest_cluster,116.13007196766642
5,3,30,2,diurnal,batched,8,P1_dest_cluster,146.35434837203266
5,3,30,2,diurnal,batched,8,P1_dest_cluster,95.37964636989793
5,3,30,2,diurnal,batched,8,P1_dest_cluster,133.42642298252917
5,3,30,2,diurnal,batched,8,P1_dest_cluster,115.92217836358444
5,3,30,2,diurnal,batched,8,P1_dest_cluster,123.25325848174879
5,3,30,2,diurnal,batched,8,P1_dest_cluster,148.73752820288297
5,3,30,2,diurnal,batched,8,P1_dest_cluster,137.68077973743624
5,3,30,2,diurnal,batched,8,P1_dest_cluster,146.49607374417798
5,3,30,2,diurnal,batched,8,P1_dest_cluster,128.54315908563441
5,3,30,2,diurnal,batched,8,P1_dest_cluster,113.49662002019336
5,3,30,2,diurnal,batched,8,P1_dest_cluster,106.70483372071389
5,3,30,2,diurnal,batched,8,P1_dest_cluster,145.96362413292127
5,3,30,2,diurnal,batched,8,P1_dest_cluster,102.65520851453353
5,3,30,2,diurnal,batched,8,P1_dest_cluster,117.57446499457804
5,3,30,2,diurnal,batched,8,P1_dest_cluster,162.97458257842615
5,3,30,2,diurnal,batched,8,P1_dest_cluster,129.96871697999308
5,3,30,2,diurnal,batched,8,P1_dest_cluster,106.76388909465837
5,3,30,2,diurnal,batched,8,P1_dest_cluster,132.65941689619518
5,3,30,2,diurnal,batched,8,P1_dest_cluster,116.22180906430154
5,3,30,2,diurnal,batched,8,P1_dest_cluster,112.24098544003607
5,3,30,2,diurnal,batched,8,P1_dest_cluster,132.2100053799575
5,3,30,2,diurnal,batched,8,P1_dest_cluster,108.6594168961952
5,3,30,2,diurnal,batched,8,P1_dest_cluster,142.61954859864554
5,3,30,2,diurnal,batched,8,P1_dest_cluster,150.57446499457802
5,3,30,2,diurnal,batched,8,P1_dest_cluster,125.63344071505978
5,3,30,2,diurnal,batched,8,P1_dest_cluster,135.05232858347955
5,3,30,2,diurnal,batched,8,P1_dest_cluster,119.19446857309728
5,3,30,2,diurnal,batched,8,P1_dest_cluster,100.06680665678503
5,3,30,2,diurnal,batched,8,P1_dest_cluster,139.9755135756309
5,3,30,2,diurnal,batched,8,P1_dest_cluster,120.56687130483901
5,3,30,2,diurnal,batched,8,P1_dest_cluster,119.53169883226212
5,3,30,2,diurnal,batched,8,P1_dest_cluster,174.470244355671
5,3,30,2,diurnal,batched,8,P1_dest_cluster,132.72932357401197
5,3,30,2,diurnal,batched,8,P1_dest_cluster,127.6594168961952
5,3,30,2,diurnal,batched,8,P1_dest_cluster,146.22907033210055
5,3,30,2,diurnal,batched,8,P1_dest_cluster,115.60498630139853
5,3,30,2,diurnal,batched,8,P1_dest_cluster,157.13274399771268
5,3,30,2,diurnal,batched,8,P1_dest_cluster,87.9844761112993
5,3,30,2,diurnal,batched,8,P1_dest_cluster,113.27576958342678
5,3,30,2,diurnal,batched,8,P1_dest_cluster,108.85613179383344
5,3,30,2,diurnal,batched,8,P1_dest_cluster,159.3437655132119
5,3,30,2,diurnal,batched,8,P1_dest_cluster,121.10006175150481
5,3,30,2,diurnal,batched,8,P1_dest_cluster,138.56234173042856
5,3,30,2,diurnal,batched,8,P1_dest_cluster,88.26907322616273
5,3,30,2,diurnal,batched,8,P1_dest_cluster,117.35434837203266
5,3,30,2,diurnal,batched,8,P1_dest_cluster,117.08361775888385
5,3,30,2,diurnal,batched,8,P1_dest_cluster,91.73228796375673
5,3,30,2,diurnal,batched,8,P1_dest_cluster,167.54315908563441
5,3,30,2,diurnal,batched,8,P1_dest_cluster,166.24495686024628
5,3,30,2,diurnal,batched,8,P1_dest_cluster,136.35008726915942
5,3,30,2,diurnal,batched,8,P1_dest_cluster,141.22907033210055
5,3,30,2,diurnal,batched,8,P1_dest_cluster,99.33981646744863
5,3,30,2,diurnal,batched,8,P1_dest_cluster,109.26382611852682
5,3,30,2,diurnal,batched,8,P1_dest_cluster,159.88887654450326
5,3,30,2,diurnal,batched,8,P1_dest_cluster,127.72932357401197
5,3,30,2,diurnal,batched,8,P1_dest_cluster,146.02189976014765
5,3,30,2,diurnal,batched,8,P1_dest_cluster,137.54463629856372
5,3,30,2,diurnal,batched,8,P1_dest_cluster,113.85613179383344
5,3,30,2,diurnal,batched,8,P1_dest_cluster,125.97453193857054
5,3,30,2,diurnal,batched,8,P1_dest_cluster,150.57446499457802
5,3,30,2,diurnal,batched,8,P1_dest_cluster,138.80087060312388
5,3,30,2,diurnal,batched,8,P1_dest_cluster,146.721090140554
5,3,30,2,diurnal,batched,8,P1_dest_cluster,119.31960289461587
5,3,30,2,diurnal,batched,8,P1_dest_cluster,128.19446857309728
5,3,30,2,diurnal,batched,8,P1_dest_cluster,105.8320489905308
5,3,30,2,diurnal,batched,8,P1_dest_cluster,135.93038389730089
5,3,30,2,diurnal,batched,8,P1_dest_cluster,112.8353080500307
5,3,30,2,diurnal,batched,8,P1_dest_cluster,153.75599661541688
5,3,30,2,diurnal,batched,8,P1_dest_cluster,138.2565042883038
5,3,30,2,diurnal,batched,8,P1_dest_cluster,130.68130902308292
5,3,30,2,diurnal,batched,8,P1_dest_cluster,145.4923286622709
5,3,30,2,diurnal,batched,8,P1_dest_cluster,113.7022774521403
5,3,30,2,diurnal,batched,8,P1_dest_cluster,131.8866454756413
5,3,30,2,diurnal,batched,8,P1_dest_cluster,87.97487389910027
5,3,30,2,diurnal,batched,8,P1_dest_cluster,133.62452459196467
5,3,30,2,diurnal,batched,8,P1_dest_cluster,106.74666422830391
5,3,30,2,diurnal,batched,8,P1_dest_cluster,130.82217914816854
5,3,30,2,diurnal,batched,8,P1_dest_cluster,124.24067725406866
5,3,30,2,diurnal,batched,8,P1_dest_cluster,147.38606157929507
5,3,30,2,diurnal,batched,8,P1_dest_cluster,123.21139270393186
5,3,30,2,diurnal,batched,8,P1_dest_cluster,114.71942934939237
5,3,30,2,diurnal,batched,8,P1_dest_cluster,120.79561196995701
5,3,30,2,diurnal,batched,8,P1_dest_cluster,127.49214489719606
5,3,30,2,diurnal,batched,8,P1_dest_cluster,113.61954859864554
5,3,30,2,diurnal,batched,8,P1_dest_cluster,96.11786265001746
5,3,30,2,diurnal,batched,8,P1_dest_cluster,145.8866454756413
5,3,30,2,diurnal,batched,8,P1_dest_cluster,131.85129145767723
5,3,30,2,diurnal,batched,8,P1_dest_cluster,97.74666422830391
5,3,30,2,diurnal,batched,8,P1_dest_cluster,125.20662009349714
5,3,30,2,diurnal,batched,8,P1_dest_cluster,125.26607226009241
5,3,30,2,diurnal,batched,8,P1_dest_cluster,119.96893370973518
5,3,30,2,diurnal,batched,8,P1_dest_cluster,132.60836238595917
5,3,30,2,diurnal,batched,8,P1_dest_cluster,127.09241620287895
5,3,30,2,diurnal,batched,8,P1_dest_cluster,81.75704429416297
5,3,30,2,diurnal,batched,8,P1_dest_cluster,151.49466876885984
5,3,30,2,diurnal,batched,8,P1_dest_cluster,113.82587133510509
5,3,30,2,diurnal,batched,8,P1_dest_cluster,107.74347049714639
5,3,30,2,diurnal,batched,8,P1_dest_cluster,107.25164927296869
5,3,30,2,diurnal,batched,8,P1_dest_cluster,117.57446499457804
5,3,30,2,diurnal,batched,8,P1_dest_cluster,158.53160126361502
5,3,30,2,diurnal,batched,8,P1_dest_cluster,152.01223834504697
5,3,30,2,diurnal,batched,8,P1_dest_cluster,139.33976665281185
5,3,30,2,diurnal,batched,8,P1_dest_cluster,100.25016845903855
5,3,30,2,diurnal,batched,8,P1_dest_cluster,144.06715875841957
5,3,30,2,diurnal,batched,8,P1_dest_cluster,171.69126734051798
5,3,30,2,diurnal,batched,8,P1_dest_cluster,117.41509792667209
5,3,30,2,diurnal,batched,8,P1_dest_cluster,102.39257005661094
5,3,30,2,diurnal,batched,8,P1_dest_cluster,138.81757216554126
5,3,30,2,diurnal,batched,8,P1_dest_cluster,111.11857772712926
5,3,30,2,diurnal,batched,8,P1_dest_cluster,122.57446499457804
5,3,30,2,diurnal,batched,8,P1_dest_cluster,127.03194742229124
5,3,30,2,diurnal,batched,8,P1_dest_cluster,110.41477986224243
5,3,30,2,diurnal,batched,8,P1_dest_cluster,115.63344071505978
5,3,30,2,diurnal,batched,8,P1_dest_cluster,96.6532564045091
5,3,30,2,diurnal,batched,8,P1_dest_cluster,106.50566181277317
5,3,30,2,diurnal,batched,8,P1_dest_cluster,141.86217552432265
5,3,30,2,diurnal,batched,8,P1_dest_cluster,101.92055875105403
5,3,30,2,diurnal,batched,8,P1_dest_cluster,122.79280149884359
5,3,30,2,diurnal,batched,8,P1_dest_cluster,119.6848204921124
5,3,30,2,diurnal,batched,8,P1_dest_cluster,121.05232858347956
5,3,30,2,diurnal,batched,8,P1_dest_cluster,127.73296465218728
5,3,30,2,diurnal,batched,8,P1_dest_cluster,91.64864443045846
5,3,30,2,diurnal,batched,8,P1_dest_cluster,112.70190448954102
5,3,30,2,diurnal,batched,8,P1_dest_cluster,180.896604322149
5,3,30,2,diurnal,batched,8,P1_dest_cluster,105.89611646660987
5,3,30,2,diurnal,batched,8,P1_dest_cluster,75.96913810001809
5,3,30,2,diurnal,batched,8,P1_dest_cluster,189.72932357401197
5,3,30,2,diurnal,batched,8,P1_dest_cluster,138.70200067557417
5,3,30,2,diurnal,batched,8,P1_dest_cluster,162.9067211322852
5,3,30,2,diurnal,batched,8,P1_dest_cluster,100.30017597580594
5,3,30,2,diurnal,batched,8,P1_dest_cluster,149.7120442742313
5,3,30,2,diurnal,batched,8,P1_dest_cluster,105.81757216554125
5,3,30,2,diurnal,batched,8,P1_dest_cluster,118.01223834504697
5,3,30,2,diurnal,batched,8,P1_dest_cluster,140.89288355088053
5,3,30,2,diurnal,batched,8,P1_dest_cluster,124.89862651065715
5,3,30,2,diurnal,batched,8,P1_dest_cluster,133.99658268488437
5,3,30,2,diurnal,batched,8,P1_dest_cluster,136.96913810001809
5,3,30,2,diurnal,batched,8,P1_dest_cluster,98.89993722605783
5,3,30,2,diurnal,batched,8,P1_dest_cluster,112.3612013794997
5,3,30,2,diurnal,batched,8,P1_dest_cluster,172.71651008517753
5,3,30,2,diurnal,batched,8,P1_dest_cluster,120.89288355088053
5,3,30,2,diurnal,batched,8,P1_dest_cluster,141.8866454756413
5,3,30,2,diurnal,batched,8,P1_dest_cluster,85.50111405789596
5,3,30,2,diurnal,batched,8,P1_dest_cluster,142.19263132863176
5,3,30,2,diurnal,batched,8,P1_dest_cluster,159.0575331596135
5,3,30,2,diurnal,batched,8,P1_dest_cluster,123.55784952986892
5,3,30,2,diurnal,batched,8,P1_dest_cluster,109.50111405789596
5,3,30,2,diurnal,batched,8,P1_dest_cluster,109.284987348318
5,3,30,2,diurnal,batched,8,P1_dest_cluster,105.734878198514
5,3,30,2,diurnal,batched,8,P1_dest_cluster,111.30405507309652
5,3,30,2,diurnal,batched,8,P1_dest_cluster,134.51982637221118
5,3,30,2,diurnal,batched,8,P1_dest_cluster,118.56234173042854
5,3,30,2,diurnal,batched,8,P1_dest_cluster,80.35910443961328
5,3,30,2,diurnal,batched,8,P1_dest_cluster,124.80087060312388
5,3,30,2,diurnal,batched,8,P1_dest_cluster,110.75476050182176
5,3,30,2,diurnal,batched,8,P1_dest_cluster,144.07072163195812
5,3,30,2,diurnal,batched,8,P1_dest_cluster,129.01136123429393
5,3,30,2,diurnal,batched,8,P1_dest_cluster,145.72932357401197
5,3,30,2,diurnal,batched,8,P1_dest_cluster,128.42272159573855
5,3,30,2,diurnal,batched,8,P1_dest_cluster,167.2573987952262
5,3,30,2,diurnal,batched,8,P1_dest_cluster,120.00813580521378
5,3,30,2,diurnal,batched,8,P1_dest_cluster,90.71826271501797
5,3,30,2,diurnal,batched,8,P2_cardinality,97.93038389730087
5,3,30,2,diurnal,batched,8,P2_cardinality,123.23971700062674
5,3,30,2,diurnal,batched,8,P2_cardinality,92.14510288590955
5,3,30,2,diurnal,batched,8,P2_cardinality,92.31938212413418
5,3,30,2,diurnal,batched,8,P2_cardinality,157.69126734051798
5,3,30,2,diurnal,batched,8,P2_cardinality,96.64864443045846
5,3,30,2,diurnal,batched,8,P2_cardinality,114.84652224593503
5,3,30,2,diurnal,batched,8,P2_cardinality,110.13777594442672
5,3,30,2,diurnal,batched,8,P2_cardinality,84.49466876885984
5,3,30,2,diurnal,batched,8,P2_cardinality,99.00306914412774
5,3,30,2,diurnal,batched,8,P2_cardinality,99.00306914412774
5,3,30,2,diurnal,batched,8,P2_cardinality,123.42721331995034
5,3,30,2,diurnal,batched,8,P2_cardinality,119.6848204921124
5,3,30,2,diurnal,batched,8,P2_cardinality,88.74667467255526
5,3,30,2,diurnal,batched,8,P2_cardinality,158.42272159573855
5,3,30,2,diurnal,batched,8,P2_cardinality,120.93038389730087
5,3,30,2,diurnal,batched,8,P2_cardinality,107.91476946616649
5,3,30,2,diurnal,batched,8,P2_cardinality,130.71651008517753
5,3,30,2,diurnal,batched,8,P2_cardinality,114.53169883226212
5,3,30,2,diurnal,batched,8,P2_cardinality,111.85129145767725
5,3,30,2,diurnal,batched,8,P2_cardinality,120.68130902308293
5,3,30,2,diurnal,batched,8,P2_cardinality,92.62396846810742
5,3,30,2,diurnal,batched,8,P2_cardinality,120.89288355088053
5,3,30,2,diurnal,batched,8,P2_cardinality,107.35147275555923
5,3,30,2,diurnal,batched,8,P2_cardinality,103.58459501435615
5,3,30,2,diurnal,batched,8,P2_cardinality,113.50111405789596
5,3,30,2,diurnal,batched,8,P2_cardinality,104.01210570557295
5,3,30,2,diurnal,batched,8,P2_cardinality,95.854730424271
5,3,30,2,diurnal,batched,8,P2_cardinality,125.11857772712926
5,3,30,2,diurnal,batched,8,P2_cardinality,99.38288673905475
5,3,30,2,diurnal,batched,8,P2_cardinality,101.10818456895737
5,3,30,2,diurnal,batched,8,P2_cardinality,118.37622475218339
5,3,30,2,diurnal,batched,8,P2_cardinality,125.82217914816854
5,3,30,2,diurnal,batched,8,P2_cardinality,90.3931779735221
5,3,30,2,diurnal,batched,8,P2_cardinality,121.85129145767725
5,3,30,2,diurnal,batched,8,P2_cardinality,101.5102810390443
5,3,30,2,diurnal,batched,8,P2_cardinality,122.2255665241672
5,3,30,2,diurnal,batched,8,P2_cardinality,112.26607226009241
5,3,30,2,diurnal,batched,8,P2_cardinality,125.97453193857054
5,3,30,2,diurnal,batched,8,P2_cardinality,122.71942934939237
5,3,30,2,diurnal,batched,8,P2_cardinality,102.27100659268564
5,3,30,2,diurnal,batched,8,P2_cardinality,91.79511088849631
5,3,30,2,diurnal,batched,8,P2_cardinality,103.88887654450325
5,3,30,2,diurnal,batched,8,P2_cardinality,121.86780228891998
5,3,30,2,diurnal,batched,8,P2_cardinality,75.12477539634554
5,3,30,2,diurnal,batched,8,P2_cardinality,123.78542967104832
5,3,30,2,diurnal,batched,8,P2_cardinality,133.2100053799575
5,3,30,2,diurnal,batched,8,P2_cardinality,147.97619508125356
5,3,30,2,diurnal,batched,8,P2_cardinality,108.03194742229124
5,3,30,2,diurnal,batched,8,P2_cardinality,139.60498630139853
5,3,30,2,diurnal,batched,8,P2_cardinality,130.62771987886677
5,3,30,2,diurnal,batched,8,P2_cardinality,88.74539601205157
5,3,30,2,diurnal,batched,8,P2_cardinality,146.7078496522754
5,3,30,2,diurnal,batched,8,P2_cardinality,146.35434837203266
5,3,30,2,diurnal,batched,8,P2_cardinality,97.93038389730087
5,3,30,2,diurnal,batched,8,P2_cardinality,120.97205653707636
5,3,30,2,diurnal,batched,8,P2_cardinality,123.24495686024628
5,3,30,2,diurnal,batched,8,P2_cardinality,113.86899199328269
5,3,30,2,diurnal,batched,8,P2_cardinality,135.01003528033405
5,3,30,2,diurnal,batched,8,P2_cardinality,130.70383533334848
5,3,30,2,diurnal,batched,8,P2_cardinality,107.86780228891998
5,3,30,2,diurnal,batched,8,P2_cardinality,99.85209713022223
5,3,30,2,diurnal,batched,8,P2_cardinality,153.10620326459593
5,3,30,2,diurnal,batched,8,P2_cardinality,75.12477539634554
5,3,30,2,diurnal,batched,8,P2_cardinality,101.86054052211819
5,3,30,2,diurnal,batched,8,P2_cardinality,114.74853797107089
5,3,30,2,diurnal,batched,8,P2_cardinality,118.86935786495908
5,3,30,2,diurnal,batched,8,P2_cardinality,131.52501171081622
5,3,30,2,diurnal,batched,8,P2_cardinality,153.73752820288297
5,3,30,2,diurnal,batched,8,P2_cardinality,128.64377044103622
5,3,30,2,diurnal,batched,8,P2_cardinality,146.96913810001809
5,3,30,2,diurnal,batched,8,P2_cardinality,112.71987897247399
5,3,30,2,diurnal,batched,8,P2_cardinality,129.15857198646904
5,3,30,2,diurnal,batched,8,P2_cardinality,101.48252149524595
5,3,30,2,diurnal,batched,8,P2_cardinality,109.72746620790956
5,3,30,2,diurnal,batched,8,P2_cardinality,124.87426637684322
5,3,30,2,diurnal,batched,8,P2_cardinality,103.54463629856372
5,3,30,2,diurnal,batched,8,P2_cardinality,133.79280149884357
5,3,30,2,diurnal,batched,8,P2_cardinality,151.41523727478096
5,3,30,2,diurnal,batched,8,P2_cardinality,127.6594168961952
5,3,30,2,diurnal,batched,8,P2_cardinality,128.58925641551275
5,3,30,2,diurnal,batched,8,P2_cardinality,95.3931779735221
5,3,30,2,diurnal,batched,8,P2_cardinality,121.3501773366782
5,3,30,2,diurnal,batched,8,P2_cardinality,106.39291892627341
5,3,30,2,diurnal,batched,8,P2_cardinality,83.2155215473903
5,3,30,2,diurnal,batched,8,P2_cardinality,93.74347049714639
5,3,30,2,diurnal,batched,8,P2_cardinality,105.90290164189878
5,3,30,2,diurnal,batched,8,P2_cardinality,102.9382480185166
5,3,30,2,diurnal,batched,8,P2_cardinality,136.72932357401197
5,3,30,2,diurnal,batched,8,P2_cardinality,135.80056339527823
5,3,30,2,diurnal,batched,8,P2_cardinality,124.87254166413126
5,3,30,2,diurnal,batched,8,P2_cardinality,146.7078496522754
5,3,30,2,diurnal,batched,8,P2_cardinality,113.86899199328269
5,3,30,2,diurnal,batched,8,P2_cardinality,96.90672113228521
5,3,30,2,diurnal,batched,8,P2_cardinality,123.21139270393186
5,3,30,2,diurnal,batched,8,P2_cardinality,91.10721044693503
5,3,30,2,diurnal,batched,8,P2_cardinality,115.74214057615288
5,3,30,2,diurnal,batched,8,P2_cardinality,111.42122744459974
5,3,30,2,diurnal,batched,8,P2_cardinality,131.721090140554
5,3,30,2,diurnal,batched,8,P2_cardinality,146.35434837203266
5,3,30,2,diurnal,batched,8,P2_cardinality,150.60040654469682
5,3,30,2,diurnal,batched,8,P2_cardinality,135.09340443152763
5,3,30,2,diurnal,batched,8,P2_cardinality,100.96893370973518
5,3,30,2,diurnal,batched,8,P2_cardinality,126.11985357555909
5,3,30,2,diurnal,batched,8,P2_cardinality,115.45131328362594
5,3,30,2,diurnal,batched,8,P2_cardinality,120.89288355088053
5,3,30,2,diurnal,batched,8,P2_cardinality,129.0329494312971
5,3,30,2,diurnal,batched,8,P2_cardinality,88.13007196766642
5,3,30,2,diurnal,batched,8,P2_cardinality,103.58459501435615
5,3,30,2,diurnal,batched,8,P2_cardinality,115.8846583915372
5,3,30,2,diurnal,batched,8,P2_cardinality,157.79969433070335
5,3,30,2,diurnal,batched,8,P2_cardinality,139.7895238790752
5,3,30,2,diurnal,batched,8,P2_cardinality,126.62552517483786
5,3,30,2,diurnal,batched,8,P2_cardinality,116.35407583589408
5,3,30,2,diurnal,batched,8,P2_cardinality,70.49466876885984
5,3,30,2,diurnal,batched,8,P2_cardinality,110.44467679132039
5,3,30,2,diurnal,batched,8,P2_cardinality,132.72932357401197
5,3,30,2,diurnal,batched,8,P2_cardinality,96.11786265001746
5,3,30,2,diurnal,batched,8,P2_cardinality,150.7048337207139
5,3,30,2,diurnal,batched,8,P2_cardinality,125.20662009349714
5,3,30,2,diurnal,batched,8,P2_cardinality,120.93038389730087
5,3,30,2,diurnal,batched,8,P2_cardinality,124.60498630139853
5,3,30,2,diurnal,batched,8,P2_cardinality,138.2532584817488
5,3,30,2,diurnal,batched,8,P2_cardinality,86.19446857309728
5,3,30,2,diurnal,batched,8,P2_cardinality,110.77222180321318
5,3,30,2,diurnal,batched,8,P2_cardinality,106.64941892916923
5,3,30,2,diurnal,batched,8,P2_cardinality,109.72627253764422
5,3,30,2,diurnal,batched,8,P2_cardinality,121.60040654469682
5,3,30,2,diurnal,batched,8,P2_cardinality,140.26859216813455
5,3,30,2,diurnal,batched,8,P2_cardinality,134.54315908563441
5,3,30,2,diurnal,batched,8,P2_cardinality,89.97619508125356
5,3,30,2,diurnal,batched,8,P2_cardinality,137.25016845903855
5,3,30,2,diurnal,batched,8,P2_cardinality,73.00577394502983
5,3,30,2,diurnal,batched,8,P2_cardinality,124.03294943129711
5,3,30,2,diurnal,batched,8,P2_cardinality,99.84214595388497
5,3,30,2,diurnal,batched,8,P2_cardinality,153.6562872848651
5,3,30,2,diurnal,batched,8,P2_cardinality,125.20662009349714
5,3,30,2,diurnal,batched,8,P2_cardinality,67.20990605722024
5,3,30,2,diurnal,batched,8,P2_cardinality,112.74068211971627
5,3,30,2,diurnal,batched,8,P2_cardinality,113.11581689476458
5,3,30,2,diurnal,batched,8,P2_cardinality,105.89611646660987
5,3,30,2,diurnal,batched,8,P2_cardinality,130.470244355671
5,3,30,2,diurnal,batched,8,P2_cardinality,104.18195110262764
5,3,30,2,diurnal,batched,8,P2_cardinality,120.20662009349714
5,3,30,2,diurnal,batched,8,P2_cardinality,138.70200067557417
5,3,30,2,diurnal,batched,8,P2_cardinality,144.71651008517753
5,3,30,2,diurnal,batched,8,P2_cardinality,110.62452459196467
5,3,30,2,diurnal,batched,8,P2_cardinality,111.91476946616649
5,3,30,2,diurnal,batched,8,P2_cardinality,111.30405507309652
5,3,30,2,diurnal,batched,8,P2_cardinality,138.87254166413126
5,3,30,2,diurnal,batched,8,P2_cardinality,74.78003970162808
5,3,30,2,diurnal,batched,8,P2_cardinality,132.71942934939239
5,3,30,2,diurnal,batched,8,P2_cardinality,111.16019691102431
5,3,30,2,diurnal,batched,8,P2_cardinality,130.3440224589387
5,3,30,2,diurnal,batched,8,P2_cardinality,140.1409954588285
5,3,30,2,diurnal,batched,8,P2_cardinality,110.44467679132039
5,3,30,2,diurnal,batched,8,P2_cardinality,81.89288355088053
5,3,30,2,diurnal,batched,8,P2_cardinality,124.42272159573854
5,3,30,2,diurnal,batched,8,P2_cardinality,84.22907033210055
5,3,30,2,diurnal,batched,8,P2_cardinality,86.82217914816854
5,3,30,2,diurnal,batched,8,P2_cardinality,104.4141360907952
5,3,30,2,diurnal,batched,8,P2_cardinality,102.78003970162808
5,3,30,2,diurnal,batched,8,P2_cardinality,134.69126734051798
5,3,30,2,diurnal,batched,8,P2_cardinality,91.73228796375673
5,3,30,2,diurnal,batched,8,P2_cardinality,102.52830432612778
5,3,30,2,diurnal,batched,8,P2_cardinality,122.71987897247399
5,3,30,2,diurnal,batched,8,P2_cardinality,115.74427752040266
5,3,30,2,diurnal,batched,8,P2_cardinality,96.79695570595777
5,3,30,2,diurnal,batched,8,P2_cardinality,83.45538281318056
5,3,30,2,diurnal,batched,8,P2_cardinality,136.35008726915942
5,3,30,2,diurnal,batched,8,P2_cardinality,140.7078496522754
5,3,30,2,diurnal,batched,8,P2_cardinality,129.7003708015439
5,3,30,2,diurnal,batched,8,P2_cardinality,117.63681111932908
5,3,30,2,diurnal,batched,8,P2_cardinality,119.13777594442672
5,3,30,2,diurnal,batched,8,P2_cardinality,120.23952173820727
5,3,30,2,diurnal,batched,8,P2_cardinality,142.2100053799575
5,3,30,2,diurnal,batched,8,P2_cardinality,115.23168084926306
5,3,30,2,diurnal,batched,8,P2_cardinality,138.78333407194316
5,3,30,2,diurnal,batched,8,P2_cardinality,99.8863237144937
5,3,30,2,diurnal,batched,8,P2_cardinality,118.06276272607187
5,3,30,2,diurnal,batched,8,P2_cardinality,64.45346741198684
5,3,30,2,diurnal,batched,8,P2_cardinality,142.84098341701196
5,3,30,2,diurnal,batched,8,P2_cardinality,72.87254166413126
5,3,30,2,diurnal,batched,8,P2_cardinality,96.5102810390443
5,3,30,2,diurnal,batched,8,P2_cardinality,97.97453193857054
5,3,30,2,diurnal,batched,8,P2_cardinality,116.2340980599254
5,3,30,2,diurnal,batched,8,P2_cardinality,119.82911931060973
5,3,30,2,diurnal,batched,8,P2_cardinality,107.3437655132119
5,3,30,2,diurnal,batched,8,P2_cardinality,103.30957966270232
5,3,30,2,diurnal,batched,8,P2_cardinality,122.71942934939237
5,3,30,2,diurnal,batched,8,P2_cardinality,150.2155215473903
5,3,30,2,diurnal,batched,8,P2_cardinality,100.77222180321318
5,3,30,2,diurnal,batched,8,P2_cardinality,109.75071550035545
5,3,30,2,diurnal,batched,8,P2_cardinality,109.23971700062674
5,3,30,2,diurnal,batched,8,P2_cardinality,102.65520851453353
5,3,30,2,diurnal,batched,8,P2_cardinality,111.91476946616649
5,3,30,2,diurnal,batched,8,P2_cardinality,102.89327723375342
5,3,30,2,diurnal,batched,8,P2_cardinality,141.72932357401197
5,3,30,2,diurnal,batched,8,P2_cardinality,78.16019691102431
5,3,30,2,diurnal,batched,8,P2_cardinality,115.00577394502983
5,3,30,2,diurnal,batched,8,P3_dir_balanced,107.22907033210055
5,3,30,2,diurnal,batched,8,P3_dir_balanced,139.26498906568244
5,3,30,2,diurnal,batched,8,P3_dir_balanced,111.20268398043754
5,3,30,2,diurnal,batched,8,P3_dir_balanced,156.71942934939239
5,3,30,2,diurnal,batched,8,P3_dir_balanced,185.13274399771268
5,3,30,2,diurnal,batched,8,P3_dir_balanced,99.00306914412774
5,3,30,2,diurnal,batched,8,P3_dir_balanced,147.18157353028158
5,3,30,2,diurnal,batched,8,P3_dir_balanced,128.84098341701196
5,3,30,2,diurnal,batched,8,P3_dir_balanced,153.2532584817488
5,3,30,2,diurnal,batched,8,P3_dir_balanced,134.83734749697285
5,3,30,2,diurnal,batched,8,P3_dir_balanced,163.20662009349712
5,3,30,2,diurnal,batched,8,P3_dir_balanced,133.54315908563441
5,3,30,2,diurnal,batched,8,P3_dir_balanced,96.4879596185851
5,3,30,2,diurnal,batched,8,P3_dir_balanced,114.854730424271
5,3,30,2,diurnal,batched,8,P3_dir_balanced,116.71320971448807
5,3,30,2,diurnal,batched,8,P3_dir_balanced,127.85613179383344
5,3,30,2,diurnal,batched,8,P3_dir_balanced,115.00577394502983
5,3,30,2,diurnal,batched,8,P3_dir_balanced,118.59654440502263
5,3,30,2,diurnal,batched,8,P3_dir_balanced,166.13274399771268
5,3,30,2,diurnal,batched,8,P3_dir_balanced,108.19263132863178
5,3,30,2,diurnal,batched,8,P3_dir_balanced,144.75476050182175
5,3,30,2,diurnal,batched,8,P3_dir_balanced,122.89993722605783
5,3,30,2,diurnal,batched,8,P3_dir_balanced,122.06348260346016
5,3,30,2,diurnal,batched,8,P3_dir_balanced,103.87998689073726
5,3,30,2,diurnal,batched,8,P3_dir_balanced,145.37472410426827
5,3,30,2,diurnal,batched,8,P3_dir_balanced,131.03194742229124
5,3,30,2,diurnal,batched,8,P3_dir_balanced,106.78942786847529
5,3,30,2,diurnal,batched,8,P3_dir_balanced,143.92217836358444
5,3,30,2,diurnal,batched,8,P3_dir_balanced,107.07663058129383
5,3,30,2,diurnal,batched,8,P3_dir_balanced,107.40432745053903
5,3,30,2,diurnal,batched,8,P3_dir_balanced,115.77222180321318
5,3,30,2,diurnal,batched,8,P3_dir_balanced,120.41450678559646
5,3,30,2,diurnal,batched,8,P3_dir_balanced,105.38272005947285
5,3,30,2,diurnal,batched,8,P3_dir_balanced,119.62452459196467
5,3,30,2,diurnal,batched,8,P3_dir_balanced,145.11786265001746
5,3,30,2,diurnal,batched,8,P3_dir_balanced,156.0561814245958
5,3,30,2,diurnal,batched,8,P3_dir_balanced,134.7722218032132
5,3,30,2,diurnal,batched,8,P3_dir_balanced,122.32929379705766
5,3,30,2,diurnal,batched,8,P3_dir_balanced,137.4160922682836
5,3,30,2,diurnal,batched,8,P3_dir_balanced,137.12477539634554
5,3,30,2,diurnal,batched,8,P3_dir_balanced,183.1198535755591
5,3,30,2,diurnal,batched,8,P3_dir_balanced,79.74539601205157
5,3,30,2,diurnal,batched,8,P3_dir_balanced,127.55784952986892
5,3,30,2,diurnal,batched,8,P3_dir_balanced,90.83914172230087
5,3,30,2,diurnal,batched,8,P3_dir_balanced,123.70200067557417
5,3,30,2,diurnal,batched,8,P3_dir_balanced,109.25016845903855
5,3,30,2,diurnal,batched,8,P3_dir_balanced,107.40432745053903
5,3,30,2,diurnal,batched,8,P3_dir_balanced,143.93029265590582
5,3,30,2,diurnal,batched,8,P3_dir_balanced,114.72627253764422
5,3,30,2,diurnal,batched,8,P3_dir_balanced,131.34125069429112
5,3,30,2,diurnal,batched,8,P3_dir_balanced,144.90290164189878
5,3,30,2,diurnal,batched,8,P3_dir_balanced,129.20662009349712
5,3,30,2,diurnal,batched,8,P3_dir_balanced,130.93824801851662
5,3,30,2,diurnal,batched,8,P3_dir_balanced,111.30405507309652
5,3,30,2,diurnal,batched,8,P3_dir_balanced,146.34991150343734
5,3,30,2,diurnal,batched,8,P3_dir_balanced,134.2532584817488
5,3,30,2,diurnal,batched,8,P3_dir_balanced,94.89660432214899
5,3,30,2,diurnal,batched,8,P3_dir_balanced,108.19263132863178
5,3,30,2,diurnal,batched,8,P3_dir_balanced,134.7722218032132
5,3,30,2,diurnal,batched,8,P3_dir_balanced,94.89660432214899
5,3,30,2,diurnal,batched,8,P3_dir_balanced,115.90290164189878
5,3,30,2,diurnal,batched,8,P3_dir_balanced,133.68090578108186
5,3,30,2,diurnal,batched,8,P3_dir_balanced,136.24098544003607
5,3,30,2,diurnal,batched,8,P3_dir_balanced,118.36274002179252
5,3,30,2,diurnal,batched,8,P3_dir_balanced,132.9313267290518
5,3,30,2,diurnal,batched,8,P3_dir_balanced,156.70200067557417
5,3,30,2,diurnal,batched,8,P3_dir_balanced,109.4141360907952
5,3,30,2,diurnal,batched,8,P3_dir_balanced,168.20662009349712
5,3,30,2,diurnal,batched,8,P3_dir_balanced,144.64614502734523
5,3,30,2,diurnal,batched,8,P3_dir_balanced,130.93824801851662
5,3,30,2,diurnal,batched,8,P3_dir_balanced,120.26859216813455
5,3,30,2,diurnal,batched,8,P3_dir_balanced,150.8866454756413
5,3,30,2,diurnal,batched,8,P3_dir_balanced,139.99998655361742
5,3,30,2,diurnal,batched,8,P3_dir_balanced,100.87254166413126
5,3,30,2,diurnal,batched,8,P3_dir_balanced,120.26859216813455
5,3,30,2,diurnal,batched,8,P3_dir_balanced,151.31871568407757
5,3,30,2,diurnal,batched,8,P3_dir_balanced,111.20268398043754
5,3,30,2,diurnal,batched,8,P3_dir_balanced,127.48209332817684
5,3,30,2,diurnal,batched,8,P3_dir_balanced,113.71826271501797
5,3,30,2,diurnal,batched,8,P3_dir_balanced,88.43427450544158
5,3,30,2,diurnal,batched,8,P3_dir_balanced,146.41523727478096
5,3,30,2,diurnal,batched,8,P3_dir_balanced,127.48209332817684
5,3,30,2,diurnal,batched,8,P3_dir_balanced,165.70190448954102
5,3,30,2,diurnal,batched,8,P3_dir_balanced,112.8353080500307
5,3,30,2,diurnal,batched,8,P3_dir_balanced,91.79511088849631
5,3,30,2,diurnal,batched,8,P3_dir_balanced,109.26382611852682
5,3,30,2,diurnal,batched,8,P3_dir_balanced,155.47109088403863
5,3,30,2,diurnal,batched,8,P3_dir_balanced,114.854730424271
5,3,30,2,diurnal,batched,8,P3_dir_balanced,131.22907033210055
5,3,30,2,diurnal,batched,8,P3_dir_balanced,137.06752593979706
5,3,30,2,diurnal,batched,8,P3_dir_balanced,120.57929744396705
5,3,30,2,diurnal,batched,8,P3_dir_balanced,127.55648552772729
5,3,30,2,diurnal,batched,8,P3_dir_balanced,111.20662009349714
5,3,30,2,diurnal,batched,8,P3_dir_balanced,161.40928753623228
5,3,30,2,diurnal,batched,8,P3_dir_balanced,120.4151688071889
5,3,30,2,diurnal,batched,8,P3_dir_balanced,188.57883444779304
5,3,30,2,diurnal,batched,8,P3_dir_balanced,92.86054052211819
5,3,30,2,diurnal,batched,8,P3_dir_balanced,122.85613179383344
5,3,30,2,diurnal,batched,8,P3_dir_balanced,115.15857198646903
5,3,30,2,diurnal,batched,8,P3_dir_balanced,147.18157353028158
5,3,30,2,diurnal,batched,8,P3_dir_balanced,143.2532584817488
5,3,30,2,diurnal,batched,8,P3_dir_balanced,152.4320136605661
5,3,30,2,diurnal,batched,8,P3_dir_balanced,139.26498906568244
5,3,30,2,diurnal,batched,8,P3_dir_balanced,109.8072475243184
5,3,30,2,diurnal,batched,8,P3_dir_balanced,125.56066558523656
5,3,30,2,diurnal,batched,8,P3_dir_balanced,111.5994505669668
5,3,30,2,diurnal,batched,8,P3_dir_balanced,122.24098544003607
5,3,30,2,diurnal,batched,8,P3_dir_balanced,101.24067725406866
5,3,30,2,diurnal,batched,8,P3_dir_balanced,122.11511413610171
5,3,30,2,diurnal,batched,8,P3_dir_balanced,132.19263132863176
5,3,30,2,diurnal,batched,8,P3_dir_balanced,136.24098544003607
5,3,30,2,diurnal,batched,8,P3_dir_balanced,130.6646827820284
5,3,30,2,diurnal,batched,8,P3_dir_balanced,132.02189976014765
5,3,30,2,diurnal,batched,8,P3_dir_balanced,151.1198535755591
5,3,30,2,diurnal,batched,8,P3_dir_balanced,149.7120442742313
5,3,30,2,diurnal,batched,8,P3_dir_balanced,162.0329494312971
5,3,30,2,diurnal,batched,8,P3_dir_balanced,127.72746620790956
5,3,30,2,diurnal,batched,8,P3_dir_balanced,106.75599661541688
5,3,30,2,diurnal,batched,8,P3_dir_balanced,185.13274399771268
5,3,30,2,diurnal,batched,8,P3_dir_balanced,122.82587133510509
5,3,30,2,diurnal,batched,8,P3_dir_balanced,85.63815009661943
5,3,30,2,diurnal,batched,8,P3_dir_balanced,110.14510288590955
5,3,30,2,diurnal,batched,8,P3_dir_balanced,144.14510288590955
5,3,30,2,diurnal,batched,8,P3_dir_balanced,124.87254166413126
5,3,30,2,diurnal,batched,8,P3_dir_balanced,128.42272159573855
5,3,30,2,diurnal,batched,8,P3_dir_balanced,156.9313267290518
5,3,30,2,diurnal,batched,8,P3_dir_balanced,110.2573987952262
5,3,30,2,diurnal,batched,8,P3_dir_balanced,106.41666378185934
5,3,30,2,diurnal,batched,8,P3_dir_balanced,103.09340443152763
5,3,30,2,diurnal,batched,8,P3_dir_balanced,114.72627253764422
5,3,30,2,diurnal,batched,8,P3_dir_balanced,88.74667467255526
5,3,30,2,diurnal,batched,8,P3_dir_balanced,128.42272159573855
5,3,30,2,diurnal,batched,8,P3_dir_balanced,113.06752593979706
5,3,30,2,diurnal,batched,8,P3_dir_balanced,127.55784952986892
5,3,30,2,diurnal,batched,8,P3_dir_balanced,109.24030256722875
5,3,30,2,diurnal,batched,8,P3_dir_balanced,108.19263132863178
5,3,30,2,diurnal,batched,8,P3_dir_balanced,133.97742308104898
5,3,30,2,diurnal,batched,8,P3_dir_balanced,145.37472410426827
5,3,30,2,diurnal,batched,8,P3_dir_balanced,156.71942934939239
5,3,30,2,diurnal,batched,8,P3_dir_balanced,133.9019506731378
5,3,30,2,diurnal,batched,8,P3_dir_balanced,165.01327197979603
5,3,30,2,diurnal,batched,8,P3_dir_balanced,172.48252149524595
5,3,30,2,diurnal,batched,8,P3_dir_balanced,167.57047073080702
5,3,30,2,diurnal,batched,8,P3_dir_balanced,116.8866454756413
5,3,30,2,diurnal,batched,8,P3_dir_balanced,137.54463629856372
5,3,30,2,diurnal,batched,8,P3_dir_balanced,151.31871568407757
5,3,30,2,diurnal,batched,8,P3_dir_balanced,106.10818456895737
5,3,30,2,diurnal,batched,8,P3_dir_balanced,142.79969433070335
5,3,30,2,diurnal,batched,8,P3_dir_balanced,99.00306914412774
5,3,30,2,diurnal,batched,8,P3_dir_balanced,119.53169883226212
5,3,30,2,diurnal,batched,8,P3_dir_balanced,122.97619508125356
5,3,30,2,diurnal,batched,8,P3_dir_balanced,141.51623947113436
5,3,30,2,diurnal,batched,8,P3_dir_balanced,115.32566901074522
5,3,30,2,diurnal,batched,8,P3_dir_balanced,91.62452459196467
5,3,30,2,diurnal,batched,8,P3_dir_balanced,104.18157353028158
5,3,30,2,diurnal,batched,8,P3_dir_balanced,123.9019506731378
5,3,30,2,diurnal,batched,8,P3_dir_balanced,134.04227880501853
5,3,30,2,diurnal,batched,8,P3_dir_balanced,96.01822901164378
5,3,30,2,diurnal,batched,8,P3_dir_balanced,162.0329494312971
5,3,30,2,diurnal,batched,8,P3_dir_balanced,85.78625567849137
5,3,30,2,diurnal,batched,8,P3_dir_balanced,135.80056339527823
5,3,30,2,diurnal,batched,8,P3_dir_balanced,137.71942934939239
5,3,30,2,diurnal,batched,8,P3_dir_balanced,108.08854653087653
5,3,30,2,diurnal,batched,8,P3_dir_balanced,153.4607305756404
5,3,30,2,diurnal,batched,8,P3_dir_balanced,106.64614502734523
5,3,30,2,diurnal,batched,8,P3_dir_balanced,166.13274399771268
5,3,30,2,diurnal,batched,8,P3_dir_balanced,175.69320964940974
5,3,30,2,diurnal,batched,8,P3_dir_balanced,149.48825503576268
5,3,30,2,diurnal,batched,8,P3_dir_balanced,90.83914172230087
5,3,30,2,diurnal,batched,8,P3_dir_balanced,120.79511088849631
5,3,30,2,diurnal,batched,8,P3_dir_balanced,88.43427450544158
5,3,30,2,diurnal,batched,8,P3_dir_balanced,113.71826271501797
5,3,30,2,diurnal,batched,8,P3_dir_balanced,138.4320136605661
5,3,30,2,diurnal,batched,8,P3_dir_balanced,104.32778104243289
5,3,30,2,diurnal,batched,8,P3_dir_balanced,85.15040464030376
5,3,30,2,diurnal,batched,8,P3_dir_balanced,133.62452459196467
5,3,30,2,diurnal,batched,8,P3_dir_balanced,146.78085327806696
5,3,30,2,diurnal,batched,8,P3_dir_balanced,123.2986165974238
5,3,30,2,diurnal,batched,8,P3_dir_balanced,149.80056339527823
5,3,30,2,diurnal,batched,8,P3_dir_balanced,175.69320964940974
5,3,30,2,diurnal,batched,8,P3_dir_balanced,162.23971700062674
5,3,30,2,diurnal,batched,8,P3_dir_balanced,102.04829255712701
5,3,30,2,diurnal,batched,8,P3_dir_balanced,129.10818456895737
5,3,30,2,diurnal,batched,8,P3_dir_balanced,112.32929379705766
5,3,30,2,diurnal,batched,8,P3_dir_balanced,123.2100053799575
5,3,30,2,diurnal,batched,8,P3_dir_balanced,122.11786265001746
5,3,30,2,diurnal,batched,8,P3_dir_balanced,149.71651008517753
5,3,30,2,diurnal,batched,8,P3_dir_balanced,126.65520851453353
5,3,30,2,diurnal,batched,8,P3_dir_balanced,154.10006175150482
5,3,30,2,diurnal,batched,8,P3_dir_balanced,170.38606157929507
5,3,30,2,diurnal,batched,8,P3_dir_balanced,92.18612143382776
5,3,30,2,diurnal,batched,8,P3_dir_balanced,138.74214057615288
5,3,30,2,diurnal,batched,8,P3_dir_balanced,166.24495686024628
5,3,30,2,diurnal,batched,8,P3_dir_balanced,124.4193535509614
5,3,30,2,diurnal,batched,8,P3_dir_balanced,126.13886690279793
5,3,30,2,diurnal,batched,8,P3_dir_balanced,134.17705177937344
5,3,30,2,diurnal,batched,8,P3_dir_balanced,124.26754255628828
5,3,30,2,diurnal,batched,8,P3_dir_balanced,162.69126734051798
5,3,30,2,diurnal,batched,8,P3_dir_balanced,142.72746620790957
5,3,30,2,diurnal,batched,8,P3_dir_balanced,122.34125069429112
5,3,30,2,diurnal,batched,8,P4_temporal,126.34937788205644
5,3,30,2,diurnal,batched,8,P4_temporal,143.07088218314038
5,3,30,2,diurnal,batched,8,P4_temporal,103.54463629856372
5,3,30,2,diurnal,batched,8,P4_temporal,137.14657144987558
5,3,30,2,diurnal,batched,8,P4_temporal,75.12477539634554
5,3,30,2,diurnal,batched,8,P4_temporal,121.01136123429391
5,3,30,2,diurnal,batched,8,P4_temporal,134.9067211322852
5,3,30,2,diurnal,batched,8,P4_temporal,144.90290164189878
5,3,30,2,diurnal,batched,8,P4_temporal,103.58459501435615
5,3,30,2,diurnal,batched,8,P4_temporal,125.97453193857054
5,3,30,2,diurnal,batched,8,P4_temporal,128.6313135486263
5,3,30,2,diurnal,batched,8,P4_temporal,137.49662002019335
5,3,30,2,diurnal,batched,8,P4_temporal,55.724656768656374
5,3,30,2,diurnal,batched,8,P4_temporal,106.36689767961019
5,3,30,2,diurnal,batched,8,P4_temporal,88.84718875712147
5,3,30,2,diurnal,batched,8,P4_temporal,154.26859216813455
5,3,30,2,diurnal,batched,8,P4_temporal,126.7078496522754
5,3,30,2,diurnal,batched,8,P4_temporal,102.80063667621535
5,3,30,2,diurnal,batched,8,P4_temporal,156.19263132863176
5,3,30,2,diurnal,batched,8,P4_temporal,147.896604322149
5,3,30,2,diurnal,batched,8,P4_temporal,102.9844761112993
5,3,30,2,diurnal,batched,8,P4_temporal,160.13886690279793
5,3,30,2,diurnal,batched,8,P4_temporal,125.35407583589408
5,3,30,2,diurnal,batched,8,P4_temporal,103.54463629856372
5,3,30,2,diurnal,batched,8,P4_temporal,120.97205653707636
5,3,30,2,diurnal,batched,8,P4_temporal,122.85613179383344
5,3,30,2,diurnal,batched,8,P4_temporal,130.31938212413417
5,3,30,2,diurnal,batched,8,P4_temporal,148.71550868849204
5,3,30,2,diurnal,batched,8,P4_temporal,156.19263132863176
5,3,30,2,diurnal,batched,8,P4_temporal,118.25889559284998
5,3,30,2,diurnal,batched,8,P4_temporal,152.60836238595917
5,3,30,2,diurnal,batched,8,P4_temporal,94.37964636989793
5,3,30,2,diurnal,batched,8,P4_temporal,127.27009206612857
5,3,30,2,diurnal,batched,8,P4_temporal,107.3500872691594
5,3,30,2,diurnal,batched,8,P4_temporal,138.80087060312388
5,3,30,2,diurnal,batched,8,P4_temporal,124.90290164189878
5,3,30,2,diurnal,batched,8,P4_temporal,150.24098544003607
5,3,30,2,diurnal,batched,8,P4_temporal,120.64941892916923
5,3,30,2,diurnal,batched,8,P4_temporal,155.92062404666223
5,3,30,2,diurnal,batched,8,P4_temporal,104.53169883226212
5,3,30,2,diurnal,batched,8,P4_temporal,167.6848204921124
5,3,30,2,diurnal,batched,8,P4_temporal,119.27158438910227
5,3,30,2,diurnal,batched,8,P4_temporal,142.61954859864554
5,3,30,2,diurnal,batched,8,P4_temporal,112.25757612067002
5,3,30,2,diurnal,batched,8,P4_temporal,129.7003708015439
5,3,30,2,diurnal,batched,8,P4_temporal,124.59654440502263
5,3,30,2,diurnal,batched,8,P4_temporal,129.39317797352209
5,3,30,2,diurnal,batched,8,P4_temporal,123.61954859864554
5,3,30,2,diurnal,batched,8,P4_temporal,136.39087767433375
5,3,30,2,diurnal,batched,8,P4_temporal,164.41450678559647
5,3,30,2,diurnal,batched,8,P4_temporal,140.60718187174513
5,3,30,2,diurnal,batched,8,P4_temporal,149.78200962700666
5,3,30,2,diurnal,batched,8,P4_temporal,133.7262725376442
5,3,30,2,diurnal,batched,8,P4_temporal,153.4607305756404
5,3,30,2,diurnal,batched,8,P4_temporal,115.79511088849631
5,3,30,2,diurnal,batched,8,P4_temporal,128.24030256722875
5,3,30,2,diurnal,batched,8,P4_temporal,131.13631150321095
5,3,30,2,diurnal,batched,8,P4_temporal,101.44478151171232
5,3,30,2,diurnal,batched,8,P4_temporal,124.04227880501853
5,3,30,2,diurnal,batched,8,P4_temporal,157.6848204921124
5,3,30,2,diurnal,batched,8,P4_temporal,120.41450678559646
5,3,30,2,diurnal,batched,8,P4_temporal,144.87301639159733
5,3,30,2,diurnal,batched,8,P4_temporal,122.06320728690164
5,3,30,2,diurnal,batched,8,P4_temporal,125.3501773366782
5,3,30,2,diurnal,batched,8,P4_temporal,97.97453193857054
5,3,30,2,diurnal,batched,8,P4_temporal,114.43465326975547
5,3,30,2,diurnal,batched,8,P4_temporal,147.0700304374395
5,3,30,2,diurnal,batched,8,P4_temporal,146.02189976014765
5,3,30,2,diurnal,batched,8,P4_temporal,107.4528916796011
5,3,30,2,diurnal,batched,8,P4_temporal,129.39317797352209
5,3,30,2,diurnal,batched,8,P4_temporal,115.06715875841957
5,3,30,2,diurnal,batched,8,P4_temporal,95.29552104668667
5,3,30,2,diurnal,batched,8,P4_temporal,94.71826271501797
5,3,30,2,diurnal,batched,8,P4_temporal,119.68292581286336
5,3,30,2,diurnal,batched,8,P4_temporal,88.84718875712147
5,3,30,2,diurnal,batched,8,P4_temporal,157.6848204921124
5,3,30,2,diurnal,batched,8,P4_temporal,147.80087060312388
5,3,30,2,diurnal,batched,8,P4_temporal,116.81126845153167
5,3,30,2,diurnal,batched,8,P4_temporal,109.83556660840732
5,3,30,2,diurnal,batched,8,P4_temporal,127.3612013794997
5,3,30,2,diurnal,batched,8,P4_temporal,114.84652224593503
5,3,30,2,diurnal,batched,8,P4_temporal,101.97453193857054
5,3,30,2,diurnal,batched,8,P4_temporal,119.41016697116737
5,3,30,2,diurnal,batched,8,P4_temporal,118.4587589270157
5,3,30,2,diurnal,batched,8,P4_temporal,137.06752593979706
5,3,30,2,diurnal,batched,8,P4_temporal,182.64941892916923
5,3,30,2,diurnal,batched,8,P4_temporal,173.75599661541688
5,3,30,2,diurnal,batched,8,P4_temporal,147.80087060312388
5,3,30,2,diurnal,batched,8,P4_temporal,140.3501773366782
5,3,30,2,diurnal,batched,8,P4_temporal,102.25164927296869
5,3,30,2,diurnal,batched,8,P4_temporal,72.87426637684322
5,3,30,2,diurnal,batched,8,P4_temporal,129.01019051115676
5,3,30,2,diurnal,batched,8,P4_temporal,126.275841549336
5,3,30,2,diurnal,batched,8,P4_temporal,90.27367569778968
5,3,30,2,diurnal,batched,8,P4_temporal,107.31561496219902
5,3,30,2,diurnal,batched,8,P4_temporal,150.24098544003607
5,3,30,2,diurnal,batched,8,P4_temporal,138.74214057615288
5,3,30,2,diurnal,batched,8,P4_temporal,86.73228796375673
5,3,30,2,diurnal,batched,8,P4_temporal,124.83556660840732
5,3,30,2,diurnal,batched,8,P4_temporal,131.62771987886677
5,3,30,2,diurnal,batched,8,P4_temporal,131.89926172312778
5,3,30,2,diurnal,batched,8,P4_temporal,142.75704429416297
5,3,30,2,diurnal,batched,8,P4_temporal,107.3500872691594
5,3,30,2,diurnal,batched,8,P4_temporal,146.12890529983645
5,3,30,2,diurnal,batched,8,P4_temporal,139.99998655361742
5,3,30,2,diurnal,batched,8,P4_temporal,119.33976665281185
5,3,30,2,diurnal,batched,8,P4_temporal,122.85613179383344
5,3,30,2,diurnal,batched,8,P4_temporal,65.57446499457804
5,3,30,2,diurnal,batched,8,P4_temporal,116.4741114400806
5,3,30,2,diurnal,batched,8,P4_temporal,136.1219812499084
5,3,30,2,diurnal,batched,8,P4_temporal,114.62452459196467
5,3,30,2,diurnal,batched,8,P4_temporal,123.18661147072982
5,3,30,2,diurnal,batched,8,P4_temporal,113.11581689476458
5,3,30,2,diurnal,batched,8,P4_temporal,91.79511088849631
5,3,30,2,diurnal,batched,8,P4_temporal,107.4528916796011
5,3,30,2,diurnal,batched,8,P4_temporal,117.31740111793906
5,3,30,2,diurnal,batched,8,P4_temporal,100.77222180321318
5,3,30,2,diurnal,batched,8,P4_temporal,122.71942934939237
5,3,30,2,diurnal,batched,8,P4_temporal,109.02353724616893
5,3,30,2,diurnal,batched,8,P4_temporal,155.719878972474
5,3,30,2,diurnal,batched,8,P4_temporal,165.01327197979603
5,3,30,2,diurnal,batched,8,P4_temporal,127.67853115288588
5,3,30,2,diurnal,batched,8,P4_temporal,114.0700304374395
5,3,30,2,diurnal,batched,8,P4_temporal,144.99998655361742
5,3,30,2,diurnal,batched,8,P4_temporal,124.9019506731378
5,3,30,2,diurnal,batched,8,P4_temporal,128.6313135486263
5,3,30,2,diurnal,batched,8,P4_temporal,113.49607374417799
5,3,30,2,diurnal,batched,8,P4_temporal,93.31871568407757
5,3,30,2,diurnal,batched,8,P4_temporal,88.40432745053903
5,3,30,2,diurnal,batched,8,P4_temporal,103.70893480545433
5,3,30,2,diurnal,batched,8,P4_temporal,90.75849594163799
5,3,30,2,diurnal,batched,8,P4_temporal,110.51942670862692
5,3,30,2,diurnal,batched,8,P4_temporal,126.34937788205644
5,3,30,2,diurnal,batched,8,P4_temporal,142.75704429416297
5,3,30,2,diurnal,batched,8,P4_temporal,115.36689767961019
5,3,30,2,diurnal,batched,8,P4_temporal,100.30017597580594
5,3,30,2,diurnal,batched,8,P4_temporal,124.4879596185851
5,3,30,2,diurnal,batched,8,P4_temporal,127.03194742229124
5,3,30,2,diurnal,batched,8,P4_temporal,95.76700229756624
5,3,30,2,diurnal,batched,8,P4_temporal,108.14657144987558
5,3,30,2,diurnal,batched,8,P4_temporal,125.05924488673034
5,3,30,2,diurnal,batched,8,P4_temporal,104.48209332817684
5,3,30,2,diurnal,batched,8,P4_temporal,105.2986165974238
5,3,30,2,diurnal,batched,8,P4_temporal,132.06320728690164
5,3,30,2,diurnal,batched,8,P4_temporal,143.75704429416297
5,3,30,2,diurnal,batched,8,P4_temporal,116.3440224589387
5,3,30,2,diurnal,batched,8,P4_temporal,154.26859216813455
5,3,30,2,diurnal,batched,8,P4_temporal,110.14510288590955
5,3,30,2,diurnal,batched,8,P4_temporal,110.41477986224243
5,3,30,2,diurnal,batched,8,P4_temporal,93.18811717204862
5,3,30,2,diurnal,batched,8,P4_temporal,107.24098544003607
5,3,30,2,diurnal,batched,8,P4_temporal,128.31960289461585
5,3,30,2,diurnal,batched,8,P4_temporal,121.16019691102431
5,3,30,2,diurnal,batched,8,P4_temporal,126.275841549336
5,3,30,2,diurnal,batched,8,P4_temporal,142.68090578108186
5,3,30,2,diurnal,batched,8,P4_temporal,143.25672778542446
5,3,30,2,diurnal,batched,8,P4_temporal,122.34991150343733
5,3,30,2,diurnal,batched,8,P4_temporal,127.67853115288588
5,3,30,2,diurnal,batched,8,P4_temporal,88.43427450544158
5,3,30,2,diurnal,batched,8,P4_temporal,129.15436261514998
5,3,30,2,diurnal,batched,8,P4_temporal,133.3277810424329
5,3,30,2,diurnal,batched,8,P4_temporal,152.0326689284517
5,3,30,2,diurnal,batched,8,P4_temporal,167.8291193106097
5,3,30,2,diurnal,batched,8,P4_temporal,118.25889559284998
5,3,30,2,diurnal,batched,8,P4_temporal,111.86217552432265
5,3,30,2,diurnal,batched,8,P4_temporal,107.86780228891998
5,3,30,2,diurnal,batched,8,P4_temporal,143.25672778542446
5,3,30,2,diurnal,batched,8,P4_temporal,116.97453193857054
5,3,30,2,diurnal,batched,8,P4_temporal,103.70031899443008
5,3,30,2,diurnal,batched,8,P4_temporal,98.67668548751774
5,3,30,2,diurnal,batched,8,P4_temporal,119.84652224593503
5,3,30,2,diurnal,batched,8,P4_temporal,154.57929744396705
5,3,30,2,diurnal,batched,8,P4_temporal,96.90672113228521
5,3,30,2,diurnal,batched,8,P4_temporal,97.74666422830391
5,3,30,2,diurnal,batched,8,P4_temporal,119.27158438910227
5,3,30,2,diurnal,batched,8,P4_temporal,98.61785939638722
5,3,30,2,diurnal,batched,8,P4_temporal,141.83862561590507
5,3,30,2,diurnal,batched,8,P4_temporal,105.91447793982219
5,3,30,2,diurnal,batched,8,P4_temporal,86.43290813142669
5,3,30,2,diurnal,batched,8,P4_temporal,138.57047073080702
5,3,30,2,diurnal,batched,8,P4_temporal,138.80087060312388
5,3,30,2,diurnal,batched,8,P4_temporal,84.31740111793906
5,3,30,2,diurnal,batched,8,P4_temporal,120.26859216813455
5,3,30,2,diurnal,batched,8,P4_temporal,130.3440224589387
5,3,30,2,diurnal,batched,8,P4_temporal,135.35598270645173
5,3,30,2,diurnal,batched,8,P4_temporal,136.69835385842185
5,3,30,2,diurnal,batched,8,P4_temporal,116.81126845153167
5,3,30,2,diurnal,batched,8,P4_temporal,93.13631150321093
5,3,30,2,diurnal,batched,8,P4_temporal,105.49051428491808
5,3,30,2,diurnal,batched,8,P4_temporal,168.97543635826298
5,3,30,2,diurnal,batched,8,P4_temporal,105.30017597580594
5,3,30,2,diurnal,batched,8,P4_temporal,160.79143027485617
5,3,30,2,diurnal,batched,8,P4_temporal,162.97458257842615
5,3,30,2,diurnal,batched,8,P4_temporal,141.83862561590507
5,3,30,2,diurnal,batched,8,P4_temporal,90.56234173042854
5,3,30,2,diurnal,batched,8,P4_temporal,160.34991150343734
5,3,30,2,diurnal,batched,8,P4_temporal,125.35407583589408
5,3,30,2,diurnal,batched,8,P4_temporal,83.46244698783357
5,3,30,2,diurnal,batched,8,P4_temporal,138.24030256722875
5,3,30,2,diurnal,batched,8,P4_temporal,127.85613179383344
5,3,30,2,diurnal,batched,8,P5_phi,111.8509970524648
5,3,30,2,diurnal,batched,8,P5_phi,147.40058572855415
5,3,30,2,diurnal,batched,8,P5_phi,148.40928753623228
5,3,30,2,diurnal,batched,8,P5_phi,95.07250170205457
5,3,30,2,diurnal,batched,8,P5_phi,125.44478151171232
5,3,30,2,diurnal,batched,8,P5_phi,184.06276272607187
5,3,30,2,diurnal,batched,8,P5_phi,124.44467679132039
5,3,30,2,diurnal,batched,8,P5_phi,145.7487611063204
5,3,30,2,diurnal,batched,8,P5_phi,93.48825503576266
5,3,30,2,diurnal,batched,8,P5_phi,101.39464358031123
5,3,30,2,diurnal,batched,8,P5_phi,127.89660432214899
5,3,30,2,diurnal,batched,8,P5_phi,88.45396991425727
5,3,30,2,diurnal,batched,8,P5_phi,94.0384298235286
5,3,30,2,diurnal,batched,8,P5_phi,107.80063667621535
5,3,30,2,diurnal,batched,8,P5_phi,169.13886690279793
5,3,30,2,diurnal,batched,8,P5_phi,114.42721331995034
5,3,30,2,diurnal,batched,8,P5_phi,169.13886690279793
5,3,30,2,diurnal,batched,8,P5_phi,88.15017522688895
5,3,30,2,diurnal,batched,8,P5_phi,99.42272159573854
5,3,30,2,diurnal,batched,8,P5_phi,84.97742308104897
5,3,30,2,diurnal,batched,8,P5_phi,104.6594168961952
5,3,30,2,diurnal,batched,8,P5_phi,124.2100053799575
5,3,30,2,diurnal,batched,8,P5_phi,149.24320980548154
5,3,30,2,diurnal,batched,8,P5_phi,93.13631150321093
5,3,30,2,diurnal,batched,8,P5_phi,88.13007196766642
5,3,30,2,diurnal,batched,8,P5_phi,85.01036185449735
5,3,30,2,diurnal,batched,8,P5_phi,90.3931779735221
5,3,30,2,diurnal,batched,8,P5_phi,127.18157353028158
5,3,30,2,diurnal,batched,8,P5_phi,157.854730424271
5,3,30,2,diurnal,batched,8,P5_phi,182.64941892916923
5,3,30,2,diurnal,batched,8,P5_phi,152.60836238595917
5,3,30,2,diurnal,batched,8,P5_phi,116.47109088403865
5,3,30,2,diurnal,batched,8,P5_phi,132.0561814245958
5,3,30,2,diurnal,batched,8,P5_phi,151.29709674108886
5,3,30,2,diurnal,batched,8,P5_phi,157.0700304374395
5,3,30,2,diurnal,batched,8,P5_phi,72.87426637684322
5,3,30,2,diurnal,batched,8,P5_phi,112.20721738334393
5,3,30,2,diurnal,batched,8,P5_phi,102.35598270645173
5,3,30,2,diurnal,batched,8,P5_phi,144.73752820288297
5,3,30,2,diurnal,batched,8,P5_phi,187.96871697999308
5,3,30,2,diurnal,batched,8,P5_phi,114.42721331995034
5,3,30,2,diurnal,batched,8,P5_phi,146.96913810001809
5,3,30,2,diurnal,batched,8,P5_phi,104.12089230985411
5,3,30,2,diurnal,batched,8,P5_phi,129.10620326459593
5,3,30,2,diurnal,batched,8,P5_phi,101.22180906430154
5,3,30,2,diurnal,batched,8,P5_phi,102.9382480185166
5,3,30,2,diurnal,batched,8,P5_phi,133.8353080500307
5,3,30,2,diurnal,batched,8,P5_phi,112.20721738334393
5,3,30,2,diurnal,batched,8,P5_phi,97.60040654469682
5,3,30,2,diurnal,batched,8,P5_phi,127.02189976014765
5,3,30,2,diurnal,batched,8,P5_phi,132.0561814245958
5,3,30,2,diurnal,batched,8,P5_phi,109.93336062710762
5,3,30,2,diurnal,batched,8,P5_phi,171.80087060312388
5,3,30,2,diurnal,batched,8,P5_phi,104.6594168961952
5,3,30,2,diurnal,batched,8,P5_phi,116.3500872691594
5,3,30,2,diurnal,batched,8,P5_phi,182.64941892916923
5,3,30,2,diurnal,batched,8,P5_phi,101.22180906430154
5,3,30,2,diurnal,batched,8,P5_phi,119.15040464030376
5,3,30,2,diurnal,batched,8,P5_phi,87.76388909465837
5,3,30,2,diurnal,batched,8,P5_phi,81.23971700062674
5,3,30,2,diurnal,batched,8,P5_phi,128.49607374417798
5,3,30,2,diurnal,batched,8,P5_phi,135.96913810001809
5,3,30,2,diurnal,batched,8,P5_phi,120.54352873922451
5,3,30,2,diurnal,batched,8,P5_phi,93.02189976014765
5,3,30,2,diurnal,batched,8,P5_phi,135.96913810001809
5,3,30,2,diurnal,batched,8,P5_phi,93.02189976014765
5,3,30,2,diurnal,batched,8,P5_phi,93.13631150321093
5,3,30,2,diurnal,batched,8,P5_phi,150.10006175150482
5,3,30,2,diurnal,batched,8,P5_phi,104.6594168961952
5,3,30,2,diurnal,batched,8,P5_phi,99.27367569778968
5,3,30,2,diurnal,batched,8,P5_phi,166.41523727478096
5,3,30,2,diurnal,batched,8,P5_phi,81.23971700062674
5,3,30,2,diurnal,batched,8,P5_phi,137.80087060312388
5,3,30,2,diurnal,batched,8,P5_phi,89.45336216229144
5,3,30,2,diurnal,batched,8,P5_phi,65.57446499457804
5,3,30,2,diurnal,batched,8,P5_phi,88.74539601205157
5,3,30,2,diurnal,batched,8,P5_phi,125.44478151171232
5,3,30,2,diurnal,batched,8,P5_phi,115.5447065418893
5,3,30,2,diurnal,batched,8,P5_phi,113.14657144987558
5,3,30,2,diurnal,batched,8,P5_phi,127.02189976014765
5,3,30,2,diurnal,batched,8,P5_phi,135.96913810001809
5,3,30,2,diurnal,batched,8,P5_phi,114.91447793982219
5,3,30,2,diurnal,batched,8,P5_phi,94.74876110632039
5,3,30,2,diurnal,batched,8,P5_phi,134.40928753623228
5,3,30,2,diurnal,batched,8,P5_phi,87.38342066305384
5,3,30,2,diurnal,batched,8,P5_phi,117.20268398043754
5,3,30,2,diurnal,batched,8,P5_phi,94.0384298235286
5,3,30,2,diurnal,batched,8,P5_phi,127.34937788205644
5,3,30,2,diurnal,batched,8,P5_phi,98.26907322616273
5,3,30,2,diurnal,batched,8,P5_phi,89.45336216229144
5,3,30,2,diurnal,batched,8,P5_phi,107.80063667621535
5,3,30,2,diurnal,batched,8,P5_phi,104.6594168961952
5,3,30,2,diurnal,batched,8,P5_phi,124.04227880501853
5,3,30,2,diurnal,batched,8,P5_phi,135.96913810001809
5,3,30,2,diurnal,batched,8,P5_phi,95.07250170205457
5,3,30,2,diurnal,batched,8,P5_phi,109.93336062710762
5,3,30,2,diurnal,batched,8,P5_phi,85.93336062710762
5,3,30,2,diurnal,batched,8,P5_phi,124.03294943129711
5,3,30,2,diurnal,batched,8,P5_phi,108.03194742229124
5,3,30,2,diurnal,batched,8,P5_phi,154.26607226009241
5,3,30,2,diurnal,batched,8,P5_phi,133.25672778542446
5,3,30,2,diurnal,batched,8,P5_phi,134.9067211322852
5,3,30,2,diurnal,batched,8,P5_phi,73.61786504720548
5,3,30,2,diurnal,batched,8,P5_phi,97.73958156947286
5,3,30,2,diurnal,batched,8,P5_phi,105.86901562538799
5,3,30,2,diurnal,batched,8,P5_phi,141.4528916796011
5,3,30,2,diurnal,batched,8,P5_phi,147.48474853663595
5,3,30,2,diurnal,batched,8,P5_phi,121.87740580583423
5,3,30,2,diurnal,batched,8,P5_phi,144.87301639159733
5,3,30,2,diurnal,batched,8,P5_phi,64.45346741198684
5,3,30,2,diurnal,batched,8,P5_phi,102.59153451499247
5,3,30,2,diurnal,batched,8,P5_phi,104.12089230985411
5,3,30,2,diurnal,batched,8,P5_phi,67.13973302478296
5,3,30,2,diurnal,batched,8,P5_phi,184.06276272607187
5,3,30,2,diurnal,batched,8,P5_phi,125.44478151171232
5,3,30,2,diurnal,batched,8,P5_phi,89.45336216229144
5,3,30,2,diurnal,batched,8,P5_phi,146.02625158845805
5,3,30,2,diurnal,batched,8,P5_phi,138.80087060312388
5,3,30,2,diurnal,batched,8,P5_phi,90.84652224593503
5,3,30,2,diurnal,batched,8,P5_phi,115.5447065418893
5,3,30,2,diurnal,batched,8,P5_phi,120.97551357563091
5,3,30,2,diurnal,batched,8,P5_phi,115.5447065418893
5,3,30,2,diurnal,batched,8,P5_phi,174.470244355671
5,3,30,2,diurnal,batched,8,P5_phi,147.40058572855415
5,3,30,2,diurnal,batched,8,P5_phi,104.14657144987558
5,3,30,2,diurnal,batched,8,P5_phi,99.30070520331687
5,3,30,2,diurnal,batched,8,P5_phi,104.6594168961952
5,3,30,2,diurnal,batched,8,P5_phi,73.61786504720548
5,3,30,2,diurnal,batched,8,P5_phi,149.24320980548154
5,3,30,2,diurnal,batched,8,P5_phi,81.23971700062674
5,3,30,2,diurnal,batched,8,P5_phi,118.47123415351636
5,3,30,2,diurnal,batched,8,P5_phi,112.00470120574829
5,3,30,2,diurnal,batched,8,P5_phi,104.4141360907952
5,3,30,2,diurnal,batched,8,P5_phi,101.22180906430154
5,3,30,2,diurnal,batched,8,P5_phi,91.90290164189878
5,3,30,2,diurnal,batched,8,P5_phi,132.8258713351051
5,3,30,2,diurnal,batched,8,P5_phi,139.18869507106876
5,3,30,2,diurnal,batched,8,P5_phi,114.91447793982219
5,3,30,2,diurnal,batched,8,P5_phi,71.33182747768188
5,3,30,2,diurnal,batched,8,P5_phi,121.87740580583423
5,3,30,2,diurnal,batched,8,P5_phi,90.3931779735221
5,3,30,2,diurnal,batched,8,P5_phi,161.8353080500307
5,3,30,2,diurnal,batched,8,P5_phi,158.75599661541688
5,3,30,2,diurnal,batched,8,P5_phi,74.71777959580517
5,3,30,2,diurnal,batched,8,P5_phi,133.9488366232627
5,3,30,2,diurnal,batched,8,P5_phi,182.64941892916923
5,3,30,2,diurnal,batched,8,P5_phi,81.07250170205457
5,3,30,2,diurnal,batched,8,P5_phi,119.15040464030376
5,3,30,2,diurnal,batched,8,P5_phi,174.470244355671
5,3,30,2,diurnal,batched,8,P5_phi,65.57446499457804
5,3,30,2,diurnal,batched,8,P5_phi,112.35147275555923
5,3,30,2,diurnal,batched,8,P5_phi,152.48209332817686
5,3,30,2,diurnal,batched,8,P5_phi,151.29709674108886
5,3,30,2,diurnal,batched,8,P5_phi,131.47109088403863
5,3,30,2,diurnal,batched,8,P5_phi,99.30070520331687
5,3,30,2,diurnal,batched,8,P5_phi,106.4741114400806
5,3,30,2,diurnal,batched,8,P5_phi,158.75599661541688
5,3,30,2,diurnal,batched,8,P5_phi,102.35598270645173
5,3,30,2,diurnal,batched,8,P5_phi,97.11786265001746
5,3,30,2,diurnal,batched,8,P5_phi,128.84652224593503
5,3,30,2,diurnal,batched,8,P5_phi,107.80063667621535
5,3,30,2,diurnal,batched,8,P5_phi,124.04227880501853
5,3,30,2,diurnal,batched,8,P5_phi,95.07250170205457
5,3,30,2,diurnal,batched,8,P5_phi,112.4528916796011
5,3,30,2,diurnal,batched,8,P5_phi,131.47109088403863
5,3,30,2,diurnal,batched,8,P5_phi,84.32929379705766
5,3,30,2,diurnal,batched,8,P5_phi,168.86780228891996
5,3,30,2,diurnal,batched,8,P5_phi,104.97769353038262
5,3,30,2,diurnal,batched,8,P5_phi,143.60498630139853
5,3,30,2,diurnal,batched,8,P5_phi,146.22907033210055
5,3,30,2,diurnal,batched,8,P5_phi,112.43427450544158
5,3,30,2,diurnal,batched,8,P5_phi,81.23971700062674
5,3,30,2,diurnal,batched,8,P5_phi,111.8509970524648
5,3,30,2,diurnal,batched,8,P5_phi,104.97769353038262
5,3,30,2,diurnal,batched,8,P5_phi,161.8353080500307
5,3,30,2,diurnal,batched,8,P5_phi,137.80087060312388
5,3,30,2,diurnal,batched,8,P5_phi,171.80087060312388
5,3,30,2,diurnal,batched,8,P5_phi,109.93336062710762
5,3,30,2,diurnal,batched,8,P5_phi,88.15017522688895
5,3,30,2,diurnal,batched,8,P5_phi,136.25016845903855
5,3,30,2,diurnal,batched,8,P5_phi,152.60836238595917
5,3,30,2,diurnal,batched,8,P5_phi,113.14657144987558
5,3,30,2,diurnal,batched,8,P5_phi,88.15017522688895
5,3,30,2,diurnal,batched,8,P5_phi,173.75599661541688
5,3,30,2,diurnal,batched,8,P5_phi,113.74068211971627
5,3,30,2,diurnal,batched,8,P5_phi,157.854730424271
5,3,30,2,diurnal,batched,8,P5_phi,138.80087060312388
5,3,30,2,diurnal,batched,8,P5_phi,146.22907033210055
5,3,30,2,diurnal,batched,8,P5_phi,112.35147275555923
5,3,30,2,diurnal,batched,8,P5_phi,91.44467679132039
5,3,30,2,diurnal,batched,8,P5_phi,121.87740580583423
5,3,30,2,diurnal,batched,8,P5_phi,99.30070520331687
5,3,30,2,diurnal,batched,8,P5_phi,151.29709674108886
5,3,30,2,diurnal,batched,8,P5_phi,87.76388909465837
5,3,30,2,diurnal,batched,8,P5_phi,88.74539601205157
5,3,30,2,diurnal,batched,8,P5_phi,132.8258713351051
5,3,30,2,diurnal,batched,8,P5_phi,141.3277810424329
5,3,30,2,diurnal,batched,8,P5_phi,131.12890529983645
5,3,30,2,diurnal,batched,8,P5_phi,126.34937788205644
5,3,30,2,diurnal,batched,8,P5_phi,143.60498630139853
5,3,30,2,diurnal,batched,8,P6_spo_tree,119.41016697116737
5,3,30,2,diurnal,batched,8,P6_spo_tree,100.70037080154388
5,3,30,2,diurnal,batched,8,P6_spo_tree,124.82911931060973
5,3,30,2,diurnal,batched,8,P6_spo_tree,138.97192319333925
5,3,30,2,diurnal,batched,8,P6_spo_tree,147.59654440502263
5,3,30,2,diurnal,batched,8,P6_spo_tree,140.3548728320731
5,3,30,2,diurnal,batched,8,P6_spo_tree,133.00934886126856
5,3,30,2,diurnal,batched,8,P6_spo_tree,109.58925641551275
5,3,30,2,diurnal,batched,8,P6_spo_tree,124.80087060312388
5,3,30,2,diurnal,batched,8,P6_spo_tree,105.89611646660987
5,3,30,2,diurnal,batched,8,P6_spo_tree,171.80087060312388
5,3,30,2,diurnal,batched,8,P6_spo_tree,150.60040654469682
5,3,30,2,diurnal,batched,8,P6_spo_tree,112.18612143382776
5,3,30,2,diurnal,batched,8,P6_spo_tree,128.580762770513
5,3,30,2,diurnal,batched,8,P6_spo_tree,158.45346741198682
5,3,30,2,diurnal,batched,8,P6_spo_tree,101.92055875105403
5,3,30,2,diurnal,batched,8,P6_spo_tree,128.25016845903855
5,3,30,2,diurnal,batched,8,P6_spo_tree,100.8846583915372
5,3,30,2,diurnal,batched,8,P6_spo_tree,142.20990605722022
5,3,30,2,diurnal,batched,8,P6_spo_tree,118.06276272607187
5,3,30,2,diurnal,batched,8,P6_spo_tree,115.89611646660987
5,3,30,2,diurnal,batched,8,P6_spo_tree,133.7722218032132
5,3,30,2,diurnal,batched,8,P6_spo_tree,115.86858733002038
5,3,30,2,diurnal,batched,8,P6_spo_tree,117.59855033456873
5,3,30,2,diurnal,batched,8,P6_spo_tree,108.84098341701196
5,3,30,2,diurnal,batched,8,P6_spo_tree,143.41477986224243
5,3,30,2,diurnal,batched,8,P6_spo_tree,127.1309890968005
5,3,30,2,diurnal,batched,8,P6_spo_tree,117.1309890968005
5,3,30,2,diurnal,batched,8,P6_spo_tree,91.6848204921124
5,3,30,2,diurnal,batched,8,P6_spo_tree,114.42272159573854
5,3,30,2,diurnal,batched,8,P6_spo_tree,143.15857198646904
5,3,30,2,diurnal,batched,8,P6_spo_tree,103.56234173042854
5,3,30,2,diurnal,batched,8,P6_spo_tree,142.60836238595917
5,3,30,2,diurnal,batched,8,P6_spo_tree,148.54315908563441
5,3,30,2,diurnal,batched,8,P6_spo_tree,111.86217552432265
5,3,30,2,diurnal,batched,8,P6_spo_tree,129.29552104668667
5,3,30,2,diurnal,batched,8,P6_spo_tree,112.74347049714639
5,3,30,2,diurnal,batched,8,P6_spo_tree,152.8846583915372
5,3,30,2,diurnal,batched,8,P6_spo_tree,97.22907033210055
5,3,30,2,diurnal,batched,8,P6_spo_tree,125.11857772712926
5,3,30,2,diurnal,batched,8,P6_spo_tree,124.4193535509614
5,3,30,2,diurnal,batched,8,P6_spo_tree,89.85967452101258
5,3,30,2,diurnal,batched,8,P6_spo_tree,118.63131354862631
5,3,30,2,diurnal,batched,8,P6_spo_tree,110.04227880501853
5,3,30,2,diurnal,batched,8,P6_spo_tree,101.51942670862692
5,3,30,2,diurnal,batched,8,P6_spo_tree,121.81603937443155
5,3,30,2,diurnal,batched,8,P6_spo_tree,143.3330885278582
5,3,30,2,diurnal,batched,8,P6_spo_tree,134.90781032371194
5,3,30,2,diurnal,batched,8,P6_spo_tree,123.72746620790956
5,3,30,2,diurnal,batched,8,P6_spo_tree,108.18157353028158
5,3,30,2,diurnal,batched,8,P6_spo_tree,140.60040654469682
5,3,30,2,diurnal,batched,8,P6_spo_tree,168.53160126361502
5,3,30,2,diurnal,batched,8,P6_spo_tree,129.73228796375673
5,3,30,2,diurnal,batched,8,P6_spo_tree,134.27367569778968
5,3,30,2,diurnal,batched,8,P6_spo_tree,112.48825503576266
5,3,30,2,diurnal,batched,8,P6_spo_tree,129.92217836358444
5,3,30,2,diurnal,batched,8,P6_spo_tree,123.55784952986892
5,3,30,2,diurnal,batched,8,P6_spo_tree,105.50814669825314
5,3,30,2,diurnal,batched,8,P6_spo_tree,133.00306914412772
5,3,30,2,diurnal,batched,8,P6_spo_tree,125.63344071505978
5,3,30,2,diurnal,batched,8,P6_spo_tree,127.02189976014765
5,3,30,2,diurnal,batched,8,P6_spo_tree,125.11857772712926
5,3,30,2,diurnal,batched,8,P6_spo_tree,117.29709674108886
5,3,30,2,diurnal,batched,8,P6_spo_tree,125.41450678559646
5,3,30,2,diurnal,batched,8,P6_spo_tree,169.39087767433375
5,3,30,2,diurnal,batched,8,P6_spo_tree,112.13631150321093
5,3,30,2,diurnal,batched,8,P6_spo_tree,146.35434837203266
5,3,30,2,diurnal,batched,8,P6_spo_tree,153.20662009349712
5,3,30,2,diurnal,batched,8,P6_spo_tree,106.64941892916923
5,3,30,2,diurnal,batched,8,P6_spo_tree,103.03194742229124
5,3,30,2,diurnal,batched,8,P6_spo_tree,158.96871697999308
5,3,30,2,diurnal,batched,8,P6_spo_tree,87.53160126361503
5,3,30,2,diurnal,batched,8,P6_spo_tree,110.77222180321318
5,3,30,2,diurnal,batched,8,P6_spo_tree,112.35147275555923
5,3,30,2,diurnal,batched,8,P6_spo_tree,125.33976665281185
5,3,30,2,diurnal,batched,8,P6_spo_tree,133.00934886126856
5,3,30,2,diurnal,batched,8,P6_spo_tree,124.99658268488437
5,3,30,2,diurnal,batched,8,P6_spo_tree,108.18157353028158
5,3,30,2,diurnal,batched,8,P6_spo_tree,112.00470120574829
5,3,30,2,diurnal,batched,8,P6_spo_tree,70.49466876885984
5,3,30,2,diurnal,batched,8,P6_spo_tree,131.7487611063204
5,3,30,2,diurnal,batched,8,P6_spo_tree,117.00470120574829
5,3,30,2,diurnal,batched,8,P6_spo_tree,120.60498630139853
5,3,30,2,diurnal,batched,8,P6_spo_tree,108.78085327806696
5,3,30,2,diurnal,batched,8,P6_spo_tree,153.75599661541688
5,3,30,2,diurnal,batched,8,P6_spo_tree,167.2573987952262
5,3,30,2,diurnal,batched,8,P6_spo_tree,122.721090140554
5,3,30,2,diurnal,batched,8,P6_spo_tree,145.12830475323233
5,3,30,2,diurnal,batched,8,P6_spo_tree,111.86217552432265
5,3,30,2,diurnal,batched,8,P6_spo_tree,141.72932357401197
5,3,30,2,diurnal,batched,8,P6_spo_tree,141.41523727478096
5,3,30,2,diurnal,batched,8,P6_spo_tree,109.6594168961952
5,3,30,2,diurnal,batched,8,P6_spo_tree,99.30070520331687
5,3,30,2,diurnal,batched,8,P6_spo_tree,113.24098544003607
5,3,30,2,diurnal,batched,8,P6_spo_tree,125.11857772712926
5,3,30,2,diurnal,batched,8,P6_spo_tree,157.0700304374395
5,3,30,2,diurnal,batched,8,P6_spo_tree,112.59855033456873
5,3,30,2,diurnal,batched,8,P6_spo_tree,123.0700304374395
5,3,30,2,diurnal,batched,8,P6_spo_tree,107.34430141308991
5,3,30,2,diurnal,batched,8,P6_spo_tree,113.49662002019336
5,3,30,2,diurnal,batched,8,P6_spo_tree,101.96871697999308
5,3,30,2,diurnal,batched,8,P6_spo_tree,94.35498485681369
5,3,30,2,diurnal,batched,8,P6_spo_tree,145.3437655132119
5,3,30,2,diurnal,batched,8,P6_spo_tree,125.71320971448807
5,3,30,2,diurnal,batched,8,P6_spo_tree,156.41523727478096
5,3,30,2,diurnal,batched,8,P6_spo_tree,127.72932357401197
5,3,30,2,diurnal,batched,8,P6_spo_tree,123.21139270393186
5,3,30,2,diurnal,batched,8,P6_spo_tree,119.27158438910227
5,3,30,2,diurnal,batched,8,P6_spo_tree,108.69835385842185
5,3,30,2,diurnal,batched,8,P6_spo_tree,120.64941892916923
5,3,30,2,diurnal,batched,8,P6_spo_tree,118.49416181515139
5,3,30,2,diurnal,batched,8,P6_spo_tree,116.86780228891998
5,3,30,2,diurnal,batched,8,P6_spo_tree,112.5250117108162
5,3,30,2,diurnal,batched,8,P6_spo_tree,134.40928753623228
5,3,30,2,diurnal,batched,8,P6_spo_tree,162.04227880501853
5,3,30,2,diurnal,batched,8,P6_spo_tree,93.02189976014765
5,3,30,2,diurnal,batched,8,P6_spo_tree,109.15040464030376
5,3,30,2,diurnal,batched,8,P6_spo_tree,159.93038389730089
5,3,30,2,diurnal,batched,8,P6_spo_tree,94.92700478261985
5,3,30,2,diurnal,batched,8,P6_spo_tree,110.75476050182176
5,3,30,2,diurnal,batched,8,P6_spo_tree,95.54613786036236
5,3,30,2,diurnal,batched,8,P6_spo_tree,130.7894278684753
5,3,30,2,diurnal,batched,8,P6_spo_tree,110.13659712702744
5,3,30,2,diurnal,batched,8,P6_spo_tree,90.16492007472088
5,3,30,2,diurnal,batched,8,P6_spo_tree,130.93824801851662
5,3,30,2,diurnal,batched,8,P6_spo_tree,102.25164927296869
5,3,30,2,diurnal,batched,8,P6_spo_tree,125.7120442742313
5,3,30,2,diurnal,batched,8,P6_spo_tree,160.57883444779304
5,3,30,2,diurnal,batched,8,P6_spo_tree,150.39087767433375
5,3,30,2,diurnal,batched,8,P6_spo_tree,120.68130902308293
5,3,30,2,diurnal,batched,8,P6_spo_tree,140.60718187174513
5,3,30,2,diurnal,batched,8,P6_spo_tree,108.18612143382776
5,3,30,2,diurnal,batched,8,P6_spo_tree,143.27367569778968
5,3,30,2,diurnal,batched,8,P6_spo_tree,99.61785939638722
5,3,30,2,diurnal,batched,8,P6_spo_tree,126.3437655132119
5,3,30,2,diurnal,batched,8,P6_spo_tree,144.71651008517753
5,3,30,2,diurnal,batched,8,P6_spo_tree,84.47123415351636
5,3,30,2,diurnal,batched,8,P6_spo_tree,118.48209332817684
5,3,30,2,diurnal,batched,8,P6_spo_tree,170.41523727478096
5,3,30,2,diurnal,batched,8,P6_spo_tree,113.18195110262764
5,3,30,2,diurnal,batched,8,P6_spo_tree,117.02625158845805
5,3,30,2,diurnal,batched,8,P6_spo_tree,129.24030256722875
5,3,30,2,diurnal,batched,8,P6_spo_tree,109.80781943929624
5,3,30,2,diurnal,batched,8,P6_spo_tree,111.9382480185166
5,3,30,2,diurnal,batched,8,P6_spo_tree,85.26382611852682
5,3,30,2,diurnal,batched,8,P6_spo_tree,127.55648552772729
5,3,30,2,diurnal,batched,8,P6_spo_tree,101.40410859737338
5,3,30,2,diurnal,batched,8,P6_spo_tree,113.18195110262764
5,3,30,2,diurnal,batched,8,P6_spo_tree,129.38272005947283
5,3,30,2,diurnal,batched,8,P6_spo_tree,109.15040464030376
5,3,30,2,diurnal,batched,8,P6_spo_tree,116.8866454756413
5,3,30,2,diurnal,batched,8,P6_spo_tree,102.89327723375342
5,3,30,2,diurnal,batched,8,P6_spo_tree,174.85281002528023
5,3,30,2,diurnal,batched,8,P6_spo_tree,126.59855033456873
5,3,30,2,diurnal,batched,8,P6_spo_tree,158.42272159573855
5,3,30,2,diurnal,batched,8,P6_spo_tree,138.2532584817488
5,3,30,2,diurnal,batched,8,P6_spo_tree,143.60498630139853
5,3,30,2,diurnal,batched,8,P6_spo_tree,94.0384298235286
5,3,30,2,diurnal,batched,8,P6_spo_tree,104.86935786495908
5,3,30,2,diurnal,batched,8,P6_spo_tree,100.09476030182537
5,3,30,2,diurnal,batched,8,P6_spo_tree,101.39464358031123
5,3,30,2,diurnal,batched,8,P6_spo_tree,167.8291193106097
5,3,30,2,diurnal,batched,8,P6_spo_tree,74.96160564189262
5,3,30,2,diurnal,batched,8,P6_spo_tree,111.84351499006787
5,3,30,2,diurnal,batched,8,P6_spo_tree,135.93038389730089
5,3,30,2,diurnal,batched,8,P6_spo_tree,131.0575331596135
5,3,30,2,diurnal,batched,8,P6_spo_tree,122.48825503576266
5,3,30,2,diurnal,batched,8,P6_spo_tree,87.97487389910027
5,3,30,2,diurnal,batched,8,P6_spo_tree,88.37024684898682
5,3,30,2,diurnal,batched,8,P6_spo_tree,116.4741114400806
5,3,30,2,diurnal,batched,8,P6_spo_tree,119.8846583915372
5,3,30,2,diurnal,batched,8,P6_spo_tree,112.89926172312776
5,3,30,2,diurnal,batched,8,P6_spo_tree,96.884316888212
5,3,30,2,diurnal,batched,8,P6_spo_tree,88.13007196766642
5,3,30,2,diurnal,batched,8,P6_spo_tree,93.08634453429032
5,3,30,2,diurnal,batched,8,P6_spo_tree,94.35498485681369
5,3,30,2,diurnal,batched,8,P6_spo_tree,129.92217836358444
5,3,30,2,diurnal,batched,8,P6_spo_tree,114.73796303582088
5,3,30,2,diurnal,batched,8,P6_spo_tree,97.73958156947286
5,3,30,2,diurnal,batched,8,P6_spo_tree,97.52824363395656
5,3,30,2,diurnal,batched,8,P6_spo_tree,107.74068211971627
5,3,30,2,diurnal,batched,8,P6_spo_tree,104.84069247400758
5,3,30,2,diurnal,batched,8,P6_spo_tree,93.61785939638722
5,3,30,2,diurnal,batched,8,P6_spo_tree,115.61885756644945
5,3,30,2,diurnal,batched,8,P6_spo_tree,104.97769353038262
5,3,30,2,diurnal,batched,8,P6_spo_tree,118.8353080500307
5,3,30,2,diurnal,batched,8,P6_spo_tree,142.7487611063204
5,3,30,2,diurnal,batched,8,P6_spo_tree,88.40432745053903
5,3,30,2,diurnal,batched,8,P6_spo_tree,126.26859216813455
5,3,30,2,diurnal,batched,8,P6_spo_tree,164.52824363395655
5,3,30,2,diurnal,batched,8,P6_spo_tree,167.60498630139853
5,3,30,2,diurnal,batched,8,P6_spo_tree,144.71651008517753
5,3,30,2,diurnal,batched,8,P6_spo_tree,123.78542967104832
5,3,30,2,diurnal,batched,8,P6_spo_tree,138.97192319333925
5,3,30,2,diurnal,batched,8,P6_spo_tree,86.75849594163799
5,3,30,2,diurnal,batched,8,P6_spo_tree,124.68292581286336
5,3,30,2,diurnal,batched,8,P6_spo_tree,93.31740111793906
5,3,30,2,diurnal,batched,8,P6_spo_tree,106.12841174012134
5,3,30,2,diurnal,batched,8,P6_spo_tree,97.97453193857054
5,3,30,2,diurnal,batched,8,P6_spo_tree,167.2532584817488
5,3,30,2,diurnal,batched,30,P0_random,414.795611969957
5,3,30,2,diurnal,batched,30,P0_random,425.3440224589387
5,3,30,2,diurnal,batched,30,P0_random,407.8291193106097
5,3,30,2,diurnal,batched,30,P0_random,336.0708821831404
5,3,30,2,diurnal,batched,30,P0_random,340.580762770513
5,3,30,2,diurnal,batched,30,P0_random,375.71651008517756
5,3,30,2,diurnal,batched,30,P0_random,393.24030256722875
5,3,30,2,diurnal,batched,30,P0_random,399.0921166034906
5,3,30,2,diurnal,batched,30,P0_random,397.34991150343734
5,3,30,2,diurnal,batched,30,P0_random,365.68292581286335
5,3,30,2,diurnal,batched,30,P0_random,301.39087767433375
5,3,30,2,diurnal,batched,30,P0_random,446.1377759444267
5,3,30,2,diurnal,batched,30,P0_random,309.97487389910026
5,3,30,2,diurnal,batched,30,P0_random,326.7262725376442
5,3,30,2,diurnal,batched,30,P0_random,361.28568264634873
5,3,30,2,diurnal,batched,30,P0_random,285.803249271308
5,3,30,2,diurnal,batched,30,P0_random,327.79969433070335
5,3,30,2,diurnal,batched,30,P0_random,386.34125069429115
5,3,30,2,diurnal,batched,30,P0_random,307.57883444779304
5,3,30,2,diurnal,batched,30,P0_random,331.93132672905176
5,3,30,2,diurnal,batched,30,P0_random,396.52738124842955
5,3,30,2,diurnal,batched,30,P0_random,332.37622475218336
5,3,30,2,diurnal,batched,30,P0_random,359.9905339026136
5,3,30,2,diurnal,batched,30,P0_random,381.35434837203263
5,3,30,2,diurnal,batched,30,P0_random,337.1409954588285
5,3,30,2,diurnal,batched,30,P0_random,368.08854653087656
5,3,30,2,diurnal,batched,30,P0_random,315.470244355671
5,3,30,2,diurnal,batched,30,P0_random,359.21918671326296
5,3,30,2,diurnal,batched,30,P0_random,398.9221783635844
5,3,30,2,diurnal,batched,30,P0_random,350.80428052069425
5,3,30,2,diurnal,batched,30,P0_random,316.9147694661665
5,3,30,2,diurnal,batched,30,P0_random,369.8008706031239
5,3,30,2,diurnal,batched,30,P0_random,430.7928014988436
5,3,30,2,diurnal,batched,30,P0_random,331.3612013794997
5,3,30,2,diurnal,batched,30,P0_random,358.4283951270835
5,3,30,2,diurnal,batched,30,P0_random,380.93158224078434
5,3,30,2,diurnal,batched,30,P0_random,382.09118079062335
5,3,30,2,diurnal,batched,30,P0_random,343.2066200934971
5,3,30,2,diurnal,batched,30,P0_random,374.84652224593503
5,3,30,2,diurnal,batched,30,P0_random,339.0341235895568
5,3,30,2,diurnal,batched,30,P0_random,454.4320136605661
5,3,30,2,diurnal,batched,30,P0_random,363.1198535755591
5,3,30,2,diurnal,batched,30,P0_random,449.1861214338278
5,3,30,2,diurnal,batched,30,P0_random,311.1914686218947
5,3,30,2,diurnal,batched,30,P0_random,369.15401035782736
5,3,30,2,diurnal,batched,30,P0_random,318.70227745214027
5,3,30,2,diurnal,batched,30,P0_random,341.7466642283039
5,3,30,2,diurnal,batched,30,P0_random,392.57929744396705
5,3,30,2,diurnal,batched,30,P0_random,398.6049863013985
5,3,30,2,diurnal,batched,30,P0_random,430.7240319425747
5,3,30,2,diurnal,batched,30,P0_random,400.0921166034906
5,3,30,2,diurnal,batched,30,P0_random,366.3702468489868
5,3,30,2,diurnal,batched,30,P0_random,377.4342745054416
5,3,30,2,diurnal,batched,30,P0_random,261.7894278684753
5,3,30,2,diurnal,batched,30,P0_random,398.38288673905475
5,3,30,2,diurnal,batched,30,P0_random,345.4376410157019
5,3,30,2,diurnal,batched,30,P0_random,356.97487389910026
5,3,30,2,diurnal,batched,30,P0_random,362.9385851639405
5,3,30,2,diurnal,batched,30,P0_random,378.8353080500307
5,3,30,2,diurnal,batched,30,P0_random,369.8291193106097
5,3,30,2,diurnal,batched,30,P0_random,488.23971700062674
5,3,30,2,diurnal,batched,30,P0_random,294.8320489905308
5,3,30,2,diurnal,batched,30,P0_random,336.47109088403863
5,3,30,2,diurnal,batched,30,P0_random,360.00934886126856
5,3,30,2,diurnal,batched,30,P0_random,347.45131328362595
5,3,30,2,diurnal,batched,30,P0_random,423.40410859737335
5,3,30,2,diurnal,batched,30,P0_random,359.45289167960107
5,3,30,2,diurnal,batched,30,P0_random,443.90781032371194
5,3,30,2,diurnal,batched,30,P0_random,311.35434837203263
5,3,30,2,diurnal,batched,30,P0_random,311.7194293493924
5,3,30,2,diurnal,batched,30,P0_random,392.34125069429115
5,3,30,2,diurnal,batched,30,P0_random,395.40410859737335
5,3,30,2,diurnal,batched,30,P0_random,395.048292557127
5,3,30,2,diurnal,batched,30,P0_random,322.72932357401197
5,3,30,2,diurnal,batched,30,P0_random,341.7238078842971
5,3,30,2,diurnal,batched,30,P0_random,400.90781032371194
5,3,30,2,diurnal,batched,30,P0_random,420.71651008517756
5,3,30,2,diurnal,batched,30,P0_random,401.7398353243553
5,3,30,2,diurnal,batched,30,P0_random,332.8072475243184
5,3,30,2,diurnal,batched,30,P0_random,399.1944685730973
5,3,30,2,diurnal,batched,30,P0_random,353.10818456895737
5,3,30,2,diurnal,batched,30,P0_random,358.8386256159051
5,3,30,2,diurnal,batched,30,P0_random,384.24030256722875
5,3,30,2,diurnal,batched,30,P0_random,425.3440224589387
5,3,30,2,diurnal,batched,30,P0_random,405.37472410426824
5,3,30,2,diurnal,batched,30,P0_random,359.9905339026136
5,3,30,2,diurnal,batched,30,P0_random,395.40410859737335
5,3,30,2,diurnal,batched,30,P0_random,298.8258713351051
5,3,30,2,diurnal,batched,30,P0_random,386.34125069429115
5,3,30,2,diurnal,batched,30,P0_random,328.19263132863176
5,3,30,2,diurnal,batched,30,P0_random,334.61027589977243
5,3,30,2,diurnal,batched,30,P0_random,385.42272159573855
5,3,30,2,diurnal,batched,30,P0_random,388.37622475218336
5,3,30,2,diurnal,batched,30,P0_random,336.8961164666099
5,3,30,2,diurnal,batched,30,P0_random,418.9689337097352
5,3,30,2,diurnal,batched,30,P0_random,431.4145067855965
5,3,30,2,diurnal,batched,30,P0_random,417.26859216813455
5,3,30,2,diurnal,batched,30,P0_random,368.41666378185937
5,3,30,2,diurnal,batched,30,P0_random,399.1770517793734
5,3,30,2,diurnal,batched,30,P0_random,334.39087767433375
5,3,30,2,diurnal,batched,30,P0_random,351.9689337097352
5,3,30,2,diurnal,batched,30,P0_random,344.5564855277273
5,3,30,2,diurnal,batched,30,P0_random,354.74068211971627
5,3,30,2,diurnal,batched,30,P0_random,354.6932096494097
5,3,30,2,diurnal,batched,30,P0_random,291.1000617515048
5,3,30,2,diurnal,batched,30,P0_random,402.7078496522754
5,3,30,2,diurnal,batched,30,P0_random,352.76388909465834
5,3,30,2,diurnal,batched,30,P0_random,364.8725416641313
5,3,30,2,diurnal,batched,30,P0_random,313.9144779398222
5,3,30,2,diurnal,batched,30,P0_random,375.41523727478096
5,3,30,2,diurnal,batched,30,P0_random,352.87301639159733
5,3,30,2,diurnal,batched,30,P0_random,321.9206240466622
5,3,30,2,diurnal,batched,30,P0_random,440.0262515884581
5,3,30,2,diurnal,batched,30,P0_random,416.4923286622709
5,3,30,2,diurnal,batched,30,P0_random,357.04227880501855
5,3,30,2,diurnal,batched,30,P0_random,369.8291193106097
5,3,30,2,diurnal,batched,30,P0_random,305.50565992407303
5,3,30,2,diurnal,batched,30,P0_random,389.49662002019335
5,3,30,2,diurnal,batched,30,P0_random,365.93158224078434
5,3,30,2,diurnal,batched,30,P0_random,289.69835385842185
5,3,30,2,diurnal,batched,30,P0_random,324.78966568335284
5,3,30,2,diurnal,batched,30,P0_random,348.90781032371194
5,3,30,2,diurnal,batched,30,P0_random,395.05232858347955
5,3,30,2,diurnal,batched,30,P0_random,310.7240319425747
5,3,30,2,diurnal,batched,30,P0_random,368.00187903304595
5,3,30,2,diurnal,batched,30,P0_random,402.8353080500307
5,3,30,2,diurnal,batched,30,P0_random,344.32929379705763
5,3,30,2,diurnal,batched,30,P0_random,432.3660320001112
5,3,30,2,diurnal,batched,30,P0_random,316.9147694661665
5,3,30,2,diurnal,batched,30,P0_random,391.50566181277316
5,3,30,2,diurnal,batched,30,P0_random,402.29552104668664
5,3,30,2,diurnal,batched,30,P0_random,375.48209332817686
5,3,30,2,diurnal,batched,30,P0_random,344.0575331596135
5,3,30,2,diurnal,batched,30,P0_random,368.21918671326296
5,3,30,2,diurnal,batched,30,P0_random,365.84652224593503
5,3,30,2,diurnal,batched,30,P0_random,339.71777959580515
5,3,30,2,diurnal,batched,30,P0_random,376.0081358052138
5,3,30,2,diurnal,batched,30,P0_random,350.05748590487997
5,3,30,2,diurnal,batched,30,P0_random,414.04227880501855
5,3,30,2,diurnal,batched,30,P0_random,337.1770517793734
5,3,30,2,diurnal,batched,30,P0_random,387.5845950143562
5,3,30,2,diurnal,batched,30,P0_random,334.7274662079096
5,3,30,2,diurnal,batched,30,P0_random,329.4946687688598
5,3,30,2,diurnal,batched,30,P0_random,370.21918671326296
5,3,30,2,diurnal,batched,30,P0_random,356.64563153072856
5,3,30,2,diurnal,batched,30,P0_random,393.1465714498756
5,3,30,2,diurnal,batched,30,P0_random,384.758495941638
5,3,30,2,diurnal,batched,30,P0_random,286.01822901164377
5,3,30,2,diurnal,batched,30,P0_random,331.30957966270233
5,3,30,2,diurnal,batched,30,P0_random,330.03194742229124
5,3,30,2,diurnal,batched,30,P0_random,305.52824363395655
5,3,30,2,diurnal,batched,30,P0_random,316.16553193553483
5,3,30,2,diurnal,batched,30,P0_random,371.71777959580515
5,3,30,2,diurnal,batched,30,P0_random,366.50814669825314
5,3,30,2,diurnal,batched,30,P0_random,302.3501773366782
5,3,30,2,diurnal,batched,30,P0_random,393.48474853663595
5,3,30,2,diurnal,batched,30,P0_random,311.7194293493924
5,3,30,2,diurnal,batched,30,P0_random,381.2066200934971
5,3,30,2,diurnal,batched,30,P0_random,352.4212274445997
5,3,30,2,diurnal,batched,30,P0_random,410.7453960120516
5,3,30,2,diurnal,batched,30,P0_random,382.3440224589387
5,3,30,2,diurnal,batched,30,P0_random,342.5346302524562
5,3,30,2,diurnal,batched,30,P0_random,281.2565042883038
5,3,30,2,diurnal,batched,30,P0_random,375.7240319425747
5,3,30,2,diurnal,batched,30,P0_random,421.574464994578
5,3,30,2,diurnal,batched,30,P0_random,461.6245245919647
5,3,30,2,diurnal,batched,30,P0_random,355.7262725376442
5,3,30,2,diurnal,batched,30,P0_random,401.7108792260608
5,3,30,2,diurnal,batched,30,P0_random,395.05232858347955
5,3,30,2,diurnal,batched,30,P0_random,377.35434837203263
5,3,30,2,diurnal,batched,30,P0_random,488.23971700062674
5,3,30,2,diurnal,batched,30,P0_random,350.89660432214896
5,3,30,2,diurnal,batched,30,P0_random,353.71651008517756
5,3,30,2,diurnal,batched,30,P0_random,361.4264229825292
5,3,30,2,diurnal,batched,30,P0_random,366.3702468489868
5,3,30,2,diurnal,batched,30,P0_random,413.75704429416294
5,3,30,2,diurnal,batched,30,P0_random,407.71651008517756
5,3,30,2,diurnal,batched,30,P0_random,419.53928688313266
5,3,30,2,diurnal,batched,30,P0_random,357.73752820288297
5,3,30,2,diurnal,batched,30,P0_random,419.01327197979606
5,3,30,2,diurnal,batched,30,P0_random,374.0477342378639
5,3,30,2,diurnal,batched,30,P0_random,338.56066558523656
5,3,30,2,diurnal,batched,30,P0_random,416.43548557578697
5,3,30,2,diurnal,batched,30,P0_random,328.3501773366782
5,3,30,2,diurnal,batched,30,P0_random,335.70200067557414
5,3,30,2,diurnal,batched,30,P0_random,357.45131328362595
5,3,30,2,diurnal,batched,30,P0_random,338.9745319385705
5,3,30,2,diurnal,batched,30,P0_random,360.04227880501855
5,3,30,2,diurnal,batched,30,P0_random,348.718262715018
5,3,30,2,diurnal,batched,30,P0_random,486.2660722600924
5,3,30,2,diurnal,batched,30,P0_random,407.57883444779304
5,3,30,2,diurnal,batched,30,P0_random,343.26859216813455
5,3,30,2,diurnal,batched,30,P0_random,355.8725416641313
5,3,30,2,diurnal,batched,30,P0_random,356.9029016418988
5,3,30,2,diurnal,batched,30,P0_random,386.69835385842185
5,3,30,2,diurnal,batched,30,P0_random,340.45335259778267
5,3,30,2,diurnal,batched,30,P0_random,427.54613786036236
5,3,30,2,diurnal,batched,30,P0_random,329.98184101572247
5,3,30,2,diurnal,batched,30,P0_random,367.3208395213117
5,3,30,2,diurnal,batched,30,P0_random,312.25016845903855
5,3,30,2,diurnal,batched,30,P1_dest_cluster,309.6334407150598
5,3,30,2,diurnal,batched,30,P1_dest_cluster,370.76700229756625
5,3,30,2,diurnal,batched,30,P1_dest_cluster,402.60836238595914
5,3,30,2,diurnal,batched,30,P1_dest_cluster,300.80767927920505
5,3,30,2,diurnal,batched,30,P1_dest_cluster,341.0947603018254
5,3,30,2,diurnal,batched,30,P1_dest_cluster,394.4825214952459
5,3,30,2,diurnal,batched,30,P1_dest_cluster,349.9206240466622
5,3,30,2,diurnal,batched,30,P1_dest_cluster,401.72932357401197
5,3,30,2,diurnal,batched,30,P1_dest_cluster,356.4607305756404
5,3,30,2,diurnal,batched,30,P1_dest_cluster,369.7485379710709
5,3,30,2,diurnal,batched,30,P1_dest_cluster,382.83222946277044
5,3,30,2,diurnal,batched,30,P1_dest_cluster,339.1000617515048
5,3,30,2,diurnal,batched,30,P1_dest_cluster,377.86780228891996
5,3,30,2,diurnal,batched,30,P1_dest_cluster,277.691267340518
5,3,30,2,diurnal,batched,30,P1_dest_cluster,428.26498906568247
5,3,30,2,diurnal,batched,30,P1_dest_cluster,359.39087767433375
5,3,30,2,diurnal,batched,30,P1_dest_cluster,389.97487389910026
5,3,30,2,diurnal,batched,30,P1_dest_cluster,422.6437704410362
5,3,30,2,diurnal,batched,30,P1_dest_cluster,332.81757216554126
5,3,30,2,diurnal,batched,30,P1_dest_cluster,323.107210446935
5,3,30,2,diurnal,batched,30,P1_dest_cluster,344.0262515884581
5,3,30,2,diurnal,batched,30,P1_dest_cluster,361.9029016418988
5,3,30,2,diurnal,batched,30,P1_dest_cluster,305.52824363395655
5,3,30,2,diurnal,batched,30,P1_dest_cluster,326.5446362985637
5,3,30,2,diurnal,batched,30,P1_dest_cluster,361.9893626363679
5,3,30,2,diurnal,batched,30,P1_dest_cluster,365.84652224593503
5,3,30,2,diurnal,batched,30,P1_dest_cluster,390.24495686024625
5,3,30,2,diurnal,batched,30,P1_dest_cluster,375.81512962258387
5,3,30,2,diurnal,batched,30,P1_dest_cluster,328.8078194392962
5,3,30,2,diurnal,batched,30,P1_dest_cluster,318.97205653707636
5,3,30,2,diurnal,batched,30,P1_dest_cluster,366.19060520173105
5,3,30,2,diurnal,batched,30,P1_dest_cluster,388.5447065418893
5,3,30,2,diurnal,batched,30,P1_dest_cluster,396.8596745210126
5,3,30,2,diurnal,batched,30,P1_dest_cluster,382.22907033210055
5,3,30,2,diurnal,batched,30,P1_dest_cluster,398.29709674108886
5,3,30,2,diurnal,batched,30,P1_dest_cluster,383.48474853663595
5,3,30,2,diurnal,batched,30,P1_dest_cluster,351.977423081049
5,3,30,2,diurnal,batched,30,P1_dest_cluster,336.9687169799931
5,3,30,2,diurnal,batched,30,P1_dest_cluster,318.3330885278582
5,3,30,2,diurnal,batched,30,P1_dest_cluster,439.1465714498756
5,3,30,2,diurnal,batched,30,P1_dest_cluster,379.7862556784914
5,3,30,2,diurnal,batched,30,P1_dest_cluster,333.8435149900679
5,3,30,2,diurnal,batched,30,P1_dest_cluster,285.8863237144937
5,3,30,2,diurnal,batched,30,P1_dest_cluster,416.6368111193291
5,3,30,2,diurnal,batched,30,P1_dest_cluster,387.8435149900679
5,3,30,2,diurnal,batched,30,P1_dest_cluster,337.9798220826812
5,3,30,2,diurnal,batched,30,P1_dest_cluster,406.47109088403863
5,3,30,2,diurnal,batched,30,P1_dest_cluster,349.53928688313266
5,3,30,2,diurnal,batched,30,P1_dest_cluster,398.97192319333925
5,3,30,2,diurnal,batched,30,P1_dest_cluster,428.7820096270067
5,3,30,2,diurnal,batched,30,P1_dest_cluster,329.97205653707636
5,3,30,2,diurnal,batched,30,P1_dest_cluster,355.70200067557414
5,3,30,2,diurnal,batched,30,P1_dest_cluster,294.84652224593503
5,3,30,2,diurnal,batched,30,P1_dest_cluster,448.7840282644122
5,3,30,2,diurnal,batched,30,P1_dest_cluster,341.8072475243184
5,3,30,2,diurnal,batched,30,P1_dest_cluster,335.6594168961952
5,3,30,2,diurnal,batched,30,P1_dest_cluster,343.8295404720929
5,3,30,2,diurnal,batched,30,P1_dest_cluster,389.758495941638
5,3,30,2,diurnal,batched,30,P1_dest_cluster,302.1247753963455
5,3,30,2,diurnal,batched,30,P1_dest_cluster,330.88664547564133
5,3,30,2,diurnal,batched,30,P1_dest_cluster,315.08634453429033
5,3,30,2,diurnal,batched,30,P1_dest_cluster,368.71402361337005
5,3,30,2,diurnal,batched,30,P1_dest_cluster,308.3860615792951
5,3,30,2,diurnal,batched,30,P1_dest_cluster,348.21000537995747
5,3,30,2,diurnal,batched,30,P1_dest_cluster,335.0700304374395
5,3,30,2,diurnal,batched,30,P1_dest_cluster,300.6035377487143
5,3,30,2,diurnal,batched,30,P1_dest_cluster,391.75711810124534
5,3,30,2,diurnal,batched,30,P1_dest_cluster,400.2660722600924
5,3,30,2,diurnal,batched,30,P1_dest_cluster,324.6239684681074
5,3,30,2,diurnal,batched,30,P1_dest_cluster,358.11786265001746
5,3,30,2,diurnal,batched,30,P1_dest_cluster,386.64614502734526
5,3,30,2,diurnal,batched,30,P1_dest_cluster,383.8353080500307
5,3,30,2,diurnal,batched,30,P1_dest_cluster,297.87998689073726
5,3,30,2,diurnal,batched,30,P1_dest_cluster,288.6594168961952
5,3,30,2,diurnal,batched,30,P1_dest_cluster,356.23168084926306
5,3,30,2,diurnal,batched,30,P1_dest_cluster,328.181977069558
5,3,30,2,diurnal,batched,30,P1_dest_cluster,459.8435149900679
5,3,30,2,diurnal,batched,30,P1_dest_cluster,337.50111405789596
5,3,30,2,diurnal,batched,30,P1_dest_cluster,371.1000617515048
5,3,30,2,diurnal,batched,30,P1_dest_cluster,407.35434837203263
5,3,30,2,diurnal,batched,30,P1_dest_cluster,440.53928688313266
5,3,30,2,diurnal,batched,30,P1_dest_cluster,382.35147275555926
5,3,30,2,diurnal,batched,30,P1_dest_cluster,339.1000617515048
5,3,30,2,diurnal,batched,30,P1_dest_cluster,454.45289167960107
5,3,30,2,diurnal,batched,30,P1_dest_cluster,366.44478151171234
5,3,30,2,diurnal,batched,30,P1_dest_cluster,430.701904489541
5,3,30,2,diurnal,batched,30,P1_dest_cluster,414.18811717204863
5,3,30,2,diurnal,batched,30,P1_dest_cluster,299.8295404720929
5,3,30,2,diurnal,batched,30,P1_dest_cluster,349.41523727478096
5,3,30,2,diurnal,batched,30,P1_dest_cluster,390.0592448867303
5,3,30,2,diurnal,batched,30,P1_dest_cluster,392.1914726206945
5,3,30,2,diurnal,batched,30,P1_dest_cluster,274.42721331995034
5,3,30,2,diurnal,batched,30,P1_dest_cluster,402.1000617515048
5,3,30,2,diurnal,batched,30,P1_dest_cluster,434.1377759444267
5,3,30,2,diurnal,batched,30,P1_dest_cluster,324.01822901164377
5,3,30,2,diurnal,batched,30,P1_dest_cluster,347.0947603018254
5,3,30,2,diurnal,batched,30,P1_dest_cluster,394.76700229756625
5,3,30,2,diurnal,batched,30,P1_dest_cluster,351.9689337097352
5,3,30,2,diurnal,batched,30,P1_dest_cluster,362.3443014130899
5,3,30,2,diurnal,batched,30,P1_dest_cluster,396.07296519823984
5,3,30,2,diurnal,batched,30,P1_dest_cluster,360.4941618151514
5,3,30,2,diurnal,batched,30,P1_dest_cluster,345.15040464030375
5,3,30,2,diurnal,batched,30,P1_dest_cluster,359.1198535755591
5,3,30,2,diurnal,batched,30,P1_dest_cluster,292.32929379705763
5,3,30,2,diurnal,batched,30,P1_dest_cluster,358.57883444779304
5,3,30,2,diurnal,batched,30,P1_dest_cluster,396.42629136029046
5,3,30,2,diurnal,batched,30,P1_dest_cluster,342.49662002019335
5,3,30,2,diurnal,batched,30,P1_dest_cluster,344.574464994578
5,3,30,2,diurnal,batched,30,P1_dest_cluster,337.00934886126856
5,3,30,2,diurnal,batched,30,P1_dest_cluster,375.07296519823984
5,3,30,2,diurnal,batched,30,P1_dest_cluster,346.56989137933175
5,3,30,2,diurnal,batched,30,P1_dest_cluster,356.6334407150598
5,3,30,2,diurnal,batched,30,P1_dest_cluster,281.2565042883038
5,3,30,2,diurnal,batched,30,P1_dest_cluster,329.8509970524648
5,3,30,2,diurnal,batched,30,P1_dest_cluster,361.7928014988436
5,3,30,2,diurnal,batched,30,P1_dest_cluster,440.88664547564133
5,3,30,2,diurnal,batched,30,P1_dest_cluster,370.0047012057483
5,3,30,2,diurnal,batched,30,P1_dest_cluster,374.2066200934971
5,3,30,2,diurnal,batched,30,P1_dest_cluster,347.92055875105405
5,3,30,2,diurnal,batched,30,P1_dest_cluster,360.9689337097352
5,3,30,2,diurnal,batched,30,P1_dest_cluster,349.1649200747209
5,3,30,2,diurnal,batched,30,P1_dest_cluster,376.10620326459593
5,3,30,2,diurnal,batched,30,P1_dest_cluster,430.24098544003607
5,3,30,2,diurnal,batched,30,P1_dest_cluster,444.9687169799931
5,3,30,2,diurnal,batched,30,P1_dest_cluster,350.869015625388
5,3,30,2,diurnal,batched,30,P1_dest_cluster,343.5446362985637
5,3,30,2,diurnal,batched,30,P1_dest_cluster,326.1330781134075
5,3,30,2,diurnal,batched,30,P1_dest_cluster,384.41516880718893
5,3,30,2,diurnal,batched,30,P1_dest_cluster,312.21000537995747
5,3,30,2,diurnal,batched,30,P1_dest_cluster,318.6443583321975
5,3,30,2,diurnal,batched,30,P1_dest_cluster,354.1208923098541
5,3,30,2,diurnal,batched,30,P1_dest_cluster,362.8295404720929
5,3,30,2,diurnal,batched,30,P1_dest_cluster,376.56989137933175
5,3,30,2,diurnal,batched,30,P1_dest_cluster,400.3929189262734
5,3,30,2,diurnal,batched,30,P1_dest_cluster,390.67853115288585
5,3,30,2,diurnal,batched,30,P1_dest_cluster,429.2218090643015
5,3,30,2,diurnal,batched,30,P1_dest_cluster,348.37472410426824
5,3,30,2,diurnal,batched,30,P1_dest_cluster,396.52738124842955
5,3,30,2,diurnal,batched,30,P1_dest_cluster,401.12890529983645
5,3,30,2,diurnal,batched,30,P1_dest_cluster,415.75599661541685
5,3,30,2,diurnal,batched,30,P1_dest_cluster,309.18869507106876
5,3,30,2,diurnal,batched,30,P1_dest_cluster,357.36274002179255
5,3,30,2,diurnal,batched,30,P1_dest_cluster,384.4941618151514
5,3,30,2,diurnal,batched,30,P1_dest_cluster,337.5435287392245
5,3,30,2,diurnal,batched,30,P1_dest_cluster,353.04227880501855
5,3,30,2,diurnal,batched,30,P1_dest_cluster,279.5446362985637
5,3,30,2,diurnal,batched,30,P1_dest_cluster,331.93132672905176
5,3,30,2,diurnal,batched,30,P1_dest_cluster,353.3440224589387
5,3,30,2,diurnal,batched,30,P1_dest_cluster,355.0329494312971
5,3,30,2,diurnal,batched,30,P1_dest_cluster,362.1300719676664
5,3,30,2,diurnal,batched,30,P1_dest_cluster,324.89660432214896
5,3,30,2,diurnal,batched,30,P1_dest_cluster,353.7074606937613
5,3,30,2,diurnal,batched,30,P1_dest_cluster,323.01210570557294
5,3,30,2,diurnal,batched,30,P1_dest_cluster,458.0341235895568
5,3,30,2,diurnal,batched,30,P1_dest_cluster,301.53928688313266
5,3,30,2,diurnal,batched,30,P1_dest_cluster,339.45289167960107
5,3,30,2,diurnal,batched,30,P1_dest_cluster,353.21552154739027
5,3,30,2,diurnal,batched,30,P1_dest_cluster,339.09241620287895
5,3,30,2,diurnal,batched,30,P1_dest_cluster,333.50565992407303
5,3,30,2,diurnal,batched,30,P1_dest_cluster,285.2565042883038
5,3,30,2,diurnal,batched,30,P1_dest_cluster,335.45289167960107
5,3,30,2,diurnal,batched,30,P1_dest_cluster,375.0575331596135
5,3,30,2,diurnal,batched,30,P1_dest_cluster,350.67853115288585
5,3,30,2,diurnal,batched,30,P1_dest_cluster,343.37622475218336
5,3,30,2,diurnal,batched,30,P1_dest_cluster,429.1327439977127
5,3,30,2,diurnal,batched,30,P1_dest_cluster,434.8221791481685
5,3,30,2,diurnal,batched,30,P1_dest_cluster,358.9616056418926
5,3,30,2,diurnal,batched,30,P1_dest_cluster,380.93158224078434
5,3,30,2,diurnal,batched,30,P1_dest_cluster,409.4882550357627
5,3,30,2,diurnal,batched,30,P1_dest_cluster,341.75711810124534
5,3,30,2,diurnal,batched,30,P1_dest_cluster,374.8520971302222
5,3,30,2,diurnal,batched,30,P1_dest_cluster,350.05748590487997
5,3,30,2,diurnal,batched,30,P1_dest_cluster,419.2660722600924
5,3,30,2,diurnal,batched,30,P1_dest_cluster,390.9067211322852
5,3,30,2,diurnal,batched,30,P1_dest_cluster,425.7895238790752
5,3,30,2,diurnal,batched,30,P1_dest_cluster,295.8725416641313
5,3,30,2,diurnal,batched,30,P1_dest_cluster,343.15857198646904
5,3,30,2,diurnal,batched,30,P1_dest_cluster,359.833372733896
5,3,30,2,diurnal,batched,30,P1_dest_cluster,398.9221783635844
5,3,30,2,diurnal,batched,30,P1_dest_cluster,413.4879596185851
5,3,30,2,diurnal,batched,30,P1_dest_cluster,302.73228796375673
5,3,30,2,diurnal,batched,30,P1_dest_cluster,393.1309890968005
5,3,30,2,diurnal,batched,30,P1_dest_cluster,414.90781032371194
5,3,30,2,diurnal,batched,30,P1_dest_cluster,443.90781032371194
5,3,30,2,diurnal,batched,30,P1_dest_cluster,387.8435149900679
5,3,30,2,diurnal,batched,30,P1_dest_cluster,336.7379630358209
5,3,30,2,diurnal,batched,30,P1_dest_cluster,388.5578495298689
5,3,30,2,diurnal,batched,30,P1_dest_cluster,323.01210570557294
5,3,30,2,diurnal,batched,30,P1_dest_cluster,362.20721738334396
5,3,30,2,diurnal,batched,30,P1_dest_cluster,335.803249271308
5,3,30,2,diurnal,batched,30,P1_dest_cluster,337.4005857285541
5,3,30,2,diurnal,batched,30,P1_dest_cluster,378.4624469878336
5,3,30,2,diurnal,batched,30,P1_dest_cluster,339.1000617515048
5,3,30,2,diurnal,batched,30,P1_dest_cluster,365.84652224593503
5,3,30,2,diurnal,batched,30,P1_dest_cluster,363.4212274445997
5,3,30,2,diurnal,batched,30,P1_dest_cluster,363.7840282644122
5,3,30,2,diurnal,batched,30,P1_dest_cluster,366.15436261515
5,3,30,2,diurnal,batched,30,P1_dest_cluster,396.7108792260608
5,3,30,2,diurnal,batched,30,P1_dest_cluster,377.43548557578697
5,3,30,2,diurnal,batched,30,P1_dest_cluster,352.51942670862695
5,3,30,2,diurnal,batched,30,P2_cardinality,317.1247753963455
5,3,30,2,diurnal,batched,30,P2_cardinality,316.6766854875177
5,3,30,2,diurnal,batched,30,P2_cardinality,337.15436261515
5,3,30,2,diurnal,batched,30,P2_cardinality,269.4141360907952
5,3,30,2,diurnal,batched,30,P2_cardinality,305.52824363395655
5,3,30,2,diurnal,batched,30,P2_cardinality,285.7038353333485
5,3,30,2,diurnal,batched,30,P2_cardinality,339.54315908563444
5,3,30,2,diurnal,batched,30,P2_cardinality,298.97192319333925
5,3,30,2,diurnal,batched,30,P2_cardinality,350.89660432214896
5,3,30,2,diurnal,batched,30,P2_cardinality,311.76700229756625
5,3,30,2,diurnal,batched,30,P2_cardinality,318.6443583321975
5,3,30,2,diurnal,batched,30,P2_cardinality,321.9206240466622
5,3,30,2,diurnal,batched,30,P2_cardinality,401.09407933667825
5,3,30,2,diurnal,batched,30,P2_cardinality,361.7928014988436
5,3,30,2,diurnal,batched,30,P2_cardinality,358.43548557578697
5,3,30,2,diurnal,batched,30,P2_cardinality,318.97205653707636
5,3,30,2,diurnal,batched,30,P2_cardinality,362.75476050182175
5,3,30,2,diurnal,batched,30,P2_cardinality,331.35434837203263
5,3,30,2,diurnal,batched,30,P2_cardinality,386.08361775888386
5,3,30,2,diurnal,batched,30,P2_cardinality,361.9893626363679
5,3,30,2,diurnal,batched,30,P2_cardinality,309.07296519823984
5,3,30,2,diurnal,batched,30,P2_cardinality,341.89660432214896
5,3,30,2,diurnal,batched,30,P2_cardinality,286.4945171895425
5,3,30,2,diurnal,batched,30,P2_cardinality,360.86935786495906
5,3,30,2,diurnal,batched,30,P2_cardinality,367.8774058058342
5,3,30,2,diurnal,batched,30,P2_cardinality,370.7854296710483
5,3,30,2,diurnal,batched,30,P2_cardinality,324.7240319425747
5,3,30,2,diurnal,batched,30,P2_cardinality,358.40410859737335
5,3,30,2,diurnal,batched,30,P2_cardinality,353.26859216813455
5,3,30,2,diurnal,batched,30,P2_cardinality,360.6594168961952
5,3,30,2,diurnal,batched,30,P2_cardinality,386.97205653707636
5,3,30,2,diurnal,batched,30,P2_cardinality,358.08361775888386
5,3,30,2,diurnal,batched,30,P2_cardinality,394.86935786495906
5,3,30,2,diurnal,batched,30,P2_cardinality,331.0326689284517
5,3,30,2,diurnal,batched,30,P2_cardinality,298.97192319333925
5,3,30,2,diurnal,batched,30,P2_cardinality,378.34991150343734
5,3,30,2,diurnal,batched,30,P2_cardinality,339.41523727478096
5,3,30,2,diurnal,batched,30,P2_cardinality,306.9303838973009
5,3,30,2,diurnal,batched,30,P2_cardinality,392.719878972474
5,3,30,2,diurnal,batched,30,P2_cardinality,373.98184101572247
5,3,30,2,diurnal,batched,30,P2_cardinality,346.19841590422686
5,3,30,2,diurnal,batched,30,P2_cardinality,324.73228796375673
5,3,30,2,diurnal,batched,30,P2_cardinality,347.6552085145335
5,3,30,2,diurnal,batched,30,P2_cardinality,307.7928014988436
5,3,30,2,diurnal,batched,30,P2_cardinality,391.43548557578697
5,3,30,2,diurnal,batched,30,P2_cardinality,294.8320489905308
5,3,30,2,diurnal,batched,30,P2_cardinality,334.39087767433375
5,3,30,2,diurnal,batched,30,P2_cardinality,322.0030691441277
5,3,30,2,diurnal,batched,30,P2_cardinality,357.73228796375673
5,3,30,2,diurnal,batched,30,P2_cardinality,351.2660722600924
5,3,30,2,diurnal,batched,30,P2_cardinality,342.0329494312971
5,3,30,2,diurnal,batched,30,P2_cardinality,352.5435287392245
5,3,30,2,diurnal,batched,30,P2_cardinality,415.8725416641313
5,3,30,2,diurnal,batched,30,P2_cardinality,280.284987348318
5,3,30,2,diurnal,batched,30,P2_cardinality,347.5329580167439
5,3,30,2,diurnal,batched,30,P2_cardinality,379.2791302546587
5,3,30,2,diurnal,batched,30,P2_cardinality,283.6381500966194
5,3,30,2,diurnal,batched,30,P2_cardinality,322.72932357401197
5,3,30,2,diurnal,batched,30,P2_cardinality,373.90781032371194
5,3,30,2,diurnal,batched,30,P2_cardinality,333.89862651065715
5,3,30,2,diurnal,batched,30,P2_cardinality,360.1866114707298
5,3,30,2,diurnal,batched,30,P2_cardinality,354.3500872691594
5,3,30,2,diurnal,batched,30,P2_cardinality,414.0921166034906
5,3,30,2,diurnal,batched,30,P2_cardinality,372.53928688313266
5,3,30,2,diurnal,batched,30,P2_cardinality,321.9206240466622
5,3,30,2,diurnal,batched,30,P2_cardinality,354.68653822046247
5,3,30,2,diurnal,batched,30,P2_cardinality,312.7928014988436
5,3,30,2,diurnal,batched,30,P2_cardinality,330.12841174012135
5,3,30,2,diurnal,batched,30,P2_cardinality,341.803249271308
5,3,30,2,diurnal,batched,30,P2_cardinality,312.68653822046247
5,3,30,2,diurnal,batched,30,P2_cardinality,258.26498906568247
5,3,30,2,diurnal,batched,30,P2_cardinality,325.50566181277316
5,3,30,2,diurnal,batched,30,P2_cardinality,317.35910443961325
5,3,30,2,diurnal,batched,30,P2_cardinality,300.7120442742313
5,3,30,2,diurnal,batched,30,P2_cardinality,420.01327197979606
5,3,30,2,diurnal,batched,30,P2_cardinality,327.6381500966194
5,3,30,2,diurnal,batched,30,P2_cardinality,338.3668976796102
5,3,30,2,diurnal,batched,30,P2_cardinality,333.8435149900679
5,3,30,2,diurnal,batched,30,P2_cardinality,394.86935786495906
5,3,30,2,diurnal,batched,30,P2_cardinality,333.27009206612854
5,3,30,2,diurnal,batched,30,P2_cardinality,379.32929379705763
5,3,30,2,diurnal,batched,30,P2_cardinality,317.41016697116737
5,3,30,2,diurnal,batched,30,P2_cardinality,320.58472387835513
5,3,30,2,diurnal,batched,30,P2_cardinality,392.1914726206945
5,3,30,2,diurnal,batched,30,P2_cardinality,328.8078194392962
5,3,30,2,diurnal,batched,30,P2_cardinality,289.0707216319581
5,3,30,2,diurnal,batched,30,P2_cardinality,373.90781032371194
5,3,30,2,diurnal,batched,30,P2_cardinality,332.1451028859095
5,3,30,2,diurnal,batched,30,P2_cardinality,361.0921166034906
5,3,30,2,diurnal,batched,30,P2_cardinality,309.07296519823984
5,3,30,2,diurnal,batched,30,P2_cardinality,378.8406924740076
5,3,30,2,diurnal,batched,30,P2_cardinality,336.65628728486513
5,3,30,2,diurnal,batched,30,P2_cardinality,317.9029016418988
5,3,30,2,diurnal,batched,30,P2_cardinality,344.503051168518
5,3,30,2,diurnal,batched,30,P2_cardinality,322.8406924740076
5,3,30,2,diurnal,batched,30,P2_cardinality,413.1377759444267
5,3,30,2,diurnal,batched,30,P2_cardinality,357.4923286622709
5,3,30,2,diurnal,batched,30,P2_cardinality,334.87426637684325
5,3,30,2,diurnal,batched,30,P2_cardinality,307.57883444779304
5,3,30,2,diurnal,batched,30,P2_cardinality,328.64529766243174
5,3,30,2,diurnal,batched,30,P2_cardinality,336.8961164666099
5,3,30,2,diurnal,batched,30,P2_cardinality,386.6813090230829
5,3,30,2,diurnal,batched,30,P2_cardinality,320.35598270645175
5,3,30,2,diurnal,batched,30,P2_cardinality,355.26907322616273
5,3,30,2,diurnal,batched,30,P2_cardinality,420.31938212413417
5,3,30,2,diurnal,batched,30,P2_cardinality,418.2066200934971
5,3,30,2,diurnal,batched,30,P2_cardinality,401.09407933667825
5,3,30,2,diurnal,batched,30,P2_cardinality,303.92700478261986
5,3,30,2,diurnal,batched,30,P2_cardinality,359.691267340518
5,3,30,2,diurnal,batched,30,P2_cardinality,265.40760002677575
5,3,30,2,diurnal,batched,30,P2_cardinality,339.41523727478096
5,3,30,2,diurnal,batched,30,P2_cardinality,324.5845950143562
5,3,30,2,diurnal,batched,30,P2_cardinality,343.5370984273079
5,3,30,2,diurnal,batched,30,P2_cardinality,349.8386256159051
5,3,30,2,diurnal,batched,30,P2_cardinality,366.6334407150598
5,3,30,2,diurnal,batched,30,P2_cardinality,300.6035377487143
5,3,30,2,diurnal,batched,30,P2_cardinality,342.65628728486513
5,3,30,2,diurnal,batched,30,P2_cardinality,356.8725416641313
5,3,30,2,diurnal,batched,30,P2_cardinality,267.41935355096143
5,3,30,2,diurnal,batched,30,P2_cardinality,407.35434837203263
5,3,30,2,diurnal,batched,30,P2_cardinality,432.37622475218336
5,3,30,2,diurnal,batched,30,P2_cardinality,328.6848204921124
5,3,30,2,diurnal,batched,30,P2_cardinality,299.51942670862695
5,3,30,2,diurnal,batched,30,P2_cardinality,315.470244355671
5,3,30,2,diurnal,batched,30,P2_cardinality,306.50111405789596
5,3,30,2,diurnal,batched,30,P2_cardinality,331.0326689284517
5,3,30,2,diurnal,batched,30,P2_cardinality,381.1198535755591
5,3,30,2,diurnal,batched,30,P2_cardinality,294.84652224593503
5,3,30,2,diurnal,batched,30,P2_cardinality,372.7108792260608
5,3,30,2,diurnal,batched,30,P2_cardinality,353.5656943125815
5,3,30,2,diurnal,batched,30,P2_cardinality,356.7238078842971
5,3,30,2,diurnal,batched,30,P2_cardinality,293.8295404720929
5,3,30,2,diurnal,batched,30,P2_cardinality,278.1815735302816
5,3,30,2,diurnal,batched,30,P2_cardinality,402.719878972474
5,3,30,2,diurnal,batched,30,P2_cardinality,372.7722218032132
5,3,30,2,diurnal,batched,30,P2_cardinality,333.6932096494097
5,3,30,2,diurnal,batched,30,P2_cardinality,261.75704429416294
5,3,30,2,diurnal,batched,30,P2_cardinality,318.0235372461689
5,3,30,2,diurnal,batched,30,P2_cardinality,395.5981826594106
5,3,30,2,diurnal,batched,30,P2_cardinality,353.7951108884963
5,3,30,2,diurnal,batched,30,P2_cardinality,391.43548557578697
5,3,30,2,diurnal,batched,30,P2_cardinality,283.05748590487997
5,3,30,2,diurnal,batched,30,P2_cardinality,315.06715875841957
5,3,30,2,diurnal,batched,30,P2_cardinality,356.97487389910026
5,3,30,2,diurnal,batched,30,P2_cardinality,378.8596745210126
5,3,30,2,diurnal,batched,30,P2_cardinality,327.99588631285377
5,3,30,2,diurnal,batched,30,P2_cardinality,380.580762770513
5,3,30,2,diurnal,batched,30,P2_cardinality,332.35910443961325
5,3,30,2,diurnal,batched,30,P2_cardinality,402.719878972474
5,3,30,2,diurnal,batched,30,P2_cardinality,359.22907033210055
5,3,30,2,diurnal,batched,30,P2_cardinality,359.8008706031239
5,3,30,2,diurnal,batched,30,P2_cardinality,363.37472410426824
5,3,30,2,diurnal,batched,30,P2_cardinality,383.8353080500307
5,3,30,2,diurnal,batched,30,P2_cardinality,353.3022562567272
5,3,30,2,diurnal,batched,30,P2_cardinality,343.88664547564133
5,3,30,2,diurnal,batched,30,P2_cardinality,298.4005857285541
5,3,30,2,diurnal,batched,30,P2_cardinality,336.87729365551434
5,3,30,2,diurnal,batched,30,P2_cardinality,391.43548557578697
5,3,30,2,diurnal,batched,30,P2_cardinality,277.7074606937613
5,3,30,2,diurnal,batched,30,P2_cardinality,342.24320980548157
5,3,30,2,diurnal,batched,30,P2_cardinality,324.57929744396705
5,3,30,2,diurnal,batched,30,P2_cardinality,316.9147694661665
5,3,30,2,diurnal,batched,30,P2_cardinality,291.1000617515048
5,3,30,2,diurnal,batched,30,P2_cardinality,293.8295404720929
5,3,30,2,diurnal,batched,30,P2_cardinality,408.25672778542446
5,3,30,2,diurnal,batched,30,P2_cardinality,370.76700229756625
5,3,30,2,diurnal,batched,30,P2_cardinality,329.8509970524648
5,3,30,2,diurnal,batched,30,P2_cardinality,320.98429609026584
5,3,30,2,diurnal,batched,30,P2_cardinality,326.50111405789596
5,3,30,2,diurnal,batched,30,P2_cardinality,380.7238078842971
5,3,30,2,diurnal,batched,30,P2_cardinality,342.0921166034906
5,3,30,2,diurnal,batched,30,P2_cardinality,355.26907322616273
5,3,30,2,diurnal,batched,30,P2_cardinality,323.1465714498756
5,3,30,2,diurnal,batched,30,P2_cardinality,343.81517905332413
5,3,30,2,diurnal,batched,30,P2_cardinality,381.70031899443006
5,3,30,2,diurnal,batched,30,P2_cardinality,322.0921166034906
5,3,30,2,diurnal,batched,30,P2_cardinality,381.63382848410674
5,3,30,2,diurnal,batched,30,P2_cardinality,334.5250117108162
5,3,30,2,diurnal,batched,30,P2_cardinality,379.2791302546587
5,3,30,2,diurnal,batched,30,P2_cardinality,380.8291193106097
5,3,30,2,diurnal,batched,30,P2_cardinality,370.5447065418893
5,3,30,2,diurnal,batched,30,P2_cardinality,353.73752820288297
5,3,30,2,diurnal,batched,30,P2_cardinality,364.32566901074523
5,3,30,2,diurnal,batched,30,P2_cardinality,330.13631150321095
5,3,30,2,diurnal,batched,30,P2_cardinality,318.9689337097352
5,3,30,2,diurnal,batched,30,P2_cardinality,354.4212274445997
5,3,30,2,diurnal,batched,30,P2_cardinality,339.1000617515048
5,3,30,2,diurnal,batched,30,P2_cardinality,420.01327197979606
5,3,30,2,diurnal,batched,30,P2_cardinality,360.6848204921124
5,3,30,2,diurnal,batched,30,P2_cardinality,329.18811717204863
5,3,30,2,diurnal,batched,30,P2_cardinality,322.8406924740076
5,3,30,2,diurnal,batched,30,P2_cardinality,356.8725416641313
5,3,30,2,diurnal,batched,30,P2_cardinality,318.97205653707636
5,3,30,2,diurnal,batched,30,P2_cardinality,336.15040464030375
5,3,30,2,diurnal,batched,30,P2_cardinality,350.6035377487143
5,3,30,2,diurnal,batched,30,P2_cardinality,318.97205653707636
5,3,30,2,diurnal,batched,30,P2_cardinality,348.7108792260608
5,3,30,2,diurnal,batched,30,P2_cardinality,334.1300719676664
5,3,30,2,diurnal,batched,30,P2_cardinality,319.01822901164377
5,3,30,2,diurnal,batched,30,P2_cardinality,402.1247753963455
5,3,30,2,diurnal,batched,30,P3_dir_balanced,312.84214595388494
5,3,30,2,diurnal,batched,30,P3_dir_balanced,339.7274662079096
5,3,30,2,diurnal,batched,30,P3_dir_balanced,351.6035377487143
5,3,30,2,diurnal,batched,30,P3_dir_balanced,372.73752820288297
5,3,30,2,diurnal,batched,30,P3_dir_balanced,362.26859216813455
5,3,30,2,diurnal,batched,30,P3_dir_balanced,366.23971700062674
5,3,30,2,diurnal,batched,30,P3_dir_balanced,390.2095080940685
5,3,30,2,diurnal,batched,30,P3_dir_balanced,371.6494189291692
5,3,30,2,diurnal,batched,30,P3_dir_balanced,341.8072475243184
5,3,30,2,diurnal,batched,30,P3_dir_balanced,410.3240919074144
5,3,30,2,diurnal,batched,30,P3_dir_balanced,393.7862556784914
5,3,30,2,diurnal,batched,30,P3_dir_balanced,337.68292581286335
5,3,30,2,diurnal,batched,30,P3_dir_balanced,377.41523727478096
5,3,30,2,diurnal,batched,30,P3_dir_balanced,387.88664547564133
5,3,30,2,diurnal,batched,30,P3_dir_balanced,353.8605405221182
5,3,30,2,diurnal,batched,30,P3_dir_balanced,369.01210570557294
5,3,30,2,diurnal,batched,30,P3_dir_balanced,389.4941618151514
5,3,30,2,diurnal,batched,30,P3_dir_balanced,335.74068211971627
5,3,30,2,diurnal,batched,30,P3_dir_balanced,315.470244355671
5,3,30,2,diurnal,batched,30,P3_dir_balanced,418.9689337097352
5,3,30,2,diurnal,batched,30,P3_dir_balanced,317.87301639159733
5,3,30,2,diurnal,batched,30,P3_dir_balanced,425.8435149900679
5,3,30,2,diurnal,batched,30,P3_dir_balanced,310.1172886956917
5,3,30,2,diurnal,batched,30,P3_dir_balanced,345.71777959580515
5,3,30,2,diurnal,batched,30,P3_dir_balanced,378.9687169799931
5,3,30,2,diurnal,batched,30,P3_dir_balanced,325.7107901254425
5,3,30,2,diurnal,batched,30,P3_dir_balanced,364.8386256159051
5,3,30,2,diurnal,batched,30,P3_dir_balanced,404.24030256722875
5,3,30,2,diurnal,batched,30,P3_dir_balanced,398.94962460866026
5,3,30,2,diurnal,batched,30,P3_dir_balanced,365.4329081314267
5,3,30,2,diurnal,batched,30,P3_dir_balanced,351.3330885278582
5,3,30,2,diurnal,batched,30,P3_dir_balanced,341.4212274445997
5,3,30,2,diurnal,batched,30,P3_dir_balanced,352.8992617231278
5,3,30,2,diurnal,batched,30,P3_dir_balanced,379.9689337097352
5,3,30,2,diurnal,batched,30,P3_dir_balanced,314.4150979266721
5,3,30,2,diurnal,batched,30,P3_dir_balanced,358.86057605285214
5,3,30,2,diurnal,batched,30,P3_dir_balanced,443.90781032371194
5,3,30,2,diurnal,batched,30,P3_dir_balanced,340.580762770513
5,3,30,2,diurnal,batched,30,P3_dir_balanced,385.60040654469685
5,3,30,2,diurnal,batched,30,P3_dir_balanced,332.23168084926306
5,3,30,2,diurnal,batched,30,P3_dir_balanced,335.0101905111568
5,3,30,2,diurnal,batched,30,P3_dir_balanced,351.1688959918727
5,3,30,2,diurnal,batched,30,P3_dir_balanced,396.89327723375345
5,3,30,2,diurnal,batched,30,P3_dir_balanced,395.80056339527823
5,3,30,2,diurnal,batched,30,P3_dir_balanced,383.2516492729687
5,3,30,2,diurnal,batched,30,P3_dir_balanced,386.9221783635844
5,3,30,2,diurnal,batched,30,P3_dir_balanced,392.1198535755591
5,3,30,2,diurnal,batched,30,P3_dir_balanced,353.0575331596135
5,3,30,2,diurnal,batched,30,P3_dir_balanced,298.8258713351051
5,3,30,2,diurnal,batched,30,P3_dir_balanced,342.56066558523656
5,3,30,2,diurnal,batched,30,P3_dir_balanced,324.9844761112993
5,3,30,2,diurnal,batched,30,P3_dir_balanced,371.01327197979606
5,3,30,2,diurnal,batched,30,P3_dir_balanced,358.10818456895737
5,3,30,2,diurnal,batched,30,P3_dir_balanced,448.7840282644122
5,3,30,2,diurnal,batched,30,P3_dir_balanced,336.9687169799931
5,3,30,2,diurnal,batched,30,P3_dir_balanced,341.8509970524648
5,3,30,2,diurnal,batched,30,P3_dir_balanced,388.29709674108886
5,3,30,2,diurnal,batched,30,P3_dir_balanced,362.3443014130899
5,3,30,2,diurnal,batched,30,P3_dir_balanced,376.7048337207139
5,3,30,2,diurnal,batched,30,P3_dir_balanced,336.8689919932827
5,3,30,2,diurnal,batched,30,P3_dir_balanced,412.8406924740076
5,3,30,2,diurnal,batched,30,P3_dir_balanced,397.89660432214896
5,3,30,2,diurnal,batched,30,P3_dir_balanced,419.1944685730973
5,3,30,2,diurnal,batched,30,P3_dir_balanced,383.3174011179391
5,3,30,2,diurnal,batched,30,P3_dir_balanced,334.39087767433375
5,3,30,2,diurnal,batched,30,P3_dir_balanced,327.2565042883038
5,3,30,2,diurnal,batched,30,P3_dir_balanced,427.54613786036236
5,3,30,2,diurnal,batched,30,P3_dir_balanced,372.06715875841957
5,3,30,2,diurnal,batched,30,P3_dir_balanced,414.9221783635844
5,3,30,2,diurnal,batched,30,P3_dir_balanced,380.7238078842971
5,3,30,2,diurnal,batched,30,P3_dir_balanced,352.3925700566109
5,3,30,2,diurnal,batched,30,P3_dir_balanced,367.23952173820726
5,3,30,2,diurnal,batched,30,P3_dir_balanced,403.49662002019335
5,3,30,2,diurnal,batched,30,P3_dir_balanced,372.53928688313266
5,3,30,2,diurnal,batched,30,P3_dir_balanced,390.1409954588285
5,3,30,2,diurnal,batched,30,P3_dir_balanced,385.691267340518
5,3,30,2,diurnal,batched,30,P3_dir_balanced,373.7466746725553
5,3,30,2,diurnal,batched,30,P3_dir_balanced,386.69835385842185
5,3,30,2,diurnal,batched,30,P3_dir_balanced,383.3174011179391
5,3,30,2,diurnal,batched,30,P3_dir_balanced,372.09118079062335
5,3,30,2,diurnal,batched,30,P3_dir_balanced,365.54315908563444
5,3,30,2,diurnal,batched,30,P3_dir_balanced,343.75599661541685
5,3,30,2,diurnal,batched,30,P3_dir_balanced,296.08634453429033
5,3,30,2,diurnal,batched,30,P3_dir_balanced,372.06715875841957
5,3,30,2,diurnal,batched,30,P3_dir_balanced,342.15857198646904
5,3,30,2,diurnal,batched,30,P3_dir_balanced,321.6813090230829
5,3,30,2,diurnal,batched,30,P3_dir_balanced,350.1247753963455
5,3,30,2,diurnal,batched,30,P3_dir_balanced,363.93158224078434
5,3,30,2,diurnal,batched,30,P3_dir_balanced,393.29552104668664
5,3,30,2,diurnal,batched,30,P3_dir_balanced,366.44478151171234
5,3,30,2,diurnal,batched,30,P3_dir_balanced,388.3549848568137
5,3,30,2,diurnal,batched,30,P3_dir_balanced,383.2516492729687
5,3,30,2,diurnal,batched,30,P3_dir_balanced,363.89660432214896
5,3,30,2,diurnal,batched,30,P3_dir_balanced,409.5198263722112
5,3,30,2,diurnal,batched,30,P3_dir_balanced,335.85129145767723
5,3,30,2,diurnal,batched,30,P3_dir_balanced,318.975436358263
5,3,30,2,diurnal,batched,30,P3_dir_balanced,323.01210570557294
5,3,30,2,diurnal,batched,30,P3_dir_balanced,383.88664547564133
5,3,30,2,diurnal,batched,30,P3_dir_balanced,362.57929744396705
5,3,30,2,diurnal,batched,30,P3_dir_balanced,425.8435149900679
5,3,30,2,diurnal,batched,30,P3_dir_balanced,385.3501773366782
5,3,30,2,diurnal,batched,30,P3_dir_balanced,417.8994138342342
5,3,30,2,diurnal,batched,30,P3_dir_balanced,425.9382480185166
5,3,30,2,diurnal,batched,30,P3_dir_balanced,314.58925641551275
5,3,30,2,diurnal,batched,30,P3_dir_balanced,418.9221783635844
5,3,30,2,diurnal,batched,30,P3_dir_balanced,362.3443014130899
5,3,30,2,diurnal,batched,30,P3_dir_balanced,344.01327197979606
5,3,30,2,diurnal,batched,30,P3_dir_balanced,407.38288673905475
5,3,30,2,diurnal,batched,30,P3_dir_balanced,303.92700478261986
5,3,30,2,diurnal,batched,30,P3_dir_balanced,294.8320489905308
5,3,30,2,diurnal,batched,30,P3_dir_balanced,385.79695570595777
5,3,30,2,diurnal,batched,30,P3_dir_balanced,327.79969433070335
5,3,30,2,diurnal,batched,30,P3_dir_balanced,387.6552085145335
5,3,30,2,diurnal,batched,30,P3_dir_balanced,339.23168084926306
5,3,30,2,diurnal,batched,30,P3_dir_balanced,345.7194293493924
5,3,30,2,diurnal,batched,30,P3_dir_balanced,370.98429609026584
5,3,30,2,diurnal,batched,30,P3_dir_balanced,306.13973302478297
5,3,30,2,diurnal,batched,30,P3_dir_balanced,333.8435149900679
5,3,30,2,diurnal,batched,30,P3_dir_balanced,325.7107901254425
5,3,30,2,diurnal,batched,30,P3_dir_balanced,358.11786265001746
5,3,30,2,diurnal,batched,30,P3_dir_balanced,310.01327197979606
5,3,30,2,diurnal,batched,30,P3_dir_balanced,413.4825214952459
5,3,30,2,diurnal,batched,30,P3_dir_balanced,415.75599661541685
5,3,30,2,diurnal,batched,30,P3_dir_balanced,408.8291193106097
5,3,30,2,diurnal,batched,30,P3_dir_balanced,364.01391275230577
5,3,30,2,diurnal,batched,30,P3_dir_balanced,362.1300719676664
5,3,30,2,diurnal,batched,30,P3_dir_balanced,398.94962460866026
5,3,30,2,diurnal,batched,30,P3_dir_balanced,355.9019506731378
5,3,30,2,diurnal,batched,30,P3_dir_balanced,338.1377759444267
5,3,30,2,diurnal,batched,30,P3_dir_balanced,345.15040464030375
5,3,30,2,diurnal,batched,30,P3_dir_balanced,364.8386256159051
5,3,30,2,diurnal,batched,30,P3_dir_balanced,422.48209332817686
5,3,30,2,diurnal,batched,30,P3_dir_balanced,375.15436261515
5,3,30,2,diurnal,batched,30,P3_dir_balanced,379.4320136605661
5,3,30,2,diurnal,batched,30,P3_dir_balanced,343.98429609026584
5,3,30,2,diurnal,batched,30,P3_dir_balanced,321.6813090230829
5,3,30,2,diurnal,batched,30,P3_dir_balanced,382.0262515884581
5,3,30,2,diurnal,batched,30,P3_dir_balanced,427.7274662079096
5,3,30,2,diurnal,batched,30,P3_dir_balanced,337.19841590422686
5,3,30,2,diurnal,batched,30,P3_dir_balanced,399.8520971302222
5,3,30,2,diurnal,batched,30,P3_dir_balanced,342.15857198646904
5,3,30,2,diurnal,batched,30,P3_dir_balanced,393.854730424271
5,3,30,2,diurnal,batched,30,P3_dir_balanced,431.45065810903577
5,3,30,2,diurnal,batched,30,P3_dir_balanced,427.68292581286335
5,3,30,2,diurnal,batched,30,P3_dir_balanced,316.6766854875177
5,3,30,2,diurnal,batched,30,P3_dir_balanced,437.9221783635844
5,3,30,2,diurnal,batched,30,P3_dir_balanced,313.8258713351051
5,3,30,2,diurnal,batched,30,P3_dir_balanced,362.98184101572247
5,3,30,2,diurnal,batched,30,P3_dir_balanced,363.3187156840776
5,3,30,2,diurnal,batched,30,P3_dir_balanced,323.88431688821197
5,3,30,2,diurnal,batched,30,P3_dir_balanced,403.4825214952459
5,3,30,2,diurnal,batched,30,P3_dir_balanced,412.9691381000181
5,3,30,2,diurnal,batched,30,P3_dir_balanced,346.4941618151514
5,3,30,2,diurnal,batched,30,P3_dir_balanced,388.3549848568137
5,3,30,2,diurnal,batched,30,P3_dir_balanced,351.6035377487143
5,3,30,2,diurnal,batched,30,P3_dir_balanced,363.89660432214896
5,3,30,2,diurnal,batched,30,P3_dir_balanced,346.0554122974012
5,3,30,2,diurnal,batched,30,P3_dir_balanced,351.1688959918727
5,3,30,2,diurnal,batched,30,P3_dir_balanced,335.3001759758059
5,3,30,2,diurnal,batched,30,P3_dir_balanced,353.36274002179255
5,3,30,2,diurnal,batched,30,P3_dir_balanced,381.3925700566109
5,3,30,2,diurnal,batched,30,P3_dir_balanced,396.2660722600924
5,3,30,2,diurnal,batched,30,P3_dir_balanced,397.34991150343734
5,3,30,2,diurnal,batched,30,P3_dir_balanced,414.4825214952459
5,3,30,2,diurnal,batched,30,P3_dir_balanced,399.8520971302222
5,3,30,2,diurnal,batched,30,P3_dir_balanced,378.30070520331685
5,3,30,2,diurnal,batched,30,P3_dir_balanced,402.9206240466622
5,3,30,2,diurnal,batched,30,P3_dir_balanced,401.5985503345687
5,3,30,2,diurnal,batched,30,P3_dir_balanced,413.4825214952459
5,3,30,2,diurnal,batched,30,P3_dir_balanced,399.0921166034906
5,3,30,2,diurnal,batched,30,P3_dir_balanced,353.04227880501855
5,3,30,2,diurnal,batched,30,P3_dir_balanced,430.24098544003607
5,3,30,2,diurnal,batched,30,P3_dir_balanced,411.85129145767723
5,3,30,2,diurnal,batched,30,P3_dir_balanced,401.7487611063204
5,3,30,2,diurnal,batched,30,P3_dir_balanced,337.00934886126856
5,3,30,2,diurnal,batched,30,P3_dir_balanced,401.7487611063204
5,3,30,2,diurnal,batched,30,P3_dir_balanced,351.1688959918727
5,3,30,2,diurnal,batched,30,P3_dir_balanced,310.4314348472292
5,3,30,2,diurnal,batched,30,P3_dir_balanced,367.0341235895568
5,3,30,2,diurnal,batched,30,P3_dir_balanced,364.55168351946315
5,3,30,2,diurnal,batched,30,P3_dir_balanced,465.75071550035545
5,3,30,2,diurnal,batched,30,P3_dir_balanced,336.87729365551434
5,3,30,2,diurnal,batched,30,P3_dir_balanced,376.37472410426824
5,3,30,2,diurnal,batched,30,P3_dir_balanced,368.7487611063204
5,3,30,2,diurnal,batched,30,P3_dir_balanced,366.8355666084073
5,3,30,2,diurnal,batched,30,P3_dir_balanced,425.574464994578
5,3,30,2,diurnal,batched,30,P3_dir_balanced,363.1198535755591
5,3,30,2,diurnal,batched,30,P3_dir_balanced,361.06276272607187
5,3,30,2,diurnal,batched,30,P3_dir_balanced,397.3437655132119
5,3,30,2,diurnal,batched,30,P3_dir_balanced,353.36274002179255
5,3,30,2,diurnal,batched,30,P3_dir_balanced,341.8072475243184
5,3,30,2,diurnal,batched,30,P3_dir_balanced,376.6334407150598
5,3,30,2,diurnal,batched,30,P3_dir_balanced,368.7487611063204
5,3,30,2,diurnal,batched,30,P3_dir_balanced,332.54613786036236
5,3,30,2,diurnal,batched,30,P3_dir_balanced,423.6494189291692
5,3,30,2,diurnal,batched,30,P3_dir_balanced,372.09118079062335
5,3,30,2,diurnal,batched,30,P3_dir_balanced,380.0707216319581
5,3,30,2,diurnal,batched,30,P3_dir_balanced,347.7132097144881
5,3,30,2,diurnal,batched,30,P3_dir_balanced,328.7894278684753
5,3,30,2,diurnal,batched,30,P3_dir_balanced,423.6494189291692
5,3,30,2,diurnal,batched,30,P4_temporal,346.0554122974012
5,3,30,2,diurnal,batched,30,P4_temporal,344.7487611063204
5,3,30,2,diurnal,batched,30,P4_temporal,404.9302926559058
5,3,30,2,diurnal,batched,30,P4_temporal,422.734878198514
5,3,30,2,diurnal,batched,30,P4_temporal,375.81512962258387
5,3,30,2,diurnal,batched,30,P4_temporal,362.1300719676664
5,3,30,2,diurnal,batched,30,P4_temporal,418.24495686024625
5,3,30,2,diurnal,batched,30,P4_temporal,315.45289167960107
5,3,30,2,diurnal,batched,30,P4_temporal,287.08634453429033
5,3,30,2,diurnal,batched,30,P4_temporal,446.1377759444267
5,3,30,2,diurnal,batched,30,P4_temporal,388.00934886126856
5,3,30,2,diurnal,batched,30,P4_temporal,379.01822901164377
5,3,30,2,diurnal,batched,30,P4_temporal,383.88887654450326
5,3,30,2,diurnal,batched,30,P4_temporal,332.04227880501855
5,3,30,2,diurnal,batched,30,P4_temporal,369.7485379710709
5,3,30,2,diurnal,batched,30,P4_temporal,378.2791302546587
5,3,30,2,diurnal,batched,30,P4_temporal,353.64614502734526
5,3,30,2,diurnal,batched,30,P4_temporal,392.7132097144881
5,3,30,2,diurnal,batched,30,P4_temporal,322.5198263722112
5,3,30,2,diurnal,batched,30,P4_temporal,371.10620326459593
5,3,30,2,diurnal,batched,30,P4_temporal,392.85281002528023
5,3,30,2,diurnal,batched,30,P4_temporal,373.9488366232627
5,3,30,2,diurnal,batched,30,P4_temporal,425.3440224589387
5,3,30,2,diurnal,batched,30,P4_temporal,325.50566181277316
5,3,30,2,diurnal,batched,30,P4_temporal,313.27158438910226
5,3,30,2,diurnal,batched,30,P4_temporal,355.9745825784262
5,3,30,2,diurnal,batched,30,P4_temporal,394.45065810903577
5,3,30,2,diurnal,batched,30,P4_temporal,343.81517905332413
5,3,30,2,diurnal,batched,30,P4_temporal,389.97487389910026
5,3,30,2,diurnal,batched,30,P4_temporal,423.2532584817488
5,3,30,2,diurnal,batched,30,P4_temporal,405.9752547503791
5,3,30,2,diurnal,batched,30,P4_temporal,350.21918671326296
5,3,30,2,diurnal,batched,30,P4_temporal,403.3277810424329
5,3,30,2,diurnal,batched,30,P4_temporal,420.88664547564133
5,3,30,2,diurnal,batched,30,P4_temporal,387.4712341535164
5,3,30,2,diurnal,batched,30,P4_temporal,371.10620326459593
5,3,30,2,diurnal,batched,30,P4_temporal,348.37472410426824
5,3,30,2,diurnal,batched,30,P4_temporal,416.0329494312971
5,3,30,2,diurnal,batched,30,P4_temporal,405.50566181277316
5,3,30,2,diurnal,batched,30,P4_temporal,368.41666378185937
5,3,30,2,diurnal,batched,30,P4_temporal,338.503051168518
5,3,30,2,diurnal,batched,30,P4_temporal,403.6381500966194
5,3,30,2,diurnal,batched,30,P4_temporal,356.7722218032132
5,3,30,2,diurnal,batched,30,P4_temporal,345.4145067855965
5,3,30,2,diurnal,batched,30,P4_temporal,415.90781032371194
5,3,30,2,diurnal,batched,30,P4_temporal,402.4607305756404
5,3,30,2,diurnal,batched,30,P4_temporal,372.1409954588285
5,3,30,2,diurnal,batched,30,P4_temporal,316.08361775888386
5,3,30,2,diurnal,batched,30,P4_temporal,408.11857772712926
5,3,30,2,diurnal,batched,30,P4_temporal,399.8435149900679
5,3,30,2,diurnal,batched,30,P4_temporal,368.8961164666099
5,3,30,2,diurnal,batched,30,P4_temporal,378.2330419304908
5,3,30,2,diurnal,batched,30,P4_temporal,340.54315908563444
5,3,30,2,diurnal,batched,30,P4_temporal,353.64614502734526
5,3,30,2,diurnal,batched,30,P4_temporal,396.87426637684325
5,3,30,2,diurnal,batched,30,P4_temporal,357.4923286622709
5,3,30,2,diurnal,batched,30,P4_temporal,384.50814669825314
5,3,30,2,diurnal,batched,30,P4_temporal,406.5845950143562
5,3,30,2,diurnal,batched,30,P4_temporal,336.65628728486513
5,3,30,2,diurnal,batched,30,P4_temporal,378.1944685730973
5,3,30,2,diurnal,batched,30,P4_temporal,436.2757695834268
5,3,30,2,diurnal,batched,30,P4_temporal,307.90805072921376
5,3,30,2,diurnal,batched,30,P4_temporal,343.87426637684325
5,3,30,2,diurnal,batched,30,P4_temporal,367.8307456531504
5,3,30,2,diurnal,batched,30,P4_temporal,340.54315908563444
5,3,30,2,diurnal,batched,30,P4_temporal,413.4147798622424
5,3,30,2,diurnal,batched,30,P4_temporal,286.01822901164377
5,3,30,2,diurnal,batched,30,P4_temporal,324.57929744396705
5,3,30,2,diurnal,batched,30,P4_temporal,378.97205653707636
5,3,30,2,diurnal,batched,30,P4_temporal,392.85281002528023
5,3,30,2,diurnal,batched,30,P4_temporal,357.18195110262764
5,3,30,2,diurnal,batched,30,P4_temporal,392.68653822046247
5,3,30,2,diurnal,batched,30,P4_temporal,374.8520971302222
5,3,30,2,diurnal,batched,30,P4_temporal,374.35910443961325
5,3,30,2,diurnal,batched,30,P4_temporal,363.01223834504697
5,3,30,2,diurnal,batched,30,P4_temporal,308.0708821831404
5,3,30,2,diurnal,batched,30,P4_temporal,390.10620326459593
5,3,30,2,diurnal,batched,30,P4_temporal,383.8008706031239
5,3,30,2,diurnal,batched,30,P4_temporal,346.0554122974012
5,3,30,2,diurnal,batched,30,P4_temporal,379.4712341535164
5,3,30,2,diurnal,batched,30,P4_temporal,360.79818940573085
5,3,30,2,diurnal,batched,30,P4_temporal,363.86057605285214
5,3,30,2,diurnal,batched,30,P4_temporal,336.9144779398222
5,3,30,2,diurnal,batched,30,P4_temporal,333.7120442742313
5,3,30,2,diurnal,batched,30,P4_temporal,390.50032393279685
5,3,30,2,diurnal,batched,30,P4_temporal,369.7928014988436
5,3,30,2,diurnal,batched,30,P4_temporal,360.1198535755591
5,3,30,2,diurnal,batched,30,P4_temporal,366.3398164674486
5,3,30,2,diurnal,batched,30,P4_temporal,455.80428052069425
5,3,30,2,diurnal,batched,30,P4_temporal,339.0047012057483
5,3,30,2,diurnal,batched,30,P4_temporal,427.7274662079096
5,3,30,2,diurnal,batched,30,P4_temporal,419.50566181277316
5,3,30,2,diurnal,batched,30,P4_temporal,289.69835385842185
5,3,30,2,diurnal,batched,30,P4_temporal,313.7466642283039
5,3,30,2,diurnal,batched,30,P4_temporal,372.1283047532323
5,3,30,2,diurnal,batched,30,P4_temporal,377.60040654469685
5,3,30,2,diurnal,batched,30,P4_temporal,400.3208395213117
5,3,30,2,diurnal,batched,30,P4_temporal,393.496073744178
5,3,30,2,diurnal,batched,30,P4_temporal,321.67853115288585
5,3,30,2,diurnal,batched,30,P4_temporal,427.4941618151514
5,3,30,2,diurnal,batched,30,P4_temporal,380.81757216554126
5,3,30,2,diurnal,batched,30,P4_temporal,458.5435287392245
5,3,30,2,diurnal,batched,30,P4_temporal,390.24495686024625
5,3,30,2,diurnal,batched,30,P4_temporal,422.734878198514
5,3,30,2,diurnal,batched,30,P4_temporal,418.97487389910026
5,3,30,2,diurnal,batched,30,P4_temporal,370.65628728486513
5,3,30,2,diurnal,batched,30,P4_temporal,373.83222946277044
5,3,30,2,diurnal,batched,30,P4_temporal,342.01822901164377
5,3,30,2,diurnal,batched,30,P4_temporal,350.27158438910226
5,3,30,2,diurnal,batched,30,P4_temporal,378.26859216813455
5,3,30,2,diurnal,batched,30,P4_temporal,355.8961164666099
5,3,30,2,diurnal,batched,30,P4_temporal,398.5370984273079
5,3,30,2,diurnal,batched,30,P4_temporal,304.2099060572202
5,3,30,2,diurnal,batched,30,P4_temporal,340.05748590487997
5,3,30,2,diurnal,batched,30,P4_temporal,354.74068211971627
5,3,30,2,diurnal,batched,30,P4_temporal,380.8291193106097
5,3,30,2,diurnal,batched,30,P4_temporal,359.7089348054543
5,3,30,2,diurnal,batched,30,P4_temporal,337.9302926559058
5,3,30,2,diurnal,batched,30,P4_temporal,333.40410859737335
5,3,30,2,diurnal,batched,30,P4_temporal,378.1944685730973
5,3,30,2,diurnal,batched,30,P4_temporal,314.5198263722112
5,3,30,2,diurnal,batched,30,P4_temporal,365.54315908563444
5,3,30,2,diurnal,batched,30,P4_temporal,383.06752593979706
5,3,30,2,diurnal,batched,30,P4_temporal,378.2791302546587
5,3,30,2,diurnal,batched,30,P4_temporal,378.2791302546587
5,3,30,2,diurnal,batched,30,P4_temporal,341.4212274445997
5,3,30,2,diurnal,batched,30,P4_temporal,355.9019506731378
5,3,30,2,diurnal,batched,30,P4_temporal,304.2099060572202
5,3,30,2,diurnal,batched,30,P4_temporal,354.55168351946315
5,3,30,2,diurnal,batched,30,P4_temporal,348.37472410426824
5,3,30,2,diurnal,batched,30,P4_temporal,381.52824363395655
5,3,30,2,diurnal,batched,30,P4_temporal,401.94962460866026
5,3,30,2,diurnal,batched,30,P4_temporal,303.97192319333925
5,3,30,2,diurnal,batched,30,P4_temporal,361.691267340518
5,3,30,2,diurnal,batched,30,P4_temporal,337.0030691441277
5,3,30,2,diurnal,batched,30,P4_temporal,402.1000617515048
5,3,30,2,diurnal,batched,30,P4_temporal,355.31960289461585
5,3,30,2,diurnal,batched,30,P4_temporal,389.6245245919647
5,3,30,2,diurnal,batched,30,P4_temporal,345.4376410157019
5,3,30,2,diurnal,batched,30,P4_temporal,350.8291193106097
5,3,30,2,diurnal,batched,30,P4_temporal,376.8846583915372
5,3,30,2,diurnal,batched,30,P4_temporal,325.01391275230577
5,3,30,2,diurnal,batched,30,P4_temporal,401.7107901254425
5,3,30,2,diurnal,batched,30,P4_temporal,385.570470730807
5,3,30,2,diurnal,batched,30,P4_temporal,279.5446362985637
5,3,30,2,diurnal,batched,30,P4_temporal,289.0707216319581
5,3,30,2,diurnal,batched,30,P4_temporal,368.5446362985637
5,3,30,2,diurnal,batched,30,P4_temporal,357.7120442742313
5,3,30,2,diurnal,batched,30,P4_temporal,375.81757216554126
5,3,30,2,diurnal,batched,30,P4_temporal,417.30814037152584
5,3,30,2,diurnal,batched,30,P4_temporal,439.86057605285214
5,3,30,2,diurnal,batched,30,P4_temporal,394.45065810903577
5,3,30,2,diurnal,batched,30,P4_temporal,359.1198535755591
5,3,30,2,diurnal,batched,30,P4_temporal,379.4712341535164
5,3,30,2,diurnal,batched,30,P4_temporal,362.7132097144881
5,3,30,2,diurnal,batched,30,P4_temporal,430.43548557578697
5,3,30,2,diurnal,batched,30,P4_temporal,382.34991150343734
5,3,30,2,diurnal,batched,30,P4_temporal,333.8435149900679
5,3,30,2,diurnal,batched,30,P4_temporal,327.3925700566109
5,3,30,2,diurnal,batched,30,P4_temporal,459.8435149900679
5,3,30,2,diurnal,batched,30,P4_temporal,315.7434704971464
5,3,30,2,diurnal,batched,30,P4_temporal,402.4607305756404
5,3,30,2,diurnal,batched,30,P4_temporal,357.97205653707636
5,3,30,2,diurnal,batched,30,P4_temporal,392.68653822046247
5,3,30,2,diurnal,batched,30,P4_temporal,385.9029016418988
5,3,30,2,diurnal,batched,30,P4_temporal,383.795611969957
5,3,30,2,diurnal,batched,30,P4_temporal,402.1000617515048
5,3,30,2,diurnal,batched,30,P4_temporal,374.60836238595914
5,3,30,2,diurnal,batched,30,P4_temporal,328.181977069558
5,3,30,2,diurnal,batched,30,P4_temporal,457.4882550357627
5,3,30,2,diurnal,batched,30,P4_temporal,385.3501773366782
5,3,30,2,diurnal,batched,30,P4_temporal,427.7274662079096
5,3,30,2,diurnal,batched,30,P4_temporal,488.23971700062674
5,3,30,2,diurnal,batched,30,P4_temporal,430.43548557578697
5,3,30,2,diurnal,batched,30,P4_temporal,376.0081358052138
5,3,30,2,diurnal,batched,30,P4_temporal,374.58472387835513
5,3,30,2,diurnal,batched,30,P4_temporal,344.1866114707298
5,3,30,2,diurnal,batched,30,P4_temporal,401.20268398043754
5,3,30,2,diurnal,batched,30,P4_temporal,352.7078496522754
5,3,30,2,diurnal,batched,30,P4_temporal,391.1000617515048
5,3,30,2,diurnal,batched,30,P4_temporal,360.80056339527823
5,3,30,2,diurnal,batched,30,P4_temporal,353.64614502734526
5,3,30,2,diurnal,batched,30,P4_temporal,357.8291193106097
5,3,30,2,diurnal,batched,30,P4_temporal,407.0262515884581
5,3,30,2,diurnal,batched,30,P4_temporal,349.8008706031239
5,3,30,2,diurnal,batched,30,P4_temporal,328.7003708015439
5,3,30,2,diurnal,batched,30,P4_temporal,320.98429609026584
5,3,30,2,diurnal,batched,30,P4_temporal,376.80344477789674
5,3,30,2,diurnal,batched,30,P4_temporal,319.2516492729687
5,3,30,2,diurnal,batched,30,P4_temporal,322.734878198514
5,3,30,2,diurnal,batched,30,P4_temporal,399.9689337097352
5,3,30,2,diurnal,batched,30,P4_temporal,427.4941618151514
5,3,30,2,diurnal,batched,30,P4_temporal,329.75476050182175
5,3,30,2,diurnal,batched,30,P4_temporal,405.50566181277316
5,3,30,2,diurnal,batched,30,P4_temporal,374.35910443961325
5,3,30,2,diurnal,batched,30,P4_temporal,401.18811717204863
5,3,30,2,diurnal,batched,30,P4_temporal,378.8596745210126
5,3,30,2,diurnal,batched,30,P4_temporal,362.26907322616273
5,3,30,2,diurnal,batched,30,P4_temporal,341.496073744178
5,3,30,2,diurnal,batched,30,P4_temporal,374.4147798622424
5,3,30,2,diurnal,batched,30,P5_phi,301.53928688313266
5,3,30,2,diurnal,batched,30,P5_phi,423.2565042883038
5,3,30,2,diurnal,batched,30,P5_phi,348.04227880501855
5,3,30,2,diurnal,batched,30,P5_phi,340.15857198646904
5,3,30,2,diurnal,batched,30,P5_phi,337.9302926559058
5,3,30,2,diurnal,batched,30,P5_phi,421.57883444779304
5,3,30,2,diurnal,batched,30,P5_phi,339.452332528847
5,3,30,2,diurnal,batched,30,P5_phi,318.0235372461689
5,3,30,2,diurnal,batched,30,P5_phi,380.23971700062674
5,3,30,2,diurnal,batched,30,P5_phi,354.3500872691594
5,3,30,2,diurnal,batched,30,P5_phi,402.60836238595914
5,3,30,2,diurnal,batched,30,P5_phi,330.13631150321095
5,3,30,2,diurnal,batched,30,P5_phi,286.51942670862695
5,3,30,2,diurnal,batched,30,P5_phi,344.503051168518
5,3,30,2,diurnal,batched,30,P5_phi,399.9689337097352
5,3,30,2,diurnal,batched,30,P5_phi,312.86935786495906
5,3,30,2,diurnal,batched,30,P5_phi,356.8725416641313
5,3,30,2,diurnal,batched,30,P5_phi,359.36274002179255
5,3,30,2,diurnal,batched,30,P5_phi,382.68090578108183
5,3,30,2,diurnal,batched,30,P5_phi,374.9019506731378
5,3,30,2,diurnal,batched,30,P5_phi,362.57883444779304
5,3,30,2,diurnal,batched,30,P5_phi,430.7240319425747
5,3,30,2,diurnal,batched,30,P5_phi,382.68090578108183
5,3,30,2,diurnal,batched,30,P5_phi,458.5435287392245
5,3,30,2,diurnal,batched,30,P5_phi,379.0329494312971
5,3,30,2,diurnal,batched,30,P5_phi,362.88431688821197
5,3,30,2,diurnal,batched,30,P5_phi,395.3330885278582
5,3,30,2,diurnal,batched,30,P5_phi,425.3440224589387
5,3,30,2,diurnal,batched,30,P5_phi,351.2066200934971
5,3,30,2,diurnal,batched,30,P5_phi,399.9689337097352
5,3,30,2,diurnal,batched,30,P5_phi,369.99681387930525
5,3,30,2,diurnal,batched,30,P5_phi,337.9302926559058
5,3,30,2,diurnal,batched,30,P5_phi,354.3500872691594
5,3,30,2,diurnal,batched,30,P5_phi,346.1327439977127
5,3,30,2,diurnal,batched,30,P5_phi,377.35434837203263
5,3,30,2,diurnal,batched,30,P5_phi,355.31960289461585
5,3,30,2,diurnal,batched,30,P5_phi,399.90781032371194
5,3,30,2,diurnal,batched,30,P5_phi,449.470244355671
5,3,30,2,diurnal,batched,30,P5_phi,299.8605405221182
5,3,30,2,diurnal,batched,30,P5_phi,423.8291193106097
5,3,30,2,diurnal,batched,30,P5_phi,424.0101905111568
5,3,30,2,diurnal,batched,30,P5_phi,348.88431688821197
5,3,30,2,diurnal,batched,30,P5_phi,328.7003708015439
5,3,30,2,diurnal,batched,30,P5_phi,423.8291193106097
5,3,30,2,diurnal,batched,30,P5_phi,315.45289167960107
5,3,30,2,diurnal,batched,30,P5_phi,343.15857198646904
5,3,30,2,diurnal,batched,30,P5_phi,446.1283047532323
5,3,30,2,diurnal,batched,30,P5_phi,395.6334407150598
5,3,30,2,diurnal,batched,30,P5_phi,372.7108792260608
5,3,30,2,diurnal,batched,30,P5_phi,322.30070520331685
5,3,30,2,diurnal,batched,30,P5_phi,295.1283047532323
5,3,30,2,diurnal,batched,30,P5_phi,441.8353080500307
5,3,30,2,diurnal,batched,30,P5_phi,362.88431688821197
5,3,30,2,diurnal,batched,30,P5_phi,351.2066200934971
5,3,30,2,diurnal,batched,30,P5_phi,267.41935355096143
5,3,30,2,diurnal,batched,30,P5_phi,295.1283047532323
5,3,30,2,diurnal,batched,30,P5_phi,398.718262715018
5,3,30,2,diurnal,batched,30,P5_phi,312.7928014988436
5,3,30,2,diurnal,batched,30,P5_phi,381.9221783635844
5,3,30,2,diurnal,batched,30,P5_phi,392.719878972474
5,3,30,2,diurnal,batched,30,P5_phi,343.15857198646904
5,3,30,2,diurnal,batched,30,P5_phi,401.09407933667825
5,3,30,2,diurnal,batched,30,P5_phi,317.8406924740076
5,3,30,2,diurnal,batched,30,P5_phi,457.4882550357627
5,3,30,2,diurnal,batched,30,P5_phi,305.89862651065715
5,3,30,2,diurnal,batched,30,P5_phi,295.1283047532323
5,3,30,2,diurnal,batched,30,P5_phi,402.1247753963455
5,3,30,2,diurnal,batched,30,P5_phi,359.36274002179255
5,3,30,2,diurnal,batched,30,P5_phi,307.90805072921376
5,3,30,2,diurnal,batched,30,P5_phi,367.88664547564133
5,3,30,2,diurnal,batched,30,P5_phi,418.1377759444267
5,3,30,2,diurnal,batched,30,P5_phi,312.13631150321095
5,3,30,2,diurnal,batched,30,P5_phi,306.63382848410674
5,3,30,2,diurnal,batched,30,P5_phi,458.5435287392245
5,3,30,2,diurnal,batched,30,P5_phi,433.3711938682568
5,3,30,2,diurnal,batched,30,P5_phi,341.803249271308
5,3,30,2,diurnal,batched,30,P5_phi,363.34937788205644
5,3,30,2,diurnal,batched,30,P5_phi,348.04227880501855
5,3,30,2,diurnal,batched,30,P5_phi,322.30070520331685
5,3,30,2,diurnal,batched,30,P5_phi,366.24067725406866
5,3,30,2,diurnal,batched,30,P5_phi,305.89862651065715
5,3,30,2,diurnal,batched,30,P5_phi,366.24067725406866
5,3,30,2,diurnal,batched,30,P5_phi,383.795611969957
5,3,30,2,diurnal,batched,30,P5_phi,305.496073744178
5,3,30,2,diurnal,batched,30,P5_phi,402.1247753963455
5,3,30,2,diurnal,batched,30,P5_phi,418.1377759444267
5,3,30,2,diurnal,batched,30,P5_phi,323.2066200934971
5,3,30,2,diurnal,batched,30,P5_phi,299.8295404720929
5,3,30,2,diurnal,batched,30,P5_phi,339.452332528847
5,3,30,2,diurnal,batched,30,P5_phi,377.35434837203263
5,3,30,2,diurnal,batched,30,P5_phi,399.2701891191499
5,3,30,2,diurnal,batched,30,P5_phi,340.1451028859095
5,3,30,2,diurnal,batched,30,P5_phi,341.4147798622424
5,3,30,2,diurnal,batched,30,P5_phi,312.21000537995747
5,3,30,2,diurnal,batched,30,P5_phi,337.9302926559058
5,3,30,2,diurnal,batched,30,P5_phi,317.1247753963455
5,3,30,2,diurnal,batched,30,P5_phi,344.0262515884581
5,3,30,2,diurnal,batched,30,P5_phi,423.2532584817488
5,3,30,2,diurnal,batched,30,P5_phi,389.54613786036236
5,3,30,2,diurnal,batched,30,P5_phi,348.04227880501855
5,3,30,2,diurnal,batched,30,P5_phi,353.3022562567272
5,3,30,2,diurnal,batched,30,P5_phi,311.19060520173105
5,3,30,2,diurnal,batched,30,P5_phi,330.83222946277044
5,3,30,2,diurnal,batched,30,P5_phi,343.37622475218336
5,3,30,2,diurnal,batched,30,P5_phi,362.88431688821197
5,3,30,2,diurnal,batched,30,P5_phi,358.2516492729687
5,3,30,2,diurnal,batched,30,P5_phi,338.9019506731378
5,3,30,2,diurnal,batched,30,P5_phi,327.64529766243174
5,3,30,2,diurnal,batched,30,P5_phi,403.4376410157019
5,3,30,2,diurnal,batched,30,P5_phi,398.718262715018
5,3,30,2,diurnal,batched,30,P5_phi,330.83222946277044
5,3,30,2,diurnal,batched,30,P5_phi,395.6334407150598
5,3,30,2,diurnal,batched,30,P5_phi,274.42721331995034
5,3,30,2,diurnal,batched,30,P5_phi,306.63382848410674
5,3,30,2,diurnal,batched,30,P5_phi,382.20136192994937
5,3,30,2,diurnal,batched,30,P5_phi,382.80063667621533
5,3,30,2,diurnal,batched,30,P5_phi,380.23971700062674
5,3,30,2,diurnal,batched,30,P5_phi,449.470244355671
5,3,30,2,diurnal,batched,30,P5_phi,334.7274662079096
5,3,30,2,diurnal,batched,30,P5_phi,299.8605405221182
5,3,30,2,diurnal,batched,30,P5_phi,380.42272159573855
5,3,30,2,diurnal,batched,30,P5_phi,394.6848204921124
5,3,30,2,diurnal,batched,30,P5_phi,295.1283047532323
5,3,30,2,diurnal,batched,30,P5_phi,339.452332528847
5,3,30,2,diurnal,batched,30,P5_phi,362.57883444779304
5,3,30,2,diurnal,batched,30,P5_phi,374.9019506731378
5,3,30,2,diurnal,batched,30,P5_phi,449.470244355671
5,3,30,2,diurnal,batched,30,P5_phi,341.9221783635844
5,3,30,2,diurnal,batched,30,P5_phi,430.7487611063204
5,3,30,2,diurnal,batched,30,P5_phi,413.1377759444267
5,3,30,2,diurnal,batched,30,P5_phi,366.24067725406866
5,3,30,2,diurnal,batched,30,P5_phi,399.0708821831404
5,3,30,2,diurnal,batched,30,P5_phi,399.9689337097352
5,3,30,2,diurnal,batched,30,P5_phi,382.20136192994937
5,3,30,2,diurnal,batched,30,P5_phi,368.81603937443157
5,3,30,2,diurnal,batched,30,P5_phi,368.08854653087656
5,3,30,2,diurnal,batched,30,P5_phi,351.2066200934971
5,3,30,2,diurnal,batched,30,P5_phi,330.83222946277044
5,3,30,2,diurnal,batched,30,P5_phi,441.5446362985637
5,3,30,2,diurnal,batched,30,P5_phi,402.1247753963455
5,3,30,2,diurnal,batched,30,P5_phi,380.23971700062674
5,3,30,2,diurnal,batched,30,P5_phi,430.7487611063204
5,3,30,2,diurnal,batched,30,P5_phi,344.503051168518
5,3,30,2,diurnal,batched,30,P5_phi,378.97205653707636
5,3,30,2,diurnal,batched,30,P5_phi,341.4147798622424
5,3,30,2,diurnal,batched,30,P5_phi,339.452332528847
5,3,30,2,diurnal,batched,30,P5_phi,344.0262515884581
5,3,30,2,diurnal,batched,30,P5_phi,318.0235372461689
5,3,30,2,diurnal,batched,30,P5_phi,354.2372292406823
5,3,30,2,diurnal,batched,30,P5_phi,401.01210570557294
5,3,30,2,diurnal,batched,30,P5_phi,386.2095080940685
5,3,30,2,diurnal,batched,30,P5_phi,441.5446362985637
5,3,30,2,diurnal,batched,30,P5_phi,366.73752820288297
5,3,30,2,diurnal,batched,30,P5_phi,288.25889559284997
5,3,30,2,diurnal,batched,30,P5_phi,337.9302926559058
5,3,30,2,diurnal,batched,30,P5_phi,389.54613786036236
5,3,30,2,diurnal,batched,30,P5_phi,359.36274002179255
5,3,30,2,diurnal,batched,30,P5_phi,445.7951108884963
5,3,30,2,diurnal,batched,30,P5_phi,354.2372292406823
5,3,30,2,diurnal,batched,30,P5_phi,338.9019506731378
5,3,30,2,diurnal,batched,30,P5_phi,416.68653822046247
5,3,30,2,diurnal,batched,30,P5_phi,352.45538281318056
5,3,30,2,diurnal,batched,30,P5_phi,357.45051013593326
5,3,30,2,diurnal,batched,30,P5_phi,335.54315908563444
5,3,30,2,diurnal,batched,30,P5_phi,369.99681387930525
5,3,30,2,diurnal,batched,30,P5_phi,343.15857198646904
5,3,30,2,diurnal,batched,30,P5_phi,328.1465714498756
5,3,30,2,diurnal,batched,30,P5_phi,413.1377759444267
5,3,30,2,diurnal,batched,30,P5_phi,382.68090578108183
5,3,30,2,diurnal,batched,30,P5_phi,340.1451028859095
5,3,30,2,diurnal,batched,30,P5_phi,311.34125069429115
5,3,30,2,diurnal,batched,30,P5_phi,312.97619508125354
5,3,30,2,diurnal,batched,30,P5_phi,398.6049863013985
5,3,30,2,diurnal,batched,30,P5_phi,322.30070520331685
5,3,30,2,diurnal,batched,30,P5_phi,305.496073744178
5,3,30,2,diurnal,batched,30,P5_phi,344.0262515884581
5,3,30,2,diurnal,batched,30,P5_phi,380.93158224078434
5,3,30,2,diurnal,batched,30,P5_phi,299.8295404720929
5,3,30,2,diurnal,batched,30,P5_phi,327.64529766243174
5,3,30,2,diurnal,batched,30,P5_phi,340.1451028859095
5,3,30,2,diurnal,batched,30,P5_phi,377.35434837203263
5,3,30,2,diurnal,batched,30,P5_phi,343.15857198646904
5,3,30,2,diurnal,batched,30,P5_phi,330.03194742229124
5,3,30,2,diurnal,batched,30,P5_phi,383.795611969957
5,3,30,2,diurnal,batched,30,P5_phi,398.6049863013985
5,3,30,2,diurnal,batched,30,P5_phi,301.53928688313266
5,3,30,2,diurnal,batched,30,P5_phi,396.0101905111568
5,3,30,2,diurnal,batched,30,P5_phi,406.39087767433375
5,3,30,2,diurnal,batched,30,P5_phi,311.19060520173105
5,3,30,2,diurnal,batched,30,P5_phi,311.19060520173105
5,3,30,2,diurnal,batched,30,P5_phi,393.88431688821197
5,3,30,2,diurnal,batched,30,P5_phi,366.89327723375345
5,3,30,2,diurnal,batched,30,P5_phi,375.89660432214896
5,3,30,2,diurnal,batched,30,P5_phi,352.19841590422686
5,3,30,2,diurnal,batched,30,P5_phi,374.9019506731378
5,3,30,2,diurnal,batched,30,P5_phi,274.42721331995034
5,3,30,2,diurnal,batched,30,P5_phi,377.48474853663595
5,3,30,2,diurnal,batched,30,P5_phi,366.73752820288297
5,3,30,2,diurnal,batched,30,P5_phi,344.0262515884581
5,3,30,2,diurnal,batched,30,P5_phi,321.97619508125354
5,3,30,2,diurnal,batched,30,P6_spo_tree,373.20721738334396
5,3,30,2,diurnal,batched,30,P6_spo_tree,391.3668976796102
5,3,30,2,diurnal,batched,30,P6_spo_tree,369.15401035782736
5,3,30,2,diurnal,batched,30,P6_spo_tree,299.8295404720929
5,3,30,2,diurnal,batched,30,P6_spo_tree,408.9019506731378
5,3,30,2,diurnal,batched,30,P6_spo_tree,377.5250117108162
5,3,30,2,diurnal,batched,30,P6_spo_tree,399.2701891191499
5,3,30,2,diurnal,batched,30,P6_spo_tree,318.9689337097352
5,3,30,2,diurnal,batched,30,P6_spo_tree,422.8291193106097
5,3,30,2,diurnal,batched,30,P6_spo_tree,397.48209332817686
5,3,30,2,diurnal,batched,30,P6_spo_tree,393.803249271308
5,3,30,2,diurnal,batched,30,P6_spo_tree,381.2066200934971
5,3,30,2,diurnal,batched,30,P6_spo_tree,311.19060520173105
5,3,30,2,diurnal,batched,30,P6_spo_tree,322.284987348318
5,3,30,2,diurnal,batched,30,P6_spo_tree,337.68292581286335
5,3,30,2,diurnal,batched,30,P6_spo_tree,395.80056339527823
5,3,30,2,diurnal,batched,30,P6_spo_tree,333.3500872691594
5,3,30,2,diurnal,batched,30,P6_spo_tree,295.6494189291692
5,3,30,2,diurnal,batched,30,P6_spo_tree,358.7078496522754
5,3,30,2,diurnal,batched,30,P6_spo_tree,321.6594168961952
5,3,30,2,diurnal,batched,30,P6_spo_tree,324.89660432214896
5,3,30,2,diurnal,batched,30,P6_spo_tree,386.24495686024625
5,3,30,2,diurnal,batched,30,P6_spo_tree,366.1944685730973
5,3,30,2,diurnal,batched,30,P6_spo_tree,391.89660432214896
5,3,30,2,diurnal,batched,30,P6_spo_tree,305.42629136029046
5,3,30,2,diurnal,batched,30,P6_spo_tree,295.7862556784914
5,3,30,2,diurnal,batched,30,P6_spo_tree,338.9745319385705
5,3,30,2,diurnal,batched,30,P6_spo_tree,423.61885756644944
5,3,30,2,diurnal,batched,30,P6_spo_tree,397.99681387930525
5,3,30,2,diurnal,batched,30,P6_spo_tree,341.8373474969728
5,3,30,2,diurnal,batched,30,P6_spo_tree,333.50565992407303
5,3,30,2,diurnal,batched,30,P6_spo_tree,347.9302926559058
5,3,30,2,diurnal,batched,30,P6_spo_tree,377.89862651065715
5,3,30,2,diurnal,batched,30,P6_spo_tree,439.566871304839
5,3,30,2,diurnal,batched,30,P6_spo_tree,326.50111405789596
5,3,30,2,diurnal,batched,30,P6_spo_tree,399.8520971302222
5,3,30,2,diurnal,batched,30,P6_spo_tree,326.4844269742149
5,3,30,2,diurnal,batched,30,P6_spo_tree,367.8689919932827
5,3,30,2,diurnal,batched,30,P6_spo_tree,302.3501773366782
5,3,30,2,diurnal,batched,30,P6_spo_tree,418.06680665678505
5,3,30,2,diurnal,batched,30,P6_spo_tree,433.7240319425747
5,3,30,2,diurnal,batched,30,P6_spo_tree,411.0329494312971
5,3,30,2,diurnal,batched,30,P6_spo_tree,425.23971700062674
5,3,30,2,diurnal,batched,30,P6_spo_tree,391.9303838973009
5,3,30,2,diurnal,batched,30,P6_spo_tree,409.11857772712926
5,3,30,2,diurnal,batched,30,P6_spo_tree,407.86935786495906
5,3,30,2,diurnal,batched,30,P6_spo_tree,432.3660320001112
5,3,30,2,diurnal,batched,30,P6_spo_tree,395.048292557127
5,3,30,2,diurnal,batched,30,P6_spo_tree,340.9745825784262
5,3,30,2,diurnal,batched,30,P6_spo_tree,343.51942670862695
5,3,30,2,diurnal,batched,30,P6_spo_tree,335.54315908563444
5,3,30,2,diurnal,batched,30,P6_spo_tree,383.5578495298689
5,3,30,2,diurnal,batched,30,P6_spo_tree,388.5074497325587
5,3,30,2,diurnal,batched,30,P6_spo_tree,412.8406924740076
5,3,30,2,diurnal,batched,30,P6_spo_tree,361.45289167960107
5,3,30,2,diurnal,batched,30,P6_spo_tree,430.701904489541
5,3,30,2,diurnal,batched,30,P6_spo_tree,360.1866114707298
5,3,30,2,diurnal,batched,30,P6_spo_tree,391.3668976796102
5,3,30,2,diurnal,batched,30,P6_spo_tree,362.26907322616273
5,3,30,2,diurnal,batched,30,P6_spo_tree,441.74068211971627
5,3,30,2,diurnal,batched,30,P6_spo_tree,346.5198263722112
5,3,30,2,diurnal,batched,30,P6_spo_tree,365.2757695834268
5,3,30,2,diurnal,batched,30,P6_spo_tree,332.9221783635844
5,3,30,2,diurnal,batched,30,P6_spo_tree,383.86935786495906
5,3,30,2,diurnal,batched,30,P6_spo_tree,329.2516492729687
5,3,30,2,diurnal,batched,30,P6_spo_tree,325.4539699142573
5,3,30,2,diurnal,batched,30,P6_spo_tree,333.503051168518
5,3,30,2,diurnal,batched,30,P6_spo_tree,486.2660722600924
5,3,30,2,diurnal,batched,30,P6_spo_tree,345.7194293493924
5,3,30,2,diurnal,batched,30,P6_spo_tree,277.7074606937613
5,3,30,2,diurnal,batched,30,P6_spo_tree,331.4342745054416
5,3,30,2,diurnal,batched,30,P6_spo_tree,430.2791302546587
5,3,30,2,diurnal,batched,30,P6_spo_tree,343.98429609026584
5,3,30,2,diurnal,batched,30,P6_spo_tree,294.6486444304585
5,3,30,2,diurnal,batched,30,P6_spo_tree,413.4147798622424
5,3,30,2,diurnal,batched,30,P6_spo_tree,351.7894278684753
5,3,30,2,diurnal,batched,30,P6_spo_tree,405.7398353243553
5,3,30,2,diurnal,batched,30,P6_spo_tree,357.45131328362595
5,3,30,2,diurnal,batched,30,P6_spo_tree,320.3440224589387
5,3,30,2,diurnal,batched,30,P6_spo_tree,393.803249271308
5,3,30,2,diurnal,batched,30,P6_spo_tree,309.98429609026584
5,3,30,2,diurnal,batched,30,P6_spo_tree,305.00187903304595
5,3,30,2,diurnal,batched,30,P6_spo_tree,358.10818456895737
5,3,30,2,diurnal,batched,30,P6_spo_tree,359.39087767433375
5,3,30,2,diurnal,batched,30,P6_spo_tree,377.89660432214896
5,3,30,2,diurnal,batched,30,P6_spo_tree,450.94962460866026
5,3,30,2,diurnal,batched,30,P6_spo_tree,342.89660432214896
5,3,30,2,diurnal,batched,30,P6_spo_tree,389.68090578108183
5,3,30,2,diurnal,batched,30,P6_spo_tree,370.6381500966194
5,3,30,2,diurnal,batched,30,P6_spo_tree,344.57883444779304
5,3,30,2,diurnal,batched,30,P6_spo_tree,312.0384298235286
5,3,30,2,diurnal,batched,30,P6_spo_tree,391.03194742229124
5,3,30,2,diurnal,batched,30,P6_spo_tree,419.01327197979606
5,3,30,2,diurnal,batched,30,P6_spo_tree,339.795611969957
5,3,30,2,diurnal,batched,30,P6_spo_tree,306.13973302478297
5,3,30,2,diurnal,batched,30,P6_spo_tree,380.88431688821197
5,3,30,2,diurnal,batched,30,P6_spo_tree,364.6334407150598
5,3,30,2,diurnal,batched,30,P6_spo_tree,339.71777959580515
5,3,30,2,diurnal,batched,30,P6_spo_tree,386.3174011179391
5,3,30,2,diurnal,batched,30,P6_spo_tree,369.6334407150598
5,3,30,2,diurnal,batched,30,P6_spo_tree,392.1914726206945
5,3,30,2,diurnal,batched,30,P6_spo_tree,345.4145067855965
5,3,30,2,diurnal,batched,30,P6_spo_tree,345.4376410157019
5,3,30,2,diurnal,batched,30,P6_spo_tree,428.9687169799931
5,3,30,2,diurnal,batched,30,P6_spo_tree,406.47109088403863
5,3,30,2,diurnal,batched,30,P6_spo_tree,328.75071550035545
5,3,30,2,diurnal,batched,30,P6_spo_tree,387.9616056418926
5,3,30,2,diurnal,batched,30,P6_spo_tree,366.23971700062674
5,3,30,2,diurnal,batched,30,P6_spo_tree,378.4945171895425
5,3,30,2,diurnal,batched,30,P6_spo_tree,414.18811717204863
5,3,30,2,diurnal,batched,30,P6_spo_tree,407.57883444779304
5,3,30,2,diurnal,batched,30,P6_spo_tree,339.0341235895568
5,3,30,2,diurnal,batched,30,P6_spo_tree,392.57929744396705
5,3,30,2,diurnal,batched,30,P6_spo_tree,372.4145067855965
5,3,30,2,diurnal,batched,30,P6_spo_tree,390.90781032371194
5,3,30,2,diurnal,batched,30,P6_spo_tree,385.691267340518
5,3,30,2,diurnal,batched,30,P6_spo_tree,304.470244355671
5,3,30,2,diurnal,batched,30,P6_spo_tree,338.1914686218947
5,3,30,2,diurnal,batched,30,P6_spo_tree,386.3925700566109
5,3,30,2,diurnal,batched,30,P6_spo_tree,376.64614502734526
5,3,30,2,diurnal,batched,30,P6_spo_tree,374.4147798622424
5,3,30,2,diurnal,batched,30,P6_spo_tree,431.4145067855965
5,3,30,2,diurnal,batched,30,P6_spo_tree,459.13886690279793
5,3,30,2,diurnal,batched,30,P6_spo_tree,329.45051013593326
5,3,30,2,diurnal,batched,30,P6_spo_tree,342.23168084926306
5,3,30,2,diurnal,batched,30,P6_spo_tree,297.55168351946315
5,3,30,2,diurnal,batched,30,P6_spo_tree,329.4946687688598
5,3,30,2,diurnal,batched,30,P6_spo_tree,427.68292581286335
5,3,30,2,diurnal,batched,30,P6_spo_tree,390.9755135756309
5,3,30,2,diurnal,batched,30,P6_spo_tree,363.1158168947646
5,3,30,2,diurnal,batched,30,P6_spo_tree,403.60836238595914
5,3,30,2,diurnal,batched,30,P6_spo_tree,406.39087767433375
5,3,30,2,diurnal,batched,30,P6_spo_tree,332.54613786036236
5,3,30,2,diurnal,batched,30,P6_spo_tree,413.4825214952459
5,3,30,2,diurnal,batched,30,P6_spo_tree,409.48474853663595
5,3,30,2,diurnal,batched,30,P6_spo_tree,255.04544963461512
5,3,30,2,diurnal,batched,30,P6_spo_tree,344.97619508125354
5,3,30,2,diurnal,batched,30,P6_spo_tree,339.83222946277044
5,3,30,2,diurnal,batched,30,P6_spo_tree,365.4320136605661
5,3,30,2,diurnal,batched,30,P6_spo_tree,366.9019506731378
5,3,30,2,diurnal,batched,30,P6_spo_tree,389.5329580167439
5,3,30,2,diurnal,batched,30,P6_spo_tree,315.87729365551434
5,3,30,2,diurnal,batched,30,P6_spo_tree,403.8846583915372
5,3,30,2,diurnal,batched,30,P6_spo_tree,396.0047012057483
5,3,30,2,diurnal,batched,30,P6_spo_tree,348.1688959918727
5,3,30,2,diurnal,batched,30,P6_spo_tree,438.0921166034906
5,3,30,2,diurnal,batched,30,P6_spo_tree,339.01136123429393
5,3,30,2,diurnal,batched,30,P6_spo_tree,348.7108792260608
5,3,30,2,diurnal,batched,30,P6_spo_tree,360.803249271308
5,3,30,2,diurnal,batched,30,P6_spo_tree,410.06715875841957
5,3,30,2,diurnal,batched,30,P6_spo_tree,397.18195110262764
5,3,30,2,diurnal,batched,30,P6_spo_tree,382.470244355671
5,3,30,2,diurnal,batched,30,P6_spo_tree,396.71651008517756
5,3,30,2,diurnal,batched,30,P6_spo_tree,343.9616056418926
5,3,30,2,diurnal,batched,30,P6_spo_tree,410.85129145767723
5,3,30,2,diurnal,batched,30,P6_spo_tree,401.4882550357627
5,3,30,2,diurnal,batched,30,P6_spo_tree,353.3925700566109
5,3,30,2,diurnal,batched,30,P6_spo_tree,368.4941618151514
5,3,30,2,diurnal,batched,30,P6_spo_tree,327.6381500966194
5,3,30,2,diurnal,batched,30,P6_spo_tree,335.3001759758059
5,3,30,2,diurnal,batched,30,P6_spo_tree,374.048292557127
5,3,30,2,diurnal,batched,30,P6_spo_tree,396.89327723375345
5,3,30,2,diurnal,batched,30,P6_spo_tree,372.57883444779304
5,3,30,2,diurnal,batched,30,P6_spo_tree,324.7240319425747
5,3,30,2,diurnal,batched,30,P6_spo_tree,373.12841174012135
5,3,30,2,diurnal,batched,30,P6_spo_tree,375.41523727478096
5,3,30,2,diurnal,batched,30,P6_spo_tree,335.0700304374395
5,3,30,2,diurnal,batched,30,P6_spo_tree,339.89660432214896
5,3,30,2,diurnal,batched,30,P6_spo_tree,373.8596745210126
5,3,30,2,diurnal,batched,30,P6_spo_tree,359.94962460866026
5,3,30,2,diurnal,batched,30,P6_spo_tree,334.30814037152584
5,3,30,2,diurnal,batched,30,P6_spo_tree,404.24030256722875
5,3,30,2,diurnal,batched,30,P6_spo_tree,404.9221783635844
5,3,30,2,diurnal,batched,30,P6_spo_tree,400.90781032371194
5,3,30,2,diurnal,batched,30,P6_spo_tree,359.2791302546587
5,3,30,2,diurnal,batched,30,P6_spo_tree,408.0921166034906
5,3,30,2,diurnal,batched,30,P6_spo_tree,313.9067211322852
5,3,30,2,diurnal,batched,30,P6_spo_tree,367.5102810390443
5,3,30,2,diurnal,batched,30,P6_spo_tree,309.18869507106876
5,3,30,2,diurnal,batched,30,P6_spo_tree,353.64614502734526
5,3,30,2,diurnal,batched,30,P6_spo_tree,333.8435149900679
5,3,30,2,diurnal,batched,30,P6_spo_tree,380.7238078842971
5,3,30,2,diurnal,batched,30,P6_spo_tree,323.0081358052138
5,3,30,2,diurnal,batched,30,P6_spo_tree,286.51942670862695
5,3,30,2,diurnal,batched,30,P6_spo_tree,356.7722218032132
5,3,30,2,diurnal,batched,30,P6_spo_tree,404.9302926559058
5,3,30,2,diurnal,batched,30,P6_spo_tree,359.9689337097352
5,3,30,2,diurnal,batched,30,P6_spo_tree,370.1327439977127
5,3,30,2,diurnal,batched,30,P6_spo_tree,294.5447065418893
5,3,30,2,diurnal,batched,30,P6_spo_tree,330.12841174012135
5,3,30,2,diurnal,batched,30,P6_spo_tree,332.81757216554126
5,3,30,2,diurnal,batched,30,P6_spo_tree,382.83222946277044
5,3,30,2,diurnal,batched,30,P6_spo_tree,313.2427913231933
5,3,30,2,diurnal,batched,30,P6_spo_tree,357.7434704971464
5,3,30,2,diurnal,batched,30,P6_spo_tree,370.9303838973009
5,3,30,2,diurnal,batched,30,P6_spo_tree,319.01822901164377
5,3,30,2,diurnal,batched,30,P6_spo_tree,308.41016697116737
5,3,30,2,diurnal,batched,30,P6_spo_tree,305.3001759758059
5,3,30,2,diurnal,batched,30,P6_spo_tree,401.7398353243553
5,3,30,2,diurnal,batched,30,P6_spo_tree,413.9689337097352
7,5,5,2,clustered,batched,8,P0_random,133.0
7,5,5,2,clustered,batched,8,P0_random,153.0
7,5,5,2,clustered,batched,8,P0_random,192.0
7,5,5,2,clustered,batched,8,P0_random,192.0
7,5,5,2,clustered,batched,8,P0_random,57.0
7,5,5,2,clustered,batched,8,P0_random,188.0
7,5,5,2,clustered,batched,8,P0_random,196.0
7,5,5,2,clustered,batched,8,P0_random,134.0
7,5,5,2,clustered,batched,8,P0_random,158.0
7,5,5,2,clustered,batched,8,P0_random,133.0
7,5,5,2,clustered,batched,8,P0_random,212.0
7,5,5,2,clustered,batched,8,P0_random,154.0
7,5,5,2,clustered,batched,8,P0_random,118.0
7,5,5,2,clustered,batched,8,P0_random,143.0
7,5,5,2,clustered,batched,8,P0_random,142.0
7,5,5,2,clustered,batched,8,P0_random,159.0
7,5,5,2,clustered,batched,8,P0_random,152.0
7,5,5,2,clustered,batched,8,P0_random,139.0
7,5,5,2,clustered,batched,8,P0_random,153.0
7,5,5,2,clustered,batched,8,P0_random,99.0
7,5,5,2,clustered,batched,8,P0_random,152.0
7,5,5,2,clustered,batched,8,P0_random,177.0
7,5,5,2,clustered,batched,8,P0_random,118.0
7,5,5,2,clustered,batched,8,P0_random,150.0
7,5,5,2,clustered,batched,8,P0_random,137.0
7,5,5,2,clustered,batched,8,P0_random,187.0
7,5,5,2,clustered,batched,8,P0_random,158.0
7,5,5,2,clustered,batched,8,P0_random,153.0
7,5,5,2,clustered,batched,8,P0_random,139.0
7,5,5,2,clustered,batched,8,P0_random,202.0
7,5,5,2,clustered,batched,8,P0_random,153.0
7,5,5,2,clustered,batched,8,P0_random,120.0
7,5,5,2,clustered,batched,8,P0_random,100.0
7,5,5,2,clustered,batched,8,P0_random,99.0
7,5,5,2,clustered,batched,8,P0_random,153.0
7,5,5,2,clustered,batched,8,P0_random,120.0
7,5,5,2,clustered,batched,8,P0_random,143.0
7,5,5,2,clustered,batched,8,P0_random,172.0
7,5,5,2,clustered,batched,8,P0_random,124.0
7,5,5,2,clustered,batched,8,P0_random,125.0
7,5,5,2,clustered,batched,8,P0_random,187.0
7,5,5,2,clustered,batched,8,P0_random,187.0
7,5,5,2,clustered,batched,8,P0_random,109.0
7,5,5,2,clustered,batched,8,P0_random,72.0
7,5,5,2,clustered,batched,8,P0_random,115.0
7,5,5,2,clustered,batched,8,P0_random,148.0
7,5,5,2,clustered,batched,8,P0_random,188.0
7,5,5,2,clustered,batched,8,P0_random,201.0
7,5,5,2,clustered,batched,8,P0_random,139.0
7,5,5,2,clustered,batched,8,P0_random,119.0
7,5,5,2,clustered,batched,8,P0_random,221.0
7,5,5,2,clustered,batched,8,P0_random,129.0
7,5,5,2,clustered,batched,8,P0_random,139.0
7,5,5,2,clustered,batched,8,P0_random,99.0
7,5,5,2,clustered,batched,8,P0_random,124.0
7,5,5,2,clustered,batched,8,P0_random,129.0
7,5,5,2,clustered,batched,8,P0_random,134.0
7,5,5,2,clustered,batched,8,P0_random,143.0
7,5,5,2,clustered,batched,8,P0_random,129.0
7,5,5,2,clustered,batched,8,P0_random,134.0
7,5,5,2,clustered,batched,8,P0_random,105.0
7,5,5,2,clustered,batched,8,P0_random,114.0
7,5,5,2,clustered,batched,8,P0_random,159.0
7,5,5,2,clustered,batched,8,P0_random,133.0
7,5,5,2,clustered,batched,8,P0_random,105.0
7,5,5,2,clustered,batched,8,P0_random,72.0
7,5,5,2,clustered,batched,8,P0_random,149.0
7,5,5,2,clustered,batched,8,P0_random,91.0
7,5,5,2,clustered,batched,8,P0_random,57.0
7,5,5,2,clustered,batched,8,P0_random,206.0
7,5,5,2,clustered,batched,8,P0_random,129.0
7,5,5,2,clustered,batched,8,P0_random,95.0
7,5,5,2,clustered,batched,8,P0_random,115.0
7,5,5,2,clustered,batched,8,P0_random,104.0
7,5,5,2,clustered,batched,8,P0_random,144.0
7,5,5,2,clustered,batched,8,P0_random,167.0
7,5,5,2,clustered,batched,8,P0_random,236.0
7,5,5,2,clustered,batched,8,P0_random,176.0
7,5,5,2,clustered,batched,8,P0_random,124.0
7,5,5,2,clustered,batched,8,P0_random,171.0
7,5,5,2,clustered,batched,8,P0_random,178.0
7,5,5,2,clustered,batched,8,P0_random,169.0
7,5,5,2,clustered,batched,8,P0_random,179.0
7,5,5,2,clustered,batched,8,P0_random,187.0
7,5,5,2,clustered,batched,8,P0_random,124.0
7,5,5,2,clustered,batched,8,P0_random,164.0
7,5,5,2,clustered,batched,8,P0_random,138.0
7,5,5,2,clustered,batched,8,P0_random,85.0
7,5,5,2,clustered,batched,8,P0_random,91.0
7,5,5,2,clustered,batched,8,P0_random,182.0
7,5,5,2,clustered,batched,8,P0_random,90.0
7,5,5,2,clustered,batched,8,P0_random,139.0
7,5,5,2,clustered,batched,8,P0_random,133.0
7,5,5,2,clustered,batched,8,P0_random,134.0
7,5,5,2,clustered,batched,8,P0_random,153.0
7,5,5,2,clustered,batched,8,P0_random,172.0
7,5,5,2,clustered,batched,8,P0_random,163.0
7,5,5,2,clustered,batched,8,P0_random,173.0
7,5,5,2,clustered,batched,8,P0_random,154.0
7,5,5,2,clustered,batched,8,P0_random,177.0
7,5,5,2,clustered,batched,8,P0_random,110.0
7,5,5,2,clustered,batched,8,P0_random,182.0
7,5,5,2,clustered,batched,8,P0_random,173.0
7,5,5,2,clustered,batched,8,P0_random,241.0
7,5,5,2,clustered,batched,8,P0_random,129.0
7,5,5,2,clustered,batched,8,P0_random,105.0
7,5,5,2,clustered,batched,8,P0_random,151.0
7,5,5,2,clustered,batched,8,P0_random,76.0
7,5,5,2,clustered,batched,8,P0_random,104.0
7,5,5,2,clustered,batched,8,P0_random,86.0
7,5,5,2,clustered,batched,8,P0_random,139.0
7,5,5,2,clustered,batched,8,P0_random,144.0
7,5,5,2,clustered,batched,8,P0_random,86.0
7,5,5,2,clustered,batched,8,P0_random,167.0
7,5,5,2,clustered,batched,8,P0_random,130.0
7,5,5,2,clustered,batched,8,P0_random,154.0
7,5,5,2,clustered,batched,8,P0_random,134.0
7,5,5,2,clustered,batched,8,P0_random,124.0
7,5,5,2,clustered,batched,8,P0_random,130.0
7,5,5,2,clustered,batched,8,P0_random,111.0
7,5,5,2,clustered,batched,8,P0_random,95.0
7,5,5,2,clustered,batched,8,P0_random,172.0
7,5,5,2,clustered,batched,8,P0_random,187.0
7,5,5,2,clustered,batched,8,P0_random,207.0
7,5,5,2,clustered,batched,8,P0_random,104.0
7,5,5,2,clustered,batched,8,P0_random,154.0
7,5,5,2,clustered,batched,8,P0_random,134.0
7,5,5,2,clustered,batched,8,P0_random,178.0
7,5,5,2,clustered,batched,8,P0_random,129.0
7,5,5,2,clustered,batched,8,P0_random,139.0
7,5,5,2,clustered,batched,8,P0_random,100.0
7,5,5,2,clustered,batched,8,P0_random,91.0
7,5,5,2,clustered,batched,8,P0_random,123.0
7,5,5,2,clustered,batched,8,P0_random,183.0
7,5,5,2,clustered,batched,8,P0_random,139.0
7,5,5,2,clustered,batched,8,P0_random,143.0
7,5,5,2,clustered,batched,8,P0_random,139.0
7,5,5,2,clustered,batched,8,P0_random,134.0
7,5,5,2,clustered,batched,8,P0_random,231.0
7,5,5,2,clustered,batched,8,P0_random,138.0
7,5,5,2,clustered,batched,8,P0_random,144.0
7,5,5,2,clustered,batched,8,P0_random,217.0
7,5,5,2,clustered,batched,8,P0_random,128.0
7,5,5,2,clustered,batched,8,P0_random,153.0
7,5,5,2,clustered,batched,8,P0_random,217.0
7,5,5,2,clustered,batched,8,P0_random,212.0
7,5,5,2,clustered,batched,8,P0_random,236.0
7,5,5,2,clustered,batched,8,P0_random,163.0
7,5,5,2,clustered,batched,8,P0_random,106.0
7,5,5,2,clustered,batched,8,P0_random,153.0
7,5,5,2,clustered,batched,8,P0_random,157.0
7,5,5,2,clustered,batched,8,P0_random,139.0
7,5,5,2,clustered,batched,8,P0_random,128.0
7,5,5,2,clustered,batched,8,P0_random,129.0
7,5,5,2,clustered,batched,8,P0_random,85.0
7,5,5,2,clustered,batched,8,P0_random,111.0
7,5,5,2,clustered,batched,8,P0_random,206.0
7,5,5,2,clustered,batched,8,P0_random,86.0
7,5,5,2,clustered,batched,8,P0_random,172.0
7,5,5,2,clustered,batched,8,P0_random,173.0
7,5,5,2,clustered,batched,8,P0_random,157.0
7,5,5,2,clustered,batched,8,P0_random,166.0
7,5,5,2,clustered,batched,8,P0_random,196.0
7,5,5,2,clustered,batched,8,P0_random,133.0
7,5,5,2,clustered,batched,8,P0_random,197.0
7,5,5,2,clustered,batched,8,P0_random,193.0
7,5,5,2,clustered,batched,8,P0_random,90.0
7,5,5,2,clustered,batched,8,P0_random,90.0
7,5,5,2,clustered,batched,8,P0_random,149.0
7,5,5,2,clustered,batched,8,P0_random,192.0
7,5,5,2,clustered,batched,8,P0_random,152.0
7,5,5,2,clustered,batched,8,P0_random,133.0
7,5,5,2,clustered,batched,8,P0_random,164.0
7,5,5,2,clustered,batched,8,P0_random,150.0
7,5,5,2,clustered,batched,8,P0_random,129.0
7,5,5,2,clustered,batched,8,P0_random,163.0
7,5,5,2,clustered,batched,8,P0_random,105.0
7,5,5,2,clustered,batched,8,P0_random,167.0
7,5,5,2,clustered,batched,8,P0_random,100.0
7,5,5,2,clustered,batched,8,P0_random,134.0
7,5,5,2,clustered,batched,8,P0_random,105.0
7,5,5,2,clustered,batched,8,P0_random,146.0
7,5,5,2,clustered,batched,8,P0_random,177.0
7,5,5,2,clustered,batched,8,P0_random,143.0
7,5,5,2,clustered,batched,8,P0_random,176.0
7,5,5,2,clustered,batched,8,P0_random,86.0
7,5,5,2,clustered,batched,8,P0_random,134.0
7,5,5,2,clustered,batched,8,P0_random,168.0
7,5,5,2,clustered,batched,8,P0_random,169.0
7,5,5,2,clustered,batched,8,P0_random,144.0
7,5,5,2,clustered,batched,8,P0_random,168.0
7,5,5,2,clustered,batched,8,P0_random,167.0
7,5,5,2,clustered,batched,8,P0_random,152.0
7,5,5,2,clustered,batched,8,P0_random,148.0
7,5,5,2,clustered,batched,8,P0_random,168.0
7,5,5,2,clustered,batched,8,P0_random,90.0
7,5,5,2,clustered,batched,8,P0_random,149.0
7,5,5,2,clustered,batched,8,P0_random,173.0
7,5,5,2,clustered,batched,8,P0_random,157.0
7,5,5,2,clustered,batched,8,P0_random,153.0
7,5,5,2,clustered,batched,8,P1_dest_cluster,105.0
7,5,5,2,clustered,batched,8,P1_dest_cluster,167.0
7,5,5,2,clustered,batched,8,P1_dest_cluster,145.0
7,5,5,2,clustered,batched,8,P1_dest_cluster,90.0
7,5,5,2,clustered,batched,8,P1_dest_cluster,114.0
7,5,5,2,clustered,batched,8,P1_dest_cluster,166.0
7,5,5,2,clustered,batched,8,P1_dest_cluster,153.0
7,5,5,2,clustered,batched,8,P1_dest_cluster,153.0
7,5,5,2,clustered,batched,8,P1_dest_cluster,149.0
7,5,5,2,clustered,batched,8,P1_dest_cluster,109.0
7,5,5,2,clustered,batched,8,P1_dest_cluster,162.0
7,5,5,2,clustered,batched,8,P1_dest_cluster,143.0
7,5,5,2,clustered,batched,8,P1_dest_cluster,111.0
7,5,5,2,clustered,batched,8,P1_dest_cluster,99.0
7,5,5,2,clustered,batched,8,P1_dest_cluster,169.0
7,5,5,2,clustered,batched,8,P1_dest_cluster,211.0
7,5,5,2,clustered,batched,8,P1_dest_cluster,115.0
7,5,5,2,clustered,batched,8,P1_dest_cluster,144.0
7,5,5,2,clustered,batched,8,P1_dest_cluster,138.0
7,5,5,2,clustered,batched,8,P1_dest_cluster,129.0
7,5,5,2,clustered,batched,8,P1_dest_cluster,173.0
7,5,5,2,clustered,batched,8,P1_dest_cluster,124.0
7,5,5,2,clustered,batched,8,P1_dest_cluster,132.0
7,5,5,2,clustered,batched,8,P1_dest_cluster,109.0
7,5,5,2,clustered,batched,8,P1_dest_cluster,153.0
7,5,5,2,clustered,batched,8,P1_dest_cluster,129.0
7,5,5,2,clustered,batched,8,P1_dest_cluster,132.0
7,5,5,2,clustered,batched,8,P1_dest_cluster,138.0
7,5,5,2,clustered,batched,8,P1_dest_cluster,148.0
7,5,5,2,clustered,batched,8,P1_dest_cluster,134.0
7,5,5,2,clustered,batched,8,P1_dest_cluster,124.0
7,5,5,2,clustered,batched,8,P1_dest_cluster,152.0
7,5,5,2,clustered,batched,8,P1_dest_cluster,105.0
7,5,5,2,clustered,batched,8,P1_dest_cluster,104.0
7,5,5,2,clustered,batched,8,P1_dest_cluster,110.0
7,5,5,2,clustered,batched,8,P1_dest_cluster,133.0
7,5,5,2,clustered,batched,8,P1_dest_cluster,81.0
7,5,5,2,clustered,batched,8,P1_dest_cluster,129.0
7,5,5,2,clustered,batched,8,P1_dest_cluster,148.0
7,5,5,2,clustered,batched,8,P1_dest_cluster,114.0
7,5,5,2,clustered,batched,8,P1_dest_cluster,177.0
7,5,5,2,clustered,batched,8,P1_dest_cluster,120.0
7,5,5,2,clustered,batched,8,P1_dest_cluster,128.0
7,5,5,2,clustered,batched,8,P1_dest_cluster,114.0
7,5,5,2,clustered,batched,8,P1_dest_cluster,95.0
7,5,5,2,clustered,batched,8,P1_dest_cluster,138.0
7,5,5,2,clustered,batched,8,P1_dest_cluster,172.0
7,5,5,2,clustered,batched,8,P1_dest_cluster,129.0
7,5,5,2,clustered,batched,8,P1_dest_cluster,143.0
7,5,5,2,clustered,batched,8,P1_dest_cluster,172.0
7,5,5,2,clustered,batched,8,P1_dest_cluster,95.0
7,5,5,2,clustered,batched,8,P1_dest_cluster,134.0
7,5,5,2,clustered,batched,8,P1_dest_cluster,138.0
7,5,5,2,clustered,batched,8,P1_dest_cluster,202.0
7,5,5,2,clustered,batched,8,P1_dest_cluster,139.0
7,5,5,2,clustered,batched,8,P1_dest_cluster,72.0
7,5,5,2,clustered,batched,8,P1_dest_cluster,119.0
7,5,5,2,clustered,batched,8,P1_dest_cluster,145.0
7,5,5,2,clustered,batched,8,P1_dest_cluster,124.0
7,5,5,2,clustered,batched,8,P1_dest_cluster,110.0
7,5,5,2,clustered,batched,8,P1_dest_cluster,119.0
7,5,5,2,clustered,batched,8,P1_dest_cluster,148.0
7,5,5,2,clustered,batched,8,P1_dest_cluster,98.0
7,5,5,2,clustered,batched,8,P1_dest_cluster,156.0
7,5,5,2,clustered,batched,8,P1_dest_cluster,125.0
7,5,5,2,clustered,batched,8,P1_dest_cluster,109.0
7,5,5,2,clustered,batched,8,P1_dest_cluster,149.0
7,5,5,2,clustered,batched,8,P1_dest_cluster,142.0
7,5,5,2,clustered,batched,8,P1_dest_cluster,173.0
7,5,5,2,clustered,batched,8,P1_dest_cluster,154.0
7,5,5,2,clustered,batched,8,P1_dest_cluster,118.0
7,5,5,2,clustered,batched,8,P1_dest_cluster,162.0
7,5,5,2,clustered,batched,8,P1_dest_cluster,123.0
7,5,5,2,clustered,batched,8,P1_dest_cluster,120.0
7,5,5,2,clustered,batched,8,P1_dest_cluster,159.0
7,5,5,2,clustered,batched,8,P1_dest_cluster,183.0
7,5,5,2,clustered,batched,8,P1_dest_cluster,178.0
7,5,5,2,clustered,batched,8,P1_dest_cluster,118.0
7,5,5,2,clustered,batched,8,P1_dest_cluster,133.0
7,5,5,2,clustered,batched,8,P1_dest_cluster,109.0
7,5,5,2,clustered,batched,8,P1_dest_cluster,57.0
7,5,5,2,clustered,batched,8,P1_dest_cluster,128.0
7,5,5,2,clustered,batched,8,P1_dest_cluster,139.0
7,5,5,2,clustered,batched,8,P1_dest_cluster,129.0
7,5,5,2,clustered,batched,8,P1_dest_cluster,149.0
7,5,5,2,clustered,batched,8,P1_dest_cluster,142.0
7,5,5,2,clustered,batched,8,P1_dest_cluster,134.0
7,5,5,2,clustered,batched,8,P1_dest_cluster,151.0
7,5,5,2,clustered,batched,8,P1_dest_cluster,183.0
7,5,5,2,clustered,batched,8,P1_dest_cluster,115.0
7,5,5,2,clustered,batched,8,P1_dest_cluster,197.0
7,5,5,2,clustered,batched,8,P1_dest_cluster,133.0
7,5,5,2,clustered,batched,8,P1_dest_cluster,86.0
7,5,5,2,clustered,batched,8,P1_dest_cluster,150.0
7,5,5,2,clustered,batched,8,P1_dest_cluster,118.0
7,5,5,2,clustered,batched,8,P1_dest_cluster,113.0
7,5,5,2,clustered,batched,8,P1_dest_cluster,159.0
7,5,5,2,clustered,batched,8,P1_dest_cluster,163.0
7,5,5,2,clustered,batched,8,P1_dest_cluster,148.0
7,5,5,2,clustered,batched,8,P1_dest_cluster,134.0
7,5,5,2,clustered,batched,8,P1_dest_cluster,91.0
7,5,5,2,clustered,batched,8,P1_dest_cluster,171.0
7,5,5,2,clustered,batched,8,P1_dest_cluster,163.0
7,5,5,2,clustered,batched,8,P1_dest_cluster,167.0
7,5,5,2,clustered,batched,8,P1_dest_cluster,113.0
7,5,5,2,clustered,batched,8,P1_dest_cluster,114.0
7,5,5,2,clustered,batched,8,P1_dest_cluster,110.0
7,5,5,2,clustered,batched,8,P1_dest_cluster,110.0
7,5,5,2,clustered,batched,8,P1_dest_cluster,138.0
7,5,5,2,clustered,batched,8,P1_dest_cluster,130.0
7,5,5,2,clustered,batched,8,P1_dest_cluster,105.0
7,5,5,2,clustered,batched,8,P1_dest_cluster,129.0
7,5,5,2,clustered,batched,8,P1_dest_cluster,145.0
7,5,5,2,clustered,batched,8,P1_dest_cluster,125.0
7,5,5,2,clustered,batched,8,P1_dest_cluster,123.0
7,5,5,2,clustered,batched,8,P1_dest_cluster,164.0
7,5,5,2,clustered,batched,8,P1_dest_cluster,226.0
7,5,5,2,clustered,batched,8,P1_dest_cluster,133.0
7,5,5,2,clustered,batched,8,P1_dest_cluster,139.0
7,5,5,2,clustered,batched,8,P1_dest_cluster,149.0
7,5,5,2,clustered,batched,8,P1_dest_cluster,144.0
7,5,5,2,clustered,batched,8,P1_dest_cluster,197.0
7,5,5,2,clustered,batched,8,P1_dest_cluster,156.0
7,5,5,2,clustered,batched,8,P1_dest_cluster,123.0
7,5,5,2,clustered,batched,8,P1_dest_cluster,133.0
7,5,5,2,clustered,batched,8,P1_dest_cluster,81.0
7,5,5,2,clustered,batched,8,P1_dest_cluster,156.0
7,5,5,2,clustered,batched,8,P1_dest_cluster,144.0
7,5,5,2,clustered,batched,8,P1_dest_cluster,134.0
7,5,5,2,clustered,batched,8,P1_dest_cluster,162.0
7,5,5,2,clustered,batched,8,P1_dest_cluster,138.0
7,5,5,2,clustered,batched,8,P1_dest_cluster,110.0
7,5,5,2,clustered,batched,8,P1_dest_cluster,158.0
7,5,5,2,clustered,batched,8,P1_dest_cluster,138.0
7,5,5,2,clustered,batched,8,P1_dest_cluster,120.0
7,5,5,2,clustered,batched,8,P1_dest_cluster,119.0
7,5,5,2,clustered,batched,8,P1_dest_cluster,120.0
7,5,5,2,clustered,batched,8,P1_dest_cluster,91.0
7,5,5,2,clustered,batched,8,P1_dest_cluster,138.0
7,5,5,2,clustered,batched,8,P1_dest_cluster,147.0
7,5,5,2,clustered,batched,8,P1_dest_cluster,110.0
7,5,5,2,clustered,batched,8,P1_dest_cluster,139.0
7,5,5,2,clustered,batched,8,P1_dest_cluster,133.0
7,5,5,2,clustered,batched,8,P1_dest_cluster,167.0
7,5,5,2,clustered,batched,8,P1_dest_cluster,148.0
7,5,5,2,clustered,batched,8,P1_dest_cluster,139.0
7,5,5,2,clustered,batched,8,P1_dest_cluster,91.0
7,5,5,2,clustered,batched,8,P1_dest_cluster,162.0
7,5,5,2,clustered,batched,8,P1_dest_cluster,94.0
7,5,5,2,clustered,batched,8,P1_dest_cluster,143.0
7,5,5,2,clustered,batched,8,P1_dest_cluster,130.0
7,5,5,2,clustered,batched,8,P1_dest_cluster,152.0
7,5,5,2,clustered,batched,8,P1_dest_cluster,201.0
7,5,5,2,clustered,batched,8,P1_dest_cluster,114.0
7,5,5,2,clustered,batched,8,P1_dest_cluster,133.0
7,5,5,2,clustered,batched,8,P1_dest_cluster,99.0
7,5,5,2,clustered,batched,8,P1_dest_cluster,149.0
7,5,5,2,clustered,batched,8,P1_dest_cluster,167.0
7,5,5,2,clustered,batched,8,P1_dest_cluster,144.0
7,5,5,2,clustered,batched,8,P1_dest_cluster,139.0
7,5,5,2,clustered,batched,8,P1_dest_cluster,115.0
7,5,5,2,clustered,batched,8,P1_dest_cluster,114.0
7,5,5,2,clustered,batched,8,P1_dest_cluster,119.0
7,5,5,2,clustered,batched,8,P1_dest_cluster,144.0
7,5,5,2,clustered,batched,8,P1_dest_cluster,158.0
7,5,5,2,clustered,batched,8,P1_dest_cluster,176.0
7,5,5,2,clustered,batched,8,P1_dest_cluster,211.0
7,5,5,2,clustered,batched,8,P1_dest_cluster,109.0
7,5,5,2,clustered,batched,8,P1_dest_cluster,99.0
7,5,5,2,clustered,batched,8,P1_dest_cluster,132.0
7,5,5,2,clustered,batched,8,P1_dest_cluster,120.0
7,5,5,2,clustered,batched,8,P1_dest_cluster,119.0
7,5,5,2,clustered,batched,8,P1_dest_cluster,164.0
7,5,5,2,clustered,batched,8,P1_dest_cluster,129.0
7,5,5,2,clustered,batched,8,P1_dest_cluster,129.0
7,5,5,2,clustered,batched,8,P1_dest_cluster,129.0
7,5,5,2,clustered,batched,8,P1_dest_cluster,186.0
7,5,5,2,clustered,batched,8,P1_dest_cluster,100.0
7,5,5,2,clustered,batched,8,P1_dest_cluster,158.0
7,5,5,2,clustered,batched,8,P1_dest_cluster,129.0
7,5,5,2,clustered,batched,8,P1_dest_cluster,99.0
7,5,5,2,clustered,batched,8,P1_dest_cluster,132.0
7,5,5,2,clustered,batched,8,P1_dest_cluster,99.0
7,5,5,2,clustered,batched,8,P1_dest_cluster,158.0
7,5,5,2,clustered,batched,8,P1_dest_cluster,183.0
7,5,5,2,clustered,batched,8,P1_dest_cluster,149.0
7,5,5,2,clustered,batched,8,P1_dest_cluster,158.0
7,5,5,2,clustered,batched,8,P1_dest_cluster,178.0
7,5,5,2,clustered,batched,8,P1_dest_cluster,163.0
7,5,5,2,clustered,batched,8,P1_dest_cluster,173.0
7,5,5,2,clustered,batched,8,P1_dest_cluster,110.0
7,5,5,2,clustered,batched,8,P1_dest_cluster,173.0
7,5,5,2,clustered,batched,8,P1_dest_cluster,124.0
7,5,5,2,clustered,batched,8,P1_dest_cluster,119.0
7,5,5,2,clustered,batched,8,P1_dest_cluster,119.0
7,5,5,2,clustered,batched,8,P1_dest_cluster,167.0
7,5,5,2,clustered,batched,8,P1_dest_cluster,143.0
7,5,5,2,clustered,batched,8,P1_dest_cluster,120.0
7,5,5,2,clustered,batched,8,P1_dest_cluster,90.0
7,5,5,2,clustered,batched,8,P1_dest_cluster,164.0
7,5,5,2,clustered,batched,8,P2_cardinality,115.0
7,5,5,2,clustered,batched,8,P2_cardinality,208.0
7,5,5,2,clustered,batched,8,P2_cardinality,134.0
7,5,5,2,clustered,batched,8,P2_cardinality,118.0
7,5,5,2,clustered,batched,8,P2_cardinality,100.0
7,5,5,2,clustered,batched,8,P2_cardinality,125.0
7,5,5,2,clustered,batched,8,P2_cardinality,168.0
7,5,5,2,clustered,batched,8,P2_cardinality,123.0
7,5,5,2,clustered,batched,8,P2_cardinality,106.0
7,5,5,2,clustered,batched,8,P2_cardinality,104.0
7,5,5,2,clustered,batched,8,P2_cardinality,100.0
7,5,5,2,clustered,batched,8,P2_cardinality,144.0
7,5,5,2,clustered,batched,8,P2_cardinality,148.0
7,5,5,2,clustered,batched,8,P2_cardinality,125.0
7,5,5,2,clustered,batched,8,P2_cardinality,173.0
7,5,5,2,clustered,batched,8,P2_cardinality,143.0
7,5,5,2,clustered,batched,8,P2_cardinality,124.0
7,5,5,2,clustered,batched,8,P2_cardinality,91.0
7,5,5,2,clustered,batched,8,P2_cardinality,139.0
7,5,5,2,clustered,batched,8,P2_cardinality,179.0
7,5,5,2,clustered,batched,8,P2_cardinality,91.0
7,5,5,2,clustered,batched,8,P2_cardinality,153.0
7,5,5,2,clustered,batched,8,P2_cardinality,134.0
7,5,5,2,clustered,batched,8,P2_cardinality,217.0
7,5,5,2,clustered,batched,8,P2_cardinality,177.0
7,5,5,2,clustered,batched,8,P2_cardinality,192.0
7,5,5,2,clustered,batched,8,P2_cardinality,172.0
7,5,5,2,clustered,batched,8,P2_cardinality,173.0
7,5,5,2,clustered,batched,8,P2_cardinality,148.0
7,5,5,2,clustered,batched,8,P2_cardinality,105.0
7,5,5,2,clustered,batched,8,P2_cardinality,150.0
7,5,5,2,clustered,batched,8,P2_cardinality,163.0
7,5,5,2,clustered,batched,8,P2_cardinality,129.0
7,5,5,2,clustered,batched,8,P2_cardinality,159.0
7,5,5,2,clustered,batched,8,P2_cardinality,139.0
7,5,5,2,clustered,batched,8,P2_cardinality,149.0
7,5,5,2,clustered,batched,8,P2_cardinality,134.0
7,5,5,2,clustered,batched,8,P2_cardinality,133.0
7,5,5,2,clustered,batched,8,P2_cardinality,76.0
7,5,5,2,clustered,batched,8,P2_cardinality,158.0
7,5,5,2,clustered,batched,8,P2_cardinality,153.0
7,5,5,2,clustered,batched,8,P2_cardinality,139.0
7,5,5,2,clustered,batched,8,P2_cardinality,125.0
7,5,5,2,clustered,batched,8,P2_cardinality,148.0
7,5,5,2,clustered,batched,8,P2_cardinality,164.0
7,5,5,2,clustered,batched,8,P2_cardinality,187.0
7,5,5,2,clustered,batched,8,P2_cardinality,119.0
7,5,5,2,clustered,batched,8,P2_cardinality,133.0
7,5,5,2,clustered,batched,8,P2_cardinality,119.0
7,5,5,2,clustered,batched,8,P2_cardinality,94.0
7,5,5,2,clustered,batched,8,P2_cardinality,100.0
7,5,5,2,clustered,batched,8,P2_cardinality,124.0
7,5,5,2,clustered,batched,8,P2_cardinality,118.0
7,5,5,2,clustered,batched,8,P2_cardinality,129.0
7,5,5,2,clustered,batched,8,P2_cardinality,120.0
7,5,5,2,clustered,batched,8,P2_cardinality,158.0
7,5,5,2,clustered,batched,8,P2_cardinality,217.0
7,5,5,2,clustered,batched,8,P2_cardinality,129.0
7,5,5,2,clustered,batched,8,P2_cardinality,130.0
7,5,5,2,clustered,batched,8,P2_cardinality,99.0
7,5,5,2,clustered,batched,8,P2_cardinality,129.0
7,5,5,2,clustered,batched,8,P2_cardinality,91.0
7,5,5,2,clustered,batched,8,P2_cardinality,72.0
7,5,5,2,clustered,batched,8,P2_cardinality,96.0
7,5,5,2,clustered,batched,8,P2_cardinality,143.0
7,5,5,2,clustered,batched,8,P2_cardinality,115.0
7,5,5,2,clustered,batched,8,P2_cardinality,173.0
7,5,5,2,clustered,batched,8,P2_cardinality,144.0
7,5,5,2,clustered,batched,8,P2_cardinality,114.0
7,5,5,2,clustered,batched,8,P2_cardinality,95.0
7,5,5,2,clustered,batched,8,P2_cardinality,149.0
7,5,5,2,clustered,batched,8,P2_cardinality,152.0
7,5,5,2,clustered,batched,8,P2_cardinality,159.0
7,5,5,2,clustered,batched,8,P2_cardinality,148.0
7,5,5,2,clustered,batched,8,P2_cardinality,119.0
7,5,5,2,clustered,batched,8,P2_cardinality,133.0
7,5,5,2,clustered,batched,8,P2_cardinality,162.0
7,5,5,2,clustered,batched,8,P2_cardinality,142.0
7,5,5,2,clustered,batched,8,P2_cardinality,148.0
7,5,5,2,clustered,batched,8,P2_cardinality,109.0
7,5,5,2,clustered,batched,8,P2_cardinality,187.0
7,5,5,2,clustered,batched,8,P2_cardinality,178.0
7,5,5,2,clustered,batched,8,P2_cardinality,183.0
7,5,5,2,clustered,batched,8,P2_cardinality,91.0
7,5,5,2,clustered,batched,8,P2_cardinality,134.0
7,5,5,2,clustered,batched,8,P2_cardinality,163.0
7,5,5,2,clustered,batched,8,P2_cardinality,158.0
7,5,5,2,clustered,batched,8,P2_cardinality,164.0
7,5,5,2,clustered,batched,8,P2_cardinality,114.0
7,5,5,2,clustered,batched,8,P2_cardinality,100.0
7,5,5,2,clustered,batched,8,P2_cardinality,149.0
7,5,5,2,clustered,batched,8,P2_cardinality,159.0
7,5,5,2,clustered,batched,8,P2_cardinality,119.0
7,5,5,2,clustered,batched,8,P2_cardinality,115.0
7,5,5,2,clustered,batched,8,P2_cardinality,158.0
7,5,5,2,clustered,batched,8,P2_cardinality,157.0
7,5,5,2,clustered,batched,8,P2_cardinality,114.0
7,5,5,2,clustered,batched,8,P2_cardinality,183.0
7,5,5,2,clustered,batched,8,P2_cardinality,100.0
7,5,5,2,clustered,batched,8,P2_cardinality,124.0
7,5,5,2,clustered,batched,8,P2_cardinality,130.0
7,5,5,2,clustered,batched,8,P2_cardinality,154.0
7,5,5,2,clustered,batched,8,P2_cardinality,120.0
7,5,5,2,clustered,batched,8,P2_cardinality,134.0
7,5,5,2,clustered,batched,8,P2_cardinality,109.0
7,5,5,2,clustered,batched,8,P2_cardinality,144.0
7,5,5,2,clustered,batched,8,P2_cardinality,159.0
7,5,5,2,clustered,batched,8,P2_cardinality,125.0
7,5,5,2,clustered,batched,8,P2_cardinality,177.0
7,5,5,2,clustered,batched,8,P2_cardinality,86.0
7,5,5,2,clustered,batched,8,P2_cardinality,105.0
7,5,5,2,clustered,batched,8,P2_cardinality,91.0
7,5,5,2,clustered,batched,8,P2_cardinality,143.0
7,5,5,2,clustered,batched,8,P2_cardinality,91.0
7,5,5,2,clustered,batched,8,P2_cardinality,84.0
7,5,5,2,clustered,batched,8,P2_cardinality,143.0
7,5,5,2,clustered,batched,8,P2_cardinality,95.0
7,5,5,2,clustered,batched,8,P2_cardinality,182.0
7,5,5,2,clustered,batched,8,P2_cardinality,128.0
7,5,5,2,clustered,batched,8,P2_cardinality,129.0
7,5,5,2,clustered,batched,8,P2_cardinality,148.0
7,5,5,2,clustered,batched,8,P2_cardinality,144.0
7,5,5,2,clustered,batched,8,P2_cardinality,153.0
7,5,5,2,clustered,batched,8,P2_cardinality,192.0
7,5,5,2,clustered,batched,8,P2_cardinality,148.0
7,5,5,2,clustered,batched,8,P2_cardinality,188.0
7,5,5,2,clustered,batched,8,P2_cardinality,85.0
7,5,5,2,clustered,batched,8,P2_cardinality,143.0
7,5,5,2,clustered,batched,8,P2_cardinality,91.0
7,5,5,2,clustered,batched,8,P2_cardinality,168.0
7,5,5,2,clustered,batched,8,P2_cardinality,128.0
7,5,5,2,clustered,batched,8,P2_cardinality,95.0
7,5,5,2,clustered,batched,8,P2_cardinality,138.0
7,5,5,2,clustered,batched,8,P2_cardinality,105.0
7,5,5,2,clustered,batched,8,P2_cardinality,104.0
7,5,5,2,clustered,batched,8,P2_cardinality,149.0
7,5,5,2,clustered,batched,8,P2_cardinality,167.0
7,5,5,2,clustered,batched,8,P2_cardinality,104.0
7,5,5,2,clustered,batched,8,P2_cardinality,149.0
7,5,5,2,clustered,batched,8,P2_cardinality,124.0
7,5,5,2,clustered,batched,8,P2_cardinality,149.0
7,5,5,2,clustered,batched,8,P2_cardinality,114.0
7,5,5,2,clustered,batched,8,P2_cardinality,164.0
7,5,5,2,clustered,batched,8,P2_cardinality,128.0
7,5,5,2,clustered,batched,8,P2_cardinality,222.0
7,5,5,2,clustered,batched,8,P2_cardinality,153.0
7,5,5,2,clustered,batched,8,P2_cardinality,67.0
7,5,5,2,clustered,batched,8,P2_cardinality,143.0
7,5,5,2,clustered,batched,8,P2_cardinality,140.0
7,5,5,2,clustered,batched,8,P2_cardinality,119.0
7,5,5,2,clustered,batched,8,P2_cardinality,134.0
7,5,5,2,clustered,batched,8,P2_cardinality,187.0
7,5,5,2,clustered,batched,8,P2_cardinality,153.0
7,5,5,2,clustered,batched,8,P2_cardinality,124.0
7,5,5,2,clustered,batched,8,P2_cardinality,142.0
7,5,5,2,clustered,batched,8,P2_cardinality,202.0
7,5,5,2,clustered,batched,8,P2_cardinality,174.0
7,5,5,2,clustered,batched,8,P2_cardinality,110.0
7,5,5,2,clustered,batched,8,P2_cardinality,164.0
7,5,5,2,clustered,batched,8,P2_cardinality,101.0
7,5,5,2,clustered,batched,8,P2_cardinality,104.0
7,5,5,2,clustered,batched,8,P2_cardinality,124.0
7,5,5,2,clustered,batched,8,P2_cardinality,187.0
7,5,5,2,clustered,batched,8,P2_cardinality,115.0
7,5,5,2,clustered,batched,8,P2_cardinality,163.0
7,5,5,2,clustered,batched,8,P2_cardinality,129.0
7,5,5,2,clustered,batched,8,P2_cardinality,109.0
7,5,5,2,clustered,batched,8,P2_cardinality,134.0
7,5,5,2,clustered,batched,8,P2_cardinality,125.0
7,5,5,2,clustered,batched,8,P2_cardinality,178.0
7,5,5,2,clustered,batched,8,P2_cardinality,133.0
7,5,5,2,clustered,batched,8,P2_cardinality,105.0
7,5,5,2,clustered,batched,8,P2_cardinality,153.0
7,5,5,2,clustered,batched,8,P2_cardinality,105.0
7,5,5,2,clustered,batched,8,P2_cardinality,130.0
7,5,5,2,clustered,batched,8,P2_cardinality,109.0
7,5,5,2,clustered,batched,8,P2_cardinality,182.0
7,5,5,2,clustered,batched,8,P2_cardinality,139.0
7,5,5,2,clustered,batched,8,P2_cardinality,153.0
7,5,5,2,clustered,batched,8,P2_cardinality,138.0
7,5,5,2,clustered,batched,8,P2_cardinality,145.0
7,5,5,2,clustered,batched,8,P2_cardinality,181.0
7,5,5,2,clustered,batched,8,P2_cardinality,100.0
7,5,5,2,clustered,batched,8,P2_cardinality,149.0
7,5,5,2,clustered,batched,8,P2_cardinality,158.0
7,5,5,2,clustered,batched,8,P2_cardinality,143.0
7,5,5,2,clustered,batched,8,P2_cardinality,95.0
7,5,5,2,clustered,batched,8,P2_cardinality,129.0
7,5,5,2,clustered,batched,8,P2_cardinality,100.0
7,5,5,2,clustered,batched,8,P2_cardinality,168.0
7,5,5,2,clustered,batched,8,P2_cardinality,104.0
7,5,5,2,clustered,batched,8,P2_cardinality,115.0
7,5,5,2,clustered,batched,8,P2_cardinality,134.0
7,5,5,2,clustered,batched,8,P2_cardinality,138.0
7,5,5,2,clustered,batched,8,P2_cardinality,139.0
7,5,5,2,clustered,batched,8,P2_cardinality,135.0
7,5,5,2,clustered,batched,8,P2_cardinality,144.0
7,5,5,2,clustered,batched,8,P2_cardinality,138.0
7,5,5,2,clustered,batched,8,P2_cardinality,163.0
7,5,5,2,clustered,batched,8,P2_cardinality,123.0
7,5,5,2,clustered,batched,8,P3_dir_balanced,133.0
7,5,5,2,clustered,batched,8,P3_dir_balanced,177.0
7,5,5,2,clustered,batched,8,P3_dir_balanced,133.0
7,5,5,2,clustered,batched,8,P3_dir_balanced,158.0
7,5,5,2,clustered,batched,8,P3_dir_balanced,158.0
7,5,5,2,clustered,batched,8,P3_dir_balanced,134.0
7,5,5,2,clustered,batched,8,P3_dir_balanced,168.0
7,5,5,2,clustered,batched,8,P3_dir_balanced,197.0
7,5,5,2,clustered,batched,8,P3_dir_balanced,216.0
7,5,5,2,clustered,batched,8,P3_dir_balanced,139.0
7,5,5,2,clustered,batched,8,P3_dir_balanced,153.0
7,5,5,2,clustered,batched,8,P3_dir_balanced,124.0
7,5,5,2,clustered,batched,8,P3_dir_balanced,115.0
7,5,5,2,clustered,batched,8,P3_dir_balanced,182.0
7,5,5,2,clustered,batched,8,P3_dir_balanced,133.0
7,5,5,2,clustered,batched,8,P3_dir_balanced,103.0
7,5,5,2,clustered,batched,8,P3_dir_balanced,172.0
7,5,5,2,clustered,batched,8,P3_dir_balanced,206.0
7,5,5,2,clustered,batched,8,P3_dir_balanced,133.0
7,5,5,2,clustered,batched,8,P3_dir_balanced,152.0
7,5,5,2,clustered,batched,8,P3_dir_balanced,202.0
7,5,5,2,clustered,batched,8,P3_dir_balanced,171.0
7,5,5,2,clustered,batched,8,P3_dir_balanced,149.0
7,5,5,2,clustered,batched,8,P3_dir_balanced,177.0
7,5,5,2,clustered,batched,8,P3_dir_balanced,178.0
7,5,5,2,clustered,batched,8,P3_dir_balanced,169.0
7,5,5,2,clustered,batched,8,P3_dir_balanced,130.0
7,5,5,2,clustered,batched,8,P3_dir_balanced,216.0
7,5,5,2,clustered,batched,8,P3_dir_balanced,134.0
7,5,5,2,clustered,batched,8,P3_dir_balanced,227.0
7,5,5,2,clustered,batched,8,P3_dir_balanced,168.0
7,5,5,2,clustered,batched,8,P3_dir_balanced,148.0
7,5,5,2,clustered,batched,8,P3_dir_balanced,119.0
7,5,5,2,clustered,batched,8,P3_dir_balanced,163.0
7,5,5,2,clustered,batched,8,P3_dir_balanced,109.0
7,5,5,2,clustered,batched,8,P3_dir_balanced,212.0
7,5,5,2,clustered,batched,8,P3_dir_balanced,134.0
7,5,5,2,clustered,batched,8,P3_dir_balanced,163.0
7,5,5,2,clustered,batched,8,P3_dir_balanced,135.0
7,5,5,2,clustered,batched,8,P3_dir_balanced,144.0
7,5,5,2,clustered,batched,8,P3_dir_balanced,169.0
7,5,5,2,clustered,batched,8,P3_dir_balanced,119.0
7,5,5,2,clustered,batched,8,P3_dir_balanced,207.0
7,5,5,2,clustered,batched,8,P3_dir_balanced,114.0
7,5,5,2,clustered,batched,8,P3_dir_balanced,158.0
7,5,5,2,clustered,batched,8,P3_dir_balanced,193.0
7,5,5,2,clustered,batched,8,P3_dir_balanced,120.0
7,5,5,2,clustered,batched,8,P3_dir_balanced,130.0
7,5,5,2,clustered,batched,8,P3_dir_balanced,149.0
7,5,5,2,clustered,batched,8,P3_dir_balanced,173.0
7,5,5,2,clustered,batched,8,P3_dir_balanced,148.0
7,5,5,2,clustered,batched,8,P3_dir_balanced,198.0
7,5,5,2,clustered,batched,8,P3_dir_balanced,85.0
7,5,5,2,clustered,batched,8,P3_dir_balanced,147.0
7,5,5,2,clustered,batched,8,P3_dir_balanced,192.0
7,5,5,2,clustered,batched,8,P3_dir_balanced,133.0
7,5,5,2,clustered,batched,8,P3_dir_balanced,91.0
7,5,5,2,clustered,batched,8,P3_dir_balanced,110.0
7,5,5,2,clustered,batched,8,P3_dir_balanced,153.0
7,5,5,2,clustered,batched,8,P3_dir_balanced,115.0
7,5,5,2,clustered,batched,8,P3_dir_balanced,105.0
7,5,5,2,clustered,batched,8,P3_dir_balanced,217.0
7,5,5,2,clustered,batched,8,P3_dir_balanced,140.0
7,5,5,2,clustered,batched,8,P3_dir_balanced,168.0
7,5,5,2,clustered,batched,8,P3_dir_balanced,128.0
7,5,5,2,clustered,batched,8,P3_dir_balanced,173.0
7,5,5,2,clustered,batched,8,P3_dir_balanced,85.0
7,5,5,2,clustered,batched,8,P3_dir_balanced,133.0
7,5,5,2,clustered,batched,8,P3_dir_balanced,118.0
7,5,5,2,clustered,batched,8,P3_dir_balanced,163.0
7,5,5,2,clustered,batched,8,P3_dir_balanced,158.0
7,5,5,2,clustered,batched,8,P3_dir_balanced,144.0
7,5,5,2,clustered,batched,8,P3_dir_balanced,158.0
7,5,5,2,clustered,batched,8,P3_dir_balanced,217.0
7,5,5,2,clustered,batched,8,P3_dir_balanced,119.0
7,5,5,2,clustered,batched,8,P3_dir_balanced,148.0
7,5,5,2,clustered,batched,8,P3_dir_balanced,100.0
7,5,5,2,clustered,batched,8,P3_dir_balanced,173.0
7,5,5,2,clustered,batched,8,P3_dir_balanced,172.0
7,5,5,2,clustered,batched,8,P3_dir_balanced,158.0
7,5,5,2,clustered,batched,8,P3_dir_balanced,162.0
7,5,5,2,clustered,batched,8,P3_dir_balanced,134.0
7,5,5,2,clustered,batched,8,P3_dir_balanced,133.0
7,5,5,2,clustered,batched,8,P3_dir_balanced,119.0
7,5,5,2,clustered,batched,8,P3_dir_balanced,188.0
7,5,5,2,clustered,batched,8,P3_dir_balanced,95.0
7,5,5,2,clustered,batched,8,P3_dir_balanced,177.0
7,5,5,2,clustered,batched,8,P3_dir_balanced,191.0
7,5,5,2,clustered,batched,8,P3_dir_balanced,144.0
7,5,5,2,clustered,batched,8,P3_dir_balanced,168.0
7,5,5,2,clustered,batched,8,P3_dir_balanced,191.0
7,5,5,2,clustered,batched,8,P3_dir_balanced,154.0
7,5,5,2,clustered,batched,8,P3_dir_balanced,115.0
7,5,5,2,clustered,batched,8,P3_dir_balanced,115.0
7,5,5,2,clustered,batched,8,P3_dir_balanced,176.0
7,5,5,2,clustered,batched,8,P3_dir_balanced,134.0
7,5,5,2,clustered,batched,8,P3_dir_balanced,213.0
7,5,5,2,clustered,batched,8,P3_dir_balanced,162.0
7,5,5,2,clustered,batched,8,P3_dir_balanced,149.0
7,5,5,2,clustered,batched,8,P3_dir_balanced,110.0
7,5,5,2,clustered,batched,8,P3_dir_balanced,172.0
7,5,5,2,clustered,batched,8,P3_dir_balanced,163.0
7,5,5,2,clustered,batched,8,P3_dir_balanced,177.0
7,5,5,2,clustered,batched,8,P3_dir_balanced,153.0
7,5,5,2,clustered,batched,8,P3_dir_balanced,159.0
7,5,5,2,clustered,batched,8,P3_dir_balanced,115.0
7,5,5,2,clustered,batched,8,P3_dir_balanced,133.0
7,5,5,2,clustered,batched,8,P3_dir_balanced,188.0
7,5,5,2,clustered,batched,8,P3_dir_balanced,140.0
7,5,5,2,clustered,batched,8,P3_dir_balanced,220.0
7,5,5,2,clustered,batched,8,P3_dir_balanced,109.0
7,5,5,2,clustered,batched,8,P3_dir_balanced,173.0
7,5,5,2,clustered,batched,8,P3_dir_balanced,172.0
7,5,5,2,clustered,batched,8,P3_dir_balanced,149.0
7,5,5,2,clustered,batched,8,P3_dir_balanced,114.0
7,5,5,2,clustered,batched,8,P3_dir_balanced,91.0
7,5,5,2,clustered,batched,8,P3_dir_balanced,148.0
7,5,5,2,clustered,batched,8,P3_dir_balanced,138.0
7,5,5,2,clustered,batched,8,P3_dir_balanced,191.0
7,5,5,2,clustered,batched,8,P3_dir_balanced,189.0
7,5,5,2,clustered,batched,8,P3_dir_balanced,138.0
7,5,5,2,clustered,batched,8,P3_dir_balanced,153.0
7,5,5,2,clustered,batched,8,P3_dir_balanced,157.0
7,5,5,2,clustered,batched,8,P3_dir_balanced,105.0
7,5,5,2,clustered,batched,8,P3_dir_balanced,138.0
7,5,5,2,clustered,batched,8,P3_dir_balanced,153.0
7,5,5,2,clustered,batched,8,P3_dir_balanced,220.0
7,5,5,2,clustered,batched,8,P3_dir_balanced,162.0
7,5,5,2,clustered,batched,8,P3_dir_balanced,220.0
7,5,5,2,clustered,batched,8,P3_dir_balanced,187.0
7,5,5,2,clustered,batched,8,P3_dir_balanced,138.0
7,5,5,2,clustered,batched,8,P3_dir_balanced,133.0
7,5,5,2,clustered,batched,8,P3_dir_balanced,163.0
7,5,5,2,clustered,batched,8,P3_dir_balanced,166.0
7,5,5,2,clustered,batched,8,P3_dir_balanced,241.0
7,5,5,2,clustered,batched,8,P3_dir_balanced,164.0
7,5,5,2,clustered,batched,8,P3_dir_balanced,196.0
7,5,5,2,clustered,batched,8,P3_dir_balanced,192.0
7,5,5,2,clustered,batched,8,P3_dir_balanced,142.0
7,5,5,2,clustered,batched,8,P3_dir_balanced,118.0
7,5,5,2,clustered,batched,8,P3_dir_balanced,120.0
7,5,5,2,clustered,batched,8,P3_dir_balanced,168.0
7,5,5,2,clustered,batched,8,P3_dir_balanced,158.0
7,5,5,2,clustered,batched,8,P3_dir_balanced,115.0
7,5,5,2,clustered,batched,8,P3_dir_balanced,241.0
7,5,5,2,clustered,batched,8,P3_dir_balanced,193.0
7,5,5,2,clustered,batched,8,P3_dir_balanced,164.0
7,5,5,2,clustered,batched,8,P3_dir_balanced,192.0
7,5,5,2,clustered,batched,8,P3_dir_balanced,217.0
7,5,5,2,clustered,batched,8,P3_dir_balanced,133.0
7,5,5,2,clustered,batched,8,P3_dir_balanced,153.0
7,5,5,2,clustered,batched,8,P3_dir_balanced,193.0
7,5,5,2,clustered,batched,8,P3_dir_balanced,149.0
7,5,5,2,clustered,batched,8,P3_dir_balanced,236.0
7,5,5,2,clustered,batched,8,P3_dir_balanced,90.0
7,5,5,2,clustered,batched,8,P3_dir_balanced,118.0
7,5,5,2,clustered,batched,8,P3_dir_balanced,129.0
7,5,5,2,clustered,batched,8,P3_dir_balanced,95.0
7,5,5,2,clustered,batched,8,P3_dir_balanced,129.0
7,5,5,2,clustered,batched,8,P3_dir_balanced,148.0
7,5,5,2,clustered,batched,8,P3_dir_balanced,186.0
7,5,5,2,clustered,batched,8,P3_dir_balanced,172.0
7,5,5,2,clustered,batched,8,P3_dir_balanced,183.0
7,5,5,2,clustered,batched,8,P3_dir_balanced,138.0
7,5,5,2,clustered,batched,8,P3_dir_balanced,114.0
7,5,5,2,clustered,batched,8,P3_dir_balanced,182.0
7,5,5,2,clustered,batched,8,P3_dir_balanced,173.0
7,5,5,2,clustered,batched,8,P3_dir_balanced,173.0
7,5,5,2,clustered,batched,8,P3_dir_balanced,157.0
7,5,5,2,clustered,batched,8,P3_dir_balanced,115.0
7,5,5,2,clustered,batched,8,P3_dir_balanced,153.0
7,5,5,2,clustered,batched,8,P3_dir_balanced,173.0
7,5,5,2,clustered,batched,8,P3_dir_balanced,172.0
7,5,5,2,clustered,batched,8,P3_dir_balanced,187.0
7,5,5,2,clustered,batched,8,P3_dir_balanced,158.0
7,5,5,2,clustered,batched,8,P3_dir_balanced,197.0
7,5,5,2,clustered,batched,8,P3_dir_balanced,163.0
7,5,5,2,clustered,batched,8,P3_dir_balanced,202.0
7,5,5,2,clustered,batched,8,P3_dir_balanced,221.0
7,5,5,2,clustered,batched,8,P3_dir_balanced,101.0
7,5,5,2,clustered,batched,8,P3_dir_balanced,149.0
7,5,5,2,clustered,batched,8,P3_dir_balanced,167.0
7,5,5,2,clustered,batched,8,P3_dir_balanced,197.0
7,5,5,2,clustered,batched,8,P3_dir_balanced,153.0
7,5,5,2,clustered,batched,8,P3_dir_balanced,119.0
7,5,5,2,clustered,batched,8,P3_dir_balanced,158.0
7,5,5,2,clustered,batched,8,P3_dir_balanced,168.0
7,5,5,2,clustered,batched,8,P3_dir_balanced,182.0
7,5,5,2,clustered,batched,8,P3_dir_balanced,100.0
7,5,5,2,clustered,batched,8,P3_dir_balanced,76.0
7,5,5,2,clustered,batched,8,P3_dir_balanced,177.0
7,5,5,2,clustered,batched,8,P3_dir_balanced,110.0
7,5,5,2,clustered,batched,8,P3_dir_balanced,115.0
7,5,5,2,clustered,batched,8,P3_dir_balanced,114.0
7,5,5,2,clustered,batched,8,P3_dir_balanced,138.0
7,5,5,2,clustered,batched,8,P3_dir_balanced,143.0
7,5,5,2,clustered,batched,8,P3_dir_balanced,193.0
7,5,5,2,clustered,batched,8,P3_dir_balanced,187.0
7,5,5,2,clustered,batched,8,P3_dir_balanced,135.0
7,5,5,2,clustered,batched,8,P3_dir_balanced,169.0
7,5,5,2,clustered,batched,8,P4_temporal,193.0
7,5,5,2,clustered,batched,8,P4_temporal,134.0
7,5,5,2,clustered,batched,8,P4_temporal,100.0
7,5,5,2,clustered,batched,8,P4_temporal,138.0
7,5,5,2,clustered,batched,8,P4_temporal,139.0
7,5,5,2,clustered,batched,8,P4_temporal,168.0
7,5,5,2,clustered,batched,8,P4_temporal,109.0
7,5,5,2,clustered,batched,8,P4_temporal,124.0
7,5,5,2,clustered,batched,8,P4_temporal,100.0
7,5,5,2,clustered,batched,8,P4_temporal,139.0
7,5,5,2,clustered,batched,8,P4_temporal,125.0
7,5,5,2,clustered,batched,8,P4_temporal,109.0
7,5,5,2,clustered,batched,8,P4_temporal,143.0
7,5,5,2,clustered,batched,8,P4_temporal,158.0
7,5,5,2,clustered,batched,8,P4_temporal,168.0
7,5,5,2,clustered,batched,8,P4_temporal,174.0
7,5,5,2,clustered,batched,8,P4_temporal,177.0
7,5,5,2,clustered,batched,8,P4_temporal,142.0
7,5,5,2,clustered,batched,8,P4_temporal,119.0
7,5,5,2,clustered,batched,8,P4_temporal,172.0
7,5,5,2,clustered,batched,8,P4_temporal,109.0
7,5,5,2,clustered,batched,8,P4_temporal,109.0
7,5,5,2,clustered,batched,8,P4_temporal,187.0
7,5,5,2,clustered,batched,8,P4_temporal,215.0
7,5,5,2,clustered,batched,8,P4_temporal,134.0
7,5,5,2,clustered,batched,8,P4_temporal,167.0
7,5,5,2,clustered,batched,8,P4_temporal,178.0
7,5,5,2,clustered,batched,8,P4_temporal,149.0
7,5,5,2,clustered,batched,8,P4_temporal,177.0
7,5,5,2,clustered,batched,8,P4_temporal,119.0
7,5,5,2,clustered,batched,8,P4_temporal,236.0
7,5,5,2,clustered,batched,8,P4_temporal,113.0
7,5,5,2,clustered,batched,8,P4_temporal,201.0
7,5,5,2,clustered,batched,8,P4_temporal,100.0
7,5,5,2,clustered,batched,8,P4_temporal,124.0
7,5,5,2,clustered,batched,8,P4_temporal,129.0
7,5,5,2,clustered,batched,8,P4_temporal,134.0
7,5,5,2,clustered,batched,8,P4_temporal,114.0
7,5,5,2,clustered,batched,8,P4_temporal,99.0
7,5,5,2,clustered,batched,8,P4_temporal,115.0
7,5,5,2,clustered,batched,8,P4_temporal,105.0
7,5,5,2,clustered,batched,8,P4_temporal,144.0
7,5,5,2,clustered,batched,8,P4_temporal,241.0
7,5,5,2,clustered,batched,8,P4_temporal,138.0
7,5,5,2,clustered,batched,8,P4_temporal,168.0
7,5,5,2,clustered,batched,8,P4_temporal,236.0
7,5,5,2,clustered,batched,8,P4_temporal,129.0
7,5,5,2,clustered,batched,8,P4_temporal,138.0
7,5,5,2,clustered,batched,8,P4_temporal,154.0
7,5,5,2,clustered,batched,8,P4_temporal,129.0
7,5,5,2,clustered,batched,8,P4_temporal,148.0
7,5,5,2,clustered,batched,8,P4_temporal,128.0
7,5,5,2,clustered,batched,8,P4_temporal,119.0
7,5,5,2,clustered,batched,8,P4_temporal,173.0
7,5,5,2,clustered,batched,8,P4_temporal,129.0
7,5,5,2,clustered,batched,8,P4_temporal,105.0
7,5,5,2,clustered,batched,8,P4_temporal,149.0
7,5,5,2,clustered,batched,8,P4_temporal,110.0
7,5,5,2,clustered,batched,8,P4_temporal,123.0
7,5,5,2,clustered,batched,8,P4_temporal,163.0
7,5,5,2,clustered,batched,8,P4_temporal,118.0
7,5,5,2,clustered,batched,8,P4_temporal,213.0
7,5,5,2,clustered,batched,8,P4_temporal,124.0
7,5,5,2,clustered,batched,8,P4_temporal,158.0
7,5,5,2,clustered,batched,8,P4_temporal,124.0
7,5,5,2,clustered,batched,8,P4_temporal,114.0
7,5,5,2,clustered,batched,8,P4_temporal,105.0
7,5,5,2,clustered,batched,8,P4_temporal,183.0
7,5,5,2,clustered,batched,8,P4_temporal,129.0
7,5,5,2,clustered,batched,8,P4_temporal,133.0
7,5,5,2,clustered,batched,8,P4_temporal,133.0
7,5,5,2,clustered,batched,8,P4_temporal,129.0
7,5,5,2,clustered,batched,8,P4_temporal,96.0
7,5,5,2,clustered,batched,8,P4_temporal,85.0
7,5,5,2,clustered,batched,8,P4_temporal,129.0
7,5,5,2,clustered,batched,8,P4_temporal,143.0
7,5,5,2,clustered,batched,8,P4_temporal,124.0
7,5,5,2,clustered,batched,8,P4_temporal,118.0
7,5,5,2,clustered,batched,8,P4_temporal,162.0
7,5,5,2,clustered,batched,8,P4_temporal,115.0
7,5,5,2,clustered,batched,8,P4_temporal,162.0
7,5,5,2,clustered,batched,8,P4_temporal,157.0
7,5,5,2,clustered,batched,8,P4_temporal,183.0
7,5,5,2,clustered,batched,8,P4_temporal,167.0
7,5,5,2,clustered,batched,8,P4_temporal,57.0
7,5,5,2,clustered,batched,8,P4_temporal,115.0
7,5,5,2,clustered,batched,8,P4_temporal,104.0
7,5,5,2,clustered,batched,8,P4_temporal,104.0
7,5,5,2,clustered,batched,8,P4_temporal,133.0
7,5,5,2,clustered,batched,8,P4_temporal,168.0
7,5,5,2,clustered,batched,8,P4_temporal,162.0
7,5,5,2,clustered,batched,8,P4_temporal,191.0
7,5,5,2,clustered,batched,8,P4_temporal,221.0
7,5,5,2,clustered,batched,8,P4_temporal,134.0
7,5,5,2,clustered,batched,8,P4_temporal,140.0
7,5,5,2,clustered,batched,8,P4_temporal,119.0
7,5,5,2,clustered,batched,8,P4_temporal,159.0
7,5,5,2,clustered,batched,8,P4_temporal,187.0
7,5,5,2,clustered,batched,8,P4_temporal,138.0
7,5,5,2,clustered,batched,8,P4_temporal,137.0
7,5,5,2,clustered,batched,8,P4_temporal,157.0
7,5,5,2,clustered,batched,8,P4_temporal,202.0
7,5,5,2,clustered,batched,8,P4_temporal,157.0
7,5,5,2,clustered,batched,8,P4_temporal,168.0
7,5,5,2,clustered,batched,8,P4_temporal,177.0
7,5,5,2,clustered,batched,8,P4_temporal,168.0
7,5,5,2,clustered,batched,8,P4_temporal,133.0
7,5,5,2,clustered,batched,8,P4_temporal,119.0
7,5,5,2,clustered,batched,8,P4_temporal,86.0
7,5,5,2,clustered,batched,8,P4_temporal,100.0
7,5,5,2,clustered,batched,8,P4_temporal,192.0
7,5,5,2,clustered,batched,8,P4_temporal,154.0
7,5,5,2,clustered,batched,8,P4_temporal,130.0
7,5,5,2,clustered,batched,8,P4_temporal,137.0
7,5,5,2,clustered,batched,8,P4_temporal,177.0
7,5,5,2,clustered,batched,8,P4_temporal,130.0
7,5,5,2,clustered,batched,8,P4_temporal,138.0
7,5,5,2,clustered,batched,8,P4_temporal,119.0
7,5,5,2,clustered,batched,8,P4_temporal,172.0
7,5,5,2,clustered,batched,8,P4_temporal,202.0
7,5,5,2,clustered,batched,8,P4_temporal,200.0
7,5,5,2,clustered,batched,8,P4_temporal,143.0
7,5,5,2,clustered,batched,8,P4_temporal,119.0
7,5,5,2,clustered,batched,8,P4_temporal,182.0
7,5,5,2,clustered,batched,8,P4_temporal,158.0
7,5,5,2,clustered,batched,8,P4_temporal,220.0
7,5,5,2,clustered,batched,8,P4_temporal,134.0
7,5,5,2,clustered,batched,8,P4_temporal,138.0
7,5,5,2,clustered,batched,8,P4_temporal,134.0
7,5,5,2,clustered,batched,8,P4_temporal,173.0
7,5,5,2,clustered,batched,8,P4_temporal,128.0
7,5,5,2,clustered,batched,8,P4_temporal,177.0
7,5,5,2,clustered,batched,8,P4_temporal,173.0
7,5,5,2,clustered,batched,8,P4_temporal,120.0
7,5,5,2,clustered,batched,8,P4_temporal,152.0
7,5,5,2,clustered,batched,8,P4_temporal,81.0
7,5,5,2,clustered,batched,8,P4_temporal,184.0
7,5,5,2,clustered,batched,8,P4_temporal,197.0
7,5,5,2,clustered,batched,8,P4_temporal,86.0
7,5,5,2,clustered,batched,8,P4_temporal,128.0
7,5,5,2,clustered,batched,8,P4_temporal,134.0
7,5,5,2,clustered,batched,8,P4_temporal,109.0
7,5,5,2,clustered,batched,8,P4_temporal,134.0
7,5,5,2,clustered,batched,8,P4_temporal,154.0
7,5,5,2,clustered,batched,8,P4_temporal,143.0
7,5,5,2,clustered,batched,8,P4_temporal,216.0
7,5,5,2,clustered,batched,8,P4_temporal,81.0
7,5,5,2,clustered,batched,8,P4_temporal,130.0
7,5,5,2,clustered,batched,8,P4_temporal,115.0
7,5,5,2,clustered,batched,8,P4_temporal,144.0
7,5,5,2,clustered,batched,8,P4_temporal,145.0
7,5,5,2,clustered,batched,8,P4_temporal,120.0
7,5,5,2,clustered,batched,8,P4_temporal,157.0
7,5,5,2,clustered,batched,8,P4_temporal,162.0
7,5,5,2,clustered,batched,8,P4_temporal,95.0
7,5,5,2,clustered,batched,8,P4_temporal,147.0
7,5,5,2,clustered,batched,8,P4_temporal,168.0
7,5,5,2,clustered,batched,8,P4_temporal,162.0
7,5,5,2,clustered,batched,8,P4_temporal,158.0
7,5,5,2,clustered,batched,8,P4_temporal,148.0
7,5,5,2,clustered,batched,8,P4_temporal,134.0
7,5,5,2,clustered,batched,8,P4_temporal,138.0
7,5,5,2,clustered,batched,8,P4_temporal,182.0
7,5,5,2,clustered,batched,8,P4_temporal,115.0
7,5,5,2,clustered,batched,8,P4_temporal,96.0
7,5,5,2,clustered,batched,8,P4_temporal,133.0
7,5,5,2,clustered,batched,8,P4_temporal,123.0
7,5,5,2,clustered,batched,8,P4_temporal,163.0
7,5,5,2,clustered,batched,8,P4_temporal,154.0
7,5,5,2,clustered,batched,8,P4_temporal,157.0
7,5,5,2,clustered,batched,8,P4_temporal,81.0
7,5,5,2,clustered,batched,8,P4_temporal,211.0
7,5,5,2,clustered,batched,8,P4_temporal,159.0
7,5,5,2,clustered,batched,8,P4_temporal,129.0
7,5,5,2,clustered,batched,8,P4_temporal,177.0
7,5,5,2,clustered,batched,8,P4_temporal,148.0
7,5,5,2,clustered,batched,8,P4_temporal,129.0
7,5,5,2,clustered,batched,8,P4_temporal,167.0
7,5,5,2,clustered,batched,8,P4_temporal,120.0
7,5,5,2,clustered,batched,8,P4_temporal,139.0
7,5,5,2,clustered,batched,8,P4_temporal,153.0
7,5,5,2,clustered,batched,8,P4_temporal,163.0
7,5,5,2,clustered,batched,8,P4_temporal,148.0
7,5,5,2,clustered,batched,8,P4_temporal,149.0
7,5,5,2,clustered,batched,8,P4_temporal,156.0
7,5,5,2,clustered,batched,8,P4_temporal,211.0
7,5,5,2,clustered,batched,8,P4_temporal,115.0
7,5,5,2,clustered,batched,8,P4_temporal,119.0
7,5,5,2,clustered,batched,8,P4_temporal,142.0
7,5,5,2,clustered,batched,8,P4_temporal,162.0
7,5,5,2,clustered,batched,8,P4_temporal,178.0
7,5,5,2,clustered,batched,8,P4_temporal,129.0
7,5,5,2,clustered,batched,8,P4_temporal,115.0
7,5,5,2,clustered,batched,8,P4_temporal,169.0
7,5,5,2,clustered,batched,8,P4_temporal,168.0
7,5,5,2,clustered,batched,8,P4_temporal,154.0
7,5,5,2,clustered,batched,8,P4_temporal,173.0
7,5,5,2,clustered,batched,8,P4_temporal,144.0
7,5,5,2,clustered,batched,8,P4_temporal,91.0
7,5,5,2,clustered,batched,8,P4_temporal,134.0
7,5,5,2,clustered,batched,8,P5_phi,134.0
7,5,5,2,clustered,batched,8,P5_phi,154.0
7,5,5,2,clustered,batched,8,P5_phi,129.0
7,5,5,2,clustered,batched,8,P5_phi,110.0
7,5,5,2,clustered,batched,8,P5_phi,129.0
7,5,5,2,clustered,batched,8,P5_phi,153.0
7,5,5,2,clustered,batched,8,P5_phi,162.0
7,5,5,2,clustered,batched,8,P5_phi,85.0
7,5,5,2,clustered,batched,8,P5_phi,153.0
7,5,5,2,clustered,batched,8,P5_phi,81.0
7,5,5,2,clustered,batched,8,P5_phi,81.0
7,5,5,2,clustered,batched,8,P5_phi,197.0
7,5,5,2,clustered,batched,8,P5_phi,86.0
7,5,5,2,clustered,batched,8,P5_phi,148.0
7,5,5,2,clustered,batched,8,P5_phi,119.0
7,5,5,2,clustered,batched,8,P5_phi,119.0
7,5,5,2,clustered,batched,8,P5_phi,125.0
7,5,5,2,clustered,batched,8,P5_phi,129.0
7,5,5,2,clustered,batched,8,P5_phi,157.0
7,5,5,2,clustered,batched,8,P5_phi,115.0
7,5,5,2,clustered,batched,8,P5_phi,109.0
7,5,5,2,clustered,batched,8,P5_phi,129.0
7,5,5,2,clustered,batched,8,P5_phi,143.0
7,5,5,2,clustered,batched,8,P5_phi,109.0
7,5,5,2,clustered,batched,8,P5_phi,110.0
7,5,5,2,clustered,batched,8,P5_phi,148.0
7,5,5,2,clustered,batched,8,P5_phi,81.0
7,5,5,2,clustered,batched,8,P5_phi,110.0
7,5,5,2,clustered,batched,8,P5_phi,82.0
7,5,5,2,clustered,batched,8,P5_phi,100.0
7,5,5,2,clustered,batched,8,P5_phi,144.0
7,5,5,2,clustered,batched,8,P5_phi,159.0
7,5,5,2,clustered,batched,8,P5_phi,133.0
7,5,5,2,clustered,batched,8,P5_phi,187.0
7,5,5,2,clustered,batched,8,P5_phi,123.0
7,5,5,2,clustered,batched,8,P5_phi,109.0
7,5,5,2,clustered,batched,8,P5_phi,140.0
7,5,5,2,clustered,batched,8,P5_phi,133.0
7,5,5,2,clustered,batched,8,P5_phi,100.0
7,5,5,2,clustered,batched,8,P5_phi,71.0
7,5,5,2,clustered,batched,8,P5_phi,149.0
7,5,5,2,clustered,batched,8,P5_phi,139.0
7,5,5,2,clustered,batched,8,P5_phi,81.0
7,5,5,2,clustered,batched,8,P5_phi,81.0
7,5,5,2,clustered,batched,8,P5_phi,119.0
7,5,5,2,clustered,batched,8,P5_phi,125.0
7,5,5,2,clustered,batched,8,P5_phi,105.0
7,5,5,2,clustered,batched,8,P5_phi,133.0
7,5,5,2,clustered,batched,8,P5_phi,134.0
7,5,5,2,clustered,batched,8,P5_phi,134.0
7,5,5,2,clustered,batched,8,P5_phi,149.0
7,5,5,2,clustered,batched,8,P5_phi,138.0
7,5,5,2,clustered,batched,8,P5_phi,119.0
7,5,5,2,clustered,batched,8,P5_phi,119.0
7,5,5,2,clustered,batched,8,P5_phi,158.0
7,5,5,2,clustered,batched,8,P5_phi,183.0
7,5,5,2,clustered,batched,8,P5_phi,100.0
7,5,5,2,clustered,batched,8,P5_phi,95.0
7,5,5,2,clustered,batched,8,P5_phi,153.0
7,5,5,2,clustered,batched,8,P5_phi,95.0
7,5,5,2,clustered,batched,8,P5_phi,133.0
7,5,5,2,clustered,batched,8,P5_phi,116.0
7,5,5,2,clustered,batched,8,P5_phi,115.0
7,5,5,2,clustered,batched,8,P5_phi,128.0
7,5,5,2,clustered,batched,8,P5_phi,134.0
7,5,5,2,clustered,batched,8,P5_phi,100.0
7,5,5,2,clustered,batched,8,P5_phi,154.0
7,5,5,2,clustered,batched,8,P5_phi,153.0
7,5,5,2,clustered,batched,8,P5_phi,81.0
7,5,5,2,clustered,batched,8,P5_phi,95.0
7,5,5,2,clustered,batched,8,P5_phi,115.0
7,5,5,2,clustered,batched,8,P5_phi,119.0
7,5,5,2,clustered,batched,8,P5_phi,123.0
7,5,5,2,clustered,batched,8,P5_phi,105.0
7,5,5,2,clustered,batched,8,P5_phi,96.0
7,5,5,2,clustered,batched,8,P5_phi,90.0
7,5,5,2,clustered,batched,8,P5_phi,149.0
7,5,5,2,clustered,batched,8,P5_phi,134.0
7,5,5,2,clustered,batched,8,P5_phi,125.0
7,5,5,2,clustered,batched,8,P5_phi,140.0
7,5,5,2,clustered,batched,8,P5_phi,134.0
7,5,5,2,clustered,batched,8,P5_phi,119.0
7,5,5,2,clustered,batched,8,P5_phi,129.0
7,5,5,2,clustered,batched,8,P5_phi,129.0
7,5,5,2,clustered,batched,8,P5_phi,173.0
7,5,5,2,clustered,batched,8,P5_phi,115.0
7,5,5,2,clustered,batched,8,P5_phi,119.0
7,5,5,2,clustered,batched,8,P5_phi,129.0
7,5,5,2,clustered,batched,8,P5_phi,158.0
7,5,5,2,clustered,batched,8,P5_phi,130.0
7,5,5,2,clustered,batched,8,P5_phi,99.0
7,5,5,2,clustered,batched,8,P5_phi,152.0
7,5,5,2,clustered,batched,8,P5_phi,99.0
7,5,5,2,clustered,batched,8,P5_phi,86.0
7,5,5,2,clustered,batched,8,P5_phi,90.0
7,5,5,2,clustered,batched,8,P5_phi,109.0
7,5,5,2,clustered,batched,8,P5_phi,139.0
7,5,5,2,clustered,batched,8,P5_phi,129.0
7,5,5,2,clustered,batched,8,P5_phi,105.0
7,5,5,2,clustered,batched,8,P5_phi,81.0
7,5,5,2,clustered,batched,8,P5_phi,154.0
7,5,5,2,clustered,batched,8,P5_phi,119.0
7,5,5,2,clustered,batched,8,P5_phi,110.0
7,5,5,2,clustered,batched,8,P5_phi,134.0
7,5,5,2,clustered,batched,8,P5_phi,153.0
7,5,5,2,clustered,batched,8,P5_phi,128.0
7,5,5,2,clustered,batched,8,P5_phi,100.0
7,5,5,2,clustered,batched,8,P5_phi,130.0
7,5,5,2,clustered,batched,8,P5_phi,149.0
7,5,5,2,clustered,batched,8,P5_phi,111.0
7,5,5,2,clustered,batched,8,P5_phi,138.0
7,5,5,2,clustered,batched,8,P5_phi,90.0
7,5,5,2,clustered,batched,8,P5_phi,152.0
7,5,5,2,clustered,batched,8,P5_phi,144.0
7,5,5,2,clustered,batched,8,P5_phi,119.0
7,5,5,2,clustered,batched,8,P5_phi,153.0
7,5,5,2,clustered,batched,8,P5_phi,125.0
7,5,5,2,clustered,batched,8,P5_phi,95.0
7,5,5,2,clustered,batched,8,P5_phi,149.0
7,5,5,2,clustered,batched,8,P5_phi,87.0
7,5,5,2,clustered,batched,8,P5_phi,140.0
7,5,5,2,clustered,batched,8,P5_phi,114.0
7,5,5,2,clustered,batched,8,P5_phi,153.0
7,5,5,2,clustered,batched,8,P5_phi,81.0
7,5,5,2,clustered,batched,8,P5_phi,109.0
7,5,5,2,clustered,batched,8,P5_phi,163.0
7,5,5,2,clustered,batched,8,P5_phi,189.0
7,5,5,2,clustered,batched,8,P5_phi,154.0
7,5,5,2,clustered,batched,8,P5_phi,114.0
7,5,5,2,clustered,batched,8,P5_phi,149.0
7,5,5,2,clustered,batched,8,P5_phi,159.0
7,5,5,2,clustered,batched,8,P5_phi,154.0
7,5,5,2,clustered,batched,8,P5_phi,119.0
7,5,5,2,clustered,batched,8,P5_phi,129.0
7,5,5,2,clustered,batched,8,P5_phi,85.0
7,5,5,2,clustered,batched,8,P5_phi,153.0
7,5,5,2,clustered,batched,8,P5_phi,99.0
7,5,5,2,clustered,batched,8,P5_phi,149.0
7,5,5,2,clustered,batched,8,P5_phi,158.0
7,5,5,2,clustered,batched,8,P5_phi,100.0
7,5,5,2,clustered,batched,8,P5_phi,110.0
7,5,5,2,clustered,batched,8,P5_phi,124.0
7,5,5,2,clustered,batched,8,P5_phi,111.0
7,5,5,2,clustered,batched,8,P5_phi,129.0
7,5,5,2,clustered,batched,8,P5_phi,119.0
7,5,5,2,clustered,batched,8,P5_phi,86.0
7,5,5,2,clustered,batched,8,P5_phi,139.0
7,5,5,2,clustered,batched,8,P5_phi,197.0
7,5,5,2,clustered,batched,8,P5_phi,90.0
7,5,5,2,clustered,batched,8,P5_phi,144.0
7,5,5,2,clustered,batched,8,P5_phi,115.0
7,5,5,2,clustered,batched,8,P5_phi,95.0
7,5,5,2,clustered,batched,8,P5_phi,148.0
7,5,5,2,clustered,batched,8,P5_phi,101.0
7,5,5,2,clustered,batched,8,P5_phi,115.0
7,5,5,2,clustered,batched,8,P5_phi,134.0
7,5,5,2,clustered,batched,8,P5_phi,129.0
7,5,5,2,clustered,batched,8,P5_phi,111.0
7,5,5,2,clustered,batched,8,P5_phi,118.0
7,5,5,2,clustered,batched,8,P5_phi,139.0
7,5,5,2,clustered,batched,8,P5_phi,110.0
7,5,5,2,clustered,batched,8,P5_phi,187.0
7,5,5,2,clustered,batched,8,P5_phi,159.0
7,5,5,2,clustered,batched,8,P5_phi,149.0
7,5,5,2,clustered,batched,8,P5_phi,105.0
7,5,5,2,clustered,batched,8,P5_phi,91.0
7,5,5,2,clustered,batched,8,P5_phi,89.0
7,5,5,2,clustered,batched,8,P5_phi,111.0
7,5,5,2,clustered,batched,8,P5_phi,129.0
7,5,5,2,clustered,batched,8,P5_phi,134.0
7,5,5,2,clustered,batched,8,P5_phi,129.0
7,5,5,2,clustered,batched,8,P5_phi,100.0
7,5,5,2,clustered,batched,8,P5_phi,109.0
7,5,5,2,clustered,batched,8,P5_phi,129.0
7,5,5,2,clustered,batched,8,P5_phi,81.0
7,5,5,2,clustered,batched,8,P5_phi,140.0
7,5,5,2,clustered,batched,8,P5_phi,153.0
7,5,5,2,clustered,batched,8,P5_phi,119.0
7,5,5,2,clustered,batched,8,P5_phi,115.0
7,5,5,2,clustered,batched,8,P5_phi,135.0
7,5,5,2,clustered,batched,8,P5_phi,140.0
7,5,5,2,clustered,batched,8,P5_phi,100.0
7,5,5,2,clustered,batched,8,P5_phi,159.0
7,5,5,2,clustered,batched,8,P5_phi,149.0
7,5,5,2,clustered,batched,8,P5_phi,153.0
7,5,5,2,clustered,batched,8,P5_phi,111.0
7,5,5,2,clustered,batched,8,P5_phi,105.0
7,5,5,2,clustered,batched,8,P5_phi,120.0
7,5,5,2,clustered,batched,8,P5_phi,134.0
7,5,5,2,clustered,batched,8,P5_phi,153.0
7,5,5,2,clustered,batched,8,P5_phi,177.0
7,5,5,2,clustered,batched,8,P5_phi,114.0
7,5,5,2,clustered,batched,8,P5_phi,118.0
7,5,5,2,clustered,batched,8,P5_phi,101.0
7,5,5,2,clustered,batched,8,P5_phi,100.0
7,5,5,2,clustered,batched,8,P5_phi,187.0
7,5,5,2,clustered,batched,8,P5_phi,119.0
7,5,5,2,clustered,batched,8,P5_phi,81.0
7,5,5,2,clustered,batched,8,P5_phi,129.0
7,5,5,2,clustered,batched,8,P5_phi,128.0
7,5,5,2,clustered,batched,8,P6_spo_tree,105.0
7,5,5,2,clustered,batched,8,P6_spo_tree,81.0
7,5,5,2,clustered,batched,8,P6_spo_tree,95.0
7,5,5,2,clustered,batched,8,P6_spo_tree,109.0
7,5,5,2,clustered,batched,8,P6_spo_tree,133.0
7,5,5,2,clustered,batched,8,P6_spo_tree,105.0
7,5,5,2,clustered,batched,8,P6_spo_tree,115.0
7,5,5,2,clustered,batched,8,P6_spo_tree,119.0
7,5,5,2,clustered,batched,8,P6_spo_tree,125.0
7,5,5,2,clustered,batched,8,P6_spo_tree,135.0
7,5,5,2,clustered,batched,8,P6_spo_tree,182.0
7,5,5,2,clustered,batched,8,P6_spo_tree,91.0
7,5,5,2,clustered,batched,8,P6_spo_tree,128.0
7,5,5,2,clustered,batched,8,P6_spo_tree,134.0
7,5,5,2,clustered,batched,8,P6_spo_tree,101.0
7,5,5,2,clustered,batched,8,P6_spo_tree,159.0
7,5,5,2,clustered,batched,8,P6_spo_tree,124.0
7,5,5,2,clustered,batched,8,P6_spo_tree,119.0
7,5,5,2,clustered,batched,8,P6_spo_tree,100.0
7,5,5,2,clustered,batched,8,P6_spo_tree,119.0
7,5,5,2,clustered,batched,8,P6_spo_tree,154.0
7,5,5,2,clustered,batched,8,P6_spo_tree,159.0
7,5,5,2,clustered,batched,8,P6_spo_tree,153.0
7,5,5,2,clustered,batched,8,P6_spo_tree,110.0
7,5,5,2,clustered,batched,8,P6_spo_tree,57.0
7,5,5,2,clustered,batched,8,P6_spo_tree,91.0
7,5,5,2,clustered,batched,8,P6_spo_tree,86.0
7,5,5,2,clustered,batched,8,P6_spo_tree,149.0
7,5,5,2,clustered,batched,8,P6_spo_tree,101.0
7,5,5,2,clustered,batched,8,P6_spo_tree,134.0
7,5,5,2,clustered,batched,8,P6_spo_tree,109.0
7,5,5,2,clustered,batched,8,P6_spo_tree,135.0
7,5,5,2,clustered,batched,8,P6_spo_tree,173.0
7,5,5,2,clustered,batched,8,P6_spo_tree,105.0
7,5,5,2,clustered,batched,8,P6_spo_tree,131.0
7,5,5,2,clustered,batched,8,P6_spo_tree,115.0
7,5,5,2,clustered,batched,8,P6_spo_tree,120.0
7,5,5,2,clustered,batched,8,P6_spo_tree,149.0
7,5,5,2,clustered,batched,8,P6_spo_tree,105.0
7,5,5,2,clustered,batched,8,P6_spo_tree,119.0
7,5,5,2,clustered,batched,8,P6_spo_tree,138.0
7,5,5,2,clustered,batched,8,P6_spo_tree,134.0
7,5,5,2,clustered,batched,8,P6_spo_tree,129.0
7,5,5,2,clustered,batched,8,P6_spo_tree,172.0
7,5,5,2,clustered,batched,8,P6_spo_tree,128.0
7,5,5,2,clustered,batched,8,P6_spo_tree,154.0
7,5,5,2,clustered,batched,8,P6_spo_tree,148.0
7,5,5,2,clustered,batched,8,P6_spo_tree,147.0
7,5,5,2,clustered,batched,8,P6_spo_tree,173.0
7,5,5,2,clustered,batched,8,P6_spo_tree,153.0
7,5,5,2,clustered,batched,8,P6_spo_tree,178.0
7,5,5,2,clustered,batched,8,P6_spo_tree,95.0
7,5,5,2,clustered,batched,8,P6_spo_tree,120.0
7,5,5,2,clustered,batched,8,P6_spo_tree,111.0
7,5,5,2,clustered,batched,8,P6_spo_tree,110.0
7,5,5,2,clustered,batched,8,P6_spo_tree,124.0
7,5,5,2,clustered,batched,8,P6_spo_tree,162.0
7,5,5,2,clustered,batched,8,P6_spo_tree,86.0
7,5,5,2,clustered,batched,8,P6_spo_tree,72.0
7,5,5,2,clustered,batched,8,P6_spo_tree,158.0
7,5,5,2,clustered,batched,8,P6_spo_tree,115.0
7,5,5,2,clustered,batched,8,P6_spo_tree,86.0
7,5,5,2,clustered,batched,8,P6_spo_tree,86.0
7,5,5,2,clustered,batched,8,P6_spo_tree,111.0
7,5,5,2,clustered,batched,8,P6_spo_tree,233.0
7,5,5,2,clustered,batched,8,P6_spo_tree,131.0
7,5,5,2,clustered,batched,8,P6_spo_tree,153.0
7,5,5,2,clustered,batched,8,P6_spo_tree,143.0
7,5,5,2,clustered,batched,8,P6_spo_tree,91.0
7,5,5,2,clustered,batched,8,P6_spo_tree,137.0
7,5,5,2,clustered,batched,8,P6_spo_tree,99.0
7,5,5,2,clustered,batched,8,P6_spo_tree,124.0
7,5,5,2,clustered,batched,8,P6_spo_tree,101.0
7,5,5,2,clustered,batched,8,P6_spo_tree,85.0
7,5,5,2,clustered,batched,8,P6_spo_tree,133.0
7,5,5,2,clustered,batched,8,P6_spo_tree,124.0
7,5,5,2,clustered,batched,8,P6_spo_tree,133.0
7,5,5,2,clustered,batched,8,P6_spo_tree,71.0
7,5,5,2,clustered,batched,8,P6_spo_tree,125.0
7,5,5,2,clustered,batched,8,P6_spo_tree,95.0
7,5,5,2,clustered,batched,8,P6_spo_tree,124.0
7,5,5,2,clustered,batched,8,P6_spo_tree,168.0
7,5,5,2,clustered,batched,8,P6_spo_tree,109.0
7,5,5,2,clustered,batched,8,P6_spo_tree,134.0
7,5,5,2,clustered,batched,8,P6_spo_tree,143.0
7,5,5,2,clustered,batched,8,P6_spo_tree,76.0
7,5,5,2,clustered,batched,8,P6_spo_tree,129.0
7,5,5,2,clustered,batched,8,P6_spo_tree,119.0
7,5,5,2,clustered,batched,8,P6_spo_tree,109.0
7,5,5,2,clustered,batched,8,P6_spo_tree,142.0
7,5,5,2,clustered,batched,8,P6_spo_tree,105.0
7,5,5,2,clustered,batched,8,P6_spo_tree,158.0
7,5,5,2,clustered,batched,8,P6_spo_tree,164.0
7,5,5,2,clustered,batched,8,P6_spo_tree,103.0
7,5,5,2,clustered,batched,8,P6_spo_tree,158.0
7,5,5,2,clustered,batched,8,P6_spo_tree,109.0
7,5,5,2,clustered,batched,8,P6_spo_tree,110.0
7,5,5,2,clustered,batched,8,P6_spo_tree,101.0
7,5,5,2,clustered,batched,8,P6_spo_tree,142.0
7,5,5,2,clustered,batched,8,P6_spo_tree,105.0
7,5,5,2,clustered,batched,8,P6_spo_tree,95.0
7,5,5,2,clustered,batched,8,P6_spo_tree,128.0
7,5,5,2,clustered,batched,8,P6_spo_tree,57.0
7,5,5,2,clustered,batched,8,P6_spo_tree,148.0
7,5,5,2,clustered,batched,8,P6_spo_tree,139.0
7,5,5,2,clustered,batched,8,P6_spo_tree,95.0
7,5,5,2,clustered,batched,8,P6_spo_tree,138.0
7,5,5,2,clustered,batched,8,P6_spo_tree,109.0
7,5,5,2,clustered,batched,8,P6_spo_tree,124.0
7,5,5,2,clustered,batched,8,P6_spo_tree,130.0
7,5,5,2,clustered,batched,8,P6_spo_tree,197.0
7,5,5,2,clustered,batched,8,P6_spo_tree,110.0
7,5,5,2,clustered,batched,8,P6_spo_tree,110.0
7,5,5,2,clustered,batched,8,P6_spo_tree,110.0
7,5,5,2,clustered,batched,8,P6_spo_tree,95.0
7,5,5,2,clustered,batched,8,P6_spo_tree,124.0
7,5,5,2,clustered,batched,8,P6_spo_tree,149.0
7,5,5,2,clustered,batched,8,P6_spo_tree,138.0
7,5,5,2,clustered,batched,8,P6_spo_tree,119.0
7,5,5,2,clustered,batched,8,P6_spo_tree,159.0
7,5,5,2,clustered,batched,8,P6_spo_tree,82.0
7,5,5,2,clustered,batched,8,P6_spo_tree,109.0
7,5,5,2,clustered,batched,8,P6_spo_tree,148.0
7,5,5,2,clustered,batched,8,P6_spo_tree,132.0
7,5,5,2,clustered,batched,8,P6_spo_tree,158.0
7,5,5,2,clustered,batched,8,P6_spo_tree,139.0
7,5,5,2,clustered,batched,8,P6_spo_tree,119.0
7,5,5,2,clustered,batched,8,P6_spo_tree,129.0
7,5,5,2,clustered,batched,8,P6_spo_tree,124.0
7,5,5,2,clustered,batched,8,P6_spo_tree,91.0
7,5,5,2,clustered,batched,8,P6_spo_tree,183.0
7,5,5,2,clustered,batched,8,P6_spo_tree,123.0
7,5,5,2,clustered,batched,8,P6_spo_tree,159.0
7,5,5,2,clustered,batched,8,P6_spo_tree,100.0
7,5,5,2,clustered,batched,8,P6_spo_tree,98.0
7,5,5,2,clustered,batched,8,P6_spo_tree,198.0
7,5,5,2,clustered,batched,8,P6_spo_tree,168.0
7,5,5,2,clustered,batched,8,P6_spo_tree,138.0
7,5,5,2,clustered,batched,8,P6_spo_tree,119.0
7,5,5,2,clustered,batched,8,P6_spo_tree,149.0
7,5,5,2,clustered,batched,8,P6_spo_tree,132.0
7,5,5,2,clustered,batched,8,P6_spo_tree,144.0
7,5,5,2,clustered,batched,8,P6_spo_tree,135.0
7,5,5,2,clustered,batched,8,P6_spo_tree,57.0
7,5,5,2,clustered,batched,8,P6_spo_tree,162.0
7,5,5,2,clustered,batched,8,P6_spo_tree,163.0
7,5,5,2,clustered,batched,8,P6_spo_tree,90.0
7,5,5,2,clustered,batched,8,P6_spo_tree,139.0
7,5,5,2,clustered,batched,8,P6_spo_tree,111.0
7,5,5,2,clustered,batched,8,P6_spo_tree,179.0
7,5,5,2,clustered,batched,8,P6_spo_tree,120.0
7,5,5,2,clustered,batched,8,P6_spo_tree,149.0
7,5,5,2,clustered,batched,8,P6_spo_tree,182.0
7,5,5,2,clustered,batched,8,P6_spo_tree,91.0
7,5,5,2,clustered,batched,8,P6_spo_tree,99.0
7,5,5,2,clustered,batched,8,P6_spo_tree,129.0
7,5,5,2,clustered,batched,8,P6_spo_tree,105.0
7,5,5,2,clustered,batched,8,P6_spo_tree,138.0
7,5,5,2,clustered,batched,8,P6_spo_tree,158.0
7,5,5,2,clustered,batched,8,P6_spo_tree,111.0
7,5,5,2,clustered,batched,8,P6_spo_tree,104.0
7,5,5,2,clustered,batched,8,P6_spo_tree,115.0
7,5,5,2,clustered,batched,8,P6_spo_tree,159.0
7,5,5,2,clustered,batched,8,P6_spo_tree,139.0
7,5,5,2,clustered,batched,8,P6_spo_tree,105.0
7,5,5,2,clustered,batched,8,P6_spo_tree,143.0
7,5,5,2,clustered,batched,8,P6_spo_tree,105.0
7,5,5,2,clustered,batched,8,P6_spo_tree,115.0
7,5,5,2,clustered,batched,8,P6_spo_tree,134.0
7,5,5,2,clustered,batched,8,P6_spo_tree,111.0
7,5,5,2,clustered,batched,8,P6_spo_tree,115.0
7,5,5,2,clustered,batched,8,P6_spo_tree,177.0
7,5,5,2,clustered,batched,8,P6_spo_tree,120.0
7,5,5,2,clustered,batched,8,P6_spo_tree,149.0
7,5,5,2,clustered,batched,8,P6_spo_tree,72.0
7,5,5,2,clustered,batched,8,P6_spo_tree,158.0
7,5,5,2,clustered,batched,8,P6_spo_tree,80.0
7,5,5,2,clustered,batched,8,P6_spo_tree,133.0
7,5,5,2,clustered,batched,8,P6_spo_tree,62.0
7,5,5,2,clustered,batched,8,P6_spo_tree,86.0
7,5,5,2,clustered,batched,8,P6_spo_tree,138.0
7,5,5,2,clustered,batched,8,P6_spo_tree,76.0
7,5,5,2,clustered,batched,8,P6_spo_tree,86.0
7,5,5,2,clustered,batched,8,P6_spo_tree,99.0
7,5,5,2,clustered,batched,8,P6_spo_tree,95.0
7,5,5,2,clustered,batched,8,P6_spo_tree,140.0
7,5,5,2,clustered,batched,8,P6_spo_tree,143.0
7,5,5,2,clustered,batched,8,P6_spo_tree,138.0
7,5,5,2,clustered,batched,8,P6_spo_tree,99.0
7,5,5,2,clustered,batched,8,P6_spo_tree,120.0
7,5,5,2,clustered,batched,8,P6_spo_tree,143.0
7,5,5,2,clustered,batched,8,P6_spo_tree,133.0
7,5,5,2,clustered,batched,8,P6_spo_tree,125.0
7,5,5,2,clustered,batched,8,P6_spo_tree,72.0
7,5,5,2,clustered,batched,8,P6_spo_tree,99.0
7,5,5,2,clustered,batched,8,P6_spo_tree,110.0
7,5,5,2,clustered,batched,8,P6_spo_tree,91.0
7,5,5,2,clustered,batched,8,P6_spo_tree,174.0
7,5,5,2,clustered,batched,8,P6_spo_tree,154.0
7,5,5,2,clustered,batched,8,P6_spo_tree,95.0
7,5,5,2,clustered,batched,30,P0_random,453.0
7,5,5,2,clustered,batched,30,P0_random,476.0
7,5,5,2,clustered,batched,30,P0_random,513.0
7,5,5,2,clustered,batched,30,P0_random,563.0
7,5,5,2,clustered,batched,30,P0_random,454.0
7,5,5,2,clustered,batched,30,P0_random,425.0
7,5,5,2,clustered,batched,30,P0_random,405.0
7,5,5,2,clustered,batched,30,P0_random,484.0
7,5,5,2,clustered,batched,30,P0_random,378.0
7,5,5,2,clustered,batched,30,P0_random,567.0
7,5,5,2,clustered,batched,30,P0_random,580.0
7,5,5,2,clustered,batched,30,P0_random,567.0
7,5,5,2,clustered,batched,30,P0_random,451.0
7,5,5,2,clustered,batched,30,P0_random,436.0
7,5,5,2,clustered,batched,30,P0_random,542.0
7,5,5,2,clustered,batched,30,P0_random,513.0
7,5,5,2,clustered,batched,30,P0_random,462.0
7,5,5,2,clustered,batched,30,P0_random,446.0
7,5,5,2,clustered,batched,30,P0_random,450.0
7,5,5,2,clustered,batched,30,P0_random,570.0
7,5,5,2,clustered,batched,30,P0_random,428.0
7,5,5,2,clustered,batched,30,P0_random,482.0
7,5,5,2,clustered,batched,30,P0_random,516.0
7,5,5,2,clustered,batched,30,P0_random,493.0
7,5,5,2,clustered,batched,30,P0_random,540.0
7,5,5,2,clustered,batched,30,P0_random,604.0
7,5,5,2,clustered,batched,30,P0_random,522.0
7,5,5,2,clustered,batched,30,P0_random,475.0
7,5,5,2,clustered,batched,30,P0_random,567.0
7,5,5,2,clustered,batched,30,P0_random,521.0
7,5,5,2,clustered,batched,30,P0_random,439.0
7,5,5,2,clustered,batched,30,P0_random,405.0
7,5,5,2,clustered,batched,30,P0_random,479.0
7,5,5,2,clustered,batched,30,P0_random,569.0
7,5,5,2,clustered,batched,30,P0_random,589.0
7,5,5,2,clustered,batched,30,P0_random,549.0
7,5,5,2,clustered,batched,30,P0_random,531.0
7,5,5,2,clustered,batched,30,P0_random,413.0
7,5,5,2,clustered,batched,30,P0_random,559.0
7,5,5,2,clustered,batched,30,P0_random,595.0
7,5,5,2,clustered,batched,30,P0_random,513.0
7,5,5,2,clustered,batched,30,P0_random,465.0
7,5,5,2,clustered,batched,30,P0_random,527.0
7,5,5,2,clustered,batched,30,P0_random,466.0
7,5,5,2,clustered,batched,30,P0_random,623.0
7,5,5,2,clustered,batched,30,P0_random,413.0
7,5,5,2,clustered,batched,30,P0_random,551.0
7,5,5,2,clustered,batched,30,P0_random,539.0
7,5,5,2,clustered,batched,30,P0_random,464.0
7,5,5,2,clustered,batched,30,P0_random,504.0
7,5,5,2,clustered,batched,30,P0_random,453.0
7,5,5,2,clustered,batched,30,P0_random,445.0
7,5,5,2,clustered,batched,30,P0_random,612.0
7,5,5,2,clustered,batched,30,P0_random,613.0
7,5,5,2,clustered,batched,30,P0_random,588.0
7,5,5,2,clustered,batched,30,P0_random,681.0
7,5,5,2,clustered,batched,30,P0_random,388.0
7,5,5,2,clustered,batched,30,P0_random,474.0
7,5,5,2,clustered,batched,30,P0_random,557.0
7,5,5,2,clustered,batched,30,P0_random,564.0
7,5,5,2,clustered,batched,30,P0_random,488.0
7,5,5,2,clustered,batched,30,P0_random,666.0
7,5,5,2,clustered,batched,30,P0_random,579.0
7,5,5,2,clustered,batched,30,P0_random,453.0
7,5,5,2,clustered,batched,30,P0_random,506.0
7,5,5,2,clustered,batched,30,P0_random,389.0
7,5,5,2,clustered,batched,30,P0_random,560.0
7,5,5,2,clustered,batched,30,P0_random,525.0
7,5,5,2,clustered,batched,30,P0_random,568.0
7,5,5,2,clustered,batched,30,P0_random,468.0
7,5,5,2,clustered,batched,30,P0_random,477.0
7,5,5,2,clustered,batched,30,P0_random,472.0
7,5,5,2,clustered,batched,30,P0_random,508.0
7,5,5,2,clustered,batched,30,P0_random,522.0
7,5,5,2,clustered,batched,30,P0_random,564.0
7,5,5,2,clustered,batched,30,P0_random,486.0
7,5,5,2,clustered,batched,30,P0_random,492.0
7,5,5,2,clustered,batched,30,P0_random,470.0
7,5,5,2,clustered,batched,30,P0_random,467.0
7,5,5,2,clustered,batched,30,P0_random,439.0
7,5,5,2,clustered,batched,30,P0_random,565.0
7,5,5,2,clustered,batched,30,P0_random,369.0
7,5,5,2,clustered,batched,30,P0_random,494.0
7,5,5,2,clustered,batched,30,P0_random,493.0
7,5,5,2,clustered,batched,30,P0_random,593.0
7,5,5,2,clustered,batched,30,P0_random,489.0
7,5,5,2,clustered,batched,30,P0_random,525.0
7,5,5,2,clustered,batched,30,P0_random,531.0
7,5,5,2,clustered,batched,30,P0_random,463.0
7,5,5,2,clustered,batched,30,P0_random,523.0
7,5,5,2,clustered,batched,30,P0_random,609.0
7,5,5,2,clustered,batched,30,P0_random,482.0
7,5,5,2,clustered,batched,30,P0_random,450.0
7,5,5,2,clustered,batched,30,P0_random,598.0
7,5,5,2,clustered,batched,30,P0_random,504.0
7,5,5,2,clustered,batched,30,P0_random,467.0
7,5,5,2,clustered,batched,30,P0_random,518.0
7,5,5,2,clustered,batched,30,P0_random,541.0
7,5,5,2,clustered,batched,30,P0_random,573.0
7,5,5,2,clustered,batched,30,P0_random,623.0
7,5,5,2,clustered,batched,30,P0_random,481.0
7,5,5,2,clustered,batched,30,P0_random,454.0
7,5,5,2,clustered,batched,30,P0_random,502.0
7,5,5,2,clustered,batched,30,P0_random,420.0
7,5,5,2,clustered,batched,30,P0_random,424.0
7,5,5,2,clustered,batched,30,P0_random,541.0
7,5,5,2,clustered,batched,30,P0_random,676.0
7,5,5,2,clustered,batched,30,P0_random,501.0
7,5,5,2,clustered,batched,30,P0_random,465.0
7,5,5,2,clustered,batched,30,P0_random,489.0
7,5,5,2,clustered,batched,30,P0_random,578.0
7,5,5,2,clustered,batched,30,P0_random,560.0
7,5,5,2,clustered,batched,30,P0_random,459.0
7,5,5,2,clustered,batched,30,P0_random,442.0
7,5,5,2,clustered,batched,30,P0_random,451.0
7,5,5,2,clustered,batched,30,P0_random,525.0
7,5,5,2,clustered,batched,30,P0_random,385.0
7,5,5,2,clustered,batched,30,P0_random,537.0
7,5,5,2,clustered,batched,30,P0_random,477.0
7,5,5,2,clustered,batched,30,P0_random,517.0
7,5,5,2,clustered,batched,30,P0_random,618.0
7,5,5,2,clustered,batched,30,P0_random,610.0
7,5,5,2,clustered,batched,30,P0_random,491.0
7,5,5,2,clustered,batched,30,P0_random,563.0
7,5,5,2,clustered,batched,30,P0_random,560.0
7,5,5,2,clustered,batched,30,P0_random,478.0
7,5,5,2,clustered,batched,30,P0_random,469.0
7,5,5,2,clustered,batched,30,P0_random,516.0
7,5,5,2,clustered,batched,30,P0_random,512.0
7,5,5,2,clustered,batched,30,P0_random,502.0
7,5,5,2,clustered,batched,30,P0_random,424.0
7,5,5,2,clustered,batched,30,P0_random,594.0
7,5,5,2,clustered,batched,30,P0_random,507.0
7,5,5,2,clustered,batched,30,P0_random,542.0
7,5,5,2,clustered,batched,30,P0_random,590.0
7,5,5,2,clustered,batched,30,P0_random,522.0
7,5,5,2,clustered,batched,30,P0_random,572.0
7,5,5,2,clustered,batched,30,P0_random,477.0
7,5,5,2,clustered,batched,30,P0_random,594.0
7,5,5,2,clustered,batched,30,P0_random,466.0
7,5,5,2,clustered,batched,30,P0_random,570.0
7,5,5,2,clustered,batched,30,P0_random,560.0
7,5,5,2,clustered,batched,30,P0_random,496.0
7,5,5,2,clustered,batched,30,P0_random,473.0
7,5,5,2,clustered,batched,30,P0_random,664.0
7,5,5,2,clustered,batched,30,P0_random,409.0
7,5,5,2,clustered,batched,30,P0_random,439.0
7,5,5,2,clustered,batched,30,P0_random,570.0
7,5,5,2,clustered,batched,30,P0_random,458.0
7,5,5,2,clustered,batched,30,P0_random,549.0
7,5,5,2,clustered,batched,30,P0_random,528.0
7,5,5,2,clustered,batched,30,P0_random,639.0
7,5,5,2,clustered,batched,30,P0_random,470.0
7,5,5,2,clustered,batched,30,P0_random,459.0
7,5,5,2,clustered,batched,30,P0_random,547.0
7,5,5,2,clustered,batched,30,P0_random,542.0
7,5,5,2,clustered,batched,30,P0_random,472.0
7,5,5,2,clustered,batched,30,P0_random,429.0
7,5,5,2,clustered,batched,30,P0_random,594.0
7,5,5,2,clustered,batched,30,P0_random,610.0
7,5,5,2,clustered,batched,30,P0_random,519.0
7,5,5,2,clustered,batched,30,P0_random,478.0
7,5,5,2,clustered,batched,30,P0_random,468.0
7,5,5,2,clustered,batched,30,P0_random,517.0
7,5,5,2,clustered,batched,30,P0_random,538.0
7,5,5,2,clustered,batched,30,P0_random,559.0
7,5,5,2,clustered,batched,30,P0_random,537.0
7,5,5,2,clustered,batched,30,P0_random,580.0
7,5,5,2,clustered,batched,30,P0_random,544.0
7,5,5,2,clustered,batched,30,P0_random,501.0
7,5,5,2,clustered,batched,30,P0_random,492.0
7,5,5,2,clustered,batched,30,P0_random,451.0
7,5,5,2,clustered,batched,30,P0_random,459.0
7,5,5,2,clustered,batched,30,P0_random,516.0
7,5,5,2,clustered,batched,30,P0_random,554.0
7,5,5,2,clustered,batched,30,P0_random,546.0
7,5,5,2,clustered,batched,30,P0_random,540.0
7,5,5,2,clustered,batched,30,P0_random,487.0
7,5,5,2,clustered,batched,30,P0_random,532.0
7,5,5,2,clustered,batched,30,P0_random,467.0
7,5,5,2,clustered,batched,30,P0_random,535.0
7,5,5,2,clustered,batched,30,P0_random,574.0
7,5,5,2,clustered,batched,30,P0_random,487.0
7,5,5,2,clustered,batched,30,P0_random,517.0
7,5,5,2,clustered,batched,30,P0_random,573.0
7,5,5,2,clustered,batched,30,P0_random,536.0
7,5,5,2,clustered,batched,30,P0_random,436.0
7,5,5,2,clustered,batched,30,P0_random,450.0
7,5,5,2,clustered,batched,30,P0_random,471.0
7,5,5,2,clustered,batched,30,P0_random,459.0
7,5,5,2,clustered,batched,30,P0_random,557.0
7,5,5,2,clustered,batched,30,P0_random,503.0
7,5,5,2,clustered,batched,30,P0_random,502.0
7,5,5,2,clustered,batched,30,P0_random,525.0
7,5,5,2,clustered,batched,30,P0_random,468.0
7,5,5,2,clustered,batched,30,P0_random,517.0
7,5,5,2,clustered,batched,30,P0_random,410.0
7,5,5,2,clustered,batched,30,P0_random,497.0
7,5,5,2,clustered,batched,30,P0_random,545.0
7,5,5,2,clustered,batched,30,P0_random,500.0
7,5,5,2,clustered,batched,30,P1_dest_cluster,495.0
7,5,5,2,clustered,batched,30,P1_dest_cluster,457.0
7,5,5,2,clustered,batched,30,P1_dest_cluster,457.0
7,5,5,2,clustered,batched,30,P1_dest_cluster,542.0
7,5,5,2,clustered,batched,30,P1_dest_cluster,551.0
7,5,5,2,clustered,batched,30,P1_dest_cluster,526.0
7,5,5,2,clustered,batched,30,P1_dest_cluster,492.0
7,5,5,2,clustered,batched,30,P1_dest_cluster,520.0
7,5,5,2,clustered,batched,30,P1_dest_cluster,605.0
7,5,5,2,clustered,batched,30,P1_dest_cluster,523.0
7,5,5,2,clustered,batched,30,P1_dest_cluster,532.0
7,5,5,2,clustered,batched,30,P1_dest_cluster,574.0
7,5,5,2,clustered,batched,30,P1_dest_cluster,518.0
7,5,5,2,clustered,batched,30,P1_dest_cluster,435.0
7,5,5,2,clustered,batched,30,P1_dest_cluster,496.0
7,5,5,2,clustered,batched,30,P1_dest_cluster,520.0
7,5,5,2,clustered,batched,30,P1_dest_cluster,508.0
7,5,5,2,clustered,batched,30,P1_dest_cluster,564.0
7,5,5,2,clustered,batched,30,P1_dest_cluster,577.0
7,5,5,2,clustered,batched,30,P1_dest_cluster,517.0
7,5,5,2,clustered,batched,30,P1_dest_cluster,467.0
7,5,5,2,clustered,batched,30,P1_dest_cluster,552.0
7,5,5,2,clustered,batched,30,P1_dest_cluster,497.0
7,5,5,2,clustered,batched,30,P1_dest_cluster,483.0
7,5,5,2,clustered,batched,30,P1_dest_cluster,537.0
7,5,5,2,clustered,batched,30,P1_dest_cluster,538.0
7,5,5,2,clustered,batched,30,P1_dest_cluster,616.0
7,5,5,2,clustered,batched,30,P1_dest_cluster,550.0
7,5,5,2,clustered,batched,30,P1_dest_cluster,562.0
7,5,5,2,clustered,batched,30,P1_dest_cluster,562.0
7,5,5,2,clustered,batched,30,P1_dest_cluster,628.0
7,5,5,2,clustered,batched,30,P1_dest_cluster,448.0
7,5,5,2,clustered,batched,30,P1_dest_cluster,502.0
7,5,5,2,clustered,batched,30,P1_dest_cluster,536.0
7,5,5,2,clustered,batched,30,P1_dest_cluster,541.0
7,5,5,2,clustered,batched,30,P1_dest_cluster,548.0
7,5,5,2,clustered,batched,30,P1_dest_cluster,467.0
7,5,5,2,clustered,batched,30,P1_dest_cluster,647.0
7,5,5,2,clustered,batched,30,P1_dest_cluster,510.0
7,5,5,2,clustered,batched,30,P1_dest_cluster,515.0
7,5,5,2,clustered,batched,30,P1_dest_cluster,634.0
7,5,5,2,clustered,batched,30,P1_dest_cluster,529.0
7,5,5,2,clustered,batched,30,P1_dest_cluster,517.0
7,5,5,2,clustered,batched,30,P1_dest_cluster,541.0
7,5,5,2,clustered,batched,30,P1_dest_cluster,408.0
7,5,5,2,clustered,batched,30,P1_dest_cluster,545.0
7,5,5,2,clustered,batched,30,P1_dest_cluster,619.0
7,5,5,2,clustered,batched,30,P1_dest_cluster,459.0
7,5,5,2,clustered,batched,30,P1_dest_cluster,387.0
7,5,5,2,clustered,batched,30,P1_dest_cluster,518.0
7,5,5,2,clustered,batched,30,P1_dest_cluster,424.0
7,5,5,2,clustered,batched,30,P1_dest_cluster,607.0
7,5,5,2,clustered,batched,30,P1_dest_cluster,588.0
7,5,5,2,clustered,batched,30,P1_dest_cluster,502.0
7,5,5,2,clustered,batched,30,P1_dest_cluster,458.0
7,5,5,2,clustered,batched,30,P1_dest_cluster,623.0
7,5,5,2,clustered,batched,30,P1_dest_cluster,479.0
7,5,5,2,clustered,batched,30,P1_dest_cluster,430.0
7,5,5,2,clustered,batched,30,P1_dest_cluster,535.0
7,5,5,2,clustered,batched,30,P1_dest_cluster,546.0
7,5,5,2,clustered,batched,30,P1_dest_cluster,508.0
7,5,5,2,clustered,batched,30,P1_dest_cluster,531.0
7,5,5,2,clustered,batched,30,P1_dest_cluster,591.0
7,5,5,2,clustered,batched,30,P1_dest_cluster,493.0
7,5,5,2,clustered,batched,30,P1_dest_cluster,485.0
7,5,5,2,clustered,batched,30,P1_dest_cluster,620.0
7,5,5,2,clustered,batched,30,P1_dest_cluster,597.0
7,5,5,2,clustered,batched,30,P1_dest_cluster,649.0
7,5,5,2,clustered,batched,30,P1_dest_cluster,527.0
7,5,5,2,clustered,batched,30,P1_dest_cluster,450.0
7,5,5,2,clustered,batched,30,P1_dest_cluster,514.0
7,5,5,2,clustered,batched,30,P1_dest_cluster,525.0
7,5,5,2,clustered,batched,30,P1_dest_cluster,599.0
7,5,5,2,clustered,batched,30,P1_dest_cluster,487.0
7,5,5,2,clustered,batched,30,P1_dest_cluster,622.0
7,5,5,2,clustered,batched,30,P1_dest_cluster,498.0
7,5,5,2,clustered,batched,30,P1_dest_cluster,526.0
7,5,5,2,clustered,batched,30,P1_dest_cluster,401.0
7,5,5,2,clustered,batched,30,P1_dest_cluster,522.0
7,5,5,2,clustered,batched,30,P1_dest_cluster,442.0
7,5,5,2,clustered,batched,30,P1_dest_cluster,549.0
7,5,5,2,clustered,batched,30,P1_dest_cluster,492.0
7,5,5,2,clustered,batched,30,P1_dest_cluster,659.0
7,5,5,2,clustered,batched,30,P1_dest_cluster,439.0
7,5,5,2,clustered,batched,30,P1_dest_cluster,487.0
7,5,5,2,clustered,batched,30,P1_dest_cluster,569.0
7,5,5,2,clustered,batched,30,P1_dest_cluster,471.0
7,5,5,2,clustered,batched,30,P1_dest_cluster,485.0
7,5,5,2,clustered,batched,30,P1_dest_cluster,444.0
7,5,5,2,clustered,batched,30,P1_dest_cluster,515.0
7,5,5,2,clustered,batched,30,P1_dest_cluster,651.0
7,5,5,2,clustered,batched,30,P1_dest_cluster,498.0
7,5,5,2,clustered,batched,30,P1_dest_cluster,515.0
7,5,5,2,clustered,batched,30,P1_dest_cluster,529.0
7,5,5,2,clustered,batched,30,P1_dest_cluster,694.0
7,5,5,2,clustered,batched,30,P1_dest_cluster,536.0
7,5,5,2,clustered,batched,30,P1_dest_cluster,532.0
7,5,5,2,clustered,batched,30,P1_dest_cluster,560.0
7,5,5,2,clustered,batched,30,P1_dest_cluster,437.0
7,5,5,2,clustered,batched,30,P1_dest_cluster,563.0
7,5,5,2,clustered,batched,30,P1_dest_cluster,524.0
7,5,5,2,clustered,batched,30,P1_dest_cluster,424.0
7,5,5,2,clustered,batched,30,P1_dest_cluster,462.0
7,5,5,2,clustered,batched,30,P1_dest_cluster,458.0
7,5,5,2,clustered,batched,30,P1_dest_cluster,564.0
7,5,5,2,clustered,batched,30,P1_dest_cluster,734.0
7,5,5,2,clustered,batched,30,P1_dest_cluster,601.0
7,5,5,2,clustered,batched,30,P1_dest_cluster,519.0
7,5,5,2,clustered,batched,30,P1_dest_cluster,571.0
7,5,5,2,clustered,batched,30,P1_dest_cluster,434.0
7,5,5,2,clustered,batched,30,P1_dest_cluster,491.0
7,5,5,2,clustered,batched,30,P1_dest_cluster,445.0
7,5,5,2,clustered,batched,30,P1_dest_cluster,450.0
7,5,5,2,clustered,batched,30,P1_dest_cluster,458.0
7,5,5,2,clustered,batched,30,P1_dest_cluster,328.0
7,5,5,2,clustered,batched,30,P1_dest_cluster,505.0
7,5,5,2,clustered,batched,30,P1_dest_cluster,443.0
7,5,5,2,clustered,batched,30,P1_dest_cluster,411.0
7,5,5,2,clustered,batched,30,P1_dest_cluster,381.0
7,5,5,2,clustered,batched,30,P1_dest_cluster,541.0
7,5,5,2,clustered,batched,30,P1_dest_cluster,438.0
7,5,5,2,clustered,batched,30,P1_dest_cluster,482.0
7,5,5,2,clustered,batched,30,P1_dest_cluster,497.0
7,5,5,2,clustered,batched,30,P1_dest_cluster,501.0
7,5,5,2,clustered,batched,30,P1_dest_cluster,570.0
7,5,5,2,clustered,batched,30,P1_dest_cluster,550.0
7,5,5,2,clustered,batched,30,P1_dest_cluster,505.0
7,5,5,2,clustered,batched,30,P1_dest_cluster,410.0
7,5,5,2,clustered,batched,30,P1_dest_cluster,647.0
7,5,5,2,clustered,batched,30,P1_dest_cluster,420.0
7,5,5,2,clustered,batched,30,P1_dest_cluster,515.0
7,5,5,2,clustered,batched,30,P1_dest_cluster,623.0
7,5,5,2,clustered,batched,30,P1_dest_cluster,468.0
7,5,5,2,clustered,batched,30,P1_dest_cluster,511.0
7,5,5,2,clustered,batched,30,P1_dest_cluster,491.0
7,5,5,2,clustered,batched,30,P1_dest_cluster,532.0
7,5,5,2,clustered,batched,30,P1_dest_cluster,531.0
7,5,5,2,clustered,batched,30,P1_dest_cluster,446.0
7,5,5,2,clustered,batched,30,P1_dest_cluster,460.0
7,5,5,2,clustered,batched,30,P1_dest_cluster,438.0
7,5,5,2,clustered,batched,30,P1_dest_cluster,578.0
7,5,5,2,clustered,batched,30,P1_dest_cluster,414.0
7,5,5,2,clustered,batched,30,P1_dest_cluster,443.0
7,5,5,2,clustered,batched,30,P1_dest_cluster,457.0
7,5,5,2,clustered,batched,30,P1_dest_cluster,432.0
7,5,5,2,clustered,batched,30,P1_dest_cluster,376.0
7,5,5,2,clustered,batched,30,P1_dest_cluster,546.0
7,5,5,2,clustered,batched,30,P1_dest_cluster,546.0
7,5,5,2,clustered,batched,30,P1_dest_cluster,526.0
7,5,5,2,clustered,batched,30,P1_dest_cluster,522.0
7,5,5,2,clustered,batched,30,P1_dest_cluster,481.0
7,5,5,2,clustered,batched,30,P1_dest_cluster,412.0
7,5,5,2,clustered,batched,30,P1_dest_cluster,446.0
7,5,5,2,clustered,batched,30,P1_dest_cluster,638.0
7,5,5,2,clustered,batched,30,P1_dest_cluster,514.0
7,5,5,2,clustered,batched,30,P1_dest_cluster,529.0
7,5,5,2,clustered,batched,30,P1_dest_cluster,497.0
7,5,5,2,clustered,batched,30,P1_dest_cluster,404.0
7,5,5,2,clustered,batched,30,P1_dest_cluster,497.0
7,5,5,2,clustered,batched,30,P1_dest_cluster,649.0
7,5,5,2,clustered,batched,30,P1_dest_cluster,439.0
7,5,5,2,clustered,batched,30,P1_dest_cluster,505.0
7,5,5,2,clustered,batched,30,P1_dest_cluster,506.0
7,5,5,2,clustered,batched,30,P1_dest_cluster,546.0
7,5,5,2,clustered,batched,30,P1_dest_cluster,558.0
7,5,5,2,clustered,batched,30,P1_dest_cluster,362.0
7,5,5,2,clustered,batched,30,P1_dest_cluster,447.0
7,5,5,2,clustered,batched,30,P1_dest_cluster,544.0
7,5,5,2,clustered,batched,30,P1_dest_cluster,389.0
7,5,5,2,clustered,batched,30,P1_dest_cluster,540.0
7,5,5,2,clustered,batched,30,P1_dest_cluster,521.0
7,5,5,2,clustered,batched,30,P1_dest_cluster,474.0
7,5,5,2,clustered,batched,30,P1_dest_cluster,477.0
7,5,5,2,clustered,batched,30,P1_dest_cluster,642.0
7,5,5,2,clustered,batched,30,P1_dest_cluster,484.0
7,5,5,2,clustered,batched,30,P1_dest_cluster,430.0
7,5,5,2,clustered,batched,30,P1_dest_cluster,403.0
7,5,5,2,clustered,batched,30,P1_dest_cluster,570.0
7,5,5,2,clustered,batched,30,P1_dest_cluster,507.0
7,5,5,2,clustered,batched,30,P1_dest_cluster,529.0
7,5,5,2,clustered,batched,30,P1_dest_cluster,541.0
7,5,5,2,clustered,batched,30,P1_dest_cluster,510.0
7,5,5,2,clustered,batched,30,P1_dest_cluster,458.0
7,5,5,2,clustered,batched,30,P1_dest_cluster,551.0
7,5,5,2,clustered,batched,30,P1_dest_cluster,545.0
7,5,5,2,clustered,batched,30,P1_dest_cluster,480.0
7,5,5,2,clustered,batched,30,P1_dest_cluster,453.0
7,5,5,2,clustered,batched,30,P1_dest_cluster,493.0
7,5,5,2,clustered,batched,30,P1_dest_cluster,645.0
7,5,5,2,clustered,batched,30,P1_dest_cluster,515.0
7,5,5,2,clustered,batched,30,P1_dest_cluster,514.0
7,5,5,2,clustered,batched,30,P1_dest_cluster,510.0
7,5,5,2,clustered,batched,30,P1_dest_cluster,411.0
7,5,5,2,clustered,batched,30,P1_dest_cluster,565.0
7,5,5,2,clustered,batched,30,P1_dest_cluster,447.0
7,5,5,2,clustered,batched,30,P1_dest_cluster,517.0
7,5,5,2,clustered,batched,30,P1_dest_cluster,536.0
7,5,5,2,clustered,batched,30,P1_dest_cluster,571.0
7,5,5,2,clustered,batched,30,P1_dest_cluster,483.0
7,5,5,2,clustered,batched,30,P1_dest_cluster,482.0
7,5,5,2,clustered,batched,30,P2_cardinality,541.0
7,5,5,2,clustered,batched,30,P2_cardinality,429.0
7,5,5,2,clustered,batched,30,P2_cardinality,497.0
7,5,5,2,clustered,batched,30,P2_cardinality,469.0
7,5,5,2,clustered,batched,30,P2_cardinality,551.0
7,5,5,2,clustered,batched,30,P2_cardinality,434.0
7,5,5,2,clustered,batched,30,P2_cardinality,497.0
7,5,5,2,clustered,batched,30,P2_cardinality,452.0
7,5,5,2,clustered,batched,30,P2_cardinality,372.0
7,5,5,2,clustered,batched,30,P2_cardinality,378.0
7,5,5,2,clustered,batched,30,P2_cardinality,492.0
7,5,5,2,clustered,batched,30,P2_cardinality,478.0
7,5,5,2,clustered,batched,30,P2_cardinality,514.0
7,5,5,2,clustered,batched,30,P2_cardinality,511.0
7,5,5,2,clustered,batched,30,P2_cardinality,497.0
7,5,5,2,clustered,batched,30,P2_cardinality,562.0
7,5,5,2,clustered,batched,30,P2_cardinality,459.0
7,5,5,2,clustered,batched,30,P2_cardinality,573.0
7,5,5,2,clustered,batched,30,P2_cardinality,428.0
7,5,5,2,clustered,batched,30,P2_cardinality,421.0
7,5,5,2,clustered,batched,30,P2_cardinality,450.0
7,5,5,2,clustered,batched,30,P2_cardinality,447.0
7,5,5,2,clustered,batched,30,P2_cardinality,406.0
7,5,5,2,clustered,batched,30,P2_cardinality,514.0
7,5,5,2,clustered,batched,30,P2_cardinality,477.0
7,5,5,2,clustered,batched,30,P2_cardinality,506.0
7,5,5,2,clustered,batched,30,P2_cardinality,505.0
7,5,5,2,clustered,batched,30,P2_cardinality,525.0
7,5,5,2,clustered,batched,30,P2_cardinality,487.0
7,5,5,2,clustered,batched,30,P2_cardinality,443.0
7,5,5,2,clustered,batched,30,P2_cardinality,401.0
7,5,5,2,clustered,batched,30,P2_cardinality,493.0
7,5,5,2,clustered,batched,30,P2_cardinality,420.0
7,5,5,2,clustered,batched,30,P2_cardinality,498.0
7,5,5,2,clustered,batched,30,P2_cardinality,480.0
7,5,5,2,clustered,batched,30,P2_cardinality,399.0
7,5,5,2,clustered,batched,30,P2_cardinality,599.0
7,5,5,2,clustered,batched,30,P2_cardinality,583.0
7,5,5,2,clustered,batched,30,P2_cardinality,473.0
7,5,5,2,clustered,batched,30,P2_cardinality,504.0
7,5,5,2,clustered,batched,30,P2_cardinality,506.0
7,5,5,2,clustered,batched,30,P2_cardinality,503.0
7,5,5,2,clustered,batched,30,P2_cardinality,409.0
7,5,5,2,clustered,batched,30,P2_cardinality,477.0
7,5,5,2,clustered,batched,30,P2_cardinality,477.0
7,5,5,2,clustered,batched,30,P2_cardinality,474.0
7,5,5,2,clustered,batched,30,P2_cardinality,541.0
7,5,5,2,clustered,batched,30,P2_cardinality,476.0
7,5,5,2,clustered,batched,30,P2_cardinality,511.0
7,5,5,2,clustered,batched,30,P2_cardinality,421.0
7,5,5,2,clustered,batched,30,P2_cardinality,439.0
7,5,5,2,clustered,batched,30,P2_cardinality,473.0
7,5,5,2,clustered,batched,30,P2_cardinality,448.0
7,5,5,2,clustered,batched,30,P2_cardinality,596.0
7,5,5,2,clustered,batched,30,P2_cardinality,452.0
7,5,5,2,clustered,batched,30,P2_cardinality,571.0
7,5,5,2,clustered,batched,30,P2_cardinality,459.0
7,5,5,2,clustered,batched,30,P2_cardinality,686.0
7,5,5,2,clustered,batched,30,P2_cardinality,435.0
7,5,5,2,clustered,batched,30,P2_cardinality,455.0
7,5,5,2,clustered,batched,30,P2_cardinality,399.0
7,5,5,2,clustered,batched,30,P2_cardinality,546.0
7,5,5,2,clustered,batched,30,P2_cardinality,499.0
7,5,5,2,clustered,batched,30,P2_cardinality,480.0
7,5,5,2,clustered,batched,30,P2_cardinality,512.0
7,5,5,2,clustered,batched,30,P2_cardinality,490.0
7,5,5,2,clustered,batched,30,P2_cardinality,512.0
7,5,5,2,clustered,batched,30,P2_cardinality,541.0
7,5,5,2,clustered,batched,30,P2_cardinality,488.0
7,5,5,2,clustered,batched,30,P2_cardinality,485.0
7,5,5,2,clustered,batched,30,P2_cardinality,495.0
7,5,5,2,clustered,batched,30,P2_cardinality,435.0
7,5,5,2,clustered,batched,30,P2_cardinality,501.0
7,5,5,2,clustered,batched,30,P2_cardinality,571.0
7,5,5,2,clustered,batched,30,P2_cardinality,478.0
7,5,5,2,clustered,batched,30,P2_cardinality,429.0
7,5,5,2,clustered,batched,30,P2_cardinality,570.0
7,5,5,2,clustered,batched,30,P2_cardinality,411.0
7,5,5,2,clustered,batched,30,P2_cardinality,468.0
7,5,5,2,clustered,batched,30,P2_cardinality,460.0
7,5,5,2,clustered,batched,30,P2_cardinality,535.0
7,5,5,2,clustered,batched,30,P2_cardinality,541.0
7,5,5,2,clustered,batched,30,P2_cardinality,389.0
7,5,5,2,clustered,batched,30,P2_cardinality,483.0
7,5,5,2,clustered,batched,30,P2_cardinality,441.0
7,5,5,2,clustered,batched,30,P2_cardinality,575.0
7,5,5,2,clustered,batched,30,P2_cardinality,464.0
7,5,5,2,clustered,batched,30,P2_cardinality,444.0
7,5,5,2,clustered,batched,30,P2_cardinality,497.0
7,5,5,2,clustered,batched,30,P2_cardinality,457.0
7,5,5,2,clustered,batched,30,P2_cardinality,375.0
7,5,5,2,clustered,batched,30,P2_cardinality,401.0
7,5,5,2,clustered,batched,30,P2_cardinality,573.0
7,5,5,2,clustered,batched,30,P2_cardinality,578.0
7,5,5,2,clustered,batched,30,P2_cardinality,450.0
7,5,5,2,clustered,batched,30,P2_cardinality,517.0
7,5,5,2,clustered,batched,30,P2_cardinality,512.0
7,5,5,2,clustered,batched,30,P2_cardinality,537.0
7,5,5,2,clustered,batched,30,P2_cardinality,535.0
7,5,5,2,clustered,batched,30,P2_cardinality,459.0
7,5,5,2,clustered,batched,30,P2_cardinality,434.0
7,5,5,2,clustered,batched,30,P2_cardinality,495.0
7,5,5,2,clustered,batched,30,P2_cardinality,514.0
7,5,5,2,clustered,batched,30,P2_cardinality,484.0
7,5,5,2,clustered,batched,30,P2_cardinality,499.0
7,5,5,2,clustered,batched,30,P2_cardinality,418.0
7,5,5,2,clustered,batched,30,P2_cardinality,566.0
7,5,5,2,clustered,batched,30,P2_cardinality,486.0
7,5,5,2,clustered,batched,30,P2_cardinality,459.0
7,5,5,2,clustered,batched,30,P2_cardinality,538.0
7,5,5,2,clustered,batched,30,P2_cardinality,505.0
7,5,5,2,clustered,batched,30,P2_cardinality,521.0
7,5,5,2,clustered,batched,30,P2_cardinality,367.0
7,5,5,2,clustered,batched,30,P2_cardinality,449.0
7,5,5,2,clustered,batched,30,P2_cardinality,371.0
7,5,5,2,clustered,batched,30,P2_cardinality,523.0
7,5,5,2,clustered,batched,30,P2_cardinality,520.0
7,5,5,2,clustered,batched,30,P2_cardinality,484.0
7,5,5,2,clustered,batched,30,P2_cardinality,395.0
7,5,5,2,clustered,batched,30,P2_cardinality,566.0
7,5,5,2,clustered,batched,30,P2_cardinality,375.0
7,5,5,2,clustered,batched,30,P2_cardinality,527.0
7,5,5,2,clustered,batched,30,P2_cardinality,485.0
7,5,5,2,clustered,batched,30,P2_cardinality,439.0
7,5,5,2,clustered,batched,30,P2_cardinality,413.0
7,5,5,2,clustered,batched,30,P2_cardinality,324.0
7,5,5,2,clustered,batched,30,P2_cardinality,425.0
7,5,5,2,clustered,batched,30,P2_cardinality,501.0
7,5,5,2,clustered,batched,30,P2_cardinality,443.0
7,5,5,2,clustered,batched,30,P2_cardinality,468.0
7,5,5,2,clustered,batched,30,P2_cardinality,502.0
7,5,5,2,clustered,batched,30,P2_cardinality,448.0
7,5,5,2,clustered,batched,30,P2_cardinality,498.0
7,5,5,2,clustered,batched,30,P2_cardinality,480.0
7,5,5,2,clustered,batched,30,P2_cardinality,472.0
7,5,5,2,clustered,batched,30,P2_cardinality,459.0
7,5,5,2,clustered,batched,30,P2_cardinality,428.0
7,5,5,2,clustered,batched,30,P2_cardinality,455.0
7,5,5,2,clustered,batched,30,P2_cardinality,483.0
7,5,5,2,clustered,batched,30,P2_cardinality,392.0
7,5,5,2,clustered,batched,30,P2_cardinality,451.0
7,5,5,2,clustered,batched,30,P2_cardinality,482.0
7,5,5,2,clustered,batched,30,P2_cardinality,459.0
7,5,5,2,clustered,batched,30,P2_cardinality,455.0
7,5,5,2,clustered,batched,30,P2_cardinality,686.0
7,5,5,2,clustered,batched,30,P2_cardinality,527.0
7,5,5,2,clustered,batched,30,P2_cardinality,521.0
7,5,5,2,clustered,batched,30,P2_cardinality,451.0
7,5,5,2,clustered,batched,30,P2_cardinality,445.0
7,5,5,2,clustered,batched,30,P2_cardinality,561.0
7,5,5,2,clustered,batched,30,P2_cardinality,500.0
7,5,5,2,clustered,batched,30,P2_cardinality,545.0
7,5,5,2,clustered,batched,30,P2_cardinality,451.0
7,5,5,2,clustered,batched,30,P2_cardinality,486.0
7,5,5,2,clustered,batched,30,P2_cardinality,484.0
7,5,5,2,clustered,batched,30,P2_cardinality,420.0
7,5,5,2,clustered,batched,30,P2_cardinality,450.0
7,5,5,2,clustered,batched,30,P2_cardinality,537.0
7,5,5,2,clustered,batched,30,P2_cardinality,406.0
7,5,5,2,clustered,batched,30,P2_cardinality,435.0
7,5,5,2,clustered,batched,30,P2_cardinality,480.0
7,5,5,2,clustered,batched,30,P2_cardinality,503.0
7,5,5,2,clustered,batched,30,P2_cardinality,521.0
7,5,5,2,clustered,batched,30,P2_cardinality,461.0
7,5,5,2,clustered,batched,30,P2_cardinality,448.0
7,5,5,2,clustered,batched,30,P2_cardinality,517.0
7,5,5,2,clustered,batched,30,P2_cardinality,474.0
7,5,5,2,clustered,batched,30,P2_cardinality,451.0
7,5,5,2,clustered,batched,30,P2_cardinality,499.0
7,5,5,2,clustered,batched,30,P2_cardinality,487.0
7,5,5,2,clustered,batched,30,P2_cardinality,406.0
7,5,5,2,clustered,batched,30,P2_cardinality,575.0
7,5,5,2,clustered,batched,30,P2_cardinality,494.0
7,5,5,2,clustered,batched,30,P2_cardinality,399.0
7,5,5,2,clustered,batched,30,P2_cardinality,473.0
7,5,5,2,clustered,batched,30,P2_cardinality,540.0
7,5,5,2,clustered,batched,30,P2_cardinality,517.0
7,5,5,2,clustered,batched,30,P2_cardinality,372.0
7,5,5,2,clustered,batched,30,P2_cardinality,540.0
7,5,5,2,clustered,batched,30,P2_cardinality,573.0
7,5,5,2,clustered,batched,30,P2_cardinality,412.0
7,5,5,2,clustered,batched,30,P2_cardinality,480.0
7,5,5,2,clustered,batched,30,P2_cardinality,541.0
7,5,5,2,clustered,batched,30,P2_cardinality,453.0
7,5,5,2,clustered,batched,30,P2_cardinality,475.0
7,5,5,2,clustered,batched,30,P2_cardinality,413.0
7,5,5,2,clustered,batched,30,P2_cardinality,525.0
7,5,5,2,clustered,batched,30,P2_cardinality,501.0
7,5,5,2,clustered,batched,30,P2_cardinality,448.0
7,5,5,2,clustered,batched,30,P2_cardinality,525.0
7,5,5,2,clustered,batched,30,P2_cardinality,574.0
7,5,5,2,clustered,batched,30,P2_cardinality,500.0
7,5,5,2,clustered,batched,30,P2_cardinality,421.0
7,5,5,2,clustered,batched,30,P2_cardinality,426.0
7,5,5,2,clustered,batched,30,P2_cardinality,433.0
7,5,5,2,clustered,batched,30,P2_cardinality,527.0
7,5,5,2,clustered,batched,30,P2_cardinality,475.0
7,5,5,2,clustered,batched,30,P2_cardinality,401.0
7,5,5,2,clustered,batched,30,P2_cardinality,442.0
7,5,5,2,clustered,batched,30,P2_cardinality,444.0
7,5,5,2,clustered,batched,30,P3_dir_balanced,481.0
7,5,5,2,clustered,batched,30,P3_dir_balanced,594.0
7,5,5,2,clustered,batched,30,P3_dir_balanced,429.0
7,5,5,2,clustered,batched,30,P3_dir_balanced,575.0
7,5,5,2,clustered,batched,30,P3_dir_balanced,587.0
7,5,5,2,clustered,batched,30,P3_dir_balanced,531.0
7,5,5,2,clustered,batched,30,P3_dir_balanced,525.0
7,5,5,2,clustered,batched,30,P3_dir_balanced,527.0
7,5,5,2,clustered,batched,30,P3_dir_balanced,457.0
7,5,5,2,clustered,batched,30,P3_dir_balanced,496.0
7,5,5,2,clustered,batched,30,P3_dir_balanced,566.0
7,5,5,2,clustered,batched,30,P3_dir_balanced,554.0
7,5,5,2,clustered,batched,30,P3_dir_balanced,507.0
7,5,5,2,clustered,batched,30,P3_dir_balanced,521.0
7,5,5,2,clustered,batched,30,P3_dir_balanced,618.0
7,5,5,2,clustered,batched,30,P3_dir_balanced,460.0
7,5,5,2,clustered,batched,30,P3_dir_balanced,474.0
7,5,5,2,clustered,batched,30,P3_dir_balanced,517.0
7,5,5,2,clustered,batched,30,P3_dir_balanced,546.0
7,5,5,2,clustered,batched,30,P3_dir_balanced,463.0
7,5,5,2,clustered,batched,30,P3_dir_balanced,612.0
7,5,5,2,clustered,batched,30,P3_dir_balanced,478.0
7,5,5,2,clustered,batched,30,P3_dir_balanced,493.0
7,5,5,2,clustered,batched,30,P3_dir_balanced,514.0
7,5,5,2,clustered,batched,30,P3_dir_balanced,499.0
7,5,5,2,clustered,batched,30,P3_dir_balanced,469.0
7,5,5,2,clustered,batched,30,P3_dir_balanced,496.0
7,5,5,2,clustered,batched,30,P3_dir_balanced,552.0
7,5,5,2,clustered,batched,30,P3_dir_balanced,385.0
7,5,5,2,clustered,batched,30,P3_dir_balanced,518.0
7,5,5,2,clustered,batched,30,P3_dir_balanced,451.0
7,5,5,2,clustered,batched,30,P3_dir_balanced,535.0
7,5,5,2,clustered,batched,30,P3_dir_balanced,546.0
7,5,5,2,clustered,batched,30,P3_dir_balanced,673.0
7,5,5,2,clustered,batched,30,P3_dir_balanced,533.0
7,5,5,2,clustered,batched,30,P3_dir_balanced,491.0
7,5,5,2,clustered,batched,30,P3_dir_balanced,517.0
7,5,5,2,clustered,batched,30,P3_dir_balanced,464.0
7,5,5,2,clustered,batched,30,P3_dir_balanced,543.0
7,5,5,2,clustered,batched,30,P3_dir_balanced,548.0
7,5,5,2,clustered,batched,30,P3_dir_balanced,472.0
7,5,5,2,clustered,batched,30,P3_dir_balanced,453.0
7,5,5,2,clustered,batched,30,P3_dir_balanced,525.0
7,5,5,2,clustered,batched,30,P3_dir_balanced,559.0
7,5,5,2,clustered,batched,30,P3_dir_balanced,580.0
7,5,5,2,clustered,batched,30,P3_dir_balanced,429.0
7,5,5,2,clustered,batched,30,P3_dir_balanced,549.0
7,5,5,2,clustered,batched,30,P3_dir_balanced,617.0
7,5,5,2,clustered,batched,30,P3_dir_balanced,445.0
7,5,5,2,clustered,batched,30,P3_dir_balanced,541.0
7,5,5,2,clustered,batched,30,P3_dir_balanced,507.0
7,5,5,2,clustered,batched,30,P3_dir_balanced,544.0
7,5,5,2,clustered,batched,30,P3_dir_balanced,449.0
7,5,5,2,clustered,batched,30,P3_dir_balanced,461.0
7,5,5,2,clustered,batched,30,P3_dir_balanced,580.0
7,5,5,2,clustered,batched,30,P3_dir_balanced,672.0
7,5,5,2,clustered,batched,30,P3_dir_balanced,595.0
7,5,5,2,clustered,batched,30,P3_dir_balanced,508.0
7,5,5,2,clustered,batched,30,P3_dir_balanced,399.0
7,5,5,2,clustered,batched,30,P3_dir_balanced,559.0
7,5,5,2,clustered,batched,30,P3_dir_balanced,492.0
7,5,5,2,clustered,batched,30,P3_dir_balanced,560.0
7,5,5,2,clustered,batched,30,P3_dir_balanced,525.0
7,5,5,2,clustered,batched,30,P3_dir_balanced,477.0
7,5,5,2,clustered,batched,30,P3_dir_balanced,492.0
7,5,5,2,clustered,batched,30,P3_dir_balanced,492.0
7,5,5,2,clustered,batched,30,P3_dir_balanced,399.0
7,5,5,2,clustered,batched,30,P3_dir_balanced,406.0
7,5,5,2,clustered,batched,30,P3_dir_balanced,443.0
7,5,5,2,clustered,batched,30,P3_dir_balanced,464.0
7,5,5,2,clustered,batched,30,P3_dir_balanced,559.0
7,5,5,2,clustered,batched,30,P3_dir_balanced,448.0
7,5,5,2,clustered,batched,30,P3_dir_balanced,565.0
7,5,5,2,clustered,batched,30,P3_dir_balanced,503.0
7,5,5,2,clustered,batched,30,P3_dir_balanced,581.0
7,5,5,2,clustered,batched,30,P3_dir_balanced,385.0
7,5,5,2,clustered,batched,30,P3_dir_balanced,517.0
7,5,5,2,clustered,batched,30,P3_dir_balanced,531.0
7,5,5,2,clustered,batched,30,P3_dir_balanced,566.0
7,5,5,2,clustered,batched,30,P3_dir_balanced,435.0
7,5,5,2,clustered,batched,30,P3_dir_balanced,495.0
7,5,5,2,clustered,batched,30,P3_dir_balanced,474.0
7,5,5,2,clustered,batched,30,P3_dir_balanced,503.0
7,5,5,2,clustered,batched,30,P3_dir_balanced,448.0
7,5,5,2,clustered,batched,30,P3_dir_balanced,559.0
7,5,5,2,clustered,batched,30,P3_dir_balanced,623.0
7,5,5,2,clustered,batched,30,P3_dir_balanced,569.0
7,5,5,2,clustered,batched,30,P3_dir_balanced,554.0
7,5,5,2,clustered,batched,30,P3_dir_balanced,535.0
7,5,5,2,clustered,batched,30,P3_dir_balanced,495.0
7,5,5,2,clustered,batched,30,P3_dir_balanced,445.0
7,5,5,2,clustered,batched,30,P3_dir_balanced,483.0
7,5,5,2,clustered,batched,30,P3_dir_balanced,673.0
7,5,5,2,clustered,batched,30,P3_dir_balanced,496.0
7,5,5,2,clustered,batched,30,P3_dir_balanced,483.0
7,5,5,2,clustered,batched,30,P3_dir_balanced,453.0
7,5,5,2,clustered,batched,30,P3_dir_balanced,474.0
7,5,5,2,clustered,batched,30,P3_dir_balanced,432.0
7,5,5,2,clustered,batched,30,P3_dir_balanced,610.0
7,5,5,2,clustered,batched,30,P3_dir_balanced,498.0
7,5,5,2,clustered,batched,30,P3_dir_balanced,454.0
7,5,5,2,clustered,batched,30,P3_dir_balanced,455.0
7,5,5,2,clustered,batched,30,P3_dir_balanced,433.0
7,5,5,2,clustered,batched,30,P3_dir_balanced,473.0
7,5,5,2,clustered,batched,30,P3_dir_balanced,410.0
7,5,5,2,clustered,batched,30,P3_dir_balanced,734.0
7,5,5,2,clustered,batched,30,P3_dir_balanced,627.0
7,5,5,2,clustered,batched,30,P3_dir_balanced,585.0
7,5,5,2,clustered,batched,30,P3_dir_balanced,579.0
7,5,5,2,clustered,batched,30,P3_dir_balanced,666.0
7,5,5,2,clustered,batched,30,P3_dir_balanced,621.0
7,5,5,2,clustered,batched,30,P3_dir_balanced,488.0
7,5,5,2,clustered,batched,30,P3_dir_balanced,589.0
7,5,5,2,clustered,batched,30,P3_dir_balanced,468.0
7,5,5,2,clustered,batched,30,P3_dir_balanced,513.0
7,5,5,2,clustered,batched,30,P3_dir_balanced,584.0
7,5,5,2,clustered,batched,30,P3_dir_balanced,565.0
7,5,5,2,clustered,batched,30,P3_dir_balanced,435.0
7,5,5,2,clustered,batched,30,P3_dir_balanced,566.0
7,5,5,2,clustered,batched,30,P3_dir_balanced,516.0
7,5,5,2,clustered,batched,30,P3_dir_balanced,614.0
7,5,5,2,clustered,batched,30,P3_dir_balanced,453.0
7,5,5,2,clustered,batched,30,P3_dir_balanced,525.0
7,5,5,2,clustered,batched,30,P3_dir_balanced,507.0
7,5,5,2,clustered,batched,30,P3_dir_balanced,484.0
7,5,5,2,clustered,batched,30,P3_dir_balanced,567.0
7,5,5,2,clustered,batched,30,P3_dir_balanced,564.0
7,5,5,2,clustered,batched,30,P3_dir_balanced,431.0
7,5,5,2,clustered,batched,30,P3_dir_balanced,511.0
7,5,5,2,clustered,batched,30,P3_dir_balanced,472.0
7,5,5,2,clustered,batched,30,P3_dir_balanced,472.0
7,5,5,2,clustered,batched,30,P3_dir_balanced,518.0
7,5,5,2,clustered,batched,30,P3_dir_balanced,544.0
7,5,5,2,clustered,batched,30,P3_dir_balanced,548.0
7,5,5,2,clustered,batched,30,P3_dir_balanced,544.0
7,5,5,2,clustered,batched,30,P3_dir_balanced,454.0
7,5,5,2,clustered,batched,30,P3_dir_balanced,481.0
7,5,5,2,clustered,batched,30,P3_dir_balanced,554.0
7,5,5,2,clustered,batched,30,P3_dir_balanced,477.0
7,5,5,2,clustered,batched,30,P3_dir_balanced,498.0
7,5,5,2,clustered,batched,30,P3_dir_balanced,483.0
7,5,5,2,clustered,batched,30,P3_dir_balanced,618.0
7,5,5,2,clustered,batched,30,P3_dir_balanced,578.0
7,5,5,2,clustered,batched,30,P3_dir_balanced,565.0
7,5,5,2,clustered,batched,30,P3_dir_balanced,529.0
7,5,5,2,clustered,batched,30,P3_dir_balanced,564.0
7,5,5,2,clustered,batched,30,P3_dir_balanced,472.0
7,5,5,2,clustered,batched,30,P3_dir_balanced,488.0
7,5,5,2,clustered,batched,30,P3_dir_balanced,389.0
7,5,5,2,clustered,batched,30,P3_dir_balanced,511.0
7,5,5,2,clustered,batched,30,P3_dir_balanced,614.0
7,5,5,2,clustered,batched,30,P3_dir_balanced,449.0
7,5,5,2,clustered,batched,30,P3_dir_balanced,522.0
7,5,5,2,clustered,batched,30,P3_dir_balanced,529.0
7,5,5,2,clustered,batched,30,P3_dir_balanced,443.0
7,5,5,2,clustered,batched,30,P3_dir_balanced,550.0
7,5,5,2,clustered,batched,30,P3_dir_balanced,385.0
7,5,5,2,clustered,batched,30,P3_dir_balanced,493.0
7,5,5,2,clustered,batched,30,P3_dir_balanced,423.0
7,5,5,2,clustered,batched,30,P3_dir_balanced,487.0
7,5,5,2,clustered,batched,30,P3_dir_balanced,587.0
7,5,5,2,clustered,batched,30,P3_dir_balanced,541.0
7,5,5,2,clustered,batched,30,P3_dir_balanced,517.0
7,5,5,2,clustered,batched,30,P3_dir_balanced,519.0
7,5,5,2,clustered,batched,30,P3_dir_balanced,592.0
7,5,5,2,clustered,batched,30,P3_dir_balanced,513.0
7,5,5,2,clustered,batched,30,P3_dir_balanced,579.0
7,5,5,2,clustered,batched,30,P3_dir_balanced,452.0
7,5,5,2,clustered,batched,30,P3_dir_balanced,488.0
7,5,5,2,clustered,batched,30,P3_dir_balanced,448.0
7,5,5,2,clustered,batched,30,P3_dir_balanced,588.0
7,5,5,2,clustered,batched,30,P3_dir_balanced,473.0
7,5,5,2,clustered,batched,30,P3_dir_balanced,525.0
7,5,5,2,clustered,batched,30,P3_dir_balanced,371.0
7,5,5,2,clustered,batched,30,P3_dir_balanced,426.0
7,5,5,2,clustered,batched,30,P3_dir_balanced,400.0
7,5,5,2,clustered,batched,30,P3_dir_balanced,449.0
7,5,5,2,clustered,batched,30,P3_dir_balanced,534.0
7,5,5,2,clustered,batched,30,P3_dir_balanced,644.0
7,5,5,2,clustered,batched,30,P3_dir_balanced,495.0
7,5,5,2,clustered,batched,30,P3_dir_balanced,471.0
7,5,5,2,clustered,batched,30,P3_dir_balanced,541.0
7,5,5,2,clustered,batched,30,P3_dir_balanced,460.0
7,5,5,2,clustered,batched,30,P3_dir_balanced,534.0
7,5,5,2,clustered,batched,30,P3_dir_balanced,388.0
7,5,5,2,clustered,batched,30,P3_dir_balanced,621.0
7,5,5,2,clustered,batched,30,P3_dir_balanced,574.0
7,5,5,2,clustered,batched,30,P3_dir_balanced,411.0
7,5,5,2,clustered,batched,30,P3_dir_balanced,509.0
7,5,5,2,clustered,batched,30,P3_dir_balanced,479.0
7,5,5,2,clustered,batched,30,P3_dir_balanced,424.0
7,5,5,2,clustered,batched,30,P3_dir_balanced,424.0
7,5,5,2,clustered,batched,30,P3_dir_balanced,474.0
7,5,5,2,clustered,batched,30,P3_dir_balanced,443.0
7,5,5,2,clustered,batched,30,P3_dir_balanced,568.0
7,5,5,2,clustered,batched,30,P3_dir_balanced,519.0
7,5,5,2,clustered,batched,30,P3_dir_balanced,505.0
7,5,5,2,clustered,batched,30,P3_dir_balanced,586.0
7,5,5,2,clustered,batched,30,P3_dir_balanced,505.0
7,5,5,2,clustered,batched,30,P3_dir_balanced,467.0
7,5,5,2,clustered,batched,30,P4_temporal,531.0
7,5,5,2,clustered,batched,30,P4_temporal,598.0
7,5,5,2,clustered,batched,30,P4_temporal,493.0
7,5,5,2,clustered,batched,30,P4_temporal,413.0
7,5,5,2,clustered,batched,30,P4_temporal,637.0
7,5,5,2,clustered,batched,30,P4_temporal,532.0
7,5,5,2,clustered,batched,30,P4_temporal,540.0
7,5,5,2,clustered,batched,30,P4_temporal,520.0
7,5,5,2,clustered,batched,30,P4_temporal,539.0
7,5,5,2,clustered,batched,30,P4_temporal,515.0
7,5,5,2,clustered,batched,30,P4_temporal,598.0
7,5,5,2,clustered,batched,30,P4_temporal,580.0
7,5,5,2,clustered,batched,30,P4_temporal,631.0
7,5,5,2,clustered,batched,30,P4_temporal,571.0
7,5,5,2,clustered,batched,30,P4_temporal,477.0
7,5,5,2,clustered,batched,30,P4_temporal,452.0
7,5,5,2,clustered,batched,30,P4_temporal,438.0
7,5,5,2,clustered,batched,30,P4_temporal,674.0
7,5,5,2,clustered,batched,30,P4_temporal,432.0
7,5,5,2,clustered,batched,30,P4_temporal,544.0
7,5,5,2,clustered,batched,30,P4_temporal,514.0
7,5,5,2,clustered,batched,30,P4_temporal,631.0
7,5,5,2,clustered,batched,30,P4_temporal,453.0
7,5,5,2,clustered,batched,30,P4_temporal,700.0
7,5,5,2,clustered,batched,30,P4_temporal,423.0
7,5,5,2,clustered,batched,30,P4_temporal,505.0
7,5,5,2,clustered,batched,30,P4_temporal,488.0
7,5,5,2,clustered,batched,30,P4_temporal,440.0
7,5,5,2,clustered,batched,30,P4_temporal,431.0
7,5,5,2,clustered,batched,30,P4_temporal,491.0
7,5,5,2,clustered,batched,30,P4_temporal,535.0
7,5,5,2,clustered,batched,30,P4_temporal,440.0
7,5,5,2,clustered,batched,30,P4_temporal,470.0
7,5,5,2,clustered,batched,30,P4_temporal,538.0
7,5,5,2,clustered,batched,30,P4_temporal,579.0
7,5,5,2,clustered,batched,30,P4_temporal,527.0
7,5,5,2,clustered,batched,30,P4_temporal,441.0
7,5,5,2,clustered,batched,30,P4_temporal,471.0
7,5,5,2,clustered,batched,30,P4_temporal,483.0
7,5,5,2,clustered,batched,30,P4_temporal,567.0
7,5,5,2,clustered,batched,30,P4_temporal,512.0
7,5,5,2,clustered,batched,30,P4_temporal,631.0
7,5,5,2,clustered,batched,30,P4_temporal,530.0
7,5,5,2,clustered,batched,30,P4_temporal,438.0
7,5,5,2,clustered,batched,30,P4_temporal,392.0
7,5,5,2,clustered,batched,30,P4_temporal,494.0
7,5,5,2,clustered,batched,30,P4_temporal,483.0
7,5,5,2,clustered,batched,30,P4_temporal,544.0
7,5,5,2,clustered,batched,30,P4_temporal,546.0
7,5,5,2,clustered,batched,30,P4_temporal,464.0
7,5,5,2,clustered,batched,30,P4_temporal,408.0
7,5,5,2,clustered,batched,30,P4_temporal,522.0
7,5,5,2,clustered,batched,30,P4_temporal,519.0
7,5,5,2,clustered,batched,30,P4_temporal,505.0
7,5,5,2,clustered,batched,30,P4_temporal,482.0
7,5,5,2,clustered,batched,30,P4_temporal,647.0
7,5,5,2,clustered,batched,30,P4_temporal,515.0
7,5,5,2,clustered,batched,30,P4_temporal,548.0
7,5,5,2,clustered,batched,30,P4_temporal,533.0
7,5,5,2,clustered,batched,30,P4_temporal,612.0
7,5,5,2,clustered,batched,30,P4_temporal,498.0
7,5,5,2,clustered,batched,30,P4_temporal,477.0
7,5,5,2,clustered,batched,30,P4_temporal,554.0
7,5,5,2,clustered,batched,30,P4_temporal,554.0
7,5,5,2,clustered,batched,30,P4_temporal,509.0
7,5,5,2,clustered,batched,30,P4_temporal,563.0
7,5,5,2,clustered,batched,30,P4_temporal,521.0
7,5,5,2,clustered,batched,30,P4_temporal,406.0
7,5,5,2,clustered,batched,30,P4_temporal,414.0
7,5,5,2,clustered,batched,30,P4_temporal,476.0
7,5,5,2,clustered,batched,30,P4_temporal,640.0
7,5,5,2,clustered,batched,30,P4_temporal,536.0
7,5,5,2,clustered,batched,30,P4_temporal,487.0
7,5,5,2,clustered,batched,30,P4_temporal,525.0
7,5,5,2,clustered,batched,30,P4_temporal,446.0
7,5,5,2,clustered,batched,30,P4_temporal,526.0
7,5,5,2,clustered,batched,30,P4_temporal,479.0
7,5,5,2,clustered,batched,30,P4_temporal,470.0
7,5,5,2,clustered,batched,30,P4_temporal,418.0
7,5,5,2,clustered,batched,30,P4_temporal,506.0
7,5,5,2,clustered,batched,30,P4_temporal,629.0
7,5,5,2,clustered,batched,30,P4_temporal,445.0
7,5,5,2,clustered,batched,30,P4_temporal,523.0
7,5,5,2,clustered,batched,30,P4_temporal,463.0
7,5,5,2,clustered,batched,30,P4_temporal,425.0
7,5,5,2,clustered,batched,30,P4_temporal,549.0
7,5,5,2,clustered,batched,30,P4_temporal,495.0
7,5,5,2,clustered,batched,30,P4_temporal,536.0
7,5,5,2,clustered,batched,30,P4_temporal,442.0
7,5,5,2,clustered,batched,30,P4_temporal,522.0
7,5,5,2,clustered,batched,30,P4_temporal,587.0
7,5,5,2,clustered,batched,30,P4_temporal,389.0
7,5,5,2,clustered,batched,30,P4_temporal,439.0
7,5,5,2,clustered,batched,30,P4_temporal,447.0
7,5,5,2,clustered,batched,30,P4_temporal,501.0
7,5,5,2,clustered,batched,30,P4_temporal,534.0
7,5,5,2,clustered,batched,30,P4_temporal,479.0
7,5,5,2,clustered,batched,30,P4_temporal,466.0
7,5,5,2,clustered,batched,30,P4_temporal,584.0
7,5,5,2,clustered,batched,30,P4_temporal,484.0
7,5,5,2,clustered,batched,30,P4_temporal,541.0
7,5,5,2,clustered,batched,30,P4_temporal,605.0
7,5,5,2,clustered,batched,30,P4_temporal,533.0
7,5,5,2,clustered,batched,30,P4_temporal,569.0
7,5,5,2,clustered,batched,30,P4_temporal,511.0
7,5,5,2,clustered,batched,30,P4_temporal,527.0
7,5,5,2,clustered,batched,30,P4_temporal,461.0
7,5,5,2,clustered,batched,30,P4_temporal,585.0
7,5,5,2,clustered,batched,30,P4_temporal,514.0
7,5,5,2,clustered,batched,30,P4_temporal,565.0
7,5,5,2,clustered,batched,30,P4_temporal,454.0
7,5,5,2,clustered,batched,30,P4_temporal,598.0
7,5,5,2,clustered,batched,30,P4_temporal,541.0
7,5,5,2,clustered,batched,30,P4_temporal,498.0
7,5,5,2,clustered,batched,30,P4_temporal,416.0
7,5,5,2,clustered,batched,30,P4_temporal,674.0
7,5,5,2,clustered,batched,30,P4_temporal,454.0
7,5,5,2,clustered,batched,30,P4_temporal,503.0
7,5,5,2,clustered,batched,30,P4_temporal,513.0
7,5,5,2,clustered,batched,30,P4_temporal,448.0
7,5,5,2,clustered,batched,30,P4_temporal,585.0
7,5,5,2,clustered,batched,30,P4_temporal,569.0
7,5,5,2,clustered,batched,30,P4_temporal,542.0
7,5,5,2,clustered,batched,30,P4_temporal,456.0
7,5,5,2,clustered,batched,30,P4_temporal,550.0
7,5,5,2,clustered,batched,30,P4_temporal,485.0
7,5,5,2,clustered,batched,30,P4_temporal,406.0
7,5,5,2,clustered,batched,30,P4_temporal,515.0
7,5,5,2,clustered,batched,30,P4_temporal,453.0
7,5,5,2,clustered,batched,30,P4_temporal,493.0
7,5,5,2,clustered,batched,30,P4_temporal,424.0
7,5,5,2,clustered,batched,30,P4_temporal,605.0
7,5,5,2,clustered,batched,30,P4_temporal,493.0
7,5,5,2,clustered,batched,30,P4_temporal,412.0
7,5,5,2,clustered,batched,30,P4_temporal,559.0
7,5,5,2,clustered,batched,30,P4_temporal,462.0
7,5,5,2,clustered,batched,30,P4_temporal,500.0
7,5,5,2,clustered,batched,30,P4_temporal,436.0
7,5,5,2,clustered,batched,30,P4_temporal,470.0
7,5,5,2,clustered,batched,30,P4_temporal,521.0
7,5,5,2,clustered,batched,30,P4_temporal,535.0
7,5,5,2,clustered,batched,30,P4_temporal,472.0
7,5,5,2,clustered,batched,30,P4_temporal,487.0
7,5,5,2,clustered,batched,30,P4_temporal,517.0
7,5,5,2,clustered,batched,30,P4_temporal,469.0
7,5,5,2,clustered,batched,30,P4_temporal,437.0
7,5,5,2,clustered,batched,30,P4_temporal,622.0
7,5,5,2,clustered,batched,30,P4_temporal,542.0
7,5,5,2,clustered,batched,30,P4_temporal,558.0
7,5,5,2,clustered,batched,30,P4_temporal,610.0
7,5,5,2,clustered,batched,30,P4_temporal,536.0
7,5,5,2,clustered,batched,30,P4_temporal,450.0
7,5,5,2,clustered,batched,30,P4_temporal,491.0
7,5,5,2,clustered,batched,30,P4_temporal,639.0
7,5,5,2,clustered,batched,30,P4_temporal,653.0
7,5,5,2,clustered,batched,30,P4_temporal,644.0
7,5,5,2,clustered,batched,30,P4_temporal,542.0
7,5,5,2,clustered,batched,30,P4_temporal,565.0
7,5,5,2,clustered,batched,30,P4_temporal,534.0
7,5,5,2,clustered,batched,30,P4_temporal,463.0
7,5,5,2,clustered,batched,30,P4_temporal,489.0
7,5,5,2,clustered,batched,30,P4_temporal,523.0
7,5,5,2,clustered,batched,30,P4_temporal,536.0
7,5,5,2,clustered,batched,30,P4_temporal,477.0
7,5,5,2,clustered,batched,30,P4_temporal,481.0
7,5,5,2,clustered,batched,30,P4_temporal,591.0
7,5,5,2,clustered,batched,30,P4_temporal,561.0
7,5,5,2,clustered,batched,30,P4_temporal,497.0
7,5,5,2,clustered,batched,30,P4_temporal,579.0
7,5,5,2,clustered,batched,30,P4_temporal,521.0
7,5,5,2,clustered,batched,30,P4_temporal,570.0
7,5,5,2,clustered,batched,30,P4_temporal,457.0
7,5,5,2,clustered,batched,30,P4_temporal,536.0
7,5,5,2,clustered,batched,30,P4_temporal,518.0
7,5,5,2,clustered,batched,30,P4_temporal,536.0
7,5,5,2,clustered,batched,30,P4_temporal,323.0
7,5,5,2,clustered,batched,30,P4_temporal,541.0
7,5,5,2,clustered,batched,30,P4_temporal,630.0
7,5,5,2,clustered,batched,30,P4_temporal,498.0
7,5,5,2,clustered,batched,30,P4_temporal,449.0
7,5,5,2,clustered,batched,30,P4_temporal,487.0
7,5,5,2,clustered,batched,30,P4_temporal,591.0
7,5,5,2,clustered,batched,30,P4_temporal,497.0
7,5,5,2,clustered,batched,30,P4_temporal,419.0
7,5,5,2,clustered,batched,30,P4_temporal,558.0
7,5,5,2,clustered,batched,30,P4_temporal,509.0
7,5,5,2,clustered,batched,30,P4_temporal,586.0
7,5,5,2,clustered,batched,30,P4_temporal,501.0
7,5,5,2,clustered,batched,30,P4_temporal,483.0
7,5,5,2,clustered,batched,30,P4_temporal,472.0
7,5,5,2,clustered,batched,30,P4_temporal,481.0
7,5,5,2,clustered,batched,30,P4_temporal,447.0
7,5,5,2,clustered,batched,30,P4_temporal,517.0
7,5,5,2,clustered,batched,30,P4_temporal,527.0
7,5,5,2,clustered,batched,30,P4_temporal,550.0
7,5,5,2,clustered,batched,30,P4_temporal,491.0
7,5,5,2,clustered,batched,30,P4_temporal,584.0
7,5,5,2,clustered,batched,30,P4_temporal,468.0
7,5,5,2,clustered,batched,30,P4_temporal,595.0
7,5,5,2,clustered,batched,30,P4_temporal,584.0
7,5,5,2,clustered,batched,30,P5_phi,442.0
7,5,5,2,clustered,batched,30,P5_phi,430.0
7,5,5,2,clustered,batched,30,P5_phi,501.0
7,5,5,2,clustered,batched,30,P5_phi,537.0
7,5,5,2,clustered,batched,30,P5_phi,475.0
7,5,5,2,clustered,batched,30,P5_phi,408.0
7,5,5,2,clustered,batched,30,P5_phi,446.0
7,5,5,2,clustered,batched,30,P5_phi,408.0
7,5,5,2,clustered,batched,30,P5_phi,401.0
7,5,5,2,clustered,batched,30,P5_phi,418.0
7,5,5,2,clustered,batched,30,P5_phi,453.0
7,5,5,2,clustered,batched,30,P5_phi,455.0
7,5,5,2,clustered,batched,30,P5_phi,442.0
7,5,5,2,clustered,batched,30,P5_phi,471.0
7,5,5,2,clustered,batched,30,P5_phi,487.0
7,5,5,2,clustered,batched,30,P5_phi,471.0
7,5,5,2,clustered,batched,30,P5_phi,378.0
7,5,5,2,clustered,batched,30,P5_phi,522.0
7,5,5,2,clustered,batched,30,P5_phi,422.0
7,5,5,2,clustered,batched,30,P5_phi,426.0
7,5,5,2,clustered,batched,30,P5_phi,378.0
7,5,5,2,clustered,batched,30,P5_phi,491.0
7,5,5,2,clustered,batched,30,P5_phi,576.0
7,5,5,2,clustered,batched,30,P5_phi,556.0
7,5,5,2,clustered,batched,30,P5_phi,384.0
7,5,5,2,clustered,batched,30,P5_phi,496.0
7,5,5,2,clustered,batched,30,P5_phi,464.0
7,5,5,2,clustered,batched,30,P5_phi,505.0
7,5,5,2,clustered,batched,30,P5_phi,442.0
7,5,5,2,clustered,batched,30,P5_phi,464.0
7,5,5,2,clustered,batched,30,P5_phi,469.0
7,5,5,2,clustered,batched,30,P5_phi,501.0
7,5,5,2,clustered,batched,30,P5_phi,391.0
7,5,5,2,clustered,batched,30,P5_phi,382.0
7,5,5,2,clustered,batched,30,P5_phi,467.0
7,5,5,2,clustered,batched,30,P5_phi,408.0
7,5,5,2,clustered,batched,30,P5_phi,453.0
7,5,5,2,clustered,batched,30,P5_phi,474.0
7,5,5,2,clustered,batched,30,P5_phi,492.0
7,5,5,2,clustered,batched,30,P5_phi,369.0
7,5,5,2,clustered,batched,30,P5_phi,493.0
7,5,5,2,clustered,batched,30,P5_phi,464.0
7,5,5,2,clustered,batched,30,P5_phi,413.0
7,5,5,2,clustered,batched,30,P5_phi,422.0
7,5,5,2,clustered,batched,30,P5_phi,473.0
7,5,5,2,clustered,batched,30,P5_phi,372.0
7,5,5,2,clustered,batched,30,P5_phi,468.0
7,5,5,2,clustered,batched,30,P5_phi,450.0
7,5,5,2,clustered,batched,30,P5_phi,472.0
7,5,5,2,clustered,batched,30,P5_phi,457.0
7,5,5,2,clustered,batched,30,P5_phi,478.0
7,5,5,2,clustered,batched,30,P5_phi,453.0
7,5,5,2,clustered,batched,30,P5_phi,413.0
7,5,5,2,clustered,batched,30,P5_phi,391.0
7,5,5,2,clustered,batched,30,P5_phi,522.0
7,5,5,2,clustered,batched,30,P5_phi,519.0
7,5,5,2,clustered,batched,30,P5_phi,486.0
7,5,5,2,clustered,batched,30,P5_phi,550.0
7,5,5,2,clustered,batched,30,P5_phi,474.0
7,5,5,2,clustered,batched,30,P5_phi,405.0
7,5,5,2,clustered,batched,30,P5_phi,512.0
7,5,5,2,clustered,batched,30,P5_phi,450.0
7,5,5,2,clustered,batched,30,P5_phi,443.0
7,5,5,2,clustered,batched,30,P5_phi,482.0
7,5,5,2,clustered,batched,30,P5_phi,468.0
7,5,5,2,clustered,batched,30,P5_phi,527.0
7,5,5,2,clustered,batched,30,P5_phi,469.0
7,5,5,2,clustered,batched,30,P5_phi,473.0
7,5,5,2,clustered,batched,30,P5_phi,482.0
7,5,5,2,clustered,batched,30,P5_phi,505.0
7,5,5,2,clustered,batched,30,P5_phi,370.0
7,5,5,2,clustered,batched,30,P5_phi,514.0
7,5,5,2,clustered,batched,30,P5_phi,505.0
7,5,5,2,clustered,batched,30,P5_phi,482.0
7,5,5,2,clustered,batched,30,P5_phi,418.0
7,5,5,2,clustered,batched,30,P5_phi,416.0
7,5,5,2,clustered,batched,30,P5_phi,420.0
7,5,5,2,clustered,batched,30,P5_phi,500.0
7,5,5,2,clustered,batched,30,P5_phi,439.0
7,5,5,2,clustered,batched,30,P5_phi,487.0
7,5,5,2,clustered,batched,30,P5_phi,470.0
7,5,5,2,clustered,batched,30,P5_phi,514.0
7,5,5,2,clustered,batched,30,P5_phi,400.0
7,5,5,2,clustered,batched,30,P5_phi,476.0
7,5,5,2,clustered,batched,30,P5_phi,472.0
7,5,5,2,clustered,batched,30,P5_phi,370.0
7,5,5,2,clustered,batched,30,P5_phi,451.0
7,5,5,2,clustered,batched,30,P5_phi,464.0
7,5,5,2,clustered,batched,30,P5_phi,552.0
7,5,5,2,clustered,batched,30,P5_phi,477.0
7,5,5,2,clustered,batched,30,P5_phi,476.0
7,5,5,2,clustered,batched,30,P5_phi,462.0
7,5,5,2,clustered,batched,30,P5_phi,410.0
7,5,5,2,clustered,batched,30,P5_phi,416.0
7,5,5,2,clustered,batched,30,P5_phi,486.0
7,5,5,2,clustered,batched,30,P5_phi,514.0
7,5,5,2,clustered,batched,30,P5_phi,416.0
7,5,5,2,clustered,batched,30,P5_phi,405.0
7,5,5,2,clustered,batched,30,P5_phi,477.0
7,5,5,2,clustered,batched,30,P5_phi,541.0
7,5,5,2,clustered,batched,30,P5_phi,472.0
7,5,5,2,clustered,batched,30,P5_phi,448.0
7,5,5,2,clustered,batched,30,P5_phi,486.0
7,5,5,2,clustered,batched,30,P5_phi,486.0
7,5,5,2,clustered,batched,30,P5_phi,454.0
7,5,5,2,clustered,batched,30,P5_phi,520.0
7,5,5,2,clustered,batched,30,P5_phi,492.0
7,5,5,2,clustered,batched,30,P5_phi,492.0
7,5,5,2,clustered,batched,30,P5_phi,382.0
7,5,5,2,clustered,batched,30,P5_phi,447.0
7,5,5,2,clustered,batched,30,P5_phi,556.0
7,5,5,2,clustered,batched,30,P5_phi,483.0
7,5,5,2,clustered,batched,30,P5_phi,506.0
7,5,5,2,clustered,batched,30,P5_phi,420.0
7,5,5,2,clustered,batched,30,P5_phi,476.0
7,5,5,2,clustered,batched,30,P5_phi,492.0
7,5,5,2,clustered,batched,30,P5_phi,400.0
7,5,5,2,clustered,batched,30,P5_phi,490.0
7,5,5,2,clustered,batched,30,P5_phi,420.0
7,5,5,2,clustered,batched,30,P5_phi,488.0
7,5,5,2,clustered,batched,30,P5_phi,443.0
7,5,5,2,clustered,batched,30,P5_phi,485.0
7,5,5,2,clustered,batched,30,P5_phi,447.0
7,5,5,2,clustered,batched,30,P5_phi,470.0
7,5,5,2,clustered,batched,30,P5_phi,545.0
7,5,5,2,clustered,batched,30,P5_phi,401.0
7,5,5,2,clustered,batched,30,P5_phi,505.0
7,5,5,2,clustered,batched,30,P5_phi,484.0
7,5,5,2,clustered,batched,30,P5_phi,514.0
7,5,5,2,clustered,batched,30,P5_phi,408.0
7,5,5,2,clustered,batched,30,P5_phi,487.0
7,5,5,2,clustered,batched,30,P5_phi,514.0
7,5,5,2,clustered,batched,30,P5_phi,413.0
7,5,5,2,clustered,batched,30,P5_phi,473.0
7,5,5,2,clustered,batched,30,P5_phi,575.0
7,5,5,2,clustered,batched,30,P5_phi,443.0
7,5,5,2,clustered,batched,30,P5_phi,514.0
7,5,5,2,clustered,batched,30,P5_phi,413.0
7,5,5,2,clustered,batched,30,P5_phi,384.0
7,5,5,2,clustered,batched,30,P5_phi,367.0
7,5,5,2,clustered,batched,30,P5_phi,501.0
7,5,5,2,clustered,batched,30,P5_phi,382.0
7,5,5,2,clustered,batched,30,P5_phi,492.0
7,5,5,2,clustered,batched,30,P5_phi,453.0
7,5,5,2,clustered,batched,30,P5_phi,514.0
7,5,5,2,clustered,batched,30,P5_phi,487.0
7,5,5,2,clustered,batched,30,P5_phi,476.0
7,5,5,2,clustered,batched,30,P5_phi,585.0
7,5,5,2,clustered,batched,30,P5_phi,460.0
7,5,5,2,clustered,batched,30,P5_phi,454.0
7,5,5,2,clustered,batched,30,P5_phi,448.0
7,5,5,2,clustered,batched,30,P5_phi,511.0
7,5,5,2,clustered,batched,30,P5_phi,452.0
7,5,5,2,clustered,batched,30,P5_phi,448.0
7,5,5,2,clustered,batched,30,P5_phi,464.0
7,5,5,2,clustered,batched,30,P5_phi,482.0
7,5,5,2,clustered,batched,30,P5_phi,464.0
7,5,5,2,clustered,batched,30,P5_phi,384.0
7,5,5,2,clustered,batched,30,P5_phi,473.0
7,5,5,2,clustered,batched,30,P5_phi,514.0
7,5,5,2,clustered,batched,30,P5_phi,372.0
7,5,5,2,clustered,batched,30,P5_phi,471.0
7,5,5,2,clustered,batched,30,P5_phi,400.0
7,5,5,2,clustered,batched,30,P5_phi,414.0
7,5,5,2,clustered,batched,30,P5_phi,443.0
7,5,5,2,clustered,batched,30,P5_phi,419.0
7,5,5,2,clustered,batched,30,P5_phi,478.0
7,5,5,2,clustered,batched,30,P5_phi,546.0
7,5,5,2,clustered,batched,30,P5_phi,444.0
7,5,5,2,clustered,batched,30,P5_phi,484.0
7,5,5,2,clustered,batched,30,P5_phi,464.0
7,5,5,2,clustered,batched,30,P5_phi,324.0
7,5,5,2,clustered,batched,30,P5_phi,407.0
7,5,5,2,clustered,batched,30,P5_phi,440.0
7,5,5,2,clustered,batched,30,P5_phi,469.0
7,5,5,2,clustered,batched,30,P5_phi,492.0
7,5,5,2,clustered,batched,30,P5_phi,500.0
7,5,5,2,clustered,batched,30,P5_phi,450.0
7,5,5,2,clustered,batched,30,P5_phi,468.0
7,5,5,2,clustered,batched,30,P5_phi,493.0
7,5,5,2,clustered,batched,30,P5_phi,519.0
7,5,5,2,clustered,batched,30,P5_phi,410.0
7,5,5,2,clustered,batched,30,P5_phi,408.0
7,5,5,2,clustered,batched,30,P5_phi,457.0
7,5,5,2,clustered,batched,30,P5_phi,500.0
7,5,5,2,clustered,batched,30,P5_phi,419.0
7,5,5,2,clustered,batched,30,P5_phi,439.0
7,5,5,2,clustered,batched,30,P5_phi,401.0
7,5,5,2,clustered,batched,30,P5_phi,382.0
7,5,5,2,clustered,batched,30,P5_phi,422.0
7,5,5,2,clustered,batched,30,P5_phi,420.0
7,5,5,2,clustered,batched,30,P5_phi,367.0
7,5,5,2,clustered,batched,30,P5_phi,413.0
7,5,5,2,clustered,batched,30,P5_phi,498.0
7,5,5,2,clustered,batched,30,P5_phi,606.0
7,5,5,2,clustered,batched,30,P5_phi,527.0
7,5,5,2,clustered,batched,30,P5_phi,470.0
7,5,5,2,clustered,batched,30,P5_phi,519.0
7,5,5,2,clustered,batched,30,P5_phi,440.0
7,5,5,2,clustered,batched,30,P5_phi,384.0
7,5,5,2,clustered,batched,30,P6_spo_tree,463.0
7,5,5,2,clustered,batched,30,P6_spo_tree,498.0
7,5,5,2,clustered,batched,30,P6_spo_tree,488.0
7,5,5,2,clustered,batched,30,P6_spo_tree,443.0
7,5,5,2,clustered,batched,30,P6_spo_tree,412.0
7,5,5,2,clustered,batched,30,P6_spo_tree,413.0
7,5,5,2,clustered,batched,30,P6_spo_tree,505.0
7,5,5,2,clustered,batched,30,P6_spo_tree,413.0
7,5,5,2,clustered,batched,30,P6_spo_tree,557.0
7,5,5,2,clustered,batched,30,P6_spo_tree,479.0
7,5,5,2,clustered,batched,30,P6_spo_tree,524.0
7,5,5,2,clustered,batched,30,P6_spo_tree,536.0
7,5,5,2,clustered,batched,30,P6_spo_tree,472.0
7,5,5,2,clustered,batched,30,P6_spo_tree,535.0
7,5,5,2,clustered,batched,30,P6_spo_tree,579.0
7,5,5,2,clustered,batched,30,P6_spo_tree,404.0
7,5,5,2,clustered,batched,30,P6_spo_tree,535.0
7,5,5,2,clustered,batched,30,P6_spo_tree,439.0
7,5,5,2,clustered,batched,30,P6_spo_tree,351.0
7,5,5,2,clustered,batched,30,P6_spo_tree,477.0
7,5,5,2,clustered,batched,30,P6_spo_tree,356.0
7,5,5,2,clustered,batched,30,P6_spo_tree,580.0
7,5,5,2,clustered,batched,30,P6_spo_tree,551.0
7,5,5,2,clustered,batched,30,P6_spo_tree,468.0
7,5,5,2,clustered,batched,30,P6_spo_tree,501.0
7,5,5,2,clustered,batched,30,P6_spo_tree,471.0
7,5,5,2,clustered,batched,30,P6_spo_tree,356.0
7,5,5,2,clustered,batched,30,P6_spo_tree,496.0
7,5,5,2,clustered,batched,30,P6_spo_tree,529.0
7,5,5,2,clustered,batched,30,P6_spo_tree,469.0
7,5,5,2,clustered,batched,30,P6_spo_tree,468.0
7,5,5,2,clustered,batched,30,P6_spo_tree,517.0
7,5,5,2,clustered,batched,30,P6_spo_tree,413.0
7,5,5,2,clustered,batched,30,P6_spo_tree,522.0
7,5,5,2,clustered,batched,30,P6_spo_tree,561.0
7,5,5,2,clustered,batched,30,P6_spo_tree,502.0
7,5,5,2,clustered,batched,30,P6_spo_tree,450.0
7,5,5,2,clustered,batched,30,P6_spo_tree,444.0
7,5,5,2,clustered,batched,30,P6_spo_tree,450.0
7,5,5,2,clustered,batched,30,P6_spo_tree,484.0
7,5,5,2,clustered,batched,30,P6_spo_tree,426.0
7,5,5,2,clustered,batched,30,P6_spo_tree,485.0
7,5,5,2,clustered,batched,30,P6_spo_tree,457.0
7,5,5,2,clustered,batched,30,P6_spo_tree,529.0
7,5,5,2,clustered,batched,30,P6_spo_tree,571.0
7,5,5,2,clustered,batched,30,P6_spo_tree,609.0
7,5,5,2,clustered,batched,30,P6_spo_tree,468.0
7,5,5,2,clustered,batched,30,P6_spo_tree,488.0
7,5,5,2,clustered,batched,30,P6_spo_tree,501.0
7,5,5,2,clustered,batched,30,P6_spo_tree,611.0
7,5,5,2,clustered,batched,30,P6_spo_tree,412.0
7,5,5,2,clustered,batched,30,P6_spo_tree,564.0
7,5,5,2,clustered,batched,30,P6_spo_tree,449.0
7,5,5,2,clustered,batched,30,P6_spo_tree,485.0
7,5,5,2,clustered,batched,30,P6_spo_tree,392.0
7,5,5,2,clustered,batched,30,P6_spo_tree,590.0
7,5,5,2,clustered,batched,30,P6_spo_tree,450.0
7,5,5,2,clustered,batched,30,P6_spo_tree,553.0
7,5,5,2,clustered,batched,30,P6_spo_tree,362.0
7,5,5,2,clustered,batched,30,P6_spo_tree,462.0
7,5,5,2,clustered,batched,30,P6_spo_tree,439.0
7,5,5,2,clustered,batched,30,P6_spo_tree,457.0
7,5,5,2,clustered,batched,30,P6_spo_tree,439.0
7,5,5,2,clustered,batched,30,P6_spo_tree,545.0
7,5,5,2,clustered,batched,30,P6_spo_tree,414.0
7,5,5,2,clustered,batched,30,P6_spo_tree,448.0
7,5,5,2,clustered,batched,30,P6_spo_tree,383.0
7,5,5,2,clustered,batched,30,P6_spo_tree,421.0
7,5,5,2,clustered,batched,30,P6_spo_tree,598.0
7,5,5,2,clustered,batched,30,P6_spo_tree,436.0
7,5,5,2,clustered,batched,30,P6_spo_tree,457.0
7,5,5,2,clustered,batched,30,P6_spo_tree,549.0
7,5,5,2,clustered,batched,30,P6_spo_tree,470.0
7,5,5,2,clustered,batched,30,P6_spo_tree,478.0
7,5,5,2,clustered,batched,30,P6_spo_tree,413.0
7,5,5,2,clustered,batched,30,P6_spo_tree,548.0
7,5,5,2,clustered,batched,30,P6_spo_tree,509.0
7,5,5,2,clustered,batched,30,P6_spo_tree,410.0
7,5,5,2,clustered,batched,30,P6_spo_tree,441.0
7,5,5,2,clustered,batched,30,P6_spo_tree,558.0
7,5,5,2,clustered,batched,30,P6_spo_tree,543.0
7,5,5,2,clustered,batched,30,P6_spo_tree,438.0
7,5,5,2,clustered,batched,30,P6_spo_tree,466.0
7,5,5,2,clustered,batched,30,P6_spo_tree,453.0
7,5,5,2,clustered,batched,30,P6_spo_tree,519.0
7,5,5,2,clustered,batched,30,P6_spo_tree,540.0
7,5,5,2,clustered,batched,30,P6_spo_tree,556.0
7,5,5,2,clustered,batched,30,P6_spo_tree,477.0
7,5,5,2,clustered,batched,30,P6_spo_tree,575.0
7,5,5,2,clustered,batched,30,P6_spo_tree,484.0
7,5,5,2,clustered,batched,30,P6_spo_tree,645.0
7,5,5,2,clustered,batched,30,P6_spo_tree,512.0
7,5,5,2,clustered,batched,30,P6_spo_tree,619.0
7,5,5,2,clustered,batched,30,P6_spo_tree,548.0
7,5,5,2,clustered,batched,30,P6_spo_tree,449.0
7,5,5,2,clustered,batched,30,P6_spo_tree,471.0
7,5,5,2,clustered,batched,30,P6_spo_tree,406.0
7,5,5,2,clustered,batched,30,P6_spo_tree,488.0
7,5,5,2,clustered,batched,30,P6_spo_tree,535.0
7,5,5,2,clustered,batched,30,P6_spo_tree,482.0
7,5,5,2,clustered,batched,30,P6_spo_tree,565.0
7,5,5,2,clustered,batched,30,P6_spo_tree,475.0
7,5,5,2,clustered,batched,30,P6_spo_tree,511.0
7,5,5,2,clustered,batched,30,P6_spo_tree,529.0
7,5,5,2,clustered,batched,30,P6_spo_tree,395.0
7,5,5,2,clustered,batched,30,P6_spo_tree,472.0
7,5,5,2,clustered,batched,30,P6_spo_tree,509.0
7,5,5,2,clustered,batched,30,P6_spo_tree,421.0
7,5,5,2,clustered,batched,30,P6_spo_tree,482.0
7,5,5,2,clustered,batched,30,P6_spo_tree,439.0
7,5,5,2,clustered,batched,30,P6_spo_tree,474.0
7,5,5,2,clustered,batched,30,P6_spo_tree,540.0
7,5,5,2,clustered,batched,30,P6_spo_tree,439.0
7,5,5,2,clustered,batched,30,P6_spo_tree,476.0
7,5,5,2,clustered,batched,30,P6_spo_tree,566.0
7,5,5,2,clustered,batched,30,P6_spo_tree,542.0
7,5,5,2,clustered,batched,30,P6_spo_tree,451.0
7,5,5,2,clustered,batched,30,P6_spo_tree,508.0
7,5,5,2,clustered,batched,30,P6_spo_tree,550.0
7,5,5,2,clustered,batched,30,P6_spo_tree,485.0
7,5,5,2,clustered,batched,30,P6_spo_tree,508.0
7,5,5,2,clustered,batched,30,P6_spo_tree,491.0
7,5,5,2,clustered,batched,30,P6_spo_tree,526.0
7,5,5,2,clustered,batched,30,P6_spo_tree,410.0
7,5,5,2,clustered,batched,30,P6_spo_tree,468.0
7,5,5,2,clustered,batched,30,P6_spo_tree,439.0
7,5,5,2,clustered,batched,30,P6_spo_tree,429.0
7,5,5,2,clustered,batched,30,P6_spo_tree,493.0
7,5,5,2,clustered,batched,30,P6_spo_tree,534.0
7,5,5,2,clustered,batched,30,P6_spo_tree,566.0
7,5,5,2,clustered,batched,30,P6_spo_tree,468.0
7,5,5,2,clustered,batched,30,P6_spo_tree,454.0
7,5,5,2,clustered,batched,30,P6_spo_tree,454.0
7,5,5,2,clustered,batched,30,P6_spo_tree,599.0
7,5,5,2,clustered,batched,30,P6_spo_tree,456.0
7,5,5,2,clustered,batched,30,P6_spo_tree,395.0
7,5,5,2,clustered,batched,30,P6_spo_tree,482.0
7,5,5,2,clustered,batched,30,P6_spo_tree,443.0
7,5,5,2,clustered,batched,30,P6_spo_tree,435.0
7,5,5,2,clustered,batched,30,P6_spo_tree,535.0
7,5,5,2,clustered,batched,30,P6_spo_tree,405.0
7,5,5,2,clustered,batched,30,P6_spo_tree,486.0
7,5,5,2,clustered,batched,30,P6_spo_tree,519.0
7,5,5,2,clustered,batched,30,P6_spo_tree,399.0
7,5,5,2,clustered,batched,30,P6_spo_tree,471.0
7,5,5,2,clustered,batched,30,P6_spo_tree,429.0
7,5,5,2,clustered,batched,30,P6_spo_tree,595.0
7,5,5,2,clustered,batched,30,P6_spo_tree,496.0
7,5,5,2,clustered,batched,30,P6_spo_tree,637.0
7,5,5,2,clustered,batched,30,P6_spo_tree,543.0
7,5,5,2,clustered,batched,30,P6_spo_tree,415.0
7,5,5,2,clustered,batched,30,P6_spo_tree,472.0
7,5,5,2,clustered,batched,30,P6_spo_tree,464.0
7,5,5,2,clustered,batched,30,P6_spo_tree,483.0
7,5,5,2,clustered,batched,30,P6_spo_tree,465.0
7,5,5,2,clustered,batched,30,P6_spo_tree,390.0
7,5,5,2,clustered,batched,30,P6_spo_tree,514.0
7,5,5,2,clustered,batched,30,P6_spo_tree,502.0
7,5,5,2,clustered,batched,30,P6_spo_tree,439.0
7,5,5,2,clustered,batched,30,P6_spo_tree,438.0
7,5,5,2,clustered,batched,30,P6_spo_tree,502.0
7,5,5,2,clustered,batched,30,P6_spo_tree,519.0
7,5,5,2,clustered,batched,30,P6_spo_tree,560.0
7,5,5,2,clustered,batched,30,P6_spo_tree,482.0
7,5,5,2,clustered,batched,30,P6_spo_tree,315.0
7,5,5,2,clustered,batched,30,P6_spo_tree,560.0
7,5,5,2,clustered,batched,30,P6_spo_tree,613.0
7,5,5,2,clustered,batched,30,P6_spo_tree,506.0
7,5,5,2,clustered,batched,30,P6_spo_tree,436.0
7,5,5,2,clustered,batched,30,P6_spo_tree,473.0
7,5,5,2,clustered,batched,30,P6_spo_tree,585.0
7,5,5,2,clustered,batched,30,P6_spo_tree,550.0
7,5,5,2,clustered,batched,30,P6_spo_tree,522.0
7,5,5,2,clustered,batched,30,P6_spo_tree,463.0
7,5,5,2,clustered,batched,30,P6_spo_tree,423.0
7,5,5,2,clustered,batched,30,P6_spo_tree,514.0
7,5,5,2,clustered,batched,30,P6_spo_tree,488.0
7,5,5,2,clustered,batched,30,P6_spo_tree,443.0
7,5,5,2,clustered,batched,30,P6_spo_tree,395.0
7,5,5,2,clustered,batched,30,P6_spo_tree,414.0
7,5,5,2,clustered,batched,30,P6_spo_tree,425.0
7,5,5,2,clustered,batched,30,P6_spo_tree,516.0
7,5,5,2,clustered,batched,30,P6_spo_tree,483.0
7,5,5,2,clustered,batched,30,P6_spo_tree,459.0
7,5,5,2,clustered,batched,30,P6_spo_tree,546.0
7,5,5,2,clustered,batched,30,P6_spo_tree,529.0
7,5,5,2,clustered,batched,30,P6_spo_tree,557.0
7,5,5,2,clustered,batched,30,P6_spo_tree,492.0
7,5,5,2,clustered,batched,30,P6_spo_tree,494.0
7,5,5,2,clustered,batched,30,P6_spo_tree,529.0
7,5,5,2,clustered,batched,30,P6_spo_tree,531.0
7,5,5,2,clustered,batched,30,P6_spo_tree,460.0
7,5,5,2,clustered,batched,30,P6_spo_tree,406.0
7,5,5,2,clustered,batched,30,P6_spo_tree,510.0
7,5,5,2,clustered,batched,30,P6_spo_tree,424.0
7,5,5,2,clustered,batched,30,P6_spo_tree,544.0
7,5,5,2,clustered,batched,30,P6_spo_tree,493.0
7,5,5,2,clustered,batched,30,P6_spo_tree,588.0
7,5,5,2,clustered,batched,30,P6_spo_tree,498.0
7,5,5,2,clustered,batched,30,P6_spo_tree,463.0
9,5,15,2,diurnal,batched,8,P0_random,221.64922631148306
9,5,15,2,diurnal,batched,8,P0_random,166.4567941048627
9,5,15,2,diurnal,batched,8,P0_random,256.02217763592216
9,5,15,2,diurnal,batched,8,P0_random,251.08571595578206
9,5,15,2,diurnal,batched,8,P0_random,187.50881568590447
9,5,15,2,diurnal,batched,8,P0_random,199.5428231865003
9,5,15,2,diurnal,batched,8,P0_random,152.1382064726272
9,5,15,2,diurnal,batched,8,P0_random,232.81702768154685
9,5,15,2,diurnal,batched,8,P0_random,170.91940765234037
9,5,15,2,diurnal,batched,8,P0_random,223.7749471443223
9,5,15,2,diurnal,batched,8,P0_random,205.03820284126465
9,5,15,2,diurnal,batched,8,P0_random,252.75947472986928
9,5,15,2,diurnal,batched,8,P0_random,241.57673680675725
9,5,15,2,diurnal,batched,8,P0_random,245.77781956570234
9,5,15,2,diurnal,batched,8,P0_random,216.36688303736548
9,5,15,2,diurnal,batched,8,P0_random,222.92662767656796
9,5,15,2,diurnal,batched,8,P0_random,205.03820284126465
9,5,15,2,diurnal,batched,8,P0_random,172.10003994714518
9,5,15,2,diurnal,batched,8,P0_random,214.0822952576403
9,5,15,2,diurnal,batched,8,P0_random,199.32617634953064
9,5,15,2,diurnal,batched,8,P0_random,236.4871766376774
9,5,15,2,diurnal,batched,8,P0_random,170.36385093610158
9,5,15,2,diurnal,batched,8,P0_random,277.7948529204171
9,5,15,2,diurnal,batched,8,P0_random,257.56422566242077
9,5,15,2,diurnal,batched,8,P0_random,234.3155733336235
9,5,15,2,diurnal,batched,8,P0_random,238.68678788880692
9,5,15,2,diurnal,batched,8,P0_random,154.17558992160812
9,5,15,2,diurnal,batched,8,P0_random,195.3619639498604
9,5,15,2,diurnal,batched,8,P0_random,253.1156393566826
9,5,15,2,diurnal,batched,8,P0_random,181.91373712365655
9,5,15,2,diurnal,batched,8,P0_random,173.38360192424614
9,5,15,2,diurnal,batched,8,P0_random,248.68418424549688
9,5,15,2,diurnal,batched,8,P0_random,187.40238989743762
9,5,15,2,diurnal,batched,8,P0_random,207.33131666177837
9,5,15,2,diurnal,batched,8,P0_random,189.50670243733595
9,5,15,2,diurnal,batched,8,P0_random,257.5217419801713
9,5,15,2,diurnal,batched,8,P0_random,237.40910194391162
9,5,15,2,diurnal,batched,8,P0_random,255.98023375308415
9,5,15,2,diurnal,batched,8,P0_random,157.33131666177837
9,5,15,2,diurnal,batched,8,P0_random,175.32253573543596
9,5,15,2,diurnal,batched,8,P0_random,239.78567733742707
9,5,15,2,diurnal,batched,8,P0_random,222.27684395916216
9,5,15,2,diurnal,batched,8,P0_random,214.3276691245801
9,5,15,2,diurnal,batched,8,P0_random,178.68678788880692
9,5,15,2,diurnal,batched,8,P0_random,183.66685777646603
9,5,15,2,diurnal,batched,8,P0_random,244.3619639498604
9,5,15,2,diurnal,batched,8,P0_random,248.57359681663087
9,5,15,2,diurnal,batched,8,P0_random,270.3785963437489
9,5,15,2,diurnal,batched,8,P0_random,243.11590130165686
9,5,15,2,diurnal,batched,8,P0_random,147.53720046008465
9,5,15,2,diurnal,batched,8,P0_random,267.73308361371244
9,5,15,2,diurnal,batched,8,P0_random,228.41699658661616
9,5,15,2,diurnal,batched,8,P0_random,157.08538469532664
9,5,15,2,diurnal,batched,8,P0_random,223.4837022591156
9,5,15,2,diurnal,batched,8,P0_random,170.32617634953064
9,5,15,2,diurnal,batched,8,P0_random,227.10867301525673
9,5,15,2,diurnal,batched,8,P0_random,177.5983424972771
9,5,15,2,diurnal,batched,8,P0_random,206.37207394579858
9,5,15,2,diurnal,batched,8,P0_random,265.2849160799419
9,5,15,2,diurnal,batched,8,P0_random,186.40238989743762
9,5,15,2,diurnal,batched,8,P0_random,182.38399123733345
9,5,15,2,diurnal,batched,8,P0_random,163.2651416726133
9,5,15,2,diurnal,batched,8,P0_random,193.7335716395574
9,5,15,2,diurnal,batched,8,P0_random,158.50881568590447
9,5,15,2,diurnal,batched,8,P0_random,164.40016396334983
9,5,15,2,diurnal,batched,8,P0_random,189.15708123559688
9,5,15,2,diurnal,batched,8,P0_random,250.28491607994192
9,5,15,2,diurnal,batched,8,P0_random,180.77942447101896
9,5,15,2,diurnal,batched,8,P0_random,169.73860974025595
9,5,15,2,diurnal,batched,8,P0_random,149.34376262675124
9,5,15,2,diurnal,batched,8,P0_random,233.4589488575175
9,5,15,2,diurnal,batched,8,P0_random,179.35546660801157
9,5,15,2,diurnal,batched,8,P0_random,223.51481111147766
9,5,15,2,diurnal,batched,8,P0_random,165.00817588545289
9,5,15,2,diurnal,batched,8,P0_random,144.77065345109247
9,5,15,2,diurnal,batched,8,P0_random,189.10867301525673
9,5,15,2,diurnal,batched,8,P0_random,169.3900171984971
9,5,15,2,diurnal,batched,8,P0_random,138.26985588404096
9,5,15,2,diurnal,batched,8,P0_random,178.1031674614255
9,5,15,2,diurnal,batched,8,P0_random,209.3683293494202
9,5,15,2,diurnal,batched,8,P0_random,244.99232703711542
9,5,15,2,diurnal,batched,8,P0_random,234.93991488046356
9,5,15,2,diurnal,batched,8,P0_random,200.56708844148505
9,5,15,2,diurnal,batched,8,P0_random,130.98753776326055
9,5,15,2,diurnal,batched,8,P0_random,213.94074145572864
9,5,15,2,diurnal,batched,8,P0_random,253.91940765234037
9,5,15,2,diurnal,batched,8,P0_random,279.6885954321439
9,5,15,2,diurnal,batched,8,P0_random,207.66685777646603
9,5,15,2,diurnal,batched,8,P0_random,290.19708117874177
9,5,15,2,diurnal,batched,8,P0_random,164.40016396334983
9,5,15,2,diurnal,batched,8,P0_random,212.33131666177837
9,5,15,2,diurnal,batched,8,P0_random,238.01630257782324
9,5,15,2,diurnal,batched,8,P0_random,202.1660632862009
9,5,15,2,diurnal,batched,8,P0_random,243.1031674614255
9,5,15,2,diurnal,batched,8,P0_random,236.6186846952391
9,5,15,2,diurnal,batched,8,P0_random,186.96572396865616
9,5,15,2,diurnal,batched,8,P0_random,244.61155063318247
9,5,15,2,diurnal,batched,8,P0_random,241.57673680675725
9,5,15,2,diurnal,batched,8,P0_random,162.9060949822686
9,5,15,2,diurnal,batched,8,P0_random,239.68859543214393
9,5,15,2,diurnal,batched,8,P0_random,253.50154294568816
9,5,15,2,diurnal,batched,8,P0_random,248.26640299097926
9,5,15,2,diurnal,batched,8,P0_random,191.2651970892049
9,5,15,2,diurnal,batched,8,P0_random,153.36925856720214
9,5,15,2,diurnal,batched,8,P0_random,204.6134493343248
9,5,15,2,diurnal,batched,8,P0_random,303.68602098238637
9,5,15,2,diurnal,batched,8,P0_random,206.24682894784675
9,5,15,2,diurnal,batched,8,P0_random,235.44926582593007
9,5,15,2,diurnal,batched,8,P0_random,169.8351668932526
9,5,15,2,diurnal,batched,8,P0_random,157.56087480396639
9,5,15,2,diurnal,batched,8,P0_random,135.4822781224061
9,5,15,2,diurnal,batched,8,P0_random,187.2764736967303
9,5,15,2,diurnal,batched,8,P0_random,195.76506341219516
9,5,15,2,diurnal,batched,8,P0_random,218.16484323049158
9,5,15,2,diurnal,batched,8,P0_random,230.0281201720419
9,5,15,2,diurnal,batched,8,P0_random,222.78467063703744
9,5,15,2,diurnal,batched,8,P0_random,197.1790816373745
9,5,15,2,diurnal,batched,8,P0_random,188.08948861910596
9,5,15,2,diurnal,batched,8,P0_random,228.69709248339018
9,5,15,2,diurnal,batched,8,P0_random,199.1130729992736
9,5,15,2,diurnal,batched,8,P0_random,227.51481111147766
9,5,15,2,diurnal,batched,8,P0_random,152.64319487214527
9,5,15,2,diurnal,batched,8,P0_random,241.01843188827812
9,5,15,2,diurnal,batched,8,P0_random,227.56422566242077
9,5,15,2,diurnal,batched,8,P0_random,204.78567733742707
9,5,15,2,diurnal,batched,8,P0_random,265.53121243315456
9,5,15,2,diurnal,batched,8,P0_random,162.9060949822686
9,5,15,2,diurnal,batched,8,P0_random,199.64230819479332
9,5,15,2,diurnal,batched,8,P0_random,231.96927735113962
9,5,15,2,diurnal,batched,8,P0_random,182.64403217324084
9,5,15,2,diurnal,batched,8,P0_random,236.3334922593845
9,5,15,2,diurnal,batched,8,P0_random,205.36493595490825
9,5,15,2,diurnal,batched,8,P0_random,136.06622097383715
9,5,15,2,diurnal,batched,8,P0_random,216.7489363141721
9,5,15,2,diurnal,batched,8,P0_random,191.90263037355396
9,5,15,2,diurnal,batched,8,P0_random,255.98023375308415
9,5,15,2,diurnal,batched,8,P0_random,213.56412373414162
9,5,15,2,diurnal,batched,8,P0_random,241.55746001416574
9,5,15,2,diurnal,batched,8,P0_random,235.4871766376774
9,5,15,2,diurnal,batched,8,P0_random,221.672322802143
9,5,15,2,diurnal,batched,8,P0_random,174.97090937810032
9,5,15,2,diurnal,batched,8,P0_random,215.35322947493262
9,5,15,2,diurnal,batched,8,P0_random,236.75013651438115
9,5,15,2,diurnal,batched,8,P0_random,219.72495930653307
9,5,15,2,diurnal,batched,8,P0_random,182.73139356392667
9,5,15,2,diurnal,batched,8,P0_random,168.34835972035913
9,5,15,2,diurnal,batched,8,P0_random,243.02532257047827
9,5,15,2,diurnal,batched,8,P0_random,216.89186811683987
9,5,15,2,diurnal,batched,8,P0_random,222.58465818387276
9,5,15,2,diurnal,batched,8,P0_random,174.91898633587743
9,5,15,2,diurnal,batched,8,P0_random,137.889559001302
9,5,15,2,diurnal,batched,8,P0_random,194.99993930107908
9,5,15,2,diurnal,batched,8,P0_random,262.6595123131533
9,5,15,2,diurnal,batched,8,P0_random,190.91919759798375
9,5,15,2,diurnal,batched,8,P0_random,249.8001607295263
9,5,15,2,diurnal,batched,8,P0_random,251.02217763592216
9,5,15,2,diurnal,batched,8,P0_random,184.5217419801713
9,5,15,2,diurnal,batched,8,P0_random,284.9191975979837
9,5,15,2,diurnal,batched,8,P0_random,235.08571595578206
9,5,15,2,diurnal,batched,8,P0_random,226.41158254882356
9,5,15,2,diurnal,batched,8,P0_random,278.7467542109578
9,5,15,2,diurnal,batched,8,P0_random,174.50154294568816
9,5,15,2,diurnal,batched,8,P0_random,162.34730050908746
9,5,15,2,diurnal,batched,8,P0_random,163.2898007554017
9,5,15,2,diurnal,batched,8,P0_random,220.8994788806593
9,5,15,2,diurnal,batched,8,P0_random,218.35436679814205
9,5,15,2,diurnal,batched,8,P0_random,232.64018696173434
9,5,15,2,diurnal,batched,8,P0_random,266.7653474096385
9,5,15,2,diurnal,batched,8,P0_random,224.64403217324084
9,5,15,2,diurnal,batched,8,P0_random,242.10726111679355
9,5,15,2,diurnal,batched,8,P0_random,268.49369542254993
9,5,15,2,diurnal,batched,8,P0_random,138.8216155668024
9,5,15,2,diurnal,batched,8,P0_random,239.03484330189832
9,5,15,2,diurnal,batched,8,P0_random,193.60859898232437
9,5,15,2,diurnal,batched,8,P0_random,192.8226855274707
9,5,15,2,diurnal,batched,8,P0_random,190.02226036923162
9,5,15,2,diurnal,batched,8,P0_random,235.81265500646745
9,5,15,2,diurnal,batched,8,P0_random,156.889559001302
9,5,15,2,diurnal,batched,8,P0_random,206.64403217324084
9,5,15,2,diurnal,batched,8,P0_random,243.61105026596863
9,5,15,2,diurnal,batched,8,P0_random,176.47658071765477
9,5,15,2,diurnal,batched,8,P0_random,175.40732821906084
9,5,15,2,diurnal,batched,8,P0_random,236.02217763592216
9,5,15,2,diurnal,batched,8,P0_random,167.23956581526852
9,5,15,2,diurnal,batched,8,P0_random,256.6529230685385
9,5,15,2,diurnal,batched,8,P0_random,230.02226036923162
9,5,15,2,diurnal,batched,8,P0_random,215.36227748274433
9,5,15,2,diurnal,batched,8,P0_random,234.11871432706047
9,5,15,2,diurnal,batched,8,P0_random,173.66453454463704
9,5,15,2,diurnal,batched,8,P0_random,158.53213964094726
9,5,15,2,diurnal,batched,8,P0_random,299.73686356541384
9,5,15,2,diurnal,batched,8,P0_random,138.89186811683987
9,5,15,2,diurnal,batched,8,P0_random,208.51301542085048
9,5,15,2,diurnal,batched,8,P0_random,204.71694747244265
9,5,15,2,diurnal,batched,8,P0_random,232.37207394579858
9,5,15,2,diurnal,batched,8,P0_random,213.9916843729875
9,5,15,2,diurnal,batched,8,P0_random,220.61591941715483
9,5,15,2,diurnal,batched,8,P0_random,199.6373687753154
9,5,15,2,diurnal,batched,8,P0_random,209.6134493343248
9,5,15,2,diurnal,batched,8,P0_random,226.672322802143
9,5,15,2,diurnal,batched,8,P1_dest_cluster,241.01843188827812
9,5,15,2,diurnal,batched,8,P1_dest_cluster,192.27939059175827
9,5,15,2,diurnal,batched,8,P1_dest_cluster,195.8388953938691
9,5,15,2,diurnal,batched,8,P1_dest_cluster,148.7775908304677
9,5,15,2,diurnal,batched,8,P1_dest_cluster,226.70304245317158
9,5,15,2,diurnal,batched,8,P1_dest_cluster,207.87356120404968
9,5,15,2,diurnal,batched,8,P1_dest_cluster,252.27544678074742
9,5,15,2,diurnal,batched,8,P1_dest_cluster,178.7355929287775
9,5,15,2,diurnal,batched,8,P1_dest_cluster,208.37666768278547
9,5,15,2,diurnal,batched,8,P1_dest_cluster,199.92087910798355
9,5,15,2,diurnal,batched,8,P1_dest_cluster,194.65144079321897
9,5,15,2,diurnal,batched,8,P1_dest_cluster,162.57673680675725
9,5,15,2,diurnal,batched,8,P1_dest_cluster,181.30065948718828
9,5,15,2,diurnal,batched,8,P1_dest_cluster,188.91898633587743
9,5,15,2,diurnal,batched,8,P1_dest_cluster,148.26998488419545
9,5,15,2,diurnal,batched,8,P1_dest_cluster,171.19246172769365
9,5,15,2,diurnal,batched,8,P1_dest_cluster,250.95341611669036
9,5,15,2,diurnal,batched,8,P1_dest_cluster,228.98753776326055
9,5,15,2,diurnal,batched,8,P1_dest_cluster,187.08918338872763
9,5,15,2,diurnal,batched,8,P1_dest_cluster,154.68678788880692
9,5,15,2,diurnal,batched,8,P1_dest_cluster,189.6525225894629
9,5,15,2,diurnal,batched,8,P1_dest_cluster,201.55363994294683
9,5,15,2,diurnal,batched,8,P1_dest_cluster,198.95341611669036
9,5,15,2,diurnal,batched,8,P1_dest_cluster,207.87356120404968
9,5,15,2,diurnal,batched,8,P1_dest_cluster,224.1908394016761
9,5,15,2,diurnal,batched,8,P1_dest_cluster,217.38755249610242
9,5,15,2,diurnal,batched,8,P1_dest_cluster,287.2754467807474
9,5,15,2,diurnal,batched,8,P1_dest_cluster,210.7368635654138
9,5,15,2,diurnal,batched,8,P1_dest_cluster,290.19708117874177
9,5,15,2,diurnal,batched,8,P1_dest_cluster,191.8001607295263
9,5,15,2,diurnal,batched,8,P1_dest_cluster,170.77568785168208
9,5,15,2,diurnal,batched,8,P1_dest_cluster,191.8446452245179
9,5,15,2,diurnal,batched,8,P1_dest_cluster,188.94529747835765
9,5,15,2,diurnal,batched,8,P1_dest_cluster,219.4934207926574
9,5,15,2,diurnal,batched,8,P1_dest_cluster,198.3525408131615
9,5,15,2,diurnal,batched,8,P1_dest_cluster,175.72495930653307
9,5,15,2,diurnal,batched,8,P1_dest_cluster,148.16580664447415
9,5,15,2,diurnal,batched,8,P1_dest_cluster,189.46798616214812
9,5,15,2,diurnal,batched,8,P1_dest_cluster,235.99232703711542
9,5,15,2,diurnal,batched,8,P1_dest_cluster,198.80565355902485
9,5,15,2,diurnal,batched,8,P1_dest_cluster,145.58952629877422
9,5,15,2,diurnal,batched,8,P1_dest_cluster,149.63472399975987
9,5,15,2,diurnal,batched,8,P1_dest_cluster,188.84265461344887
9,5,15,2,diurnal,batched,8,P1_dest_cluster,248.5951254420156
9,5,15,2,diurnal,batched,8,P1_dest_cluster,236.3334922593845
9,5,15,2,diurnal,batched,8,P1_dest_cluster,194.3674588445285
9,5,15,2,diurnal,batched,8,P1_dest_cluster,175.79284063158832
9,5,15,2,diurnal,batched,8,P1_dest_cluster,167.76680750282105
9,5,15,2,diurnal,batched,8,P1_dest_cluster,223.60859898232437
9,5,15,2,diurnal,batched,8,P1_dest_cluster,172.7155475872065
9,5,15,2,diurnal,batched,8,P1_dest_cluster,148.16580664447415
9,5,15,2,diurnal,batched,8,P1_dest_cluster,224.74675421095782
9,5,15,2,diurnal,batched,8,P1_dest_cluster,206.672322802143
9,5,15,2,diurnal,batched,8,P1_dest_cluster,219.1156393566826
9,5,15,2,diurnal,batched,8,P1_dest_cluster,148.26602426347284
9,5,15,2,diurnal,batched,8,P1_dest_cluster,166.1908394016761
9,5,15,2,diurnal,batched,8,P1_dest_cluster,158.64403217324084
9,5,15,2,diurnal,batched,8,P1_dest_cluster,116.86990246651746
9,5,15,2,diurnal,batched,8,P1_dest_cluster,237.97796811063864
9,5,15,2,diurnal,batched,8,P1_dest_cluster,207.96182957668853
9,5,15,2,diurnal,batched,8,P1_dest_cluster,220.3334922593845
9,5,15,2,diurnal,batched,8,P1_dest_cluster,219.89939585294434
9,5,15,2,diurnal,batched,8,P1_dest_cluster,141.68194037982332
9,5,15,2,diurnal,batched,8,P1_dest_cluster,231.672322802143
9,5,15,2,diurnal,batched,8,P1_dest_cluster,201.68602098238637
9,5,15,2,diurnal,batched,8,P1_dest_cluster,162.97260874731728
9,5,15,2,diurnal,batched,8,P1_dest_cluster,168.86231703739162
9,5,15,2,diurnal,batched,8,P1_dest_cluster,256.57054224703717
9,5,15,2,diurnal,batched,8,P1_dest_cluster,238.6525225894629
9,5,15,2,diurnal,batched,8,P1_dest_cluster,193.34835972035913
9,5,15,2,diurnal,batched,8,P1_dest_cluster,232.67043363851138
9,5,15,2,diurnal,batched,8,P1_dest_cluster,228.8980710805301
9,5,15,2,diurnal,batched,8,P1_dest_cluster,161.98171418200096
9,5,15,2,diurnal,batched,8,P1_dest_cluster,139.10867301525673
9,5,15,2,diurnal,batched,8,P1_dest_cluster,209.83183977590016
9,5,15,2,diurnal,batched,8,P1_dest_cluster,239.26580581465336
9,5,15,2,diurnal,batched,8,P1_dest_cluster,184.26152598633618
9,5,15,2,diurnal,batched,8,P1_dest_cluster,271.2699848841954
9,5,15,2,diurnal,batched,8,P1_dest_cluster,252.466709660636
9,5,15,2,diurnal,batched,8,P1_dest_cluster,200.77226978729283
9,5,15,2,diurnal,batched,8,P1_dest_cluster,205.71059897095125
9,5,15,2,diurnal,batched,8,P1_dest_cluster,192.39076485152785
9,5,15,2,diurnal,batched,8,P1_dest_cluster,124.8623170373916
9,5,15,2,diurnal,batched,8,P1_dest_cluster,186.64319487214527
9,5,15,2,diurnal,batched,8,P1_dest_cluster,214.35502037345742
9,5,15,2,diurnal,batched,8,P1_dest_cluster,268.49369542254993
9,5,15,2,diurnal,batched,8,P1_dest_cluster,211.0281201720419
9,5,15,2,diurnal,batched,8,P1_dest_cluster,308.5574600141657
9,5,15,2,diurnal,batched,8,P1_dest_cluster,190.4816862648889
9,5,15,2,diurnal,batched,8,P1_dest_cluster,239.79030798246572
9,5,15,2,diurnal,batched,8,P1_dest_cluster,237.10867301525673
9,5,15,2,diurnal,batched,8,P1_dest_cluster,264.8744032893078
9,5,15,2,diurnal,batched,8,P1_dest_cluster,183.81702768154685
9,5,15,2,diurnal,batched,8,P1_dest_cluster,213.77226978729283
9,5,15,2,diurnal,batched,8,P1_dest_cluster,249.56422566242077
9,5,15,2,diurnal,batched,8,P1_dest_cluster,203.6134493343248
9,5,15,2,diurnal,batched,8,P1_dest_cluster,187.45939260863082
9,5,15,2,diurnal,batched,8,P1_dest_cluster,237.19708117874177
9,5,15,2,diurnal,batched,8,P1_dest_cluster,250.28491607994192
9,5,15,2,diurnal,batched,8,P1_dest_cluster,187.4561003040674
9,5,15,2,diurnal,batched,8,P1_dest_cluster,187.55746001416574
9,5,15,2,diurnal,batched,8,P1_dest_cluster,159.57054224703717
9,5,15,2,diurnal,batched,8,P1_dest_cluster,246.26998488419545
9,5,15,2,diurnal,batched,8,P1_dest_cluster,197.46798616214812
9,5,15,2,diurnal,batched,8,P1_dest_cluster,134.28703009117226
9,5,15,2,diurnal,batched,8,P1_dest_cluster,185.5038640734044
9,5,15,2,diurnal,batched,8,P1_dest_cluster,241.27939059175827
9,5,15,2,diurnal,batched,8,P1_dest_cluster,199.5428231865003
9,5,15,2,diurnal,batched,8,P1_dest_cluster,226.79030798246572
9,5,15,2,diurnal,batched,8,P1_dest_cluster,230.65638133320277
9,5,15,2,diurnal,batched,8,P1_dest_cluster,192.27939059175827
9,5,15,2,diurnal,batched,8,P1_dest_cluster,179.15788918121126
9,5,15,2,diurnal,batched,8,P1_dest_cluster,138.94423398293742
9,5,15,2,diurnal,batched,8,P1_dest_cluster,217.1215766097558
9,5,15,2,diurnal,batched,8,P1_dest_cluster,198.34770510698448
9,5,15,2,diurnal,batched,8,P1_dest_cluster,214.91163437598937
9,5,15,2,diurnal,batched,8,P1_dest_cluster,194.6134493343248
9,5,15,2,diurnal,batched,8,P1_dest_cluster,120.95908356099588
9,5,15,2,diurnal,batched,8,P1_dest_cluster,176.7489363141721
9,5,15,2,diurnal,batched,8,P1_dest_cluster,209.6279009770905
9,5,15,2,diurnal,batched,8,P1_dest_cluster,255.53723339650807
9,5,15,2,diurnal,batched,8,P1_dest_cluster,243.46798616214812
9,5,15,2,diurnal,batched,8,P1_dest_cluster,175.79284063158832
9,5,15,2,diurnal,batched,8,P1_dest_cluster,159.57054224703717
9,5,15,2,diurnal,batched,8,P1_dest_cluster,231.34376262675124
9,5,15,2,diurnal,batched,8,P1_dest_cluster,168.34730050908746
9,5,15,2,diurnal,batched,8,P1_dest_cluster,183.01630257782324
9,5,15,2,diurnal,batched,8,P1_dest_cluster,217.91898633587743
9,5,15,2,diurnal,batched,8,P1_dest_cluster,159.95308395396302
9,5,15,2,diurnal,batched,8,P1_dest_cluster,148.0281201720419
9,5,15,2,diurnal,batched,8,P1_dest_cluster,138.89186811683987
9,5,15,2,diurnal,batched,8,P1_dest_cluster,252.19686146528818
9,5,15,2,diurnal,batched,8,P1_dest_cluster,228.82388249196492
9,5,15,2,diurnal,batched,8,P1_dest_cluster,226.40910194391162
9,5,15,2,diurnal,batched,8,P1_dest_cluster,186.64319487214527
9,5,15,2,diurnal,batched,8,P1_dest_cluster,236.3334922593845
9,5,15,2,diurnal,batched,8,P1_dest_cluster,136.73308361371247
9,5,15,2,diurnal,batched,8,P1_dest_cluster,257.2949477449582
9,5,15,2,diurnal,batched,8,P1_dest_cluster,171.26657324514218
9,5,15,2,diurnal,batched,8,P1_dest_cluster,233.6453131447775
9,5,15,2,diurnal,batched,8,P1_dest_cluster,155.80081866698904
9,5,15,2,diurnal,batched,8,P1_dest_cluster,172.34730050908746
9,5,15,2,diurnal,batched,8,P1_dest_cluster,227.4561003040674
9,5,15,2,diurnal,batched,8,P1_dest_cluster,187.95908356099588
9,5,15,2,diurnal,batched,8,P1_dest_cluster,132.58037438871702
9,5,15,2,diurnal,batched,8,P1_dest_cluster,222.3438583945123
9,5,15,2,diurnal,batched,8,P1_dest_cluster,205.71059897095125
9,5,15,2,diurnal,batched,8,P1_dest_cluster,200.40732821906084
9,5,15,2,diurnal,batched,8,P1_dest_cluster,194.6134493343248
9,5,15,2,diurnal,batched,8,P1_dest_cluster,158.18006431650258
9,5,15,2,diurnal,batched,8,P1_dest_cluster,189.87356120404968
9,5,15,2,diurnal,batched,8,P1_dest_cluster,145.7355929287775
9,5,15,2,diurnal,batched,8,P1_dest_cluster,216.94326430105474
9,5,15,2,diurnal,batched,8,P1_dest_cluster,145.13152372403448
9,5,15,2,diurnal,batched,8,P1_dest_cluster,154.87516384608773
9,5,15,2,diurnal,batched,8,P1_dest_cluster,223.85747426330065
9,5,15,2,diurnal,batched,8,P1_dest_cluster,193.19686146528818
9,5,15,2,diurnal,batched,8,P1_dest_cluster,172.2192667118594
9,5,15,2,diurnal,batched,8,P1_dest_cluster,235.5095658399486
9,5,15,2,diurnal,batched,8,P1_dest_cluster,250.41849045604607
9,5,15,2,diurnal,batched,8,P1_dest_cluster,175.79284063158832
9,5,15,2,diurnal,batched,8,P1_dest_cluster,222.62762494651622
9,5,15,2,diurnal,batched,8,P1_dest_cluster,256.57054224703717
9,5,15,2,diurnal,batched,8,P1_dest_cluster,209.36385093610158
9,5,15,2,diurnal,batched,8,P1_dest_cluster,216.94326430105474
9,5,15,2,diurnal,batched,8,P1_dest_cluster,211.4053556306178
9,5,15,2,diurnal,batched,8,P1_dest_cluster,224.26657324514218
9,5,15,2,diurnal,batched,8,P1_dest_cluster,188.00817588545289
9,5,15,2,diurnal,batched,8,P1_dest_cluster,214.35502037345742
9,5,15,2,diurnal,batched,8,P1_dest_cluster,146.56087480396639
9,5,15,2,diurnal,batched,8,P1_dest_cluster,246.25382732722966
9,5,15,2,diurnal,batched,8,P1_dest_cluster,209.1942376173349
9,5,15,2,diurnal,batched,8,P1_dest_cluster,151.4934207926574
9,5,15,2,diurnal,batched,8,P1_dest_cluster,260.4772717365537
9,5,15,2,diurnal,batched,8,P1_dest_cluster,212.98186738702435
9,5,15,2,diurnal,batched,8,P1_dest_cluster,261.3839912373335
9,5,15,2,diurnal,batched,8,P1_dest_cluster,213.77226978729283
9,5,15,2,diurnal,batched,8,P1_dest_cluster,166.5951254420156
9,5,15,2,diurnal,batched,8,P1_dest_cluster,191.64319487214527
9,5,15,2,diurnal,batched,8,P1_dest_cluster,187.68678788880692
9,5,15,2,diurnal,batched,8,P1_dest_cluster,169.259968147026
9,5,15,2,diurnal,batched,8,P1_dest_cluster,239.55363994294683
9,5,15,2,diurnal,batched,8,P1_dest_cluster,145.52046434199596
9,5,15,2,diurnal,batched,8,P1_dest_cluster,168.66453454463704
9,5,15,2,diurnal,batched,8,P1_dest_cluster,207.4561003040674
9,5,15,2,diurnal,batched,8,P1_dest_cluster,169.74023904533112
9,5,15,2,diurnal,batched,8,P1_dest_cluster,186.64403217324084
9,5,15,2,diurnal,batched,8,P1_dest_cluster,177.5983424972771
9,5,15,2,diurnal,batched,8,P1_dest_cluster,234.08948861910596
9,5,15,2,diurnal,batched,8,P1_dest_cluster,280.8143566041026
9,5,15,2,diurnal,batched,8,P1_dest_cluster,223.9405514389359
9,5,15,2,diurnal,batched,8,P1_dest_cluster,209.19259597828474
9,5,15,2,diurnal,batched,8,P1_dest_cluster,275.68602098238637
9,5,15,2,diurnal,batched,8,P1_dest_cluster,193.259968147026
9,5,15,2,diurnal,batched,8,P1_dest_cluster,179.9916843729875
9,5,15,2,diurnal,batched,8,P1_dest_cluster,227.51481111147766
9,5,15,2,diurnal,batched,8,P1_dest_cluster,237.10867301525673
9,5,15,2,diurnal,batched,8,P1_dest_cluster,213.10867301525673
9,5,15,2,diurnal,batched,8,P1_dest_cluster,199.52046434199596
9,5,15,2,diurnal,batched,8,P1_dest_cluster,186.64403217324084
9,5,15,2,diurnal,batched,8,P2_cardinality,179.76680750282105
9,5,15,2,diurnal,batched,8,P2_cardinality,170.37414322251314
9,5,15,2,diurnal,batched,8,P2_cardinality,233.01341642224196
9,5,15,2,diurnal,batched,8,P2_cardinality,204.46123205070415
9,5,15,2,diurnal,batched,8,P2_cardinality,150.82388249196492
9,5,15,2,diurnal,batched,8,P2_cardinality,189.87356120404968
9,5,15,2,diurnal,batched,8,P2_cardinality,224.3619639498604
9,5,15,2,diurnal,batched,8,P2_cardinality,224.56422566242077
9,5,15,2,diurnal,batched,8,P2_cardinality,156.02133270271202
9,5,15,2,diurnal,batched,8,P2_cardinality,196.8216155668024
9,5,15,2,diurnal,batched,8,P2_cardinality,209.63391531744116
9,5,15,2,diurnal,batched,8,P2_cardinality,194.6134493343248
9,5,15,2,diurnal,batched,8,P2_cardinality,194.80565355902485
9,5,15,2,diurnal,batched,8,P2_cardinality,224.01630257782324
9,5,15,2,diurnal,batched,8,P2_cardinality,199.79430627426592
9,5,15,2,diurnal,batched,8,P2_cardinality,191.8446452245179
9,5,15,2,diurnal,batched,8,P2_cardinality,233.69709248339018
9,5,15,2,diurnal,batched,8,P2_cardinality,185.4816862648889
9,5,15,2,diurnal,batched,8,P2_cardinality,164.64018696173434
9,5,15,2,diurnal,batched,8,P2_cardinality,150.202735838401
9,5,15,2,diurnal,batched,8,P2_cardinality,206.89962133601037
9,5,15,2,diurnal,batched,8,P2_cardinality,153.31337633148712
9,5,15,2,diurnal,batched,8,P2_cardinality,231.6901901313317
9,5,15,2,diurnal,batched,8,P2_cardinality,125.7653474096385
9,5,15,2,diurnal,batched,8,P2_cardinality,207.37666768278547
9,5,15,2,diurnal,batched,8,P2_cardinality,200.4816862648889
9,5,15,2,diurnal,batched,8,P2_cardinality,243.46798616214812
9,5,15,2,diurnal,batched,8,P2_cardinality,241.51335270231908
9,5,15,2,diurnal,batched,8,P2_cardinality,161.17352331876808
9,5,15,2,diurnal,batched,8,P2_cardinality,157.48989148211567
9,5,15,2,diurnal,batched,8,P2_cardinality,166.4567941048627
9,5,15,2,diurnal,batched,8,P2_cardinality,164.20550148355494
9,5,15,2,diurnal,batched,8,P2_cardinality,159.57054224703717
9,5,15,2,diurnal,batched,8,P2_cardinality,161.17352331876808
9,5,15,2,diurnal,batched,8,P2_cardinality,200.85820640543687
9,5,15,2,diurnal,batched,8,P2_cardinality,240.02226036923162
9,5,15,2,diurnal,batched,8,P2_cardinality,217.69294835889383
9,5,15,2,diurnal,batched,8,P2_cardinality,120.32245436405961
9,5,15,2,diurnal,batched,8,P2_cardinality,173.66453454463704
9,5,15,2,diurnal,batched,8,P2_cardinality,241.23691915466395
9,5,15,2,diurnal,batched,8,P2_cardinality,132.5601192272853
9,5,15,2,diurnal,batched,8,P2_cardinality,170.32617634953064
9,5,15,2,diurnal,batched,8,P2_cardinality,163.38399123733345
9,5,15,2,diurnal,batched,8,P2_cardinality,193.259968147026
9,5,15,2,diurnal,batched,8,P2_cardinality,248.1031674614255
9,5,15,2,diurnal,batched,8,P2_cardinality,259.68602098238637
9,5,15,2,diurnal,batched,8,P2_cardinality,231.20652639072864
9,5,15,2,diurnal,batched,8,P2_cardinality,217.78851413586426
9,5,15,2,diurnal,batched,8,P2_cardinality,174.3898420101782
9,5,15,2,diurnal,batched,8,P2_cardinality,208.92087910798355
9,5,15,2,diurnal,batched,8,P2_cardinality,207.5143676119037
9,5,15,2,diurnal,batched,8,P2_cardinality,243.11590130165686
9,5,15,2,diurnal,batched,8,P2_cardinality,192.4282475156594
9,5,15,2,diurnal,batched,8,P2_cardinality,138.83000447466253
9,5,15,2,diurnal,batched,8,P2_cardinality,209.24756670963512
9,5,15,2,diurnal,batched,8,P2_cardinality,138.26985588404096
9,5,15,2,diurnal,batched,8,P2_cardinality,140.5221177129638
9,5,15,2,diurnal,batched,8,P2_cardinality,237.41699658661616
9,5,15,2,diurnal,batched,8,P2_cardinality,196.55115292309964
9,5,15,2,diurnal,batched,8,P2_cardinality,191.91919759798375
9,5,15,2,diurnal,batched,8,P2_cardinality,275.68602098238637
9,5,15,2,diurnal,batched,8,P2_cardinality,238.6453131447775
9,5,15,2,diurnal,batched,8,P2_cardinality,178.36764903264472
9,5,15,2,diurnal,batched,8,P2_cardinality,188.93096669030072
9,5,15,2,diurnal,batched,8,P2_cardinality,155.6528418198838
9,5,15,2,diurnal,batched,8,P2_cardinality,122.83889539386911
9,5,15,2,diurnal,batched,8,P2_cardinality,172.47658071765477
9,5,15,2,diurnal,batched,8,P2_cardinality,179.4708947041855
9,5,15,2,diurnal,batched,8,P2_cardinality,204.6134493343248
9,5,15,2,diurnal,batched,8,P2_cardinality,172.61591941715483
9,5,15,2,diurnal,batched,8,P2_cardinality,183.72495930653307
9,5,15,2,diurnal,batched,8,P2_cardinality,224.74675421095782
9,5,15,2,diurnal,batched,8,P2_cardinality,219.25662193549476
9,5,15,2,diurnal,batched,8,P2_cardinality,211.73676516974484
9,5,15,2,diurnal,batched,8,P2_cardinality,210.16484323049158
9,5,15,2,diurnal,batched,8,P2_cardinality,262.7467542109578
9,5,15,2,diurnal,batched,8,P2_cardinality,153.1790816373745
9,5,15,2,diurnal,batched,8,P2_cardinality,201.3276691245801
9,5,15,2,diurnal,batched,8,P2_cardinality,157.57223403958054
9,5,15,2,diurnal,batched,8,P2_cardinality,135.4822781224061
9,5,15,2,diurnal,batched,8,P2_cardinality,224.06622097383715
9,5,15,2,diurnal,batched,8,P2_cardinality,113.0217217868138
9,5,15,2,diurnal,batched,8,P2_cardinality,122.83889539386911
9,5,15,2,diurnal,batched,8,P2_cardinality,163.31085052615686
9,5,15,2,diurnal,batched,8,P2_cardinality,242.95308395396302
9,5,15,2,diurnal,batched,8,P2_cardinality,168.53213964094726
9,5,15,2,diurnal,batched,8,P2_cardinality,178.82948375993413
9,5,15,2,diurnal,batched,8,P2_cardinality,177.46026703596692
9,5,15,2,diurnal,batched,8,P2_cardinality,221.55746001416574
9,5,15,2,diurnal,batched,8,P2_cardinality,210.05174092527068
9,5,15,2,diurnal,batched,8,P2_cardinality,225.40860641994985
9,5,15,2,diurnal,batched,8,P2_cardinality,151.5428231865003
9,5,15,2,diurnal,batched,8,P2_cardinality,211.08538469532664
9,5,15,2,diurnal,batched,8,P2_cardinality,186.64319487214527
9,5,15,2,diurnal,batched,8,P2_cardinality,217.78851413586426
9,5,15,2,diurnal,batched,8,P2_cardinality,203.25662193549476
9,5,15,2,diurnal,batched,8,P2_cardinality,243.74675421095782
9,5,15,2,diurnal,batched,8,P2_cardinality,183.36764903264472
9,5,15,2,diurnal,batched,8,P2_cardinality,265.5980404419634
9,5,15,2,diurnal,batched,8,P2_cardinality,203.3400372395921
9,5,15,2,diurnal,batched,8,P2_cardinality,171.37501432323313
9,5,15,2,diurnal,batched,8,P2_cardinality,250.40238989743762
9,5,15,2,diurnal,batched,8,P2_cardinality,193.0743344314742
9,5,15,2,diurnal,batched,8,P2_cardinality,188.80320535463744
9,5,15,2,diurnal,batched,8,P2_cardinality,248.6728112257551
9,5,15,2,diurnal,batched,8,P2_cardinality,138.47658071765477
9,5,15,2,diurnal,batched,8,P2_cardinality,155.83183977590016
9,5,15,2,diurnal,batched,8,P2_cardinality,187.4561003040674
9,5,15,2,diurnal,batched,8,P2_cardinality,174.5428231865003
9,5,15,2,diurnal,batched,8,P2_cardinality,230.32721905053094
9,5,15,2,diurnal,batched,8,P2_cardinality,137.7749471443223
9,5,15,2,diurnal,batched,8,P2_cardinality,219.15788918121126
9,5,15,2,diurnal,batched,8,P2_cardinality,161.61155063318247
9,5,15,2,diurnal,batched,8,P2_cardinality,202.71601936895317
9,5,15,2,diurnal,batched,8,P2_cardinality,239.03484330189832
9,5,15,2,diurnal,batched,8,P2_cardinality,242.7948529204171
9,5,15,2,diurnal,batched,8,P2_cardinality,231.34376262675124
9,5,15,2,diurnal,batched,8,P2_cardinality,199.87638991524045
9,5,15,2,diurnal,batched,8,P2_cardinality,156.16529098168058
9,5,15,2,diurnal,batched,8,P2_cardinality,183.10601218028182
9,5,15,2,diurnal,batched,8,P2_cardinality,138.26985588404096
9,5,15,2,diurnal,batched,8,P2_cardinality,157.56087480396639
9,5,15,2,diurnal,batched,8,P2_cardinality,243.61105026596863
9,5,15,2,diurnal,batched,8,P2_cardinality,155.6528418198838
9,5,15,2,diurnal,batched,8,P2_cardinality,188.85135022339807
9,5,15,2,diurnal,batched,8,P2_cardinality,245.83280196704416
9,5,15,2,diurnal,batched,8,P2_cardinality,122.33638808925805
9,5,15,2,diurnal,batched,8,P2_cardinality,136.06947930549632
9,5,15,2,diurnal,batched,8,P2_cardinality,244.03484330189832
9,5,15,2,diurnal,batched,8,P2_cardinality,194.9916843729875
9,5,15,2,diurnal,batched,8,P2_cardinality,223.98186738702435
9,5,15,2,diurnal,batched,8,P2_cardinality,208.78467063703744
9,5,15,2,diurnal,batched,8,P2_cardinality,209.63391531744116
9,5,15,2,diurnal,batched,8,P2_cardinality,211.22508757032102
9,5,15,2,diurnal,batched,8,P2_cardinality,179.13152372403448
9,5,15,2,diurnal,batched,8,P2_cardinality,241.5983424972771
9,5,15,2,diurnal,batched,8,P2_cardinality,226.02226036923162
9,5,15,2,diurnal,batched,8,P2_cardinality,160.65638133320277
9,5,15,2,diurnal,batched,8,P2_cardinality,199.87638991524045
9,5,15,2,diurnal,batched,8,P2_cardinality,181.31214545392103
9,5,15,2,diurnal,batched,8,P2_cardinality,231.7448475855483
9,5,15,2,diurnal,batched,8,P2_cardinality,172.84265461344887
9,5,15,2,diurnal,batched,8,P2_cardinality,273.6595123131533
9,5,15,2,diurnal,batched,8,P2_cardinality,270.7448475855483
9,5,15,2,diurnal,batched,8,P2_cardinality,176.47727173655372
9,5,15,2,diurnal,batched,8,P2_cardinality,140.72084590779141
9,5,15,2,diurnal,batched,8,P2_cardinality,208.59639091816823
9,5,15,2,diurnal,batched,8,P2_cardinality,231.75094425445428
9,5,15,2,diurnal,batched,8,P2_cardinality,254.4888672577971
9,5,15,2,diurnal,batched,8,P2_cardinality,172.34730050908746
9,5,15,2,diurnal,batched,8,P2_cardinality,172.08538469532664
9,5,15,2,diurnal,batched,8,P2_cardinality,173.70304245317158
9,5,15,2,diurnal,batched,8,P2_cardinality,149.34376262675124
9,5,15,2,diurnal,batched,8,P2_cardinality,176.91373712365655
9,5,15,2,diurnal,batched,8,P2_cardinality,171.19246172769365
9,5,15,2,diurnal,batched,8,P2_cardinality,191.8784507670962
9,5,15,2,diurnal,batched,8,P2_cardinality,238.01630257782324
9,5,15,2,diurnal,batched,8,P2_cardinality,192.27939059175827
9,5,15,2,diurnal,batched,8,P2_cardinality,205.36493595490825
9,5,15,2,diurnal,batched,8,P2_cardinality,198.64018696173434
9,5,15,2,diurnal,batched,8,P2_cardinality,174.5428231865003
9,5,15,2,diurnal,batched,8,P2_cardinality,197.09580125006687
9,5,15,2,diurnal,batched,8,P2_cardinality,164.24498694090917
9,5,15,2,diurnal,batched,8,P2_cardinality,194.73308361371247
9,5,15,2,diurnal,batched,8,P2_cardinality,235.99232703711542
9,5,15,2,diurnal,batched,8,P2_cardinality,186.64403217324084
9,5,15,2,diurnal,batched,8,P2_cardinality,212.36764903264472
9,5,15,2,diurnal,batched,8,P2_cardinality,204.78567733742707
9,5,15,2,diurnal,batched,8,P2_cardinality,169.26152598633618
9,5,15,2,diurnal,batched,8,P2_cardinality,104.43867409528832
9,5,15,2,diurnal,batched,8,P2_cardinality,198.87356120404968
9,5,15,2,diurnal,batched,8,P2_cardinality,126.19259597828474
9,5,15,2,diurnal,batched,8,P2_cardinality,232.11590130165686
9,5,15,2,diurnal,batched,8,P2_cardinality,138.89186811683987
9,5,15,2,diurnal,batched,8,P2_cardinality,190.5951254420156
9,5,15,2,diurnal,batched,8,P2_cardinality,179.35546660801157
9,5,15,2,diurnal,batched,8,P2_cardinality,256.23691915466395
9,5,15,2,diurnal,batched,8,P2_cardinality,179.60859898232437
9,5,15,2,diurnal,batched,8,P2_cardinality,221.3231844339901
9,5,15,2,diurnal,batched,8,P2_cardinality,175.56708844148505
9,5,15,2,diurnal,batched,8,P2_cardinality,120.87516384608774
9,5,15,2,diurnal,batched,8,P2_cardinality,140.27544678074742
9,5,15,2,diurnal,batched,8,P2_cardinality,191.8001607295263
9,5,15,2,diurnal,batched,8,P2_cardinality,203.54872168962726
9,5,15,2,diurnal,batched,8,P2_cardinality,176.1908394016761
9,5,15,2,diurnal,batched,8,P2_cardinality,180.56422566242077
9,5,15,2,diurnal,batched,8,P2_cardinality,248.03484330189832
9,5,15,2,diurnal,batched,8,P2_cardinality,169.73308361371247
9,5,15,2,diurnal,batched,8,P2_cardinality,214.9405514389359
9,5,15,2,diurnal,batched,8,P2_cardinality,179.13152372403448
9,5,15,2,diurnal,batched,8,P2_cardinality,90.10393019075659
9,5,15,2,diurnal,batched,8,P2_cardinality,223.37207394579858
9,5,15,2,diurnal,batched,8,P2_cardinality,134.1660632862009
9,5,15,2,diurnal,batched,8,P2_cardinality,220.26985588404096
9,5,15,2,diurnal,batched,8,P2_cardinality,203.37949752764072
9,5,15,2,diurnal,batched,8,P2_cardinality,180.85918632741465
9,5,15,2,diurnal,batched,8,P2_cardinality,195.6134493343248
9,5,15,2,diurnal,batched,8,P2_cardinality,187.31085052615686
9,5,15,2,diurnal,batched,8,P2_cardinality,182.09388128145923
9,5,15,2,diurnal,batched,8,P2_cardinality,215.7125009751765
9,5,15,2,diurnal,batched,8,P3_dir_balanced,205.28491607994192
9,5,15,2,diurnal,batched,8,P3_dir_balanced,194.9916843729875
9,5,15,2,diurnal,batched,8,P3_dir_balanced,226.73792519191133
9,5,15,2,diurnal,batched,8,P3_dir_balanced,254.55803138138845
9,5,15,2,diurnal,batched,8,P3_dir_balanced,209.1942376173349
9,5,15,2,diurnal,batched,8,P3_dir_balanced,168.38360192424614
9,5,15,2,diurnal,batched,8,P3_dir_balanced,201.87440328930782
9,5,15,2,diurnal,batched,8,P3_dir_balanced,211.2651970892049
9,5,15,2,diurnal,batched,8,P3_dir_balanced,223.25662193549476
9,5,15,2,diurnal,batched,8,P3_dir_balanced,173.66453454463704
9,5,15,2,diurnal,batched,8,P3_dir_balanced,250.64922631148306
9,5,15,2,diurnal,batched,8,P3_dir_balanced,198.30867296821836
9,5,15,2,diurnal,batched,8,P3_dir_balanced,171.93112187840057
9,5,15,2,diurnal,batched,8,P3_dir_balanced,136.10992678478982
9,5,15,2,diurnal,batched,8,P3_dir_balanced,216.17456866169607
9,5,15,2,diurnal,batched,8,P3_dir_balanced,226.76680750282105
9,5,15,2,diurnal,batched,8,P3_dir_balanced,215.44177229145737
9,5,15,2,diurnal,batched,8,P3_dir_balanced,219.62770899316178
9,5,15,2,diurnal,batched,8,P3_dir_balanced,225.42980919930176
9,5,15,2,diurnal,batched,8,P3_dir_balanced,203.95012234386638
9,5,15,2,diurnal,batched,8,P3_dir_balanced,248.466709660636
9,5,15,2,diurnal,batched,8,P3_dir_balanced,206.01843188827812
9,5,15,2,diurnal,batched,8,P3_dir_balanced,203.95012234386638
9,5,15,2,diurnal,batched,8,P3_dir_balanced,260.6159194171548
9,5,15,2,diurnal,batched,8,P3_dir_balanced,240.88558431584426
9,5,15,2,diurnal,batched,8,P3_dir_balanced,215.466709660636
9,5,15,2,diurnal,batched,8,P3_dir_balanced,226.70304245317158
9,5,15,2,diurnal,batched,8,P3_dir_balanced,211.6528335258365
9,5,15,2,diurnal,batched,8,P3_dir_balanced,138.65638133320277
9,5,15,2,diurnal,batched,8,P3_dir_balanced,207.66685777646603
9,5,15,2,diurnal,batched,8,P3_dir_balanced,247.41699658661616
9,5,15,2,diurnal,batched,8,P3_dir_balanced,169.1963846791116
9,5,15,2,diurnal,batched,8,P3_dir_balanced,166.10992678478982
9,5,15,2,diurnal,batched,8,P3_dir_balanced,153.23956581526852
9,5,15,2,diurnal,batched,8,P3_dir_balanced,221.55746001416574
9,5,15,2,diurnal,batched,8,P3_dir_balanced,276.81439656395685
9,5,15,2,diurnal,batched,8,P3_dir_balanced,234.28038215299253
9,5,15,2,diurnal,batched,8,P3_dir_balanced,194.96454388535224
9,5,15,2,diurnal,batched,8,P3_dir_balanced,223.69852583684604
9,5,15,2,diurnal,batched,8,P3_dir_balanced,186.6500603472332
9,5,15,2,diurnal,batched,8,P3_dir_balanced,186.0168110299514
9,5,15,2,diurnal,batched,8,P3_dir_balanced,212.51674382171532
9,5,15,2,diurnal,batched,8,P3_dir_balanced,191.33922578582215
9,5,15,2,diurnal,batched,8,P3_dir_balanced,188.45939260863082
9,5,15,2,diurnal,batched,8,P3_dir_balanced,223.94527591206227
9,5,15,2,diurnal,batched,8,P3_dir_balanced,216.130399209395
9,5,15,2,diurnal,batched,8,P3_dir_balanced,144.71730320934856
9,5,15,2,diurnal,batched,8,P3_dir_balanced,196.44926582593007
9,5,15,2,diurnal,batched,8,P3_dir_balanced,220.65638133320277
9,5,15,2,diurnal,batched,8,P3_dir_balanced,256.6528418198838
9,5,15,2,diurnal,batched,8,P3_dir_balanced,219.26657324514218
9,5,15,2,diurnal,batched,8,P3_dir_balanced,249.02226036923162
9,5,15,2,diurnal,batched,8,P3_dir_balanced,193.68678788880692
9,5,15,2,diurnal,batched,8,P3_dir_balanced,175.40732821906084
9,5,15,2,diurnal,batched,8,P3_dir_balanced,225.7692383186121
9,5,15,2,diurnal,batched,8,P3_dir_balanced,241.15459903797887
9,5,15,2,diurnal,batched,8,P3_dir_balanced,219.5038640734044
9,5,15,2,diurnal,batched,8,P3_dir_balanced,153.3155733336235
9,5,15,2,diurnal,batched,8,P3_dir_balanced,192.5143676119037
9,5,15,2,diurnal,batched,8,P3_dir_balanced,240.7489363141721
9,5,15,2,diurnal,batched,8,P3_dir_balanced,222.44926582593007
9,5,15,2,diurnal,batched,8,P3_dir_balanced,254.4888672577971
9,5,15,2,diurnal,batched,8,P3_dir_balanced,224.78567733742707
9,5,15,2,diurnal,batched,8,P3_dir_balanced,277.56422566242077
9,5,15,2,diurnal,batched,8,P3_dir_balanced,175.3155733336235
9,5,15,2,diurnal,batched,8,P3_dir_balanced,186.9103596779898
9,5,15,2,diurnal,batched,8,P3_dir_balanced,132.10393019075659
9,5,15,2,diurnal,batched,8,P3_dir_balanced,191.3155733336235
9,5,15,2,diurnal,batched,8,P3_dir_balanced,261.4679861621481
9,5,15,2,diurnal,batched,8,P3_dir_balanced,206.37207394579858
9,5,15,2,diurnal,batched,8,P3_dir_balanced,249.8001607295263
9,5,15,2,diurnal,batched,8,P3_dir_balanced,151.70759586926295
9,5,15,2,diurnal,batched,8,P3_dir_balanced,206.37207394579858
9,5,15,2,diurnal,batched,8,P3_dir_balanced,270.7448475855483
9,5,15,2,diurnal,batched,8,P3_dir_balanced,157.26985588404096
9,5,15,2,diurnal,batched,8,P3_dir_balanced,178.2224002106446
9,5,15,2,diurnal,batched,8,P3_dir_balanced,187.40238989743762
9,5,15,2,diurnal,batched,8,P3_dir_balanced,155.08472515379677
9,5,15,2,diurnal,batched,8,P3_dir_balanced,262.5951254420156
9,5,15,2,diurnal,batched,8,P3_dir_balanced,252.75947472986928
9,5,15,2,diurnal,batched,8,P3_dir_balanced,168.8226855274707
9,5,15,2,diurnal,batched,8,P3_dir_balanced,201.08918338872763
9,5,15,2,diurnal,batched,8,P3_dir_balanced,224.6728112257551
9,5,15,2,diurnal,batched,8,P3_dir_balanced,169.1963846791116
9,5,15,2,diurnal,batched,8,P3_dir_balanced,219.3619639498604
9,5,15,2,diurnal,batched,8,P3_dir_balanced,207.30364090518967
9,5,15,2,diurnal,batched,8,P3_dir_balanced,225.33131666177837
9,5,15,2,diurnal,batched,8,P3_dir_balanced,146.50154294568816
9,5,15,2,diurnal,batched,8,P3_dir_balanced,249.74675421095782
9,5,15,2,diurnal,batched,8,P3_dir_balanced,205.36227748274433
9,5,15,2,diurnal,batched,8,P3_dir_balanced,201.95249924973024
9,5,15,2,diurnal,batched,8,P3_dir_balanced,216.5095658399486
9,5,15,2,diurnal,batched,8,P3_dir_balanced,222.7448475855483
9,5,15,2,diurnal,batched,8,P3_dir_balanced,240.93112187840057
9,5,15,2,diurnal,batched,8,P3_dir_balanced,260.1790816373745
9,5,15,2,diurnal,batched,8,P3_dir_balanced,142.79030798246572
9,5,15,2,diurnal,batched,8,P3_dir_balanced,156.27914736044897
9,5,15,2,diurnal,batched,8,P3_dir_balanced,175.28038215299253
9,5,15,2,diurnal,batched,8,P3_dir_balanced,237.97796811063864
9,5,15,2,diurnal,batched,8,P3_dir_balanced,208.26640299097926
9,5,15,2,diurnal,batched,8,P3_dir_balanced,211.75025733278025
9,5,15,2,diurnal,batched,8,P3_dir_balanced,193.1963846791116
9,5,15,2,diurnal,batched,8,P3_dir_balanced,169.1963846791116
9,5,15,2,diurnal,batched,8,P3_dir_balanced,191.3155733336235
9,5,15,2,diurnal,batched,8,P3_dir_balanced,130.98753776326055
9,5,15,2,diurnal,batched,8,P3_dir_balanced,184.72495930653307
9,5,15,2,diurnal,batched,8,P3_dir_balanced,183.21523816394483
9,5,15,2,diurnal,batched,8,P3_dir_balanced,222.2942226644152
9,5,15,2,diurnal,batched,8,P3_dir_balanced,190.4708947041855
9,5,15,2,diurnal,batched,8,P3_dir_balanced,200.888497780681
9,5,15,2,diurnal,batched,8,P3_dir_balanced,244.4235425696321
9,5,15,2,diurnal,batched,8,P3_dir_balanced,184.08740337688835
9,5,15,2,diurnal,batched,8,P3_dir_balanced,270.3313166617784
9,5,15,2,diurnal,batched,8,P3_dir_balanced,262.7948529204171
9,5,15,2,diurnal,batched,8,P3_dir_balanced,185.81265500646745
9,5,15,2,diurnal,batched,8,P3_dir_balanced,214.74675421095782
9,5,15,2,diurnal,batched,8,P3_dir_balanced,216.89186811683987
9,5,15,2,diurnal,batched,8,P3_dir_balanced,190.23310792523225
9,5,15,2,diurnal,batched,8,P3_dir_balanced,198.89186811683987
9,5,15,2,diurnal,batched,8,P3_dir_balanced,190.4708947041855
9,5,15,2,diurnal,batched,8,P3_dir_balanced,243.3683293494202
9,5,15,2,diurnal,batched,8,P3_dir_balanced,251.08571595578206
9,5,15,2,diurnal,batched,8,P3_dir_balanced,221.95308395396302
9,5,15,2,diurnal,batched,8,P3_dir_balanced,168.34835972035913
9,5,15,2,diurnal,batched,8,P3_dir_balanced,186.9103596779898
9,5,15,2,diurnal,batched,8,P3_dir_balanced,254.66934778055264
9,5,15,2,diurnal,batched,8,P3_dir_balanced,213.00817588545289
9,5,15,2,diurnal,batched,8,P3_dir_balanced,212.51674382171532
9,5,15,2,diurnal,batched,8,P3_dir_balanced,188.16330291408337
9,5,15,2,diurnal,batched,8,P3_dir_balanced,215.7999910381796
9,5,15,2,diurnal,batched,8,P3_dir_balanced,206.01843188827812
9,5,15,2,diurnal,batched,8,P3_dir_balanced,204.7125009751765
9,5,15,2,diurnal,batched,8,P3_dir_balanced,269.98033416629187
9,5,15,2,diurnal,batched,8,P3_dir_balanced,139.32253573543596
9,5,15,2,diurnal,batched,8,P3_dir_balanced,165.10867301525673
9,5,15,2,diurnal,batched,8,P3_dir_balanced,219.3263119817952
9,5,15,2,diurnal,batched,8,P3_dir_balanced,176.1908394016761
9,5,15,2,diurnal,batched,8,P3_dir_balanced,243.04309192332715
9,5,15,2,diurnal,batched,8,P3_dir_balanced,260.4772717365537
9,5,15,2,diurnal,batched,8,P3_dir_balanced,271.1402532317562
9,5,15,2,diurnal,batched,8,P3_dir_balanced,180.83657316044972
9,5,15,2,diurnal,batched,8,P3_dir_balanced,191.36227748274433
9,5,15,2,diurnal,batched,8,P3_dir_balanced,220.65638133320277
9,5,15,2,diurnal,batched,8,P3_dir_balanced,209.34872331372162
9,5,15,2,diurnal,batched,8,P3_dir_balanced,161.17352331876808
9,5,15,2,diurnal,batched,8,P3_dir_balanced,224.74675421095782
9,5,15,2,diurnal,batched,8,P3_dir_balanced,201.99232703711542
9,5,15,2,diurnal,batched,8,P3_dir_balanced,178.86990246651746
9,5,15,2,diurnal,batched,8,P3_dir_balanced,255.09580125006687
9,5,15,2,diurnal,batched,8,P3_dir_balanced,221.76636278725692
9,5,15,2,diurnal,batched,8,P3_dir_balanced,151.84379983408806
9,5,15,2,diurnal,batched,8,P3_dir_balanced,205.64319487214527
9,5,15,2,diurnal,batched,8,P3_dir_balanced,185.81265500646745
9,5,15,2,diurnal,batched,8,P3_dir_balanced,188.94529747835765
9,5,15,2,diurnal,batched,8,P3_dir_balanced,169.16330291408337
9,5,15,2,diurnal,batched,8,P3_dir_balanced,215.40238989743762
9,5,15,2,diurnal,batched,8,P3_dir_balanced,206.37207394579858
9,5,15,2,diurnal,batched,8,P3_dir_balanced,199.72084590779141
9,5,15,2,diurnal,batched,8,P3_dir_balanced,206.64403217324084
9,5,15,2,diurnal,batched,8,P3_dir_balanced,187.66453454463704
9,5,15,2,diurnal,batched,8,P3_dir_balanced,170.42980919930176
9,5,15,2,diurnal,batched,8,P3_dir_balanced,191.3155733336235
9,5,15,2,diurnal,batched,8,P3_dir_balanced,193.69709248339018
9,5,15,2,diurnal,batched,8,P3_dir_balanced,149.34376262675124
9,5,15,2,diurnal,batched,8,P3_dir_balanced,206.23956581526852
9,5,15,2,diurnal,batched,8,P3_dir_balanced,240.17016857385372
9,5,15,2,diurnal,batched,8,P3_dir_balanced,223.94527591206227
9,5,15,2,diurnal,batched,8,P3_dir_balanced,253.11590130165686
9,5,15,2,diurnal,batched,8,P3_dir_balanced,246.73792519191133
9,5,15,2,diurnal,batched,8,P3_dir_balanced,202.95908356099588
9,5,15,2,diurnal,batched,8,P3_dir_balanced,291.2497620172369
9,5,15,2,diurnal,batched,8,P3_dir_balanced,224.74675421095782
9,5,15,2,diurnal,batched,8,P3_dir_balanced,175.79284063158832
9,5,15,2,diurnal,batched,8,P3_dir_balanced,193.79324785300759
9,5,15,2,diurnal,batched,8,P3_dir_balanced,153.23956581526852
9,5,15,2,diurnal,batched,8,P3_dir_balanced,216.86927448937988
9,5,15,2,diurnal,batched,8,P3_dir_balanced,165.13152372403448
9,5,15,2,diurnal,batched,8,P3_dir_balanced,240.7489363141721
9,5,15,2,diurnal,batched,8,P3_dir_balanced,255.53723339650807
9,5,15,2,diurnal,batched,8,P3_dir_balanced,209.05174092527068
9,5,15,2,diurnal,batched,8,P3_dir_balanced,259.05783416449265
9,5,15,2,diurnal,batched,8,P3_dir_balanced,310.7448475855483
9,5,15,2,diurnal,batched,8,P3_dir_balanced,229.8001607295263
9,5,15,2,diurnal,batched,8,P3_dir_balanced,245.2964635159927
9,5,15,2,diurnal,batched,8,P3_dir_balanced,255.40238989743762
9,5,15,2,diurnal,batched,8,P3_dir_balanced,158.50881568590447
9,5,15,2,diurnal,batched,8,P3_dir_balanced,200.52046434199596
9,5,15,2,diurnal,batched,8,P3_dir_balanced,270.3708520670881
9,5,15,2,diurnal,batched,8,P3_dir_balanced,220.65638133320277
9,5,15,2,diurnal,batched,8,P3_dir_balanced,213.81702768154685
9,5,15,2,diurnal,batched,8,P3_dir_balanced,174.8226855274707
9,5,15,2,diurnal,batched,8,P3_dir_balanced,243.01341642224196
9,5,15,2,diurnal,batched,8,P3_dir_balanced,201.57673680675725
9,5,15,2,diurnal,batched,8,P3_dir_balanced,158.50881568590447
9,5,15,2,diurnal,batched,8,P3_dir_balanced,188.08948861910596
9,5,15,2,diurnal,batched,8,P3_dir_balanced,158.06047864338362
9,5,15,2,diurnal,batched,8,P3_dir_balanced,222.58465818387276
9,5,15,2,diurnal,batched,8,P3_dir_balanced,182.65035635826348
9,5,15,2,diurnal,batched,8,P3_dir_balanced,223.69852583684604
9,5,15,2,diurnal,batched,8,P3_dir_balanced,223.7355929287775
9,5,15,2,diurnal,batched,8,P4_temporal,209.34872331372162
9,5,15,2,diurnal,batched,8,P4_temporal,183.98035377181742
9,5,15,2,diurnal,batched,8,P4_temporal,240.57673680675725
9,5,15,2,diurnal,batched,8,P4_temporal,206.64403217324084
9,5,15,2,diurnal,batched,8,P4_temporal,194.65144079321897
9,5,15,2,diurnal,batched,8,P4_temporal,205.17352331876808
9,5,15,2,diurnal,batched,8,P4_temporal,215.56708844148505
9,5,15,2,diurnal,batched,8,P4_temporal,181.08948861910596
9,5,15,2,diurnal,batched,8,P4_temporal,201.17456866169607
9,5,15,2,diurnal,batched,8,P4_temporal,221.6270679511915
9,5,15,2,diurnal,batched,8,P4_temporal,179.94074145572864
9,5,15,2,diurnal,batched,8,P4_temporal,186.68602098238637
9,5,15,2,diurnal,batched,8,P4_temporal,178.2224002106446
9,5,15,2,diurnal,batched,8,P4_temporal,207.51693155192794
9,5,15,2,diurnal,batched,8,P4_temporal,188.3898420101782
9,5,15,2,diurnal,batched,8,P4_temporal,179.94074145572864
9,5,15,2,diurnal,batched,8,P4_temporal,189.39732202121658
9,5,15,2,diurnal,batched,8,P4_temporal,216.07388307550576
9,5,15,2,diurnal,batched,8,P4_temporal,173.38399123733345
9,5,15,2,diurnal,batched,8,P4_temporal,233.69709248339018
9,5,15,2,diurnal,batched,8,P4_temporal,211.26602426347284
9,5,15,2,diurnal,batched,8,P4_temporal,159.40016396334983
9,5,15,2,diurnal,batched,8,P4_temporal,185.06622097383715
9,5,15,2,diurnal,batched,8,P4_temporal,201.09396470451074
9,5,15,2,diurnal,batched,8,P4_temporal,194.5951254420156
9,5,15,2,diurnal,batched,8,P4_temporal,179.08948861910596
9,5,15,2,diurnal,batched,8,P4_temporal,222.53213964094726
9,5,15,2,diurnal,batched,8,P4_temporal,212.94529747835765
9,5,15,2,diurnal,batched,8,P4_temporal,151.84379983408806
9,5,15,2,diurnal,batched,8,P4_temporal,183.10601218028182
9,5,15,2,diurnal,batched,8,P4_temporal,152.4708947041855
9,5,15,2,diurnal,batched,8,P4_temporal,255.6901901313317
9,5,15,2,diurnal,batched,8,P4_temporal,157.08538469532664
9,5,15,2,diurnal,batched,8,P4_temporal,240.0217217868138
9,5,15,2,diurnal,batched,8,P4_temporal,184.34770510698448
9,5,15,2,diurnal,batched,8,P4_temporal,236.41849045604607
9,5,15,2,diurnal,batched,8,P4_temporal,205.3263119817952
9,5,15,2,diurnal,batched,8,P4_temporal,203.3400372395921
9,5,15,2,diurnal,batched,8,P4_temporal,246.46908372957836
9,5,15,2,diurnal,batched,8,P4_temporal,189.46798616214812
9,5,15,2,diurnal,batched,8,P4_temporal,198.26152598633618
9,5,15,2,diurnal,batched,8,P4_temporal,185.3449799348632
9,5,15,2,diurnal,batched,8,P4_temporal,230.38360192424614
9,5,15,2,diurnal,batched,8,P4_temporal,221.86927448937988
9,5,15,2,diurnal,batched,8,P4_temporal,243.46798616214812
9,5,15,2,diurnal,batched,8,P4_temporal,170.77568785168208
9,5,15,2,diurnal,batched,8,P4_temporal,192.5143676119037
9,5,15,2,diurnal,batched,8,P4_temporal,163.37014385104652
9,5,15,2,diurnal,batched,8,P4_temporal,187.89186811683987
9,5,15,2,diurnal,batched,8,P4_temporal,236.98033416629187
9,5,15,2,diurnal,batched,8,P4_temporal,252.7448475855483
9,5,15,2,diurnal,batched,8,P4_temporal,207.4561003040674
9,5,15,2,diurnal,batched,8,P4_temporal,216.75025733278025
9,5,15,2,diurnal,batched,8,P4_temporal,249.35546660801157
9,5,15,2,diurnal,batched,8,P4_temporal,166.1834690934507
9,5,15,2,diurnal,batched,8,P4_temporal,184.83944123428606
9,5,15,2,diurnal,batched,8,P4_temporal,179.95012234386638
9,5,15,2,diurnal,batched,8,P4_temporal,199.64230819479332
9,5,15,2,diurnal,batched,8,P4_temporal,217.1660632862009
9,5,15,2,diurnal,batched,8,P4_temporal,159.57054224703717
9,5,15,2,diurnal,batched,8,P4_temporal,156.1834690934507
9,5,15,2,diurnal,batched,8,P4_temporal,189.10867301525673
9,5,15,2,diurnal,batched,8,P4_temporal,210.7183887963924
9,5,15,2,diurnal,batched,8,P4_temporal,185.5038640734044
9,5,15,2,diurnal,batched,8,P4_temporal,235.79030798246572
9,5,15,2,diurnal,batched,8,P4_temporal,215.8001607295263
9,5,15,2,diurnal,batched,8,P4_temporal,249.35546660801157
9,5,15,2,diurnal,batched,8,P4_temporal,236.64403217324084
9,5,15,2,diurnal,batched,8,P4_temporal,283.3263119817952
9,5,15,2,diurnal,batched,8,P4_temporal,177.46026703596692
9,5,15,2,diurnal,batched,8,P4_temporal,150.6676653776965
9,5,15,2,diurnal,batched,8,P4_temporal,220.91919759798375
9,5,15,2,diurnal,batched,8,P4_temporal,234.21712583696825
9,5,15,2,diurnal,batched,8,P4_temporal,183.48181950581096
9,5,15,2,diurnal,batched,8,P4_temporal,250.95341611669036
9,5,15,2,diurnal,batched,8,P4_temporal,247.81439656395682
9,5,15,2,diurnal,batched,8,P4_temporal,230.36493595490825
9,5,15,2,diurnal,batched,8,P4_temporal,194.65144079321897
9,5,15,2,diurnal,batched,8,P4_temporal,192.46798616214812
9,5,15,2,diurnal,batched,8,P4_temporal,250.34370576279406
9,5,15,2,diurnal,batched,8,P4_temporal,172.0217217868138
9,5,15,2,diurnal,batched,8,P4_temporal,169.3900171984971
9,5,15,2,diurnal,batched,8,P4_temporal,207.66685777646603
9,5,15,2,diurnal,batched,8,P4_temporal,198.79324785300759
9,5,15,2,diurnal,batched,8,P4_temporal,283.3263119817952
9,5,15,2,diurnal,batched,8,P4_temporal,150.82388249196492
9,5,15,2,diurnal,batched,8,P4_temporal,228.93096669030072
9,5,15,2,diurnal,batched,8,P4_temporal,215.34730050908746
9,5,15,2,diurnal,batched,8,P4_temporal,231.53121243315454
9,5,15,2,diurnal,batched,8,P4_temporal,246.08918338872763
9,5,15,2,diurnal,batched,8,P4_temporal,211.6901901313317
9,5,15,2,diurnal,batched,8,P4_temporal,236.61591941715483
9,5,15,2,diurnal,batched,8,P4_temporal,156.1834690934507
9,5,15,2,diurnal,batched,8,P4_temporal,217.33131666177837
9,5,15,2,diurnal,batched,8,P4_temporal,174.27544678074742
9,5,15,2,diurnal,batched,8,P4_temporal,167.46026703596692
9,5,15,2,diurnal,batched,8,P4_temporal,126.01630257782324
9,5,15,2,diurnal,batched,8,P4_temporal,233.80081866698904
9,5,15,2,diurnal,batched,8,P4_temporal,206.98548361049606
9,5,15,2,diurnal,batched,8,P4_temporal,246.2685430449292
9,5,15,2,diurnal,batched,8,P4_temporal,182.75013651438115
9,5,15,2,diurnal,batched,8,P4_temporal,201.26998488419545
9,5,15,2,diurnal,batched,8,P4_temporal,258.3638509361016
9,5,15,2,diurnal,batched,8,P4_temporal,246.7775908304677
9,5,15,2,diurnal,batched,8,P4_temporal,193.49506987729092
9,5,15,2,diurnal,batched,8,P4_temporal,233.69709248339018
9,5,15,2,diurnal,batched,8,P4_temporal,184.08472515379677
9,5,15,2,diurnal,batched,8,P4_temporal,203.6134493343248
9,5,15,2,diurnal,batched,8,P4_temporal,283.7903079824657
9,5,15,2,diurnal,batched,8,P4_temporal,183.50881568590447
9,5,15,2,diurnal,batched,8,P4_temporal,173.75025733278025
9,5,15,2,diurnal,batched,8,P4_temporal,193.49506987729092
9,5,15,2,diurnal,batched,8,P4_temporal,252.75947472986928
9,5,15,2,diurnal,batched,8,P4_temporal,208.10726111679355
9,5,15,2,diurnal,batched,8,P4_temporal,222.58465818387276
9,5,15,2,diurnal,batched,8,P4_temporal,167.46026703596692
9,5,15,2,diurnal,batched,8,P4_temporal,173.38360192424614
9,5,15,2,diurnal,batched,8,P4_temporal,222.95341611669036
9,5,15,2,diurnal,batched,8,P4_temporal,197.85135022339807
9,5,15,2,diurnal,batched,8,P4_temporal,199.7125009751765
9,5,15,2,diurnal,batched,8,P4_temporal,173.09843044128576
9,5,15,2,diurnal,batched,8,P4_temporal,287.800818666989
9,5,15,2,diurnal,batched,8,P4_temporal,222.58465818387276
9,5,15,2,diurnal,batched,8,P4_temporal,170.42980919930176
9,5,15,2,diurnal,batched,8,P4_temporal,189.01630257782324
9,5,15,2,diurnal,batched,8,P4_temporal,249.56422566242077
9,5,15,2,diurnal,batched,8,P4_temporal,192.4282475156594
9,5,15,2,diurnal,batched,8,P4_temporal,220.3334922593845
9,5,15,2,diurnal,batched,8,P4_temporal,185.2942226644152
9,5,15,2,diurnal,batched,8,P4_temporal,286.4852743723278
9,5,15,2,diurnal,batched,8,P4_temporal,160.63148796559918
9,5,15,2,diurnal,batched,8,P4_temporal,233.32617634953064
9,5,15,2,diurnal,batched,8,P4_temporal,231.27684395916216
9,5,15,2,diurnal,batched,8,P4_temporal,202.24498694090917
9,5,15,2,diurnal,batched,8,P4_temporal,146.32253573543596
9,5,15,2,diurnal,batched,8,P4_temporal,178.7355929287775
9,5,15,2,diurnal,batched,8,P4_temporal,198.33131666177837
9,5,15,2,diurnal,batched,8,P4_temporal,204.3263119817952
9,5,15,2,diurnal,batched,8,P4_temporal,183.98035377181742
9,5,15,2,diurnal,batched,8,P4_temporal,226.672322802143
9,5,15,2,diurnal,batched,8,P4_temporal,187.3400372395921
9,5,15,2,diurnal,batched,8,P4_temporal,217.6529230685385
9,5,15,2,diurnal,batched,8,P4_temporal,126.01630257782324
9,5,15,2,diurnal,batched,8,P4_temporal,220.91919759798375
9,5,15,2,diurnal,batched,8,P4_temporal,234.23310792523225
9,5,15,2,diurnal,batched,8,P4_temporal,217.78851413586426
9,5,15,2,diurnal,batched,8,P4_temporal,175.56708844148505
9,5,15,2,diurnal,batched,8,P4_temporal,225.42980919930176
9,5,15,2,diurnal,batched,8,P4_temporal,223.7125009751765
9,5,15,2,diurnal,batched,8,P4_temporal,99.94529747835765
9,5,15,2,diurnal,batched,8,P4_temporal,237.92087910798355
9,5,15,2,diurnal,batched,8,P4_temporal,246.7775908304677
9,5,15,2,diurnal,batched,8,P4_temporal,185.2942226644152
9,5,15,2,diurnal,batched,8,P4_temporal,234.21712583696825
9,5,15,2,diurnal,batched,8,P4_temporal,207.2651416726133
9,5,15,2,diurnal,batched,8,P4_temporal,214.3449799348632
9,5,15,2,diurnal,batched,8,P4_temporal,137.7749471443223
9,5,15,2,diurnal,batched,8,P4_temporal,201.37501432323313
9,5,15,2,diurnal,batched,8,P4_temporal,141.0803961277365
9,5,15,2,diurnal,batched,8,P4_temporal,260.0380557058759
9,5,15,2,diurnal,batched,8,P4_temporal,206.40910194391162
9,5,15,2,diurnal,batched,8,P4_temporal,259.0348433018983
9,5,15,2,diurnal,batched,8,P4_temporal,231.7448475855483
9,5,15,2,diurnal,batched,8,P4_temporal,167.76680750282105
9,5,15,2,diurnal,batched,8,P4_temporal,207.2651416726133
9,5,15,2,diurnal,batched,8,P4_temporal,183.53121243315454
9,5,15,2,diurnal,batched,8,P4_temporal,173.70304245317158
9,5,15,2,diurnal,batched,8,P4_temporal,267.73559292877746
9,5,15,2,diurnal,batched,8,P4_temporal,234.75745938531162
9,5,15,2,diurnal,batched,8,P4_temporal,173.38360192424614
9,5,15,2,diurnal,batched,8,P4_temporal,223.71092517002927
9,5,15,2,diurnal,batched,8,P4_temporal,189.39732202121658
9,5,15,2,diurnal,batched,8,P4_temporal,214.26640299097926
9,5,15,2,diurnal,batched,8,P4_temporal,216.4053556306178
9,5,15,2,diurnal,batched,8,P4_temporal,207.97216028140878
9,5,15,2,diurnal,batched,8,P4_temporal,241.4282475156594
9,5,15,2,diurnal,batched,8,P4_temporal,236.64403217324084
9,5,15,2,diurnal,batched,8,P4_temporal,188.91898633587743
9,5,15,2,diurnal,batched,8,P4_temporal,231.53121243315454
9,5,15,2,diurnal,batched,8,P4_temporal,176.11967885160408
9,5,15,2,diurnal,batched,8,P4_temporal,202.28491607994192
9,5,15,2,diurnal,batched,8,P4_temporal,181.03805570587585
9,5,15,2,diurnal,batched,8,P4_temporal,290.0222603692316
9,5,15,2,diurnal,batched,8,P4_temporal,283.3263119817952
9,5,15,2,diurnal,batched,8,P4_temporal,226.672322802143
9,5,15,2,diurnal,batched,8,P4_temporal,193.68678788880692
9,5,15,2,diurnal,batched,8,P4_temporal,198.76506341219516
9,5,15,2,diurnal,batched,8,P4_temporal,189.8980710805301
9,5,15,2,diurnal,batched,8,P4_temporal,252.61105026596863
9,5,15,2,diurnal,batched,8,P4_temporal,240.91940765234037
9,5,15,2,diurnal,batched,8,P4_temporal,219.1156393566826
9,5,15,2,diurnal,batched,8,P4_temporal,257.4679861621481
9,5,15,2,diurnal,batched,8,P4_temporal,250.51335270231908
9,5,15,2,diurnal,batched,8,P4_temporal,221.3231844339901
9,5,15,2,diurnal,batched,8,P4_temporal,160.63148796559918
9,5,15,2,diurnal,batched,8,P4_temporal,216.89186811683987
9,5,15,2,diurnal,batched,8,P4_temporal,257.56422566242077
9,5,15,2,diurnal,batched,8,P4_temporal,254.58037438871702
9,5,15,2,diurnal,batched,8,P4_temporal,209.05174092527068
9,5,15,2,diurnal,batched,8,P4_temporal,181.08948861910596
9,5,15,2,diurnal,batched,8,P5_phi,210.3276691245801
9,5,15,2,diurnal,batched,8,P5_phi,120.32245436405961
9,5,15,2,diurnal,batched,8,P5_phi,220.36227748274433
9,5,15,2,diurnal,batched,8,P5_phi,136.06622097383715
9,5,15,2,diurnal,batched,8,P5_phi,239.65951231315327
9,5,15,2,diurnal,batched,8,P5_phi,133.45073726911372
9,5,15,2,diurnal,batched,8,P5_phi,234.75745938531162
9,5,15,2,diurnal,batched,8,P5_phi,136.06622097383715
9,5,15,2,diurnal,batched,8,P5_phi,287.9405514389359
9,5,15,2,diurnal,batched,8,P5_phi,190.76506341219516
9,5,15,2,diurnal,batched,8,P5_phi,238.86990246651746
9,5,15,2,diurnal,batched,8,P5_phi,182.8784507670962
9,5,15,2,diurnal,batched,8,P5_phi,295.9534161166904
9,5,15,2,diurnal,batched,8,P5_phi,168.19246172769365
9,5,15,2,diurnal,batched,8,P5_phi,210.3276691245801
9,5,15,2,diurnal,batched,8,P5_phi,176.51029652200015
9,5,15,2,diurnal,batched,8,P5_phi,237.02217763592216
9,5,15,2,diurnal,batched,8,P5_phi,213.48181950581096
9,5,15,2,diurnal,batched,8,P5_phi,211.46026703596692
9,5,15,2,diurnal,batched,8,P5_phi,198.80565355902485
9,5,15,2,diurnal,batched,8,P5_phi,187.93048826595214
9,5,15,2,diurnal,batched,8,P5_phi,176.7489363141721
9,5,15,2,diurnal,batched,8,P5_phi,245.98171418200096
9,5,15,2,diurnal,batched,8,P5_phi,187.09843044128576
9,5,15,2,diurnal,batched,8,P5_phi,183.30510623390018
9,5,15,2,diurnal,batched,8,P5_phi,318.466709660636
9,5,15,2,diurnal,batched,8,P5_phi,315.2497620172369
9,5,15,2,diurnal,batched,8,P5_phi,187.09843044128576
9,5,15,2,diurnal,batched,8,P5_phi,254.81493207422983
9,5,15,2,diurnal,batched,8,P5_phi,183.03260095491208
9,5,15,2,diurnal,batched,8,P5_phi,145.87356120404968
9,5,15,2,diurnal,batched,8,P5_phi,158.4561003040674
9,5,15,2,diurnal,batched,8,P5_phi,188.4390189188579
9,5,15,2,diurnal,batched,8,P5_phi,210.3276691245801
9,5,15,2,diurnal,batched,8,P5_phi,172.10003994714518
9,5,15,2,diurnal,batched,8,P5_phi,186.15459903797887
9,5,15,2,diurnal,batched,8,P5_phi,175.73308361371247
9,5,15,2,diurnal,batched,8,P5_phi,195.32721905053094
9,5,15,2,diurnal,batched,8,P5_phi,183.87516384608773
9,5,15,2,diurnal,batched,8,P5_phi,136.75947472986928
9,5,15,2,diurnal,batched,8,P5_phi,176.83703811967837
9,5,15,2,diurnal,batched,8,P5_phi,136.73308361371247
9,5,15,2,diurnal,batched,8,P5_phi,186.15459903797887
9,5,15,2,diurnal,batched,8,P5_phi,219.16484323049158
9,5,15,2,diurnal,batched,8,P5_phi,139.12789045085694
9,5,15,2,diurnal,batched,8,P5_phi,154.83523342915697
9,5,15,2,diurnal,batched,8,P5_phi,122.75800732328003
9,5,15,2,diurnal,batched,8,P5_phi,203.3400372395921
9,5,15,2,diurnal,batched,8,P5_phi,146.56087480396639
9,5,15,2,diurnal,batched,8,P5_phi,172.08538469532664
9,5,15,2,diurnal,batched,8,P5_phi,223.01518416696746
9,5,15,2,diurnal,batched,8,P5_phi,204.10867301525673
9,5,15,2,diurnal,batched,8,P5_phi,180.73139356392667
9,5,15,2,diurnal,batched,8,P5_phi,180.85918632741465
9,5,15,2,diurnal,batched,8,P5_phi,191.73676516974484
9,5,15,2,diurnal,batched,8,P5_phi,178.68678788880692
9,5,15,2,diurnal,batched,8,P5_phi,156.889559001302
9,5,15,2,diurnal,batched,8,P5_phi,225.36691242555077
9,5,15,2,diurnal,batched,8,P5_phi,156.90263037355396
9,5,15,2,diurnal,batched,8,P5_phi,186.15459903797887
9,5,15,2,diurnal,batched,8,P5_phi,209.32617634953064
9,5,15,2,diurnal,batched,8,P5_phi,157.56087480396639
9,5,15,2,diurnal,batched,8,P5_phi,204.10867301525673
9,5,15,2,diurnal,batched,8,P5_phi,193.49506987729092
9,5,15,2,diurnal,batched,8,P5_phi,193.49506987729092
9,5,15,2,diurnal,batched,8,P5_phi,209.32617634953064
9,5,15,2,diurnal,batched,8,P5_phi,161.55363994294683
9,5,15,2,diurnal,batched,8,P5_phi,239.65951231315327
9,5,15,2,diurnal,batched,8,P5_phi,159.69709248339018
9,5,15,2,diurnal,batched,8,P5_phi,172.08538469532664
9,5,15,2,diurnal,batched,8,P5_phi,275.4593926086308
9,5,15,2,diurnal,batched,8,P5_phi,168.95908356099588
9,5,15,2,diurnal,batched,8,P5_phi,201.64367142720798
9,5,15,2,diurnal,batched,8,P5_phi,195.32721905053094
9,5,15,2,diurnal,batched,8,P5_phi,248.26640299097926
9,5,15,2,diurnal,batched,8,P5_phi,220.84197669055476
9,5,15,2,diurnal,batched,8,P5_phi,193.81702768154685
9,5,15,2,diurnal,batched,8,P5_phi,139.12789045085694
9,5,15,2,diurnal,batched,8,P5_phi,217.1215766097558
9,5,15,2,diurnal,batched,8,P5_phi,177.76636278725692
9,5,15,2,diurnal,batched,8,P5_phi,245.46123205070415
9,5,15,2,diurnal,batched,8,P5_phi,199.54872168962726
9,5,15,2,diurnal,batched,8,P5_phi,183.35436679814205
9,5,15,2,diurnal,batched,8,P5_phi,183.32383049788712
9,5,15,2,diurnal,batched,8,P5_phi,226.96182957668853
9,5,15,2,diurnal,batched,8,P5_phi,263.6867878888069
9,5,15,2,diurnal,batched,8,P5_phi,215.5951254420156
9,5,15,2,diurnal,batched,8,P5_phi,215.49369542254993
9,5,15,2,diurnal,batched,8,P5_phi,277.7948529204171
9,5,15,2,diurnal,batched,8,P5_phi,275.4593926086308
9,5,15,2,diurnal,batched,8,P5_phi,213.72885273965207
9,5,15,2,diurnal,batched,8,P5_phi,122.75800732328003
9,5,15,2,diurnal,batched,8,P5_phi,125.7653474096385
9,5,15,2,diurnal,batched,8,P5_phi,171.29281448573627
9,5,15,2,diurnal,batched,8,P5_phi,213.78467063703744
9,5,15,2,diurnal,batched,8,P5_phi,136.06622097383715
9,5,15,2,diurnal,batched,8,P5_phi,194.5951254420156
9,5,15,2,diurnal,batched,8,P5_phi,172.08538469532664
9,5,15,2,diurnal,batched,8,P5_phi,187.09843044128576
9,5,15,2,diurnal,batched,8,P5_phi,189.97698760214317
9,5,15,2,diurnal,batched,8,P5_phi,286.9692773511396
9,5,15,2,diurnal,batched,8,P5_phi,234.75745938531162
9,5,15,2,diurnal,batched,8,P5_phi,223.01518416696746
9,5,15,2,diurnal,batched,8,P5_phi,242.82948375993413
9,5,15,2,diurnal,batched,8,P5_phi,214.21971884729402
9,5,15,2,diurnal,batched,8,P5_phi,288.3276691245801
9,5,15,2,diurnal,batched,8,P5_phi,212.09396470451074
9,5,15,2,diurnal,batched,8,P5_phi,203.10726111679355
9,5,15,2,diurnal,batched,8,P5_phi,183.03260095491208
9,5,15,2,diurnal,batched,8,P5_phi,139.34730050908746
9,5,15,2,diurnal,batched,8,P5_phi,163.38399123733345
9,5,15,2,diurnal,batched,8,P5_phi,177.76636278725692
9,5,15,2,diurnal,batched,8,P5_phi,191.73676516974484
9,5,15,2,diurnal,batched,8,P5_phi,120.32245436405961
9,5,15,2,diurnal,batched,8,P5_phi,251.02217763592216
9,5,15,2,diurnal,batched,8,P5_phi,148.16580664447415
9,5,15,2,diurnal,batched,8,P5_phi,187.93048826595214
9,5,15,2,diurnal,batched,8,P5_phi,147.7155475872065
9,5,15,2,diurnal,batched,8,P5_phi,220.93112187840057
9,5,15,2,diurnal,batched,8,P5_phi,152.64319487214527
9,5,15,2,diurnal,batched,8,P5_phi,204.10867301525673
9,5,15,2,diurnal,batched,8,P5_phi,205.78567733742707
9,5,15,2,diurnal,batched,8,P5_phi,140.27544678074742
9,5,15,2,diurnal,batched,8,P5_phi,130.259968147026
9,5,15,2,diurnal,batched,8,P5_phi,213.9916843729875
9,5,15,2,diurnal,batched,8,P5_phi,214.1382064726272
9,5,15,2,diurnal,batched,8,P5_phi,288.3276691245801
9,5,15,2,diurnal,batched,8,P5_phi,182.09388128145923
9,5,15,2,diurnal,batched,8,P5_phi,239.63391531744116
9,5,15,2,diurnal,batched,8,P5_phi,208.06622097383715
9,5,15,2,diurnal,batched,8,P5_phi,225.94326430105474
9,5,15,2,diurnal,batched,8,P5_phi,154.66685777646603
9,5,15,2,diurnal,batched,8,P5_phi,233.6453131447775
9,5,15,2,diurnal,batched,8,P5_phi,203.3400372395921
9,5,15,2,diurnal,batched,8,P5_phi,134.09843044128576
9,5,15,2,diurnal,batched,8,P5_phi,194.3674588445285
9,5,15,2,diurnal,batched,8,P5_phi,136.73308361371247
9,5,15,2,diurnal,batched,8,P5_phi,247.6134493343248
9,5,15,2,diurnal,batched,8,P5_phi,172.08538469532664
9,5,15,2,diurnal,batched,8,P5_phi,161.55363994294683
9,5,15,2,diurnal,batched,8,P5_phi,181.30065948718828
9,5,15,2,diurnal,batched,8,P5_phi,194.3674588445285
9,5,15,2,diurnal,batched,8,P5_phi,163.37014385104652
9,5,15,2,diurnal,batched,8,P5_phi,136.73308361371247
9,5,15,2,diurnal,batched,8,P5_phi,215.36227748274433
9,5,15,2,diurnal,batched,8,P5_phi,233.4589488575175
9,5,15,2,diurnal,batched,8,P5_phi,203.37949752764072
9,5,15,2,diurnal,batched,8,P5_phi,315.2497620172369
9,5,15,2,diurnal,batched,8,P5_phi,210.3336202173432
9,5,15,2,diurnal,batched,8,P5_phi,176.51029652200015
9,5,15,2,diurnal,batched,8,P5_phi,315.2497620172369
9,5,15,2,diurnal,batched,8,P5_phi,241.94892422501684
9,5,15,2,diurnal,batched,8,P5_phi,134.09843044128576
9,5,15,2,diurnal,batched,8,P5_phi,99.94529747835765
9,5,15,2,diurnal,batched,8,P5_phi,144.95908356099588
9,5,15,2,diurnal,batched,8,P5_phi,204.6134493343248
9,5,15,2,diurnal,batched,8,P5_phi,191.6528335258365
9,5,15,2,diurnal,batched,8,P5_phi,201.31337633148712
9,5,15,2,diurnal,batched,8,P5_phi,201.64367142720798
9,5,15,2,diurnal,batched,8,P5_phi,170.46553822673172
9,5,15,2,diurnal,batched,8,P5_phi,141.4934207926574
9,5,15,2,diurnal,batched,8,P5_phi,180.85918632741465
9,5,15,2,diurnal,batched,8,P5_phi,193.6728112257551
9,5,15,2,diurnal,batched,8,P5_phi,245.46123205070415
9,5,15,2,diurnal,batched,8,P5_phi,183.01630257782324
9,5,15,2,diurnal,batched,8,P5_phi,219.4934207926574
9,5,15,2,diurnal,batched,8,P5_phi,177.46026703596692
9,5,15,2,diurnal,batched,8,P5_phi,184.06622097383715
9,5,15,2,diurnal,batched,8,P5_phi,200.54162091578308
9,5,15,2,diurnal,batched,8,P5_phi,228.77781956570234
9,5,15,2,diurnal,batched,8,P5_phi,145.35546660801157
9,5,15,2,diurnal,batched,8,P5_phi,136.19259597828474
9,5,15,2,diurnal,batched,8,P5_phi,256.6529230685385
9,5,15,2,diurnal,batched,8,P5_phi,183.87516384608773
9,5,15,2,diurnal,batched,8,P5_phi,145.87356120404968
9,5,15,2,diurnal,batched,8,P5_phi,263.6867878888069
9,5,15,2,diurnal,batched,8,P5_phi,238.86990246651746
9,5,15,2,diurnal,batched,8,P5_phi,315.2497620172369
9,5,15,2,diurnal,batched,8,P5_phi,217.1215766097558
9,5,15,2,diurnal,batched,8,P5_phi,179.2497620172369
9,5,15,2,diurnal,batched,8,P5_phi,189.3773266759555
9,5,15,2,diurnal,batched,8,P5_phi,147.7155475872065
9,5,15,2,diurnal,batched,8,P5_phi,216.4643285290609
9,5,15,2,diurnal,batched,8,P5_phi,154.30905066147574
9,5,15,2,diurnal,batched,8,P5_phi,161.61155063318247
9,5,15,2,diurnal,batched,8,P5_phi,223.01518416696746
9,5,15,2,diurnal,batched,8,P5_phi,146.39878336857282
9,5,15,2,diurnal,batched,8,P5_phi,202.95940817896897
9,5,15,2,diurnal,batched,8,P5_phi,151.4934207926574
9,5,15,2,diurnal,batched,8,P5_phi,287.9405514389359
9,5,15,2,diurnal,batched,8,P5_phi,212.09396470451074
9,5,15,2,diurnal,batched,8,P5_phi,239.63391531744116
9,5,15,2,diurnal,batched,8,P5_phi,145.87356120404968
9,5,15,2,diurnal,batched,8,P5_phi,212.3898420101782
9,5,15,2,diurnal,batched,8,P5_phi,199.69852583684604
9,5,15,2,diurnal,batched,8,P5_phi,169.2192667118594
9,5,15,2,diurnal,batched,8,P5_phi,183.98035377181742
9,5,15,2,diurnal,batched,8,P5_phi,122.75800732328003
9,5,15,2,diurnal,batched,8,P5_phi,163.27684395916216
9,5,15,2,diurnal,batched,8,P5_phi,151.4934207926574
9,5,15,2,diurnal,batched,8,P6_spo_tree,188.59639091816823
9,5,15,2,diurnal,batched,8,P6_spo_tree,209.3683293494202
9,5,15,2,diurnal,batched,8,P6_spo_tree,211.46026703596692
9,5,15,2,diurnal,batched,8,P6_spo_tree,247.130399209395
9,5,15,2,diurnal,batched,8,P6_spo_tree,250.34370576279406
9,5,15,2,diurnal,batched,8,P6_spo_tree,199.64230819479332
9,5,15,2,diurnal,batched,8,P6_spo_tree,259.05783416449265
9,5,15,2,diurnal,batched,8,P6_spo_tree,249.02226036923162
9,5,15,2,diurnal,batched,8,P6_spo_tree,203.55803138138845
9,5,15,2,diurnal,batched,8,P6_spo_tree,176.91373712365655
9,5,15,2,diurnal,batched,8,P6_spo_tree,178.1031674614255
9,5,15,2,diurnal,batched,8,P6_spo_tree,235.95664030379177
9,5,15,2,diurnal,batched,8,P6_spo_tree,194.5951254420156
9,5,15,2,diurnal,batched,8,P6_spo_tree,237.41699658661616
9,5,15,2,diurnal,batched,8,P6_spo_tree,238.03260095491208
9,5,15,2,diurnal,batched,8,P6_spo_tree,165.97216028140878
9,5,15,2,diurnal,batched,8,P6_spo_tree,245.130399209395
9,5,15,2,diurnal,batched,8,P6_spo_tree,290.0222603692316
9,5,15,2,diurnal,batched,8,P6_spo_tree,163.38360192424614
9,5,15,2,diurnal,batched,8,P6_spo_tree,213.51481111147766
9,5,15,2,diurnal,batched,8,P6_spo_tree,199.5428231865003
9,5,15,2,diurnal,batched,8,P6_spo_tree,165.10867301525673
9,5,15,2,diurnal,batched,8,P6_spo_tree,276.81439656395685
9,5,15,2,diurnal,batched,8,P6_spo_tree,200.10003994714518
9,5,15,2,diurnal,batched,8,P6_spo_tree,150.6676653776965
9,5,15,2,diurnal,batched,8,P6_spo_tree,196.38268449725632
9,5,15,2,diurnal,batched,8,P6_spo_tree,234.11871432706047
9,5,15,2,diurnal,batched,8,P6_spo_tree,138.71601936895317
9,5,15,2,diurnal,batched,8,P6_spo_tree,201.64367142720798
9,5,15,2,diurnal,batched,8,P6_spo_tree,168.33131666177837
9,5,15,2,diurnal,batched,8,P6_spo_tree,206.35322947493262
9,5,15,2,diurnal,batched,8,P6_spo_tree,126.19259597828474
9,5,15,2,diurnal,batched,8,P6_spo_tree,219.1156393566826
9,5,15,2,diurnal,batched,8,P6_spo_tree,217.37207394579858
9,5,15,2,diurnal,batched,8,P6_spo_tree,268.49369542254993
9,5,15,2,diurnal,batched,8,P6_spo_tree,247.37207394579858
9,5,15,2,diurnal,batched,8,P6_spo_tree,162.19246172769365
9,5,15,2,diurnal,batched,8,P6_spo_tree,225.39076485152785
9,5,15,2,diurnal,batched,8,P6_spo_tree,157.26985588404096
9,5,15,2,diurnal,batched,8,P6_spo_tree,192.47658071765477
9,5,15,2,diurnal,batched,8,P6_spo_tree,228.3489544787995
9,5,15,2,diurnal,batched,8,P6_spo_tree,219.72084590779141
9,5,15,2,diurnal,batched,8,P6_spo_tree,202.35546660801157
9,5,15,2,diurnal,batched,8,P6_spo_tree,237.19686146528818
9,5,15,2,diurnal,batched,8,P6_spo_tree,263.7467542109578
9,5,15,2,diurnal,batched,8,P6_spo_tree,241.71730320934856
9,5,15,2,diurnal,batched,8,P6_spo_tree,206.2651970892049
9,5,15,2,diurnal,batched,8,P6_spo_tree,182.83523342915697
9,5,15,2,diurnal,batched,8,P6_spo_tree,181.03805570587585
9,5,15,2,diurnal,batched,8,P6_spo_tree,193.68678788880692
9,5,15,2,diurnal,batched,8,P6_spo_tree,232.202735838401
9,5,15,2,diurnal,batched,8,P6_spo_tree,233.6453131447775
9,5,15,2,diurnal,batched,8,P6_spo_tree,160.65638133320277
9,5,15,2,diurnal,batched,8,P6_spo_tree,217.9916843729875
9,5,15,2,diurnal,batched,8,P6_spo_tree,282.7916532721334
9,5,15,2,diurnal,batched,8,P6_spo_tree,280.7775908304677
9,5,15,2,diurnal,batched,8,P6_spo_tree,180.9916843729875
9,5,15,2,diurnal,batched,8,P6_spo_tree,219.91163437598937
9,5,15,2,diurnal,batched,8,P6_spo_tree,223.39732202121658
9,5,15,2,diurnal,batched,8,P6_spo_tree,147.53720046008465
9,5,15,2,diurnal,batched,8,P6_spo_tree,266.53213964094726
9,5,15,2,diurnal,batched,8,P6_spo_tree,207.4837022591156
9,5,15,2,diurnal,batched,8,P6_spo_tree,245.2964635159927
9,5,15,2,diurnal,batched,8,P6_spo_tree,222.4837022591156
9,5,15,2,diurnal,batched,8,P6_spo_tree,199.4852743723278
9,5,15,2,diurnal,batched,8,P6_spo_tree,277.7948529204171
9,5,15,2,diurnal,batched,8,P6_spo_tree,251.20652639072864
9,5,15,2,diurnal,batched,8,P6_spo_tree,238.61155063318247
9,5,15,2,diurnal,batched,8,P6_spo_tree,221.672322802143
9,5,15,2,diurnal,batched,8,P6_spo_tree,198.64018696173434
9,5,15,2,diurnal,batched,8,P6_spo_tree,254.58037438871702
9,5,15,2,diurnal,batched,8,P6_spo_tree,217.10726111679355
9,5,15,2,diurnal,batched,8,P6_spo_tree,259.9103596779898
9,5,15,2,diurnal,batched,8,P6_spo_tree,179.41850844671322
9,5,15,2,diurnal,batched,8,P6_spo_tree,205.78567733742707
9,5,15,2,diurnal,batched,8,P6_spo_tree,171.75025733278025
9,5,15,2,diurnal,batched,8,P6_spo_tree,183.48181950581096
9,5,15,2,diurnal,batched,8,P6_spo_tree,249.64367142720798
9,5,15,2,diurnal,batched,8,P6_spo_tree,125.7653474096385
9,5,15,2,diurnal,batched,8,P6_spo_tree,277.7948529204171
9,5,15,2,diurnal,batched,8,P6_spo_tree,202.6525225894629
9,5,15,2,diurnal,batched,8,P6_spo_tree,221.55746001416574
9,5,15,2,diurnal,batched,8,P6_spo_tree,213.9916843729875
9,5,15,2,diurnal,batched,8,P6_spo_tree,183.53223265876022
9,5,15,2,diurnal,batched,8,P6_spo_tree,207.02217763592216
9,5,15,2,diurnal,batched,8,P6_spo_tree,233.97090937810032
9,5,15,2,diurnal,batched,8,P6_spo_tree,283.3263119817952
9,5,15,2,diurnal,batched,8,P6_spo_tree,218.12678968666862
9,5,15,2,diurnal,batched,8,P6_spo_tree,191.7999910381796
9,5,15,2,diurnal,batched,8,P6_spo_tree,159.56194302611777
9,5,15,2,diurnal,batched,8,P6_spo_tree,244.99232703711542
9,5,15,2,diurnal,batched,8,P6_spo_tree,213.02532257047827
9,5,15,2,diurnal,batched,8,P6_spo_tree,188.94529747835765
9,5,15,2,diurnal,batched,8,P6_spo_tree,247.23770502076425
9,5,15,2,diurnal,batched,8,P6_spo_tree,250.68602098238637
9,5,15,2,diurnal,batched,8,P6_spo_tree,172.2192667118594
9,5,15,2,diurnal,batched,8,P6_spo_tree,136.19259597828474
9,5,15,2,diurnal,batched,8,P6_spo_tree,158.88558431584426
9,5,15,2,diurnal,batched,8,P6_spo_tree,232.81702768154685
9,5,15,2,diurnal,batched,8,P6_spo_tree,163.2651970892049
9,5,15,2,diurnal,batched,8,P6_spo_tree,224.7183887963924
9,5,15,2,diurnal,batched,8,P6_spo_tree,176.87464534537605
9,5,15,2,diurnal,batched,8,P6_spo_tree,219.15788918121126
9,5,15,2,diurnal,batched,8,P6_spo_tree,231.20652639072864
9,5,15,2,diurnal,batched,8,P6_spo_tree,262.16484323049156
9,5,15,2,diurnal,batched,8,P6_spo_tree,171.672322802143
9,5,15,2,diurnal,batched,8,P6_spo_tree,201.99232703711542
9,5,15,2,diurnal,batched,8,P6_spo_tree,213.72885273965207
9,5,15,2,diurnal,batched,8,P6_spo_tree,245.75094425445428
9,5,15,2,diurnal,batched,8,P6_spo_tree,250.95341611669036
9,5,15,2,diurnal,batched,8,P6_spo_tree,170.6134493343248
9,5,15,2,diurnal,batched,8,P6_spo_tree,200.4567941048627
9,5,15,2,diurnal,batched,8,P6_spo_tree,184.32253573543596
9,5,15,2,diurnal,batched,8,P6_spo_tree,196.3619639498604
9,5,15,2,diurnal,batched,8,P6_spo_tree,204.78567733742707
9,5,15,2,diurnal,batched,8,P6_spo_tree,196.8216155668024
9,5,15,2,diurnal,batched,8,P6_spo_tree,182.53223265876022
9,5,15,2,diurnal,batched,8,P6_spo_tree,195.29281448573627
9,5,15,2,diurnal,batched,8,P6_spo_tree,184.08472515379677
9,5,15,2,diurnal,batched,8,P6_spo_tree,152.55115292309964
9,5,15,2,diurnal,batched,8,P6_spo_tree,240.17016857385372
9,5,15,2,diurnal,batched,8,P6_spo_tree,283.3263119817952
9,5,15,2,diurnal,batched,8,P6_spo_tree,155.36493595490825
9,5,15,2,diurnal,batched,8,P6_spo_tree,203.95012234386638
9,5,15,2,diurnal,batched,8,P6_spo_tree,182.34370576279406
9,5,15,2,diurnal,batched,8,P6_spo_tree,285.48181950581096
9,5,15,2,diurnal,batched,8,P6_spo_tree,168.66908954894484
9,5,15,2,diurnal,batched,8,P6_spo_tree,244.61155063318247
9,5,15,2,diurnal,batched,8,P6_spo_tree,214.0822952576403
9,5,15,2,diurnal,batched,8,P6_spo_tree,218.37207394579858
9,5,15,2,diurnal,batched,8,P6_spo_tree,210.3276691245801
9,5,15,2,diurnal,batched,8,P6_spo_tree,232.0811280566988
9,5,15,2,diurnal,batched,8,P6_spo_tree,218.73308361371247
9,5,15,2,diurnal,batched,8,P6_spo_tree,163.39914409252313
9,5,15,2,diurnal,batched,8,P6_spo_tree,141.87638991524045
9,5,15,2,diurnal,batched,8,P6_spo_tree,272.2803821529925
9,5,15,2,diurnal,batched,8,P6_spo_tree,188.17480823168992
9,5,15,2,diurnal,batched,8,P6_spo_tree,224.64403217324084
9,5,15,2,diurnal,batched,8,P6_spo_tree,161.61155063318247
9,5,15,2,diurnal,batched,8,P6_spo_tree,172.08538469532664
9,5,15,2,diurnal,batched,8,P6_spo_tree,227.4561003040674
9,5,15,2,diurnal,batched,8,P6_spo_tree,188.4390189188579
9,5,15,2,diurnal,batched,8,P6_spo_tree,241.13579280599765
9,5,15,2,diurnal,batched,8,P6_spo_tree,257.12106304809396
9,5,15,2,diurnal,batched,8,P6_spo_tree,191.47658071765477
9,5,15,2,diurnal,batched,8,P6_spo_tree,221.3334922593845
9,5,15,2,diurnal,batched,8,P6_spo_tree,207.4837022591156
9,5,15,2,diurnal,batched,8,P6_spo_tree,203.7355929287775
9,5,15,2,diurnal,batched,8,P6_spo_tree,168.34835972035913
9,5,15,2,diurnal,batched,8,P6_spo_tree,152.4708947041855
9,5,15,2,diurnal,batched,8,P6_spo_tree,237.23691915466395
9,5,15,2,diurnal,batched,8,P6_spo_tree,137.7749471443223
9,5,15,2,diurnal,batched,8,P6_spo_tree,206.59639091816823
9,5,15,2,diurnal,batched,8,P6_spo_tree,218.37207394579858
9,5,15,2,diurnal,batched,8,P6_spo_tree,225.7155475872065
9,5,15,2,diurnal,batched,8,P6_spo_tree,139.87373287999122
9,5,15,2,diurnal,batched,8,P6_spo_tree,213.94527591206227
9,5,15,2,diurnal,batched,8,P6_spo_tree,209.26602426347284
9,5,15,2,diurnal,batched,8,P6_spo_tree,217.17016857385372
9,5,15,2,diurnal,batched,8,P6_spo_tree,302.20352212267835
9,5,15,2,diurnal,batched,8,P6_spo_tree,231.27684395916216
9,5,15,2,diurnal,batched,8,P6_spo_tree,198.82948375993413
9,5,15,2,diurnal,batched,8,P6_spo_tree,180.0811280566988
9,5,15,2,diurnal,batched,8,P6_spo_tree,258.12678968666864
9,5,15,2,diurnal,batched,8,P6_spo_tree,179.21523816394483
9,5,15,2,diurnal,batched,8,P6_spo_tree,238.6134493343248
9,5,15,2,diurnal,batched,8,P6_spo_tree,239.78567733742707
9,5,15,2,diurnal,batched,8,P6_spo_tree,161.89939585294434
9,5,15,2,diurnal,batched,8,P6_spo_tree,228.98753776326055
9,5,15,2,diurnal,batched,8,P6_spo_tree,208.41849045604607
9,5,15,2,diurnal,batched,8,P6_spo_tree,235.5095658399486
9,5,15,2,diurnal,batched,8,P6_spo_tree,250.68602098238637
9,5,15,2,diurnal,batched,8,P6_spo_tree,182.4871766376774
9,5,15,2,diurnal,batched,8,P6_spo_tree,232.75013651438115
9,5,15,2,diurnal,batched,8,P6_spo_tree,149.50111291324635
9,5,15,2,diurnal,batched,8,P6_spo_tree,122.05783416449263
9,5,15,2,diurnal,batched,8,P6_spo_tree,271.953083953963
9,5,15,2,diurnal,batched,8,P6_spo_tree,206.33922578582215
9,5,15,2,diurnal,batched,8,P6_spo_tree,169.8351668932526
9,5,15,2,diurnal,batched,8,P6_spo_tree,215.7999910381796
9,5,15,2,diurnal,batched,8,P6_spo_tree,199.5484271507208
9,5,15,2,diurnal,batched,8,P6_spo_tree,244.26657324514218
9,5,15,2,diurnal,batched,8,P6_spo_tree,163.87464534537605
9,5,15,2,diurnal,batched,8,P6_spo_tree,242.95308395396302
9,5,15,2,diurnal,batched,8,P6_spo_tree,160.65638133320277
9,5,15,2,diurnal,batched,8,P6_spo_tree,238.70304245317158
9,5,15,2,diurnal,batched,8,P6_spo_tree,226.09580125006687
9,5,15,2,diurnal,batched,8,P6_spo_tree,103.83280196704416
9,5,15,2,diurnal,batched,8,P6_spo_tree,182.87516384608773
9,5,15,2,diurnal,batched,8,P6_spo_tree,239.65951231315327
9,5,15,2,diurnal,batched,8,P6_spo_tree,222.2942226644152
9,5,15,2,diurnal,batched,8,P6_spo_tree,242.7948529204171
9,5,15,2,diurnal,batched,8,P6_spo_tree,122.75800732328003
9,5,15,2,diurnal,batched,8,P6_spo_tree,190.26640299097926
9,5,15,2,diurnal,batched,8,P6_spo_tree,217.10726111679355
9,5,15,2,diurnal,batched,8,P6_spo_tree,201.39878336857282
9,5,15,2,diurnal,batched,8,P6_spo_tree,206.55363994294683
9,5,15,2,diurnal,batched,8,P6_spo_tree,185.36251579237413
9,5,15,2,diurnal,batched,8,P6_spo_tree,261.8699024665175
9,5,15,2,diurnal,batched,8,P6_spo_tree,232.75013651438115
9,5,15,2,diurnal,batched,30,P0_random,609.3545432917651
9,5,15,2,diurnal,batched,30,P0_random,711.0853846953266
9,5,15,2,diurnal,batched,30,P0_random,749.1402532317562
9,5,15,2,diurnal,batched,30,P0_random,658.8300044746625
9,5,15,2,diurnal,batched,30,P0_random,690.6529230685385
9,5,15,2,diurnal,batched,30,P0_random,679.7078463921077
9,5,15,2,diurnal,batched,30,P0_random,623.1963846791116
9,5,15,2,diurnal,batched,30,P0_random,517.9489242250169
9,5,15,2,diurnal,batched,30,P0_random,713.2615259863362
9,5,15,2,diurnal,batched,30,P0_random,596.5169315519279
9,5,15,2,diurnal,batched,30,P0_random,692.1648432304916
9,5,15,2,diurnal,batched,30,P0_random,632.7173032093485
9,5,15,2,diurnal,batched,30,P0_random,639.8591650935473
9,5,15,2,diurnal,batched,30,P0_random,620.2942226644152
9,5,15,2,diurnal,batched,30,P0_random,575.3155733336234
9,5,15,2,diurnal,batched,30,P0_random,700.794852920417
9,5,15,2,diurnal,batched,30,P0_random,630.327219050531
9,5,15,2,diurnal,batched,30,P0_random,700.8149320742298
9,5,15,2,diurnal,batched,30,P0_random,637.9304882659521
9,5,15,2,diurnal,batched,30,P0_random,762.2027358384009
9,5,15,2,diurnal,batched,30,P0_random,774.3263119817952
9,5,15,2,diurnal,batched,30,P0_random,681.8419766905547
9,5,15,2,diurnal,batched,30,P0_random,666.7183887963924
9,5,15,2,diurnal,batched,30,P0_random,652.5536399429468
9,5,15,2,diurnal,batched,30,P0_random,668.2658058146534
9,5,15,2,diurnal,batched,30,P0_random,695.0847251537967
9,5,15,2,diurnal,batched,30,P0_random,700.3741432225131
9,5,15,2,diurnal,batched,30,P0_random,742.8735612040497
9,5,15,2,diurnal,batched,30,P0_random,724.6492263114831
9,5,15,2,diurnal,batched,30,P0_random,612.3619639498604
9,5,15,2,diurnal,batched,30,P0_random,702.6110502659686
9,5,15,2,diurnal,batched,30,P0_random,546.3991440925231
9,5,15,2,diurnal,batched,30,P0_random,529.0626452654975
9,5,15,2,diurnal,batched,30,P0_random,717.3720739457985
9,5,15,2,diurnal,batched,30,P0_random,641.1357928059977
9,5,15,2,diurnal,batched,30,P0_random,703.688595432144
9,5,15,2,diurnal,batched,30,P0_random,604.6492263114831
9,5,15,2,diurnal,batched,30,P0_random,709.3313166617784
9,5,15,2,diurnal,batched,30,P0_random,655.327219050531
9,5,15,2,diurnal,batched,30,P0_random,559.9779681106386
9,5,15,2,diurnal,batched,30,P0_random,698.1925959782848
9,5,15,2,diurnal,batched,30,P0_random,766.5580313813884
9,5,15,2,diurnal,batched,30,P0_random,728.5088156859044
9,5,15,2,diurnal,batched,30,P0_random,752.7467542109578
9,5,15,2,diurnal,batched,30,P0_random,654.0380557058759
9,5,15,2,diurnal,batched,30,P0_random,578.7109251700292
9,5,15,2,diurnal,batched,30,P0_random,706.3674588445285
9,5,15,2,diurnal,batched,30,P0_random,743.013416422242
9,5,15,2,diurnal,batched,30,P0_random,645.775687851682
9,5,15,2,diurnal,batched,30,P0_random,613.4478468842226
9,5,15,2,diurnal,batched,30,P0_random,814.6159194171548
9,5,15,2,diurnal,batched,30,P0_random,562.5130154208505
9,5,15,2,diurnal,batched,30,P0_random,718.707595869263
9,5,15,2,diurnal,batched,30,P0_random,693.8623170373917
9,5,15,2,diurnal,batched,30,P0_random,717.2027358384009
9,5,15,2,diurnal,batched,30,P0_random,517.4703673000752
9,5,15,2,diurnal,batched,30,P0_random,642.9594081789689
9,5,15,2,diurnal,batched,30,P0_random,708.8597611390401
9,5,15,2,diurnal,batched,30,P0_random,751.664534544637
9,5,15,2,diurnal,batched,30,P0_random,649.0567869923332
9,5,15,2,diurnal,batched,30,P0_random,705.9818673870243
9,5,15,2,diurnal,batched,30,P0_random,501.9769094339031
9,5,15,2,diurnal,batched,30,P0_random,683.2964635159927
9,5,15,2,diurnal,batched,30,P0_random,667.3473005090875
9,5,15,2,diurnal,batched,30,P0_random,779.3773266759555
9,5,15,2,diurnal,batched,30,P0_random,647.2171258369683
9,5,15,2,diurnal,batched,30,P0_random,712.4816862648889
9,5,15,2,diurnal,batched,30,P0_random,581.9208791079835
9,5,15,2,diurnal,batched,30,P0_random,694.5088156859044
9,5,15,2,diurnal,batched,30,P0_random,658.3622774827443
9,5,15,2,diurnal,batched,30,P0_random,627.8980710805301
9,5,15,2,diurnal,batched,30,P0_random,753.3299763242063
9,5,15,2,diurnal,batched,30,P0_random,599.6159194171548
9,5,15,2,diurnal,batched,30,P0_random,648.8446452245179
9,5,15,2,diurnal,batched,30,P0_random,669.5130154208505
9,5,15,2,diurnal,batched,30,P0_random,539.7601953881929
9,5,15,2,diurnal,batched,30,P0_random,747.7846706370374
9,5,15,2,diurnal,batched,30,P0_random,621.3489544787994
9,5,15,2,diurnal,batched,30,P0_random,728.9524992497302
9,5,15,2,diurnal,batched,30,P0_random,688.7330836137124
9,5,15,2,diurnal,batched,30,P0_random,616.0874033768883
9,5,15,2,diurnal,batched,30,P0_random,624.1924617276936
9,5,15,2,diurnal,batched,30,P0_random,675.3006594871883
9,5,15,2,diurnal,batched,30,P0_random,725.7125009751765
9,5,15,2,diurnal,batched,30,P0_random,752.7467542109578
9,5,15,2,diurnal,batched,30,P0_random,490.08918338872763
9,5,15,2,diurnal,batched,30,P0_random,417.5143676119037
9,5,15,2,diurnal,batched,30,P0_random,634.9304882659521
9,5,15,2,diurnal,batched,30,P0_random,632.1130729992736
9,5,15,2,diurnal,batched,30,P0_random,661.800818666989
9,5,15,2,diurnal,batched,30,P0_random,671.089488619106
9,5,15,2,diurnal,batched,30,P0_random,648.2877757680403
9,5,15,2,diurnal,batched,30,P0_random,675.8300044746625
9,5,15,2,diurnal,batched,30,P0_random,669.4816862648889
9,5,15,2,diurnal,batched,30,P0_random,649.6529230685385
9,5,15,2,diurnal,batched,30,P0_random,696.1790816373746
9,5,15,2,diurnal,batched,30,P0_random,663.9399148804636
9,5,15,2,diurnal,batched,30,P0_random,689.6279009770905
9,5,15,2,diurnal,batched,30,P0_random,657.4507372691137
9,5,15,2,diurnal,batched,30,P0_random,623.4708947041855
9,5,15,2,diurnal,batched,30,P0_random,593.4655382267317
9,5,15,2,diurnal,batched,30,P0_random,735.3674588445285
9,5,15,2,diurnal,batched,30,P0_random,737.9266276765679
9,5,15,2,diurnal,batched,30,P0_random,675.0348433018983
9,5,15,2,diurnal,batched,30,P0_random,705.8126550064675
9,5,15,2,diurnal,batched,30,P0_random,590.3683293494203
9,5,15,2,diurnal,batched,30,P0_random,634.1000399471452
9,5,15,2,diurnal,batched,30,P0_random,632.9618295766885
9,5,15,2,diurnal,batched,30,P0_random,704.5641237341416
9,5,15,2,diurnal,batched,30,P0_random,736.7467542109578
9,5,15,2,diurnal,batched,30,P0_random,666.9208791079835
9,5,15,2,diurnal,batched,30,P0_random,628.5574600141657
9,5,15,2,diurnal,batched,30,P0_random,661.0994844268739
9,5,15,2,diurnal,batched,30,P0_random,636.7330836137124
9,5,15,2,diurnal,batched,30,P0_random,593.4108800323174
9,5,15,2,diurnal,batched,30,P0_random,680.903100579477
9,5,15,2,diurnal,batched,30,P0_random,655.0938812814593
9,5,15,2,diurnal,batched,30,P0_random,691.0761752164304
9,5,15,2,diurnal,batched,30,P0_random,751.0221776359222
9,5,15,2,diurnal,batched,30,P0_random,716.7775908304677
9,5,15,2,diurnal,batched,30,P0_random,615.8247636904738
9,5,15,2,diurnal,batched,30,P0_random,584.8352334291569
9,5,15,2,diurnal,batched,30,P0_random,637.0958012500669
9,5,15,2,diurnal,batched,30,P0_random,630.3676490326447
9,5,15,2,diurnal,batched,30,P0_random,686.6841842454969
9,5,15,2,diurnal,batched,30,P0_random,720.1210630480939
9,5,15,2,diurnal,batched,30,P0_random,544.1315237240344
9,5,15,2,diurnal,batched,30,P0_random,636.6110502659686
9,5,15,2,diurnal,batched,30,P0_random,635.4108800323174
9,5,15,2,diurnal,batched,30,P0_random,668.5148111114777
9,5,15,2,diurnal,batched,30,P0_random,719.5983424972771
9,5,15,2,diurnal,batched,30,P0_random,612.3898420101782
9,5,15,2,diurnal,batched,30,P0_random,615.119678851604
9,5,15,2,diurnal,batched,30,P0_random,588.5619430261178
9,5,15,2,diurnal,batched,30,P0_random,625.7775908304677
9,5,15,2,diurnal,batched,30,P0_random,643.1031674614255
9,5,15,2,diurnal,batched,30,P0_random,727.5321396409472
9,5,15,2,diurnal,batched,30,P0_random,668.9381247105177
9,5,15,2,diurnal,batched,30,P0_random,659.8744032893078
9,5,15,2,diurnal,batched,30,P0_random,687.4001639633498
9,5,15,2,diurnal,batched,30,P0_random,686.6841842454969
9,5,15,2,diurnal,batched,30,P0_random,706.3549456918427
9,5,15,2,diurnal,batched,30,P0_random,598.3875524961024
9,5,15,2,diurnal,batched,30,P0_random,581.9918686229893
9,5,15,2,diurnal,batched,30,P0_random,722.6500603472332
9,5,15,2,diurnal,batched,30,P0_random,635.7650634121951
9,5,15,2,diurnal,batched,30,P0_random,718.213640120816
9,5,15,2,diurnal,batched,30,P0_random,782.1159013016569
9,5,15,2,diurnal,batched,30,P0_random,681.8699024665175
9,5,15,2,diurnal,batched,30,P0_random,695.2497620172369
9,5,15,2,diurnal,batched,30,P0_random,691.4643285290609
9,5,15,2,diurnal,batched,30,P0_random,627.6528335258365
9,5,15,2,diurnal,batched,30,P0_random,718.9674258868338
9,5,15,2,diurnal,batched,30,P0_random,600.4298859263572
9,5,15,2,diurnal,batched,30,P0_random,729.4612320507042
9,5,15,2,diurnal,batched,30,P0_random,601.839441234286
9,5,15,2,diurnal,batched,30,P0_random,585.6970924833902
9,5,15,2,diurnal,batched,30,P0_random,643.0822952576403
9,5,15,2,diurnal,batched,30,P0_random,633.5067024373359
9,5,15,2,diurnal,batched,30,P0_random,653.6401869617343
9,5,15,2,diurnal,batched,30,P0_random,622.7653474096385
9,5,15,2,diurnal,batched,30,P0_random,639.5095658399487
9,5,15,2,diurnal,batched,30,P0_random,725.1748082316899
9,5,15,2,diurnal,batched,30,P0_random,577.6860256407017
9,5,15,2,diurnal,batched,30,P0_random,683.2964635159927
9,5,15,2,diurnal,batched,30,P0_random,651.580374388717
9,5,15,2,diurnal,batched,30,P0_random,733.1913414969688
9,5,15,2,diurnal,batched,30,P0_random,659.1267896866686
9,5,15,2,diurnal,batched,30,P0_random,732.8993958529443
9,5,15,2,diurnal,batched,30,P0_random,652.5221177129638
9,5,15,2,diurnal,batched,30,P0_random,725.8735612040497
9,5,15,2,diurnal,batched,30,P0_random,599.7950577200644
9,5,15,2,diurnal,batched,30,P0_random,576.4095765909905
9,5,15,2,diurnal,batched,30,P0_random,715.2898007554018
9,5,15,2,diurnal,batched,30,P0_random,627.8980710805301
9,5,15,2,diurnal,batched,30,P0_random,690.794852920417
9,5,15,2,diurnal,batched,30,P0_random,599.7950577200644
9,5,15,2,diurnal,batched,30,P0_random,668.2793905917583
9,5,15,2,diurnal,batched,30,P0_random,670.1156393566825
9,5,15,2,diurnal,batched,30,P0_random,592.4491948092569
9,5,15,2,diurnal,batched,30,P0_random,732.9405514389359
9,5,15,2,diurnal,batched,30,P0_random,662.1701685738537
9,5,15,2,diurnal,batched,30,P0_random,848.1159013016569
9,5,15,2,diurnal,batched,30,P0_random,709.9818673870243
9,5,15,2,diurnal,batched,30,P0_random,642.5067024373359
9,5,15,2,diurnal,batched,30,P0_random,613.5143676119037
9,5,15,2,diurnal,batched,30,P0_random,588.5670884414851
9,5,15,2,diurnal,batched,30,P0_random,754.3900171984972
9,5,15,2,diurnal,batched,30,P0_random,679.7916532721333
9,5,15,2,diurnal,batched,30,P0_random,675.3224543640596
9,5,15,2,diurnal,batched,30,P0_random,764.2768439591622
9,5,15,2,diurnal,batched,30,P0_random,686.9137371236566
9,5,15,2,diurnal,batched,30,P0_random,700.2803821529925
9,5,15,2,diurnal,batched,30,P0_random,691.8582064054369
9,5,15,2,diurnal,batched,30,P0_random,725.3449799348632
9,5,15,2,diurnal,batched,30,P0_random,571.2764736967304
9,5,15,2,diurnal,batched,30,P0_random,622.5011129132463
9,5,15,2,diurnal,batched,30,P0_random,803.9189863358774
9,5,15,2,diurnal,batched,30,P0_random,590.236919154664
9,5,15,2,diurnal,batched,30,P0_random,695.4298091993018
9,5,15,2,diurnal,batched,30,P1_dest_cluster,552.6985258368461
9,5,15,2,diurnal,batched,30,P1_dest_cluster,673.9657239686562
9,5,15,2,diurnal,batched,30,P1_dest_cluster,605.3730262409931
9,5,15,2,diurnal,batched,30,P1_dest_cluster,675.3006594871883
9,5,15,2,diurnal,batched,30,P1_dest_cluster,555.0939647045108
9,5,15,2,diurnal,batched,30,P1_dest_cluster,567.8591863274146
9,5,15,2,diurnal,batched,30,P1_dest_cluster,661.8294837599342
9,5,15,2,diurnal,batched,30,P1_dest_cluster,576.4461594402408
9,5,15,2,diurnal,batched,30,P1_dest_cluster,700.3875524961024
9,5,15,2,diurnal,batched,30,P1_dest_cluster,718.4822781224061
9,5,15,2,diurnal,batched,30,P1_dest_cluster,624.0853846953266
9,5,15,2,diurnal,batched,30,P1_dest_cluster,713.0517409252707
9,5,15,2,diurnal,batched,30,P1_dest_cluster,655.513869666267
9,5,15,2,diurnal,batched,30,P1_dest_cluster,616.0874033768883
9,5,15,2,diurnal,batched,30,P1_dest_cluster,576.4095765909905
9,5,15,2,diurnal,batched,30,P1_dest_cluster,649.0567869923332
9,5,15,2,diurnal,batched,30,P1_dest_cluster,666.5015429456881
9,5,15,2,diurnal,batched,30,P1_dest_cluster,624.4888672577971
9,5,15,2,diurnal,batched,30,P1_dest_cluster,758.6693477805527
9,5,15,2,diurnal,batched,30,P1_dest_cluster,718.123468623911
9,5,15,2,diurnal,batched,30,P1_dest_cluster,615.119678851604
9,5,15,2,diurnal,batched,30,P1_dest_cluster,593.0184318882781
9,5,15,2,diurnal,batched,30,P1_dest_cluster,635.8699024665175
9,5,15,2,diurnal,batched,30,P1_dest_cluster,642.4108800323174
9,5,15,2,diurnal,batched,30,P1_dest_cluster,705.1086730152567
9,5,15,2,diurnal,batched,30,P1_dest_cluster,647.580374388717
9,5,15,2,diurnal,batched,30,P1_dest_cluster,686.6728112257551
9,5,15,2,diurnal,batched,30,P1_dest_cluster,693.1357928059977
9,5,15,2,diurnal,batched,30,P1_dest_cluster,642.2921766257102
9,5,15,2,diurnal,batched,30,P1_dest_cluster,560.236919154664
9,5,15,2,diurnal,batched,30,P1_dest_cluster,647.1267896866686
9,5,15,2,diurnal,batched,30,P1_dest_cluster,660.9309666903007
9,5,15,2,diurnal,batched,30,P1_dest_cluster,631.3477051069844
9,5,15,2,diurnal,batched,30,P1_dest_cluster,630.4589488575175
9,5,15,2,diurnal,batched,30,P1_dest_cluster,626.7491921618968
9,5,15,2,diurnal,batched,30,P1_dest_cluster,684.9431826488122
9,5,15,2,diurnal,batched,30,P1_dest_cluster,715.838895393869
9,5,15,2,diurnal,batched,30,P1_dest_cluster,665.392317141842
9,5,15,2,diurnal,batched,30,P1_dest_cluster,721.309043115459
9,5,15,2,diurnal,batched,30,P1_dest_cluster,544.1315237240344
9,5,15,2,diurnal,batched,30,P1_dest_cluster,623.513869666267
9,5,15,2,diurnal,batched,30,P1_dest_cluster,624.4719674170173
9,5,15,2,diurnal,batched,30,P1_dest_cluster,637.4507372691137
9,5,15,2,diurnal,batched,30,P1_dest_cluster,587.9645438853522
9,5,15,2,diurnal,batched,30,P1_dest_cluster,580.4561003040674
9,5,15,2,diurnal,batched,30,P1_dest_cluster,646.1267896866686
9,5,15,2,diurnal,batched,30,P1_dest_cluster,682.3437626267512
9,5,15,2,diurnal,batched,30,P1_dest_cluster,608.6440321732408
9,5,15,2,diurnal,batched,30,P1_dest_cluster,618.3649359549082
9,5,15,2,diurnal,batched,30,P1_dest_cluster,561.7903079824657
9,5,15,2,diurnal,batched,30,P1_dest_cluster,568.7402390453311
9,5,15,2,diurnal,batched,30,P1_dest_cluster,664.9803341662919
9,5,15,2,diurnal,batched,30,P1_dest_cluster,639.7183887963924
9,5,15,2,diurnal,batched,30,P1_dest_cluster,728.3543667981421
9,5,15,2,diurnal,batched,30,P1_dest_cluster,659.8784507670962
9,5,15,2,diurnal,batched,30,P1_dest_cluster,679.4837022591156
9,5,15,2,diurnal,batched,30,P1_dest_cluster,684.513352702319
9,5,15,2,diurnal,batched,30,P1_dest_cluster,599.7491921618968
9,5,15,2,diurnal,batched,30,P1_dest_cluster,642.4073282190609
9,5,15,2,diurnal,batched,30,P1_dest_cluster,646.1159013016569
9,5,15,2,diurnal,batched,30,P1_dest_cluster,659.7467542109578
9,5,15,2,diurnal,batched,30,P1_dest_cluster,642.3532294749326
9,5,15,2,diurnal,batched,30,P1_dest_cluster,737.2921766257102
9,5,15,2,diurnal,batched,30,P1_dest_cluster,563.3477051069844
9,5,15,2,diurnal,batched,30,P1_dest_cluster,679.7916532721333
9,5,15,2,diurnal,batched,30,P1_dest_cluster,615.903100579477
9,5,15,2,diurnal,batched,30,P1_dest_cluster,677.688595432144
9,5,15,2,diurnal,batched,30,P1_dest_cluster,664.3313166617784
9,5,15,2,diurnal,batched,30,P1_dest_cluster,595.3549456918427
9,5,15,2,diurnal,batched,30,P1_dest_cluster,610.4934207926574
9,5,15,2,diurnal,batched,30,P1_dest_cluster,738.1000399471452
9,5,15,2,diurnal,batched,30,P1_dest_cluster,713.1215766097558
9,5,15,2,diurnal,batched,30,P1_dest_cluster,764.9765419798908
9,5,15,2,diurnal,batched,30,P1_dest_cluster,562.9325418419646
9,5,15,2,diurnal,batched,30,P1_dest_cluster,644.3674588445285
9,5,15,2,diurnal,batched,30,P1_dest_cluster,593.9452759120622
9,5,15,2,diurnal,batched,30,P1_dest_cluster,691.4643285290609
9,5,15,2,diurnal,batched,30,P1_dest_cluster,749.0994844268739
9,5,15,2,diurnal,batched,30,P1_dest_cluster,659.8744032893078
9,5,15,2,diurnal,batched,30,P1_dest_cluster,662.664534544637
9,5,15,2,diurnal,batched,30,P1_dest_cluster,629.9381247105177
9,5,15,2,diurnal,batched,30,P1_dest_cluster,642.452201563764
9,5,15,2,diurnal,batched,30,P1_dest_cluster,702.953083953963
9,5,15,2,diurnal,batched,30,P1_dest_cluster,648.8623170373917
9,5,15,2,diurnal,batched,30,P1_dest_cluster,645.1545990379789
9,5,15,2,diurnal,batched,30,P1_dest_cluster,754.3683293494203
9,5,15,2,diurnal,batched,30,P1_dest_cluster,672.9137371236566
9,5,15,2,diurnal,batched,30,P1_dest_cluster,640.8328019670441
9,5,15,2,diurnal,batched,30,P1_dest_cluster,617.5221177129638
9,5,15,2,diurnal,batched,30,P1_dest_cluster,749.0994844268739
9,5,15,2,diurnal,batched,30,P1_dest_cluster,607.4934207926574
9,5,15,2,diurnal,batched,30,P1_dest_cluster,663.0430919233272
9,5,15,2,diurnal,batched,30,P1_dest_cluster,657.9381247105177
9,5,15,2,diurnal,batched,30,P1_dest_cluster,787.6373687753154
9,5,15,2,diurnal,batched,30,P1_dest_cluster,601.1661557499323
9,5,15,2,diurnal,batched,30,P1_dest_cluster,805.3543667981421
9,5,15,2,diurnal,batched,30,P1_dest_cluster,646.1159013016569
9,5,15,2,diurnal,batched,30,P1_dest_cluster,574.4561003040674
9,5,15,2,diurnal,batched,30,P1_dest_cluster,682.4507372691137
9,5,15,2,diurnal,batched,30,P1_dest_cluster,658.9309666903007
9,5,15,2,diurnal,batched,30,P1_dest_cluster,754.3549456918427
9,5,15,2,diurnal,batched,30,P1_dest_cluster,748.1031674614255
9,5,15,2,diurnal,batched,30,P1_dest_cluster,727.1215766097558
9,5,15,2,diurnal,batched,30,P1_dest_cluster,682.0939647045108
9,5,15,2,diurnal,batched,30,P1_dest_cluster,711.013416422242
9,5,15,2,diurnal,batched,30,P1_dest_cluster,640.4679861621481
9,5,15,2,diurnal,batched,30,P1_dest_cluster,621.5511529230996
9,5,15,2,diurnal,batched,30,P1_dest_cluster,561.3741432225131
9,5,15,2,diurnal,batched,30,P1_dest_cluster,606.5169315519279
9,5,15,2,diurnal,batched,30,P1_dest_cluster,679.9854836104961
9,5,15,2,diurnal,batched,30,P1_dest_cluster,602.1925959782848
9,5,15,2,diurnal,batched,30,P1_dest_cluster,670.2446542718179
9,5,15,2,diurnal,batched,30,P1_dest_cluster,676.3785963437489
9,5,15,2,diurnal,batched,30,P1_dest_cluster,673.6860256407017
9,5,15,2,diurnal,batched,30,P1_dest_cluster,692.3773266759555
9,5,15,2,diurnal,batched,30,P1_dest_cluster,715.309043115459
9,5,15,2,diurnal,batched,30,P1_dest_cluster,686.370825644701
9,5,15,2,diurnal,batched,30,P1_dest_cluster,787.3261763495307
9,5,15,2,diurnal,batched,30,P1_dest_cluster,654.4679861621481
9,5,15,2,diurnal,batched,30,P1_dest_cluster,653.7169474724426
9,5,15,2,diurnal,batched,30,P1_dest_cluster,597.3438583945123
9,5,15,2,diurnal,batched,30,P1_dest_cluster,583.1745686616961
9,5,15,2,diurnal,batched,30,P1_dest_cluster,720.127890450857
9,5,15,2,diurnal,batched,30,P1_dest_cluster,618.2803821529925
9,5,15,2,diurnal,batched,30,P1_dest_cluster,555.9692773511397
9,5,15,2,diurnal,batched,30,P1_dest_cluster,707.0235432495771
9,5,15,2,diurnal,batched,30,P1_dest_cluster,786.6503563582635
9,5,15,2,diurnal,batched,30,P1_dest_cluster,585.7509442544542
9,5,15,2,diurnal,batched,30,P1_dest_cluster,613.1908394016762
9,5,15,2,diurnal,batched,30,P1_dest_cluster,657.9524992497302
9,5,15,2,diurnal,batched,30,P1_dest_cluster,606.0803961277365
9,5,15,2,diurnal,batched,30,P1_dest_cluster,563.5574600141657
9,5,15,2,diurnal,batched,30,P1_dest_cluster,729.5951254420156
9,5,15,2,diurnal,batched,30,P1_dest_cluster,588.0694793054963
9,5,15,2,diurnal,batched,30,P1_dest_cluster,685.3898420101782
9,5,15,2,diurnal,batched,30,P1_dest_cluster,712.7885141358643
9,5,15,2,diurnal,batched,30,P1_dest_cluster,656.7467542109578
9,5,15,2,diurnal,batched,30,P1_dest_cluster,648.707595869263
9,5,15,2,diurnal,batched,30,P1_dest_cluster,679.0822952576403
9,5,15,2,diurnal,batched,30,P1_dest_cluster,616.3720739457985
9,5,15,2,diurnal,batched,30,P1_dest_cluster,600.1187143270605
9,5,15,2,diurnal,batched,30,P1_dest_cluster,711.9803537718174
9,5,15,2,diurnal,batched,30,P1_dest_cluster,663.8582064054369
9,5,15,2,diurnal,batched,30,P1_dest_cluster,644.3224543640596
9,5,15,2,diurnal,batched,30,P1_dest_cluster,628.8884977806811
9,5,15,2,diurnal,batched,30,P1_dest_cluster,628.9721602814088
9,5,15,2,diurnal,batched,30,P1_dest_cluster,597.130399209395
9,5,15,2,diurnal,batched,30,P1_dest_cluster,624.4871766376774
9,5,15,2,diurnal,batched,30,P1_dest_cluster,571.3437057627941
9,5,15,2,diurnal,batched,30,P1_dest_cluster,536.8784507670962
9,5,15,2,diurnal,batched,30,P1_dest_cluster,711.5143676119037
9,5,15,2,diurnal,batched,30,P1_dest_cluster,664.9916843729875
9,5,15,2,diurnal,batched,30,P1_dest_cluster,720.5641237341416
9,5,15,2,diurnal,batched,30,P1_dest_cluster,636.322535735436
9,5,15,2,diurnal,batched,30,P1_dest_cluster,689.2449869409091
9,5,15,2,diurnal,batched,30,P1_dest_cluster,700.7778195657023
9,5,15,2,diurnal,batched,30,P1_dest_cluster,585.2538273272296
9,5,15,2,diurnal,batched,30,P1_dest_cluster,663.8918681168399
9,5,15,2,diurnal,batched,30,P1_dest_cluster,625.8591650935473
9,5,15,2,diurnal,batched,30,P1_dest_cluster,633.6528418198839
9,5,15,2,diurnal,batched,30,P1_dest_cluster,742.8591650935473
9,5,15,2,diurnal,batched,30,P1_dest_cluster,717.3334922593845
9,5,15,2,diurnal,batched,30,P1_dest_cluster,694.3477051069844
9,5,15,2,diurnal,batched,30,P1_dest_cluster,696.6693477805527
9,5,15,2,diurnal,batched,30,P1_dest_cluster,660.7078463921077
9,5,15,2,diurnal,batched,30,P1_dest_cluster,791.2152381639448
9,5,15,2,diurnal,batched,30,P1_dest_cluster,587.7501365143812
9,5,15,2,diurnal,batched,30,P1_dest_cluster,812.5951254420156
9,5,15,2,diurnal,batched,30,P1_dest_cluster,689.4298859263572
9,5,15,2,diurnal,batched,30,P1_dest_cluster,723.9823286275216
9,5,15,2,diurnal,batched,30,P1_dest_cluster,712.766807502821
9,5,15,2,diurnal,batched,30,P1_dest_cluster,676.4023898974376
9,5,15,2,diurnal,batched,30,P1_dest_cluster,770.1748082316899
9,5,15,2,diurnal,batched,30,P1_dest_cluster,703.688595432144
9,5,15,2,diurnal,batched,30,P1_dest_cluster,663.0430919233272
9,5,15,2,diurnal,batched,30,P1_dest_cluster,749.2877757680403
9,5,15,2,diurnal,batched,30,P1_dest_cluster,607.3785963437489
9,5,15,2,diurnal,batched,30,P1_dest_cluster,589.7368635654138
9,5,15,2,diurnal,batched,30,P1_dest_cluster,697.4492658259301
9,5,15,2,diurnal,batched,30,P1_dest_cluster,614.937352437067
9,5,15,2,diurnal,batched,30,P1_dest_cluster,603.6134493343247
9,5,15,2,diurnal,batched,30,P1_dest_cluster,696.9802337530841
9,5,15,2,diurnal,batched,30,P1_dest_cluster,637.7916532721333
9,5,15,2,diurnal,batched,30,P1_dest_cluster,674.903100579477
9,5,15,2,diurnal,batched,30,P1_dest_cluster,548.0822952576403
9,5,15,2,diurnal,batched,30,P1_dest_cluster,646.3708520670881
9,5,15,2,diurnal,batched,30,P1_dest_cluster,724.5487216896272
9,5,15,2,diurnal,batched,30,P1_dest_cluster,722.4023898974376
9,5,15,2,diurnal,batched,30,P1_dest_cluster,646.4816862648889
9,5,15,2,diurnal,batched,30,P1_dest_cluster,618.6860209823864
9,5,15,2,diurnal,batched,30,P1_dest_cluster,627.481819505811
9,5,15,2,diurnal,batched,30,P1_dest_cluster,568.7601953881929
9,5,15,2,diurnal,batched,30,P1_dest_cluster,574.4561003040674
9,5,15,2,diurnal,batched,30,P1_dest_cluster,612.3875524961024
9,5,15,2,diurnal,batched,30,P1_dest_cluster,638.3683293494203
9,5,15,2,diurnal,batched,30,P1_dest_cluster,585.8000015710049
9,5,15,2,diurnal,batched,30,P1_dest_cluster,639.3108505261569
9,5,15,2,diurnal,batched,30,P1_dest_cluster,601.6529230685385
9,5,15,2,diurnal,batched,30,P1_dest_cluster,653.4086064199498
9,5,15,2,diurnal,batched,30,P1_dest_cluster,634.8842226764046
9,5,15,2,diurnal,batched,30,P2_cardinality,679.9854836104961
9,5,15,2,diurnal,batched,30,P2_cardinality,653.0430919233272
9,5,15,2,diurnal,batched,30,P2_cardinality,718.3766676827854
9,5,15,2,diurnal,batched,30,P2_cardinality,718.6728112257551
9,5,15,2,diurnal,batched,30,P2_cardinality,574.9721602814088
9,5,15,2,diurnal,batched,30,P2_cardinality,606.7386097402559
9,5,15,2,diurnal,batched,30,P2_cardinality,709.2377050207642
9,5,15,2,diurnal,batched,30,P2_cardinality,658.8318397759001
9,5,15,2,diurnal,batched,30,P2_cardinality,559.1099267847899
9,5,15,2,diurnal,batched,30,P2_cardinality,562.9325418419646
9,5,15,2,diurnal,batched,30,P2_cardinality,578.9399148804636
9,5,15,2,diurnal,batched,30,P2_cardinality,545.2468289478468
9,5,15,2,diurnal,batched,30,P2_cardinality,687.688595432144
9,5,15,2,diurnal,batched,30,P2_cardinality,597.5038640734044
9,5,15,2,diurnal,batched,30,P2_cardinality,680.7653474096385
9,5,15,2,diurnal,batched,30,P2_cardinality,686.0221776359222
9,5,15,2,diurnal,batched,30,P2_cardinality,597.1210630480939
9,5,15,2,diurnal,batched,30,P2_cardinality,691.8582064054369
9,5,15,2,diurnal,batched,30,P2_cardinality,610.7509442544542
9,5,15,2,diurnal,batched,30,P2_cardinality,556.1942376173349
9,5,15,2,diurnal,batched,30,P2_cardinality,727.1630755501429
9,5,15,2,diurnal,batched,30,P2_cardinality,642.9594081789689
9,5,15,2,diurnal,batched,30,P2_cardinality,694.3477051069844
9,5,15,2,diurnal,batched,30,P2_cardinality,689.0517409252707
9,5,15,2,diurnal,batched,30,P2_cardinality,664.3701438510466
9,5,15,2,diurnal,batched,30,P2_cardinality,679.9854836104961
9,5,15,2,diurnal,batched,30,P2_cardinality,633.4282475156595
9,5,15,2,diurnal,batched,30,P2_cardinality,505.1156393566826
9,5,15,2,diurnal,batched,30,P2_cardinality,662.8784507670962
9,5,15,2,diurnal,batched,30,P2_cardinality,607.3619639498604
9,5,15,2,diurnal,batched,30,P2_cardinality,600.3086729682184
9,5,15,2,diurnal,batched,30,P2_cardinality,587.4837022591156
9,5,15,2,diurnal,batched,30,P2_cardinality,596.5143676119037
9,5,15,2,diurnal,batched,30,P2_cardinality,696.9802337530841
9,5,15,2,diurnal,batched,30,P2_cardinality,737.4612320507042
9,5,15,2,diurnal,batched,30,P2_cardinality,575.6500603472332
9,5,15,2,diurnal,batched,30,P2_cardinality,565.3477051069844
9,5,15,2,diurnal,batched,30,P2_cardinality,641.6525225894629
9,5,15,2,diurnal,batched,30,P2_cardinality,634.672322802143
9,5,15,2,diurnal,batched,30,P2_cardinality,578.0662209738372
9,5,15,2,diurnal,batched,30,P2_cardinality,544.8170276815468
9,5,15,2,diurnal,batched,30,P2_cardinality,647.902630373554
9,5,15,2,diurnal,batched,30,P2_cardinality,660.9309666903007
9,5,15,2,diurnal,batched,30,P2_cardinality,645.3086729682184
9,5,15,2,diurnal,batched,30,P2_cardinality,657.3336202173432
9,5,15,2,diurnal,batched,30,P2_cardinality,689.0517409252707
9,5,15,2,diurnal,batched,30,P2_cardinality,596.8166788858007
9,5,15,2,diurnal,batched,30,P2_cardinality,558.8365731604497
9,5,15,2,diurnal,batched,30,P2_cardinality,643.3086729682184
9,5,15,2,diurnal,batched,30,P2_cardinality,650.6500603472332
9,5,15,2,diurnal,batched,30,P2_cardinality,611.1925959782848
9,5,15,2,diurnal,batched,30,P2_cardinality,631.3477051069844
9,5,15,2,diurnal,batched,30,P2_cardinality,668.4091019439117
9,5,15,2,diurnal,batched,30,P2_cardinality,603.6134493343247
9,5,15,2,diurnal,batched,30,P2_cardinality,605.3532294749326
9,5,15,2,diurnal,batched,30,P2_cardinality,552.3875524961024
9,5,15,2,diurnal,batched,30,P2_cardinality,595.4950698772909
9,5,15,2,diurnal,batched,30,P2_cardinality,586.2877757680403
9,5,15,2,diurnal,batched,30,P2_cardinality,622.5846581838728
9,5,15,2,diurnal,batched,30,P2_cardinality,542.3720739457985
9,5,15,2,diurnal,batched,30,P2_cardinality,654.4169965866162
9,5,15,2,diurnal,batched,30,P2_cardinality,619.9137371236566
9,5,15,2,diurnal,batched,30,P2_cardinality,617.0743344314742
9,5,15,2,diurnal,batched,30,P2_cardinality,594.9191975979837
9,5,15,2,diurnal,batched,30,P2_cardinality,560.7625803541939
9,5,15,2,diurnal,batched,30,P2_cardinality,685.2754467807474
9,5,15,2,diurnal,batched,30,P2_cardinality,707.0235432495771
9,5,15,2,diurnal,batched,30,P2_cardinality,609.1942376173349
9,5,15,2,diurnal,batched,30,P2_cardinality,659.7467542109578
9,5,15,2,diurnal,batched,30,P2_cardinality,651.5846581838728
9,5,15,2,diurnal,batched,30,P2_cardinality,558.3720739457985
9,5,15,2,diurnal,batched,30,P2_cardinality,641.6525225894629
9,5,15,2,diurnal,batched,30,P2_cardinality,644.9489242250169
9,5,15,2,diurnal,batched,30,P2_cardinality,673.9726087473173
9,5,15,2,diurnal,batched,30,P2_cardinality,696.9802337530841
9,5,15,2,diurnal,batched,30,P2_cardinality,707.2949477449582
9,5,15,2,diurnal,batched,30,P2_cardinality,556.4708947041855
9,5,15,2,diurnal,batched,30,P2_cardinality,635.7105989709512
9,5,15,2,diurnal,batched,30,P2_cardinality,622.5846581838728
9,5,15,2,diurnal,batched,30,P2_cardinality,629.564475930426
9,5,15,2,diurnal,batched,30,P2_cardinality,664.7509442544542
9,5,15,2,diurnal,batched,30,P2_cardinality,585.2538273272296
9,5,15,2,diurnal,batched,30,P2_cardinality,574.9875377632605
9,5,15,2,diurnal,batched,30,P2_cardinality,606.1215766097558
9,5,15,2,diurnal,batched,30,P2_cardinality,534.4643285290609
9,5,15,2,diurnal,batched,30,P2_cardinality,622.5846581838728
9,5,15,2,diurnal,batched,30,P2_cardinality,640.4679861621481
9,5,15,2,diurnal,batched,30,P2_cardinality,631.5791344051968
9,5,15,2,diurnal,batched,30,P2_cardinality,613.3483597203591
9,5,15,2,diurnal,batched,30,P2_cardinality,649.7778195657023
9,5,15,2,diurnal,batched,30,P2_cardinality,673.3263119817952
9,5,15,2,diurnal,batched,30,P2_cardinality,654.3991440925231
9,5,15,2,diurnal,batched,30,P2_cardinality,635.7105989709512
9,5,15,2,diurnal,batched,30,P2_cardinality,658.6492263114831
9,5,15,2,diurnal,batched,30,P2_cardinality,773.2171258369683
9,5,15,2,diurnal,batched,30,P2_cardinality,773.2171258369683
9,5,15,2,diurnal,batched,30,P2_cardinality,679.9721602814088
9,5,15,2,diurnal,batched,30,P2_cardinality,550.1215766097558
9,5,15,2,diurnal,batched,30,P2_cardinality,680.1800643165026
9,5,15,2,diurnal,batched,30,P2_cardinality,735.707595869263
9,5,15,2,diurnal,batched,30,P2_cardinality,556.089488619106
9,5,15,2,diurnal,batched,30,P2_cardinality,635.7169474724426
9,5,15,2,diurnal,batched,30,P2_cardinality,606.130399209395
9,5,15,2,diurnal,batched,30,P2_cardinality,624.1382064726272
9,5,15,2,diurnal,batched,30,P2_cardinality,611.1925959782848
9,5,15,2,diurnal,batched,30,P2_cardinality,613.3483597203591
9,5,15,2,diurnal,batched,30,P2_cardinality,611.370825644701
9,5,15,2,diurnal,batched,30,P2_cardinality,711.5067024373359
9,5,15,2,diurnal,batched,30,P2_cardinality,739.9923270371154
9,5,15,2,diurnal,batched,30,P2_cardinality,654.3720739457985
9,5,15,2,diurnal,batched,30,P2_cardinality,654.0253225704782
9,5,15,2,diurnal,batched,30,P2_cardinality,631.937352437067
9,5,15,2,diurnal,batched,30,P2_cardinality,624.1000399471452
9,5,15,2,diurnal,batched,30,P2_cardinality,623.513869666267
9,5,15,2,diurnal,batched,30,P2_cardinality,654.3668830373655
9,5,15,2,diurnal,batched,30,P2_cardinality,576.3224543640596
9,5,15,2,diurnal,batched,30,P2_cardinality,682.5143676119037
9,5,15,2,diurnal,batched,30,P2_cardinality,589.5416209157831
9,5,15,2,diurnal,batched,30,P2_cardinality,673.9726087473173
9,5,15,2,diurnal,batched,30,P2_cardinality,709.2377050207642
9,5,15,2,diurnal,batched,30,P2_cardinality,773.2171258369683
9,5,15,2,diurnal,batched,30,P2_cardinality,679.9854836104961
9,5,15,2,diurnal,batched,30,P2_cardinality,613.1908394016762
9,5,15,2,diurnal,batched,30,P2_cardinality,640.4679861621481
9,5,15,2,diurnal,batched,30,P2_cardinality,568.5487216896272
9,5,15,2,diurnal,batched,30,P2_cardinality,608.4058514595506
9,5,15,2,diurnal,batched,30,P2_cardinality,562.0567869923332
9,5,15,2,diurnal,batched,30,P2_cardinality,686.6841842454969
9,5,15,2,diurnal,batched,30,P2_cardinality,619.4888672577971
9,5,15,2,diurnal,batched,30,P2_cardinality,628.9721602814088
9,5,15,2,diurnal,batched,30,P2_cardinality,521.6860209823864
9,5,15,2,diurnal,batched,30,P2_cardinality,593.1156393566825
9,5,15,2,diurnal,batched,30,P2_cardinality,650.9405514389359
9,5,15,2,diurnal,batched,30,P2_cardinality,636.9407414557286
9,5,15,2,diurnal,batched,30,P2_cardinality,669.9399148804636
9,5,15,2,diurnal,batched,30,P2_cardinality,489.6503563582635
9,5,15,2,diurnal,batched,30,P2_cardinality,628.5394287432325
9,5,15,2,diurnal,batched,30,P2_cardinality,599.6277089931618
9,5,15,2,diurnal,batched,30,P2_cardinality,575.707595869263
9,5,15,2,diurnal,batched,30,P2_cardinality,612.3898420101782
9,5,15,2,diurnal,batched,30,P2_cardinality,680.0326009549121
9,5,15,2,diurnal,batched,30,P2_cardinality,570.9194076523404
9,5,15,2,diurnal,batched,30,P2_cardinality,536.6690895489448
9,5,15,2,diurnal,batched,30,P2_cardinality,574.6768086805939
9,5,15,2,diurnal,batched,30,P2_cardinality,638.7943062742659
9,5,15,2,diurnal,batched,30,P2_cardinality,531.2898007554018
9,5,15,2,diurnal,batched,30,P2_cardinality,511.1652909816806
9,5,15,2,diurnal,batched,30,P2_cardinality,589.3766676827854
9,5,15,2,diurnal,batched,30,P2_cardinality,556.7663627872569
9,5,15,2,diurnal,batched,30,P2_cardinality,720.1210630480939
9,5,15,2,diurnal,batched,30,P2_cardinality,696.9802337530841
9,5,15,2,diurnal,batched,30,P2_cardinality,670.2192667118594
9,5,15,2,diurnal,batched,30,P2_cardinality,689.0517409252707
9,5,15,2,diurnal,batched,30,P2_cardinality,535.4023898974376
9,5,15,2,diurnal,batched,30,P2_cardinality,682.5143676119037
9,5,15,2,diurnal,batched,30,P2_cardinality,634.4667096606361
9,5,15,2,diurnal,batched,30,P2_cardinality,605.2035221226784
9,5,15,2,diurnal,batched,30,P2_cardinality,636.9407414557286
9,5,15,2,diurnal,batched,30,P2_cardinality,657.9566403037918
9,5,15,2,diurnal,batched,30,P2_cardinality,639.7183887963924
9,5,15,2,diurnal,batched,30,P2_cardinality,582.9534161166904
9,5,15,2,diurnal,batched,30,P2_cardinality,596.5143676119037
9,5,15,2,diurnal,batched,30,P2_cardinality,545.2468289478468
9,5,15,2,diurnal,batched,30,P2_cardinality,593.0184318882781
9,5,15,2,diurnal,batched,30,P2_cardinality,655.1970811787418
9,5,15,2,diurnal,batched,30,P2_cardinality,533.2698558840409
9,5,15,2,diurnal,batched,30,P2_cardinality,699.1970811787418
9,5,15,2,diurnal,batched,30,P2_cardinality,718.7653474096385
9,5,15,2,diurnal,batched,30,P2_cardinality,708.1978037285686
9,5,15,2,diurnal,batched,30,P2_cardinality,596.6528418198839
9,5,15,2,diurnal,batched,30,P2_cardinality,754.3900171984972
9,5,15,2,diurnal,batched,30,P2_cardinality,615.9923270371154
9,5,15,2,diurnal,batched,30,P2_cardinality,687.6085989823243
9,5,15,2,diurnal,batched,30,P2_cardinality,612.4023898974376
9,5,15,2,diurnal,batched,30,P2_cardinality,653.4086064199498
9,5,15,2,diurnal,batched,30,P2_cardinality,602.1630755501429
9,5,15,2,diurnal,batched,30,P2_cardinality,572.3051062339002
9,5,15,2,diurnal,batched,30,P2_cardinality,599.0761752164304
9,5,15,2,diurnal,batched,30,P2_cardinality,718.6728112257551
9,5,15,2,diurnal,batched,30,P2_cardinality,621.3483597203591
9,5,15,2,diurnal,batched,30,P2_cardinality,676.7749471443224
9,5,15,2,diurnal,batched,30,P2_cardinality,641.3550203734574
9,5,15,2,diurnal,batched,30,P2_cardinality,695.4667096606361
9,5,15,2,diurnal,batched,30,P2_cardinality,653.3473005090875
9,5,15,2,diurnal,batched,30,P2_cardinality,607.021332702712
9,5,15,2,diurnal,batched,30,P2_cardinality,634.8842226764046
9,5,15,2,diurnal,batched,30,P2_cardinality,518.889559001302
9,5,15,2,diurnal,batched,30,P2_cardinality,657.1701685738537
9,5,15,2,diurnal,batched,30,P2_cardinality,718.666857776466
9,5,15,2,diurnal,batched,30,P2_cardinality,539.2331079252323
9,5,15,2,diurnal,batched,30,P2_cardinality,565.6821342912712
9,5,15,2,diurnal,batched,30,P2_cardinality,588.2665732451421
9,5,15,2,diurnal,batched,30,P2_cardinality,533.2698558840409
9,5,15,2,diurnal,batched,30,P2_cardinality,698.0958012500669
9,5,15,2,diurnal,batched,30,P2_cardinality,640.4679861621481
9,5,15,2,diurnal,batched,30,P2_cardinality,707.0235432495771
9,5,15,2,diurnal,batched,30,P2_cardinality,603.9803537718174
9,5,15,2,diurnal,batched,30,P2_cardinality,529.0626452654975
9,5,15,2,diurnal,batched,30,P2_cardinality,557.4115825488236
9,5,15,2,diurnal,batched,30,P2_cardinality,653.6110502659686
9,5,15,2,diurnal,batched,30,P3_dir_balanced,621.5169315519279
9,5,15,2,diurnal,batched,30,P3_dir_balanced,654.1031674614255
9,5,15,2,diurnal,batched,30,P3_dir_balanced,706.6159194171548
9,5,15,2,diurnal,batched,30,P3_dir_balanced,711.9803537718174
9,5,15,2,diurnal,batched,30,P3_dir_balanced,696.7467542109578
9,5,15,2,diurnal,batched,30,P3_dir_balanced,749.0938812814593
9,5,15,2,diurnal,batched,30,P3_dir_balanced,674.8001607295263
9,5,15,2,diurnal,batched,30,P3_dir_balanced,640.5705422470371
9,5,15,2,diurnal,batched,30,P3_dir_balanced,692.9103596779898
9,5,15,2,diurnal,batched,30,P3_dir_balanced,626.6901901313317
9,5,15,2,diurnal,batched,30,P3_dir_balanced,716.8491800046231
9,5,15,2,diurnal,batched,30,P3_dir_balanced,598.8884977806811
9,5,15,2,diurnal,batched,30,P3_dir_balanced,702.4386740952883
9,5,15,2,diurnal,batched,30,P3_dir_balanced,651.4772717365537
9,5,15,2,diurnal,batched,30,P3_dir_balanced,699.2803821529925
9,5,15,2,diurnal,batched,30,P3_dir_balanced,567.2685430449292
9,5,15,2,diurnal,batched,30,P3_dir_balanced,681.5980404419633
9,5,15,2,diurnal,batched,30,P3_dir_balanced,597.0242016984233
9,5,15,2,diurnal,batched,30,P3_dir_balanced,727.1031674614255
9,5,15,2,diurnal,batched,30,P3_dir_balanced,705.9538273259368
9,5,15,2,diurnal,batched,30,P3_dir_balanced,509.7288527396521
9,5,15,2,diurnal,batched,30,P3_dir_balanced,670.3668830373655
9,5,15,2,diurnal,batched,30,P3_dir_balanced,722.9524992497302
9,5,15,2,diurnal,batched,30,P3_dir_balanced,791.7916532721333
9,5,15,2,diurnal,batched,30,P3_dir_balanced,601.8370381196784
9,5,15,2,diurnal,batched,30,P3_dir_balanced,676.7653474096385
9,5,15,2,diurnal,batched,30,P3_dir_balanced,532.8166788858007
9,5,15,2,diurnal,batched,30,P3_dir_balanced,791.7916532721333
9,5,15,2,diurnal,batched,30,P3_dir_balanced,627.8996213360103
9,5,15,2,diurnal,batched,30,P3_dir_balanced,666.4837022591156
9,5,15,2,diurnal,batched,30,P3_dir_balanced,693.7155475872065
9,5,15,2,diurnal,batched,30,P3_dir_balanced,634.8842226764046
9,5,15,2,diurnal,batched,30,P3_dir_balanced,762.2566219354948
9,5,15,2,diurnal,batched,30,P3_dir_balanced,621.2664029909793
9,5,15,2,diurnal,batched,30,P3_dir_balanced,526.8147063132648
9,5,15,2,diurnal,batched,30,P3_dir_balanced,707.0235432495771
9,5,15,2,diurnal,batched,30,P3_dir_balanced,706.7368635654138
9,5,15,2,diurnal,batched,30,P3_dir_balanced,546.309043115459
9,5,15,2,diurnal,batched,30,P3_dir_balanced,594.9191975979837
9,5,15,2,diurnal,batched,30,P3_dir_balanced,670.3142537588791
9,5,15,2,diurnal,batched,30,P3_dir_balanced,839.999939301079
9,5,15,2,diurnal,batched,30,P3_dir_balanced,675.9769094339031
9,5,15,2,diurnal,batched,30,P3_dir_balanced,685.7653474096385
9,5,15,2,diurnal,batched,30,P3_dir_balanced,643.2764736967304
9,5,15,2,diurnal,batched,30,P3_dir_balanced,623.130399209395
9,5,15,2,diurnal,batched,30,P3_dir_balanced,790.999939301079
9,5,15,2,diurnal,batched,30,P3_dir_balanced,687.6339153174412
9,5,15,2,diurnal,batched,30,P3_dir_balanced,687.6339153174412
9,5,15,2,diurnal,batched,30,P3_dir_balanced,632.9304882659521
9,5,15,2,diurnal,batched,30,P3_dir_balanced,695.6595123131533
9,5,15,2,diurnal,batched,30,P3_dir_balanced,603.1630755501429
9,5,15,2,diurnal,batched,30,P3_dir_balanced,765.1086730152567
9,5,15,2,diurnal,batched,30,P3_dir_balanced,642.4507372691137
9,5,15,2,diurnal,batched,30,P3_dir_balanced,696.4184904560461
9,5,15,2,diurnal,batched,30,P3_dir_balanced,642.4507372691137
9,5,15,2,diurnal,batched,30,P3_dir_balanced,633.0604786433836
9,5,15,2,diurnal,batched,30,P3_dir_balanced,644.6704336385114
9,5,15,2,diurnal,batched,30,P3_dir_balanced,614.3036409051897
9,5,15,2,diurnal,batched,30,P3_dir_balanced,648.7775908304677
9,5,15,2,diurnal,batched,30,P3_dir_balanced,683.9405514389359
9,5,15,2,diurnal,batched,30,P3_dir_balanced,598.9489242250169
9,5,15,2,diurnal,batched,30,P3_dir_balanced,643.8365731604497
9,5,15,2,diurnal,batched,30,P3_dir_balanced,681.5169315519279
9,5,15,2,diurnal,batched,30,P3_dir_balanced,804.6819403798233
9,5,15,2,diurnal,batched,30,P3_dir_balanced,595.5130154208505
9,5,15,2,diurnal,batched,30,P3_dir_balanced,691.6159194171548
9,5,15,2,diurnal,batched,30,P3_dir_balanced,690.2304819545736
9,5,15,2,diurnal,batched,30,P3_dir_balanced,718.2152381639448
9,5,15,2,diurnal,batched,30,P3_dir_balanced,585.2538273272296
9,5,15,2,diurnal,batched,30,P3_dir_balanced,673.3549456918427
9,5,15,2,diurnal,batched,30,P3_dir_balanced,601.6529230685385
9,5,15,2,diurnal,batched,30,P3_dir_balanced,532.8166788858007
9,5,15,2,diurnal,batched,30,P3_dir_balanced,609.3238304978871
9,5,15,2,diurnal,batched,30,P3_dir_balanced,672.4461594402408
9,5,15,2,diurnal,batched,30,P3_dir_balanced,658.6440321732408
9,5,15,2,diurnal,batched,30,P3_dir_balanced,663.7775908304677
9,5,15,2,diurnal,batched,30,P3_dir_balanced,711.1648432304916
9,5,15,2,diurnal,batched,30,P3_dir_balanced,670.2192667118594
9,5,15,2,diurnal,batched,30,P3_dir_balanced,651.1970811787418
9,5,15,2,diurnal,batched,30,P3_dir_balanced,619.9137371236566
9,5,15,2,diurnal,batched,30,P3_dir_balanced,692.5705422470371
9,5,15,2,diurnal,batched,30,P3_dir_balanced,647.1267896866686
9,5,15,2,diurnal,batched,30,P3_dir_balanced,620.2224002106445
9,5,15,2,diurnal,batched,30,P3_dir_balanced,648.4491948092569
9,5,15,2,diurnal,batched,30,P3_dir_balanced,766.3449799348632
9,5,15,2,diurnal,batched,30,P3_dir_balanced,598.2446542718179
9,5,15,2,diurnal,batched,30,P3_dir_balanced,662.392317141842
9,5,15,2,diurnal,batched,30,P3_dir_balanced,723.3839912373335
9,5,15,2,diurnal,batched,30,P3_dir_balanced,881.3543667981421
9,5,15,2,diurnal,batched,30,P3_dir_balanced,737.5641237341416
9,5,15,2,diurnal,batched,30,P3_dir_balanced,610.1908394016762
9,5,15,2,diurnal,batched,30,P3_dir_balanced,657.4507372691137
9,5,15,2,diurnal,batched,30,P3_dir_balanced,646.9489242250169
9,5,15,2,diurnal,batched,30,P3_dir_balanced,621.49369542255
9,5,15,2,diurnal,batched,30,P3_dir_balanced,642.2566219354948
9,5,15,2,diurnal,batched,30,P3_dir_balanced,718.2152381639448
9,5,15,2,diurnal,batched,30,P3_dir_balanced,676.7749471443224
9,5,15,2,diurnal,batched,30,P3_dir_balanced,639.3487233137216
9,5,15,2,diurnal,batched,30,P3_dir_balanced,642.4507372691137
9,5,15,2,diurnal,batched,30,P3_dir_balanced,754.3991440925231
9,5,15,2,diurnal,batched,30,P3_dir_balanced,634.8842226764046
9,5,15,2,diurnal,batched,30,P3_dir_balanced,586.8692744893799
9,5,15,2,diurnal,batched,30,P3_dir_balanced,667.9137371236566
9,5,15,2,diurnal,batched,30,P3_dir_balanced,597.0242016984233
9,5,15,2,diurnal,batched,30,P3_dir_balanced,564.9538273259368
9,5,15,2,diurnal,batched,30,P3_dir_balanced,685.236919154664
9,5,15,2,diurnal,batched,30,P3_dir_balanced,599.7355929287775
9,5,15,2,diurnal,batched,30,P3_dir_balanced,623.130399209395
9,5,15,2,diurnal,batched,30,P3_dir_balanced,735.513352702319
9,5,15,2,diurnal,batched,30,P3_dir_balanced,700.4058514595506
9,5,15,2,diurnal,batched,30,P3_dir_balanced,726.1661557499323
9,5,15,2,diurnal,batched,30,P3_dir_balanced,762.2566219354948
9,5,15,2,diurnal,batched,30,P3_dir_balanced,685.236919154664
9,5,15,2,diurnal,batched,30,P3_dir_balanced,765.3487233137216
9,5,15,2,diurnal,batched,30,P3_dir_balanced,552.5095658399487
9,5,15,2,diurnal,batched,30,P3_dir_balanced,776.2171258369683
9,5,15,2,diurnal,batched,30,P3_dir_balanced,582.2171258369683
9,5,15,2,diurnal,batched,30,P3_dir_balanced,582.8166788858007
9,5,15,2,diurnal,batched,30,P3_dir_balanced,677.2566219354948
9,5,15,2,diurnal,batched,30,P3_dir_balanced,610.4852743723278
9,5,15,2,diurnal,batched,30,P3_dir_balanced,641.9538273259368
9,5,15,2,diurnal,batched,30,P3_dir_balanced,704.3477051069844
9,5,15,2,diurnal,batched,30,P3_dir_balanced,622.5791344051968
9,5,15,2,diurnal,batched,30,P3_dir_balanced,637.643671427208
9,5,15,2,diurnal,batched,30,P3_dir_balanced,766.3449799348632
9,5,15,2,diurnal,batched,30,P3_dir_balanced,698.5143676119037
9,5,15,2,diurnal,batched,30,P3_dir_balanced,706.9803341662919
9,5,15,2,diurnal,batched,30,P3_dir_balanced,640.5705422470371
9,5,15,2,diurnal,batched,30,P3_dir_balanced,762.0326009549121
9,5,15,2,diurnal,batched,30,P3_dir_balanced,582.2171258369683
9,5,15,2,diurnal,batched,30,P3_dir_balanced,797.3543667981421
9,5,15,2,diurnal,batched,30,P3_dir_balanced,610.8623170373917
9,5,15,2,diurnal,batched,30,P3_dir_balanced,657.4001639633498
9,5,15,2,diurnal,batched,30,P3_dir_balanced,629.902630373554
9,5,15,2,diurnal,batched,30,P3_dir_balanced,634.2446542718179
9,5,15,2,diurnal,batched,30,P3_dir_balanced,815.666857776466
9,5,15,2,diurnal,batched,30,P3_dir_balanced,643.2764736967304
9,5,15,2,diurnal,batched,30,P3_dir_balanced,640.8328019670441
9,5,15,2,diurnal,batched,30,P3_dir_balanced,627.8996213360103
9,5,15,2,diurnal,batched,30,P3_dir_balanced,562.5130154208505
9,5,15,2,diurnal,batched,30,P3_dir_balanced,592.3973220212166
9,5,15,2,diurnal,batched,30,P3_dir_balanced,718.4822781224061
9,5,15,2,diurnal,batched,30,P3_dir_balanced,803.1913414969688
9,5,15,2,diurnal,batched,30,P3_dir_balanced,671.4507372691137
9,5,15,2,diurnal,batched,30,P3_dir_balanced,819.1267896866686
9,5,15,2,diurnal,batched,30,P3_dir_balanced,596.9339449070139
9,5,15,2,diurnal,batched,30,P3_dir_balanced,735.6159194171548
9,5,15,2,diurnal,batched,30,P3_dir_balanced,637.4589488575175
9,5,15,2,diurnal,batched,30,P3_dir_balanced,681.8699024665175
9,5,15,2,diurnal,batched,30,P3_dir_balanced,657.236919154664
9,5,15,2,diurnal,batched,30,P3_dir_balanced,830.1790816373746
9,5,15,2,diurnal,batched,30,P3_dir_balanced,619.0938812814593
9,5,15,2,diurnal,batched,30,P3_dir_balanced,629.7368635654138
9,5,15,2,diurnal,batched,30,P3_dir_balanced,759.4816862648889
9,5,15,2,diurnal,batched,30,P3_dir_balanced,742.4765807176548
9,5,15,2,diurnal,batched,30,P3_dir_balanced,709.3155733336234
9,5,15,2,diurnal,batched,30,P3_dir_balanced,650.6500603472332
9,5,15,2,diurnal,batched,30,P3_dir_balanced,751.6503563582635
9,5,15,2,diurnal,batched,30,P3_dir_balanced,625.1382064726272
9,5,15,2,diurnal,batched,30,P3_dir_balanced,712.666857776466
9,5,15,2,diurnal,batched,30,P3_dir_balanced,647.5963909181683
9,5,15,2,diurnal,batched,30,P3_dir_balanced,570.4871766376774
9,5,15,2,diurnal,batched,30,P3_dir_balanced,524.8149320742298
9,5,15,2,diurnal,batched,30,P3_dir_balanced,667.3473005090875
9,5,15,2,diurnal,batched,30,P3_dir_balanced,631.513869666267
9,5,15,2,diurnal,batched,30,P3_dir_balanced,658.2449869409091
9,5,15,2,diurnal,batched,30,P3_dir_balanced,679.1322997323277
9,5,15,2,diurnal,batched,30,P3_dir_balanced,735.3276691245801
9,5,15,2,diurnal,batched,30,P3_dir_balanced,553.6503563582635
9,5,15,2,diurnal,batched,30,P3_dir_balanced,755.5102965220001
9,5,15,2,diurnal,batched,30,P3_dir_balanced,779.9208791079835
9,5,15,2,diurnal,batched,30,P3_dir_balanced,645.1156393566825
9,5,15,2,diurnal,batched,30,P3_dir_balanced,694.236919154664
9,5,15,2,diurnal,batched,30,P3_dir_balanced,642.2566219354948
9,5,15,2,diurnal,batched,30,P3_dir_balanced,495.48010093381555
9,5,15,2,diurnal,batched,30,P3_dir_balanced,762.0326009549121
9,5,15,2,diurnal,batched,30,P3_dir_balanced,757.3276691245801
9,5,15,2,diurnal,batched,30,P3_dir_balanced,736.123468623911
9,5,15,2,diurnal,batched,30,P3_dir_balanced,665.3299763242063
9,5,15,2,diurnal,batched,30,P3_dir_balanced,693.5536399429468
9,5,15,2,diurnal,batched,30,P3_dir_balanced,511.839441234286
9,5,15,2,diurnal,batched,30,P3_dir_balanced,625.1382064726272
9,5,15,2,diurnal,batched,30,P3_dir_balanced,721.0380557058759
9,5,15,2,diurnal,batched,30,P3_dir_balanced,691.7692383186121
9,5,15,2,diurnal,batched,30,P3_dir_balanced,692.9103596779898
9,5,15,2,diurnal,batched,30,P3_dir_balanced,579.1924617276936
9,5,15,2,diurnal,batched,30,P3_dir_balanced,737.5641237341416
9,5,15,2,diurnal,batched,30,P3_dir_balanced,631.8149320742298
9,5,15,2,diurnal,batched,30,P3_dir_balanced,657.327219050531
9,5,15,2,diurnal,batched,30,P3_dir_balanced,608.3400372395921
9,5,15,2,diurnal,batched,30,P3_dir_balanced,714.9618295766885
9,5,15,2,diurnal,batched,30,P3_dir_balanced,561.7903079824657
9,5,15,2,diurnal,batched,30,P3_dir_balanced,629.7653474096385
9,5,15,2,diurnal,batched,30,P3_dir_balanced,557.6276249465162
9,5,15,2,diurnal,batched,30,P3_dir_balanced,653.4888672577971
9,5,15,2,diurnal,batched,30,P3_dir_balanced,694.2793905917583
9,5,15,2,diurnal,batched,30,P3_dir_balanced,620.5372333965081
9,5,15,2,diurnal,batched,30,P3_dir_balanced,667.2171258369683
9,5,15,2,diurnal,batched,30,P3_dir_balanced,644.6115506331824
9,5,15,2,diurnal,batched,30,P3_dir_balanced,693.1357928059977
9,5,15,2,diurnal,batched,30,P4_temporal,644.3224543640596
9,5,15,2,diurnal,batched,30,P4_temporal,599.7491921618968
9,5,15,2,diurnal,batched,30,P4_temporal,654.1648432304916
9,5,15,2,diurnal,batched,30,P4_temporal,727.3625157923741
9,5,15,2,diurnal,batched,30,P4_temporal,489.6503563582635
9,5,15,2,diurnal,batched,30,P4_temporal,721.0380557058759
9,5,15,2,diurnal,batched,30,P4_temporal,616.643671427208
9,5,15,2,diurnal,batched,30,P4_temporal,699.2171258369683
9,5,15,2,diurnal,batched,30,P4_temporal,664.9803341662919
9,5,15,2,diurnal,batched,30,P4_temporal,677.5006603248783
9,5,15,2,diurnal,batched,30,P4_temporal,582.9534161166904
9,5,15,2,diurnal,batched,30,P4_temporal,726.7692383186121
9,5,15,2,diurnal,batched,30,P4_temporal,728.9524992497302
9,5,15,2,diurnal,batched,30,P4_temporal,690.1215766097558
9,5,15,2,diurnal,batched,30,P4_temporal,694.1130729992736
9,5,15,2,diurnal,batched,30,P4_temporal,665.6503563582635
9,5,15,2,diurnal,batched,30,P4_temporal,787.9765419798908
9,5,15,2,diurnal,batched,30,P4_temporal,624.4719674170173
9,5,15,2,diurnal,batched,30,P4_temporal,683.322535735436
9,5,15,2,diurnal,batched,30,P4_temporal,683.322535735436
9,5,15,2,diurnal,batched,30,P4_temporal,652.7335716395573
9,5,15,2,diurnal,batched,30,P4_temporal,663.2615259863362
9,5,15,2,diurnal,batched,30,P4_temporal,596.707595869263
9,5,15,2,diurnal,batched,30,P4_temporal,602.3649359549082
9,5,15,2,diurnal,batched,30,P4_temporal,531.8699024665175
9,5,15,2,diurnal,batched,30,P4_temporal,582.9534161166904
9,5,15,2,diurnal,batched,30,P4_temporal,598.8000015710049
9,5,15,2,diurnal,batched,30,P4_temporal,546.309043115459
9,5,15,2,diurnal,batched,30,P4_temporal,689.2449869409091
9,5,15,2,diurnal,batched,30,P4_temporal,695.9116343759894
9,5,15,2,diurnal,batched,30,P4_temporal,650.4053556306178
9,5,15,2,diurnal,batched,30,P4_temporal,791.7173032093485
9,5,15,2,diurnal,batched,30,P4_temporal,587.9060949822685
9,5,15,2,diurnal,batched,30,P4_temporal,663.7775908304677
9,5,15,2,diurnal,batched,30,P4_temporal,789.707595869263
9,5,15,2,diurnal,batched,30,P4_temporal,672.3622774827443
9,5,15,2,diurnal,batched,30,P4_temporal,695.4298091993018
9,5,15,2,diurnal,batched,30,P4_temporal,536.8784507670962
9,5,15,2,diurnal,batched,30,P4_temporal,649.0567869923332
9,5,15,2,diurnal,batched,30,P4_temporal,729.219718847294
9,5,15,2,diurnal,batched,30,P4_temporal,574.9721602814088
9,5,15,2,diurnal,batched,30,P4_temporal,643.3086729682184
9,5,15,2,diurnal,batched,30,P4_temporal,588.8686878896497
9,5,15,2,diurnal,batched,30,P4_temporal,732.9405514389359
9,5,15,2,diurnal,batched,30,P4_temporal,628.2849160799419
9,5,15,2,diurnal,batched,30,P4_temporal,771.953083953963
9,5,15,2,diurnal,batched,30,P4_temporal,669.5130154208505
9,5,15,2,diurnal,batched,30,P4_temporal,678.0822952576403
9,5,15,2,diurnal,batched,30,P4_temporal,663.3121454539211
9,5,15,2,diurnal,batched,30,P4_temporal,527.5143676119037
9,5,15,2,diurnal,batched,30,P4_temporal,690.1215766097558
9,5,15,2,diurnal,batched,30,P4_temporal,776.6595123131533
9,5,15,2,diurnal,batched,30,P4_temporal,671.481819505811
9,5,15,2,diurnal,batched,30,P4_temporal,702.9399148804636
9,5,15,2,diurnal,batched,30,P4_temporal,680.0326009549121
9,5,15,2,diurnal,batched,30,P4_temporal,652.5006603248783
9,5,15,2,diurnal,batched,30,P4_temporal,628.9721602814088
9,5,15,2,diurnal,batched,30,P4_temporal,719.452201563764
9,5,15,2,diurnal,batched,30,P4_temporal,686.8591650935473
9,5,15,2,diurnal,batched,30,P4_temporal,657.903100579477
9,5,15,2,diurnal,batched,30,P4_temporal,659.1402532317562
9,5,15,2,diurnal,batched,30,P4_temporal,671.3668830373655
9,5,15,2,diurnal,batched,30,P4_temporal,590.1315237240344
9,5,15,2,diurnal,batched,30,P4_temporal,669.5130154208505
9,5,15,2,diurnal,batched,30,P4_temporal,686.7335716395573
9,5,15,2,diurnal,batched,30,P4_temporal,501.9769094339031
9,5,15,2,diurnal,batched,30,P4_temporal,706.3549456918427
9,5,15,2,diurnal,batched,30,P4_temporal,672.513352702319
9,5,15,2,diurnal,batched,30,P4_temporal,621.5773636538814
9,5,15,2,diurnal,batched,30,P4_temporal,625.4298859263572
9,5,15,2,diurnal,batched,30,P4_temporal,658.9309666903007
9,5,15,2,diurnal,batched,30,P4_temporal,721.4053556306178
9,5,15,2,diurnal,batched,30,P4_temporal,663.2615259863362
9,5,15,2,diurnal,batched,30,P4_temporal,620.9452759120622
9,5,15,2,diurnal,batched,30,P4_temporal,661.800818666989
9,5,15,2,diurnal,batched,30,P4_temporal,670.3449799348632
9,5,15,2,diurnal,batched,30,P4_temporal,606.7386097402559
9,5,15,2,diurnal,batched,30,P4_temporal,682.8216155668024
9,5,15,2,diurnal,batched,30,P4_temporal,665.5487216896272
9,5,15,2,diurnal,batched,30,P4_temporal,694.1130729992736
9,5,15,2,diurnal,batched,30,P4_temporal,607.0822952576403
9,5,15,2,diurnal,batched,30,P4_temporal,597.130399209395
9,5,15,2,diurnal,batched,30,P4_temporal,737.2921766257102
9,5,15,2,diurnal,batched,30,P4_temporal,645.4871766376774
9,5,15,2,diurnal,batched,30,P4_temporal,689.2035221226784
9,5,15,2,diurnal,batched,30,P4_temporal,621.6841842454969
9,5,15,2,diurnal,batched,30,P4_temporal,702.9399148804636
9,5,15,2,diurnal,batched,30,P4_temporal,651.3619639498604
9,5,15,2,diurnal,batched,30,P4_temporal,594.9779681106386
9,5,15,2,diurnal,batched,30,P4_temporal,643.7653474096385
9,5,15,2,diurnal,batched,30,P4_temporal,638.3683293494203
9,5,15,2,diurnal,batched,30,P4_temporal,597.130399209395
9,5,15,2,diurnal,batched,30,P4_temporal,607.0822952576403
9,5,15,2,diurnal,batched,30,P4_temporal,804.6819403798233
9,5,15,2,diurnal,batched,30,P4_temporal,685.2754467807474
9,5,15,2,diurnal,batched,30,P4_temporal,640.9194076523404
9,5,15,2,diurnal,batched,30,P4_temporal,572.6453131447774
9,5,15,2,diurnal,batched,30,P4_temporal,636.6110502659686
9,5,15,2,diurnal,batched,30,P4_temporal,664.3525408131616
9,5,15,2,diurnal,batched,30,P4_temporal,680.1800643165026
9,5,15,2,diurnal,batched,30,P4_temporal,720.127890450857
9,5,15,2,diurnal,batched,30,P4_temporal,793.7379251919114
9,5,15,2,diurnal,batched,30,P4_temporal,616.9452974783576
9,5,15,2,diurnal,batched,30,P4_temporal,565.3437626267512
9,5,15,2,diurnal,batched,30,P4_temporal,639.3108505261569
9,5,15,2,diurnal,batched,30,P4_temporal,638.3683293494203
9,5,15,2,diurnal,batched,30,P4_temporal,686.7335716395573
9,5,15,2,diurnal,batched,30,P4_temporal,620.8591863274146
9,5,15,2,diurnal,batched,30,P4_temporal,545.6595123131533
9,5,15,2,diurnal,batched,30,P4_temporal,727.9189863358774
9,5,15,2,diurnal,batched,30,P4_temporal,632.1130729992736
9,5,15,2,diurnal,batched,30,P4_temporal,664.3006594871883
9,5,15,2,diurnal,batched,30,P4_temporal,717.686787888807
9,5,15,2,diurnal,batched,30,P4_temporal,606.7386097402559
9,5,15,2,diurnal,batched,30,P4_temporal,738.8735612040497
9,5,15,2,diurnal,batched,30,P4_temporal,635.1978037285686
9,5,15,2,diurnal,batched,30,P4_temporal,748.5670884414851
9,5,15,2,diurnal,batched,30,P4_temporal,737.5980404419633
9,5,15,2,diurnal,batched,30,P4_temporal,549.3276691245801
9,5,15,2,diurnal,batched,30,P4_temporal,751.8163276848876
9,5,15,2,diurnal,batched,30,P4_temporal,665.8365731604497
9,5,15,2,diurnal,batched,30,P4_temporal,699.1210630480939
9,5,15,2,diurnal,batched,30,P4_temporal,701.1159013016569
9,5,15,2,diurnal,batched,30,P4_temporal,624.2377050207642
9,5,15,2,diurnal,batched,30,P4_temporal,652.6440321732408
9,5,15,2,diurnal,batched,30,P4_temporal,795.4185084467132
9,5,15,2,diurnal,batched,30,P4_temporal,521.1658066444742
9,5,15,2,diurnal,batched,30,P4_temporal,661.766807502821
9,5,15,2,diurnal,batched,30,P4_temporal,588.5619430261178
9,5,15,2,diurnal,batched,30,P4_temporal,501.9769094339031
9,5,15,2,diurnal,batched,30,P4_temporal,603.3051062339002
9,5,15,2,diurnal,batched,30,P4_temporal,625.7775908304677
9,5,15,2,diurnal,batched,30,P4_temporal,542.8147063132648
9,5,15,2,diurnal,batched,30,P4_temporal,633.7950577200644
9,5,15,2,diurnal,batched,30,P4_temporal,501.9769094339031
9,5,15,2,diurnal,batched,30,P4_temporal,701.1159013016569
9,5,15,2,diurnal,batched,30,P4_temporal,600.4298859263572
9,5,15,2,diurnal,batched,30,P4_temporal,609.9765419798908
9,5,15,2,diurnal,batched,30,P4_temporal,647.3299763242063
9,5,15,2,diurnal,batched,30,P4_temporal,697.8352334291569
9,5,15,2,diurnal,batched,30,P4_temporal,652.7335716395573
9,5,15,2,diurnal,batched,30,P4_temporal,708.6970924833902
9,5,15,2,diurnal,batched,30,P4_temporal,770.1748082316899
9,5,15,2,diurnal,batched,30,P4_temporal,775.4852743723278
9,5,15,2,diurnal,batched,30,P4_temporal,556.5601192272853
9,5,15,2,diurnal,batched,30,P4_temporal,559.0939647045108
9,5,15,2,diurnal,batched,30,P4_temporal,521.3336202173432
9,5,15,2,diurnal,batched,30,P4_temporal,563.5067024373359
9,5,15,2,diurnal,batched,30,P4_temporal,690.4822781224061
9,5,15,2,diurnal,batched,30,P4_temporal,640.6503563582635
9,5,15,2,diurnal,batched,30,P4_temporal,697.8352334291569
9,5,15,2,diurnal,batched,30,P4_temporal,652.5006603248783
9,5,15,2,diurnal,batched,30,P4_temporal,669.9191975979837
9,5,15,2,diurnal,batched,30,P4_temporal,647.5963909181683
9,5,15,2,diurnal,batched,30,P4_temporal,708.9501223438664
9,5,15,2,diurnal,batched,30,P4_temporal,640.9194076523404
9,5,15,2,diurnal,batched,30,P4_temporal,645.4871766376774
9,5,15,2,diurnal,batched,30,P4_temporal,775.9765419798908
9,5,15,2,diurnal,batched,30,P4_temporal,702.3437057627941
9,5,15,2,diurnal,batched,30,P4_temporal,774.902630373554
9,5,15,2,diurnal,batched,30,P4_temporal,770.1748082316899
9,5,15,2,diurnal,batched,30,P4_temporal,701.9489242250169
9,5,15,2,diurnal,batched,30,P4_temporal,569.5217419801713
9,5,15,2,diurnal,batched,30,P4_temporal,640.8328019670441
9,5,15,2,diurnal,batched,30,P4_temporal,663.3121454539211
9,5,15,2,diurnal,batched,30,P4_temporal,711.9399148804636
9,5,15,2,diurnal,batched,30,P4_temporal,750.3668830373655
9,5,15,2,diurnal,batched,30,P4_temporal,606.7078463921077
9,5,15,2,diurnal,batched,30,P4_temporal,719.5619430261178
9,5,15,2,diurnal,batched,30,P4_temporal,635.8056535590249
9,5,15,2,diurnal,batched,30,P4_temporal,665.8918681168399
9,5,15,2,diurnal,batched,30,P4_temporal,738.8735612040497
9,5,15,2,diurnal,batched,30,P4_temporal,654.1648432304916
9,5,15,2,diurnal,batched,30,P4_temporal,663.9399148804636
9,5,15,2,diurnal,batched,30,P4_temporal,550.1215766097558
9,5,15,2,diurnal,batched,30,P4_temporal,677.2949477449582
9,5,15,2,diurnal,batched,30,P4_temporal,704.5641237341416
9,5,15,2,diurnal,batched,30,P4_temporal,733.0662209738372
9,5,15,2,diurnal,batched,30,P4_temporal,714.9618295766885
9,5,15,2,diurnal,batched,30,P4_temporal,703.021332702712
9,5,15,2,diurnal,batched,30,P4_temporal,592.4001639633498
9,5,15,2,diurnal,batched,30,P4_temporal,721.309043115459
9,5,15,2,diurnal,batched,30,P4_temporal,652.5980404419633
9,5,15,2,diurnal,batched,30,P4_temporal,596.3437057627941
9,5,15,2,diurnal,batched,30,P4_temporal,789.5722340395805
9,5,15,2,diurnal,batched,30,P4_temporal,688.6595123131533
9,5,15,2,diurnal,batched,30,P4_temporal,640.0382028412646
9,5,15,2,diurnal,batched,30,P4_temporal,793.9524992497302
9,5,15,2,diurnal,batched,30,P4_temporal,620.1322997323277
9,5,15,2,diurnal,batched,30,P4_temporal,617.1925959782848
9,5,15,2,diurnal,batched,30,P4_temporal,762.9802337530841
9,5,15,2,diurnal,batched,30,P4_temporal,597.0242016984233
9,5,15,2,diurnal,batched,30,P4_temporal,712.127890450857
9,5,15,2,diurnal,batched,30,P4_temporal,699.0517409252707
9,5,15,2,diurnal,batched,30,P4_temporal,673.5148111114777
9,5,15,2,diurnal,batched,30,P4_temporal,530.7903079824657
9,5,15,2,diurnal,batched,30,P4_temporal,663.8582064054369
9,5,15,2,diurnal,batched,30,P4_temporal,721.3121454539211
9,5,15,2,diurnal,batched,30,P4_temporal,648.5738580395617
9,5,15,2,diurnal,batched,30,P4_temporal,657.4001639633498
9,5,15,2,diurnal,batched,30,P5_phi,699.1970811787418
9,5,15,2,diurnal,batched,30,P5_phi,533.2754467807474
9,5,15,2,diurnal,batched,30,P5_phi,537.7105989709512
9,5,15,2,diurnal,batched,30,P5_phi,785.4115825488236
9,5,15,2,diurnal,batched,30,P5_phi,653.0430919233272
9,5,15,2,diurnal,batched,30,P5_phi,640.9194076523404
9,5,15,2,diurnal,batched,30,P5_phi,617.5221177129638
9,5,15,2,diurnal,batched,30,P5_phi,739.8247636904738
9,5,15,2,diurnal,batched,30,P5_phi,714.9137371236566
9,5,15,2,diurnal,batched,30,P5_phi,584.2027358384009
9,5,15,2,diurnal,batched,30,P5_phi,639.8692950637138
9,5,15,2,diurnal,batched,30,P5_phi,751.8247636904738
9,5,15,2,diurnal,batched,30,P5_phi,672.4492658259301
9,5,15,2,diurnal,batched,30,P5_phi,729.219718847294
9,5,15,2,diurnal,batched,30,P5_phi,635.7105989709512
9,5,15,2,diurnal,batched,30,P5_phi,767.4053556306178
9,5,15,2,diurnal,batched,30,P5_phi,670.2449869409091
9,5,15,2,diurnal,batched,30,P5_phi,601.3784798335523
9,5,15,2,diurnal,batched,30,P5_phi,617.5221177129638
9,5,15,2,diurnal,batched,30,P5_phi,635.7169474724426
9,5,15,2,diurnal,batched,30,P5_phi,712.3036409051897
9,5,15,2,diurnal,batched,30,P5_phi,611.8426546134489
9,5,15,2,diurnal,batched,30,P5_phi,601.1661557499323
9,5,15,2,diurnal,batched,30,P5_phi,663.0163025778232
9,5,15,2,diurnal,batched,30,P5_phi,744.794852920417
9,5,15,2,diurnal,batched,30,P5_phi,657.9538273259368
9,5,15,2,diurnal,batched,30,P5_phi,678.3477051069844
9,5,15,2,diurnal,batched,30,P5_phi,785.4115825488236
9,5,15,2,diurnal,batched,30,P5_phi,708.1978037285686
9,5,15,2,diurnal,batched,30,P5_phi,729.219718847294
9,5,15,2,diurnal,batched,30,P5_phi,814.2224002106445
9,5,15,2,diurnal,batched,30,P5_phi,535.7169474724426
9,5,15,2,diurnal,batched,30,P5_phi,668.130399209395
9,5,15,2,diurnal,batched,30,P5_phi,659.7379251919114
9,5,15,2,diurnal,batched,30,P5_phi,638.3708520670881
9,5,15,2,diurnal,batched,30,P5_phi,677.688595432144
9,5,15,2,diurnal,batched,30,P5_phi,685.6693477805527
9,5,15,2,diurnal,batched,30,P5_phi,644.7155475872065
9,5,15,2,diurnal,batched,30,P5_phi,701.9489242250169
9,5,15,2,diurnal,batched,30,P5_phi,685.6693477805527
9,5,15,2,diurnal,batched,30,P5_phi,576.9489242250169
9,5,15,2,diurnal,batched,30,P5_phi,657.3336202173432
9,5,15,2,diurnal,batched,30,P5_phi,652.6440321732408
9,5,15,2,diurnal,batched,30,P5_phi,627.481819505811
9,5,15,2,diurnal,batched,30,P5_phi,607.6819403798233
9,5,15,2,diurnal,batched,30,P5_phi,705.279147360449
9,5,15,2,diurnal,batched,30,P5_phi,636.7330836137124
9,5,15,2,diurnal,batched,30,P5_phi,740.6525225894629
9,5,15,2,diurnal,batched,30,P5_phi,581.1701685738537
9,5,15,2,diurnal,batched,30,P5_phi,656.3334922593845
9,5,15,2,diurnal,batched,30,P5_phi,614.4417722914574
9,5,15,2,diurnal,batched,30,P5_phi,638.009921183121
9,5,15,2,diurnal,batched,30,P5_phi,643.021332702712
9,5,15,2,diurnal,batched,30,P5_phi,766.4492658259301
9,5,15,2,diurnal,batched,30,P5_phi,656.3334922593845
9,5,15,2,diurnal,batched,30,P5_phi,564.3532294749326
9,5,15,2,diurnal,batched,30,P5_phi,705.279147360449
9,5,15,2,diurnal,batched,30,P5_phi,746.5846581838728
9,5,15,2,diurnal,batched,30,P5_phi,668.130399209395
9,5,15,2,diurnal,batched,30,P5_phi,599.7950577200644
9,5,15,2,diurnal,batched,30,P5_phi,537.7105989709512
9,5,15,2,diurnal,batched,30,P5_phi,644.2964635159927
9,5,15,2,diurnal,batched,30,P5_phi,611.8426546134489
9,5,15,2,diurnal,batched,30,P5_phi,661.1970811787418
9,5,15,2,diurnal,batched,30,P5_phi,585.8000015710049
9,5,15,2,diurnal,batched,30,P5_phi,623.5322326587602
9,5,15,2,diurnal,batched,30,P5_phi,609.564475930426
9,5,15,2,diurnal,batched,30,P5_phi,711.8918681168399
9,5,15,2,diurnal,batched,30,P5_phi,661.1970811787418
9,5,15,2,diurnal,batched,30,P5_phi,657.3336202173432
9,5,15,2,diurnal,batched,30,P5_phi,572.3051062339002
9,5,15,2,diurnal,batched,30,P5_phi,640.9194076523404
9,5,15,2,diurnal,batched,30,P5_phi,722.0891833887276
9,5,15,2,diurnal,batched,30,P5_phi,672.4492658259301
9,5,15,2,diurnal,batched,30,P5_phi,631.3334922593845
9,5,15,2,diurnal,batched,30,P5_phi,671.481819505811
9,5,15,2,diurnal,batched,30,P5_phi,662.327219050531
9,5,15,2,diurnal,batched,30,P5_phi,638.4282475156595
9,5,15,2,diurnal,batched,30,P5_phi,676.9309666903007
9,5,15,2,diurnal,batched,30,P5_phi,633.564475930426
9,5,15,2,diurnal,batched,30,P5_phi,751.8247636904738
9,5,15,2,diurnal,batched,30,P5_phi,638.7943062742659
9,5,15,2,diurnal,batched,30,P5_phi,597.6110502659686
9,5,15,2,diurnal,batched,30,P5_phi,537.8591863274146
9,5,15,2,diurnal,batched,30,P5_phi,638.9721602814088
9,5,15,2,diurnal,batched,30,P5_phi,710.6134493343247
9,5,15,2,diurnal,batched,30,P5_phi,581.1701685738537
9,5,15,2,diurnal,batched,30,P5_phi,654.779424471019
9,5,15,2,diurnal,batched,30,P5_phi,722.0891833887276
9,5,15,2,diurnal,batched,30,P5_phi,535.4023898974376
9,5,15,2,diurnal,batched,30,P5_phi,694.1060121802818
9,5,15,2,diurnal,batched,30,P5_phi,607.775687851682
9,5,15,2,diurnal,batched,30,P5_phi,648.3437626267512
9,5,15,2,diurnal,batched,30,P5_phi,593.8735612040497
9,5,15,2,diurnal,batched,30,P5_phi,686.6339153174412
9,5,15,2,diurnal,batched,30,P5_phi,547.1661557499323
9,5,15,2,diurnal,batched,30,P5_phi,618.2803821529925
9,5,15,2,diurnal,batched,30,P5_phi,631.3334922593845
9,5,15,2,diurnal,batched,30,P5_phi,714.7903079824657
9,5,15,2,diurnal,batched,30,P5_phi,712.766807502821
9,5,15,2,diurnal,batched,30,P5_phi,719.5619430261178
9,5,15,2,diurnal,batched,30,P5_phi,593.8735612040497
9,5,15,2,diurnal,batched,30,P5_phi,585.8000015710049
9,5,15,2,diurnal,batched,30,P5_phi,674.5322326587602
9,5,15,2,diurnal,batched,30,P5_phi,657.3336202173432
9,5,15,2,diurnal,batched,30,P5_phi,688.7846706370374
9,5,15,2,diurnal,batched,30,P5_phi,657.9381247105177
9,5,15,2,diurnal,batched,30,P5_phi,754.9802337530841
9,5,15,2,diurnal,batched,30,P5_phi,627.481819505811
9,5,15,2,diurnal,batched,30,P5_phi,656.4950698772909
9,5,15,2,diurnal,batched,30,P5_phi,577.0222603692316
9,5,15,2,diurnal,batched,30,P5_phi,597.5038640734044
9,5,15,2,diurnal,batched,30,P5_phi,561.8784507670962
9,5,15,2,diurnal,batched,30,P5_phi,617.9489242250169
9,5,15,2,diurnal,batched,30,P5_phi,662.327219050531
9,5,15,2,diurnal,batched,30,P5_phi,814.2224002106445
9,5,15,2,diurnal,batched,30,P5_phi,766.4492658259301
9,5,15,2,diurnal,batched,30,P5_phi,770.9709093781003
9,5,15,2,diurnal,batched,30,P5_phi,661.1970811787418
9,5,15,2,diurnal,batched,30,P5_phi,701.9489242250169
9,5,15,2,diurnal,batched,30,P5_phi,697.4492658259301
9,5,15,2,diurnal,batched,30,P5_phi,677.688595432144
9,5,15,2,diurnal,batched,30,P5_phi,591.0761752164304
9,5,15,2,diurnal,batched,30,P5_phi,691.4643285290609
9,5,15,2,diurnal,batched,30,P5_phi,654.779424471019
9,5,15,2,diurnal,batched,30,P5_phi,712.766807502821
9,5,15,2,diurnal,batched,30,P5_phi,746.7467542109578
9,5,15,2,diurnal,batched,30,P5_phi,707.3549456918427
9,5,15,2,diurnal,batched,30,P5_phi,718.3766676827854
9,5,15,2,diurnal,batched,30,P5_phi,719.5983424972771
9,5,15,2,diurnal,batched,30,P5_phi,635.7105989709512
9,5,15,2,diurnal,batched,30,P5_phi,731.3142537588791
9,5,15,2,diurnal,batched,30,P5_phi,618.3263119817952
9,5,15,2,diurnal,batched,30,P5_phi,638.4282475156595
9,5,15,2,diurnal,batched,30,P5_phi,763.7467542109578
9,5,15,2,diurnal,batched,30,P5_phi,740.6525225894629
9,5,15,2,diurnal,batched,30,P5_phi,623.513869666267
9,5,15,2,diurnal,batched,30,P5_phi,739.8247636904738
9,5,15,2,diurnal,batched,30,P5_phi,701.9489242250169
9,5,15,2,diurnal,batched,30,P5_phi,705.279147360449
9,5,15,2,diurnal,batched,30,P5_phi,706.2754467807474
9,5,15,2,diurnal,batched,30,P5_phi,675.9538273259368
9,5,15,2,diurnal,batched,30,P5_phi,626.6110502659686
9,5,15,2,diurnal,batched,30,P5_phi,588.5619430261178
9,5,15,2,diurnal,batched,30,P5_phi,648.8623170373917
9,5,15,2,diurnal,batched,30,P5_phi,722.0891833887276
9,5,15,2,diurnal,batched,30,P5_phi,633.564475930426
9,5,15,2,diurnal,batched,30,P5_phi,636.7330836137124
9,5,15,2,diurnal,batched,30,P5_phi,740.6525225894629
9,5,15,2,diurnal,batched,30,P5_phi,701.9489242250169
9,5,15,2,diurnal,batched,30,P5_phi,642.4073282190609
9,5,15,2,diurnal,batched,30,P5_phi,699.8352334291569
9,5,15,2,diurnal,batched,30,P5_phi,663.3619639498604
9,5,15,2,diurnal,batched,30,P5_phi,597.5038640734044
9,5,15,2,diurnal,batched,30,P5_phi,670.2449869409091
9,5,15,2,diurnal,batched,30,P5_phi,658.513352702319
9,5,15,2,diurnal,batched,30,P5_phi,642.4073282190609
9,5,15,2,diurnal,batched,30,P5_phi,652.6440321732408
9,5,15,2,diurnal,batched,30,P5_phi,635.0690487260006
9,5,15,2,diurnal,batched,30,P5_phi,685.6693477805527
9,5,15,2,diurnal,batched,30,P5_phi,640.9194076523404
9,5,15,2,diurnal,batched,30,P5_phi,558.3720739457985
9,5,15,2,diurnal,batched,30,P5_phi,719.5619430261178
9,5,15,2,diurnal,batched,30,P5_phi,656.4950698772909
9,5,15,2,diurnal,batched,30,P5_phi,814.2224002106445
9,5,15,2,diurnal,batched,30,P5_phi,640.0984304412857
9,5,15,2,diurnal,batched,30,P5_phi,783.8735612040497
9,5,15,2,diurnal,batched,30,P5_phi,634.9304882659521
9,5,15,2,diurnal,batched,30,P5_phi,648.3437626267512
9,5,15,2,diurnal,batched,30,P5_phi,485.7208459077914
9,5,15,2,diurnal,batched,30,P5_phi,780.4115825488236
9,5,15,2,diurnal,batched,30,P5_phi,612.4871766376774
9,5,15,2,diurnal,batched,30,P5_phi,744.794852920417
9,5,15,2,diurnal,batched,30,P5_phi,636.7330836137124
9,5,15,2,diurnal,batched,30,P5_phi,661.1970811787418
9,5,15,2,diurnal,batched,30,P5_phi,711.8918681168399
9,5,15,2,diurnal,batched,30,P5_phi,578.8365731604497
9,5,15,2,diurnal,batched,30,P5_phi,597.5038640734044
9,5,15,2,diurnal,batched,30,P5_phi,766.4492658259301
9,5,15,2,diurnal,batched,30,P5_phi,657.9381247105177
9,5,15,2,diurnal,batched,30,P5_phi,675.5484271507208
9,5,15,2,diurnal,batched,30,P5_phi,640.9194076523404
9,5,15,2,diurnal,batched,30,P5_phi,714.7903079824657
9,5,15,2,diurnal,batched,30,P5_phi,767.4053556306178
9,5,15,2,diurnal,batched,30,P5_phi,718.3766676827854
9,5,15,2,diurnal,batched,30,P5_phi,558.3720739457985
9,5,15,2,diurnal,batched,30,P5_phi,577.7288527396521
9,5,15,2,diurnal,batched,30,P5_phi,537.7105989709512
9,5,15,2,diurnal,batched,30,P5_phi,640.0984304412857
9,5,15,2,diurnal,batched,30,P5_phi,662.8884977806811
9,5,15,2,diurnal,batched,30,P5_phi,610.3991440925231
9,5,15,2,diurnal,batched,30,P5_phi,604.9692773511397
9,5,15,2,diurnal,batched,30,P5_phi,753.9407414557286
9,5,15,2,diurnal,batched,30,P5_phi,718.3766676827854
9,5,15,2,diurnal,batched,30,P5_phi,737.2921766257102
9,5,15,2,diurnal,batched,30,P5_phi,547.1661557499323
9,5,15,2,diurnal,batched,30,P5_phi,635.8056535590249
9,5,15,2,diurnal,batched,30,P5_phi,604.9692773511397
9,5,15,2,diurnal,batched,30,P5_phi,659.7379251919114
9,5,15,2,diurnal,batched,30,P5_phi,744.794852920417
9,5,15,2,diurnal,batched,30,P6_spo_tree,590.2964635159927
9,5,15,2,diurnal,batched,30,P6_spo_tree,653.8351668932526
9,5,15,2,diurnal,batched,30,P6_spo_tree,677.688595432144
9,5,15,2,diurnal,batched,30,P6_spo_tree,594.9191975979837
9,5,15,2,diurnal,batched,30,P6_spo_tree,605.0081758854528
9,5,15,2,diurnal,batched,30,P6_spo_tree,564.9538273259368
9,5,15,2,diurnal,batched,30,P6_spo_tree,676.9916843729875
9,5,15,2,diurnal,batched,30,P6_spo_tree,654.9709093781003
9,5,15,2,diurnal,batched,30,P6_spo_tree,681.0626452654975
9,5,15,2,diurnal,batched,30,P6_spo_tree,600.0341830414583
9,5,15,2,diurnal,batched,30,P6_spo_tree,643.2658058146534
9,5,15,2,diurnal,batched,30,P6_spo_tree,584.2685430449292
9,5,15,2,diurnal,batched,30,P6_spo_tree,580.0761752164304
9,5,15,2,diurnal,batched,30,P6_spo_tree,705.279147360449
9,5,15,2,diurnal,batched,30,P6_spo_tree,735.2665732451421
9,5,15,2,diurnal,batched,30,P6_spo_tree,706.6431948721453
9,5,15,2,diurnal,batched,30,P6_spo_tree,692.0281201720419
9,5,15,2,diurnal,batched,30,P6_spo_tree,681.0958012500669
9,5,15,2,diurnal,batched,30,P6_spo_tree,720.127890450857
9,5,15,2,diurnal,batched,30,P6_spo_tree,686.9137371236566
9,5,15,2,diurnal,batched,30,P6_spo_tree,725.8735612040497
9,5,15,2,diurnal,batched,30,P6_spo_tree,578.9399148804636
9,5,15,2,diurnal,batched,30,P6_spo_tree,743.9405514389359
9,5,15,2,diurnal,batched,30,P6_spo_tree,746.9769094339031
9,5,15,2,diurnal,batched,30,P6_spo_tree,702.779424471019
9,5,15,2,diurnal,batched,30,P6_spo_tree,535.7169474724426
9,5,15,2,diurnal,batched,30,P6_spo_tree,684.3525408131616
9,5,15,2,diurnal,batched,30,P6_spo_tree,739.1099267847899
9,5,15,2,diurnal,batched,30,P6_spo_tree,614.1652909816805
9,5,15,2,diurnal,batched,30,P6_spo_tree,700.9191975979837
9,5,15,2,diurnal,batched,30,P6_spo_tree,545.6595123131533
9,5,15,2,diurnal,batched,30,P6_spo_tree,578.4852743723278
9,5,15,2,diurnal,batched,30,P6_spo_tree,664.9788314249415
9,5,15,2,diurnal,batched,30,P6_spo_tree,635.1978037285686
9,5,15,2,diurnal,batched,30,P6_spo_tree,641.843799834088
9,5,15,2,diurnal,batched,30,P6_spo_tree,602.724959306533
9,5,15,2,diurnal,batched,30,P6_spo_tree,765.3487233137216
9,5,15,2,diurnal,batched,30,P6_spo_tree,675.7846706370374
9,5,15,2,diurnal,batched,30,P6_spo_tree,701.9726087473173
9,5,15,2,diurnal,batched,30,P6_spo_tree,631.3477051069844
9,5,15,2,diurnal,batched,30,P6_spo_tree,754.3683293494203
9,5,15,2,diurnal,batched,30,P6_spo_tree,671.7903079824657
9,5,15,2,diurnal,batched,30,P6_spo_tree,681.5980404419633
9,5,15,2,diurnal,batched,30,P6_spo_tree,611.4184904560461
9,5,15,2,diurnal,batched,30,P6_spo_tree,710.6401869617343
9,5,15,2,diurnal,batched,30,P6_spo_tree,602.3773266759555
9,5,15,2,diurnal,batched,30,P6_spo_tree,687.5143676119037
9,5,15,2,diurnal,batched,30,P6_spo_tree,637.6159194171548
9,5,15,2,diurnal,batched,30,P6_spo_tree,616.643671427208
9,5,15,2,diurnal,batched,30,P6_spo_tree,690.6529230685385
9,5,15,2,diurnal,batched,30,P6_spo_tree,621.3794975276408
9,5,15,2,diurnal,batched,30,P6_spo_tree,671.7903079824657
9,5,15,2,diurnal,batched,30,P6_spo_tree,626.6929483588938
9,5,15,2,diurnal,batched,30,P6_spo_tree,648.3437626267512
9,5,15,2,diurnal,batched,30,P6_spo_tree,554.9769094339031
9,5,15,2,diurnal,batched,30,P6_spo_tree,719.5983424972771
9,5,15,2,diurnal,batched,30,P6_spo_tree,741.2192667118594
9,5,15,2,diurnal,batched,30,P6_spo_tree,605.0341830414583
9,5,15,2,diurnal,batched,30,P6_spo_tree,612.3898420101782
9,5,15,2,diurnal,batched,30,P6_spo_tree,657.9538273259368
9,5,15,2,diurnal,batched,30,P6_spo_tree,735.2665732451421
9,5,15,2,diurnal,batched,30,P6_spo_tree,655.1267896866686
9,5,15,2,diurnal,batched,30,P6_spo_tree,599.5773636538814
9,5,15,2,diurnal,batched,30,P6_spo_tree,716.5735386262293
9,5,15,2,diurnal,batched,30,P6_spo_tree,597.481819505811
9,5,15,2,diurnal,batched,30,P6_spo_tree,540.013416422242
9,5,15,2,diurnal,batched,30,P6_spo_tree,663.0604786433836
9,5,15,2,diurnal,batched,30,P6_spo_tree,742.8735612040497
9,5,15,2,diurnal,batched,30,P6_spo_tree,650.903100579477
9,5,15,2,diurnal,batched,30,P6_spo_tree,714.9726087473173
9,5,15,2,diurnal,batched,30,P6_spo_tree,662.9817141820009
9,5,15,2,diurnal,batched,30,P6_spo_tree,652.7125009751765
9,5,15,2,diurnal,batched,30,P6_spo_tree,651.4612320507042
9,5,15,2,diurnal,batched,30,P6_spo_tree,584.2685430449292
9,5,15,2,diurnal,batched,30,P6_spo_tree,734.2497620172369
9,5,15,2,diurnal,batched,30,P6_spo_tree,569.5217419801713
9,5,15,2,diurnal,batched,30,P6_spo_tree,604.4667096606361
9,5,15,2,diurnal,batched,30,P6_spo_tree,665.236919154664
9,5,15,2,diurnal,batched,30,P6_spo_tree,587.3619639498604
9,5,15,2,diurnal,batched,30,P6_spo_tree,712.7650634121951
9,5,15,2,diurnal,batched,30,P6_spo_tree,584.2685430449292
9,5,15,2,diurnal,batched,30,P6_spo_tree,699.7509442544542
9,5,15,2,diurnal,batched,30,P6_spo_tree,548.3692585672021
9,5,15,2,diurnal,batched,30,P6_spo_tree,701.8126550064675
9,5,15,2,diurnal,batched,30,P6_spo_tree,618.8318397759001
9,5,15,2,diurnal,batched,30,P6_spo_tree,738.5413650061425
9,5,15,2,diurnal,batched,30,P6_spo_tree,676.4023898974376
9,5,15,2,diurnal,batched,30,P6_spo_tree,700.2377050207642
9,5,15,2,diurnal,batched,30,P6_spo_tree,699.0517409252707
9,5,15,2,diurnal,batched,30,P6_spo_tree,751.4667096606361
9,5,15,2,diurnal,batched,30,P6_spo_tree,622.5846581838728
9,5,15,2,diurnal,batched,30,P6_spo_tree,561.6860256407017
9,5,15,2,diurnal,batched,30,P6_spo_tree,765.3487233137216
9,5,15,2,diurnal,batched,30,P6_spo_tree,647.0822952576403
9,5,15,2,diurnal,batched,30,P6_spo_tree,597.7125009751765
9,5,15,2,diurnal,batched,30,P6_spo_tree,633.0604786433836
9,5,15,2,diurnal,batched,30,P6_spo_tree,790.999939301079
9,5,15,2,diurnal,batched,30,P6_spo_tree,733.75800732328
9,5,15,2,diurnal,batched,30,P6_spo_tree,691.4643285290609
9,5,15,2,diurnal,batched,30,P6_spo_tree,671.6704336385114
9,5,15,2,diurnal,batched,30,P6_spo_tree,648.4765807176548
9,5,15,2,diurnal,batched,30,P6_spo_tree,717.686787888807
9,5,15,2,diurnal,batched,30,P6_spo_tree,629.4298859263572
9,5,15,2,diurnal,batched,30,P6_spo_tree,712.666857776466
9,5,15,2,diurnal,batched,30,P6_spo_tree,721.0626452654975
9,5,15,2,diurnal,batched,30,P6_spo_tree,640.3142537588791
9,5,15,2,diurnal,batched,30,P6_spo_tree,586.3473005090875
9,5,15,2,diurnal,batched,30,P6_spo_tree,696.2395658152685
9,5,15,2,diurnal,batched,30,P6_spo_tree,674.5322326587602
9,5,15,2,diurnal,batched,30,P6_spo_tree,619.9137371236566
9,5,15,2,diurnal,batched,30,P6_spo_tree,809.3006594871883
9,5,15,2,diurnal,batched,30,P6_spo_tree,664.3525408131616
9,5,15,2,diurnal,batched,30,P6_spo_tree,636.5484271507208
9,5,15,2,diurnal,batched,30,P6_spo_tree,746.5846581838728
9,5,15,2,diurnal,batched,30,P6_spo_tree,753.0253225704782
9,5,15,2,diurnal,batched,30,P6_spo_tree,585.481819505811
9,5,15,2,diurnal,batched,30,P6_spo_tree,628.5394287432325
9,5,15,2,diurnal,batched,30,P6_spo_tree,582.9534161166904
9,5,15,2,diurnal,batched,30,P6_spo_tree,678.1790816373746
9,5,15,2,diurnal,batched,30,P6_spo_tree,623.9769094339031
9,5,15,2,diurnal,batched,30,P6_spo_tree,615.903100579477
9,5,15,2,diurnal,batched,30,P6_spo_tree,604.9692773511397
9,5,15,2,diurnal,batched,30,P6_spo_tree,677.5006603248783
9,5,15,2,diurnal,batched,30,P6_spo_tree,714.2658058146534
9,5,15,2,diurnal,batched,30,P6_spo_tree,635.6373687753154
9,5,15,2,diurnal,batched,30,P6_spo_tree,572.0163025778232
9,5,15,2,diurnal,batched,30,P6_spo_tree,597.785677337427
9,5,15,2,diurnal,batched,30,P6_spo_tree,680.9191975979837
9,5,15,2,diurnal,batched,30,P6_spo_tree,694.9381247105177
9,5,15,2,diurnal,batched,30,P6_spo_tree,694.1215766097558
9,5,15,2,diurnal,batched,30,P6_spo_tree,626.6929483588938
9,5,15,2,diurnal,batched,30,P6_spo_tree,671.5791344051968
9,5,15,2,diurnal,batched,30,P6_spo_tree,643.8574742633007
9,5,15,2,diurnal,batched,30,P6_spo_tree,565.3437626267512
9,5,15,2,diurnal,batched,30,P6_spo_tree,570.7903079824657
9,5,15,2,diurnal,batched,30,P6_spo_tree,633.564475930426
9,5,15,2,diurnal,batched,30,P6_spo_tree,605.0081758854528
9,5,15,2,diurnal,batched,30,P6_spo_tree,607.4708947041855
9,5,15,2,diurnal,batched,30,P6_spo_tree,621.1130729992736
9,5,15,2,diurnal,batched,30,P6_spo_tree,680.6339153174412
9,5,15,2,diurnal,batched,30,P6_spo_tree,568.1156393566825
9,5,15,2,diurnal,batched,30,P6_spo_tree,731.4461594402408
9,5,15,2,diurnal,batched,30,P6_spo_tree,754.9060949822685
9,5,15,2,diurnal,batched,30,P6_spo_tree,616.643671427208
9,5,15,2,diurnal,batched,30,P6_spo_tree,638.6500603472332
9,5,15,2,diurnal,batched,30,P6_spo_tree,539.2331079252323
9,5,15,2,diurnal,batched,30,P6_spo_tree,651.0738830755058
9,5,15,2,diurnal,batched,30,P6_spo_tree,664.7749471443224
9,5,15,2,diurnal,batched,30,P6_spo_tree,644.902630373554
9,5,15,2,diurnal,batched,30,P6_spo_tree,599.0761752164304
9,5,15,2,diurnal,batched,30,P6_spo_tree,667.9769876021431
9,5,15,2,diurnal,batched,30,P6_spo_tree,620.666857776466
9,5,15,2,diurnal,batched,30,P6_spo_tree,695.3991440925231
9,5,15,2,diurnal,batched,30,P6_spo_tree,546.3991440925231
9,5,15,2,diurnal,batched,30,P6_spo_tree,676.9309666903007
9,5,15,2,diurnal,batched,30,P6_spo_tree,692.6595123131533
9,5,15,2,diurnal,batched,30,P6_spo_tree,754.9189863358774
9,5,15,2,diurnal,batched,30,P6_spo_tree,612.0874033768883
9,5,15,2,diurnal,batched,30,P6_spo_tree,737.9266276765679
9,5,15,2,diurnal,batched,30,P6_spo_tree,638.3477051069844
9,5,15,2,diurnal,batched,30,P6_spo_tree,664.7467542109578
9,5,15,2,diurnal,batched,30,P6_spo_tree,657.8994788806593
9,5,15,2,diurnal,batched,30,P6_spo_tree,718.3766676827854
9,5,15,2,diurnal,batched,30,P6_spo_tree,517.4460733671385
9,5,15,2,diurnal,batched,30,P6_spo_tree,660.8842226764046
9,5,15,2,diurnal,batched,30,P6_spo_tree,634.5642256624208
9,5,15,2,diurnal,batched,30,P6_spo_tree,577.3836019242461
9,5,15,2,diurnal,batched,30,P6_spo_tree,653.8143965639568
9,5,15,2,diurnal,batched,30,P6_spo_tree,626.6929483588938
9,5,15,2,diurnal,batched,30,P6_spo_tree,552.5580313813884
9,5,15,2,diurnal,batched,30,P6_spo_tree,622.5722340395805
9,5,15,2,diurnal,batched,30,P6_spo_tree,602.3649359549082
9,5,15,2,diurnal,batched,30,P6_spo_tree,746.9769094339031
9,5,15,2,diurnal,batched,30,P6_spo_tree,653.7601953881929
9,5,15,2,diurnal,batched,30,P6_spo_tree,648.4765807176548
9,5,15,2,diurnal,batched,30,P6_spo_tree,685.4091019439117
9,5,15,2,diurnal,batched,30,P6_spo_tree,646.0662209738372
9,5,15,2,diurnal,batched,30,P6_spo_tree,640.5015429456881
9,5,15,2,diurnal,batched,30,P6_spo_tree,619.937352437067
9,5,15,2,diurnal,batched,30,P6_spo_tree,642.2949477449582
9,5,15,2,diurnal,batched,30,P6_spo_tree,684.5095658399487
9,5,15,2,diurnal,batched,30,P6_spo_tree,702.779424471019
9,5,15,2,diurnal,batched,30,P6_spo_tree,604.3649359549082
9,5,15,2,diurnal,batched,30,P6_spo_tree,642.8842226764046
9,5,15,2,diurnal,batched,30,P6_spo_tree,588.953083953963
9,5,15,2,diurnal,batched,30,P6_spo_tree,597.9802337530841
9,5,15,2,diurnal,batched,30,P6_spo_tree,650.5951254420156
9,5,15,2,diurnal,batched,30,P6_spo_tree,696.2395658152685
9,5,15,2,diurnal,batched,30,P6_spo_tree,633.6528418198839
9,5,15,2,diurnal,batched,30,P6_spo_tree,548.3692585672021
9,5,15,2,diurnal,batched,30,P6_spo_tree,706.6431948721453
9,5,15,2,diurnal,batched,30,P6_spo_tree,632.6110502659686
9,5,15,2,diurnal,batched,30,P6_spo_tree,578.8365731604497
9,5,15,2,diurnal,batched,30,P6_spo_tree,721.7502573327803
9,5,15,2,diurnal,batched,30,P6_spo_tree,644.9918686229893
9,5,15,2,diurnal,batched,30,P6_spo_tree,663.6819403798233
9,5,15,2,diurnal,batched,30,P6_spo_tree,669.8143566041026
9,5,15,2,diurnal,batched,30,P6_spo_tree,638.3750143232331
9,5,15,2,diurnal,batched,30,P6_spo_tree,598.2446542718179
9,5,15,2,diurnal,batched,30,P6_spo_tree,588.3133763314871
11,5,30,2,uniform,batched,8,P0_random,198.0
11,5,30,2,uniform,batched,8,P0_random,198.0
11,5,30,2,uniform,batched,8,P0_random,222.0
11,5,30,2,uniform,batched,8,P0_random,188.0
11,5,30,2,uniform,batched,8,P0_random,168.0
11,5,30,2,uniform,batched,8,P0_random,144.0
11,5,30,2,uniform,batched,8,P0_random,197.0
11,5,30,2,uniform,batched,8,P0_random,251.0
11,5,30,2,uniform,batched,8,P0_random,160.0
11,5,30,2,uniform,batched,8,P0_random,198.0
11,5,30,2,uniform,batched,8,P0_random,149.0
11,5,30,2,uniform,batched,8,P0_random,149.0
11,5,30,2,uniform,batched,8,P0_random,232.0
11,5,30,2,uniform,batched,8,P0_random,177.0
11,5,30,2,uniform,batched,8,P0_random,198.0
11,5,30,2,uniform,batched,8,P0_random,267.0
11,5,30,2,uniform,batched,8,P0_random,202.0
11,5,30,2,uniform,batched,8,P0_random,212.0
11,5,30,2,uniform,batched,8,P0_random,172.0
11,5,30,2,uniform,batched,8,P0_random,218.0
11,5,30,2,uniform,batched,8,P0_random,198.0
11,5,30,2,uniform,batched,8,P0_random,188.0
11,5,30,2,uniform,batched,8,P0_random,201.0
11,5,30,2,uniform,batched,8,P0_random,207.0
11,5,30,2,uniform,batched,8,P0_random,207.0
11,5,30,2,uniform,batched,8,P0_random,203.0
11,5,30,2,uniform,batched,8,P0_random,185.0
11,5,30,2,uniform,batched,8,P0_random,177.0
11,5,30,2,uniform,batched,8,P0_random,203.0
11,5,30,2,uniform,batched,8,P0_random,271.0
11,5,30,2,uniform,batched,8,P0_random,208.0
11,5,30,2,uniform,batched,8,P0_random,227.0
11,5,30,2,uniform,batched,8,P0_random,214.0
11,5,30,2,uniform,batched,8,P0_random,168.0
11,5,30,2,uniform,batched,8,P0_random,159.0
11,5,30,2,uniform,batched,8,P0_random,169.0
11,5,30,2,uniform,batched,8,P0_random,251.0
11,5,30,2,uniform,batched,8,P0_random,266.0
11,5,30,2,uniform,batched,8,P0_random,236.0
11,5,30,2,uniform,batched,8,P0_random,135.0
11,5,30,2,uniform,batched,8,P0_random,167.0
11,5,30,2,uniform,batched,8,P0_random,198.0
11,5,30,2,uniform,batched,8,P0_random,213.0
11,5,30,2,uniform,batched,8,P0_random,198.0
11,5,30,2,uniform,batched,8,P0_random,183.0
11,5,30,2,uniform,batched,8,P0_random,179.0
11,5,30,2,uniform,batched,8,P0_random,192.0
11,5,30,2,uniform,batched,8,P0_random,203.0
11,5,30,2,uniform,batched,8,P0_random,204.0
11,5,30,2,uniform,batched,8,P0_random,144.0
11,5,30,2,uniform,batched,8,P0_random,252.0
11,5,30,2,uniform,batched,8,P0_random,153.0
11,5,30,2,uniform,batched,8,P0_random,252.0
11,5,30,2,uniform,batched,8,P0_random,148.0
11,5,30,2,uniform,batched,8,P0_random,183.0
11,5,30,2,uniform,batched,8,P0_random,198.0
11,5,30,2,uniform,batched,8,P0_random,213.0
11,5,30,2,uniform,batched,8,P0_random,246.0
11,5,30,2,uniform,batched,8,P0_random,235.0
11,5,30,2,uniform,batched,8,P0_random,125.0
11,5,30,2,uniform,batched,8,P0_random,179.0
11,5,30,2,uniform,batched,8,P0_random,145.0
11,5,30,2,uniform,batched,8,P0_random,178.0
11,5,30,2,uniform,batched,8,P0_random,129.0
11,5,30,2,uniform,batched,8,P0_random,179.0
11,5,30,2,uniform,batched,8,P0_random,169.0
11,5,30,2,uniform,batched,8,P0_random,167.0
11,5,30,2,uniform,batched,8,P0_random,203.0
11,5,30,2,uniform,batched,8,P0_random,168.0
11,5,30,2,uniform,batched,8,P0_random,261.0
11,5,30,2,uniform,batched,8,P0_random,221.0
11,5,30,2,uniform,batched,8,P0_random,222.0
11,5,30,2,uniform,batched,8,P0_random,183.0
11,5,30,2,uniform,batched,8,P0_random,222.0
11,5,30,2,uniform,batched,8,P0_random,149.0
11,5,30,2,uniform,batched,8,P0_random,144.0
11,5,30,2,uniform,batched,8,P0_random,192.0
11,5,30,2,uniform,batched,8,P0_random,247.0
11,5,30,2,uniform,batched,8,P0_random,158.0
11,5,30,2,uniform,batched,8,P0_random,222.0
11,5,30,2,uniform,batched,8,P0_random,169.0
11,5,30,2,uniform,batched,8,P0_random,197.0
11,5,30,2,uniform,batched,8,P0_random,251.0
11,5,30,2,uniform,batched,8,P0_random,222.0
11,5,30,2,uniform,batched,8,P0_random,241.0
11,5,30,2,uniform,batched,8,P0_random,197.0
11,5,30,2,uniform,batched,8,P0_random,189.0
11,5,30,2,uniform,batched,8,P0_random,212.0
11,5,30,2,uniform,batched,8,P0_random,202.0
11,5,30,2,uniform,batched,8,P0_random,139.0
11,5,30,2,uniform,batched,8,P0_random,227.0
11,5,30,2,uniform,batched,8,P0_random,145.0
11,5,30,2,uniform,batched,8,P0_random,153.0
11,5,30,2,uniform,batched,8,P0_random,126.0
11,5,30,2,uniform,batched,8,P0_random,203.0
11,5,30,2,uniform,batched,8,P0_random,216.0
11,5,30,2,uniform,batched,8,P0_random,153.0
11,5,30,2,uniform,batched,8,P0_random,182.0
11,5,30,2,uniform,batched,8,P0_random,174.0
11,5,30,2,uniform,batched,8,P0_random,160.0
11,5,30,2,uniform,batched,8,P0_random,221.0
11,5,30,2,uniform,batched,8,P0_random,212.0
11,5,30,2,uniform,batched,8,P0_random,216.0
11,5,30,2,uniform,batched,8,P0_random,188.0
11,5,30,2,uniform,batched,8,P0_random,247.0
11,5,30,2,uniform,batched,8,P0_random,153.0
11,5,30,2,uniform,batched,8,P0_random,188.0
11,5,30,2,uniform,batched,8,P0_random,183.0
11,5,30,2,uniform,batched,8,P0_random,184.0
11,5,30,2,uniform,batched,8,P0_random,207.0
11,5,30,2,uniform,batched,8,P0_random,183.0
11,5,30,2,uniform,batched,8,P0_random,211.0
11,5,30,2,uniform,batched,8,P0_random,237.0
11,5,30,2,uniform,batched,8,P0_random,174.0
11,5,30,2,uniform,batched,8,P0_random,237.0
11,5,30,2,uniform,batched,8,P0_random,169.0
11,5,30,2,uniform,batched,8,P0_random,198.0
11,5,30,2,uniform,batched,8,P0_random,197.0
11,5,30,2,uniform,batched,8,P0_random,168.0
11,5,30,2,uniform,batched,8,P0_random,154.0
11,5,30,2,uniform,batched,8,P0_random,164.0
11,5,30,2,uniform,batched,8,P0_random,160.0
11,5,30,2,uniform,batched,8,P0_random,212.0
11,5,30,2,uniform,batched,8,P0_random,154.0
11,5,30,2,uniform,batched,8,P0_random,194.0
11,5,30,2,uniform,batched,8,P0_random,178.0
11,5,30,2,uniform,batched,8,P0_random,138.0
11,5,30,2,uniform,batched,8,P0_random,218.0
11,5,30,2,uniform,batched,8,P0_random,227.0
11,5,30,2,uniform,batched,8,P0_random,149.0
11,5,30,2,uniform,batched,8,P0_random,251.0
11,5,30,2,uniform,batched,8,P0_random,188.0
11,5,30,2,uniform,batched,8,P0_random,173.0
11,5,30,2,uniform,batched,8,P0_random,207.0
11,5,30,2,uniform,batched,8,P0_random,166.0
11,5,30,2,uniform,batched,8,P0_random,178.0
11,5,30,2,uniform,batched,8,P0_random,169.0
11,5,30,2,uniform,batched,8,P0_random,252.0
11,5,30,2,uniform,batched,8,P0_random,228.0
11,5,30,2,uniform,batched,8,P0_random,192.0
11,5,30,2,uniform,batched,8,P0_random,233.0
11,5,30,2,uniform,batched,8,P0_random,213.0
11,5,30,2,uniform,batched,8,P0_random,134.0
11,5,30,2,uniform,batched,8,P0_random,231.0
11,5,30,2,uniform,batched,8,P0_random,217.0
11,5,30,2,uniform,batched,8,P0_random,226.0
11,5,30,2,uniform,batched,8,P0_random,198.0
11,5,30,2,uniform,batched,8,P0_random,218.0
11,5,30,2,uniform,batched,8,P0_random,184.0
11,5,30,2,uniform,batched,8,P0_random,233.0
11,5,30,2,uniform,batched,8,P0_random,206.0
11,5,30,2,uniform,batched,8,P0_random,253.0
11,5,30,2,uniform,batched,8,P0_random,204.0
11,5,30,2,uniform,batched,8,P0_random,167.0
11,5,30,2,uniform,batched,8,P0_random,223.0
11,5,30,2,uniform,batched,8,P0_random,188.0
11,5,30,2,uniform,batched,8,P0_random,207.0
11,5,30,2,uniform,batched,8,P0_random,173.0
11,5,30,2,uniform,batched,8,P0_random,237.0
11,5,30,2,uniform,batched,8,P0_random,218.0
11,5,30,2,uniform,batched,8,P0_random,193.0
11,5,30,2,uniform,batched,8,P0_random,237.0
11,5,30,2,uniform,batched,8,P0_random,222.0
11,5,30,2,uniform,batched,8,P0_random,140.0
11,5,30,2,uniform,batched,8,P0_random,212.0
11,5,30,2,uniform,batched,8,P0_random,129.0
11,5,30,2,uniform,batched,8,P0_random,231.0
11,5,30,2,uniform,batched,8,P0_random,217.0
11,5,30,2,uniform,batched,8,P0_random,257.0
11,5,30,2,uniform,batched,8,P0_random,197.0
11,5,30,2,uniform,batched,8,P0_random,241.0
11,5,30,2,uniform,batched,8,P0_random,213.0
11,5,30,2,uniform,batched,8,P0_random,193.0
11,5,30,2,uniform,batched,8,P0_random,227.0
11,5,30,2,uniform,batched,8,P0_random,187.0
11,5,30,2,uniform,batched,8,P0_random,207.0
11,5,30,2,uniform,batched,8,P0_random,184.0
11,5,30,2,uniform,batched,8,P0_random,207.0
11,5,30,2,uniform,batched,8,P0_random,188.0
11,5,30,2,uniform,batched,8,P0_random,286.0
11,5,30,2,uniform,batched,8,P0_random,189.0
11,5,30,2,uniform,batched,8,P0_random,187.0
11,5,30,2,uniform,batched,8,P0_random,203.0
11,5,30,2,uniform,batched,8,P0_random,168.0
11,5,30,2,uniform,batched,8,P0_random,223.0
11,5,30,2,uniform,batched,8,P0_random,198.0
11,5,30,2,uniform,batched,8,P0_random,218.0
11,5,30,2,uniform,batched,8,P0_random,212.0
11,5,30,2,uniform,batched,8,P0_random,162.0
11,5,30,2,uniform,batched,8,P0_random,149.0
11,5,30,2,uniform,batched,8,P0_random,218.0
11,5,30,2,uniform,batched,8,P0_random,217.0
11,5,30,2,uniform,batched,8,P0_random,203.0
11,5,30,2,uniform,batched,8,P0_random,192.0
11,5,30,2,uniform,batched,8,P0_random,172.0
11,5,30,2,uniform,batched,8,P0_random,252.0
11,5,30,2,uniform,batched,8,P0_random,203.0
11,5,30,2,uniform,batched,8,P0_random,188.0
11,5,30,2,uniform,batched,8,P0_random,203.0
11,5,30,2,uniform,batched,8,P0_random,192.0
11,5,30,2,uniform,batched,8,P1_dest_cluster,173.0
11,5,30,2,uniform,batched,8,P1_dest_cluster,247.0
11,5,30,2,uniform,batched,8,P1_dest_cluster,232.0
11,5,30,2,uniform,batched,8,P1_dest_cluster,169.0
11,5,30,2,uniform,batched,8,P1_dest_cluster,169.0
11,5,30,2,uniform,batched,8,P1_dest_cluster,266.0
11,5,30,2,uniform,batched,8,P1_dest_cluster,159.0
11,5,30,2,uniform,batched,8,P1_dest_cluster,261.0
11,5,30,2,uniform,batched,8,P1_dest_cluster,184.0
11,5,30,2,uniform,batched,8,P1_dest_cluster,207.0
11,5,30,2,uniform,batched,8,P1_dest_cluster,178.0
11,5,30,2,uniform,batched,8,P1_dest_cluster,105.0
11,5,30,2,uniform,batched,8,P1_dest_cluster,202.0
11,5,30,2,uniform,batched,8,P1_dest_cluster,189.0
11,5,30,2,uniform,batched,8,P1_dest_cluster,179.0
11,5,30,2,uniform,batched,8,P1_dest_cluster,212.0
11,5,30,2,uniform,batched,8,P1_dest_cluster,155.0
11,5,30,2,uniform,batched,8,P1_dest_cluster,194.0
11,5,30,2,uniform,batched,8,P1_dest_cluster,208.0
11,5,30,2,uniform,batched,8,P1_dest_cluster,149.0
11,5,30,2,uniform,batched,8,P1_dest_cluster,237.0
11,5,30,2,uniform,batched,8,P1_dest_cluster,203.0
11,5,30,2,uniform,batched,8,P1_dest_cluster,174.0
11,5,30,2,uniform,batched,8,P1_dest_cluster,194.0
11,5,30,2,uniform,batched,8,P1_dest_cluster,193.0
11,5,30,2,uniform,batched,8,P1_dest_cluster,173.0
11,5,30,2,uniform,batched,8,P1_dest_cluster,212.0
11,5,30,2,uniform,batched,8,P1_dest_cluster,129.0
11,5,30,2,uniform,batched,8,P1_dest_cluster,174.0
11,5,30,2,uniform,batched,8,P1_dest_cluster,236.0
11,5,30,2,uniform,batched,8,P1_dest_cluster,241.0
11,5,30,2,uniform,batched,8,P1_dest_cluster,237.0
11,5,30,2,uniform,batched,8,P1_dest_cluster,138.0
11,5,30,2,uniform,batched,8,P1_dest_cluster,207.0
11,5,30,2,uniform,batched,8,P1_dest_cluster,188.0
11,5,30,2,uniform,batched,8,P1_dest_cluster,158.0
11,5,30,2,uniform,batched,8,P1_dest_cluster,149.0
11,5,30,2,uniform,batched,8,P1_dest_cluster,207.0
11,5,30,2,uniform,batched,8,P1_dest_cluster,237.0
11,5,30,2,uniform,batched,8,P1_dest_cluster,217.0
11,5,30,2,uniform,batched,8,P1_dest_cluster,213.0
11,5,30,2,uniform,batched,8,P1_dest_cluster,213.0
11,5,30,2,uniform,batched,8,P1_dest_cluster,202.0
11,5,30,2,uniform,batched,8,P1_dest_cluster,168.0
11,5,30,2,uniform,batched,8,P1_dest_cluster,231.0
11,5,30,2,uniform,batched,8,P1_dest_cluster,189.0
11,5,30,2,uniform,batched,8,P1_dest_cluster,188.0
11,5,30,2,uniform,batched,8,P1_dest_cluster,168.0
11,5,30,2,uniform,batched,8,P1_dest_cluster,183.0
11,5,30,2,uniform,batched,8,P1_dest_cluster,198.0
11,5,30,2,uniform,batched,8,P1_dest_cluster,202.0
11,5,30,2,uniform,batched,8,P1_dest_cluster,211.0
11,5,30,2,uniform,batched,8,P1_dest_cluster,169.0
11,5,30,2,uniform,batched,8,P1_dest_cluster,207.0
11,5,30,2,uniform,batched,8,P1_dest_cluster,213.0
11,5,30,2,uniform,batched,8,P1_dest_cluster,165.0
11,5,30,2,uniform,batched,8,P1_dest_cluster,188.0
11,5,30,2,uniform,batched,8,P1_dest_cluster,232.0
11,5,30,2,uniform,batched,8,P1_dest_cluster,178.0
11,5,30,2,uniform,batched,8,P1_dest_cluster,212.0
11,5,30,2,uniform,batched,8,P1_dest_cluster,198.0
11,5,30,2,uniform,batched,8,P1_dest_cluster,203.0
11,5,30,2,uniform,batched,8,P1_dest_cluster,212.0
11,5,30,2,uniform,batched,8,P1_dest_cluster,169.0
11,5,30,2,uniform,batched,8,P1_dest_cluster,232.0
11,5,30,2,uniform,batched,8,P1_dest_cluster,174.0
11,5,30,2,uniform,batched,8,P1_dest_cluster,226.0
11,5,30,2,uniform,batched,8,P1_dest_cluster,228.0
11,5,30,2,uniform,batched,8,P1_dest_cluster,233.0
11,5,30,2,uniform,batched,8,P1_dest_cluster,164.0
11,5,30,2,uniform,batched,8,P1_dest_cluster,228.0
11,5,30,2,uniform,batched,8,P1_dest_cluster,198.0
11,5,30,2,uniform,batched,8,P1_dest_cluster,232.0
11,5,30,2,uniform,batched,8,P1_dest_cluster,100.0
11,5,30,2,uniform,batched,8,P1_dest_cluster,154.0
11,5,30,2,uniform,batched,8,P1_dest_cluster,222.0
11,5,30,2,uniform,batched,8,P1_dest_cluster,139.0
11,5,30,2,uniform,batched,8,P1_dest_cluster,168.0
11,5,30,2,uniform,batched,8,P1_dest_cluster,247.0
11,5,30,2,uniform,batched,8,P1_dest_cluster,169.0
11,5,30,2,uniform,batched,8,P1_dest_cluster,222.0
11,5,30,2,uniform,batched,8,P1_dest_cluster,193.0
11,5,30,2,uniform,batched,8,P1_dest_cluster,227.0
11,5,30,2,uniform,batched,8,P1_dest_cluster,183.0
11,5,30,2,uniform,batched,8,P1_dest_cluster,247.0
11,5,30,2,uniform,batched,8,P1_dest_cluster,222.0
11,5,30,2,uniform,batched,8,P1_dest_cluster,227.0
11,5,30,2,uniform,batched,8,P1_dest_cluster,202.0
11,5,30,2,uniform,batched,8,P1_dest_cluster,149.0
11,5,30,2,uniform,batched,8,P1_dest_cluster,188.0
11,5,30,2,uniform,batched,8,P1_dest_cluster,182.0
11,5,30,2,uniform,batched,8,P1_dest_cluster,184.0
11,5,30,2,uniform,batched,8,P1_dest_cluster,183.0
11,5,30,2,uniform,batched,8,P1_dest_cluster,211.0
11,5,30,2,uniform,batched,8,P1_dest_cluster,198.0
11,5,30,2,uniform,batched,8,P1_dest_cluster,188.0
11,5,30,2,uniform,batched,8,P1_dest_cluster,174.0
11,5,30,2,uniform,batched,8,P1_dest_cluster,116.0
11,5,30,2,uniform,batched,8,P1_dest_cluster,173.0
11,5,30,2,uniform,batched,8,P1_dest_cluster,228.0
11,5,30,2,uniform,batched,8,P1_dest_cluster,164.0
11,5,30,2,uniform,batched,8,P1_dest_cluster,178.0
11,5,30,2,uniform,batched,8,P1_dest_cluster,198.0
11,5,30,2,uniform,batched,8,P1_dest_cluster,173.0
11,5,30,2,uniform,batched,8,P1_dest_cluster,145.0
11,5,30,2,uniform,batched,8,P1_dest_cluster,125.0
11,5,30,2,uniform,batched,8,P1_dest_cluster,222.0
11,5,30,2,uniform,batched,8,P1_dest_cluster,203.0
11,5,30,2,uniform,batched,8,P1_dest_cluster,115.0
11,5,30,2,uniform,batched,8,P1_dest_cluster,267.0
11,5,30,2,uniform,batched,8,P1_dest_cluster,227.0
11,5,30,2,uniform,batched,8,P1_dest_cluster,164.0
11,5,30,2,uniform,batched,8,P1_dest_cluster,163.0
11,5,30,2,uniform,batched,8,P1_dest_cluster,178.0
11,5,30,2,uniform,batched,8,P1_dest_cluster,134.0
11,5,30,2,uniform,batched,8,P1_dest_cluster,193.0
11,5,30,2,uniform,batched,8,P1_dest_cluster,183.0
11,5,30,2,uniform,batched,8,P1_dest_cluster,204.0
11,5,30,2,uniform,batched,8,P1_dest_cluster,194.0
11,5,30,2,uniform,batched,8,P1_dest_cluster,232.0
11,5,30,2,uniform,batched,8,P1_dest_cluster,168.0
11,5,30,2,uniform,batched,8,P1_dest_cluster,207.0
11,5,30,2,uniform,batched,8,P1_dest_cluster,198.0
11,5,30,2,uniform,batched,8,P1_dest_cluster,174.0
11,5,30,2,uniform,batched,8,P1_dest_cluster,199.0
11,5,30,2,uniform,batched,8,P1_dest_cluster,222.0
11,5,30,2,uniform,batched,8,P1_dest_cluster,192.0
11,5,30,2,uniform,batched,8,P1_dest_cluster,227.0
11,5,30,2,uniform,batched,8,P1_dest_cluster,213.0
11,5,30,2,uniform,batched,8,P1_dest_cluster,130.0
11,5,30,2,uniform,batched,8,P1_dest_cluster,256.0
11,5,30,2,uniform,batched,8,P1_dest_cluster,266.0
11,5,30,2,uniform,batched,8,P1_dest_cluster,203.0
11,5,30,2,uniform,batched,8,P1_dest_cluster,177.0
11,5,30,2,uniform,batched,8,P1_dest_cluster,282.0
11,5,30,2,uniform,batched,8,P1_dest_cluster,193.0
11,5,30,2,uniform,batched,8,P1_dest_cluster,125.0
11,5,30,2,uniform,batched,8,P1_dest_cluster,199.0
11,5,30,2,uniform,batched,8,P1_dest_cluster,209.0
11,5,30,2,uniform,batched,8,P1_dest_cluster,242.0
11,5,30,2,uniform,batched,8,P1_dest_cluster,251.0
11,5,30,2,uniform,batched,8,P1_dest_cluster,203.0
11,5,30,2,uniform,batched,8,P1_dest_cluster,237.0
11,5,30,2,uniform,batched,8,P1_dest_cluster,212.0
11,5,30,2,uniform,batched,8,P1_dest_cluster,197.0
11,5,30,2,uniform,batched,8,P1_dest_cluster,193.0
11,5,30,2,uniform,batched,8,P1_dest_cluster,164.0
11,5,30,2,uniform,batched,8,P1_dest_cluster,198.0
11,5,30,2,uniform,batched,8,P1_dest_cluster,173.0
11,5,30,2,uniform,batched,8,P1_dest_cluster,232.0
11,5,30,2,uniform,batched,8,P1_dest_cluster,192.0
11,5,30,2,uniform,batched,8,P1_dest_cluster,227.0
11,5,30,2,uniform,batched,8,P1_dest_cluster,193.0
11,5,30,2,uniform,batched,8,P1_dest_cluster,226.0
11,5,30,2,uniform,batched,8,P1_dest_cluster,251.0
11,5,30,2,uniform,batched,8,P1_dest_cluster,203.0
11,5,30,2,uniform,batched,8,P1_dest_cluster,178.0
11,5,30,2,uniform,batched,8,P1_dest_cluster,181.0
11,5,30,2,uniform,batched,8,P1_dest_cluster,236.0
11,5,30,2,uniform,batched,8,P1_dest_cluster,232.0
11,5,30,2,uniform,batched,8,P1_dest_cluster,207.0
11,5,30,2,uniform,batched,8,P1_dest_cluster,207.0
11,5,30,2,uniform,batched,8,P1_dest_cluster,193.0
11,5,30,2,uniform,batched,8,P1_dest_cluster,237.0
11,5,30,2,uniform,batched,8,P1_dest_cluster,197.0
11,5,30,2,uniform,batched,8,P1_dest_cluster,206.0
11,5,30,2,uniform,batched,8,P1_dest_cluster,168.0
11,5,30,2,uniform,batched,8,P1_dest_cluster,182.0
11,5,30,2,uniform,batched,8,P1_dest_cluster,168.0
11,5,30,2,uniform,batched,8,P1_dest_cluster,228.0
11,5,30,2,uniform,batched,8,P1_dest_cluster,163.0
11,5,30,2,uniform,batched,8,P1_dest_cluster,145.0
11,5,30,2,uniform,batched,8,P1_dest_cluster,213.0
11,5,30,2,uniform,batched,8,P1_dest_cluster,222.0
11,5,30,2,uniform,batched,8,P1_dest_cluster,163.0
11,5,30,2,uniform,batched,8,P1_dest_cluster,203.0
11,5,30,2,uniform,batched,8,P1_dest_cluster,154.0
11,5,30,2,uniform,batched,8,P1_dest_cluster,300.0
11,5,30,2,uniform,batched,8,P1_dest_cluster,241.0
11,5,30,2,uniform,batched,8,P1_dest_cluster,241.0
11,5,30,2,uniform,batched,8,P1_dest_cluster,222.0
11,5,30,2,uniform,batched,8,P1_dest_cluster,199.0
11,5,30,2,uniform,batched,8,P1_dest_cluster,135.0
11,5,30,2,uniform,batched,8,P1_dest_cluster,172.0
11,5,30,2,uniform,batched,8,P1_dest_cluster,212.0
11,5,30,2,uniform,batched,8,P1_dest_cluster,193.0
11,5,30,2,uniform,batched,8,P1_dest_cluster,217.0
11,5,30,2,uniform,batched,8,P1_dest_cluster,208.0
11,5,30,2,uniform,batched,8,P1_dest_cluster,208.0
11,5,30,2,uniform,batched,8,P1_dest_cluster,232.0
11,5,30,2,uniform,batched,8,P1_dest_cluster,198.0
11,5,30,2,uniform,batched,8,P1_dest_cluster,213.0
11,5,30,2,uniform,batched,8,P1_dest_cluster,241.0
11,5,30,2,uniform,batched,8,P1_dest_cluster,183.0
11,5,30,2,uniform,batched,8,P1_dest_cluster,203.0
11,5,30,2,uniform,batched,8,P1_dest_cluster,232.0
11,5,30,2,uniform,batched,8,P1_dest_cluster,208.0
11,5,30,2,uniform,batched,8,P1_dest_cluster,154.0
11,5,30,2,uniform,batched,8,P1_dest_cluster,212.0
11,5,30,2,uniform,batched,8,P1_dest_cluster,202.0
11,5,30,2,uniform,batched,8,P2_cardinality,153.0
11,5,30,2,uniform,batched,8,P2_cardinality,149.0
11,5,30,2,uniform,batched,8,P2_cardinality,135.0
11,5,30,2,uniform,batched,8,P2_cardinality,231.0
11,5,30,2,uniform,batched,8,P2_cardinality,174.0
11,5,30,2,uniform,batched,8,P2_cardinality,163.0
11,5,30,2,uniform,batched,8,P2_cardinality,212.0
11,5,30,2,uniform,batched,8,P2_cardinality,184.0
11,5,30,2,uniform,batched,8,P2_cardinality,164.0
11,5,30,2,uniform,batched,8,P2_cardinality,261.0
11,5,30,2,uniform,batched,8,P2_cardinality,173.0
11,5,30,2,uniform,batched,8,P2_cardinality,178.0
11,5,30,2,uniform,batched,8,P2_cardinality,139.0
11,5,30,2,uniform,batched,8,P2_cardinality,164.0
11,5,30,2,uniform,batched,8,P2_cardinality,157.0
11,5,30,2,uniform,batched,8,P2_cardinality,139.0
11,5,30,2,uniform,batched,8,P2_cardinality,183.0
11,5,30,2,uniform,batched,8,P2_cardinality,153.0
11,5,30,2,uniform,batched,8,P2_cardinality,159.0
11,5,30,2,uniform,batched,8,P2_cardinality,228.0
11,5,30,2,uniform,batched,8,P2_cardinality,213.0
11,5,30,2,uniform,batched,8,P2_cardinality,223.0
11,5,30,2,uniform,batched,8,P2_cardinality,174.0
11,5,30,2,uniform,batched,8,P2_cardinality,194.0
11,5,30,2,uniform,batched,8,P2_cardinality,159.0
11,5,30,2,uniform,batched,8,P2_cardinality,169.0
11,5,30,2,uniform,batched,8,P2_cardinality,203.0
11,5,30,2,uniform,batched,8,P2_cardinality,153.0
11,5,30,2,uniform,batched,8,P2_cardinality,178.0
11,5,30,2,uniform,batched,8,P2_cardinality,188.0
11,5,30,2,uniform,batched,8,P2_cardinality,174.0
11,5,30,2,uniform,batched,8,P2_cardinality,130.0
11,5,30,2,uniform,batched,8,P2_cardinality,223.0
11,5,30,2,uniform,batched,8,P2_cardinality,182.0
11,5,30,2,uniform,batched,8,P2_cardinality,153.0
11,5,30,2,uniform,batched,8,P2_cardinality,105.0
11,5,30,2,uniform,batched,8,P2_cardinality,125.0
11,5,30,2,uniform,batched,8,P2_cardinality,222.0
11,5,30,2,uniform,batched,8,P2_cardinality,125.0
11,5,30,2,uniform,batched,8,P2_cardinality,149.0
11,5,30,2,uniform,batched,8,P2_cardinality,261.0
11,5,30,2,uniform,batched,8,P2_cardinality,178.0
11,5,30,2,uniform,batched,8,P2_cardinality,164.0
11,5,30,2,uniform,batched,8,P2_cardinality,207.0
11,5,30,2,uniform,batched,8,P2_cardinality,130.0
11,5,30,2,uniform,batched,8,P2_cardinality,140.0
11,5,30,2,uniform,batched,8,P2_cardinality,164.0
11,5,30,2,uniform,batched,8,P2_cardinality,218.0
11,5,30,2,uniform,batched,8,P2_cardinality,251.0
11,5,30,2,uniform,batched,8,P2_cardinality,169.0
11,5,30,2,uniform,batched,8,P2_cardinality,158.0
11,5,30,2,uniform,batched,8,P2_cardinality,178.0
11,5,30,2,uniform,batched,8,P2_cardinality,145.0
11,5,30,2,uniform,batched,8,P2_cardinality,203.0
11,5,30,2,uniform,batched,8,P2_cardinality,170.0
11,5,30,2,uniform,batched,8,P2_cardinality,135.0
11,5,30,2,uniform,batched,8,P2_cardinality,130.0
11,5,30,2,uniform,batched,8,P2_cardinality,164.0
11,5,30,2,uniform,batched,8,P2_cardinality,135.0
11,5,30,2,uniform,batched,8,P2_cardinality,203.0
11,5,30,2,uniform,batched,8,P2_cardinality,158.0
11,5,30,2,uniform,batched,8,P2_cardinality,135.0
11,5,30,2,uniform,batched,8,P2_cardinality,134.0
11,5,30,2,uniform,batched,8,P2_cardinality,194.0
11,5,30,2,uniform,batched,8,P2_cardinality,222.0
11,5,30,2,uniform,batched,8,P2_cardinality,194.0
11,5,30,2,uniform,batched,8,P2_cardinality,160.0
11,5,30,2,uniform,batched,8,P2_cardinality,193.0
11,5,30,2,uniform,batched,8,P2_cardinality,193.0
11,5,30,2,uniform,batched,8,P2_cardinality,183.0
11,5,30,2,uniform,batched,8,P2_cardinality,174.0
11,5,30,2,uniform,batched,8,P2_cardinality,197.0
11,5,30,2,uniform,batched,8,P2_cardinality,232.0
11,5,30,2,uniform,batched,8,P2_cardinality,251.0
11,5,30,2,uniform,batched,8,P2_cardinality,179.0
11,5,30,2,uniform,batched,8,P2_cardinality,209.0
11,5,30,2,uniform,batched,8,P2_cardinality,217.0
11,5,30,2,uniform,batched,8,P2_cardinality,183.0
11,5,30,2,uniform,batched,8,P2_cardinality,198.0
11,5,30,2,uniform,batched,8,P2_cardinality,237.0
11,5,30,2,uniform,batched,8,P2_cardinality,173.0
11,5,30,2,uniform,batched,8,P2_cardinality,208.0
11,5,30,2,uniform,batched,8,P2_cardinality,251.0
11,5,30,2,uniform,batched,8,P2_cardinality,208.0
11,5,30,2,uniform,batched,8,P2_cardinality,189.0
11,5,30,2,uniform,batched,8,P2_cardinality,217.0
11,5,30,2,uniform,batched,8,P2_cardinality,226.0
11,5,30,2,uniform,batched,8,P2_cardinality,125.0
11,5,30,2,uniform,batched,8,P2_cardinality,188.0
11,5,30,2,uniform,batched,8,P2_cardinality,188.0
11,5,30,2,uniform,batched,8,P2_cardinality,197.0
11,5,30,2,uniform,batched,8,P2_cardinality,159.0
11,5,30,2,uniform,batched,8,P2_cardinality,154.0
11,5,30,2,uniform,batched,8,P2_cardinality,168.0
11,5,30,2,uniform,batched,8,P2_cardinality,241.0
11,5,30,2,uniform,batched,8,P2_cardinality,198.0
11,5,30,2,uniform,batched,8,P2_cardinality,213.0
11,5,30,2,uniform,batched,8,P2_cardinality,207.0
11,5,30,2,uniform,batched,8,P2_cardinality,163.0
11,5,30,2,uniform,batched,8,P2_cardinality,198.0
11,5,30,2,uniform,batched,8,P2_cardinality,194.0
11,5,30,2,uniform,batched,8,P2_cardinality,114.0
11,5,30,2,uniform,batched,8,P2_cardinality,138.0
11,5,30,2,uniform,batched,8,P2_cardinality,194.0
11,5,30,2,uniform,batched,8,P2_cardinality,183.0
11,5,30,2,uniform,batched,8,P2_cardinality,213.0
11,5,30,2,uniform,batched,8,P2_cardinality,189.0
11,5,30,2,uniform,batched,8,P2_cardinality,237.0
11,5,30,2,uniform,batched,8,P2_cardinality,207.0
11,5,30,2,uniform,batched,8,P2_cardinality,203.0
11,5,30,2,uniform,batched,8,P2_cardinality,213.0
11,5,30,2,uniform,batched,8,P2_cardinality,154.0
11,5,30,2,uniform,batched,8,P2_cardinality,164.0
11,5,30,2,uniform,batched,8,P2_cardinality,217.0
11,5,30,2,uniform,batched,8,P2_cardinality,183.0
11,5,30,2,uniform,batched,8,P2_cardinality,165.0
11,5,30,2,uniform,batched,8,P2_cardinality,222.0
11,5,30,2,uniform,batched,8,P2_cardinality,217.0
11,5,30,2,uniform,batched,8,P2_cardinality,198.0
11,5,30,2,uniform,batched,8,P2_cardinality,188.0
11,5,30,2,uniform,batched,8,P2_cardinality,204.0
11,5,30,2,uniform,batched,8,P2_cardinality,198.0
11,5,30,2,uniform,batched,8,P2_cardinality,199.0
11,5,30,2,uniform,batched,8,P2_cardinality,159.0
11,5,30,2,uniform,batched,8,P2_cardinality,169.0
11,5,30,2,uniform,batched,8,P2_cardinality,183.0
11,5,30,2,uniform,batched,8,P2_cardinality,198.0
11,5,30,2,uniform,batched,8,P2_cardinality,163.0
11,5,30,2,uniform,batched,8,P2_cardinality,153.0
11,5,30,2,uniform,batched,8,P2_cardinality,172.0
11,5,30,2,uniform,batched,8,P2_cardinality,160.0
11,5,30,2,uniform,batched,8,P2_cardinality,222.0
11,5,30,2,uniform,batched,8,P2_cardinality,124.0
11,5,30,2,uniform,batched,8,P2_cardinality,196.0
11,5,30,2,uniform,batched,8,P2_cardinality,144.0
11,5,30,2,uniform,batched,8,P2_cardinality,202.0
11,5,30,2,uniform,batched,8,P2_cardinality,135.0
11,5,30,2,uniform,batched,8,P2_cardinality,158.0
11,5,30,2,uniform,batched,8,P2_cardinality,174.0
11,5,30,2,uniform,batched,8,P2_cardinality,133.0
11,5,30,2,uniform,batched,8,P2_cardinality,202.0
11,5,30,2,uniform,batched,8,P2_cardinality,138.0
11,5,30,2,uniform,batched,8,P2_cardinality,194.0
11,5,30,2,uniform,batched,8,P2_cardinality,222.0
11,5,30,2,uniform,batched,8,P2_cardinality,159.0
11,5,30,2,uniform,batched,8,P2_cardinality,222.0
11,5,30,2,uniform,batched,8,P2_cardinality,178.0
11,5,30,2,uniform,batched,8,P2_cardinality,165.0
11,5,30,2,uniform,batched,8,P2_cardinality,223.0
11,5,30,2,uniform,batched,8,P2_cardinality,217.0
11,5,30,2,uniform,batched,8,P2_cardinality,175.0
11,5,30,2,uniform,batched,8,P2_cardinality,203.0
11,5,30,2,uniform,batched,8,P2_cardinality,111.0
11,5,30,2,uniform,batched,8,P2_cardinality,163.0
11,5,30,2,uniform,batched,8,P2_cardinality,153.0
11,5,30,2,uniform,batched,8,P2_cardinality,217.0
11,5,30,2,uniform,batched,8,P2_cardinality,198.0
11,5,30,2,uniform,batched,8,P2_cardinality,158.0
11,5,30,2,uniform,batched,8,P2_cardinality,208.0
11,5,30,2,uniform,batched,8,P2_cardinality,198.0
11,5,30,2,uniform,batched,8,P2_cardinality,172.0
11,5,30,2,uniform,batched,8,P2_cardinality,138.0
11,5,30,2,uniform,batched,8,P2_cardinality,238.0
11,5,30,2,uniform,batched,8,P2_cardinality,193.0
11,5,30,2,uniform,batched,8,P2_cardinality,216.0
11,5,30,2,uniform,batched,8,P2_cardinality,183.0
11,5,30,2,uniform,batched,8,P2_cardinality,188.0
11,5,30,2,uniform,batched,8,P2_cardinality,149.0
11,5,30,2,uniform,batched,8,P2_cardinality,218.0
11,5,30,2,uniform,batched,8,P2_cardinality,174.0
11,5,30,2,uniform,batched,8,P2_cardinality,199.0
11,5,30,2,uniform,batched,8,P2_cardinality,129.0
11,5,30,2,uniform,batched,8,P2_cardinality,228.0
11,5,30,2,uniform,batched,8,P2_cardinality,184.0
11,5,30,2,uniform,batched,8,P2_cardinality,139.0
11,5,30,2,uniform,batched,8,P2_cardinality,188.0
11,5,30,2,uniform,batched,8,P2_cardinality,223.0
11,5,30,2,uniform,batched,8,P2_cardinality,188.0
11,5,30,2,uniform,batched,8,P2_cardinality,129.0
11,5,30,2,uniform,batched,8,P2_cardinality,124.0
11,5,30,2,uniform,batched,8,P2_cardinality,237.0
11,5,30,2,uniform,batched,8,P2_cardinality,179.0
11,5,30,2,uniform,batched,8,P2_cardinality,218.0
11,5,30,2,uniform,batched,8,P2_cardinality,183.0
11,5,30,2,uniform,batched,8,P2_cardinality,149.0
11,5,30,2,uniform,batched,8,P2_cardinality,185.0
11,5,30,2,uniform,batched,8,P2_cardinality,109.0
11,5,30,2,uniform,batched,8,P2_cardinality,188.0
11,5,30,2,uniform,batched,8,P2_cardinality,120.0
11,5,30,2,uniform,batched,8,P2_cardinality,182.0
11,5,30,2,uniform,batched,8,P2_cardinality,202.0
11,5,30,2,uniform,batched,8,P2_cardinality,228.0
11,5,30,2,uniform,batched,8,P2_cardinality,154.0
11,5,30,2,uniform,batched,8,P2_cardinality,178.0
11,5,30,2,uniform,batched,8,P2_cardinality,154.0
11,5,30,2,uniform,batched,8,P2_cardinality,164.0
11,5,30,2,uniform,batched,8,P2_cardinality,199.0
11,5,30,2,uniform,batched,8,P2_cardinality,178.0
11,5,30,2,uniform,batched,8,P2_cardinality,111.0
11,5,30,2,uniform,batched,8,P2_cardinality,174.0
11,5,30,2,uniform,batched,8,P3_dir_balanced,232.0
11,5,30,2,uniform,batched,8,P3_dir_balanced,227.0
11,5,30,2,uniform,batched,8,P3_dir_balanced,213.0
11,5,30,2,uniform,batched,8,P3_dir_balanced,173.0
11,5,30,2,uniform,batched,8,P3_dir_balanced,242.0
11,5,30,2,uniform,batched,8,P3_dir_balanced,217.0
11,5,30,2,uniform,batched,8,P3_dir_balanced,193.0
11,5,30,2,uniform,batched,8,P3_dir_balanced,217.0
11,5,30,2,uniform,batched,8,P3_dir_balanced,222.0
11,5,30,2,uniform,batched,8,P3_dir_balanced,179.0
11,5,30,2,uniform,batched,8,P3_dir_balanced,232.0
11,5,30,2,uniform,batched,8,P3_dir_balanced,237.0
11,5,30,2,uniform,batched,8,P3_dir_balanced,247.0
11,5,30,2,uniform,batched,8,P3_dir_balanced,173.0
11,5,30,2,uniform,batched,8,P3_dir_balanced,154.0
11,5,30,2,uniform,batched,8,P3_dir_balanced,148.0
11,5,30,2,uniform,batched,8,P3_dir_balanced,163.0
11,5,30,2,uniform,batched,8,P3_dir_balanced,179.0
11,5,30,2,uniform,batched,8,P3_dir_balanced,202.0
11,5,30,2,uniform,batched,8,P3_dir_balanced,178.0
11,5,30,2,uniform,batched,8,P3_dir_balanced,130.0
11,5,30,2,uniform,batched,8,P3_dir_balanced,197.0
11,5,30,2,uniform,batched,8,P3_dir_balanced,169.0
11,5,30,2,uniform,batched,8,P3_dir_balanced,189.0
11,5,30,2,uniform,batched,8,P3_dir_balanced,192.0
11,5,30,2,uniform,batched,8,P3_dir_balanced,208.0
11,5,30,2,uniform,batched,8,P3_dir_balanced,198.0
11,5,30,2,uniform,batched,8,P3_dir_balanced,154.0
11,5,30,2,uniform,batched,8,P3_dir_balanced,266.0
11,5,30,2,uniform,batched,8,P3_dir_balanced,213.0
11,5,30,2,uniform,batched,8,P3_dir_balanced,193.0
11,5,30,2,uniform,batched,8,P3_dir_balanced,267.0
11,5,30,2,uniform,batched,8,P3_dir_balanced,172.0
11,5,30,2,uniform,batched,8,P3_dir_balanced,202.0
11,5,30,2,uniform,batched,8,P3_dir_balanced,256.0
11,5,30,2,uniform,batched,8,P3_dir_balanced,196.0
11,5,30,2,uniform,batched,8,P3_dir_balanced,218.0
11,5,30,2,uniform,batched,8,P3_dir_balanced,177.0
11,5,30,2,uniform,batched,8,P3_dir_balanced,178.0
11,5,30,2,uniform,batched,8,P3_dir_balanced,227.0
11,5,30,2,uniform,batched,8,P3_dir_balanced,203.0
11,5,30,2,uniform,batched,8,P3_dir_balanced,158.0
11,5,30,2,uniform,batched,8,P3_dir_balanced,130.0
11,5,30,2,uniform,batched,8,P3_dir_balanced,212.0
11,5,30,2,uniform,batched,8,P3_dir_balanced,248.0
11,5,30,2,uniform,batched,8,P3_dir_balanced,211.0
11,5,30,2,uniform,batched,8,P3_dir_balanced,178.0
11,5,30,2,uniform,batched,8,P3_dir_balanced,173.0
11,5,30,2,uniform,batched,8,P3_dir_balanced,213.0
11,5,30,2,uniform,batched,8,P3_dir_balanced,187.0
11,5,30,2,uniform,batched,8,P3_dir_balanced,227.0
11,5,30,2,uniform,batched,8,P3_dir_balanced,178.0
11,5,30,2,uniform,batched,8,P3_dir_balanced,198.0
11,5,30,2,uniform,batched,8,P3_dir_balanced,149.0
11,5,30,2,uniform,batched,8,P3_dir_balanced,193.0
11,5,30,2,uniform,batched,8,P3_dir_balanced,183.0
11,5,30,2,uniform,batched,8,P3_dir_balanced,228.0
11,5,30,2,uniform,batched,8,P3_dir_balanced,163.0
11,5,30,2,uniform,batched,8,P3_dir_balanced,164.0
11,5,30,2,uniform,batched,8,P3_dir_balanced,202.0
11,5,30,2,uniform,batched,8,P3_dir_balanced,216.0
11,5,30,2,uniform,batched,8,P3_dir_balanced,178.0
11,5,30,2,uniform,batched,8,P3_dir_balanced,198.0
11,5,30,2,uniform,batched,8,P3_dir_balanced,217.0
11,5,30,2,uniform,batched,8,P3_dir_balanced,193.0
11,5,30,2,uniform,batched,8,P3_dir_balanced,213.0
11,5,30,2,uniform,batched,8,P3_dir_balanced,177.0
11,5,30,2,uniform,batched,8,P3_dir_balanced,207.0
11,5,30,2,uniform,batched,8,P3_dir_balanced,183.0
11,5,30,2,uniform,batched,8,P3_dir_balanced,158.0
11,5,30,2,uniform,batched,8,P3_dir_balanced,158.0
11,5,30,2,uniform,batched,8,P3_dir_balanced,227.0
11,5,30,2,uniform,batched,8,P3_dir_balanced,204.0
11,5,30,2,uniform,batched,8,P3_dir_balanced,144.0
11,5,30,2,uniform,batched,8,P3_dir_balanced,169.0
11,5,30,2,uniform,batched,8,P3_dir_balanced,196.0
11,5,30,2,uniform,batched,8,P3_dir_balanced,173.0
11,5,30,2,uniform,batched,8,P3_dir_balanced,192.0
11,5,30,2,uniform,batched,8,P3_dir_balanced,181.0
11,5,30,2,uniform,batched,8,P3_dir_balanced,135.0
11,5,30,2,uniform,batched,8,P3_dir_balanced,237.0
11,5,30,2,uniform,batched,8,P3_dir_balanced,178.0
11,5,30,2,uniform,batched,8,P3_dir_balanced,282.0
11,5,30,2,uniform,batched,8,P3_dir_balanced,216.0
11,5,30,2,uniform,batched,8,P3_dir_balanced,207.0
11,5,30,2,uniform,batched,8,P3_dir_balanced,140.0
11,5,30,2,uniform,batched,8,P3_dir_balanced,183.0
11,5,30,2,uniform,batched,8,P3_dir_balanced,193.0
11,5,30,2,uniform,batched,8,P3_dir_balanced,193.0
11,5,30,2,uniform,batched,8,P3_dir_balanced,227.0
11,5,30,2,uniform,batched,8,P3_dir_balanced,153.0
11,5,30,2,uniform,batched,8,P3_dir_balanced,179.0
11,5,30,2,uniform,batched,8,P3_dir_balanced,183.0
11,5,30,2,uniform,batched,8,P3_dir_balanced,143.0
11,5,30,2,uniform,batched,8,P3_dir_balanced,232.0
11,5,30,2,uniform,batched,8,P3_dir_balanced,207.0
11,5,30,2,uniform,batched,8,P3_dir_balanced,202.0
11,5,30,2,uniform,batched,8,P3_dir_balanced,164.0
11,5,30,2,uniform,batched,8,P3_dir_balanced,217.0
11,5,30,2,uniform,batched,8,P3_dir_balanced,90.0
11,5,30,2,uniform,batched,8,P3_dir_balanced,174.0
11,5,30,2,uniform,batched,8,P3_dir_balanced,163.0
11,5,30,2,uniform,batched,8,P3_dir_balanced,217.0
11,5,30,2,uniform,batched,8,P3_dir_balanced,177.0
11,5,30,2,uniform,batched,8,P3_dir_balanced,213.0
11,5,30,2,uniform,batched,8,P3_dir_balanced,178.0
11,5,30,2,uniform,batched,8,P3_dir_balanced,194.0
11,5,30,2,uniform,batched,8,P3_dir_balanced,227.0
11,5,30,2,uniform,batched,8,P3_dir_balanced,169.0
11,5,30,2,uniform,batched,8,P3_dir_balanced,212.0
11,5,30,2,uniform,batched,8,P3_dir_balanced,197.0
11,5,30,2,uniform,batched,8,P3_dir_balanced,212.0
11,5,30,2,uniform,batched,8,P3_dir_balanced,193.0
11,5,30,2,uniform,batched,8,P3_dir_balanced,193.0
11,5,30,2,uniform,batched,8,P3_dir_balanced,183.0
11,5,30,2,uniform,batched,8,P3_dir_balanced,178.0
11,5,30,2,uniform,batched,8,P3_dir_balanced,184.0
11,5,30,2,uniform,batched,8,P3_dir_balanced,208.0
11,5,30,2,uniform,batched,8,P3_dir_balanced,193.0
11,5,30,2,uniform,batched,8,P3_dir_balanced,169.0
11,5,30,2,uniform,batched,8,P3_dir_balanced,164.0
11,5,30,2,uniform,batched,8,P3_dir_balanced,237.0
11,5,30,2,uniform,batched,8,P3_dir_balanced,192.0
11,5,30,2,uniform,batched,8,P3_dir_balanced,211.0
11,5,30,2,uniform,batched,8,P3_dir_balanced,227.0
11,5,30,2,uniform,batched,8,P3_dir_balanced,251.0
11,5,30,2,uniform,batched,8,P3_dir_balanced,197.0
11,5,30,2,uniform,batched,8,P3_dir_balanced,232.0
11,5,30,2,uniform,batched,8,P3_dir_balanced,169.0
11,5,30,2,uniform,batched,8,P3_dir_balanced,177.0
11,5,30,2,uniform,batched,8,P3_dir_balanced,173.0
11,5,30,2,uniform,batched,8,P3_dir_balanced,221.0
11,5,30,2,uniform,batched,8,P3_dir_balanced,212.0
11,5,30,2,uniform,batched,8,P3_dir_balanced,208.0
11,5,30,2,uniform,batched,8,P3_dir_balanced,182.0
11,5,30,2,uniform,batched,8,P3_dir_balanced,154.0
11,5,30,2,uniform,batched,8,P3_dir_balanced,149.0
11,5,30,2,uniform,batched,8,P3_dir_balanced,276.0
11,5,30,2,uniform,batched,8,P3_dir_balanced,198.0
11,5,30,2,uniform,batched,8,P3_dir_balanced,158.0
11,5,30,2,uniform,batched,8,P3_dir_balanced,222.0
11,5,30,2,uniform,batched,8,P3_dir_balanced,115.0
11,5,30,2,uniform,batched,8,P3_dir_balanced,221.0
11,5,30,2,uniform,batched,8,P3_dir_balanced,220.0
11,5,30,2,uniform,batched,8,P3_dir_balanced,246.0
11,5,30,2,uniform,batched,8,P3_dir_balanced,174.0
11,5,30,2,uniform,batched,8,P3_dir_balanced,187.0
11,5,30,2,uniform,batched,8,P3_dir_balanced,204.0
11,5,30,2,uniform,batched,8,P3_dir_balanced,236.0
11,5,30,2,uniform,batched,8,P3_dir_balanced,223.0
11,5,30,2,uniform,batched,8,P3_dir_balanced,204.0
11,5,30,2,uniform,batched,8,P3_dir_balanced,167.0
11,5,30,2,uniform,batched,8,P3_dir_balanced,148.0
11,5,30,2,uniform,batched,8,P3_dir_balanced,203.0
11,5,30,2,uniform,batched,8,P3_dir_balanced,183.0
11,5,30,2,uniform,batched,8,P3_dir_balanced,257.0
11,5,30,2,uniform,batched,8,P3_dir_balanced,198.0
11,5,30,2,uniform,batched,8,P3_dir_balanced,243.0
11,5,30,2,uniform,batched,8,P3_dir_balanced,196.0
11,5,30,2,uniform,batched,8,P3_dir_balanced,211.0
11,5,30,2,uniform,batched,8,P3_dir_balanced,183.0
11,5,30,2,uniform,batched,8,P3_dir_balanced,208.0
11,5,30,2,uniform,batched,8,P3_dir_balanced,163.0
11,5,30,2,uniform,batched,8,P3_dir_balanced,154.0
11,5,30,2,uniform,batched,8,P3_dir_balanced,143.0
11,5,30,2,uniform,batched,8,P3_dir_balanced,178.0
11,5,30,2,uniform,batched,8,P3_dir_balanced,222.0
11,5,30,2,uniform,batched,8,P3_dir_balanced,178.0
11,5,30,2,uniform,batched,8,P3_dir_balanced,149.0
11,5,30,2,uniform,batched,8,P3_dir_balanced,174.0
11,5,30,2,uniform,batched,8,P3_dir_balanced,246.0
11,5,30,2,uniform,batched,8,P3_dir_balanced,183.0
11,5,30,2,uniform,batched,8,P3_dir_balanced,135.0
11,5,30,2,uniform,batched,8,P3_dir_balanced,198.0
11,5,30,2,uniform,batched,8,P3_dir_balanced,212.0
11,5,30,2,uniform,batched,8,P3_dir_balanced,207.0
11,5,30,2,uniform,batched,8,P3_dir_balanced,231.0
11,5,30,2,uniform,batched,8,P3_dir_balanced,206.0
11,5,30,2,uniform,batched,8,P3_dir_balanced,207.0
11,5,30,2,uniform,batched,8,P3_dir_balanced,203.0
11,5,30,2,uniform,batched,8,P3_dir_balanced,231.0
11,5,30,2,uniform,batched,8,P3_dir_balanced,227.0
11,5,30,2,uniform,batched,8,P3_dir_balanced,198.0
11,5,30,2,uniform,batched,8,P3_dir_balanced,218.0
11,5,30,2,uniform,batched,8,P3_dir_balanced,213.0
11,5,30,2,uniform,batched,8,P3_dir_balanced,231.0
11,5,30,2,uniform,batched,8,P3_dir_balanced,164.0
11,5,30,2,uniform,batched,8,P3_dir_balanced,204.0
11,5,30,2,uniform,batched,8,P3_dir_balanced,197.0
11,5,30,2,uniform,batched,8,P3_dir_balanced,236.0
11,5,30,2,uniform,batched,8,P3_dir_balanced,183.0
11,5,30,2,uniform,batched,8,P3_dir_balanced,167.0
11,5,30,2,uniform,batched,8,P3_dir_balanced,198.0
11,5,30,2,uniform,batched,8,P3_dir_balanced,149.0
11,5,30,2,uniform,batched,8,P3_dir_balanced,203.0
11,5,30,2,uniform,batched,8,P3_dir_balanced,135.0
11,5,30,2,uniform,batched,8,P3_dir_balanced,150.0
11,5,30,2,uniform,batched,8,P3_dir_balanced,222.0
11,5,30,2,uniform,batched,8,P3_dir_balanced,164.0
11,5,30,2,uniform,batched,8,P3_dir_balanced,206.0
11,5,30,2,uniform,batched,8,P4_temporal,247.0
11,5,30,2,uniform,batched,8,P4_temporal,148.0
11,5,30,2,uniform,batched,8,P4_temporal,198.0
11,5,30,2,uniform,batched,8,P4_temporal,185.0
11,5,30,2,uniform,batched,8,P4_temporal,212.0
11,5,30,2,uniform,batched,8,P4_temporal,202.0
11,5,30,2,uniform,batched,8,P4_temporal,173.0
11,5,30,2,uniform,batched,8,P4_temporal,164.0
11,5,30,2,uniform,batched,8,P4_temporal,207.0
11,5,30,2,uniform,batched,8,P4_temporal,167.0
11,5,30,2,uniform,batched,8,P4_temporal,212.0
11,5,30,2,uniform,batched,8,P4_temporal,174.0
11,5,30,2,uniform,batched,8,P4_temporal,182.0
11,5,30,2,uniform,batched,8,P4_temporal,222.0
11,5,30,2,uniform,batched,8,P4_temporal,222.0
11,5,30,2,uniform,batched,8,P4_temporal,198.0
11,5,30,2,uniform,batched,8,P4_temporal,198.0
11,5,30,2,uniform,batched,8,P4_temporal,193.0
11,5,30,2,uniform,batched,8,P4_temporal,251.0
11,5,30,2,uniform,batched,8,P4_temporal,184.0
11,5,30,2,uniform,batched,8,P4_temporal,169.0
11,5,30,2,uniform,batched,8,P4_temporal,302.0
11,5,30,2,uniform,batched,8,P4_temporal,207.0
11,5,30,2,uniform,batched,8,P4_temporal,189.0
11,5,30,2,uniform,batched,8,P4_temporal,154.0
11,5,30,2,uniform,batched,8,P4_temporal,188.0
11,5,30,2,uniform,batched,8,P4_temporal,232.0
11,5,30,2,uniform,batched,8,P4_temporal,115.0
11,5,30,2,uniform,batched,8,P4_temporal,163.0
11,5,30,2,uniform,batched,8,P4_temporal,227.0
11,5,30,2,uniform,batched,8,P4_temporal,154.0
11,5,30,2,uniform,batched,8,P4_temporal,168.0
11,5,30,2,uniform,batched,8,P4_temporal,173.0
11,5,30,2,uniform,batched,8,P4_temporal,183.0
11,5,30,2,uniform,batched,8,P4_temporal,276.0
11,5,30,2,uniform,batched,8,P4_temporal,138.0
11,5,30,2,uniform,batched,8,P4_temporal,130.0
11,5,30,2,uniform,batched,8,P4_temporal,160.0
11,5,30,2,uniform,batched,8,P4_temporal,216.0
11,5,30,2,uniform,batched,8,P4_temporal,178.0
11,5,30,2,uniform,batched,8,P4_temporal,232.0
11,5,30,2,uniform,batched,8,P4_temporal,182.0
11,5,30,2,uniform,batched,8,P4_temporal,227.0
11,5,30,2,uniform,batched,8,P4_temporal,184.0
11,5,30,2,uniform,batched,8,P4_temporal,201.0
11,5,30,2,uniform,batched,8,P4_temporal,212.0
11,5,30,2,uniform,batched,8,P4_temporal,184.0
11,5,30,2,uniform,batched,8,P4_temporal,237.0
11,5,30,2,uniform,batched,8,P4_temporal,232.0
11,5,30,2,uniform,batched,8,P4_temporal,251.0
11,5,30,2,uniform,batched,8,P4_temporal,153.0
11,5,30,2,uniform,batched,8,P4_temporal,199.0
11,5,30,2,uniform,batched,8,P4_temporal,138.0
11,5,30,2,uniform,batched,8,P4_temporal,134.0
11,5,30,2,uniform,batched,8,P4_temporal,187.0
11,5,30,2,uniform,batched,8,P4_temporal,255.0
11,5,30,2,uniform,batched,8,P4_temporal,160.0
11,5,30,2,uniform,batched,8,P4_temporal,187.0
11,5,30,2,uniform,batched,8,P4_temporal,257.0
11,5,30,2,uniform,batched,8,P4_temporal,182.0
11,5,30,2,uniform,batched,8,P4_temporal,203.0
11,5,30,2,uniform,batched,8,P4_temporal,246.0
11,5,30,2,uniform,batched,8,P4_temporal,154.0
11,5,30,2,uniform,batched,8,P4_temporal,204.0
11,5,30,2,uniform,batched,8,P4_temporal,159.0
11,5,30,2,uniform,batched,8,P4_temporal,179.0
11,5,30,2,uniform,batched,8,P4_temporal,158.0
11,5,30,2,uniform,batched,8,P4_temporal,173.0
11,5,30,2,uniform,batched,8,P4_temporal,159.0
11,5,30,2,uniform,batched,8,P4_temporal,173.0
11,5,30,2,uniform,batched,8,P4_temporal,193.0
11,5,30,2,uniform,batched,8,P4_temporal,255.0
11,5,30,2,uniform,batched,8,P4_temporal,256.0
11,5,30,2,uniform,batched,8,P4_temporal,149.0
11,5,30,2,uniform,batched,8,P4_temporal,231.0
11,5,30,2,uniform,batched,8,P4_temporal,184.0
11,5,30,2,uniform,batched,8,P4_temporal,168.0
11,5,30,2,uniform,batched,8,P4_temporal,257.0
11,5,30,2,uniform,batched,8,P4_temporal,222.0
11,5,30,2,uniform,batched,8,P4_temporal,178.0
11,5,30,2,uniform,batched,8,P4_temporal,184.0
11,5,30,2,uniform,batched,8,P4_temporal,227.0
11,5,30,2,uniform,batched,8,P4_temporal,179.0
11,5,30,2,uniform,batched,8,P4_temporal,178.0
11,5,30,2,uniform,batched,8,P4_temporal,208.0
11,5,30,2,uniform,batched,8,P4_temporal,193.0
11,5,30,2,uniform,batched,8,P4_temporal,232.0
11,5,30,2,uniform,batched,8,P4_temporal,233.0
11,5,30,2,uniform,batched,8,P4_temporal,222.0
11,5,30,2,uniform,batched,8,P4_temporal,213.0
11,5,30,2,uniform,batched,8,P4_temporal,232.0
11,5,30,2,uniform,batched,8,P4_temporal,247.0
11,5,30,2,uniform,batched,8,P4_temporal,217.0
11,5,30,2,uniform,batched,8,P4_temporal,173.0
11,5,30,2,uniform,batched,8,P4_temporal,206.0
11,5,30,2,uniform,batched,8,P4_temporal,227.0
11,5,30,2,uniform,batched,8,P4_temporal,149.0
11,5,30,2,uniform,batched,8,P4_temporal,237.0
11,5,30,2,uniform,batched,8,P4_temporal,241.0
11,5,30,2,uniform,batched,8,P4_temporal,276.0
11,5,30,2,uniform,batched,8,P4_temporal,178.0
11,5,30,2,uniform,batched,8,P4_temporal,222.0
11,5,30,2,uniform,batched,8,P4_temporal,157.0
11,5,30,2,uniform,batched,8,P4_temporal,149.0
11,5,30,2,uniform,batched,8,P4_temporal,246.0
11,5,30,2,uniform,batched,8,P4_temporal,227.0
11,5,30,2,uniform,batched,8,P4_temporal,178.0
11,5,30,2,uniform,batched,8,P4_temporal,207.0
11,5,30,2,uniform,batched,8,P4_temporal,271.0
11,5,30,2,uniform,batched,8,P4_temporal,247.0
11,5,30,2,uniform,batched,8,P4_temporal,256.0
11,5,30,2,uniform,batched,8,P4_temporal,203.0
11,5,30,2,uniform,batched,8,P4_temporal,227.0
11,5,30,2,uniform,batched,8,P4_temporal,214.0
11,5,30,2,uniform,batched,8,P4_temporal,168.0
11,5,30,2,uniform,batched,8,P4_temporal,193.0
11,5,30,2,uniform,batched,8,P4_temporal,233.0
11,5,30,2,uniform,batched,8,P4_temporal,153.0
11,5,30,2,uniform,batched,8,P4_temporal,237.0
11,5,30,2,uniform,batched,8,P4_temporal,222.0
11,5,30,2,uniform,batched,8,P4_temporal,120.0
11,5,30,2,uniform,batched,8,P4_temporal,168.0
11,5,30,2,uniform,batched,8,P4_temporal,197.0
11,5,30,2,uniform,batched,8,P4_temporal,150.0
11,5,30,2,uniform,batched,8,P4_temporal,191.0
11,5,30,2,uniform,batched,8,P4_temporal,198.0
11,5,30,2,uniform,batched,8,P4_temporal,163.0
11,5,30,2,uniform,batched,8,P4_temporal,212.0
11,5,30,2,uniform,batched,8,P4_temporal,153.0
11,5,30,2,uniform,batched,8,P4_temporal,228.0
11,5,30,2,uniform,batched,8,P4_temporal,216.0
11,5,30,2,uniform,batched,8,P4_temporal,218.0
11,5,30,2,uniform,batched,8,P4_temporal,155.0
11,5,30,2,uniform,batched,8,P4_temporal,208.0
11,5,30,2,uniform,batched,8,P4_temporal,144.0
11,5,30,2,uniform,batched,8,P4_temporal,212.0
11,5,30,2,uniform,batched,8,P4_temporal,247.0
11,5,30,2,uniform,batched,8,P4_temporal,149.0
11,5,30,2,uniform,batched,8,P4_temporal,169.0
11,5,30,2,uniform,batched,8,P4_temporal,187.0
11,5,30,2,uniform,batched,8,P4_temporal,192.0
11,5,30,2,uniform,batched,8,P4_temporal,212.0
11,5,30,2,uniform,batched,8,P4_temporal,130.0
11,5,30,2,uniform,batched,8,P4_temporal,168.0
11,5,30,2,uniform,batched,8,P4_temporal,191.0
11,5,30,2,uniform,batched,8,P4_temporal,256.0
11,5,30,2,uniform,batched,8,P4_temporal,136.0
11,5,30,2,uniform,batched,8,P4_temporal,223.0
11,5,30,2,uniform,batched,8,P4_temporal,193.0
11,5,30,2,uniform,batched,8,P4_temporal,188.0
11,5,30,2,uniform,batched,8,P4_temporal,252.0
11,5,30,2,uniform,batched,8,P4_temporal,178.0
11,5,30,2,uniform,batched,8,P4_temporal,186.0
11,5,30,2,uniform,batched,8,P4_temporal,212.0
11,5,30,2,uniform,batched,8,P4_temporal,141.0
11,5,30,2,uniform,batched,8,P4_temporal,198.0
11,5,30,2,uniform,batched,8,P4_temporal,153.0
11,5,30,2,uniform,batched,8,P4_temporal,187.0
11,5,30,2,uniform,batched,8,P4_temporal,209.0
11,5,30,2,uniform,batched,8,P4_temporal,187.0
11,5,30,2,uniform,batched,8,P4_temporal,208.0
11,5,30,2,uniform,batched,8,P4_temporal,189.0
11,5,30,2,uniform,batched,8,P4_temporal,207.0
11,5,30,2,uniform,batched,8,P4_temporal,217.0
11,5,30,2,uniform,batched,8,P4_temporal,207.0
11,5,30,2,uniform,batched,8,P4_temporal,197.0
11,5,30,2,uniform,batched,8,P4_temporal,163.0
11,5,30,2,uniform,batched,8,P4_temporal,217.0
11,5,30,2,uniform,batched,8,P4_temporal,218.0
11,5,30,2,uniform,batched,8,P4_temporal,197.0
11,5,30,2,uniform,batched,8,P4_temporal,184.0
11,5,30,2,uniform,batched,8,P4_temporal,140.0
11,5,30,2,uniform,batched,8,P4_temporal,198.0
11,5,30,2,uniform,batched,8,P4_temporal,285.0
11,5,30,2,uniform,batched,8,P4_temporal,232.0
11,5,30,2,uniform,batched,8,P4_temporal,184.0
11,5,30,2,uniform,batched,8,P4_temporal,115.0
11,5,30,2,uniform,batched,8,P4_temporal,202.0
11,5,30,2,uniform,batched,8,P4_temporal,257.0
11,5,30,2,uniform,batched,8,P4_temporal,184.0
11,5,30,2,uniform,batched,8,P4_temporal,120.0
11,5,30,2,uniform,batched,8,P4_temporal,262.0
11,5,30,2,uniform,batched,8,P4_temporal,211.0
11,5,30,2,uniform,batched,8,P4_temporal,193.0
11,5,30,2,uniform,batched,8,P4_temporal,208.0
11,5,30,2,uniform,batched,8,P4_temporal,217.0
11,5,30,2,uniform,batched,8,P4_temporal,208.0
11,5,30,2,uniform,batched,8,P4_temporal,163.0
11,5,30,2,uniform,batched,8,P4_temporal,247.0
11,5,30,2,uniform,batched,8,P4_temporal,121.0
11,5,30,2,uniform,batched,8,P4_temporal,251.0
11,5,30,2,uniform,batched,8,P4_temporal,188.0
11,5,30,2,uniform,batched,8,P4_temporal,214.0
11,5,30,2,uniform,batched,8,P4_temporal,188.0
11,5,30,2,uniform,batched,8,P4_temporal,159.0
11,5,30,2,uniform,batched,8,P4_temporal,241.0
11,5,30,2,uniform,batched,8,P4_temporal,193.0
11,5,30,2,uniform,batched,8,P4_temporal,149.0
11,5,30,2,uniform,batched,8,P4_temporal,216.0
11,5,30,2,uniform,batched,8,P4_temporal,173.0
11,5,30,2,uniform,batched,8,P5_phi,145.0
11,5,30,2,uniform,batched,8,P5_phi,135.0
11,5,30,2,uniform,batched,8,P5_phi,187.0
11,5,30,2,uniform,batched,8,P5_phi,247.0
11,5,30,2,uniform,batched,8,P5_phi,223.0
11,5,30,2,uniform,batched,8,P5_phi,194.0
11,5,30,2,uniform,batched,8,P5_phi,240.0
11,5,30,2,uniform,batched,8,P5_phi,267.0
11,5,30,2,uniform,batched,8,P5_phi,217.0
11,5,30,2,uniform,batched,8,P5_phi,149.0
11,5,30,2,uniform,batched,8,P5_phi,256.0
11,5,30,2,uniform,batched,8,P5_phi,120.0
11,5,30,2,uniform,batched,8,P5_phi,140.0
11,5,30,2,uniform,batched,8,P5_phi,209.0
11,5,30,2,uniform,batched,8,P5_phi,213.0
11,5,30,2,uniform,batched,8,P5_phi,158.0
11,5,30,2,uniform,batched,8,P5_phi,233.0
11,5,30,2,uniform,batched,8,P5_phi,213.0
11,5,30,2,uniform,batched,8,P5_phi,159.0
11,5,30,2,uniform,batched,8,P5_phi,164.0
11,5,30,2,uniform,batched,8,P5_phi,286.0
11,5,30,2,uniform,batched,8,P5_phi,153.0
11,5,30,2,uniform,batched,8,P5_phi,188.0
11,5,30,2,uniform,batched,8,P5_phi,184.0
11,5,30,2,uniform,batched,8,P5_phi,207.0
11,5,30,2,uniform,batched,8,P5_phi,237.0
11,5,30,2,uniform,batched,8,P5_phi,218.0
11,5,30,2,uniform,batched,8,P5_phi,204.0
11,5,30,2,uniform,batched,8,P5_phi,233.0
11,5,30,2,uniform,batched,8,P5_phi,222.0
11,5,30,2,uniform,batched,8,P5_phi,139.0
11,5,30,2,uniform,batched,8,P5_phi,252.0
11,5,30,2,uniform,batched,8,P5_phi,261.0
11,5,30,2,uniform,batched,8,P5_phi,133.0
11,5,30,2,uniform,batched,8,P5_phi,236.0
11,5,30,2,uniform,batched,8,P5_phi,194.0
11,5,30,2,uniform,batched,8,P5_phi,207.0
11,5,30,2,uniform,batched,8,P5_phi,227.0
11,5,30,2,uniform,batched,8,P5_phi,188.0
11,5,30,2,uniform,batched,8,P5_phi,242.0
11,5,30,2,uniform,batched,8,P5_phi,185.0
11,5,30,2,uniform,batched,8,P5_phi,261.0
11,5,30,2,uniform,batched,8,P5_phi,149.0
11,5,30,2,uniform,batched,8,P5_phi,173.0
11,5,30,2,uniform,batched,8,P5_phi,198.0
11,5,30,2,uniform,batched,8,P5_phi,212.0
11,5,30,2,uniform,batched,8,P5_phi,202.0
11,5,30,2,uniform,batched,8,P5_phi,257.0
11,5,30,2,uniform,batched,8,P5_phi,173.0
11,5,30,2,uniform,batched,8,P5_phi,207.0
11,5,30,2,uniform,batched,8,P5_phi,286.0
11,5,30,2,uniform,batched,8,P5_phi,174.0
11,5,30,2,uniform,batched,8,P5_phi,194.0
11,5,30,2,uniform,batched,8,P5_phi,198.0
11,5,30,2,uniform,batched,8,P5_phi,154.0
11,5,30,2,uniform,batched,8,P5_phi,227.0
11,5,30,2,uniform,batched,8,P5_phi,199.0
11,5,30,2,uniform,batched,8,P5_phi,163.0
11,5,30,2,uniform,batched,8,P5_phi,292.0
11,5,30,2,uniform,batched,8,P5_phi,213.0
11,5,30,2,uniform,batched,8,P5_phi,204.0
11,5,30,2,uniform,batched,8,P5_phi,202.0
11,5,30,2,uniform,batched,8,P5_phi,213.0
11,5,30,2,uniform,batched,8,P5_phi,184.0
11,5,30,2,uniform,batched,8,P5_phi,199.0
11,5,30,2,uniform,batched,8,P5_phi,164.0
11,5,30,2,uniform,batched,8,P5_phi,174.0
11,5,30,2,uniform,batched,8,P5_phi,110.0
11,5,30,2,uniform,batched,8,P5_phi,105.0
11,5,30,2,uniform,batched,8,P5_phi,193.0
11,5,30,2,uniform,batched,8,P5_phi,252.0
11,5,30,2,uniform,batched,8,P5_phi,199.0
11,5,30,2,uniform,batched,8,P5_phi,163.0
11,5,30,2,uniform,batched,8,P5_phi,213.0
11,5,30,2,uniform,batched,8,P5_phi,198.0
11,5,30,2,uniform,batched,8,P5_phi,267.0
11,5,30,2,uniform,batched,8,P5_phi,217.0
11,5,30,2,uniform,batched,8,P5_phi,135.0
11,5,30,2,uniform,batched,8,P5_phi,211.0
11,5,30,2,uniform,batched,8,P5_phi,105.0
11,5,30,2,uniform,batched,8,P5_phi,252.0
11,5,30,2,uniform,batched,8,P5_phi,228.0
11,5,30,2,uniform,batched,8,P5_phi,139.0
11,5,30,2,uniform,batched,8,P5_phi,164.0
11,5,30,2,uniform,batched,8,P5_phi,202.0
11,5,30,2,uniform,batched,8,P5_phi,177.0
11,5,30,2,uniform,batched,8,P5_phi,149.0
11,5,30,2,uniform,batched,8,P5_phi,223.0
11,5,30,2,uniform,batched,8,P5_phi,252.0
11,5,30,2,uniform,batched,8,P5_phi,233.0
11,5,30,2,uniform,batched,8,P5_phi,240.0
11,5,30,2,uniform,batched,8,P5_phi,227.0
11,5,30,2,uniform,batched,8,P5_phi,187.0
11,5,30,2,uniform,batched,8,P5_phi,162.0
11,5,30,2,uniform,batched,8,P5_phi,256.0
11,5,30,2,uniform,batched,8,P5_phi,164.0
11,5,30,2,uniform,batched,8,P5_phi,139.0
11,5,30,2,uniform,batched,8,P5_phi,252.0
11,5,30,2,uniform,batched,8,P5_phi,227.0
11,5,30,2,uniform,batched,8,P5_phi,213.0
11,5,30,2,uniform,batched,8,P5_phi,169.0
11,5,30,2,uniform,batched,8,P5_phi,212.0
11,5,30,2,uniform,batched,8,P5_phi,202.0
11,5,30,2,uniform,batched,8,P5_phi,213.0
11,5,30,2,uniform,batched,8,P5_phi,158.0
11,5,30,2,uniform,batched,8,P5_phi,212.0
11,5,30,2,uniform,batched,8,P5_phi,228.0
11,5,30,2,uniform,batched,8,P5_phi,211.0
11,5,30,2,uniform,batched,8,P5_phi,232.0
11,5,30,2,uniform,batched,8,P5_phi,261.0
11,5,30,2,uniform,batched,8,P5_phi,139.0
11,5,30,2,uniform,batched,8,P5_phi,198.0
11,5,30,2,uniform,batched,8,P5_phi,106.0
11,5,30,2,uniform,batched,8,P5_phi,209.0
11,5,30,2,uniform,batched,8,P5_phi,174.0
11,5,30,2,uniform,batched,8,P5_phi,252.0
11,5,30,2,uniform,batched,8,P5_phi,233.0
11,5,30,2,uniform,batched,8,P5_phi,139.0
11,5,30,2,uniform,batched,8,P5_phi,212.0
11,5,30,2,uniform,batched,8,P5_phi,233.0
11,5,30,2,uniform,batched,8,P5_phi,172.0
11,5,30,2,uniform,batched,8,P5_phi,193.0
11,5,30,2,uniform,batched,8,P5_phi,106.0
11,5,30,2,uniform,batched,8,P5_phi,165.0
11,5,30,2,uniform,batched,8,P5_phi,213.0
11,5,30,2,uniform,batched,8,P5_phi,219.0
11,5,30,2,uniform,batched,8,P5_phi,232.0
11,5,30,2,uniform,batched,8,P5_phi,237.0
11,5,30,2,uniform,batched,8,P5_phi,188.0
11,5,30,2,uniform,batched,8,P5_phi,203.0
11,5,30,2,uniform,batched,8,P5_phi,237.0
11,5,30,2,uniform,batched,8,P5_phi,237.0
11,5,30,2,uniform,batched,8,P5_phi,198.0
11,5,30,2,uniform,batched,8,P5_phi,178.0
11,5,30,2,uniform,batched,8,P5_phi,240.0
11,5,30,2,uniform,batched,8,P5_phi,164.0
11,5,30,2,uniform,batched,8,P5_phi,163.0
11,5,30,2,uniform,batched,8,P5_phi,192.0
11,5,30,2,uniform,batched,8,P5_phi,189.0
11,5,30,2,uniform,batched,8,P5_phi,154.0
11,5,30,2,uniform,batched,8,P5_phi,267.0
11,5,30,2,uniform,batched,8,P5_phi,198.0
11,5,30,2,uniform,batched,8,P5_phi,173.0
11,5,30,2,uniform,batched,8,P5_phi,240.0
11,5,30,2,uniform,batched,8,P5_phi,139.0
11,5,30,2,uniform,batched,8,P5_phi,242.0
11,5,30,2,uniform,batched,8,P5_phi,208.0
11,5,30,2,uniform,batched,8,P5_phi,174.0
11,5,30,2,uniform,batched,8,P5_phi,179.0
11,5,30,2,uniform,batched,8,P5_phi,184.0
11,5,30,2,uniform,batched,8,P5_phi,207.0
11,5,30,2,uniform,batched,8,P5_phi,120.0
11,5,30,2,uniform,batched,8,P5_phi,164.0
11,5,30,2,uniform,batched,8,P5_phi,211.0
11,5,30,2,uniform,batched,8,P5_phi,194.0
11,5,30,2,uniform,batched,8,P5_phi,228.0
11,5,30,2,uniform,batched,8,P5_phi,261.0
11,5,30,2,uniform,batched,8,P5_phi,140.0
11,5,30,2,uniform,batched,8,P5_phi,160.0
11,5,30,2,uniform,batched,8,P5_phi,188.0
11,5,30,2,uniform,batched,8,P5_phi,238.0
11,5,30,2,uniform,batched,8,P5_phi,199.0
11,5,30,2,uniform,batched,8,P5_phi,211.0
11,5,30,2,uniform,batched,8,P5_phi,129.0
11,5,30,2,uniform,batched,8,P5_phi,217.0
11,5,30,2,uniform,batched,8,P5_phi,183.0
11,5,30,2,uniform,batched,8,P5_phi,158.0
11,5,30,2,uniform,batched,8,P5_phi,145.0
11,5,30,2,uniform,batched,8,P5_phi,212.0
11,5,30,2,uniform,batched,8,P5_phi,184.0
11,5,30,2,uniform,batched,8,P5_phi,187.0
11,5,30,2,uniform,batched,8,P5_phi,163.0
11,5,30,2,uniform,batched,8,P5_phi,154.0
11,5,30,2,uniform,batched,8,P5_phi,218.0
11,5,30,2,uniform,batched,8,P5_phi,188.0
11,5,30,2,uniform,batched,8,P5_phi,194.0
11,5,30,2,uniform,batched,8,P5_phi,211.0
11,5,30,2,uniform,batched,8,P5_phi,163.0
11,5,30,2,uniform,batched,8,P5_phi,170.0
11,5,30,2,uniform,batched,8,P5_phi,187.0
11,5,30,2,uniform,batched,8,P5_phi,223.0
11,5,30,2,uniform,batched,8,P5_phi,154.0
11,5,30,2,uniform,batched,8,P5_phi,173.0
11,5,30,2,uniform,batched,8,P5_phi,182.0
11,5,30,2,uniform,batched,8,P5_phi,196.0
11,5,30,2,uniform,batched,8,P5_phi,203.0
11,5,30,2,uniform,batched,8,P5_phi,184.0
11,5,30,2,uniform,batched,8,P5_phi,154.0
11,5,30,2,uniform,batched,8,P5_phi,149.0
11,5,30,2,uniform,batched,8,P5_phi,183.0
11,5,30,2,uniform,batched,8,P5_phi,153.0
11,5,30,2,uniform,batched,8,P5_phi,208.0
11,5,30,2,uniform,batched,8,P5_phi,184.0
11,5,30,2,uniform,batched,8,P5_phi,193.0
11,5,30,2,uniform,batched,8,P5_phi,149.0
11,5,30,2,uniform,batched,8,P5_phi,165.0
11,5,30,2,uniform,batched,8,P5_phi,188.0
11,5,30,2,uniform,batched,8,P5_phi,150.0
11,5,30,2,uniform,batched,8,P5_phi,184.0
11,5,30,2,uniform,batched,8,P5_phi,202.0
11,5,30,2,uniform,batched,8,P6_spo_tree,192.0
11,5,30,2,uniform,batched,8,P6_spo_tree,183.0
11,5,30,2,uniform,batched,8,P6_spo_tree,242.0
11,5,30,2,uniform,batched,8,P6_spo_tree,163.0
11,5,30,2,uniform,batched,8,P6_spo_tree,203.0
11,5,30,2,uniform,batched,8,P6_spo_tree,213.0
11,5,30,2,uniform,batched,8,P6_spo_tree,240.0
11,5,30,2,uniform,batched,8,P6_spo_tree,173.0
11,5,30,2,uniform,batched,8,P6_spo_tree,163.0
11,5,30,2,uniform,batched,8,P6_spo_tree,216.0
11,5,30,2,uniform,batched,8,P6_spo_tree,188.0
11,5,30,2,uniform,batched,8,P6_spo_tree,203.0
11,5,30,2,uniform,batched,8,P6_spo_tree,238.0
11,5,30,2,uniform,batched,8,P6_spo_tree,203.0
11,5,30,2,uniform,batched,8,P6_spo_tree,267.0
11,5,30,2,uniform,batched,8,P6_spo_tree,178.0
11,5,30,2,uniform,batched,8,P6_spo_tree,252.0
11,5,30,2,uniform,batched,8,P6_spo_tree,150.0
11,5,30,2,uniform,batched,8,P6_spo_tree,139.0
11,5,30,2,uniform,batched,8,P6_spo_tree,204.0
11,5,30,2,uniform,batched,8,P6_spo_tree,145.0
11,5,30,2,uniform,batched,8,P6_spo_tree,256.0
11,5,30,2,uniform,batched,8,P6_spo_tree,189.0
11,5,30,2,uniform,batched,8,P6_spo_tree,194.0
11,5,30,2,uniform,batched,8,P6_spo_tree,201.0
11,5,30,2,uniform,batched,8,P6_spo_tree,164.0
11,5,30,2,uniform,batched,8,P6_spo_tree,221.0
11,5,30,2,uniform,batched,8,P6_spo_tree,184.0
11,5,30,2,uniform,batched,8,P6_spo_tree,179.0
11,5,30,2,uniform,batched,8,P6_spo_tree,257.0
11,5,30,2,uniform,batched,8,P6_spo_tree,192.0
11,5,30,2,uniform,batched,8,P6_spo_tree,202.0
11,5,30,2,uniform,batched,8,P6_spo_tree,212.0
11,5,30,2,uniform,batched,8,P6_spo_tree,241.0
11,5,30,2,uniform,batched,8,P6_spo_tree,212.0
11,5,30,2,uniform,batched,8,P6_spo_tree,198.0
11,5,30,2,uniform,batched,8,P6_spo_tree,223.0
11,5,30,2,uniform,batched,8,P6_spo_tree,233.0
11,5,30,2,uniform,batched,8,P6_spo_tree,213.0
11,5,30,2,uniform,batched,8,P6_spo_tree,173.0
11,5,30,2,uniform,batched,8,P6_spo_tree,158.0
11,5,30,2,uniform,batched,8,P6_spo_tree,203.0
11,5,30,2,uniform,batched,8,P6_spo_tree,159.0
11,5,30,2,uniform,batched,8,P6_spo_tree,227.0
11,5,30,2,uniform,batched,8,P6_spo_tree,251.0
11,5,30,2,uniform,batched,8,P6_spo_tree,129.0
11,5,30,2,uniform,batched,8,P6_spo_tree,192.0
11,5,30,2,uniform,batched,8,P6_spo_tree,261.0
11,5,30,2,uniform,batched,8,P6_spo_tree,217.0
11,5,30,2,uniform,batched,8,P6_spo_tree,207.0
11,5,30,2,uniform,batched,8,P6_spo_tree,241.0
11,5,30,2,uniform,batched,8,P6_spo_tree,183.0
11,5,30,2,uniform,batched,8,P6_spo_tree,159.0
11,5,30,2,uniform,batched,8,P6_spo_tree,202.0
11,5,30,2,uniform,batched,8,P6_spo_tree,164.0
11,5,30,2,uniform,batched,8,P6_spo_tree,216.0
11,5,30,2,uniform,batched,8,P6_spo_tree,182.0
11,5,30,2,uniform,batched,8,P6_spo_tree,211.0
11,5,30,2,uniform,batched,8,P6_spo_tree,182.0
11,5,30,2,uniform,batched,8,P6_spo_tree,159.0
11,5,30,2,uniform,batched,8,P6_spo_tree,212.0
11,5,30,2,uniform,batched,8,P6_spo_tree,217.0
11,5,30,2,uniform,batched,8,P6_spo_tree,120.0
11,5,30,2,uniform,batched,8,P6_spo_tree,222.0
11,5,30,2,uniform,batched,8,P6_spo_tree,218.0
11,5,30,2,uniform,batched,8,P6_spo_tree,173.0
11,5,30,2,uniform,batched,8,P6_spo_tree,183.0
11,5,30,2,uniform,batched,8,P6_spo_tree,203.0
11,5,30,2,uniform,batched,8,P6_spo_tree,149.0
11,5,30,2,uniform,batched,8,P6_spo_tree,227.0
11,5,30,2,uniform,batched,8,P6_spo_tree,251.0
11,5,30,2,uniform,batched,8,P6_spo_tree,203.0
11,5,30,2,uniform,batched,8,P6_spo_tree,154.0
11,5,30,2,uniform,batched,8,P6_spo_tree,218.0
11,5,30,2,uniform,batched,8,P6_spo_tree,243.0
11,5,30,2,uniform,batched,8,P6_spo_tree,184.0
11,5,30,2,uniform,batched,8,P6_spo_tree,124.0
11,5,30,2,uniform,batched,8,P6_spo_tree,139.0
11,5,30,2,uniform,batched,8,P6_spo_tree,149.0
11,5,30,2,uniform,batched,8,P6_spo_tree,226.0
11,5,30,2,uniform,batched,8,P6_spo_tree,233.0
11,5,30,2,uniform,batched,8,P6_spo_tree,184.0
11,5,30,2,uniform,batched,8,P6_spo_tree,188.0
11,5,30,2,uniform,batched,8,P6_spo_tree,130.0
11,5,30,2,uniform,batched,8,P6_spo_tree,202.0
11,5,30,2,uniform,batched,8,P6_spo_tree,212.0
11,5,30,2,uniform,batched,8,P6_spo_tree,198.0
11,5,30,2,uniform,batched,8,P6_spo_tree,187.0
11,5,30,2,uniform,batched,8,P6_spo_tree,231.0
11,5,30,2,uniform,batched,8,P6_spo_tree,228.0
11,5,30,2,uniform,batched,8,P6_spo_tree,221.0
11,5,30,2,uniform,batched,8,P6_spo_tree,212.0
11,5,30,2,uniform,batched,8,P6_spo_tree,197.0
11,5,30,2,uniform,batched,8,P6_spo_tree,130.0
11,5,30,2,uniform,batched,8,P6_spo_tree,256.0
11,5,30,2,uniform,batched,8,P6_spo_tree,193.0
11,5,30,2,uniform,batched,8,P6_spo_tree,194.0
11,5,30,2,uniform,batched,8,P6_spo_tree,222.0
11,5,30,2,uniform,batched,8,P6_spo_tree,121.0
11,5,30,2,uniform,batched,8,P6_spo_tree,168.0
11,5,30,2,uniform,batched,8,P6_spo_tree,202.0
11,5,30,2,uniform,batched,8,P6_spo_tree,192.0
11,5,30,2,uniform,batched,8,P6_spo_tree,178.0
11,5,30,2,uniform,batched,8,P6_spo_tree,189.0
11,5,30,2,uniform,batched,8,P6_spo_tree,144.0
11,5,30,2,uniform,batched,8,P6_spo_tree,213.0
11,5,30,2,uniform,batched,8,P6_spo_tree,218.0
11,5,30,2,uniform,batched,8,P6_spo_tree,247.0
11,5,30,2,uniform,batched,8,P6_spo_tree,188.0
11,5,30,2,uniform,batched,8,P6_spo_tree,207.0
11,5,30,2,uniform,batched,8,P6_spo_tree,153.0
11,5,30,2,uniform,batched,8,P6_spo_tree,246.0
11,5,30,2,uniform,batched,8,P6_spo_tree,217.0
11,5,30,2,uniform,batched,8,P6_spo_tree,223.0
11,5,30,2,uniform,batched,8,P6_spo_tree,178.0
11,5,30,2,uniform,batched,8,P6_spo_tree,212.0
11,5,30,2,uniform,batched,8,P6_spo_tree,226.0
11,5,30,2,uniform,batched,8,P6_spo_tree,173.0
11,5,30,2,uniform,batched,8,P6_spo_tree,207.0
11,5,30,2,uniform,batched,8,P6_spo_tree,163.0
11,5,30,2,uniform,batched,8,P6_spo_tree,227.0
11,5,30,2,uniform,batched,8,P6_spo_tree,221.0
11,5,30,2,uniform,batched,8,P6_spo_tree,168.0
11,5,30,2,uniform,batched,8,P6_spo_tree,193.0
11,5,30,2,uniform,batched,8,P6_spo_tree,203.0
11,5,30,2,uniform,batched,8,P6_spo_tree,247.0
11,5,30,2,uniform,batched,8,P6_spo_tree,208.0
11,5,30,2,uniform,batched,8,P6_spo_tree,153.0
11,5,30,2,uniform,batched,8,P6_spo_tree,193.0
11,5,30,2,uniform,batched,8,P6_spo_tree,241.0
11,5,30,2,uniform,batched,8,P6_spo_tree,173.0
11,5,30,2,uniform,batched,8,P6_spo_tree,182.0
11,5,30,2,uniform,batched,8,P6_spo_tree,139.0
11,5,30,2,uniform,batched,8,P6_spo_tree,188.0
11,5,30,2,uniform,batched,8,P6_spo_tree,232.0
11,5,30,2,uniform,batched,8,P6_spo_tree,218.0
11,5,30,2,uniform,batched,8,P6_spo_tree,197.0
11,5,30,2,uniform,batched,8,P6_spo_tree,184.0
11,5,30,2,uniform,batched,8,P6_spo_tree,202.0
11,5,30,2,uniform,batched,8,P6_spo_tree,187.0
11,5,30,2,uniform,batched,8,P6_spo_tree,207.0
11,5,30,2,uniform,batched,8,P6_spo_tree,164.0
11,5,30,2,uniform,batched,8,P6_spo_tree,173.0
11,5,30,2,uniform,batched,8,P6_spo_tree,144.0
11,5,30,2,uniform,batched,8,P6_spo_tree,226.0
11,5,30,2,uniform,batched,8,P6_spo_tree,228.0
11,5,30,2,uniform,batched,8,P6_spo_tree,153.0
11,5,30,2,uniform,batched,8,P6_spo_tree,148.0
11,5,30,2,uniform,batched,8,P6_spo_tree,206.0
11,5,30,2,uniform,batched,8,P6_spo_tree,188.0
11,5,30,2,uniform,batched,8,P6_spo_tree,192.0
11,5,30,2,uniform,batched,8,P6_spo_tree,159.0
11,5,30,2,uniform,batched,8,P6_spo_tree,188.0
11,5,30,2,uniform,batched,8,P6_spo_tree,144.0
11,5,30,2,uniform,batched,8,P6_spo_tree,172.0
11,5,30,2,uniform,batched,8,P6_spo_tree,183.0
11,5,30,2,uniform,batched,8,P6_spo_tree,189.0
11,5,30,2,uniform,batched,8,P6_spo_tree,223.0
11,5,30,2,uniform,batched,8,P6_spo_tree,257.0
11,5,30,2,uniform,batched,8,P6_spo_tree,157.0
11,5,30,2,uniform,batched,8,P6_spo_tree,139.0
11,5,30,2,uniform,batched,8,P6_spo_tree,201.0
11,5,30,2,uniform,batched,8,P6_spo_tree,188.0
11,5,30,2,uniform,batched,8,P6_spo_tree,250.0
11,5,30,2,uniform,batched,8,P6_spo_tree,218.0
11,5,30,2,uniform,batched,8,P6_spo_tree,218.0
11,5,30,2,uniform,batched,8,P6_spo_tree,252.0
11,5,30,2,uniform,batched,8,P6_spo_tree,201.0
11,5,30,2,uniform,batched,8,P6_spo_tree,219.0
11,5,30,2,uniform,batched,8,P6_spo_tree,121.0
11,5,30,2,uniform,batched,8,P6_spo_tree,222.0
11,5,30,2,uniform,batched,8,P6_spo_tree,173.0
11,5,30,2,uniform,batched,8,P6_spo_tree,257.0
11,5,30,2,uniform,batched,8,P6_spo_tree,177.0
11,5,30,2,uniform,batched,8,P6_spo_tree,252.0
11,5,30,2,uniform,batched,8,P6_spo_tree,255.0
11,5,30,2,uniform,batched,8,P6_spo_tree,222.0
11,5,30,2,uniform,batched,8,P6_spo_tree,168.0
11,5,30,2,uniform,batched,8,P6_spo_tree,187.0
11,5,30,2,uniform,batched,8,P6_spo_tree,202.0
11,5,30,2,uniform,batched,8,P6_spo_tree,236.0
11,5,30,2,uniform,batched,8,P6_spo_tree,246.0
11,5,30,2,uniform,batched,8,P6_spo_tree,149.0
11,5,30,2,uniform,batched,8,P6_spo_tree,178.0
11,5,30,2,uniform,batched,8,P6_spo_tree,110.0
11,5,30,2,uniform,batched,8,P6_spo_tree,139.0
11,5,30,2,uniform,batched,8,P6_spo_tree,212.0
11,5,30,2,uniform,batched,8,P6_spo_tree,144.0
11,5,30,2,uniform,batched,8,P6_spo_tree,182.0
11,5,30,2,uniform,batched,8,P6_spo_tree,188.0
11,5,30,2,uniform,batched,8,P6_spo_tree,228.0
11,5,30,2,uniform,batched,8,P6_spo_tree,193.0
11,5,30,2,uniform,batched,8,P6_spo_tree,158.0
11,5,30,2,uniform,batched,8,P6_spo_tree,233.0
11,5,30,2,uniform,batched,8,P6_spo_tree,257.0
11,5,30,2,uniform,batched,8,P6_spo_tree,196.0
11,5,30,2,uniform,batched,8,P6_spo_tree,125.0
11,5,30,2,uniform,batched,8,P6_spo_tree,232.0
11,5,30,2,uniform,batched,8,P6_spo_tree,164.0
11,5,30,2,uniform,batched,8,P6_spo_tree,207.0
11,5,30,2,uniform,batched,30,P0_random,802.0
11,5,30,2,uniform,batched,30,P0_random,627.0
11,5,30,2,uniform,batched,30,P0_random,496.0
11,5,30,2,uniform,batched,30,P0_random,621.0
11,5,30,2,uniform,batched,30,P0_random,742.0
11,5,30,2,uniform,batched,30,P0_random,581.0
11,5,30,2,uniform,batched,30,P0_random,689.0
11,5,30,2,uniform,batched,30,P0_random,719.0
11,5,30,2,uniform,batched,30,P0_random,695.0
11,5,30,2,uniform,batched,30,P0_random,795.0
11,5,30,2,uniform,batched,30,P0_random,568.0
11,5,30,2,uniform,batched,30,P0_random,729.0
11,5,30,2,uniform,batched,30,P0_random,603.0
11,5,30,2,uniform,batched,30,P0_random,703.0
11,5,30,2,uniform,batched,30,P0_random,659.0
11,5,30,2,uniform,batched,30,P0_random,708.0
11,5,30,2,uniform,batched,30,P0_random,706.0
11,5,30,2,uniform,batched,30,P0_random,786.0
11,5,30,2,uniform,batched,30,P0_random,763.0
11,5,30,2,uniform,batched,30,P0_random,693.0
11,5,30,2,uniform,batched,30,P0_random,685.0
11,5,30,2,uniform,batched,30,P0_random,732.0
11,5,30,2,uniform,batched,30,P0_random,808.0
11,5,30,2,uniform,batched,30,P0_random,755.0
11,5,30,2,uniform,batched,30,P0_random,719.0
11,5,30,2,uniform,batched,30,P0_random,685.0
11,5,30,2,uniform,batched,30,P0_random,681.0
11,5,30,2,uniform,batched,30,P0_random,722.0
11,5,30,2,uniform,batched,30,P0_random,850.0
11,5,30,2,uniform,batched,30,P0_random,724.0
11,5,30,2,uniform,batched,30,P0_random,624.0
11,5,30,2,uniform,batched,30,P0_random,699.0
11,5,30,2,uniform,batched,30,P0_random,799.0
11,5,30,2,uniform,batched,30,P0_random,616.0
11,5,30,2,uniform,batched,30,P0_random,645.0
11,5,30,2,uniform,batched,30,P0_random,753.0
11,5,30,2,uniform,batched,30,P0_random,768.0
11,5,30,2,uniform,batched,30,P0_random,645.0
11,5,30,2,uniform,batched,30,P0_random,753.0
11,5,30,2,uniform,batched,30,P0_random,621.0
11,5,30,2,uniform,batched,30,P0_random,671.0
11,5,30,2,uniform,batched,30,P0_random,653.0
11,5,30,2,uniform,batched,30,P0_random,705.0
11,5,30,2,uniform,batched,30,P0_random,444.0
11,5,30,2,uniform,batched,30,P0_random,722.0
11,5,30,2,uniform,batched,30,P0_random,613.0
11,5,30,2,uniform,batched,30,P0_random,680.0
11,5,30,2,uniform,batched,30,P0_random,679.0
11,5,30,2,uniform,batched,30,P0_random,684.0
11,5,30,2,uniform,batched,30,P0_random,778.0
11,5,30,2,uniform,batched,30,P0_random,760.0
11,5,30,2,uniform,batched,30,P0_random,650.0
11,5,30,2,uniform,batched,30,P0_random,706.0
11,5,30,2,uniform,batched,30,P0_random,669.0
11,5,30,2,uniform,batched,30,P0_random,676.0
11,5,30,2,uniform,batched,30,P0_random,655.0
11,5,30,2,uniform,batched,30,P0_random,661.0
11,5,30,2,uniform,batched,30,P0_random,675.0
11,5,30,2,uniform,batched,30,P0_random,598.0
11,5,30,2,uniform,batched,30,P0_random,540.0
11,5,30,2,uniform,batched,30,P0_random,718.0
11,5,30,2,uniform,batched,30,P0_random,666.0
11,5,30,2,uniform,batched,30,P0_random,658.0
11,5,30,2,uniform,batched,30,P0_random,667.0
11,5,30,2,uniform,batched,30,P0_random,745.0
11,5,30,2,uniform,batched,30,P0_random,727.0
11,5,30,2,uniform,batched,30,P0_random,753.0
11,5,30,2,uniform,batched,30,P0_random,680.0
11,5,30,2,uniform,batched,30,P0_random,655.0
11,5,30,2,uniform,batched,30,P0_random,767.0
11,5,30,2,uniform,batched,30,P0_random,742.0
11,5,30,2,uniform,batched,30,P0_random,677.0
11,5,30,2,uniform,batched,30,P0_random,606.0
11,5,30,2,uniform,batched,30,P0_random,702.0
11,5,30,2,uniform,batched,30,P0_random,715.0
11,5,30,2,uniform,batched,30,P0_random,800.0
11,5,30,2,uniform,batched,30,P0_random,651.0
11,5,30,2,uniform,batched,30,P0_random,649.0
11,5,30,2,uniform,batched,30,P0_random,833.0
11,5,30,2,uniform,batched,30,P0_random,661.0
11,5,30,2,uniform,batched,30,P0_random,807.0
11,5,30,2,uniform,batched,30,P0_random,732.0
11,5,30,2,uniform,batched,30,P0_random,777.0
11,5,30,2,uniform,batched,30,P0_random,744.0
11,5,30,2,uniform,batched,30,P0_random,744.0
11,5,30,2,uniform,batched,30,P0_random,666.0
11,5,30,2,uniform,batched,30,P0_random,622.0
11,5,30,2,uniform,batched,30,P0_random,676.0
11,5,30,2,uniform,batched,30,P0_random,696.0
11,5,30,2,uniform,batched,30,P0_random,766.0
11,5,30,2,uniform,batched,30,P0_random,790.0
11,5,30,2,uniform,batched,30,P0_random,675.0
11,5,30,2,uniform,batched,30,P0_random,716.0
11,5,30,2,uniform,batched,30,P0_random,627.0
11,5,30,2,uniform,batched,30,P0_random,703.0
11,5,30,2,uniform,batched,30,P0_random,653.0
11,5,30,2,uniform,batched,30,P0_random,797.0
11,5,30,2,uniform,batched,30,P0_random,777.0
11,5,30,2,uniform,batched,30,P0_random,609.0
11,5,30,2,uniform,batched,30,P0_random,555.0
11,5,30,2,uniform,batched,30,P0_random,718.0
11,5,30,2,uniform,batched,30,P0_random,720.0
11,5,30,2,uniform,batched,30,P0_random,677.0
11,5,30,2,uniform,batched,30,P0_random,700.0
11,5,30,2,uniform,batched,30,P0_random,620.0
11,5,30,2,uniform,batched,30,P0_random,679.0
11,5,30,2,uniform,batched,30,P0_random,724.0
11,5,30,2,uniform,batched,30,P0_random,801.0
11,5,30,2,uniform,batched,30,P0_random,779.0
11,5,30,2,uniform,batched,30,P0_random,704.0
11,5,30,2,uniform,batched,30,P0_random,749.0
11,5,30,2,uniform,batched,30,P0_random,643.0
11,5,30,2,uniform,batched,30,P0_random,756.0
11,5,30,2,uniform,batched,30,P0_random,701.0
11,5,30,2,uniform,batched,30,P0_random,711.0
11,5,30,2,uniform,batched,30,P0_random,698.0
11,5,30,2,uniform,batched,30,P0_random,620.0
11,5,30,2,uniform,batched,30,P0_random,746.0
11,5,30,2,uniform,batched,30,P0_random,661.0
11,5,30,2,uniform,batched,30,P0_random,803.0
11,5,30,2,uniform,batched,30,P0_random,727.0
11,5,30,2,uniform,batched,30,P0_random,591.0
11,5,30,2,uniform,batched,30,P0_random,635.0
11,5,30,2,uniform,batched,30,P0_random,723.0
11,5,30,2,uniform,batched,30,P0_random,695.0
11,5,30,2,uniform,batched,30,P0_random,729.0
11,5,30,2,uniform,batched,30,P0_random,794.0
11,5,30,2,uniform,batched,30,P0_random,636.0
11,5,30,2,uniform,batched,30,P0_random,671.0
11,5,30,2,uniform,batched,30,P0_random,562.0
11,5,30,2,uniform,batched,30,P0_random,578.0
11,5,30,2,uniform,batched,30,P0_random,675.0
11,5,30,2,uniform,batched,30,P0_random,652.0
11,5,30,2,uniform,batched,30,P0_random,768.0
11,5,30,2,uniform,batched,30,P0_random,744.0
11,5,30,2,uniform,batched,30,P0_random,753.0
11,5,30,2,uniform,batched,30,P0_random,706.0
11,5,30,2,uniform,batched,30,P0_random,695.0
11,5,30,2,uniform,batched,30,P0_random,686.0
11,5,30,2,uniform,batched,30,P0_random,713.0
11,5,30,2,uniform,batched,30,P0_random,744.0
11,5,30,2,uniform,batched,30,P0_random,576.0
11,5,30,2,uniform,batched,30,P0_random,665.0
11,5,30,2,uniform,batched,30,P0_random,736.0
11,5,30,2,uniform,batched,30,P0_random,691.0
11,5,30,2,uniform,batched,30,P0_random,756.0
11,5,30,2,uniform,batched,30,P0_random,602.0
11,5,30,2,uniform,batched,30,P0_random,754.0
11,5,30,2,uniform,batched,30,P0_random,742.0
11,5,30,2,uniform,batched,30,P0_random,610.0
11,5,30,2,uniform,batched,30,P0_random,673.0
11,5,30,2,uniform,batched,30,P0_random,627.0
11,5,30,2,uniform,batched,30,P0_random,661.0
11,5,30,2,uniform,batched,30,P0_random,641.0
11,5,30,2,uniform,batched,30,P0_random,733.0
11,5,30,2,uniform,batched,30,P0_random,597.0
11,5,30,2,uniform,batched,30,P0_random,619.0
11,5,30,2,uniform,batched,30,P0_random,607.0
11,5,30,2,uniform,batched,30,P0_random,673.0
11,5,30,2,uniform,batched,30,P0_random,564.0
11,5,30,2,uniform,batched,30,P0_random,656.0
11,5,30,2,uniform,batched,30,P0_random,591.0
11,5,30,2,uniform,batched,30,P0_random,642.0
11,5,30,2,uniform,batched,30,P0_random,635.0
11,5,30,2,uniform,batched,30,P0_random,691.0
11,5,30,2,uniform,batched,30,P0_random,697.0
11,5,30,2,uniform,batched,30,P0_random,750.0
11,5,30,2,uniform,batched,30,P0_random,664.0
11,5,30,2,uniform,batched,30,P0_random,675.0
11,5,30,2,uniform,batched,30,P0_random,644.0
11,5,30,2,uniform,batched,30,P0_random,684.0
11,5,30,2,uniform,batched,30,P0_random,657.0
11,5,30,2,uniform,batched,30,P0_random,804.0
11,5,30,2,uniform,batched,30,P0_random,766.0
11,5,30,2,uniform,batched,30,P0_random,740.0
11,5,30,2,uniform,batched,30,P0_random,744.0
11,5,30,2,uniform,batched,30,P0_random,631.0
11,5,30,2,uniform,batched,30,P0_random,686.0
11,5,30,2,uniform,batched,30,P0_random,689.0
11,5,30,2,uniform,batched,30,P0_random,680.0
11,5,30,2,uniform,batched,30,P0_random,679.0
11,5,30,2,uniform,batched,30,P0_random,678.0
11,5,30,2,uniform,batched,30,P0_random,716.0
11,5,30,2,uniform,batched,30,P0_random,661.0
11,5,30,2,uniform,batched,30,P0_random,669.0
11,5,30,2,uniform,batched,30,P0_random,714.0
11,5,30,2,uniform,batched,30,P0_random,675.0
11,5,30,2,uniform,batched,30,P0_random,593.0
11,5,30,2,uniform,batched,30,P0_random,690.0
11,5,30,2,uniform,batched,30,P0_random,749.0
11,5,30,2,uniform,batched,30,P0_random,767.0
11,5,30,2,uniform,batched,30,P0_random,720.0
11,5,30,2,uniform,batched,30,P0_random,645.0
11,5,30,2,uniform,batched,30,P0_random,731.0
11,5,30,2,uniform,batched,30,P0_random,659.0
11,5,30,2,uniform,batched,30,P0_random,636.0
11,5,30,2,uniform,batched,30,P0_random,636.0
11,5,30,2,uniform,batched,30,P0_random,631.0
11,5,30,2,uniform,batched,30,P0_random,701.0
11,5,30,2,uniform,batched,30,P0_random,622.0
11,5,30,2,uniform,batched,30,P1_dest_cluster,750.0
11,5,30,2,uniform,batched,30,P1_dest_cluster,565.0
11,5,30,2,uniform,batched,30,P1_dest_cluster,763.0
11,5,30,2,uniform,batched,30,P1_dest_cluster,725.0
11,5,30,2,uniform,batched,30,P1_dest_cluster,699.0
11,5,30,2,uniform,batched,30,P1_dest_cluster,738.0
11,5,30,2,uniform,batched,30,P1_dest_cluster,753.0
11,5,30,2,uniform,batched,30,P1_dest_cluster,558.0
11,5,30,2,uniform,batched,30,P1_dest_cluster,656.0
11,5,30,2,uniform,batched,30,P1_dest_cluster,744.0
11,5,30,2,uniform,batched,30,P1_dest_cluster,689.0
11,5,30,2,uniform,batched,30,P1_dest_cluster,685.0
11,5,30,2,uniform,batched,30,P1_dest_cluster,617.0
11,5,30,2,uniform,batched,30,P1_dest_cluster,850.0
11,5,30,2,uniform,batched,30,P1_dest_cluster,719.0
11,5,30,2,uniform,batched,30,P1_dest_cluster,689.0
11,5,30,2,uniform,batched,30,P1_dest_cluster,671.0
11,5,30,2,uniform,batched,30,P1_dest_cluster,708.0
11,5,30,2,uniform,batched,30,P1_dest_cluster,671.0
11,5,30,2,uniform,batched,30,P1_dest_cluster,635.0
11,5,30,2,uniform,batched,30,P1_dest_cluster,681.0
11,5,30,2,uniform,batched,30,P1_dest_cluster,667.0
11,5,30,2,uniform,batched,30,P1_dest_cluster,794.0
11,5,30,2,uniform,batched,30,P1_dest_cluster,694.0
11,5,30,2,uniform,batched,30,P1_dest_cluster,782.0
11,5,30,2,uniform,batched,30,P1_dest_cluster,715.0
11,5,30,2,uniform,batched,30,P1_dest_cluster,739.0
11,5,30,2,uniform,batched,30,P1_dest_cluster,719.0
11,5,30,2,uniform,batched,30,P1_dest_cluster,525.0
11,5,30,2,uniform,batched,30,P1_dest_cluster,724.0
11,5,30,2,uniform,batched,30,P1_dest_cluster,757.0
11,5,30,2,uniform,batched,30,P1_dest_cluster,759.0
11,5,30,2,uniform,batched,30,P1_dest_cluster,675.0
11,5,30,2,uniform,batched,30,P1_dest_cluster,700.0
11,5,30,2,uniform,batched,30,P1_dest_cluster,830.0
11,5,30,2,uniform,batched,30,P1_dest_cluster,666.0
11,5,30,2,uniform,batched,30,P1_dest_cluster,596.0
11,5,30,2,uniform,batched,30,P1_dest_cluster,796.0
11,5,30,2,uniform,batched,30,P1_dest_cluster,651.0
11,5,30,2,uniform,batched,30,P1_dest_cluster,720.0
11,5,30,2,uniform,batched,30,P1_dest_cluster,667.0
11,5,30,2,uniform,batched,30,P1_dest_cluster,816.0
11,5,30,2,uniform,batched,30,P1_dest_cluster,690.0
11,5,30,2,uniform,batched,30,P1_dest_cluster,694.0
11,5,30,2,uniform,batched,30,P1_dest_cluster,751.0
11,5,30,2,uniform,batched,30,P1_dest_cluster,633.0
11,5,30,2,uniform,batched,30,P1_dest_cluster,749.0
11,5,30,2,uniform,batched,30,P1_dest_cluster,686.0
11,5,30,2,uniform,batched,30,P1_dest_cluster,686.0
11,5,30,2,uniform,batched,30,P1_dest_cluster,610.0
11,5,30,2,uniform,batched,30,P1_dest_cluster,707.0
11,5,30,2,uniform,batched,30,P1_dest_cluster,690.0
11,5,30,2,uniform,batched,30,P1_dest_cluster,611.0
11,5,30,2,uniform,batched,30,P1_dest_cluster,704.0
11,5,30,2,uniform,batched,30,P1_dest_cluster,768.0
11,5,30,2,uniform,batched,30,P1_dest_cluster,695.0
11,5,30,2,uniform,batched,30,P1_dest_cluster,636.0
11,5,30,2,uniform,batched,30,P1_dest_cluster,670.0
11,5,30,2,uniform,batched,30,P1_dest_cluster,651.0
11,5,30,2,uniform,batched,30,P1_dest_cluster,670.0
11,5,30,2,uniform,batched,30,P1_dest_cluster,615.0
11,5,30,2,uniform,batched,30,P1_dest_cluster,722.0
11,5,30,2,uniform,batched,30,P1_dest_cluster,572.0
11,5,30,2,uniform,batched,30,P1_dest_cluster,751.0
11,5,30,2,uniform,batched,30,P1_dest_cluster,701.0
11,5,30,2,uniform,batched,30,P1_dest_cluster,772.0
11,5,30,2,uniform,batched,30,P1_dest_cluster,638.0
11,5,30,2,uniform,batched,30,P1_dest_cluster,711.0
11,5,30,2,uniform,batched,30,P1_dest_cluster,679.0
11,5,30,2,uniform,batched,30,P1_dest_cluster,666.0
11,5,30,2,uniform,batched,30,P1_dest_cluster,621.0
11,5,30,2,uniform,batched,30,P1_dest_cluster,768.0
11,5,30,2,uniform,batched,30,P1_dest_cluster,710.0
11,5,30,2,uniform,batched,30,P1_dest_cluster,636.0
11,5,30,2,uniform,batched,30,P1_dest_cluster,695.0
11,5,30,2,uniform,batched,30,P1_dest_cluster,691.0
11,5,30,2,uniform,batched,30,P1_dest_cluster,672.0
11,5,30,2,uniform,batched,30,P1_dest_cluster,681.0
11,5,30,2,uniform,batched,30,P1_dest_cluster,621.0
11,5,30,2,uniform,batched,30,P1_dest_cluster,715.0
11,5,30,2,uniform,batched,30,P1_dest_cluster,794.0
11,5,30,2,uniform,batched,30,P1_dest_cluster,623.0
11,5,30,2,uniform,batched,30,P1_dest_cluster,679.0
11,5,30,2,uniform,batched,30,P1_dest_cluster,673.0
11,5,30,2,uniform,batched,30,P1_dest_cluster,855.0
11,5,30,2,uniform,batched,30,P1_dest_cluster,637.0
11,5,30,2,uniform,batched,30,P1_dest_cluster,636.0
11,5,30,2,uniform,batched,30,P1_dest_cluster,781.0
11,5,30,2,uniform,batched,30,P1_dest_cluster,734.0
11,5,30,2,uniform,batched,30,P1_dest_cluster,705.0
11,5,30,2,uniform,batched,30,P1_dest_cluster,713.0
11,5,30,2,uniform,batched,30,P1_dest_cluster,748.0
11,5,30,2,uniform,batched,30,P1_dest_cluster,695.0
11,5,30,2,uniform,batched,30,P1_dest_cluster,778.0
11,5,30,2,uniform,batched,30,P1_dest_cluster,744.0
11,5,30,2,uniform,batched,30,P1_dest_cluster,691.0
11,5,30,2,uniform,batched,30,P1_dest_cluster,564.0
11,5,30,2,uniform,batched,30,P1_dest_cluster,766.0
11,5,30,2,uniform,batched,30,P1_dest_cluster,701.0
11,5,30,2,uniform,batched,30,P1_dest_cluster,640.0
11,5,30,2,uniform,batched,30,P1_dest_cluster,684.0
11,5,30,2,uniform,batched,30,P1_dest_cluster,723.0
11,5,30,2,uniform,batched,30,P1_dest_cluster,689.0
11,5,30,2,uniform,batched,30,P1_dest_cluster,743.0
11,5,30,2,uniform,batched,30,P1_dest_cluster,641.0
11,5,30,2,uniform,batched,30,P1_dest_cluster,669.0
11,5,30,2,uniform,batched,30,P1_dest_cluster,623.0
11,5,30,2,uniform,batched,30,P1_dest_cluster,766.0
11,5,30,2,uniform,batched,30,P1_dest_cluster,627.0
11,5,30,2,uniform,batched,30,P1_dest_cluster,522.0
11,5,30,2,uniform,batched,30,P1_dest_cluster,689.0
11,5,30,2,uniform,batched,30,P1_dest_cluster,734.0
11,5,30,2,uniform,batched,30,P1_dest_cluster,725.0
11,5,30,2,uniform,batched,30,P1_dest_cluster,654.0
11,5,30,2,uniform,batched,30,P1_dest_cluster,784.0
11,5,30,2,uniform,batched,30,P1_dest_cluster,654.0
11,5,30,2,uniform,batched,30,P1_dest_cluster,644.0
11,5,30,2,uniform,batched,30,P1_dest_cluster,665.0
11,5,30,2,uniform,batched,30,P1_dest_cluster,769.0
11,5,30,2,uniform,batched,30,P1_dest_cluster,705.0
11,5,30,2,uniform,batched,30,P1_dest_cluster,725.0
11,5,30,2,uniform,batched,30,P1_dest_cluster,610.0
11,5,30,2,uniform,batched,30,P1_dest_cluster,641.0
11,5,30,2,uniform,batched,30,P1_dest_cluster,754.0
11,5,30,2,uniform,batched,30,P1_dest_cluster,754.0
11,5,30,2,uniform,batched,30,P1_dest_cluster,631.0
11,5,30,2,uniform,batched,30,P1_dest_cluster,776.0
11,5,30,2,uniform,batched,30,P1_dest_cluster,557.0
11,5,30,2,uniform,batched,30,P1_dest_cluster,744.0
11,5,30,2,uniform,batched,30,P1_dest_cluster,781.0
11,5,30,2,uniform,batched,30,P1_dest_cluster,777.0
11,5,30,2,uniform,batched,30,P1_dest_cluster,640.0
11,5,30,2,uniform,batched,30,P1_dest_cluster,672.0
11,5,30,2,uniform,batched,30,P1_dest_cluster,651.0
11,5,30,2,uniform,batched,30,P1_dest_cluster,714.0
11,5,30,2,uniform,batched,30,P1_dest_cluster,700.0
11,5,30,2,uniform,batched,30,P1_dest_cluster,682.0
11,5,30,2,uniform,batched,30,P1_dest_cluster,651.0
11,5,30,2,uniform,batched,30,P1_dest_cluster,658.0
11,5,30,2,uniform,batched,30,P1_dest_cluster,669.0
11,5,30,2,uniform,batched,30,P1_dest_cluster,808.0
11,5,30,2,uniform,batched,30,P1_dest_cluster,589.0
11,5,30,2,uniform,batched,30,P1_dest_cluster,745.0
11,5,30,2,uniform,batched,30,P1_dest_cluster,651.0
11,5,30,2,uniform,batched,30,P1_dest_cluster,744.0
11,5,30,2,uniform,batched,30,P1_dest_cluster,655.0
11,5,30,2,uniform,batched,30,P1_dest_cluster,706.0
11,5,30,2,uniform,batched,30,P1_dest_cluster,783.0
11,5,30,2,uniform,batched,30,P1_dest_cluster,670.0
11,5,30,2,uniform,batched,30,P1_dest_cluster,628.0
11,5,30,2,uniform,batched,30,P1_dest_cluster,636.0
11,5,30,2,uniform,batched,30,P1_dest_cluster,712.0
11,5,30,2,uniform,batched,30,P1_dest_cluster,650.0
11,5,30,2,uniform,batched,30,P1_dest_cluster,694.0
11,5,30,2,uniform,batched,30,P1_dest_cluster,710.0
11,5,30,2,uniform,batched,30,P1_dest_cluster,567.0
11,5,30,2,uniform,batched,30,P1_dest_cluster,564.0
11,5,30,2,uniform,batched,30,P1_dest_cluster,710.0
11,5,30,2,uniform,batched,30,P1_dest_cluster,609.0
11,5,30,2,uniform,batched,30,P1_dest_cluster,735.0
11,5,30,2,uniform,batched,30,P1_dest_cluster,637.0
11,5,30,2,uniform,batched,30,P1_dest_cluster,658.0
11,5,30,2,uniform,batched,30,P1_dest_cluster,782.0
11,5,30,2,uniform,batched,30,P1_dest_cluster,616.0
11,5,30,2,uniform,batched,30,P1_dest_cluster,789.0
11,5,30,2,uniform,batched,30,P1_dest_cluster,636.0
11,5,30,2,uniform,batched,30,P1_dest_cluster,719.0
11,5,30,2,uniform,batched,30,P1_dest_cluster,676.0
11,5,30,2,uniform,batched,30,P1_dest_cluster,728.0
11,5,30,2,uniform,batched,30,P1_dest_cluster,580.0
11,5,30,2,uniform,batched,30,P1_dest_cluster,685.0
11,5,30,2,uniform,batched,30,P1_dest_cluster,680.0
11,5,30,2,uniform,batched,30,P1_dest_cluster,588.0
11,5,30,2,uniform,batched,30,P1_dest_cluster,723.0
11,5,30,2,uniform,batched,30,P1_dest_cluster,653.0
11,5,30,2,uniform,batched,30,P1_dest_cluster,696.0
11,5,30,2,uniform,batched,30,P1_dest_cluster,652.0
11,5,30,2,uniform,batched,30,P1_dest_cluster,646.0
11,5,30,2,uniform,batched,30,P1_dest_cluster,798.0
11,5,30,2,uniform,batched,30,P1_dest_cluster,660.0
11,5,30,2,uniform,batched,30,P1_dest_cluster,651.0
11,5,30,2,uniform,batched,30,P1_dest_cluster,732.0
11,5,30,2,uniform,batched,30,P1_dest_cluster,788.0
11,5,30,2,uniform,batched,30,P1_dest_cluster,742.0
11,5,30,2,uniform,batched,30,P1_dest_cluster,703.0
11,5,30,2,uniform,batched,30,P1_dest_cluster,772.0
11,5,30,2,uniform,batched,30,P1_dest_cluster,740.0
11,5,30,2,uniform,batched,30,P1_dest_cluster,807.0
11,5,30,2,uniform,batched,30,P1_dest_cluster,817.0
11,5,30,2,uniform,batched,30,P1_dest_cluster,787.0
11,5,30,2,uniform,batched,30,P1_dest_cluster,658.0
11,5,30,2,uniform,batched,30,P1_dest_cluster,664.0
11,5,30,2,uniform,batched,30,P1_dest_cluster,568.0
11,5,30,2,uniform,batched,30,P1_dest_cluster,757.0
11,5,30,2,uniform,batched,30,P1_dest_cluster,727.0
11,5,30,2,uniform,batched,30,P1_dest_cluster,709.0
11,5,30,2,uniform,batched,30,P1_dest_cluster,604.0
11,5,30,2,uniform,batched,30,P1_dest_cluster,738.0
11,5,30,2,uniform,batched,30,P1_dest_cluster,708.0
11,5,30,2,uniform,batched,30,P1_dest_cluster,728.0
11,5,30,2,uniform,batched,30,P2_cardinality,696.0
11,5,30,2,uniform,batched,30,P2_cardinality,757.0
11,5,30,2,uniform,batched,30,P2_cardinality,764.0
11,5,30,2,uniform,batched,30,P2_cardinality,607.0
11,5,30,2,uniform,batched,30,P2_cardinality,550.0
11,5,30,2,uniform,batched,30,P2_cardinality,648.0
11,5,30,2,uniform,batched,30,P2_cardinality,724.0
11,5,30,2,uniform,batched,30,P2_cardinality,750.0
11,5,30,2,uniform,batched,30,P2_cardinality,585.0
11,5,30,2,uniform,batched,30,P2_cardinality,686.0
11,5,30,2,uniform,batched,30,P2_cardinality,710.0
11,5,30,2,uniform,batched,30,P2_cardinality,664.0
11,5,30,2,uniform,batched,30,P2_cardinality,723.0
11,5,30,2,uniform,batched,30,P2_cardinality,588.0
11,5,30,2,uniform,batched,30,P2_cardinality,673.0
11,5,30,2,uniform,batched,30,P2_cardinality,624.0
11,5,30,2,uniform,batched,30,P2_cardinality,651.0
11,5,30,2,uniform,batched,30,P2_cardinality,726.0
11,5,30,2,uniform,batched,30,P2_cardinality,601.0
11,5,30,2,uniform,batched,30,P2_cardinality,656.0
11,5,30,2,uniform,batched,30,P2_cardinality,755.0
11,5,30,2,uniform,batched,30,P2_cardinality,651.0
11,5,30,2,uniform,batched,30,P2_cardinality,617.0
11,5,30,2,uniform,batched,30,P2_cardinality,768.0
11,5,30,2,uniform,batched,30,P2_cardinality,679.0
11,5,30,2,uniform,batched,30,P2_cardinality,782.0
11,5,30,2,uniform,batched,30,P2_cardinality,661.0
11,5,30,2,uniform,batched,30,P2_cardinality,673.0
11,5,30,2,uniform,batched,30,P2_cardinality,704.0
11,5,30,2,uniform,batched,30,P2_cardinality,666.0
11,5,30,2,uniform,batched,30,P2_cardinality,612.0
11,5,30,2,uniform,batched,30,P2_cardinality,610.0
11,5,30,2,uniform,batched,30,P2_cardinality,793.0
11,5,30,2,uniform,batched,30,P2_cardinality,608.0
11,5,30,2,uniform,batched,30,P2_cardinality,677.0
11,5,30,2,uniform,batched,30,P2_cardinality,643.0
11,5,30,2,uniform,batched,30,P2_cardinality,766.0
11,5,30,2,uniform,batched,30,P2_cardinality,689.0
11,5,30,2,uniform,batched,30,P2_cardinality,601.0
11,5,30,2,uniform,batched,30,P2_cardinality,690.0
11,5,30,2,uniform,batched,30,P2_cardinality,648.0
11,5,30,2,uniform,batched,30,P2_cardinality,729.0
11,5,30,2,uniform,batched,30,P2_cardinality,749.0
11,5,30,2,uniform,batched,30,P2_cardinality,579.0
11,5,30,2,uniform,batched,30,P2_cardinality,593.0
11,5,30,2,uniform,batched,30,P2_cardinality,729.0
11,5,30,2,uniform,batched,30,P2_cardinality,660.0
11,5,30,2,uniform,batched,30,P2_cardinality,602.0
11,5,30,2,uniform,batched,30,P2_cardinality,735.0
11,5,30,2,uniform,batched,30,P2_cardinality,694.0
11,5,30,2,uniform,batched,30,P2_cardinality,632.0
11,5,30,2,uniform,batched,30,P2_cardinality,616.0
11,5,30,2,uniform,batched,30,P2_cardinality,647.0
11,5,30,2,uniform,batched,30,P2_cardinality,689.0
11,5,30,2,uniform,batched,30,P2_cardinality,649.0
11,5,30,2,uniform,batched,30,P2_cardinality,727.0
11,5,30,2,uniform,batched,30,P2_cardinality,764.0
11,5,30,2,uniform,batched,30,P2_cardinality,559.0
11,5,30,2,uniform,batched,30,P2_cardinality,696.0
11,5,30,2,uniform,batched,30,P2_cardinality,643.0
11,5,30,2,uniform,batched,30,P2_cardinality,751.0
11,5,30,2,uniform,batched,30,P2_cardinality,661.0
11,5,30,2,uniform,batched,30,P2_cardinality,713.0
11,5,30,2,uniform,batched,30,P2_cardinality,672.0
11,5,30,2,uniform,batched,30,P2_cardinality,636.0
11,5,30,2,uniform,batched,30,P2_cardinality,768.0
11,5,30,2,uniform,batched,30,P2_cardinality,619.0
11,5,30,2,uniform,batched,30,P2_cardinality,595.0
11,5,30,2,uniform,batched,30,P2_cardinality,700.0
11,5,30,2,uniform,batched,30,P2_cardinality,609.0
11,5,30,2,uniform,batched,30,P2_cardinality,572.0
11,5,30,2,uniform,batched,30,P2_cardinality,576.0
11,5,30,2,uniform,batched,30,P2_cardinality,655.0
11,5,30,2,uniform,batched,30,P2_cardinality,631.0
11,5,30,2,uniform,batched,30,P2_cardinality,620.0
11,5,30,2,uniform,batched,30,P2_cardinality,675.0
11,5,30,2,uniform,batched,30,P2_cardinality,823.0
11,5,30,2,uniform,batched,30,P2_cardinality,679.0
11,5,30,2,uniform,batched,30,P2_cardinality,647.0
11,5,30,2,uniform,batched,30,P2_cardinality,598.0
11,5,30,2,uniform,batched,30,P2_cardinality,591.0
11,5,30,2,uniform,batched,30,P2_cardinality,599.0
11,5,30,2,uniform,batched,30,P2_cardinality,612.0
11,5,30,2,uniform,batched,30,P2_cardinality,708.0
11,5,30,2,uniform,batched,30,P2_cardinality,701.0
11,5,30,2,uniform,batched,30,P2_cardinality,696.0
11,5,30,2,uniform,batched,30,P2_cardinality,680.0
11,5,30,2,uniform,batched,30,P2_cardinality,604.0
11,5,30,2,uniform,batched,30,P2_cardinality,571.0
11,5,30,2,uniform,batched,30,P2_cardinality,716.0
11,5,30,2,uniform,batched,30,P2_cardinality,599.0
11,5,30,2,uniform,batched,30,P2_cardinality,711.0
11,5,30,2,uniform,batched,30,P2_cardinality,732.0
11,5,30,2,uniform,batched,30,P2_cardinality,568.0
11,5,30,2,uniform,batched,30,P2_cardinality,664.0
11,5,30,2,uniform,batched,30,P2_cardinality,558.0
11,5,30,2,uniform,batched,30,P2_cardinality,670.0
11,5,30,2,uniform,batched,30,P2_cardinality,733.0
11,5,30,2,uniform,batched,30,P2_cardinality,603.0
11,5,30,2,uniform,batched,30,P2_cardinality,701.0
11,5,30,2,uniform,batched,30,P2_cardinality,592.0
11,5,30,2,uniform,batched,30,P2_cardinality,620.0
11,5,30,2,uniform,batched,30,P2_cardinality,758.0
11,5,30,2,uniform,batched,30,P2_cardinality,580.0
11,5,30,2,uniform,batched,30,P2_cardinality,619.0
11,5,30,2,uniform,batched,30,P2_cardinality,647.0
11,5,30,2,uniform,batched,30,P2_cardinality,643.0
11,5,30,2,uniform,batched,30,P2_cardinality,648.0
11,5,30,2,uniform,batched,30,P2_cardinality,726.0
11,5,30,2,uniform,batched,30,P2_cardinality,623.0
11,5,30,2,uniform,batched,30,P2_cardinality,743.0
11,5,30,2,uniform,batched,30,P2_cardinality,582.0
11,5,30,2,uniform,batched,30,P2_cardinality,719.0
11,5,30,2,uniform,batched,30,P2_cardinality,697.0
11,5,30,2,uniform,batched,30,P2_cardinality,662.0
11,5,30,2,uniform,batched,30,P2_cardinality,689.0
11,5,30,2,uniform,batched,30,P2_cardinality,641.0
11,5,30,2,uniform,batched,30,P2_cardinality,642.0
11,5,30,2,uniform,batched,30,P2_cardinality,688.0
11,5,30,2,uniform,batched,30,P2_cardinality,675.0
11,5,30,2,uniform,batched,30,P2_cardinality,549.0
11,5,30,2,uniform,batched,30,P2_cardinality,705.0
11,5,30,2,uniform,batched,30,P2_cardinality,672.0
11,5,30,2,uniform,batched,30,P2_cardinality,657.0
11,5,30,2,uniform,batched,30,P2_cardinality,661.0
11,5,30,2,uniform,batched,30,P2_cardinality,593.0
11,5,30,2,uniform,batched,30,P2_cardinality,664.0
11,5,30,2,uniform,batched,30,P2_cardinality,622.0
11,5,30,2,uniform,batched,30,P2_cardinality,671.0
11,5,30,2,uniform,batched,30,P2_cardinality,666.0
11,5,30,2,uniform,batched,30,P2_cardinality,648.0
11,5,30,2,uniform,batched,30,P2_cardinality,739.0
11,5,30,2,uniform,batched,30,P2_cardinality,656.0
11,5,30,2,uniform,batched,30,P2_cardinality,661.0
11,5,30,2,uniform,batched,30,P2_cardinality,725.0
11,5,30,2,uniform,batched,30,P2_cardinality,537.0
11,5,30,2,uniform,batched,30,P2_cardinality,651.0
11,5,30,2,uniform,batched,30,P2_cardinality,635.0
11,5,30,2,uniform,batched,30,P2_cardinality,664.0
11,5,30,2,uniform,batched,30,P2_cardinality,619.0
11,5,30,2,uniform,batched,30,P2_cardinality,648.0
11,5,30,2,uniform,batched,30,P2_cardinality,750.0
11,5,30,2,uniform,batched,30,P2_cardinality,733.0
11,5,30,2,uniform,batched,30,P2_cardinality,562.0
11,5,30,2,uniform,batched,30,P2_cardinality,759.0
11,5,30,2,uniform,batched,30,P2_cardinality,548.0
11,5,30,2,uniform,batched,30,P2_cardinality,689.0
11,5,30,2,uniform,batched,30,P2_cardinality,661.0
11,5,30,2,uniform,batched,30,P2_cardinality,611.0
11,5,30,2,uniform,batched,30,P2_cardinality,684.0
11,5,30,2,uniform,batched,30,P2_cardinality,724.0
11,5,30,2,uniform,batched,30,P2_cardinality,736.0
11,5,30,2,uniform,batched,30,P2_cardinality,674.0
11,5,30,2,uniform,batched,30,P2_cardinality,844.0
11,5,30,2,uniform,batched,30,P2_cardinality,444.0
11,5,30,2,uniform,batched,30,P2_cardinality,732.0
11,5,30,2,uniform,batched,30,P2_cardinality,599.0
11,5,30,2,uniform,batched,30,P2_cardinality,654.0
11,5,30,2,uniform,batched,30,P2_cardinality,760.0
11,5,30,2,uniform,batched,30,P2_cardinality,827.0
11,5,30,2,uniform,batched,30,P2_cardinality,662.0
11,5,30,2,uniform,batched,30,P2_cardinality,644.0
11,5,30,2,uniform,batched,30,P2_cardinality,659.0
11,5,30,2,uniform,batched,30,P2_cardinality,623.0
11,5,30,2,uniform,batched,30,P2_cardinality,673.0
11,5,30,2,uniform,batched,30,P2_cardinality,730.0
11,5,30,2,uniform,batched,30,P2_cardinality,690.0
11,5,30,2,uniform,batched,30,P2_cardinality,623.0
11,5,30,2,uniform,batched,30,P2_cardinality,720.0
11,5,30,2,uniform,batched,30,P2_cardinality,616.0
11,5,30,2,uniform,batched,30,P2_cardinality,621.0
11,5,30,2,uniform,batched,30,P2_cardinality,666.0
11,5,30,2,uniform,batched,30,P2_cardinality,562.0
11,5,30,2,uniform,batched,30,P2_cardinality,786.0
11,5,30,2,uniform,batched,30,P2_cardinality,598.0
11,5,30,2,uniform,batched,30,P2_cardinality,739.0
11,5,30,2,uniform,batched,30,P2_cardinality,616.0
11,5,30,2,uniform,batched,30,P2_cardinality,722.0
11,5,30,2,uniform,batched,30,P2_cardinality,669.0
11,5,30,2,uniform,batched,30,P2_cardinality,612.0
11,5,30,2,uniform,batched,30,P2_cardinality,750.0
11,5,30,2,uniform,batched,30,P2_cardinality,651.0
11,5,30,2,uniform,batched,30,P2_cardinality,599.0
11,5,30,2,uniform,batched,30,P2_cardinality,661.0
11,5,30,2,uniform,batched,30,P2_cardinality,666.0
11,5,30,2,uniform,batched,30,P2_cardinality,672.0
11,5,30,2,uniform,batched,30,P2_cardinality,647.0
11,5,30,2,uniform,batched,30,P2_cardinality,660.0
11,5,30,2,uniform,batched,30,P2_cardinality,643.0
11,5,30,2,uniform,batched,30,P2_cardinality,670.0
11,5,30,2,uniform,batched,30,P2_cardinality,676.0
11,5,30,2,uniform,batched,30,P2_cardinality,671.0
11,5,30,2,uniform,batched,30,P2_cardinality,664.0
11,5,30,2,uniform,batched,30,P2_cardinality,630.0
11,5,30,2,uniform,batched,30,P2_cardinality,645.0
11,5,30,2,uniform,batched,30,P2_cardinality,616.0
11,5,30,2,uniform,batched,30,P2_cardinality,657.0
11,5,30,2,uniform,batched,30,P2_cardinality,689.0
11,5,30,2,uniform,batched,30,P2_cardinality,700.0
11,5,30,2,uniform,batched,30,P2_cardinality,821.0
11,5,30,2,uniform,batched,30,P3_dir_balanced,602.0
11,5,30,2,uniform,batched,30,P3_dir_balanced,623.0
11,5,30,2,uniform,batched,30,P3_dir_balanced,639.0
11,5,30,2,uniform,batched,30,P3_dir_balanced,624.0
11,5,30,2,uniform,batched,30,P3_dir_balanced,660.0
11,5,30,2,uniform,batched,30,P3_dir_balanced,683.0
11,5,30,2,uniform,batched,30,P3_dir_balanced,785.0
11,5,30,2,uniform,batched,30,P3_dir_balanced,723.0
11,5,30,2,uniform,batched,30,P3_dir_balanced,743.0
11,5,30,2,uniform,batched,30,P3_dir_balanced,660.0
11,5,30,2,uniform,batched,30,P3_dir_balanced,759.0
11,5,30,2,uniform,batched,30,P3_dir_balanced,635.0
11,5,30,2,uniform,batched,30,P3_dir_balanced,685.0
11,5,30,2,uniform,batched,30,P3_dir_balanced,613.0
11,5,30,2,uniform,batched,30,P3_dir_balanced,714.0
11,5,30,2,uniform,batched,30,P3_dir_balanced,594.0
11,5,30,2,uniform,batched,30,P3_dir_balanced,709.0
11,5,30,2,uniform,batched,30,P3_dir_balanced,685.0
11,5,30,2,uniform,batched,30,P3_dir_balanced,636.0
11,5,30,2,uniform,batched,30,P3_dir_balanced,702.0
11,5,30,2,uniform,batched,30,P3_dir_balanced,735.0
11,5,30,2,uniform,batched,30,P3_dir_balanced,691.0
11,5,30,2,uniform,batched,30,P3_dir_balanced,684.0
11,5,30,2,uniform,batched,30,P3_dir_balanced,651.0
11,5,30,2,uniform,batched,30,P3_dir_balanced,734.0
11,5,30,2,uniform,batched,30,P3_dir_balanced,627.0
11,5,30,2,uniform,batched,30,P3_dir_balanced,707.0
11,5,30,2,uniform,batched,30,P3_dir_balanced,677.0
11,5,30,2,uniform,batched,30,P3_dir_balanced,738.0
11,5,30,2,uniform,batched,30,P3_dir_balanced,696.0
11,5,30,2,uniform,batched,30,P3_dir_balanced,723.0
11,5,30,2,uniform,batched,30,P3_dir_balanced,635.0
11,5,30,2,uniform,batched,30,P3_dir_balanced,632.0
11,5,30,2,uniform,batched,30,P3_dir_balanced,742.0
11,5,30,2,uniform,batched,30,P3_dir_balanced,695.0
11,5,30,2,uniform,batched,30,P3_dir_balanced,690.0
11,5,30,2,uniform,batched,30,P3_dir_balanced,553.0
11,5,30,2,uniform,batched,30,P3_dir_balanced,803.0
11,5,30,2,uniform,batched,30,P3_dir_balanced,653.0
11,5,30,2,uniform,batched,30,P3_dir_balanced,653.0
11,5,30,2,uniform,batched,30,P3_dir_balanced,792.0
11,5,30,2,uniform,batched,30,P3_dir_balanced,652.0
11,5,30,2,uniform,batched,30,P3_dir_balanced,658.0
11,5,30,2,uniform,batched,30,P3_dir_balanced,712.0
11,5,30,2,uniform,batched,30,P3_dir_balanced,720.0
11,5,30,2,uniform,batched,30,P3_dir_balanced,670.0
11,5,30,2,uniform,batched,30,P3_dir_balanced,743.0
11,5,30,2,uniform,batched,30,P3_dir_balanced,778.0
11,5,30,2,uniform,batched,30,P3_dir_balanced,703.0
11,5,30,2,uniform,batched,30,P3_dir_balanced,701.0
11,5,30,2,uniform,batched,30,P3_dir_balanced,598.0
11,5,30,2,uniform,batched,30,P3_dir_balanced,778.0
11,5,30,2,uniform,batched,30,P3_dir_balanced,658.0
11,5,30,2,uniform,batched,30,P3_dir_balanced,496.0
11,5,30,2,uniform,batched,30,P3_dir_balanced,709.0
11,5,30,2,uniform,batched,30,P3_dir_balanced,704.0
11,5,30,2,uniform,batched,30,P3_dir_balanced,696.0
11,5,30,2,uniform,batched,30,P3_dir_balanced,680.0
11,5,30,2,uniform,batched,30,P3_dir_balanced,627.0
11,5,30,2,uniform,batched,30,P3_dir_balanced,695.0
11,5,30,2,uniform,batched,30,P3_dir_balanced,682.0
11,5,30,2,uniform,batched,30,P3_dir_balanced,769.0
11,5,30,2,uniform,batched,30,P3_dir_balanced,731.0
11,5,30,2,uniform,batched,30,P3_dir_balanced,735.0
11,5,30,2,uniform,batched,30,P3_dir_balanced,714.0
11,5,30,2,uniform,batched,30,P3_dir_balanced,643.0
11,5,30,2,uniform,batched,30,P3_dir_balanced,607.0
11,5,30,2,uniform,batched,30,P3_dir_balanced,779.0
11,5,30,2,uniform,batched,30,P3_dir_balanced,724.0
11,5,30,2,uniform,batched,30,P3_dir_balanced,729.0
11,5,30,2,uniform,batched,30,P3_dir_balanced,609.0
11,5,30,2,uniform,batched,30,P3_dir_balanced,696.0
11,5,30,2,uniform,batched,30,P3_dir_balanced,730.0
11,5,30,2,uniform,batched,30,P3_dir_balanced,701.0
11,5,30,2,uniform,batched,30,P3_dir_balanced,748.0
11,5,30,2,uniform,batched,30,P3_dir_balanced,691.0
11,5,30,2,uniform,batched,30,P3_dir_balanced,694.0
11,5,30,2,uniform,batched,30,P3_dir_balanced,690.0
11,5,30,2,uniform,batched,30,P3_dir_balanced,611.0
11,5,30,2,uniform,batched,30,P3_dir_balanced,779.0
11,5,30,2,uniform,batched,30,P3_dir_balanced,675.0
11,5,30,2,uniform,batched,30,P3_dir_balanced,723.0
11,5,30,2,uniform,batched,30,P3_dir_balanced,721.0
11,5,30,2,uniform,batched,30,P3_dir_balanced,754.0
11,5,30,2,uniform,batched,30,P3_dir_balanced,690.0
11,5,30,2,uniform,batched,30,P3_dir_balanced,617.0
11,5,30,2,uniform,batched,30,P3_dir_balanced,676.0
11,5,30,2,uniform,batched,30,P3_dir_balanced,598.0
11,5,30,2,uniform,batched,30,P3_dir_balanced,759.0
11,5,30,2,uniform,batched,30,P3_dir_balanced,686.0
11,5,30,2,uniform,batched,30,P3_dir_balanced,693.0
11,5,30,2,uniform,batched,30,P3_dir_balanced,755.0
11,5,30,2,uniform,batched,30,P3_dir_balanced,674.0
11,5,30,2,uniform,batched,30,P3_dir_balanced,693.0
11,5,30,2,uniform,batched,30,P3_dir_balanced,683.0
11,5,30,2,uniform,batched,30,P3_dir_balanced,763.0
11,5,30,2,uniform,batched,30,P3_dir_balanced,650.0
11,5,30,2,uniform,batched,30,P3_dir_balanced,705.0
11,5,30,2,uniform,batched,30,P3_dir_balanced,776.0
11,5,30,2,uniform,batched,30,P3_dir_balanced,753.0
11,5,30,2,uniform,batched,30,P3_dir_balanced,740.0
11,5,30,2,uniform,batched,30,P3_dir_balanced,695.0
11,5,30,2,uniform,batched,30,P3_dir_balanced,772.0
11,5,30,2,uniform,batched,30,P3_dir_balanced,691.0
11,5,30,2,uniform,batched,30,P3_dir_balanced,739.0
11,5,30,2,uniform,batched,30,P3_dir_balanced,691.0
11,5,30,2,uniform,batched,30,P3_dir_balanced,647.0
11,5,30,2,uniform,batched,30,P3_dir_balanced,685.0
11,5,30,2,uniform,batched,30,P3_dir_balanced,737.0
11,5,30,2,uniform,batched,30,P3_dir_balanced,715.0
11,5,30,2,uniform,batched,30,P3_dir_balanced,684.0
11,5,30,2,uniform,batched,30,P3_dir_balanced,570.0
11,5,30,2,uniform,batched,30,P3_dir_balanced,621.0
11,5,30,2,uniform,batched,30,P3_dir_balanced,608.0
11,5,30,2,uniform,batched,30,P3_dir_balanced,792.0
11,5,30,2,uniform,batched,30,P3_dir_balanced,654.0
11,5,30,2,uniform,batched,30,P3_dir_balanced,796.0
11,5,30,2,uniform,batched,30,P3_dir_balanced,761.0
11,5,30,2,uniform,batched,30,P3_dir_balanced,704.0
11,5,30,2,uniform,batched,30,P3_dir_balanced,702.0
11,5,30,2,uniform,batched,30,P3_dir_balanced,776.0
11,5,30,2,uniform,batched,30,P3_dir_balanced,567.0
11,5,30,2,uniform,batched,30,P3_dir_balanced,719.0
11,5,30,2,uniform,batched,30,P3_dir_balanced,695.0
11,5,30,2,uniform,batched,30,P3_dir_balanced,646.0
11,5,30,2,uniform,batched,30,P3_dir_balanced,719.0
11,5,30,2,uniform,batched,30,P3_dir_balanced,786.0
11,5,30,2,uniform,batched,30,P3_dir_balanced,777.0
11,5,30,2,uniform,batched,30,P3_dir_balanced,621.0
11,5,30,2,uniform,batched,30,P3_dir_balanced,712.0
11,5,30,2,uniform,batched,30,P3_dir_balanced,658.0
11,5,30,2,uniform,batched,30,P3_dir_balanced,719.0
11,5,30,2,uniform,batched,30,P3_dir_balanced,792.0
11,5,30,2,uniform,batched,30,P3_dir_balanced,730.0
11,5,30,2,uniform,batched,30,P3_dir_balanced,641.0
11,5,30,2,uniform,batched,30,P3_dir_balanced,773.0
11,5,30,2,uniform,batched,30,P3_dir_balanced,741.0
11,5,30,2,uniform,batched,30,P3_dir_balanced,685.0
11,5,30,2,uniform,batched,30,P3_dir_balanced,635.0
11,5,30,2,uniform,batched,30,P3_dir_balanced,730.0
11,5,30,2,uniform,batched,30,P3_dir_balanced,661.0
11,5,30,2,uniform,batched,30,P3_dir_balanced,688.0
11,5,30,2,uniform,batched,30,P3_dir_balanced,583.0
11,5,30,2,uniform,batched,30,P3_dir_balanced,616.0
11,5,30,2,uniform,batched,30,P3_dir_balanced,739.0
11,5,30,2,uniform,batched,30,P3_dir_balanced,696.0
11,5,30,2,uniform,batched,30,P3_dir_balanced,724.0
11,5,30,2,uniform,batched,30,P3_dir_balanced,694.0
11,5,30,2,uniform,batched,30,P3_dir_balanced,609.0
11,5,30,2,uniform,batched,30,P3_dir_balanced,753.0
11,5,30,2,uniform,batched,30,P3_dir_balanced,621.0
11,5,30,2,uniform,batched,30,P3_dir_balanced,646.0
11,5,30,2,uniform,batched,30,P3_dir_balanced,703.0
11,5,30,2,uniform,batched,30,P3_dir_balanced,718.0
11,5,30,2,uniform,batched,30,P3_dir_balanced,739.0
11,5,30,2,uniform,batched,30,P3_dir_balanced,656.0
11,5,30,2,uniform,batched,30,P3_dir_balanced,646.0
11,5,30,2,uniform,batched,30,P3_dir_balanced,690.0
11,5,30,2,uniform,batched,30,P3_dir_balanced,695.0
11,5,30,2,uniform,batched,30,P3_dir_balanced,734.0
11,5,30,2,uniform,batched,30,P3_dir_balanced,700.0
11,5,30,2,uniform,batched,30,P3_dir_balanced,646.0
11,5,30,2,uniform,batched,30,P3_dir_balanced,666.0
11,5,30,2,uniform,batched,30,P3_dir_balanced,678.0
11,5,30,2,uniform,batched,30,P3_dir_balanced,797.0
11,5,30,2,uniform,batched,30,P3_dir_balanced,719.0
11,5,30,2,uniform,batched,30,P3_dir_balanced,693.0
11,5,30,2,uniform,batched,30,P3_dir_balanced,778.0
11,5,30,2,uniform,batched,30,P3_dir_balanced,776.0
11,5,30,2,uniform,batched,30,P3_dir_balanced,592.0
11,5,30,2,uniform,batched,30,P3_dir_balanced,730.0
11,5,30,2,uniform,batched,30,P3_dir_balanced,621.0
11,5,30,2,uniform,batched,30,P3_dir_balanced,644.0
11,5,30,2,uniform,batched,30,P3_dir_balanced,641.0
11,5,30,2,uniform,batched,30,P3_dir_balanced,700.0
11,5,30,2,uniform,batched,30,P3_dir_balanced,693.0
11,5,30,2,uniform,batched,30,P3_dir_balanced,721.0
11,5,30,2,uniform,batched,30,P3_dir_balanced,760.0
11,5,30,2,uniform,batched,30,P3_dir_balanced,641.0
11,5,30,2,uniform,batched,30,P3_dir_balanced,646.0
11,5,30,2,uniform,batched,30,P3_dir_balanced,763.0
11,5,30,2,uniform,batched,30,P3_dir_balanced,689.0
11,5,30,2,uniform,batched,30,P3_dir_balanced,667.0
11,5,30,2,uniform,batched,30,P3_dir_balanced,730.0
11,5,30,2,uniform,batched,30,P3_dir_balanced,627.0
11,5,30,2,uniform,batched,30,P3_dir_balanced,641.0
11,5,30,2,uniform,batched,30,P3_dir_balanced,711.0
11,5,30,2,uniform,batched,30,P3_dir_balanced,762.0
11,5,30,2,uniform,batched,30,P3_dir_balanced,666.0
11,5,30,2,uniform,batched,30,P3_dir_balanced,758.0
11,5,30,2,uniform,batched,30,P3_dir_balanced,693.0
11,5,30,2,uniform,batched,30,P3_dir_balanced,749.0
11,5,30,2,uniform,batched,30,P3_dir_balanced,744.0
11,5,30,2,uniform,batched,30,P3_dir_balanced,688.0
11,5,30,2,uniform,batched,30,P3_dir_balanced,617.0
11,5,30,2,uniform,batched,30,P3_dir_balanced,767.0
11,5,30,2,uniform,batched,30,P3_dir_balanced,689.0
11,5,30,2,uniform,batched,30,P3_dir_balanced,728.0
11,5,30,2,uniform,batched,30,P3_dir_balanced,726.0
11,5,30,2,uniform,batched,30,P3_dir_balanced,696.0
11,5,30,2,uniform,batched,30,P4_temporal,656.0
11,5,30,2,uniform,batched,30,P4_temporal,740.0
11,5,30,2,uniform,batched,30,P4_temporal,695.0
11,5,30,2,uniform,batched,30,P4_temporal,789.0
11,5,30,2,uniform,batched,30,P4_temporal,734.0
11,5,30,2,uniform,batched,30,P4_temporal,715.0
11,5,30,2,uniform,batched,30,P4_temporal,575.0
11,5,30,2,uniform,batched,30,P4_temporal,550.0
11,5,30,2,uniform,batched,30,P4_temporal,655.0
11,5,30,2,uniform,batched,30,P4_temporal,619.0
11,5,30,2,uniform,batched,30,P4_temporal,554.0
11,5,30,2,uniform,batched,30,P4_temporal,666.0
11,5,30,2,uniform,batched,30,P4_temporal,675.0
11,5,30,2,uniform,batched,30,P4_temporal,763.0
11,5,30,2,uniform,batched,30,P4_temporal,609.0
11,5,30,2,uniform,batched,30,P4_temporal,699.0
11,5,30,2,uniform,batched,30,P4_temporal,694.0
11,5,30,2,uniform,batched,30,P4_temporal,655.0
11,5,30,2,uniform,batched,30,P4_temporal,687.0
11,5,30,2,uniform,batched,30,P4_temporal,701.0
11,5,30,2,uniform,batched,30,P4_temporal,729.0
11,5,30,2,uniform,batched,30,P4_temporal,646.0
11,5,30,2,uniform,batched,30,P4_temporal,720.0
11,5,30,2,uniform,batched,30,P4_temporal,797.0
11,5,30,2,uniform,batched,30,P4_temporal,604.0
11,5,30,2,uniform,batched,30,P4_temporal,664.0
11,5,30,2,uniform,batched,30,P4_temporal,579.0
11,5,30,2,uniform,batched,30,P4_temporal,696.0
11,5,30,2,uniform,batched,30,P4_temporal,672.0
11,5,30,2,uniform,batched,30,P4_temporal,691.0
11,5,30,2,uniform,batched,30,P4_temporal,676.0
11,5,30,2,uniform,batched,30,P4_temporal,659.0
11,5,30,2,uniform,batched,30,P4_temporal,663.0
11,5,30,2,uniform,batched,30,P4_temporal,685.0
11,5,30,2,uniform,batched,30,P4_temporal,726.0
11,5,30,2,uniform,batched,30,P4_temporal,732.0
11,5,30,2,uniform,batched,30,P4_temporal,659.0
11,5,30,2,uniform,batched,30,P4_temporal,738.0
11,5,30,2,uniform,batched,30,P4_temporal,627.0
11,5,30,2,uniform,batched,30,P4_temporal,663.0
11,5,30,2,uniform,batched,30,P4_temporal,786.0
11,5,30,2,uniform,batched,30,P4_temporal,598.0
11,5,30,2,uniform,batched,30,P4_temporal,730.0
11,5,30,2,uniform,batched,30,P4_temporal,714.0
11,5,30,2,uniform,batched,30,P4_temporal,684.0
11,5,30,2,uniform,batched,30,P4_temporal,704.0
11,5,30,2,uniform,batched,30,P4_temporal,537.0
11,5,30,2,uniform,batched,30,P4_temporal,753.0
11,5,30,2,uniform,batched,30,P4_temporal,647.0
11,5,30,2,uniform,batched,30,P4_temporal,723.0
11,5,30,2,uniform,batched,30,P4_temporal,700.0
11,5,30,2,uniform,batched,30,P4_temporal,606.0
11,5,30,2,uniform,batched,30,P4_temporal,714.0
11,5,30,2,uniform,batched,30,P4_temporal,728.0
11,5,30,2,uniform,batched,30,P4_temporal,680.0
11,5,30,2,uniform,batched,30,P4_temporal,847.0
11,5,30,2,uniform,batched,30,P4_temporal,685.0
11,5,30,2,uniform,batched,30,P4_temporal,669.0
11,5,30,2,uniform,batched,30,P4_temporal,483.0
11,5,30,2,uniform,batched,30,P4_temporal,579.0
11,5,30,2,uniform,batched,30,P4_temporal,711.0
11,5,30,2,uniform,batched,30,P4_temporal,630.0
11,5,30,2,uniform,batched,30,P4_temporal,715.0
11,5,30,2,uniform,batched,30,P4_temporal,706.0
11,5,30,2,uniform,batched,30,P4_temporal,720.0
11,5,30,2,uniform,batched,30,P4_temporal,705.0
11,5,30,2,uniform,batched,30,P4_temporal,662.0
11,5,30,2,uniform,batched,30,P4_temporal,635.0
11,5,30,2,uniform,batched,30,P4_temporal,783.0
11,5,30,2,uniform,batched,30,P4_temporal,757.0
11,5,30,2,uniform,batched,30,P4_temporal,705.0
11,5,30,2,uniform,batched,30,P4_temporal,666.0
11,5,30,2,uniform,batched,30,P4_temporal,636.0
11,5,30,2,uniform,batched,30,P4_temporal,656.0
11,5,30,2,uniform,batched,30,P4_temporal,594.0
11,5,30,2,uniform,batched,30,P4_temporal,719.0
11,5,30,2,uniform,batched,30,P4_temporal,666.0
11,5,30,2,uniform,batched,30,P4_temporal,655.0
11,5,30,2,uniform,batched,30,P4_temporal,738.0
11,5,30,2,uniform,batched,30,P4_temporal,689.0
11,5,30,2,uniform,batched,30,P4_temporal,705.0
11,5,30,2,uniform,batched,30,P4_temporal,700.0
11,5,30,2,uniform,batched,30,P4_temporal,598.0
11,5,30,2,uniform,batched,30,P4_temporal,792.0
11,5,30,2,uniform,batched,30,P4_temporal,734.0
11,5,30,2,uniform,batched,30,P4_temporal,742.0
11,5,30,2,uniform,batched,30,P4_temporal,651.0
11,5,30,2,uniform,batched,30,P4_temporal,700.0
11,5,30,2,uniform,batched,30,P4_temporal,573.0
11,5,30,2,uniform,batched,30,P4_temporal,675.0
11,5,30,2,uniform,batched,30,P4_temporal,666.0
11,5,30,2,uniform,batched,30,P4_temporal,686.0
11,5,30,2,uniform,batched,30,P4_temporal,715.0
11,5,30,2,uniform,batched,30,P4_temporal,627.0
11,5,30,2,uniform,batched,30,P4_temporal,662.0
11,5,30,2,uniform,batched,30,P4_temporal,698.0
11,5,30,2,uniform,batched,30,P4_temporal,656.0
11,5,30,2,uniform,batched,30,P4_temporal,679.0
11,5,30,2,uniform,batched,30,P4_temporal,722.0
11,5,30,2,uniform,batched,30,P4_temporal,647.0
11,5,30,2,uniform,batched,30,P4_temporal,785.0
11,5,30,2,uniform,batched,30,P4_temporal,635.0
11,5,30,2,uniform,batched,30,P4_temporal,645.0
11,5,30,2,uniform,batched,30,P4_temporal,753.0
11,5,30,2,uniform,batched,30,P4_temporal,710.0
11,5,30,2,uniform,batched,30,P4_temporal,742.0
11,5,30,2,uniform,batched,30,P4_temporal,658.0
11,5,30,2,uniform,batched,30,P4_temporal,595.0
11,5,30,2,uniform,batched,30,P4_temporal,783.0
11,5,30,2,uniform,batched,30,P4_temporal,739.0
11,5,30,2,uniform,batched,30,P4_temporal,774.0
11,5,30,2,uniform,batched,30,P4_temporal,738.0
11,5,30,2,uniform,batched,30,P4_temporal,672.0
11,5,30,2,uniform,batched,30,P4_temporal,754.0
11,5,30,2,uniform,batched,30,P4_temporal,571.0
11,5,30,2,uniform,batched,30,P4_temporal,670.0
11,5,30,2,uniform,batched,30,P4_temporal,704.0
11,5,30,2,uniform,batched,30,P4_temporal,603.0
11,5,30,2,uniform,batched,30,P4_temporal,691.0
11,5,30,2,uniform,batched,30,P4_temporal,684.0
11,5,30,2,uniform,batched,30,P4_temporal,688.0
11,5,30,2,uniform,batched,30,P4_temporal,630.0
11,5,30,2,uniform,batched,30,P4_temporal,627.0
11,5,30,2,uniform,batched,30,P4_temporal,645.0
11,5,30,2,uniform,batched,30,P4_temporal,671.0
11,5,30,2,uniform,batched,30,P4_temporal,757.0
11,5,30,2,uniform,batched,30,P4_temporal,578.0
11,5,30,2,uniform,batched,30,P4_temporal,659.0
11,5,30,2,uniform,batched,30,P4_temporal,640.0
11,5,30,2,uniform,batched,30,P4_temporal,616.0
11,5,30,2,uniform,batched,30,P4_temporal,777.0
11,5,30,2,uniform,batched,30,P4_temporal,691.0
11,5,30,2,uniform,batched,30,P4_temporal,728.0
11,5,30,2,uniform,batched,30,P4_temporal,734.0
11,5,30,2,uniform,batched,30,P4_temporal,683.0
11,5,30,2,uniform,batched,30,P4_temporal,636.0
11,5,30,2,uniform,batched,30,P4_temporal,621.0
11,5,30,2,uniform,batched,30,P4_temporal,623.0
11,5,30,2,uniform,batched,30,P4_temporal,597.0
11,5,30,2,uniform,batched,30,P4_temporal,621.0
11,5,30,2,uniform,batched,30,P4_temporal,710.0
11,5,30,2,uniform,batched,30,P4_temporal,833.0
11,5,30,2,uniform,batched,30,P4_temporal,690.0
11,5,30,2,uniform,batched,30,P4_temporal,716.0
11,5,30,2,uniform,batched,30,P4_temporal,694.0
11,5,30,2,uniform,batched,30,P4_temporal,596.0
11,5,30,2,uniform,batched,30,P4_temporal,639.0
11,5,30,2,uniform,batched,30,P4_temporal,763.0
11,5,30,2,uniform,batched,30,P4_temporal,615.0
11,5,30,2,uniform,batched,30,P4_temporal,790.0
11,5,30,2,uniform,batched,30,P4_temporal,700.0
11,5,30,2,uniform,batched,30,P4_temporal,729.0
11,5,30,2,uniform,batched,30,P4_temporal,766.0
11,5,30,2,uniform,batched,30,P4_temporal,705.0
11,5,30,2,uniform,batched,30,P4_temporal,663.0
11,5,30,2,uniform,batched,30,P4_temporal,679.0
11,5,30,2,uniform,batched,30,P4_temporal,675.0
11,5,30,2,uniform,batched,30,P4_temporal,738.0
11,5,30,2,uniform,batched,30,P4_temporal,671.0
11,5,30,2,uniform,batched,30,P4_temporal,625.0
11,5,30,2,uniform,batched,30,P4_temporal,618.0
11,5,30,2,uniform,batched,30,P4_temporal,659.0
11,5,30,2,uniform,batched,30,P4_temporal,653.0
11,5,30,2,uniform,batched,30,P4_temporal,693.0
11,5,30,2,uniform,batched,30,P4_temporal,688.0
11,5,30,2,uniform,batched,30,P4_temporal,654.0
11,5,30,2,uniform,batched,30,P4_temporal,654.0
11,5,30,2,uniform,batched,30,P4_temporal,646.0
11,5,30,2,uniform,batched,30,P4_temporal,783.0
11,5,30,2,uniform,batched,30,P4_temporal,775.0
11,5,30,2,uniform,batched,30,P4_temporal,655.0
11,5,30,2,uniform,batched,30,P4_temporal,720.0
11,5,30,2,uniform,batched,30,P4_temporal,646.0
11,5,30,2,uniform,batched,30,P4_temporal,695.0
11,5,30,2,uniform,batched,30,P4_temporal,787.0
11,5,30,2,uniform,batched,30,P4_temporal,595.0
11,5,30,2,uniform,batched,30,P4_temporal,688.0
11,5,30,2,uniform,batched,30,P4_temporal,646.0
11,5,30,2,uniform,batched,30,P4_temporal,690.0
11,5,30,2,uniform,batched,30,P4_temporal,690.0
11,5,30,2,uniform,batched,30,P4_temporal,533.0
11,5,30,2,uniform,batched,30,P4_temporal,702.0
11,5,30,2,uniform,batched,30,P4_temporal,609.0
11,5,30,2,uniform,batched,30,P4_temporal,850.0
11,5,30,2,uniform,batched,30,P4_temporal,784.0
11,5,30,2,uniform,batched,30,P4_temporal,680.0
11,5,30,2,uniform,batched,30,P4_temporal,714.0
11,5,30,2,uniform,batched,30,P4_temporal,705.0
11,5,30,2,uniform,batched,30,P4_temporal,610.0
11,5,30,2,uniform,batched,30,P4_temporal,612.0
11,5,30,2,uniform,batched,30,P4_temporal,626.0
11,5,30,2,uniform,batched,30,P4_temporal,742.0
11,5,30,2,uniform,batched,30,P4_temporal,675.0
11,5,30,2,uniform,batched,30,P4_temporal,705.0
11,5,30,2,uniform,batched,30,P4_temporal,613.0
11,5,30,2,uniform,batched,30,P4_temporal,575.0
11,5,30,2,uniform,batched,30,P4_temporal,656.0
11,5,30,2,uniform,batched,30,P4_temporal,690.0
11,5,30,2,uniform,batched,30,P4_temporal,818.0
11,5,30,2,uniform,batched,30,P4_temporal,719.0
11,5,30,2,uniform,batched,30,P5_phi,620.0
11,5,30,2,uniform,batched,30,P5_phi,637.0
11,5,30,2,uniform,batched,30,P5_phi,710.0
11,5,30,2,uniform,batched,30,P5_phi,841.0
11,5,30,2,uniform,batched,30,P5_phi,747.0
11,5,30,2,uniform,batched,30,P5_phi,596.0
11,5,30,2,uniform,batched,30,P5_phi,661.0
11,5,30,2,uniform,batched,30,P5_phi,597.0
11,5,30,2,uniform,batched,30,P5_phi,730.0
11,5,30,2,uniform,batched,30,P5_phi,604.0
11,5,30,2,uniform,batched,30,P5_phi,645.0
11,5,30,2,uniform,batched,30,P5_phi,759.0
11,5,30,2,uniform,batched,30,P5_phi,754.0
11,5,30,2,uniform,batched,30,P5_phi,710.0
11,5,30,2,uniform,batched,30,P5_phi,728.0
11,5,30,2,uniform,batched,30,P5_phi,636.0
11,5,30,2,uniform,batched,30,P5_phi,732.0
11,5,30,2,uniform,batched,30,P5_phi,622.0
11,5,30,2,uniform,batched,30,P5_phi,617.0
11,5,30,2,uniform,batched,30,P5_phi,709.0
11,5,30,2,uniform,batched,30,P5_phi,758.0
11,5,30,2,uniform,batched,30,P5_phi,723.0
11,5,30,2,uniform,batched,30,P5_phi,588.0
11,5,30,2,uniform,batched,30,P5_phi,748.0
11,5,30,2,uniform,batched,30,P5_phi,774.0
11,5,30,2,uniform,batched,30,P5_phi,831.0
11,5,30,2,uniform,batched,30,P5_phi,710.0
11,5,30,2,uniform,batched,30,P5_phi,637.0
11,5,30,2,uniform,batched,30,P5_phi,786.0
11,5,30,2,uniform,batched,30,P5_phi,831.0
11,5,30,2,uniform,batched,30,P5_phi,847.0
11,5,30,2,uniform,batched,30,P5_phi,628.0
11,5,30,2,uniform,batched,30,P5_phi,749.0
11,5,30,2,uniform,batched,30,P5_phi,645.0
11,5,30,2,uniform,batched,30,P5_phi,645.0
11,5,30,2,uniform,batched,30,P5_phi,632.0
11,5,30,2,uniform,batched,30,P5_phi,767.0
11,5,30,2,uniform,batched,30,P5_phi,890.0
11,5,30,2,uniform,batched,30,P5_phi,653.0
11,5,30,2,uniform,batched,30,P5_phi,722.0
11,5,30,2,uniform,batched,30,P5_phi,767.0
11,5,30,2,uniform,batched,30,P5_phi,769.0
11,5,30,2,uniform,batched,30,P5_phi,752.0
11,5,30,2,uniform,batched,30,P5_phi,617.0
11,5,30,2,uniform,batched,30,P5_phi,744.0
11,5,30,2,uniform,batched,30,P5_phi,769.0
11,5,30,2,uniform,batched,30,P5_phi,786.0
11,5,30,2,uniform,batched,30,P5_phi,718.0
11,5,30,2,uniform,batched,30,P5_phi,724.0
11,5,30,2,uniform,batched,30,P5_phi,812.0
11,5,30,2,uniform,batched,30,P5_phi,617.0
11,5,30,2,uniform,batched,30,P5_phi,639.0
11,5,30,2,uniform,batched,30,P5_phi,847.0
11,5,30,2,uniform,batched,30,P5_phi,701.0
11,5,30,2,uniform,batched,30,P5_phi,700.0
11,5,30,2,uniform,batched,30,P5_phi,632.0
11,5,30,2,uniform,batched,30,P5_phi,660.0
11,5,30,2,uniform,batched,30,P5_phi,723.0
11,5,30,2,uniform,batched,30,P5_phi,617.0
11,5,30,2,uniform,batched,30,P5_phi,637.0
11,5,30,2,uniform,batched,30,P5_phi,777.0
11,5,30,2,uniform,batched,30,P5_phi,774.0
11,5,30,2,uniform,batched,30,P5_phi,830.0
11,5,30,2,uniform,batched,30,P5_phi,744.0
11,5,30,2,uniform,batched,30,P5_phi,588.0
11,5,30,2,uniform,batched,30,P5_phi,673.0
11,5,30,2,uniform,batched,30,P5_phi,649.0
11,5,30,2,uniform,batched,30,P5_phi,604.0
11,5,30,2,uniform,batched,30,P5_phi,704.0
11,5,30,2,uniform,batched,30,P5_phi,748.0
11,5,30,2,uniform,batched,30,P5_phi,705.0
11,5,30,2,uniform,batched,30,P5_phi,624.0
11,5,30,2,uniform,batched,30,P5_phi,670.0
11,5,30,2,uniform,batched,30,P5_phi,675.0
11,5,30,2,uniform,batched,30,P5_phi,730.0
11,5,30,2,uniform,batched,30,P5_phi,578.0
11,5,30,2,uniform,batched,30,P5_phi,700.0
11,5,30,2,uniform,batched,30,P5_phi,589.0
11,5,30,2,uniform,batched,30,P5_phi,589.0
11,5,30,2,uniform,batched,30,P5_phi,730.0
11,5,30,2,uniform,batched,30,P5_phi,598.0
11,5,30,2,uniform,batched,30,P5_phi,734.0
11,5,30,2,uniform,batched,30,P5_phi,666.0
11,5,30,2,uniform,batched,30,P5_phi,772.0
11,5,30,2,uniform,batched,30,P5_phi,722.0
11,5,30,2,uniform,batched,30,P5_phi,704.0
11,5,30,2,uniform,batched,30,P5_phi,701.0
11,5,30,2,uniform,batched,30,P5_phi,724.0
11,5,30,2,uniform,batched,30,P5_phi,618.0
11,5,30,2,uniform,batched,30,P5_phi,550.0
11,5,30,2,uniform,batched,30,P5_phi,632.0
11,5,30,2,uniform,batched,30,P5_phi,669.0
11,5,30,2,uniform,batched,30,P5_phi,666.0
11,5,30,2,uniform,batched,30,P5_phi,710.0
11,5,30,2,uniform,batched,30,P5_phi,816.0
11,5,30,2,uniform,batched,30,P5_phi,662.0
11,5,30,2,uniform,batched,30,P5_phi,748.0
11,5,30,2,uniform,batched,30,P5_phi,763.0
11,5,30,2,uniform,batched,30,P5_phi,686.0
11,5,30,2,uniform,batched,30,P5_phi,732.0
11,5,30,2,uniform,batched,30,P5_phi,758.0
11,5,30,2,uniform,batched,30,P5_phi,645.0
11,5,30,2,uniform,batched,30,P5_phi,759.0
11,5,30,2,uniform,batched,30,P5_phi,773.0
11,5,30,2,uniform,batched,30,P5_phi,732.0
11,5,30,2,uniform,batched,30,P5_phi,855.0
11,5,30,2,uniform,batched,30,P5_phi,732.0
11,5,30,2,uniform,batched,30,P5_phi,762.0
11,5,30,2,uniform,batched,30,P5_phi,574.0
11,5,30,2,uniform,batched,30,P5_phi,630.0
11,5,30,2,uniform,batched,30,P5_phi,681.0
11,5,30,2,uniform,batched,30,P5_phi,786.0
11,5,30,2,uniform,batched,30,P5_phi,653.0
11,5,30,2,uniform,batched,30,P5_phi,743.0
11,5,30,2,uniform,batched,30,P5_phi,649.0
11,5,30,2,uniform,batched,30,P5_phi,793.0
11,5,30,2,uniform,batched,30,P5_phi,772.0
11,5,30,2,uniform,batched,30,P5_phi,722.0
11,5,30,2,uniform,batched,30,P5_phi,768.0
11,5,30,2,uniform,batched,30,P5_phi,690.0
11,5,30,2,uniform,batched,30,P5_phi,830.0
11,5,30,2,uniform,batched,30,P5_phi,768.0
11,5,30,2,uniform,batched,30,P5_phi,793.0
11,5,30,2,uniform,batched,30,P5_phi,623.0
11,5,30,2,uniform,batched,30,P5_phi,639.0
11,5,30,2,uniform,batched,30,P5_phi,762.0
11,5,30,2,uniform,batched,30,P5_phi,590.0
11,5,30,2,uniform,batched,30,P5_phi,651.0
11,5,30,2,uniform,batched,30,P5_phi,753.0
11,5,30,2,uniform,batched,30,P5_phi,695.0
11,5,30,2,uniform,batched,30,P5_phi,871.0
11,5,30,2,uniform,batched,30,P5_phi,623.0
11,5,30,2,uniform,batched,30,P5_phi,564.0
11,5,30,2,uniform,batched,30,P5_phi,632.0
11,5,30,2,uniform,batched,30,P5_phi,759.0
11,5,30,2,uniform,batched,30,P5_phi,580.0
11,5,30,2,uniform,batched,30,P5_phi,786.0
11,5,30,2,uniform,batched,30,P5_phi,724.0
11,5,30,2,uniform,batched,30,P5_phi,772.0
11,5,30,2,uniform,batched,30,P5_phi,742.0
11,5,30,2,uniform,batched,30,P5_phi,723.0
11,5,30,2,uniform,batched,30,P5_phi,671.0
11,5,30,2,uniform,batched,30,P5_phi,675.0
11,5,30,2,uniform,batched,30,P5_phi,674.0
11,5,30,2,uniform,batched,30,P5_phi,703.0
11,5,30,2,uniform,batched,30,P5_phi,777.0
11,5,30,2,uniform,batched,30,P5_phi,617.0
11,5,30,2,uniform,batched,30,P5_phi,774.0
11,5,30,2,uniform,batched,30,P5_phi,741.0
11,5,30,2,uniform,batched,30,P5_phi,625.0
11,5,30,2,uniform,batched,30,P5_phi,655.0
11,5,30,2,uniform,batched,30,P5_phi,655.0
11,5,30,2,uniform,batched,30,P5_phi,576.0
11,5,30,2,uniform,batched,30,P5_phi,617.0
11,5,30,2,uniform,batched,30,P5_phi,763.0
11,5,30,2,uniform,batched,30,P5_phi,724.0
11,5,30,2,uniform,batched,30,P5_phi,593.0
11,5,30,2,uniform,batched,30,P5_phi,722.0
11,5,30,2,uniform,batched,30,P5_phi,576.0
11,5,30,2,uniform,batched,30,P5_phi,743.0
11,5,30,2,uniform,batched,30,P5_phi,730.0
11,5,30,2,uniform,batched,30,P5_phi,662.0
11,5,30,2,uniform,batched,30,P5_phi,564.0
11,5,30,2,uniform,batched,30,P5_phi,871.0
11,5,30,2,uniform,batched,30,P5_phi,729.0
11,5,30,2,uniform,batched,30,P5_phi,729.0
11,5,30,2,uniform,batched,30,P5_phi,703.0
11,5,30,2,uniform,batched,30,P5_phi,821.0
11,5,30,2,uniform,batched,30,P5_phi,767.0
11,5,30,2,uniform,batched,30,P5_phi,623.0
11,5,30,2,uniform,batched,30,P5_phi,653.0
11,5,30,2,uniform,batched,30,P5_phi,773.0
11,5,30,2,uniform,batched,30,P5_phi,732.0
11,5,30,2,uniform,batched,30,P5_phi,847.0
11,5,30,2,uniform,batched,30,P5_phi,729.0
11,5,30,2,uniform,batched,30,P5_phi,816.0
11,5,30,2,uniform,batched,30,P5_phi,655.0
11,5,30,2,uniform,batched,30,P5_phi,651.0
11,5,30,2,uniform,batched,30,P5_phi,667.0
11,5,30,2,uniform,batched,30,P5_phi,762.0
11,5,30,2,uniform,batched,30,P5_phi,754.0
11,5,30,2,uniform,batched,30,P5_phi,695.0
11,5,30,2,uniform,batched,30,P5_phi,662.0
11,5,30,2,uniform,batched,30,P5_phi,708.0
11,5,30,2,uniform,batched,30,P5_phi,759.0
11,5,30,2,uniform,batched,30,P5_phi,753.0
11,5,30,2,uniform,batched,30,P5_phi,830.0
11,5,30,2,uniform,batched,30,P5_phi,711.0
11,5,30,2,uniform,batched,30,P5_phi,689.0
11,5,30,2,uniform,batched,30,P5_phi,655.0
11,5,30,2,uniform,batched,30,P5_phi,588.0
11,5,30,2,uniform,batched,30,P5_phi,681.0
11,5,30,2,uniform,batched,30,P5_phi,732.0
11,5,30,2,uniform,batched,30,P5_phi,714.0
11,5,30,2,uniform,batched,30,P5_phi,580.0
11,5,30,2,uniform,batched,30,P5_phi,772.0
11,5,30,2,uniform,batched,30,P5_phi,754.0
11,5,30,2,uniform,batched,30,P5_phi,741.0
11,5,30,2,uniform,batched,30,P5_phi,871.0
11,5,30,2,uniform,batched,30,P5_phi,763.0
11,5,30,2,uniform,batched,30,P6_spo_tree,745.0
11,5,30,2,uniform,batched,30,P6_spo_tree,623.0
11,5,30,2,uniform,batched,30,P6_spo_tree,651.0
11,5,30,2,uniform,batched,30,P6_spo_tree,602.0
11,5,30,2,uniform,batched,30,P6_spo_tree,695.0
11,5,30,2,uniform,batched,30,P6_spo_tree,710.0
11,5,30,2,uniform,batched,30,P6_spo_tree,733.0
11,5,30,2,uniform,batched,30,P6_spo_tree,653.0
11,5,30,2,uniform,batched,30,P6_spo_tree,668.0
11,5,30,2,uniform,batched,30,P6_spo_tree,641.0
11,5,30,2,uniform,batched,30,P6_spo_tree,742.0
11,5,30,2,uniform,batched,30,P6_spo_tree,732.0
11,5,30,2,uniform,batched,30,P6_spo_tree,635.0
11,5,30,2,uniform,batched,30,P6_spo_tree,738.0
11,5,30,2,uniform,batched,30,P6_spo_tree,710.0
11,5,30,2,uniform,batched,30,P6_spo_tree,705.0
11,5,30,2,uniform,batched,30,P6_spo_tree,718.0
11,5,30,2,uniform,batched,30,P6_spo_tree,712.0
11,5,30,2,uniform,batched,30,P6_spo_tree,734.0
11,5,30,2,uniform,batched,30,P6_spo_tree,655.0
11,5,30,2,uniform,batched,30,P6_spo_tree,713.0
11,5,30,2,uniform,batched,30,P6_spo_tree,733.0
11,5,30,2,uniform,batched,30,P6_spo_tree,568.0
11,5,30,2,uniform,batched,30,P6_spo_tree,643.0
11,5,30,2,uniform,batched,30,P6_spo_tree,662.0
11,5,30,2,uniform,batched,30,P6_spo_tree,742.0
11,5,30,2,uniform,batched,30,P6_spo_tree,638.0
11,5,30,2,uniform,batched,30,P6_spo_tree,634.0
11,5,30,2,uniform,batched,30,P6_spo_tree,715.0
11,5,30,2,uniform,batched,30,P6_spo_tree,598.0
11,5,30,2,uniform,batched,30,P6_spo_tree,689.0
11,5,30,2,uniform,batched,30,P6_spo_tree,714.0
11,5,30,2,uniform,batched,30,P6_spo_tree,741.0
11,5,30,2,uniform,batched,30,P6_spo_tree,701.0
11,5,30,2,uniform,batched,30,P6_spo_tree,702.0
11,5,30,2,uniform,batched,30,P6_spo_tree,647.0
11,5,30,2,uniform,batched,30,P6_spo_tree,688.0
11,5,30,2,uniform,batched,30,P6_spo_tree,821.0
11,5,30,2,uniform,batched,30,P6_spo_tree,662.0
11,5,30,2,uniform,batched,30,P6_spo_tree,772.0
11,5,30,2,uniform,batched,30,P6_spo_tree,671.0
11,5,30,2,uniform,batched,30,P6_spo_tree,723.0
11,5,30,2,uniform,batched,30,P6_spo_tree,709.0
11,5,30,2,uniform,batched,30,P6_spo_tree,671.0
11,5,30,2,uniform,batched,30,P6_spo_tree,656.0
11,5,30,2,uniform,batched,30,P6_spo_tree,733.0
11,5,30,2,uniform,batched,30,P6_spo_tree,727.0
11,5,30,2,uniform,batched,30,P6_spo_tree,701.0
11,5,30,2,uniform,batched,30,P6_spo_tree,702.0
11,5,30,2,uniform,batched,30,P6_spo_tree,710.0
11,5,30,2,uniform,batched,30,P6_spo_tree,736.0
11,5,30,2,uniform,batched,30,P6_spo_tree,707.0
11,5,30,2,uniform,batched,30,P6_spo_tree,690.0
11,5,30,2,uniform,batched,30,P6_spo_tree,632.0
11,5,30,2,uniform,batched,30,P6_spo_tree,651.0
11,5,30,2,uniform,batched,30,P6_spo_tree,710.0
11,5,30,2,uniform,batched,30,P6_spo_tree,758.0
11,5,30,2,uniform,batched,30,P6_spo_tree,654.0
11,5,30,2,uniform,batched,30,P6_spo_tree,712.0
11,5,30,2,uniform,batched,30,P6_spo_tree,613.0
11,5,30,2,uniform,batched,30,P6_spo_tree,783.0
11,5,30,2,uniform,batched,30,P6_spo_tree,697.0
11,5,30,2,uniform,batched,30,P6_spo_tree,709.0
11,5,30,2,uniform,batched,30,P6_spo_tree,729.0
11,5,30,2,uniform,batched,30,P6_spo_tree,763.0
11,5,30,2,uniform,batched,30,P6_spo_tree,710.0
11,5,30,2,uniform,batched,30,P6_spo_tree,717.0
11,5,30,2,uniform,batched,30,P6_spo_tree,669.0
11,5,30,2,uniform,batched,30,P6_spo_tree,772.0
11,5,30,2,uniform,batched,30,P6_spo_tree,770.0
11,5,30,2,uniform,batched,30,P6_spo_tree,646.0
11,5,30,2,uniform,batched,30,P6_spo_tree,703.0
11,5,30,2,uniform,batched,30,P6_spo_tree,626.0
11,5,30,2,uniform,batched,30,P6_spo_tree,596.0
11,5,30,2,uniform,batched,30,P6_spo_tree,602.0
11,5,30,2,uniform,batched,30,P6_spo_tree,671.0
11,5,30,2,uniform,batched,30,P6_spo_tree,802.0
11,5,30,2,uniform,batched,30,P6_spo_tree,698.0
11,5,30,2,uniform,batched,30,P6_spo_tree,664.0
11,5,30,2,uniform,batched,30,P6_spo_tree,752.0
11,5,30,2,uniform,batched,30,P6_spo_tree,729.0
11,5,30,2,uniform,batched,30,P6_spo_tree,736.0
11,5,30,2,uniform,batched,30,P6_spo_tree,633.0
11,5,30,2,uniform,batched,30,P6_spo_tree,595.0
11,5,30,2,uniform,batched,30,P6_spo_tree,750.0
11,5,30,2,uniform,batched,30,P6_spo_tree,598.0
11,5,30,2,uniform,batched,30,P6_spo_tree,669.0
11,5,30,2,uniform,batched,30,P6_spo_tree,689.0
11,5,30,2,uniform,batched,30,P6_spo_tree,714.0
11,5,30,2,uniform,batched,30,P6_spo_tree,775.0
11,5,30,2,uniform,batched,30,P6_spo_tree,651.0
11,5,30,2,uniform,batched,30,P6_spo_tree,695.0
11,5,30,2,uniform,batched,30,P6_spo_tree,764.0
11,5,30,2,uniform,batched,30,P6_spo_tree,752.0
11,5,30,2,uniform,batched,30,P6_spo_tree,637.0
11,5,30,2,uniform,batched,30,P6_spo_tree,758.0
11,5,30,2,uniform,batched,30,P6_spo_tree,682.0
11,5,30,2,uniform,batched,30,P6_spo_tree,665.0
11,5,30,2,uniform,batched,30,P6_spo_tree,690.0
11,5,30,2,uniform,batched,30,P6_spo_tree,723.0
11,5,30,2,uniform,batched,30,P6_spo_tree,609.0
11,5,30,2,uniform,batched,30,P6_spo_tree,676.0
11,5,30,2,uniform,batched,30,P6_spo_tree,654.0
11,5,30,2,uniform,batched,30,P6_spo_tree,790.0
11,5,30,2,uniform,batched,30,P6_spo_tree,734.0
11,5,30,2,uniform,batched,30,P6_spo_tree,725.0
11,5,30,2,uniform,batched,30,P6_spo_tree,705.0
11,5,30,2,uniform,batched,30,P6_spo_tree,699.0
11,5,30,2,uniform,batched,30,P6_spo_tree,734.0
11,5,30,2,uniform,batched,30,P6_spo_tree,830.0
11,5,30,2,uniform,batched,30,P6_spo_tree,723.0
11,5,30,2,uniform,batched,30,P6_spo_tree,665.0
11,5,30,2,uniform,batched,30,P6_spo_tree,638.0
11,5,30,2,uniform,batched,30,P6_spo_tree,689.0
11,5,30,2,uniform,batched,30,P6_spo_tree,689.0
11,5,30,2,uniform,batched,30,P6_spo_tree,738.0
11,5,30,2,uniform,batched,30,P6_spo_tree,696.0
11,5,30,2,uniform,batched,30,P6_spo_tree,837.0
11,5,30,2,uniform,batched,30,P6_spo_tree,660.0
11,5,30,2,uniform,batched,30,P6_spo_tree,638.0
11,5,30,2,uniform,batched,30,P6_spo_tree,606.0
11,5,30,2,uniform,batched,30,P6_spo_tree,644.0
11,5,30,2,uniform,batched,30,P6_spo_tree,632.0
11,5,30,2,uniform,batched,30,P6_spo_tree,613.0
11,5,30,2,uniform,batched,30,P6_spo_tree,777.0
11,5,30,2,uniform,batched,30,P6_spo_tree,811.0
11,5,30,2,uniform,batched,30,P6_spo_tree,905.0
11,5,30,2,uniform,batched,30,P6_spo_tree,690.0
11,5,30,2,uniform,batched,30,P6_spo_tree,656.0
11,5,30,2,uniform,batched,30,P6_spo_tree,748.0
11,5,30,2,uniform,batched,30,P6_spo_tree,831.0
11,5,30,2,uniform,batched,30,P6_spo_tree,714.0
11,5,30,2,uniform,batched,30,P6_spo_tree,675.0
11,5,30,2,uniform,batched,30,P6_spo_tree,831.0
11,5,30,2,uniform,batched,30,P6_spo_tree,705.0
11,5,30,2,uniform,batched,30,P6_spo_tree,653.0
11,5,30,2,uniform,batched,30,P6_spo_tree,713.0
11,5,30,2,uniform,batched,30,P6_spo_tree,690.0
11,5,30,2,uniform,batched,30,P6_spo_tree,750.0
11,5,30,2,uniform,batched,30,P6_spo_tree,696.0
11,5,30,2,uniform,batched,30,P6_spo_tree,588.0
11,5,30,2,uniform,batched,30,P6_spo_tree,677.0
11,5,30,2,uniform,batched,30,P6_spo_tree,757.0
11,5,30,2,uniform,batched,30,P6_spo_tree,646.0
11,5,30,2,uniform,batched,30,P6_spo_tree,656.0
11,5,30,2,uniform,batched,30,P6_spo_tree,705.0
11,5,30,2,uniform,batched,30,P6_spo_tree,728.0
11,5,30,2,uniform,batched,30,P6_spo_tree,710.0
11,5,30,2,uniform,batched,30,P6_spo_tree,724.0
11,5,30,2,uniform,batched,30,P6_spo_tree,821.0
11,5,30,2,uniform,batched,30,P6_spo_tree,812.0
11,5,30,2,uniform,batched,30,P6_spo_tree,673.0
11,5,30,2,uniform,batched,30,P6_spo_tree,790.0
11,5,30,2,uniform,batched,30,P6_spo_tree,745.0
11,5,30,2,uniform,batched,30,P6_spo_tree,890.0
11,5,30,2,uniform,batched,30,P6_spo_tree,690.0
11,5,30,2,uniform,batched,30,P6_spo_tree,684.0
11,5,30,2,uniform,batched,30,P6_spo_tree,753.0
11,5,30,2,uniform,batched,30,P6_spo_tree,756.0
11,5,30,2,uniform,batched,30,P6_spo_tree,726.0
11,5,30,2,uniform,batched,30,P6_spo_tree,588.0
11,5,30,2,uniform,batched,30,P6_spo_tree,567.0
11,5,30,2,uniform,batched,30,P6_spo_tree,729.0
11,5,30,2,uniform,batched,30,P6_spo_tree,712.0
11,5,30,2,uniform,batched,30,P6_spo_tree,719.0
11,5,30,2,uniform,batched,30,P6_spo_tree,700.0
11,5,30,2,uniform,batched,30,P6_spo_tree,720.0
11,5,30,2,uniform,batched,30,P6_spo_tree,646.0
11,5,30,2,uniform,batched,30,P6_spo_tree,751.0
11,5,30,2,uniform,batched,30,P6_spo_tree,621.0
11,5,30,2,uniform,batched,30,P6_spo_tree,646.0
11,5,30,2,uniform,batched,30,P6_spo_tree,565.0
11,5,30,2,uniform,batched,30,P6_spo_tree,627.0
11,5,30,2,uniform,batched,30,P6_spo_tree,784.0
11,5,30,2,uniform,batched,30,P6_spo_tree,690.0
11,5,30,2,uniform,batched,30,P6_spo_tree,754.0
11,5,30,2,uniform,batched,30,P6_spo_tree,777.0
11,5,30,2,uniform,batched,30,P6_spo_tree,772.0
11,5,30,2,uniform,batched,30,P6_spo_tree,772.0
11,5,30,2,uniform,batched,30,P6_spo_tree,840.0
11,5,30,2,uniform,batched,30,P6_spo_tree,656.0
11,5,30,2,uniform,batched,30,P6_spo_tree,496.0
11,5,30,2,uniform,batched,30,P6_spo_tree,620.0
11,5,30,2,uniform,batched,30,P6_spo_tree,727.0
11,5,30,2,uniform,batched,30,P6_spo_tree,841.0
11,5,30,2,uniform,batched,30,P6_spo_tree,685.0
11,5,30,2,uniform,batched,30,P6_spo_tree,748.0
11,5,30,2,uniform,batched,30,P6_spo_tree,580.0
11,5,30,2,uniform,batched,30,P6_spo_tree,654.0
11,5,30,2,uniform,batched,30,P6_spo_tree,775.0
11,5,30,2,uniform,batched,30,P6_spo_tree,709.0
11,5,30,2,uniform,batched,30,P6_spo_tree,636.0
11,5,30,2,uniform,batched,30,P6_spo_tree,705.0
11,5,30,2,uniform,batched,30,P6_spo_tree,713.0
11,5,30,2,uniform,batched,30,P6_spo_tree,682.0
11,5,30,2,uniform,batched,30,P6_spo_tree,773.0
11,5,30,2,uniform,batched,30,P6_spo_tree,771.0
11,5,30,2,uniform,batched,30,P6_spo_tree,588.0
11,5,30,2,uniform,batched,30,P6_spo_tree,689.0
11,5,30,2,uniform,batched,30,P6_spo_tree,636.0
