row_index,config_id,size,arm,wave_id,candidate_id,cand_seed,pool_seed
0,1,16,random,0,423,20387495,20260520
1,1,16,random,1,24,20387495,20260520
2,1,16,random,2,673,20387495,20260520
3,1,16,random,3,2387,20387495,20260520
4,1,16,random,4,1563,20387495,20260520
5,1,16,random,5,2,20387495,20260520
6,1,16,random,6,2064,20387495,20260520
7,1,16,random,7,974,20387495,20260520
8,1,16,random,8,2320,20387495,20260520
9,1,16,random,9,2324,20387495,20260520
10,1,16,random,10,2976,20387495,20260520
11,1,16,random,11,2877,20387495,20260520
12,1,16,random,12,1055,20387495,20260520
13,1,16,random,13,2905,20387495,20260520
14,1,16,random,14,1344,20387495,20260520
15,1,16,random,15,1844,20387495,20260520
16,1,16,random,16,2043,20387495,20260520
17,1,16,random,17,1241,20387495,20260520
18,1,16,random,18,2819,20387495,20260520
19,1,16,random,19,1291,20387495,20260520
20,1,16,random,20,304,20387495,20260520
21,1,16,random,21,2404,20387495,20260520
22,1,16,random,22,1995,20387495,20260520
23,1,16,random,23,2306,20387495,20260520
24,1,16,random,24,2501,20387495,20260520
25,1,16,random,25,1327,20387495,20260520
26,1,16,random,26,1638,20387495,20260520
27,1,16,random,27,2676,20387495,20260520
28,1,16,random,28,1265,20387495,20260520
29,1,16,random,29,41,20387495,20260520
30,1,16,random,30,1796,20387495,20260520
31,1,16,random,31,2071,20387495,20260520
32,1,16,random,32,2865,20387495,20260520
33,1,16,random,33,2474,20387495,20260520
34,1,16,random,34,819,20387495,20260520
35,1,16,random,35,524,20387495,20260520
36,1,16,random,36,1541,20387495,20260520
37,1,16,random,37,2612,20387495,20260520
38,1,16,random,38,263,20387495,20260520
39,1,16,random,39,1834,20387495,20260520
40,1,16,random,40,2088,20387495,20260520
41,1,16,random,41,965,20387495,20260520
42,1,16,random,42,2010,20387495,20260520
43,1,16,random,43,678,20387495,20260520
44,1,16,random,44,1962,20387495,20260520
45,1,16,random,45,2367,20387495,20260520
46,1,16,random,46,2710,20387495,20260520
47,1,16,random,47,1907,20387495,20260520
48,1,16,random,48,220,20387495,20260520
49,1,16,random,49,392,20387495,20260520
50,1,16,random,50,1150,20387495,20260520
51,1,16,random,51,1051,20387495,20260520
52,1,16,random,52,2306,20387495,20260520
53,1,16,random,53,305,20387495,20260520
54,1,16,random,54,1980,20387495,20260520
55,1,16,random,55,36,20387495,20260520
56,1,16,random,56,389,20387495,20260520
57,1,16,random,57,204,20387495,20260520
58,1,16,random,58,600,20387495,20260520
59,1,16,random,59,361,20387495,20260520
60,1,16,random,60,474,20387495,20260520
61,1,16,random,61,150,20387495,20260520
62,1,16,random,62,1410,20387495,20260520
63,1,16,random,63,2615,20387495,20260520
64,1,16,random,64,2092,20387495,20260520
65,1,16,random,65,406,20387495,20260520
66,1,16,random,66,1427,20387495,20260520
67,1,16,random,67,285,20387495,20260520
68,1,16,random,68,1612,20387495,20260520
69,1,16,random,69,843,20387495,20260520
70,1,16,random,70,835,20387495,20260520
71,1,16,random,71,2696,20387495,20260520
72,1,16,random,72,615,20387495,20260520
73,1,16,random,73,144,20387495,20260520
74,1,16,random,74,203,20387495,20260520
75,1,16,random,75,778,20387495,20260520
76,1,16,random,76,1827,20387495,20260520
77,1,16,random,77,1252,20387495,20260520
78,1,16,random,78,1440,20387495,20260520
79,1,16,random,79,1217,20387495,20260520
80,1,16,random,80,2336,20387495,20260520
81,1,16,random,81,863,20387495,20260520
82,1,16,random,82,734,20387495,20260520
83,1,16,random,83,2333,20387495,20260520
84,1,16,random,84,29,20387495,20260520
85,1,16,random,85,1659,20387495,20260520
86,1,16,random,86,409,20387495,20260520
87,1,16,random,87,2767,20387495,20260520
88,1,16,random,88,1383,20387495,20260520
89,1,16,random,89,1426,20387495,20260520
90,1,16,random,90,83,20387495,20260520
91,1,16,random,91,9,20387495,20260520
92,1,16,random,92,1611,20387495,20260520
93,1,16,random,93,1028,20387495,20260520
94,1,16,random,94,2318,20387495,20260520
95,1,16,random,95,2121,20387495,20260520
96,1,16,random,96,1225,20387495,20260520
97,1,16,random,97,430,20387495,20260520
98,1,16,random,98,365,20387495,20260520
99,1,16,random,99,1025,20387495,20260520
100,1,16,random,100,531,20387495,20260520
101,1,16,random,101,2319,20387495,20260520
102,1,16,random,102,602,20387495,20260520
103,1,16,random,103,2124,20387495,20260520
104,1,16,random,104,2383,20387495,20260520
105,1,16,random,105,2607,20387495,20260520
106,1,16,random,106,2928,20387495,20260520
107,1,16,random,107,2413,20387495,20260520
108,1,16,random,108,2846,20387495,20260520
109,1,16,random,109,686,20387495,20260520
110,1,16,random,110,661,20387495,20260520
111,1,16,random,111,627,20387495,20260520
112,1,16,random,112,2640,20387495,20260520
113,1,16,random,113,280,20387495,20260520
114,1,16,random,114,922,20387495,20260520
115,1,16,random,115,2972,20387495,20260520
116,1,16,random,116,227,20387495,20260520
117,1,16,random,117,2273,20387495,20260520
118,1,16,random,118,2968,20387495,20260520
119,1,16,random,119,1706,20387495,20260520
120,1,16,random,120,2832,20387495,20260520
121,1,16,random,121,2160,20387495,20260520
122,1,16,random,122,6,20387495,20260520
123,1,16,random,123,131,20387495,20260520
124,1,16,random,124,2170,20387495,20260520
125,1,16,random,125,2144,20387495,20260520
126,1,16,random,126,1644,20387495,20260520
127,1,16,random,127,2369,20387495,20260520
128,1,16,random,128,102,20387495,20260520
129,1,16,random,129,2571,20387495,20260520
130,1,16,random,130,11,20387495,20260520
131,1,16,random,131,929,20387495,20260520
132,1,16,random,132,2136,20387495,20260520
133,1,16,random,133,2617,20387495,20260520
134,1,16,random,134,2790,20387495,20260520
135,1,16,random,135,1148,20387495,20260520
136,1,16,random,136,1165,20387495,20260520
137,1,16,random,137,837,20387495,20260520
138,1,16,random,138,552,20387495,20260520
139,1,16,random,139,959,20387495,20260520
140,1,16,random,140,1842,20387495,20260520
141,1,16,random,141,1828,20387495,20260520
142,1,16,random,142,569,20387495,20260520
143,1,16,random,143,1730,20387495,20260520
144,1,16,random,144,2142,20387495,20260520
145,1,16,random,145,778,20387495,20260520
146,1,16,random,146,769,20387495,20260520
147,1,16,random,147,950,20387495,20260520
148,1,16,random,148,2036,20387495,20260520
149,1,16,random,149,1632,20387495,20260520
150,1,16,random,150,2467,20387495,20260520
151,1,16,random,151,2330,20387495,20260520
152,1,16,random,152,1181,20387495,20260520
153,1,16,random,153,1925,20387495,20260520
154,1,16,random,154,111,20387495,20260520
155,1,16,random,155,1988,20387495,20260520
156,1,16,random,156,1943,20387495,20260520
157,1,16,random,157,2319,20387495,20260520
158,1,16,random,158,456,20387495,20260520
159,1,16,random,159,361,20387495,20260520
160,1,16,random,160,1445,20387495,20260520
161,1,16,random,161,2034,20387495,20260520
162,1,16,random,162,2344,20387495,20260520
163,1,16,random,163,1945,20387495,20260520
164,1,16,random,164,724,20387495,20260520
165,1,16,random,165,5,20387495,20260520
166,1,16,random,166,945,20387495,20260520
167,1,16,random,167,2764,20387495,20260520
168,1,16,random,168,2262,20387495,20260520
169,1,16,random,169,1328,20387495,20260520
170,1,16,random,170,2885,20387495,20260520
171,1,16,random,171,1802,20387495,20260520
172,1,16,random,172,546,20387495,20260520
173,1,16,random,173,61,20387495,20260520
174,1,16,random,174,2196,20387495,20260520
175,1,16,random,175,832,20387495,20260520
176,1,16,random,176,1039,20387495,20260520
177,1,16,random,177,1757,20387495,20260520
178,1,16,random,178,2351,20387495,20260520
179,1,16,random,179,384,20387495,20260520
180,1,16,random,180,2221,20387495,20260520
181,1,16,random,181,116,20387495,20260520
182,1,16,random,182,730,20387495,20260520
183,1,16,random,183,1650,20387495,20260520
184,1,16,random,184,2777,20387495,20260520
185,1,16,random,185,2975,20387495,20260520
186,1,16,random,186,503,20387495,20260520
187,1,16,random,187,1133,20387495,20260520
188,1,16,random,188,879,20387495,20260520
189,1,16,random,189,976,20387495,20260520
190,1,16,random,190,2655,20387495,20260520
191,1,16,random,191,2081,20387495,20260520
192,1,16,random,192,1626,20387495,20260520
193,1,16,random,193,947,20387495,20260520
194,1,16,random,194,2422,20387495,20260520
195,1,16,random,195,330,20387495,20260520
196,1,16,random,196,2716,20387495,20260520
197,1,16,random,197,662,20387495,20260520
198,1,16,random,198,2616,20387495,20260520
199,1,16,random,199,2790,20387495,20260520
200,1,16,HC_HI,0,1765,20387495,20260520
201,1,16,HC_HI,1,1357,20387495,20260520
202,1,16,HC_HI,2,2259,20387495,20260520
203,1,16,HC_HI,3,1947,20387495,20260520
204,1,16,HC_HI,4,703,20387495,20260520
205,1,16,HC_HI,5,893,20387495,20260520
206,1,16,HC_HI,6,1379,20387495,20260520
207,1,16,HC_HI,7,2168,20387495,20260520
208,1,16,HC_HI,8,2704,20387495,20260520
209,1,16,HC_HI,9,231,20387495,20260520
210,1,16,HC_HI,10,796,20387495,20260520
211,1,16,HC_HI,11,631,20387495,20260520
212,1,16,HC_HI,12,2416,20387495,20260520
213,1,16,HC_HI,13,1702,20387495,20260520
214,1,16,HC_HI,14,910,20387495,20260520
215,1,16,HC_HI,15,73,20387495,20260520
216,1,16,HC_HI,16,1379,20387495,20260520
217,1,16,HC_HI,17,1722,20387495,20260520
218,1,16,HC_HI,18,1171,20387495,20260520
219,1,16,HC_HI,19,463,20387495,20260520
220,1,16,HC_HI,20,29,20387495,20260520
221,1,16,HC_HI,21,252,20387495,20260520
222,1,16,HC_HI,22,1015,20387495,20260520
223,1,16,HC_HI,23,2335,20387495,20260520
224,1,16,HC_HI,24,523,20387495,20260520
225,1,16,HC_HI,25,252,20387495,20260520
226,1,16,HC_HI,26,1605,20387495,20260520
227,1,16,HC_HI,27,1486,20387495,20260520
228,1,16,HC_HI,28,415,20387495,20260520
229,1,16,HC_HI,29,1269,20387495,20260520
230,1,16,HC_HI,30,64,20387495,20260520
231,1,16,HC_HI,31,2087,20387495,20260520
232,1,16,HC_HI,32,31,20387495,20260520
233,1,16,HC_HI,33,2791,20387495,20260520
234,1,16,HC_HI,34,363,20387495,20260520
235,1,16,HC_HI,35,2341,20387495,20260520
236,1,16,HC_HI,36,298,20387495,20260520
237,1,16,HC_HI,37,2218,20387495,20260520
238,1,16,HC_HI,38,1702,20387495,20260520
239,1,16,HC_HI,39,2748,20387495,20260520
240,1,16,HC_HI,40,1000,20387495,20260520
241,1,16,HC_HI,41,1445,20387495,20260520
242,1,16,HC_HI,42,2341,20387495,20260520
243,1,16,HC_HI,43,2235,20387495,20260520
244,1,16,HC_HI,44,2749,20387495,20260520
245,1,16,HC_HI,45,1635,20387495,20260520
246,1,16,HC_HI,46,2762,20387495,20260520
247,1,16,HC_HI,47,1630,20387495,20260520
248,1,16,HC_HI,48,2416,20387495,20260520
249,1,16,HC_HI,49,2186,20387495,20260520
250,1,16,HC_HI,50,64,20387495,20260520
251,1,16,HC_HI,51,2092,20387495,20260520
252,1,16,HC_HI,52,368,20387495,20260520
253,1,16,HC_HI,53,1186,20387495,20260520
254,1,16,HC_HI,54,2225,20387495,20260520
255,1,16,HC_HI,55,1456,20387495,20260520
256,1,16,HC_HI,56,2214,20387495,20260520
257,1,16,HC_HI,57,1989,20387495,20260520
258,1,16,HC_HI,58,631,20387495,20260520
259,1,16,HC_HI,59,626,20387495,20260520
260,1,16,HC_HI,60,1223,20387495,20260520
261,1,16,HC_HI,61,935,20387495,20260520
262,1,16,HC_HI,62,1581,20387495,20260520
263,1,16,HC_HI,63,1269,20387495,20260520
264,1,16,HC_HI,64,935,20387495,20260520
265,1,16,HC_HI,65,2977,20387495,20260520
266,1,16,HC_HI,66,202,20387495,20260520
267,1,16,HC_HI,67,252,20387495,20260520
268,1,16,HC_HI,68,1901,20387495,20260520
269,1,16,HC_HI,69,104,20387495,20260520
270,1,16,HC_HI,70,291,20387495,20260520
271,1,16,HC_HI,71,1223,20387495,20260520
272,1,16,HC_HI,72,1630,20387495,20260520
273,1,16,HC_HI,73,31,20387495,20260520
274,1,16,HC_HI,74,1134,20387495,20260520
275,1,16,HC_HI,75,1173,20387495,20260520
276,1,16,HC_HI,76,1635,20387495,20260520
277,1,16,HC_HI,77,1758,20387495,20260520
278,1,16,HC_HI,78,1810,20387495,20260520
279,1,16,HC_HI,79,2850,20387495,20260520
280,1,16,HC_HI,80,489,20387495,20260520
281,1,16,HC_HI,81,2018,20387495,20260520
282,1,16,HC_HI,82,893,20387495,20260520
283,1,16,HC_HI,83,1860,20387495,20260520
284,1,16,HC_HI,84,1860,20387495,20260520
285,1,16,HC_HI,85,1947,20387495,20260520
286,1,16,HC_HI,86,472,20387495,20260520
287,1,16,HC_HI,87,910,20387495,20260520
288,1,16,HC_HI,88,2087,20387495,20260520
289,1,16,HC_HI,89,1722,20387495,20260520
290,1,16,HC_HI,90,1019,20387495,20260520
291,1,16,HC_HI,91,1206,20387495,20260520
292,1,16,HC_HI,92,458,20387495,20260520
293,1,16,HC_HI,93,1794,20387495,20260520
294,1,16,HC_HI,94,2079,20387495,20260520
295,1,16,HC_HI,95,1860,20387495,20260520
296,1,16,HC_HI,96,2402,20387495,20260520
297,1,16,HC_HI,97,1206,20387495,20260520
298,1,16,HC_HI,98,2977,20387495,20260520
299,1,16,HC_HI,99,104,20387495,20260520
300,1,16,HC_HI,100,2114,20387495,20260520
301,1,16,HC_HI,101,324,20387495,20260520
302,1,16,HC_HI,102,2822,20387495,20260520
303,1,16,HC_HI,103,2924,20387495,20260520
304,1,16,HC_HI,104,887,20387495,20260520
305,1,16,HC_HI,105,1398,20387495,20260520
306,1,16,HC_HI,106,930,20387495,20260520
307,1,16,HC_HI,107,2018,20387495,20260520
308,1,16,HC_HI,108,2018,20387495,20260520
309,1,16,HC_HI,109,1504,20387495,20260520
310,1,16,HC_HI,110,2124,20387495,20260520
311,1,16,HC_HI,111,1173,20387495,20260520
312,1,16,HC_HI,112,240,20387495,20260520
313,1,16,HC_HI,113,252,20387495,20260520
314,1,16,HC_HI,114,1134,20387495,20260520
315,1,16,HC_HI,115,604,20387495,20260520
316,1,16,HC_HI,116,1206,20387495,20260520
317,1,16,HC_HI,117,416,20387495,20260520
318,1,16,HC_HI,118,1366,20387495,20260520
319,1,16,HC_HI,119,2704,20387495,20260520
320,1,16,HC_HI,120,73,20387495,20260520
321,1,16,HC_HI,121,374,20387495,20260520
322,1,16,HC_HI,122,201,20387495,20260520
323,1,16,HC_HI,123,2114,20387495,20260520
324,1,16,HC_HI,124,104,20387495,20260520
325,1,16,HC_HI,125,2303,20387495,20260520
326,1,16,HC_HI,126,1223,20387495,20260520
327,1,16,HC_HI,127,228,20387495,20260520
328,1,16,HC_HI,128,2049,20387495,20260520
329,1,16,HC_HI,129,1172,20387495,20260520
330,1,16,HC_HI,130,1780,20387495,20260520
331,1,16,HC_HI,131,2087,20387495,20260520
332,1,16,HC_HI,132,2402,20387495,20260520
333,1,16,HC_HI,133,1605,20387495,20260520
334,1,16,HC_HI,134,857,20387495,20260520
335,1,16,HC_HI,135,2186,20387495,20260520
336,1,16,HC_HI,136,2704,20387495,20260520
337,1,16,HC_HI,137,1225,20387495,20260520
338,1,16,HC_HI,138,1134,20387495,20260520
339,1,16,HC_HI,139,2239,20387495,20260520
340,1,16,HC_HI,140,268,20387495,20260520
341,1,16,HC_HI,141,416,20387495,20260520
342,1,16,HC_HI,142,833,20387495,20260520
343,1,16,HC_HI,143,2714,20387495,20260520
344,1,16,HC_HI,144,2748,20387495,20260520
345,1,16,HC_HI,145,370,20387495,20260520
346,1,16,HC_HI,146,604,20387495,20260520
347,1,16,HC_HI,147,489,20387495,20260520
348,1,16,HC_HI,148,342,20387495,20260520
349,1,16,HC_HI,149,1147,20387495,20260520
350,1,16,HC_HI,150,2087,20387495,20260520
351,1,16,HC_HI,151,324,20387495,20260520
352,1,16,HC_HI,152,268,20387495,20260520
353,1,16,HC_HI,153,2822,20387495,20260520
354,1,16,HC_HI,154,231,20387495,20260520
355,1,16,HC_HI,155,218,20387495,20260520
356,1,16,HC_HI,156,29,20387495,20260520
357,1,16,HC_HI,157,88,20387495,20260520
358,1,16,HC_HI,158,2402,20387495,20260520
359,1,16,HC_HI,159,604,20387495,20260520
360,1,16,HC_HI,160,1585,20387495,20260520
361,1,16,HC_HI,161,1630,20387495,20260520
362,1,16,HC_HI,162,321,20387495,20260520
363,1,16,HC_HI,163,496,20387495,20260520
364,1,16,HC_HI,164,228,20387495,20260520
365,1,16,HC_HI,165,240,20387495,20260520
366,1,16,HC_HI,166,730,20387495,20260520
367,1,16,HC_HI,167,1860,20387495,20260520
368,1,16,HC_HI,168,2591,20387495,20260520
369,1,16,HC_HI,169,1352,20387495,20260520
370,1,16,HC_HI,170,691,20387495,20260520
371,1,16,HC_HI,171,1780,20387495,20260520
372,1,16,HC_HI,172,930,20387495,20260520
373,1,16,HC_HI,173,1010,20387495,20260520
374,1,16,HC_HI,174,1919,20387495,20260520
375,1,16,HC_HI,175,1530,20387495,20260520
376,1,16,HC_HI,176,703,20387495,20260520
377,1,16,HC_HI,177,2335,20387495,20260520
378,1,16,HC_HI,178,268,20387495,20260520
379,1,16,HC_HI,179,342,20387495,20260520
380,1,16,HC_HI,180,2168,20387495,20260520
381,1,16,HC_HI,181,1794,20387495,20260520
382,1,16,HC_HI,182,1679,20387495,20260520
383,1,16,HC_HI,183,2225,20387495,20260520
384,1,16,HC_HI,184,887,20387495,20260520
385,1,16,HC_HI,185,2822,20387495,20260520
386,1,16,HC_HI,186,887,20387495,20260520
387,1,16,HC_HI,187,2240,20387495,20260520
388,1,16,HC_HI,188,1606,20387495,20260520
389,1,16,HC_HI,189,1649,20387495,20260520
390,1,16,HC_HI,190,1172,20387495,20260520
391,1,16,HC_HI,191,2347,20387495,20260520
392,1,16,HC_HI,192,1379,20387495,20260520
393,1,16,HC_HI,193,2791,20387495,20260520
394,1,16,HC_HI,194,1581,20387495,20260520
395,1,16,HC_HI,195,416,20387495,20260520
396,1,16,HC_HI,196,1630,20387495,20260520
397,1,16,HC_HI,197,2875,20387495,20260520
398,1,16,HC_HI,198,2239,20387495,20260520
399,1,16,HC_HI,199,2218,20387495,20260520
400,1,16,HC_LI,0,2384,20387495,20260520
401,1,16,HC_LI,1,558,20387495,20260520
402,1,16,HC_LI,2,2842,20387495,20260520
403,1,16,HC_LI,3,2974,20387495,20260520
404,1,16,HC_LI,4,1613,20387495,20260520
405,1,16,HC_LI,5,1350,20387495,20260520
406,1,16,HC_LI,6,148,20387495,20260520
407,1,16,HC_LI,7,1965,20387495,20260520
408,1,16,HC_LI,8,2698,20387495,20260520
409,1,16,HC_LI,9,1571,20387495,20260520
410,1,16,HC_LI,10,226,20387495,20260520
411,1,16,HC_LI,11,1567,20387495,20260520
412,1,16,HC_LI,12,1820,20387495,20260520
413,1,16,HC_LI,13,352,20387495,20260520
414,1,16,HC_LI,14,209,20387495,20260520
415,1,16,HC_LI,15,2676,20387495,20260520
416,1,16,HC_LI,16,337,20387495,20260520
417,1,16,HC_LI,17,821,20387495,20260520
418,1,16,HC_LI,18,1350,20387495,20260520
419,1,16,HC_LI,19,2442,20387495,20260520
420,1,16,HC_LI,20,2761,20387495,20260520
421,1,16,HC_LI,21,1539,20387495,20260520
422,1,16,HC_LI,22,1917,20387495,20260520
423,1,16,HC_LI,23,2504,20387495,20260520
424,1,16,HC_LI,24,1350,20387495,20260520
425,1,16,HC_LI,25,1571,20387495,20260520
426,1,16,HC_LI,26,209,20387495,20260520
427,1,16,HC_LI,27,484,20387495,20260520
428,1,16,HC_LI,28,2393,20387495,20260520
429,1,16,HC_LI,29,1567,20387495,20260520
430,1,16,HC_LI,30,2286,20387495,20260520
431,1,16,HC_LI,31,769,20387495,20260520
432,1,16,HC_LI,32,1246,20387495,20260520
433,1,16,HC_LI,33,943,20387495,20260520
434,1,16,HC_LI,34,77,20387495,20260520
435,1,16,HC_LI,35,2176,20387495,20260520
436,1,16,HC_LI,36,2750,20387495,20260520
437,1,16,HC_LI,37,2522,20387495,20260520
438,1,16,HC_LI,38,2012,20387495,20260520
439,1,16,HC_LI,39,1931,20387495,20260520
440,1,16,HC_LI,40,2777,20387495,20260520
441,1,16,HC_LI,41,2546,20387495,20260520
442,1,16,HC_LI,42,593,20387495,20260520
443,1,16,HC_LI,43,1246,20387495,20260520
444,1,16,HC_LI,44,226,20387495,20260520
445,1,16,HC_LI,45,578,20387495,20260520
446,1,16,HC_LI,46,800,20387495,20260520
447,1,16,HC_LI,47,593,20387495,20260520
448,1,16,HC_LI,48,2687,20387495,20260520
449,1,16,HC_LI,49,823,20387495,20260520
450,1,16,HC_LI,50,2346,20387495,20260520
451,1,16,HC_LI,51,1739,20387495,20260520
452,1,16,HC_LI,52,2712,20387495,20260520
453,1,16,HC_LI,53,1931,20387495,20260520
454,1,16,HC_LI,54,2,20387495,20260520
455,1,16,HC_LI,55,1343,20387495,20260520
456,1,16,HC_LI,56,1567,20387495,20260520
457,1,16,HC_LI,57,1256,20387495,20260520
458,1,16,HC_LI,58,704,20387495,20260520
459,1,16,HC_LI,59,2891,20387495,20260520
460,1,16,HC_LI,60,2287,20387495,20260520
461,1,16,HC_LI,61,621,20387495,20260520
462,1,16,HC_LI,62,1822,20387495,20260520
463,1,16,HC_LI,63,2287,20387495,20260520
464,1,16,HC_LI,64,1822,20387495,20260520
465,1,16,HC_LI,65,1965,20387495,20260520
466,1,16,HC_LI,66,2940,20387495,20260520
467,1,16,HC_LI,67,2833,20387495,20260520
468,1,16,HC_LI,68,2034,20387495,20260520
469,1,16,HC_LI,69,2504,20387495,20260520
470,1,16,HC_LI,70,978,20387495,20260520
471,1,16,HC_LI,71,1274,20387495,20260520
472,1,16,HC_LI,72,2787,20387495,20260520
473,1,16,HC_LI,73,80,20387495,20260520
474,1,16,HC_LI,74,1535,20387495,20260520
475,1,16,HC_LI,75,1907,20387495,20260520
476,1,16,HC_LI,76,2833,20387495,20260520
477,1,16,HC_LI,77,77,20387495,20260520
478,1,16,HC_LI,78,1852,20387495,20260520
479,1,16,HC_LI,79,1179,20387495,20260520
480,1,16,HC_LI,80,2396,20387495,20260520
481,1,16,HC_LI,81,753,20387495,20260520
482,1,16,HC_LI,82,1528,20387495,20260520
483,1,16,HC_LI,83,501,20387495,20260520
484,1,16,HC_LI,84,1401,20387495,20260520
485,1,16,HC_LI,85,2383,20387495,20260520
486,1,16,HC_LI,86,357,20387495,20260520
487,1,16,HC_LI,87,77,20387495,20260520
488,1,16,HC_LI,88,1636,20387495,20260520
489,1,16,HC_LI,89,614,20387495,20260520
490,1,16,HC_LI,90,500,20387495,20260520
491,1,16,HC_LI,91,2891,20387495,20260520
492,1,16,HC_LI,92,500,20387495,20260520
493,1,16,HC_LI,93,2985,20387495,20260520
494,1,16,HC_LI,94,1876,20387495,20260520
495,1,16,HC_LI,95,2761,20387495,20260520
496,1,16,HC_LI,96,2068,20387495,20260520
497,1,16,HC_LI,97,2489,20387495,20260520
498,1,16,HC_LI,98,2466,20387495,20260520
499,1,16,HC_LI,99,1298,20387495,20260520
500,1,16,HC_LI,100,2184,20387495,20260520
501,1,16,HC_LI,101,614,20387495,20260520
502,1,16,HC_LI,102,1422,20387495,20260520
503,1,16,HC_LI,103,987,20387495,20260520
504,1,16,HC_LI,104,2985,20387495,20260520
505,1,16,HC_LI,105,578,20387495,20260520
506,1,16,HC_LI,106,2207,20387495,20260520
507,1,16,HC_LI,107,2129,20387495,20260520
508,1,16,HC_LI,108,2788,20387495,20260520
509,1,16,HC_LI,109,1298,20387495,20260520
510,1,16,HC_LI,110,788,20387495,20260520
511,1,16,HC_LI,111,480,20387495,20260520
512,1,16,HC_LI,112,2900,20387495,20260520
513,1,16,HC_LI,113,1188,20387495,20260520
514,1,16,HC_LI,114,558,20387495,20260520
515,1,16,HC_LI,115,593,20387495,20260520
516,1,16,HC_LI,116,844,20387495,20260520
517,1,16,HC_LI,117,844,20387495,20260520
518,1,16,HC_LI,118,2286,20387495,20260520
519,1,16,HC_LI,119,2068,20387495,20260520
520,1,16,HC_LI,120,2182,20387495,20260520
521,1,16,HC_LI,121,219,20387495,20260520
522,1,16,HC_LI,122,2676,20387495,20260520
523,1,16,HC_LI,123,2687,20387495,20260520
524,1,16,HC_LI,124,2473,20387495,20260520
525,1,16,HC_LI,125,2777,20387495,20260520
526,1,16,HC_LI,126,2176,20387495,20260520
527,1,16,HC_LI,127,1636,20387495,20260520
528,1,16,HC_LI,128,1350,20387495,20260520
529,1,16,HC_LI,129,464,20387495,20260520
530,1,16,HC_LI,130,2940,20387495,20260520
531,1,16,HC_LI,131,354,20387495,20260520
532,1,16,HC_LI,132,1203,20387495,20260520
533,1,16,HC_LI,133,708,20387495,20260520
534,1,16,HC_LI,134,1974,20387495,20260520
535,1,16,HC_LI,135,2207,20387495,20260520
536,1,16,HC_LI,136,943,20387495,20260520
537,1,16,HC_LI,137,829,20387495,20260520
538,1,16,HC_LI,138,896,20387495,20260520
539,1,16,HC_LI,139,2787,20387495,20260520
540,1,16,HC_LI,140,986,20387495,20260520
541,1,16,HC_LI,141,933,20387495,20260520
542,1,16,HC_LI,142,1933,20387495,20260520
543,1,16,HC_LI,143,94,20387495,20260520
544,1,16,HC_LI,144,788,20387495,20260520
545,1,16,HC_LI,145,2482,20387495,20260520
546,1,16,HC_LI,146,1528,20387495,20260520
547,1,16,HC_LI,147,844,20387495,20260520
548,1,16,HC_LI,148,2482,20387495,20260520
549,1,16,HC_LI,149,815,20387495,20260520
550,1,16,HC_LI,150,1422,20387495,20260520
551,1,16,HC_LI,151,558,20387495,20260520
552,1,16,HC_LI,152,1488,20387495,20260520
553,1,16,HC_LI,153,1226,20387495,20260520
554,1,16,HC_LI,154,2346,20387495,20260520
555,1,16,HC_LI,155,2640,20387495,20260520
556,1,16,HC_LI,156,2654,20387495,20260520
557,1,16,HC_LI,157,1877,20387495,20260520
558,1,16,HC_LI,158,978,20387495,20260520
559,1,16,HC_LI,159,708,20387495,20260520
560,1,16,HC_LI,160,815,20387495,20260520
561,1,16,HC_LI,161,2430,20387495,20260520
562,1,16,HC_LI,162,1405,20387495,20260520
563,1,16,HC_LI,163,2413,20387495,20260520
564,1,16,HC_LI,164,2346,20387495,20260520
565,1,16,HC_LI,165,1917,20387495,20260520
566,1,16,HC_LI,166,2588,20387495,20260520
567,1,16,HC_LI,167,1992,20387495,20260520
568,1,16,HC_LI,168,1023,20387495,20260520
569,1,16,HC_LI,169,1933,20387495,20260520
570,1,16,HC_LI,170,1203,20387495,20260520
571,1,16,HC_LI,171,464,20387495,20260520
572,1,16,HC_LI,172,2030,20387495,20260520
573,1,16,HC_LI,173,537,20387495,20260520
574,1,16,HC_LI,174,2182,20387495,20260520
575,1,16,HC_LI,175,2842,20387495,20260520
576,1,16,HC_LI,176,2155,20387495,20260520
577,1,16,HC_LI,177,2413,20387495,20260520
578,1,16,HC_LI,178,1079,20387495,20260520
579,1,16,HC_LI,179,1256,20387495,20260520
580,1,16,HC_LI,180,2502,20387495,20260520
581,1,16,HC_LI,181,769,20387495,20260520
582,1,16,HC_LI,182,933,20387495,20260520
583,1,16,HC_LI,183,1362,20387495,20260520
584,1,16,HC_LI,184,1118,20387495,20260520
585,1,16,HC_LI,185,522,20387495,20260520
586,1,16,HC_LI,186,2654,20387495,20260520
587,1,16,HC_LI,187,1383,20387495,20260520
588,1,16,HC_LI,188,1648,20387495,20260520
589,1,16,HC_LI,189,612,20387495,20260520
590,1,16,HC_LI,190,500,20387495,20260520
591,1,16,HC_LI,191,2074,20387495,20260520
592,1,16,HC_LI,192,209,20387495,20260520
593,1,16,HC_LI,193,1328,20387495,20260520
594,1,16,HC_LI,194,2012,20387495,20260520
595,1,16,HC_LI,195,2908,20387495,20260520
596,1,16,HC_LI,196,2625,20387495,20260520
597,1,16,HC_LI,197,2761,20387495,20260520
598,1,16,HC_LI,198,2413,20387495,20260520
599,1,16,HC_LI,199,148,20387495,20260520
600,1,16,LC_HI,0,1733,20387495,20260520
601,1,16,LC_HI,1,2508,20387495,20260520
602,1,16,LC_HI,2,1800,20387495,20260520
603,1,16,LC_HI,3,138,20387495,20260520
604,1,16,LC_HI,4,674,20387495,20260520
605,1,16,LC_HI,5,2717,20387495,20260520
606,1,16,LC_HI,6,1009,20387495,20260520
607,1,16,LC_HI,7,1254,20387495,20260520
608,1,16,LC_HI,8,2783,20387495,20260520
609,1,16,LC_HI,9,12,20387495,20260520
610,1,16,LC_HI,10,1960,20387495,20260520
611,1,16,LC_HI,11,1545,20387495,20260520
612,1,16,LC_HI,12,1923,20387495,20260520
613,1,16,LC_HI,13,2379,20387495,20260520
614,1,16,LC_HI,14,49,20387495,20260520
615,1,16,LC_HI,15,186,20387495,20260520
616,1,16,LC_HI,16,1562,20387495,20260520
617,1,16,LC_HI,17,1465,20387495,20260520
618,1,16,LC_HI,18,1510,20387495,20260520
619,1,16,LC_HI,19,1462,20387495,20260520
620,1,16,LC_HI,20,32,20387495,20260520
621,1,16,LC_HI,21,499,20387495,20260520
622,1,16,LC_HI,22,2367,20387495,20260520
623,1,16,LC_HI,23,2099,20387495,20260520
624,1,16,LC_HI,24,1316,20387495,20260520
625,1,16,LC_HI,25,413,20387495,20260520
626,1,16,LC_HI,26,2811,20387495,20260520
627,1,16,LC_HI,27,2091,20387495,20260520
628,1,16,LC_HI,28,836,20387495,20260520
629,1,16,LC_HI,29,1316,20387495,20260520
630,1,16,LC_HI,30,885,20387495,20260520
631,1,16,LC_HI,31,1084,20387495,20260520
632,1,16,LC_HI,32,503,20387495,20260520
633,1,16,LC_HI,33,2128,20387495,20260520
634,1,16,LC_HI,34,2605,20387495,20260520
635,1,16,LC_HI,35,377,20387495,20260520
636,1,16,LC_HI,36,551,20387495,20260520
637,1,16,LC_HI,37,238,20387495,20260520
638,1,16,LC_HI,38,1711,20387495,20260520
639,1,16,LC_HI,39,435,20387495,20260520
640,1,16,LC_HI,40,348,20387495,20260520
641,1,16,LC_HI,41,2367,20387495,20260520
642,1,16,LC_HI,42,550,20387495,20260520
643,1,16,LC_HI,43,1711,20387495,20260520
644,1,16,LC_HI,44,1101,20387495,20260520
645,1,16,LC_HI,45,967,20387495,20260520
646,1,16,LC_HI,46,2538,20387495,20260520
647,1,16,LC_HI,47,1960,20387495,20260520
648,1,16,LC_HI,48,1545,20387495,20260520
649,1,16,LC_HI,49,1041,20387495,20260520
650,1,16,LC_HI,50,1682,20387495,20260520
651,1,16,LC_HI,51,1050,20387495,20260520
652,1,16,LC_HI,52,431,20387495,20260520
653,1,16,LC_HI,53,736,20387495,20260520
654,1,16,LC_HI,54,775,20387495,20260520
655,1,16,LC_HI,55,2323,20387495,20260520
656,1,16,LC_HI,56,1686,20387495,20260520
657,1,16,LC_HI,57,413,20387495,20260520
658,1,16,LC_HI,58,1248,20387495,20260520
659,1,16,LC_HI,59,865,20387495,20260520
660,1,16,LC_HI,60,1370,20387495,20260520
661,1,16,LC_HI,61,71,20387495,20260520
662,1,16,LC_HI,62,2717,20387495,20260520
663,1,16,LC_HI,63,998,20387495,20260520
664,1,16,LC_HI,64,1123,20387495,20260520
665,1,16,LC_HI,65,836,20387495,20260520
666,1,16,LC_HI,66,161,20387495,20260520
667,1,16,LC_HI,67,998,20387495,20260520
668,1,16,LC_HI,68,1316,20387495,20260520
669,1,16,LC_HI,69,1922,20387495,20260520
670,1,16,LC_HI,70,1517,20387495,20260520
671,1,16,LC_HI,71,953,20387495,20260520
672,1,16,LC_HI,72,2902,20387495,20260520
673,1,16,LC_HI,73,1021,20387495,20260520
674,1,16,LC_HI,74,2249,20387495,20260520
675,1,16,LC_HI,75,1370,20387495,20260520
676,1,16,LC_HI,76,1511,20387495,20260520
677,1,16,LC_HI,77,1049,20387495,20260520
678,1,16,LC_HI,78,1163,20387495,20260520
679,1,16,LC_HI,79,647,20387495,20260520
680,1,16,LC_HI,80,139,20387495,20260520
681,1,16,LC_HI,81,1875,20387495,20260520
682,1,16,LC_HI,82,1517,20387495,20260520
683,1,16,LC_HI,83,843,20387495,20260520
684,1,16,LC_HI,84,2538,20387495,20260520
685,1,16,LC_HI,85,1297,20387495,20260520
686,1,16,LC_HI,86,487,20387495,20260520
687,1,16,LC_HI,87,998,20387495,20260520
688,1,16,LC_HI,88,2409,20387495,20260520
689,1,16,LC_HI,89,2128,20387495,20260520
690,1,16,LC_HI,90,2249,20387495,20260520
691,1,16,LC_HI,91,1212,20387495,20260520
692,1,16,LC_HI,92,2602,20387495,20260520
693,1,16,LC_HI,93,2699,20387495,20260520
694,1,16,LC_HI,94,2177,20387495,20260520
695,1,16,LC_HI,95,2681,20387495,20260520
696,1,16,LC_HI,96,1510,20387495,20260520
697,1,16,LC_HI,97,1562,20387495,20260520
698,1,16,LC_HI,98,1973,20387495,20260520
699,1,16,LC_HI,99,919,20387495,20260520
700,1,16,LC_HI,100,757,20387495,20260520
701,1,16,LC_HI,101,2400,20387495,20260520
702,1,16,LC_HI,102,629,20387495,20260520
703,1,16,LC_HI,103,775,20387495,20260520
704,1,16,LC_HI,104,1009,20387495,20260520
705,1,16,LC_HI,105,2615,20387495,20260520
706,1,16,LC_HI,106,474,20387495,20260520
707,1,16,LC_HI,107,404,20387495,20260520
708,1,16,LC_HI,108,331,20387495,20260520
709,1,16,LC_HI,109,2249,20387495,20260520
710,1,16,LC_HI,110,280,20387495,20260520
711,1,16,LC_HI,111,2838,20387495,20260520
712,1,16,LC_HI,112,359,20387495,20260520
713,1,16,LC_HI,113,2605,20387495,20260520
714,1,16,LC_HI,114,1474,20387495,20260520
715,1,16,LC_HI,115,793,20387495,20260520
716,1,16,LC_HI,116,2351,20387495,20260520
717,1,16,LC_HI,117,624,20387495,20260520
718,1,16,LC_HI,118,953,20387495,20260520
719,1,16,LC_HI,119,241,20387495,20260520
720,1,16,LC_HI,120,686,20387495,20260520
721,1,16,LC_HI,121,515,20387495,20260520
722,1,16,LC_HI,122,1923,20387495,20260520
723,1,16,LC_HI,123,1562,20387495,20260520
724,1,16,LC_HI,124,1682,20387495,20260520
725,1,16,LC_HI,125,872,20387495,20260520
726,1,16,LC_HI,126,1823,20387495,20260520
727,1,16,LC_HI,127,140,20387495,20260520
728,1,16,LC_HI,128,1904,20387495,20260520
729,1,16,LC_HI,129,1875,20387495,20260520
730,1,16,LC_HI,130,2838,20387495,20260520
731,1,16,LC_HI,131,359,20387495,20260520
732,1,16,LC_HI,132,1663,20387495,20260520
733,1,16,LC_HI,133,2073,20387495,20260520
734,1,16,LC_HI,134,1267,20387495,20260520
735,1,16,LC_HI,135,792,20387495,20260520
736,1,16,LC_HI,136,520,20387495,20260520
737,1,16,LC_HI,137,1475,20387495,20260520
738,1,16,LC_HI,138,1674,20387495,20260520
739,1,16,LC_HI,139,674,20387495,20260520
740,1,16,LC_HI,140,757,20387495,20260520
741,1,16,LC_HI,141,2031,20387495,20260520
742,1,16,LC_HI,142,2812,20387495,20260520
743,1,16,LC_HI,143,913,20387495,20260520
744,1,16,LC_HI,144,2699,20387495,20260520
745,1,16,LC_HI,145,2570,20387495,20260520
746,1,16,LC_HI,146,369,20387495,20260520
747,1,16,LC_HI,147,2555,20387495,20260520
748,1,16,LC_HI,148,2103,20387495,20260520
749,1,16,LC_HI,149,2888,20387495,20260520
750,1,16,LC_HI,150,436,20387495,20260520
751,1,16,LC_HI,151,2620,20387495,20260520
752,1,16,LC_HI,152,49,20387495,20260520
753,1,16,LC_HI,153,1009,20387495,20260520
754,1,16,LC_HI,154,1609,20387495,20260520
755,1,16,LC_HI,155,1489,20387495,20260520
756,1,16,LC_HI,156,653,20387495,20260520
757,1,16,LC_HI,157,435,20387495,20260520
758,1,16,LC_HI,158,462,20387495,20260520
759,1,16,LC_HI,159,1444,20387495,20260520
760,1,16,LC_HI,160,1627,20387495,20260520
761,1,16,LC_HI,161,404,20387495,20260520
762,1,16,LC_HI,162,1406,20387495,20260520
763,1,16,LC_HI,163,2929,20387495,20260520
764,1,16,LC_HI,164,757,20387495,20260520
765,1,16,LC_HI,165,1686,20387495,20260520
766,1,16,LC_HI,166,859,20387495,20260520
767,1,16,LC_HI,167,953,20387495,20260520
768,1,16,LC_HI,168,2153,20387495,20260520
769,1,16,LC_HI,169,2783,20387495,20260520
770,1,16,LC_HI,170,1895,20387495,20260520
771,1,16,LC_HI,171,793,20387495,20260520
772,1,16,LC_HI,172,1141,20387495,20260520
773,1,16,LC_HI,173,1475,20387495,20260520
774,1,16,LC_HI,174,2699,20387495,20260520
775,1,16,LC_HI,175,1009,20387495,20260520
776,1,16,LC_HI,176,793,20387495,20260520
777,1,16,LC_HI,177,1049,20387495,20260520
778,1,16,LC_HI,178,1589,20387495,20260520
779,1,16,LC_HI,179,2909,20387495,20260520
780,1,16,LC_HI,180,164,20387495,20260520
781,1,16,LC_HI,181,859,20387495,20260520
782,1,16,LC_HI,182,2118,20387495,20260520
783,1,16,LC_HI,183,1875,20387495,20260520
784,1,16,LC_HI,184,1517,20387495,20260520
785,1,16,LC_HI,185,1040,20387495,20260520
786,1,16,LC_HI,186,1767,20387495,20260520
787,1,16,LC_HI,187,1212,20387495,20260520
788,1,16,LC_HI,188,2602,20387495,20260520
789,1,16,LC_HI,189,2327,20387495,20260520
790,1,16,LC_HI,190,1081,20387495,20260520
791,1,16,LC_HI,191,1315,20387495,20260520
792,1,16,LC_HI,192,32,20387495,20260520
793,1,16,LC_HI,193,2723,20387495,20260520
794,1,16,LC_HI,194,474,20387495,20260520
795,1,16,LC_HI,195,2605,20387495,20260520
796,1,16,LC_HI,196,1465,20387495,20260520
797,1,16,LC_HI,197,462,20387495,20260520
798,1,16,LC_HI,198,208,20387495,20260520
799,1,16,LC_HI,199,1297,20387495,20260520
800,1,16,LC_LI,0,20,20387495,20260520
801,1,16,LC_LI,1,1503,20387495,20260520
802,1,16,LC_LI,2,2734,20387495,20260520
803,1,16,LC_LI,3,144,20387495,20260520
804,1,16,LC_LI,4,20,20387495,20260520
805,1,16,LC_LI,5,711,20387495,20260520
806,1,16,LC_LI,6,2033,20387495,20260520
807,1,16,LC_LI,7,1066,20387495,20260520
808,1,16,LC_LI,8,1403,20387495,20260520
809,1,16,LC_LI,9,1033,20387495,20260520
810,1,16,LC_LI,10,1252,20387495,20260520
811,1,16,LC_LI,11,2006,20387495,20260520
812,1,16,LC_LI,12,215,20387495,20260520
813,1,16,LC_LI,13,215,20387495,20260520
814,1,16,LC_LI,14,965,20387495,20260520
815,1,16,LC_LI,15,733,20387495,20260520
816,1,16,LC_LI,16,2675,20387495,20260520
817,1,16,LC_LI,17,1967,20387495,20260520
818,1,16,LC_LI,18,970,20387495,20260520
819,1,16,LC_LI,19,2041,20387495,20260520
820,1,16,LC_LI,20,1157,20387495,20260520
821,1,16,LC_LI,21,1177,20387495,20260520
822,1,16,LC_LI,22,577,20387495,20260520
823,1,16,LC_LI,23,2014,20387495,20260520
824,1,16,LC_LI,24,1275,20387495,20260520
825,1,16,LC_LI,25,1773,20387495,20260520
826,1,16,LC_LI,26,299,20387495,20260520
827,1,16,LC_LI,27,2428,20387495,20260520
828,1,16,LC_LI,28,615,20387495,20260520
829,1,16,LC_LI,29,1374,20387495,20260520
830,1,16,LC_LI,30,1764,20387495,20260520
831,1,16,LC_LI,31,1029,20387495,20260520
832,1,16,LC_LI,32,1503,20387495,20260520
833,1,16,LC_LI,33,2802,20387495,20260520
834,1,16,LC_LI,34,1157,20387495,20260520
835,1,16,LC_LI,35,10,20387495,20260520
836,1,16,LC_LI,36,1789,20387495,20260520
837,1,16,LC_LI,37,2048,20387495,20260520
838,1,16,LC_LI,38,528,20387495,20260520
839,1,16,LC_LI,39,528,20387495,20260520
840,1,16,LC_LI,40,904,20387495,20260520
841,1,16,LC_LI,41,2010,20387495,20260520
842,1,16,LC_LI,42,777,20387495,20260520
843,1,16,LC_LI,43,1237,20387495,20260520
844,1,16,LC_LI,44,2527,20387495,20260520
845,1,16,LC_LI,45,646,20387495,20260520
846,1,16,LC_LI,46,904,20387495,20260520
847,1,16,LC_LI,47,66,20387495,20260520
848,1,16,LC_LI,48,639,20387495,20260520
849,1,16,LC_LI,49,475,20387495,20260520
850,1,16,LC_LI,50,639,20387495,20260520
851,1,16,LC_LI,51,2868,20387495,20260520
852,1,16,LC_LI,52,1991,20387495,20260520
853,1,16,LC_LI,53,389,20387495,20260520
854,1,16,LC_LI,54,1979,20387495,20260520
855,1,16,LC_LI,55,287,20387495,20260520
856,1,16,LC_LI,56,2593,20387495,20260520
857,1,16,LC_LI,57,1157,20387495,20260520
858,1,16,LC_LI,58,639,20387495,20260520
859,1,16,LC_LI,59,2854,20387495,20260520
860,1,16,LC_LI,60,1062,20387495,20260520
861,1,16,LC_LI,61,1243,20387495,20260520
862,1,16,LC_LI,62,1066,20387495,20260520
863,1,16,LC_LI,63,577,20387495,20260520
864,1,16,LC_LI,64,1619,20387495,20260520
865,1,16,LC_LI,65,403,20387495,20260520
866,1,16,LC_LI,66,2314,20387495,20260520
867,1,16,LC_LI,67,270,20387495,20260520
868,1,16,LC_LI,68,2236,20387495,20260520
869,1,16,LC_LI,69,2048,20387495,20260520
870,1,16,LC_LI,70,2045,20387495,20260520
871,1,16,LC_LI,71,1271,20387495,20260520
872,1,16,LC_LI,72,2956,20387495,20260520
873,1,16,LC_LI,73,2139,20387495,20260520
874,1,16,LC_LI,74,1579,20387495,20260520
875,1,16,LC_LI,75,2414,20387495,20260520
876,1,16,LC_LI,76,1982,20387495,20260520
877,1,16,LC_LI,77,1481,20387495,20260520
878,1,16,LC_LI,78,1675,20387495,20260520
879,1,16,LC_LI,79,1311,20387495,20260520
880,1,16,LC_LI,80,716,20387495,20260520
881,1,16,LC_LI,81,427,20387495,20260520
882,1,16,LC_LI,82,1243,20387495,20260520
883,1,16,LC_LI,83,66,20387495,20260520
884,1,16,LC_LI,84,151,20387495,20260520
885,1,16,LC_LI,85,1056,20387495,20260520
886,1,16,LC_LI,86,1275,20387495,20260520
887,1,16,LC_LI,87,2010,20387495,20260520
888,1,16,LC_LI,88,2397,20387495,20260520
889,1,16,LC_LI,89,1409,20387495,20260520
890,1,16,LC_LI,90,350,20387495,20260520
891,1,16,LC_LI,91,1355,20387495,20260520
892,1,16,LC_LI,92,1144,20387495,20260520
893,1,16,LC_LI,93,166,20387495,20260520
894,1,16,LC_LI,94,403,20387495,20260520
895,1,16,LC_LI,95,2314,20387495,20260520
896,1,16,LC_LI,96,779,20387495,20260520
897,1,16,LC_LI,97,2609,20387495,20260520
898,1,16,LC_LI,98,2397,20387495,20260520
899,1,16,LC_LI,99,711,20387495,20260520
900,1,16,LC_LI,100,711,20387495,20260520
901,1,16,LC_LI,101,2314,20387495,20260520
902,1,16,LC_LI,102,733,20387495,20260520
903,1,16,LC_LI,103,1275,20387495,20260520
904,1,16,LC_LI,104,528,20387495,20260520
905,1,16,LC_LI,105,571,20387495,20260520
906,1,16,LC_LI,106,193,20387495,20260520
907,1,16,LC_LI,107,1689,20387495,20260520
908,1,16,LC_LI,108,389,20387495,20260520
909,1,16,LC_LI,109,1623,20387495,20260520
910,1,16,LC_LI,110,1789,20387495,20260520
911,1,16,LC_LI,111,1481,20387495,20260520
912,1,16,LC_LI,112,340,20387495,20260520
913,1,16,LC_LI,113,1838,20387495,20260520
914,1,16,LC_LI,114,528,20387495,20260520
915,1,16,LC_LI,115,2414,20387495,20260520
916,1,16,LC_LI,116,828,20387495,20260520
917,1,16,LC_LI,117,20,20387495,20260520
918,1,16,LC_LI,118,543,20387495,20260520
919,1,16,LC_LI,119,1851,20387495,20260520
920,1,16,LC_LI,120,1046,20387495,20260520
921,1,16,LC_LI,121,952,20387495,20260520
922,1,16,LC_LI,122,1503,20387495,20260520
923,1,16,LC_LI,123,1195,20387495,20260520
924,1,16,LC_LI,124,2501,20387495,20260520
925,1,16,LC_LI,125,2770,20387495,20260520
926,1,16,LC_LI,126,267,20387495,20260520
927,1,16,LC_LI,127,540,20387495,20260520
928,1,16,LC_LI,128,267,20387495,20260520
929,1,16,LC_LI,129,2048,20387495,20260520
930,1,16,LC_LI,130,1443,20387495,20260520
931,1,16,LC_LI,131,403,20387495,20260520
932,1,16,LC_LI,132,2063,20387495,20260520
933,1,16,LC_LI,133,2734,20387495,20260520
934,1,16,LC_LI,134,262,20387495,20260520
935,1,16,LC_LI,135,1579,20387495,20260520
936,1,16,LC_LI,136,21,20387495,20260520
937,1,16,LC_LI,137,1851,20387495,20260520
938,1,16,LC_LI,138,1789,20387495,20260520
939,1,16,LC_LI,139,1100,20387495,20260520
940,1,16,LC_LI,140,1651,20387495,20260520
941,1,16,LC_LI,141,615,20387495,20260520
942,1,16,LC_LI,142,2236,20387495,20260520
943,1,16,LC_LI,143,895,20387495,20260520
944,1,16,LC_LI,144,1838,20387495,20260520
945,1,16,LC_LI,145,2609,20387495,20260520
946,1,16,LC_LI,146,970,20387495,20260520
947,1,16,LC_LI,147,1579,20387495,20260520
948,1,16,LC_LI,148,423,20387495,20260520
949,1,16,LC_LI,149,2544,20387495,20260520
950,1,16,LC_LI,150,66,20387495,20260520
951,1,16,LC_LI,151,427,20387495,20260520
952,1,16,LC_LI,152,299,20387495,20260520
953,1,16,LC_LI,153,2802,20387495,20260520
954,1,16,LC_LI,154,2609,20387495,20260520
955,1,16,LC_LI,155,552,20387495,20260520
956,1,16,LC_LI,156,2397,20387495,20260520
957,1,16,LC_LI,157,427,20387495,20260520
958,1,16,LC_LI,158,2093,20387495,20260520
959,1,16,LC_LI,159,2770,20387495,20260520
960,1,16,LC_LI,160,1391,20387495,20260520
961,1,16,LC_LI,161,1982,20387495,20260520
962,1,16,LC_LI,162,2743,20387495,20260520
963,1,16,LC_LI,163,895,20387495,20260520
964,1,16,LC_LI,164,2680,20387495,20260520
965,1,16,LC_LI,165,2524,20387495,20260520
966,1,16,LC_LI,166,828,20387495,20260520
967,1,16,LC_LI,167,2527,20387495,20260520
968,1,16,LC_LI,168,577,20387495,20260520
969,1,16,LC_LI,169,2729,20387495,20260520
970,1,16,LC_LI,170,1046,20387495,20260520
971,1,16,LC_LI,171,1851,20387495,20260520
972,1,16,LC_LI,172,112,20387495,20260520
973,1,16,LC_LI,173,2772,20387495,20260520
974,1,16,LC_LI,174,2056,20387495,20260520
975,1,16,LC_LI,175,2556,20387495,20260520
976,1,16,LC_LI,176,13,20387495,20260520
977,1,16,LC_LI,177,475,20387495,20260520
978,1,16,LC_LI,178,1252,20387495,20260520
979,1,16,LC_LI,179,267,20387495,20260520
980,1,16,LC_LI,180,10,20387495,20260520
981,1,16,LC_LI,181,193,20387495,20260520
982,1,16,LC_LI,182,262,20387495,20260520
983,1,16,LC_LI,183,2063,20387495,20260520
984,1,16,LC_LI,184,48,20387495,20260520
985,1,16,LC_LI,185,2479,20387495,20260520
986,1,16,LC_LI,186,1387,20387495,20260520
987,1,16,LC_LI,187,2948,20387495,20260520
988,1,16,LC_LI,188,816,20387495,20260520
989,1,16,LC_LI,189,1046,20387495,20260520
990,1,16,LC_LI,190,475,20387495,20260520
991,1,16,LC_LI,191,1979,20387495,20260520
992,1,16,LC_LI,192,1773,20387495,20260520
993,1,16,LC_LI,193,2414,20387495,20260520
994,1,16,LC_LI,194,1689,20387495,20260520
995,1,16,LC_LI,195,2077,20387495,20260520
996,1,16,LC_LI,196,2675,20387495,20260520
997,1,16,LC_LI,197,2734,20387495,20260520
998,1,16,LC_LI,198,1580,20387495,20260520
999,1,16,LC_LI,199,1689,20387495,20260520
1000,3,16,random,0,2174,20587501,20260522
1001,3,16,random,1,1396,20587501,20260522
1002,3,16,random,2,1765,20587501,20260522
1003,3,16,random,3,2318,20587501,20260522
1004,3,16,random,4,221,20587501,20260522
1005,3,16,random,5,2295,20587501,20260522
1006,3,16,random,6,789,20587501,20260522
1007,3,16,random,7,243,20587501,20260522
1008,3,16,random,8,35,20587501,20260522
1009,3,16,random,9,1968,20587501,20260522
1010,3,16,random,10,2149,20587501,20260522
1011,3,16,random,11,2488,20587501,20260522
1012,3,16,random,12,1205,20587501,20260522
1013,3,16,random,13,1128,20587501,20260522
1014,3,16,random,14,848,20587501,20260522
1015,3,16,random,15,1848,20587501,20260522
1016,3,16,random,16,1756,20587501,20260522
1017,3,16,random,17,916,20587501,20260522
1018,3,16,random,18,1483,20587501,20260522
1019,3,16,random,19,185,20587501,20260522
1020,3,16,random,20,1065,20587501,20260522
1021,3,16,random,21,2481,20587501,20260522
1022,3,16,random,22,8,20587501,20260522
1023,3,16,random,23,2652,20587501,20260522
1024,3,16,random,24,860,20587501,20260522
1025,3,16,random,25,776,20587501,20260522
1026,3,16,random,26,175,20587501,20260522
1027,3,16,random,27,2517,20587501,20260522
1028,3,16,random,28,238,20587501,20260522
1029,3,16,random,29,2237,20587501,20260522
1030,3,16,random,30,21,20587501,20260522
1031,3,16,random,31,529,20587501,20260522
1032,3,16,random,32,923,20587501,20260522
1033,3,16,random,33,1932,20587501,20260522
1034,3,16,random,34,1310,20587501,20260522
1035,3,16,random,35,2347,20587501,20260522
1036,3,16,random,36,291,20587501,20260522
1037,3,16,random,37,1740,20587501,20260522
1038,3,16,random,38,330,20587501,20260522
1039,3,16,random,39,319,20587501,20260522
1040,3,16,random,40,137,20587501,20260522
1041,3,16,random,41,1625,20587501,20260522
1042,3,16,random,42,1123,20587501,20260522
1043,3,16,random,43,634,20587501,20260522
1044,3,16,random,44,1386,20587501,20260522
1045,3,16,random,45,1330,20587501,20260522
1046,3,16,random,46,919,20587501,20260522
1047,3,16,random,47,1825,20587501,20260522
1048,3,16,random,48,1358,20587501,20260522
1049,3,16,random,49,2546,20587501,20260522
1050,3,16,random,50,1293,20587501,20260522
1051,3,16,random,51,2666,20587501,20260522
1052,3,16,random,52,2973,20587501,20260522
1053,3,16,random,53,948,20587501,20260522
1054,3,16,random,54,2089,20587501,20260522
1055,3,16,random,55,779,20587501,20260522
1056,3,16,random,56,356,20587501,20260522
1057,3,16,random,57,2554,20587501,20260522
1058,3,16,random,58,2556,20587501,20260522
1059,3,16,random,59,2283,20587501,20260522
1060,3,16,random,60,2662,20587501,20260522
1061,3,16,random,61,500,20587501,20260522
1062,3,16,random,62,1520,20587501,20260522
1063,3,16,random,63,1887,20587501,20260522
1064,3,16,random,64,2047,20587501,20260522
1065,3,16,random,65,990,20587501,20260522
1066,3,16,random,66,2875,20587501,20260522
1067,3,16,random,67,2559,20587501,20260522
1068,3,16,random,68,1209,20587501,20260522
1069,3,16,random,69,2750,20587501,20260522
1070,3,16,random,70,249,20587501,20260522
1071,3,16,random,71,2196,20587501,20260522
1072,3,16,random,72,1200,20587501,20260522
1073,3,16,random,73,1441,20587501,20260522
1074,3,16,random,74,127,20587501,20260522
1075,3,16,random,75,2358,20587501,20260522
1076,3,16,random,76,1147,20587501,20260522
1077,3,16,random,77,1399,20587501,20260522
1078,3,16,random,78,289,20587501,20260522
1079,3,16,random,79,2438,20587501,20260522
1080,3,16,random,80,2746,20587501,20260522
1081,3,16,random,81,2438,20587501,20260522
1082,3,16,random,82,1638,20587501,20260522
1083,3,16,random,83,929,20587501,20260522
1084,3,16,random,84,1507,20587501,20260522
1085,3,16,random,85,1956,20587501,20260522
1086,3,16,random,86,1791,20587501,20260522
1087,3,16,random,87,2217,20587501,20260522
1088,3,16,random,88,465,20587501,20260522
1089,3,16,random,89,1440,20587501,20260522
1090,3,16,random,90,2237,20587501,20260522
1091,3,16,random,91,1527,20587501,20260522
1092,3,16,random,92,2090,20587501,20260522
1093,3,16,random,93,669,20587501,20260522
1094,3,16,random,94,905,20587501,20260522
1095,3,16,random,95,2428,20587501,20260522
1096,3,16,random,96,2745,20587501,20260522
1097,3,16,random,97,138,20587501,20260522
1098,3,16,random,98,2451,20587501,20260522
1099,3,16,random,99,117,20587501,20260522
1100,3,16,random,100,767,20587501,20260522
1101,3,16,random,101,1099,20587501,20260522
1102,3,16,random,102,364,20587501,20260522
1103,3,16,random,103,2770,20587501,20260522
1104,3,16,random,104,1747,20587501,20260522
1105,3,16,random,105,79,20587501,20260522
1106,3,16,random,106,841,20587501,20260522
1107,3,16,random,107,2935,20587501,20260522
1108,3,16,random,108,1745,20587501,20260522
1109,3,16,random,109,201,20587501,20260522
1110,3,16,random,110,930,20587501,20260522
1111,3,16,random,111,108,20587501,20260522
1112,3,16,random,112,669,20587501,20260522
1113,3,16,random,113,2748,20587501,20260522
1114,3,16,random,114,2198,20587501,20260522
1115,3,16,random,115,990,20587501,20260522
1116,3,16,random,116,910,20587501,20260522
1117,3,16,random,117,1512,20587501,20260522
1118,3,16,random,118,1718,20587501,20260522
1119,3,16,random,119,952,20587501,20260522
1120,3,16,random,120,520,20587501,20260522
1121,3,16,random,121,1581,20587501,20260522
1122,3,16,random,122,2433,20587501,20260522
1123,3,16,random,123,2226,20587501,20260522
1124,3,16,random,124,91,20587501,20260522
1125,3,16,random,125,2959,20587501,20260522
1126,3,16,random,126,2366,20587501,20260522
1127,3,16,random,127,2840,20587501,20260522
1128,3,16,random,128,1273,20587501,20260522
1129,3,16,random,129,888,20587501,20260522
1130,3,16,random,130,2204,20587501,20260522
1131,3,16,random,131,266,20587501,20260522
1132,3,16,random,132,473,20587501,20260522
1133,3,16,random,133,191,20587501,20260522
1134,3,16,random,134,609,20587501,20260522
1135,3,16,random,135,1929,20587501,20260522
1136,3,16,random,136,2340,20587501,20260522
1137,3,16,random,137,892,20587501,20260522
1138,3,16,random,138,1921,20587501,20260522
1139,3,16,random,139,2152,20587501,20260522
1140,3,16,random,140,949,20587501,20260522
1141,3,16,random,141,650,20587501,20260522
1142,3,16,random,142,2630,20587501,20260522
1143,3,16,random,143,1570,20587501,20260522
1144,3,16,random,144,279,20587501,20260522
1145,3,16,random,145,1781,20587501,20260522
1146,3,16,random,146,2777,20587501,20260522
1147,3,16,random,147,736,20587501,20260522
1148,3,16,random,148,2354,20587501,20260522
1149,3,16,random,149,1604,20587501,20260522
1150,3,16,random,150,2748,20587501,20260522
1151,3,16,random,151,551,20587501,20260522
1152,3,16,random,152,1086,20587501,20260522
1153,3,16,random,153,40,20587501,20260522
1154,3,16,random,154,2564,20587501,20260522
1155,3,16,random,155,1678,20587501,20260522
1156,3,16,random,156,308,20587501,20260522
1157,3,16,random,157,624,20587501,20260522
1158,3,16,random,158,263,20587501,20260522
1159,3,16,random,159,2929,20587501,20260522
1160,3,16,random,160,1988,20587501,20260522
1161,3,16,random,161,67,20587501,20260522
1162,3,16,random,162,1262,20587501,20260522
1163,3,16,random,163,2541,20587501,20260522
1164,3,16,random,164,280,20587501,20260522
1165,3,16,random,165,507,20587501,20260522
1166,3,16,random,166,1320,20587501,20260522
1167,3,16,random,167,429,20587501,20260522
1168,3,16,random,168,1085,20587501,20260522
1169,3,16,random,169,1313,20587501,20260522
1170,3,16,random,170,1488,20587501,20260522
1171,3,16,random,171,2622,20587501,20260522
1172,3,16,random,172,667,20587501,20260522
1173,3,16,random,173,1950,20587501,20260522
1174,3,16,random,174,375,20587501,20260522
1175,3,16,random,175,2660,20587501,20260522
1176,3,16,random,176,1845,20587501,20260522
1177,3,16,random,177,1908,20587501,20260522
1178,3,16,random,178,2988,20587501,20260522
1179,3,16,random,179,2,20587501,20260522
1180,3,16,random,180,763,20587501,20260522
1181,3,16,random,181,2821,20587501,20260522
1182,3,16,random,182,2367,20587501,20260522
1183,3,16,random,183,2393,20587501,20260522
1184,3,16,random,184,1715,20587501,20260522
1185,3,16,random,185,777,20587501,20260522
1186,3,16,random,186,673,20587501,20260522
1187,3,16,random,187,622,20587501,20260522
1188,3,16,random,188,2855,20587501,20260522
1189,3,16,random,189,2864,20587501,20260522
1190,3,16,random,190,2624,20587501,20260522
1191,3,16,random,191,1007,20587501,20260522
1192,3,16,random,192,1260,20587501,20260522
1193,3,16,random,193,2355,20587501,20260522
1194,3,16,random,194,2542,20587501,20260522
1195,3,16,random,195,1543,20587501,20260522
1196,3,16,random,196,3,20587501,20260522
1197,3,16,random,197,1411,20587501,20260522
1198,3,16,random,198,923,20587501,20260522
1199,3,16,random,199,257,20587501,20260522
1200,3,16,HC_HI,0,2770,20587501,20260522
1201,3,16,HC_HI,1,375,20587501,20260522
1202,3,16,HC_HI,2,163,20587501,20260522
1203,3,16,HC_HI,3,301,20587501,20260522
1204,3,16,HC_HI,4,1970,20587501,20260522
1205,3,16,HC_HI,5,103,20587501,20260522
1206,3,16,HC_HI,6,2843,20587501,20260522
1207,3,16,HC_HI,7,2608,20587501,20260522
1208,3,16,HC_HI,8,419,20587501,20260522
1209,3,16,HC_HI,9,1510,20587501,20260522
1210,3,16,HC_HI,10,1961,20587501,20260522
1211,3,16,HC_HI,11,1123,20587501,20260522
1212,3,16,HC_HI,12,2173,20587501,20260522
1213,3,16,HC_HI,13,2935,20587501,20260522
1214,3,16,HC_HI,14,1948,20587501,20260522
1215,3,16,HC_HI,15,1511,20587501,20260522
1216,3,16,HC_HI,16,1286,20587501,20260522
1217,3,16,HC_HI,17,2567,20587501,20260522
1218,3,16,HC_HI,18,2640,20587501,20260522
1219,3,16,HC_HI,19,806,20587501,20260522
1220,3,16,HC_HI,20,375,20587501,20260522
1221,3,16,HC_HI,21,912,20587501,20260522
1222,3,16,HC_HI,22,569,20587501,20260522
1223,3,16,HC_HI,23,2799,20587501,20260522
1224,3,16,HC_HI,24,768,20587501,20260522
1225,3,16,HC_HI,25,1535,20587501,20260522
1226,3,16,HC_HI,26,138,20587501,20260522
1227,3,16,HC_HI,27,661,20587501,20260522
1228,3,16,HC_HI,28,1857,20587501,20260522
1229,3,16,HC_HI,29,2082,20587501,20260522
1230,3,16,HC_HI,30,2173,20587501,20260522
1231,3,16,HC_HI,31,1328,20587501,20260522
1232,3,16,HC_HI,32,2511,20587501,20260522
1233,3,16,HC_HI,33,2597,20587501,20260522
1234,3,16,HC_HI,34,1075,20587501,20260522
1235,3,16,HC_HI,35,716,20587501,20260522
1236,3,16,HC_HI,36,1677,20587501,20260522
1237,3,16,HC_HI,37,1110,20587501,20260522
1238,3,16,HC_HI,38,431,20587501,20260522
1239,3,16,HC_HI,39,900,20587501,20260522
1240,3,16,HC_HI,40,425,20587501,20260522
1241,3,16,HC_HI,41,2766,20587501,20260522
1242,3,16,HC_HI,42,794,20587501,20260522
1243,3,16,HC_HI,43,1948,20587501,20260522
1244,3,16,HC_HI,44,2766,20587501,20260522
1245,3,16,HC_HI,45,2775,20587501,20260522
1246,3,16,HC_HI,46,925,20587501,20260522
1247,3,16,HC_HI,47,2813,20587501,20260522
1248,3,16,HC_HI,48,1528,20587501,20260522
1249,3,16,HC_HI,49,900,20587501,20260522
1250,3,16,HC_HI,50,1015,20587501,20260522
1251,3,16,HC_HI,51,943,20587501,20260522
1252,3,16,HC_HI,52,661,20587501,20260522
1253,3,16,HC_HI,53,959,20587501,20260522
1254,3,16,HC_HI,54,1394,20587501,20260522
1255,3,16,HC_HI,55,2813,20587501,20260522
1256,3,16,HC_HI,56,668,20587501,20260522
1257,3,16,HC_HI,57,653,20587501,20260522
1258,3,16,HC_HI,58,2100,20587501,20260522
1259,3,16,HC_HI,59,514,20587501,20260522
1260,3,16,HC_HI,60,2665,20587501,20260522
1261,3,16,HC_HI,61,1079,20587501,20260522
1262,3,16,HC_HI,62,419,20587501,20260522
1263,3,16,HC_HI,63,9,20587501,20260522
1264,3,16,HC_HI,64,2275,20587501,20260522
1265,3,16,HC_HI,65,99,20587501,20260522
1266,3,16,HC_HI,66,943,20587501,20260522
1267,3,16,HC_HI,67,177,20587501,20260522
1268,3,16,HC_HI,68,1977,20587501,20260522
1269,3,16,HC_HI,69,1160,20587501,20260522
1270,3,16,HC_HI,70,1528,20587501,20260522
1271,3,16,HC_HI,71,1148,20587501,20260522
1272,3,16,HC_HI,72,1,20587501,20260522
1273,3,16,HC_HI,73,1932,20587501,20260522
1274,3,16,HC_HI,74,697,20587501,20260522
1275,3,16,HC_HI,75,514,20587501,20260522
1276,3,16,HC_HI,76,2551,20587501,20260522
1277,3,16,HC_HI,77,1336,20587501,20260522
1278,3,16,HC_HI,78,919,20587501,20260522
1279,3,16,HC_HI,79,2238,20587501,20260522
1280,3,16,HC_HI,80,716,20587501,20260522
1281,3,16,HC_HI,81,425,20587501,20260522
1282,3,16,HC_HI,82,1328,20587501,20260522
1283,3,16,HC_HI,83,2551,20587501,20260522
1284,3,16,HC_HI,84,177,20587501,20260522
1285,3,16,HC_HI,85,351,20587501,20260522
1286,3,16,HC_HI,86,2110,20587501,20260522
1287,3,16,HC_HI,87,1336,20587501,20260522
1288,3,16,HC_HI,88,375,20587501,20260522
1289,3,16,HC_HI,89,993,20587501,20260522
1290,3,16,HC_HI,90,2549,20587501,20260522
1291,3,16,HC_HI,91,68,20587501,20260522
1292,3,16,HC_HI,92,113,20587501,20260522
1293,3,16,HC_HI,93,1079,20587501,20260522
1294,3,16,HC_HI,94,2799,20587501,20260522
1295,3,16,HC_HI,95,1164,20587501,20260522
1296,3,16,HC_HI,96,1886,20587501,20260522
1297,3,16,HC_HI,97,2585,20587501,20260522
1298,3,16,HC_HI,98,299,20587501,20260522
1299,3,16,HC_HI,99,1336,20587501,20260522
1300,3,16,HC_HI,100,768,20587501,20260522
1301,3,16,HC_HI,101,12,20587501,20260522
1302,3,16,HC_HI,102,2299,20587501,20260522
1303,3,16,HC_HI,103,99,20587501,20260522
1304,3,16,HC_HI,104,1,20587501,20260522
1305,3,16,HC_HI,105,2911,20587501,20260522
1306,3,16,HC_HI,106,1995,20587501,20260522
1307,3,16,HC_HI,107,912,20587501,20260522
1308,3,16,HC_HI,108,804,20587501,20260522
1309,3,16,HC_HI,109,2781,20587501,20260522
1310,3,16,HC_HI,110,2830,20587501,20260522
1311,3,16,HC_HI,111,1717,20587501,20260522
1312,3,16,HC_HI,112,1164,20587501,20260522
1313,3,16,HC_HI,113,2951,20587501,20260522
1314,3,16,HC_HI,114,442,20587501,20260522
1315,3,16,HC_HI,115,113,20587501,20260522
1316,3,16,HC_HI,116,1446,20587501,20260522
1317,3,16,HC_HI,117,1380,20587501,20260522
1318,3,16,HC_HI,118,889,20587501,20260522
1319,3,16,HC_HI,119,1366,20587501,20260522
1320,3,16,HC_HI,120,959,20587501,20260522
1321,3,16,HC_HI,121,2425,20587501,20260522
1322,3,16,HC_HI,122,605,20587501,20260522
1323,3,16,HC_HI,123,375,20587501,20260522
1324,3,16,HC_HI,124,1774,20587501,20260522
1325,3,16,HC_HI,125,278,20587501,20260522
1326,3,16,HC_HI,126,129,20587501,20260522
1327,3,16,HC_HI,127,847,20587501,20260522
1328,3,16,HC_HI,128,1528,20587501,20260522
1329,3,16,HC_HI,129,1394,20587501,20260522
1330,3,16,HC_HI,130,113,20587501,20260522
1331,3,16,HC_HI,131,782,20587501,20260522
1332,3,16,HC_HI,132,806,20587501,20260522
1333,3,16,HC_HI,133,1328,20587501,20260522
1334,3,16,HC_HI,134,1540,20587501,20260522
1335,3,16,HC_HI,135,1913,20587501,20260522
1336,3,16,HC_HI,136,2951,20587501,20260522
1337,3,16,HC_HI,137,1328,20587501,20260522
1338,3,16,HC_HI,138,150,20587501,20260522
1339,3,16,HC_HI,139,1810,20587501,20260522
1340,3,16,HC_HI,140,113,20587501,20260522
1341,3,16,HC_HI,141,351,20587501,20260522
1342,3,16,HC_HI,142,2275,20587501,20260522
1343,3,16,HC_HI,143,1276,20587501,20260522
1344,3,16,HC_HI,144,1243,20587501,20260522
1345,3,16,HC_HI,145,1886,20587501,20260522
1346,3,16,HC_HI,146,1446,20587501,20260522
1347,3,16,HC_HI,147,2828,20587501,20260522
1348,3,16,HC_HI,148,1243,20587501,20260522
1349,3,16,HC_HI,149,1961,20587501,20260522
1350,3,16,HC_HI,150,1627,20587501,20260522
1351,3,16,HC_HI,151,2082,20587501,20260522
1352,3,16,HC_HI,152,874,20587501,20260522
1353,3,16,HC_HI,153,2813,20587501,20260522
1354,3,16,HC_HI,154,1276,20587501,20260522
1355,3,16,HC_HI,155,2413,20587501,20260522
1356,3,16,HC_HI,156,177,20587501,20260522
1357,3,16,HC_HI,157,2712,20587501,20260522
1358,3,16,HC_HI,158,993,20587501,20260522
1359,3,16,HC_HI,159,529,20587501,20260522
1360,3,16,HC_HI,160,2597,20587501,20260522
1361,3,16,HC_HI,161,103,20587501,20260522
1362,3,16,HC_HI,162,2574,20587501,20260522
1363,3,16,HC_HI,163,2775,20587501,20260522
1364,3,16,HC_HI,164,150,20587501,20260522
1365,3,16,HC_HI,165,587,20587501,20260522
1366,3,16,HC_HI,166,1092,20587501,20260522
1367,3,16,HC_HI,167,557,20587501,20260522
1368,3,16,HC_HI,168,1528,20587501,20260522
1369,3,16,HC_HI,169,810,20587501,20260522
1370,3,16,HC_HI,170,668,20587501,20260522
1371,3,16,HC_HI,171,138,20587501,20260522
1372,3,16,HC_HI,172,2404,20587501,20260522
1373,3,16,HC_HI,173,557,20587501,20260522
1374,3,16,HC_HI,174,2549,20587501,20260522
1375,3,16,HC_HI,175,163,20587501,20260522
1376,3,16,HC_HI,176,1596,20587501,20260522
1377,3,16,HC_HI,177,2375,20587501,20260522
1378,3,16,HC_HI,178,1913,20587501,20260522
1379,3,16,HC_HI,179,514,20587501,20260522
1380,3,16,HC_HI,180,1774,20587501,20260522
1381,3,16,HC_HI,181,1677,20587501,20260522
1382,3,16,HC_HI,182,2712,20587501,20260522
1383,3,16,HC_HI,183,1195,20587501,20260522
1384,3,16,HC_HI,184,1540,20587501,20260522
1385,3,16,HC_HI,185,2799,20587501,20260522
1386,3,16,HC_HI,186,2920,20587501,20260522
1387,3,16,HC_HI,187,1510,20587501,20260522
1388,3,16,HC_HI,188,559,20587501,20260522
1389,3,16,HC_HI,189,2110,20587501,20260522
1390,3,16,HC_HI,190,804,20587501,20260522
1391,3,16,HC_HI,191,912,20587501,20260522
1392,3,16,HC_HI,192,1601,20587501,20260522
1393,3,16,HC_HI,193,1014,20587501,20260522
1394,3,16,HC_HI,194,806,20587501,20260522
1395,3,16,HC_HI,195,792,20587501,20260522
1396,3,16,HC_HI,196,2766,20587501,20260522
1397,3,16,HC_HI,197,2935,20587501,20260522
1398,3,16,HC_HI,198,550,20587501,20260522
1399,3,16,HC_HI,199,1075,20587501,20260522
1400,3,16,HC_LI,0,1643,20587501,20260522
1401,3,16,HC_LI,1,601,20587501,20260522
1402,3,16,HC_LI,2,2648,20587501,20260522
1403,3,16,HC_LI,3,2815,20587501,20260522
1404,3,16,HC_LI,4,1335,20587501,20260522
1405,3,16,HC_LI,5,1675,20587501,20260522
1406,3,16,HC_LI,6,495,20587501,20260522
1407,3,16,HC_LI,7,1070,20587501,20260522
1408,3,16,HC_LI,8,1939,20587501,20260522
1409,3,16,HC_LI,9,1660,20587501,20260522
1410,3,16,HC_LI,10,2657,20587501,20260522
1411,3,16,HC_LI,11,34,20587501,20260522
1412,3,16,HC_LI,12,834,20587501,20260522
1413,3,16,HC_LI,13,580,20587501,20260522
1414,3,16,HC_LI,14,2873,20587501,20260522
1415,3,16,HC_LI,15,933,20587501,20260522
1416,3,16,HC_LI,16,2142,20587501,20260522
1417,3,16,HC_LI,17,916,20587501,20260522
1418,3,16,HC_LI,18,1828,20587501,20260522
1419,3,16,HC_LI,19,38,20587501,20260522
1420,3,16,HC_LI,20,2272,20587501,20260522
1421,3,16,HC_LI,21,1333,20587501,20260522
1422,3,16,HC_LI,22,2345,20587501,20260522
1423,3,16,HC_LI,23,2364,20587501,20260522
1424,3,16,HC_LI,24,1552,20587501,20260522
1425,3,16,HC_LI,25,1909,20587501,20260522
1426,3,16,HC_LI,26,2739,20587501,20260522
1427,3,16,HC_LI,27,2236,20587501,20260522
1428,3,16,HC_LI,28,1881,20587501,20260522
1429,3,16,HC_LI,29,517,20587501,20260522
1430,3,16,HC_LI,30,2987,20587501,20260522
1431,3,16,HC_LI,31,260,20587501,20260522
1432,3,16,HC_LI,32,2818,20587501,20260522
1433,3,16,HC_LI,33,1958,20587501,20260522
1434,3,16,HC_LI,34,1828,20587501,20260522
1435,3,16,HC_LI,35,669,20587501,20260522
1436,3,16,HC_LI,36,34,20587501,20260522
1437,3,16,HC_LI,37,25,20587501,20260522
1438,3,16,HC_LI,38,841,20587501,20260522
1439,3,16,HC_LI,39,1490,20587501,20260522
1440,3,16,HC_LI,40,1725,20587501,20260522
1441,3,16,HC_LI,41,2596,20587501,20260522
1442,3,16,HC_LI,42,2067,20587501,20260522
1443,3,16,HC_LI,43,2528,20587501,20260522
1444,3,16,HC_LI,44,1047,20587501,20260522
1445,3,16,HC_LI,45,2333,20587501,20260522
1446,3,16,HC_LI,46,461,20587501,20260522
1447,3,16,HC_LI,47,2771,20587501,20260522
1448,3,16,HC_LI,48,884,20587501,20260522
1449,3,16,HC_LI,49,2792,20587501,20260522
1450,3,16,HC_LI,50,2151,20587501,20260522
1451,3,16,HC_LI,51,905,20587501,20260522
1452,3,16,HC_LI,52,2170,20587501,20260522
1453,3,16,HC_LI,53,2986,20587501,20260522
1454,3,16,HC_LI,54,2986,20587501,20260522
1455,3,16,HC_LI,55,1836,20587501,20260522
1456,3,16,HC_LI,56,2394,20587501,20260522
1457,3,16,HC_LI,57,531,20587501,20260522
1458,3,16,HC_LI,58,522,20587501,20260522
1459,3,16,HC_LI,59,595,20587501,20260522
1460,3,16,HC_LI,60,2089,20587501,20260522
1461,3,16,HC_LI,61,2528,20587501,20260522
1462,3,16,HC_LI,62,2345,20587501,20260522
1463,3,16,HC_LI,63,2941,20587501,20260522
1464,3,16,HC_LI,64,1906,20587501,20260522
1465,3,16,HC_LI,65,1033,20587501,20260522
1466,3,16,HC_LI,66,2089,20587501,20260522
1467,3,16,HC_LI,67,2598,20587501,20260522
1468,3,16,HC_LI,68,2099,20587501,20260522
1469,3,16,HC_LI,69,2345,20587501,20260522
1470,3,16,HC_LI,70,517,20587501,20260522
1471,3,16,HC_LI,71,598,20587501,20260522
1472,3,16,HC_LI,72,2277,20587501,20260522
1473,3,16,HC_LI,73,1267,20587501,20260522
1474,3,16,HC_LI,74,522,20587501,20260522
1475,3,16,HC_LI,75,2598,20587501,20260522
1476,3,16,HC_LI,76,2249,20587501,20260522
1477,3,16,HC_LI,77,527,20587501,20260522
1478,3,16,HC_LI,78,942,20587501,20260522
1479,3,16,HC_LI,79,2051,20587501,20260522
1480,3,16,HC_LI,80,1388,20587501,20260522
1481,3,16,HC_LI,81,2960,20587501,20260522
1482,3,16,HC_LI,82,1994,20587501,20260522
1483,3,16,HC_LI,83,1661,20587501,20260522
1484,3,16,HC_LI,84,1012,20587501,20260522
1485,3,16,HC_LI,85,1801,20587501,20260522
1486,3,16,HC_LI,86,107,20587501,20260522
1487,3,16,HC_LI,87,957,20587501,20260522
1488,3,16,HC_LI,88,595,20587501,20260522
1489,3,16,HC_LI,89,2311,20587501,20260522
1490,3,16,HC_LI,90,2139,20587501,20260522
1491,3,16,HC_LI,91,1902,20587501,20260522
1492,3,16,HC_LI,92,38,20587501,20260522
1493,3,16,HC_LI,93,33,20587501,20260522
1494,3,16,HC_LI,94,1198,20587501,20260522
1495,3,16,HC_LI,95,253,20587501,20260522
1496,3,16,HC_LI,96,1560,20587501,20260522
1497,3,16,HC_LI,97,107,20587501,20260522
1498,3,16,HC_LI,98,2272,20587501,20260522
1499,3,16,HC_LI,99,2142,20587501,20260522
1500,3,16,HC_LI,100,2528,20587501,20260522
1501,3,16,HC_LI,101,220,20587501,20260522
1502,3,16,HC_LI,102,2236,20587501,20260522
1503,3,16,HC_LI,103,906,20587501,20260522
1504,3,16,HC_LI,104,834,20587501,20260522
1505,3,16,HC_LI,105,906,20587501,20260522
1506,3,16,HC_LI,106,1033,20587501,20260522
1507,3,16,HC_LI,107,2199,20587501,20260522
1508,3,16,HC_LI,108,957,20587501,20260522
1509,3,16,HC_LI,109,884,20587501,20260522
1510,3,16,HC_LI,110,2941,20587501,20260522
1511,3,16,HC_LI,111,2236,20587501,20260522
1512,3,16,HC_LI,112,1660,20587501,20260522
1513,3,16,HC_LI,113,2142,20587501,20260522
1514,3,16,HC_LI,114,2004,20587501,20260522
1515,3,16,HC_LI,115,1544,20587501,20260522
1516,3,16,HC_LI,116,911,20587501,20260522
1517,3,16,HC_LI,117,1675,20587501,20260522
1518,3,16,HC_LI,118,2114,20587501,20260522
1519,3,16,HC_LI,119,2277,20587501,20260522
1520,3,16,HC_LI,120,2196,20587501,20260522
1521,3,16,HC_LI,121,1672,20587501,20260522
1522,3,16,HC_LI,122,870,20587501,20260522
1523,3,16,HC_LI,123,2823,20587501,20260522
1524,3,16,HC_LI,124,2746,20587501,20260522
1525,3,16,HC_LI,125,2434,20587501,20260522
1526,3,16,HC_LI,126,1902,20587501,20260522
1527,3,16,HC_LI,127,2815,20587501,20260522
1528,3,16,HC_LI,128,1909,20587501,20260522
1529,3,16,HC_LI,129,2345,20587501,20260522
1530,3,16,HC_LI,130,1616,20587501,20260522
1531,3,16,HC_LI,131,1070,20587501,20260522
1532,3,16,HC_LI,132,1994,20587501,20260522
1533,3,16,HC_LI,133,1939,20587501,20260522
1534,3,16,HC_LI,134,1157,20587501,20260522
1535,3,16,HC_LI,135,2271,20587501,20260522
1536,3,16,HC_LI,136,1836,20587501,20260522
1537,3,16,HC_LI,137,1897,20587501,20260522
1538,3,16,HC_LI,138,1481,20587501,20260522
1539,3,16,HC_LI,139,2139,20587501,20260522
1540,3,16,HC_LI,140,2139,20587501,20260522
1541,3,16,HC_LI,141,107,20587501,20260522
1542,3,16,HC_LI,142,1796,20587501,20260522
1543,3,16,HC_LI,143,1070,20587501,20260522
1544,3,16,HC_LI,144,2329,20587501,20260522
1545,3,16,HC_LI,145,2792,20587501,20260522
1546,3,16,HC_LI,146,1796,20587501,20260522
1547,3,16,HC_LI,147,405,20587501,20260522
1548,3,16,HC_LI,148,1070,20587501,20260522
1549,3,16,HC_LI,149,1658,20587501,20260522
1550,3,16,HC_LI,150,531,20587501,20260522
1551,3,16,HC_LI,151,2760,20587501,20260522
1552,3,16,HC_LI,152,2271,20587501,20260522
1553,3,16,HC_LI,153,452,20587501,20260522
1554,3,16,HC_LI,154,260,20587501,20260522
1555,3,16,HC_LI,155,1613,20587501,20260522
1556,3,16,HC_LI,156,617,20587501,20260522
1557,3,16,HC_LI,157,2249,20587501,20260522
1558,3,16,HC_LI,158,1613,20587501,20260522
1559,3,16,HC_LI,159,1333,20587501,20260522
1560,3,16,HC_LI,160,1939,20587501,20260522
1561,3,16,HC_LI,161,314,20587501,20260522
1562,3,16,HC_LI,162,2907,20587501,20260522
1563,3,16,HC_LI,163,1731,20587501,20260522
1564,3,16,HC_LI,164,1544,20587501,20260522
1565,3,16,HC_LI,165,33,20587501,20260522
1566,3,16,HC_LI,166,1633,20587501,20260522
1567,3,16,HC_LI,167,1801,20587501,20260522
1568,3,16,HC_LI,168,2628,20587501,20260522
1569,3,16,HC_LI,169,1313,20587501,20260522
1570,3,16,HC_LI,170,2650,20587501,20260522
1571,3,16,HC_LI,171,2329,20587501,20260522
1572,3,16,HC_LI,172,2502,20587501,20260522
1573,3,16,HC_LI,173,1675,20587501,20260522
1574,3,16,HC_LI,174,2941,20587501,20260522
1575,3,16,HC_LI,175,1616,20587501,20260522
1576,3,16,HC_LI,176,2873,20587501,20260522
1577,3,16,HC_LI,177,1128,20587501,20260522
1578,3,16,HC_LI,178,2367,20587501,20260522
1579,3,16,HC_LI,179,2196,20587501,20260522
1580,3,16,HC_LI,180,2434,20587501,20260522
1581,3,16,HC_LI,181,2634,20587501,20260522
1582,3,16,HC_LI,182,2104,20587501,20260522
1583,3,16,HC_LI,183,531,20587501,20260522
1584,3,16,HC_LI,184,851,20587501,20260522
1585,3,16,HC_LI,185,2907,20587501,20260522
1586,3,16,HC_LI,186,1590,20587501,20260522
1587,3,16,HC_LI,187,34,20587501,20260522
1588,3,16,HC_LI,188,2642,20587501,20260522
1589,3,16,HC_LI,189,1611,20587501,20260522
1590,3,16,HC_LI,190,1481,20587501,20260522
1591,3,16,HC_LI,191,1611,20587501,20260522
1592,3,16,HC_LI,192,737,20587501,20260522
1593,3,16,HC_LI,193,2987,20587501,20260522
1594,3,16,HC_LI,194,2144,20587501,20260522
1595,3,16,HC_LI,195,1643,20587501,20260522
1596,3,16,HC_LI,196,1250,20587501,20260522
1597,3,16,HC_LI,197,1777,20587501,20260522
1598,3,16,HC_LI,198,2656,20587501,20260522
1599,3,16,HC_LI,199,1085,20587501,20260522
1600,3,16,LC_HI,0,2294,20587501,20260522
1601,3,16,LC_HI,1,2138,20587501,20260522
1602,3,16,LC_HI,2,1022,20587501,20260522
1603,3,16,LC_HI,3,724,20587501,20260522
1604,3,16,LC_HI,4,1680,20587501,20260522
1605,3,16,LC_HI,5,2564,20587501,20260522
1606,3,16,LC_HI,6,1800,20587501,20260522
1607,3,16,LC_HI,7,282,20587501,20260522
1608,3,16,LC_HI,8,2957,20587501,20260522
1609,3,16,LC_HI,9,776,20587501,20260522
1610,3,16,LC_HI,10,1183,20587501,20260522
1611,3,16,LC_HI,11,1236,20587501,20260522
1612,3,16,LC_HI,12,519,20587501,20260522
1613,3,16,LC_HI,13,35,20587501,20260522
1614,3,16,LC_HI,14,2471,20587501,20260522
1615,3,16,LC_HI,15,1865,20587501,20260522
1616,3,16,LC_HI,16,1651,20587501,20260522
1617,3,16,LC_HI,17,460,20587501,20260522
1618,3,16,LC_HI,18,1951,20587501,20260522
1619,3,16,LC_HI,19,2710,20587501,20260522
1620,3,16,LC_HI,20,148,20587501,20260522
1621,3,16,LC_HI,21,2901,20587501,20260522
1622,3,16,LC_HI,22,1186,20587501,20260522
1623,3,16,LC_HI,23,877,20587501,20260522
1624,3,16,LC_HI,24,2808,20587501,20260522
1625,3,16,LC_HI,25,2037,20587501,20260522
1626,3,16,LC_HI,26,556,20587501,20260522
1627,3,16,LC_HI,27,1448,20587501,20260522
1628,3,16,LC_HI,28,837,20587501,20260522
1629,3,16,LC_HI,29,1356,20587501,20260522
1630,3,16,LC_HI,30,650,20587501,20260522
1631,3,16,LC_HI,31,660,20587501,20260522
1632,3,16,LC_HI,32,1854,20587501,20260522
1633,3,16,LC_HI,33,51,20587501,20260522
1634,3,16,LC_HI,34,2044,20587501,20260522
1635,3,16,LC_HI,35,769,20587501,20260522
1636,3,16,LC_HI,36,2331,20587501,20260522
1637,3,16,LC_HI,37,217,20587501,20260522
1638,3,16,LC_HI,38,122,20587501,20260522
1639,3,16,LC_HI,39,2313,20587501,20260522
1640,3,16,LC_HI,40,223,20587501,20260522
1641,3,16,LC_HI,41,1212,20587501,20260522
1642,3,16,LC_HI,42,195,20587501,20260522
1643,3,16,LC_HI,43,1577,20587501,20260522
1644,3,16,LC_HI,44,2428,20587501,20260522
1645,3,16,LC_HI,45,338,20587501,20260522
1646,3,16,LC_HI,46,967,20587501,20260522
1647,3,16,LC_HI,47,0,20587501,20260522
1648,3,16,LC_HI,48,243,20587501,20260522
1649,3,16,LC_HI,49,2694,20587501,20260522
1650,3,16,LC_HI,50,276,20587501,20260522
1651,3,16,LC_HI,51,1223,20587501,20260522
1652,3,16,LC_HI,52,6,20587501,20260522
1653,3,16,LC_HI,53,2355,20587501,20260522
1654,3,16,LC_HI,54,2533,20587501,20260522
1655,3,16,LC_HI,55,878,20587501,20260522
1656,3,16,LC_HI,56,915,20587501,20260522
1657,3,16,LC_HI,57,1215,20587501,20260522
1658,3,16,LC_HI,58,1628,20587501,20260522
1659,3,16,LC_HI,59,2169,20587501,20260522
1660,3,16,LC_HI,60,1397,20587501,20260522
1661,3,16,LC_HI,61,1782,20587501,20260522
1662,3,16,LC_HI,62,0,20587501,20260522
1663,3,16,LC_HI,63,1700,20587501,20260522
1664,3,16,LC_HI,64,35,20587501,20260522
1665,3,16,LC_HI,65,2281,20587501,20260522
1666,3,16,LC_HI,66,2259,20587501,20260522
1667,3,16,LC_HI,67,2928,20587501,20260522
1668,3,16,LC_HI,68,1349,20587501,20260522
1669,3,16,LC_HI,69,776,20587501,20260522
1670,3,16,LC_HI,70,426,20587501,20260522
1671,3,16,LC_HI,71,760,20587501,20260522
1672,3,16,LC_HI,72,1635,20587501,20260522
1673,3,16,LC_HI,73,2016,20587501,20260522
1674,3,16,LC_HI,74,2591,20587501,20260522
1675,3,16,LC_HI,75,390,20587501,20260522
1676,3,16,LC_HI,76,2503,20587501,20260522
1677,3,16,LC_HI,77,1147,20587501,20260522
1678,3,16,LC_HI,78,1405,20587501,20260522
1679,3,16,LC_HI,79,846,20587501,20260522
1680,3,16,LC_HI,80,356,20587501,20260522
1681,3,16,LC_HI,81,776,20587501,20260522
1682,3,16,LC_HI,82,398,20587501,20260522
1683,3,16,LC_HI,83,774,20587501,20260522
1684,3,16,LC_HI,84,460,20587501,20260522
1685,3,16,LC_HI,85,1896,20587501,20260522
1686,3,16,LC_HI,86,2910,20587501,20260522
1687,3,16,LC_HI,87,2141,20587501,20260522
1688,3,16,LC_HI,88,428,20587501,20260522
1689,3,16,LC_HI,89,2479,20587501,20260522
1690,3,16,LC_HI,90,2945,20587501,20260522
1691,3,16,LC_HI,91,689,20587501,20260522
1692,3,16,LC_HI,92,822,20587501,20260522
1693,3,16,LC_HI,93,1936,20587501,20260522
1694,3,16,LC_HI,94,1591,20587501,20260522
1695,3,16,LC_HI,95,2694,20587501,20260522
1696,3,16,LC_HI,96,1651,20587501,20260522
1697,3,16,LC_HI,97,2046,20587501,20260522
1698,3,16,LC_HI,98,2406,20587501,20260522
1699,3,16,LC_HI,99,1345,20587501,20260522
1700,3,16,LC_HI,100,2354,20587501,20260522
1701,3,16,LC_HI,101,1284,20587501,20260522
1702,3,16,LC_HI,102,123,20587501,20260522
1703,3,16,LC_HI,103,1846,20587501,20260522
1704,3,16,LC_HI,104,920,20587501,20260522
1705,3,16,LC_HI,105,1206,20587501,20260522
1706,3,16,LC_HI,106,359,20587501,20260522
1707,3,16,LC_HI,107,1574,20587501,20260522
1708,3,16,LC_HI,108,2342,20587501,20260522
1709,3,16,LC_HI,109,1529,20587501,20260522
1710,3,16,LC_HI,110,1589,20587501,20260522
1711,3,16,LC_HI,111,706,20587501,20260522
1712,3,16,LC_HI,112,2316,20587501,20260522
1713,3,16,LC_HI,113,1215,20587501,20260522
1714,3,16,LC_HI,114,2878,20587501,20260522
1715,3,16,LC_HI,115,2447,20587501,20260522
1716,3,16,LC_HI,116,1224,20587501,20260522
1717,3,16,LC_HI,117,809,20587501,20260522
1718,3,16,LC_HI,118,1035,20587501,20260522
1719,3,16,LC_HI,119,1803,20587501,20260522
1720,3,16,LC_HI,120,1878,20587501,20260522
1721,3,16,LC_HI,121,1303,20587501,20260522
1722,3,16,LC_HI,122,392,20587501,20260522
1723,3,16,LC_HI,123,165,20587501,20260522
1724,3,16,LC_HI,124,2318,20587501,20260522
1725,3,16,LC_HI,125,281,20587501,20260522
1726,3,16,LC_HI,126,383,20587501,20260522
1727,3,16,LC_HI,127,2112,20587501,20260522
1728,3,16,LC_HI,128,472,20587501,20260522
1729,3,16,LC_HI,129,688,20587501,20260522
1730,3,16,LC_HI,130,1175,20587501,20260522
1731,3,16,LC_HI,131,811,20587501,20260522
1732,3,16,LC_HI,132,139,20587501,20260522
1733,3,16,LC_HI,133,1172,20587501,20260522
1734,3,16,LC_HI,134,1736,20587501,20260522
1735,3,16,LC_HI,135,2393,20587501,20260522
1736,3,16,LC_HI,136,2373,20587501,20260522
1737,3,16,LC_HI,137,888,20587501,20260522
1738,3,16,LC_HI,138,1713,20587501,20260522
1739,3,16,LC_HI,139,742,20587501,20260522
1740,3,16,LC_HI,140,2785,20587501,20260522
1741,3,16,LC_HI,141,2736,20587501,20260522
1742,3,16,LC_HI,142,2171,20587501,20260522
1743,3,16,LC_HI,143,378,20587501,20260522
1744,3,16,LC_HI,144,428,20587501,20260522
1745,3,16,LC_HI,145,1830,20587501,20260522
1746,3,16,LC_HI,146,2591,20587501,20260522
1747,3,16,LC_HI,147,2827,20587501,20260522
1748,3,16,LC_HI,148,2045,20587501,20260522
1749,3,16,LC_HI,149,398,20587501,20260522
1750,3,16,LC_HI,150,230,20587501,20260522
1751,3,16,LC_HI,151,2945,20587501,20260522
1752,3,16,LC_HI,152,1589,20587501,20260522
1753,3,16,LC_HI,153,2294,20587501,20260522
1754,3,16,LC_HI,154,1776,20587501,20260522
1755,3,16,LC_HI,155,849,20587501,20260522
1756,3,16,LC_HI,156,878,20587501,20260522
1757,3,16,LC_HI,157,1448,20587501,20260522
1758,3,16,LC_HI,158,2491,20587501,20260522
1759,3,16,LC_HI,159,479,20587501,20260522
1760,3,16,LC_HI,160,377,20587501,20260522
1761,3,16,LC_HI,161,303,20587501,20260522
1762,3,16,LC_HI,162,100,20587501,20260522
1763,3,16,LC_HI,163,2410,20587501,20260522
1764,3,16,LC_HI,164,2878,20587501,20260522
1765,3,16,LC_HI,165,265,20587501,20260522
1766,3,16,LC_HI,166,1022,20587501,20260522
1767,3,16,LC_HI,167,1976,20587501,20260522
1768,3,16,LC_HI,168,2259,20587501,20260522
1769,3,16,LC_HI,169,100,20587501,20260522
1770,3,16,LC_HI,170,2353,20587501,20260522
1771,3,16,LC_HI,171,473,20587501,20260522
1772,3,16,LC_HI,172,659,20587501,20260522
1773,3,16,LC_HI,173,390,20587501,20260522
1774,3,16,LC_HI,174,2412,20587501,20260522
1775,3,16,LC_HI,175,2572,20587501,20260522
1776,3,16,LC_HI,176,2186,20587501,20260522
1777,3,16,LC_HI,177,1936,20587501,20260522
1778,3,16,LC_HI,178,1695,20587501,20260522
1779,3,16,LC_HI,179,192,20587501,20260522
1780,3,16,LC_HI,180,383,20587501,20260522
1781,3,16,LC_HI,181,631,20587501,20260522
1782,3,16,LC_HI,182,712,20587501,20260522
1783,3,16,LC_HI,183,1390,20587501,20260522
1784,3,16,LC_HI,184,1074,20587501,20260522
1785,3,16,LC_HI,185,390,20587501,20260522
1786,3,16,LC_HI,186,1397,20587501,20260522
1787,3,16,LC_HI,187,1405,20587501,20260522
1788,3,16,LC_HI,188,2289,20587501,20260522
1789,3,16,LC_HI,189,2723,20587501,20260522
1790,3,16,LC_HI,190,1022,20587501,20260522
1791,3,16,LC_HI,191,2723,20587501,20260522
1792,3,16,LC_HI,192,148,20587501,20260522
1793,3,16,LC_HI,193,877,20587501,20260522
1794,3,16,LC_HI,194,47,20587501,20260522
1795,3,16,LC_HI,195,1442,20587501,20260522
1796,3,16,LC_HI,196,2943,20587501,20260522
1797,3,16,LC_HI,197,1882,20587501,20260522
1798,3,16,LC_HI,198,143,20587501,20260522
1799,3,16,LC_HI,199,1021,20587501,20260522
1800,3,16,LC_LI,0,1264,20587501,20260522
1801,3,16,LC_LI,1,1637,20587501,20260522
1802,3,16,LC_LI,2,761,20587501,20260522
1803,3,16,LC_LI,3,625,20587501,20260522
1804,3,16,LC_LI,4,120,20587501,20260522
1805,3,16,LC_LI,5,1992,20587501,20260522
1806,3,16,LC_LI,6,302,20587501,20260522
1807,3,16,LC_LI,7,331,20587501,20260522
1808,3,16,LC_LI,8,1222,20587501,20260522
1809,3,16,LC_LI,9,2215,20587501,20260522
1810,3,16,LC_LI,10,763,20587501,20260522
1811,3,16,LC_LI,11,1752,20587501,20260522
1812,3,16,LC_LI,12,2501,20587501,20260522
1813,3,16,LC_LI,13,97,20587501,20260522
1814,3,16,LC_LI,14,907,20587501,20260522
1815,3,16,LC_LI,15,2718,20587501,20260522
1816,3,16,LC_LI,16,27,20587501,20260522
1817,3,16,LC_LI,17,1992,20587501,20260522
1818,3,16,LC_LI,18,2446,20587501,20260522
1819,3,16,LC_LI,19,994,20587501,20260522
1820,3,16,LC_LI,20,1440,20587501,20260522
1821,3,16,LC_LI,21,2383,20587501,20260522
1822,3,16,LC_LI,22,1114,20587501,20260522
1823,3,16,LC_LI,23,396,20587501,20260522
1824,3,16,LC_LI,24,1752,20587501,20260522
1825,3,16,LC_LI,25,696,20587501,20260522
1826,3,16,LC_LI,26,2149,20587501,20260522
1827,3,16,LC_LI,27,331,20587501,20260522
1828,3,16,LC_LI,28,609,20587501,20260522
1829,3,16,LC_LI,29,2718,20587501,20260522
1830,3,16,LC_LI,30,225,20587501,20260522
1831,3,16,LC_LI,31,1129,20587501,20260522
1832,3,16,LC_LI,32,2555,20587501,20260522
1833,3,16,LC_LI,33,646,20587501,20260522
1834,3,16,LC_LI,34,181,20587501,20260522
1835,3,16,LC_LI,35,2899,20587501,20260522
1836,3,16,LC_LI,36,331,20587501,20260522
1837,3,16,LC_LI,37,2149,20587501,20260522
1838,3,16,LC_LI,38,2206,20587501,20260522
1839,3,16,LC_LI,39,1524,20587501,20260522
1840,3,16,LC_LI,40,2376,20587501,20260522
1841,3,16,LC_LI,41,1738,20587501,20260522
1842,3,16,LC_LI,42,155,20587501,20260522
1843,3,16,LC_LI,43,994,20587501,20260522
1844,3,16,LC_LI,44,2851,20587501,20260522
1845,3,16,LC_LI,45,2224,20587501,20260522
1846,3,16,LC_LI,46,2680,20587501,20260522
1847,3,16,LC_LI,47,1161,20587501,20260522
1848,3,16,LC_LI,48,2983,20587501,20260522
1849,3,16,LC_LI,49,1763,20587501,20260522
1850,3,16,LC_LI,50,2001,20587501,20260522
1851,3,16,LC_LI,51,951,20587501,20260522
1852,3,16,LC_LI,52,2536,20587501,20260522
1853,3,16,LC_LI,53,1283,20587501,20260522
1854,3,16,LC_LI,54,2777,20587501,20260522
1855,3,16,LC_LI,55,2718,20587501,20260522
1856,3,16,LC_LI,56,1992,20587501,20260522
1857,3,16,LC_LI,57,1584,20587501,20260522
1858,3,16,LC_LI,58,141,20587501,20260522
1859,3,16,LC_LI,59,509,20587501,20260522
1860,3,16,LC_LI,60,1208,20587501,20260522
1861,3,16,LC_LI,61,270,20587501,20260522
1862,3,16,LC_LI,62,1992,20587501,20260522
1863,3,16,LC_LI,63,187,20587501,20260522
1864,3,16,LC_LI,64,1099,20587501,20260522
1865,3,16,LC_LI,65,536,20587501,20260522
1866,3,16,LC_LI,66,1294,20587501,20260522
1867,3,16,LC_LI,67,2805,20587501,20260522
1868,3,16,LC_LI,68,1455,20587501,20260522
1869,3,16,LC_LI,69,1320,20587501,20260522
1870,3,16,LC_LI,70,1701,20587501,20260522
1871,3,16,LC_LI,71,270,20587501,20260522
1872,3,16,LC_LI,72,1038,20587501,20260522
1873,3,16,LC_LI,73,1945,20587501,20260522
1874,3,16,LC_LI,74,2680,20587501,20260522
1875,3,16,LC_LI,75,1947,20587501,20260522
1876,3,16,LC_LI,76,2522,20587501,20260522
1877,3,16,LC_LI,77,971,20587501,20260522
1878,3,16,LC_LI,78,1316,20587501,20260522
1879,3,16,LC_LI,79,1222,20587501,20260522
1880,3,16,LC_LI,80,1747,20587501,20260522
1881,3,16,LC_LI,81,625,20587501,20260522
1882,3,16,LC_LI,82,2224,20587501,20260522
1883,3,16,LC_LI,83,1594,20587501,20260522
1884,3,16,LC_LI,84,761,20587501,20260522
1885,3,16,LC_LI,85,1980,20587501,20260522
1886,3,16,LC_LI,86,1364,20587501,20260522
1887,3,16,LC_LI,87,1283,20587501,20260522
1888,3,16,LC_LI,88,2522,20587501,20260522
1889,3,16,LC_LI,89,70,20587501,20260522
1890,3,16,LC_LI,90,1478,20587501,20260522
1891,3,16,LC_LI,91,2654,20587501,20260522
1892,3,16,LC_LI,92,763,20587501,20260522
1893,3,16,LC_LI,93,2555,20587501,20260522
1894,3,16,LC_LI,94,2462,20587501,20260522
1895,3,16,LC_LI,95,1413,20587501,20260522
1896,3,16,LC_LI,96,70,20587501,20260522
1897,3,16,LC_LI,97,1208,20587501,20260522
1898,3,16,LC_LI,98,1316,20587501,20260522
1899,3,16,LC_LI,99,2851,20587501,20260522
1900,3,16,LC_LI,100,509,20587501,20260522
1901,3,16,LC_LI,101,2959,20587501,20260522
1902,3,16,LC_LI,102,563,20587501,20260522
1903,3,16,LC_LI,103,707,20587501,20260522
1904,3,16,LC_LI,104,1208,20587501,20260522
1905,3,16,LC_LI,105,1364,20587501,20260522
1906,3,16,LC_LI,106,2224,20587501,20260522
1907,3,16,LC_LI,107,2072,20587501,20260522
1908,3,16,LC_LI,108,881,20587501,20260522
1909,3,16,LC_LI,109,2009,20587501,20260522
1910,3,16,LC_LI,110,1351,20587501,20260522
1911,3,16,LC_LI,111,1890,20587501,20260522
1912,3,16,LC_LI,112,798,20587501,20260522
1913,3,16,LC_LI,113,1440,20587501,20260522
1914,3,16,LC_LI,114,1926,20587501,20260522
1915,3,16,LC_LI,115,1069,20587501,20260522
1916,3,16,LC_LI,116,2718,20587501,20260522
1917,3,16,LC_LI,117,2738,20587501,20260522
1918,3,16,LC_LI,118,1794,20587501,20260522
1919,3,16,LC_LI,119,302,20587501,20260522
1920,3,16,LC_LI,120,2019,20587501,20260522
1921,3,16,LC_LI,121,783,20587501,20260522
1922,3,16,LC_LI,122,1838,20587501,20260522
1923,3,16,LC_LI,123,1320,20587501,20260522
1924,3,16,LC_LI,124,783,20587501,20260522
1925,3,16,LC_LI,125,1411,20587501,20260522
1926,3,16,LC_LI,126,536,20587501,20260522
1927,3,16,LC_LI,127,2680,20587501,20260522
1928,3,16,LC_LI,128,2462,20587501,20260522
1929,3,16,LC_LI,129,2881,20587501,20260522
1930,3,16,LC_LI,130,491,20587501,20260522
1931,3,16,LC_LI,131,971,20587501,20260522
1932,3,16,LC_LI,132,1111,20587501,20260522
1933,3,16,LC_LI,133,783,20587501,20260522
1934,3,16,LC_LI,134,2681,20587501,20260522
1935,3,16,LC_LI,135,1524,20587501,20260522
1936,3,16,LC_LI,136,738,20587501,20260522
1937,3,16,LC_LI,137,563,20587501,20260522
1938,3,16,LC_LI,138,1637,20587501,20260522
1939,3,16,LC_LI,139,761,20587501,20260522
1940,3,16,LC_LI,140,2501,20587501,20260522
1941,3,16,LC_LI,141,302,20587501,20260522
1942,3,16,LC_LI,142,1594,20587501,20260522
1943,3,16,LC_LI,143,761,20587501,20260522
1944,3,16,LC_LI,144,1637,20587501,20260522
1945,3,16,LC_LI,145,2939,20587501,20260522
1946,3,16,LC_LI,146,2195,20587501,20260522
1947,3,16,LC_LI,147,551,20587501,20260522
1948,3,16,LC_LI,148,2554,20587501,20260522
1949,3,16,LC_LI,149,551,20587501,20260522
1950,3,16,LC_LI,150,1694,20587501,20260522
1951,3,16,LC_LI,151,1787,20587501,20260522
1952,3,16,LC_LI,152,2433,20587501,20260522
1953,3,16,LC_LI,153,817,20587501,20260522
1954,3,16,LC_LI,154,1763,20587501,20260522
1955,3,16,LC_LI,155,2050,20587501,20260522
1956,3,16,LC_LI,156,1294,20587501,20260522
1957,3,16,LC_LI,157,1440,20587501,20260522
1958,3,16,LC_LI,158,2692,20587501,20260522
1959,3,16,LC_LI,159,1684,20587501,20260522
1960,3,16,LC_LI,160,951,20587501,20260522
1961,3,16,LC_LI,161,1411,20587501,20260522
1962,3,16,LC_LI,162,1114,20587501,20260522
1963,3,16,LC_LI,163,2433,20587501,20260522
1964,3,16,LC_LI,164,2555,20587501,20260522
1965,3,16,LC_LI,165,988,20587501,20260522
1966,3,16,LC_LI,166,2172,20587501,20260522
1967,3,16,LC_LI,167,1738,20587501,20260522
1968,3,16,LC_LI,168,2035,20587501,20260522
1969,3,16,LC_LI,169,141,20587501,20260522
1970,3,16,LC_LI,170,225,20587501,20260522
1971,3,16,LC_LI,171,609,20587501,20260522
1972,3,16,LC_LI,172,2224,20587501,20260522
1973,3,16,LC_LI,173,1684,20587501,20260522
1974,3,16,LC_LI,174,1637,20587501,20260522
1975,3,16,LC_LI,175,1584,20587501,20260522
1976,3,16,LC_LI,176,971,20587501,20260522
1977,3,16,LC_LI,177,2035,20587501,20260522
1978,3,16,LC_LI,178,2959,20587501,20260522
1979,3,16,LC_LI,179,302,20587501,20260522
1980,3,16,LC_LI,180,2224,20587501,20260522
1981,3,16,LC_LI,181,2851,20587501,20260522
1982,3,16,LC_LI,182,1264,20587501,20260522
1983,3,16,LC_LI,183,2899,20587501,20260522
1984,3,16,LC_LI,184,27,20587501,20260522
1985,3,16,LC_LI,185,2897,20587501,20260522
1986,3,16,LC_LI,186,2320,20587501,20260522
1987,3,16,LC_LI,187,487,20587501,20260522
1988,3,16,LC_LI,188,646,20587501,20260522
1989,3,16,LC_LI,189,994,20587501,20260522
1990,3,16,LC_LI,190,1794,20587501,20260522
1991,3,16,LC_LI,191,1701,20587501,20260522
1992,3,16,LC_LI,192,2881,20587501,20260522
1993,3,16,LC_LI,193,2718,20587501,20260522
1994,3,16,LC_LI,194,1099,20587501,20260522
1995,3,16,LC_LI,195,1320,20587501,20260522
1996,3,16,LC_LI,196,2009,20587501,20260522
1997,3,16,LC_LI,197,1264,20587501,20260522
1998,3,16,LC_LI,198,2252,20587501,20260522
1999,3,16,LC_LI,199,2555,20587501,20260522
2000,5,16,random,0,99,20787507,20260524
2001,5,16,random,1,1466,20787507,20260524
2002,5,16,random,2,49,20787507,20260524
2003,5,16,random,3,666,20787507,20260524
2004,5,16,random,4,1038,20787507,20260524
2005,5,16,random,5,683,20787507,20260524
2006,5,16,random,6,1796,20787507,20260524
2007,5,16,random,7,2007,20787507,20260524
2008,5,16,random,8,599,20787507,20260524
2009,5,16,random,9,1364,20787507,20260524
2010,5,16,random,10,168,20787507,20260524
2011,5,16,random,11,2370,20787507,20260524
2012,5,16,random,12,693,20787507,20260524
2013,5,16,random,13,775,20787507,20260524
2014,5,16,random,14,1047,20787507,20260524
2015,5,16,random,15,2261,20787507,20260524
2016,5,16,random,16,744,20787507,20260524
2017,5,16,random,17,31,20787507,20260524
2018,5,16,random,18,2879,20787507,20260524
2019,5,16,random,19,1779,20787507,20260524
2020,5,16,random,20,2703,20787507,20260524
2021,5,16,random,21,1507,20787507,20260524
2022,5,16,random,22,1244,20787507,20260524
2023,5,16,random,23,821,20787507,20260524
2024,5,16,random,24,2468,20787507,20260524
2025,5,16,random,25,210,20787507,20260524
2026,5,16,random,26,256,20787507,20260524
2027,5,16,random,27,1577,20787507,20260524
2028,5,16,random,28,525,20787507,20260524
2029,5,16,random,29,1280,20787507,20260524
2030,5,16,random,30,2687,20787507,20260524
2031,5,16,random,31,1374,20787507,20260524
2032,5,16,random,32,2182,20787507,20260524
2033,5,16,random,33,813,20787507,20260524
2034,5,16,random,34,2551,20787507,20260524
2035,5,16,random,35,1059,20787507,20260524
2036,5,16,random,36,1278,20787507,20260524
2037,5,16,random,37,2749,20787507,20260524
2038,5,16,random,38,1995,20787507,20260524
2039,5,16,random,39,120,20787507,20260524
2040,5,16,random,40,366,20787507,20260524
2041,5,16,random,41,1597,20787507,20260524
2042,5,16,random,42,955,20787507,20260524
2043,5,16,random,43,2983,20787507,20260524
2044,5,16,random,44,972,20787507,20260524
2045,5,16,random,45,2138,20787507,20260524
2046,5,16,random,46,573,20787507,20260524
2047,5,16,random,47,236,20787507,20260524
2048,5,16,random,48,1472,20787507,20260524
2049,5,16,random,49,19,20787507,20260524
2050,5,16,random,50,2699,20787507,20260524
2051,5,16,random,51,640,20787507,20260524
2052,5,16,random,52,230,20787507,20260524
2053,5,16,random,53,2997,20787507,20260524
2054,5,16,random,54,2314,20787507,20260524
2055,5,16,random,55,2306,20787507,20260524
2056,5,16,random,56,1399,20787507,20260524
2057,5,16,random,57,471,20787507,20260524
2058,5,16,random,58,578,20787507,20260524
2059,5,16,random,59,1794,20787507,20260524
2060,5,16,random,60,83,20787507,20260524
2061,5,16,random,61,1704,20787507,20260524
2062,5,16,random,62,667,20787507,20260524
2063,5,16,random,63,1395,20787507,20260524
2064,5,16,random,64,2437,20787507,20260524
2065,5,16,random,65,1346,20787507,20260524
2066,5,16,random,66,669,20787507,20260524
2067,5,16,random,67,763,20787507,20260524
2068,5,16,random,68,562,20787507,20260524
2069,5,16,random,69,2010,20787507,20260524
2070,5,16,random,70,566,20787507,20260524
2071,5,16,random,71,2833,20787507,20260524
2072,5,16,random,72,1789,20787507,20260524
2073,5,16,random,73,1676,20787507,20260524
2074,5,16,random,74,1457,20787507,20260524
2075,5,16,random,75,2326,20787507,20260524
2076,5,16,random,76,2967,20787507,20260524
2077,5,16,random,77,2249,20787507,20260524
2078,5,16,random,78,2934,20787507,20260524
2079,5,16,random,79,1295,20787507,20260524
2080,5,16,random,80,787,20787507,20260524
2081,5,16,random,81,1150,20787507,20260524
2082,5,16,random,82,1126,20787507,20260524
2083,5,16,random,83,962,20787507,20260524
2084,5,16,random,84,2725,20787507,20260524
2085,5,16,random,85,2963,20787507,20260524
2086,5,16,random,86,2955,20787507,20260524
2087,5,16,random,87,2709,20787507,20260524
2088,5,16,random,88,2210,20787507,20260524
2089,5,16,random,89,389,20787507,20260524
2090,5,16,random,90,287,20787507,20260524
2091,5,16,random,91,2127,20787507,20260524
2092,5,16,random,92,2281,20787507,20260524
2093,5,16,random,93,579,20787507,20260524
2094,5,16,random,94,1499,20787507,20260524
2095,5,16,random,95,2136,20787507,20260524
2096,5,16,random,96,2610,20787507,20260524
2097,5,16,random,97,1516,20787507,20260524
2098,5,16,random,98,995,20787507,20260524
2099,5,16,random,99,2963,20787507,20260524
2100,5,16,random,100,371,20787507,20260524
2101,5,16,random,101,2030,20787507,20260524
2102,5,16,random,102,2144,20787507,20260524
2103,5,16,random,103,812,20787507,20260524
2104,5,16,random,104,2922,20787507,20260524
2105,5,16,random,105,1110,20787507,20260524
2106,5,16,random,106,55,20787507,20260524
2107,5,16,random,107,2959,20787507,20260524
2108,5,16,random,108,1132,20787507,20260524
2109,5,16,random,109,2090,20787507,20260524
2110,5,16,random,110,1705,20787507,20260524
2111,5,16,random,111,1496,20787507,20260524
2112,5,16,random,112,2405,20787507,20260524
2113,5,16,random,113,1877,20787507,20260524
2114,5,16,random,114,900,20787507,20260524
2115,5,16,random,115,2323,20787507,20260524
2116,5,16,random,116,2661,20787507,20260524
2117,5,16,random,117,1218,20787507,20260524
2118,5,16,random,118,1541,20787507,20260524
2119,5,16,random,119,2143,20787507,20260524
2120,5,16,random,120,166,20787507,20260524
2121,5,16,random,121,896,20787507,20260524
2122,5,16,random,122,2500,20787507,20260524
2123,5,16,random,123,959,20787507,20260524
2124,5,16,random,124,933,20787507,20260524
2125,5,16,random,125,1663,20787507,20260524
2126,5,16,random,126,317,20787507,20260524
2127,5,16,random,127,2366,20787507,20260524
2128,5,16,random,128,2585,20787507,20260524
2129,5,16,random,129,861,20787507,20260524
2130,5,16,random,130,2940,20787507,20260524
2131,5,16,random,131,2903,20787507,20260524
2132,5,16,random,132,2759,20787507,20260524
2133,5,16,random,133,1806,20787507,20260524
2134,5,16,random,134,2350,20787507,20260524
2135,5,16,random,135,86,20787507,20260524
2136,5,16,random,136,1308,20787507,20260524
2137,5,16,random,137,1051,20787507,20260524
2138,5,16,random,138,2829,20787507,20260524
2139,5,16,random,139,1720,20787507,20260524
2140,5,16,random,140,163,20787507,20260524
2141,5,16,random,141,1549,20787507,20260524
2142,5,16,random,142,2433,20787507,20260524
2143,5,16,random,143,317,20787507,20260524
2144,5,16,random,144,996,20787507,20260524
2145,5,16,random,145,606,20787507,20260524
2146,5,16,random,146,255,20787507,20260524
2147,5,16,random,147,676,20787507,20260524
2148,5,16,random,148,1118,20787507,20260524
2149,5,16,random,149,2779,20787507,20260524
2150,5,16,random,150,2138,20787507,20260524
2151,5,16,random,151,2780,20787507,20260524
2152,5,16,random,152,111,20787507,20260524
2153,5,16,random,153,858,20787507,20260524
2154,5,16,random,154,1912,20787507,20260524
2155,5,16,random,155,1340,20787507,20260524
2156,5,16,random,156,1019,20787507,20260524
2157,5,16,random,157,549,20787507,20260524
2158,5,16,random,158,497,20787507,20260524
2159,5,16,random,159,418,20787507,20260524
2160,5,16,random,160,569,20787507,20260524
2161,5,16,random,161,2263,20787507,20260524
2162,5,16,random,162,246,20787507,20260524
2163,5,16,random,163,2365,20787507,20260524
2164,5,16,random,164,2237,20787507,20260524
2165,5,16,random,165,2974,20787507,20260524
2166,5,16,random,166,357,20787507,20260524
2167,5,16,random,167,1853,20787507,20260524
2168,5,16,random,168,579,20787507,20260524
2169,5,16,random,169,1846,20787507,20260524
2170,5,16,random,170,2642,20787507,20260524
2171,5,16,random,171,162,20787507,20260524
2172,5,16,random,172,1967,20787507,20260524
2173,5,16,random,173,941,20787507,20260524
2174,5,16,random,174,743,20787507,20260524
2175,5,16,random,175,2881,20787507,20260524
2176,5,16,random,176,855,20787507,20260524
2177,5,16,random,177,2516,20787507,20260524
2178,5,16,random,178,287,20787507,20260524
2179,5,16,random,179,2678,20787507,20260524
2180,5,16,random,180,2094,20787507,20260524
2181,5,16,random,181,356,20787507,20260524
2182,5,16,random,182,484,20787507,20260524
2183,5,16,random,183,2713,20787507,20260524
2184,5,16,random,184,1236,20787507,20260524
2185,5,16,random,185,86,20787507,20260524
2186,5,16,random,186,45,20787507,20260524
2187,5,16,random,187,1239,20787507,20260524
2188,5,16,random,188,1861,20787507,20260524
2189,5,16,random,189,2748,20787507,20260524
2190,5,16,random,190,71,20787507,20260524
2191,5,16,random,191,2733,20787507,20260524
2192,5,16,random,192,1298,20787507,20260524
2193,5,16,random,193,1693,20787507,20260524
2194,5,16,random,194,1594,20787507,20260524
2195,5,16,random,195,1337,20787507,20260524
2196,5,16,random,196,1101,20787507,20260524
2197,5,16,random,197,2055,20787507,20260524
2198,5,16,random,198,374,20787507,20260524
2199,5,16,random,199,2495,20787507,20260524
2200,5,16,HC_HI,0,581,20787507,20260524
2201,5,16,HC_HI,1,1824,20787507,20260524
2202,5,16,HC_HI,2,1044,20787507,20260524
2203,5,16,HC_HI,3,97,20787507,20260524
2204,5,16,HC_HI,4,1841,20787507,20260524
2205,5,16,HC_HI,5,2462,20787507,20260524
2206,5,16,HC_HI,6,1210,20787507,20260524
2207,5,16,HC_HI,7,1045,20787507,20260524
2208,5,16,HC_HI,8,732,20787507,20260524
2209,5,16,HC_HI,9,419,20787507,20260524
2210,5,16,HC_HI,10,1052,20787507,20260524
2211,5,16,HC_HI,11,236,20787507,20260524
2212,5,16,HC_HI,12,2381,20787507,20260524
2213,5,16,HC_HI,13,110,20787507,20260524
2214,5,16,HC_HI,14,59,20787507,20260524
2215,5,16,HC_HI,15,2084,20787507,20260524
2216,5,16,HC_HI,16,1544,20787507,20260524
2217,5,16,HC_HI,17,1398,20787507,20260524
2218,5,16,HC_HI,18,1051,20787507,20260524
2219,5,16,HC_HI,19,307,20787507,20260524
2220,5,16,HC_HI,20,766,20787507,20260524
2221,5,16,HC_HI,21,2028,20787507,20260524
2222,5,16,HC_HI,22,1491,20787507,20260524
2223,5,16,HC_HI,23,2424,20787507,20260524
2224,5,16,HC_HI,24,2330,20787507,20260524
2225,5,16,HC_HI,25,1647,20787507,20260524
2226,5,16,HC_HI,26,2996,20787507,20260524
2227,5,16,HC_HI,27,2606,20787507,20260524
2228,5,16,HC_HI,28,1888,20787507,20260524
2229,5,16,HC_HI,29,903,20787507,20260524
2230,5,16,HC_HI,30,1304,20787507,20260524
2231,5,16,HC_HI,31,2656,20787507,20260524
2232,5,16,HC_HI,32,735,20787507,20260524
2233,5,16,HC_HI,33,497,20787507,20260524
2234,5,16,HC_HI,34,1260,20787507,20260524
2235,5,16,HC_HI,35,744,20787507,20260524
2236,5,16,HC_HI,36,2665,20787507,20260524
2237,5,16,HC_HI,37,56,20787507,20260524
2238,5,16,HC_HI,38,1533,20787507,20260524
2239,5,16,HC_HI,39,2036,20787507,20260524
2240,5,16,HC_HI,40,1206,20787507,20260524
2241,5,16,HC_HI,41,622,20787507,20260524
2242,5,16,HC_HI,42,1562,20787507,20260524
2243,5,16,HC_HI,43,1927,20787507,20260524
2244,5,16,HC_HI,44,1206,20787507,20260524
2245,5,16,HC_HI,45,1017,20787507,20260524
2246,5,16,HC_HI,46,1051,20787507,20260524
2247,5,16,HC_HI,47,123,20787507,20260524
2248,5,16,HC_HI,48,2448,20787507,20260524
2249,5,16,HC_HI,49,1612,20787507,20260524
2250,5,16,HC_HI,50,2378,20787507,20260524
2251,5,16,HC_HI,51,1051,20787507,20260524
2252,5,16,HC_HI,52,1051,20787507,20260524
2253,5,16,HC_HI,53,2395,20787507,20260524
2254,5,16,HC_HI,54,663,20787507,20260524
2255,5,16,HC_HI,55,238,20787507,20260524
2256,5,16,HC_HI,56,2803,20787507,20260524
2257,5,16,HC_HI,57,607,20787507,20260524
2258,5,16,HC_HI,58,1759,20787507,20260524
2259,5,16,HC_HI,59,74,20787507,20260524
2260,5,16,HC_HI,60,419,20787507,20260524
2261,5,16,HC_HI,61,2803,20787507,20260524
2262,5,16,HC_HI,62,1594,20787507,20260524
2263,5,16,HC_HI,63,1796,20787507,20260524
2264,5,16,HC_HI,64,117,20787507,20260524
2265,5,16,HC_HI,65,2697,20787507,20260524
2266,5,16,HC_HI,66,2224,20787507,20260524
2267,5,16,HC_HI,67,361,20787507,20260524
2268,5,16,HC_HI,68,1219,20787507,20260524
2269,5,16,HC_HI,69,1195,20787507,20260524
2270,5,16,HC_HI,70,2121,20787507,20260524
2271,5,16,HC_HI,71,1401,20787507,20260524
2272,5,16,HC_HI,72,1450,20787507,20260524
2273,5,16,HC_HI,73,2036,20787507,20260524
2274,5,16,HC_HI,74,2871,20787507,20260524
2275,5,16,HC_HI,75,1927,20787507,20260524
2276,5,16,HC_HI,76,2815,20787507,20260524
2277,5,16,HC_HI,77,307,20787507,20260524
2278,5,16,HC_HI,78,578,20787507,20260524
2279,5,16,HC_HI,79,2395,20787507,20260524
2280,5,16,HC_HI,80,2976,20787507,20260524
2281,5,16,HC_HI,81,1810,20787507,20260524
2282,5,16,HC_HI,82,1544,20787507,20260524
2283,5,16,HC_HI,83,1927,20787507,20260524
2284,5,16,HC_HI,84,2165,20787507,20260524
2285,5,16,HC_HI,85,56,20787507,20260524
2286,5,16,HC_HI,86,2482,20787507,20260524
2287,5,16,HC_HI,87,2581,20787507,20260524
2288,5,16,HC_HI,88,732,20787507,20260524
2289,5,16,HC_HI,89,2877,20787507,20260524
2290,5,16,HC_HI,90,2172,20787507,20260524
2291,5,16,HC_HI,91,2563,20787507,20260524
2292,5,16,HC_HI,92,1626,20787507,20260524
2293,5,16,HC_HI,93,2764,20787507,20260524
2294,5,16,HC_HI,94,2526,20787507,20260524
2295,5,16,HC_HI,95,2395,20787507,20260524
2296,5,16,HC_HI,96,1690,20787507,20260524
2297,5,16,HC_HI,97,903,20787507,20260524
2298,5,16,HC_HI,98,1026,20787507,20260524
2299,5,16,HC_HI,99,123,20787507,20260524
2300,5,16,HC_HI,100,2697,20787507,20260524
2301,5,16,HC_HI,101,1826,20787507,20260524
2302,5,16,HC_HI,102,1434,20787507,20260524
2303,5,16,HC_HI,103,1719,20787507,20260524
2304,5,16,HC_HI,104,183,20787507,20260524
2305,5,16,HC_HI,105,2012,20787507,20260524
2306,5,16,HC_HI,106,41,20787507,20260524
2307,5,16,HC_HI,107,1676,20787507,20260524
2308,5,16,HC_HI,108,74,20787507,20260524
2309,5,16,HC_HI,109,2553,20787507,20260524
2310,5,16,HC_HI,110,2961,20787507,20260524
2311,5,16,HC_HI,111,56,20787507,20260524
2312,5,16,HC_HI,112,1882,20787507,20260524
2313,5,16,HC_HI,113,279,20787507,20260524
2314,5,16,HC_HI,114,2519,20787507,20260524
2315,5,16,HC_HI,115,1005,20787507,20260524
2316,5,16,HC_HI,116,2768,20787507,20260524
2317,5,16,HC_HI,117,1494,20787507,20260524
2318,5,16,HC_HI,118,2330,20787507,20260524
2319,5,16,HC_HI,119,2224,20787507,20260524
2320,5,16,HC_HI,120,2325,20787507,20260524
2321,5,16,HC_HI,121,1045,20787507,20260524
2322,5,16,HC_HI,122,2183,20787507,20260524
2323,5,16,HC_HI,123,1824,20787507,20260524
2324,5,16,HC_HI,124,2172,20787507,20260524
2325,5,16,HC_HI,125,2845,20787507,20260524
2326,5,16,HC_HI,126,1918,20787507,20260524
2327,5,16,HC_HI,127,604,20787507,20260524
2328,5,16,HC_HI,128,1198,20787507,20260524
2329,5,16,HC_HI,129,1927,20787507,20260524
2330,5,16,HC_HI,130,2378,20787507,20260524
2331,5,16,HC_HI,131,2510,20787507,20260524
2332,5,16,HC_HI,132,183,20787507,20260524
2333,5,16,HC_HI,133,421,20787507,20260524
2334,5,16,HC_HI,134,1928,20787507,20260524
2335,5,16,HC_HI,135,1464,20787507,20260524
2336,5,16,HC_HI,136,1755,20787507,20260524
2337,5,16,HC_HI,137,1919,20787507,20260524
2338,5,16,HC_HI,138,544,20787507,20260524
2339,5,16,HC_HI,139,1626,20787507,20260524
2340,5,16,HC_HI,140,1422,20787507,20260524
2341,5,16,HC_HI,141,56,20787507,20260524
2342,5,16,HC_HI,142,1219,20787507,20260524
2343,5,16,HC_HI,143,2613,20787507,20260524
2344,5,16,HC_HI,144,1824,20787507,20260524
2345,5,16,HC_HI,145,236,20787507,20260524
2346,5,16,HC_HI,146,841,20787507,20260524
2347,5,16,HC_HI,147,2803,20787507,20260524
2348,5,16,HC_HI,148,94,20787507,20260524
2349,5,16,HC_HI,149,2275,20787507,20260524
2350,5,16,HC_HI,150,2732,20787507,20260524
2351,5,16,HC_HI,151,1690,20787507,20260524
2352,5,16,HC_HI,152,57,20787507,20260524
2353,5,16,HC_HI,153,1965,20787507,20260524
2354,5,16,HC_HI,154,1052,20787507,20260524
2355,5,16,HC_HI,155,1605,20787507,20260524
2356,5,16,HC_HI,156,1045,20787507,20260524
2357,5,16,HC_HI,157,1544,20787507,20260524
2358,5,16,HC_HI,158,2973,20787507,20260524
2359,5,16,HC_HI,159,1026,20787507,20260524
2360,5,16,HC_HI,160,735,20787507,20260524
2361,5,16,HC_HI,161,2082,20787507,20260524
2362,5,16,HC_HI,162,982,20787507,20260524
2363,5,16,HC_HI,163,2462,20787507,20260524
2364,5,16,HC_HI,164,1735,20787507,20260524
2365,5,16,HC_HI,165,1154,20787507,20260524
2366,5,16,HC_HI,166,607,20787507,20260524
2367,5,16,HC_HI,167,109,20787507,20260524
2368,5,16,HC_HI,168,74,20787507,20260524
2369,5,16,HC_HI,169,123,20787507,20260524
2370,5,16,HC_HI,170,49,20787507,20260524
2371,5,16,HC_HI,171,1154,20787507,20260524
2372,5,16,HC_HI,172,2397,20787507,20260524
2373,5,16,HC_HI,173,2172,20787507,20260524
2374,5,16,HC_HI,174,2768,20787507,20260524
2375,5,16,HC_HI,175,1207,20787507,20260524
2376,5,16,HC_HI,176,2845,20787507,20260524
2377,5,16,HC_HI,177,1690,20787507,20260524
2378,5,16,HC_HI,178,578,20787507,20260524
2379,5,16,HC_HI,179,2378,20787507,20260524
2380,5,16,HC_HI,180,2794,20787507,20260524
2381,5,16,HC_HI,181,1034,20787507,20260524
2382,5,16,HC_HI,182,2877,20787507,20260524
2383,5,16,HC_HI,183,1735,20787507,20260524
2384,5,16,HC_HI,184,1723,20787507,20260524
2385,5,16,HC_HI,185,1005,20787507,20260524
2386,5,16,HC_HI,186,2606,20787507,20260524
2387,5,16,HC_HI,187,1755,20787507,20260524
2388,5,16,HC_HI,188,2424,20787507,20260524
2389,5,16,HC_HI,189,607,20787507,20260524
2390,5,16,HC_HI,190,1612,20787507,20260524
2391,5,16,HC_HI,191,2381,20787507,20260524
2392,5,16,HC_HI,192,2968,20787507,20260524
2393,5,16,HC_HI,193,1195,20787507,20260524
2394,5,16,HC_HI,194,262,20787507,20260524
2395,5,16,HC_HI,195,2768,20787507,20260524
2396,5,16,HC_HI,196,1215,20787507,20260524
2397,5,16,HC_HI,197,1198,20787507,20260524
2398,5,16,HC_HI,198,717,20787507,20260524
2399,5,16,HC_HI,199,1295,20787507,20260524
2400,5,16,HC_LI,0,2055,20787507,20260524
2401,5,16,HC_LI,1,1087,20787507,20260524
2402,5,16,HC_LI,2,2393,20787507,20260524
2403,5,16,HC_LI,3,2288,20787507,20260524
2404,5,16,HC_LI,4,2139,20787507,20260524
2405,5,16,HC_LI,5,164,20787507,20260524
2406,5,16,HC_LI,6,1777,20787507,20260524
2407,5,16,HC_LI,7,2461,20787507,20260524
2408,5,16,HC_LI,8,550,20787507,20260524
2409,5,16,HC_LI,9,1546,20787507,20260524
2410,5,16,HC_LI,10,2196,20787507,20260524
2411,5,16,HC_LI,11,405,20787507,20260524
2412,5,16,HC_LI,12,806,20787507,20260524
2413,5,16,HC_LI,13,2138,20787507,20260524
2414,5,16,HC_LI,14,1188,20787507,20260524
2415,5,16,HC_LI,15,457,20787507,20260524
2416,5,16,HC_LI,16,2144,20787507,20260524
2417,5,16,HC_LI,17,1220,20787507,20260524
2418,5,16,HC_LI,18,1413,20787507,20260524
2419,5,16,HC_LI,19,2744,20787507,20260524
2420,5,16,HC_LI,20,540,20787507,20260524
2421,5,16,HC_LI,21,752,20787507,20260524
2422,5,16,HC_LI,22,1087,20787507,20260524
2423,5,16,HC_LI,23,104,20787507,20260524
2424,5,16,HC_LI,24,1473,20787507,20260524
2425,5,16,HC_LI,25,2894,20787507,20260524
2426,5,16,HC_LI,26,2055,20787507,20260524
2427,5,16,HC_LI,27,1962,20787507,20260524
2428,5,16,HC_LI,28,1416,20787507,20260524
2429,5,16,HC_LI,29,2512,20787507,20260524
2430,5,16,HC_LI,30,2045,20787507,20260524
2431,5,16,HC_LI,31,1111,20787507,20260524
2432,5,16,HC_LI,32,1627,20787507,20260524
2433,5,16,HC_LI,33,1261,20787507,20260524
2434,5,16,HC_LI,34,2345,20787507,20260524
2435,5,16,HC_LI,35,2425,20787507,20260524
2436,5,16,HC_LI,36,2582,20787507,20260524
2437,5,16,HC_LI,37,2861,20787507,20260524
2438,5,16,HC_LI,38,1502,20787507,20260524
2439,5,16,HC_LI,39,2232,20787507,20260524
2440,5,16,HC_LI,40,2599,20787507,20260524
2441,5,16,HC_LI,41,550,20787507,20260524
2442,5,16,HC_LI,42,1108,20787507,20260524
2443,5,16,HC_LI,43,1169,20787507,20260524
2444,5,16,HC_LI,44,115,20787507,20260524
2445,5,16,HC_LI,45,515,20787507,20260524
2446,5,16,HC_LI,46,1895,20787507,20260524
2447,5,16,HC_LI,47,126,20787507,20260524
2448,5,16,HC_LI,48,561,20787507,20260524
2449,5,16,HC_LI,49,2894,20787507,20260524
2450,5,16,HC_LI,50,1895,20787507,20260524
2451,5,16,HC_LI,51,970,20787507,20260524
2452,5,16,HC_LI,52,1089,20787507,20260524
2453,5,16,HC_LI,53,1578,20787507,20260524
2454,5,16,HC_LI,54,711,20787507,20260524
2455,5,16,HC_LI,55,2589,20787507,20260524
2456,5,16,HC_LI,56,104,20787507,20260524
2457,5,16,HC_LI,57,2161,20787507,20260524
2458,5,16,HC_LI,58,1279,20787507,20260524
2459,5,16,HC_LI,59,2620,20787507,20260524
2460,5,16,HC_LI,60,2761,20787507,20260524
2461,5,16,HC_LI,61,248,20787507,20260524
2462,5,16,HC_LI,62,2761,20787507,20260524
2463,5,16,HC_LI,63,155,20787507,20260524
2464,5,16,HC_LI,64,2829,20787507,20260524
2465,5,16,HC_LI,65,2862,20787507,20260524
2466,5,16,HC_LI,66,2988,20787507,20260524
2467,5,16,HC_LI,67,2089,20787507,20260524
2468,5,16,HC_LI,68,1720,20787507,20260524
2469,5,16,HC_LI,69,1099,20787507,20260524
2470,5,16,HC_LI,70,687,20787507,20260524
2471,5,16,HC_LI,71,993,20787507,20260524
2472,5,16,HC_LI,72,2671,20787507,20260524
2473,5,16,HC_LI,73,2854,20787507,20260524
2474,5,16,HC_LI,74,405,20787507,20260524
2475,5,16,HC_LI,75,2328,20787507,20260524
2476,5,16,HC_LI,76,1103,20787507,20260524
2477,5,16,HC_LI,77,2861,20787507,20260524
2478,5,16,HC_LI,78,904,20787507,20260524
2479,5,16,HC_LI,79,98,20787507,20260524
2480,5,16,HC_LI,80,1343,20787507,20260524
2481,5,16,HC_LI,81,2125,20787507,20260524
2482,5,16,HC_LI,82,970,20787507,20260524
2483,5,16,HC_LI,83,164,20787507,20260524
2484,5,16,HC_LI,84,2488,20787507,20260524
2485,5,16,HC_LI,85,1263,20787507,20260524
2486,5,16,HC_LI,86,1961,20787507,20260524
2487,5,16,HC_LI,87,1595,20787507,20260524
2488,5,16,HC_LI,88,310,20787507,20260524
2489,5,16,HC_LI,89,334,20787507,20260524
2490,5,16,HC_LI,90,2023,20787507,20260524
2491,5,16,HC_LI,91,987,20787507,20260524
2492,5,16,HC_LI,92,1089,20787507,20260524
2493,5,16,HC_LI,93,54,20787507,20260524
2494,5,16,HC_LI,94,827,20787507,20260524
2495,5,16,HC_LI,95,970,20787507,20260524
2496,5,16,HC_LI,96,993,20787507,20260524
2497,5,16,HC_LI,97,687,20787507,20260524
2498,5,16,HC_LI,98,195,20787507,20260524
2499,5,16,HC_LI,99,1060,20787507,20260524
2500,5,16,HC_LI,100,993,20787507,20260524
2501,5,16,HC_LI,101,1710,20787507,20260524
2502,5,16,HC_LI,102,711,20787507,20260524
2503,5,16,HC_LI,103,1132,20787507,20260524
2504,5,16,HC_LI,104,1283,20787507,20260524
2505,5,16,HC_LI,105,1199,20787507,20260524
2506,5,16,HC_LI,106,332,20787507,20260524
2507,5,16,HC_LI,107,786,20787507,20260524
2508,5,16,HC_LI,108,2178,20787507,20260524
2509,5,16,HC_LI,109,475,20787507,20260524
2510,5,16,HC_LI,110,1457,20787507,20260524
2511,5,16,HC_LI,111,2975,20787507,20260524
2512,5,16,HC_LI,112,2550,20787507,20260524
2513,5,16,HC_LI,113,1429,20787507,20260524
2514,5,16,HC_LI,114,2832,20787507,20260524
2515,5,16,HC_LI,115,873,20787507,20260524
2516,5,16,HC_LI,116,1661,20787507,20260524
2517,5,16,HC_LI,117,2161,20787507,20260524
2518,5,16,HC_LI,118,994,20787507,20260524
2519,5,16,HC_LI,119,711,20787507,20260524
2520,5,16,HC_LI,120,1132,20787507,20260524
2521,5,16,HC_LI,121,2988,20787507,20260524
2522,5,16,HC_LI,122,2789,20787507,20260524
2523,5,16,HC_LI,123,2988,20787507,20260524
2524,5,16,HC_LI,124,2829,20787507,20260524
2525,5,16,HC_LI,125,2444,20787507,20260524
2526,5,16,HC_LI,126,1031,20787507,20260524
2527,5,16,HC_LI,127,2550,20787507,20260524
2528,5,16,HC_LI,128,2634,20787507,20260524
2529,5,16,HC_LI,129,1440,20787507,20260524
2530,5,16,HC_LI,130,2045,20787507,20260524
2531,5,16,HC_LI,131,457,20787507,20260524
2532,5,16,HC_LI,132,1413,20787507,20260524
2533,5,16,HC_LI,133,2730,20787507,20260524
2534,5,16,HC_LI,134,1101,20787507,20260524
2535,5,16,HC_LI,135,1662,20787507,20260524
2536,5,16,HC_LI,136,1532,20787507,20260524
2537,5,16,HC_LI,137,2881,20787507,20260524
2538,5,16,HC_LI,138,188,20787507,20260524
2539,5,16,HC_LI,139,2471,20787507,20260524
2540,5,16,HC_LI,140,1102,20787507,20260524
2541,5,16,HC_LI,141,2232,20787507,20260524
2542,5,16,HC_LI,142,1802,20787507,20260524
2543,5,16,HC_LI,143,515,20787507,20260524
2544,5,16,HC_LI,144,2425,20787507,20260524
2545,5,16,HC_LI,145,1487,20787507,20260524
2546,5,16,HC_LI,146,415,20787507,20260524
2547,5,16,HC_LI,147,586,20787507,20260524
2548,5,16,HC_LI,148,590,20787507,20260524
2549,5,16,HC_LI,149,90,20787507,20260524
2550,5,16,HC_LI,150,1765,20787507,20260524
2551,5,16,HC_LI,151,1416,20787507,20260524
2552,5,16,HC_LI,152,2599,20787507,20260524
2553,5,16,HC_LI,153,873,20787507,20260524
2554,5,16,HC_LI,154,1102,20787507,20260524
2555,5,16,HC_LI,155,1108,20787507,20260524
2556,5,16,HC_LI,156,2788,20787507,20260524
2557,5,16,HC_LI,157,1710,20787507,20260524
2558,5,16,HC_LI,158,970,20787507,20260524
2559,5,16,HC_LI,159,1188,20787507,20260524
2560,5,16,HC_LI,160,2769,20787507,20260524
2561,5,16,HC_LI,161,1962,20787507,20260524
2562,5,16,HC_LI,162,340,20787507,20260524
2563,5,16,HC_LI,163,846,20787507,20260524
2564,5,16,HC_LI,164,1802,20787507,20260524
2565,5,16,HC_LI,165,1857,20787507,20260524
2566,5,16,HC_LI,166,2089,20787507,20260524
2567,5,16,HC_LI,167,2620,20787507,20260524
2568,5,16,HC_LI,168,2599,20787507,20260524
2569,5,16,HC_LI,169,2575,20787507,20260524
2570,5,16,HC_LI,170,1263,20787507,20260524
2571,5,16,HC_LI,171,2350,20787507,20260524
2572,5,16,HC_LI,172,195,20787507,20260524
2573,5,16,HC_LI,173,126,20787507,20260524
2574,5,16,HC_LI,174,2777,20787507,20260524
2575,5,16,HC_LI,175,2192,20787507,20260524
2576,5,16,HC_LI,176,2829,20787507,20260524
2577,5,16,HC_LI,177,2357,20787507,20260524
2578,5,16,HC_LI,178,1777,20787507,20260524
2579,5,16,HC_LI,179,2192,20787507,20260524
2580,5,16,HC_LI,180,657,20787507,20260524
2581,5,16,HC_LI,181,2403,20787507,20260524
2582,5,16,HC_LI,182,2590,20787507,20260524
2583,5,16,HC_LI,183,1103,20787507,20260524
2584,5,16,HC_LI,184,2587,20787507,20260524
2585,5,16,HC_LI,185,2545,20787507,20260524
2586,5,16,HC_LI,186,983,20787507,20260524
2587,5,16,HC_LI,187,248,20787507,20260524
2588,5,16,HC_LI,188,2933,20787507,20260524
2589,5,16,HC_LI,189,1693,20787507,20260524
2590,5,16,HC_LI,190,2589,20787507,20260524
2591,5,16,HC_LI,191,969,20787507,20260524
2592,5,16,HC_LI,192,590,20787507,20260524
2593,5,16,HC_LI,193,739,20787507,20260524
2594,5,16,HC_LI,194,2525,20787507,20260524
2595,5,16,HC_LI,195,2924,20787507,20260524
2596,5,16,HC_LI,196,405,20787507,20260524
2597,5,16,HC_LI,197,2589,20787507,20260524
2598,5,16,HC_LI,198,1595,20787507,20260524
2599,5,16,HC_LI,199,553,20787507,20260524
2600,5,16,LC_HI,0,2440,20787507,20260524
2601,5,16,LC_HI,1,289,20787507,20260524
2602,5,16,LC_HI,2,714,20787507,20260524
2603,5,16,LC_HI,3,2075,20787507,20260524
2604,5,16,LC_HI,4,445,20787507,20260524
2605,5,16,LC_HI,5,2562,20787507,20260524
2606,5,16,LC_HI,6,2305,20787507,20260524
2607,5,16,LC_HI,7,980,20787507,20260524
2608,5,16,LC_HI,8,2321,20787507,20260524
2609,5,16,LC_HI,9,336,20787507,20260524
2610,5,16,LC_HI,10,2684,20787507,20260524
2611,5,16,LC_HI,11,1518,20787507,20260524
2612,5,16,LC_HI,12,2081,20787507,20260524
2613,5,16,LC_HI,13,1328,20787507,20260524
2614,5,16,LC_HI,14,1228,20787507,20260524
2615,5,16,LC_HI,15,1703,20787507,20260524
2616,5,16,LC_HI,16,2890,20787507,20260524
2617,5,16,LC_HI,17,2392,20787507,20260524
2618,5,16,LC_HI,18,1411,20787507,20260524
2619,5,16,LC_HI,19,2666,20787507,20260524
2620,5,16,LC_HI,20,1321,20787507,20260524
2621,5,16,LC_HI,21,709,20787507,20260524
2622,5,16,LC_HI,22,2541,20787507,20260524
2623,5,16,LC_HI,23,2238,20787507,20260524
2624,5,16,LC_HI,24,296,20787507,20260524
2625,5,16,LC_HI,25,1127,20787507,20260524
2626,5,16,LC_HI,26,1639,20787507,20260524
2627,5,16,LC_HI,27,2262,20787507,20260524
2628,5,16,LC_HI,28,2047,20787507,20260524
2629,5,16,LC_HI,29,691,20787507,20260524
2630,5,16,LC_HI,30,136,20787507,20260524
2631,5,16,LC_HI,31,1845,20787507,20260524
2632,5,16,LC_HI,32,819,20787507,20260524
2633,5,16,LC_HI,33,925,20787507,20260524
2634,5,16,LC_HI,34,274,20787507,20260524
2635,5,16,LC_HI,35,598,20787507,20260524
2636,5,16,LC_HI,36,1319,20787507,20260524
2637,5,16,LC_HI,37,734,20787507,20260524
2638,5,16,LC_HI,38,289,20787507,20260524
2639,5,16,LC_HI,39,142,20787507,20260524
2640,5,16,LC_HI,40,216,20787507,20260524
2641,5,16,LC_HI,41,2875,20787507,20260524
2642,5,16,LC_HI,42,1011,20787507,20260524
2643,5,16,LC_HI,43,2786,20787507,20260524
2644,5,16,LC_HI,44,2770,20787507,20260524
2645,5,16,LC_HI,45,2321,20787507,20260524
2646,5,16,LC_HI,46,807,20787507,20260524
2647,5,16,LC_HI,47,1622,20787507,20260524
2648,5,16,LC_HI,48,1582,20787507,20260524
2649,5,16,LC_HI,49,2407,20787507,20260524
2650,5,16,LC_HI,50,372,20787507,20260524
2651,5,16,LC_HI,51,2315,20787507,20260524
2652,5,16,LC_HI,52,1975,20787507,20260524
2653,5,16,LC_HI,53,455,20787507,20260524
2654,5,16,LC_HI,54,2073,20787507,20260524
2655,5,16,LC_HI,55,2528,20787507,20260524
2656,5,16,LC_HI,56,1573,20787507,20260524
2657,5,16,LC_HI,57,1718,20787507,20260524
2658,5,16,LC_HI,58,768,20787507,20260524
2659,5,16,LC_HI,59,2986,20787507,20260524
2660,5,16,LC_HI,60,734,20787507,20260524
2661,5,16,LC_HI,61,554,20787507,20260524
2662,5,16,LC_HI,62,2774,20787507,20260524
2663,5,16,LC_HI,63,1324,20787507,20260524
2664,5,16,LC_HI,64,2875,20787507,20260524
2665,5,16,LC_HI,65,1658,20787507,20260524
2666,5,16,LC_HI,66,2106,20787507,20260524
2667,5,16,LC_HI,67,403,20787507,20260524
2668,5,16,LC_HI,68,2541,20787507,20260524
2669,5,16,LC_HI,69,1664,20787507,20260524
2670,5,16,LC_HI,70,229,20787507,20260524
2671,5,16,LC_HI,71,2905,20787507,20260524
2672,5,16,LC_HI,72,2440,20787507,20260524
2673,5,16,LC_HI,73,216,20787507,20260524
2674,5,16,LC_HI,74,2094,20787507,20260524
2675,5,16,LC_HI,75,2890,20787507,20260524
2676,5,16,LC_HI,76,436,20787507,20260524
2677,5,16,LC_HI,77,2262,20787507,20260524
2678,5,16,LC_HI,78,1540,20787507,20260524
2679,5,16,LC_HI,79,615,20787507,20260524
2680,5,16,LC_HI,80,136,20787507,20260524
2681,5,16,LC_HI,81,271,20787507,20260524
2682,5,16,LC_HI,82,1529,20787507,20260524
2683,5,16,LC_HI,83,768,20787507,20260524
2684,5,16,LC_HI,84,1955,20787507,20260524
2685,5,16,LC_HI,85,2307,20787507,20260524
2686,5,16,LC_HI,86,38,20787507,20260524
2687,5,16,LC_HI,87,356,20787507,20260524
2688,5,16,LC_HI,88,1681,20787507,20260524
2689,5,16,LC_HI,89,1811,20787507,20260524
2690,5,16,LC_HI,90,1552,20787507,20260524
2691,5,16,LC_HI,91,1582,20787507,20260524
2692,5,16,LC_HI,92,430,20787507,20260524
2693,5,16,LC_HI,93,206,20787507,20260524
2694,5,16,LC_HI,94,2441,20787507,20260524
2695,5,16,LC_HI,95,2024,20787507,20260524
2696,5,16,LC_HI,96,2899,20787507,20260524
2697,5,16,LC_HI,97,432,20787507,20260524
2698,5,16,LC_HI,98,2749,20787507,20260524
2699,5,16,LC_HI,99,1482,20787507,20260524
2700,5,16,LC_HI,100,403,20787507,20260524
2701,5,16,LC_HI,101,795,20787507,20260524
2702,5,16,LC_HI,102,2075,20787507,20260524
2703,5,16,LC_HI,103,1127,20787507,20260524
2704,5,16,LC_HI,104,2503,20787507,20260524
2705,5,16,LC_HI,105,631,20787507,20260524
2706,5,16,LC_HI,106,2094,20787507,20260524
2707,5,16,LC_HI,107,1474,20787507,20260524
2708,5,16,LC_HI,108,2392,20787507,20260524
2709,5,16,LC_HI,109,2565,20787507,20260524
2710,5,16,LC_HI,110,917,20787507,20260524
2711,5,16,LC_HI,111,1571,20787507,20260524
2712,5,16,LC_HI,112,445,20787507,20260524
2713,5,16,LC_HI,113,647,20787507,20260524
2714,5,16,LC_HI,114,709,20787507,20260524
2715,5,16,LC_HI,115,1878,20787507,20260524
2716,5,16,LC_HI,116,874,20787507,20260524
2717,5,16,LC_HI,117,255,20787507,20260524
2718,5,16,LC_HI,118,323,20787507,20260524
2719,5,16,LC_HI,119,2441,20787507,20260524
2720,5,16,LC_HI,120,2309,20787507,20260524
2721,5,16,LC_HI,121,1829,20787507,20260524
2722,5,16,LC_HI,122,255,20787507,20260524
2723,5,16,LC_HI,123,1982,20787507,20260524
2724,5,16,LC_HI,124,1811,20787507,20260524
2725,5,16,LC_HI,125,51,20787507,20260524
2726,5,16,LC_HI,126,619,20787507,20260524
2727,5,16,LC_HI,127,2409,20787507,20260524
2728,5,16,LC_HI,128,1326,20787507,20260524
2729,5,16,LC_HI,129,2770,20787507,20260524
2730,5,16,LC_HI,130,647,20787507,20260524
2731,5,16,LC_HI,131,2244,20787507,20260524
2732,5,16,LC_HI,132,51,20787507,20260524
2733,5,16,LC_HI,133,1739,20787507,20260524
2734,5,16,LC_HI,134,2597,20787507,20260524
2735,5,16,LC_HI,135,2909,20787507,20260524
2736,5,16,LC_HI,136,807,20787507,20260524
2737,5,16,LC_HI,137,255,20787507,20260524
2738,5,16,LC_HI,138,473,20787507,20260524
2739,5,16,LC_HI,139,2887,20787507,20260524
2740,5,16,LC_HI,140,2503,20787507,20260524
2741,5,16,LC_HI,141,2684,20787507,20260524
2742,5,16,LC_HI,142,455,20787507,20260524
2743,5,16,LC_HI,143,2442,20787507,20260524
2744,5,16,LC_HI,144,2597,20787507,20260524
2745,5,16,LC_HI,145,2986,20787507,20260524
2746,5,16,LC_HI,146,1540,20787507,20260524
2747,5,16,LC_HI,147,1599,20787507,20260524
2748,5,16,LC_HI,148,958,20787507,20260524
2749,5,16,LC_HI,149,585,20787507,20260524
2750,5,16,LC_HI,150,2913,20787507,20260524
2751,5,16,LC_HI,151,1664,20787507,20260524
2752,5,16,LC_HI,152,1426,20787507,20260524
2753,5,16,LC_HI,153,496,20787507,20260524
2754,5,16,LC_HI,154,2460,20787507,20260524
2755,5,16,LC_HI,155,654,20787507,20260524
2756,5,16,LC_HI,156,456,20787507,20260524
2757,5,16,LC_HI,157,2044,20787507,20260524
2758,5,16,LC_HI,158,2262,20787507,20260524
2759,5,16,LC_HI,159,44,20787507,20260524
2760,5,16,LC_HI,160,445,20787507,20260524
2761,5,16,LC_HI,161,2653,20787507,20260524
2762,5,16,LC_HI,162,898,20787507,20260524
2763,5,16,LC_HI,163,2238,20787507,20260524
2764,5,16,LC_HI,164,1681,20787507,20260524
2765,5,16,LC_HI,165,1426,20787507,20260524
2766,5,16,LC_HI,166,311,20787507,20260524
2767,5,16,LC_HI,167,2013,20787507,20260524
2768,5,16,LC_HI,168,1228,20787507,20260524
2769,5,16,LC_HI,169,709,20787507,20260524
2770,5,16,LC_HI,170,2106,20787507,20260524
2771,5,16,LC_HI,171,1120,20787507,20260524
2772,5,16,LC_HI,172,917,20787507,20260524
2773,5,16,LC_HI,173,489,20787507,20260524
2774,5,16,LC_HI,174,898,20787507,20260524
2775,5,16,LC_HI,175,2061,20787507,20260524
2776,5,16,LC_HI,176,496,20787507,20260524
2777,5,16,LC_HI,177,826,20787507,20260524
2778,5,16,LC_HI,178,2305,20787507,20260524
2779,5,16,LC_HI,179,1925,20787507,20260524
2780,5,16,LC_HI,180,191,20787507,20260524
2781,5,16,LC_HI,181,1492,20787507,20260524
2782,5,16,LC_HI,182,2158,20787507,20260524
2783,5,16,LC_HI,183,2950,20787507,20260524
2784,5,16,LC_HI,184,1540,20787507,20260524
2785,5,16,LC_HI,185,2770,20787507,20260524
2786,5,16,LC_HI,186,2562,20787507,20260524
2787,5,16,LC_HI,187,1639,20787507,20260524
2788,5,16,LC_HI,188,2781,20787507,20260524
2789,5,16,LC_HI,189,805,20787507,20260524
2790,5,16,LC_HI,190,508,20787507,20260524
2791,5,16,LC_HI,191,1618,20787507,20260524
2792,5,16,LC_HI,192,2392,20787507,20260524
2793,5,16,LC_HI,193,2266,20787507,20260524
2794,5,16,LC_HI,194,809,20787507,20260524
2795,5,16,LC_HI,195,2321,20787507,20260524
2796,5,16,LC_HI,196,2887,20787507,20260524
2797,5,16,LC_HI,197,2749,20787507,20260524
2798,5,16,LC_HI,198,2258,20787507,20260524
2799,5,16,LC_HI,199,2984,20787507,20260524
2800,5,16,LC_LI,0,1019,20787507,20260524
2801,5,16,LC_LI,1,2263,20787507,20260524
2802,5,16,LC_LI,2,907,20787507,20260524
2803,5,16,LC_LI,3,2071,20787507,20260524
2804,5,16,LC_LI,4,1596,20787507,20260524
2805,5,16,LC_LI,5,349,20787507,20260524
2806,5,16,LC_LI,6,1165,20787507,20260524
2807,5,16,LC_LI,7,1665,20787507,20260524
2808,5,16,LC_LI,8,2896,20787507,20260524
2809,5,16,LC_LI,9,2308,20787507,20260524
2810,5,16,LC_LI,10,1165,20787507,20260524
2811,5,16,LC_LI,11,694,20787507,20260524
2812,5,16,LC_LI,12,1932,20787507,20260524
2813,5,16,LC_LI,13,558,20787507,20260524
2814,5,16,LC_LI,14,2191,20787507,20260524
2815,5,16,LC_LI,15,1150,20787507,20260524
2816,5,16,LC_LI,16,1764,20787507,20260524
2817,5,16,LC_LI,17,45,20787507,20260524
2818,5,16,LC_LI,18,373,20787507,20260524
2819,5,16,LC_LI,19,2231,20787507,20260524
2820,5,16,LC_LI,20,1055,20787507,20260524
2821,5,16,LC_LI,21,907,20787507,20260524
2822,5,16,LC_LI,22,2852,20787507,20260524
2823,5,16,LC_LI,23,1447,20787507,20260524
2824,5,16,LC_LI,24,2118,20787507,20260524
2825,5,16,LC_LI,25,831,20787507,20260524
2826,5,16,LC_LI,26,2209,20787507,20260524
2827,5,16,LC_LI,27,2026,20787507,20260524
2828,5,16,LC_LI,28,2109,20787507,20260524
2829,5,16,LC_LI,29,610,20787507,20260524
2830,5,16,LC_LI,30,1081,20787507,20260524
2831,5,16,LC_LI,31,610,20787507,20260524
2832,5,16,LC_LI,32,1721,20787507,20260524
2833,5,16,LC_LI,33,118,20787507,20260524
2834,5,16,LC_LI,34,2994,20787507,20260524
2835,5,16,LC_LI,35,290,20787507,20260524
2836,5,16,LC_LI,36,1869,20787507,20260524
2837,5,16,LC_LI,37,2593,20787507,20260524
2838,5,16,LC_LI,38,1682,20787507,20260524
2839,5,16,LC_LI,39,708,20787507,20260524
2840,5,16,LC_LI,40,1985,20787507,20260524
2841,5,16,LC_LI,41,1519,20787507,20260524
2842,5,16,LC_LI,42,1183,20787507,20260524
2843,5,16,LC_LI,43,697,20787507,20260524
2844,5,16,LC_LI,44,124,20787507,20260524
2845,5,16,LC_LI,45,1554,20787507,20260524
2846,5,16,LC_LI,46,1390,20787507,20260524
2847,5,16,LC_LI,47,2711,20787507,20260524
2848,5,16,LC_LI,48,46,20787507,20260524
2849,5,16,LC_LI,49,1339,20787507,20260524
2850,5,16,LC_LI,50,306,20787507,20260524
2851,5,16,LC_LI,51,704,20787507,20260524
2852,5,16,LC_LI,52,1081,20787507,20260524
2853,5,16,LC_LI,53,2895,20787507,20260524
2854,5,16,LC_LI,54,349,20787507,20260524
2855,5,16,LC_LI,55,599,20787507,20260524
2856,5,16,LC_LI,56,364,20787507,20260524
2857,5,16,LC_LI,57,537,20787507,20260524
2858,5,16,LC_LI,58,2711,20787507,20260524
2859,5,16,LC_LI,59,1150,20787507,20260524
2860,5,16,LC_LI,60,2351,20787507,20260524
2861,5,16,LC_LI,61,2691,20787507,20260524
2862,5,16,LC_LI,62,713,20787507,20260524
2863,5,16,LC_LI,63,2420,20787507,20260524
2864,5,16,LC_LI,64,306,20787507,20260524
2865,5,16,LC_LI,65,907,20787507,20260524
2866,5,16,LC_LI,66,1916,20787507,20260524
2867,5,16,LC_LI,67,2308,20787507,20260524
2868,5,16,LC_LI,68,1764,20787507,20260524
2869,5,16,LC_LI,69,822,20787507,20260524
2870,5,16,LC_LI,70,2361,20787507,20260524
2871,5,16,LC_LI,71,2361,20787507,20260524
2872,5,16,LC_LI,72,254,20787507,20260524
2873,5,16,LC_LI,73,2717,20787507,20260524
2874,5,16,LC_LI,74,392,20787507,20260524
2875,5,16,LC_LI,75,1834,20787507,20260524
2876,5,16,LC_LI,76,2677,20787507,20260524
2877,5,16,LC_LI,77,308,20787507,20260524
2878,5,16,LC_LI,78,2577,20787507,20260524
2879,5,16,LC_LI,79,2287,20787507,20260524
2880,5,16,LC_LI,80,118,20787507,20260524
2881,5,16,LC_LI,81,467,20787507,20260524
2882,5,16,LC_LI,82,2263,20787507,20260524
2883,5,16,LC_LI,83,2586,20787507,20260524
2884,5,16,LC_LI,84,138,20787507,20260524
2885,5,16,LC_LI,85,2031,20787507,20260524
2886,5,16,LC_LI,86,2109,20787507,20260524
2887,5,16,LC_LI,87,922,20787507,20260524
2888,5,16,LC_LI,88,2420,20787507,20260524
2889,5,16,LC_LI,89,2316,20787507,20260524
2890,5,16,LC_LI,90,175,20787507,20260524
2891,5,16,LC_LI,91,321,20787507,20260524
2892,5,16,LC_LI,92,2282,20787507,20260524
2893,5,16,LC_LI,93,1554,20787507,20260524
2894,5,16,LC_LI,94,2586,20787507,20260524
2895,5,16,LC_LI,95,2098,20787507,20260524
2896,5,16,LC_LI,96,995,20787507,20260524
2897,5,16,LC_LI,97,254,20787507,20260524
2898,5,16,LC_LI,98,2231,20787507,20260524
2899,5,16,LC_LI,99,2962,20787507,20260524
2900,5,16,LC_LI,100,2586,20787507,20260524
2901,5,16,LC_LI,101,2347,20787507,20260524
2902,5,16,LC_LI,102,713,20787507,20260524
2903,5,16,LC_LI,103,2087,20787507,20260524
2904,5,16,LC_LI,104,1381,20787507,20260524
2905,5,16,LC_LI,105,264,20787507,20260524
2906,5,16,LC_LI,106,1317,20787507,20260524
2907,5,16,LC_LI,107,1699,20787507,20260524
2908,5,16,LC_LI,108,610,20787507,20260524
2909,5,16,LC_LI,109,1057,20787507,20260524
2910,5,16,LC_LI,110,2191,20787507,20260524
2911,5,16,LC_LI,111,1067,20787507,20260524
2912,5,16,LC_LI,112,1554,20787507,20260524
2913,5,16,LC_LI,113,2351,20787507,20260524
2914,5,16,LC_LI,114,1374,20787507,20260524
2915,5,16,LC_LI,115,2098,20787507,20260524
2916,5,16,LC_LI,116,2677,20787507,20260524
2917,5,16,LC_LI,117,1150,20787507,20260524
2918,5,16,LC_LI,118,831,20787507,20260524
2919,5,16,LC_LI,119,2308,20787507,20260524
2920,5,16,LC_LI,120,905,20787507,20260524
2921,5,16,LC_LI,121,2347,20787507,20260524
2922,5,16,LC_LI,122,999,20787507,20260524
2923,5,16,LC_LI,123,2059,20787507,20260524
2924,5,16,LC_LI,124,2098,20787507,20260524
2925,5,16,LC_LI,125,48,20787507,20260524
2926,5,16,LC_LI,126,2019,20787507,20260524
2927,5,16,LC_LI,127,1205,20787507,20260524
2928,5,16,LC_LI,128,913,20787507,20260524
2929,5,16,LC_LI,129,208,20787507,20260524
2930,5,16,LC_LI,130,2209,20787507,20260524
2931,5,16,LC_LI,131,237,20787507,20260524
2932,5,16,LC_LI,132,1046,20787507,20260524
2933,5,16,LC_LI,133,791,20787507,20260524
2934,5,16,LC_LI,134,1390,20787507,20260524
2935,5,16,LC_LI,135,1475,20787507,20260524
2936,5,16,LC_LI,136,2147,20787507,20260524
2937,5,16,LC_LI,137,1554,20787507,20260524
2938,5,16,LC_LI,138,46,20787507,20260524
2939,5,16,LC_LI,139,2577,20787507,20260524
2940,5,16,LC_LI,140,524,20787507,20260524
2941,5,16,LC_LI,141,152,20787507,20260524
2942,5,16,LC_LI,142,1554,20787507,20260524
2943,5,16,LC_LI,143,998,20787507,20260524
2944,5,16,LC_LI,144,1519,20787507,20260524
2945,5,16,LC_LI,145,2263,20787507,20260524
2946,5,16,LC_LI,146,2757,20787507,20260524
2947,5,16,LC_LI,147,2236,20787507,20260524
2948,5,16,LC_LI,148,364,20787507,20260524
2949,5,16,LC_LI,149,2361,20787507,20260524
2950,5,16,LC_LI,150,999,20787507,20260524
2951,5,16,LC_LI,151,1587,20787507,20260524
2952,5,16,LC_LI,152,308,20787507,20260524
2953,5,16,LC_LI,153,2711,20787507,20260524
2954,5,16,LC_LI,154,2031,20787507,20260524
2955,5,16,LC_LI,155,825,20787507,20260524
2956,5,16,LC_LI,156,1764,20787507,20260524
2957,5,16,LC_LI,157,546,20787507,20260524
2958,5,16,LC_LI,158,956,20787507,20260524
2959,5,16,LC_LI,159,1381,20787507,20260524
2960,5,16,LC_LI,160,2287,20787507,20260524
2961,5,16,LC_LI,161,2026,20787507,20260524
2962,5,16,LC_LI,162,1665,20787507,20260524
2963,5,16,LC_LI,163,2019,20787507,20260524
2964,5,16,LC_LI,164,2568,20787507,20260524
2965,5,16,LC_LI,165,1708,20787507,20260524
2966,5,16,LC_LI,166,243,20787507,20260524
2967,5,16,LC_LI,167,1046,20787507,20260524
2968,5,16,LC_LI,168,859,20787507,20260524
2969,5,16,LC_LI,169,308,20787507,20260524
2970,5,16,LC_LI,170,1985,20787507,20260524
2971,5,16,LC_LI,171,956,20787507,20260524
2972,5,16,LC_LI,172,2994,20787507,20260524
2973,5,16,LC_LI,173,1682,20787507,20260524
2974,5,16,LC_LI,174,913,20787507,20260524
2975,5,16,LC_LI,175,373,20787507,20260524
2976,5,16,LC_LI,176,2757,20787507,20260524
2977,5,16,LC_LI,177,1171,20787507,20260524
2978,5,16,LC_LI,178,2071,20787507,20260524
2979,5,16,LC_LI,179,392,20787507,20260524
2980,5,16,LC_LI,180,2179,20787507,20260524
2981,5,16,LC_LI,181,2354,20787507,20260524
2982,5,16,LC_LI,182,1001,20787507,20260524
2983,5,16,LC_LI,183,2132,20787507,20260524
2984,5,16,LC_LI,184,290,20787507,20260524
2985,5,16,LC_LI,185,599,20787507,20260524
2986,5,16,LC_LI,186,2420,20787507,20260524
2987,5,16,LC_LI,187,1733,20787507,20260524
2988,5,16,LC_LI,188,2691,20787507,20260524
2989,5,16,LC_LI,189,1057,20787507,20260524
2990,5,16,LC_LI,190,1985,20787507,20260524
2991,5,16,LC_LI,191,599,20787507,20260524
2992,5,16,LC_LI,192,2852,20787507,20260524
2993,5,16,LC_LI,193,118,20787507,20260524
2994,5,16,LC_LI,194,610,20787507,20260524
2995,5,16,LC_LI,195,2308,20787507,20260524
2996,5,16,LC_LI,196,558,20787507,20260524
2997,5,16,LC_LI,197,1067,20787507,20260524
2998,5,16,LC_LI,198,212,20787507,20260524
2999,5,16,LC_LI,199,2287,20787507,20260524
3000,7,16,random,0,442,20987513,20260526
3001,7,16,random,1,363,20987513,20260526
3002,7,16,random,2,1477,20987513,20260526
3003,7,16,random,3,995,20987513,20260526
3004,7,16,random,4,2773,20987513,20260526
3005,7,16,random,5,1482,20987513,20260526
3006,7,16,random,6,2578,20987513,20260526
3007,7,16,random,7,760,20987513,20260526
3008,7,16,random,8,2445,20987513,20260526
3009,7,16,random,9,2097,20987513,20260526
3010,7,16,random,10,1954,20987513,20260526
3011,7,16,random,11,1480,20987513,20260526
3012,7,16,random,12,2964,20987513,20260526
3013,7,16,random,13,2387,20987513,20260526
3014,7,16,random,14,1755,20987513,20260526
3015,7,16,random,15,2298,20987513,20260526
3016,7,16,random,16,1750,20987513,20260526
3017,7,16,random,17,2669,20987513,20260526
3018,7,16,random,18,803,20987513,20260526
3019,7,16,random,19,559,20987513,20260526
3020,7,16,random,20,2321,20987513,20260526
3021,7,16,random,21,2183,20987513,20260526
3022,7,16,random,22,2409,20987513,20260526
3023,7,16,random,23,1425,20987513,20260526
3024,7,16,random,24,1685,20987513,20260526
3025,7,16,random,25,556,20987513,20260526
3026,7,16,random,26,332,20987513,20260526
3027,7,16,random,27,602,20987513,20260526
3028,7,16,random,28,1659,20987513,20260526
3029,7,16,random,29,545,20987513,20260526
3030,7,16,random,30,2598,20987513,20260526
3031,7,16,random,31,1981,20987513,20260526
3032,7,16,random,32,1623,20987513,20260526
3033,7,16,random,33,1763,20987513,20260526
3034,7,16,random,34,2077,20987513,20260526
3035,7,16,random,35,1207,20987513,20260526
3036,7,16,random,36,2048,20987513,20260526
3037,7,16,random,37,746,20987513,20260526
3038,7,16,random,38,1208,20987513,20260526
3039,7,16,random,39,2642,20987513,20260526
3040,7,16,random,40,1701,20987513,20260526
3041,7,16,random,41,1364,20987513,20260526
3042,7,16,random,42,1417,20987513,20260526
3043,7,16,random,43,1333,20987513,20260526
3044,7,16,random,44,356,20987513,20260526
3045,7,16,random,45,2702,20987513,20260526
3046,7,16,random,46,1451,20987513,20260526
3047,7,16,random,47,2481,20987513,20260526
3048,7,16,random,48,2579,20987513,20260526
3049,7,16,random,49,1882,20987513,20260526
3050,7,16,random,50,368,20987513,20260526
3051,7,16,random,51,644,20987513,20260526
3052,7,16,random,52,2881,20987513,20260526
3053,7,16,random,53,2473,20987513,20260526
3054,7,16,random,54,541,20987513,20260526
3055,7,16,random,55,1542,20987513,20260526
3056,7,16,random,56,1157,20987513,20260526
3057,7,16,random,57,1887,20987513,20260526
3058,7,16,random,58,2099,20987513,20260526
3059,7,16,random,59,2660,20987513,20260526
3060,7,16,random,60,1123,20987513,20260526
3061,7,16,random,61,523,20987513,20260526
3062,7,16,random,62,1107,20987513,20260526
3063,7,16,random,63,1439,20987513,20260526
3064,7,16,random,64,1325,20987513,20260526
3065,7,16,random,65,786,20987513,20260526
3066,7,16,random,66,2292,20987513,20260526
3067,7,16,random,67,2610,20987513,20260526
3068,7,16,random,68,2511,20987513,20260526
3069,7,16,random,69,1799,20987513,20260526
3070,7,16,random,70,2381,20987513,20260526
3071,7,16,random,71,2835,20987513,20260526
3072,7,16,random,72,1982,20987513,20260526
3073,7,16,random,73,1822,20987513,20260526
3074,7,16,random,74,132,20987513,20260526
3075,7,16,random,75,1168,20987513,20260526
3076,7,16,random,76,1506,20987513,20260526
3077,7,16,random,77,2976,20987513,20260526
3078,7,16,random,78,1798,20987513,20260526
3079,7,16,random,79,319,20987513,20260526
3080,7,16,random,80,2654,20987513,20260526
3081,7,16,random,81,2846,20987513,20260526
3082,7,16,random,82,2072,20987513,20260526
3083,7,16,random,83,2008,20987513,20260526
3084,7,16,random,84,967,20987513,20260526
3085,7,16,random,85,1894,20987513,20260526
3086,7,16,random,86,135,20987513,20260526
3087,7,16,random,87,1659,20987513,20260526
3088,7,16,random,88,1380,20987513,20260526
3089,7,16,random,89,1994,20987513,20260526
3090,7,16,random,90,141,20987513,20260526
3091,7,16,random,91,1011,20987513,20260526
3092,7,16,random,92,2187,20987513,20260526
3093,7,16,random,93,1746,20987513,20260526
3094,7,16,random,94,1427,20987513,20260526
3095,7,16,random,95,1915,20987513,20260526
3096,7,16,random,96,2380,20987513,20260526
3097,7,16,random,97,1756,20987513,20260526
3098,7,16,random,98,2282,20987513,20260526
3099,7,16,random,99,717,20987513,20260526
3100,7,16,random,100,517,20987513,20260526
3101,7,16,random,101,992,20987513,20260526
3102,7,16,random,102,151,20987513,20260526
3103,7,16,random,103,2251,20987513,20260526
3104,7,16,random,104,646,20987513,20260526
3105,7,16,random,105,773,20987513,20260526
3106,7,16,random,106,1809,20987513,20260526
3107,7,16,random,107,1410,20987513,20260526
3108,7,16,random,108,288,20987513,20260526
3109,7,16,random,109,2113,20987513,20260526
3110,7,16,random,110,765,20987513,20260526
3111,7,16,random,111,1839,20987513,20260526
3112,7,16,random,112,2766,20987513,20260526
3113,7,16,random,113,1348,20987513,20260526
3114,7,16,random,114,2051,20987513,20260526
3115,7,16,random,115,49,20987513,20260526
3116,7,16,random,116,2628,20987513,20260526
3117,7,16,random,117,186,20987513,20260526
3118,7,16,random,118,6,20987513,20260526
3119,7,16,random,119,2753,20987513,20260526
3120,7,16,random,120,830,20987513,20260526
3121,7,16,random,121,2352,20987513,20260526
3122,7,16,random,122,301,20987513,20260526
3123,7,16,random,123,994,20987513,20260526
3124,7,16,random,124,1204,20987513,20260526
3125,7,16,random,125,2437,20987513,20260526
3126,7,16,random,126,1518,20987513,20260526
3127,7,16,random,127,2682,20987513,20260526
3128,7,16,random,128,47,20987513,20260526
3129,7,16,random,129,1854,20987513,20260526
3130,7,16,random,130,1058,20987513,20260526
3131,7,16,random,131,2437,20987513,20260526
3132,7,16,random,132,305,20987513,20260526
3133,7,16,random,133,2502,20987513,20260526
3134,7,16,random,134,713,20987513,20260526
3135,7,16,random,135,546,20987513,20260526
3136,7,16,random,136,1453,20987513,20260526
3137,7,16,random,137,2372,20987513,20260526
3138,7,16,random,138,1750,20987513,20260526
3139,7,16,random,139,2415,20987513,20260526
3140,7,16,random,140,1540,20987513,20260526
3141,7,16,random,141,1053,20987513,20260526
3142,7,16,random,142,51,20987513,20260526
3143,7,16,random,143,2702,20987513,20260526
3144,7,16,random,144,117,20987513,20260526
3145,7,16,random,145,2714,20987513,20260526
3146,7,16,random,146,1409,20987513,20260526
3147,7,16,random,147,707,20987513,20260526
3148,7,16,random,148,798,20987513,20260526
3149,7,16,random,149,2835,20987513,20260526
3150,7,16,random,150,643,20987513,20260526
3151,7,16,random,151,1115,20987513,20260526
3152,7,16,random,152,1283,20987513,20260526
3153,7,16,random,153,293,20987513,20260526
3154,7,16,random,154,786,20987513,20260526
3155,7,16,random,155,2779,20987513,20260526
3156,7,16,random,156,1653,20987513,20260526
3157,7,16,random,157,1368,20987513,20260526
3158,7,16,random,158,817,20987513,20260526
3159,7,16,random,159,1157,20987513,20260526
3160,7,16,random,160,1482,20987513,20260526
3161,7,16,random,161,1411,20987513,20260526
3162,7,16,random,162,1764,20987513,20260526
3163,7,16,random,163,1955,20987513,20260526
3164,7,16,random,164,2183,20987513,20260526
3165,7,16,random,165,1764,20987513,20260526
3166,7,16,random,166,1190,20987513,20260526
3167,7,16,random,167,1501,20987513,20260526
3168,7,16,random,168,2695,20987513,20260526
3169,7,16,random,169,1882,20987513,20260526
3170,7,16,random,170,1717,20987513,20260526
3171,7,16,random,171,107,20987513,20260526
3172,7,16,random,172,1753,20987513,20260526
3173,7,16,random,173,2318,20987513,20260526
3174,7,16,random,174,876,20987513,20260526
3175,7,16,random,175,402,20987513,20260526
3176,7,16,random,176,2230,20987513,20260526
3177,7,16,random,177,274,20987513,20260526
3178,7,16,random,178,1957,20987513,20260526
3179,7,16,random,179,2816,20987513,20260526
3180,7,16,random,180,2198,20987513,20260526
3181,7,16,random,181,526,20987513,20260526
3182,7,16,random,182,1509,20987513,20260526
3183,7,16,random,183,1764,20987513,20260526
3184,7,16,random,184,868,20987513,20260526
3185,7,16,random,185,976,20987513,20260526
3186,7,16,random,186,2421,20987513,20260526
3187,7,16,random,187,1863,20987513,20260526
3188,7,16,random,188,2352,20987513,20260526
3189,7,16,random,189,660,20987513,20260526
3190,7,16,random,190,1786,20987513,20260526
3191,7,16,random,191,1220,20987513,20260526
3192,7,16,random,192,2272,20987513,20260526
3193,7,16,random,193,2833,20987513,20260526
3194,7,16,random,194,349,20987513,20260526
3195,7,16,random,195,1234,20987513,20260526
3196,7,16,random,196,2394,20987513,20260526
3197,7,16,random,197,795,20987513,20260526
3198,7,16,random,198,139,20987513,20260526
3199,7,16,random,199,882,20987513,20260526
3200,7,16,HC_HI,0,1587,20987513,20260526
3201,7,16,HC_HI,1,2580,20987513,20260526
3202,7,16,HC_HI,2,1805,20987513,20260526
3203,7,16,HC_HI,3,2605,20987513,20260526
3204,7,16,HC_HI,4,2266,20987513,20260526
3205,7,16,HC_HI,5,1537,20987513,20260526
3206,7,16,HC_HI,6,577,20987513,20260526
3207,7,16,HC_HI,7,2891,20987513,20260526
3208,7,16,HC_HI,8,219,20987513,20260526
3209,7,16,HC_HI,9,558,20987513,20260526
3210,7,16,HC_HI,10,248,20987513,20260526
3211,7,16,HC_HI,11,2568,20987513,20260526
3212,7,16,HC_HI,12,960,20987513,20260526
3213,7,16,HC_HI,13,558,20987513,20260526
3214,7,16,HC_HI,14,218,20987513,20260526
3215,7,16,HC_HI,15,553,20987513,20260526
3216,7,16,HC_HI,16,627,20987513,20260526
3217,7,16,HC_HI,17,1278,20987513,20260526
3218,7,16,HC_HI,18,1,20987513,20260526
3219,7,16,HC_HI,19,831,20987513,20260526
3220,7,16,HC_HI,20,1414,20987513,20260526
3221,7,16,HC_HI,21,807,20987513,20260526
3222,7,16,HC_HI,22,650,20987513,20260526
3223,7,16,HC_HI,23,1035,20987513,20260526
3224,7,16,HC_HI,24,576,20987513,20260526
3225,7,16,HC_HI,25,736,20987513,20260526
3226,7,16,HC_HI,26,2954,20987513,20260526
3227,7,16,HC_HI,27,2353,20987513,20260526
3228,7,16,HC_HI,28,2871,20987513,20260526
3229,7,16,HC_HI,29,1414,20987513,20260526
3230,7,16,HC_HI,30,124,20987513,20260526
3231,7,16,HC_HI,31,1634,20987513,20260526
3232,7,16,HC_HI,32,1754,20987513,20260526
3233,7,16,HC_HI,33,424,20987513,20260526
3234,7,16,HC_HI,34,1369,20987513,20260526
3235,7,16,HC_HI,35,1756,20987513,20260526
3236,7,16,HC_HI,36,173,20987513,20260526
3237,7,16,HC_HI,37,2075,20987513,20260526
3238,7,16,HC_HI,38,219,20987513,20260526
3239,7,16,HC_HI,39,2536,20987513,20260526
3240,7,16,HC_HI,40,1552,20987513,20260526
3241,7,16,HC_HI,41,1431,20987513,20260526
3242,7,16,HC_HI,42,218,20987513,20260526
3243,7,16,HC_HI,43,1086,20987513,20260526
3244,7,16,HC_HI,44,1911,20987513,20260526
3245,7,16,HC_HI,45,877,20987513,20260526
3246,7,16,HC_HI,46,2975,20987513,20260526
3247,7,16,HC_HI,47,1555,20987513,20260526
3248,7,16,HC_HI,48,2176,20987513,20260526
3249,7,16,HC_HI,49,1661,20987513,20260526
3250,7,16,HC_HI,50,1278,20987513,20260526
3251,7,16,HC_HI,51,1455,20987513,20260526
3252,7,16,HC_HI,52,711,20987513,20260526
3253,7,16,HC_HI,53,1661,20987513,20260526
3254,7,16,HC_HI,54,1527,20987513,20260526
3255,7,16,HC_HI,55,994,20987513,20260526
3256,7,16,HC_HI,56,692,20987513,20260526
3257,7,16,HC_HI,57,2340,20987513,20260526
3258,7,16,HC_HI,58,2580,20987513,20260526
3259,7,16,HC_HI,59,1159,20987513,20260526
3260,7,16,HC_HI,60,882,20987513,20260526
3261,7,16,HC_HI,61,577,20987513,20260526
3262,7,16,HC_HI,62,1101,20987513,20260526
3263,7,16,HC_HI,63,1672,20987513,20260526
3264,7,16,HC_HI,64,1587,20987513,20260526
3265,7,16,HC_HI,65,2321,20987513,20260526
3266,7,16,HC_HI,66,593,20987513,20260526
3267,7,16,HC_HI,67,877,20987513,20260526
3268,7,16,HC_HI,68,1674,20987513,20260526
3269,7,16,HC_HI,69,302,20987513,20260526
3270,7,16,HC_HI,70,2024,20987513,20260526
3271,7,16,HC_HI,71,2353,20987513,20260526
3272,7,16,HC_HI,72,2085,20987513,20260526
3273,7,16,HC_HI,73,385,20987513,20260526
3274,7,16,HC_HI,74,576,20987513,20260526
3275,7,16,HC_HI,75,2266,20987513,20260526
3276,7,16,HC_HI,76,436,20987513,20260526
3277,7,16,HC_HI,77,807,20987513,20260526
3278,7,16,HC_HI,78,1634,20987513,20260526
3279,7,16,HC_HI,79,1854,20987513,20260526
3280,7,16,HC_HI,80,82,20987513,20260526
3281,7,16,HC_HI,81,1587,20987513,20260526
3282,7,16,HC_HI,82,2292,20987513,20260526
3283,7,16,HC_HI,83,56,20987513,20260526
3284,7,16,HC_HI,84,2422,20987513,20260526
3285,7,16,HC_HI,85,669,20987513,20260526
3286,7,16,HC_HI,86,1571,20987513,20260526
3287,7,16,HC_HI,87,2659,20987513,20260526
3288,7,16,HC_HI,88,1754,20987513,20260526
3289,7,16,HC_HI,89,2536,20987513,20260526
3290,7,16,HC_HI,90,995,20987513,20260526
3291,7,16,HC_HI,91,2954,20987513,20260526
3292,7,16,HC_HI,92,2360,20987513,20260526
3293,7,16,HC_HI,93,1717,20987513,20260526
3294,7,16,HC_HI,94,1431,20987513,20260526
3295,7,16,HC_HI,95,553,20987513,20260526
3296,7,16,HC_HI,96,2206,20987513,20260526
3297,7,16,HC_HI,97,1537,20987513,20260526
3298,7,16,HC_HI,98,784,20987513,20260526
3299,7,16,HC_HI,99,1744,20987513,20260526
3300,7,16,HC_HI,100,2660,20987513,20260526
3301,7,16,HC_HI,101,2483,20987513,20260526
3302,7,16,HC_HI,102,2939,20987513,20260526
3303,7,16,HC_HI,103,2274,20987513,20260526
3304,7,16,HC_HI,104,656,20987513,20260526
3305,7,16,HC_HI,105,1674,20987513,20260526
3306,7,16,HC_HI,106,1278,20987513,20260526
3307,7,16,HC_HI,107,2939,20987513,20260526
3308,7,16,HC_HI,108,2613,20987513,20260526
3309,7,16,HC_HI,109,56,20987513,20260526
3310,7,16,HC_HI,110,248,20987513,20260526
3311,7,16,HC_HI,111,124,20987513,20260526
3312,7,16,HC_HI,112,1634,20987513,20260526
3313,7,16,HC_HI,113,2536,20987513,20260526
3314,7,16,HC_HI,114,408,20987513,20260526
3315,7,16,HC_HI,115,793,20987513,20260526
3316,7,16,HC_HI,116,2057,20987513,20260526
3317,7,16,HC_HI,117,310,20987513,20260526
3318,7,16,HC_HI,118,2731,20987513,20260526
3319,7,16,HC_HI,119,2292,20987513,20260526
3320,7,16,HC_HI,120,1571,20987513,20260526
3321,7,16,HC_HI,121,682,20987513,20260526
3322,7,16,HC_HI,122,2019,20987513,20260526
3323,7,16,HC_HI,123,2453,20987513,20260526
3324,7,16,HC_HI,124,2340,20987513,20260526
3325,7,16,HC_HI,125,882,20987513,20260526
3326,7,16,HC_HI,126,1278,20987513,20260526
3327,7,16,HC_HI,127,2075,20987513,20260526
3328,7,16,HC_HI,128,1744,20987513,20260526
3329,7,16,HC_HI,129,1674,20987513,20260526
3330,7,16,HC_HI,130,1975,20987513,20260526
3331,7,16,HC_HI,131,1278,20987513,20260526
3332,7,16,HC_HI,132,1805,20987513,20260526
3333,7,16,HC_HI,133,1159,20987513,20260526
3334,7,16,HC_HI,134,2057,20987513,20260526
3335,7,16,HC_HI,135,2580,20987513,20260526
3336,7,16,HC_HI,136,310,20987513,20260526
3337,7,16,HC_HI,137,56,20987513,20260526
3338,7,16,HC_HI,138,1187,20987513,20260526
3339,7,16,HC_HI,139,56,20987513,20260526
3340,7,16,HC_HI,140,807,20987513,20260526
3341,7,16,HC_HI,141,1859,20987513,20260526
3342,7,16,HC_HI,142,2176,20987513,20260526
3343,7,16,HC_HI,143,648,20987513,20260526
3344,7,16,HC_HI,144,1305,20987513,20260526
3345,7,16,HC_HI,145,1834,20987513,20260526
3346,7,16,HC_HI,146,1,20987513,20260526
3347,7,16,HC_HI,147,1348,20987513,20260526
3348,7,16,HC_HI,148,650,20987513,20260526
3349,7,16,HC_HI,149,1521,20987513,20260526
3350,7,16,HC_HI,150,1640,20987513,20260526
3351,7,16,HC_HI,151,2928,20987513,20260526
3352,7,16,HC_HI,152,1263,20987513,20260526
3353,7,16,HC_HI,153,711,20987513,20260526
3354,7,16,HC_HI,154,1717,20987513,20260526
3355,7,16,HC_HI,155,1708,20987513,20260526
3356,7,16,HC_HI,156,1861,20987513,20260526
3357,7,16,HC_HI,157,1599,20987513,20260526
3358,7,16,HC_HI,158,391,20987513,20260526
3359,7,16,HC_HI,159,2453,20987513,20260526
3360,7,16,HC_HI,160,2019,20987513,20260526
3361,7,16,HC_HI,161,711,20987513,20260526
3362,7,16,HC_HI,162,1978,20987513,20260526
3363,7,16,HC_HI,163,793,20987513,20260526
3364,7,16,HC_HI,164,2176,20987513,20260526
3365,7,16,HC_HI,165,1674,20987513,20260526
3366,7,16,HC_HI,166,1754,20987513,20260526
3367,7,16,HC_HI,167,332,20987513,20260526
3368,7,16,HC_HI,168,1828,20987513,20260526
3369,7,16,HC_HI,169,711,20987513,20260526
3370,7,16,HC_HI,170,1035,20987513,20260526
3371,7,16,HC_HI,171,2835,20987513,20260526
3372,7,16,HC_HI,172,2483,20987513,20260526
3373,7,16,HC_HI,173,669,20987513,20260526
3374,7,16,HC_HI,174,558,20987513,20260526
3375,7,16,HC_HI,175,2536,20987513,20260526
3376,7,16,HC_HI,176,1756,20987513,20260526
3377,7,16,HC_HI,177,218,20987513,20260526
3378,7,16,HC_HI,178,124,20987513,20260526
3379,7,16,HC_HI,179,2176,20987513,20260526
3380,7,16,HC_HI,180,1521,20987513,20260526
3381,7,16,HC_HI,181,1674,20987513,20260526
3382,7,16,HC_HI,182,1,20987513,20260526
3383,7,16,HC_HI,183,2928,20987513,20260526
3384,7,16,HC_HI,184,1047,20987513,20260526
3385,7,16,HC_HI,185,1187,20987513,20260526
3386,7,16,HC_HI,186,2816,20987513,20260526
3387,7,16,HC_HI,187,831,20987513,20260526
3388,7,16,HC_HI,188,1887,20987513,20260526
3389,7,16,HC_HI,189,2321,20987513,20260526
3390,7,16,HC_HI,190,2826,20987513,20260526
3391,7,16,HC_HI,191,1204,20987513,20260526
3392,7,16,HC_HI,192,1120,20987513,20260526
3393,7,16,HC_HI,193,1086,20987513,20260526
3394,7,16,HC_HI,194,872,20987513,20260526
3395,7,16,HC_HI,195,681,20987513,20260526
3396,7,16,HC_HI,196,1978,20987513,20260526
3397,7,16,HC_HI,197,1640,20987513,20260526
3398,7,16,HC_HI,198,1505,20987513,20260526
3399,7,16,HC_HI,199,2364,20987513,20260526
3400,7,16,HC_LI,0,1097,20987513,20260526
3401,7,16,HC_LI,1,1969,20987513,20260526
3402,7,16,HC_LI,2,1016,20987513,20260526
3403,7,16,HC_LI,3,1700,20987513,20260526
3404,7,16,HC_LI,4,2131,20987513,20260526
3405,7,16,HC_LI,5,29,20987513,20260526
3406,7,16,HC_LI,6,1191,20987513,20260526
3407,7,16,HC_LI,7,383,20987513,20260526
3408,7,16,HC_LI,8,198,20987513,20260526
3409,7,16,HC_LI,9,1969,20987513,20260526
3410,7,16,HC_LI,10,1412,20987513,20260526
3411,7,16,HC_LI,11,1588,20987513,20260526
3412,7,16,HC_LI,12,2190,20987513,20260526
3413,7,16,HC_LI,13,2066,20987513,20260526
3414,7,16,HC_LI,14,29,20987513,20260526
3415,7,16,HC_LI,15,134,20987513,20260526
3416,7,16,HC_LI,16,686,20987513,20260526
3417,7,16,HC_LI,17,1040,20987513,20260526
3418,7,16,HC_LI,18,1354,20987513,20260526
3419,7,16,HC_LI,19,2810,20987513,20260526
3420,7,16,HC_LI,20,1337,20987513,20260526
3421,7,16,HC_LI,21,262,20987513,20260526
3422,7,16,HC_LI,22,272,20987513,20260526
3423,7,16,HC_LI,23,1538,20987513,20260526
3424,7,16,HC_LI,24,866,20987513,20260526
3425,7,16,HC_LI,25,1192,20987513,20260526
3426,7,16,HC_LI,26,2544,20987513,20260526
3427,7,16,HC_LI,27,1957,20987513,20260526
3428,7,16,HC_LI,28,1924,20987513,20260526
3429,7,16,HC_LI,29,2476,20987513,20260526
3430,7,16,HC_LI,30,1935,20987513,20260526
3431,7,16,HC_LI,31,1500,20987513,20260526
3432,7,16,HC_LI,32,2877,20987513,20260526
3433,7,16,HC_LI,33,1474,20987513,20260526
3434,7,16,HC_LI,34,673,20987513,20260526
3435,7,16,HC_LI,35,1924,20987513,20260526
3436,7,16,HC_LI,36,1040,20987513,20260526
3437,7,16,HC_LI,37,1560,20987513,20260526
3438,7,16,HC_LI,38,704,20987513,20260526
3439,7,16,HC_LI,39,102,20987513,20260526
3440,7,16,HC_LI,40,914,20987513,20260526
3441,7,16,HC_LI,41,2496,20987513,20260526
3442,7,16,HC_LI,42,674,20987513,20260526
3443,7,16,HC_LI,43,1499,20987513,20260526
3444,7,16,HC_LI,44,2180,20987513,20260526
3445,7,16,HC_LI,45,1658,20987513,20260526
3446,7,16,HC_LI,46,2749,20987513,20260526
3447,7,16,HC_LI,47,306,20987513,20260526
3448,7,16,HC_LI,48,113,20987513,20260526
3449,7,16,HC_LI,49,2502,20987513,20260526
3450,7,16,HC_LI,50,674,20987513,20260526
3451,7,16,HC_LI,51,2796,20987513,20260526
3452,7,16,HC_LI,52,2916,20987513,20260526
3453,7,16,HC_LI,53,798,20987513,20260526
3454,7,16,HC_LI,54,2775,20987513,20260526
3455,7,16,HC_LI,55,1040,20987513,20260526
3456,7,16,HC_LI,56,272,20987513,20260526
3457,7,16,HC_LI,57,503,20987513,20260526
3458,7,16,HC_LI,58,2952,20987513,20260526
3459,7,16,HC_LI,59,1902,20987513,20260526
3460,7,16,HC_LI,60,1863,20987513,20260526
3461,7,16,HC_LI,61,1560,20987513,20260526
3462,7,16,HC_LI,62,502,20987513,20260526
3463,7,16,HC_LI,63,2145,20987513,20260526
3464,7,16,HC_LI,64,674,20987513,20260526
3465,7,16,HC_LI,65,2626,20987513,20260526
3466,7,16,HC_LI,66,69,20987513,20260526
3467,7,16,HC_LI,67,2564,20987513,20260526
3468,7,16,HC_LI,68,855,20987513,20260526
3469,7,16,HC_LI,69,2190,20987513,20260526
3470,7,16,HC_LI,70,780,20987513,20260526
3471,7,16,HC_LI,71,855,20987513,20260526
3472,7,16,HC_LI,72,1693,20987513,20260526
3473,7,16,HC_LI,73,855,20987513,20260526
3474,7,16,HC_LI,74,2814,20987513,20260526
3475,7,16,HC_LI,75,429,20987513,20260526
3476,7,16,HC_LI,76,1353,20987513,20260526
3477,7,16,HC_LI,77,2243,20987513,20260526
3478,7,16,HC_LI,78,2269,20987513,20260526
3479,7,16,HC_LI,79,1072,20987513,20260526
3480,7,16,HC_LI,80,255,20987513,20260526
3481,7,16,HC_LI,81,313,20987513,20260526
3482,7,16,HC_LI,82,2039,20987513,20260526
3483,7,16,HC_LI,83,2658,20987513,20260526
3484,7,16,HC_LI,84,71,20987513,20260526
3485,7,16,HC_LI,85,62,20987513,20260526
3486,7,16,HC_LI,86,503,20987513,20260526
3487,7,16,HC_LI,87,2692,20987513,20260526
3488,7,16,HC_LI,88,257,20987513,20260526
3489,7,16,HC_LI,89,1700,20987513,20260526
3490,7,16,HC_LI,90,1191,20987513,20260526
3491,7,16,HC_LI,91,2952,20987513,20260526
3492,7,16,HC_LI,92,855,20987513,20260526
3493,7,16,HC_LI,93,100,20987513,20260526
3494,7,16,HC_LI,94,567,20987513,20260526
3495,7,16,HC_LI,95,2775,20987513,20260526
3496,7,16,HC_LI,96,1542,20987513,20260526
3497,7,16,HC_LI,97,1353,20987513,20260526
3498,7,16,HC_LI,98,798,20987513,20260526
3499,7,16,HC_LI,99,2337,20987513,20260526
3500,7,16,HC_LI,100,2625,20987513,20260526
3501,7,16,HC_LI,101,2160,20987513,20260526
3502,7,16,HC_LI,102,1184,20987513,20260526
3503,7,16,HC_LI,103,1767,20987513,20260526
3504,7,16,HC_LI,104,914,20987513,20260526
3505,7,16,HC_LI,105,1498,20987513,20260526
3506,7,16,HC_LI,106,2658,20987513,20260526
3507,7,16,HC_LI,107,313,20987513,20260526
3508,7,16,HC_LI,108,780,20987513,20260526
3509,7,16,HC_LI,109,1699,20987513,20260526
3510,7,16,HC_LI,110,2749,20987513,20260526
3511,7,16,HC_LI,111,2370,20987513,20260526
3512,7,16,HC_LI,112,23,20987513,20260526
3513,7,16,HC_LI,113,1016,20987513,20260526
3514,7,16,HC_LI,114,2238,20987513,20260526
3515,7,16,HC_LI,115,1500,20987513,20260526
3516,7,16,HC_LI,116,231,20987513,20260526
3517,7,16,HC_LI,117,272,20987513,20260526
3518,7,16,HC_LI,118,71,20987513,20260526
3519,7,16,HC_LI,119,1538,20987513,20260526
3520,7,16,HC_LI,120,1437,20987513,20260526
3521,7,16,HC_LI,121,1958,20987513,20260526
3522,7,16,HC_LI,122,1175,20987513,20260526
3523,7,16,HC_LI,123,108,20987513,20260526
3524,7,16,HC_LI,124,1077,20987513,20260526
3525,7,16,HC_LI,125,858,20987513,20260526
3526,7,16,HC_LI,126,1843,20987513,20260526
3527,7,16,HC_LI,127,1437,20987513,20260526
3528,7,16,HC_LI,128,2448,20987513,20260526
3529,7,16,HC_LI,129,2982,20987513,20260526
3530,7,16,HC_LI,130,464,20987513,20260526
3531,7,16,HC_LI,131,1630,20987513,20260526
3532,7,16,HC_LI,132,1232,20987513,20260526
3533,7,16,HC_LI,133,10,20987513,20260526
3534,7,16,HC_LI,134,1560,20987513,20260526
3535,7,16,HC_LI,135,2508,20987513,20260526
3536,7,16,HC_LI,136,2867,20987513,20260526
3537,7,16,HC_LI,137,418,20987513,20260526
3538,7,16,HC_LI,138,2961,20987513,20260526
3539,7,16,HC_LI,139,131,20987513,20260526
3540,7,16,HC_LI,140,1935,20987513,20260526
3541,7,16,HC_LI,141,735,20987513,20260526
3542,7,16,HC_LI,142,2145,20987513,20260526
3543,7,16,HC_LI,143,2064,20987513,20260526
3544,7,16,HC_LI,144,2784,20987513,20260526
3545,7,16,HC_LI,145,735,20987513,20260526
3546,7,16,HC_LI,146,858,20987513,20260526
3547,7,16,HC_LI,147,257,20987513,20260526
3548,7,16,HC_LI,148,2449,20987513,20260526
3549,7,16,HC_LI,149,1412,20987513,20260526
3550,7,16,HC_LI,150,1192,20987513,20260526
3551,7,16,HC_LI,151,23,20987513,20260526
3552,7,16,HC_LI,152,1211,20987513,20260526
3553,7,16,HC_LI,153,2175,20987513,20260526
3554,7,16,HC_LI,154,2394,20987513,20260526
3555,7,16,HC_LI,155,858,20987513,20260526
3556,7,16,HC_LI,156,2749,20987513,20260526
3557,7,16,HC_LI,157,1699,20987513,20260526
3558,7,16,HC_LI,158,1924,20987513,20260526
3559,7,16,HC_LI,159,1658,20987513,20260526
3560,7,16,HC_LI,160,2636,20987513,20260526
3561,7,16,HC_LI,161,2636,20987513,20260526
3562,7,16,HC_LI,162,2190,20987513,20260526
3563,7,16,HC_LI,163,2055,20987513,20260526
3564,7,16,HC_LI,164,1958,20987513,20260526
3565,7,16,HC_LI,165,206,20987513,20260526
3566,7,16,HC_LI,166,914,20987513,20260526
3567,7,16,HC_LI,167,2369,20987513,20260526
3568,7,16,HC_LI,168,2862,20987513,20260526
3569,7,16,HC_LI,169,113,20987513,20260526
3570,7,16,HC_LI,170,636,20987513,20260526
3571,7,16,HC_LI,171,1957,20987513,20260526
3572,7,16,HC_LI,172,1498,20987513,20260526
3573,7,16,HC_LI,173,2079,20987513,20260526
3574,7,16,HC_LI,174,1517,20987513,20260526
3575,7,16,HC_LI,175,1658,20987513,20260526
3576,7,16,HC_LI,176,74,20987513,20260526
3577,7,16,HC_LI,177,1315,20987513,20260526
3578,7,16,HC_LI,178,1232,20987513,20260526
3579,7,16,HC_LI,179,2145,20987513,20260526
3580,7,16,HC_LI,180,1958,20987513,20260526
3581,7,16,HC_LI,181,2269,20987513,20260526
3582,7,16,HC_LI,182,1958,20987513,20260526
3583,7,16,HC_LI,183,2119,20987513,20260526
3584,7,16,HC_LI,184,1072,20987513,20260526
3585,7,16,HC_LI,185,1678,20987513,20260526
3586,7,16,HC_LI,186,2502,20987513,20260526
3587,7,16,HC_LI,187,704,20987513,20260526
3588,7,16,HC_LI,188,724,20987513,20260526
3589,7,16,HC_LI,189,2794,20987513,20260526
3590,7,16,HC_LI,190,1085,20987513,20260526
3591,7,16,HC_LI,191,1700,20987513,20260526
3592,7,16,HC_LI,192,2916,20987513,20260526
3593,7,16,HC_LI,193,770,20987513,20260526
3594,7,16,HC_LI,194,1279,20987513,20260526
3595,7,16,HC_LI,195,674,20987513,20260526
3596,7,16,HC_LI,196,2066,20987513,20260526
3597,7,16,HC_LI,197,2531,20987513,20260526
3598,7,16,HC_LI,198,1864,20987513,20260526
3599,7,16,HC_LI,199,509,20987513,20260526
3600,7,16,LC_HI,0,1885,20987513,20260526
3601,7,16,LC_HI,1,1736,20987513,20260526
3602,7,16,LC_HI,2,1992,20987513,20260526
3603,7,16,LC_HI,3,2844,20987513,20260526
3604,7,16,LC_HI,4,2721,20987513,20260526
3605,7,16,LC_HI,5,304,20987513,20260526
3606,7,16,LC_HI,6,2812,20987513,20260526
3607,7,16,LC_HI,7,204,20987513,20260526
3608,7,16,LC_HI,8,2713,20987513,20260526
3609,7,16,LC_HI,9,407,20987513,20260526
3610,7,16,LC_HI,10,616,20987513,20260526
3611,7,16,LC_HI,11,282,20987513,20260526
3612,7,16,LC_HI,12,1033,20987513,20260526
3613,7,16,LC_HI,13,2128,20987513,20260526
3614,7,16,LC_HI,14,2222,20987513,20260526
3615,7,16,LC_HI,15,2069,20987513,20260526
3616,7,16,LC_HI,16,2779,20987513,20260526
3617,7,16,LC_HI,17,1242,20987513,20260526
3618,7,16,LC_HI,18,2244,20987513,20260526
3619,7,16,LC_HI,19,2494,20987513,20260526
3620,7,16,LC_HI,20,1933,20987513,20260526
3621,7,16,LC_HI,21,842,20987513,20260526
3622,7,16,LC_HI,22,1218,20987513,20260526
3623,7,16,LC_HI,23,690,20987513,20260526
3624,7,16,LC_HI,24,2776,20987513,20260526
3625,7,16,LC_HI,25,2202,20987513,20260526
3626,7,16,LC_HI,26,2219,20987513,20260526
3627,7,16,LC_HI,27,2464,20987513,20260526
3628,7,16,LC_HI,28,1966,20987513,20260526
3629,7,16,LC_HI,29,2464,20987513,20260526
3630,7,16,LC_HI,30,1322,20987513,20260526
3631,7,16,LC_HI,31,2299,20987513,20260526
3632,7,16,LC_HI,32,2464,20987513,20260526
3633,7,16,LC_HI,33,2641,20987513,20260526
3634,7,16,LC_HI,34,1513,20987513,20260526
3635,7,16,LC_HI,35,294,20987513,20260526
3636,7,16,LC_HI,36,1218,20987513,20260526
3637,7,16,LC_HI,37,1352,20987513,20260526
3638,7,16,LC_HI,38,2488,20987513,20260526
3639,7,16,LC_HI,39,2744,20987513,20260526
3640,7,16,LC_HI,40,472,20987513,20260526
3641,7,16,LC_HI,41,1322,20987513,20260526
3642,7,16,LC_HI,42,2031,20987513,20260526
3643,7,16,LC_HI,43,207,20987513,20260526
3644,7,16,LC_HI,44,2880,20987513,20260526
3645,7,16,LC_HI,45,2841,20987513,20260526
3646,7,16,LC_HI,46,2474,20987513,20260526
3647,7,16,LC_HI,47,174,20987513,20260526
3648,7,16,LC_HI,48,1472,20987513,20260526
3649,7,16,LC_HI,49,98,20987513,20260526
3650,7,16,LC_HI,50,1459,20987513,20260526
3651,7,16,LC_HI,51,2990,20987513,20260526
3652,7,16,LC_HI,52,112,20987513,20260526
3653,7,16,LC_HI,53,2562,20987513,20260526
3654,7,16,LC_HI,54,1218,20987513,20260526
3655,7,16,LC_HI,55,1567,20987513,20260526
3656,7,16,LC_HI,56,1908,20987513,20260526
3657,7,16,LC_HI,57,2464,20987513,20260526
3658,7,16,LC_HI,58,2836,20987513,20260526
3659,7,16,LC_HI,59,843,20987513,20260526
3660,7,16,LC_HI,60,2997,20987513,20260526
3661,7,16,LC_HI,61,1365,20987513,20260526
3662,7,16,LC_HI,62,2043,20987513,20260526
3663,7,16,LC_HI,63,2297,20987513,20260526
3664,7,16,LC_HI,64,2958,20987513,20260526
3665,7,16,LC_HI,65,59,20987513,20260526
3666,7,16,LC_HI,66,1876,20987513,20260526
3667,7,16,LC_HI,67,151,20987513,20260526
3668,7,16,LC_HI,68,162,20987513,20260526
3669,7,16,LC_HI,69,2562,20987513,20260526
3670,7,16,LC_HI,70,2562,20987513,20260526
3671,7,16,LC_HI,71,513,20987513,20260526
3672,7,16,LC_HI,72,304,20987513,20260526
3673,7,16,LC_HI,73,1850,20987513,20260526
3674,7,16,LC_HI,74,1777,20987513,20260526
3675,7,16,LC_HI,75,2279,20987513,20260526
3676,7,16,LC_HI,76,1567,20987513,20260526
3677,7,16,LC_HI,77,2494,20987513,20260526
3678,7,16,LC_HI,78,749,20987513,20260526
3679,7,16,LC_HI,79,475,20987513,20260526
3680,7,16,LC_HI,80,2443,20987513,20260526
3681,7,16,LC_HI,81,1815,20987513,20260526
3682,7,16,LC_HI,82,1668,20987513,20260526
3683,7,16,LC_HI,83,1908,20987513,20260526
3684,7,16,LC_HI,84,842,20987513,20260526
3685,7,16,LC_HI,85,2880,20987513,20260526
3686,7,16,LC_HI,86,1472,20987513,20260526
3687,7,16,LC_HI,87,2464,20987513,20260526
3688,7,16,LC_HI,88,1242,20987513,20260526
3689,7,16,LC_HI,89,566,20987513,20260526
3690,7,16,LC_HI,90,1504,20987513,20260526
3691,7,16,LC_HI,91,2142,20987513,20260526
3692,7,16,LC_HI,92,842,20987513,20260526
3693,7,16,LC_HI,93,415,20987513,20260526
3694,7,16,LC_HI,94,2524,20987513,20260526
3695,7,16,LC_HI,95,2620,20987513,20260526
3696,7,16,LC_HI,96,1945,20987513,20260526
3697,7,16,LC_HI,97,2427,20987513,20260526
3698,7,16,LC_HI,98,1668,20987513,20260526
3699,7,16,LC_HI,99,2069,20987513,20260526
3700,7,16,LC_HI,100,2779,20987513,20260526
3701,7,16,LC_HI,101,1791,20987513,20260526
3702,7,16,LC_HI,102,2222,20987513,20260526
3703,7,16,LC_HI,103,1229,20987513,20260526
3704,7,16,LC_HI,104,1751,20987513,20260526
3705,7,16,LC_HI,105,808,20987513,20260526
3706,7,16,LC_HI,106,2776,20987513,20260526
3707,7,16,LC_HI,107,926,20987513,20260526
3708,7,16,LC_HI,108,304,20987513,20260526
3709,7,16,LC_HI,109,2714,20987513,20260526
3710,7,16,LC_HI,110,680,20987513,20260526
3711,7,16,LC_HI,111,579,20987513,20260526
3712,7,16,LC_HI,112,1899,20987513,20260526
3713,7,16,LC_HI,113,2198,20987513,20260526
3714,7,16,LC_HI,114,1718,20987513,20260526
3715,7,16,LC_HI,115,68,20987513,20260526
3716,7,16,LC_HI,116,1429,20987513,20260526
3717,7,16,LC_HI,117,1862,20987513,20260526
3718,7,16,LC_HI,118,112,20987513,20260526
3719,7,16,LC_HI,119,1025,20987513,20260526
3720,7,16,LC_HI,120,2611,20987513,20260526
3721,7,16,LC_HI,121,1668,20987513,20260526
3722,7,16,LC_HI,122,1567,20987513,20260526
3723,7,16,LC_HI,123,1614,20987513,20260526
3724,7,16,LC_HI,124,2417,20987513,20260526
3725,7,16,LC_HI,125,843,20987513,20260526
3726,7,16,LC_HI,126,1253,20987513,20260526
3727,7,16,LC_HI,127,1218,20987513,20260526
3728,7,16,LC_HI,128,1293,20987513,20260526
3729,7,16,LC_HI,129,1229,20987513,20260526
3730,7,16,LC_HI,130,2524,20987513,20260526
3731,7,16,LC_HI,131,2586,20987513,20260526
3732,7,16,LC_HI,132,1810,20987513,20260526
3733,7,16,LC_HI,133,1441,20987513,20260526
3734,7,16,LC_HI,134,871,20987513,20260526
3735,7,16,LC_HI,135,1810,20987513,20260526
3736,7,16,LC_HI,136,2597,20987513,20260526
3737,7,16,LC_HI,137,2713,20987513,20260526
3738,7,16,LC_HI,138,1256,20987513,20260526
3739,7,16,LC_HI,139,68,20987513,20260526
3740,7,16,LC_HI,140,572,20987513,20260526
3741,7,16,LC_HI,141,1025,20987513,20260526
3742,7,16,LC_HI,142,790,20987513,20260526
3743,7,16,LC_HI,143,652,20987513,20260526
3744,7,16,LC_HI,144,1399,20987513,20260526
3745,7,16,LC_HI,145,446,20987513,20260526
3746,7,16,LC_HI,146,1992,20987513,20260526
3747,7,16,LC_HI,147,1225,20987513,20260526
3748,7,16,LC_HI,148,1459,20987513,20260526
3749,7,16,LC_HI,149,1293,20987513,20260526
3750,7,16,LC_HI,150,2769,20987513,20260526
3751,7,16,LC_HI,151,2443,20987513,20260526
3752,7,16,LC_HI,152,1872,20987513,20260526
3753,7,16,LC_HI,153,1459,20987513,20260526
3754,7,16,LC_HI,154,2556,20987513,20260526
3755,7,16,LC_HI,155,2965,20987513,20260526
3756,7,16,LC_HI,156,539,20987513,20260526
3757,7,16,LC_HI,157,2812,20987513,20260526
3758,7,16,LC_HI,158,926,20987513,20260526
3759,7,16,LC_HI,159,514,20987513,20260526
3760,7,16,LC_HI,160,2494,20987513,20260526
3761,7,16,LC_HI,161,2908,20987513,20260526
3762,7,16,LC_HI,162,2861,20987513,20260526
3763,7,16,LC_HI,163,2279,20987513,20260526
3764,7,16,LC_HI,164,572,20987513,20260526
3765,7,16,LC_HI,165,1899,20987513,20260526
3766,7,16,LC_HI,166,1410,20987513,20260526
3767,7,16,LC_HI,167,2362,20987513,20260526
3768,7,16,LC_HI,168,166,20987513,20260526
3769,7,16,LC_HI,169,1579,20987513,20260526
3770,7,16,LC_HI,170,2417,20987513,20260526
3771,7,16,LC_HI,171,1878,20987513,20260526
3772,7,16,LC_HI,172,2098,20987513,20260526
3773,7,16,LC_HI,173,415,20987513,20260526
3774,7,16,LC_HI,174,1684,20987513,20260526
3775,7,16,LC_HI,175,2297,20987513,20260526
3776,7,16,LC_HI,176,0,20987513,20260526
3777,7,16,LC_HI,177,52,20987513,20260526
3778,7,16,LC_HI,178,1736,20987513,20260526
3779,7,16,LC_HI,179,2455,20987513,20260526
3780,7,16,LC_HI,180,1992,20987513,20260526
3781,7,16,LC_HI,181,151,20987513,20260526
3782,7,16,LC_HI,182,444,20987513,20260526
3783,7,16,LC_HI,183,2098,20987513,20260526
3784,7,16,LC_HI,184,559,20987513,20260526
3785,7,16,LC_HI,185,2097,20987513,20260526
3786,7,16,LC_HI,186,495,20987513,20260526
3787,7,16,LC_HI,187,1885,20987513,20260526
3788,7,16,LC_HI,188,1218,20987513,20260526
3789,7,16,LC_HI,189,926,20987513,20260526
3790,7,16,LC_HI,190,1945,20987513,20260526
3791,7,16,LC_HI,191,2870,20987513,20260526
3792,7,16,LC_HI,192,2812,20987513,20260526
3793,7,16,LC_HI,193,2362,20987513,20260526
3794,7,16,LC_HI,194,162,20987513,20260526
3795,7,16,LC_HI,195,1791,20987513,20260526
3796,7,16,LC_HI,196,1105,20987513,20260526
3797,7,16,LC_HI,197,2494,20987513,20260526
3798,7,16,LC_HI,198,191,20987513,20260526
3799,7,16,LC_HI,199,446,20987513,20260526
3800,7,16,LC_LI,0,795,20987513,20260526
3801,7,16,LC_LI,1,654,20987513,20260526
3802,7,16,LC_LI,2,336,20987513,20260526
3803,7,16,LC_LI,3,722,20987513,20260526
3804,7,16,LC_LI,4,2117,20987513,20260526
3805,7,16,LC_LI,5,1685,20987513,20260526
3806,7,16,LC_LI,6,2300,20987513,20260526
3807,7,16,LC_LI,7,1825,20987513,20260526
3808,7,16,LC_LI,8,605,20987513,20260526
3809,7,16,LC_LI,9,1511,20987513,20260526
3810,7,16,LC_LI,10,476,20987513,20260526
3811,7,16,LC_LI,11,2801,20987513,20260526
3812,7,16,LC_LI,12,1510,20987513,20260526
3813,7,16,LC_LI,13,786,20987513,20260526
3814,7,16,LC_LI,14,177,20987513,20260526
3815,7,16,LC_LI,15,799,20987513,20260526
3816,7,16,LC_LI,16,1271,20987513,20260526
3817,7,16,LC_LI,17,2215,20987513,20260526
3818,7,16,LC_LI,18,1788,20987513,20260526
3819,7,16,LC_LI,19,449,20987513,20260526
3820,7,16,LC_LI,20,722,20987513,20260526
3821,7,16,LC_LI,21,2117,20987513,20260526
3822,7,16,LC_LI,22,1524,20987513,20260526
3823,7,16,LC_LI,23,1460,20987513,20260526
3824,7,16,LC_LI,24,2303,20987513,20260526
3825,7,16,LC_LI,25,2678,20987513,20260526
3826,7,16,LC_LI,26,2608,20987513,20260526
3827,7,16,LC_LI,27,449,20987513,20260526
3828,7,16,LC_LI,28,2682,20987513,20260526
3829,7,16,LC_LI,29,1773,20987513,20260526
3830,7,16,LC_LI,30,630,20987513,20260526
3831,7,16,LC_LI,31,796,20987513,20260526
3832,7,16,LC_LI,32,1172,20987513,20260526
3833,7,16,LC_LI,33,2925,20987513,20260526
3834,7,16,LC_LI,34,1801,20987513,20260526
3835,7,16,LC_LI,35,854,20987513,20260526
3836,7,16,LC_LI,36,1271,20987513,20260526
3837,7,16,LC_LI,37,2581,20987513,20260526
3838,7,16,LC_LI,38,285,20987513,20260526
3839,7,16,LC_LI,39,2711,20987513,20260526
3840,7,16,LC_LI,40,2316,20987513,20260526
3841,7,16,LC_LI,41,1518,20987513,20260526
3842,7,16,LC_LI,42,644,20987513,20260526
3843,7,16,LC_LI,43,661,20987513,20260526
3844,7,16,LC_LI,44,1685,20987513,20260526
3845,7,16,LC_LI,45,2682,20987513,20260526
3846,7,16,LC_LI,46,939,20987513,20260526
3847,7,16,LC_LI,47,985,20987513,20260526
3848,7,16,LC_LI,48,2825,20987513,20260526
3849,7,16,LC_LI,49,869,20987513,20260526
3850,7,16,LC_LI,50,2809,20987513,20260526
3851,7,16,LC_LI,51,200,20987513,20260526
3852,7,16,LC_LI,52,1819,20987513,20260526
3853,7,16,LC_LI,53,1001,20987513,20260526
3854,7,16,LC_LI,54,2782,20987513,20260526
3855,7,16,LC_LI,55,2288,20987513,20260526
3856,7,16,LC_LI,56,2514,20987513,20260526
3857,7,16,LC_LI,57,617,20987513,20260526
3858,7,16,LC_LI,58,2824,20987513,20260526
3859,7,16,LC_LI,59,1467,20987513,20260526
3860,7,16,LC_LI,60,2319,20987513,20260526
3861,7,16,LC_LI,61,776,20987513,20260526
3862,7,16,LC_LI,62,2316,20987513,20260526
3863,7,16,LC_LI,63,2801,20987513,20260526
3864,7,16,LC_LI,64,411,20987513,20260526
3865,7,16,LC_LI,65,2062,20987513,20260526
3866,7,16,LC_LI,66,701,20987513,20260526
3867,7,16,LC_LI,67,336,20987513,20260526
3868,7,16,LC_LI,68,1142,20987513,20260526
3869,7,16,LC_LI,69,2824,20987513,20260526
3870,7,16,LC_LI,70,1173,20987513,20260526
3871,7,16,LC_LI,71,1928,20987513,20260526
3872,7,16,LC_LI,72,925,20987513,20260526
3873,7,16,LC_LI,73,1271,20987513,20260526
3874,7,16,LC_LI,74,1801,20987513,20260526
3875,7,16,LC_LI,75,2917,20987513,20260526
3876,7,16,LC_LI,76,1748,20987513,20260526
3877,7,16,LC_LI,77,1962,20987513,20260526
3878,7,16,LC_LI,78,1467,20987513,20260526
3879,7,16,LC_LI,79,723,20987513,20260526
3880,7,16,LC_LI,80,1515,20987513,20260526
3881,7,16,LC_LI,81,2416,20987513,20260526
3882,7,16,LC_LI,82,1286,20987513,20260526
3883,7,16,LC_LI,83,520,20987513,20260526
3884,7,16,LC_LI,84,2923,20987513,20260526
3885,7,16,LC_LI,85,177,20987513,20260526
3886,7,16,LC_LI,86,2551,20987513,20260526
3887,7,16,LC_LI,87,550,20987513,20260526
3888,7,16,LC_LI,88,2215,20987513,20260526
3889,7,16,LC_LI,89,2141,20987513,20260526
3890,7,16,LC_LI,90,2645,20987513,20260526
3891,7,16,LC_LI,91,1286,20987513,20260526
3892,7,16,LC_LI,92,776,20987513,20260526
3893,7,16,LC_LI,93,2300,20987513,20260526
3894,7,16,LC_LI,94,661,20987513,20260526
3895,7,16,LC_LI,95,2724,20987513,20260526
3896,7,16,LC_LI,96,404,20987513,20260526
3897,7,16,LC_LI,97,722,20987513,20260526
3898,7,16,LC_LI,98,1176,20987513,20260526
3899,7,16,LC_LI,99,1788,20987513,20260526
3900,7,16,LC_LI,100,1928,20987513,20260526
3901,7,16,LC_LI,101,2686,20987513,20260526
3902,7,16,LC_LI,102,371,20987513,20260526
3903,7,16,LC_LI,103,2682,20987513,20260526
3904,7,16,LC_LI,104,1918,20987513,20260526
3905,7,16,LC_LI,105,939,20987513,20260526
3906,7,16,LC_LI,106,776,20987513,20260526
3907,7,16,LC_LI,107,1335,20987513,20260526
3908,7,16,LC_LI,108,1288,20987513,20260526
3909,7,16,LC_LI,109,605,20987513,20260526
3910,7,16,LC_LI,110,48,20987513,20260526
3911,7,16,LC_LI,111,1299,20987513,20260526
3912,7,16,LC_LI,112,2824,20987513,20260526
3913,7,16,LC_LI,113,510,20987513,20260526
3914,7,16,LC_LI,114,2809,20987513,20260526
3915,7,16,LC_LI,115,720,20987513,20260526
3916,7,16,LC_LI,116,1825,20987513,20260526
3917,7,16,LC_LI,117,336,20987513,20260526
3918,7,16,LC_LI,118,1001,20987513,20260526
3919,7,16,LC_LI,119,2505,20987513,20260526
3920,7,16,LC_LI,120,2809,20987513,20260526
3921,7,16,LC_LI,121,1515,20987513,20260526
3922,7,16,LC_LI,122,241,20987513,20260526
3923,7,16,LC_LI,123,754,20987513,20260526
3924,7,16,LC_LI,124,2782,20987513,20260526
3925,7,16,LC_LI,125,1142,20987513,20260526
3926,7,16,LC_LI,126,2498,20987513,20260526
3927,7,16,LC_LI,127,1515,20987513,20260526
3928,7,16,LC_LI,128,723,20987513,20260526
3929,7,16,LC_LI,129,2682,20987513,20260526
3930,7,16,LC_LI,130,2686,20987513,20260526
3931,7,16,LC_LI,131,605,20987513,20260526
3932,7,16,LC_LI,132,1519,20987513,20260526
3933,7,16,LC_LI,133,676,20987513,20260526
3934,7,16,LC_LI,134,1622,20987513,20260526
3935,7,16,LC_LI,135,1142,20987513,20260526
3936,7,16,LC_LI,136,2515,20987513,20260526
3937,7,16,LC_LI,137,2917,20987513,20260526
3938,7,16,LC_LI,138,1244,20987513,20260526
3939,7,16,LC_LI,139,2968,20987513,20260526
3940,7,16,LC_LI,140,2711,20987513,20260526
3941,7,16,LC_LI,141,2527,20987513,20260526
3942,7,16,LC_LI,142,545,20987513,20260526
3943,7,16,LC_LI,143,671,20987513,20260526
3944,7,16,LC_LI,144,510,20987513,20260526
3945,7,16,LC_LI,145,411,20987513,20260526
3946,7,16,LC_LI,146,786,20987513,20260526
3947,7,16,LC_LI,147,48,20987513,20260526
3948,7,16,LC_LI,148,2319,20987513,20260526
3949,7,16,LC_LI,149,2421,20987513,20260526
3950,7,16,LC_LI,150,1259,20987513,20260526
3951,7,16,LC_LI,151,2926,20987513,20260526
3952,7,16,LC_LI,152,1440,20987513,20260526
3953,7,16,LC_LI,153,2373,20987513,20260526
3954,7,16,LC_LI,154,1515,20987513,20260526
3955,7,16,LC_LI,155,1847,20987513,20260526
3956,7,16,LC_LI,156,230,20987513,20260526
3957,7,16,LC_LI,157,630,20987513,20260526
3958,7,16,LC_LI,158,2551,20987513,20260526
3959,7,16,LC_LI,159,2062,20987513,20260526
3960,7,16,LC_LI,160,2711,20987513,20260526
3961,7,16,LC_LI,161,2559,20987513,20260526
3962,7,16,LC_LI,162,365,20987513,20260526
3963,7,16,LC_LI,163,776,20987513,20260526
3964,7,16,LC_LI,164,2319,20987513,20260526
3965,7,16,LC_LI,165,2782,20987513,20260526
3966,7,16,LC_LI,166,500,20987513,20260526
3967,7,16,LC_LI,167,1259,20987513,20260526
3968,7,16,LC_LI,168,2477,20987513,20260526
3969,7,16,LC_LI,169,2782,20987513,20260526
3970,7,16,LC_LI,170,720,20987513,20260526
3971,7,16,LC_LI,171,2514,20987513,20260526
3972,7,16,LC_LI,172,500,20987513,20260526
3973,7,16,LC_LI,173,1541,20987513,20260526
3974,7,16,LC_LI,174,545,20987513,20260526
3975,7,16,LC_LI,175,2316,20987513,20260526
3976,7,16,LC_LI,176,1001,20987513,20260526
3977,7,16,LC_LI,177,820,20987513,20260526
3978,7,16,LC_LI,178,230,20987513,20260526
3979,7,16,LC_LI,179,241,20987513,20260526
3980,7,16,LC_LI,180,510,20987513,20260526
3981,7,16,LC_LI,181,2391,20987513,20260526
3982,7,16,LC_LI,182,295,20987513,20260526
3983,7,16,LC_LI,183,2134,20987513,20260526
3984,7,16,LC_LI,184,2288,20987513,20260526
3985,7,16,LC_LI,185,1286,20987513,20260526
3986,7,16,LC_LI,186,2608,20987513,20260526
3987,7,16,LC_LI,187,796,20987513,20260526
3988,7,16,LC_LI,188,411,20987513,20260526
3989,7,16,LC_LI,189,1299,20987513,20260526
3990,7,16,LC_LI,190,1001,20987513,20260526
3991,7,16,LC_LI,191,2724,20987513,20260526
3992,7,16,LC_LI,192,1847,20987513,20260526
3993,7,16,LC_LI,193,2581,20987513,20260526
3994,7,16,LC_LI,194,1244,20987513,20260526
3995,7,16,LC_LI,195,776,20987513,20260526
3996,7,16,LC_LI,196,241,20987513,20260526
3997,7,16,LC_LI,197,1519,20987513,20260526
3998,7,16,LC_LI,198,2237,20987513,20260526
3999,7,16,LC_LI,199,925,20987513,20260526
4000,9,16,random,0,1283,21187519,20260528
4001,9,16,random,1,349,21187519,20260528
4002,9,16,random,2,2618,21187519,20260528
4003,9,16,random,3,1572,21187519,20260528
4004,9,16,random,4,799,21187519,20260528
4005,9,16,random,5,635,21187519,20260528
4006,9,16,random,6,2177,21187519,20260528
4007,9,16,random,7,2289,21187519,20260528
4008,9,16,random,8,1406,21187519,20260528
4009,9,16,random,9,209,21187519,20260528
4010,9,16,random,10,49,21187519,20260528
4011,9,16,random,11,2298,21187519,20260528
4012,9,16,random,12,506,21187519,20260528
4013,9,16,random,13,62,21187519,20260528
4014,9,16,random,14,372,21187519,20260528
4015,9,16,random,15,2766,21187519,20260528
4016,9,16,random,16,1546,21187519,20260528
4017,9,16,random,17,2834,21187519,20260528
4018,9,16,random,18,2935,21187519,20260528
4019,9,16,random,19,1477,21187519,20260528
4020,9,16,random,20,185,21187519,20260528
4021,9,16,random,21,880,21187519,20260528
4022,9,16,random,22,704,21187519,20260528
4023,9,16,random,23,2380,21187519,20260528
4024,9,16,random,24,2286,21187519,20260528
4025,9,16,random,25,1791,21187519,20260528
4026,9,16,random,26,1078,21187519,20260528
4027,9,16,random,27,1219,21187519,20260528
4028,9,16,random,28,735,21187519,20260528
4029,9,16,random,29,556,21187519,20260528
4030,9,16,random,30,1785,21187519,20260528
4031,9,16,random,31,2862,21187519,20260528
4032,9,16,random,32,1635,21187519,20260528
4033,9,16,random,33,608,21187519,20260528
4034,9,16,random,34,1666,21187519,20260528
4035,9,16,random,35,1116,21187519,20260528
4036,9,16,random,36,1005,21187519,20260528
4037,9,16,random,37,367,21187519,20260528
4038,9,16,random,38,2101,21187519,20260528
4039,9,16,random,39,2464,21187519,20260528
4040,9,16,random,40,718,21187519,20260528
4041,9,16,random,41,2203,21187519,20260528
4042,9,16,random,42,1563,21187519,20260528
4043,9,16,random,43,1983,21187519,20260528
4044,9,16,random,44,573,21187519,20260528
4045,9,16,random,45,2128,21187519,20260528
4046,9,16,random,46,1231,21187519,20260528
4047,9,16,random,47,1250,21187519,20260528
4048,9,16,random,48,2500,21187519,20260528
4049,9,16,random,49,883,21187519,20260528
4050,9,16,random,50,2350,21187519,20260528
4051,9,16,random,51,2760,21187519,20260528
4052,9,16,random,52,2453,21187519,20260528
4053,9,16,random,53,58,21187519,20260528
4054,9,16,random,54,1264,21187519,20260528
4055,9,16,random,55,684,21187519,20260528
4056,9,16,random,56,2043,21187519,20260528
4057,9,16,random,57,2414,21187519,20260528
4058,9,16,random,58,1427,21187519,20260528
4059,9,16,random,59,911,21187519,20260528
4060,9,16,random,60,330,21187519,20260528
4061,9,16,random,61,1916,21187519,20260528
4062,9,16,random,62,2127,21187519,20260528
4063,9,16,random,63,1539,21187519,20260528
4064,9,16,random,64,1911,21187519,20260528
4065,9,16,random,65,2006,21187519,20260528
4066,9,16,random,66,1869,21187519,20260528
4067,9,16,random,67,2246,21187519,20260528
4068,9,16,random,68,453,21187519,20260528
4069,9,16,random,69,341,21187519,20260528
4070,9,16,random,70,1163,21187519,20260528
4071,9,16,random,71,819,21187519,20260528
4072,9,16,random,72,2054,21187519,20260528
4073,9,16,random,73,2117,21187519,20260528
4074,9,16,random,74,2060,21187519,20260528
4075,9,16,random,75,369,21187519,20260528
4076,9,16,random,76,2715,21187519,20260528
4077,9,16,random,77,2422,21187519,20260528
4078,9,16,random,78,1022,21187519,20260528
4079,9,16,random,79,296,21187519,20260528
4080,9,16,random,80,857,21187519,20260528
4081,9,16,random,81,1694,21187519,20260528
4082,9,16,random,82,1206,21187519,20260528
4083,9,16,random,83,1578,21187519,20260528
4084,9,16,random,84,1691,21187519,20260528
4085,9,16,random,85,1363,21187519,20260528
4086,9,16,random,86,170,21187519,20260528
4087,9,16,random,87,1330,21187519,20260528
4088,9,16,random,88,2019,21187519,20260528
4089,9,16,random,89,344,21187519,20260528
4090,9,16,random,90,931,21187519,20260528
4091,9,16,random,91,2975,21187519,20260528
4092,9,16,random,92,1451,21187519,20260528
4093,9,16,random,93,177,21187519,20260528
4094,9,16,random,94,2166,21187519,20260528
4095,9,16,random,95,2255,21187519,20260528
4096,9,16,random,96,2625,21187519,20260528
4097,9,16,random,97,1455,21187519,20260528
4098,9,16,random,98,1636,21187519,20260528
4099,9,16,random,99,1735,21187519,20260528
4100,9,16,random,100,340,21187519,20260528
4101,9,16,random,101,951,21187519,20260528
4102,9,16,random,102,443,21187519,20260528
4103,9,16,random,103,1333,21187519,20260528
4104,9,16,random,104,2277,21187519,20260528
4105,9,16,random,105,1998,21187519,20260528
4106,9,16,random,106,2837,21187519,20260528
4107,9,16,random,107,776,21187519,20260528
4108,9,16,random,108,2046,21187519,20260528
4109,9,16,random,109,2345,21187519,20260528
4110,9,16,random,110,157,21187519,20260528
4111,9,16,random,111,2672,21187519,20260528
4112,9,16,random,112,2648,21187519,20260528
4113,9,16,random,113,2585,21187519,20260528
4114,9,16,random,114,674,21187519,20260528
4115,9,16,random,115,803,21187519,20260528
4116,9,16,random,116,2196,21187519,20260528
4117,9,16,random,117,1455,21187519,20260528
4118,9,16,random,118,1946,21187519,20260528
4119,9,16,random,119,1900,21187519,20260528
4120,9,16,random,120,109,21187519,20260528
4121,9,16,random,121,1128,21187519,20260528
4122,9,16,random,122,631,21187519,20260528
4123,9,16,random,123,1003,21187519,20260528
4124,9,16,random,124,1152,21187519,20260528
4125,9,16,random,125,577,21187519,20260528
4126,9,16,random,126,556,21187519,20260528
4127,9,16,random,127,1349,21187519,20260528
4128,9,16,random,128,475,21187519,20260528
4129,9,16,random,129,2250,21187519,20260528
4130,9,16,random,130,2652,21187519,20260528
4131,9,16,random,131,1292,21187519,20260528
4132,9,16,random,132,2070,21187519,20260528
4133,9,16,random,133,1446,21187519,20260528
4134,9,16,random,134,2214,21187519,20260528
4135,9,16,random,135,687,21187519,20260528
4136,9,16,random,136,95,21187519,20260528
4137,9,16,random,137,1697,21187519,20260528
4138,9,16,random,138,1685,21187519,20260528
4139,9,16,random,139,1826,21187519,20260528
4140,9,16,random,140,1566,21187519,20260528
4141,9,16,random,141,2483,21187519,20260528
4142,9,16,random,142,1889,21187519,20260528
4143,9,16,random,143,2263,21187519,20260528
4144,9,16,random,144,1924,21187519,20260528
4145,9,16,random,145,1412,21187519,20260528
4146,9,16,random,146,2247,21187519,20260528
4147,9,16,random,147,727,21187519,20260528
4148,9,16,random,148,728,21187519,20260528
4149,9,16,random,149,927,21187519,20260528
4150,9,16,random,150,269,21187519,20260528
4151,9,16,random,151,2800,21187519,20260528
4152,9,16,random,152,785,21187519,20260528
4153,9,16,random,153,2481,21187519,20260528
4154,9,16,random,154,559,21187519,20260528
4155,9,16,random,155,2015,21187519,20260528
4156,9,16,random,156,1633,21187519,20260528
4157,9,16,random,157,1053,21187519,20260528
4158,9,16,random,158,2754,21187519,20260528
4159,9,16,random,159,2831,21187519,20260528
4160,9,16,random,160,84,21187519,20260528
4161,9,16,random,161,2199,21187519,20260528
4162,9,16,random,162,539,21187519,20260528
4163,9,16,random,163,140,21187519,20260528
4164,9,16,random,164,908,21187519,20260528
4165,9,16,random,165,130,21187519,20260528
4166,9,16,random,166,1579,21187519,20260528
4167,9,16,random,167,2502,21187519,20260528
4168,9,16,random,168,2169,21187519,20260528
4169,9,16,random,169,452,21187519,20260528
4170,9,16,random,170,2021,21187519,20260528
4171,9,16,random,171,1255,21187519,20260528
4172,9,16,random,172,2126,21187519,20260528
4173,9,16,random,173,802,21187519,20260528
4174,9,16,random,174,355,21187519,20260528
4175,9,16,random,175,852,21187519,20260528
4176,9,16,random,176,1759,21187519,20260528
4177,9,16,random,177,79,21187519,20260528
4178,9,16,random,178,2410,21187519,20260528
4179,9,16,random,179,814,21187519,20260528
4180,9,16,random,180,1331,21187519,20260528
4181,9,16,random,181,1214,21187519,20260528
4182,9,16,random,182,827,21187519,20260528
4183,9,16,random,183,380,21187519,20260528
4184,9,16,random,184,1894,21187519,20260528
4185,9,16,random,185,1957,21187519,20260528
4186,9,16,random,186,1995,21187519,20260528
4187,9,16,random,187,1483,21187519,20260528
4188,9,16,random,188,2685,21187519,20260528
4189,9,16,random,189,676,21187519,20260528
4190,9,16,random,190,816,21187519,20260528
4191,9,16,random,191,1160,21187519,20260528
4192,9,16,random,192,1391,21187519,20260528
4193,9,16,random,193,2858,21187519,20260528
4194,9,16,random,194,198,21187519,20260528
4195,9,16,random,195,616,21187519,20260528
4196,9,16,random,196,2124,21187519,20260528
4197,9,16,random,197,1797,21187519,20260528
4198,9,16,random,198,2445,21187519,20260528
4199,9,16,random,199,1443,21187519,20260528
4200,9,16,HC_HI,0,1765,21187519,20260528
4201,9,16,HC_HI,1,1162,21187519,20260528
4202,9,16,HC_HI,2,2053,21187519,20260528
4203,9,16,HC_HI,3,1940,21187519,20260528
4204,9,16,HC_HI,4,520,21187519,20260528
4205,9,16,HC_HI,5,1765,21187519,20260528
4206,9,16,HC_HI,6,460,21187519,20260528
4207,9,16,HC_HI,7,162,21187519,20260528
4208,9,16,HC_HI,8,1210,21187519,20260528
4209,9,16,HC_HI,9,1404,21187519,20260528
4210,9,16,HC_HI,10,1178,21187519,20260528
4211,9,16,HC_HI,11,2674,21187519,20260528
4212,9,16,HC_HI,12,1086,21187519,20260528
4213,9,16,HC_HI,13,2824,21187519,20260528
4214,9,16,HC_HI,14,1206,21187519,20260528
4215,9,16,HC_HI,15,1408,21187519,20260528
4216,9,16,HC_HI,16,1155,21187519,20260528
4217,9,16,HC_HI,17,505,21187519,20260528
4218,9,16,HC_HI,18,186,21187519,20260528
4219,9,16,HC_HI,19,1883,21187519,20260528
4220,9,16,HC_HI,20,2824,21187519,20260528
4221,9,16,HC_HI,21,2162,21187519,20260528
4222,9,16,HC_HI,22,2414,21187519,20260528
4223,9,16,HC_HI,23,2056,21187519,20260528
4224,9,16,HC_HI,24,344,21187519,20260528
4225,9,16,HC_HI,25,179,21187519,20260528
4226,9,16,HC_HI,26,2674,21187519,20260528
4227,9,16,HC_HI,27,4,21187519,20260528
4228,9,16,HC_HI,28,1883,21187519,20260528
4229,9,16,HC_HI,29,2231,21187519,20260528
4230,9,16,HC_HI,30,1383,21187519,20260528
4231,9,16,HC_HI,31,1622,21187519,20260528
4232,9,16,HC_HI,32,2498,21187519,20260528
4233,9,16,HC_HI,33,1398,21187519,20260528
4234,9,16,HC_HI,34,1178,21187519,20260528
4235,9,16,HC_HI,35,1210,21187519,20260528
4236,9,16,HC_HI,36,377,21187519,20260528
4237,9,16,HC_HI,37,2964,21187519,20260528
4238,9,16,HC_HI,38,2696,21187519,20260528
4239,9,16,HC_HI,39,2431,21187519,20260528
4240,9,16,HC_HI,40,924,21187519,20260528
4241,9,16,HC_HI,41,1029,21187519,20260528
4242,9,16,HC_HI,42,1191,21187519,20260528
4243,9,16,HC_HI,43,2206,21187519,20260528
4244,9,16,HC_HI,44,1477,21187519,20260528
4245,9,16,HC_HI,45,1888,21187519,20260528
4246,9,16,HC_HI,46,393,21187519,20260528
4247,9,16,HC_HI,47,261,21187519,20260528
4248,9,16,HC_HI,48,2672,21187519,20260528
4249,9,16,HC_HI,49,351,21187519,20260528
4250,9,16,HC_HI,50,1162,21187519,20260528
4251,9,16,HC_HI,51,1608,21187519,20260528
4252,9,16,HC_HI,52,2252,21187519,20260528
4253,9,16,HC_HI,53,843,21187519,20260528
4254,9,16,HC_HI,54,2668,21187519,20260528
4255,9,16,HC_HI,55,1739,21187519,20260528
4256,9,16,HC_HI,56,828,21187519,20260528
4257,9,16,HC_HI,57,1167,21187519,20260528
4258,9,16,HC_HI,58,309,21187519,20260528
4259,9,16,HC_HI,59,261,21187519,20260528
4260,9,16,HC_HI,60,2449,21187519,20260528
4261,9,16,HC_HI,61,1263,21187519,20260528
4262,9,16,HC_HI,62,1174,21187519,20260528
4263,9,16,HC_HI,63,539,21187519,20260528
4264,9,16,HC_HI,64,537,21187519,20260528
4265,9,16,HC_HI,65,2696,21187519,20260528
4266,9,16,HC_HI,66,1137,21187519,20260528
4267,9,16,HC_HI,67,2757,21187519,20260528
4268,9,16,HC_HI,68,314,21187519,20260528
4269,9,16,HC_HI,69,843,21187519,20260528
4270,9,16,HC_HI,70,1005,21187519,20260528
4271,9,16,HC_HI,71,2456,21187519,20260528
4272,9,16,HC_HI,72,1886,21187519,20260528
4273,9,16,HC_HI,73,206,21187519,20260528
4274,9,16,HC_HI,74,1398,21187519,20260528
4275,9,16,HC_HI,75,2281,21187519,20260528
4276,9,16,HC_HI,76,1604,21187519,20260528
4277,9,16,HC_HI,77,2126,21187519,20260528
4278,9,16,HC_HI,78,521,21187519,20260528
4279,9,16,HC_HI,79,2402,21187519,20260528
4280,9,16,HC_HI,80,179,21187519,20260528
4281,9,16,HC_HI,81,1390,21187519,20260528
4282,9,16,HC_HI,82,2343,21187519,20260528
4283,9,16,HC_HI,83,1529,21187519,20260528
4284,9,16,HC_HI,84,964,21187519,20260528
4285,9,16,HC_HI,85,2498,21187519,20260528
4286,9,16,HC_HI,86,1801,21187519,20260528
4287,9,16,HC_HI,87,4,21187519,20260528
4288,9,16,HC_HI,88,2471,21187519,20260528
4289,9,16,HC_HI,89,990,21187519,20260528
4290,9,16,HC_HI,90,314,21187519,20260528
4291,9,16,HC_HI,91,1801,21187519,20260528
4292,9,16,HC_HI,92,607,21187519,20260528
4293,9,16,HC_HI,93,1155,21187519,20260528
4294,9,16,HC_HI,94,236,21187519,20260528
4295,9,16,HC_HI,95,2938,21187519,20260528
4296,9,16,HC_HI,96,1714,21187519,20260528
4297,9,16,HC_HI,97,2560,21187519,20260528
4298,9,16,HC_HI,98,1398,21187519,20260528
4299,9,16,HC_HI,99,162,21187519,20260528
4300,9,16,HC_HI,100,843,21187519,20260528
4301,9,16,HC_HI,101,556,21187519,20260528
4302,9,16,HC_HI,102,1025,21187519,20260528
4303,9,16,HC_HI,103,186,21187519,20260528
4304,9,16,HC_HI,104,2252,21187519,20260528
4305,9,16,HC_HI,105,817,21187519,20260528
4306,9,16,HC_HI,106,1886,21187519,20260528
4307,9,16,HC_HI,107,337,21187519,20260528
4308,9,16,HC_HI,108,2402,21187519,20260528
4309,9,16,HC_HI,109,2865,21187519,20260528
4310,9,16,HC_HI,110,537,21187519,20260528
4311,9,16,HC_HI,111,2375,21187519,20260528
4312,9,16,HC_HI,112,2231,21187519,20260528
4313,9,16,HC_HI,113,2716,21187519,20260528
4314,9,16,HC_HI,114,1739,21187519,20260528
4315,9,16,HC_HI,115,2402,21187519,20260528
4316,9,16,HC_HI,116,1634,21187519,20260528
4317,9,16,HC_HI,117,645,21187519,20260528
4318,9,16,HC_HI,118,2380,21187519,20260528
4319,9,16,HC_HI,119,817,21187519,20260528
4320,9,16,HC_HI,120,1160,21187519,20260528
4321,9,16,HC_HI,121,543,21187519,20260528
4322,9,16,HC_HI,122,843,21187519,20260528
4323,9,16,HC_HI,123,556,21187519,20260528
4324,9,16,HC_HI,124,1477,21187519,20260528
4325,9,16,HC_HI,125,60,21187519,20260528
4326,9,16,HC_HI,126,2716,21187519,20260528
4327,9,16,HC_HI,127,1178,21187519,20260528
4328,9,16,HC_HI,128,1512,21187519,20260528
4329,9,16,HC_HI,129,337,21187519,20260528
4330,9,16,HC_HI,130,2402,21187519,20260528
4331,9,16,HC_HI,131,1005,21187519,20260528
4332,9,16,HC_HI,132,2696,21187519,20260528
4333,9,16,HC_HI,133,2757,21187519,20260528
4334,9,16,HC_HI,134,1112,21187519,20260528
4335,9,16,HC_HI,135,2964,21187519,20260528
4336,9,16,HC_HI,136,2853,21187519,20260528
4337,9,16,HC_HI,137,1797,21187519,20260528
4338,9,16,HC_HI,138,2824,21187519,20260528
4339,9,16,HC_HI,139,377,21187519,20260528
4340,9,16,HC_HI,140,2616,21187519,20260528
4341,9,16,HC_HI,141,410,21187519,20260528
4342,9,16,HC_HI,142,750,21187519,20260528
4343,9,16,HC_HI,143,2720,21187519,20260528
4344,9,16,HC_HI,144,1232,21187519,20260528
4345,9,16,HC_HI,145,1801,21187519,20260528
4346,9,16,HC_HI,146,2560,21187519,20260528
4347,9,16,HC_HI,147,24,21187519,20260528
4348,9,16,HC_HI,148,1804,21187519,20260528
4349,9,16,HC_HI,149,2598,21187519,20260528
4350,9,16,HC_HI,150,1604,21187519,20260528
4351,9,16,HC_HI,151,1606,21187519,20260528
4352,9,16,HC_HI,152,64,21187519,20260528
4353,9,16,HC_HI,153,2162,21187519,20260528
4354,9,16,HC_HI,154,2053,21187519,20260528
4355,9,16,HC_HI,155,1529,21187519,20260528
4356,9,16,HC_HI,156,2515,21187519,20260528
4357,9,16,HC_HI,157,2658,21187519,20260528
4358,9,16,HC_HI,158,2666,21187519,20260528
4359,9,16,HC_HI,159,2672,21187519,20260528
4360,9,16,HC_HI,160,2956,21187519,20260528
4361,9,16,HC_HI,161,1178,21187519,20260528
4362,9,16,HC_HI,162,28,21187519,20260528
4363,9,16,HC_HI,163,1175,21187519,20260528
4364,9,16,HC_HI,164,1404,21187519,20260528
4365,9,16,HC_HI,165,505,21187519,20260528
4366,9,16,HC_HI,166,389,21187519,20260528
4367,9,16,HC_HI,167,2535,21187519,20260528
4368,9,16,HC_HI,168,314,21187519,20260528
4369,9,16,HC_HI,169,2380,21187519,20260528
4370,9,16,HC_HI,170,2674,21187519,20260528
4371,9,16,HC_HI,171,340,21187519,20260528
4372,9,16,HC_HI,172,1267,21187519,20260528
4373,9,16,HC_HI,173,2515,21187519,20260528
4374,9,16,HC_HI,174,1206,21187519,20260528
4375,9,16,HC_HI,175,1043,21187519,20260528
4376,9,16,HC_HI,176,522,21187519,20260528
4377,9,16,HC_HI,177,1174,21187519,20260528
4378,9,16,HC_HI,178,236,21187519,20260528
4379,9,16,HC_HI,179,1604,21187519,20260528
4380,9,16,HC_HI,180,1508,21187519,20260528
4381,9,16,HC_HI,181,2375,21187519,20260528
4382,9,16,HC_HI,182,448,21187519,20260528
4383,9,16,HC_HI,183,2866,21187519,20260528
4384,9,16,HC_HI,184,2333,21187519,20260528
4385,9,16,HC_HI,185,460,21187519,20260528
4386,9,16,HC_HI,186,1481,21187519,20260528
4387,9,16,HC_HI,187,2231,21187519,20260528
4388,9,16,HC_HI,188,2162,21187519,20260528
4389,9,16,HC_HI,189,1529,21187519,20260528
4390,9,16,HC_HI,190,910,21187519,20260528
4391,9,16,HC_HI,191,1634,21187519,20260528
4392,9,16,HC_HI,192,816,21187519,20260528
4393,9,16,HC_HI,193,1207,21187519,20260528
4394,9,16,HC_HI,194,2498,21187519,20260528
4395,9,16,HC_HI,195,2964,21187519,20260528
4396,9,16,HC_HI,196,1481,21187519,20260528
4397,9,16,HC_HI,197,1968,21187519,20260528
4398,9,16,HC_HI,198,281,21187519,20260528
4399,9,16,HC_HI,199,1043,21187519,20260528
4400,9,16,HC_LI,0,2491,21187519,20260528
4401,9,16,HC_LI,1,1452,21187519,20260528
4402,9,16,HC_LI,2,2592,21187519,20260528
4403,9,16,HC_LI,3,1158,21187519,20260528
4404,9,16,HC_LI,4,2632,21187519,20260528
4405,9,16,HC_LI,5,1256,21187519,20260528
4406,9,16,HC_LI,6,900,21187519,20260528
4407,9,16,HC_LI,7,367,21187519,20260528
4408,9,16,HC_LI,8,839,21187519,20260528
4409,9,16,HC_LI,9,2275,21187519,20260528
4410,9,16,HC_LI,10,1342,21187519,20260528
4411,9,16,HC_LI,11,1845,21187519,20260528
4412,9,16,HC_LI,12,1158,21187519,20260528
4413,9,16,HC_LI,13,2941,21187519,20260528
4414,9,16,HC_LI,14,869,21187519,20260528
4415,9,16,HC_LI,15,819,21187519,20260528
4416,9,16,HC_LI,16,2495,21187519,20260528
4417,9,16,HC_LI,17,495,21187519,20260528
4418,9,16,HC_LI,18,274,21187519,20260528
4419,9,16,HC_LI,19,627,21187519,20260528
4420,9,16,HC_LI,20,2093,21187519,20260528
4421,9,16,HC_LI,21,844,21187519,20260528
4422,9,16,HC_LI,22,2679,21187519,20260528
4423,9,16,HC_LI,23,2030,21187519,20260528
4424,9,16,HC_LI,24,2971,21187519,20260528
4425,9,16,HC_LI,25,1954,21187519,20260528
4426,9,16,HC_LI,26,2030,21187519,20260528
4427,9,16,HC_LI,27,598,21187519,20260528
4428,9,16,HC_LI,28,1832,21187519,20260528
4429,9,16,HC_LI,29,1841,21187519,20260528
4430,9,16,HC_LI,30,546,21187519,20260528
4431,9,16,HC_LI,31,2906,21187519,20260528
4432,9,16,HC_LI,32,1993,21187519,20260528
4433,9,16,HC_LI,33,2495,21187519,20260528
4434,9,16,HC_LI,34,514,21187519,20260528
4435,9,16,HC_LI,35,948,21187519,20260528
4436,9,16,HC_LI,36,1844,21187519,20260528
4437,9,16,HC_LI,37,367,21187519,20260528
4438,9,16,HC_LI,38,2319,21187519,20260528
4439,9,16,HC_LI,39,902,21187519,20260528
4440,9,16,HC_LI,40,2798,21187519,20260528
4441,9,16,HC_LI,41,2935,21187519,20260528
4442,9,16,HC_LI,42,1080,21187519,20260528
4443,9,16,HC_LI,43,2579,21187519,20260528
4444,9,16,HC_LI,44,118,21187519,20260528
4445,9,16,HC_LI,45,2921,21187519,20260528
4446,9,16,HC_LI,46,936,21187519,20260528
4447,9,16,HC_LI,47,1432,21187519,20260528
4448,9,16,HC_LI,48,1021,21187519,20260528
4449,9,16,HC_LI,49,2798,21187519,20260528
4450,9,16,HC_LI,50,2935,21187519,20260528
4451,9,16,HC_LI,51,1049,21187519,20260528
4452,9,16,HC_LI,52,1845,21187519,20260528
4453,9,16,HC_LI,53,1483,21187519,20260528
4454,9,16,HC_LI,54,1764,21187519,20260528
4455,9,16,HC_LI,55,2800,21187519,20260528
4456,9,16,HC_LI,56,1080,21187519,20260528
4457,9,16,HC_LI,57,2679,21187519,20260528
4458,9,16,HC_LI,58,1483,21187519,20260528
4459,9,16,HC_LI,59,2574,21187519,20260528
4460,9,16,HC_LI,60,2935,21187519,20260528
4461,9,16,HC_LI,61,728,21187519,20260528
4462,9,16,HC_LI,62,465,21187519,20260528
4463,9,16,HC_LI,63,2243,21187519,20260528
4464,9,16,HC_LI,64,1914,21187519,20260528
4465,9,16,HC_LI,65,2870,21187519,20260528
4466,9,16,HC_LI,66,576,21187519,20260528
4467,9,16,HC_LI,67,1768,21187519,20260528
4468,9,16,HC_LI,68,2974,21187519,20260528
4469,9,16,HC_LI,69,1832,21187519,20260528
4470,9,16,HC_LI,70,1730,21187519,20260528
4471,9,16,HC_LI,71,274,21187519,20260528
4472,9,16,HC_LI,72,2352,21187519,20260528
4473,9,16,HC_LI,73,34,21187519,20260528
4474,9,16,HC_LI,74,1080,21187519,20260528
4475,9,16,HC_LI,75,1806,21187519,20260528
4476,9,16,HC_LI,76,2623,21187519,20260528
4477,9,16,HC_LI,77,541,21187519,20260528
4478,9,16,HC_LI,78,1547,21187519,20260528
4479,9,16,HC_LI,79,2352,21187519,20260528
4480,9,16,HC_LI,80,895,21187519,20260528
4481,9,16,HC_LI,81,844,21187519,20260528
4482,9,16,HC_LI,82,1213,21187519,20260528
4483,9,16,HC_LI,83,1695,21187519,20260528
4484,9,16,HC_LI,84,1327,21187519,20260528
4485,9,16,HC_LI,85,2875,21187519,20260528
4486,9,16,HC_LI,86,2495,21187519,20260528
4487,9,16,HC_LI,87,2830,21187519,20260528
4488,9,16,HC_LI,88,1048,21187519,20260528
4489,9,16,HC_LI,89,1128,21187519,20260528
4490,9,16,HC_LI,90,1494,21187519,20260528
4491,9,16,HC_LI,91,2291,21187519,20260528
4492,9,16,HC_LI,92,839,21187519,20260528
4493,9,16,HC_LI,93,1350,21187519,20260528
4494,9,16,HC_LI,94,1176,21187519,20260528
4495,9,16,HC_LI,95,2906,21187519,20260528
4496,9,16,HC_LI,96,10,21187519,20260528
4497,9,16,HC_LI,97,1676,21187519,20260528
4498,9,16,HC_LI,98,465,21187519,20260528
4499,9,16,HC_LI,99,41,21187519,20260528
4500,9,16,HC_LI,100,352,21187519,20260528
4501,9,16,HC_LI,101,878,21187519,20260528
4502,9,16,HC_LI,102,2742,21187519,20260528
4503,9,16,HC_LI,103,598,21187519,20260528
4504,9,16,HC_LI,104,2948,21187519,20260528
4505,9,16,HC_LI,105,2083,21187519,20260528
4506,9,16,HC_LI,106,1049,21187519,20260528
4507,9,16,HC_LI,107,1589,21187519,20260528
4508,9,16,HC_LI,108,1521,21187519,20260528
4509,9,16,HC_LI,109,2767,21187519,20260528
4510,9,16,HC_LI,110,878,21187519,20260528
4511,9,16,HC_LI,111,1066,21187519,20260528
4512,9,16,HC_LI,112,728,21187519,20260528
4513,9,16,HC_LI,113,2795,21187519,20260528
4514,9,16,HC_LI,114,1386,21187519,20260528
4515,9,16,HC_LI,115,375,21187519,20260528
4516,9,16,HC_LI,116,2723,21187519,20260528
4517,9,16,HC_LI,117,656,21187519,20260528
4518,9,16,HC_LI,118,367,21187519,20260528
4519,9,16,HC_LI,119,701,21187519,20260528
4520,9,16,HC_LI,120,1295,21187519,20260528
4521,9,16,HC_LI,121,18,21187519,20260528
4522,9,16,HC_LI,122,1814,21187519,20260528
4523,9,16,HC_LI,123,2631,21187519,20260528
4524,9,16,HC_LI,124,1158,21187519,20260528
4525,9,16,HC_LI,125,627,21187519,20260528
4526,9,16,HC_LI,126,1295,21187519,20260528
4527,9,16,HC_LI,127,2818,21187519,20260528
4528,9,16,HC_LI,128,2291,21187519,20260528
4529,9,16,HC_LI,129,2010,21187519,20260528
4530,9,16,HC_LI,130,1771,21187519,20260528
4531,9,16,HC_LI,131,2030,21187519,20260528
4532,9,16,HC_LI,132,1021,21187519,20260528
4533,9,16,HC_LI,133,606,21187519,20260528
4534,9,16,HC_LI,134,273,21187519,20260528
4535,9,16,HC_LI,135,401,21187519,20260528
4536,9,16,HC_LI,136,1159,21187519,20260528
4537,9,16,HC_LI,137,2772,21187519,20260528
4538,9,16,HC_LI,138,1124,21187519,20260528
4539,9,16,HC_LI,139,754,21187519,20260528
4540,9,16,HC_LI,140,1732,21187519,20260528
4541,9,16,HC_LI,141,2615,21187519,20260528
4542,9,16,HC_LI,142,2818,21187519,20260528
4543,9,16,HC_LI,143,457,21187519,20260528
4544,9,16,HC_LI,144,2491,21187519,20260528
4545,9,16,HC_LI,145,2336,21187519,20260528
4546,9,16,HC_LI,146,1432,21187519,20260528
4547,9,16,HC_LI,147,1704,21187519,20260528
4548,9,16,HC_LI,148,2065,21187519,20260528
4549,9,16,HC_LI,149,576,21187519,20260528
4550,9,16,HC_LI,150,401,21187519,20260528
4551,9,16,HC_LI,151,2765,21187519,20260528
4552,9,16,HC_LI,152,638,21187519,20260528
4553,9,16,HC_LI,153,2276,21187519,20260528
4554,9,16,HC_LI,154,902,21187519,20260528
4555,9,16,HC_LI,155,2971,21187519,20260528
4556,9,16,HC_LI,156,1432,21187519,20260528
4557,9,16,HC_LI,157,1764,21187519,20260528
4558,9,16,HC_LI,158,2687,21187519,20260528
4559,9,16,HC_LI,159,2276,21187519,20260528
4560,9,16,HC_LI,160,2989,21187519,20260528
4561,9,16,HC_LI,161,2276,21187519,20260528
4562,9,16,HC_LI,162,1984,21187519,20260528
4563,9,16,HC_LI,163,844,21187519,20260528
4564,9,16,HC_LI,164,2083,21187519,20260528
4565,9,16,HC_LI,165,900,21187519,20260528
4566,9,16,HC_LI,166,598,21187519,20260528
4567,9,16,HC_LI,167,2167,21187519,20260528
4568,9,16,HC_LI,168,2921,21187519,20260528
4569,9,16,HC_LI,169,2795,21187519,20260528
4570,9,16,HC_LI,170,1327,21187519,20260528
4571,9,16,HC_LI,171,2167,21187519,20260528
4572,9,16,HC_LI,172,2536,21187519,20260528
4573,9,16,HC_LI,173,2818,21187519,20260528
4574,9,16,HC_LI,174,2989,21187519,20260528
4575,9,16,HC_LI,175,2921,21187519,20260528
4576,9,16,HC_LI,176,18,21187519,20260528
4577,9,16,HC_LI,177,156,21187519,20260528
4578,9,16,HC_LI,178,1828,21187519,20260528
4579,9,16,HC_LI,179,2336,21187519,20260528
4580,9,16,HC_LI,180,2690,21187519,20260528
4581,9,16,HC_LI,181,2167,21187519,20260528
4582,9,16,HC_LI,182,2275,21187519,20260528
4583,9,16,HC_LI,183,2698,21187519,20260528
4584,9,16,HC_LI,184,869,21187519,20260528
4585,9,16,HC_LI,185,1159,21187519,20260528
4586,9,16,HC_LI,186,2732,21187519,20260528
4587,9,16,HC_LI,187,2875,21187519,20260528
4588,9,16,HC_LI,188,2929,21187519,20260528
4589,9,16,HC_LI,189,754,21187519,20260528
4590,9,16,HC_LI,190,465,21187519,20260528
4591,9,16,HC_LI,191,576,21187519,20260528
4592,9,16,HC_LI,192,514,21187519,20260528
4593,9,16,HC_LI,193,2166,21187519,20260528
4594,9,16,HC_LI,194,1483,21187519,20260528
4595,9,16,HC_LI,195,465,21187519,20260528
4596,9,16,HC_LI,196,1037,21187519,20260528
4597,9,16,HC_LI,197,837,21187519,20260528
4598,9,16,HC_LI,198,844,21187519,20260528
4599,9,16,HC_LI,199,541,21187519,20260528
4600,9,16,LC_HI,0,1837,21187519,20260528
4601,9,16,LC_HI,1,149,21187519,20260528
4602,9,16,LC_HI,2,1418,21187519,20260528
4603,9,16,LC_HI,3,275,21187519,20260528
4604,9,16,LC_HI,4,605,21187519,20260528
4605,9,16,LC_HI,5,439,21187519,20260528
4606,9,16,LC_HI,6,1168,21187519,20260528
4607,9,16,LC_HI,7,2137,21187519,20260528
4608,9,16,LC_HI,8,2914,21187519,20260528
4609,9,16,LC_HI,9,339,21187519,20260528
4610,9,16,LC_HI,10,2914,21187519,20260528
4611,9,16,LC_HI,11,434,21187519,20260528
4612,9,16,LC_HI,12,875,21187519,20260528
4613,9,16,LC_HI,13,27,21187519,20260528
4614,9,16,LC_HI,14,82,21187519,20260528
4615,9,16,LC_HI,15,751,21187519,20260528
4616,9,16,LC_HI,16,1583,21187519,20260528
4617,9,16,LC_HI,17,2590,21187519,20260528
4618,9,16,LC_HI,18,492,21187519,20260528
4619,9,16,LC_HI,19,1283,21187519,20260528
4620,9,16,LC_HI,20,217,21187519,20260528
4621,9,16,LC_HI,21,2179,21187519,20260528
4622,9,16,LC_HI,22,1837,21187519,20260528
4623,9,16,LC_HI,23,2907,21187519,20260528
4624,9,16,LC_HI,24,1064,21187519,20260528
4625,9,16,LC_HI,25,2663,21187519,20260528
4626,9,16,LC_HI,26,310,21187519,20260528
4627,9,16,LC_HI,27,492,21187519,20260528
4628,9,16,LC_HI,28,1728,21187519,20260528
4629,9,16,LC_HI,29,310,21187519,20260528
4630,9,16,LC_HI,30,1245,21187519,20260528
4631,9,16,LC_HI,31,1058,21187519,20260528
4632,9,16,LC_HI,32,616,21187519,20260528
4633,9,16,LC_HI,33,217,21187519,20260528
4634,9,16,LC_HI,34,1592,21187519,20260528
4635,9,16,LC_HI,35,1284,21187519,20260528
4636,9,16,LC_HI,36,27,21187519,20260528
4637,9,16,LC_HI,37,374,21187519,20260528
4638,9,16,LC_HI,38,2240,21187519,20260528
4639,9,16,LC_HI,39,439,21187519,20260528
4640,9,16,LC_HI,40,275,21187519,20260528
4641,9,16,LC_HI,41,2823,21187519,20260528
4642,9,16,LC_HI,42,1449,21187519,20260528
4643,9,16,LC_HI,43,2179,21187519,20260528
4644,9,16,LC_HI,44,1101,21187519,20260528
4645,9,16,LC_HI,45,519,21187519,20260528
4646,9,16,LC_HI,46,2140,21187519,20260528
4647,9,16,LC_HI,47,751,21187519,20260528
4648,9,16,LC_HI,48,2902,21187519,20260528
4649,9,16,LC_HI,49,616,21187519,20260528
4650,9,16,LC_HI,50,44,21187519,20260528
4651,9,16,LC_HI,51,1591,21187519,20260528
4652,9,16,LC_HI,52,567,21187519,20260528
4653,9,16,LC_HI,53,1982,21187519,20260528
4654,9,16,LC_HI,54,745,21187519,20260528
4655,9,16,LC_HI,55,1004,21187519,20260528
4656,9,16,LC_HI,56,519,21187519,20260528
4657,9,16,LC_HI,57,2882,21187519,20260528
4658,9,16,LC_HI,58,1374,21187519,20260528
4659,9,16,LC_HI,59,586,21187519,20260528
4660,9,16,LC_HI,60,1127,21187519,20260528
4661,9,16,LC_HI,61,2140,21187519,20260528
4662,9,16,LC_HI,62,1150,21187519,20260528
4663,9,16,LC_HI,63,1485,21187519,20260528
4664,9,16,LC_HI,64,1297,21187519,20260528
4665,9,16,LC_HI,65,1961,21187519,20260528
4666,9,16,LC_HI,66,2027,21187519,20260528
4667,9,16,LC_HI,67,2138,21187519,20260528
4668,9,16,LC_HI,68,498,21187519,20260528
4669,9,16,LC_HI,69,2488,21187519,20260528
4670,9,16,LC_HI,70,1660,21187519,20260528
4671,9,16,LC_HI,71,2190,21187519,20260528
4672,9,16,LC_HI,72,1469,21187519,20260528
4673,9,16,LC_HI,73,426,21187519,20260528
4674,9,16,LC_HI,74,1004,21187519,20260528
4675,9,16,LC_HI,75,1202,21187519,20260528
4676,9,16,LC_HI,76,2058,21187519,20260528
4677,9,16,LC_HI,77,1594,21187519,20260528
4678,9,16,LC_HI,78,2370,21187519,20260528
4679,9,16,LC_HI,79,2081,21187519,20260528
4680,9,16,LC_HI,80,2570,21187519,20260528
4681,9,16,LC_HI,81,2982,21187519,20260528
4682,9,16,LC_HI,82,310,21187519,20260528
4683,9,16,LC_HI,83,52,21187519,20260528
4684,9,16,LC_HI,84,1317,21187519,20260528
4685,9,16,LC_HI,85,1591,21187519,20260528
4686,9,16,LC_HI,86,1079,21187519,20260528
4687,9,16,LC_HI,87,2268,21187519,20260528
4688,9,16,LC_HI,88,1826,21187519,20260528
4689,9,16,LC_HI,89,2274,21187519,20260528
4690,9,16,LC_HI,90,1595,21187519,20260528
4691,9,16,LC_HI,91,1272,21187519,20260528
4692,9,16,LC_HI,92,1079,21187519,20260528
4693,9,16,LC_HI,93,534,21187519,20260528
4694,9,16,LC_HI,94,557,21187519,20260528
4695,9,16,LC_HI,95,550,21187519,20260528
4696,9,16,LC_HI,96,2326,21187519,20260528
4697,9,16,LC_HI,97,590,21187519,20260528
4698,9,16,LC_HI,98,1317,21187519,20260528
4699,9,16,LC_HI,99,52,21187519,20260528
4700,9,16,LC_HI,100,550,21187519,20260528
4701,9,16,LC_HI,101,378,21187519,20260528
4702,9,16,LC_HI,102,870,21187519,20260528
4703,9,16,LC_HI,103,513,21187519,20260528
4704,9,16,LC_HI,104,1284,21187519,20260528
4705,9,16,LC_HI,105,2958,21187519,20260528
4706,9,16,LC_HI,106,1982,21187519,20260528
4707,9,16,LC_HI,107,2265,21187519,20260528
4708,9,16,LC_HI,108,359,21187519,20260528
4709,9,16,LC_HI,109,616,21187519,20260528
4710,9,16,LC_HI,110,534,21187519,20260528
4711,9,16,LC_HI,111,605,21187519,20260528
4712,9,16,LC_HI,112,255,21187519,20260528
4713,9,16,LC_HI,113,1058,21187519,20260528
4714,9,16,LC_HI,114,2722,21187519,20260528
4715,9,16,LC_HI,115,928,21187519,20260528
4716,9,16,LC_HI,116,2851,21187519,20260528
4717,9,16,LC_HI,117,2914,21187519,20260528
4718,9,16,LC_HI,118,1439,21187519,20260528
4719,9,16,LC_HI,119,1064,21187519,20260528
4720,9,16,LC_HI,120,2453,21187519,20260528
4721,9,16,LC_HI,121,1459,21187519,20260528
4722,9,16,LC_HI,122,1863,21187519,20260528
4723,9,16,LC_HI,123,2419,21187519,20260528
4724,9,16,LC_HI,124,2241,21187519,20260528
4725,9,16,LC_HI,125,2027,21187519,20260528
4726,9,16,LC_HI,126,616,21187519,20260528
4727,9,16,LC_HI,127,374,21187519,20260528
4728,9,16,LC_HI,128,590,21187519,20260528
4729,9,16,LC_HI,129,492,21187519,20260528
4730,9,16,LC_HI,130,2966,21187519,20260528
4731,9,16,LC_HI,131,1592,21187519,20260528
4732,9,16,LC_HI,132,1583,21187519,20260528
4733,9,16,LC_HI,133,751,21187519,20260528
4734,9,16,LC_HI,134,1499,21187519,20260528
4735,9,16,LC_HI,135,513,21187519,20260528
4736,9,16,LC_HI,136,2722,21187519,20260528
4737,9,16,LC_HI,137,875,21187519,20260528
4738,9,16,LC_HI,138,2915,21187519,20260528
4739,9,16,LC_HI,139,1485,21187519,20260528
4740,9,16,LC_HI,140,2902,21187519,20260528
4741,9,16,LC_HI,141,2138,21187519,20260528
4742,9,16,LC_HI,142,2102,21187519,20260528
4743,9,16,LC_HI,143,590,21187519,20260528
4744,9,16,LC_HI,144,2810,21187519,20260528
4745,9,16,LC_HI,145,1058,21187519,20260528
4746,9,16,LC_HI,146,781,21187519,20260528
4747,9,16,LC_HI,147,1253,21187519,20260528
4748,9,16,LC_HI,148,1471,21187519,20260528
4749,9,16,LC_HI,149,2138,21187519,20260528
4750,9,16,LC_HI,150,1721,21187519,20260528
4751,9,16,LC_HI,151,1969,21187519,20260528
4752,9,16,LC_HI,152,605,21187519,20260528
4753,9,16,LC_HI,153,693,21187519,20260528
4754,9,16,LC_HI,154,2693,21187519,20260528
4755,9,16,LC_HI,155,2058,21187519,20260528
4756,9,16,LC_HI,156,2120,21187519,20260528
4757,9,16,LC_HI,157,2232,21187519,20260528
4758,9,16,LC_HI,158,693,21187519,20260528
4759,9,16,LC_HI,159,2370,21187519,20260528
4760,9,16,LC_HI,160,1696,21187519,20260528
4761,9,16,LC_HI,161,2137,21187519,20260528
4762,9,16,LC_HI,162,498,21187519,20260528
4763,9,16,LC_HI,163,529,21187519,20260528
4764,9,16,LC_HI,164,1728,21187519,20260528
4765,9,16,LC_HI,165,1994,21187519,20260528
4766,9,16,LC_HI,166,1205,21187519,20260528
4767,9,16,LC_HI,167,781,21187519,20260528
4768,9,16,LC_HI,168,834,21187519,20260528
4769,9,16,LC_HI,169,1568,21187519,20260528
4770,9,16,LC_HI,170,2429,21187519,20260528
4771,9,16,LC_HI,171,1439,21187519,20260528
4772,9,16,LC_HI,172,498,21187519,20260528
4773,9,16,LC_HI,173,1738,21187519,20260528
4774,9,16,LC_HI,174,1092,21187519,20260528
4775,9,16,LC_HI,175,1150,21187519,20260528
4776,9,16,LC_HI,176,2069,21187519,20260528
4777,9,16,LC_HI,177,1738,21187519,20260528
4778,9,16,LC_HI,178,1382,21187519,20260528
4779,9,16,LC_HI,179,1728,21187519,20260528
4780,9,16,LC_HI,180,1469,21187519,20260528
4781,9,16,LC_HI,181,2370,21187519,20260528
4782,9,16,LC_HI,182,545,21187519,20260528
4783,9,16,LC_HI,183,605,21187519,20260528
4784,9,16,LC_HI,184,2676,21187519,20260528
4785,9,16,LC_HI,185,341,21187519,20260528
4786,9,16,LC_HI,186,519,21187519,20260528
4787,9,16,LC_HI,187,2950,21187519,20260528
4788,9,16,LC_HI,188,1616,21187519,20260528
4789,9,16,LC_HI,189,745,21187519,20260528
4790,9,16,LC_HI,190,2511,21187519,20260528
4791,9,16,LC_HI,191,2137,21187519,20260528
4792,9,16,LC_HI,192,2161,21187519,20260528
4793,9,16,LC_HI,193,1779,21187519,20260528
4794,9,16,LC_HI,194,1817,21187519,20260528
4795,9,16,LC_HI,195,1721,21187519,20260528
4796,9,16,LC_HI,196,1526,21187519,20260528
4797,9,16,LC_HI,197,823,21187519,20260528
4798,9,16,LC_HI,198,2527,21187519,20260528
4799,9,16,LC_HI,199,1994,21187519,20260528
4800,9,16,LC_LI,0,938,21187519,20260528
4801,9,16,LC_LI,1,2518,21187519,20260528
4802,9,16,LC_LI,2,1307,21187519,20260528
4803,9,16,LC_LI,3,2130,21187519,20260528
4804,9,16,LC_LI,4,2733,21187519,20260528
4805,9,16,LC_LI,5,20,21187519,20260528
4806,9,16,LC_LI,6,2378,21187519,20260528
4807,9,16,LC_LI,7,589,21187519,20260528
4808,9,16,LC_LI,8,527,21187519,20260528
4809,9,16,LC_LI,9,850,21187519,20260528
4810,9,16,LC_LI,10,1427,21187519,20260528
4811,9,16,LC_LI,11,1641,21187519,20260528
4812,9,16,LC_LI,12,2603,21187519,20260528
4813,9,16,LC_LI,13,2472,21187519,20260528
4814,9,16,LC_LI,14,2358,21187519,20260528
4815,9,16,LC_LI,15,2860,21187519,20260528
4816,9,16,LC_LI,16,560,21187519,20260528
4817,9,16,LC_LI,17,1427,21187519,20260528
4818,9,16,LC_LI,18,1647,21187519,20260528
4819,9,16,LC_LI,19,1495,21187519,20260528
4820,9,16,LC_LI,20,2968,21187519,20260528
4821,9,16,LC_LI,21,1118,21187519,20260528
4822,9,16,LC_LI,22,561,21187519,20260528
4823,9,16,LC_LI,23,830,21187519,20260528
4824,9,16,LC_LI,24,1800,21187519,20260528
4825,9,16,LC_LI,25,612,21187519,20260528
4826,9,16,LC_LI,26,2968,21187519,20260528
4827,9,16,LC_LI,27,2884,21187519,20260528
4828,9,16,LC_LI,28,72,21187519,20260528
4829,9,16,LC_LI,29,2694,21187519,20260528
4830,9,16,LC_LI,30,363,21187519,20260528
4831,9,16,LC_LI,31,976,21187519,20260528
4832,9,16,LC_LI,32,1336,21187519,20260528
4833,9,16,LC_LI,33,2595,21187519,20260528
4834,9,16,LC_LI,34,830,21187519,20260528
4835,9,16,LC_LI,35,1633,21187519,20260528
4836,9,16,LC_LI,36,2829,21187519,20260528
4837,9,16,LC_LI,37,336,21187519,20260528
4838,9,16,LC_LI,38,2762,21187519,20260528
4839,9,16,LC_LI,39,1890,21187519,20260528
4840,9,16,LC_LI,40,2184,21187519,20260528
4841,9,16,LC_LI,41,2267,21187519,20260528
4842,9,16,LC_LI,42,1081,21187519,20260528
4843,9,16,LC_LI,43,1171,21187519,20260528
4844,9,16,LC_LI,44,20,21187519,20260528
4845,9,16,LC_LI,45,2762,21187519,20260528
4846,9,16,LC_LI,46,1340,21187519,20260528
4847,9,16,LC_LI,47,2176,21187519,20260528
4848,9,16,LC_LI,48,140,21187519,20260528
4849,9,16,LC_LI,49,20,21187519,20260528
4850,9,16,LC_LI,50,1625,21187519,20260528
4851,9,16,LC_LI,51,1920,21187519,20260528
4852,9,16,LC_LI,52,1911,21187519,20260528
4853,9,16,LC_LI,53,1091,21187519,20260528
4854,9,16,LC_LI,54,2331,21187519,20260528
4855,9,16,LC_LI,55,2155,21187519,20260528
4856,9,16,LC_LI,56,1898,21187519,20260528
4857,9,16,LC_LI,57,527,21187519,20260528
4858,9,16,LC_LI,58,42,21187519,20260528
4859,9,16,LC_LI,59,2267,21187519,20260528
4860,9,16,LC_LI,60,1759,21187519,20260528
4861,9,16,LC_LI,61,2733,21187519,20260528
4862,9,16,LC_LI,62,136,21187519,20260528
4863,9,16,LC_LI,63,935,21187519,20260528
4864,9,16,LC_LI,64,1368,21187519,20260528
4865,9,16,LC_LI,65,488,21187519,20260528
4866,9,16,LC_LI,66,62,21187519,20260528
4867,9,16,LC_LI,67,336,21187519,20260528
4868,9,16,LC_LI,68,2728,21187519,20260528
4869,9,16,LC_LI,69,865,21187519,20260528
4870,9,16,LC_LI,70,1242,21187519,20260528
4871,9,16,LC_LI,71,977,21187519,20260528
4872,9,16,LC_LI,72,11,21187519,20260528
4873,9,16,LC_LI,73,554,21187519,20260528
4874,9,16,LC_LI,74,1171,21187519,20260528
4875,9,16,LC_LI,75,2198,21187519,20260528
4876,9,16,LC_LI,76,1506,21187519,20260528
4877,9,16,LC_LI,77,2518,21187519,20260528
4878,9,16,LC_LI,78,346,21187519,20260528
4879,9,16,LC_LI,79,111,21187519,20260528
4880,9,16,LC_LI,80,1316,21187519,20260528
4881,9,16,LC_LI,81,1546,21187519,20260528
4882,9,16,LC_LI,82,2831,21187519,20260528
4883,9,16,LC_LI,83,1668,21187519,20260528
4884,9,16,LC_LI,84,488,21187519,20260528
4885,9,16,LC_LI,85,2520,21187519,20260528
4886,9,16,LC_LI,86,2603,21187519,20260528
4887,9,16,LC_LI,87,938,21187519,20260528
4888,9,16,LC_LI,88,1365,21187519,20260528
4889,9,16,LC_LI,89,1091,21187519,20260528
4890,9,16,LC_LI,90,583,21187519,20260528
4891,9,16,LC_LI,91,31,21187519,20260528
4892,9,16,LC_LI,92,2037,21187519,20260528
4893,9,16,LC_LI,93,865,21187519,20260528
4894,9,16,LC_LI,94,2130,21187519,20260528
4895,9,16,LC_LI,95,1152,21187519,20260528
4896,9,16,LC_LI,96,2860,21187519,20260528
4897,9,16,LC_LI,97,583,21187519,20260528
4898,9,16,LC_LI,98,1071,21187519,20260528
4899,9,16,LC_LI,99,1365,21187519,20260528
4900,9,16,LC_LI,100,1463,21187519,20260528
4901,9,16,LC_LI,101,266,21187519,20260528
4902,9,16,LC_LI,102,1365,21187519,20260528
4903,9,16,LC_LI,103,1051,21187519,20260528
4904,9,16,LC_LI,104,1668,21187519,20260528
4905,9,16,LC_LI,105,2945,21187519,20260528
4906,9,16,LC_LI,106,2008,21187519,20260528
4907,9,16,LC_LI,107,2920,21187519,20260528
4908,9,16,LC_LI,108,71,21187519,20260528
4909,9,16,LC_LI,109,2296,21187519,20260528
4910,9,16,LC_LI,110,1276,21187519,20260528
4911,9,16,LC_LI,111,1118,21187519,20260528
4912,9,16,LC_LI,112,2829,21187519,20260528
4913,9,16,LC_LI,113,2396,21187519,20260528
4914,9,16,LC_LI,114,111,21187519,20260528
4915,9,16,LC_LI,115,2694,21187519,20260528
4916,9,16,LC_LI,116,72,21187519,20260528
4917,9,16,LC_LI,117,1747,21187519,20260528
4918,9,16,LC_LI,118,612,21187519,20260528
4919,9,16,LC_LI,119,776,21187519,20260528
4920,9,16,LC_LI,120,125,21187519,20260528
4921,9,16,LC_LI,121,1495,21187519,20260528
4922,9,16,LC_LI,122,2320,21187519,20260528
4923,9,16,LC_LI,123,2467,21187519,20260528
4924,9,16,LC_LI,124,71,21187519,20260528
4925,9,16,LC_LI,125,1091,21187519,20260528
4926,9,16,LC_LI,126,239,21187519,20260528
4927,9,16,LC_LI,127,976,21187519,20260528
4928,9,16,LC_LI,128,431,21187519,20260528
4929,9,16,LC_LI,129,72,21187519,20260528
4930,9,16,LC_LI,130,547,21187519,20260528
4931,9,16,LC_LI,131,830,21187519,20260528
4932,9,16,LC_LI,132,2920,21187519,20260528
4933,9,16,LC_LI,133,1347,21187519,20260528
4934,9,16,LC_LI,134,2001,21187519,20260528
4935,9,16,LC_LI,135,1254,21187519,20260528
4936,9,16,LC_LI,136,145,21187519,20260528
4937,9,16,LC_LI,137,136,21187519,20260528
4938,9,16,LC_LI,138,1997,21187519,20260528
4939,9,16,LC_LI,139,2199,21187519,20260528
4940,9,16,LC_LI,140,1878,21187519,20260528
4941,9,16,LC_LI,141,1276,21187519,20260528
4942,9,16,LC_LI,142,547,21187519,20260528
4943,9,16,LC_LI,143,614,21187519,20260528
4944,9,16,LC_LI,144,2497,21187519,20260528
4945,9,16,LC_LI,145,1276,21187519,20260528
4946,9,16,LC_LI,146,66,21187519,20260528
4947,9,16,LC_LI,147,2760,21187519,20260528
4948,9,16,LC_LI,148,935,21187519,20260528
4949,9,16,LC_LI,149,145,21187519,20260528
4950,9,16,LC_LI,150,824,21187519,20260528
4951,9,16,LC_LI,151,1051,21187519,20260528
4952,9,16,LC_LI,152,547,21187519,20260528
4953,9,16,LC_LI,153,1304,21187519,20260528
4954,9,16,LC_LI,154,560,21187519,20260528
4955,9,16,LC_LI,155,2518,21187519,20260528
4956,9,16,LC_LI,156,15,21187519,20260528
4957,9,16,LC_LI,157,2728,21187519,20260528
4958,9,16,LC_LI,158,1094,21187519,20260528
4959,9,16,LC_LI,159,1117,21187519,20260528
4960,9,16,LC_LI,160,141,21187519,20260528
4961,9,16,LC_LI,161,1104,21187519,20260528
4962,9,16,LC_LI,162,1118,21187519,20260528
4963,9,16,LC_LI,163,392,21187519,20260528
4964,9,16,LC_LI,164,1463,21187519,20260528
4965,9,16,LC_LI,165,776,21187519,20260528
4966,9,16,LC_LI,166,2378,21187519,20260528
4967,9,16,LC_LI,167,324,21187519,20260528
4968,9,16,LC_LI,168,1579,21187519,20260528
4969,9,16,LC_LI,169,2603,21187519,20260528
4970,9,16,LC_LI,170,1890,21187519,20260528
4971,9,16,LC_LI,171,2829,21187519,20260528
4972,9,16,LC_LI,172,707,21187519,20260528
4973,9,16,LC_LI,173,1770,21187519,20260528
4974,9,16,LC_LI,174,2843,21187519,20260528
4975,9,16,LC_LI,175,2518,21187519,20260528
4976,9,16,LC_LI,176,1974,21187519,20260528
4977,9,16,LC_LI,177,2159,21187519,20260528
4978,9,16,LC_LI,178,2395,21187519,20260528
4979,9,16,LC_LI,179,1242,21187519,20260528
4980,9,16,LC_LI,180,125,21187519,20260528
4981,9,16,LC_LI,181,1574,21187519,20260528
4982,9,16,LC_LI,182,1974,21187519,20260528
4983,9,16,LC_LI,183,1668,21187519,20260528
4984,9,16,LC_LI,184,1991,21187519,20260528
4985,9,16,LC_LI,185,140,21187519,20260528
4986,9,16,LC_LI,186,830,21187519,20260528
4987,9,16,LC_LI,187,452,21187519,20260528
4988,9,16,LC_LI,188,1974,21187519,20260528
4989,9,16,LC_LI,189,446,21187519,20260528
4990,9,16,LC_LI,190,547,21187519,20260528
4991,9,16,LC_LI,191,2233,21187519,20260528
4992,9,16,LC_LI,192,527,21187519,20260528
4993,9,16,LC_LI,193,1318,21187519,20260528
4994,9,16,LC_LI,194,977,21187519,20260528
4995,9,16,LC_LI,195,336,21187519,20260528
4996,9,16,LC_LI,196,980,21187519,20260528
4997,9,16,LC_LI,197,446,21187519,20260528
4998,9,16,LC_LI,198,2835,21187519,20260528
4999,9,16,LC_LI,199,2728,21187519,20260528
5000,11,16,random,0,235,21387525,20260530
5001,11,16,random,1,301,21387525,20260530
5002,11,16,random,2,2222,21387525,20260530
5003,11,16,random,3,216,21387525,20260530
5004,11,16,random,4,1597,21387525,20260530
5005,11,16,random,5,121,21387525,20260530
5006,11,16,random,6,2618,21387525,20260530
5007,11,16,random,7,2468,21387525,20260530
5008,11,16,random,8,2783,21387525,20260530
5009,11,16,random,9,2757,21387525,20260530
5010,11,16,random,10,1436,21387525,20260530
5011,11,16,random,11,2445,21387525,20260530
5012,11,16,random,12,2614,21387525,20260530
5013,11,16,random,13,1260,21387525,20260530
5014,11,16,random,14,2762,21387525,20260530
5015,11,16,random,15,1927,21387525,20260530
5016,11,16,random,16,1224,21387525,20260530
5017,11,16,random,17,2350,21387525,20260530
5018,11,16,random,18,867,21387525,20260530
5019,11,16,random,19,908,21387525,20260530
5020,11,16,random,20,2198,21387525,20260530
5021,11,16,random,21,826,21387525,20260530
5022,11,16,random,22,2436,21387525,20260530
5023,11,16,random,23,2671,21387525,20260530
5024,11,16,random,24,196,21387525,20260530
5025,11,16,random,25,640,21387525,20260530
5026,11,16,random,26,1515,21387525,20260530
5027,11,16,random,27,1072,21387525,20260530
5028,11,16,random,28,2457,21387525,20260530
5029,11,16,random,29,2001,21387525,20260530
5030,11,16,random,30,2690,21387525,20260530
5031,11,16,random,31,298,21387525,20260530
5032,11,16,random,32,931,21387525,20260530
5033,11,16,random,33,2654,21387525,20260530
5034,11,16,random,34,2520,21387525,20260530
5035,11,16,random,35,2723,21387525,20260530
5036,11,16,random,36,2521,21387525,20260530
5037,11,16,random,37,2544,21387525,20260530
5038,11,16,random,38,1025,21387525,20260530
5039,11,16,random,39,2869,21387525,20260530
5040,11,16,random,40,135,21387525,20260530
5041,11,16,random,41,2410,21387525,20260530
5042,11,16,random,42,2566,21387525,20260530
5043,11,16,random,43,1199,21387525,20260530
5044,11,16,random,44,500,21387525,20260530
5045,11,16,random,45,382,21387525,20260530
5046,11,16,random,46,2532,21387525,20260530
5047,11,16,random,47,1835,21387525,20260530
5048,11,16,random,48,816,21387525,20260530
5049,11,16,random,49,978,21387525,20260530
5050,11,16,random,50,1468,21387525,20260530
5051,11,16,random,51,1224,21387525,20260530
5052,11,16,random,52,971,21387525,20260530
5053,11,16,random,53,950,21387525,20260530
5054,11,16,random,54,1774,21387525,20260530
5055,11,16,random,55,2275,21387525,20260530
5056,11,16,random,56,1713,21387525,20260530
5057,11,16,random,57,1344,21387525,20260530
5058,11,16,random,58,1691,21387525,20260530
5059,11,16,random,59,912,21387525,20260530
5060,11,16,random,60,25,21387525,20260530
5061,11,16,random,61,1343,21387525,20260530
5062,11,16,random,62,2158,21387525,20260530
5063,11,16,random,63,1533,21387525,20260530
5064,11,16,random,64,1630,21387525,20260530
5065,11,16,random,65,1969,21387525,20260530
5066,11,16,random,66,2313,21387525,20260530
5067,11,16,random,67,906,21387525,20260530
5068,11,16,random,68,2865,21387525,20260530
5069,11,16,random,69,692,21387525,20260530
5070,11,16,random,70,2890,21387525,20260530
5071,11,16,random,71,1595,21387525,20260530
5072,11,16,random,72,932,21387525,20260530
5073,11,16,random,73,540,21387525,20260530
5074,11,16,random,74,2468,21387525,20260530
5075,11,16,random,75,690,21387525,20260530
5076,11,16,random,76,19,21387525,20260530
5077,11,16,random,77,1677,21387525,20260530
5078,11,16,random,78,5,21387525,20260530
5079,11,16,random,79,2284,21387525,20260530
5080,11,16,random,80,1474,21387525,20260530
5081,11,16,random,81,1705,21387525,20260530
5082,11,16,random,82,17,21387525,20260530
5083,11,16,random,83,939,21387525,20260530
5084,11,16,random,84,756,21387525,20260530
5085,11,16,random,85,184,21387525,20260530
5086,11,16,random,86,1129,21387525,20260530
5087,11,16,random,87,186,21387525,20260530
5088,11,16,random,88,2844,21387525,20260530
5089,11,16,random,89,2368,21387525,20260530
5090,11,16,random,90,1814,21387525,20260530
5091,11,16,random,91,2262,21387525,20260530
5092,11,16,random,92,2400,21387525,20260530
5093,11,16,random,93,229,21387525,20260530
5094,11,16,random,94,163,21387525,20260530
5095,11,16,random,95,32,21387525,20260530
5096,11,16,random,96,101,21387525,20260530
5097,11,16,random,97,746,21387525,20260530
5098,11,16,random,98,2926,21387525,20260530
5099,11,16,random,99,1580,21387525,20260530
5100,11,16,random,100,508,21387525,20260530
5101,11,16,random,101,632,21387525,20260530
5102,11,16,random,102,1735,21387525,20260530
5103,11,16,random,103,366,21387525,20260530
5104,11,16,random,104,852,21387525,20260530
5105,11,16,random,105,2376,21387525,20260530
5106,11,16,random,106,1893,21387525,20260530
5107,11,16,random,107,1501,21387525,20260530
5108,11,16,random,108,1018,21387525,20260530
5109,11,16,random,109,1823,21387525,20260530
5110,11,16,random,110,2260,21387525,20260530
5111,11,16,random,111,1836,21387525,20260530
5112,11,16,random,112,2606,21387525,20260530
5113,11,16,random,113,1766,21387525,20260530
5114,11,16,random,114,2775,21387525,20260530
5115,11,16,random,115,2151,21387525,20260530
5116,11,16,random,116,2774,21387525,20260530
5117,11,16,random,117,785,21387525,20260530
5118,11,16,random,118,727,21387525,20260530
5119,11,16,random,119,375,21387525,20260530
5120,11,16,random,120,1037,21387525,20260530
5121,11,16,random,121,2032,21387525,20260530
5122,11,16,random,122,1423,21387525,20260530
5123,11,16,random,123,1252,21387525,20260530
5124,11,16,random,124,2912,21387525,20260530
5125,11,16,random,125,1009,21387525,20260530
5126,11,16,random,126,1161,21387525,20260530
5127,11,16,random,127,1958,21387525,20260530
5128,11,16,random,128,2228,21387525,20260530
5129,11,16,random,129,2497,21387525,20260530
5130,11,16,random,130,114,21387525,20260530
5131,11,16,random,131,1987,21387525,20260530
5132,11,16,random,132,1323,21387525,20260530
5133,11,16,random,133,1967,21387525,20260530
5134,11,16,random,134,1248,21387525,20260530
5135,11,16,random,135,2630,21387525,20260530
5136,11,16,random,136,1338,21387525,20260530
5137,11,16,random,137,2960,21387525,20260530
5138,11,16,random,138,2150,21387525,20260530
5139,11,16,random,139,1680,21387525,20260530
5140,11,16,random,140,2552,21387525,20260530
5141,11,16,random,141,2870,21387525,20260530
5142,11,16,random,142,770,21387525,20260530
5143,11,16,random,143,2243,21387525,20260530
5144,11,16,random,144,2623,21387525,20260530
5145,11,16,random,145,2327,21387525,20260530
5146,11,16,random,146,1978,21387525,20260530
5147,11,16,random,147,705,21387525,20260530
5148,11,16,random,148,1227,21387525,20260530
5149,11,16,random,149,1428,21387525,20260530
5150,11,16,random,150,1254,21387525,20260530
5151,11,16,random,151,545,21387525,20260530
5152,11,16,random,152,577,21387525,20260530
5153,11,16,random,153,2627,21387525,20260530
5154,11,16,random,154,2680,21387525,20260530
5155,11,16,random,155,947,21387525,20260530
5156,11,16,random,156,2211,21387525,20260530
5157,11,16,random,157,1254,21387525,20260530
5158,11,16,random,158,614,21387525,20260530
5159,11,16,random,159,2298,21387525,20260530
5160,11,16,random,160,259,21387525,20260530
5161,11,16,random,161,2120,21387525,20260530
5162,11,16,random,162,1995,21387525,20260530
5163,11,16,random,163,88,21387525,20260530
5164,11,16,random,164,1030,21387525,20260530
5165,11,16,random,165,530,21387525,20260530
5166,11,16,random,166,799,21387525,20260530
5167,11,16,random,167,379,21387525,20260530
5168,11,16,random,168,2811,21387525,20260530
5169,11,16,random,169,2672,21387525,20260530
5170,11,16,random,170,2722,21387525,20260530
5171,11,16,random,171,2617,21387525,20260530
5172,11,16,random,172,253,21387525,20260530
5173,11,16,random,173,1957,21387525,20260530
5174,11,16,random,174,2004,21387525,20260530
5175,11,16,random,175,21,21387525,20260530
5176,11,16,random,176,731,21387525,20260530
5177,11,16,random,177,955,21387525,20260530
5178,11,16,random,178,2334,21387525,20260530
5179,11,16,random,179,1012,21387525,20260530
5180,11,16,random,180,1604,21387525,20260530
5181,11,16,random,181,258,21387525,20260530
5182,11,16,random,182,1976,21387525,20260530
5183,11,16,random,183,1538,21387525,20260530
5184,11,16,random,184,1542,21387525,20260530
5185,11,16,random,185,600,21387525,20260530
5186,11,16,random,186,1912,21387525,20260530
5187,11,16,random,187,2049,21387525,20260530
5188,11,16,random,188,531,21387525,20260530
5189,11,16,random,189,58,21387525,20260530
5190,11,16,random,190,771,21387525,20260530
5191,11,16,random,191,395,21387525,20260530
5192,11,16,random,192,2205,21387525,20260530
5193,11,16,random,193,861,21387525,20260530
5194,11,16,random,194,1821,21387525,20260530
5195,11,16,random,195,2227,21387525,20260530
5196,11,16,random,196,2415,21387525,20260530
5197,11,16,random,197,1255,21387525,20260530
5198,11,16,random,198,1398,21387525,20260530
5199,11,16,random,199,1883,21387525,20260530
5200,11,16,HC_HI,0,909,21387525,20260530
5201,11,16,HC_HI,1,2303,21387525,20260530
5202,11,16,HC_HI,2,484,21387525,20260530
5203,11,16,HC_HI,3,2292,21387525,20260530
5204,11,16,HC_HI,4,602,21387525,20260530
5205,11,16,HC_HI,5,592,21387525,20260530
5206,11,16,HC_HI,6,1867,21387525,20260530
5207,11,16,HC_HI,7,1162,21387525,20260530
5208,11,16,HC_HI,8,118,21387525,20260530
5209,11,16,HC_HI,9,630,21387525,20260530
5210,11,16,HC_HI,10,2846,21387525,20260530
5211,11,16,HC_HI,11,212,21387525,20260530
5212,11,16,HC_HI,12,839,21387525,20260530
5213,11,16,HC_HI,13,2507,21387525,20260530
5214,11,16,HC_HI,14,875,21387525,20260530
5215,11,16,HC_HI,15,2224,21387525,20260530
5216,11,16,HC_HI,16,2034,21387525,20260530
5217,11,16,HC_HI,17,845,21387525,20260530
5218,11,16,HC_HI,18,1552,21387525,20260530
5219,11,16,HC_HI,19,55,21387525,20260530
5220,11,16,HC_HI,20,2618,21387525,20260530
5221,11,16,HC_HI,21,2456,21387525,20260530
5222,11,16,HC_HI,22,1425,21387525,20260530
5223,11,16,HC_HI,23,1475,21387525,20260530
5224,11,16,HC_HI,24,1898,21387525,20260530
5225,11,16,HC_HI,25,592,21387525,20260530
5226,11,16,HC_HI,26,285,21387525,20260530
5227,11,16,HC_HI,27,123,21387525,20260530
5228,11,16,HC_HI,28,11,21387525,20260530
5229,11,16,HC_HI,29,1412,21387525,20260530
5230,11,16,HC_HI,30,461,21387525,20260530
5231,11,16,HC_HI,31,1147,21387525,20260530
5232,11,16,HC_HI,32,2867,21387525,20260530
5233,11,16,HC_HI,33,1763,21387525,20260530
5234,11,16,HC_HI,34,2212,21387525,20260530
5235,11,16,HC_HI,35,589,21387525,20260530
5236,11,16,HC_HI,36,573,21387525,20260530
5237,11,16,HC_HI,37,123,21387525,20260530
5238,11,16,HC_HI,38,1048,21387525,20260530
5239,11,16,HC_HI,39,573,21387525,20260530
5240,11,16,HC_HI,40,179,21387525,20260530
5241,11,16,HC_HI,41,1714,21387525,20260530
5242,11,16,HC_HI,42,1756,21387525,20260530
5243,11,16,HC_HI,43,2487,21387525,20260530
5244,11,16,HC_HI,44,1699,21387525,20260530
5245,11,16,HC_HI,45,915,21387525,20260530
5246,11,16,HC_HI,46,2781,21387525,20260530
5247,11,16,HC_HI,47,610,21387525,20260530
5248,11,16,HC_HI,48,97,21387525,20260530
5249,11,16,HC_HI,49,2507,21387525,20260530
5250,11,16,HC_HI,50,914,21387525,20260530
5251,11,16,HC_HI,51,852,21387525,20260530
5252,11,16,HC_HI,52,2475,21387525,20260530
5253,11,16,HC_HI,53,764,21387525,20260530
5254,11,16,HC_HI,54,1568,21387525,20260530
5255,11,16,HC_HI,55,2015,21387525,20260530
5256,11,16,HC_HI,56,118,21387525,20260530
5257,11,16,HC_HI,57,2846,21387525,20260530
5258,11,16,HC_HI,58,862,21387525,20260530
5259,11,16,HC_HI,59,2456,21387525,20260530
5260,11,16,HC_HI,60,2911,21387525,20260530
5261,11,16,HC_HI,61,265,21387525,20260530
5262,11,16,HC_HI,62,1773,21387525,20260530
5263,11,16,HC_HI,63,1088,21387525,20260530
5264,11,16,HC_HI,64,589,21387525,20260530
5265,11,16,HC_HI,65,915,21387525,20260530
5266,11,16,HC_HI,66,2447,21387525,20260530
5267,11,16,HC_HI,67,271,21387525,20260530
5268,11,16,HC_HI,68,839,21387525,20260530
5269,11,16,HC_HI,69,11,21387525,20260530
5270,11,16,HC_HI,70,1750,21387525,20260530
5271,11,16,HC_HI,71,820,21387525,20260530
5272,11,16,HC_HI,72,602,21387525,20260530
5273,11,16,HC_HI,73,2487,21387525,20260530
5274,11,16,HC_HI,74,914,21387525,20260530
5275,11,16,HC_HI,75,2212,21387525,20260530
5276,11,16,HC_HI,76,799,21387525,20260530
5277,11,16,HC_HI,77,2911,21387525,20260530
5278,11,16,HC_HI,78,2775,21387525,20260530
5279,11,16,HC_HI,79,2618,21387525,20260530
5280,11,16,HC_HI,80,118,21387525,20260530
5281,11,16,HC_HI,81,2883,21387525,20260530
5282,11,16,HC_HI,82,1282,21387525,20260530
5283,11,16,HC_HI,83,1907,21387525,20260530
5284,11,16,HC_HI,84,964,21387525,20260530
5285,11,16,HC_HI,85,606,21387525,20260530
5286,11,16,HC_HI,86,1756,21387525,20260530
5287,11,16,HC_HI,87,2729,21387525,20260530
5288,11,16,HC_HI,88,1019,21387525,20260530
5289,11,16,HC_HI,89,1652,21387525,20260530
5290,11,16,HC_HI,90,463,21387525,20260530
5291,11,16,HC_HI,91,2706,21387525,20260530
5292,11,16,HC_HI,92,431,21387525,20260530
5293,11,16,HC_HI,93,1898,21387525,20260530
5294,11,16,HC_HI,94,265,21387525,20260530
5295,11,16,HC_HI,95,1778,21387525,20260530
5296,11,16,HC_HI,96,2487,21387525,20260530
5297,11,16,HC_HI,97,845,21387525,20260530
5298,11,16,HC_HI,98,1568,21387525,20260530
5299,11,16,HC_HI,99,1177,21387525,20260530
5300,11,16,HC_HI,100,1119,21387525,20260530
5301,11,16,HC_HI,101,380,21387525,20260530
5302,11,16,HC_HI,102,2894,21387525,20260530
5303,11,16,HC_HI,103,1226,21387525,20260530
5304,11,16,HC_HI,104,1867,21387525,20260530
5305,11,16,HC_HI,105,1600,21387525,20260530
5306,11,16,HC_HI,106,735,21387525,20260530
5307,11,16,HC_HI,107,380,21387525,20260530
5308,11,16,HC_HI,108,622,21387525,20260530
5309,11,16,HC_HI,109,1278,21387525,20260530
5310,11,16,HC_HI,110,657,21387525,20260530
5311,11,16,HC_HI,111,815,21387525,20260530
5312,11,16,HC_HI,112,2906,21387525,20260530
5313,11,16,HC_HI,113,2846,21387525,20260530
5314,11,16,HC_HI,114,902,21387525,20260530
5315,11,16,HC_HI,115,1697,21387525,20260530
5316,11,16,HC_HI,116,630,21387525,20260530
5317,11,16,HC_HI,117,2456,21387525,20260530
5318,11,16,HC_HI,118,885,21387525,20260530
5319,11,16,HC_HI,119,2527,21387525,20260530
5320,11,16,HC_HI,120,2038,21387525,20260530
5321,11,16,HC_HI,121,2207,21387525,20260530
5322,11,16,HC_HI,122,1147,21387525,20260530
5323,11,16,HC_HI,123,166,21387525,20260530
5324,11,16,HC_HI,124,1893,21387525,20260530
5325,11,16,HC_HI,125,2303,21387525,20260530
5326,11,16,HC_HI,126,2689,21387525,20260530
5327,11,16,HC_HI,127,2601,21387525,20260530
5328,11,16,HC_HI,128,2207,21387525,20260530
5329,11,16,HC_HI,129,259,21387525,20260530
5330,11,16,HC_HI,130,2303,21387525,20260530
5331,11,16,HC_HI,131,1639,21387525,20260530
5332,11,16,HC_HI,132,592,21387525,20260530
5333,11,16,HC_HI,133,1773,21387525,20260530
5334,11,16,HC_HI,134,2739,21387525,20260530
5335,11,16,HC_HI,135,2403,21387525,20260530
5336,11,16,HC_HI,136,998,21387525,20260530
5337,11,16,HC_HI,137,1680,21387525,20260530
5338,11,16,HC_HI,138,297,21387525,20260530
5339,11,16,HC_HI,139,2689,21387525,20260530
5340,11,16,HC_HI,140,1741,21387525,20260530
5341,11,16,HC_HI,141,2449,21387525,20260530
5342,11,16,HC_HI,142,2762,21387525,20260530
5343,11,16,HC_HI,143,2033,21387525,20260530
5344,11,16,HC_HI,144,236,21387525,20260530
5345,11,16,HC_HI,145,2224,21387525,20260530
5346,11,16,HC_HI,146,622,21387525,20260530
5347,11,16,HC_HI,147,123,21387525,20260530
5348,11,16,HC_HI,148,2456,21387525,20260530
5349,11,16,HC_HI,149,596,21387525,20260530
5350,11,16,HC_HI,150,1177,21387525,20260530
5351,11,16,HC_HI,151,1475,21387525,20260530
5352,11,16,HC_HI,152,1867,21387525,20260530
5353,11,16,HC_HI,153,2307,21387525,20260530
5354,11,16,HC_HI,154,1088,21387525,20260530
5355,11,16,HC_HI,155,1697,21387525,20260530
5356,11,16,HC_HI,156,2555,21387525,20260530
5357,11,16,HC_HI,157,2618,21387525,20260530
5358,11,16,HC_HI,158,1743,21387525,20260530
5359,11,16,HC_HI,159,1756,21387525,20260530
5360,11,16,HC_HI,160,1231,21387525,20260530
5361,11,16,HC_HI,161,2212,21387525,20260530
5362,11,16,HC_HI,162,399,21387525,20260530
5363,11,16,HC_HI,163,265,21387525,20260530
5364,11,16,HC_HI,164,596,21387525,20260530
5365,11,16,HC_HI,165,1639,21387525,20260530
5366,11,16,HC_HI,166,1425,21387525,20260530
5367,11,16,HC_HI,167,29,21387525,20260530
5368,11,16,HC_HI,168,2170,21387525,20260530
5369,11,16,HC_HI,169,265,21387525,20260530
5370,11,16,HC_HI,170,52,21387525,20260530
5371,11,16,HC_HI,171,2764,21387525,20260530
5372,11,16,HC_HI,172,735,21387525,20260530
5373,11,16,HC_HI,173,2693,21387525,20260530
5374,11,16,HC_HI,174,285,21387525,20260530
5375,11,16,HC_HI,175,1741,21387525,20260530
5376,11,16,HC_HI,176,1773,21387525,20260530
5377,11,16,HC_HI,177,2690,21387525,20260530
5378,11,16,HC_HI,178,1898,21387525,20260530
5379,11,16,HC_HI,179,2015,21387525,20260530
5380,11,16,HC_HI,180,867,21387525,20260530
5381,11,16,HC_HI,181,2601,21387525,20260530
5382,11,16,HC_HI,182,1819,21387525,20260530
5383,11,16,HC_HI,183,2618,21387525,20260530
5384,11,16,HC_HI,184,1389,21387525,20260530
5385,11,16,HC_HI,185,1568,21387525,20260530
5386,11,16,HC_HI,186,1907,21387525,20260530
5387,11,16,HC_HI,187,1426,21387525,20260530
5388,11,16,HC_HI,188,1713,21387525,20260530
5389,11,16,HC_HI,189,2918,21387525,20260530
5390,11,16,HC_HI,190,2894,21387525,20260530
5391,11,16,HC_HI,191,799,21387525,20260530
5392,11,16,HC_HI,192,1425,21387525,20260530
5393,11,16,HC_HI,193,1743,21387525,20260530
5394,11,16,HC_HI,194,2690,21387525,20260530
5395,11,16,HC_HI,195,1278,21387525,20260530
5396,11,16,HC_HI,196,845,21387525,20260530
5397,11,16,HC_HI,197,2375,21387525,20260530
5398,11,16,HC_HI,198,2252,21387525,20260530
5399,11,16,HC_HI,199,1425,21387525,20260530
5400,11,16,HC_LI,0,2247,21387525,20260530
5401,11,16,HC_LI,1,130,21387525,20260530
5402,11,16,HC_LI,2,2056,21387525,20260530
5403,11,16,HC_LI,3,769,21387525,20260530
5404,11,16,HC_LI,4,180,21387525,20260530
5405,11,16,HC_LI,5,639,21387525,20260530
5406,11,16,HC_LI,6,2184,21387525,20260530
5407,11,16,HC_LI,7,2310,21387525,20260530
5408,11,16,HC_LI,8,713,21387525,20260530
5409,11,16,HC_LI,9,2557,21387525,20260530
5410,11,16,HC_LI,10,449,21387525,20260530
5411,11,16,HC_LI,11,1616,21387525,20260530
5412,11,16,HC_LI,12,1616,21387525,20260530
5413,11,16,HC_LI,13,222,21387525,20260530
5414,11,16,HC_LI,14,760,21387525,20260530
5415,11,16,HC_LI,15,2645,21387525,20260530
5416,11,16,HC_LI,16,574,21387525,20260530
5417,11,16,HC_LI,17,2238,21387525,20260530
5418,11,16,HC_LI,18,2103,21387525,20260530
5419,11,16,HC_LI,19,1154,21387525,20260530
5420,11,16,HC_LI,20,816,21387525,20260530
5421,11,16,HC_LI,21,1310,21387525,20260530
5422,11,16,HC_LI,22,65,21387525,20260530
5423,11,16,HC_LI,23,768,21387525,20260530
5424,11,16,HC_LI,24,1884,21387525,20260530
5425,11,16,HC_LI,25,2702,21387525,20260530
5426,11,16,HC_LI,26,1616,21387525,20260530
5427,11,16,HC_LI,27,1377,21387525,20260530
5428,11,16,HC_LI,28,1456,21387525,20260530
5429,11,16,HC_LI,29,1376,21387525,20260530
5430,11,16,HC_LI,30,789,21387525,20260530
5431,11,16,HC_LI,31,1790,21387525,20260530
5432,11,16,HC_LI,32,913,21387525,20260530
5433,11,16,HC_LI,33,410,21387525,20260530
5434,11,16,HC_LI,34,2002,21387525,20260530
5435,11,16,HC_LI,35,508,21387525,20260530
5436,11,16,HC_LI,36,2389,21387525,20260530
5437,11,16,HC_LI,37,840,21387525,20260530
5438,11,16,HC_LI,38,913,21387525,20260530
5439,11,16,HC_LI,39,2002,21387525,20260530
5440,11,16,HC_LI,40,1966,21387525,20260530
5441,11,16,HC_LI,41,2274,21387525,20260530
5442,11,16,HC_LI,42,2817,21387525,20260530
5443,11,16,HC_LI,43,2129,21387525,20260530
5444,11,16,HC_LI,44,1492,21387525,20260530
5445,11,16,HC_LI,45,2247,21387525,20260530
5446,11,16,HC_LI,46,1700,21387525,20260530
5447,11,16,HC_LI,47,1320,21387525,20260530
5448,11,16,HC_LI,48,1032,21387525,20260530
5449,11,16,HC_LI,49,1392,21387525,20260530
5450,11,16,HC_LI,50,613,21387525,20260530
5451,11,16,HC_LI,51,644,21387525,20260530
5452,11,16,HC_LI,52,1765,21387525,20260530
5453,11,16,HC_LI,53,2755,21387525,20260530
5454,11,16,HC_LI,54,2144,21387525,20260530
5455,11,16,HC_LI,55,2898,21387525,20260530
5456,11,16,HC_LI,56,597,21387525,20260530
5457,11,16,HC_LI,57,672,21387525,20260530
5458,11,16,HC_LI,58,1067,21387525,20260530
5459,11,16,HC_LI,59,2184,21387525,20260530
5460,11,16,HC_LI,60,2238,21387525,20260530
5461,11,16,HC_LI,61,2002,21387525,20260530
5462,11,16,HC_LI,62,2559,21387525,20260530
5463,11,16,HC_LI,63,1920,21387525,20260530
5464,11,16,HC_LI,64,571,21387525,20260530
5465,11,16,HC_LI,65,2755,21387525,20260530
5466,11,16,HC_LI,66,2274,21387525,20260530
5467,11,16,HC_LI,67,1178,21387525,20260530
5468,11,16,HC_LI,68,135,21387525,20260530
5469,11,16,HC_LI,69,2755,21387525,20260530
5470,11,16,HC_LI,70,2992,21387525,20260530
5471,11,16,HC_LI,71,2645,21387525,20260530
5472,11,16,HC_LI,72,291,21387525,20260530
5473,11,16,HC_LI,73,1028,21387525,20260530
5474,11,16,HC_LI,74,644,21387525,20260530
5475,11,16,HC_LI,75,2019,21387525,20260530
5476,11,16,HC_LI,76,2651,21387525,20260530
5477,11,16,HC_LI,77,1295,21387525,20260530
5478,11,16,HC_LI,78,2019,21387525,20260530
5479,11,16,HC_LI,79,2103,21387525,20260530
5480,11,16,HC_LI,80,913,21387525,20260530
5481,11,16,HC_LI,81,205,21387525,20260530
5482,11,16,HC_LI,82,1195,21387525,20260530
5483,11,16,HC_LI,83,859,21387525,20260530
5484,11,16,HC_LI,84,1761,21387525,20260530
5485,11,16,HC_LI,85,644,21387525,20260530
5486,11,16,HC_LI,86,334,21387525,20260530
5487,11,16,HC_LI,87,2274,21387525,20260530
5488,11,16,HC_LI,88,2110,21387525,20260530
5489,11,16,HC_LI,89,1761,21387525,20260530
5490,11,16,HC_LI,90,2461,21387525,20260530
5491,11,16,HC_LI,91,1062,21387525,20260530
5492,11,16,HC_LI,92,2498,21387525,20260530
5493,11,16,HC_LI,93,2079,21387525,20260530
5494,11,16,HC_LI,94,2166,21387525,20260530
5495,11,16,HC_LI,95,611,21387525,20260530
5496,11,16,HC_LI,96,2347,21387525,20260530
5497,11,16,HC_LI,97,135,21387525,20260530
5498,11,16,HC_LI,98,1067,21387525,20260530
5499,11,16,HC_LI,99,1497,21387525,20260530
5500,11,16,HC_LI,100,2103,21387525,20260530
5501,11,16,HC_LI,101,574,21387525,20260530
5502,11,16,HC_LI,102,2794,21387525,20260530
5503,11,16,HC_LI,103,2600,21387525,20260530
5504,11,16,HC_LI,104,1295,21387525,20260530
5505,11,16,HC_LI,105,2394,21387525,20260530
5506,11,16,HC_LI,106,2274,21387525,20260530
5507,11,16,HC_LI,107,2166,21387525,20260530
5508,11,16,HC_LI,108,1265,21387525,20260530
5509,11,16,HC_LI,109,191,21387525,20260530
5510,11,16,HC_LI,110,667,21387525,20260530
5511,11,16,HC_LI,111,1053,21387525,20260530
5512,11,16,HC_LI,112,1354,21387525,20260530
5513,11,16,HC_LI,113,1966,21387525,20260530
5514,11,16,HC_LI,114,2383,21387525,20260530
5515,11,16,HC_LI,115,58,21387525,20260530
5516,11,16,HC_LI,116,2963,21387525,20260530
5517,11,16,HC_LI,117,620,21387525,20260530
5518,11,16,HC_LI,118,2605,21387525,20260530
5519,11,16,HC_LI,119,1722,21387525,20260530
5520,11,16,HC_LI,120,672,21387525,20260530
5521,11,16,HC_LI,121,515,21387525,20260530
5522,11,16,HC_LI,122,993,21387525,20260530
5523,11,16,HC_LI,123,2001,21387525,20260530
5524,11,16,HC_LI,124,2175,21387525,20260530
5525,11,16,HC_LI,125,291,21387525,20260530
5526,11,16,HC_LI,126,2236,21387525,20260530
5527,11,16,HC_LI,127,1505,21387525,20260530
5528,11,16,HC_LI,128,1966,21387525,20260530
5529,11,16,HC_LI,129,183,21387525,20260530
5530,11,16,HC_LI,130,253,21387525,20260530
5531,11,16,HC_LI,131,2704,21387525,20260530
5532,11,16,HC_LI,132,1507,21387525,20260530
5533,11,16,HC_LI,133,515,21387525,20260530
5534,11,16,HC_LI,134,2306,21387525,20260530
5535,11,16,HC_LI,135,2195,21387525,20260530
5536,11,16,HC_LI,136,1178,21387525,20260530
5537,11,16,HC_LI,137,1336,21387525,20260530
5538,11,16,HC_LI,138,789,21387525,20260530
5539,11,16,HC_LI,139,85,21387525,20260530
5540,11,16,HC_LI,140,1295,21387525,20260530
5541,11,16,HC_LI,141,2184,21387525,20260530
5542,11,16,HC_LI,142,515,21387525,20260530
5543,11,16,HC_LI,143,351,21387525,20260530
5544,11,16,HC_LI,144,2461,21387525,20260530
5545,11,16,HC_LI,145,859,21387525,20260530
5546,11,16,HC_LI,146,135,21387525,20260530
5547,11,16,HC_LI,147,2596,21387525,20260530
5548,11,16,HC_LI,148,2765,21387525,20260530
5549,11,16,HC_LI,149,2168,21387525,20260530
5550,11,16,HC_LI,150,1708,21387525,20260530
5551,11,16,HC_LI,151,2347,21387525,20260530
5552,11,16,HC_LI,152,355,21387525,20260530
5553,11,16,HC_LI,153,837,21387525,20260530
5554,11,16,HC_LI,154,2238,21387525,20260530
5555,11,16,HC_LI,155,571,21387525,20260530
5556,11,16,HC_LI,156,1178,21387525,20260530
5557,11,16,HC_LI,157,2223,21387525,20260530
5558,11,16,HC_LI,158,1207,21387525,20260530
5559,11,16,HC_LI,159,1166,21387525,20260530
5560,11,16,HC_LI,160,1497,21387525,20260530
5561,11,16,HC_LI,161,779,21387525,20260530
5562,11,16,HC_LI,162,1761,21387525,20260530
5563,11,16,HC_LI,163,2184,21387525,20260530
5564,11,16,HC_LI,164,253,21387525,20260530
5565,11,16,HC_LI,165,913,21387525,20260530
5566,11,16,HC_LI,166,1914,21387525,20260530
5567,11,16,HC_LI,167,2816,21387525,20260530
5568,11,16,HC_LI,168,2746,21387525,20260530
5569,11,16,HC_LI,169,2765,21387525,20260530
5570,11,16,HC_LI,170,4,21387525,20260530
5571,11,16,HC_LI,171,962,21387525,20260530
5572,11,16,HC_LI,172,2274,21387525,20260530
5573,11,16,HC_LI,173,2120,21387525,20260530
5574,11,16,HC_LI,174,1154,21387525,20260530
5575,11,16,HC_LI,175,2761,21387525,20260530
5576,11,16,HC_LI,176,769,21387525,20260530
5577,11,16,HC_LI,177,840,21387525,20260530
5578,11,16,HC_LI,178,1812,21387525,20260530
5579,11,16,HC_LI,179,2309,21387525,20260530
5580,11,16,HC_LI,180,837,21387525,20260530
5581,11,16,HC_LI,181,992,21387525,20260530
5582,11,16,HC_LI,182,639,21387525,20260530
5583,11,16,HC_LI,183,57,21387525,20260530
5584,11,16,HC_LI,184,6,21387525,20260530
5585,11,16,HC_LI,185,2557,21387525,20260530
5586,11,16,HC_LI,186,2309,21387525,20260530
5587,11,16,HC_LI,187,1295,21387525,20260530
5588,11,16,HC_LI,188,2120,21387525,20260530
5589,11,16,HC_LI,189,2900,21387525,20260530
5590,11,16,HC_LI,190,508,21387525,20260530
5591,11,16,HC_LI,191,2238,21387525,20260530
5592,11,16,HC_LI,192,2904,21387525,20260530
5593,11,16,HC_LI,193,2746,21387525,20260530
5594,11,16,HC_LI,194,3,21387525,20260530
5595,11,16,HC_LI,195,713,21387525,20260530
5596,11,16,HC_LI,196,993,21387525,20260530
5597,11,16,HC_LI,197,1966,21387525,20260530
5598,11,16,HC_LI,198,1336,21387525,20260530
5599,11,16,HC_LI,199,993,21387525,20260530
5600,11,16,LC_HI,0,2111,21387525,20260530
5601,11,16,LC_HI,1,1796,21387525,20260530
5602,11,16,LC_HI,2,1499,21387525,20260530
5603,11,16,LC_HI,3,1553,21387525,20260530
5604,11,16,LC_HI,4,2832,21387525,20260530
5605,11,16,LC_HI,5,599,21387525,20260530
5606,11,16,LC_HI,6,1553,21387525,20260530
5607,11,16,LC_HI,7,1212,21387525,20260530
5608,11,16,LC_HI,8,445,21387525,20260530
5609,11,16,LC_HI,9,2466,21387525,20260530
5610,11,16,LC_HI,10,388,21387525,20260530
5611,11,16,LC_HI,11,91,21387525,20260530
5612,11,16,LC_HI,12,1529,21387525,20260530
5613,11,16,LC_HI,13,794,21387525,20260530
5614,11,16,LC_HI,14,2774,21387525,20260530
5615,11,16,LC_HI,15,1013,21387525,20260530
5616,11,16,LC_HI,16,2227,21387525,20260530
5617,11,16,LC_HI,17,1793,21387525,20260530
5618,11,16,LC_HI,18,1434,21387525,20260530
5619,11,16,LC_HI,19,1366,21387525,20260530
5620,11,16,LC_HI,20,2830,21387525,20260530
5621,11,16,LC_HI,21,935,21387525,20260530
5622,11,16,LC_HI,22,1911,21387525,20260530
5623,11,16,LC_HI,23,2466,21387525,20260530
5624,11,16,LC_HI,24,423,21387525,20260530
5625,11,16,LC_HI,25,758,21387525,20260530
5626,11,16,LC_HI,26,2245,21387525,20260530
5627,11,16,LC_HI,27,2985,21387525,20260530
5628,11,16,LC_HI,28,444,21387525,20260530
5629,11,16,LC_HI,29,2470,21387525,20260530
5630,11,16,LC_HI,30,1084,21387525,20260530
5631,11,16,LC_HI,31,884,21387525,20260530
5632,11,16,LC_HI,32,2913,21387525,20260530
5633,11,16,LC_HI,33,1739,21387525,20260530
5634,11,16,LC_HI,34,507,21387525,20260530
5635,11,16,LC_HI,35,935,21387525,20260530
5636,11,16,LC_HI,36,459,21387525,20260530
5637,11,16,LC_HI,37,1146,21387525,20260530
5638,11,16,LC_HI,38,2586,21387525,20260530
5639,11,16,LC_HI,39,1553,21387525,20260530
5640,11,16,LC_HI,40,2008,21387525,20260530
5641,11,16,LC_HI,41,1499,21387525,20260530
5642,11,16,LC_HI,42,2819,21387525,20260530
5643,11,16,LC_HI,43,2913,21387525,20260530
5644,11,16,LC_HI,44,232,21387525,20260530
5645,11,16,LC_HI,45,126,21387525,20260530
5646,11,16,LC_HI,46,638,21387525,20260530
5647,11,16,LC_HI,47,1823,21387525,20260530
5648,11,16,LC_HI,48,2929,21387525,20260530
5649,11,16,LC_HI,49,2357,21387525,20260530
5650,11,16,LC_HI,50,1559,21387525,20260530
5651,11,16,LC_HI,51,1988,21387525,20260530
5652,11,16,LC_HI,52,2513,21387525,20260530
5653,11,16,LC_HI,53,1468,21387525,20260530
5654,11,16,LC_HI,54,1051,21387525,20260530
5655,11,16,LC_HI,55,2569,21387525,20260530
5656,11,16,LC_HI,56,1468,21387525,20260530
5657,11,16,LC_HI,57,1963,21387525,20260530
5658,11,16,LC_HI,58,2858,21387525,20260530
5659,11,16,LC_HI,59,2083,21387525,20260530
5660,11,16,LC_HI,60,884,21387525,20260530
5661,11,16,LC_HI,61,841,21387525,20260530
5662,11,16,LC_HI,62,2231,21387525,20260530
5663,11,16,LC_HI,63,372,21387525,20260530
5664,11,16,LC_HI,64,2072,21387525,20260530
5665,11,16,LC_HI,65,2364,21387525,20260530
5666,11,16,LC_HI,66,1366,21387525,20260530
5667,11,16,LC_HI,67,1115,21387525,20260530
5668,11,16,LC_HI,68,864,21387525,20260530
5669,11,16,LC_HI,69,2959,21387525,20260530
5670,11,16,LC_HI,70,2062,21387525,20260530
5671,11,16,LC_HI,71,1840,21387525,20260530
5672,11,16,LC_HI,72,2929,21387525,20260530
5673,11,16,LC_HI,73,92,21387525,20260530
5674,11,16,LC_HI,74,626,21387525,20260530
5675,11,16,LC_HI,75,167,21387525,20260530
5676,11,16,LC_HI,76,2231,21387525,20260530
5677,11,16,LC_HI,77,1021,21387525,20260530
5678,11,16,LC_HI,78,792,21387525,20260530
5679,11,16,LC_HI,79,1527,21387525,20260530
5680,11,16,LC_HI,80,2985,21387525,20260530
5681,11,16,LC_HI,81,1582,21387525,20260530
5682,11,16,LC_HI,82,2959,21387525,20260530
5683,11,16,LC_HI,83,1434,21387525,20260530
5684,11,16,LC_HI,84,593,21387525,20260530
5685,11,16,LC_HI,85,1239,21387525,20260530
5686,11,16,LC_HI,86,466,21387525,20260530
5687,11,16,LC_HI,87,162,21387525,20260530
5688,11,16,LC_HI,88,2881,21387525,20260530
5689,11,16,LC_HI,89,71,21387525,20260530
5690,11,16,LC_HI,90,1315,21387525,20260530
5691,11,16,LC_HI,91,1559,21387525,20260530
5692,11,16,LC_HI,92,1315,21387525,20260530
5693,11,16,LC_HI,93,1366,21387525,20260530
5694,11,16,LC_HI,94,1406,21387525,20260530
5695,11,16,LC_HI,95,787,21387525,20260530
5696,11,16,LC_HI,96,935,21387525,20260530
5697,11,16,LC_HI,97,535,21387525,20260530
5698,11,16,LC_HI,98,167,21387525,20260530
5699,11,16,LC_HI,99,2858,21387525,20260530
5700,11,16,LC_HI,100,388,21387525,20260530
5701,11,16,LC_HI,101,1794,21387525,20260530
5702,11,16,LC_HI,102,518,21387525,20260530
5703,11,16,LC_HI,103,1629,21387525,20260530
5704,11,16,LC_HI,104,1355,21387525,20260530
5705,11,16,LC_HI,105,1069,21387525,20260530
5706,11,16,LC_HI,106,1559,21387525,20260530
5707,11,16,LC_HI,107,2420,21387525,20260530
5708,11,16,LC_HI,108,1725,21387525,20260530
5709,11,16,LC_HI,109,1329,21387525,20260530
5710,11,16,LC_HI,110,493,21387525,20260530
5711,11,16,LC_HI,111,2450,21387525,20260530
5712,11,16,LC_HI,112,2680,21387525,20260530
5713,11,16,LC_HI,113,1883,21387525,20260530
5714,11,16,LC_HI,114,1924,21387525,20260530
5715,11,16,LC_HI,115,182,21387525,20260530
5716,11,16,LC_HI,116,1405,21387525,20260530
5717,11,16,LC_HI,117,758,21387525,20260530
5718,11,16,LC_HI,118,2190,21387525,20260530
5719,11,16,LC_HI,119,2920,21387525,20260530
5720,11,16,LC_HI,120,378,21387525,20260530
5721,11,16,LC_HI,121,1794,21387525,20260530
5722,11,16,LC_HI,122,1629,21387525,20260530
5723,11,16,LC_HI,123,1629,21387525,20260530
5724,11,16,LC_HI,124,2699,21387525,20260530
5725,11,16,LC_HI,125,1952,21387525,20260530
5726,11,16,LC_HI,126,148,21387525,20260530
5727,11,16,LC_HI,127,794,21387525,20260530
5728,11,16,LC_HI,128,2978,21387525,20260530
5729,11,16,LC_HI,129,2130,21387525,20260530
5730,11,16,LC_HI,130,2920,21387525,20260530
5731,11,16,LC_HI,131,946,21387525,20260530
5732,11,16,LC_HI,132,203,21387525,20260530
5733,11,16,LC_HI,133,507,21387525,20260530
5734,11,16,LC_HI,134,518,21387525,20260530
5735,11,16,LC_HI,135,2802,21387525,20260530
5736,11,16,LC_HI,136,2830,21387525,20260530
5737,11,16,LC_HI,137,1823,21387525,20260530
5738,11,16,LC_HI,138,2402,21387525,20260530
5739,11,16,LC_HI,139,2083,21387525,20260530
5740,11,16,LC_HI,140,1419,21387525,20260530
5741,11,16,LC_HI,141,2031,21387525,20260530
5742,11,16,LC_HI,142,1304,21387525,20260530
5743,11,16,LC_HI,143,2319,21387525,20260530
5744,11,16,LC_HI,144,162,21387525,20260530
5745,11,16,LC_HI,145,1759,21387525,20260530
5746,11,16,LC_HI,146,178,21387525,20260530
5747,11,16,LC_HI,147,2319,21387525,20260530
5748,11,16,LC_HI,148,2569,21387525,20260530
5749,11,16,LC_HI,149,758,21387525,20260530
5750,11,16,LC_HI,150,1050,21387525,20260530
5751,11,16,LC_HI,151,1911,21387525,20260530
5752,11,16,LC_HI,152,1881,21387525,20260530
5753,11,16,LC_HI,153,1051,21387525,20260530
5754,11,16,LC_HI,154,1679,21387525,20260530
5755,11,16,LC_HI,155,2130,21387525,20260530
5756,11,16,LC_HI,156,208,21387525,20260530
5757,11,16,LC_HI,157,2190,21387525,20260530
5758,11,16,LC_HI,158,727,21387525,20260530
5759,11,16,LC_HI,159,2245,21387525,20260530
5760,11,16,LC_HI,160,126,21387525,20260530
5761,11,16,LC_HI,161,2724,21387525,20260530
5762,11,16,LC_HI,162,2130,21387525,20260530
5763,11,16,LC_HI,163,1739,21387525,20260530
5764,11,16,LC_HI,164,1239,21387525,20260530
5765,11,16,LC_HI,165,148,21387525,20260530
5766,11,16,LC_HI,166,559,21387525,20260530
5767,11,16,LC_HI,167,917,21387525,20260530
5768,11,16,LC_HI,168,2602,21387525,20260530
5769,11,16,LC_HI,169,2978,21387525,20260530
5770,11,16,LC_HI,170,1780,21387525,20260530
5771,11,16,LC_HI,171,2420,21387525,20260530
5772,11,16,LC_HI,172,1539,21387525,20260530
5773,11,16,LC_HI,173,1526,21387525,20260530
5774,11,16,LC_HI,174,898,21387525,20260530
5775,11,16,LC_HI,175,866,21387525,20260530
5776,11,16,LC_HI,176,2420,21387525,20260530
5777,11,16,LC_HI,177,325,21387525,20260530
5778,11,16,LC_HI,178,917,21387525,20260530
5779,11,16,LC_HI,179,560,21387525,20260530
5780,11,16,LC_HI,180,1284,21387525,20260530
5781,11,16,LC_HI,181,1069,21387525,20260530
5782,11,16,LC_HI,182,2858,21387525,20260530
5783,11,16,LC_HI,183,126,21387525,20260530
5784,11,16,LC_HI,184,958,21387525,20260530
5785,11,16,LC_HI,185,2151,21387525,20260530
5786,11,16,LC_HI,186,2114,21387525,20260530
5787,11,16,LC_HI,187,559,21387525,20260530
5788,11,16,LC_HI,188,1988,21387525,20260530
5789,11,16,LC_HI,189,586,21387525,20260530
5790,11,16,LC_HI,190,1780,21387525,20260530
5791,11,16,LC_HI,191,105,21387525,20260530
5792,11,16,LC_HI,192,1693,21387525,20260530
5793,11,16,LC_HI,193,2470,21387525,20260530
5794,11,16,LC_HI,194,450,21387525,20260530
5795,11,16,LC_HI,195,1796,21387525,20260530
5796,11,16,LC_HI,196,559,21387525,20260530
5797,11,16,LC_HI,197,450,21387525,20260530
5798,11,16,LC_HI,198,493,21387525,20260530
5799,11,16,LC_HI,199,1051,21387525,20260530
5800,11,16,LC_LI,0,1033,21387525,20260530
5801,11,16,LC_LI,1,226,21387525,20260530
5802,11,16,LC_LI,2,846,21387525,20260530
5803,11,16,LC_LI,3,1825,21387525,20260530
5804,11,16,LC_LI,4,968,21387525,20260530
5805,11,16,LC_LI,5,637,21387525,20260530
5806,11,16,LC_LI,6,1116,21387525,20260530
5807,11,16,LC_LI,7,1836,21387525,20260530
5808,11,16,LC_LI,8,1520,21387525,20260530
5809,11,16,LC_LI,9,2279,21387525,20260530
5810,11,16,LC_LI,10,772,21387525,20260530
5811,11,16,LC_LI,11,159,21387525,20260530
5812,11,16,LC_LI,12,2235,21387525,20260530
5813,11,16,LC_LI,13,2299,21387525,20260530
5814,11,16,LC_LI,14,968,21387525,20260530
5815,11,16,LC_LI,15,784,21387525,20260530
5816,11,16,LC_LI,16,1583,21387525,20260530
5817,11,16,LC_LI,17,514,21387525,20260530
5818,11,16,LC_LI,18,2189,21387525,20260530
5819,11,16,LC_LI,19,1843,21387525,20260530
5820,11,16,LC_LI,20,1958,21387525,20260530
5821,11,16,LC_LI,21,348,21387525,20260530
5822,11,16,LC_LI,22,2126,21387525,20260530
5823,11,16,LC_LI,23,1131,21387525,20260530
5824,11,16,LC_LI,24,1142,21387525,20260530
5825,11,16,LC_LI,25,2010,21387525,20260530
5826,11,16,LC_LI,26,1384,21387525,20260530
5827,11,16,LC_LI,27,796,21387525,20260530
5828,11,16,LC_LI,28,2,21387525,20260530
5829,11,16,LC_LI,29,1173,21387525,20260530
5830,11,16,LC_LI,30,809,21387525,20260530
5831,11,16,LC_LI,31,1292,21387525,20260530
5832,11,16,LC_LI,32,2134,21387525,20260530
5833,11,16,LC_LI,33,99,21387525,20260530
5834,11,16,LC_LI,34,1583,21387525,20260530
5835,11,16,LC_LI,35,1501,21387525,20260530
5836,11,16,LC_LI,36,99,21387525,20260530
5837,11,16,LC_LI,37,2322,21387525,20260530
5838,11,16,LC_LI,38,1058,21387525,20260530
5839,11,16,LC_LI,39,177,21387525,20260530
5840,11,16,LC_LI,40,2935,21387525,20260530
5841,11,16,LC_LI,41,2169,21387525,20260530
5842,11,16,LC_LI,42,2595,21387525,20260530
5843,11,16,LC_LI,43,1958,21387525,20260530
5844,11,16,LC_LI,44,1666,21387525,20260530
5845,11,16,LC_LI,45,2952,21387525,20260530
5846,11,16,LC_LI,46,645,21387525,20260530
5847,11,16,LC_LI,47,99,21387525,20260530
5848,11,16,LC_LI,48,1825,21387525,20260530
5849,11,16,LC_LI,49,303,21387525,20260530
5850,11,16,LC_LI,50,2235,21387525,20260530
5851,11,16,LC_LI,51,637,21387525,20260530
5852,11,16,LC_LI,52,2842,21387525,20260530
5853,11,16,LC_LI,53,149,21387525,20260530
5854,11,16,LC_LI,54,250,21387525,20260530
5855,11,16,LC_LI,55,2868,21387525,20260530
5856,11,16,LC_LI,56,2935,21387525,20260530
5857,11,16,LC_LI,57,1971,21387525,20260530
5858,11,16,LC_LI,58,235,21387525,20260530
5859,11,16,LC_LI,59,1176,21387525,20260530
5860,11,16,LC_LI,60,1486,21387525,20260530
5861,11,16,LC_LI,61,397,21387525,20260530
5862,11,16,LC_LI,62,2295,21387525,20260530
5863,11,16,LC_LI,63,349,21387525,20260530
5864,11,16,LC_LI,64,2009,21387525,20260530
5865,11,16,LC_LI,65,2010,21387525,20260530
5866,11,16,LC_LI,66,1709,21387525,20260530
5867,11,16,LC_LI,67,796,21387525,20260530
5868,11,16,LC_LI,68,428,21387525,20260530
5869,11,16,LC_LI,69,1709,21387525,20260530
5870,11,16,LC_LI,70,920,21387525,20260530
5871,11,16,LC_LI,71,848,21387525,20260530
5872,11,16,LC_LI,72,2335,21387525,20260530
5873,11,16,LC_LI,73,1129,21387525,20260530
5874,11,16,LC_LI,74,2524,21387525,20260530
5875,11,16,LC_LI,75,1129,21387525,20260530
5876,11,16,LC_LI,76,1589,21387525,20260530
5877,11,16,LC_LI,77,1858,21387525,20260530
5878,11,16,LC_LI,78,486,21387525,20260530
5879,11,16,LC_LI,79,2266,21387525,20260530
5880,11,16,LC_LI,80,1002,21387525,20260530
5881,11,16,LC_LI,81,2974,21387525,20260530
5882,11,16,LC_LI,82,556,21387525,20260530
5883,11,16,LC_LI,83,133,21387525,20260530
5884,11,16,LC_LI,84,1685,21387525,20260530
5885,11,16,LC_LI,85,1543,21387525,20260530
5886,11,16,LC_LI,86,2687,21387525,20260530
5887,11,16,LC_LI,87,2868,21387525,20260530
5888,11,16,LC_LI,88,811,21387525,20260530
5889,11,16,LC_LI,89,1066,21387525,20260530
5890,11,16,LC_LI,90,968,21387525,20260530
5891,11,16,LC_LI,91,1002,21387525,20260530
5892,11,16,LC_LI,92,1230,21387525,20260530
5893,11,16,LC_LI,93,1002,21387525,20260530
5894,11,16,LC_LI,94,903,21387525,20260530
5895,11,16,LC_LI,95,349,21387525,20260530
5896,11,16,LC_LI,96,1058,21387525,20260530
5897,11,16,LC_LI,97,2551,21387525,20260530
5898,11,16,LC_LI,98,2285,21387525,20260530
5899,11,16,LC_LI,99,2524,21387525,20260530
5900,11,16,LC_LI,100,1543,21387525,20260530
5901,11,16,LC_LI,101,532,21387525,20260530
5902,11,16,LC_LI,102,556,21387525,20260530
5903,11,16,LC_LI,103,1602,21387525,20260530
5904,11,16,LC_LI,104,2014,21387525,20260530
5905,11,16,LC_LI,105,303,21387525,20260530
5906,11,16,LC_LI,106,226,21387525,20260530
5907,11,16,LC_LI,107,2059,21387525,20260530
5908,11,16,LC_LI,108,2479,21387525,20260530
5909,11,16,LC_LI,109,1589,21387525,20260530
5910,11,16,LC_LI,110,2299,21387525,20260530
5911,11,16,LC_LI,111,556,21387525,20260530
5912,11,16,LC_LI,112,226,21387525,20260530
5913,11,16,LC_LI,113,968,21387525,20260530
5914,11,16,LC_LI,114,2672,21387525,20260530
5915,11,16,LC_LI,115,433,21387525,20260530
5916,11,16,LC_LI,116,2941,21387525,20260530
5917,11,16,LC_LI,117,774,21387525,20260530
5918,11,16,LC_LI,118,1870,21387525,20260530
5919,11,16,LC_LI,119,1923,21387525,20260530
5920,11,16,LC_LI,120,1230,21387525,20260530
5921,11,16,LC_LI,121,1685,21387525,20260530
5922,11,16,LC_LI,122,920,21387525,20260530
5923,11,16,LC_LI,123,2322,21387525,20260530
5924,11,16,LC_LI,124,1709,21387525,20260530
5925,11,16,LC_LI,125,1104,21387525,20260530
5926,11,16,LC_LI,126,1122,21387525,20260530
5927,11,16,LC_LI,127,1870,21387525,20260530
5928,11,16,LC_LI,128,2300,21387525,20260530
5929,11,16,LC_LI,129,846,21387525,20260530
5930,11,16,LC_LI,130,177,21387525,20260530
5931,11,16,LC_LI,131,1255,21387525,20260530
5932,11,16,LC_LI,132,2266,21387525,20260530
5933,11,16,LC_LI,133,513,21387525,20260530
5934,11,16,LC_LI,134,2322,21387525,20260530
5935,11,16,LC_LI,135,177,21387525,20260530
5936,11,16,LC_LI,136,551,21387525,20260530
5937,11,16,LC_LI,137,772,21387525,20260530
5938,11,16,LC_LI,138,2070,21387525,20260530
5939,11,16,LC_LI,139,2928,21387525,20260530
5940,11,16,LC_LI,140,2989,21387525,20260530
5941,11,16,LC_LI,141,1694,21387525,20260530
5942,11,16,LC_LI,142,2863,21387525,20260530
5943,11,16,LC_LI,143,250,21387525,20260530
5944,11,16,LC_LI,144,194,21387525,20260530
5945,11,16,LC_LI,145,2974,21387525,20260530
5946,11,16,LC_LI,146,1494,21387525,20260530
5947,11,16,LC_LI,147,116,21387525,20260530
5948,11,16,LC_LI,148,2757,21387525,20260530
5949,11,16,LC_LI,149,1900,21387525,20260530
5950,11,16,LC_LI,150,2285,21387525,20260530
5951,11,16,LC_LI,151,1653,21387525,20260530
5952,11,16,LC_LI,152,1900,21387525,20260530
5953,11,16,LC_LI,153,116,21387525,20260530
5954,11,16,LC_LI,154,2928,21387525,20260530
5955,11,16,LC_LI,155,556,21387525,20260530
5956,11,16,LC_LI,156,1871,21387525,20260530
5957,11,16,LC_LI,157,753,21387525,20260530
5958,11,16,LC_LI,158,1543,21387525,20260530
5959,11,16,LC_LI,159,1685,21387525,20260530
5960,11,16,LC_LI,160,2479,21387525,20260530
5961,11,16,LC_LI,161,1512,21387525,20260530
5962,11,16,LC_LI,162,903,21387525,20260530
5963,11,16,LC_LI,163,2138,21387525,20260530
5964,11,16,LC_LI,164,1666,21387525,20260530
5965,11,16,LC_LI,165,1064,21387525,20260530
5966,11,16,LC_LI,166,1033,21387525,20260530
5967,11,16,LC_LI,167,102,21387525,20260530
5968,11,16,LC_LI,168,1681,21387525,20260530
5969,11,16,LC_LI,169,376,21387525,20260530
5970,11,16,LC_LI,170,774,21387525,20260530
5971,11,16,LC_LI,171,514,21387525,20260530
5972,11,16,LC_LI,172,1836,21387525,20260530
5973,11,16,LC_LI,173,2577,21387525,20260530
5974,11,16,LC_LI,174,920,21387525,20260530
5975,11,16,LC_LI,175,1666,21387525,20260530
5976,11,16,LC_LI,176,2235,21387525,20260530
5977,11,16,LC_LI,177,645,21387525,20260530
5978,11,16,LC_LI,178,2928,21387525,20260530
5979,11,16,LC_LI,179,1520,21387525,20260530
5980,11,16,LC_LI,180,1635,21387525,20260530
5981,11,16,LC_LI,181,1858,21387525,20260530
5982,11,16,LC_LI,182,192,21387525,20260530
5983,11,16,LC_LI,183,2672,21387525,20260530
5984,11,16,LC_LI,184,633,21387525,20260530
5985,11,16,LC_LI,185,2335,21387525,20260530
5986,11,16,LC_LI,186,1002,21387525,20260530
5987,11,16,LC_LI,187,2266,21387525,20260530
5988,11,16,LC_LI,188,1870,21387525,20260530
5989,11,16,LC_LI,189,2863,21387525,20260530
5990,11,16,LC_LI,190,661,21387525,20260530
5991,11,16,LC_LI,191,868,21387525,20260530
5992,11,16,LC_LI,192,1502,21387525,20260530
5993,11,16,LC_LI,193,774,21387525,20260530
5994,11,16,LC_LI,194,1255,21387525,20260530
5995,11,16,LC_LI,195,803,21387525,20260530
5996,11,16,LC_LI,196,1486,21387525,20260530
5997,11,16,LC_LI,197,2530,21387525,20260530
5998,11,16,LC_LI,198,1666,21387525,20260530
5999,11,16,LC_LI,199,1486,21387525,20260530
